model_id,timing_mode,forecast_origin,forecast_origin_date,checkpoint_id,target_id,target_quarter,forecast_value,forecast_variance,forecast_sd,density_source,realized_value,forecast_error,revision_target_flag,converged,n_iter,loglikelihood,llf_initial,llf_final,llf_last_improvement,llf_relative_last_improvement,llf_history_length,numerical_guard_event_count,numerical_guard_events,n_indicators,estimation_window,rolling_window_quarters,training_window_start,excluded_quarters,initialization_seed,initialization_jitter
ar,exact,2022:Q1:pre_advance:exact,2022-04-27,pre_advance,A,2022:Q1,2.6927488969272595,,,not_available,-1.4142,4.10694889692726,False,True,0,,,,,,,0,{},14,expanding,40,1965:Q3,,4,0.02
bridge,exact,2022:Q1:pre_advance:exact,2022-04-27,pre_advance,A,2022:Q1,5.227154474813036,,,not_available,-1.4142,6.641354474813036,False,True,0,,,,,,,0,{},14,expanding,40,1965:Q3,,4,0.02
indicator_revision_only_dfm_kalman_em,exact,2022:Q1:pre_advance:exact,2022-04-27,pre_advance,A,2022:Q1,5.665319601784718,2.855471889214888,1.6898141581886714,model_implied_state_space,-1.4142,7.079519601784718,False,True,47,-3351.7815490700445,-5375.579240485901,-3351.7815490700445,0.2766465755344143,8.250574830275212e-05,47.0,0,{},14,expanding,40,1965:Q3,,4,0.02
joint_indicator_revision_dfm_full_kalman_em,exact,2022:Q1:pre_advance:exact,2022-04-27,pre_advance,A,2022:Q1,5.107738798840742,2.0394296394882097,1.428086005634188,model_implied_state_space,-1.4142,6.5219387988407425,False,True,48,-3322.214875151439,-5385.297540851761,-3322.214875151439,0.30141542175306313,9.06917238853309e-05,48.0,0,{},14,expanding,40,1965:Q3,,4,0.02
midas_umidas,exact,2022:Q1:pre_advance:exact,2022-04-27,pre_advance,A,2022:Q1,0.898970140648296,,,not_available,-1.4142,2.313170140648296,False,True,0,,,,,,,0,{},14,expanding,40,1965:Q3,,4,0.02
monthly_mixed_frequency_kalman_em,exact,2022:Q1:pre_advance:exact,2022-04-27,pre_advance,A,2022:Q1,5.436717824734956,4.014426515724943,2.0036033828392643,model_implied_state_space,-1.4142,6.850917824734956,False,True,30,-5981.90197003363,-8025.500464250411,-5981.90197003363,0.5979071422016204,9.992598888191642e-05,30.0,0,{},14,expanding,40,1965:Q3,,4,0.02
no_revision,exact,2022:Q1:pre_advance:exact,2022-04-27,pre_advance,A,2022:Q1,2.755991365930564,,,not_available,-1.4142,4.170191365930564,False,True,0,,,,,,,0,{},14,expanding,40,1965:Q3,,4,0.02
release_dfm,exact,2022:Q1:pre_advance:exact,2022-04-27,pre_advance,A,2022:Q1,6.932443866578865,,,not_available,-1.4142,8.346643866578864,False,True,0,,,,,,,0,{},14,expanding,40,1965:Q3,,4,0.02
revision_dfm_kalman_em,exact,2022:Q1:pre_advance:exact,2022-04-27,pre_advance,A,2022:Q1,5.730703457429193,2.6604766677856078,1.6310967683695556,model_implied_state_space,-1.4142,7.144903457429193,False,True,28,-1797.0337854098575,-3337.184387163301,-1797.0337854098575,0.16317227976446702,9.074216206778357e-05,28.0,0,{},14,expanding,40,1965:Q3,,4,0.02
standard_dfm,exact,2022:Q1:pre_advance:exact,2022-04-27,pre_advance,A,2022:Q1,6.932443866578865,,,not_available,-1.4142,8.346643866578864,False,True,0,,,,,,,0,{},14,expanding,40,1965:Q3,,4,0.02
ar,pseudo,2022:Q1:pre_advance:pseudo,2022-04-30,pre_advance,A,2022:Q1,2.6927488969272595,,,not_available,-1.4142,4.10694889692726,False,True,0,,,,,,,0,{},14,expanding,40,1965:Q3,,4,0.02
bridge,pseudo,2022:Q1:pre_advance:pseudo,2022-04-30,pre_advance,A,2022:Q1,5.395493194750157,,,not_available,-1.4142,6.8096931947501576,False,True,0,,,,,,,0,{},14,expanding,40,1965:Q3,,4,0.02
indicator_revision_only_dfm_kalman_em,pseudo,2022:Q1:pre_advance:pseudo,2022-04-30,pre_advance,A,2022:Q1,5.667773343249327,2.855300225503326,1.6897633637593537,model_implied_state_space,-1.4142,7.081973343249327,False,True,47,-3351.5402539283386,-5375.326340714035,-3351.5402539283386,0.2813065793984606,8.390144668356902e-05,47.0,0,{},14,expanding,40,1965:Q3,,4,0.02
joint_indicator_revision_dfm_full_kalman_em,pseudo,2022:Q1:pre_advance:pseudo,2022-04-30,pre_advance,A,2022:Q1,5.110021758466667,2.039160482814957,1.4279917656677708,model_implied_state_space,-1.4142,6.524221758466667,False,True,48,-3321.976254811144,-5385.044668173272,-3321.976254811144,0.3069065609183781,9.235040952443775e-05,48.0,0,{},14,expanding,40,1965:Q3,,4,0.02
midas_umidas,pseudo,2022:Q1:pre_advance:pseudo,2022-04-30,pre_advance,A,2022:Q1,0.8363165284230893,,,not_available,-1.4142,2.2505165284230895,False,True,0,,,,,,,0,{},14,expanding,40,1965:Q3,,4,0.02
monthly_mixed_frequency_kalman_em,pseudo,2022:Q1:pre_advance:pseudo,2022-04-30,pre_advance,A,2022:Q1,5.440082703562381,4.014238510924995,2.0035564656193237,model_implied_state_space,-1.4142,6.854282703562381,False,True,30,-5983.494801796293,-8026.848095630857,-5983.494801796293,0.5982077376793313,9.994961427105885e-05,30.0,0,{},14,expanding,40,1965:Q3,,4,0.02
no_revision,pseudo,2022:Q1:pre_advance:pseudo,2022-04-30,pre_advance,A,2022:Q1,2.755991365930564,,,not_available,-1.4142,4.170191365930564,False,True,0,,,,,,,0,{},14,expanding,40,1965:Q3,,4,0.02
release_dfm,pseudo,2022:Q1:pre_advance:pseudo,2022-04-30,pre_advance,A,2022:Q1,7.007425291976666,,,not_available,-1.4142,8.421625291976666,False,True,0,,,,,,,0,{},14,expanding,40,1965:Q3,,4,0.02
revision_dfm_kalman_em,pseudo,2022:Q1:pre_advance:pseudo,2022-04-30,pre_advance,A,2022:Q1,5.7483181993937364,2.660428128016502,1.6310818888138332,model_implied_state_space,-1.4142,7.162518199393737,False,True,28,-1796.7516902998816,-3337.0480702583454,-1796.7516902998816,0.16310529066709023,9.071914368084176e-05,28.0,0,{},14,expanding,40,1965:Q3,,4,0.02
standard_dfm,pseudo,2022:Q1:pre_advance:pseudo,2022-04-30,pre_advance,A,2022:Q1,7.007425291976666,,,not_available,-1.4142,8.421625291976666,False,True,0,,,,,,,0,{},14,expanding,40,1965:Q3,,4,0.02
ar,exact,2022:Q1:pre_second:exact,2022-05-25,pre_second,S,2022:Q1,2.8477678735606102,,,not_available,-1.5101,4.35786787356061,False,True,0,,,,,,,0,{},14,expanding,40,1965:Q3,,4,0.02
bridge,exact,2022:Q1:pre_second:exact,2022-05-25,pre_second,S,2022:Q1,5.242373606153068,,,not_available,-1.5101,6.7524736061530675,False,True,0,,,,,,,0,{},14,expanding,40,1965:Q3,,4,0.02
indicator_revision_only_dfm_kalman_em,exact,2022:Q1:pre_second:exact,2022-05-25,pre_second,S,2022:Q1,-0.5300344131534174,0.36973067758814365,0.6080548310704748,model_implied_state_space,-1.5101,0.9800655868465826,False,True,46,-3360.4405334616654,-5376.648277761533,-3360.4405334616654,0.3315049491352511,9.861018098418187e-05,46.0,0,{},14,expanding,40,1965:Q3,,4,0.02
joint_indicator_revision_dfm_full_kalman_em,exact,2022:Q1:pre_second:exact,2022-05-25,pre_second,S,2022:Q1,-1.0922508537280868,0.35945918761353246,0.5995491536258996,model_implied_state_space,-1.5101,0.41784914627191316,False,True,47,-3331.7681808982443,-5386.421863501712,-3331.7681808982443,0.27808609041221644,8.343301236663057e-05,47.0,0,{},14,expanding,40,1965:Q3,,4,0.02
midas_umidas,exact,2022:Q1:pre_second:exact,2022-05-25,pre_second,S,2022:Q1,-2.0627838654587087,,,not_available,-1.5101,-0.5526838654587087,False,True,0,,,,,,,0,{},14,expanding,40,1965:Q3,,4,0.02
monthly_mixed_frequency_kalman_em,exact,2022:Q1:pre_second:exact,2022-05-25,pre_second,S,2022:Q1,-0.8525822491329285,0.3627429036452901,0.6022814156565767,model_implied_state_space,-1.5101,0.6575177508670715,False,True,30,-6002.810123287169,-8069.8821851924995,-6002.810123287169,0.5860690577828791,9.760666002187911e-05,30.0,0,{},14,expanding,40,1965:Q3,,4,0.02
no_revision,exact,2022:Q1:pre_second:exact,2022-05-25,pre_second,S,2022:Q1,-1.4142,,,not_available,-1.5101,0.0959000000000001,False,True,0,,,,,,,0,{},14,expanding,40,1965:Q3,,4,0.02
release_dfm,exact,2022:Q1:pre_second:exact,2022-05-25,pre_second,S,2022:Q1,-1.4208731240480543,,,not_available,-1.5101,0.08922687595194567,False,True,0,,,,,,,0,{},14,expanding,40,1965:Q3,,4,0.02
revision_dfm_kalman_em,exact,2022:Q1:pre_second:exact,2022-05-25,pre_second,S,2022:Q1,-1.6742393386586372,0.3948422149351645,0.6283647149030287,model_implied_state_space,-1.5101,-0.16413933865863717,False,True,28,-1799.7104347601266,-3338.068585532218,-1799.7104347601266,0.17751485141707235,9.857073642775097e-05,28.0,0,{},14,expanding,40,1965:Q3,,4,0.02
standard_dfm,exact,2022:Q1:pre_second:exact,2022-05-25,pre_second,S,2022:Q1,7.4996192020750065,,,not_available,-1.5101,9.009719202075006,False,True,0,,,,,,,0,{},14,expanding,40,1965:Q3,,4,0.02
ar,pseudo,2022:Q1:pre_second:pseudo,2022-05-31,pre_second,S,2022:Q1,2.8477678735606102,,,not_available,-1.5101,4.35786787356061,False,True,0,,,,,,,0,{},14,expanding,40,1965:Q3,,4,0.02
bridge,pseudo,2022:Q1:pre_second:pseudo,2022-05-31,pre_second,S,2022:Q1,5.280994308497148,,,not_available,-1.5101,6.791094308497147,False,True,0,,,,,,,0,{},14,expanding,40,1965:Q3,,4,0.02
indicator_revision_only_dfm_kalman_em,pseudo,2022:Q1:pre_second:pseudo,2022-05-31,pre_second,S,2022:Q1,-0.5299699931173674,0.36972664157170243,0.6080515122682473,model_implied_state_space,-1.5101,0.9801300068826326,False,True,46,-3360.0161098707,-5376.425560343137,-3360.0161098707,0.3260384958298346,9.69965214604159e-05,46.0,0,{},14,expanding,40,1965:Q3,,4,0.02
joint_indicator_revision_dfm_full_kalman_em,pseudo,2022:Q1:pre_second:pseudo,2022-05-31,pre_second,S,2022:Q1,-1.0922171398930547,0.35946773438043117,0.5995562812450814,model_implied_state_space,-1.5101,0.4178828601069453,False,True,47,-3331.348016199754,-5386.199151757276,-3331.348016199754,0.2739742196649786,8.220980970917083e-05,47.0,0,{},14,expanding,40,1965:Q3,,4,0.02
midas_umidas,pseudo,2022:Q1:pre_second:pseudo,2022-05-31,pre_second,S,2022:Q1,-2.002622870635724,,,not_available,-1.5101,-0.4925228706357241,False,True,0,,,,,,,0,{},14,expanding,40,1965:Q3,,4,0.02
monthly_mixed_frequency_kalman_em,pseudo,2022:Q1:pre_second:pseudo,2022-05-31,pre_second,S,2022:Q1,-0.8525566846783996,0.36274099998932463,0.60227983528367,model_implied_state_space,-1.5101,0.6575433153216004,False,True,30,-6004.001963502234,-8071.104270468266,-6004.001963502234,0.5862323684250441,9.761447993189536e-05,30.0,0,{},14,expanding,40,1965:Q3,,4,0.02
no_revision,pseudo,2022:Q1:pre_second:pseudo,2022-05-31,pre_second,S,2022:Q1,-1.4142,,,not_available,-1.5101,0.0959000000000001,False,True,0,,,,,,,0,{},14,expanding,40,1965:Q3,,4,0.02
release_dfm,pseudo,2022:Q1:pre_second:pseudo,2022-05-31,pre_second,S,2022:Q1,-1.4211484299026909,,,not_available,-1.5101,0.08895157009730914,False,True,0,,,,,,,0,{},14,expanding,40,1965:Q3,,4,0.02
revision_dfm_kalman_em,pseudo,2022:Q1:pre_second:pseudo,2022-05-31,pre_second,S,2022:Q1,-1.6725470040636994,0.3948714266271888,0.6283879586904804,model_implied_state_space,-1.5101,-0.16244700406369939,False,True,28,-1799.4372422844915,-3337.9229098288292,-1799.4372422844915,0.1774328050528311,9.854013049405331e-05,28.0,0,{},14,expanding,40,1965:Q3,,4,0.02
standard_dfm,pseudo,2022:Q1:pre_second:pseudo,2022-05-31,pre_second,S,2022:Q1,7.513546048743893,,,not_available,-1.5101,9.023646048743894,False,True,0,,,,,,,0,{},14,expanding,40,1965:Q3,,4,0.02
ar,exact,2022:Q1:pre_third:exact,2022-06-28,pre_third,T,2022:Q1,2.898318076296747,,,not_available,-1.574,4.472318076296747,False,True,0,,,,,,,0,{},14,expanding,40,1965:Q3,,4,0.02
bridge,exact,2022:Q1:pre_third:exact,2022-06-28,pre_third,T,2022:Q1,4.397170357973337,,,not_available,-1.574,5.971170357973337,False,True,0,,,,,,,0,{},14,expanding,40,1965:Q3,,4,0.02
indicator_revision_only_dfm_kalman_em,exact,2022:Q1:pre_third:exact,2022-06-28,pre_third,T,2022:Q1,-1.4661752041658849,0.14439218169748283,0.3799897126205956,model_implied_state_space,-1.574,0.1078247958341152,False,True,44,-3361.8150499269464,-5377.99327659768,-3361.8150499269464,0.2843712082676575,8.455628949906809e-05,44.0,0,{},14,expanding,40,1965:Q3,,4,0.02
joint_indicator_revision_dfm_full_kalman_em,exact,2022:Q1:pre_third:exact,2022-06-28,pre_third,T,2022:Q1,-1.5010649808729903,0.14122871155505967,0.3758040866662571,model_implied_state_space,-1.574,0.07293501912700973,False,True,45,-3332.210233425506,-5387.729348715913,-3332.210233425506,0.2680409779454749,8.040879702251626e-05,45.0,0,{},14,expanding,40,1965:Q3,,4,0.02
midas_umidas,exact,2022:Q1:pre_third:exact,2022-06-28,pre_third,T,2022:Q1,-3.3350531628337814,,,not_available,-1.574,-1.7610531628337813,False,True,0,,,,,,,0,{},14,expanding,40,1965:Q3,,4,0.02
monthly_mixed_frequency_kalman_em,exact,2022:Q1:pre_third:exact,2022-06-28,pre_third,T,2022:Q1,-1.4368964030032974,0.14585643601771192,0.3819115552293645,model_implied_state_space,-1.574,0.13710359699670271,False,True,30,-6047.61711568817,-8091.353649054499,-6047.61711568817,0.5739446646639408,9.487957297722781e-05,30.0,0,{},14,expanding,40,1965:Q3,,4,0.02
no_revision,exact,2022:Q1:pre_third:exact,2022-06-28,pre_third,T,2022:Q1,-1.5101,,,not_available,-1.574,0.06390000000000007,False,True,0,,,,,,,0,{},14,expanding,40,1965:Q3,,4,0.02
release_dfm,exact,2022:Q1:pre_third:exact,2022-06-28,pre_third,T,2022:Q1,-1.486438038947477,,,not_available,-1.574,0.08756196105252312,False,True,0,,,,,,,0,{},14,expanding,40,1965:Q3,,4,0.02
revision_dfm_kalman_em,exact,2022:Q1:pre_third:exact,2022-06-28,pre_third,T,2022:Q1,-1.5299344306001084,0.14232198744837646,0.3772558646971263,model_implied_state_space,-1.574,0.0440655693998917,False,True,28,-1804.6153663191142,-3340.2007192547244,-1804.6153663191142,0.16875275543361568,9.345123464708523e-05,28.0,0,{},14,expanding,40,1965:Q3,,4,0.02
standard_dfm,exact,2022:Q1:pre_third:exact,2022-06-28,pre_third,T,2022:Q1,7.165980600046931,,,not_available,-1.574,8.73998060004693,False,True,0,,,,,,,0,{},14,expanding,40,1965:Q3,,4,0.02
ar,pseudo,2022:Q1:pre_third:pseudo,2022-06-30,pre_third,T,2022:Q1,2.898318076296747,,,not_available,-1.574,4.472318076296747,False,True,0,,,,,,,0,{},14,expanding,40,1965:Q3,,4,0.02
bridge,pseudo,2022:Q1:pre_third:pseudo,2022-06-30,pre_third,T,2022:Q1,4.378457424370961,,,not_available,-1.574,5.9524574243709605,False,True,0,,,,,,,0,{},14,expanding,40,1965:Q3,,4,0.02
indicator_revision_only_dfm_kalman_em,pseudo,2022:Q1:pre_third:pseudo,2022-06-30,pre_third,T,2022:Q1,-1.4661756684498366,0.144392178423247,0.3799897083122739,model_implied_state_space,-1.574,0.10782433155016347,False,True,44,-3361.8361997000034,-5378.01665166626,-3361.8361997000034,0.2841091405057341,8.447784034335821e-05,44.0,0,{},14,expanding,40,1965:Q3,,4,0.02
joint_indicator_revision_dfm_full_kalman_em,pseudo,2022:Q1:pre_third:pseudo,2022-06-30,pre_third,T,2022:Q1,-1.501063982218728,0.1412287265268777,0.37580410658596813,model_implied_state_space,-1.574,0.07293601778127212,False,True,45,-3332.2313729259986,-5387.752721205325,-3332.2313729259986,0.2677860231028717,8.03318106092735e-05,45.0,0,{},14,expanding,40,1965:Q3,,4,0.02
midas_umidas,pseudo,2022:Q1:pre_third:pseudo,2022-06-30,pre_third,T,2022:Q1,-3.355274824742177,,,not_available,-1.574,-1.7812748247421768,False,True,0,,,,,,,0,{},14,expanding,40,1965:Q3,,4,0.02
monthly_mixed_frequency_kalman_em,pseudo,2022:Q1:pre_third:pseudo,2022-06-30,pre_third,T,2022:Q1,-1.4369231697784928,0.14585705913390706,0.3819123710144869,model_implied_state_space,-1.574,0.1370768302215073,False,True,30,-6048.941863502767,-8092.68867326132,-6048.941863502767,0.574037395290361,9.487412390820404e-05,30.0,0,{},14,expanding,40,1965:Q3,,4,0.02
no_revision,pseudo,2022:Q1:pre_third:pseudo,2022-06-30,pre_third,T,2022:Q1,-1.5101,,,not_available,-1.574,0.06390000000000007,False,True,0,,,,,,,0,{},14,expanding,40,1965:Q3,,4,0.02
release_dfm,pseudo,2022:Q1:pre_third:pseudo,2022-06-30,pre_third,T,2022:Q1,-1.4863797038973554,,,not_available,-1.574,0.08762029610264466,False,True,0,,,,,,,0,{},14,expanding,40,1965:Q3,,4,0.02
revision_dfm_kalman_em,pseudo,2022:Q1:pre_third:pseudo,2022-06-30,pre_third,T,2022:Q1,-1.5299251597523051,0.1423219662506215,0.3772558366024593,model_implied_state_space,-1.574,0.044074840247694924,False,True,28,-1804.6329925521386,-3340.213776799792,-1804.6329925521386,0.16875251077999565,9.345018701048819e-05,28.0,0,{},14,expanding,40,1965:Q3,,4,0.02
standard_dfm,pseudo,2022:Q1:pre_third:pseudo,2022-06-30,pre_third,T,2022:Q1,7.158311621786247,,,not_available,-1.574,8.732311621786247,False,True,0,,,,,,,0,{},14,expanding,40,1965:Q3,,4,0.02
ar,exact,2022:Q2:pre_advance:exact,2022-07-27,pre_advance,A,2022:Q2,2.353392101797345,,,not_available,-0.9335,3.286892101797345,False,True,0,,,,,,,0,{},14,expanding,40,1965:Q3,,4,0.02
bridge,exact,2022:Q2:pre_advance:exact,2022-07-27,pre_advance,A,2022:Q2,1.979721387940912,,,not_available,-0.9335,2.913221387940912,False,True,0,,,,,,,0,{},14,expanding,40,1965:Q3,,4,0.02
indicator_revision_only_dfm_kalman_em,exact,2022:Q2:pre_advance:exact,2022-07-27,pre_advance,A,2022:Q2,3.582829732903634,3.2291546849845565,1.7969848872443408,model_implied_state_space,-0.9335,4.516329732903634,False,True,42,-3402.186162820762,-5419.94600613852,-3402.186162820762,0.2825822992326721,8.302773446585865e-05,42.0,0,{},14,expanding,40,1965:Q3,,4,0.02
joint_indicator_revision_dfm_full_kalman_em,exact,2022:Q2:pre_advance:exact,2022-07-27,pre_advance,A,2022:Q2,3.6679322657488327,2.352820508294029,1.5338906441770968,model_implied_state_space,-0.9335,4.601432265748833,False,True,43,-3372.5898473668435,-5429.684013906148,-3372.5898473668435,0.2654173257274124,7.866885355308729e-05,43.0,0,{},14,expanding,40,1965:Q3,,4,0.02
midas_umidas,exact,2022:Q2:pre_advance:exact,2022-07-27,pre_advance,A,2022:Q2,8.67252640200315,,,not_available,-0.9335,9.60602640200315,False,True,0,,,,,,,0,{},14,expanding,40,1965:Q3,,4,0.02
monthly_mixed_frequency_kalman_em,exact,2022:Q2:pre_advance:exact,2022-07-27,pre_advance,A,2022:Q2,4.173306926031129,4.4859088166037475,2.1179964156258024,model_implied_state_space,-0.9335,5.10680692603113,False,True,30,-6063.46395130229,-8113.248108912679,-6063.46395130229,0.5797759539073013,9.559303773883749e-05,30.0,0,{},14,expanding,40,1965:Q3,,4,0.02
no_revision,exact,2022:Q2:pre_advance:exact,2022-07-27,pre_advance,A,2022:Q2,2.6426962497979356,,,not_available,-0.9335,3.5761962497979356,False,True,0,,,,,,,0,{},14,expanding,40,1965:Q3,,4,0.02
release_dfm,exact,2022:Q2:pre_advance:exact,2022-07-27,pre_advance,A,2022:Q2,3.91140028943172,,,not_available,-0.9335,4.84490028943172,False,True,0,,,,,,,0,{},14,expanding,40,1965:Q3,,4,0.02
revision_dfm_kalman_em,exact,2022:Q2:pre_advance:exact,2022-07-27,pre_advance,A,2022:Q2,3.4763366967904115,2.998516946802046,1.731622634063798,model_implied_state_space,-0.9335,4.4098366967904115,False,True,24,-1823.8067784918321,-3382.398842868173,-1823.8067784918321,0.174662979798768,9.570671560250116e-05,24.0,0,{},14,expanding,40,1965:Q3,,4,0.02
standard_dfm,exact,2022:Q2:pre_advance:exact,2022-07-27,pre_advance,A,2022:Q2,3.91140028943172,,,not_available,-0.9335,4.84490028943172,False,True,0,,,,,,,0,{},14,expanding,40,1965:Q3,,4,0.02
ar,pseudo,2022:Q2:pre_advance:pseudo,2022-07-31,pre_advance,A,2022:Q2,2.353392101797345,,,not_available,-0.9335,3.286892101797345,False,True,0,,,,,,,0,{},14,expanding,40,1965:Q3,,4,0.02
bridge,pseudo,2022:Q2:pre_advance:pseudo,2022-07-31,pre_advance,A,2022:Q2,1.9609501054029925,,,not_available,-0.9335,2.8944501054029925,False,True,0,,,,,,,0,{},14,expanding,40,1965:Q3,,4,0.02
indicator_revision_only_dfm_kalman_em,pseudo,2022:Q2:pre_advance:pseudo,2022-07-31,pre_advance,A,2022:Q2,3.5816272594840086,3.229163254186277,1.7969872715704687,model_implied_state_space,-0.9335,4.515127259484009,False,True,42,-3402.202124009902,-5419.962671567169,-3402.202124009902,0.2822904837667011,8.294161200344353e-05,42.0,0,{},14,expanding,40,1965:Q3,,4,0.02
joint_indicator_revision_dfm_full_kalman_em,pseudo,2022:Q2:pre_advance:pseudo,2022-07-31,pre_advance,A,2022:Q2,3.666864029160335,2.352821199065327,1.5338908693467495,model_implied_state_space,-0.9335,4.600364029160335,False,True,43,-3372.605666445483,-5429.70067589941,-3372.605666445483,0.26517594748429474,7.859694691104856e-05,43.0,0,{},14,expanding,40,1965:Q3,,4,0.02
midas_umidas,pseudo,2022:Q2:pre_advance:pseudo,2022-07-31,pre_advance,A,2022:Q2,8.648029966920248,,,not_available,-0.9335,9.581529966920248,False,True,0,,,,,,,0,{},14,expanding,40,1965:Q3,,4,0.02
monthly_mixed_frequency_kalman_em,pseudo,2022:Q2:pre_advance:pseudo,2022-07-31,pre_advance,A,2022:Q2,4.172975919145955,4.486038734246463,2.1180270853429763,model_implied_state_space,-0.9335,5.1064759191459554,False,True,30,-6064.65760649996,-8114.616257641953,-6064.65760649996,0.5794813835627792,9.552567352176424e-05,30.0,0,{},14,expanding,40,1965:Q3,,4,0.02
no_revision,pseudo,2022:Q2:pre_advance:pseudo,2022-07-31,pre_advance,A,2022:Q2,2.6426962497979356,,,not_available,-0.9335,3.5761962497979356,False,True,0,,,,,,,0,{},14,expanding,40,1965:Q3,,4,0.02
release_dfm,pseudo,2022:Q2:pre_advance:pseudo,2022-07-31,pre_advance,A,2022:Q2,3.9036356193801227,,,not_available,-0.9335,4.837135619380122,False,True,0,,,,,,,0,{},14,expanding,40,1965:Q3,,4,0.02
revision_dfm_kalman_em,pseudo,2022:Q2:pre_advance:pseudo,2022-07-31,pre_advance,A,2022:Q2,3.47415733198535,2.998508337730162,1.7316201482225142,model_implied_state_space,-0.9335,4.40765733198535,False,True,24,-1823.8220283556186,-3382.4050619188192,-1823.8220283556186,0.17466661973253395,9.570791016412939e-05,24.0,0,{},14,expanding,40,1965:Q3,,4,0.02
standard_dfm,pseudo,2022:Q2:pre_advance:pseudo,2022-07-31,pre_advance,A,2022:Q2,3.9036356193801227,,,not_available,-0.9335,4.837135619380122,False,True,0,,,,,,,0,{},14,expanding,40,1965:Q3,,4,0.02
ar,exact,2022:Q2:pre_second:exact,2022-08-24,pre_second,S,2022:Q2,2.3786224080862364,,,not_available,-0.5746,2.953222408086236,False,True,0,,,,,,,0,{},14,expanding,40,1965:Q3,,4,0.02
bridge,exact,2022:Q2:pre_second:exact,2022-08-24,pre_second,S,2022:Q2,2.1683720273234908,,,not_available,-0.5746,2.742972027323491,False,True,0,,,,,,,0,{},14,expanding,40,1965:Q3,,4,0.02
indicator_revision_only_dfm_kalman_em,exact,2022:Q2:pre_second:exact,2022-08-24,pre_second,S,2022:Q2,-0.47514366265774566,0.3692157487811199,0.6076312605364539,model_implied_state_space,-0.5746,0.09945633734225434,False,True,44,-3406.1327767649823,-5445.992951893897,-3406.1327767649823,0.3234890101716701,9.493563084604414e-05,44.0,0,{},14,expanding,40,1965:Q3,,4,0.02
joint_indicator_revision_dfm_full_kalman_em,exact,2022:Q2:pre_second:exact,2022-08-24,pre_second,S,2022:Q2,-1.057710606218373,0.3560796026333662,0.5967240590368099,model_implied_state_space,-0.5746,-0.483110606218373,False,True,46,-3377.919199998677,-5456.104354635714,-3377.919199998677,0.2632042608524898,7.788992405994876e-05,46.0,0,{},14,expanding,40,1965:Q3,,4,0.02
midas_umidas,exact,2022:Q2:pre_second:exact,2022-08-24,pre_second,S,2022:Q2,-0.9485851893708985,,,not_available,-0.5746,-0.37398518937089853,False,True,0,,,,,,,0,{},14,expanding,40,1965:Q3,,4,0.02
monthly_mixed_frequency_kalman_em,exact,2022:Q2:pre_second:exact,2022-08-24,pre_second,S,2022:Q2,-0.5483266036020704,0.3626166430203687,0.6021765879045521,model_implied_state_space,-0.5746,0.026273396397929583,False,True,30,-6083.510901848554,-8134.028902135234,-6083.510901848554,0.5524916390013459,9.079472197325693e-05,30.0,0,{},14,expanding,40,1965:Q3,,4,0.02
no_revision,exact,2022:Q2:pre_second:exact,2022-08-24,pre_second,S,2022:Q2,-0.9335,,,not_available,-0.5746,-0.3589,False,True,0,,,,,,,0,{},14,expanding,40,1965:Q3,,4,0.02
release_dfm,exact,2022:Q2:pre_second:exact,2022-08-24,pre_second,S,2022:Q2,-0.8948544946442246,,,not_available,-0.5746,-0.3202544946442246,False,True,0,,,,,,,0,{},14,expanding,40,1965:Q3,,4,0.02
revision_dfm_kalman_em,exact,2022:Q2:pre_second:exact,2022-08-24,pre_second,S,2022:Q2,-0.657681020405799,0.3950613637844548,0.6285390710086802,model_implied_state_space,-0.5746,-0.08308102040579901,False,True,28,-1826.724625917181,-3364.2237931831064,-1826.724625917181,0.1734855738150145,9.490987091917518e-05,28.0,0,{},14,expanding,40,1965:Q3,,4,0.02
standard_dfm,exact,2022:Q2:pre_second:exact,2022-08-24,pre_second,S,2022:Q2,4.085303056804742,,,not_available,-0.5746,4.659903056804742,False,True,0,,,,,,,0,{},14,expanding,40,1965:Q3,,4,0.02
ar,pseudo,2022:Q2:pre_second:pseudo,2022-08-31,pre_second,S,2022:Q2,2.3786224080862364,,,not_available,-0.5746,2.953222408086236,False,True,0,,,,,,,0,{},14,expanding,40,1965:Q3,,4,0.02
bridge,pseudo,2022:Q2:pre_second:pseudo,2022-08-31,pre_second,S,2022:Q2,2.136110002617488,,,not_available,-0.5746,2.710710002617488,False,True,0,,,,,,,0,{},14,expanding,40,1965:Q3,,4,0.02
indicator_revision_only_dfm_kalman_em,pseudo,2022:Q2:pre_second:pseudo,2022-08-31,pre_second,S,2022:Q2,-0.4751771098482531,0.36921542677036606,0.6076309955642207,model_implied_state_space,-0.5746,0.09942289015174688,False,True,44,-3406.1561271271466,-5446.010467389221,-3406.1561271271466,0.3233990605344843,9.490858508438526e-05,44.0,0,{},14,expanding,40,1965:Q3,,4,0.02
joint_indicator_revision_dfm_full_kalman_em,pseudo,2022:Q2:pre_second:pseudo,2022-08-31,pre_second,S,2022:Q2,-1.0576419655835587,0.3560807996109388,0.5967250619933261,model_implied_state_space,-0.5746,-0.4830419655835587,False,True,46,-3377.942836432564,-5456.121878463856,-3377.942836432564,0.26320153235428734,7.788857187080459e-05,46.0,0,{},14,expanding,40,1965:Q3,,4,0.02
midas_umidas,pseudo,2022:Q2:pre_second:pseudo,2022-08-31,pre_second,S,2022:Q2,-0.9291503518267148,,,not_available,-0.5746,-0.3545503518267148,False,True,0,,,,,,,0,{},14,expanding,40,1965:Q3,,4,0.02
monthly_mixed_frequency_kalman_em,pseudo,2022:Q2:pre_second:pseudo,2022-08-31,pre_second,S,2022:Q2,-0.5483616390799941,0.3626152289767118,0.602175413792951,model_implied_state_space,-0.5746,0.026238360920005865,False,True,30,-6084.814599068977,-8135.348329802102,-6084.814599068977,0.5526579144934658,9.080259063554677e-05,30.0,0,{},14,expanding,40,1965:Q3,,4,0.02
no_revision,pseudo,2022:Q2:pre_second:pseudo,2022-08-31,pre_second,S,2022:Q2,-0.9335,,,not_available,-0.5746,-0.3589,False,True,0,,,,,,,0,{},14,expanding,40,1965:Q3,,4,0.02
release_dfm,pseudo,2022:Q2:pre_second:pseudo,2022-08-31,pre_second,S,2022:Q2,-0.8946645067178084,,,not_available,-0.5746,-0.3200645067178084,False,True,0,,,,,,,0,{},14,expanding,40,1965:Q3,,4,0.02
revision_dfm_kalman_em,pseudo,2022:Q2:pre_second:pseudo,2022-08-31,pre_second,S,2022:Q2,-0.6575145477649191,0.39506259263212057,0.6285400485507033,model_implied_state_space,-0.5746,-0.08291454776491913,False,True,28,-1826.7463493165003,-3364.2346899112817,-1826.7463493165003,0.1735114980895105,9.492292403463861e-05,28.0,0,{},14,expanding,40,1965:Q3,,4,0.02
standard_dfm,pseudo,2022:Q2:pre_second:pseudo,2022-08-31,pre_second,S,2022:Q2,4.071126280529476,,,not_available,-0.5746,4.645726280529476,False,True,0,,,,,,,0,{},14,expanding,40,1965:Q3,,4,0.02
ar,exact,2022:Q2:pre_third:exact,2022-09-28,pre_third,T,2022:Q2,2.450535669555063,,,not_available,-0.5769,3.0274356695550626,False,True,0,,,,,,,0,{},14,expanding,40,1965:Q3,,4,0.02
bridge,exact,2022:Q2:pre_third:exact,2022-09-28,pre_third,T,2022:Q2,2.702356887795318,,,not_available,-0.5769,3.2792568877953183,False,True,0,,,,,,,0,{},14,expanding,40,1965:Q3,,4,0.02
indicator_revision_only_dfm_kalman_em,exact,2022:Q2:pre_third:exact,2022-09-28,pre_third,T,2022:Q2,-0.5700861735838543,0.14375810469662925,0.37915446020933113,model_implied_state_space,-0.5769,0.006813826416145696,False,True,42,-3405.031195324288,-5422.764453533464,-3405.031195324288,0.2799807601577413,8.219471025532646e-05,42.0,0,{},14,expanding,40,1965:Q3,,4,0.02
joint_indicator_revision_dfm_full_kalman_em,exact,2022:Q2:pre_third:exact,2022-09-28,pre_third,T,2022:Q2,-0.6187572909518684,0.1406955965300455,0.37509411689607386,model_implied_state_space,-0.5769,-0.04185729095186841,False,True,42,-3377.591751575471,-5432.53053051888,-3377.591751575471,0.3338745633413964,9.881086483780459e-05,42.0,0,{},14,expanding,40,1965:Q3,,4,0.02
midas_umidas,exact,2022:Q2:pre_third:exact,2022-09-28,pre_third,T,2022:Q2,-1.7119218463030608,,,not_available,-0.5769,-1.1350218463030608,False,True,0,,,,,,,0,{},14,expanding,40,1965:Q3,,4,0.02
monthly_mixed_frequency_kalman_em,exact,2022:Q2:pre_third:exact,2022-09-28,pre_third,T,2022:Q2,-0.4744846007276209,0.1451578153924014,0.38099582070201427,model_implied_state_space,-0.5769,0.10241539927237908,False,True,30,-6099.540892453302,-8154.724299572415,-6099.540892453302,0.550843461624936,9.028604804978087e-05,30.0,0,{},14,expanding,40,1965:Q3,,4,0.02
no_revision,exact,2022:Q2:pre_third:exact,2022-09-28,pre_third,T,2022:Q2,-0.5746,,,not_available,-0.5769,0.0022999999999999687,False,True,0,,,,,,,0,{},14,expanding,40,1965:Q3,,4,0.02
release_dfm,exact,2022:Q2:pre_third:exact,2022-09-28,pre_third,T,2022:Q2,-0.6146473771364709,,,not_available,-0.5769,-0.037747377136470917,False,True,0,,,,,,,0,{},14,expanding,40,1965:Q3,,4,0.02
revision_dfm_kalman_em,exact,2022:Q2:pre_third:exact,2022-09-28,pre_third,T,2022:Q2,-0.5753243147969007,0.1416802860320854,0.37640441818884834,model_implied_state_space,-0.5769,0.001575685203099253,False,True,29,-1825.7422148946762,-3365.3372306314864,-1825.7422148946762,0.16366054628088023,8.958345828373767e-05,29.0,0,{},14,expanding,40,1965:Q3,,4,0.02
standard_dfm,exact,2022:Q2:pre_third:exact,2022-09-28,pre_third,T,2022:Q2,4.164891286735353,,,not_available,-0.5769,4.741791286735353,False,True,0,,,,,,,0,{},14,expanding,40,1965:Q3,,4,0.02
ar,pseudo,2022:Q2:pre_third:pseudo,2022-09-30,pre_third,T,2022:Q2,2.450535669555063,,,not_available,-0.5769,3.0274356695550626,False,True,0,,,,,,,0,{},14,expanding,40,1965:Q3,,4,0.02
bridge,pseudo,2022:Q2:pre_third:pseudo,2022-09-30,pre_third,T,2022:Q2,2.390637541007673,,,not_available,-0.5769,2.9675375410076725,False,True,0,,,,,,,0,{},14,expanding,40,1965:Q3,,4,0.02
indicator_revision_only_dfm_kalman_em,pseudo,2022:Q2:pre_third:pseudo,2022-09-30,pre_third,T,2022:Q2,-0.5700912256853896,0.14375797031864368,0.37915428300184567,model_implied_state_space,-0.5769,0.006808774314610355,False,True,42,-3406.913659724778,-5424.165726409613,-3406.913659724778,0.2693495402941153,7.903024560649893e-05,42.0,0,{},14,expanding,40,1965:Q3,,4,0.02
joint_indicator_revision_dfm_full_kalman_em,pseudo,2022:Q2:pre_third:pseudo,2022-09-30,pre_third,T,2022:Q2,-0.6187108015021048,0.1406967968735477,0.37509571694908445,model_implied_state_space,-0.5769,-0.04181080150210481,False,True,42,-3379.4668136514565,-5433.932144613867,-3379.4668136514565,0.3194951895975464,9.45032191954985e-05,42.0,0,{},14,expanding,40,1965:Q3,,4,0.02
midas_umidas,pseudo,2022:Q2:pre_third:pseudo,2022-09-30,pre_third,T,2022:Q2,-1.6540986364183152,,,not_available,-0.5769,-1.0771986364183153,False,True,0,,,,,,,0,{},14,expanding,40,1965:Q3,,4,0.02
monthly_mixed_frequency_kalman_em,pseudo,2022:Q2:pre_third:pseudo,2022-09-30,pre_third,T,2022:Q2,-0.4747530781616809,0.14518183511123403,0.38102734168460145,model_implied_state_space,-0.5769,0.10214692183831908,False,True,30,-6099.642150009495,-8155.4481919597,-6099.642150009495,0.5551010112812946,9.098230862613434e-05,30.0,0,{},14,expanding,40,1965:Q3,,4,0.02
no_revision,pseudo,2022:Q2:pre_third:pseudo,2022-09-30,pre_third,T,2022:Q2,-0.5746,,,not_available,-0.5769,0.0022999999999999687,False,True,0,,,,,,,0,{},14,expanding,40,1965:Q3,,4,0.02
release_dfm,pseudo,2022:Q2:pre_third:pseudo,2022-09-30,pre_third,T,2022:Q2,-0.6140780170960788,,,not_available,-0.5769,-0.03717801709607882,False,True,0,,,,,,,0,{},14,expanding,40,1965:Q3,,4,0.02
revision_dfm_kalman_em,pseudo,2022:Q2:pre_third:pseudo,2022-09-30,pre_third,T,2022:Q2,-0.5753735426390576,0.14167959851045217,0.37640350491255015,model_implied_state_space,-0.5769,0.0015264573609423682,False,True,29,-1827.5383601411606,-3366.223381644918,-1827.5383601411606,0.16413074947195128,8.975257062837745e-05,29.0,0,{},14,expanding,40,1965:Q3,,4,0.02
standard_dfm,pseudo,2022:Q2:pre_third:pseudo,2022-09-30,pre_third,T,2022:Q2,4.070484393098097,,,not_available,-0.5769,4.647384393098097,False,True,0,,,,,,,0,{},14,expanding,40,1965:Q3,,4,0.02
ar,exact,2022:Q3:pre_advance:exact,2022-10-26,pre_advance,A,2022:Q3,2.3457353292059593,,,not_available,2.5656,-0.2198646707940406,False,True,0,,,,,,,0,{},14,expanding,40,1965:Q3,,4,0.02
bridge,exact,2022:Q3:pre_advance:exact,2022-10-26,pre_advance,A,2022:Q3,0.8008570369373122,,,not_available,2.5656,-1.7647429630626876,False,True,0,,,,,,,0,{},14,expanding,40,1965:Q3,,4,0.02
indicator_revision_only_dfm_kalman_em,exact,2022:Q3:pre_advance:exact,2022-10-26,pre_advance,A,2022:Q3,2.2862995898351985,3.3952694721260377,1.842625700495366,model_implied_state_space,2.5656,-0.27930041016480134,False,True,22,-3543.8327732402763,-5492.000054845147,-3543.8327732402763,0.3485022578952339,9.83030854596461e-05,22.0,0,{},14,expanding,40,1965:Q3,,4,0.02
joint_indicator_revision_dfm_full_kalman_em,exact,2022:Q3:pre_advance:exact,2022-10-26,pre_advance,A,2022:Q3,2.5406504721146224,2.426405280335967,1.5576922932132542,model_implied_state_space,2.5656,-0.02494952788537752,False,True,25,-3508.461938405912,-5502.036940045999,-3508.461938405912,0.346155351775451,9.862515058618162e-05,25.0,0,{},14,expanding,40,1965:Q3,,4,0.02
midas_umidas,exact,2022:Q3:pre_advance:exact,2022-10-26,pre_advance,A,2022:Q3,-0.7324191107502254,,,not_available,2.5656,-3.298019110750225,False,True,0,,,,,,,0,{},14,expanding,40,1965:Q3,,4,0.02
monthly_mixed_frequency_kalman_em,exact,2022:Q3:pre_advance:exact,2022-10-26,pre_advance,A,2022:Q3,3.3851031514782526,4.601258686371198,2.1450544716559525,model_implied_state_space,2.5656,0.8195031514782527,False,True,30,-6114.614871944378,-8174.487669599624,-6114.614871944378,0.5615667906640738,9.181664333742111e-05,30.0,0,{},14,expanding,40,1965:Q3,,4,0.02
no_revision,exact,2022:Q3:pre_advance:exact,2022-10-26,pre_advance,A,2022:Q3,2.2787801991425916,,,not_available,2.5656,-0.2868198008574083,False,True,0,,,,,,,0,{},14,expanding,40,1965:Q3,,4,0.02
release_dfm,exact,2022:Q3:pre_advance:exact,2022-10-26,pre_advance,A,2022:Q3,2.3784095088448294,,,not_available,2.5656,-0.1871904911551705,False,True,0,,,,,,,0,{},14,expanding,40,1965:Q3,,4,0.02
revision_dfm_kalman_em,exact,2022:Q3:pre_advance:exact,2022-10-26,pre_advance,A,2022:Q3,2.1251510078165086,3.084921552326443,1.7563944751468683,model_implied_state_space,2.5656,-0.4404489921834913,False,True,24,-1846.288244435164,-3409.9708825764087,-1846.288244435164,0.18165821269553817,9.832810398436216e-05,24.0,0,{},14,expanding,40,1965:Q3,,4,0.02
standard_dfm,exact,2022:Q3:pre_advance:exact,2022-10-26,pre_advance,A,2022:Q3,2.3784095088448294,,,not_available,2.5656,-0.1871904911551705,False,True,0,,,,,,,0,{},14,expanding,40,1965:Q3,,4,0.02
ar,pseudo,2022:Q3:pre_advance:pseudo,2022-10-31,pre_advance,A,2022:Q3,2.3457353292059593,,,not_available,2.5656,-0.2198646707940406,False,True,0,,,,,,,0,{},14,expanding,40,1965:Q3,,4,0.02
bridge,pseudo,2022:Q3:pre_advance:pseudo,2022-10-31,pre_advance,A,2022:Q3,0.9719672870806402,,,not_available,2.5656,-1.5936327129193597,False,True,0,,,,,,,0,{},14,expanding,40,1965:Q3,,4,0.02
indicator_revision_only_dfm_kalman_em,pseudo,2022:Q3:pre_advance:pseudo,2022-10-31,pre_advance,A,2022:Q3,2.3066846946749497,3.403975084711724,1.8449864727720158,model_implied_state_space,2.5656,-0.25891530532505014,False,True,23,-3543.4240333072635,-5492.0028122352915,-3543.4240333072635,0.32923441027787703,9.287935870635936e-05,23.0,0,{},14,expanding,40,1965:Q3,,4,0.02
joint_indicator_revision_dfm_full_kalman_em,pseudo,2022:Q3:pre_advance:pseudo,2022-10-31,pre_advance,A,2022:Q3,2.568734151004393,2.4265765333290346,1.5577472623404076,model_implied_state_space,2.5656,0.003134151004393182,False,True,25,-3508.391403613155,-5502.03967589718,-3508.391403613155,0.3489618614430583,9.942668833165116e-05,25.0,0,{},14,expanding,40,1965:Q3,,4,0.02
midas_umidas,pseudo,2022:Q3:pre_advance:pseudo,2022-10-31,pre_advance,A,2022:Q3,-0.8489732081801835,,,not_available,2.5656,-3.414573208180183,False,True,0,,,,,,,0,{},14,expanding,40,1965:Q3,,4,0.02
monthly_mixed_frequency_kalman_em,pseudo,2022:Q3:pre_advance:pseudo,2022-10-31,pre_advance,A,2022:Q3,3.387983261919177,4.601182454893564,2.1450367024583903,model_implied_state_space,2.5656,0.8223832619191773,False,True,30,-6117.309743310091,-8177.19111298425,-6117.309743310091,0.5616799426024954,9.179469607222363e-05,30.0,0,{},14,expanding,40,1965:Q3,,4,0.02
no_revision,pseudo,2022:Q3:pre_advance:pseudo,2022-10-31,pre_advance,A,2022:Q3,2.2787801991425916,,,not_available,2.5656,-0.2868198008574083,False,True,0,,,,,,,0,{},14,expanding,40,1965:Q3,,4,0.02
release_dfm,pseudo,2022:Q3:pre_advance:pseudo,2022-10-31,pre_advance,A,2022:Q3,2.4764907726675367,,,not_available,2.5656,-0.08910922733246318,False,True,0,,,,,,,0,{},14,expanding,40,1965:Q3,,4,0.02
revision_dfm_kalman_em,pseudo,2022:Q3:pre_advance:pseudo,2022-10-31,pre_advance,A,2022:Q3,2.156563942698697,3.084935088035683,1.7563983284083604,model_implied_state_space,2.5656,-0.40903605730130277,False,True,24,-1846.263935883054,-3409.9756672786734,-1846.263935883054,0.18162238122818053,9.831000454423077e-05,24.0,0,{},14,expanding,40,1965:Q3,,4,0.02
standard_dfm,pseudo,2022:Q3:pre_advance:pseudo,2022-10-31,pre_advance,A,2022:Q3,2.4764907726675367,,,not_available,2.5656,-0.08910922733246318,False,True,0,,,,,,,0,{},14,expanding,40,1965:Q3,,4,0.02
ar,exact,2022:Q3:pre_second:exact,2022-11-29,pre_second,S,2022:Q3,2.40397293190773,,,not_available,2.9288,-0.5248270680922698,False,True,0,,,,,,,0,{},14,expanding,40,1965:Q3,,4,0.02
bridge,exact,2022:Q3:pre_second:exact,2022-11-29,pre_second,S,2022:Q3,0.9200730246981967,,,not_available,2.9288,-2.008726975301803,False,True,0,,,,,,,0,{},14,expanding,40,1965:Q3,,4,0.02
indicator_revision_only_dfm_kalman_em,exact,2022:Q3:pre_second:exact,2022-11-29,pre_second,S,2022:Q3,2.531962877950575,0.37633565361065074,0.6134620229571272,model_implied_state_space,2.9288,-0.3968371220494249,False,True,22,-3543.6629341868065,-5493.382457017416,-3543.6629341868065,0.32518465892599124,9.173081771339564e-05,22.0,0,{},14,expanding,40,1965:Q3,,4,0.02
joint_indicator_revision_dfm_full_kalman_em,exact,2022:Q3:pre_second:exact,2022-11-29,pre_second,S,2022:Q3,2.766702517991663,0.367407539642035,0.606141517833942,model_implied_state_space,2.9288,-0.16209748200833696,False,True,25,-3507.9622637398247,-5503.504388097663,-3507.9622637398247,0.32917901532027827,9.380213091160071e-05,25.0,0,{},14,expanding,40,1965:Q3,,4,0.02
midas_umidas,exact,2022:Q3:pre_second:exact,2022-11-29,pre_second,S,2022:Q3,2.2433113474107245,,,not_available,2.9288,-0.6854886525892754,False,True,0,,,,,,,0,{},14,expanding,40,1965:Q3,,4,0.02
monthly_mixed_frequency_kalman_em,exact,2022:Q3:pre_second:exact,2022-11-29,pre_second,S,2022:Q3,2.7327826075263095,0.36105149471236936,0.6008756066877481,model_implied_state_space,2.9288,-0.19601739247369032,False,True,30,-6133.940201455018,-8196.379260705393,-6133.940201455018,0.5656107726508708,9.218649447347028e-05,30.0,0,{},14,expanding,40,1965:Q3,,4,0.02
no_revision,exact,2022:Q3:pre_second:exact,2022-11-29,pre_second,S,2022:Q3,2.5656,,,not_available,2.9288,-0.36319999999999997,False,True,0,,,,,,,0,{},14,expanding,40,1965:Q3,,4,0.02
release_dfm,exact,2022:Q3:pre_second:exact,2022-11-29,pre_second,S,2022:Q3,2.6814785107012367,,,not_available,2.9288,-0.2473214892987632,False,True,0,,,,,,,0,{},14,expanding,40,1965:Q3,,4,0.02
revision_dfm_kalman_em,exact,2022:Q3:pre_second:exact,2022-11-29,pre_second,S,2022:Q3,2.9395081661433737,0.39304621820104574,0.6269339823307122,model_implied_state_space,2.9288,0.010708166143373887,False,True,29,-1846.9076910502472,-3390.793584524822,-1846.9076910502472,0.18320482879539668,9.91319362072045e-05,29.0,0,{},14,expanding,40,1965:Q3,,4,0.02
standard_dfm,exact,2022:Q3:pre_second:exact,2022-11-29,pre_second,S,2022:Q3,2.596582401375554,,,not_available,2.9288,-0.332217598624446,False,True,0,,,,,,,0,{},14,expanding,40,1965:Q3,,4,0.02
ar,pseudo,2022:Q3:pre_second:pseudo,2022-11-30,pre_second,S,2022:Q3,2.40397293190773,,,not_available,2.9288,-0.5248270680922698,False,True,0,,,,,,,0,{},14,expanding,40,1965:Q3,,4,0.02
bridge,pseudo,2022:Q3:pre_second:pseudo,2022-11-30,pre_second,S,2022:Q3,0.9200730246981967,,,not_available,2.9288,-2.008726975301803,False,True,0,,,,,,,0,{},14,expanding,40,1965:Q3,,4,0.02
indicator_revision_only_dfm_kalman_em,pseudo,2022:Q3:pre_second:pseudo,2022-11-30,pre_second,S,2022:Q3,2.531962877950575,0.37633565361065074,0.6134620229571272,model_implied_state_space,2.9288,-0.3968371220494249,False,True,22,-3543.6629341868065,-5493.382457017416,-3543.6629341868065,0.32518465892599124,9.173081771339564e-05,22.0,0,{},14,expanding,40,1965:Q3,,4,0.02
joint_indicator_revision_dfm_full_kalman_em,pseudo,2022:Q3:pre_second:pseudo,2022-11-30,pre_second,S,2022:Q3,2.766702517991663,0.367407539642035,0.606141517833942,model_implied_state_space,2.9288,-0.16209748200833696,False,True,25,-3507.9622637398247,-5503.504388097663,-3507.9622637398247,0.32917901532027827,9.380213091160071e-05,25.0,0,{},14,expanding,40,1965:Q3,,4,0.02
midas_umidas,pseudo,2022:Q3:pre_second:pseudo,2022-11-30,pre_second,S,2022:Q3,2.2433113474107245,,,not_available,2.9288,-0.6854886525892754,False,True,0,,,,,,,0,{},14,expanding,40,1965:Q3,,4,0.02
monthly_mixed_frequency_kalman_em,pseudo,2022:Q3:pre_second:pseudo,2022-11-30,pre_second,S,2022:Q3,2.7327826075263095,0.36105149471236936,0.6008756066877481,model_implied_state_space,2.9288,-0.19601739247369032,False,True,30,-6133.940201455018,-8196.379260705393,-6133.940201455018,0.5656107726508708,9.218649447347028e-05,30.0,0,{},14,expanding,40,1965:Q3,,4,0.02
no_revision,pseudo,2022:Q3:pre_second:pseudo,2022-11-30,pre_second,S,2022:Q3,2.5656,,,not_available,2.9288,-0.36319999999999997,False,True,0,,,,,,,0,{},14,expanding,40,1965:Q3,,4,0.02
release_dfm,pseudo,2022:Q3:pre_second:pseudo,2022-11-30,pre_second,S,2022:Q3,2.6814785107012367,,,not_available,2.9288,-0.2473214892987632,False,True,0,,,,,,,0,{},14,expanding,40,1965:Q3,,4,0.02
revision_dfm_kalman_em,pseudo,2022:Q3:pre_second:pseudo,2022-11-30,pre_second,S,2022:Q3,2.9395081661433737,0.39304621820104574,0.6269339823307122,model_implied_state_space,2.9288,0.010708166143373887,False,True,29,-1846.9076910502472,-3390.793584524822,-1846.9076910502472,0.18320482879539668,9.91319362072045e-05,29.0,0,{},14,expanding,40,1965:Q3,,4,0.02
standard_dfm,pseudo,2022:Q3:pre_second:pseudo,2022-11-30,pre_second,S,2022:Q3,2.596582401375554,,,not_available,2.9288,-0.332217598624446,False,True,0,,,,,,,0,{},14,expanding,40,1965:Q3,,4,0.02
ar,exact,2022:Q3:pre_third:exact,2022-12-21,pre_third,T,2022:Q3,2.476014724582227,,,not_available,3.2435,-0.7674852754177732,False,True,0,,,,,,,0,{},14,expanding,40,1965:Q3,,4,0.02
bridge,exact,2022:Q3:pre_third:exact,2022-12-21,pre_third,T,2022:Q3,1.0618082997237603,,,not_available,3.2435,-2.1816917002762395,False,True,0,,,,,,,0,{},14,expanding,40,1965:Q3,,4,0.02
indicator_revision_only_dfm_kalman_em,exact,2022:Q3:pre_third:exact,2022-12-21,pre_third,T,2022:Q3,2.899154536097975,0.1447716138491152,0.38048865140647126,model_implied_state_space,3.2435,-0.3443454639020249,False,True,22,-3543.664432932804,-5494.842692292536,-3543.664432932804,0.3136602585300352,8.848016836337215e-05,22.0,0,{},14,expanding,40,1965:Q3,,4,0.02
joint_indicator_revision_dfm_full_kalman_em,exact,2022:Q3:pre_third:exact,2022-12-21,pre_third,T,2022:Q3,2.9256716004312526,0.14055404962273324,0.37490538756162634,model_implied_state_space,3.2435,-0.3178283995687474,False,True,25,-3507.7031682262545,-5504.9346394051045,-3507.7031682262545,0.3190986444324153,9.093662569345406e-05,25.0,0,{},14,expanding,40,1965:Q3,,4,0.02
midas_umidas,exact,2022:Q3:pre_third:exact,2022-12-21,pre_third,T,2022:Q3,2.4566954776276795,,,not_available,3.2435,-0.7868045223723206,False,True,0,,,,,,,0,{},14,expanding,40,1965:Q3,,4,0.02
monthly_mixed_frequency_kalman_em,exact,2022:Q3:pre_third:exact,2022-12-21,pre_third,T,2022:Q3,3.0200558625604854,0.14362903990523318,0.3789842211824038,model_implied_state_space,3.2435,-0.22344413743951463,False,True,29,-6142.136136755648,-8186.779225057392,-6142.136136755648,0.5897731721070159,9.599600971032756e-05,29.0,0,{},14,expanding,40,1965:Q3,,4,0.02
no_revision,exact,2022:Q3:pre_third:exact,2022-12-21,pre_third,T,2022:Q3,2.9288,,,not_available,3.2435,-0.3147000000000002,False,True,0,,,,,,,0,{},14,expanding,40,1965:Q3,,4,0.02
release_dfm,exact,2022:Q3:pre_third:exact,2022-12-21,pre_third,T,2022:Q3,2.945515222965449,,,not_available,3.2435,-0.29798477703455095,False,True,0,,,,,,,0,{},14,expanding,40,1965:Q3,,4,0.02
revision_dfm_kalman_em,exact,2022:Q3:pre_third:exact,2022-12-21,pre_third,T,2022:Q3,2.943092012825134,0.14137109713298654,0.37599348017350853,model_implied_state_space,3.2435,-0.30040798717486616,False,True,24,-1846.3856329114108,-3412.8358962043803,-1846.3856329114108,0.18184823112278536,9.842575872266956e-05,24.0,0,{},14,expanding,40,1965:Q3,,4,0.02
standard_dfm,exact,2022:Q3:pre_third:exact,2022-12-21,pre_third,T,2022:Q3,2.515209478600101,,,not_available,3.2435,-0.7282905213998991,False,True,0,,,,,,,0,{},14,expanding,40,1965:Q3,,4,0.02
ar,pseudo,2022:Q3:pre_third:pseudo,2022-12-31,pre_third,T,2022:Q3,2.476014724582227,,,not_available,3.2435,-0.7674852754177732,False,True,0,,,,,,,0,{},14,expanding,40,1965:Q3,,4,0.02
bridge,pseudo,2022:Q3:pre_third:pseudo,2022-12-31,pre_third,T,2022:Q3,1.0349104885110398,,,not_available,3.2435,-2.2085895114889604,False,True,0,,,,,,,0,{},14,expanding,40,1965:Q3,,4,0.02
indicator_revision_only_dfm_kalman_em,pseudo,2022:Q3:pre_third:pseudo,2022-12-31,pre_third,T,2022:Q3,2.8991406887069116,0.14477153326236142,0.38048854550743233,model_implied_state_space,3.2435,-0.3443593112930885,False,True,22,-3543.673500660369,-5494.842850989343,-3543.673500660369,0.3132471574722331,8.836342129207002e-05,22.0,0,{},14,expanding,40,1965:Q3,,4,0.02
joint_indicator_revision_dfm_full_kalman_em,pseudo,2022:Q3:pre_third:pseudo,2022-12-31,pre_third,T,2022:Q3,2.9256836883515085,0.1405540458667172,0.37490538255234107,model_implied_state_space,3.2435,-0.31781631164849156,False,True,25,-3507.710728466046,-5504.934801273997,-3507.710728466046,0.3189265102623722,9.088737959512213e-05,25.0,0,{},14,expanding,40,1965:Q3,,4,0.02
midas_umidas,pseudo,2022:Q3:pre_third:pseudo,2022-12-31,pre_third,T,2022:Q3,2.4342680151296654,,,not_available,3.2435,-0.8092319848703347,False,True,0,,,,,,,0,{},14,expanding,40,1965:Q3,,4,0.02
monthly_mixed_frequency_kalman_em,pseudo,2022:Q3:pre_third:pseudo,2022-12-31,pre_third,T,2022:Q3,3.0200405380007544,0.14362928481570966,0.37898454429661066,model_implied_state_space,3.2435,-0.2234594619992456,False,True,29,-6144.7844846284725,-8189.447113785038,-6144.7844846284725,0.5898557935224744,9.596808799022422e-05,29.0,0,{},14,expanding,40,1965:Q3,,4,0.02
no_revision,pseudo,2022:Q3:pre_third:pseudo,2022-12-31,pre_third,T,2022:Q3,2.9288,,,not_available,3.2435,-0.3147000000000002,False,True,0,,,,,,,0,{},14,expanding,40,1965:Q3,,4,0.02
release_dfm,pseudo,2022:Q3:pre_third:pseudo,2022-12-31,pre_third,T,2022:Q3,2.945595991196067,,,not_available,3.2435,-0.2979040088039331,False,True,0,,,,,,,0,{},14,expanding,40,1965:Q3,,4,0.02
revision_dfm_kalman_em,pseudo,2022:Q3:pre_third:pseudo,2022-12-31,pre_third,T,2022:Q3,2.943102994185951,0.14137111254596899,0.37599350066985066,model_implied_state_space,3.2435,-0.30039700581404905,False,True,24,-1846.3886471096996,-3412.8362890736507,-1846.3886471096996,0.1818483370843751,9.842565549326987e-05,24.0,0,{},14,expanding,40,1965:Q3,,4,0.02
standard_dfm,pseudo,2022:Q3:pre_third:pseudo,2022-12-31,pre_third,T,2022:Q3,2.505377086005525,,,not_available,3.2435,-0.7381229139944749,False,True,0,,,,,,,0,{},14,expanding,40,1965:Q3,,4,0.02
ar,exact,2022:Q4:pre_advance:exact,2023-01-25,pre_advance,A,2022:Q4,2.4849107524452863,,,not_available,2.891,-0.40608924755471376,False,True,0,,,,,,,0,{},14,expanding,40,1965:Q3,,4,0.02
bridge,exact,2022:Q4:pre_advance:exact,2023-01-25,pre_advance,A,2022:Q4,-1.4129326358051435,,,not_available,2.891,-4.303932635805143,False,True,0,,,,,,,0,{},14,expanding,40,1965:Q3,,4,0.02
indicator_revision_only_dfm_kalman_em,exact,2022:Q4:pre_advance:exact,2023-01-25,pre_advance,A,2022:Q4,1.7100774966380627,3.2821793902962457,1.8116786112046048,model_implied_state_space,2.891,-1.1809225033619373,False,True,43,-3481.4961465256624,-5511.764719880766,-3481.4961465256624,0.34683057999700395,9.958260601378875e-05,43.0,0,{},14,expanding,40,1965:Q3,,4,0.02
joint_indicator_revision_dfm_full_kalman_em,exact,2022:Q4:pre_advance:exact,2023-01-25,pre_advance,A,2022:Q4,1.8474336001381524,3.1716505700286812,1.7809128473984013,model_implied_state_space,2.891,-1.0435663998618476,False,True,43,-3502.3154769873013,-5521.4212559967855,-3502.3154769873013,0.3429548265780795,9.788477765526028e-05,43.0,0,{},14,expanding,40,1965:Q3,,4,0.02
midas_umidas,exact,2022:Q4:pre_advance:exact,2023-01-25,pre_advance,A,2022:Q4,-2.2401789113315203,,,not_available,2.891,-5.131178911331521,False,True,0,,,,,,,0,{},14,expanding,40,1965:Q3,,4,0.02
monthly_mixed_frequency_kalman_em,exact,2022:Q4:pre_advance:exact,2023-01-25,pre_advance,A,2022:Q4,1.5090670980279415,4.399386799866057,2.0974715254005374,model_implied_state_space,2.891,-1.3819329019720585,False,True,29,-6157.03191599562,-8207.773722606107,-6157.03191599562,0.582775277816836,9.462765687267468e-05,29.0,0,{},14,expanding,40,1965:Q3,,4,0.02
no_revision,exact,2022:Q4:pre_advance:exact,2023-01-25,pre_advance,A,2022:Q4,1.9405584607307091,,,not_available,2.891,-0.9504415392692909,False,True,0,,,,,,,0,{},14,expanding,40,1965:Q3,,4,0.02
release_dfm,exact,2022:Q4:pre_advance:exact,2023-01-25,pre_advance,A,2022:Q4,1.6705933869889844,,,not_available,2.891,-1.2204066130110156,False,True,0,,,,,,,0,{},14,expanding,40,1965:Q3,,4,0.02
revision_dfm_kalman_em,exact,2022:Q4:pre_advance:exact,2023-01-25,pre_advance,A,2022:Q4,0.8393855090935258,3.05803138670547,1.7487227872666011,model_implied_state_space,2.891,-2.0516144909064744,False,True,24,-1864.0538815505142,-3435.1422645050666,-1864.0538815505142,0.18119846929357664,9.714511121657244e-05,24.0,0,{},14,expanding,40,1965:Q3,,4,0.02
standard_dfm,exact,2022:Q4:pre_advance:exact,2023-01-25,pre_advance,A,2022:Q4,1.6705933869889844,,,not_available,2.891,-1.2204066130110156,False,True,0,,,,,,,0,{},14,expanding,40,1965:Q3,,4,0.02
ar,pseudo,2022:Q4:pre_advance:pseudo,2023-01-31,pre_advance,A,2022:Q4,2.4849107524452863,,,not_available,2.891,-0.40608924755471376,False,True,0,,,,,,,0,{},14,expanding,40,1965:Q3,,4,0.02
bridge,pseudo,2022:Q4:pre_advance:pseudo,2023-01-31,pre_advance,A,2022:Q4,-1.3417343983682635,,,not_available,2.891,-4.2327343983682635,False,True,0,,,,,,,0,{},14,expanding,40,1965:Q3,,4,0.02
indicator_revision_only_dfm_kalman_em,pseudo,2022:Q4:pre_advance:pseudo,2023-01-31,pre_advance,A,2022:Q4,1.840802500524384,3.2687162979762565,1.8079591527399772,model_implied_state_space,2.891,-1.050197499475616,False,True,42,-3481.783489201642,-5511.831605271642,-3481.783489201642,0.32024407665858234,9.194215882774422e-05,42.0,0,{},14,expanding,40,1965:Q3,,4,0.02
joint_indicator_revision_dfm_full_kalman_em,pseudo,2022:Q4:pre_advance:pseudo,2023-01-31,pre_advance,A,2022:Q4,1.830307900987846,2.4969607950069412,1.5801774568088678,model_implied_state_space,2.891,-1.060692099012154,False,True,44,-3454.304773913783,-5521.488140575682,-3454.304773913783,0.33021248705472317,9.555768718462097e-05,44.0,0,{},14,expanding,40,1965:Q3,,4,0.02
midas_umidas,pseudo,2022:Q4:pre_advance:pseudo,2023-01-31,pre_advance,A,2022:Q4,-1.7042912497467086,,,not_available,2.891,-4.595291249746708,False,True,0,,,,,,,0,{},14,expanding,40,1965:Q3,,4,0.02
monthly_mixed_frequency_kalman_em,pseudo,2022:Q4:pre_advance:pseudo,2023-01-31,pre_advance,A,2022:Q4,1.5120029220585687,4.398240760021314,2.0971983120394966,model_implied_state_space,2.891,-1.3789970779414313,False,True,29,-6160.707981638484,-8210.754814553928,-6160.707981638484,0.5849267185622011,9.492030438360821e-05,29.0,0,{},14,expanding,40,1965:Q3,,4,0.02
no_revision,pseudo,2022:Q4:pre_advance:pseudo,2023-01-31,pre_advance,A,2022:Q4,1.9405584607307091,,,not_available,2.891,-0.9504415392692909,False,True,0,,,,,,,0,{},14,expanding,40,1965:Q3,,4,0.02
release_dfm,pseudo,2022:Q4:pre_advance:pseudo,2023-01-31,pre_advance,A,2022:Q4,1.8763957701802692,,,not_available,2.891,-1.0146042298197309,False,True,0,,,,,,,0,{},14,expanding,40,1965:Q3,,4,0.02
revision_dfm_kalman_em,pseudo,2022:Q4:pre_advance:pseudo,2023-01-31,pre_advance,A,2022:Q4,0.9208625038049845,3.055525417977378,1.7480061264129991,model_implied_state_space,2.891,-1.9701374961950155,False,True,24,-1864.3660473147363,-3435.1797540028206,-1864.3660473147363,0.1812974355480037,9.718190002423742e-05,24.0,0,{},14,expanding,40,1965:Q3,,4,0.02
standard_dfm,pseudo,2022:Q4:pre_advance:pseudo,2023-01-31,pre_advance,A,2022:Q4,1.8763957701802692,,,not_available,2.891,-1.0146042298197309,False,True,0,,,,,,,0,{},14,expanding,40,1965:Q3,,4,0.02
ar,exact,2022:Q4:pre_second:exact,2023-02-22,pre_second,S,2022:Q4,2.593443487540139,,,not_available,2.6752,-0.08175651245986071,False,True,0,,,,,,,0,{},14,expanding,40,1965:Q3,,4,0.02
bridge,exact,2022:Q4:pre_second:exact,2023-02-22,pre_second,S,2022:Q4,-1.3463572992096455,,,not_available,2.6752,-4.021557299209645,False,True,0,,,,,,,0,{},14,expanding,40,1965:Q3,,4,0.02
indicator_revision_only_dfm_kalman_em,exact,2022:Q4:pre_second:exact,2023-02-22,pre_second,S,2022:Q4,2.762394974568987,0.3657161066569877,0.6047446623633711,model_implied_state_space,2.6752,0.08719497456898706,False,True,44,-3483.600304808772,-5513.125945160095,-3483.600304808772,0.2820805541136906,8.094406723695415e-05,44.0,0,{},14,expanding,40,1965:Q3,,4,0.02
joint_indicator_revision_dfm_full_kalman_em,exact,2022:Q4:pre_second:exact,2023-02-22,pre_second,S,2022:Q4,2.7721371623817705,0.3538147223418201,0.5948232698388826,model_implied_state_space,2.6752,0.09693716238177075,False,True,44,-3503.6102157490463,-5522.859197408492,-3503.6102157490463,0.34175872970399723,9.750739302350153e-05,44.0,0,{},14,expanding,40,1965:Q3,,4,0.02
midas_umidas,exact,2022:Q4:pre_second:exact,2023-02-22,pre_second,S,2022:Q4,5.438750930744764,,,not_available,2.6752,2.763550930744764,False,True,0,,,,,,,0,{},14,expanding,40,1965:Q3,,4,0.02
monthly_mixed_frequency_kalman_em,exact,2022:Q4:pre_second:exact,2023-02-22,pre_second,S,2022:Q4,2.8769772622804997,0.3571370125954549,0.5976094147480066,model_implied_state_space,2.6752,0.20177726228049986,False,True,29,-6177.2534357187,-8229.078246846755,-6177.2534357187,0.5833090281521436,9.440434377038099e-05,29.0,0,{},14,expanding,40,1965:Q3,,4,0.02
no_revision,exact,2022:Q4:pre_second:exact,2023-02-22,pre_second,S,2022:Q4,2.891,,,not_available,2.6752,0.2158000000000002,False,True,0,,,,,,,0,{},14,expanding,40,1965:Q3,,4,0.02
release_dfm,exact,2022:Q4:pre_second:exact,2023-02-22,pre_second,S,2022:Q4,3.0234910122441097,,,not_available,2.6752,0.34829101224410985,False,True,0,,,,,,,0,{},14,expanding,40,1965:Q3,,4,0.02
revision_dfm_kalman_em,exact,2022:Q4:pre_second:exact,2023-02-22,pre_second,S,2022:Q4,3.0816698447636375,0.3900484979505219,0.6245386280691707,model_implied_state_space,2.6752,0.4064698447636377,False,True,29,-1865.3884505405144,-3415.8298306417305,-1865.3884505405144,0.16462419678737206,8.819690102331605e-05,29.0,0,{},14,expanding,40,1965:Q3,,4,0.02
standard_dfm,exact,2022:Q4:pre_second:exact,2023-02-22,pre_second,S,2022:Q4,1.8513140468940135,,,not_available,2.6752,-0.8238859531059863,False,True,0,,,,,,,0,{},14,expanding,40,1965:Q3,,4,0.02
ar,pseudo,2022:Q4:pre_second:pseudo,2023-02-28,pre_second,S,2022:Q4,2.593443487540139,,,not_available,2.6752,-0.08175651245986071,False,True,0,,,,,,,0,{},14,expanding,40,1965:Q3,,4,0.02
bridge,pseudo,2022:Q4:pre_second:pseudo,2023-02-28,pre_second,S,2022:Q4,-1.2238494438753873,,,not_available,2.6752,-3.899049443875387,False,True,0,,,,,,,0,{},14,expanding,40,1965:Q3,,4,0.02
indicator_revision_only_dfm_kalman_em,pseudo,2022:Q4:pre_second:pseudo,2023-02-28,pre_second,S,2022:Q4,2.762698136135916,0.3659040850858619,0.6049000620646868,model_implied_state_space,2.6752,0.0874981361359164,False,True,43,-3483.8151750887864,-5513.243380066744,-3483.8151750887864,0.33304575163538175,9.556143111614055e-05,43.0,0,{},14,expanding,40,1965:Q3,,4,0.02
joint_indicator_revision_dfm_full_kalman_em,pseudo,2022:Q4:pre_second:pseudo,2023-02-28,pre_second,S,2022:Q4,2.784055037019546,0.35348820508398976,0.5945487407134841,model_implied_state_space,2.6752,0.10885503701954624,False,True,44,-3503.6692028002653,-5522.976679884221,-3503.6692028002653,0.27557102956916424,7.862350118231656e-05,44.0,0,{},14,expanding,40,1965:Q3,,4,0.02
midas_umidas,pseudo,2022:Q4:pre_second:pseudo,2023-02-28,pre_second,S,2022:Q4,5.4338922322599,,,not_available,2.6752,2.7586922322599006,False,True,0,,,,,,,0,{},14,expanding,40,1965:Q3,,4,0.02
monthly_mixed_frequency_kalman_em,pseudo,2022:Q4:pre_second:pseudo,2023-02-28,pre_second,S,2022:Q4,2.877178527458908,0.35712414382203106,0.5975986477746005,model_implied_state_space,2.6752,0.2019785274589081,False,True,29,-6179.687711072526,-8231.917059015877,-6179.687711072526,0.5823295296677315,9.4208718571208e-05,29.0,0,{},14,expanding,40,1965:Q3,,4,0.02
no_revision,pseudo,2022:Q4:pre_second:pseudo,2023-02-28,pre_second,S,2022:Q4,2.891,,,not_available,2.6752,0.2158000000000002,False,True,0,,,,,,,0,{},14,expanding,40,1965:Q3,,4,0.02
release_dfm,pseudo,2022:Q4:pre_second:pseudo,2023-02-28,pre_second,S,2022:Q4,3.02263889844528,,,not_available,2.6752,0.3474388984452803,False,True,0,,,,,,,0,{},14,expanding,40,1965:Q3,,4,0.02
revision_dfm_kalman_em,pseudo,2022:Q4:pre_second:pseudo,2023-02-28,pre_second,S,2022:Q4,3.0842905854445912,0.39006805579408654,0.6245542857062839,model_implied_state_space,2.6752,0.4090905854445914,False,True,29,-1865.4860401775206,-3415.875460055274,-1865.4860401775206,0.16480081835902638,8.828690119203185e-05,29.0,0,{},14,expanding,40,1965:Q3,,4,0.02
standard_dfm,pseudo,2022:Q4:pre_second:pseudo,2023-02-28,pre_second,S,2022:Q4,1.9102161414621959,,,not_available,2.6752,-0.7649838585378039,False,True,0,,,,,,,0,{},14,expanding,40,1965:Q3,,4,0.02
ar,exact,2022:Q4:pre_third:exact,2023-03-29,pre_third,T,2022:Q4,2.6751335642985263,,,not_available,2.5735,0.10163356429852621,False,True,0,,,,,,,0,{},14,expanding,40,1965:Q3,,4,0.02
bridge,exact,2022:Q4:pre_third:exact,2023-03-29,pre_third,T,2022:Q4,-0.7653717874989132,,,not_available,2.5735,-3.3388717874989133,False,True,0,,,,,,,0,{},14,expanding,40,1965:Q3,,4,0.02
indicator_revision_only_dfm_kalman_em,exact,2022:Q4:pre_third:exact,2023-03-29,pre_third,T,2022:Q4,2.6793544372347675,0.14300374737726224,0.37815836282867293,model_implied_state_space,2.5735,0.1058544372347674,False,True,41,-3482.212496020302,-5515.281811461698,-3482.212496020302,0.3320463870936692,9.531854209167073e-05,41.0,0,{},14,expanding,40,1965:Q3,,4,0.02
joint_indicator_revision_dfm_full_kalman_em,exact,2022:Q4:pre_third:exact,2023-03-29,pre_third,T,2022:Q4,2.693014256712745,0.1400797081064033,0.37427223795841885,model_implied_state_space,2.5735,0.11951425671274496,False,True,43,-3454.653697514721,-5524.98628113568,-3454.653697514721,0.3088390491489008,8.936411951269806e-05,43.0,0,{},14,expanding,40,1965:Q3,,4,0.02
midas_umidas,exact,2022:Q4:pre_third:exact,2023-03-29,pre_third,T,2022:Q4,4.373854100100878,,,not_available,2.5735,1.8003541001008783,False,True,0,,,,,,,0,{},14,expanding,40,1965:Q3,,4,0.02
monthly_mixed_frequency_kalman_em,exact,2022:Q4:pre_third:exact,2023-03-29,pre_third,T,2022:Q4,2.6908833446010245,0.1433902841872763,0.37866909589676884,model_implied_state_space,2.5735,0.1173833446010244,False,True,29,-6200.89025699138,-8251.681124179155,-6200.89025699138,0.5808869802922345,9.365412056077234e-05,29.0,0,{},14,expanding,40,1965:Q3,,4,0.02
no_revision,exact,2022:Q4:pre_third:exact,2023-03-29,pre_third,T,2022:Q4,2.6752,,,not_available,2.5735,0.10169999999999968,False,True,0,,,,,,,0,{},14,expanding,40,1965:Q3,,4,0.02
release_dfm,exact,2022:Q4:pre_third:exact,2023-03-29,pre_third,T,2022:Q4,2.817627941158337,,,not_available,2.5735,0.2441279411583368,False,True,0,,,,,,,0,{},14,expanding,40,1965:Q3,,4,0.02
revision_dfm_kalman_em,exact,2022:Q4:pre_third:exact,2023-03-29,pre_third,T,2022:Q4,2.706295486046717,0.14086361941243158,0.37531802436391404,model_implied_state_space,2.5735,0.13279548604671687,False,True,29,-1864.7094933320645,-3417.282552161732,-1864.7094933320645,0.18374117473990736,9.847357359033145e-05,29.0,0,{},14,expanding,40,1965:Q3,,4,0.02
standard_dfm,exact,2022:Q4:pre_third:exact,2023-03-29,pre_third,T,2022:Q4,1.9696670078246232,,,not_available,2.5735,-0.6038329921753769,False,True,0,,,,,,,0,{},14,expanding,40,1965:Q3,,4,0.02
ar,pseudo,2022:Q4:pre_third:pseudo,2023-03-31,pre_third,T,2022:Q4,2.6751335642985263,,,not_available,2.5735,0.10163356429852621,False,True,0,,,,,,,0,{},14,expanding,40,1965:Q3,,4,0.02
bridge,pseudo,2022:Q4:pre_third:pseudo,2023-03-31,pre_third,T,2022:Q4,-0.7374688121489101,,,not_available,2.5735,-3.3109688121489103,False,True,0,,,,,,,0,{},14,expanding,40,1965:Q3,,4,0.02
indicator_revision_only_dfm_kalman_em,pseudo,2022:Q4:pre_third:pseudo,2023-03-31,pre_third,T,2022:Q4,2.6793551399865447,0.14300373509976966,0.3781583465954039,model_implied_state_space,2.5735,0.10585513998654461,False,True,41,-3482.2133262959173,-5515.287011329412,-3482.2133262959173,0.3313782546674702,9.512674094137155e-05,41.0,0,{},14,expanding,40,1965:Q3,,4,0.02
joint_indicator_revision_dfm_full_kalman_em,pseudo,2022:Q4:pre_third:pseudo,2023-03-31,pre_third,T,2022:Q4,2.6930149125521505,0.14007959078645651,0.3742720812276231,model_implied_state_space,2.5735,0.11951491255215041,False,True,43,-3454.6527508056197,-5524.991480910131,-3454.6527508056197,0.30785100520733977,8.907827393808668e-05,43.0,0,{},14,expanding,40,1965:Q3,,4,0.02
midas_umidas,pseudo,2022:Q4:pre_third:pseudo,2023-03-31,pre_third,T,2022:Q4,4.355959824583719,,,not_available,2.5735,1.7824598245837189,False,True,0,,,,,,,0,{},14,expanding,40,1965:Q3,,4,0.02
monthly_mixed_frequency_kalman_em,pseudo,2022:Q4:pre_third:pseudo,2023-03-31,pre_third,T,2022:Q4,2.6908596311716186,0.1433903780235785,0.37866921979952173,model_implied_state_space,2.5735,0.11735963117161852,False,True,29,-6202.162562062283,-8253.039445087585,-6202.162562062283,0.580959924115632,9.364667028169025e-05,29.0,0,{},14,expanding,40,1965:Q3,,4,0.02
no_revision,pseudo,2022:Q4:pre_third:pseudo,2023-03-31,pre_third,T,2022:Q4,2.6752,,,not_available,2.5735,0.10169999999999968,False,True,0,,,,,,,0,{},14,expanding,40,1965:Q3,,4,0.02
release_dfm,pseudo,2022:Q4:pre_third:pseudo,2023-03-31,pre_third,T,2022:Q4,2.8175369658021294,,,not_available,2.5735,0.2440369658021293,False,True,0,,,,,,,0,{},14,expanding,40,1965:Q3,,4,0.02
revision_dfm_kalman_em,pseudo,2022:Q4:pre_third:pseudo,2023-03-31,pre_third,T,2022:Q4,2.7062839093936013,0.14086357422281728,0.3753179641621452,model_implied_state_space,2.5735,0.13278390939360118,False,True,29,-1864.7213345132607,-3417.2852842584593,-1864.7213345132607,0.18375531749302354,9.848052749011527e-05,29.0,0,{},14,expanding,40,1965:Q3,,4,0.02
standard_dfm,pseudo,2022:Q4:pre_third:pseudo,2023-03-31,pre_third,T,2022:Q4,1.9802142895935737,,,not_available,2.5735,-0.5932857104064264,False,True,0,,,,,,,0,{},14,expanding,40,1965:Q3,,4,0.02
ar,exact,2023:Q1:pre_advance:exact,2023-04-26,pre_advance,A,2023:Q1,2.49948989929296,,,not_available,1.0626,1.4368898992929602,False,True,0,,,,,,,0,{},14,expanding,40,1965:Q3,,4,0.02
bridge,exact,2023:Q1:pre_advance:exact,2023-04-26,pre_advance,A,2023:Q1,1.6263589072798013,,,not_available,1.0626,0.5637589072798013,False,True,0,,,,,,,0,{},14,expanding,40,1965:Q3,,4,0.02
indicator_revision_only_dfm_kalman_em,exact,2023:Q1:pre_advance:exact,2023-04-26,pre_advance,A,2023:Q1,2.0458860011344706,4.263044520874963,2.0647141499188124,model_implied_state_space,1.0626,0.9832860011344706,False,False,50,-3556.5837959542782,-5553.194190601312,-3556.5837959542782,1.5251432512527572,0.0004285182828916728,51.0,0,{},14,expanding,40,1965:Q3,,4,0.02
joint_indicator_revision_dfm_full_kalman_em,exact,2023:Q1:pre_advance:exact,2023-04-26,pre_advance,A,2023:Q1,2.2474950836987126,3.13488710029912,1.770561238788176,model_implied_state_space,1.0626,1.1848950836987127,False,True,46,-3533.9750685210265,-5563.068233704637,-3533.9750685210265,0.3280075630577812,9.278060635782951e-05,46.0,0,{},14,expanding,40,1965:Q3,,4,0.02
midas_umidas,exact,2023:Q1:pre_advance:exact,2023-04-26,pre_advance,A,2023:Q1,2.1021680147156285,,,not_available,1.0626,1.0395680147156285,False,True,0,,,,,,,0,{},14,expanding,40,1965:Q3,,4,0.02
monthly_mixed_frequency_kalman_em,exact,2023:Q1:pre_advance:exact,2023-04-26,pre_advance,A,2023:Q1,1.4042032896949594,4.569839209824656,2.137718225076602,model_implied_state_space,1.0626,0.34160328969495946,False,True,29,-6224.024916770509,-8302.954274077316,-6224.024916770509,0.6151875697478317,9.88151514442585e-05,29.0,0,{},14,expanding,40,1965:Q3,,4,0.02
no_revision,exact,2023:Q1:pre_advance:exact,2023-04-26,pre_advance,A,2023:Q1,2.3639512102489912,,,not_available,1.0626,1.3013512102489913,False,True,0,,,,,,,0,{},14,expanding,40,1965:Q3,,4,0.02
release_dfm,exact,2023:Q1:pre_advance:exact,2023-04-26,pre_advance,A,2023:Q1,2.2346596802087313,,,not_available,1.0626,1.1720596802087313,False,True,0,,,,,,,0,{},14,expanding,40,1965:Q3,,4,0.02
revision_dfm_kalman_em,exact,2023:Q1:pre_advance:exact,2023-04-26,pre_advance,A,2023:Q1,2.408519867959774,3.008354823085174,1.734460960380825,model_implied_state_space,1.0626,1.345919867959774,False,True,29,-1878.4826759572757,-3437.6661924839827,-1878.4826759572757,0.17895587898851772,9.520643287999317e-05,29.0,0,{},14,expanding,40,1965:Q3,,4,0.02
standard_dfm,exact,2023:Q1:pre_advance:exact,2023-04-26,pre_advance,A,2023:Q1,2.2346596802087313,,,not_available,1.0626,1.1720596802087313,False,True,0,,,,,,,0,{},14,expanding,40,1965:Q3,,4,0.02
ar,pseudo,2023:Q1:pre_advance:pseudo,2023-04-30,pre_advance,A,2023:Q1,2.49948989929296,,,not_available,1.0626,1.4368898992929602,False,True,0,,,,,,,0,{},14,expanding,40,1965:Q3,,4,0.02
bridge,pseudo,2023:Q1:pre_advance:pseudo,2023-04-30,pre_advance,A,2023:Q1,1.6396063365888245,,,not_available,1.0626,0.5770063365888245,False,True,0,,,,,,,0,{},14,expanding,40,1965:Q3,,4,0.02
indicator_revision_only_dfm_kalman_em,pseudo,2023:Q1:pre_advance:pseudo,2023-04-30,pre_advance,A,2023:Q1,2.0466735383687706,4.263135004308344,2.0647360616573596,model_implied_state_space,1.0626,0.9840735383687707,False,False,50,-3556.5825186342777,-5553.191166839938,-3556.5825186342777,1.5249027890113211,0.00042845090312039854,51.0,0,{},14,expanding,40,1965:Q3,,4,0.02
joint_indicator_revision_dfm_full_kalman_em,pseudo,2023:Q1:pre_advance:pseudo,2023-04-30,pre_advance,A,2023:Q1,2.248173965851396,3.135138373856643,1.7706321960973834,model_implied_state_space,1.0626,1.1855739658513962,False,True,46,-3533.967767788647,-5563.06520916494,-3533.967767788647,0.3265331304278334,9.236377586526365e-05,46.0,0,{},14,expanding,40,1965:Q3,,4,0.02
midas_umidas,pseudo,2023:Q1:pre_advance:pseudo,2023-04-30,pre_advance,A,2023:Q1,2.1437434901904098,,,not_available,1.0626,1.0811434901904098,False,True,0,,,,,,,0,{},14,expanding,40,1965:Q3,,4,0.02
monthly_mixed_frequency_kalman_em,pseudo,2023:Q1:pre_advance:pseudo,2023-04-30,pre_advance,A,2023:Q1,1.4023036377479843,4.56972071804468,2.137690510350991,model_implied_state_space,1.0626,0.3397036377479843,False,True,29,-6225.368100667333,-8304.312968336428,-6225.368100667333,0.6153657087306783,9.882244140416909e-05,29.0,0,{},14,expanding,40,1965:Q3,,4,0.02
no_revision,pseudo,2023:Q1:pre_advance:pseudo,2023-04-30,pre_advance,A,2023:Q1,2.3639512102489912,,,not_available,1.0626,1.3013512102489913,False,True,0,,,,,,,0,{},14,expanding,40,1965:Q3,,4,0.02
release_dfm,pseudo,2023:Q1:pre_advance:pseudo,2023-04-30,pre_advance,A,2023:Q1,2.2401174078390245,,,not_available,1.0626,1.1775174078390245,False,True,0,,,,,,,0,{},14,expanding,40,1965:Q3,,4,0.02
revision_dfm_kalman_em,pseudo,2023:Q1:pre_advance:pseudo,2023-04-30,pre_advance,A,2023:Q1,2.4099558500541445,3.008333017951434,1.734454674516297,model_implied_state_space,1.0626,1.3473558500541445,False,True,29,-1878.481693621982,-3437.665342209296,-1878.481693621982,0.1789620429049137,9.520976159476508e-05,29.0,0,{},14,expanding,40,1965:Q3,,4,0.02
standard_dfm,pseudo,2023:Q1:pre_advance:pseudo,2023-04-30,pre_advance,A,2023:Q1,2.2401174078390245,,,not_available,1.0626,1.1775174078390245,False,True,0,,,,,,,0,{},14,expanding,40,1965:Q3,,4,0.02
ar,exact,2023:Q1:pre_second:exact,2023-05-24,pre_second,S,2023:Q1,2.5803446686297553,,,not_available,1.2725,1.3078446686297553,False,True,0,,,,,,,0,{},14,expanding,40,1965:Q3,,4,0.02
bridge,exact,2023:Q1:pre_second:exact,2023-05-24,pre_second,S,2023:Q1,1.382136405713674,,,not_available,1.2725,0.10963640571367406,False,True,0,,,,,,,0,{},14,expanding,40,1965:Q3,,4,0.02
indicator_revision_only_dfm_kalman_em,exact,2023:Q1:pre_second:exact,2023-05-24,pre_second,S,2023:Q1,1.1630887917886334,0.3746655432296811,0.6120992919695963,model_implied_state_space,1.2725,-0.10941120821136652,False,False,50,-3555.1554549217108,-5552.827444537036,-3555.1554549217108,1.642805522130402,0.00046174780071016715,51.0,0,{},14,expanding,40,1965:Q3,,4,0.02
joint_indicator_revision_dfm_full_kalman_em,exact,2023:Q1:pre_second:exact,2023-05-24,pre_second,S,2023:Q1,0.7478929396565492,0.35310014972629783,0.5942223066549234,model_implied_state_space,1.2725,-0.5246070603434507,False,False,50,-3530.423307110231,-5562.776855411674,-3530.423307110231,0.3025708655195558,8.567223957171269e-05,51.0,0,{},14,expanding,40,1965:Q3,,4,0.02
midas_umidas,exact,2023:Q1:pre_second:exact,2023-05-24,pre_second,S,2023:Q1,2.8528520906636743,,,not_available,1.2725,1.5803520906636743,False,True,0,,,,,,,0,{},14,expanding,40,1965:Q3,,4,0.02
monthly_mixed_frequency_kalman_em,exact,2023:Q1:pre_second:exact,2023-05-24,pre_second,S,2023:Q1,1.1620186850303027,0.35757114357673675,0.5979725274431399,model_implied_state_space,1.2725,-0.11048131496969726,False,True,29,-6237.524323283352,-8320.166253338773,-6237.524323283352,0.6144393485037654,9.848143660208904e-05,29.0,0,{},14,expanding,40,1965:Q3,,4,0.02
no_revision,exact,2023:Q1:pre_second:exact,2023-05-24,pre_second,S,2023:Q1,1.0626,,,not_available,1.2725,-0.20989999999999998,False,True,0,,,,,,,0,{},14,expanding,40,1965:Q3,,4,0.02
release_dfm,exact,2023:Q1:pre_second:exact,2023-05-24,pre_second,S,2023:Q1,1.1622657647996562,,,not_available,1.2725,-0.11023423520034381,False,True,0,,,,,,,0,{},14,expanding,40,1965:Q3,,4,0.02
revision_dfm_kalman_em,exact,2023:Q1:pre_second:exact,2023-05-24,pre_second,S,2023:Q1,1.0639012260296274,0.3886278938828762,0.6234002677917906,model_implied_state_space,1.2725,-0.20859877397037252,False,True,24,-1876.2754930950261,-3458.6963605812425,-1876.2754930950261,0.18311695408169726,9.75344825721125e-05,24.0,0,{},14,expanding,40,1965:Q3,,4,0.02
standard_dfm,exact,2023:Q1:pre_second:exact,2023-05-24,pre_second,S,2023:Q1,1.994432314912935,,,not_available,1.2725,0.7219323149129351,False,True,0,,,,,,,0,{},14,expanding,40,1965:Q3,,4,0.02
ar,pseudo,2023:Q1:pre_second:pseudo,2023-05-31,pre_second,S,2023:Q1,2.5803446686297553,,,not_available,1.2725,1.3078446686297553,False,True,0,,,,,,,0,{},14,expanding,40,1965:Q3,,4,0.02
bridge,pseudo,2023:Q1:pre_second:pseudo,2023-05-31,pre_second,S,2023:Q1,1.248300417284067,,,not_available,1.2725,-0.02419958271593292,False,True,0,,,,,,,0,{},14,expanding,40,1965:Q3,,4,0.02
indicator_revision_only_dfm_kalman_em,pseudo,2023:Q1:pre_second:pseudo,2023-05-31,pre_second,S,2023:Q1,1.164728882181142,0.3746389332788938,0.6120775549543488,model_implied_state_space,1.2725,-0.10777111781885806,False,False,50,-3555.709951552393,-5552.874524363236,-3555.709951552393,1.6885364660911364,0.00047452146570335586,51.0,0,{},14,expanding,40,1965:Q3,,4,0.02
joint_indicator_revision_dfm_full_kalman_em,pseudo,2023:Q1:pre_second:pseudo,2023-05-31,pre_second,S,2023:Q1,0.7413602302018445,0.35326969288788945,0.5943649492423737,model_implied_state_space,1.2725,-0.5311397697981555,False,False,50,-3530.69995613571,-5562.823922647651,-3530.69995613571,0.37979105453541706,0.00010752618335912128,51.0,0,{},14,expanding,40,1965:Q3,,4,0.02
midas_umidas,pseudo,2023:Q1:pre_second:pseudo,2023-05-31,pre_second,S,2023:Q1,2.8130267583176103,,,not_available,1.2725,1.5405267583176103,False,True,0,,,,,,,0,{},14,expanding,40,1965:Q3,,4,0.02
monthly_mixed_frequency_kalman_em,pseudo,2023:Q1:pre_second:pseudo,2023-05-31,pre_second,S,2023:Q1,1.1618655581720163,0.3575671408335176,0.5979691805047461,model_implied_state_space,1.2725,-0.11063444182798365,False,True,29,-6239.782735870956,-8322.810894062517,-6239.782735870956,0.613382612688838,9.827650753848645e-05,29.0,0,{},14,expanding,40,1965:Q3,,4,0.02
no_revision,pseudo,2023:Q1:pre_second:pseudo,2023-05-31,pre_second,S,2023:Q1,1.0626,,,not_available,1.2725,-0.20989999999999998,False,True,0,,,,,,,0,{},14,expanding,40,1965:Q3,,4,0.02
release_dfm,pseudo,2023:Q1:pre_second:pseudo,2023-05-31,pre_second,S,2023:Q1,1.163006401456031,,,not_available,1.2725,-0.1094935985439689,False,True,0,,,,,,,0,{},14,expanding,40,1965:Q3,,4,0.02
revision_dfm_kalman_em,pseudo,2023:Q1:pre_second:pseudo,2023-05-31,pre_second,S,2023:Q1,1.0605026636815296,0.3886103918121007,0.6233862300469114,model_implied_state_space,1.2725,-0.2119973363184704,False,True,24,-1876.1516270278953,-3458.685816541107,-1876.1516270278953,0.18301942179755315,9.748897041008055e-05,24.0,0,{},14,expanding,40,1965:Q3,,4,0.02
standard_dfm,pseudo,2023:Q1:pre_second:pseudo,2023-05-31,pre_second,S,2023:Q1,1.9423941148983723,,,not_available,1.2725,0.6698941148983724,False,True,0,,,,,,,0,{},14,expanding,40,1965:Q3,,4,0.02
ar,exact,2023:Q1:pre_third:exact,2023-06-28,pre_third,T,2023:Q1,2.640678980319079,,,not_available,2.0027,0.6379789803190792,False,True,0,,,,,,,0,{},14,expanding,40,1965:Q3,,4,0.02
bridge,exact,2023:Q1:pre_third:exact,2023-06-28,pre_third,T,2023:Q1,1.427554557879653,,,not_available,2.0027,-0.575145442120347,False,True,0,,,,,,,0,{},14,expanding,40,1965:Q3,,4,0.02
indicator_revision_only_dfm_kalman_em,exact,2023:Q1:pre_third:exact,2023-06-28,pre_third,T,2023:Q1,1.2680415479235159,0.14208001516155905,0.37693502777210697,model_implied_state_space,2.0027,-0.7346584520764841,False,False,50,-3553.763839865188,-5553.661800923621,-3553.763839865188,1.6031128348322454,0.00045077261603028624,51.0,0,{},14,expanding,40,1965:Q3,,4,0.02
joint_indicator_revision_dfm_full_kalman_em,exact,2023:Q1:pre_third:exact,2023-06-28,pre_third,T,2023:Q1,1.24138896758128,0.1395239875101583,0.37352909861235484,model_implied_state_space,2.0027,-0.76131103241872,False,True,49,-3530.2350964093853,-5563.583243798727,-3530.2350964093853,0.34177715274563525,9.677749203315547e-05,49.0,0,{},14,expanding,40,1965:Q3,,4,0.02
midas_umidas,exact,2023:Q1:pre_third:exact,2023-06-28,pre_third,T,2023:Q1,1.2625737787674116,,,not_available,2.0027,-0.7401262212325883,False,True,0,,,,,,,0,{},14,expanding,40,1965:Q3,,4,0.02
monthly_mixed_frequency_kalman_em,exact,2023:Q1:pre_third:exact,2023-06-28,pre_third,T,2023:Q1,1.2978032536119504,0.14334089355876176,0.378603874199356,model_implied_state_space,2.0027,-0.7048967463880496,False,True,28,-6249.628086044323,-8312.439671527021,-6249.628086044323,0.6250941354346651,9.999501178685107e-05,28.0,0,{},14,expanding,40,1965:Q3,,4,0.02
no_revision,exact,2023:Q1:pre_third:exact,2023-06-28,pre_third,T,2023:Q1,1.2725,,,not_available,2.0027,-0.7302,False,True,0,,,,,,,0,{},14,expanding,40,1965:Q3,,4,0.02
release_dfm,exact,2023:Q1:pre_third:exact,2023-06-28,pre_third,T,2023:Q1,1.3064709067711007,,,not_available,2.0027,-0.6962290932288993,False,True,0,,,,,,,0,{},14,expanding,40,1965:Q3,,4,0.02
revision_dfm_kalman_em,exact,2023:Q1:pre_third:exact,2023-06-28,pre_third,T,2023:Q1,1.258361530272392,0.140641480855481,0.3750219738301757,model_implied_state_space,2.0027,-0.7443384697276079,False,True,24,-1875.7168739679526,-3459.9605418492283,-1875.7168739679526,0.18351885602351103,9.777762140450585e-05,24.0,0,{},14,expanding,40,1965:Q3,,4,0.02
standard_dfm,exact,2023:Q1:pre_third:exact,2023-06-28,pre_third,T,2023:Q1,1.8641400992808632,,,not_available,2.0027,-0.1385599007191367,False,True,0,,,,,,,0,{},14,expanding,40,1965:Q3,,4,0.02
ar,pseudo,2023:Q1:pre_third:pseudo,2023-06-30,pre_third,T,2023:Q1,2.640678980319079,,,not_available,2.0027,0.6379789803190792,False,True,0,,,,,,,0,{},14,expanding,40,1965:Q3,,4,0.02
bridge,pseudo,2023:Q1:pre_third:pseudo,2023-06-30,pre_third,T,2023:Q1,1.524588418027784,,,not_available,2.0027,-0.4781115819722159,False,True,0,,,,,,,0,{},14,expanding,40,1965:Q3,,4,0.02
indicator_revision_only_dfm_kalman_em,pseudo,2023:Q1:pre_third:pseudo,2023-06-30,pre_third,T,2023:Q1,1.2680396484281569,0.14207982890318344,0.37693478070242264,model_implied_state_space,2.0027,-0.7346603515718431,False,False,50,-3553.680518565738,-5553.641920921537,-3553.680518565738,1.5994314568383743,0.000449748467307311,51.0,0,{},14,expanding,40,1965:Q3,,4,0.02
joint_indicator_revision_dfm_full_kalman_em,pseudo,2023:Q1:pre_third:pseudo,2023-06-30,pre_third,T,2023:Q1,1.2414594854131635,0.13952462710631042,0.373529954764421,model_implied_state_space,2.0027,-0.7612405145868364,False,True,49,-3530.163219442736,-5563.563365245034,-3530.163219442736,0.3308090357686524,9.367396153043387e-05,49.0,0,{},14,expanding,40,1965:Q3,,4,0.02
midas_umidas,pseudo,2023:Q1:pre_third:pseudo,2023-06-30,pre_third,T,2023:Q1,1.2638732257020224,,,not_available,2.0027,-0.7388267742979775,False,True,0,,,,,,,0,{},14,expanding,40,1965:Q3,,4,0.02
monthly_mixed_frequency_kalman_em,pseudo,2023:Q1:pre_third:pseudo,2023-06-30,pre_third,T,2023:Q1,1.296038893435177,0.14279587010236708,0.37788340808027954,model_implied_state_space,2.0027,-0.706661106564823,False,True,29,-6250.502758745002,-8313.780406769349,-6250.502758745002,0.5686461454006349,9.095323910661623e-05,29.0,0,{},14,expanding,40,1965:Q3,,4,0.02
no_revision,pseudo,2023:Q1:pre_third:pseudo,2023-06-30,pre_third,T,2023:Q1,1.2725,,,not_available,2.0027,-0.7302,False,True,0,,,,,,,0,{},14,expanding,40,1965:Q3,,4,0.02
release_dfm,pseudo,2023:Q1:pre_third:pseudo,2023-06-30,pre_third,T,2023:Q1,1.3061348505649242,,,not_available,2.0027,-0.6965651494350757,False,True,0,,,,,,,0,{},14,expanding,40,1965:Q3,,4,0.02
revision_dfm_kalman_em,pseudo,2023:Q1:pre_third:pseudo,2023-06-30,pre_third,T,2023:Q1,1.2583187076691966,0.14064157820467812,0.37502210362147737,model_implied_state_space,2.0027,-0.7443812923308033,False,True,24,-1875.711752912952,-3459.9577011048386,-1875.711752912952,0.18353231997502917,9.778506100954502e-05,24.0,0,{},14,expanding,40,1965:Q3,,4,0.02
standard_dfm,pseudo,2023:Q1:pre_third:pseudo,2023-06-30,pre_third,T,2023:Q1,1.9032373398679863,,,not_available,2.0027,-0.09946266013201366,False,True,0,,,,,,,0,{},14,expanding,40,1965:Q3,,4,0.02
ar,exact,2023:Q2:pre_advance:exact,2023-07-26,pre_advance,A,2023:Q2,2.421500795288499,,,not_available,2.4137,0.007800795288499085,False,True,0,,,,,,,0,{},14,expanding,40,1965:Q3,,4,0.02
bridge,exact,2023:Q2:pre_advance:exact,2023-07-26,pre_advance,A,2023:Q2,1.2275334257182353,,,not_available,2.4137,-1.1861665742817646,False,True,0,,,,,,,0,{},14,expanding,40,1965:Q3,,4,0.02
indicator_revision_only_dfm_kalman_em,exact,2023:Q2:pre_advance:exact,2023-07-26,pre_advance,A,2023:Q2,2.966562011998321,4.160796472962012,2.0398030475911177,model_implied_state_space,2.4137,0.5528620119983212,False,True,43,-3569.8179413106636,-5594.851695215098,-3569.8179413106636,0.31562680285060196,8.838280529992465e-05,43.0,0,{},14,expanding,40,1965:Q3,,4,0.02
joint_indicator_revision_dfm_full_kalman_em,exact,2023:Q2:pre_advance:exact,2023-07-26,pre_advance,A,2023:Q2,2.6649491133397607,3.13571507895222,1.7707950414862303,model_implied_state_space,2.4137,0.25124911333976074,False,True,43,-3539.4972219633896,-5606.083832340855,-3539.4972219633896,0.2750219152603677,7.767286239204751e-05,43.0,0,{},14,expanding,40,1965:Q3,,4,0.02
midas_umidas,exact,2023:Q2:pre_advance:exact,2023-07-26,pre_advance,A,2023:Q2,4.460695135442568,,,not_available,2.4137,2.0469951354425677,False,True,0,,,,,,,0,{},14,expanding,40,1965:Q3,,4,0.02
monthly_mixed_frequency_kalman_em,exact,2023:Q2:pre_advance:exact,2023-07-26,pre_advance,A,2023:Q2,3.138394183136487,4.372574229196063,2.0910701158010134,model_implied_state_space,2.4137,0.7246941831364873,False,True,28,-6242.887466637736,-8336.377463423803,-6242.887466637736,0.5975367835417273,9.569032245482921e-05,28.0,0,{},14,expanding,40,1965:Q3,,4,0.02
no_revision,exact,2023:Q2:pre_advance:exact,2023-07-26,pre_advance,A,2023:Q2,2.4867897204454863,,,not_available,2.4137,0.07308972044548634,False,True,0,,,,,,,0,{},14,expanding,40,1965:Q3,,4,0.02
release_dfm,exact,2023:Q2:pre_advance:exact,2023-07-26,pre_advance,A,2023:Q2,2.7615889554249984,,,not_available,2.4137,0.3478889554249984,False,True,0,,,,,,,0,{},14,expanding,40,1965:Q3,,4,0.02
revision_dfm_kalman_em,exact,2023:Q2:pre_advance:exact,2023-07-26,pre_advance,A,2023:Q2,2.369044956042309,2.974858204736107,1.7247777261827413,model_implied_state_space,2.4137,-0.04465504395769093,False,True,30,-1867.8157701762161,-3463.476680188079,-1867.8157701762161,0.18078956791737255,9.673081899204926e-05,30.0,0,{},14,expanding,40,1965:Q3,,4,0.02
standard_dfm,exact,2023:Q2:pre_advance:exact,2023-07-26,pre_advance,A,2023:Q2,2.7615889554249984,,,not_available,2.4137,0.3478889554249984,False,True,0,,,,,,,0,{},14,expanding,40,1965:Q3,,4,0.02
ar,pseudo,2023:Q2:pre_advance:pseudo,2023-07-31,pre_advance,A,2023:Q2,2.421500795288499,,,not_available,2.4137,0.007800795288499085,False,True,0,,,,,,,0,{},14,expanding,40,1965:Q3,,4,0.02
bridge,pseudo,2023:Q2:pre_advance:pseudo,2023-07-31,pre_advance,A,2023:Q2,1.4284183025022403,,,not_available,2.4137,-0.9852816974977596,False,True,0,,,,,,,0,{},14,expanding,40,1965:Q3,,4,0.02
indicator_revision_only_dfm_kalman_em,pseudo,2023:Q2:pre_advance:pseudo,2023-07-31,pre_advance,A,2023:Q2,3.0698623188317575,3.29748914440258,1.81589899069375,model_implied_state_space,2.4137,0.6561623188317576,False,True,46,-3520.4394125703807,-5595.161728748682,-3520.4394125703807,0.29746987457610885,8.446680842595803e-05,46.0,0,{},14,expanding,40,1965:Q3,,4,0.02
joint_indicator_revision_dfm_full_kalman_em,pseudo,2023:Q2:pre_advance:pseudo,2023-07-31,pre_advance,A,2023:Q2,2.744053090967189,3.0983746502042746,1.7602200573235935,model_implied_state_space,2.4137,0.330353090967189,False,True,41,-3540.3528118011945,-5606.3938930031445,-3540.3528118011945,0.33983376017749833,9.595235786577787e-05,41.0,0,{},14,expanding,40,1965:Q3,,4,0.02
midas_umidas,pseudo,2023:Q2:pre_advance:pseudo,2023-07-31,pre_advance,A,2023:Q2,4.771591764309844,,,not_available,2.4137,2.357891764309844,False,True,0,,,,,,,0,{},14,expanding,40,1965:Q3,,4,0.02
monthly_mixed_frequency_kalman_em,pseudo,2023:Q2:pre_advance:pseudo,2023-07-31,pre_advance,A,2023:Q2,3.1435748094928213,4.371676752172048,2.0908555072438766,model_implied_state_space,2.4137,0.7298748094928214,False,True,28,-6246.26129212147,-8339.204677727917,-6246.26129212147,0.5993356197122921,9.592653476474436e-05,28.0,0,{},14,expanding,40,1965:Q3,,4,0.02
no_revision,pseudo,2023:Q2:pre_advance:pseudo,2023-07-31,pre_advance,A,2023:Q2,2.4867897204454863,,,not_available,2.4137,0.07308972044548634,False,True,0,,,,,,,0,{},14,expanding,40,1965:Q3,,4,0.02
release_dfm,pseudo,2023:Q2:pre_advance:pseudo,2023-07-31,pre_advance,A,2023:Q2,3.0390890391438723,,,not_available,2.4137,0.6253890391438723,False,True,0,,,,,,,0,{},14,expanding,40,1965:Q3,,4,0.02
revision_dfm_kalman_em,pseudo,2023:Q2:pre_advance:pseudo,2023-07-31,pre_advance,A,2023:Q2,2.4695804229425287,2.9709908390669297,1.7236562415594734,model_implied_state_space,2.4137,0.05588042294252871,False,True,30,-1868.44177709197,-3463.6005893932984,-1868.44177709197,0.18186677505809712,9.727453739402533e-05,30.0,0,{},14,expanding,40,1965:Q3,,4,0.02
standard_dfm,pseudo,2023:Q2:pre_advance:pseudo,2023-07-31,pre_advance,A,2023:Q2,3.0390890391438723,,,not_available,2.4137,0.6253890391438723,False,True,0,,,,,,,0,{},14,expanding,40,1965:Q3,,4,0.02
ar,exact,2023:Q2:pre_second:exact,2023-08-29,pre_second,S,2023:Q2,2.5001869441568183,,,not_available,2.0608,0.43938694415681834,False,True,0,,,,,,,0,{},14,expanding,40,1965:Q3,,4,0.02
bridge,exact,2023:Q2:pre_second:exact,2023-08-29,pre_second,S,2023:Q2,1.5948661030667803,,,not_available,2.0608,-0.4659338969332196,False,True,0,,,,,,,0,{},14,expanding,40,1965:Q3,,4,0.02
indicator_revision_only_dfm_kalman_em,exact,2023:Q2:pre_second:exact,2023-08-29,pre_second,S,2023:Q2,2.4805010237422693,0.3633310477092352,0.6027694814016675,model_implied_state_space,2.0608,0.41970102374226936,False,True,48,-3521.0916511100045,-5596.428488038609,-3521.0916511100045,0.3415430315099002,9.69622453246103e-05,48.0,0,{},14,expanding,40,1965:Q3,,4,0.02
joint_indicator_revision_dfm_full_kalman_em,exact,2023:Q2:pre_second:exact,2023-08-29,pre_second,S,2023:Q2,2.8514448359168614,0.35455571622291315,0.595445813003092,model_implied_state_space,2.0608,0.7906448359168614,False,True,41,-3540.963553545079,-5607.745979419221,-3540.963553545079,0.3460531935920699,9.769140250580008e-05,41.0,0,{},14,expanding,40,1965:Q3,,4,0.02
midas_umidas,exact,2023:Q2:pre_second:exact,2023-08-29,pre_second,S,2023:Q2,3.3156196122347628,,,not_available,2.0608,1.2548196122347628,False,True,0,,,,,,,0,{},14,expanding,40,1965:Q3,,4,0.02
monthly_mixed_frequency_kalman_em,exact,2023:Q2:pre_second:exact,2023-08-29,pre_second,S,2023:Q2,2.48852910547468,0.3549966945122124,0.5958159904804606,model_implied_state_space,2.0608,0.4277291054746799,False,True,29,-6270.679786129267,-8392.850322523933,-6270.679786129267,0.595911205730772,9.500717673873398e-05,29.0,0,{},14,expanding,40,1965:Q3,,4,0.02
no_revision,exact,2023:Q2:pre_second:exact,2023-08-29,pre_second,S,2023:Q2,2.4137,,,not_available,2.0608,0.3529,False,True,0,,,,,,,0,{},14,expanding,40,1965:Q3,,4,0.02
release_dfm,exact,2023:Q2:pre_second:exact,2023-08-29,pre_second,S,2023:Q2,2.522739158381145,,,not_available,2.0608,0.4619391583811452,False,True,0,,,,,,,0,{},14,expanding,40,1965:Q3,,4,0.02
revision_dfm_kalman_em,exact,2023:Q2:pre_second:exact,2023-08-29,pre_second,S,2023:Q2,2.5612432551103628,0.38719833596832637,0.6222526303426337,model_implied_state_space,2.0608,0.5004432551103628,False,True,24,-1869.058865424991,-3486.7338981593666,-1869.058865424991,0.1744424682999579,9.327310531992247e-05,24.0,0,{},14,expanding,40,1965:Q3,,4,0.02
standard_dfm,exact,2023:Q2:pre_second:exact,2023-08-29,pre_second,S,2023:Q2,2.9194924158613405,,,not_available,2.0608,0.8586924158613405,False,True,0,,,,,,,0,{},14,expanding,40,1965:Q3,,4,0.02
ar,pseudo,2023:Q2:pre_second:pseudo,2023-08-31,pre_second,S,2023:Q2,2.5001869441568183,,,not_available,2.0608,0.43938694415681834,False,True,0,,,,,,,0,{},14,expanding,40,1965:Q3,,4,0.02
bridge,pseudo,2023:Q2:pre_second:pseudo,2023-08-31,pre_second,S,2023:Q2,1.5789487899208259,,,not_available,2.0608,-0.4818512100791741,False,True,0,,,,,,,0,{},14,expanding,40,1965:Q3,,4,0.02
indicator_revision_only_dfm_kalman_em,pseudo,2023:Q2:pre_second:pseudo,2023-08-31,pre_second,S,2023:Q2,2.480468737127119,0.3633294449259901,0.6027681518842797,model_implied_state_space,2.0608,0.41966873712711905,False,True,48,-3521.0900091883213,-5596.431174311599,-3521.0900091883213,0.3410579982173658,9.682460542507595e-05,48.0,0,{},14,expanding,40,1965:Q3,,4,0.02
joint_indicator_revision_dfm_full_kalman_em,pseudo,2023:Q2:pre_second:pseudo,2023-08-31,pre_second,S,2023:Q2,2.851436075180559,0.3545554113584353,0.5954455570062097,model_implied_state_space,2.0608,0.7906360751805592,False,True,41,-3540.9634487375324,-5607.748666089106,-3540.9634487375324,0.3458991664010682,9.764792750405743e-05,41.0,0,{},14,expanding,40,1965:Q3,,4,0.02
midas_umidas,pseudo,2023:Q2:pre_second:pseudo,2023-08-31,pre_second,S,2023:Q2,3.338755249540821,,,not_available,2.0608,1.2779552495408208,False,True,0,,,,,,,0,{},14,expanding,40,1965:Q3,,4,0.02
monthly_mixed_frequency_kalman_em,pseudo,2023:Q2:pre_second:pseudo,2023-08-31,pre_second,S,2023:Q2,2.488477073383208,0.3549942202045279,0.5958139140742921,model_implied_state_space,2.0608,0.42767707338320804,False,True,29,-6272.106674034055,-8394.186911469053,-6272.106674034055,0.5963899458820379,9.506187012677925e-05,29.0,0,{},14,expanding,40,1965:Q3,,4,0.02
no_revision,pseudo,2023:Q2:pre_second:pseudo,2023-08-31,pre_second,S,2023:Q2,2.4137,,,not_available,2.0608,0.3529,False,True,0,,,,,,,0,{},14,expanding,40,1965:Q3,,4,0.02
release_dfm,pseudo,2023:Q2:pre_second:pseudo,2023-08-31,pre_second,S,2023:Q2,2.522839391220714,,,not_available,2.0608,0.4620393912207139,False,True,0,,,,,,,0,{},14,expanding,40,1965:Q3,,4,0.02
revision_dfm_kalman_em,pseudo,2023:Q2:pre_second:pseudo,2023-08-31,pre_second,S,2023:Q2,2.5612977609588023,0.38719813820414595,0.6222524714327344,model_implied_state_space,2.0608,0.5004977609588024,False,True,24,-1869.0577122694565,-3486.735050837056,-1869.0577122694565,0.17444190111154967,9.327285958727042e-05,24.0,0,{},14,expanding,40,1965:Q3,,4,0.02
standard_dfm,pseudo,2023:Q2:pre_second:pseudo,2023-08-31,pre_second,S,2023:Q2,2.9123292122020277,,,not_available,2.0608,0.8515292122020277,False,True,0,,,,,,,0,{},14,expanding,40,1965:Q3,,4,0.02
ar,exact,2023:Q2:pre_third:exact,2023-09-27,pre_third,T,2023:Q2,2.60892873043342,,,not_available,2.0617,0.54722873043342,False,True,0,,,,,,,0,{},14,expanding,40,1965:Q3,,4,0.02
bridge,exact,2023:Q2:pre_third:exact,2023-09-27,pre_third,T,2023:Q2,2.03912158462578,,,not_available,2.0617,-0.022578415374220118,False,True,0,,,,,,,0,{},14,expanding,40,1965:Q3,,4,0.02
indicator_revision_only_dfm_kalman_em,exact,2023:Q2:pre_third:exact,2023-09-27,pre_third,T,2023:Q2,2.0877810285158933,0.14559869273515239,0.3815739675805366,model_implied_state_space,2.0617,0.026081028515893223,False,True,23,-3619.4878338942035,-5623.267925588506,-3619.4878338942035,0.35470312066308907,9.796148742649196e-05,23.0,0,{},14,expanding,40,1965:Q3,,4,0.02
joint_indicator_revision_dfm_full_kalman_em,exact,2023:Q2:pre_third:exact,2023-09-27,pre_third,T,2023:Q2,2.106651840558275,0.14165240522230096,0.3763673806565879,model_implied_state_space,2.0617,0.044951840558274725,False,True,26,-3583.588764314424,-5634.664682958716,-3583.588764314424,0.3509933526056557,9.79077408079157e-05,26.0,0,{},14,expanding,40,1965:Q3,,4,0.02
midas_umidas,exact,2023:Q2:pre_third:exact,2023-09-27,pre_third,T,2023:Q2,2.018278752415345,,,not_available,2.0617,-0.04342124758465493,False,True,0,,,,,,,0,{},14,expanding,40,1965:Q3,,4,0.02
monthly_mixed_frequency_kalman_em,exact,2023:Q2:pre_third:exact,2023-09-27,pre_third,T,2023:Q2,2.1065103894964192,0.14564443923137343,0.3816339073397088,model_implied_state_space,2.0617,0.044810389496419134,False,True,29,-6284.847682590604,-8413.02125565041,-6284.847682590604,0.5911701471686683,9.403895607943614e-05,29.0,0,{},14,expanding,40,1965:Q3,,4,0.02
no_revision,exact,2023:Q2:pre_third:exact,2023-09-27,pre_third,T,2023:Q2,2.0608,,,not_available,2.0617,-0.0009000000000001229,False,True,0,,,,,,,0,{},14,expanding,40,1965:Q3,,4,0.02
release_dfm,exact,2023:Q2:pre_third:exact,2023-09-27,pre_third,T,2023:Q2,2.2165779953550744,,,not_available,2.0617,0.1548779953550743,False,True,0,,,,,,,0,{},14,expanding,40,1965:Q3,,4,0.02
revision_dfm_kalman_em,exact,2023:Q2:pre_third:exact,2023-09-27,pre_third,T,2023:Q2,2.0883593861166165,0.14200110540437047,0.3768303403447903,model_implied_state_space,2.0617,0.026659386116616446,False,True,30,-1868.7359626431235,-3466.259382226534,-1868.7359626431235,0.18337256022823567,9.806442276735648e-05,30.0,0,{},14,expanding,40,1965:Q3,,4,0.02
standard_dfm,exact,2023:Q2:pre_third:exact,2023-09-27,pre_third,T,2023:Q2,3.0534280357652785,,,not_available,2.0617,0.9917280357652785,False,True,0,,,,,,,0,{},14,expanding,40,1965:Q3,,4,0.02
ar,pseudo,2023:Q2:pre_third:pseudo,2023-09-30,pre_third,T,2023:Q2,2.60892873043342,,,not_available,2.0617,0.54722873043342,False,True,0,,,,,,,0,{},14,expanding,40,1965:Q3,,4,0.02
bridge,pseudo,2023:Q2:pre_third:pseudo,2023-09-30,pre_third,T,2023:Q2,2.0626347827076326,,,not_available,2.0617,0.0009347827076324755,False,True,0,,,,,,,0,{},14,expanding,40,1965:Q3,,4,0.02
indicator_revision_only_dfm_kalman_em,pseudo,2023:Q2:pre_third:pseudo,2023-09-30,pre_third,T,2023:Q2,2.073962742192769,0.14386042200015584,0.37928936447013095,model_implied_state_space,2.0617,0.012262742192768794,False,False,50,-3563.596828960352,-5623.356130081558,-3563.596828960352,2.225381774732341,0.0006239116062568516,51.0,0,{},14,expanding,40,1965:Q3,,4,0.02
joint_indicator_revision_dfm_full_kalman_em,pseudo,2023:Q2:pre_third:pseudo,2023-09-30,pre_third,T,2023:Q2,2.0999932265679293,0.14115102735089824,0.3757007151322689,model_implied_state_space,2.0617,0.03829322656792922,False,False,50,-3551.634510962561,-5634.755462790236,-3551.634510962561,1.780508450077832,0.0005009286873799161,51.0,0,{},14,expanding,40,1965:Q3,,4,0.02
midas_umidas,pseudo,2023:Q2:pre_third:pseudo,2023-09-30,pre_third,T,2023:Q2,2.0717813133095384,,,not_available,2.0617,0.01008131330953832,False,True,0,,,,,,,0,{},14,expanding,40,1965:Q3,,4,0.02
monthly_mixed_frequency_kalman_em,pseudo,2023:Q2:pre_third:pseudo,2023-09-30,pre_third,T,2023:Q2,2.1062829212313527,0.14566680028401682,0.38166320268532156,model_implied_state_space,2.0617,0.04458292123135266,False,True,29,-6284.139096953304,-8413.22599140101,-6284.139096953304,0.5945635219177348,9.458935965683024e-05,29.0,0,{},14,expanding,40,1965:Q3,,4,0.02
no_revision,pseudo,2023:Q2:pre_third:pseudo,2023-09-30,pre_third,T,2023:Q2,2.0608,,,not_available,2.0617,-0.0009000000000001229,False,True,0,,,,,,,0,{},14,expanding,40,1965:Q3,,4,0.02
release_dfm,pseudo,2023:Q2:pre_third:pseudo,2023-09-30,pre_third,T,2023:Q2,2.2164767898526185,,,not_available,2.0617,0.15477678985261845,False,True,0,,,,,,,0,{},14,expanding,40,1965:Q3,,4,0.02
revision_dfm_kalman_em,pseudo,2023:Q2:pre_third:pseudo,2023-09-30,pre_third,T,2023:Q2,2.088637853860234,0.14200588920855778,0.3768366877157236,model_implied_state_space,2.0617,0.02693785386023384,False,True,30,-1868.0273761164603,-3466.1533976724654,-1868.0273761164603,0.18422655710173785,9.855842796943684e-05,30.0,0,{},14,expanding,40,1965:Q3,,4,0.02
standard_dfm,pseudo,2023:Q2:pre_third:pseudo,2023-09-30,pre_third,T,2023:Q2,3.0733311673430217,,,not_available,2.0617,1.0116311673430216,False,True,0,,,,,,,0,{},14,expanding,40,1965:Q3,,4,0.02
ar,exact,2023:Q3:pre_advance:exact,2023-10-25,pre_advance,A,2023:Q3,2.474420689104078,,,not_available,4.8777,-2.403279310895922,False,True,0,,,,,,,0,{},14,expanding,40,1965:Q3,,4,0.02
bridge,exact,2023:Q3:pre_advance:exact,2023-10-25,pre_advance,A,2023:Q3,2.550861197803975,,,not_available,4.8777,-2.326838802196025,False,True,0,,,,,,,0,{},14,expanding,40,1965:Q3,,4,0.02
indicator_revision_only_dfm_kalman_em,exact,2023:Q3:pre_advance:exact,2023-10-25,pre_advance,A,2023:Q3,2.0538171634194518,3.262086163476226,1.806124625676818,model_implied_state_space,4.8777,-2.823882836580548,False,True,42,-3523.398082912855,-5634.088563204111,-3523.398082912855,0.323694536882158,9.18354858397824e-05,42.0,0,{},14,expanding,40,1965:Q3,,4,0.02
joint_indicator_revision_dfm_full_kalman_em,exact,2023:Q3:pre_advance:exact,2023-10-25,pre_advance,A,2023:Q3,1.9779189635045595,2.481936152688537,1.5754161839617293,model_implied_state_space,4.8777,-2.8997810364954404,False,True,43,-3496.23687682787,-5646.535289499775,-3496.23687682787,0.3384824910062889,9.677632537764834e-05,43.0,0,{},14,expanding,40,1965:Q3,,4,0.02
midas_umidas,exact,2023:Q3:pre_advance:exact,2023-10-25,pre_advance,A,2023:Q3,5.237756856016864,,,not_available,4.8777,0.36005685601686377,False,True,0,,,,,,,0,{},14,expanding,40,1965:Q3,,4,0.02
monthly_mixed_frequency_kalman_em,exact,2023:Q3:pre_advance:exact,2023-10-25,pre_advance,A,2023:Q3,2.509957968590254,4.476689152145218,2.115818790006653,model_implied_state_space,4.8777,-2.3677420314097457,False,True,28,-6271.232872160944,-8434.48163553542,-6271.232872160944,0.6123506651765638,9.761928493760602e-05,28.0,0,{},14,expanding,40,1965:Q3,,4,0.02
no_revision,exact,2023:Q3:pre_advance:exact,2023-10-25,pre_advance,A,2023:Q3,2.361567028740433,,,not_available,4.8777,-2.516132971259567,False,True,0,,,,,,,0,{},14,expanding,40,1965:Q3,,4,0.02
release_dfm,exact,2023:Q3:pre_advance:exact,2023-10-25,pre_advance,A,2023:Q3,2.0334805270938823,,,not_available,4.8777,-2.8442194729061177,False,True,0,,,,,,,0,{},14,expanding,40,1965:Q3,,4,0.02
revision_dfm_kalman_em,exact,2023:Q3:pre_advance:exact,2023-10-25,pre_advance,A,2023:Q3,2.6078552982892433,2.974131976459146,1.7245671852552298,model_implied_state_space,4.8777,-2.2698447017107566,False,True,24,-1855.7605400545342,-3513.237909507826,-1855.7605400545342,0.17462302163085042,9.403829767624902e-05,24.0,0,{},14,expanding,40,1965:Q3,,4,0.02
standard_dfm,exact,2023:Q3:pre_advance:exact,2023-10-25,pre_advance,A,2023:Q3,2.0334805270938823,,,not_available,4.8777,-2.8442194729061177,False,True,0,,,,,,,0,{},14,expanding,40,1965:Q3,,4,0.02
ar,pseudo,2023:Q3:pre_advance:pseudo,2023-10-31,pre_advance,A,2023:Q3,2.474420689104078,,,not_available,4.8777,-2.403279310895922,False,True,0,,,,,,,0,{},14,expanding,40,1965:Q3,,4,0.02
bridge,pseudo,2023:Q3:pre_advance:pseudo,2023-10-31,pre_advance,A,2023:Q3,2.6266820530183033,,,not_available,4.8777,-2.2510179469816967,False,True,0,,,,,,,0,{},14,expanding,40,1965:Q3,,4,0.02
indicator_revision_only_dfm_kalman_em,pseudo,2023:Q3:pre_advance:pseudo,2023-10-31,pre_advance,A,2023:Q3,2.186987541046279,3.2601315160674336,1.8055834281659304,model_implied_state_space,4.8777,-2.690712458953721,False,True,42,-3523.357196734802,-5633.734128445471,-3523.357196734802,0.320815005917666,9.10196633136501e-05,42.0,0,{},14,expanding,40,1965:Q3,,4,0.02
joint_indicator_revision_dfm_full_kalman_em,pseudo,2023:Q3:pre_advance:pseudo,2023-10-31,pre_advance,A,2023:Q3,2.0871051168784986,2.47755633642626,1.5740255196235733,model_implied_state_space,4.8777,-2.7905948831215013,False,True,43,-3496.143563716522,-5646.180785864809,-3496.143563716522,0.32565144418140335,9.311059630483129e-05,43.0,0,{},14,expanding,40,1965:Q3,,4,0.02
midas_umidas,pseudo,2023:Q3:pre_advance:pseudo,2023-10-31,pre_advance,A,2023:Q3,5.4547370997148406,,,not_available,4.8777,0.5770370997148406,False,True,0,,,,,,,0,{},14,expanding,40,1965:Q3,,4,0.02
monthly_mixed_frequency_kalman_em,pseudo,2023:Q3:pre_advance:pseudo,2023-10-31,pre_advance,A,2023:Q3,2.51182763414455,4.476584072820231,2.1157939580262135,model_implied_state_space,4.8777,-2.36587236585545,False,True,28,-6273.936043005521,-8437.211857189966,-6273.936043005521,0.6123666530402261,9.757978316249553e-05,28.0,0,{},14,expanding,40,1965:Q3,,4,0.02
no_revision,pseudo,2023:Q3:pre_advance:pseudo,2023-10-31,pre_advance,A,2023:Q3,2.361567028740433,,,not_available,4.8777,-2.516132971259567,False,True,0,,,,,,,0,{},14,expanding,40,1965:Q3,,4,0.02
release_dfm,pseudo,2023:Q3:pre_advance:pseudo,2023-10-31,pre_advance,A,2023:Q3,2.1994026395049926,,,not_available,4.8777,-2.6782973604950073,False,True,0,,,,,,,0,{},14,expanding,40,1965:Q3,,4,0.02
revision_dfm_kalman_em,pseudo,2023:Q3:pre_advance:pseudo,2023-10-31,pre_advance,A,2023:Q3,2.6720649854369722,2.976045909312432,1.7251219983851669,model_implied_state_space,4.8777,-2.2056350145630277,False,True,24,-1855.4705191208054,-3513.181435132493,-1855.4705191208054,0.17447652935129554,9.397409292571715e-05,24.0,0,{},14,expanding,40,1965:Q3,,4,0.02
standard_dfm,pseudo,2023:Q3:pre_advance:pseudo,2023-10-31,pre_advance,A,2023:Q3,2.1994026395049926,,,not_available,4.8777,-2.6782973604950073,False,True,0,,,,,,,0,{},14,expanding,40,1965:Q3,,4,0.02
ar,exact,2023:Q3:pre_second:exact,2023-11-28,pre_second,S,2023:Q3,2.54002161309456,,,not_available,5.154,-2.61397838690544,False,True,0,,,,,,,0,{},14,expanding,40,1965:Q3,,4,0.02
bridge,exact,2023:Q3:pre_second:exact,2023-11-28,pre_second,S,2023:Q3,2.6154231874308147,,,not_available,5.154,-2.538576812569185,False,True,0,,,,,,,0,{},14,expanding,40,1965:Q3,,4,0.02
indicator_revision_only_dfm_kalman_em,exact,2023:Q3:pre_second:exact,2023-11-28,pre_second,S,2023:Q3,4.561177696987445,0.36355430021681673,0.6029546419232683,model_implied_state_space,5.154,-0.5928223030125546,False,True,42,-3524.7190715415486,-5634.986581567831,-3524.7190715415486,0.33128674070121633,9.395405823489315e-05,42.0,0,{},14,expanding,40,1965:Q3,,4,0.02
joint_indicator_revision_dfm_full_kalman_em,exact,2023:Q3:pre_second:exact,2023-11-28,pre_second,S,2023:Q3,5.109577733850078,0.360534084381957,0.6004449053676424,model_implied_state_space,5.154,-0.04442226614992162,False,True,44,-3497.6570577678526,-5647.506118935399,-3497.6570577678526,0.29001835005419707,8.288732116976555e-05,44.0,0,{},14,expanding,40,1965:Q3,,4,0.02
midas_umidas,exact,2023:Q3:pre_second:exact,2023-11-28,pre_second,S,2023:Q3,5.271294002966679,,,not_available,5.154,0.11729400296667869,False,True,0,,,,,,,0,{},14,expanding,40,1965:Q3,,4,0.02
monthly_mixed_frequency_kalman_em,exact,2023:Q3:pre_second:exact,2023-11-28,pre_second,S,2023:Q3,4.857717196523202,0.35312873698720865,0.5942463605165863,model_implied_state_space,5.154,-0.2962828034767977,False,True,28,-6291.491351685551,-8456.424228187041,-6291.491351685551,0.6106352707283804,9.703247651063735e-05,28.0,0,{},14,expanding,40,1965:Q3,,4,0.02
no_revision,exact,2023:Q3:pre_second:exact,2023-11-28,pre_second,S,2023:Q3,4.8777,,,not_available,5.154,-0.2763,False,True,0,,,,,,,0,{},14,expanding,40,1965:Q3,,4,0.02
release_dfm,exact,2023:Q3:pre_second:exact,2023-11-28,pre_second,S,2023:Q3,5.033606177917488,,,not_available,5.154,-0.12039382208251226,False,True,0,,,,,,,0,{},14,expanding,40,1965:Q3,,4,0.02
revision_dfm_kalman_em,exact,2023:Q3:pre_second:exact,2023-11-28,pre_second,S,2023:Q3,5.117360161188874,0.38642349327601233,0.6216297075237093,model_implied_state_space,5.154,-0.036639838811125536,False,True,32,-1856.6169330333285,-3487.5938893121156,-1856.6169330333285,0.1785571086627442,9.611235984273873e-05,32.0,0,{},14,expanding,40,1965:Q3,,4,0.02
standard_dfm,exact,2023:Q3:pre_second:exact,2023-11-28,pre_second,S,2023:Q3,2.3161379949660077,,,not_available,5.154,-2.837862005033992,False,True,0,,,,,,,0,{},14,expanding,40,1965:Q3,,4,0.02
ar,pseudo,2023:Q3:pre_second:pseudo,2023-11-30,pre_second,S,2023:Q3,2.54002161309456,,,not_available,5.154,-2.61397838690544,False,True,0,,,,,,,0,{},14,expanding,40,1965:Q3,,4,0.02
bridge,pseudo,2023:Q3:pre_second:pseudo,2023-11-30,pre_second,S,2023:Q3,2.7068638396803695,,,not_available,5.154,-2.4471361603196304,False,True,0,,,,,,,0,{},14,expanding,40,1965:Q3,,4,0.02
indicator_revision_only_dfm_kalman_em,pseudo,2023:Q3:pre_second:pseudo,2023-11-30,pre_second,S,2023:Q3,4.561290575525426,0.3635524895084885,0.6029531403919284,model_implied_state_space,5.154,-0.5927094244745739,False,True,42,-3524.7260797665244,-5634.992558139989,-3524.7260797665244,0.33127539682391216,9.39506546423053e-05,42.0,0,{},14,expanding,40,1965:Q3,,4,0.02
joint_indicator_revision_dfm_full_kalman_em,pseudo,2023:Q3:pre_second:pseudo,2023-11-30,pre_second,S,2023:Q3,5.109509366610552,0.3605358132803626,0.6004463450470513,model_implied_state_space,5.154,-0.04449063338944814,False,True,44,-3497.6630923394755,-5647.512100668736,-3497.6630923394755,0.2898186171923953,8.283009933767711e-05,44.0,0,{},14,expanding,40,1965:Q3,,4,0.02
midas_umidas,pseudo,2023:Q3:pre_second:pseudo,2023-11-30,pre_second,S,2023:Q3,5.266785689238887,,,not_available,5.154,0.11278568923888699,False,True,0,,,,,,,0,{},14,expanding,40,1965:Q3,,4,0.02
monthly_mixed_frequency_kalman_em,pseudo,2023:Q3:pre_second:pseudo,2023-11-30,pre_second,S,2023:Q3,4.857986858861848,0.3531236494765777,0.5942420798602012,model_implied_state_space,5.154,-0.29601314113815214,False,True,28,-6292.942281210414,-8457.769307520315,-6292.942281210414,0.6113785419856868,9.712818017500795e-05,28.0,0,{},14,expanding,40,1965:Q3,,4,0.02
no_revision,pseudo,2023:Q3:pre_second:pseudo,2023-11-30,pre_second,S,2023:Q3,4.8777,,,not_available,5.154,-0.2763,False,True,0,,,,,,,0,{},14,expanding,40,1965:Q3,,4,0.02
release_dfm,pseudo,2023:Q3:pre_second:pseudo,2023-11-30,pre_second,S,2023:Q3,5.03301591145204,,,not_available,5.154,-0.12098408854796006,False,True,0,,,,,,,0,{},14,expanding,40,1965:Q3,,4,0.02
revision_dfm_kalman_em,pseudo,2023:Q3:pre_second:pseudo,2023-11-30,pre_second,S,2023:Q3,5.116532746343711,0.3864273538701678,0.621632812736078,model_implied_state_space,5.154,-0.03746725365628922,False,True,32,-1856.6015817943214,-3487.5996742784546,-1856.6015817943214,0.17851933155134247,9.609282145026431e-05,32.0,0,{},14,expanding,40,1965:Q3,,4,0.02
standard_dfm,pseudo,2023:Q3:pre_second:pseudo,2023-11-30,pre_second,S,2023:Q3,2.3558421715670845,,,not_available,5.154,-2.7981578284329154,False,True,0,,,,,,,0,{},14,expanding,40,1965:Q3,,4,0.02
ar,exact,2023:Q3:pre_third:exact,2023-12-20,pre_third,T,2023:Q3,2.6095068723951225,,,not_available,4.8609,-2.2513931276048775,False,True,0,,,,,,,0,{},14,expanding,40,1965:Q3,,4,0.02
bridge,exact,2023:Q3:pre_third:exact,2023-12-20,pre_third,T,2023:Q3,2.8354635402950414,,,not_available,4.8609,-2.0254364597049586,False,True,0,,,,,,,0,{},14,expanding,40,1965:Q3,,4,0.02
indicator_revision_only_dfm_kalman_em,exact,2023:Q3:pre_third:exact,2023-12-20,pre_third,T,2023:Q3,5.130622525494253,0.14317101335371898,0.3783794568336381,model_implied_state_space,4.8609,0.26972252549425324,False,False,50,-3567.4741280975136,-5666.841041933172,-3567.4741280975136,2.158944123643323,0.0006046390317838861,51.0,0,{},14,expanding,40,1965:Q3,,4,0.02
joint_indicator_revision_dfm_full_kalman_em,exact,2023:Q3:pre_third:exact,2023-12-20,pre_third,T,2023:Q3,5.16775977142376,0.14053113761719332,0.3748748292659742,model_implied_state_space,4.8609,0.30685977142375975,False,False,50,-3552.635163350701,-5679.735794372355,-3552.635163350701,1.6223735739172298,0.00045633081628191166,51.0,0,{},14,expanding,40,1965:Q3,,4,0.02
midas_umidas,exact,2023:Q3:pre_third:exact,2023-12-20,pre_third,T,2023:Q3,5.209887251730508,,,not_available,4.8609,0.3489872517305077,False,True,0,,,,,,,0,{},14,expanding,40,1965:Q3,,4,0.02
monthly_mixed_frequency_kalman_em,exact,2023:Q3:pre_third:exact,2023-12-20,pre_third,T,2023:Q3,5.237394788256574,0.1456353512666994,0.3816220005014116,model_implied_state_space,4.8609,0.3764947882565739,False,True,28,-6306.918384741928,-8475.495049639872,-6306.918384741928,0.6137044809738654,9.728166113671347e-05,28.0,0,{},14,expanding,40,1965:Q3,,4,0.02
no_revision,exact,2023:Q3:pre_third:exact,2023-12-20,pre_third,T,2023:Q3,5.154,,,not_available,4.8609,0.2930999999999999,False,True,0,,,,,,,0,{},14,expanding,40,1965:Q3,,4,0.02
release_dfm,exact,2023:Q3:pre_third:exact,2023-12-20,pre_third,T,2023:Q3,5.22171801343444,,,not_available,4.8609,0.3608180134344403,False,True,0,,,,,,,0,{},14,expanding,40,1965:Q3,,4,0.02
revision_dfm_kalman_em,exact,2023:Q3:pre_third:exact,2023-12-20,pre_third,T,2023:Q3,5.16242529424229,0.1416915413495334,0.37641936898827805,model_implied_state_space,4.8609,0.3015252942422899,False,True,24,-1855.8423838168424,-3515.856279692451,-1855.8423838168424,0.17444962843592293,9.394079003165026e-05,24.0,0,{},14,expanding,40,1965:Q3,,4,0.02
standard_dfm,exact,2023:Q3:pre_third:exact,2023-12-20,pre_third,T,2023:Q3,2.379173273087472,,,not_available,4.8609,-2.481726726912528,False,True,0,,,,,,,0,{},14,expanding,40,1965:Q3,,4,0.02
ar,pseudo,2023:Q3:pre_third:pseudo,2023-12-31,pre_third,T,2023:Q3,2.6095068723951225,,,not_available,4.8609,-2.2513931276048775,False,True,0,,,,,,,0,{},14,expanding,40,1965:Q3,,4,0.02
bridge,pseudo,2023:Q3:pre_third:pseudo,2023-12-31,pre_third,T,2023:Q3,2.7892138435529756,,,not_available,4.8609,-2.0716861564470244,False,True,0,,,,,,,0,{},14,expanding,40,1965:Q3,,4,0.02
indicator_revision_only_dfm_kalman_em,pseudo,2023:Q3:pre_third:pseudo,2023-12-31,pre_third,T,2023:Q3,5.130620278973231,0.14317094450228748,0.3783793658516377,model_implied_state_space,4.8609,0.2697202789732307,False,False,50,-3567.4547757927085,-5666.841049991952,-3567.4547757927085,2.1568372055903637,0.0006040525936057306,51.0,0,{},14,expanding,40,1965:Q3,,4,0.02
joint_indicator_revision_dfm_full_kalman_em,pseudo,2023:Q3:pre_third:pseudo,2023-12-31,pre_third,T,2023:Q3,5.167766546542561,0.14053121609871008,0.37487493394292193,model_implied_state_space,4.8609,0.30686654654256085,False,False,50,-3552.6106481937627,-5679.735799506121,-3552.6106481937627,1.6227997490841517,0.0004564537808405091,51.0,0,{},14,expanding,40,1965:Q3,,4,0.02
midas_umidas,pseudo,2023:Q3:pre_third:pseudo,2023-12-31,pre_third,T,2023:Q3,5.221131687881236,,,not_available,4.8609,0.36023168788123616,False,True,0,,,,,,,0,{},14,expanding,40,1965:Q3,,4,0.02
monthly_mixed_frequency_kalman_em,pseudo,2023:Q3:pre_third:pseudo,2023-12-31,pre_third,T,2023:Q3,5.237348385488698,0.1456371446802226,0.3816243502191947,model_implied_state_space,4.8609,0.37644838548869775,False,True,28,-6309.728050092607,-8478.252957242057,-6309.728050092607,0.6142632677838264,9.732688187162677e-05,28.0,0,{},14,expanding,40,1965:Q3,,4,0.02
no_revision,pseudo,2023:Q3:pre_third:pseudo,2023-12-31,pre_third,T,2023:Q3,5.154,,,not_available,4.8609,0.2930999999999999,False,True,0,,,,,,,0,{},14,expanding,40,1965:Q3,,4,0.02
release_dfm,pseudo,2023:Q3:pre_third:pseudo,2023-12-31,pre_third,T,2023:Q3,5.221872447332197,,,not_available,4.8609,0.36097244733219735,False,True,0,,,,,,,0,{},14,expanding,40,1965:Q3,,4,0.02
revision_dfm_kalman_em,pseudo,2023:Q3:pre_third:pseudo,2023-12-31,pre_third,T,2023:Q3,5.162445494691611,0.14169151409693245,0.3764193327884906,model_implied_state_space,4.8609,0.3015454946916112,False,True,24,-1855.8470918984904,-3515.85516393719,-1855.8470918984904,0.17444984051371648,9.394066605730016e-05,24.0,0,{},14,expanding,40,1965:Q3,,4,0.02
standard_dfm,pseudo,2023:Q3:pre_third:pseudo,2023-12-31,pre_third,T,2023:Q3,2.361136892922804,,,not_available,4.8609,-2.499763107077196,False,True,0,,,,,,,0,{},14,expanding,40,1965:Q3,,4,0.02
ar,exact,2023:Q4:pre_advance:exact,2024-01-24,pre_advance,A,2023:Q4,2.581299805571821,,,not_available,3.28,-0.698700194428179,False,True,0,,,,,,,0,{},14,expanding,40,1965:Q3,,4,0.02
bridge,exact,2023:Q4:pre_advance:exact,2024-01-24,pre_advance,A,2023:Q4,0.6644463382797698,,,not_available,3.28,-2.61555366172023,False,True,0,,,,,,,0,{},14,expanding,40,1965:Q3,,4,0.02
indicator_revision_only_dfm_kalman_em,exact,2023:Q4:pre_advance:exact,2024-01-24,pre_advance,A,2023:Q4,2.326626580737082,4.047398678838973,2.0118147724974516,model_implied_state_space,3.28,-0.9533734192629177,False,False,50,-3596.106966516719,-5705.604362548024,-3596.106966516719,1.5438301671952104,0.0004290024941063522,51.0,0,{},14,expanding,40,1965:Q3,,4,0.02
joint_indicator_revision_dfm_full_kalman_em,exact,2023:Q4:pre_advance:exact,2024-01-24,pre_advance,A,2023:Q4,2.001718564168134,2.929844091167776,1.7116787348003644,model_implied_state_space,3.28,-1.278281435831866,False,False,50,-3578.4201748821265,-5718.438667679472,-3578.4201748821265,1.3738335237699175,0.0003836672873515902,51.0,0,{},14,expanding,40,1965:Q3,,4,0.02
midas_umidas,exact,2023:Q4:pre_advance:exact,2024-01-24,pre_advance,A,2023:Q4,2.274614173385779,,,not_available,3.28,-1.0053858266142206,False,True,0,,,,,,,0,{},14,expanding,40,1965:Q3,,4,0.02
monthly_mixed_frequency_kalman_em,exact,2023:Q4:pre_advance:exact,2024-01-24,pre_advance,A,2023:Q4,0.4156012665671307,4.348259817846876,2.085248142990871,model_implied_state_space,3.28,-2.864398733432869,False,True,28,-6318.979471072895,-8462.522423059914,-6318.979471072895,0.5691164458994535,9.004225472189066e-05,28.0,0,{},14,expanding,40,1965:Q3,,4,0.02
no_revision,exact,2023:Q4:pre_advance:exact,2024-01-24,pre_advance,A,2023:Q4,2.4491677252376145,,,not_available,3.28,-0.8308322747623853,False,True,0,,,,,,,0,{},14,expanding,40,1965:Q3,,4,0.02
release_dfm,exact,2023:Q4:pre_advance:exact,2024-01-24,pre_advance,A,2023:Q4,1.798207053471892,,,not_available,3.28,-1.481792946528108,False,True,0,,,,,,,0,{},14,expanding,40,1965:Q3,,4,0.02
revision_dfm_kalman_em,exact,2023:Q4:pre_advance:exact,2024-01-24,pre_advance,A,2023:Q4,0.7719869783722273,2.964823318821034,1.7218662313957591,model_implied_state_space,3.28,-2.5080130216277725,False,True,32,-1871.885894871584,-3509.805255913898,-1871.885894871584,0.17707395189358976,9.453710571450504e-05,32.0,0,{},14,expanding,40,1965:Q3,,4,0.02
standard_dfm,exact,2023:Q4:pre_advance:exact,2024-01-24,pre_advance,A,2023:Q4,1.798207053471892,,,not_available,3.28,-1.481792946528108,False,True,0,,,,,,,0,{},14,expanding,40,1965:Q3,,4,0.02
ar,pseudo,2023:Q4:pre_advance:pseudo,2024-01-31,pre_advance,A,2023:Q4,2.581299805571821,,,not_available,3.28,-0.698700194428179,False,True,0,,,,,,,0,{},14,expanding,40,1965:Q3,,4,0.02
bridge,pseudo,2023:Q4:pre_advance:pseudo,2024-01-31,pre_advance,A,2023:Q4,0.8011074897944586,,,not_available,3.28,-2.478892510205541,False,True,0,,,,,,,0,{},14,expanding,40,1965:Q3,,4,0.02
indicator_revision_only_dfm_kalman_em,pseudo,2023:Q4:pre_advance:pseudo,2024-01-31,pre_advance,A,2023:Q4,2.3350588818244113,4.054566573720526,2.013595434470521,model_implied_state_space,3.28,-0.9449411181755885,False,False,50,-3595.644427845898,-5705.600412286732,-3595.644427845898,1.381216040154868,0.0003838816553467039,51.0,0,{},14,expanding,40,1965:Q3,,4,0.02
joint_indicator_revision_dfm_full_kalman_em,pseudo,2023:Q4:pre_advance:pseudo,2024-01-31,pre_advance,A,2023:Q4,2.0049906243958033,2.9549056805307017,1.718983909328619,model_implied_state_space,3.28,-1.2750093756041965,False,False,50,-3577.318209656393,-5718.434747906975,-3577.318209656393,1.2276480045779863,0.00034296194360817166,51.0,0,{},14,expanding,40,1965:Q3,,4,0.02
midas_umidas,pseudo,2023:Q4:pre_advance:pseudo,2024-01-31,pre_advance,A,2023:Q4,2.1300973541114523,,,not_available,3.28,-1.1499026458885475,False,True,0,,,,,,,0,{},14,expanding,40,1965:Q3,,4,0.02
monthly_mixed_frequency_kalman_em,pseudo,2023:Q4:pre_advance:pseudo,2024-01-31,pre_advance,A,2023:Q4,0.416057345933289,4.348126073691428,2.0852160736219707,model_implied_state_space,3.28,-2.863942654066711,False,True,28,-6321.663354127863,-8465.217100073798,-6321.663354127863,0.5692953094157929,9.003232064637949e-05,28.0,0,{},14,expanding,40,1965:Q3,,4,0.02
no_revision,pseudo,2023:Q4:pre_advance:pseudo,2024-01-31,pre_advance,A,2023:Q4,2.4491677252376145,,,not_available,3.28,-0.8308322747623853,False,True,0,,,,,,,0,{},14,expanding,40,1965:Q3,,4,0.02
release_dfm,pseudo,2023:Q4:pre_advance:pseudo,2024-01-31,pre_advance,A,2023:Q4,1.9425725996833112,,,not_available,3.28,-1.3374274003166886,False,True,0,,,,,,,0,{},14,expanding,40,1965:Q3,,4,0.02
revision_dfm_kalman_em,pseudo,2023:Q4:pre_advance:pseudo,2024-01-31,pre_advance,A,2023:Q4,0.8255026858869317,2.96282015031477,1.7212844478222564,model_implied_state_space,3.28,-2.454497314113068,False,True,32,-1872.1503138692049,-3509.834065107306,-1872.1503138692049,0.17825826402213352,9.515589879630373e-05,32.0,0,{},14,expanding,40,1965:Q3,,4,0.02
standard_dfm,pseudo,2023:Q4:pre_advance:pseudo,2024-01-31,pre_advance,A,2023:Q4,1.9425725996833112,,,not_available,3.28,-1.3374274003166886,False,True,0,,,,,,,0,{},14,expanding,40,1965:Q3,,4,0.02
ar,exact,2023:Q4:pre_second:exact,2024-02-27,pre_second,S,2023:Q4,2.7150987281081442,,,not_available,3.209,-0.49390127189185584,False,True,0,,,,,,,0,{},14,expanding,40,1965:Q3,,4,0.02
bridge,exact,2023:Q4:pre_second:exact,2024-02-27,pre_second,S,2023:Q4,1.1074443719445055,,,not_available,3.209,-2.1015556280554946,False,True,0,,,,,,,0,{},14,expanding,40,1965:Q3,,4,0.02
indicator_revision_only_dfm_kalman_em,exact,2023:Q4:pre_second:exact,2024-02-27,pre_second,S,2023:Q4,3.1945381375558783,0.3696219946798312,0.6079654551698075,model_implied_state_space,3.209,-0.014461862444121731,False,False,50,-3596.094083406423,-5707.023372850331,-3596.094083406423,1.1070490384049663,0.0003076673586761873,51.0,0,{},14,expanding,40,1965:Q3,,4,0.02
joint_indicator_revision_dfm_full_kalman_em,exact,2023:Q4:pre_second:exact,2024-02-27,pre_second,S,2023:Q4,3.2286725303818686,0.35670598901042927,0.5972486827197103,model_implied_state_space,3.209,0.019672530381868558,False,False,50,-3577.0016720143913,-5719.946775930371,-3577.0016720143913,0.9288365355387214,0.0002595290781197807,51.0,0,{},14,expanding,40,1965:Q3,,4,0.02
midas_umidas,exact,2023:Q4:pre_second:exact,2024-02-27,pre_second,S,2023:Q4,4.010066947399174,,,not_available,3.209,0.8010669473991743,False,True,0,,,,,,,0,{},14,expanding,40,1965:Q3,,4,0.02
monthly_mixed_frequency_kalman_em,exact,2023:Q4:pre_second:exact,2024-02-27,pre_second,S,2023:Q4,3.1843634705044037,0.3516436933322253,0.5929955255583513,model_implied_state_space,3.209,-0.02463652949559636,False,True,28,-6344.488931395791,-8520.390760672188,-6344.488931395791,0.5718727997145834,9.01146108364589e-05,28.0,0,{},14,expanding,40,1965:Q3,,4,0.02
no_revision,exact,2023:Q4:pre_second:exact,2024-02-27,pre_second,S,2023:Q4,3.28,,,not_available,3.209,0.07099999999999973,False,True,0,,,,,,,0,{},14,expanding,40,1965:Q3,,4,0.02
release_dfm,exact,2023:Q4:pre_second:exact,2024-02-27,pre_second,S,2023:Q4,3.413141272725086,,,not_available,3.209,0.20414127272508598,False,True,0,,,,,,,0,{},14,expanding,40,1965:Q3,,4,0.02
revision_dfm_kalman_em,exact,2023:Q4:pre_second:exact,2024-02-27,pre_second,S,2023:Q4,3.3371540066488654,0.38508444714353035,0.6205517280159087,model_implied_state_space,3.209,0.12815400664886534,False,True,24,-1874.12351526253,-3538.524747676436,-1874.12351526253,0.17378354335346557,9.266986278075705e-05,24.0,0,{},14,expanding,40,1965:Q3,,4,0.02
standard_dfm,exact,2023:Q4:pre_second:exact,2024-02-27,pre_second,S,2023:Q4,2.1365892858666533,,,not_available,3.209,-1.0724107141333468,False,True,0,,,,,,,0,{},14,expanding,40,1965:Q3,,4,0.02
ar,pseudo,2023:Q4:pre_second:pseudo,2024-02-29,pre_second,S,2023:Q4,2.7150987281081442,,,not_available,3.209,-0.49390127189185584,False,True,0,,,,,,,0,{},14,expanding,40,1965:Q3,,4,0.02
bridge,pseudo,2023:Q4:pre_second:pseudo,2024-02-29,pre_second,S,2023:Q4,1.0648157849124824,,,not_available,3.209,-2.1441842150875177,False,True,0,,,,,,,0,{},14,expanding,40,1965:Q3,,4,0.02
indicator_revision_only_dfm_kalman_em,pseudo,2023:Q4:pre_second:pseudo,2024-02-29,pre_second,S,2023:Q4,3.1944476256550063,0.3696199155058973,0.6079637452232636,model_implied_state_space,3.209,-0.01455237434499379,False,False,50,-3596.1043901938547,-5707.016233293387,-3596.1043901938547,1.1110969275764546,0.00030879110257660833,51.0,0,{},14,expanding,40,1965:Q3,,4,0.02
joint_indicator_revision_dfm_full_kalman_em,pseudo,2023:Q4:pre_second:pseudo,2024-02-29,pre_second,S,2023:Q4,3.2288353108185914,0.3567112266866793,0.5972530675406191,model_implied_state_space,3.209,0.019835310818591356,False,False,50,-3577.025931390855,-5719.9396610953345,-3577.025931390855,0.933927169382514,0.00026094932781901023,51.0,0,{},14,expanding,40,1965:Q3,,4,0.02
midas_umidas,pseudo,2023:Q4:pre_second:pseudo,2024-02-29,pre_second,S,2023:Q4,4.107206546015781,,,not_available,3.209,0.8982065460157806,False,True,0,,,,,,,0,{},14,expanding,40,1965:Q3,,4,0.02
monthly_mixed_frequency_kalman_em,pseudo,2023:Q4:pre_second:pseudo,2024-02-29,pre_second,S,2023:Q4,3.1843609381689393,0.35164201504750914,0.5929941104661236,model_implied_state_space,3.209,-0.024639061831060793,False,True,28,-6345.7635856613815,-8521.75059055591,-6345.7635856613815,0.5719973270161063,9.011613133377193e-05,28.0,0,{},14,expanding,40,1965:Q3,,4,0.02
no_revision,pseudo,2023:Q4:pre_second:pseudo,2024-02-29,pre_second,S,2023:Q4,3.28,,,not_available,3.209,0.07099999999999973,False,True,0,,,,,,,0,{},14,expanding,40,1965:Q3,,4,0.02
release_dfm,pseudo,2023:Q4:pre_second:pseudo,2024-02-29,pre_second,S,2023:Q4,3.413409569313669,,,not_available,3.209,0.20440956931366872,False,True,0,,,,,,,0,{},14,expanding,40,1965:Q3,,4,0.02
revision_dfm_kalman_em,pseudo,2023:Q4:pre_second:pseudo,2024-02-29,pre_second,S,2023:Q4,3.3379079084532557,0.38508372622287296,0.6205511471449174,model_implied_state_space,3.209,0.12890790845325562,False,True,24,-1874.09598413796,-3538.5234213127933,-1874.09598413796,0.17377445093393362,9.266637513778056e-05,24.0,0,{},14,expanding,40,1965:Q3,,4,0.02
standard_dfm,pseudo,2023:Q4:pre_second:pseudo,2024-02-29,pre_second,S,2023:Q4,2.1179442951464824,,,not_available,3.209,-1.0910557048535177,False,True,0,,,,,,,0,{},14,expanding,40,1965:Q3,,4,0.02
ar,exact,2023:Q4:pre_third:exact,2024-03-27,pre_third,T,2023:Q4,2.7608681404490913,,,not_available,3.3967,-0.6358318595509087,False,True,0,,,,,,,0,{},14,expanding,40,1965:Q3,,4,0.02
bridge,exact,2023:Q4:pre_third:exact,2024-03-27,pre_third,T,2023:Q4,1.3525222826631829,,,not_available,3.3967,-2.044177717336817,False,True,0,,,,,,,0,{},14,expanding,40,1965:Q3,,4,0.02
indicator_revision_only_dfm_kalman_em,exact,2023:Q4:pre_third:exact,2024-03-27,pre_third,T,2023:Q4,3.20841167202804,0.14287975403805336,0.377994383606494,model_implied_state_space,3.3967,-0.18828832797196027,False,False,50,-3595.3897592464596,-5708.202690510509,-3595.3897592464596,1.1197191009541712,0.00031124840884881724,51.0,0,{},14,expanding,40,1965:Q3,,4,0.02
joint_indicator_revision_dfm_full_kalman_em,exact,2023:Q4:pre_third:exact,2024-03-27,pre_third,T,2023:Q4,3.2104807186794817,0.14038441055417736,0.37467907674992657,model_implied_state_space,3.3967,-0.18621928132051835,False,False,50,-3576.3398193630696,-5721.096328279235,-3576.3398193630696,0.9456909590949181,0.0002642860544154216,51.0,0,{},14,expanding,40,1965:Q3,,4,0.02
midas_umidas,exact,2023:Q4:pre_third:exact,2024-03-27,pre_third,T,2023:Q4,3.848327258281918,,,not_available,3.3967,0.45162725828191785,False,True,0,,,,,,,0,{},14,expanding,40,1965:Q3,,4,0.02
monthly_mixed_frequency_kalman_em,exact,2023:Q4:pre_third:exact,2024-03-27,pre_third,T,2023:Q4,3.2078443715490095,0.14558759951287534,0.381559431167512,model_implied_state_space,3.3967,-0.18885562845099058,False,True,28,-6360.223604631262,-8540.59531715869,-6360.223604631262,0.5716325804160078,8.985397346214331e-05,28.0,0,{},14,expanding,40,1965:Q3,,4,0.02
no_revision,exact,2023:Q4:pre_third:exact,2024-03-27,pre_third,T,2023:Q4,3.209,,,not_available,3.3967,-0.18769999999999998,False,True,0,,,,,,,0,{},14,expanding,40,1965:Q3,,4,0.02
release_dfm,exact,2023:Q4:pre_third:exact,2024-03-27,pre_third,T,2023:Q4,3.3238934855707387,,,not_available,3.3967,-0.07280651442926134,False,True,0,,,,,,,0,{},14,expanding,40,1965:Q3,,4,0.02
revision_dfm_kalman_em,exact,2023:Q4:pre_third:exact,2024-03-27,pre_third,T,2023:Q4,3.2207949993907956,0.1414909671296033,0.3761528507529928,model_implied_state_space,3.3967,-0.17590500060920444,False,True,24,-1873.2291020884,-3539.757258655624,-1873.2291020884,0.17476549889397575,9.323790988488058e-05,24.0,0,{},14,expanding,40,1965:Q3,,4,0.02
standard_dfm,exact,2023:Q4:pre_third:exact,2024-03-27,pre_third,T,2023:Q4,2.25438636365078,,,not_available,3.3967,-1.1423136363492201,False,True,0,,,,,,,0,{},14,expanding,40,1965:Q3,,4,0.02
ar,pseudo,2023:Q4:pre_third:pseudo,2024-03-31,pre_third,T,2023:Q4,2.7608681404490913,,,not_available,3.3967,-0.6358318595509087,False,True,0,,,,,,,0,{},14,expanding,40,1965:Q3,,4,0.02
bridge,pseudo,2023:Q4:pre_third:pseudo,2024-03-31,pre_third,T,2023:Q4,1.342296997625039,,,not_available,3.3967,-2.0544030023749613,False,True,0,,,,,,,0,{},14,expanding,40,1965:Q3,,4,0.02
indicator_revision_only_dfm_kalman_em,pseudo,2023:Q4:pre_third:pseudo,2024-03-31,pre_third,T,2023:Q4,3.2084113241504366,0.1428797594489422,0.3779943907638607,model_implied_state_space,3.3967,-0.18828867584956344,False,False,50,-3595.388854277261,-5708.200924708043,-3595.388854277261,1.1202328702925115,0.000311391255214518,51.0,0,{},14,expanding,40,1965:Q3,,4,0.02
joint_indicator_revision_dfm_full_kalman_em,pseudo,2023:Q4:pre_third:pseudo,2024-03-31,pre_third,T,2023:Q4,3.2104818623672093,0.14038437823015015,0.3746790336143059,model_implied_state_space,3.3967,-0.18621813763279071,False,False,50,-3576.340839527673,-5721.094561702696,-3576.340839527673,0.9463970064316527,0.00026448324124709563,51.0,0,{},14,expanding,40,1965:Q3,,4,0.02
midas_umidas,pseudo,2023:Q4:pre_third:pseudo,2024-03-31,pre_third,T,2023:Q4,3.8457505578476776,,,not_available,3.3967,0.44905055784767756,False,True,0,,,,,,,0,{},14,expanding,40,1965:Q3,,4,0.02
monthly_mixed_frequency_kalman_em,pseudo,2023:Q4:pre_third:pseudo,2024-03-31,pre_third,T,2023:Q4,3.207815509587708,0.14558732872815344,0.3815590763278387,model_implied_state_space,3.3967,-0.18888449041229194,False,True,28,-6361.4504406304995,-8541.948659657683,-6361.4504406304995,0.5715969857183154,8.98310554857756e-05,28.0,0,{},14,expanding,40,1965:Q3,,4,0.02
no_revision,pseudo,2023:Q4:pre_third:pseudo,2024-03-31,pre_third,T,2023:Q4,3.209,,,not_available,3.3967,-0.18769999999999998,False,True,0,,,,,,,0,{},14,expanding,40,1965:Q3,,4,0.02
release_dfm,pseudo,2023:Q4:pre_third:pseudo,2024-03-31,pre_third,T,2023:Q4,3.3239251454351817,,,not_available,3.3967,-0.07277485456481836,False,True,0,,,,,,,0,{},14,expanding,40,1965:Q3,,4,0.02
revision_dfm_kalman_em,pseudo,2023:Q4:pre_third:pseudo,2024-03-31,pre_third,T,2023:Q4,3.2207992518830997,0.1414909601378464,0.37615284145922173,model_implied_state_space,3.3967,-0.17590074811690037,False,True,24,-1873.2245378556415,-3539.75626259918,-1873.2245378556415,0.17476403541468244,9.32373562230659e-05,24.0,0,{},14,expanding,40,1965:Q3,,4,0.02
standard_dfm,pseudo,2023:Q4:pre_third:pseudo,2024-03-31,pre_third,T,2023:Q4,2.2504511867487,,,not_available,3.3967,-1.1462488132513,False,True,0,,,,,,,0,{},14,expanding,40,1965:Q3,,4,0.02
ar,exact,2024:Q1:pre_advance:exact,2024-04-24,pre_advance,A,2024:Q1,2.5220660619756323,,,not_available,1.5897,0.9323660619756324,False,True,0,,,,,,,0,{},14,expanding,40,1965:Q3,,4,0.02
bridge,exact,2024:Q1:pre_advance:exact,2024-04-24,pre_advance,A,2024:Q1,1.3003401037625855,,,not_available,1.5897,-0.2893598962374144,False,True,0,,,,,,,0,{},14,expanding,40,1965:Q3,,4,0.02
indicator_revision_only_dfm_kalman_em,exact,2024:Q1:pre_advance:exact,2024-04-24,pre_advance,A,2024:Q1,1.5326390907852825,3.270235090603032,1.8083791335345119,model_implied_state_space,1.5897,-0.057060909214717404,False,True,41,-3586.132575620011,-5715.404046705756,-3586.132575620011,0.31047131034574704,8.65438994526773e-05,41.0,0,{},14,expanding,40,1965:Q3,,4,0.02
joint_indicator_revision_dfm_full_kalman_em,exact,2024:Q1:pre_advance:exact,2024-04-24,pre_advance,A,2024:Q1,1.5203459384462972,2.504452792080581,1.5825463001380342,model_implied_state_space,1.5897,-0.06935406155370272,False,True,42,-3558.758618463804,-5727.912743272708,-3558.758618463804,0.3195060134066807,8.974691066747291e-05,42.0,0,{},14,expanding,40,1965:Q3,,4,0.02
midas_umidas,exact,2024:Q1:pre_advance:exact,2024-04-24,pre_advance,A,2024:Q1,-1.1901251250953742,,,not_available,1.5897,-2.779825125095374,False,True,0,,,,,,,0,{},14,expanding,40,1965:Q3,,4,0.02
monthly_mixed_frequency_kalman_em,exact,2024:Q1:pre_advance:exact,2024-04-24,pre_advance,A,2024:Q1,0.5585537155636495,4.386101357625438,2.0943021170846956,model_implied_state_space,1.5897,-1.0311462844363504,False,True,27,-6371.860420772807,-8528.013797623415,-6371.860420772807,0.6012496068542532,9.43364278236002e-05,27.0,0,{},14,expanding,40,1965:Q3,,4,0.02
no_revision,exact,2024:Q1:pre_advance:exact,2024-04-24,pre_advance,A,2024:Q1,2.676662735671639,,,not_available,1.5897,1.0869627356716391,False,True,0,,,,,,,0,{},14,expanding,40,1965:Q3,,4,0.02
release_dfm,exact,2024:Q1:pre_advance:exact,2024-04-24,pre_advance,A,2024:Q1,0.9518081262210567,,,not_available,1.5897,-0.6378918737789432,False,True,0,,,,,,,0,{},14,expanding,40,1965:Q3,,4,0.02
revision_dfm_kalman_em,exact,2024:Q1:pre_advance:exact,2024-04-24,pre_advance,A,2024:Q1,1.3450397376832042,3.0185007846228067,1.7373833153978446,model_implied_state_space,1.5897,-0.24466026231679572,False,True,24,-1888.784514462473,-3560.53600193847,-1888.784514462473,0.1745749450983567,9.236969523667263e-05,24.0,0,{},14,expanding,40,1965:Q3,,4,0.02
standard_dfm,exact,2024:Q1:pre_advance:exact,2024-04-24,pre_advance,A,2024:Q1,0.9518081262210567,,,not_available,1.5897,-0.6378918737789432,False,True,0,,,,,,,0,{},14,expanding,40,1965:Q3,,4,0.02
ar,pseudo,2024:Q1:pre_advance:pseudo,2024-04-30,pre_advance,A,2024:Q1,2.5220660619756323,,,not_available,1.5897,0.9323660619756324,False,True,0,,,,,,,0,{},14,expanding,40,1965:Q3,,4,0.02
bridge,pseudo,2024:Q1:pre_advance:pseudo,2024-04-30,pre_advance,A,2024:Q1,1.3744444600071555,,,not_available,1.5897,-0.2152555399928444,False,True,0,,,,,,,0,{},14,expanding,40,1965:Q3,,4,0.02
indicator_revision_only_dfm_kalman_em,pseudo,2024:Q1:pre_advance:pseudo,2024-04-30,pre_advance,A,2024:Q1,1.533933416543371,3.2700915555775314,1.80833944700035,model_implied_state_space,1.5897,-0.05576658345662899,False,True,41,-3586.130386379562,-5715.422738070157,-3586.130386379562,0.30911401569301233,8.61656386564721e-05,41.0,0,{},14,expanding,40,1965:Q3,,4,0.02
joint_indicator_revision_dfm_full_kalman_em,pseudo,2024:Q1:pre_advance:pseudo,2024-04-30,pre_advance,A,2024:Q1,1.5215238746145103,2.5042205931982173,1.5824729360081382,model_implied_state_space,1.5897,-0.06817612538548956,False,True,42,-3558.7558558762385,-5727.931430969798,-3558.7558558762385,0.31810072000507716,8.93522785996307e-05,42.0,0,{},14,expanding,40,1965:Q3,,4,0.02
midas_umidas,pseudo,2024:Q1:pre_advance:pseudo,2024-04-30,pre_advance,A,2024:Q1,-1.173318520050758,,,not_available,1.5897,-2.7630185200507578,False,True,0,,,,,,,0,{},14,expanding,40,1965:Q3,,4,0.02
monthly_mixed_frequency_kalman_em,pseudo,2024:Q1:pre_advance:pseudo,2024-04-30,pre_advance,A,2024:Q1,0.559014172543788,4.3859414688820415,2.0942639444162814,model_implied_state_space,1.5897,-1.0306858274562118,False,True,27,-6373.227010955667,-8529.361581397401,-6373.227010955667,0.6015339866198701,9.436081023655452e-05,27.0,0,{},14,expanding,40,1965:Q3,,4,0.02
no_revision,pseudo,2024:Q1:pre_advance:pseudo,2024-04-30,pre_advance,A,2024:Q1,2.676662735671639,,,not_available,1.5897,1.0869627356716391,False,True,0,,,,,,,0,{},14,expanding,40,1965:Q3,,4,0.02
release_dfm,pseudo,2024:Q1:pre_advance:pseudo,2024-04-30,pre_advance,A,2024:Q1,0.9821911195128474,,,not_available,1.5897,-0.6075088804871525,False,True,0,,,,,,,0,{},14,expanding,40,1965:Q3,,4,0.02
revision_dfm_kalman_em,pseudo,2024:Q1:pre_advance:pseudo,2024-04-30,pre_advance,A,2024:Q1,1.3533271618724692,3.018418540902943,1.7373596463895848,model_implied_state_space,1.5897,-0.23637283812753074,False,True,24,-1888.814749410638,-3560.5482145925525,-1888.814749410638,0.17459321380874826,9.237788270610428e-05,24.0,0,{},14,expanding,40,1965:Q3,,4,0.02
standard_dfm,pseudo,2024:Q1:pre_advance:pseudo,2024-04-30,pre_advance,A,2024:Q1,0.9821911195128474,,,not_available,1.5897,-0.6075088804871525,False,True,0,,,,,,,0,{},14,expanding,40,1965:Q3,,4,0.02
ar,exact,2024:Q1:pre_second:exact,2024-05-29,pre_second,S,2024:Q1,2.6145769497952154,,,not_available,1.2492,1.3653769497952153,False,True,0,,,,,,,0,{},14,expanding,40,1965:Q3,,4,0.02
bridge,exact,2024:Q1:pre_second:exact,2024-05-29,pre_second,S,2024:Q1,1.2073875171326245,,,not_available,1.2492,-0.0418124828673756,False,True,0,,,,,,,0,{},14,expanding,40,1965:Q3,,4,0.02
indicator_revision_only_dfm_kalman_em,exact,2024:Q1:pre_second:exact,2024-05-29,pre_second,S,2024:Q1,1.6608208378960794,0.36764861335453425,0.6063403444885836,model_implied_state_space,1.2492,0.4116208378960793,False,False,50,-3626.7858531086144,-5747.175425625226,-3626.7858531086144,1.7985460204345145,0.0004955239560942822,51.0,0,{},14,expanding,40,1965:Q3,,4,0.02
joint_indicator_revision_dfm_full_kalman_em,exact,2024:Q1:pre_second:exact,2024-05-29,pre_second,S,2024:Q1,1.5679444800243951,0.35539837004271846,0.59615297537018,model_implied_state_space,1.2492,0.31874448002439504,False,False,50,-3609.702460233661,-5760.143754718343,-3609.702460233661,1.5456013537118451,0.00042787796611970313,51.0,0,{},14,expanding,40,1965:Q3,,4,0.02
midas_umidas,exact,2024:Q1:pre_second:exact,2024-05-29,pre_second,S,2024:Q1,0.9009577331991223,,,not_available,1.2492,-0.3482422668008778,False,True,0,,,,,,,0,{},14,expanding,40,1965:Q3,,4,0.02
monthly_mixed_frequency_kalman_em,exact,2024:Q1:pre_second:exact,2024-05-29,pre_second,S,2024:Q1,1.591736796720489,0.34983679215394026,0.5914700264205619,model_implied_state_space,1.2492,0.34253679672048887,False,True,27,-6384.818480491491,-8548.453885205887,-6384.818480491491,0.5906406497861099,9.248399821910564e-05,27.0,0,{},14,expanding,40,1965:Q3,,4,0.02
no_revision,exact,2024:Q1:pre_second:exact,2024-05-29,pre_second,S,2024:Q1,1.5897,,,not_available,1.2492,0.3404999999999998,False,True,0,,,,,,,0,{},14,expanding,40,1965:Q3,,4,0.02
release_dfm,exact,2024:Q1:pre_second:exact,2024-05-29,pre_second,S,2024:Q1,1.7101908259815721,,,not_available,1.2492,0.46099082598157204,False,True,0,,,,,,,0,{},14,expanding,40,1965:Q3,,4,0.02
revision_dfm_kalman_em,exact,2024:Q1:pre_second:exact,2024-05-29,pre_second,S,2024:Q1,1.6083717977822545,0.3836354400497083,0.619383112499613,model_implied_state_space,1.2492,0.3591717977822544,False,True,24,-1887.2065862325712,-3561.756187167578,-1887.2065862325712,0.17616629563690367,9.328950680207621e-05,24.0,0,{},14,expanding,40,1965:Q3,,4,0.02
standard_dfm,exact,2024:Q1:pre_second:exact,2024-05-29,pre_second,S,2024:Q1,1.0302091630185468,,,not_available,1.2492,-0.21899083698145327,False,True,0,,,,,,,0,{},14,expanding,40,1965:Q3,,4,0.02
ar,pseudo,2024:Q1:pre_second:pseudo,2024-05-31,pre_second,S,2024:Q1,2.6145769497952154,,,not_available,1.2492,1.3653769497952153,False,True,0,,,,,,,0,{},14,expanding,40,1965:Q3,,4,0.02
bridge,pseudo,2024:Q1:pre_second:pseudo,2024-05-31,pre_second,S,2024:Q1,1.0984701236340744,,,not_available,1.2492,-0.15072987636592572,False,True,0,,,,,,,0,{},14,expanding,40,1965:Q3,,4,0.02
indicator_revision_only_dfm_kalman_em,pseudo,2024:Q1:pre_second:pseudo,2024-05-31,pre_second,S,2024:Q1,1.6610243644763532,0.3676129866132216,0.6063109652754283,model_implied_state_space,1.2492,0.41182436447635307,False,False,50,-3627.051745534646,-5747.137733563696,-3627.051745534646,1.8671013456196306,0.0005143644870254637,51.0,0,{},14,expanding,40,1965:Q3,,4,0.02
joint_indicator_revision_dfm_full_kalman_em,pseudo,2024:Q1:pre_second:pseudo,2024-05-31,pre_second,S,2024:Q1,1.567522523920208,0.3554455691117575,0.5961925604297302,model_implied_state_space,1.2492,0.3183225239202079,False,False,50,-3610.224604641535,-5760.106031546362,-3610.224604641535,1.5788647145031973,0.0004370192643732766,51.0,0,{},14,expanding,40,1965:Q3,,4,0.02
midas_umidas,pseudo,2024:Q1:pre_second:pseudo,2024-05-31,pre_second,S,2024:Q1,0.8832494466028629,,,not_available,1.2492,-0.3659505533971372,False,True,0,,,,,,,0,{},14,expanding,40,1965:Q3,,4,0.02
monthly_mixed_frequency_kalman_em,pseudo,2024:Q1:pre_second:pseudo,2024-05-31,pre_second,S,2024:Q1,1.5915415691875376,0.3498361809828611,0.5914695097660243,model_implied_state_space,1.2492,0.34234156918753755,False,True,27,-6386.029155334892,-8549.767118078777,-6386.029155334892,0.5906133265116296,9.246219216260569e-05,27.0,0,{},14,expanding,40,1965:Q3,,4,0.02
no_revision,pseudo,2024:Q1:pre_second:pseudo,2024-05-31,pre_second,S,2024:Q1,1.5897,,,not_available,1.2492,0.3404999999999998,False,True,0,,,,,,,0,{},14,expanding,40,1965:Q3,,4,0.02
release_dfm,pseudo,2024:Q1:pre_second:pseudo,2024-05-31,pre_second,S,2024:Q1,1.7108470379010874,,,not_available,1.2492,0.4616470379010873,False,True,0,,,,,,,0,{},14,expanding,40,1965:Q3,,4,0.02
revision_dfm_kalman_em,pseudo,2024:Q1:pre_second:pseudo,2024-05-31,pre_second,S,2024:Q1,1.6067730597048606,0.3836283486610772,0.6193773879155399,model_implied_state_space,1.2492,0.35757305970486053,False,True,24,-1887.0599776895342,-3561.7135072551437,-1887.0599776895342,0.17606116244996883,9.32410772950881e-05,24.0,0,{},14,expanding,40,1965:Q3,,4,0.02
standard_dfm,pseudo,2024:Q1:pre_second:pseudo,2024-05-31,pre_second,S,2024:Q1,0.9836909315029738,,,not_available,1.2492,-0.26550906849702627,False,True,0,,,,,,,0,{},14,expanding,40,1965:Q3,,4,0.02
ar,exact,2024:Q1:pre_third:exact,2024-06-26,pre_third,T,2024:Q1,2.689824280806622,,,not_available,1.4095,1.2803242808066222,False,True,0,,,,,,,0,{},14,expanding,40,1965:Q3,,4,0.02
bridge,exact,2024:Q1:pre_third:exact,2024-06-26,pre_third,T,2024:Q1,0.9628169123955799,,,not_available,1.4095,-0.4466830876044201,False,True,0,,,,,,,0,{},14,expanding,40,1965:Q3,,4,0.02
indicator_revision_only_dfm_kalman_em,exact,2024:Q1:pre_third:exact,2024-06-26,pre_third,T,2024:Q1,1.2655457933095475,0.14274593335078598,0.37781732801816537,model_implied_state_space,1.4095,-0.14395420669045245,False,True,41,-3584.5498732593755,-5717.270039411913,-3584.5498732593755,0.3037805733974892,8.471638910104168e-05,41.0,0,{},14,expanding,40,1965:Q3,,4,0.02
joint_indicator_revision_dfm_full_kalman_em,exact,2024:Q1:pre_third:exact,2024-06-26,pre_third,T,2024:Q1,1.263608034897237,0.13996016226951505,0.37411249948313013,model_implied_state_space,1.4095,-0.14589196510276303,False,True,42,-3556.9423335327306,-5729.834734216251,-3556.9423335327306,0.3026127341845495,8.504550382402189e-05,42.0,0,{},14,expanding,40,1965:Q3,,4,0.02
midas_umidas,exact,2024:Q1:pre_third:exact,2024-06-26,pre_third,T,2024:Q1,1.1366414029402891,,,not_available,1.4095,-0.27285859705971083,False,True,0,,,,,,,0,{},14,expanding,40,1965:Q3,,4,0.02
monthly_mixed_frequency_kalman_em,exact,2024:Q1:pre_third:exact,2024-06-26,pre_third,T,2024:Q1,1.2486683688728135,0.1456148389049731,0.3815951243202317,model_implied_state_space,1.4095,-0.16083163112718646,False,True,27,-6407.2746132922275,-8602.270634484225,-6407.2746132922275,0.6296225439227783,9.824183990800938e-05,27.0,0,{},14,expanding,40,1965:Q3,,4,0.02
no_revision,exact,2024:Q1:pre_third:exact,2024-06-26,pre_third,T,2024:Q1,1.2492,,,not_available,1.4095,-0.1602999999999999,False,True,0,,,,,,,0,{},14,expanding,40,1965:Q3,,4,0.02
release_dfm,exact,2024:Q1:pre_third:exact,2024-06-26,pre_third,T,2024:Q1,1.4070537436460628,,,not_available,1.4095,-0.0024462563539371374,False,True,0,,,,,,,0,{},14,expanding,40,1965:Q3,,4,0.02
revision_dfm_kalman_em,exact,2024:Q1:pre_third:exact,2024-06-26,pre_third,T,2024:Q1,1.2669580800732583,0.1406605982269211,0.37504746129912825,model_implied_state_space,1.4095,-0.1425419199267417,False,True,31,-1886.905979297454,-3535.594681849533,-1886.905979297454,0.17997319149367286,9.532044410182983e-05,31.0,0,{},14,expanding,40,1965:Q3,,4,0.02
standard_dfm,exact,2024:Q1:pre_third:exact,2024-06-26,pre_third,T,2024:Q1,0.9612338873467079,,,not_available,1.4095,-0.4482661126532921,False,True,0,,,,,,,0,{},14,expanding,40,1965:Q3,,4,0.02
ar,pseudo,2024:Q1:pre_third:pseudo,2024-06-30,pre_third,T,2024:Q1,2.689824280806622,,,not_available,1.4095,1.2803242808066222,False,True,0,,,,,,,0,{},14,expanding,40,1965:Q3,,4,0.02
bridge,pseudo,2024:Q1:pre_third:pseudo,2024-06-30,pre_third,T,2024:Q1,1.0068562620202313,,,not_available,1.4095,-0.4026437379797687,False,True,0,,,,,,,0,{},14,expanding,40,1965:Q3,,4,0.02
indicator_revision_only_dfm_kalman_em,pseudo,2024:Q1:pre_third:pseudo,2024-06-30,pre_third,T,2024:Q1,1.2658603408434645,0.1427888960467373,0.37787418018004,model_implied_state_space,1.4095,-0.14363965915653543,False,True,40,-3585.1395613187124,-5717.108485210587,-3585.1395613187124,0.34024919774674345,9.48699604411678e-05,40.0,0,{},14,expanding,40,1965:Q3,,4,0.02
joint_indicator_revision_dfm_full_kalman_em,pseudo,2024:Q1:pre_third:pseudo,2024-06-30,pre_third,T,2024:Q1,1.2640797463150613,0.13997102737546527,0.3741270203760553,model_implied_state_space,1.4095,-0.14542025368493872,False,True,41,-3557.5747762620763,-5729.673606308695,-3557.5747762620763,0.3434498567266928,9.650400343737144e-05,41.0,0,{},14,expanding,40,1965:Q3,,4,0.02
midas_umidas,pseudo,2024:Q1:pre_third:pseudo,2024-06-30,pre_third,T,2024:Q1,1.1192835902632852,,,not_available,1.4095,-0.2902164097367148,False,True,0,,,,,,,0,{},14,expanding,40,1965:Q3,,4,0.02
monthly_mixed_frequency_kalman_em,pseudo,2024:Q1:pre_third:pseudo,2024-06-30,pre_third,T,2024:Q1,1.2443138581985245,0.14509567105884083,0.38091425683326796,model_implied_state_space,1.4095,-0.1651861418014755,False,True,28,-6417.270320540206,-8604.989867849199,-6417.270320540206,0.577658904027885,8.99941712091927e-05,28.0,0,{},14,expanding,40,1965:Q3,,4,0.02
no_revision,pseudo,2024:Q1:pre_third:pseudo,2024-06-30,pre_third,T,2024:Q1,1.2492,,,not_available,1.4095,-0.1602999999999999,False,True,0,,,,,,,0,{},14,expanding,40,1965:Q3,,4,0.02
release_dfm,pseudo,2024:Q1:pre_third:pseudo,2024-06-30,pre_third,T,2024:Q1,1.4067548506062355,,,not_available,1.4095,-0.0027451493937644678,False,True,0,,,,,,,0,{},14,expanding,40,1965:Q3,,4,0.02
revision_dfm_kalman_em,pseudo,2024:Q1:pre_third:pseudo,2024-06-30,pre_third,T,2024:Q1,1.2669290494917462,0.14064290416520517,0.37502387146047805,model_implied_state_space,1.4095,-0.14257095050825375,False,True,31,-1888.7094144425955,-3535.598395904713,-1888.7094144425955,0.18702428628034795,9.896007127572476e-05,31.0,0,{},14,expanding,40,1965:Q3,,4,0.02
standard_dfm,pseudo,2024:Q1:pre_third:pseudo,2024-06-30,pre_third,T,2024:Q1,1.0026315453369026,,,not_available,1.4095,-0.4068684546630974,False,True,0,,,,,,,0,{},14,expanding,40,1965:Q3,,4,0.02
ar,exact,2024:Q2:pre_advance:exact,2024-07-24,pre_advance,A,2024:Q2,2.451373639880469,,,not_available,2.8401,-0.3887263601195312,False,True,0,,,,,,,0,{},14,expanding,40,1965:Q3,,4,0.02
bridge,exact,2024:Q2:pre_advance:exact,2024-07-24,pre_advance,A,2024:Q2,3.738552782258951,,,not_available,2.8401,0.8984527822589508,False,True,0,,,,,,,0,{},14,expanding,40,1965:Q3,,4,0.02
indicator_revision_only_dfm_kalman_em,exact,2024:Q2:pre_advance:exact,2024-07-24,pre_advance,A,2024:Q2,1.7620479274405332,4.0138477193804425,2.003458938780738,model_implied_state_space,2.8401,-1.078052072559467,False,False,50,-3658.3402302274244,-5787.239259137813,-3658.3402302274244,1.1446757650633117,0.0003127115107589685,51.0,0,{},14,expanding,40,1965:Q3,,4,0.02
joint_indicator_revision_dfm_full_kalman_em,exact,2024:Q2:pre_advance:exact,2024-07-24,pre_advance,A,2024:Q2,1.6797827256173345,2.9561903927802056,1.7193575523375602,model_implied_state_space,2.8401,-1.1603172743826655,False,False,50,-3639.245742854925,-5800.18957144406,-3639.245742854925,1.030371800388366,0.00028296997204945606,51.0,0,{},14,expanding,40,1965:Q3,,4,0.02
midas_umidas,exact,2024:Q2:pre_advance:exact,2024-07-24,pre_advance,A,2024:Q2,3.240345773809154,,,not_available,2.8401,0.40024577380915405,False,True,0,,,,,,,0,{},14,expanding,40,1965:Q3,,4,0.02
monthly_mixed_frequency_kalman_em,exact,2024:Q2:pre_advance:exact,2024-07-24,pre_advance,A,2024:Q2,4.082071825656663,4.506653910650042,2.1228881060126654,model_implied_state_space,2.8401,1.241971825656663,False,True,28,-6432.485003640938,-8623.95459433819,-6432.485003640938,0.5828665911931239,9.059068119094848e-05,28.0,0,{},14,expanding,40,1965:Q3,,4,0.02
no_revision,exact,2024:Q2:pre_advance:exact,2024-07-24,pre_advance,A,2024:Q2,2.6093989715265433,,,not_available,2.8401,-0.23070102847345675,False,True,0,,,,,,,0,{},14,expanding,40,1965:Q3,,4,0.02
release_dfm,exact,2024:Q2:pre_advance:exact,2024-07-24,pre_advance,A,2024:Q2,2.985958546084464,,,not_available,2.8401,0.1458585460844639,False,True,0,,,,,,,0,{},14,expanding,40,1965:Q3,,4,0.02
revision_dfm_kalman_em,exact,2024:Q2:pre_advance:exact,2024-07-24,pre_advance,A,2024:Q2,4.135005435105622,2.9547632465030342,1.7189424791141308,model_implied_state_space,2.8401,1.2949054351056222,False,True,32,-1905.6650732045584,-3556.6936654635265,-1905.6650732045584,0.16866314568733287,8.845194128469781e-05,32.0,0,{},14,expanding,40,1965:Q3,,4,0.02
standard_dfm,exact,2024:Q2:pre_advance:exact,2024-07-24,pre_advance,A,2024:Q2,2.985958546084464,,,not_available,2.8401,0.1458585460844639,False,True,0,,,,,,,0,{},14,expanding,40,1965:Q3,,4,0.02
ar,pseudo,2024:Q2:pre_advance:pseudo,2024-07-31,pre_advance,A,2024:Q2,2.451373639880469,,,not_available,2.8401,-0.3887263601195312,False,True,0,,,,,,,0,{},14,expanding,40,1965:Q3,,4,0.02
bridge,pseudo,2024:Q2:pre_advance:pseudo,2024-07-31,pre_advance,A,2024:Q2,3.6838151673499047,,,not_available,2.8401,0.8437151673499046,False,True,0,,,,,,,0,{},14,expanding,40,1965:Q3,,4,0.02
indicator_revision_only_dfm_kalman_em,pseudo,2024:Q2:pre_advance:pseudo,2024-07-31,pre_advance,A,2024:Q2,1.7340397849533111,4.021517552714356,2.0053721731175878,model_implied_state_space,2.8401,-1.106060215046689,False,False,50,-3657.5914320606394,-5787.317109894239,-3657.5914320606394,0.9417018103067676,0.0002573284011533633,51.0,0,{},14,expanding,40,1965:Q3,,4,0.02
joint_indicator_revision_dfm_full_kalman_em,pseudo,2024:Q2:pre_advance:pseudo,2024-07-31,pre_advance,A,2024:Q2,1.6295546697547756,2.9926898569411304,1.7299392639457405,model_implied_state_space,2.8401,-1.2105453302452245,False,False,50,-3637.742390278739,-5800.267356498751,-3637.742390278739,0.7069588527588166,0.0001942488505651335,51.0,0,{},14,expanding,40,1965:Q3,,4,0.02
midas_umidas,pseudo,2024:Q2:pre_advance:pseudo,2024-07-31,pre_advance,A,2024:Q2,2.682241898689105,,,not_available,2.8401,-0.15785810131089528,False,True,0,,,,,,,0,{},14,expanding,40,1965:Q3,,4,0.02
monthly_mixed_frequency_kalman_em,pseudo,2024:Q2:pre_advance:pseudo,2024-07-31,pre_advance,A,2024:Q2,4.072834367638765,4.505708584166486,2.12266544329682,model_implied_state_space,2.8401,1.232734367638765,False,True,28,-6436.183268993662,-8626.915462086648,-6436.183268993662,0.585018450179632,9.087286526305182e-05,28.0,0,{},14,expanding,40,1965:Q3,,4,0.02
no_revision,pseudo,2024:Q2:pre_advance:pseudo,2024-07-31,pre_advance,A,2024:Q2,2.6093989715265433,,,not_available,2.8401,-0.23070102847345675,False,True,0,,,,,,,0,{},14,expanding,40,1965:Q3,,4,0.02
release_dfm,pseudo,2024:Q2:pre_advance:pseudo,2024-07-31,pre_advance,A,2024:Q2,2.758875494645379,,,not_available,2.8401,-0.081224505354621,False,True,0,,,,,,,0,{},14,expanding,40,1965:Q3,,4,0.02
revision_dfm_kalman_em,pseudo,2024:Q2:pre_advance:pseudo,2024-07-31,pre_advance,A,2024:Q2,4.036559562733319,2.951172417260927,1.7178976736875007,model_implied_state_space,2.8401,1.196459562733319,False,True,32,-1906.0731704820653,-3556.749585949747,-1906.0731704820653,0.16982383576873872,8.904153077226524e-05,32.0,0,{},14,expanding,40,1965:Q3,,4,0.02
standard_dfm,pseudo,2024:Q2:pre_advance:pseudo,2024-07-31,pre_advance,A,2024:Q2,2.758875494645379,,,not_available,2.8401,-0.081224505354621,False,True,0,,,,,,,0,{},14,expanding,40,1965:Q3,,4,0.02
ar,exact,2024:Q2:pre_second:exact,2024-08-28,pre_second,S,2024:Q2,2.5047589741330625,,,not_available,2.9514,-0.44664102586693755,False,True,0,,,,,,,0,{},14,expanding,40,1965:Q3,,4,0.02
bridge,exact,2024:Q2:pre_second:exact,2024-08-28,pre_second,S,2024:Q2,3.006406014473579,,,not_available,2.9514,0.05500601447357889,False,True,0,,,,,,,0,{},14,expanding,40,1965:Q3,,4,0.02
indicator_revision_only_dfm_kalman_em,exact,2024:Q2:pre_second:exact,2024-08-28,pre_second,S,2024:Q2,2.7396949939741537,0.3668035820045067,0.6056431143871006,model_implied_state_space,2.9514,-0.2117050060258463,False,False,50,-3657.376812266059,-5788.301267532162,-3657.376812266059,1.0018737440500445,0.00027378247238533455,51.0,0,{},14,expanding,40,1965:Q3,,4,0.02
joint_indicator_revision_dfm_full_kalman_em,exact,2024:Q2:pre_second:exact,2024-08-28,pre_second,S,2024:Q2,3.128850194611232,0.35336109177867375,0.5944418321237779,model_implied_state_space,2.9514,0.1774501946112319,False,False,50,-3637.906730541177,-5801.342186008405,-3637.906730541177,0.8563740286599568,0.00023528290277593955,51.0,0,{},14,expanding,40,1965:Q3,,4,0.02
midas_umidas,exact,2024:Q2:pre_second:exact,2024-08-28,pre_second,S,2024:Q2,2.862498646417099,,,not_available,2.9514,-0.08890135358290108,False,True,0,,,,,,,0,{},14,expanding,40,1965:Q3,,4,0.02
monthly_mixed_frequency_kalman_em,exact,2024:Q2:pre_second:exact,2024-08-28,pre_second,S,2024:Q2,2.9920527897143634,0.3493432585882425,0.5910526698935066,model_implied_state_space,2.9514,0.04065278971436337,False,True,28,-6452.758313829933,-8646.172861549527,-6452.758313829933,0.5888316350774403,9.123023937303534e-05,28.0,0,{},14,expanding,40,1965:Q3,,4,0.02
no_revision,exact,2024:Q2:pre_second:exact,2024-08-28,pre_second,S,2024:Q2,2.8401,,,not_available,2.9514,-0.11129999999999995,False,True,0,,,,,,,0,{},14,expanding,40,1965:Q3,,4,0.02
release_dfm,exact,2024:Q2:pre_second:exact,2024-08-28,pre_second,S,2024:Q2,2.9572862383658665,,,not_available,2.9514,0.005886238365866436,False,True,0,,,,,,,0,{},14,expanding,40,1965:Q3,,4,0.02
revision_dfm_kalman_em,exact,2024:Q2:pre_second:exact,2024-08-28,pre_second,S,2024:Q2,2.9297628879707873,0.38302332428593006,0.6188887818388131,model_implied_state_space,2.9514,-0.0216371120292127,False,True,31,-1905.750117280315,-3557.9418760741264,-1905.750117280315,0.19054076910515505,9.99196111849942e-05,31.0,0,{},14,expanding,40,1965:Q3,,4,0.02
standard_dfm,exact,2024:Q2:pre_second:exact,2024-08-28,pre_second,S,2024:Q2,2.532812545094729,,,not_available,2.9514,-0.41858745490527083,False,True,0,,,,,,,0,{},14,expanding,40,1965:Q3,,4,0.02
ar,pseudo,2024:Q2:pre_second:pseudo,2024-08-31,pre_second,S,2024:Q2,2.5047589741330625,,,not_available,2.9514,-0.44664102586693755,False,True,0,,,,,,,0,{},14,expanding,40,1965:Q3,,4,0.02
bridge,pseudo,2024:Q2:pre_second:pseudo,2024-08-31,pre_second,S,2024:Q2,3.014628369518234,,,not_available,2.9514,0.06322836951823385,False,True,0,,,,,,,0,{},14,expanding,40,1965:Q3,,4,0.02
indicator_revision_only_dfm_kalman_em,pseudo,2024:Q2:pre_second:pseudo,2024-08-31,pre_second,S,2024:Q2,2.7397042915732954,0.36680332619278505,0.6056429031969127,model_implied_state_space,2.9514,-0.2116957084267046,False,False,50,-3657.3765376275965,-5788.298844491329,-3657.3765376275965,1.002340630960589,0.0002739100443837036,51.0,0,{},14,expanding,40,1965:Q3,,4,0.02
joint_indicator_revision_dfm_full_kalman_em,pseudo,2024:Q2:pre_second:pseudo,2024-08-31,pre_second,S,2024:Q2,3.1288353110966214,0.3533619066863384,0.5944425175627484,model_implied_state_space,2.9514,0.17743531109662136,False,False,50,-3637.9083032905705,-5801.339763266613,-3637.9083032905705,0.8571335438027745,0.0002354914234660826,51.0,0,{},14,expanding,40,1965:Q3,,4,0.02
midas_umidas,pseudo,2024:Q2:pre_second:pseudo,2024-08-31,pre_second,S,2024:Q2,2.8672896789004594,,,not_available,2.9514,-0.08411032109954064,False,True,0,,,,,,,0,{},14,expanding,40,1965:Q3,,4,0.02
monthly_mixed_frequency_kalman_em,pseudo,2024:Q2:pre_second:pseudo,2024-08-31,pre_second,S,2024:Q2,2.992071975921216,0.3493404677010055,0.5910503089424838,model_implied_state_space,2.9514,0.040671975921215964,False,True,28,-6454.1930511441815,-8647.504739708897,-6454.1930511441815,0.5891602155470537,9.126085674178337e-05,28.0,0,{},14,expanding,40,1965:Q3,,4,0.02
no_revision,pseudo,2024:Q2:pre_second:pseudo,2024-08-31,pre_second,S,2024:Q2,2.8401,,,not_available,2.9514,-0.11129999999999995,False,True,0,,,,,,,0,{},14,expanding,40,1965:Q3,,4,0.02
release_dfm,pseudo,2024:Q2:pre_second:pseudo,2024-08-31,pre_second,S,2024:Q2,2.95723749293496,,,not_available,2.9514,0.0058374929349600535,False,True,0,,,,,,,0,{},14,expanding,40,1965:Q3,,4,0.02
revision_dfm_kalman_em,pseudo,2024:Q2:pre_second:pseudo,2024-08-31,pre_second,S,2024:Q2,2.92972962767008,0.3830228575990873,0.6188884048025841,model_implied_state_space,2.9514,-0.021670372329920085,False,True,31,-1905.7461149869514,-3557.94098175207,-1905.7461149869514,0.19053525634717516,9.991693028862051e-05,31.0,0,{},14,expanding,40,1965:Q3,,4,0.02
standard_dfm,pseudo,2024:Q2:pre_second:pseudo,2024-08-31,pre_second,S,2024:Q2,2.5363106349430886,,,not_available,2.9514,-0.4150893650569114,False,True,0,,,,,,,0,{},14,expanding,40,1965:Q3,,4,0.02
ar,exact,2024:Q2:pre_third:exact,2024-09-25,pre_third,T,2024:Q2,2.5835523848256576,,,not_available,2.9895,-0.4059476151743424,False,True,0,,,,,,,0,{},14,expanding,40,1965:Q3,,4,0.02
bridge,exact,2024:Q2:pre_third:exact,2024-09-25,pre_third,T,2024:Q2,2.649781321953517,,,not_available,2.9895,-0.3397186780464829,False,True,0,,,,,,,0,{},14,expanding,40,1965:Q3,,4,0.02
indicator_revision_only_dfm_kalman_em,exact,2024:Q2:pre_third:exact,2024-09-25,pre_third,T,2024:Q2,2.9423948397162714,0.14227533258472738,0.37719402511801187,model_implied_state_space,2.9895,-0.047105160283728686,False,True,40,-3617.8824766976486,-5758.468624997617,-3617.8824766976486,0.29503714392967595,8.152049541679115e-05,40.0,0,{},14,expanding,40,1965:Q3,,4,0.02
joint_indicator_revision_dfm_full_kalman_em,exact,2024:Q2:pre_third:exact,2024-09-25,pre_third,T,2024:Q2,2.9761487857965037,0.13945876662724138,0.37344178479013485,model_implied_state_space,2.9895,-0.013351214203496387,False,True,41,-3590.2874150525104,-5771.120562747433,-3590.2874150525104,0.29627341086052184,8.249102250135231e-05,41.0,0,{},14,expanding,40,1965:Q3,,4,0.02
midas_umidas,exact,2024:Q2:pre_third:exact,2024-09-25,pre_third,T,2024:Q2,2.0704300636514774,,,not_available,2.9895,-0.9190699363485226,False,True,0,,,,,,,0,{},14,expanding,40,1965:Q3,,4,0.02
monthly_mixed_frequency_kalman_em,exact,2024:Q2:pre_third:exact,2024-09-25,pre_third,T,2024:Q2,3.0130294605427093,0.14391290439210666,0.3793585433229449,model_implied_state_space,2.9895,0.023529460542709213,False,True,27,-6463.345216908381,-8630.23028076301,-6463.345216908381,0.5916755523394386,9.152070038447533e-05,27.0,0,{},14,expanding,40,1965:Q3,,4,0.02
no_revision,exact,2024:Q2:pre_third:exact,2024-09-25,pre_third,T,2024:Q2,2.9514,,,not_available,2.9895,-0.03810000000000002,False,True,0,,,,,,,0,{},14,expanding,40,1965:Q3,,4,0.02
release_dfm,exact,2024:Q2:pre_third:exact,2024-09-25,pre_third,T,2024:Q2,3.0230230343104276,,,not_available,2.9895,0.03352303431042758,False,True,0,,,,,,,0,{},14,expanding,40,1965:Q3,,4,0.02
revision_dfm_kalman_em,exact,2024:Q2:pre_third:exact,2024-09-25,pre_third,T,2024:Q2,2.952874131079982,0.1401355551715821,0.3743468380680971,model_implied_state_space,2.9895,-0.03662586892001807,False,True,31,-1904.9346335017162,-3559.145485752561,-1904.9346335017162,0.18869590298004368,9.899459288343925e-05,31.0,0,{},14,expanding,40,1965:Q3,,4,0.02
standard_dfm,exact,2024:Q2:pre_third:exact,2024-09-25,pre_third,T,2024:Q2,2.5405251292374205,,,not_available,2.9895,-0.4489748707625796,False,True,0,,,,,,,0,{},14,expanding,40,1965:Q3,,4,0.02
ar,pseudo,2024:Q2:pre_third:pseudo,2024-09-30,pre_third,T,2024:Q2,2.5835523848256576,,,not_available,2.9895,-0.4059476151743424,False,True,0,,,,,,,0,{},14,expanding,40,1965:Q3,,4,0.02
bridge,pseudo,2024:Q2:pre_third:pseudo,2024-09-30,pre_third,T,2024:Q2,2.967789797717142,,,not_available,2.9895,-0.021710202282858138,False,True,0,,,,,,,0,{},14,expanding,40,1965:Q3,,4,0.02
indicator_revision_only_dfm_kalman_em,pseudo,2024:Q2:pre_third:pseudo,2024-09-30,pre_third,T,2024:Q2,2.9423124610202107,0.14232083447018834,0.3772543365823491,model_implied_state_space,2.9895,-0.047187538979789334,False,True,39,-3618.3416909570874,-5758.468038608987,-3618.3416909570874,0.359349516187649,9.927602091156792e-05,39.0,0,{},14,expanding,40,1965:Q3,,4,0.02
joint_indicator_revision_dfm_full_kalman_em,pseudo,2024:Q2:pre_third:pseudo,2024-09-30,pre_third,T,2024:Q2,2.9765677637769503,0.13946740410023004,0.3734533492957722,model_implied_state_space,2.9895,-0.012932236223049731,False,True,40,-3590.7370019273662,-5771.120137549364,-3590.7370019273662,0.35081621920107864,9.766359759603303e-05,40.0,0,{},14,expanding,40,1965:Q3,,4,0.02
midas_umidas,pseudo,2024:Q2:pre_third:pseudo,2024-09-30,pre_third,T,2024:Q2,2.2024255730581266,,,not_available,2.9895,-0.7870744269418735,False,True,0,,,,,,,0,{},14,expanding,40,1965:Q3,,4,0.02
monthly_mixed_frequency_kalman_em,pseudo,2024:Q2:pre_third:pseudo,2024-09-30,pre_third,T,2024:Q2,3.013061260004128,0.14391605082308861,0.3793626903414312,model_implied_state_space,2.9895,0.02356126000412795,False,True,27,-6467.278082810968,-8633.158785558899,-6467.278082810968,0.594981703706253,9.197609811978763e-05,27.0,0,{},14,expanding,40,1965:Q3,,4,0.02
no_revision,pseudo,2024:Q2:pre_third:pseudo,2024-09-30,pre_third,T,2024:Q2,2.9514,,,not_available,2.9895,-0.03810000000000002,False,True,0,,,,,,,0,{},14,expanding,40,1965:Q3,,4,0.02
release_dfm,pseudo,2024:Q2:pre_third:pseudo,2024-09-30,pre_third,T,2024:Q2,3.022013468996109,,,not_available,2.9895,0.03251346899610885,False,True,0,,,,,,,0,{},14,expanding,40,1965:Q3,,4,0.02
revision_dfm_kalman_em,pseudo,2024:Q2:pre_third:pseudo,2024-09-30,pre_third,T,2024:Q2,2.9530319449859554,0.14013263441629084,0.3743429369125199,model_implied_state_space,2.9895,-0.0364680550140446,False,True,31,-1905.6787986269944,-3559.373193148345,-1905.6787986269944,0.1900295505079157,9.965528184208519e-05,31.0,0,{},14,expanding,40,1965:Q3,,4,0.02
standard_dfm,pseudo,2024:Q2:pre_third:pseudo,2024-09-30,pre_third,T,2024:Q2,2.667315293996692,,,not_available,2.9895,-0.32218470600330784,False,True,0,,,,,,,0,{},14,expanding,40,1965:Q3,,4,0.02
ar,exact,2024:Q3:pre_advance:exact,2024-10-29,pre_advance,A,2024:Q3,2.5022415996938236,,,not_available,2.8248,-0.32255840030617655,False,True,0,,,,,,,0,{},14,expanding,40,1965:Q3,,4,0.02
bridge,exact,2024:Q3:pre_advance:exact,2024-10-29,pre_advance,A,2024:Q3,2.406973036116476,,,not_available,2.8248,-0.41782696388352436,False,True,0,,,,,,,0,{},14,expanding,40,1965:Q3,,4,0.02
indicator_revision_only_dfm_kalman_em,exact,2024:Q3:pre_advance:exact,2024-10-29,pre_advance,A,2024:Q3,2.397449774248189,4.0091696532309005,2.0022911010217523,model_implied_state_space,2.8248,-0.42735022575181114,False,False,50,-3686.3736421977055,-5827.863100597368,-3686.3736421977055,0.8419418268672416,0.00022827890823792803,51.0,0,{},14,expanding,40,1965:Q3,,4,0.02
joint_indicator_revision_dfm_full_kalman_em,exact,2024:Q3:pre_advance:exact,2024-10-29,pre_advance,A,2024:Q3,1.9641981212815032,3.008874341136818,1.7346107174628023,model_implied_state_space,2.8248,-0.860601878718497,False,False,50,-3666.280868706192,-5840.866784173309,-3666.280868706192,0.5288138722726217,0.00014417702063016159,51.0,0,{},14,expanding,40,1965:Q3,,4,0.02
midas_umidas,exact,2024:Q3:pre_advance:exact,2024-10-29,pre_advance,A,2024:Q3,0.9544518095465631,,,not_available,2.8248,-1.8703481904534371,False,True,0,,,,,,,0,{},14,expanding,40,1965:Q3,,4,0.02
monthly_mixed_frequency_kalman_em,exact,2024:Q3:pre_advance:exact,2024-10-29,pre_advance,A,2024:Q3,1.43057155265993,4.476113283856048,2.11568269923825,model_implied_state_space,2.8248,-1.3942284473400701,False,True,28,-6486.55240831008,-8688.148717082293,-6486.55240831008,0.5901635054524377,9.096031705839909e-05,28.0,0,{},14,expanding,40,1965:Q3,,4,0.02
no_revision,exact,2024:Q3:pre_advance:exact,2024-10-29,pre_advance,A,2024:Q3,2.416193032674926,,,not_available,2.8248,-0.40860696732507407,False,True,0,,,,,,,0,{},14,expanding,40,1965:Q3,,4,0.02
release_dfm,exact,2024:Q3:pre_advance:exact,2024-10-29,pre_advance,A,2024:Q3,1.8708357897270056,,,not_available,2.8248,-0.9539642102729946,False,True,0,,,,,,,0,{},14,expanding,40,1965:Q3,,4,0.02
revision_dfm_kalman_em,exact,2024:Q3:pre_advance:exact,2024-10-29,pre_advance,A,2024:Q3,1.6002810859783798,2.9190023216314023,1.7085088005718327,model_implied_state_space,2.8248,-1.2245189140216204,False,True,31,-1921.064043367437,-3580.144297408733,-1921.064043367437,0.1910045863976393,9.936485098632265e-05,31.0,0,{},14,expanding,40,1965:Q3,,4,0.02
standard_dfm,exact,2024:Q3:pre_advance:exact,2024-10-29,pre_advance,A,2024:Q3,1.8708357897270056,,,not_available,2.8248,-0.9539642102729946,False,True,0,,,,,,,0,{},14,expanding,40,1965:Q3,,4,0.02
ar,pseudo,2024:Q3:pre_advance:pseudo,2024-10-31,pre_advance,A,2024:Q3,2.5022415996938236,,,not_available,2.8248,-0.32255840030617655,False,True,0,,,,,,,0,{},14,expanding,40,1965:Q3,,4,0.02
bridge,pseudo,2024:Q3:pre_advance:pseudo,2024-10-31,pre_advance,A,2024:Q3,2.433606173658529,,,not_available,2.8248,-0.39119382634147115,False,True,0,,,,,,,0,{},14,expanding,40,1965:Q3,,4,0.02
indicator_revision_only_dfm_kalman_em,pseudo,2024:Q3:pre_advance:pseudo,2024-10-31,pre_advance,A,2024:Q3,2.4026041556460984,4.009446417566288,2.0023602117417054,model_implied_state_space,2.8248,-0.4221958443539018,False,False,50,-3686.452394841412,-5827.858806071951,-3686.452394841412,0.8417235552278726,0.00022821486796009184,51.0,0,{},14,expanding,40,1965:Q3,,4,0.02
joint_indicator_revision_dfm_full_kalman_em,pseudo,2024:Q3:pre_advance:pseudo,2024-10-31,pre_advance,A,2024:Q3,1.968890058414121,3.009103859906906,1.7346768747829973,model_implied_state_space,2.8248,-0.8559099415858793,False,False,50,-3666.3611122712355,-5840.862486694037,-3666.3611122712355,0.5271511358341741,0.0001437206092381091,51.0,0,{},14,expanding,40,1965:Q3,,4,0.02
midas_umidas,pseudo,2024:Q3:pre_advance:pseudo,2024-10-31,pre_advance,A,2024:Q3,0.8905175047746641,,,not_available,2.8248,-1.9342824952253361,False,True,0,,,,,,,0,{},14,expanding,40,1965:Q3,,4,0.02
monthly_mixed_frequency_kalman_em,pseudo,2024:Q3:pre_advance:pseudo,2024-10-31,pre_advance,A,2024:Q3,1.4303895121015349,4.475974318155211,2.1156498571727815,model_implied_state_space,2.8248,-1.3944104878984653,False,True,28,-6487.884277396865,-8689.474999382368,-6487.884277396865,0.5903116102199419,9.096446902186913e-05,28.0,0,{},14,expanding,40,1965:Q3,,4,0.02
no_revision,pseudo,2024:Q3:pre_advance:pseudo,2024-10-31,pre_advance,A,2024:Q3,2.416193032674926,,,not_available,2.8248,-0.40860696732507407,False,True,0,,,,,,,0,{},14,expanding,40,1965:Q3,,4,0.02
release_dfm,pseudo,2024:Q3:pre_advance:pseudo,2024-10-31,pre_advance,A,2024:Q3,1.8815032847397144,,,not_available,2.8248,-0.9432967152602858,False,True,0,,,,,,,0,{},14,expanding,40,1965:Q3,,4,0.02
revision_dfm_kalman_em,pseudo,2024:Q3:pre_advance:pseudo,2024-10-31,pre_advance,A,2024:Q3,1.6032114456971431,2.91898273089972,1.7085030672784056,model_implied_state_space,2.8248,-1.221588554302857,False,True,31,-1921.0662443937526,-3580.144393998761,-1921.0662443937526,0.19101720687535817,9.937130200580004e-05,31.0,0,{},14,expanding,40,1965:Q3,,4,0.02
standard_dfm,pseudo,2024:Q3:pre_advance:pseudo,2024-10-31,pre_advance,A,2024:Q3,1.8815032847397144,,,not_available,2.8248,-0.9432967152602858,False,True,0,,,,,,,0,{},14,expanding,40,1965:Q3,,4,0.02
ar,exact,2024:Q3:pre_second:exact,2024-11-26,pre_second,S,2024:Q3,2.5967948124928846,,,not_available,2.8336,-0.23680518750711554,False,True,0,,,,,,,0,{},14,expanding,40,1965:Q3,,4,0.02
bridge,exact,2024:Q3:pre_second:exact,2024-11-26,pre_second,S,2024:Q3,2.5321424251252944,,,not_available,2.8336,-0.3014575748747057,False,True,0,,,,,,,0,{},14,expanding,40,1965:Q3,,4,0.02
indicator_revision_only_dfm_kalman_em,exact,2024:Q3:pre_second:exact,2024-11-26,pre_second,S,2024:Q3,2.78871422654507,0.3653355844808728,0.6044299665642603,model_implied_state_space,2.8336,-0.04488577345493017,False,False,50,-3687.0504946007327,-5829.233068064891,-3687.0504946007327,0.8126856997155301,0.00022030789974957513,51.0,0,{},14,expanding,40,1965:Q3,,4,0.02
joint_indicator_revision_dfm_full_kalman_em,exact,2024:Q3:pre_second:exact,2024-11-26,pre_second,S,2024:Q3,3.0780736721928883,0.35160048270221056,0.5929590902433409,model_implied_state_space,2.8336,0.24447367219288818,False,False,50,-3666.785055560715,-5842.325608556675,-3666.785055560715,0.4735645972482416,0.00012909793073091693,51.0,0,{},14,expanding,40,1965:Q3,,4,0.02
midas_umidas,exact,2024:Q3:pre_second:exact,2024-11-26,pre_second,S,2024:Q3,3.054649787624036,,,not_available,2.8336,0.22104978762403604,False,True,0,,,,,,,0,{},14,expanding,40,1965:Q3,,4,0.02
monthly_mixed_frequency_kalman_em,exact,2024:Q3:pre_second:exact,2024-11-26,pre_second,S,2024:Q3,2.768812704834551,0.3478221062026544,0.5897644497616438,model_implied_state_space,2.8336,-0.0647872951654489,False,True,28,-6503.904995170391,-8707.256363283941,-6503.904995170391,0.5940477689409818,9.131471160321277e-05,28.0,0,{},14,expanding,40,1965:Q3,,4,0.02
no_revision,exact,2024:Q3:pre_second:exact,2024-11-26,pre_second,S,2024:Q3,2.8248,,,not_available,2.8336,-0.008799999999999919,False,True,0,,,,,,,0,{},14,expanding,40,1965:Q3,,4,0.02
release_dfm,exact,2024:Q3:pre_second:exact,2024-11-26,pre_second,S,2024:Q3,2.946644569928208,,,not_available,2.8336,0.11304456992820766,False,True,0,,,,,,,0,{},14,expanding,40,1965:Q3,,4,0.02
revision_dfm_kalman_em,exact,2024:Q3:pre_second:exact,2024-11-26,pre_second,S,2024:Q3,2.9880596049280097,0.38139732006858956,0.6175737365437342,model_implied_state_space,2.8336,0.1544596049280096,False,True,31,-1921.8459216629863,-3581.5622224056715,-1921.8459216629863,0.18965274770221185,9.862154929730339e-05,31.0,0,{},14,expanding,40,1965:Q3,,4,0.02
standard_dfm,exact,2024:Q3:pre_second:exact,2024-11-26,pre_second,S,2024:Q3,2.1884578766251432,,,not_available,2.8336,-0.6451421233748569,False,True,0,,,,,,,0,{},14,expanding,40,1965:Q3,,4,0.02
ar,pseudo,2024:Q3:pre_second:pseudo,2024-11-30,pre_second,S,2024:Q3,2.5967948124928846,,,not_available,2.8336,-0.23680518750711554,False,True,0,,,,,,,0,{},14,expanding,40,1965:Q3,,4,0.02
bridge,pseudo,2024:Q3:pre_second:pseudo,2024-11-30,pre_second,S,2024:Q3,2.425605378915336,,,not_available,2.8336,-0.4079946210846641,False,True,0,,,,,,,0,{},14,expanding,40,1965:Q3,,4,0.02
indicator_revision_only_dfm_kalman_em,pseudo,2024:Q3:pre_second:pseudo,2024-11-30,pre_second,S,2024:Q3,2.7888645618217196,0.3653415111520652,0.6044348692390812,model_implied_state_space,2.8336,-0.04473543817828052,False,False,50,-3687.04728043633,-5829.317476448752,-3687.04728043633,0.8028690459914287,0.0002176475089680995,51.0,0,{},14,expanding,40,1965:Q3,,4,0.02
joint_indicator_revision_dfm_full_kalman_em,pseudo,2024:Q3:pre_second:pseudo,2024-11-30,pre_second,S,2024:Q3,3.0776833895901134,0.35156196727677635,0.5929266120497345,model_implied_state_space,2.8336,0.24408338959011333,False,False,50,-3666.7594809531765,-5842.409986375407,-3666.7594809531765,0.45587971870781985,0.0001242783407963046,51.0,0,{},14,expanding,40,1965:Q3,,4,0.02
midas_umidas,pseudo,2024:Q3:pre_second:pseudo,2024-11-30,pre_second,S,2024:Q3,3.042330109502627,,,not_available,2.8336,0.20873010950262705,False,True,0,,,,,,,0,{},14,expanding,40,1965:Q3,,4,0.02
monthly_mixed_frequency_kalman_em,pseudo,2024:Q3:pre_second:pseudo,2024-11-30,pre_second,S,2024:Q3,2.768727278165511,0.3478175838375527,0.5897606157056884,model_implied_state_space,2.8336,-0.06487272183448933,False,True,28,-6506.789067067091,-8709.979177076575,-6506.789067067091,0.5946370317360561,9.136477791891214e-05,28.0,0,{},14,expanding,40,1965:Q3,,4,0.02
no_revision,pseudo,2024:Q3:pre_second:pseudo,2024-11-30,pre_second,S,2024:Q3,2.8248,,,not_available,2.8336,-0.008799999999999919,False,True,0,,,,,,,0,{},14,expanding,40,1965:Q3,,4,0.02
release_dfm,pseudo,2024:Q3:pre_second:pseudo,2024-11-30,pre_second,S,2024:Q3,2.947114115069522,,,not_available,2.8336,0.1135141150695218,False,True,0,,,,,,,0,{},14,expanding,40,1965:Q3,,4,0.02
revision_dfm_kalman_em,pseudo,2024:Q3:pre_second:pseudo,2024-11-30,pre_second,S,2024:Q3,2.986085421753352,0.3814144430661262,0.6175875995080586,model_implied_state_space,2.8336,0.15248542175335178,False,True,31,-1921.9697027511206,-3581.592447421594,-1921.9697027511206,0.1898474709457787,9.87164434296973e-05,31.0,0,{},14,expanding,40,1965:Q3,,4,0.02
standard_dfm,pseudo,2024:Q3:pre_second:pseudo,2024-11-30,pre_second,S,2024:Q3,2.155040753793078,,,not_available,2.8336,-0.6785592462069223,False,True,0,,,,,,,0,{},14,expanding,40,1965:Q3,,4,0.02
ar,exact,2024:Q3:pre_third:exact,2024-12-18,pre_third,T,2024:Q3,2.66526432629407,,,not_available,3.073,-0.4077356737059299,False,True,0,,,,,,,0,{},14,expanding,40,1965:Q3,,4,0.02
bridge,exact,2024:Q3:pre_third:exact,2024-12-18,pre_third,T,2024:Q3,2.3677227363632447,,,not_available,3.073,-0.7052772636367552,False,True,0,,,,,,,0,{},14,expanding,40,1965:Q3,,4,0.02
indicator_revision_only_dfm_kalman_em,exact,2024:Q3:pre_third:exact,2024-12-18,pre_third,T,2024:Q3,2.831717869533905,0.1413164235031847,0.3759207675869806,model_implied_state_space,3.073,-0.2412821304660948,False,False,50,-3686.4790265528604,-5830.605468098416,-3686.4790265528604,0.8078532573640587,0.0002190321099441228,51.0,0,{},14,expanding,40,1965:Q3,,4,0.02
joint_indicator_revision_dfm_full_kalman_em,exact,2024:Q3:pre_third:exact,2024-12-18,pre_third,T,2024:Q3,2.8526211357197084,0.13887595924272333,0.37266064890557377,model_implied_state_space,3.073,-0.22037886428029152,False,False,50,-3666.296525412184,-5843.667584740816,-3666.296525412184,0.4654664161353139,0.00012690747577742537,51.0,0,{},14,expanding,40,1965:Q3,,4,0.02
midas_umidas,exact,2024:Q3:pre_third:exact,2024-12-18,pre_third,T,2024:Q3,2.584814950604585,,,not_available,3.073,-0.48818504939541496,False,True,0,,,,,,,0,{},14,expanding,40,1965:Q3,,4,0.02
monthly_mixed_frequency_kalman_em,exact,2024:Q3:pre_third:exact,2024-12-18,pre_third,T,2024:Q3,2.8355651836552465,0.14405520555614038,0.3795460519569929,model_implied_state_space,3.073,-0.2374348163447535,False,True,28,-6521.002891821332,-8727.583307632307,-6521.002891821332,0.5951434377448095,9.124331049187067e-05,28.0,0,{},14,expanding,40,1965:Q3,,4,0.02
no_revision,exact,2024:Q3:pre_third:exact,2024-12-18,pre_third,T,2024:Q3,2.8336,,,not_available,3.073,-0.23939999999999984,False,True,0,,,,,,,0,{},14,expanding,40,1965:Q3,,4,0.02
release_dfm,exact,2024:Q3:pre_third:exact,2024-12-18,pre_third,T,2024:Q3,2.9283436678816743,,,not_available,3.073,-0.14465633211832563,False,True,0,,,,,,,0,{},14,expanding,40,1965:Q3,,4,0.02
revision_dfm_kalman_em,exact,2024:Q3:pre_third:exact,2024-12-18,pre_third,T,2024:Q3,2.848765027988101,0.1399091130383998,0.37404426614827263,model_implied_state_space,3.073,-0.22423497201189901,False,True,24,-1921.1861734885638,-3610.431291613863,-1921.1861734885638,0.17674814282986517,9.194317100117062e-05,24.0,0,{},14,expanding,40,1965:Q3,,4,0.02
standard_dfm,exact,2024:Q3:pre_third:exact,2024-12-18,pre_third,T,2024:Q3,2.1363286462139577,,,not_available,3.073,-0.9366713537860423,False,True,0,,,,,,,0,{},14,expanding,40,1965:Q3,,4,0.02
ar,pseudo,2024:Q3:pre_third:pseudo,2024-12-31,pre_third,T,2024:Q3,2.66526432629407,,,not_available,3.073,-0.4077356737059299,False,True,0,,,,,,,0,{},14,expanding,40,1965:Q3,,4,0.02
bridge,pseudo,2024:Q3:pre_third:pseudo,2024-12-31,pre_third,T,2024:Q3,2.3751763046094254,,,not_available,3.073,-0.6978236953905745,False,True,0,,,,,,,0,{},14,expanding,40,1965:Q3,,4,0.02
indicator_revision_only_dfm_kalman_em,pseudo,2024:Q3:pre_third:pseudo,2024-12-31,pre_third,T,2024:Q3,2.8317194980650573,0.1413163863191365,0.3759207181296829,model_implied_state_space,3.073,-0.24128050193494266,False,False,50,-3686.4899119874235,-5830.616619005015,-3686.4899119874235,0.8052965141673667,0.00021833841074086013,51.0,0,{},14,expanding,40,1965:Q3,,4,0.02
joint_indicator_revision_dfm_full_kalman_em,pseudo,2024:Q3:pre_third:pseudo,2024-12-31,pre_third,T,2024:Q3,2.852614630297732,0.13887627487663973,0.3726610723923814,model_implied_state_space,3.073,-0.22038536970226774,False,False,50,-3666.3022462944245,-5843.678733572073,-3666.3022462944245,0.46083865803893787,0.00012564569939906863,51.0,0,{},14,expanding,40,1965:Q3,,4,0.02
midas_umidas,pseudo,2024:Q3:pre_third:pseudo,2024-12-31,pre_third,T,2024:Q3,2.5770167411236327,,,not_available,3.073,-0.4959832588763673,False,True,0,,,,,,,0,{},14,expanding,40,1965:Q3,,4,0.02
monthly_mixed_frequency_kalman_em,pseudo,2024:Q3:pre_third:pseudo,2024-12-31,pre_third,T,2024:Q3,2.8356068152818192,0.14405566573531642,0.37954665817961886,model_implied_state_space,3.073,-0.23739318471818072,False,True,28,-6523.6791500619665,-8730.29071847285,-6523.6791500619665,0.5953237402145533,9.123351708877112e-05,28.0,0,{},14,expanding,40,1965:Q3,,4,0.02
no_revision,pseudo,2024:Q3:pre_third:pseudo,2024-12-31,pre_third,T,2024:Q3,2.8336,,,not_available,3.073,-0.23939999999999984,False,True,0,,,,,,,0,{},14,expanding,40,1965:Q3,,4,0.02
release_dfm,pseudo,2024:Q3:pre_third:pseudo,2024-12-31,pre_third,T,2024:Q3,2.92823485957436,,,not_available,3.073,-0.14476514042564004,False,True,0,,,,,,,0,{},14,expanding,40,1965:Q3,,4,0.02
revision_dfm_kalman_em,pseudo,2024:Q3:pre_third:pseudo,2024-12-31,pre_third,T,2024:Q3,2.8487440172464393,0.13990904722591774,0.3740441781740731,model_implied_state_space,3.073,-0.22425598275356062,False,True,24,-1921.2268835021089,-3610.442105079561,-1921.2268835021089,0.17676450797102916,9.19497360265633e-05,24.0,0,{},14,expanding,40,1965:Q3,,4,0.02
standard_dfm,pseudo,2024:Q3:pre_third:pseudo,2024-12-31,pre_third,T,2024:Q3,2.1500301979786576,,,not_available,3.073,-0.9229698020213424,False,True,0,,,,,,,0,{},14,expanding,40,1965:Q3,,4,0.02
ar,exact,2024:Q4:pre_advance:exact,2025-01-29,pre_advance,A,2024:Q4,2.5030214835002664,,,not_available,2.2512,0.25182148350026656,False,True,0,,,,,,,0,{},14,expanding,40,1965:Q3,,4,0.02
bridge,exact,2024:Q4:pre_advance:exact,2025-01-29,pre_advance,A,2024:Q4,2.5038993338243563,,,not_available,2.2512,0.2526993338243564,False,True,0,,,,,,,0,{},14,expanding,40,1965:Q3,,4,0.02
indicator_revision_only_dfm_kalman_em,exact,2024:Q4:pre_advance:exact,2025-01-29,pre_advance,A,2024:Q4,2.898299487777097,4.010180586427681,2.0025435292216947,model_implied_state_space,2.2512,0.6470994877770972,False,False,50,-3714.149644347923,-5869.127443604077,-3714.149644347923,0.7445357274318667,0.00020036515878844757,51.0,0,{},14,expanding,40,1965:Q3,,4,0.02
joint_indicator_revision_dfm_full_kalman_em,exact,2024:Q4:pre_advance:exact,2025-01-29,pre_advance,A,2024:Q4,2.509427436073396,3.0378110331480976,1.742931735079747,model_implied_state_space,2.2512,0.25822743607339627,False,False,50,-3693.5247579550237,-5882.181005102245,-3693.5247579550237,0.3256322584084046,8.813137854536907e-05,51.0,0,{},14,expanding,40,1965:Q3,,4,0.02
midas_umidas,exact,2024:Q4:pre_advance:exact,2025-01-29,pre_advance,A,2024:Q4,2.149665591738329,,,not_available,2.2512,-0.1015344082616707,False,True,0,,,,,,,0,{},14,expanding,40,1965:Q3,,4,0.02
monthly_mixed_frequency_kalman_em,exact,2024:Q4:pre_advance:exact,2025-01-29,pre_advance,A,2024:Q4,1.1783871168494766,4.458831516590061,2.111594543606812,model_implied_state_space,2.2512,-1.0728128831505233,False,True,28,-6539.143212612603,-8750.666374123035,-6539.143212612603,0.6003269502198236,9.17826767841671e-05,28.0,0,{},14,expanding,40,1965:Q3,,4,0.02
no_revision,exact,2024:Q4:pre_advance:exact,2025-01-29,pre_advance,A,2024:Q4,2.444247371944305,,,not_available,2.2512,0.1930473719443051,False,True,0,,,,,,,0,{},14,expanding,40,1965:Q3,,4,0.02
release_dfm,exact,2024:Q4:pre_advance:exact,2025-01-29,pre_advance,A,2024:Q4,2.0771753796129513,,,not_available,2.2512,-0.17402462038704858,False,True,0,,,,,,,0,{},14,expanding,40,1965:Q3,,4,0.02
revision_dfm_kalman_em,exact,2024:Q4:pre_advance:exact,2025-01-29,pre_advance,A,2024:Q4,1.899202101942666,2.9082147232650493,1.7053488567636386,model_implied_state_space,2.2512,-0.35199789805733395,False,True,31,-1936.3653188607786,-3603.639473768445,-1936.3653188607786,0.18849342484986664,9.728422697458454e-05,31.0,0,{},14,expanding,40,1965:Q3,,4,0.02
standard_dfm,exact,2024:Q4:pre_advance:exact,2025-01-29,pre_advance,A,2024:Q4,2.0771753796129513,,,not_available,2.2512,-0.17402462038704858,False,True,0,,,,,,,0,{},14,expanding,40,1965:Q3,,4,0.02
ar,pseudo,2024:Q4:pre_advance:pseudo,2025-01-31,pre_advance,A,2024:Q4,2.5030214835002664,,,not_available,2.2512,0.25182148350026656,False,True,0,,,,,,,0,{},14,expanding,40,1965:Q3,,4,0.02
bridge,pseudo,2024:Q4:pre_advance:pseudo,2025-01-31,pre_advance,A,2024:Q4,2.5807494318233606,,,not_available,2.2512,0.3295494318233607,False,True,0,,,,,,,0,{},14,expanding,40,1965:Q3,,4,0.02
indicator_revision_only_dfm_kalman_em,pseudo,2024:Q4:pre_advance:pseudo,2025-01-31,pre_advance,A,2024:Q4,2.900050243289363,4.010223138483508,2.002554153695602,model_implied_state_space,2.2512,0.6488502432893632,False,False,50,-3714.1476546995764,-5869.134385217214,-3714.1476546995764,0.7434336334849831,0.00020006873608841035,51.0,0,{},14,expanding,40,1965:Q3,,4,0.02
joint_indicator_revision_dfm_full_kalman_em,pseudo,2024:Q4:pre_advance:pseudo,2025-01-31,pre_advance,A,2024:Q4,2.5109177663113917,3.0381606769265246,1.74303203554224,model_implied_state_space,2.2512,0.2597177663113919,False,False,50,-3693.524280084619,-5882.187953721272,-3693.524280084619,0.32394402592717597,8.767451496743371e-05,51.0,0,{},14,expanding,40,1965:Q3,,4,0.02
midas_umidas,pseudo,2024:Q4:pre_advance:pseudo,2025-01-31,pre_advance,A,2024:Q4,2.1228586385631445,,,not_available,2.2512,-0.12834136143685537,False,True,0,,,,,,,0,{},14,expanding,40,1965:Q3,,4,0.02
monthly_mixed_frequency_kalman_em,pseudo,2024:Q4:pre_advance:pseudo,2025-01-31,pre_advance,A,2024:Q4,1.1766338454468164,4.458536809355601,2.111524759351782,model_implied_state_space,2.2512,-1.0745661545531835,False,True,28,-6540.669675618347,-8752.020968437366,-6540.669675618347,0.6009099822404096,9.185037127064126e-05,28.0,0,{},14,expanding,40,1965:Q3,,4,0.02
no_revision,pseudo,2024:Q4:pre_advance:pseudo,2025-01-31,pre_advance,A,2024:Q4,2.444247371944305,,,not_available,2.2512,0.1930473719443051,False,True,0,,,,,,,0,{},14,expanding,40,1965:Q3,,4,0.02
release_dfm,pseudo,2024:Q4:pre_advance:pseudo,2025-01-31,pre_advance,A,2024:Q4,2.108117712320259,,,not_available,2.2512,-0.14308228767974107,False,True,0,,,,,,,0,{},14,expanding,40,1965:Q3,,4,0.02
revision_dfm_kalman_em,pseudo,2024:Q4:pre_advance:pseudo,2025-01-31,pre_advance,A,2024:Q4,1.907726146307763,2.908107108244268,1.70531730427046,model_implied_state_space,2.2512,-0.3434738536922368,False,True,31,-1936.384695653549,-3603.6435711057256,-1936.384695653549,0.18856993608756056,9.732273841535253e-05,31.0,0,{},14,expanding,40,1965:Q3,,4,0.02
standard_dfm,pseudo,2024:Q4:pre_advance:pseudo,2025-01-31,pre_advance,A,2024:Q4,2.108117712320259,,,not_available,2.2512,-0.14308228767974107,False,True,0,,,,,,,0,{},14,expanding,40,1965:Q3,,4,0.02
ar,exact,2024:Q4:pre_second:exact,2025-02-26,pre_second,S,2024:Q4,2.5915876882913262,,,not_available,2.3451,0.24648768829132628,False,True,0,,,,,,,0,{},14,expanding,40,1965:Q3,,4,0.02
bridge,exact,2024:Q4:pre_second:exact,2025-02-26,pre_second,S,2024:Q4,2.273257848902314,,,not_available,2.3451,-0.0718421510976861,False,True,0,,,,,,,0,{},14,expanding,40,1965:Q3,,4,0.02
indicator_revision_only_dfm_kalman_em,exact,2024:Q4:pre_second:exact,2025-02-26,pre_second,S,2024:Q4,2.3133338671067842,0.36395193681328625,0.6032842918668496,model_implied_state_space,2.3451,-0.031766132893215726,False,False,50,-3712.3372070933297,-5870.431902411667,-3712.3372070933297,0.6859296390621239,0.00018468642057669214,51.0,0,{},14,expanding,40,1965:Q3,,4,0.02
joint_indicator_revision_dfm_full_kalman_em,exact,2024:Q4:pre_second:exact,2025-02-26,pre_second,S,2024:Q4,2.2003509968976136,0.34779692474107854,0.5897431006303325,model_implied_state_space,2.3451,-0.14474900310238636,False,True,49,-3692.0393225297207,-5883.5744979378915,-3692.0393225297207,0.331885642974612,8.98598121521647e-05,49.0,0,{},14,expanding,40,1965:Q3,,4,0.02
midas_umidas,exact,2024:Q4:pre_second:exact,2025-02-26,pre_second,S,2024:Q4,0.5521882543281651,,,not_available,2.3451,-1.7929117456718349,False,True,0,,,,,,,0,{},14,expanding,40,1965:Q3,,4,0.02
monthly_mixed_frequency_kalman_em,exact,2024:Q4:pre_second:exact,2025-02-26,pre_second,S,2024:Q4,2.2937751381556915,0.34637900065441035,0.5885397188418215,model_implied_state_space,2.3451,-0.05132486184430851,False,True,27,-6548.940949226245,-8733.635195700865,-6548.940949226245,0.6186385703649648,9.444056833212539e-05,27.0,0,{},14,expanding,40,1965:Q3,,4,0.02
no_revision,exact,2024:Q4:pre_second:exact,2025-02-26,pre_second,S,2024:Q4,2.2512,,,not_available,2.3451,-0.0939000000000001,False,True,0,,,,,,,0,{},14,expanding,40,1965:Q3,,4,0.02
release_dfm,exact,2024:Q4:pre_second:exact,2025-02-26,pre_second,S,2024:Q4,2.3605377701599086,,,not_available,2.3451,0.01543777015990866,False,True,0,,,,,,,0,{},14,expanding,40,1965:Q3,,4,0.02
revision_dfm_kalman_em,exact,2024:Q4:pre_second:exact,2025-02-26,pre_second,S,2024:Q4,2.3333006513867516,0.3797851028646526,0.616267071053332,model_implied_state_space,2.3451,-0.011799348613248384,False,True,24,-1935.7267850845526,-3632.7617585563326,-1935.7267850845526,0.17781727659189528,9.180487070717408e-05,24.0,0,{},14,expanding,40,1965:Q3,,4,0.02
standard_dfm,exact,2024:Q4:pre_second:exact,2025-02-26,pre_second,S,2024:Q4,2.378222366758939,,,not_available,2.3451,0.03312236675893887,False,True,0,,,,,,,0,{},14,expanding,40,1965:Q3,,4,0.02
ar,pseudo,2024:Q4:pre_second:pseudo,2025-02-28,pre_second,S,2024:Q4,2.5915876882913262,,,not_available,2.3451,0.24648768829132628,False,True,0,,,,,,,0,{},14,expanding,40,1965:Q3,,4,0.02
bridge,pseudo,2024:Q4:pre_second:pseudo,2025-02-28,pre_second,S,2024:Q4,2.2206875498240026,,,not_available,2.3451,-0.12441245017599734,False,True,0,,,,,,,0,{},14,expanding,40,1965:Q3,,4,0.02
indicator_revision_only_dfm_kalman_em,pseudo,2024:Q4:pre_second:pseudo,2025-02-28,pre_second,S,2024:Q4,2.31338813687346,0.3639521437758978,0.6032844633967444,model_implied_state_space,2.3451,-0.03171186312654006,False,False,50,-3712.3852267848106,-5870.478399953937,-3712.3852267848106,0.6869158163185602,0.00018494950823369917,51.0,0,{},14,expanding,40,1965:Q3,,4,0.02
joint_indicator_revision_dfm_full_kalman_em,pseudo,2024:Q4:pre_second:pseudo,2025-02-28,pre_second,S,2024:Q4,2.200204149089573,0.34780302839918176,0.5897482754524864,model_implied_state_space,2.3451,-0.144895850910427,False,True,49,-3692.0876815749825,-5883.62098923418,-3692.0876815749825,0.33397246314780205,9.04235948209866e-05,49.0,0,{},14,expanding,40,1965:Q3,,4,0.02
midas_umidas,pseudo,2024:Q4:pre_second:pseudo,2025-02-28,pre_second,S,2024:Q4,0.4980392456112641,,,not_available,2.3451,-1.8470607543887358,False,True,0,,,,,,,0,{},14,expanding,40,1965:Q3,,4,0.02
monthly_mixed_frequency_kalman_em,pseudo,2024:Q4:pre_second:pseudo,2025-02-28,pre_second,S,2024:Q4,2.293682398555362,0.34637536208857733,0.5885366276524999,model_implied_state_space,2.3451,-0.05141760144463792,False,True,27,-6551.239621459542,-8736.353042009172,-6551.239621459542,0.617495940927256,9.423308487645124e-05,27.0,0,{},14,expanding,40,1965:Q3,,4,0.02
no_revision,pseudo,2024:Q4:pre_second:pseudo,2025-02-28,pre_second,S,2024:Q4,2.2512,,,not_available,2.3451,-0.0939000000000001,False,True,0,,,,,,,0,{},14,expanding,40,1965:Q3,,4,0.02
release_dfm,pseudo,2024:Q4:pre_second:pseudo,2025-02-28,pre_second,S,2024:Q4,2.3606688941766256,,,not_available,2.3451,0.015568894176625658,False,True,0,,,,,,,0,{},14,expanding,40,1965:Q3,,4,0.02
revision_dfm_kalman_em,pseudo,2024:Q4:pre_second:pseudo,2025-02-28,pre_second,S,2024:Q4,2.3319867036694184,0.3797832989945191,0.6162656075058214,model_implied_state_space,2.3451,-0.013113296330581559,False,True,24,-1935.7207111879122,-3632.763712268561,-1935.7207111879122,0.1777792684549695,9.178553720338829e-05,24.0,0,{},14,expanding,40,1965:Q3,,4,0.02
standard_dfm,pseudo,2024:Q4:pre_second:pseudo,2025-02-28,pre_second,S,2024:Q4,2.3688770371998857,,,not_available,2.3451,0.023777037199885775,False,True,0,,,,,,,0,{},14,expanding,40,1965:Q3,,4,0.02
ar,exact,2024:Q4:pre_third:exact,2025-03-26,pre_third,T,2024:Q4,2.6712239159811935,,,not_available,2.4495,0.22172391598119345,False,True,0,,,,,,,0,{},14,expanding,40,1965:Q3,,4,0.02
bridge,exact,2024:Q4:pre_third:exact,2025-03-26,pre_third,T,2024:Q4,2.494763490806641,,,not_available,2.4495,0.04526349080664094,False,True,0,,,,,,,0,{},14,expanding,40,1965:Q3,,4,0.02
indicator_revision_only_dfm_kalman_em,exact,2024:Q4:pre_third:exact,2025-03-26,pre_third,T,2024:Q4,2.3437749192976227,0.14096827254997693,0.375457417758628,model_implied_state_space,2.4495,-0.1057250807023773,False,False,50,-3711.6916700458805,-5871.662189756845,-3711.6916700458805,0.6888438749915622,0.00018550317491277724,51.0,0,{},14,expanding,40,1965:Q3,,4,0.02
joint_indicator_revision_dfm_full_kalman_em,exact,2024:Q4:pre_third:exact,2025-03-26,pre_third,T,2024:Q4,2.337155037124595,0.1385307443598253,0.3721971847822405,model_implied_state_space,2.4495,-0.11234496287540496,False,True,49,-3691.4105090904395,-5884.774695823839,-3691.4105090904395,0.3471078919505999,9.3996933444618e-05,49.0,0,{},14,expanding,40,1965:Q3,,4,0.02
midas_umidas,exact,2024:Q4:pre_third:exact,2025-03-26,pre_third,T,2024:Q4,0.994998415434841,,,not_available,2.4495,-1.454501584565159,False,True,0,,,,,,,0,{},14,expanding,40,1965:Q3,,4,0.02
monthly_mixed_frequency_kalman_em,exact,2024:Q4:pre_third:exact,2025-03-26,pre_third,T,2024:Q4,2.451643715948563,0.14369268390096826,0.37906817843360086,model_implied_state_space,2.4495,0.0021437159485628854,False,True,28,-6571.402203876199,-8790.657522762107,-6571.402203876199,0.606597128516114,9.228606668279416e-05,28.0,0,{},14,expanding,40,1965:Q3,,4,0.02
no_revision,exact,2024:Q4:pre_third:exact,2025-03-26,pre_third,T,2024:Q4,2.3451,,,not_available,2.4495,-0.10440000000000005,False,True,0,,,,,,,0,{},14,expanding,40,1965:Q3,,4,0.02
release_dfm,exact,2024:Q4:pre_third:exact,2025-03-26,pre_third,T,2024:Q4,2.413905476816721,,,not_available,2.4495,-0.03559452318327905,False,True,0,,,,,,,0,{},14,expanding,40,1965:Q3,,4,0.02
revision_dfm_kalman_em,exact,2024:Q4:pre_third:exact,2025-03-26,pre_third,T,2024:Q4,2.347623698922194,0.13915470269416744,0.3730344524225174,model_implied_state_space,2.4495,-0.1018763010778061,False,True,32,-1934.9218499883402,-3606.1106741764265,-1934.9218499883402,0.1716467158330488,8.865621217427996e-05,32.0,0,{},14,expanding,40,1965:Q3,,4,0.02
standard_dfm,exact,2024:Q4:pre_third:exact,2025-03-26,pre_third,T,2024:Q4,2.486521151153671,,,not_available,2.4495,0.037021151153671106,False,True,0,,,,,,,0,{},14,expanding,40,1965:Q3,,4,0.02
ar,pseudo,2024:Q4:pre_third:pseudo,2025-03-31,pre_third,T,2024:Q4,2.6712239159811935,,,not_available,2.4495,0.22172391598119345,False,True,0,,,,,,,0,{},14,expanding,40,1965:Q3,,4,0.02
bridge,pseudo,2024:Q4:pre_third:pseudo,2025-03-31,pre_third,T,2024:Q4,2.436759256767303,,,not_available,2.4495,-0.012740743232697138,False,True,0,,,,,,,0,{},14,expanding,40,1965:Q3,,4,0.02
indicator_revision_only_dfm_kalman_em,pseudo,2024:Q4:pre_third:pseudo,2025-03-31,pre_third,T,2024:Q4,2.3437730098704073,0.14096827636806616,0.37545742284321154,model_implied_state_space,2.4495,-0.10572699012959275,False,False,50,-3711.6994239537944,-5871.665198366565,-3711.6994239537944,0.6891826611986289,0.00018559400434711463,51.0,0,{},14,expanding,40,1965:Q3,,4,0.02
joint_indicator_revision_dfm_full_kalman_em,pseudo,2024:Q4:pre_third:pseudo,2025-03-31,pre_third,T,2024:Q4,2.3371591778116354,0.13853068762188386,0.3721971085619606,model_implied_state_space,2.4495,-0.11234082218836461,False,True,49,-3691.4190953908856,-5884.777700814167,-3691.4190953908856,0.3479040004203853,9.421228051424088e-05,49.0,0,{},14,expanding,40,1965:Q3,,4,0.02
midas_umidas,pseudo,2024:Q4:pre_third:pseudo,2025-03-31,pre_third,T,2024:Q4,0.9907742755655309,,,not_available,2.4495,-1.4587257244344691,False,True,0,,,,,,,0,{},14,expanding,40,1965:Q3,,4,0.02
monthly_mixed_frequency_kalman_em,pseudo,2024:Q4:pre_third:pseudo,2025-03-31,pre_third,T,2024:Q4,2.4516072847721437,0.14369513929056066,0.3790714171374052,model_implied_state_space,2.4495,0.002107284772143725,False,True,28,-6573.047501630251,-8791.999099907303,-6573.047501630251,0.6077740693281157,9.244196750124595e-05,28.0,0,{},14,expanding,40,1965:Q3,,4,0.02
no_revision,pseudo,2024:Q4:pre_third:pseudo,2025-03-31,pre_third,T,2024:Q4,2.3451,,,not_available,2.4495,-0.10440000000000005,False,True,0,,,,,,,0,{},14,expanding,40,1965:Q3,,4,0.02
release_dfm,pseudo,2024:Q4:pre_third:pseudo,2025-03-31,pre_third,T,2024:Q4,2.4140857663958926,,,not_available,2.4495,-0.03541423360410745,False,True,0,,,,,,,0,{},14,expanding,40,1965:Q3,,4,0.02
revision_dfm_kalman_em,pseudo,2024:Q4:pre_third:pseudo,2025-03-31,pre_third,T,2024:Q4,2.347648888704859,0.13915473277217355,0.37303449273783457,model_implied_state_space,2.4495,-0.10185111129514102,False,True,32,-1934.9109195564074,-3606.1102354562286,-1934.9109195564074,0.17159931538208184,8.86322322057211e-05,32.0,0,{},14,expanding,40,1965:Q3,,4,0.02
standard_dfm,pseudo,2024:Q4:pre_third:pseudo,2025-03-31,pre_third,T,2024:Q4,2.46420038506083,,,not_available,2.4495,0.014700385060829824,False,True,0,,,,,,,0,{},14,expanding,40,1965:Q3,,4,0.02
