model_id,timing_mode,forecast_origin,forecast_origin_date,checkpoint_id,target_id,target_quarter,forecast_value,forecast_variance,forecast_sd,density_source,realized_value,forecast_error,revision_target_flag,converged,n_iter,loglikelihood,llf_initial,llf_final,llf_last_improvement,llf_relative_last_improvement,llf_history_length,numerical_guard_event_count,numerical_guard_events,n_indicators,estimation_window,rolling_window_quarters,training_window_start,excluded_quarters,initialization_seed,initialization_jitter
ar,exact,2022:Q1:pre_advance:exact,2022-04-27,pre_advance,A,2022:Q1,2.6927488969272595,,,not_available,-1.4142,4.10694889692726,False,True,0,,,,,,,0,{},14,expanding,40,1965:Q3,,1,0.02
bridge,exact,2022:Q1:pre_advance:exact,2022-04-27,pre_advance,A,2022:Q1,5.227154474813036,,,not_available,-1.4142,6.641354474813036,False,True,0,,,,,,,0,{},14,expanding,40,1965:Q3,,1,0.02
indicator_revision_only_dfm_kalman_em,exact,2022:Q1:pre_advance:exact,2022-04-27,pre_advance,A,2022:Q1,5.666263629679346,2.85539206497161,1.689790538786275,model_implied_state_space,-1.4142,7.080463629679346,False,True,47,-3351.7636207325395,-5377.5312047595935,-3351.7636207325395,0.25944498405851846,7.737643880569925e-05,47.0,0,{},14,expanding,40,1965:Q3,,1,0.02
joint_indicator_revision_dfm_full_kalman_em,exact,2022:Q1:pre_advance:exact,2022-04-27,pre_advance,A,2022:Q1,5.109267934560782,2.039481286365116,1.4281040880710048,model_implied_state_space,-1.4142,6.523467934560782,False,True,48,-3322.2006513280717,-5387.417770392324,-3322.2006513280717,0.28286667897373263,8.511150346951503e-05,48.0,0,{},14,expanding,40,1965:Q3,,1,0.02
midas_umidas,exact,2022:Q1:pre_advance:exact,2022-04-27,pre_advance,A,2022:Q1,0.898970140648296,,,not_available,-1.4142,2.313170140648296,False,True,0,,,,,,,0,{},14,expanding,40,1965:Q3,,1,0.02
monthly_mixed_frequency_kalman_em,exact,2022:Q1:pre_advance:exact,2022-04-27,pre_advance,A,2022:Q1,5.436717824734956,4.014426515724943,2.0036033828392643,model_implied_state_space,-1.4142,6.850917824734956,False,True,30,-5981.90197003363,-8025.500464250411,-5981.90197003363,0.5979071422016204,9.992598888191642e-05,30.0,0,{},14,expanding,40,1965:Q3,,1,0.02
no_revision,exact,2022:Q1:pre_advance:exact,2022-04-27,pre_advance,A,2022:Q1,2.755991365930564,,,not_available,-1.4142,4.170191365930564,False,True,0,,,,,,,0,{},14,expanding,40,1965:Q3,,1,0.02
release_dfm,exact,2022:Q1:pre_advance:exact,2022-04-27,pre_advance,A,2022:Q1,6.932443866578865,,,not_available,-1.4142,8.346643866578864,False,True,0,,,,,,,0,{},14,expanding,40,1965:Q3,,1,0.02
revision_dfm_kalman_em,exact,2022:Q1:pre_advance:exact,2022-04-27,pre_advance,A,2022:Q1,5.730543977048413,2.663648056007738,1.6320686431666218,model_implied_state_space,-1.4142,7.144743977048413,False,True,27,-1797.0653822952847,-3328.2356057257143,-1797.0653822952847,0.17112066630852496,9.516026731005569e-05,27.0,0,{},14,expanding,40,1965:Q3,,1,0.02
standard_dfm,exact,2022:Q1:pre_advance:exact,2022-04-27,pre_advance,A,2022:Q1,6.932443866578865,,,not_available,-1.4142,8.346643866578864,False,True,0,,,,,,,0,{},14,expanding,40,1965:Q3,,1,0.02
ar,pseudo,2022:Q1:pre_advance:pseudo,2022-04-30,pre_advance,A,2022:Q1,2.6927488969272595,,,not_available,-1.4142,4.10694889692726,False,True,0,,,,,,,0,{},14,expanding,40,1965:Q3,,1,0.02
bridge,pseudo,2022:Q1:pre_advance:pseudo,2022-04-30,pre_advance,A,2022:Q1,5.395493194750157,,,not_available,-1.4142,6.8096931947501576,False,True,0,,,,,,,0,{},14,expanding,40,1965:Q3,,1,0.02
indicator_revision_only_dfm_kalman_em,pseudo,2022:Q1:pre_advance:pseudo,2022-04-30,pre_advance,A,2022:Q1,5.6687080762194455,2.8552227868308866,1.6897404495456947,model_implied_state_space,-1.4142,7.082908076219446,False,True,47,-3351.5215725734915,-5377.284433650469,-3351.5215725734915,0.2638332004703443,7.869075068627622e-05,47.0,0,{},14,expanding,40,1965:Q3,,1,0.02
joint_indicator_revision_dfm_full_kalman_em,pseudo,2022:Q1:pre_advance:pseudo,2022-04-30,pre_advance,A,2022:Q1,5.111538345181968,2.0392254376077767,1.428014508892601,model_implied_state_space,-1.4142,6.525738345181968,False,True,48,-3321.960795272329,-5387.171102871397,-3321.960795272329,0.2879729644823783,8.665404986674101e-05,48.0,0,{},14,expanding,40,1965:Q3,,1,0.02
midas_umidas,pseudo,2022:Q1:pre_advance:pseudo,2022-04-30,pre_advance,A,2022:Q1,0.8363165284230893,,,not_available,-1.4142,2.2505165284230895,False,True,0,,,,,,,0,{},14,expanding,40,1965:Q3,,1,0.02
monthly_mixed_frequency_kalman_em,pseudo,2022:Q1:pre_advance:pseudo,2022-04-30,pre_advance,A,2022:Q1,5.440082703562381,4.014238510924995,2.0035564656193237,model_implied_state_space,-1.4142,6.854282703562381,False,True,30,-5983.494801796293,-8026.848095630857,-5983.494801796293,0.5982077376793313,9.994961427105885e-05,30.0,0,{},14,expanding,40,1965:Q3,,1,0.02
no_revision,pseudo,2022:Q1:pre_advance:pseudo,2022-04-30,pre_advance,A,2022:Q1,2.755991365930564,,,not_available,-1.4142,4.170191365930564,False,True,0,,,,,,,0,{},14,expanding,40,1965:Q3,,1,0.02
release_dfm,pseudo,2022:Q1:pre_advance:pseudo,2022-04-30,pre_advance,A,2022:Q1,7.007425291976666,,,not_available,-1.4142,8.421625291976666,False,True,0,,,,,,,0,{},14,expanding,40,1965:Q3,,1,0.02
revision_dfm_kalman_em,pseudo,2022:Q1:pre_advance:pseudo,2022-04-30,pre_advance,A,2022:Q1,5.748155015970837,2.6636018569314586,1.632054489571797,model_implied_state_space,-1.4142,7.162355015970837,False,True,27,-1796.783300491873,-3328.098928634495,-1796.783300491873,0.17104880042120385,9.513522992868624e-05,27.0,0,{},14,expanding,40,1965:Q3,,1,0.02
standard_dfm,pseudo,2022:Q1:pre_advance:pseudo,2022-04-30,pre_advance,A,2022:Q1,7.007425291976666,,,not_available,-1.4142,8.421625291976666,False,True,0,,,,,,,0,{},14,expanding,40,1965:Q3,,1,0.02
ar,exact,2022:Q1:pre_second:exact,2022-05-25,pre_second,S,2022:Q1,2.8477678735606102,,,not_available,-1.5101,4.35786787356061,False,True,0,,,,,,,0,{},14,expanding,40,1965:Q3,,1,0.02
bridge,exact,2022:Q1:pre_second:exact,2022-05-25,pre_second,S,2022:Q1,5.242373606153068,,,not_available,-1.5101,6.7524736061530675,False,True,0,,,,,,,0,{},14,expanding,40,1965:Q3,,1,0.02
indicator_revision_only_dfm_kalman_em,exact,2022:Q1:pre_second:exact,2022-05-25,pre_second,S,2022:Q1,-0.5298530520028288,0.3697464073087911,0.6080677653919759,model_implied_state_space,-1.5101,0.9802469479971712,False,True,46,-3360.4095128336694,-5378.814343879842,-3360.4095128336694,0.31133807412152237,9.261270876713317e-05,46.0,0,{},14,expanding,40,1965:Q3,,1,0.02
joint_indicator_revision_dfm_full_kalman_em,exact,2022:Q1:pre_second:exact,2022-05-25,pre_second,S,2022:Q1,-1.0929938828987433,0.35970495906052474,0.5997540821541149,model_implied_state_space,-1.5101,0.41710611710125667,False,True,47,-3331.760850252098,-5388.739907497518,-3331.760850252098,0.26128963124028814,7.839420810131005e-05,47.0,0,{},14,expanding,40,1965:Q3,,1,0.02
midas_umidas,exact,2022:Q1:pre_second:exact,2022-05-25,pre_second,S,2022:Q1,-2.0627838654587087,,,not_available,-1.5101,-0.5526838654587087,False,True,0,,,,,,,0,{},14,expanding,40,1965:Q3,,1,0.02
monthly_mixed_frequency_kalman_em,exact,2022:Q1:pre_second:exact,2022-05-25,pre_second,S,2022:Q1,-0.8525822491329285,0.3627429036452901,0.6022814156565767,model_implied_state_space,-1.5101,0.6575177508670715,False,True,30,-6002.810123287169,-8069.8821851924995,-6002.810123287169,0.5860690577828791,9.760666002187911e-05,30.0,0,{},14,expanding,40,1965:Q3,,1,0.02
no_revision,exact,2022:Q1:pre_second:exact,2022-05-25,pre_second,S,2022:Q1,-1.4142,,,not_available,-1.5101,0.0959000000000001,False,True,0,,,,,,,0,{},14,expanding,40,1965:Q3,,1,0.02
release_dfm,exact,2022:Q1:pre_second:exact,2022-05-25,pre_second,S,2022:Q1,-1.4208731240480543,,,not_available,-1.5101,0.08922687595194567,False,True,0,,,,,,,0,{},14,expanding,40,1965:Q3,,1,0.02
revision_dfm_kalman_em,exact,2022:Q1:pre_second:exact,2022-05-25,pre_second,S,2022:Q1,-1.6757857451284934,0.39392007578861266,0.6276305249018825,model_implied_state_space,-1.5101,-0.16568574512849343,False,True,28,-1799.5910657317424,-3329.457481588307,-1799.5910657317424,0.1625419288500325,9.026328097223422e-05,28.0,0,{},14,expanding,40,1965:Q3,,1,0.02
standard_dfm,exact,2022:Q1:pre_second:exact,2022-05-25,pre_second,S,2022:Q1,7.4996192020750065,,,not_available,-1.5101,9.009719202075006,False,True,0,,,,,,,0,{},14,expanding,40,1965:Q3,,1,0.02
ar,pseudo,2022:Q1:pre_second:pseudo,2022-05-31,pre_second,S,2022:Q1,2.8477678735606102,,,not_available,-1.5101,4.35786787356061,False,True,0,,,,,,,0,{},14,expanding,40,1965:Q3,,1,0.02
bridge,pseudo,2022:Q1:pre_second:pseudo,2022-05-31,pre_second,S,2022:Q1,5.280994308497148,,,not_available,-1.5101,6.791094308497147,False,True,0,,,,,,,0,{},14,expanding,40,1965:Q3,,1,0.02
indicator_revision_only_dfm_kalman_em,pseudo,2022:Q1:pre_second:pseudo,2022-05-31,pre_second,S,2022:Q1,-0.5297897239171867,0.3697423832070786,0.6080644564576017,model_implied_state_space,-1.5101,0.9803102760828133,False,True,46,-3359.986039835329,-5378.600731374312,-3359.986039835329,0.30620194081711816,9.109649467887906e-05,46.0,0,{},14,expanding,40,1965:Q3,,1,0.02
joint_indicator_revision_dfm_full_kalman_em,pseudo,2022:Q1:pre_second:pseudo,2022-05-31,pre_second,S,2022:Q1,-1.0929675235756182,0.35971326393405034,0.5997610056798044,model_implied_state_space,-1.5101,0.4171324764243818,False,True,47,-3331.3416659107506,-5388.526313209992,-3331.3416659107506,0.25748258728026485,7.72617935152236e-05,47.0,0,{},14,expanding,40,1965:Q3,,1,0.02
midas_umidas,pseudo,2022:Q1:pre_second:pseudo,2022-05-31,pre_second,S,2022:Q1,-2.002622870635724,,,not_available,-1.5101,-0.4925228706357241,False,True,0,,,,,,,0,{},14,expanding,40,1965:Q3,,1,0.02
monthly_mixed_frequency_kalman_em,pseudo,2022:Q1:pre_second:pseudo,2022-05-31,pre_second,S,2022:Q1,-0.8525566846783996,0.36274099998932463,0.60227983528367,model_implied_state_space,-1.5101,0.6575433153216004,False,True,30,-6004.001963502234,-8071.104270468266,-6004.001963502234,0.5862323684250441,9.761447993189536e-05,30.0,0,{},14,expanding,40,1965:Q3,,1,0.02
no_revision,pseudo,2022:Q1:pre_second:pseudo,2022-05-31,pre_second,S,2022:Q1,-1.4142,,,not_available,-1.5101,0.0959000000000001,False,True,0,,,,,,,0,{},14,expanding,40,1965:Q3,,1,0.02
release_dfm,pseudo,2022:Q1:pre_second:pseudo,2022-05-31,pre_second,S,2022:Q1,-1.4211484299026909,,,not_available,-1.5101,0.08895157009730914,False,True,0,,,,,,,0,{},14,expanding,40,1965:Q3,,1,0.02
revision_dfm_kalman_em,pseudo,2022:Q1:pre_second:pseudo,2022-05-31,pre_second,S,2022:Q1,-1.6740538068102655,0.39394958488019033,0.627654032792103,model_implied_state_space,-1.5101,-0.1639538068102655,False,True,28,-1799.317761659531,-3329.310959574817,-1799.317761659531,0.16248095236574045,9.024311876371093e-05,28.0,0,{},14,expanding,40,1965:Q3,,1,0.02
standard_dfm,pseudo,2022:Q1:pre_second:pseudo,2022-05-31,pre_second,S,2022:Q1,7.513546048743893,,,not_available,-1.5101,9.023646048743894,False,True,0,,,,,,,0,{},14,expanding,40,1965:Q3,,1,0.02
ar,exact,2022:Q1:pre_third:exact,2022-06-28,pre_third,T,2022:Q1,2.898318076296747,,,not_available,-1.574,4.472318076296747,False,True,0,,,,,,,0,{},14,expanding,40,1965:Q3,,1,0.02
bridge,exact,2022:Q1:pre_third:exact,2022-06-28,pre_third,T,2022:Q1,4.397170357973337,,,not_available,-1.574,5.971170357973337,False,True,0,,,,,,,0,{},14,expanding,40,1965:Q3,,1,0.02
indicator_revision_only_dfm_kalman_em,exact,2022:Q1:pre_third:exact,2022-06-28,pre_third,T,2022:Q1,-1.4661107575828307,0.14439511260686225,0.37999356916514027,model_implied_state_space,-1.574,0.10788924241716935,False,True,44,-3361.786000362897,-5380.260754988047,-3361.786000362897,0.26789007159140965,7.965678824040482e-05,44.0,0,{},14,expanding,40,1965:Q3,,1,0.02
joint_indicator_revision_dfm_full_kalman_em,exact,2022:Q1:pre_third:exact,2022-06-28,pre_third,T,2022:Q1,-1.5008967989036872,0.1412398308918675,0.3758188804355996,model_implied_state_space,-1.574,0.07310320109631285,False,True,44,-3332.4609532469003,-5390.149046886094,-3332.4609532469003,0.3274300134889927,9.82155961467391e-05,44.0,0,{},14,expanding,40,1965:Q3,,1,0.02
midas_umidas,exact,2022:Q1:pre_third:exact,2022-06-28,pre_third,T,2022:Q1,-3.3350531628337814,,,not_available,-1.574,-1.7610531628337813,False,True,0,,,,,,,0,{},14,expanding,40,1965:Q3,,1,0.02
monthly_mixed_frequency_kalman_em,exact,2022:Q1:pre_third:exact,2022-06-28,pre_third,T,2022:Q1,-1.4368964030032974,0.14585643601771192,0.3819115552293645,model_implied_state_space,-1.574,0.13710359699670271,False,True,30,-6047.61711568817,-8091.353649054499,-6047.61711568817,0.5739446646639408,9.487957297722781e-05,30.0,0,{},14,expanding,40,1965:Q3,,1,0.02
no_revision,exact,2022:Q1:pre_third:exact,2022-06-28,pre_third,T,2022:Q1,-1.5101,,,not_available,-1.574,0.06390000000000007,False,True,0,,,,,,,0,{},14,expanding,40,1965:Q3,,1,0.02
release_dfm,exact,2022:Q1:pre_third:exact,2022-06-28,pre_third,T,2022:Q1,-1.486438038947477,,,not_available,-1.574,0.08756196105252312,False,True,0,,,,,,,0,{},14,expanding,40,1965:Q3,,1,0.02
revision_dfm_kalman_em,exact,2022:Q1:pre_third:exact,2022-06-28,pre_third,T,2022:Q1,-1.5298329942108708,0.14236390279218725,0.3773114135461413,model_implied_state_space,-1.574,0.04416700578912924,False,True,27,-1804.6573284585456,-3331.5484466789385,-1804.6573284585456,0.17731641768295958,9.819083833952738e-05,27.0,0,{},14,expanding,40,1965:Q3,,1,0.02
standard_dfm,exact,2022:Q1:pre_third:exact,2022-06-28,pre_third,T,2022:Q1,7.165980600046931,,,not_available,-1.574,8.73998060004693,False,True,0,,,,,,,0,{},14,expanding,40,1965:Q3,,1,0.02
ar,pseudo,2022:Q1:pre_third:pseudo,2022-06-30,pre_third,T,2022:Q1,2.898318076296747,,,not_available,-1.574,4.472318076296747,False,True,0,,,,,,,0,{},14,expanding,40,1965:Q3,,1,0.02
bridge,pseudo,2022:Q1:pre_third:pseudo,2022-06-30,pre_third,T,2022:Q1,4.378457424370961,,,not_available,-1.574,5.9524574243709605,False,True,0,,,,,,,0,{},14,expanding,40,1965:Q3,,1,0.02
indicator_revision_only_dfm_kalman_em,pseudo,2022:Q1:pre_third:pseudo,2022-06-30,pre_third,T,2022:Q1,-1.4661112214804985,0.14439510940071007,0.3799935649464476,model_implied_state_space,-1.574,0.10788877851950152,False,True,44,-3361.8071940358655,-5380.2835249514255,-3361.8071940358655,0.26764401330456167,7.958312740367527e-05,44.0,0,{},14,expanding,40,1965:Q3,,1,0.02
joint_indicator_revision_dfm_full_kalman_em,pseudo,2022:Q1:pre_third:pseudo,2022-06-30,pre_third,T,2022:Q1,-1.5008957399913765,0.1412398465493458,0.37581890126674816,model_implied_state_space,-1.574,0.07310426000862358,False,True,44,-3332.481900530723,-5390.171802165034,-3332.481900530723,0.3271168768606003,9.812106067040725e-05,44.0,0,{},14,expanding,40,1965:Q3,,1,0.02
midas_umidas,pseudo,2022:Q1:pre_third:pseudo,2022-06-30,pre_third,T,2022:Q1,-3.355274824742177,,,not_available,-1.574,-1.7812748247421768,False,True,0,,,,,,,0,{},14,expanding,40,1965:Q3,,1,0.02
monthly_mixed_frequency_kalman_em,pseudo,2022:Q1:pre_third:pseudo,2022-06-30,pre_third,T,2022:Q1,-1.4369231697784928,0.14585705913390706,0.3819123710144869,model_implied_state_space,-1.574,0.1370768302215073,False,True,30,-6048.941863502767,-8092.68867326132,-6048.941863502767,0.574037395290361,9.487412390820404e-05,30.0,0,{},14,expanding,40,1965:Q3,,1,0.02
no_revision,pseudo,2022:Q1:pre_third:pseudo,2022-06-30,pre_third,T,2022:Q1,-1.5101,,,not_available,-1.574,0.06390000000000007,False,True,0,,,,,,,0,{},14,expanding,40,1965:Q3,,1,0.02
release_dfm,pseudo,2022:Q1:pre_third:pseudo,2022-06-30,pre_third,T,2022:Q1,-1.4863797038973554,,,not_available,-1.574,0.08762029610264466,False,True,0,,,,,,,0,{},14,expanding,40,1965:Q3,,1,0.02
revision_dfm_kalman_em,pseudo,2022:Q1:pre_third:pseudo,2022-06-30,pre_third,T,2022:Q1,-1.5298236736488935,0.14236388189494464,0.3773113858538391,model_implied_state_space,-1.574,0.044176326351106576,False,True,27,-1804.6749527414843,-3331.561459535889,-1804.6749527414843,0.1773164954593085,9.818992310718359e-05,27.0,0,{},14,expanding,40,1965:Q3,,1,0.02
standard_dfm,pseudo,2022:Q1:pre_third:pseudo,2022-06-30,pre_third,T,2022:Q1,7.158311621786247,,,not_available,-1.574,8.732311621786247,False,True,0,,,,,,,0,{},14,expanding,40,1965:Q3,,1,0.02
ar,exact,2022:Q2:pre_advance:exact,2022-07-27,pre_advance,A,2022:Q2,2.353392101797345,,,not_available,-0.9335,3.286892101797345,False,True,0,,,,,,,0,{},14,expanding,40,1965:Q3,,1,0.02
bridge,exact,2022:Q2:pre_advance:exact,2022-07-27,pre_advance,A,2022:Q2,1.979721387940912,,,not_available,-0.9335,2.913221387940912,False,True,0,,,,,,,0,{},14,expanding,40,1965:Q3,,1,0.02
indicator_revision_only_dfm_kalman_em,exact,2022:Q2:pre_advance:exact,2022-07-27,pre_advance,A,2022:Q2,3.5829187430543534,3.2291551283578155,1.7969850106102208,model_implied_state_space,-0.9335,4.516418743054354,False,True,42,-3402.158896712819,-5422.308329100518,-3402.158896712819,0.27030651415543616,7.942181194753339e-05,42.0,0,{},14,expanding,40,1965:Q3,,1,0.02
joint_indicator_revision_dfm_full_kalman_em,exact,2022:Q2:pre_advance:exact,2022-07-27,pre_advance,A,2022:Q2,3.6699718682012414,2.352294755157962,1.5337192556520773,model_implied_state_space,-0.9335,4.603471868201241,False,True,42,-3372.855705307153,-5432.19533274812,-3372.855705307153,0.3281831362073717,9.726296700408201e-05,42.0,0,{},14,expanding,40,1965:Q3,,1,0.02
midas_umidas,exact,2022:Q2:pre_advance:exact,2022-07-27,pre_advance,A,2022:Q2,8.67252640200315,,,not_available,-0.9335,9.60602640200315,False,True,0,,,,,,,0,{},14,expanding,40,1965:Q3,,1,0.02
monthly_mixed_frequency_kalman_em,exact,2022:Q2:pre_advance:exact,2022-07-27,pre_advance,A,2022:Q2,4.173306926031129,4.4859088166037475,2.1179964156258024,model_implied_state_space,-0.9335,5.10680692603113,False,True,30,-6063.46395130229,-8113.248108912679,-6063.46395130229,0.5797759539073013,9.559303773883749e-05,30.0,0,{},14,expanding,40,1965:Q3,,1,0.02
no_revision,exact,2022:Q2:pre_advance:exact,2022-07-27,pre_advance,A,2022:Q2,2.6426962497979356,,,not_available,-0.9335,3.5761962497979356,False,True,0,,,,,,,0,{},14,expanding,40,1965:Q3,,1,0.02
release_dfm,exact,2022:Q2:pre_advance:exact,2022-07-27,pre_advance,A,2022:Q2,3.91140028943172,,,not_available,-0.9335,4.84490028943172,False,True,0,,,,,,,0,{},14,expanding,40,1965:Q3,,1,0.02
revision_dfm_kalman_em,exact,2022:Q2:pre_advance:exact,2022-07-27,pre_advance,A,2022:Q2,3.4767054987123243,2.9976152766355817,1.7313622603705967,model_implied_state_space,-0.9335,4.410205498712324,False,True,24,-1823.8219539445502,-3372.0186189256337,-1823.8219539445502,0.1758347321454039,9.634791517906525e-05,24.0,0,{},14,expanding,40,1965:Q3,,1,0.02
standard_dfm,exact,2022:Q2:pre_advance:exact,2022-07-27,pre_advance,A,2022:Q2,3.91140028943172,,,not_available,-0.9335,4.84490028943172,False,True,0,,,,,,,0,{},14,expanding,40,1965:Q3,,1,0.02
ar,pseudo,2022:Q2:pre_advance:pseudo,2022-07-31,pre_advance,A,2022:Q2,2.353392101797345,,,not_available,-0.9335,3.286892101797345,False,True,0,,,,,,,0,{},14,expanding,40,1965:Q3,,1,0.02
bridge,pseudo,2022:Q2:pre_advance:pseudo,2022-07-31,pre_advance,A,2022:Q2,1.9609501054029925,,,not_available,-0.9335,2.8944501054029925,False,True,0,,,,,,,0,{},14,expanding,40,1965:Q3,,1,0.02
indicator_revision_only_dfm_kalman_em,pseudo,2022:Q2:pre_advance:pseudo,2022-07-31,pre_advance,A,2022:Q2,3.581715138957083,3.2291634759134427,1.7969873332646067,model_implied_state_space,-0.9335,4.515215138957084,False,True,42,-3402.1748678465383,-5422.324576043858,-3402.1748678465383,0.2700198698380518,7.933722412036123e-05,42.0,0,{},14,expanding,40,1965:Q3,,1,0.02
joint_indicator_revision_dfm_full_kalman_em,pseudo,2022:Q2:pre_advance:pseudo,2022-07-31,pre_advance,A,2022:Q2,3.668899778599214,2.3522954615028864,1.5337194859239698,model_implied_state_space,-0.9335,4.602399778599214,False,True,42,-3372.8713267207213,-5432.21157089145,-3372.8713267207213,0.3278721942388074,9.717037285298424e-05,42.0,0,{},14,expanding,40,1965:Q3,,1,0.02
midas_umidas,pseudo,2022:Q2:pre_advance:pseudo,2022-07-31,pre_advance,A,2022:Q2,8.648029966920248,,,not_available,-0.9335,9.581529966920248,False,True,0,,,,,,,0,{},14,expanding,40,1965:Q3,,1,0.02
monthly_mixed_frequency_kalman_em,pseudo,2022:Q2:pre_advance:pseudo,2022-07-31,pre_advance,A,2022:Q2,4.172975919145955,4.486038734246463,2.1180270853429763,model_implied_state_space,-0.9335,5.1064759191459554,False,True,30,-6064.65760649996,-8114.616257641953,-6064.65760649996,0.5794813835627792,9.552567352176424e-05,30.0,0,{},14,expanding,40,1965:Q3,,1,0.02
no_revision,pseudo,2022:Q2:pre_advance:pseudo,2022-07-31,pre_advance,A,2022:Q2,2.6426962497979356,,,not_available,-0.9335,3.5761962497979356,False,True,0,,,,,,,0,{},14,expanding,40,1965:Q3,,1,0.02
release_dfm,pseudo,2022:Q2:pre_advance:pseudo,2022-07-31,pre_advance,A,2022:Q2,3.9036356193801227,,,not_available,-0.9335,4.837135619380122,False,True,0,,,,,,,0,{},14,expanding,40,1965:Q3,,1,0.02
revision_dfm_kalman_em,pseudo,2022:Q2:pre_advance:pseudo,2022-07-31,pre_advance,A,2022:Q2,3.4745263445930785,2.997606708759267,1.731359786052358,model_implied_state_space,-0.9335,4.408026344593079,False,True,24,-1823.8372054391705,-3372.0249144850854,-1823.8372054391705,0.17583846738966713,9.634915650425893e-05,24.0,0,{},14,expanding,40,1965:Q3,,1,0.02
standard_dfm,pseudo,2022:Q2:pre_advance:pseudo,2022-07-31,pre_advance,A,2022:Q2,3.9036356193801227,,,not_available,-0.9335,4.837135619380122,False,True,0,,,,,,,0,{},14,expanding,40,1965:Q3,,1,0.02
ar,exact,2022:Q2:pre_second:exact,2022-08-24,pre_second,S,2022:Q2,2.3786224080862364,,,not_available,-0.5746,2.953222408086236,False,True,0,,,,,,,0,{},14,expanding,40,1965:Q3,,1,0.02
bridge,exact,2022:Q2:pre_second:exact,2022-08-24,pre_second,S,2022:Q2,2.1683720273234908,,,not_available,-0.5746,2.742972027323491,False,True,0,,,,,,,0,{},14,expanding,40,1965:Q3,,1,0.02
indicator_revision_only_dfm_kalman_em,exact,2022:Q2:pre_second:exact,2022-08-24,pre_second,S,2022:Q2,-0.4752843552525934,0.369085891382507,0.6075243957097584,model_implied_state_space,-0.5746,0.09931564474740662,False,True,45,-3406.002740979628,-5441.502425285324,-3406.002740979628,0.2845751912268497,8.351957578577737e-05,45.0,0,{},14,expanding,40,1965:Q3,,1,0.02
joint_indicator_revision_dfm_full_kalman_em,exact,2022:Q2:pre_second:exact,2022-08-24,pre_second,S,2022:Q2,-1.067055826201695,0.3570496652350179,0.5975363296361301,model_implied_state_space,-0.5746,-0.4924558262016949,False,True,46,-3378.1623029330126,-5452.928144914211,-3378.1623029330126,0.3202542651388285,9.476429001141041e-05,46.0,0,{},14,expanding,40,1965:Q3,,1,0.02
midas_umidas,exact,2022:Q2:pre_second:exact,2022-08-24,pre_second,S,2022:Q2,-0.9485851893708985,,,not_available,-0.5746,-0.37398518937089853,False,True,0,,,,,,,0,{},14,expanding,40,1965:Q3,,1,0.02
monthly_mixed_frequency_kalman_em,exact,2022:Q2:pre_second:exact,2022-08-24,pre_second,S,2022:Q2,-0.5483266036020704,0.3626166430203687,0.6021765879045521,model_implied_state_space,-0.5746,0.026273396397929583,False,True,30,-6083.510901848554,-8134.028902135234,-6083.510901848554,0.5524916390013459,9.079472197325693e-05,30.0,0,{},14,expanding,40,1965:Q3,,1,0.02
no_revision,exact,2022:Q2:pre_second:exact,2022-08-24,pre_second,S,2022:Q2,-0.9335,,,not_available,-0.5746,-0.3589,False,True,0,,,,,,,0,{},14,expanding,40,1965:Q3,,1,0.02
release_dfm,exact,2022:Q2:pre_second:exact,2022-08-24,pre_second,S,2022:Q2,-0.8948544946442246,,,not_available,-0.5746,-0.3202544946442246,False,True,0,,,,,,,0,{},14,expanding,40,1965:Q3,,1,0.02
revision_dfm_kalman_em,exact,2022:Q2:pre_second:exact,2022-08-24,pre_second,S,2022:Q2,-0.6523576928570325,0.3954626337531474,0.628858198446317,model_implied_state_space,-0.5746,-0.07775769285703249,False,True,27,-1826.761269580388,-3355.555381600948,-1826.761269580388,0.1816497451975465,9.937386079022953e-05,27.0,0,{},14,expanding,40,1965:Q3,,1,0.02
standard_dfm,exact,2022:Q2:pre_second:exact,2022-08-24,pre_second,S,2022:Q2,4.085303056804742,,,not_available,-0.5746,4.659903056804742,False,True,0,,,,,,,0,{},14,expanding,40,1965:Q3,,1,0.02
ar,pseudo,2022:Q2:pre_second:pseudo,2022-08-31,pre_second,S,2022:Q2,2.3786224080862364,,,not_available,-0.5746,2.953222408086236,False,True,0,,,,,,,0,{},14,expanding,40,1965:Q3,,1,0.02
bridge,pseudo,2022:Q2:pre_second:pseudo,2022-08-31,pre_second,S,2022:Q2,2.136110002617488,,,not_available,-0.5746,2.710710002617488,False,True,0,,,,,,,0,{},14,expanding,40,1965:Q3,,1,0.02
indicator_revision_only_dfm_kalman_em,pseudo,2022:Q2:pre_second:pseudo,2022-08-31,pre_second,S,2022:Q2,-0.47531655592536204,0.36908580958129855,0.6075243283863606,model_implied_state_space,-0.5746,0.09928344407463796,False,True,45,-3406.0266634473314,-5441.518845581216,-3406.0266634473314,0.2846819414771744,8.355031654575415e-05,45.0,0,{},14,expanding,40,1965:Q3,,1,0.02
joint_indicator_revision_dfm_full_kalman_em,pseudo,2022:Q2:pre_second:pseudo,2022-08-31,pre_second,S,2022:Q2,-1.0668133393095722,0.35705751804643043,0.5975429005907696,model_implied_state_space,-0.5746,-0.49221333930957223,False,True,46,-3378.187661934736,-5452.944576815732,-3378.187661934736,0.3206274976023451,9.487400832983353e-05,46.0,0,{},14,expanding,40,1965:Q3,,1,0.02
midas_umidas,pseudo,2022:Q2:pre_second:pseudo,2022-08-31,pre_second,S,2022:Q2,-0.9291503518267148,,,not_available,-0.5746,-0.3545503518267148,False,True,0,,,,,,,0,{},14,expanding,40,1965:Q3,,1,0.02
monthly_mixed_frequency_kalman_em,pseudo,2022:Q2:pre_second:pseudo,2022-08-31,pre_second,S,2022:Q2,-0.5483616390799941,0.3626152289767118,0.602175413792951,model_implied_state_space,-0.5746,0.026238360920005865,False,True,30,-6084.814599068977,-8135.348329802102,-6084.814599068977,0.5526579144934658,9.080259063554677e-05,30.0,0,{},14,expanding,40,1965:Q3,,1,0.02
no_revision,pseudo,2022:Q2:pre_second:pseudo,2022-08-31,pre_second,S,2022:Q2,-0.9335,,,not_available,-0.5746,-0.3589,False,True,0,,,,,,,0,{},14,expanding,40,1965:Q3,,1,0.02
release_dfm,pseudo,2022:Q2:pre_second:pseudo,2022-08-31,pre_second,S,2022:Q2,-0.8946645067178084,,,not_available,-0.5746,-0.3200645067178084,False,True,0,,,,,,,0,{},14,expanding,40,1965:Q3,,1,0.02
revision_dfm_kalman_em,pseudo,2022:Q2:pre_second:pseudo,2022-08-31,pre_second,S,2022:Q2,-0.6521936117175877,0.39546376288747803,0.628859096211129,model_implied_state_space,-0.5746,-0.07759361171758772,False,True,27,-1826.782980518063,-3355.5663776708075,-1826.782980518063,0.18167460081190256,9.938627659082831e-05,27.0,0,{},14,expanding,40,1965:Q3,,1,0.02
standard_dfm,pseudo,2022:Q2:pre_second:pseudo,2022-08-31,pre_second,S,2022:Q2,4.071126280529476,,,not_available,-0.5746,4.645726280529476,False,True,0,,,,,,,0,{},14,expanding,40,1965:Q3,,1,0.02
ar,exact,2022:Q2:pre_third:exact,2022-09-28,pre_third,T,2022:Q2,2.450535669555063,,,not_available,-0.5769,3.0274356695550626,False,True,0,,,,,,,0,{},14,expanding,40,1965:Q3,,1,0.02
bridge,exact,2022:Q2:pre_third:exact,2022-09-28,pre_third,T,2022:Q2,2.702356887795318,,,not_available,-0.5769,3.2792568877953183,False,True,0,,,,,,,0,{},14,expanding,40,1965:Q3,,1,0.02
indicator_revision_only_dfm_kalman_em,exact,2022:Q2:pre_third:exact,2022-09-28,pre_third,T,2022:Q2,-0.5700803453643961,0.14376135435003431,0.3791587455803101,model_implied_state_space,-0.5769,0.006819654635603856,False,True,42,-3405.009403179225,-5425.181607585884,-3405.009403179225,0.2689008645738795,7.894271711581847e-05,42.0,0,{},14,expanding,40,1965:Q3,,1,0.02
joint_indicator_revision_dfm_full_kalman_em,exact,2022:Q2:pre_third:exact,2022-09-28,pre_third,T,2022:Q2,-0.6181110741160918,0.14069958425674223,0.3750994324932287,model_implied_state_space,-0.5769,-0.04121107411609182,False,True,42,-3377.5807376083258,-5435.090458696332,-3377.5807376083258,0.3180141597531474,9.411769428922364e-05,42.0,0,{},14,expanding,40,1965:Q3,,1,0.02
midas_umidas,exact,2022:Q2:pre_third:exact,2022-09-28,pre_third,T,2022:Q2,-1.7119218463030608,,,not_available,-0.5769,-1.1350218463030608,False,True,0,,,,,,,0,{},14,expanding,40,1965:Q3,,1,0.02
monthly_mixed_frequency_kalman_em,exact,2022:Q2:pre_third:exact,2022-09-28,pre_third,T,2022:Q2,-0.4744846007276209,0.1451578153924014,0.38099582070201427,model_implied_state_space,-0.5769,0.10241539927237908,False,True,30,-6099.540892453302,-8154.724299572415,-6099.540892453302,0.550843461624936,9.028604804978087e-05,30.0,0,{},14,expanding,40,1965:Q3,,1,0.02
no_revision,exact,2022:Q2:pre_third:exact,2022-09-28,pre_third,T,2022:Q2,-0.5746,,,not_available,-0.5769,0.0022999999999999687,False,True,0,,,,,,,0,{},14,expanding,40,1965:Q3,,1,0.02
release_dfm,exact,2022:Q2:pre_third:exact,2022-09-28,pre_third,T,2022:Q2,-0.6146473771364709,,,not_available,-0.5769,-0.037747377136470917,False,True,0,,,,,,,0,{},14,expanding,40,1965:Q3,,1,0.02
revision_dfm_kalman_em,exact,2022:Q2:pre_third:exact,2022-09-28,pre_third,T,2022:Q2,-0.5750971186282814,0.1417224625624852,0.376460439571657,model_implied_state_space,-0.5769,0.0018028813717185788,False,True,28,-1825.7731927904506,-3356.6864309615003,-1825.7731927904506,0.17022112246922916,9.31726298542833e-05,28.0,0,{},14,expanding,40,1965:Q3,,1,0.02
standard_dfm,exact,2022:Q2:pre_third:exact,2022-09-28,pre_third,T,2022:Q2,4.164891286735353,,,not_available,-0.5769,4.741791286735353,False,True,0,,,,,,,0,{},14,expanding,40,1965:Q3,,1,0.02
ar,pseudo,2022:Q2:pre_third:pseudo,2022-09-30,pre_third,T,2022:Q2,2.450535669555063,,,not_available,-0.5769,3.0274356695550626,False,True,0,,,,,,,0,{},14,expanding,40,1965:Q3,,1,0.02
bridge,pseudo,2022:Q2:pre_third:pseudo,2022-09-30,pre_third,T,2022:Q2,2.390637541007673,,,not_available,-0.5769,2.9675375410076725,False,True,0,,,,,,,0,{},14,expanding,40,1965:Q3,,1,0.02
indicator_revision_only_dfm_kalman_em,pseudo,2022:Q2:pre_third:pseudo,2022-09-30,pre_third,T,2022:Q2,-0.5700854197985779,0.14376122538898303,0.37915857551819004,model_implied_state_space,-0.5769,0.006814580201422116,False,True,42,-3406.8939563224762,-5426.5289598925865,-3406.8939563224762,0.2590271533631494,7.600220841582585e-05,42.0,0,{},14,expanding,40,1965:Q3,,1,0.02
joint_indicator_revision_dfm_full_kalman_em,pseudo,2022:Q2:pre_third:pseudo,2022-09-30,pre_third,T,2022:Q2,-0.6180772433519963,0.14070083727536242,0.3751011027381317,model_implied_state_space,-0.5769,-0.04117724335199635,False,True,42,-3379.458186489712,-5436.436820821954,-3379.458186489712,0.3047730189091453,9.014918305702294e-05,42.0,0,{},14,expanding,40,1965:Q3,,1,0.02
midas_umidas,pseudo,2022:Q2:pre_third:pseudo,2022-09-30,pre_third,T,2022:Q2,-1.6540986364183152,,,not_available,-0.5769,-1.0771986364183153,False,True,0,,,,,,,0,{},14,expanding,40,1965:Q3,,1,0.02
monthly_mixed_frequency_kalman_em,pseudo,2022:Q2:pre_third:pseudo,2022-09-30,pre_third,T,2022:Q2,-0.4747530781616809,0.14518183511123403,0.38102734168460145,model_implied_state_space,-0.5769,0.10214692183831908,False,True,30,-6099.642150009495,-8155.4481919597,-6099.642150009495,0.5551010112812946,9.098230862613434e-05,30.0,0,{},14,expanding,40,1965:Q3,,1,0.02
no_revision,pseudo,2022:Q2:pre_third:pseudo,2022-09-30,pre_third,T,2022:Q2,-0.5746,,,not_available,-0.5769,0.0022999999999999687,False,True,0,,,,,,,0,{},14,expanding,40,1965:Q3,,1,0.02
release_dfm,pseudo,2022:Q2:pre_third:pseudo,2022-09-30,pre_third,T,2022:Q2,-0.6140780170960788,,,not_available,-0.5769,-0.03717801709607882,False,True,0,,,,,,,0,{},14,expanding,40,1965:Q3,,1,0.02
revision_dfm_kalman_em,pseudo,2022:Q2:pre_third:pseudo,2022-09-30,pre_third,T,2022:Q2,-0.5751501477994978,0.1417217245545606,0.3764594593771826,model_implied_state_space,-0.5769,0.0017498522005021666,False,True,28,-1827.5693382294446,-3357.585196273912,-1827.5693382294446,0.17073774122445684,9.336359139711624e-05,28.0,0,{},14,expanding,40,1965:Q3,,1,0.02
standard_dfm,pseudo,2022:Q2:pre_third:pseudo,2022-09-30,pre_third,T,2022:Q2,4.070484393098097,,,not_available,-0.5769,4.647384393098097,False,True,0,,,,,,,0,{},14,expanding,40,1965:Q3,,1,0.02
ar,exact,2022:Q3:pre_advance:exact,2022-10-26,pre_advance,A,2022:Q3,2.3457353292059593,,,not_available,2.5656,-0.2198646707940406,False,True,0,,,,,,,0,{},14,expanding,40,1965:Q3,,1,0.02
bridge,exact,2022:Q3:pre_advance:exact,2022-10-26,pre_advance,A,2022:Q3,0.8008570369373122,,,not_available,2.5656,-1.7647429630626876,False,True,0,,,,,,,0,{},14,expanding,40,1965:Q3,,1,0.02
indicator_revision_only_dfm_kalman_em,exact,2022:Q3:pre_advance:exact,2022-10-26,pre_advance,A,2022:Q3,2.3043622112071347,3.3848985292179004,1.8398093730650196,model_implied_state_space,2.5656,-0.2612377887928652,False,True,21,-3544.3162793306888,-5487.457505140415,-3544.3162793306888,0.34016943597180216,9.593976204043357e-05,21.0,0,{},14,expanding,40,1965:Q3,,1,0.02
joint_indicator_revision_dfm_full_kalman_em,exact,2022:Q3:pre_advance:exact,2022-10-26,pre_advance,A,2022:Q3,2.5504060654040344,2.4273667524235116,1.5580008833192334,model_implied_state_space,2.5656,-0.01519393459596552,False,True,25,-3508.584430139506,-5498.827802346063,-3508.584430139506,0.3492788540015681,9.951152442184605e-05,25.0,0,{},14,expanding,40,1965:Q3,,1,0.02
midas_umidas,exact,2022:Q3:pre_advance:exact,2022-10-26,pre_advance,A,2022:Q3,-0.7324191107502254,,,not_available,2.5656,-3.298019110750225,False,True,0,,,,,,,0,{},14,expanding,40,1965:Q3,,1,0.02
monthly_mixed_frequency_kalman_em,exact,2022:Q3:pre_advance:exact,2022-10-26,pre_advance,A,2022:Q3,3.3851031514782526,4.601258686371198,2.1450544716559525,model_implied_state_space,2.5656,0.8195031514782527,False,True,30,-6114.614871944378,-8174.487669599624,-6114.614871944378,0.5615667906640738,9.181664333742111e-05,30.0,0,{},14,expanding,40,1965:Q3,,1,0.02
no_revision,exact,2022:Q3:pre_advance:exact,2022-10-26,pre_advance,A,2022:Q3,2.2787801991425916,,,not_available,2.5656,-0.2868198008574083,False,True,0,,,,,,,0,{},14,expanding,40,1965:Q3,,1,0.02
release_dfm,exact,2022:Q3:pre_advance:exact,2022-10-26,pre_advance,A,2022:Q3,2.3784095088448294,,,not_available,2.5656,-0.1871904911551705,False,True,0,,,,,,,0,{},14,expanding,40,1965:Q3,,1,0.02
revision_dfm_kalman_em,exact,2022:Q3:pre_advance:exact,2022-10-26,pre_advance,A,2022:Q3,2.124716036497282,3.083992314209208,1.7561299252074738,model_implied_state_space,2.5656,-0.44088396350271797,False,True,24,-1846.3055727957988,-3399.608660339074,-1846.3055727957988,0.18300011716655717,9.905345009956836e-05,24.0,0,{},14,expanding,40,1965:Q3,,1,0.02
standard_dfm,exact,2022:Q3:pre_advance:exact,2022-10-26,pre_advance,A,2022:Q3,2.3784095088448294,,,not_available,2.5656,-0.1871904911551705,False,True,0,,,,,,,0,{},14,expanding,40,1965:Q3,,1,0.02
ar,pseudo,2022:Q3:pre_advance:pseudo,2022-10-31,pre_advance,A,2022:Q3,2.3457353292059593,,,not_available,2.5656,-0.2198646707940406,False,True,0,,,,,,,0,{},14,expanding,40,1965:Q3,,1,0.02
bridge,pseudo,2022:Q3:pre_advance:pseudo,2022-10-31,pre_advance,A,2022:Q3,0.9719672870806402,,,not_available,2.5656,-1.5936327129193597,False,True,0,,,,,,,0,{},14,expanding,40,1965:Q3,,1,0.02
indicator_revision_only_dfm_kalman_em,pseudo,2022:Q3:pre_advance:pseudo,2022-10-31,pre_advance,A,2022:Q3,2.332448870797506,3.385572276078318,1.839992466310207,model_implied_state_space,2.5656,-0.23315112920249392,False,True,21,-3544.2493318498423,-5487.462599440862,-3544.2493318498423,0.3443023648283088,9.710711388519566e-05,21.0,0,{},14,expanding,40,1965:Q3,,1,0.02
joint_indicator_revision_dfm_full_kalman_em,pseudo,2022:Q3:pre_advance:pseudo,2022-10-31,pre_advance,A,2022:Q3,2.574703276892598,2.4244898875524687,1.5570773543894565,model_implied_state_space,2.5656,0.009103276892598267,False,True,26,-3508.202728574976,-5498.832895482348,-3508.202728574976,0.31589631745328006,9.001129534195382e-05,26.0,0,{},14,expanding,40,1965:Q3,,1,0.02
midas_umidas,pseudo,2022:Q3:pre_advance:pseudo,2022-10-31,pre_advance,A,2022:Q3,-0.8489732081801835,,,not_available,2.5656,-3.414573208180183,False,True,0,,,,,,,0,{},14,expanding,40,1965:Q3,,1,0.02
monthly_mixed_frequency_kalman_em,pseudo,2022:Q3:pre_advance:pseudo,2022-10-31,pre_advance,A,2022:Q3,3.387983261919177,4.601182454893564,2.1450367024583903,model_implied_state_space,2.5656,0.8223832619191773,False,True,30,-6117.309743310091,-8177.19111298425,-6117.309743310091,0.5616799426024954,9.179469607222363e-05,30.0,0,{},14,expanding,40,1965:Q3,,1,0.02
no_revision,pseudo,2022:Q3:pre_advance:pseudo,2022-10-31,pre_advance,A,2022:Q3,2.2787801991425916,,,not_available,2.5656,-0.2868198008574083,False,True,0,,,,,,,0,{},14,expanding,40,1965:Q3,,1,0.02
release_dfm,pseudo,2022:Q3:pre_advance:pseudo,2022-10-31,pre_advance,A,2022:Q3,2.4764907726675367,,,not_available,2.5656,-0.08910922733246318,False,True,0,,,,,,,0,{},14,expanding,40,1965:Q3,,1,0.02
revision_dfm_kalman_em,pseudo,2022:Q3:pre_advance:pseudo,2022-10-31,pre_advance,A,2022:Q3,2.1561277341527663,3.084005588338587,1.7561337045733696,model_implied_state_space,2.5656,-0.4094722658472336,False,True,24,-1846.2812447588667,-3399.6071498822394,-1846.2812447588667,0.1829627138822616,9.903451073217091e-05,24.0,0,{},14,expanding,40,1965:Q3,,1,0.02
standard_dfm,pseudo,2022:Q3:pre_advance:pseudo,2022-10-31,pre_advance,A,2022:Q3,2.4764907726675367,,,not_available,2.5656,-0.08910922733246318,False,True,0,,,,,,,0,{},14,expanding,40,1965:Q3,,1,0.02
ar,exact,2022:Q3:pre_second:exact,2022-11-29,pre_second,S,2022:Q3,2.40397293190773,,,not_available,2.9288,-0.5248270680922698,False,True,0,,,,,,,0,{},14,expanding,40,1965:Q3,,1,0.02
bridge,exact,2022:Q3:pre_second:exact,2022-11-29,pre_second,S,2022:Q3,0.9200730246981967,,,not_available,2.9288,-2.008726975301803,False,True,0,,,,,,,0,{},14,expanding,40,1965:Q3,,1,0.02
indicator_revision_only_dfm_kalman_em,exact,2022:Q3:pre_second:exact,2022-11-29,pre_second,S,2022:Q3,2.53335808123147,0.3772230271426269,0.6141848476986606,model_implied_state_space,2.9288,-0.39544191876852963,False,True,21,-3544.116012883407,-5488.845703901753,-3544.116012883407,0.32306022505781584,9.111994830433587e-05,21.0,0,{},14,expanding,40,1965:Q3,,1,0.02
joint_indicator_revision_dfm_full_kalman_em,exact,2022:Q3:pre_second:exact,2022-11-29,pre_second,S,2022:Q3,2.7627108349439333,0.3679864756442229,0.606618888301562,model_implied_state_space,2.9288,-0.16608916505606652,False,True,25,-3508.0718317249994,-5500.306392604155,-3508.0718317249994,0.33397467237819,9.51655895050324e-05,25.0,0,{},14,expanding,40,1965:Q3,,1,0.02
midas_umidas,exact,2022:Q3:pre_second:exact,2022-11-29,pre_second,S,2022:Q3,2.2433113474107245,,,not_available,2.9288,-0.6854886525892754,False,True,0,,,,,,,0,{},14,expanding,40,1965:Q3,,1,0.02
monthly_mixed_frequency_kalman_em,exact,2022:Q3:pre_second:exact,2022-11-29,pre_second,S,2022:Q3,2.7327826075263095,0.36105149471236936,0.6008756066877481,model_implied_state_space,2.9288,-0.19601739247369032,False,True,30,-6133.940201455018,-8196.379260705393,-6133.940201455018,0.5656107726508708,9.218649447347028e-05,30.0,0,{},14,expanding,40,1965:Q3,,1,0.02
no_revision,exact,2022:Q3:pre_second:exact,2022-11-29,pre_second,S,2022:Q3,2.5656,,,not_available,2.9288,-0.36319999999999997,False,True,0,,,,,,,0,{},14,expanding,40,1965:Q3,,1,0.02
release_dfm,exact,2022:Q3:pre_second:exact,2022-11-29,pre_second,S,2022:Q3,2.6814785107012367,,,not_available,2.9288,-0.2473214892987632,False,True,0,,,,,,,0,{},14,expanding,40,1965:Q3,,1,0.02
revision_dfm_kalman_em,exact,2022:Q3:pre_second:exact,2022-11-29,pre_second,S,2022:Q3,2.945773221494597,0.392119400082632,0.6261943788334674,model_implied_state_space,2.9288,0.016973221494597013,False,True,29,-1846.7653102060117,-3382.302408024593,-1846.7653102060117,0.16688774274302887,9.031053354028786e-05,29.0,0,{},14,expanding,40,1965:Q3,,1,0.02
standard_dfm,exact,2022:Q3:pre_second:exact,2022-11-29,pre_second,S,2022:Q3,2.596582401375554,,,not_available,2.9288,-0.332217598624446,False,True,0,,,,,,,0,{},14,expanding,40,1965:Q3,,1,0.02
ar,pseudo,2022:Q3:pre_second:pseudo,2022-11-30,pre_second,S,2022:Q3,2.40397293190773,,,not_available,2.9288,-0.5248270680922698,False,True,0,,,,,,,0,{},14,expanding,40,1965:Q3,,1,0.02
bridge,pseudo,2022:Q3:pre_second:pseudo,2022-11-30,pre_second,S,2022:Q3,0.9200730246981967,,,not_available,2.9288,-2.008726975301803,False,True,0,,,,,,,0,{},14,expanding,40,1965:Q3,,1,0.02
indicator_revision_only_dfm_kalman_em,pseudo,2022:Q3:pre_second:pseudo,2022-11-30,pre_second,S,2022:Q3,2.53335808123147,0.3772230271426269,0.6141848476986606,model_implied_state_space,2.9288,-0.39544191876852963,False,True,21,-3544.116012883407,-5488.845703901753,-3544.116012883407,0.32306022505781584,9.111994830433587e-05,21.0,0,{},14,expanding,40,1965:Q3,,1,0.02
joint_indicator_revision_dfm_full_kalman_em,pseudo,2022:Q3:pre_second:pseudo,2022-11-30,pre_second,S,2022:Q3,2.7627108349439333,0.3679864756442229,0.606618888301562,model_implied_state_space,2.9288,-0.16608916505606652,False,True,25,-3508.0718317249994,-5500.306392604155,-3508.0718317249994,0.33397467237819,9.51655895050324e-05,25.0,0,{},14,expanding,40,1965:Q3,,1,0.02
midas_umidas,pseudo,2022:Q3:pre_second:pseudo,2022-11-30,pre_second,S,2022:Q3,2.2433113474107245,,,not_available,2.9288,-0.6854886525892754,False,True,0,,,,,,,0,{},14,expanding,40,1965:Q3,,1,0.02
monthly_mixed_frequency_kalman_em,pseudo,2022:Q3:pre_second:pseudo,2022-11-30,pre_second,S,2022:Q3,2.7327826075263095,0.36105149471236936,0.6008756066877481,model_implied_state_space,2.9288,-0.19601739247369032,False,True,30,-6133.940201455018,-8196.379260705393,-6133.940201455018,0.5656107726508708,9.218649447347028e-05,30.0,0,{},14,expanding,40,1965:Q3,,1,0.02
no_revision,pseudo,2022:Q3:pre_second:pseudo,2022-11-30,pre_second,S,2022:Q3,2.5656,,,not_available,2.9288,-0.36319999999999997,False,True,0,,,,,,,0,{},14,expanding,40,1965:Q3,,1,0.02
release_dfm,pseudo,2022:Q3:pre_second:pseudo,2022-11-30,pre_second,S,2022:Q3,2.6814785107012367,,,not_available,2.9288,-0.2473214892987632,False,True,0,,,,,,,0,{},14,expanding,40,1965:Q3,,1,0.02
revision_dfm_kalman_em,pseudo,2022:Q3:pre_second:pseudo,2022-11-30,pre_second,S,2022:Q3,2.945773221494597,0.392119400082632,0.6261943788334674,model_implied_state_space,2.9288,0.016973221494597013,False,True,29,-1846.7653102060117,-3382.302408024593,-1846.7653102060117,0.16688774274302887,9.031053354028786e-05,29.0,0,{},14,expanding,40,1965:Q3,,1,0.02
standard_dfm,pseudo,2022:Q3:pre_second:pseudo,2022-11-30,pre_second,S,2022:Q3,2.596582401375554,,,not_available,2.9288,-0.332217598624446,False,True,0,,,,,,,0,{},14,expanding,40,1965:Q3,,1,0.02
ar,exact,2022:Q3:pre_third:exact,2022-12-21,pre_third,T,2022:Q3,2.476014724582227,,,not_available,3.2435,-0.7674852754177732,False,True,0,,,,,,,0,{},14,expanding,40,1965:Q3,,1,0.02
bridge,exact,2022:Q3:pre_third:exact,2022-12-21,pre_third,T,2022:Q3,1.0618082997237603,,,not_available,3.2435,-2.1816917002762395,False,True,0,,,,,,,0,{},14,expanding,40,1965:Q3,,1,0.02
indicator_revision_only_dfm_kalman_em,exact,2022:Q3:pre_third:exact,2022-12-21,pre_third,T,2022:Q3,2.898109326814241,0.14490839703244965,0.38066835570145524,model_implied_state_space,3.2435,-0.3453906731857592,False,True,21,-3544.1011425110523,-5490.300005827215,-3544.1011425110523,0.3150742311609065,8.886805156276395e-05,21.0,0,{},14,expanding,40,1965:Q3,,1,0.02
joint_indicator_revision_dfm_full_kalman_em,exact,2022:Q3:pre_third:exact,2022-12-21,pre_third,T,2022:Q3,2.9253357957463266,0.1405458890506593,0.3748945038949748,model_implied_state_space,3.2435,-0.3181642042536734,False,True,25,-3507.8033394232816,-5501.730716114931,-3507.8033394232816,0.32365848740437286,9.223333541278992e-05,25.0,0,{},14,expanding,40,1965:Q3,,1,0.02
midas_umidas,exact,2022:Q3:pre_third:exact,2022-12-21,pre_third,T,2022:Q3,2.4566954776276795,,,not_available,3.2435,-0.7868045223723206,False,True,0,,,,,,,0,{},14,expanding,40,1965:Q3,,1,0.02
monthly_mixed_frequency_kalman_em,exact,2022:Q3:pre_third:exact,2022-12-21,pre_third,T,2022:Q3,3.0200558625604854,0.14362903990523318,0.3789842211824038,model_implied_state_space,3.2435,-0.22344413743951463,False,True,29,-6142.136136755648,-8186.779225057392,-6142.136136755648,0.5897731721070159,9.599600971032756e-05,29.0,0,{},14,expanding,40,1965:Q3,,1,0.02
no_revision,exact,2022:Q3:pre_third:exact,2022-12-21,pre_third,T,2022:Q3,2.9288,,,not_available,3.2435,-0.3147000000000002,False,True,0,,,,,,,0,{},14,expanding,40,1965:Q3,,1,0.02
release_dfm,exact,2022:Q3:pre_third:exact,2022-12-21,pre_third,T,2022:Q3,2.945515222965449,,,not_available,3.2435,-0.29798477703455095,False,True,0,,,,,,,0,{},14,expanding,40,1965:Q3,,1,0.02
revision_dfm_kalman_em,exact,2022:Q3:pre_third:exact,2022-12-21,pre_third,T,2022:Q3,2.94317186289458,0.1413672490860797,0.37598836296630206,model_implied_state_space,3.2435,-0.30032813710541983,False,True,24,-1846.4025932022198,-3402.4548154869385,-1846.4025932022198,0.18316248371525035,9.913612028647049e-05,24.0,0,{},14,expanding,40,1965:Q3,,1,0.02
standard_dfm,exact,2022:Q3:pre_third:exact,2022-12-21,pre_third,T,2022:Q3,2.515209478600101,,,not_available,3.2435,-0.7282905213998991,False,True,0,,,,,,,0,{},14,expanding,40,1965:Q3,,1,0.02
ar,pseudo,2022:Q3:pre_third:pseudo,2022-12-31,pre_third,T,2022:Q3,2.476014724582227,,,not_available,3.2435,-0.7674852754177732,False,True,0,,,,,,,0,{},14,expanding,40,1965:Q3,,1,0.02
bridge,pseudo,2022:Q3:pre_third:pseudo,2022-12-31,pre_third,T,2022:Q3,1.0349104885110398,,,not_available,3.2435,-2.2085895114889604,False,True,0,,,,,,,0,{},14,expanding,40,1965:Q3,,1,0.02
indicator_revision_only_dfm_kalman_em,pseudo,2022:Q3:pre_third:pseudo,2022-12-31,pre_third,T,2022:Q3,2.8980946085672126,0.14490832999902495,0.38066826765443024,model_implied_state_space,3.2435,-0.3454053914327875,False,True,21,-3544.1093991401563,-5490.299768913294,-3544.1093991401563,0.31480246721230287,8.879119939148119e-05,21.0,0,{},14,expanding,40,1965:Q3,,1,0.02
joint_indicator_revision_dfm_full_kalman_em,pseudo,2022:Q3:pre_third:pseudo,2022-12-31,pre_third,T,2022:Q3,2.925347637948677,0.14054588219935313,0.3748944947573292,model_implied_state_space,3.2435,-0.31815236205132313,False,True,25,-3507.81062573501,-5501.730479994407,-3507.81062573501,0.3235232047813952,9.219459588888635e-05,25.0,0,{},14,expanding,40,1965:Q3,,1,0.02
midas_umidas,pseudo,2022:Q3:pre_third:pseudo,2022-12-31,pre_third,T,2022:Q3,2.4342680151296654,,,not_available,3.2435,-0.8092319848703347,False,True,0,,,,,,,0,{},14,expanding,40,1965:Q3,,1,0.02
monthly_mixed_frequency_kalman_em,pseudo,2022:Q3:pre_third:pseudo,2022-12-31,pre_third,T,2022:Q3,3.0200405380007544,0.14362928481570966,0.37898454429661066,model_implied_state_space,3.2435,-0.2234594619992456,False,True,29,-6144.7844846284725,-8189.447113785038,-6144.7844846284725,0.5898557935224744,9.596808799022422e-05,29.0,0,{},14,expanding,40,1965:Q3,,1,0.02
no_revision,pseudo,2022:Q3:pre_third:pseudo,2022-12-31,pre_third,T,2022:Q3,2.9288,,,not_available,3.2435,-0.3147000000000002,False,True,0,,,,,,,0,{},14,expanding,40,1965:Q3,,1,0.02
release_dfm,pseudo,2022:Q3:pre_third:pseudo,2022-12-31,pre_third,T,2022:Q3,2.945595991196067,,,not_available,3.2435,-0.2979040088039331,False,True,0,,,,,,,0,{},14,expanding,40,1965:Q3,,1,0.02
revision_dfm_kalman_em,pseudo,2022:Q3:pre_third:pseudo,2022-12-31,pre_third,T,2022:Q3,2.9431828843917978,0.1413672645860681,0.37598838357862613,model_implied_state_space,3.2435,-0.3003171156082023,False,True,24,-1846.4056075804835,-3402.455780211062,-1846.4056075804835,0.18316262773032577,9.913603648374863e-05,24.0,0,{},14,expanding,40,1965:Q3,,1,0.02
standard_dfm,pseudo,2022:Q3:pre_third:pseudo,2022-12-31,pre_third,T,2022:Q3,2.505377086005525,,,not_available,3.2435,-0.7381229139944749,False,True,0,,,,,,,0,{},14,expanding,40,1965:Q3,,1,0.02
ar,exact,2022:Q4:pre_advance:exact,2023-01-25,pre_advance,A,2022:Q4,2.4849107524452863,,,not_available,2.891,-0.40608924755471376,False,True,0,,,,,,,0,{},14,expanding,40,1965:Q3,,1,0.02
bridge,exact,2022:Q4:pre_advance:exact,2023-01-25,pre_advance,A,2022:Q4,-1.4129326358051435,,,not_available,2.891,-4.303932635805143,False,True,0,,,,,,,0,{},14,expanding,40,1965:Q3,,1,0.02
indicator_revision_only_dfm_kalman_em,exact,2022:Q4:pre_advance:exact,2023-01-25,pre_advance,A,2022:Q4,1.7294197456397673,3.3069766775546845,1.8185094658963654,model_implied_state_space,2.891,-1.1615802543602327,False,True,46,-3481.304502696389,-5513.742922681781,-3481.304502696389,0.29542125819170906,8.482779091554412e-05,46.0,0,{},14,expanding,40,1965:Q3,,1,0.02
joint_indicator_revision_dfm_full_kalman_em,exact,2022:Q4:pre_advance:exact,2023-01-25,pre_advance,A,2022:Q4,1.7386766796916344,3.1713582860759386,1.7808307853571992,model_implied_state_space,2.891,-1.1523233203083656,False,True,45,-3501.8743539672614,-5523.5653955433745,-3501.8743539672614,0.32776422468850797,9.356132293550664e-05,45.0,0,{},14,expanding,40,1965:Q3,,1,0.02
midas_umidas,exact,2022:Q4:pre_advance:exact,2023-01-25,pre_advance,A,2022:Q4,-2.2401789113315203,,,not_available,2.891,-5.131178911331521,False,True,0,,,,,,,0,{},14,expanding,40,1965:Q3,,1,0.02
monthly_mixed_frequency_kalman_em,exact,2022:Q4:pre_advance:exact,2023-01-25,pre_advance,A,2022:Q4,1.5090670980279415,4.399386799866057,2.0974715254005374,model_implied_state_space,2.891,-1.3819329019720585,False,True,29,-6157.03191599562,-8207.773722606107,-6157.03191599562,0.582775277816836,9.462765687267468e-05,29.0,0,{},14,expanding,40,1965:Q3,,1,0.02
no_revision,exact,2022:Q4:pre_advance:exact,2023-01-25,pre_advance,A,2022:Q4,1.9405584607307091,,,not_available,2.891,-0.9504415392692909,False,True,0,,,,,,,0,{},14,expanding,40,1965:Q3,,1,0.02
release_dfm,exact,2022:Q4:pre_advance:exact,2023-01-25,pre_advance,A,2022:Q4,1.6705933869889844,,,not_available,2.891,-1.2204066130110156,False,True,0,,,,,,,0,{},14,expanding,40,1965:Q3,,1,0.02
revision_dfm_kalman_em,exact,2022:Q4:pre_advance:exact,2023-01-25,pre_advance,A,2022:Q4,0.8390376568276354,3.057137811576294,1.7484672749514913,model_implied_state_space,2.891,-2.051962343172365,False,True,24,-1864.071126087244,-3424.873577599915,-1864.071126087244,0.18253641959358902,9.786144547667918e-05,24.0,0,{},14,expanding,40,1965:Q3,,1,0.02
standard_dfm,exact,2022:Q4:pre_advance:exact,2023-01-25,pre_advance,A,2022:Q4,1.6705933869889844,,,not_available,2.891,-1.2204066130110156,False,True,0,,,,,,,0,{},14,expanding,40,1965:Q3,,1,0.02
ar,pseudo,2022:Q4:pre_advance:pseudo,2023-01-31,pre_advance,A,2022:Q4,2.4849107524452863,,,not_available,2.891,-0.40608924755471376,False,True,0,,,,,,,0,{},14,expanding,40,1965:Q3,,1,0.02
bridge,pseudo,2022:Q4:pre_advance:pseudo,2023-01-31,pre_advance,A,2022:Q4,-1.3417343983682635,,,not_available,2.891,-4.2327343983682635,False,True,0,,,,,,,0,{},14,expanding,40,1965:Q3,,1,0.02
indicator_revision_only_dfm_kalman_em,pseudo,2022:Q4:pre_advance:pseudo,2023-01-31,pre_advance,A,2022:Q4,1.8428542137759272,3.2717010021861053,1.8087843990332582,model_implied_state_space,2.891,-1.0481457862240728,False,True,43,-3481.6294194303405,-5513.820244708847,-3481.6294194303405,0.2710247233781047,7.78158111963946e-05,43.0,0,{},14,expanding,40,1965:Q3,,1,0.02
joint_indicator_revision_dfm_full_kalman_em,pseudo,2022:Q4:pre_advance:pseudo,2023-01-31,pre_advance,A,2022:Q4,1.8850518729982588,2.6327306698566293,1.6225691571876464,model_implied_state_space,2.891,-1.0059481270017412,False,False,50,-3456.4209849128542,-5523.642747906707,-3456.4209849128542,0.9785994604180814,0.00028296309797163656,51.0,0,{},14,expanding,40,1965:Q3,,1,0.02
midas_umidas,pseudo,2022:Q4:pre_advance:pseudo,2023-01-31,pre_advance,A,2022:Q4,-1.7042912497467086,,,not_available,2.891,-4.595291249746708,False,True,0,,,,,,,0,{},14,expanding,40,1965:Q3,,1,0.02
monthly_mixed_frequency_kalman_em,pseudo,2022:Q4:pre_advance:pseudo,2023-01-31,pre_advance,A,2022:Q4,1.5120029220585687,4.398240760021314,2.0971983120394966,model_implied_state_space,2.891,-1.3789970779414313,False,True,29,-6160.707981638484,-8210.754814553928,-6160.707981638484,0.5849267185622011,9.492030438360821e-05,29.0,0,{},14,expanding,40,1965:Q3,,1,0.02
no_revision,pseudo,2022:Q4:pre_advance:pseudo,2023-01-31,pre_advance,A,2022:Q4,1.9405584607307091,,,not_available,2.891,-0.9504415392692909,False,True,0,,,,,,,0,{},14,expanding,40,1965:Q3,,1,0.02
release_dfm,pseudo,2022:Q4:pre_advance:pseudo,2023-01-31,pre_advance,A,2022:Q4,1.8763957701802692,,,not_available,2.891,-1.0146042298197309,False,True,0,,,,,,,0,{},14,expanding,40,1965:Q3,,1,0.02
revision_dfm_kalman_em,pseudo,2022:Q4:pre_advance:pseudo,2023-01-31,pre_advance,A,2022:Q4,0.9205059060938157,3.0546331355203886,1.7477508791359222,model_implied_state_space,2.891,-1.9704940939061844,False,True,24,-1864.3832904746112,-3424.903509788325,-1864.3832904746112,0.18263353303655094,9.789712102170786e-05,24.0,0,{},14,expanding,40,1965:Q3,,1,0.02
standard_dfm,pseudo,2022:Q4:pre_advance:pseudo,2023-01-31,pre_advance,A,2022:Q4,1.8763957701802692,,,not_available,2.891,-1.0146042298197309,False,True,0,,,,,,,0,{},14,expanding,40,1965:Q3,,1,0.02
ar,exact,2022:Q4:pre_second:exact,2023-02-22,pre_second,S,2022:Q4,2.593443487540139,,,not_available,2.6752,-0.08175651245986071,False,True,0,,,,,,,0,{},14,expanding,40,1965:Q3,,1,0.02
bridge,exact,2022:Q4:pre_second:exact,2023-02-22,pre_second,S,2022:Q4,-1.3463572992096455,,,not_available,2.6752,-4.021557299209645,False,True,0,,,,,,,0,{},14,expanding,40,1965:Q3,,1,0.02
indicator_revision_only_dfm_kalman_em,exact,2022:Q4:pre_second:exact,2023-02-22,pre_second,S,2022:Q4,2.768243970094647,0.3659383703853616,0.604928401040455,model_implied_state_space,2.6752,0.09304397009464704,False,True,47,-3483.701570372753,-5515.097905159254,-3483.701570372753,0.3231876864469996,9.273612352383455e-05,47.0,0,{},14,expanding,40,1965:Q3,,1,0.02
joint_indicator_revision_dfm_full_kalman_em,exact,2022:Q4:pre_second:exact,2023-02-22,pre_second,S,2022:Q4,2.767618550343105,0.35377309754938446,0.5947882795998796,model_implied_state_space,2.6752,0.0924185503431052,False,True,46,-3503.3134597727885,-5525.00346415987,-3503.3134597727885,0.34055192212736074,9.717133873727623e-05,46.0,0,{},14,expanding,40,1965:Q3,,1,0.02
midas_umidas,exact,2022:Q4:pre_second:exact,2023-02-22,pre_second,S,2022:Q4,5.438750930744764,,,not_available,2.6752,2.763550930744764,False,True,0,,,,,,,0,{},14,expanding,40,1965:Q3,,1,0.02
monthly_mixed_frequency_kalman_em,exact,2022:Q4:pre_second:exact,2023-02-22,pre_second,S,2022:Q4,2.8769772622804997,0.3571370125954549,0.5976094147480066,model_implied_state_space,2.6752,0.20177726228049986,False,True,29,-6177.2534357187,-8229.078246846755,-6177.2534357187,0.5833090281521436,9.440434377038099e-05,29.0,0,{},14,expanding,40,1965:Q3,,1,0.02
no_revision,exact,2022:Q4:pre_second:exact,2023-02-22,pre_second,S,2022:Q4,2.891,,,not_available,2.6752,0.2158000000000002,False,True,0,,,,,,,0,{},14,expanding,40,1965:Q3,,1,0.02
release_dfm,exact,2022:Q4:pre_second:exact,2023-02-22,pre_second,S,2022:Q4,3.0234910122441097,,,not_available,2.6752,0.34829101224410985,False,True,0,,,,,,,0,{},14,expanding,40,1965:Q3,,1,0.02
revision_dfm_kalman_em,exact,2022:Q4:pre_second:exact,2023-02-22,pre_second,S,2022:Q4,3.080721651651202,0.39042072564634384,0.6248365591467451,model_implied_state_space,2.6752,0.40552165165120213,False,True,28,-1865.4226673141352,-3407.444054277007,-1865.4226673141352,0.17216059893985403,9.223244185902744e-05,28.0,0,{},14,expanding,40,1965:Q3,,1,0.02
standard_dfm,exact,2022:Q4:pre_second:exact,2023-02-22,pre_second,S,2022:Q4,1.8513140468940135,,,not_available,2.6752,-0.8238859531059863,False,True,0,,,,,,,0,{},14,expanding,40,1965:Q3,,1,0.02
ar,pseudo,2022:Q4:pre_second:pseudo,2023-02-28,pre_second,S,2022:Q4,2.593443487540139,,,not_available,2.6752,-0.08175651245986071,False,True,0,,,,,,,0,{},14,expanding,40,1965:Q3,,1,0.02
bridge,pseudo,2022:Q4:pre_second:pseudo,2023-02-28,pre_second,S,2022:Q4,-1.2238494438753873,,,not_available,2.6752,-3.899049443875387,False,True,0,,,,,,,0,{},14,expanding,40,1965:Q3,,1,0.02
indicator_revision_only_dfm_kalman_em,pseudo,2022:Q4:pre_second:pseudo,2023-02-28,pre_second,S,2022:Q4,2.765707183664107,0.3659353984469651,0.6049259445973243,model_implied_state_space,2.6752,0.09050718366410715,False,True,45,-3483.716921885703,-5515.220607103648,-3483.716921885703,0.3053785840065757,8.76260057117617e-05,45.0,0,{},14,expanding,40,1965:Q3,,1,0.02
joint_indicator_revision_dfm_full_kalman_em,pseudo,2022:Q4:pre_second:pseudo,2023-02-28,pre_second,S,2022:Q4,2.7692435843017553,0.35390285912186786,0.5948973517522732,model_implied_state_space,2.6752,0.09404358430175552,False,True,46,-3503.267327225697,-5525.126237967388,-3503.267327225697,0.2879525935163656,8.216523082815231e-05,46.0,0,{},14,expanding,40,1965:Q3,,1,0.02
midas_umidas,pseudo,2022:Q4:pre_second:pseudo,2023-02-28,pre_second,S,2022:Q4,5.4338922322599,,,not_available,2.6752,2.7586922322599006,False,True,0,,,,,,,0,{},14,expanding,40,1965:Q3,,1,0.02
monthly_mixed_frequency_kalman_em,pseudo,2022:Q4:pre_second:pseudo,2023-02-28,pre_second,S,2022:Q4,2.877178527458908,0.35712414382203106,0.5975986477746005,model_implied_state_space,2.6752,0.2019785274589081,False,True,29,-6179.687711072526,-8231.917059015877,-6179.687711072526,0.5823295296677315,9.4208718571208e-05,29.0,0,{},14,expanding,40,1965:Q3,,1,0.02
no_revision,pseudo,2022:Q4:pre_second:pseudo,2023-02-28,pre_second,S,2022:Q4,2.891,,,not_available,2.6752,0.2158000000000002,False,True,0,,,,,,,0,{},14,expanding,40,1965:Q3,,1,0.02
release_dfm,pseudo,2022:Q4:pre_second:pseudo,2023-02-28,pre_second,S,2022:Q4,3.02263889844528,,,not_available,2.6752,0.3474388984452803,False,True,0,,,,,,,0,{},14,expanding,40,1965:Q3,,1,0.02
revision_dfm_kalman_em,pseudo,2022:Q4:pre_second:pseudo,2023-02-28,pre_second,S,2022:Q4,3.083353507969402,0.39044002368591,0.6248520014258656,model_implied_state_space,2.6752,0.4081535079694021,False,True,28,-1865.5201703123537,-3407.48946411616,-1865.5201703123537,0.17233237184427708,9.23196357174376e-05,28.0,0,{},14,expanding,40,1965:Q3,,1,0.02
standard_dfm,pseudo,2022:Q4:pre_second:pseudo,2023-02-28,pre_second,S,2022:Q4,1.9102161414621959,,,not_available,2.6752,-0.7649838585378039,False,True,0,,,,,,,0,{},14,expanding,40,1965:Q3,,1,0.02
ar,exact,2022:Q4:pre_third:exact,2023-03-29,pre_third,T,2022:Q4,2.6751335642985263,,,not_available,2.5735,0.10163356429852621,False,True,0,,,,,,,0,{},14,expanding,40,1965:Q3,,1,0.02
bridge,exact,2022:Q4:pre_third:exact,2023-03-29,pre_third,T,2022:Q4,-0.7653717874989132,,,not_available,2.5735,-3.3388717874989133,False,True,0,,,,,,,0,{},14,expanding,40,1965:Q3,,1,0.02
indicator_revision_only_dfm_kalman_em,exact,2022:Q4:pre_third:exact,2023-03-29,pre_third,T,2022:Q4,2.6792813780033238,0.1429636112593009,0.3781052912342023,model_implied_state_space,2.5735,0.10578137800332366,False,True,42,-3482.0220766064026,-5517.254767499702,-3482.0220766064026,0.27410066249512965,7.86900247770605e-05,42.0,0,{},14,expanding,40,1965:Q3,,1,0.02
joint_indicator_revision_dfm_full_kalman_em,exact,2022:Q4:pre_third:exact,2023-03-29,pre_third,T,2022:Q4,2.69221377571201,0.1400674490817796,0.37425586045081455,model_implied_state_space,2.5735,0.1187137757120098,False,True,45,-3454.7955366052042,-5527.127999615398,-3454.7955366052042,0.34279828096759957,9.918534727253319e-05,45.0,0,{},14,expanding,40,1965:Q3,,1,0.02
midas_umidas,exact,2022:Q4:pre_third:exact,2023-03-29,pre_third,T,2022:Q4,4.373854100100878,,,not_available,2.5735,1.8003541001008783,False,True,0,,,,,,,0,{},14,expanding,40,1965:Q3,,1,0.02
monthly_mixed_frequency_kalman_em,exact,2022:Q4:pre_third:exact,2023-03-29,pre_third,T,2022:Q4,2.6908833446010245,0.1433902841872763,0.37866909589676884,model_implied_state_space,2.5735,0.1173833446010244,False,True,29,-6200.89025699138,-8251.681124179155,-6200.89025699138,0.5808869802922345,9.365412056077234e-05,29.0,0,{},14,expanding,40,1965:Q3,,1,0.02
no_revision,exact,2022:Q4:pre_third:exact,2023-03-29,pre_third,T,2022:Q4,2.6752,,,not_available,2.5735,0.10169999999999968,False,True,0,,,,,,,0,{},14,expanding,40,1965:Q3,,1,0.02
release_dfm,exact,2022:Q4:pre_third:exact,2023-03-29,pre_third,T,2022:Q4,2.817627941158337,,,not_available,2.5735,0.2441279411583368,False,True,0,,,,,,,0,{},14,expanding,40,1965:Q3,,1,0.02
revision_dfm_kalman_em,exact,2022:Q4:pre_third:exact,2023-03-29,pre_third,T,2022:Q4,2.7062962740280896,0.14088697553715904,0.37534913818624793,model_implied_state_space,2.5735,0.13279627402808947,False,True,29,-1864.5697399330693,-3408.9269967255655,-1864.5697399330693,0.16713253100033398,8.957990457657776e-05,29.0,0,{},14,expanding,40,1965:Q3,,1,0.02
standard_dfm,exact,2022:Q4:pre_third:exact,2023-03-29,pre_third,T,2022:Q4,1.9696670078246232,,,not_available,2.5735,-0.6038329921753769,False,True,0,,,,,,,0,{},14,expanding,40,1965:Q3,,1,0.02
ar,pseudo,2022:Q4:pre_third:pseudo,2023-03-31,pre_third,T,2022:Q4,2.6751335642985263,,,not_available,2.5735,0.10163356429852621,False,True,0,,,,,,,0,{},14,expanding,40,1965:Q3,,1,0.02
bridge,pseudo,2022:Q4:pre_third:pseudo,2023-03-31,pre_third,T,2022:Q4,-0.7374688121489101,,,not_available,2.5735,-3.3109688121489103,False,True,0,,,,,,,0,{},14,expanding,40,1965:Q3,,1,0.02
indicator_revision_only_dfm_kalman_em,pseudo,2022:Q4:pre_third:pseudo,2023-03-31,pre_third,T,2022:Q4,2.679281831128903,0.1429635974434759,0.37810527296439,model_implied_state_space,2.5735,0.10578183112890294,False,True,42,-3482.023037254115,-5517.260178280099,-3482.023037254115,0.27350081923077596,7.851781099924746e-05,42.0,0,{},14,expanding,40,1965:Q3,,1,0.02
joint_indicator_revision_dfm_full_kalman_em,pseudo,2022:Q4:pre_third:pseudo,2023-03-31,pre_third,T,2022:Q4,2.692227629624824,0.14006747824478016,0.37425589941212706,model_implied_state_space,2.5735,0.11872762962482408,False,True,45,-3454.7845294017116,-5527.133413592392,-3454.7845294017116,0.33952877180445284,9.823975241903966e-05,45.0,0,{},14,expanding,40,1965:Q3,,1,0.02
midas_umidas,pseudo,2022:Q4:pre_third:pseudo,2023-03-31,pre_third,T,2022:Q4,4.355959824583719,,,not_available,2.5735,1.7824598245837189,False,True,0,,,,,,,0,{},14,expanding,40,1965:Q3,,1,0.02
monthly_mixed_frequency_kalman_em,pseudo,2022:Q4:pre_third:pseudo,2023-03-31,pre_third,T,2022:Q4,2.6908596311716186,0.1433903780235785,0.37866921979952173,model_implied_state_space,2.5735,0.11735963117161852,False,True,29,-6202.162562062283,-8253.039445087585,-6202.162562062283,0.580959924115632,9.364667028169025e-05,29.0,0,{},14,expanding,40,1965:Q3,,1,0.02
no_revision,pseudo,2022:Q4:pre_third:pseudo,2023-03-31,pre_third,T,2022:Q4,2.6752,,,not_available,2.5735,0.10169999999999968,False,True,0,,,,,,,0,{},14,expanding,40,1965:Q3,,1,0.02
release_dfm,pseudo,2022:Q4:pre_third:pseudo,2023-03-31,pre_third,T,2022:Q4,2.8175369658021294,,,not_available,2.5735,0.2440369658021293,False,True,0,,,,,,,0,{},14,expanding,40,1965:Q3,,1,0.02
revision_dfm_kalman_em,pseudo,2022:Q4:pre_third:pseudo,2023-03-31,pre_third,T,2022:Q4,2.7062847662426095,0.140886932758023,0.3753490812004513,model_implied_state_space,2.5735,0.13278476624260938,False,True,29,-1864.581557421379,-3408.9297689169994,-1864.581557421379,0.1671435904224836,8.958526425978005e-05,29.0,0,{},14,expanding,40,1965:Q3,,1,0.02
standard_dfm,pseudo,2022:Q4:pre_third:pseudo,2023-03-31,pre_third,T,2022:Q4,1.9802142895935737,,,not_available,2.5735,-0.5932857104064264,False,True,0,,,,,,,0,{},14,expanding,40,1965:Q3,,1,0.02
ar,exact,2023:Q1:pre_advance:exact,2023-04-26,pre_advance,A,2023:Q1,2.49948989929296,,,not_available,1.0626,1.4368898992929602,False,True,0,,,,,,,0,{},14,expanding,40,1965:Q3,,1,0.02
bridge,exact,2023:Q1:pre_advance:exact,2023-04-26,pre_advance,A,2023:Q1,1.6263589072798013,,,not_available,1.0626,0.5637589072798013,False,True,0,,,,,,,0,{},14,expanding,40,1965:Q3,,1,0.02
indicator_revision_only_dfm_kalman_em,exact,2023:Q1:pre_advance:exact,2023-04-26,pre_advance,A,2023:Q1,2.4050637636991095,4.30113804455953,2.073918524089008,model_implied_state_space,1.0626,1.3424637636991095,False,True,46,-3564.471146332121,-5555.174328825719,-3564.471146332121,0.32844258937393533,9.210909956756023e-05,46.0,0,{},14,expanding,40,1965:Q3,,1,0.02
joint_indicator_revision_dfm_full_kalman_em,exact,2023:Q1:pre_advance:exact,2023-04-26,pre_advance,A,2023:Q1,2.231907061831159,3.1229087168469474,1.767175349773459,model_implied_state_space,1.0626,1.169307061831159,False,True,47,-3533.8006190211804,-5565.205787342397,-3533.8006190211804,0.3452726347704811,9.766856739503521e-05,47.0,0,{},14,expanding,40,1965:Q3,,1,0.02
midas_umidas,exact,2023:Q1:pre_advance:exact,2023-04-26,pre_advance,A,2023:Q1,2.1021680147156285,,,not_available,1.0626,1.0395680147156285,False,True,0,,,,,,,0,{},14,expanding,40,1965:Q3,,1,0.02
monthly_mixed_frequency_kalman_em,exact,2023:Q1:pre_advance:exact,2023-04-26,pre_advance,A,2023:Q1,1.4042032896949594,4.569839209824656,2.137718225076602,model_implied_state_space,1.0626,0.34160328969495946,False,True,29,-6224.024916770509,-8302.954274077316,-6224.024916770509,0.6151875697478317,9.88151514442585e-05,29.0,0,{},14,expanding,40,1965:Q3,,1,0.02
no_revision,exact,2023:Q1:pre_advance:exact,2023-04-26,pre_advance,A,2023:Q1,2.3639512102489912,,,not_available,1.0626,1.3013512102489913,False,True,0,,,,,,,0,{},14,expanding,40,1965:Q3,,1,0.02
release_dfm,exact,2023:Q1:pre_advance:exact,2023-04-26,pre_advance,A,2023:Q1,2.2346596802087313,,,not_available,1.0626,1.1720596802087313,False,True,0,,,,,,,0,{},14,expanding,40,1965:Q3,,1,0.02
revision_dfm_kalman_em,exact,2023:Q1:pre_advance:exact,2023-04-26,pre_advance,A,2023:Q1,2.407301748349754,3.010881514521964,1.7351891869539655,model_implied_state_space,1.0626,1.344701748349754,False,True,28,-1878.5084340211897,-3429.2914802374344,-1878.5084340211897,0.18567678355043427,9.878031882056691e-05,28.0,0,{},14,expanding,40,1965:Q3,,1,0.02
standard_dfm,exact,2023:Q1:pre_advance:exact,2023-04-26,pre_advance,A,2023:Q1,2.2346596802087313,,,not_available,1.0626,1.1720596802087313,False,True,0,,,,,,,0,{},14,expanding,40,1965:Q3,,1,0.02
ar,pseudo,2023:Q1:pre_advance:pseudo,2023-04-30,pre_advance,A,2023:Q1,2.49948989929296,,,not_available,1.0626,1.4368898992929602,False,True,0,,,,,,,0,{},14,expanding,40,1965:Q3,,1,0.02
bridge,pseudo,2023:Q1:pre_advance:pseudo,2023-04-30,pre_advance,A,2023:Q1,1.6396063365888245,,,not_available,1.0626,0.5770063365888245,False,True,0,,,,,,,0,{},14,expanding,40,1965:Q3,,1,0.02
indicator_revision_only_dfm_kalman_em,pseudo,2023:Q1:pre_advance:pseudo,2023-04-30,pre_advance,A,2023:Q1,2.405742155351873,4.301301759082327,2.073957993567451,model_implied_state_space,1.0626,1.3431421553518732,False,True,46,-3564.4638591651765,-5555.171460314677,-3564.4638591651765,0.32708336890755163,9.172813947278267e-05,46.0,0,{},14,expanding,40,1965:Q3,,1,0.02
joint_indicator_revision_dfm_full_kalman_em,pseudo,2023:Q1:pre_advance:pseudo,2023-04-30,pre_advance,A,2023:Q1,2.232567394022439,3.1231920247806544,1.7672555063659172,model_implied_state_space,1.0626,1.169967394022439,False,True,47,-3533.792999593794,-5565.202918030748,-3533.792999593794,0.3436112998188037,9.719887451024008e-05,47.0,0,{},14,expanding,40,1965:Q3,,1,0.02
midas_umidas,pseudo,2023:Q1:pre_advance:pseudo,2023-04-30,pre_advance,A,2023:Q1,2.1437434901904098,,,not_available,1.0626,1.0811434901904098,False,True,0,,,,,,,0,{},14,expanding,40,1965:Q3,,1,0.02
monthly_mixed_frequency_kalman_em,pseudo,2023:Q1:pre_advance:pseudo,2023-04-30,pre_advance,A,2023:Q1,1.4023036377479843,4.56972071804468,2.137690510350991,model_implied_state_space,1.0626,0.3397036377479843,False,True,29,-6225.368100667333,-8304.312968336428,-6225.368100667333,0.6153657087306783,9.882244140416909e-05,29.0,0,{},14,expanding,40,1965:Q3,,1,0.02
no_revision,pseudo,2023:Q1:pre_advance:pseudo,2023-04-30,pre_advance,A,2023:Q1,2.3639512102489912,,,not_available,1.0626,1.3013512102489913,False,True,0,,,,,,,0,{},14,expanding,40,1965:Q3,,1,0.02
release_dfm,pseudo,2023:Q1:pre_advance:pseudo,2023-04-30,pre_advance,A,2023:Q1,2.2401174078390245,,,not_available,1.0626,1.1775174078390245,False,True,0,,,,,,,0,{},14,expanding,40,1965:Q3,,1,0.02
revision_dfm_kalman_em,pseudo,2023:Q1:pre_advance:pseudo,2023-04-30,pre_advance,A,2023:Q1,2.408737259206254,3.010859960505135,1.7351829760878634,model_implied_state_space,1.0626,1.3461372592062542,False,True,28,-1878.5074467586123,-3429.290549371568,-1878.5074467586123,0.18568245032497543,9.878338513857275e-05,28.0,0,{},14,expanding,40,1965:Q3,,1,0.02
standard_dfm,pseudo,2023:Q1:pre_advance:pseudo,2023-04-30,pre_advance,A,2023:Q1,2.2401174078390245,,,not_available,1.0626,1.1775174078390245,False,True,0,,,,,,,0,{},14,expanding,40,1965:Q3,,1,0.02
ar,exact,2023:Q1:pre_second:exact,2023-05-24,pre_second,S,2023:Q1,2.5803446686297553,,,not_available,1.2725,1.3078446686297553,False,True,0,,,,,,,0,{},14,expanding,40,1965:Q3,,1,0.02
bridge,exact,2023:Q1:pre_second:exact,2023-05-24,pre_second,S,2023:Q1,1.382136405713674,,,not_available,1.2725,0.10963640571367406,False,True,0,,,,,,,0,{},14,expanding,40,1965:Q3,,1,0.02
indicator_revision_only_dfm_kalman_em,exact,2023:Q1:pre_second:exact,2023-05-24,pre_second,S,2023:Q1,1.1868953537117628,0.3751568737099116,0.6125005091507366,model_implied_state_space,1.2725,-0.08560464628823716,False,False,50,-3561.2915750822276,-5554.771725559554,-3561.2915750822276,0.5213512840773546,0.00014633136649391194,51.0,0,{},14,expanding,40,1965:Q3,,1,0.02
joint_indicator_revision_dfm_full_kalman_em,exact,2023:Q1:pre_second:exact,2023-05-24,pre_second,S,2023:Q1,0.7403406957483882,0.3535192562877748,0.594574853393393,model_implied_state_space,1.2725,-0.5321593042516117,False,False,50,-3530.4594789535986,-5564.882862640787,-3530.4594789535986,0.39065271725667117,0.0001106085203767863,51.0,0,{},14,expanding,40,1965:Q3,,1,0.02
midas_umidas,exact,2023:Q1:pre_second:exact,2023-05-24,pre_second,S,2023:Q1,2.8528520906636743,,,not_available,1.2725,1.5803520906636743,False,True,0,,,,,,,0,{},14,expanding,40,1965:Q3,,1,0.02
monthly_mixed_frequency_kalman_em,exact,2023:Q1:pre_second:exact,2023-05-24,pre_second,S,2023:Q1,1.1620186850303027,0.35757114357673675,0.5979725274431399,model_implied_state_space,1.2725,-0.11048131496969726,False,True,29,-6237.524323283352,-8320.166253338773,-6237.524323283352,0.6144393485037654,9.848143660208904e-05,29.0,0,{},14,expanding,40,1965:Q3,,1,0.02
no_revision,exact,2023:Q1:pre_second:exact,2023-05-24,pre_second,S,2023:Q1,1.0626,,,not_available,1.2725,-0.20989999999999998,False,True,0,,,,,,,0,{},14,expanding,40,1965:Q3,,1,0.02
release_dfm,exact,2023:Q1:pre_second:exact,2023-05-24,pre_second,S,2023:Q1,1.1622657647996562,,,not_available,1.2725,-0.11023423520034381,False,True,0,,,,,,,0,{},14,expanding,40,1965:Q3,,1,0.02
revision_dfm_kalman_em,exact,2023:Q1:pre_second:exact,2023-05-24,pre_second,S,2023:Q1,1.0635300102115832,0.3887287441812341,0.6234811498202926,model_implied_state_space,1.2725,-0.20896998978841674,False,True,24,-1876.2929028843005,-3448.3388680160947,-1876.2929028843005,0.18448255751172837,9.826086798287348e-05,24.0,0,{},14,expanding,40,1965:Q3,,1,0.02
standard_dfm,exact,2023:Q1:pre_second:exact,2023-05-24,pre_second,S,2023:Q1,1.994432314912935,,,not_available,1.2725,0.7219323149129351,False,True,0,,,,,,,0,{},14,expanding,40,1965:Q3,,1,0.02
ar,pseudo,2023:Q1:pre_second:pseudo,2023-05-31,pre_second,S,2023:Q1,2.5803446686297553,,,not_available,1.2725,1.3078446686297553,False,True,0,,,,,,,0,{},14,expanding,40,1965:Q3,,1,0.02
bridge,pseudo,2023:Q1:pre_second:pseudo,2023-05-31,pre_second,S,2023:Q1,1.248300417284067,,,not_available,1.2725,-0.02419958271593292,False,True,0,,,,,,,0,{},14,expanding,40,1965:Q3,,1,0.02
indicator_revision_only_dfm_kalman_em,pseudo,2023:Q1:pre_second:pseudo,2023-05-31,pre_second,S,2023:Q1,1.1879493511072285,0.37508481537073407,0.6124416832407262,model_implied_state_space,1.2725,-0.08455064889277142,False,False,50,-3561.753484187965,-5554.811230301744,-3561.753484187965,0.580250559039996,0.00016283924050723066,51.0,0,{},14,expanding,40,1965:Q3,,1,0.02
joint_indicator_revision_dfm_full_kalman_em,pseudo,2023:Q1:pre_second:pseudo,2023-05-31,pre_second,S,2023:Q1,0.7336475743377582,0.3537374513378983,0.5947583133827541,model_implied_state_space,1.2725,-0.5388524256622418,False,False,50,-3530.836339406398,-5564.922475632423,-3530.836339406398,0.4956103734630233,0.00014030685125555946,51.0,0,{},14,expanding,40,1965:Q3,,1,0.02
midas_umidas,pseudo,2023:Q1:pre_second:pseudo,2023-05-31,pre_second,S,2023:Q1,2.8130267583176103,,,not_available,1.2725,1.5405267583176103,False,True,0,,,,,,,0,{},14,expanding,40,1965:Q3,,1,0.02
monthly_mixed_frequency_kalman_em,pseudo,2023:Q1:pre_second:pseudo,2023-05-31,pre_second,S,2023:Q1,1.1618655581720163,0.3575671408335176,0.5979691805047461,model_implied_state_space,1.2725,-0.11063444182798365,False,True,29,-6239.782735870956,-8322.810894062517,-6239.782735870956,0.613382612688838,9.827650753848645e-05,29.0,0,{},14,expanding,40,1965:Q3,,1,0.02
no_revision,pseudo,2023:Q1:pre_second:pseudo,2023-05-31,pre_second,S,2023:Q1,1.0626,,,not_available,1.2725,-0.20989999999999998,False,True,0,,,,,,,0,{},14,expanding,40,1965:Q3,,1,0.02
release_dfm,pseudo,2023:Q1:pre_second:pseudo,2023-05-31,pre_second,S,2023:Q1,1.163006401456031,,,not_available,1.2725,-0.1094935985439689,False,True,0,,,,,,,0,{},14,expanding,40,1965:Q3,,1,0.02
revision_dfm_kalman_em,pseudo,2023:Q1:pre_second:pseudo,2023-05-31,pre_second,S,2023:Q1,1.0601229964000736,0.38871113192702406,0.6234670255330462,model_implied_state_space,1.2725,-0.2123770035999264,False,True,24,-1876.169013388247,-3448.3354961756445,-1876.169013388247,0.18438551867370734,9.821566828124361e-05,24.0,0,{},14,expanding,40,1965:Q3,,1,0.02
standard_dfm,pseudo,2023:Q1:pre_second:pseudo,2023-05-31,pre_second,S,2023:Q1,1.9423941148983723,,,not_available,1.2725,0.6698941148983724,False,True,0,,,,,,,0,{},14,expanding,40,1965:Q3,,1,0.02
ar,exact,2023:Q1:pre_third:exact,2023-06-28,pre_third,T,2023:Q1,2.640678980319079,,,not_available,2.0027,0.6379789803190792,False,True,0,,,,,,,0,{},14,expanding,40,1965:Q3,,1,0.02
bridge,exact,2023:Q1:pre_third:exact,2023-06-28,pre_third,T,2023:Q1,1.427554557879653,,,not_available,2.0027,-0.575145442120347,False,True,0,,,,,,,0,{},14,expanding,40,1965:Q3,,1,0.02
indicator_revision_only_dfm_kalman_em,exact,2023:Q1:pre_third:exact,2023-06-28,pre_third,T,2023:Q1,1.26901857590766,0.1420868068097501,0.3769440367080372,model_implied_state_space,2.0027,-0.7336814240923399,False,False,50,-3559.980455385249,-5555.610970671808,-3559.980455385249,0.48129975904976163,0.00013514107187998176,51.0,0,{},14,expanding,40,1965:Q3,,1,0.02
joint_indicator_revision_dfm_full_kalman_em,exact,2023:Q1:pre_third:exact,2023-06-28,pre_third,T,2023:Q1,1.2414476478058079,0.139509816305424,0.3735101287855846,model_implied_state_space,2.0027,-0.7612523521941921,False,False,50,-3529.699566451799,-5565.694450848479,-3529.699566451799,0.2940497782815328,8.327677992108055e-05,51.0,0,{},14,expanding,40,1965:Q3,,1,0.02
midas_umidas,exact,2023:Q1:pre_third:exact,2023-06-28,pre_third,T,2023:Q1,1.2625737787674116,,,not_available,2.0027,-0.7401262212325883,False,True,0,,,,,,,0,{},14,expanding,40,1965:Q3,,1,0.02
monthly_mixed_frequency_kalman_em,exact,2023:Q1:pre_third:exact,2023-06-28,pre_third,T,2023:Q1,1.2978032536119504,0.14334089355876176,0.378603874199356,model_implied_state_space,2.0027,-0.7048967463880496,False,True,28,-6249.628086044323,-8312.439671527021,-6249.628086044323,0.6250941354346651,9.999501178685107e-05,28.0,0,{},14,expanding,40,1965:Q3,,1,0.02
no_revision,exact,2023:Q1:pre_third:exact,2023-06-28,pre_third,T,2023:Q1,1.2725,,,not_available,2.0027,-0.7302,False,True,0,,,,,,,0,{},14,expanding,40,1965:Q3,,1,0.02
release_dfm,exact,2023:Q1:pre_third:exact,2023-06-28,pre_third,T,2023:Q1,1.3064709067711007,,,not_available,2.0027,-0.6962290932288993,False,True,0,,,,,,,0,{},14,expanding,40,1965:Q3,,1,0.02
revision_dfm_kalman_em,exact,2023:Q1:pre_third:exact,2023-06-28,pre_third,T,2023:Q1,1.2583116289902752,0.14063767437989624,0.3750168987924361,model_implied_state_space,2.0027,-0.7443883710097248,False,True,24,-1875.7345814594878,-3449.6086997109273,-1875.7345814594878,0.18489477730645376,9.850970148019671e-05,24.0,0,{},14,expanding,40,1965:Q3,,1,0.02
standard_dfm,exact,2023:Q1:pre_third:exact,2023-06-28,pre_third,T,2023:Q1,1.8641400992808632,,,not_available,2.0027,-0.1385599007191367,False,True,0,,,,,,,0,{},14,expanding,40,1965:Q3,,1,0.02
ar,pseudo,2023:Q1:pre_third:pseudo,2023-06-30,pre_third,T,2023:Q1,2.640678980319079,,,not_available,2.0027,0.6379789803190792,False,True,0,,,,,,,0,{},14,expanding,40,1965:Q3,,1,0.02
bridge,pseudo,2023:Q1:pre_third:pseudo,2023-06-30,pre_third,T,2023:Q1,1.524588418027784,,,not_available,2.0027,-0.4781115819722159,False,True,0,,,,,,,0,{},14,expanding,40,1965:Q3,,1,0.02
indicator_revision_only_dfm_kalman_em,pseudo,2023:Q1:pre_third:pseudo,2023-06-30,pre_third,T,2023:Q1,1.2690181412418953,0.14208655287454117,0.37694369987378906,model_implied_state_space,2.0027,-0.7336818587581047,False,False,50,-3559.9020017768125,-5555.592047392104,-3559.9020017768125,0.47741896131356043,0.0001340545066705112,51.0,0,{},14,expanding,40,1965:Q3,,1,0.02
joint_indicator_revision_dfm_full_kalman_em,pseudo,2023:Q1:pre_third:pseudo,2023-06-30,pre_third,T,2023:Q1,1.2410856832391486,0.13951610089788247,0.37351854157174375,model_implied_state_space,2.0027,-0.7616143167608513,False,True,50,-3529.9209543870056,-5565.675506095373,-3529.9209543870056,0.3496163804884418,9.900583189026363e-05,50.0,0,{},14,expanding,40,1965:Q3,,1,0.02
midas_umidas,pseudo,2023:Q1:pre_third:pseudo,2023-06-30,pre_third,T,2023:Q1,1.2638732257020224,,,not_available,2.0027,-0.7388267742979775,False,True,0,,,,,,,0,{},14,expanding,40,1965:Q3,,1,0.02
monthly_mixed_frequency_kalman_em,pseudo,2023:Q1:pre_third:pseudo,2023-06-30,pre_third,T,2023:Q1,1.296038893435177,0.14279587010236708,0.37788340808027954,model_implied_state_space,2.0027,-0.706661106564823,False,True,29,-6250.502758745002,-8313.780406769349,-6250.502758745002,0.5686461454006349,9.095323910661623e-05,29.0,0,{},14,expanding,40,1965:Q3,,1,0.02
no_revision,pseudo,2023:Q1:pre_third:pseudo,2023-06-30,pre_third,T,2023:Q1,1.2725,,,not_available,2.0027,-0.7302,False,True,0,,,,,,,0,{},14,expanding,40,1965:Q3,,1,0.02
release_dfm,pseudo,2023:Q1:pre_third:pseudo,2023-06-30,pre_third,T,2023:Q1,1.3061348505649242,,,not_available,2.0027,-0.6965651494350757,False,True,0,,,,,,,0,{},14,expanding,40,1965:Q3,,1,0.02
revision_dfm_kalman_em,pseudo,2023:Q1:pre_third:pseudo,2023-06-30,pre_third,T,2023:Q1,1.2582686610282257,0.14063777259412474,0.375017029738817,model_implied_state_space,2.0027,-0.7444313389717743,False,True,24,-1875.7294641701033,-3449.6051023198575,-1875.7294641701033,0.18490847615635175,9.851726794315581e-05,24.0,0,{},14,expanding,40,1965:Q3,,1,0.02
standard_dfm,pseudo,2023:Q1:pre_third:pseudo,2023-06-30,pre_third,T,2023:Q1,1.9032373398679863,,,not_available,2.0027,-0.09946266013201366,False,True,0,,,,,,,0,{},14,expanding,40,1965:Q3,,1,0.02
ar,exact,2023:Q2:pre_advance:exact,2023-07-26,pre_advance,A,2023:Q2,2.421500795288499,,,not_available,2.4137,0.007800795288499085,False,True,0,,,,,,,0,{},14,expanding,40,1965:Q3,,1,0.02
bridge,exact,2023:Q2:pre_advance:exact,2023-07-26,pre_advance,A,2023:Q2,1.2275334257182353,,,not_available,2.4137,-1.1861665742817646,False,True,0,,,,,,,0,{},14,expanding,40,1965:Q3,,1,0.02
indicator_revision_only_dfm_kalman_em,exact,2023:Q2:pre_advance:exact,2023-07-26,pre_advance,A,2023:Q2,2.9132671629419917,4.276804598231197,2.068043664488542,model_implied_state_space,2.4137,0.49956716294199177,False,True,44,-3569.902763551154,-5597.783802558074,-3569.902763551154,0.2802771101169128,7.848298642934143e-05,44.0,0,{},14,expanding,40,1965:Q3,,1,0.02
joint_indicator_revision_dfm_full_kalman_em,exact,2023:Q2:pre_advance:exact,2023-07-26,pre_advance,A,2023:Q2,2.6476246799450833,3.132865914045718,1.7699903711731648,model_implied_state_space,2.4137,0.23392467994508337,False,True,44,-3539.4442163011095,-5609.086979018098,-3539.4442163011095,0.2929754357010097,8.274419134657626e-05,44.0,0,{},14,expanding,40,1965:Q3,,1,0.02
midas_umidas,exact,2023:Q2:pre_advance:exact,2023-07-26,pre_advance,A,2023:Q2,4.460695135442568,,,not_available,2.4137,2.0469951354425677,False,True,0,,,,,,,0,{},14,expanding,40,1965:Q3,,1,0.02
monthly_mixed_frequency_kalman_em,exact,2023:Q2:pre_advance:exact,2023-07-26,pre_advance,A,2023:Q2,3.138394183136487,4.372574229196063,2.0910701158010134,model_implied_state_space,2.4137,0.7246941831364873,False,True,28,-6242.887466637736,-8336.377463423803,-6242.887466637736,0.5975367835417273,9.569032245482921e-05,28.0,0,{},14,expanding,40,1965:Q3,,1,0.02
no_revision,exact,2023:Q2:pre_advance:exact,2023-07-26,pre_advance,A,2023:Q2,2.4867897204454863,,,not_available,2.4137,0.07308972044548634,False,True,0,,,,,,,0,{},14,expanding,40,1965:Q3,,1,0.02
release_dfm,exact,2023:Q2:pre_advance:exact,2023-07-26,pre_advance,A,2023:Q2,2.7615889554249984,,,not_available,2.4137,0.3478889554249984,False,True,0,,,,,,,0,{},14,expanding,40,1965:Q3,,1,0.02
revision_dfm_kalman_em,exact,2023:Q2:pre_advance:exact,2023-07-26,pre_advance,A,2023:Q2,2.367993511700528,2.977957633484272,1.7256759931934709,model_implied_state_space,2.4137,-0.04570648829947199,False,True,30,-1867.7003927844241,-3454.5486794429426,-1867.7003927844241,0.16862292714404248,9.022725815797189e-05,30.0,0,{},14,expanding,40,1965:Q3,,1,0.02
standard_dfm,exact,2023:Q2:pre_advance:exact,2023-07-26,pre_advance,A,2023:Q2,2.7615889554249984,,,not_available,2.4137,0.3478889554249984,False,True,0,,,,,,,0,{},14,expanding,40,1965:Q3,,1,0.02
ar,pseudo,2023:Q2:pre_advance:pseudo,2023-07-31,pre_advance,A,2023:Q2,2.421500795288499,,,not_available,2.4137,0.007800795288499085,False,True,0,,,,,,,0,{},14,expanding,40,1965:Q3,,1,0.02
bridge,pseudo,2023:Q2:pre_advance:pseudo,2023-07-31,pre_advance,A,2023:Q2,1.4284183025022403,,,not_available,2.4137,-0.9852816974977596,False,True,0,,,,,,,0,{},14,expanding,40,1965:Q3,,1,0.02
indicator_revision_only_dfm_kalman_em,pseudo,2023:Q2:pre_advance:pseudo,2023-07-31,pre_advance,A,2023:Q2,2.9488216442365016,4.251984620474181,2.062034097796198,model_implied_state_space,2.4137,0.5351216442365017,False,True,42,-3570.8193370861154,-5598.1059663585875,-3570.8193370861154,0.32378275790733824,9.064103733936511e-05,42.0,0,{},14,expanding,40,1965:Q3,,1,0.02
joint_indicator_revision_dfm_full_kalman_em,pseudo,2023:Q2:pre_advance:pseudo,2023-07-31,pre_advance,A,2023:Q2,2.6812716547777873,3.137199991670505,1.7712142704005365,model_implied_state_space,2.4137,0.2675716547777873,False,True,43,-3540.113997479058,-5609.40916934764,-3540.113997479058,0.2732850997076639,7.716893914767302e-05,43.0,0,{},14,expanding,40,1965:Q3,,1,0.02
midas_umidas,pseudo,2023:Q2:pre_advance:pseudo,2023-07-31,pre_advance,A,2023:Q2,4.771591764309844,,,not_available,2.4137,2.357891764309844,False,True,0,,,,,,,0,{},14,expanding,40,1965:Q3,,1,0.02
monthly_mixed_frequency_kalman_em,pseudo,2023:Q2:pre_advance:pseudo,2023-07-31,pre_advance,A,2023:Q2,3.1435748094928213,4.371676752172048,2.0908555072438766,model_implied_state_space,2.4137,0.7298748094928214,False,True,28,-6246.26129212147,-8339.204677727917,-6246.26129212147,0.5993356197122921,9.592653476474436e-05,28.0,0,{},14,expanding,40,1965:Q3,,1,0.02
no_revision,pseudo,2023:Q2:pre_advance:pseudo,2023-07-31,pre_advance,A,2023:Q2,2.4867897204454863,,,not_available,2.4137,0.07308972044548634,False,True,0,,,,,,,0,{},14,expanding,40,1965:Q3,,1,0.02
release_dfm,pseudo,2023:Q2:pre_advance:pseudo,2023-07-31,pre_advance,A,2023:Q2,3.0390890391438723,,,not_available,2.4137,0.6253890391438723,False,True,0,,,,,,,0,{},14,expanding,40,1965:Q3,,1,0.02
revision_dfm_kalman_em,pseudo,2023:Q2:pre_advance:pseudo,2023-07-31,pre_advance,A,2023:Q2,2.468551398247862,2.974091142709593,1.7245553463747092,model_implied_state_space,2.4137,0.054851398247862004,False,True,30,-1868.3253326737108,-3454.6647807490717,-1868.3253326737108,0.16962071648777055,9.073076992274048e-05,30.0,0,{},14,expanding,40,1965:Q3,,1,0.02
standard_dfm,pseudo,2023:Q2:pre_advance:pseudo,2023-07-31,pre_advance,A,2023:Q2,3.0390890391438723,,,not_available,2.4137,0.6253890391438723,False,True,0,,,,,,,0,{},14,expanding,40,1965:Q3,,1,0.02
ar,exact,2023:Q2:pre_second:exact,2023-08-29,pre_second,S,2023:Q2,2.5001869441568183,,,not_available,2.0608,0.43938694415681834,False,True,0,,,,,,,0,{},14,expanding,40,1965:Q3,,1,0.02
bridge,exact,2023:Q2:pre_second:exact,2023-08-29,pre_second,S,2023:Q2,1.5948661030667803,,,not_available,2.0608,-0.4659338969332196,False,True,0,,,,,,,0,{},14,expanding,40,1965:Q3,,1,0.02
indicator_revision_only_dfm_kalman_em,exact,2023:Q2:pre_second:exact,2023-08-29,pre_second,S,2023:Q2,2.457431560475677,0.37489707913696635,0.6122883953962923,model_implied_state_space,2.0608,0.39663156047567716,False,True,42,-3571.5045271370545,-5599.377237693868,-3571.5045271370545,0.3456642244464092,9.67474721672244e-05,42.0,0,{},14,expanding,40,1965:Q3,,1,0.02
joint_indicator_revision_dfm_full_kalman_em,exact,2023:Q2:pre_second:exact,2023-08-29,pre_second,S,2023:Q2,2.870089778425566,0.35420485814600605,0.5951511221076593,model_implied_state_space,2.0608,0.8092897784255659,False,True,43,-3540.6048788034755,-5610.769768893511,-3540.6048788034755,0.28237887532077366,7.972554030582918e-05,43.0,0,{},14,expanding,40,1965:Q3,,1,0.02
midas_umidas,exact,2023:Q2:pre_second:exact,2023-08-29,pre_second,S,2023:Q2,3.3156196122347628,,,not_available,2.0608,1.2548196122347628,False,True,0,,,,,,,0,{},14,expanding,40,1965:Q3,,1,0.02
monthly_mixed_frequency_kalman_em,exact,2023:Q2:pre_second:exact,2023-08-29,pre_second,S,2023:Q2,2.48852910547468,0.3549966945122124,0.5958159904804606,model_implied_state_space,2.0608,0.4277291054746799,False,True,29,-6270.679786129267,-8392.850322523933,-6270.679786129267,0.595911205730772,9.500717673873398e-05,29.0,0,{},14,expanding,40,1965:Q3,,1,0.02
no_revision,exact,2023:Q2:pre_second:exact,2023-08-29,pre_second,S,2023:Q2,2.4137,,,not_available,2.0608,0.3529,False,True,0,,,,,,,0,{},14,expanding,40,1965:Q3,,1,0.02
release_dfm,exact,2023:Q2:pre_second:exact,2023-08-29,pre_second,S,2023:Q2,2.522739158381145,,,not_available,2.0608,0.4619391583811452,False,True,0,,,,,,,0,{},14,expanding,40,1965:Q3,,1,0.02
revision_dfm_kalman_em,exact,2023:Q2:pre_second:exact,2023-08-29,pre_second,S,2023:Q2,2.561405058156326,0.3872817312513727,0.6223196375267076,model_implied_state_space,2.0608,0.5006050581563262,False,True,24,-1869.0720064339664,-3475.6747793166132,-1869.0720064339664,0.17533627891157266,9.37503157508779e-05,24.0,0,{},14,expanding,40,1965:Q3,,1,0.02
standard_dfm,exact,2023:Q2:pre_second:exact,2023-08-29,pre_second,S,2023:Q2,2.9194924158613405,,,not_available,2.0608,0.8586924158613405,False,True,0,,,,,,,0,{},14,expanding,40,1965:Q3,,1,0.02
ar,pseudo,2023:Q2:pre_second:pseudo,2023-08-31,pre_second,S,2023:Q2,2.5001869441568183,,,not_available,2.0608,0.43938694415681834,False,True,0,,,,,,,0,{},14,expanding,40,1965:Q3,,1,0.02
bridge,pseudo,2023:Q2:pre_second:pseudo,2023-08-31,pre_second,S,2023:Q2,1.5789487899208259,,,not_available,2.0608,-0.4818512100791741,False,True,0,,,,,,,0,{},14,expanding,40,1965:Q3,,1,0.02
indicator_revision_only_dfm_kalman_em,pseudo,2023:Q2:pre_second:pseudo,2023-08-31,pre_second,S,2023:Q2,2.4574191774228136,0.3748970835630645,0.6122883990106823,model_implied_state_space,2.0608,0.3966191774228136,False,True,42,-3571.504249910207,-5599.379772091832,-3571.504249910207,0.34547483909136645,9.669447799560277e-05,42.0,0,{},14,expanding,40,1965:Q3,,1,0.02
joint_indicator_revision_dfm_full_kalman_em,pseudo,2023:Q2:pre_second:pseudo,2023-08-31,pre_second,S,2023:Q2,2.8701004626195257,0.3542047569215722,0.5951510370667031,model_implied_state_space,2.0608,0.8093004626195257,False,True,43,-3540.604696522683,-5610.772303747778,-3540.604696522683,0.28224394262269925,7.968745117132966e-05,43.0,0,{},14,expanding,40,1965:Q3,,1,0.02
midas_umidas,pseudo,2023:Q2:pre_second:pseudo,2023-08-31,pre_second,S,2023:Q2,3.338755249540821,,,not_available,2.0608,1.2779552495408208,False,True,0,,,,,,,0,{},14,expanding,40,1965:Q3,,1,0.02
monthly_mixed_frequency_kalman_em,pseudo,2023:Q2:pre_second:pseudo,2023-08-31,pre_second,S,2023:Q2,2.488477073383208,0.3549942202045279,0.5958139140742921,model_implied_state_space,2.0608,0.42767707338320804,False,True,29,-6272.106674034055,-8394.186911469053,-6272.106674034055,0.5963899458820379,9.506187012677925e-05,29.0,0,{},14,expanding,40,1965:Q3,,1,0.02
no_revision,pseudo,2023:Q2:pre_second:pseudo,2023-08-31,pre_second,S,2023:Q2,2.4137,,,not_available,2.0608,0.3529,False,True,0,,,,,,,0,{},14,expanding,40,1965:Q3,,1,0.02
release_dfm,pseudo,2023:Q2:pre_second:pseudo,2023-08-31,pre_second,S,2023:Q2,2.522839391220714,,,not_available,2.0608,0.4620393912207139,False,True,0,,,,,,,0,{},14,expanding,40,1965:Q3,,1,0.02
revision_dfm_kalman_em,pseudo,2023:Q2:pre_second:pseudo,2023-08-31,pre_second,S,2023:Q2,2.561459903825627,0.3872815320875142,0.6223194775093531,model_implied_state_space,2.0608,0.500659903825627,False,True,24,-1869.070852969891,-3475.675867729963,-1869.070852969891,0.17533569329884813,9.375006047956401e-05,24.0,0,{},14,expanding,40,1965:Q3,,1,0.02
standard_dfm,pseudo,2023:Q2:pre_second:pseudo,2023-08-31,pre_second,S,2023:Q2,2.9123292122020277,,,not_available,2.0608,0.8515292122020277,False,True,0,,,,,,,0,{},14,expanding,40,1965:Q3,,1,0.02
ar,exact,2023:Q2:pre_third:exact,2023-09-27,pre_third,T,2023:Q2,2.60892873043342,,,not_available,2.0617,0.54722873043342,False,True,0,,,,,,,0,{},14,expanding,40,1965:Q3,,1,0.02
bridge,exact,2023:Q2:pre_third:exact,2023-09-27,pre_third,T,2023:Q2,2.03912158462578,,,not_available,2.0617,-0.022578415374220118,False,True,0,,,,,,,0,{},14,expanding,40,1965:Q3,,1,0.02
indicator_revision_only_dfm_kalman_em,exact,2023:Q2:pre_third:exact,2023-09-27,pre_third,T,2023:Q2,2.0887932909517337,0.1457296045655902,0.381745470916932,model_implied_state_space,2.0617,0.02709329095173363,False,True,22,-3619.9503336062085,-5619.63124094868,-3619.9503336062085,0.3529799233706399,9.747317272537456e-05,22.0,0,{},14,expanding,40,1965:Q3,,1,0.02
joint_indicator_revision_dfm_full_kalman_em,exact,2023:Q2:pre_third:exact,2023-09-27,pre_third,T,2023:Q2,2.106677049286809,0.14164757238714015,0.3763609602325142,model_implied_state_space,2.0617,0.04497704928680912,False,True,26,-3583.738445117796,-5632.410429819104,-3583.738445117796,0.3466239007916556,9.668498630258263e-05,26.0,0,{},14,expanding,40,1965:Q3,,1,0.02
midas_umidas,exact,2023:Q2:pre_third:exact,2023-09-27,pre_third,T,2023:Q2,2.018278752415345,,,not_available,2.0617,-0.04342124758465493,False,True,0,,,,,,,0,{},14,expanding,40,1965:Q3,,1,0.02
monthly_mixed_frequency_kalman_em,exact,2023:Q2:pre_third:exact,2023-09-27,pre_third,T,2023:Q2,2.1065103894964192,0.14564443923137343,0.3816339073397088,model_implied_state_space,2.0617,0.044810389496419134,False,True,29,-6284.847682590604,-8413.02125565041,-6284.847682590604,0.5911701471686683,9.403895607943614e-05,29.0,0,{},14,expanding,40,1965:Q3,,1,0.02
no_revision,exact,2023:Q2:pre_third:exact,2023-09-27,pre_third,T,2023:Q2,2.0608,,,not_available,2.0617,-0.0009000000000001229,False,True,0,,,,,,,0,{},14,expanding,40,1965:Q3,,1,0.02
release_dfm,exact,2023:Q2:pre_third:exact,2023-09-27,pre_third,T,2023:Q2,2.2165779953550744,,,not_available,2.0617,0.1548779953550743,False,True,0,,,,,,,0,{},14,expanding,40,1965:Q3,,1,0.02
revision_dfm_kalman_em,exact,2023:Q2:pre_third:exact,2023-09-27,pre_third,T,2023:Q2,2.0883910198179194,0.14201750225893883,0.3768520959991318,model_implied_state_space,2.0617,0.026691019817919326,False,True,30,-1868.617708334874,-3457.299929259025,-1868.617708334874,0.17106248315894845,9.148759786599242e-05,30.0,0,{},14,expanding,40,1965:Q3,,1,0.02
standard_dfm,exact,2023:Q2:pre_third:exact,2023-09-27,pre_third,T,2023:Q2,3.0534280357652785,,,not_available,2.0617,0.9917280357652785,False,True,0,,,,,,,0,{},14,expanding,40,1965:Q3,,1,0.02
ar,pseudo,2023:Q2:pre_third:pseudo,2023-09-30,pre_third,T,2023:Q2,2.60892873043342,,,not_available,2.0617,0.54722873043342,False,True,0,,,,,,,0,{},14,expanding,40,1965:Q3,,1,0.02
bridge,pseudo,2023:Q2:pre_third:pseudo,2023-09-30,pre_third,T,2023:Q2,2.0626347827076326,,,not_available,2.0617,0.0009347827076324755,False,True,0,,,,,,,0,{},14,expanding,40,1965:Q3,,1,0.02
indicator_revision_only_dfm_kalman_em,pseudo,2023:Q2:pre_third:pseudo,2023-09-30,pre_third,T,2023:Q2,2.08781771623577,0.14560871044934395,0.38158709418603765,model_implied_state_space,2.0617,0.026117716235769972,False,True,23,-3618.555482584753,-5619.718249805459,-3618.555482584753,0.3530563737645025,9.753184920690847e-05,23.0,0,{},14,expanding,40,1965:Q3,,1,0.02
joint_indicator_revision_dfm_full_kalman_em,pseudo,2023:Q2:pre_third:pseudo,2023-09-30,pre_third,T,2023:Q2,2.0997673435827506,0.141147556540679,0.3756960959880725,model_implied_state_space,2.0617,0.038067343582750546,False,False,50,-3553.0287302058487,-5632.4997194125335,-3553.0287302058487,1.8315624431406832,0.0005150827907741657,51.0,0,{},14,expanding,40,1965:Q3,,1,0.02
midas_umidas,pseudo,2023:Q2:pre_third:pseudo,2023-09-30,pre_third,T,2023:Q2,2.0717813133095384,,,not_available,2.0617,0.01008131330953832,False,True,0,,,,,,,0,{},14,expanding,40,1965:Q3,,1,0.02
monthly_mixed_frequency_kalman_em,pseudo,2023:Q2:pre_third:pseudo,2023-09-30,pre_third,T,2023:Q2,2.1062829212313527,0.14566680028401682,0.38166320268532156,model_implied_state_space,2.0617,0.04458292123135266,False,True,29,-6284.139096953304,-8413.22599140101,-6284.139096953304,0.5945635219177348,9.458935965683024e-05,29.0,0,{},14,expanding,40,1965:Q3,,1,0.02
no_revision,pseudo,2023:Q2:pre_third:pseudo,2023-09-30,pre_third,T,2023:Q2,2.0608,,,not_available,2.0617,-0.0009000000000001229,False,True,0,,,,,,,0,{},14,expanding,40,1965:Q3,,1,0.02
release_dfm,pseudo,2023:Q2:pre_third:pseudo,2023-09-30,pre_third,T,2023:Q2,2.2164767898526185,,,not_available,2.0617,0.15477678985261845,False,True,0,,,,,,,0,{},14,expanding,40,1965:Q3,,1,0.02
revision_dfm_kalman_em,pseudo,2023:Q2:pre_third:pseudo,2023-09-30,pre_third,T,2023:Q2,2.088674700050977,0.1420222489989443,0.37685839382843034,model_implied_state_space,2.0617,0.026974700050976796,False,True,30,-1867.908946349309,-3457.1962686928787,-1867.908946349309,0.17182192867880985,9.19285734436784e-05,30.0,0,{},14,expanding,40,1965:Q3,,1,0.02
standard_dfm,pseudo,2023:Q2:pre_third:pseudo,2023-09-30,pre_third,T,2023:Q2,3.0733311673430217,,,not_available,2.0617,1.0116311673430216,False,True,0,,,,,,,0,{},14,expanding,40,1965:Q3,,1,0.02
ar,exact,2023:Q3:pre_advance:exact,2023-10-25,pre_advance,A,2023:Q3,2.474420689104078,,,not_available,4.8777,-2.403279310895922,False,True,0,,,,,,,0,{},14,expanding,40,1965:Q3,,1,0.02
bridge,exact,2023:Q3:pre_advance:exact,2023-10-25,pre_advance,A,2023:Q3,2.550861197803975,,,not_available,4.8777,-2.326838802196025,False,True,0,,,,,,,0,{},14,expanding,40,1965:Q3,,1,0.02
indicator_revision_only_dfm_kalman_em,exact,2023:Q3:pre_advance:exact,2023-10-25,pre_advance,A,2023:Q3,2.053295782794919,3.265212982975709,1.8069900340001073,model_implied_state_space,4.8777,-2.824404217205081,False,True,43,-3523.32789464629,-5637.40166133442,-3523.32789464629,0.3043027584076299,8.633603206362864e-05,43.0,0,{},14,expanding,40,1965:Q3,,1,0.02
joint_indicator_revision_dfm_full_kalman_em,exact,2023:Q3:pre_advance:exact,2023-10-25,pre_advance,A,2023:Q3,1.9773278934985306,2.4915221205062097,1.5784556124599163,model_implied_state_space,4.8777,-2.9003721065014694,False,True,45,-3496.154000996153,-5649.929577244354,-3496.154000996153,0.3273101367049094,9.35845277180027e-05,45.0,0,{},14,expanding,40,1965:Q3,,1,0.02
midas_umidas,exact,2023:Q3:pre_advance:exact,2023-10-25,pre_advance,A,2023:Q3,5.237756856016864,,,not_available,4.8777,0.36005685601686377,False,True,0,,,,,,,0,{},14,expanding,40,1965:Q3,,1,0.02
monthly_mixed_frequency_kalman_em,exact,2023:Q3:pre_advance:exact,2023-10-25,pre_advance,A,2023:Q3,2.509957968590254,4.476689152145218,2.115818790006653,model_implied_state_space,4.8777,-2.3677420314097457,False,True,28,-6271.232872160944,-8434.48163553542,-6271.232872160944,0.6123506651765638,9.761928493760602e-05,28.0,0,{},14,expanding,40,1965:Q3,,1,0.02
no_revision,exact,2023:Q3:pre_advance:exact,2023-10-25,pre_advance,A,2023:Q3,2.361567028740433,,,not_available,4.8777,-2.516132971259567,False,True,0,,,,,,,0,{},14,expanding,40,1965:Q3,,1,0.02
release_dfm,exact,2023:Q3:pre_advance:exact,2023-10-25,pre_advance,A,2023:Q3,2.0334805270938823,,,not_available,4.8777,-2.8442194729061177,False,True,0,,,,,,,0,{},14,expanding,40,1965:Q3,,1,0.02
revision_dfm_kalman_em,exact,2023:Q3:pre_advance:exact,2023-10-25,pre_advance,A,2023:Q3,2.60811657618997,2.9727316374043555,1.7241611402082915,model_implied_state_space,4.8777,-2.26958342381003,False,True,24,-1855.7748043377642,-3501.3615592455553,-1855.7748043377642,0.17612674238125692,9.484727864015667e-05,24.0,0,{},14,expanding,40,1965:Q3,,1,0.02
standard_dfm,exact,2023:Q3:pre_advance:exact,2023-10-25,pre_advance,A,2023:Q3,2.0334805270938823,,,not_available,4.8777,-2.8442194729061177,False,True,0,,,,,,,0,{},14,expanding,40,1965:Q3,,1,0.02
ar,pseudo,2023:Q3:pre_advance:pseudo,2023-10-31,pre_advance,A,2023:Q3,2.474420689104078,,,not_available,4.8777,-2.403279310895922,False,True,0,,,,,,,0,{},14,expanding,40,1965:Q3,,1,0.02
bridge,pseudo,2023:Q3:pre_advance:pseudo,2023-10-31,pre_advance,A,2023:Q3,2.6266820530183033,,,not_available,4.8777,-2.2510179469816967,False,True,0,,,,,,,0,{},14,expanding,40,1965:Q3,,1,0.02
indicator_revision_only_dfm_kalman_em,pseudo,2023:Q3:pre_advance:pseudo,2023-10-31,pre_advance,A,2023:Q3,2.1853586640709093,3.2601437415840464,1.8055868136381719,model_implied_state_space,4.8777,-2.6923413359290906,False,True,43,-3523.242567461533,-5637.040016082816,-3523.242567461533,0.2893742502456007,8.210288771139885e-05,43.0,0,{},14,expanding,40,1965:Q3,,1,0.02
joint_indicator_revision_dfm_full_kalman_em,pseudo,2023:Q3:pre_advance:pseudo,2023-10-31,pre_advance,A,2023:Q3,2.089790299871212,2.4919080284415047,1.5785778499781076,model_implied_state_space,4.8777,-2.787909700128788,False,True,44,-3496.2312303254134,-5649.568007078601,-3496.2312303254134,0.34835418796819795,9.959864516325637e-05,44.0,0,{},14,expanding,40,1965:Q3,,1,0.02
midas_umidas,pseudo,2023:Q3:pre_advance:pseudo,2023-10-31,pre_advance,A,2023:Q3,5.4547370997148406,,,not_available,4.8777,0.5770370997148406,False,True,0,,,,,,,0,{},14,expanding,40,1965:Q3,,1,0.02
monthly_mixed_frequency_kalman_em,pseudo,2023:Q3:pre_advance:pseudo,2023-10-31,pre_advance,A,2023:Q3,2.51182763414455,4.476584072820231,2.1157939580262135,model_implied_state_space,4.8777,-2.36587236585545,False,True,28,-6273.936043005521,-8437.211857189966,-6273.936043005521,0.6123666530402261,9.757978316249553e-05,28.0,0,{},14,expanding,40,1965:Q3,,1,0.02
no_revision,pseudo,2023:Q3:pre_advance:pseudo,2023-10-31,pre_advance,A,2023:Q3,2.361567028740433,,,not_available,4.8777,-2.516132971259567,False,True,0,,,,,,,0,{},14,expanding,40,1965:Q3,,1,0.02
release_dfm,pseudo,2023:Q3:pre_advance:pseudo,2023-10-31,pre_advance,A,2023:Q3,2.1994026395049926,,,not_available,4.8777,-2.6782973604950073,False,True,0,,,,,,,0,{},14,expanding,40,1965:Q3,,1,0.02
revision_dfm_kalman_em,pseudo,2023:Q3:pre_advance:pseudo,2023-10-31,pre_advance,A,2023:Q3,2.6723204933220237,2.9746493359023476,1.7247171756268758,model_implied_state_space,4.8777,-2.205379506677976,False,True,24,-1855.4847383093552,-3501.305124308884,-1855.4847383093552,0.175970535085753,9.477797114329766e-05,24.0,0,{},14,expanding,40,1965:Q3,,1,0.02
standard_dfm,pseudo,2023:Q3:pre_advance:pseudo,2023-10-31,pre_advance,A,2023:Q3,2.1994026395049926,,,not_available,4.8777,-2.6782973604950073,False,True,0,,,,,,,0,{},14,expanding,40,1965:Q3,,1,0.02
ar,exact,2023:Q3:pre_second:exact,2023-11-28,pre_second,S,2023:Q3,2.54002161309456,,,not_available,5.154,-2.61397838690544,False,True,0,,,,,,,0,{},14,expanding,40,1965:Q3,,1,0.02
bridge,exact,2023:Q3:pre_second:exact,2023-11-28,pre_second,S,2023:Q3,2.6154231874308147,,,not_available,5.154,-2.538576812569185,False,True,0,,,,,,,0,{},14,expanding,40,1965:Q3,,1,0.02
indicator_revision_only_dfm_kalman_em,exact,2023:Q3:pre_second:exact,2023-11-28,pre_second,S,2023:Q3,4.5614591928684165,0.3634495202044558,0.6028677468603341,model_implied_state_space,5.154,-0.5925408071315834,False,True,43,-3524.6482697977976,-5638.289938661599,-3524.6482697977976,0.31178518275146416,8.842561398591457e-05,43.0,0,{},14,expanding,40,1965:Q3,,1,0.02
joint_indicator_revision_dfm_full_kalman_em,exact,2023:Q3:pre_second:exact,2023-11-28,pre_second,S,2023:Q3,5.106628159931813,0.35971026532178935,0.5997585058352981,model_implied_state_space,5.154,-0.04737184006818662,False,True,46,-3497.6659216981234,-5650.894616496452,-3497.6659216981234,0.30058528401787044,8.590687662144136e-05,46.0,0,{},14,expanding,40,1965:Q3,,1,0.02
midas_umidas,exact,2023:Q3:pre_second:exact,2023-11-28,pre_second,S,2023:Q3,5.271294002966679,,,not_available,5.154,0.11729400296667869,False,True,0,,,,,,,0,{},14,expanding,40,1965:Q3,,1,0.02
monthly_mixed_frequency_kalman_em,exact,2023:Q3:pre_second:exact,2023-11-28,pre_second,S,2023:Q3,4.857717196523202,0.35312873698720865,0.5942463605165863,model_implied_state_space,5.154,-0.2962828034767977,False,True,28,-6291.491351685551,-8456.424228187041,-6291.491351685551,0.6106352707283804,9.703247651063735e-05,28.0,0,{},14,expanding,40,1965:Q3,,1,0.02
no_revision,exact,2023:Q3:pre_second:exact,2023-11-28,pre_second,S,2023:Q3,4.8777,,,not_available,5.154,-0.2763,False,True,0,,,,,,,0,{},14,expanding,40,1965:Q3,,1,0.02
release_dfm,exact,2023:Q3:pre_second:exact,2023-11-28,pre_second,S,2023:Q3,5.033606177917488,,,not_available,5.154,-0.12039382208251226,False,True,0,,,,,,,0,{},14,expanding,40,1965:Q3,,1,0.02
revision_dfm_kalman_em,exact,2023:Q3:pre_second:exact,2023-11-28,pre_second,S,2023:Q3,5.1170304554072,0.38614936960074636,0.6214091804928105,model_implied_state_space,5.154,-0.03696954459280022,False,True,32,-1856.5511274145845,-3478.4319713663003,-1856.5511274145845,0.177197160660171,9.538378583999131e-05,32.0,0,{},14,expanding,40,1965:Q3,,1,0.02
standard_dfm,exact,2023:Q3:pre_second:exact,2023-11-28,pre_second,S,2023:Q3,2.3161379949660077,,,not_available,5.154,-2.837862005033992,False,True,0,,,,,,,0,{},14,expanding,40,1965:Q3,,1,0.02
ar,pseudo,2023:Q3:pre_second:pseudo,2023-11-30,pre_second,S,2023:Q3,2.54002161309456,,,not_available,5.154,-2.61397838690544,False,True,0,,,,,,,0,{},14,expanding,40,1965:Q3,,1,0.02
bridge,pseudo,2023:Q3:pre_second:pseudo,2023-11-30,pre_second,S,2023:Q3,2.7068638396803695,,,not_available,5.154,-2.4471361603196304,False,True,0,,,,,,,0,{},14,expanding,40,1965:Q3,,1,0.02
indicator_revision_only_dfm_kalman_em,pseudo,2023:Q3:pre_second:pseudo,2023-11-30,pre_second,S,2023:Q3,4.561561766635899,0.36344695469029825,0.6028656190979034,model_implied_state_space,5.154,-0.592438233364101,False,True,43,-3524.65444718982,-5638.296189853368,-3524.65444718982,0.3115454225267058,8.835746662885011e-05,43.0,0,{},14,expanding,40,1965:Q3,,1,0.02
joint_indicator_revision_dfm_full_kalman_em,pseudo,2023:Q3:pre_second:pseudo,2023-11-30,pre_second,S,2023:Q3,5.106577628207311,0.3597170983993129,0.5997642023323106,model_implied_state_space,5.154,-0.047422371792689155,False,True,46,-3497.6691737598157,-5650.900853831562,-3497.6691737598157,0.2997326502263604,8.566313626773193e-05,46.0,0,{},14,expanding,40,1965:Q3,,1,0.02
midas_umidas,pseudo,2023:Q3:pre_second:pseudo,2023-11-30,pre_second,S,2023:Q3,5.266785689238887,,,not_available,5.154,0.11278568923888699,False,True,0,,,,,,,0,{},14,expanding,40,1965:Q3,,1,0.02
monthly_mixed_frequency_kalman_em,pseudo,2023:Q3:pre_second:pseudo,2023-11-30,pre_second,S,2023:Q3,4.857986858861848,0.3531236494765777,0.5942420798602012,model_implied_state_space,5.154,-0.29601314113815214,False,True,28,-6292.942281210414,-8457.769307520315,-6292.942281210414,0.6113785419856868,9.712818017500795e-05,28.0,0,{},14,expanding,40,1965:Q3,,1,0.02
no_revision,pseudo,2023:Q3:pre_second:pseudo,2023-11-30,pre_second,S,2023:Q3,4.8777,,,not_available,5.154,-0.2763,False,True,0,,,,,,,0,{},14,expanding,40,1965:Q3,,1,0.02
release_dfm,pseudo,2023:Q3:pre_second:pseudo,2023-11-30,pre_second,S,2023:Q3,5.03301591145204,,,not_available,5.154,-0.12098408854796006,False,True,0,,,,,,,0,{},14,expanding,40,1965:Q3,,1,0.02
revision_dfm_kalman_em,pseudo,2023:Q3:pre_second:pseudo,2023-11-30,pre_second,S,2023:Q3,5.116200335278215,0.38615262939786543,0.621411803394388,model_implied_state_space,5.154,-0.037799664721784865,False,True,32,-1856.535699364556,-3478.4370656488227,-1856.535699364556,0.1771429807970435,9.535541594975539e-05,32.0,0,{},14,expanding,40,1965:Q3,,1,0.02
standard_dfm,pseudo,2023:Q3:pre_second:pseudo,2023-11-30,pre_second,S,2023:Q3,2.3558421715670845,,,not_available,5.154,-2.7981578284329154,False,True,0,,,,,,,0,{},14,expanding,40,1965:Q3,,1,0.02
ar,exact,2023:Q3:pre_third:exact,2023-12-20,pre_third,T,2023:Q3,2.6095068723951225,,,not_available,4.8609,-2.2513931276048775,False,True,0,,,,,,,0,{},14,expanding,40,1965:Q3,,1,0.02
bridge,exact,2023:Q3:pre_third:exact,2023-12-20,pre_third,T,2023:Q3,2.8354635402950414,,,not_available,4.8609,-2.0254364597049586,False,True,0,,,,,,,0,{},14,expanding,40,1965:Q3,,1,0.02
indicator_revision_only_dfm_kalman_em,exact,2023:Q3:pre_third:exact,2023-12-20,pre_third,T,2023:Q3,5.131186801596539,0.14315920384125197,0.37836385112911086,model_implied_state_space,4.8609,0.27028680159653895,False,False,50,-3576.3603731704234,-5662.817026066544,-3576.3603731704234,2.552924160801922,0.0007131245783815744,51.0,0,{},14,expanding,40,1965:Q3,,1,0.02
joint_indicator_revision_dfm_full_kalman_em,exact,2023:Q3:pre_third:exact,2023-12-20,pre_third,T,2023:Q3,5.1678180579297806,0.14052393022800194,0.37486521608172974,model_implied_state_space,4.8609,0.30691805792978055,False,False,50,-3554.304293250946,-5676.87046946162,-3554.304293250946,1.6469336664708862,0.00046301834391420055,51.0,0,{},14,expanding,40,1965:Q3,,1,0.02
midas_umidas,exact,2023:Q3:pre_third:exact,2023-12-20,pre_third,T,2023:Q3,5.209887251730508,,,not_available,4.8609,0.3489872517305077,False,True,0,,,,,,,0,{},14,expanding,40,1965:Q3,,1,0.02
monthly_mixed_frequency_kalman_em,exact,2023:Q3:pre_third:exact,2023-12-20,pre_third,T,2023:Q3,5.237394788256574,0.1456353512666994,0.3816220005014116,model_implied_state_space,4.8609,0.3764947882565739,False,True,28,-6306.918384741928,-8475.495049639872,-6306.918384741928,0.6137044809738654,9.728166113671347e-05,28.0,0,{},14,expanding,40,1965:Q3,,1,0.02
no_revision,exact,2023:Q3:pre_third:exact,2023-12-20,pre_third,T,2023:Q3,5.154,,,not_available,4.8609,0.2930999999999999,False,True,0,,,,,,,0,{},14,expanding,40,1965:Q3,,1,0.02
release_dfm,exact,2023:Q3:pre_third:exact,2023-12-20,pre_third,T,2023:Q3,5.22171801343444,,,not_available,4.8609,0.3608180134344403,False,True,0,,,,,,,0,{},14,expanding,40,1965:Q3,,1,0.02
revision_dfm_kalman_em,exact,2023:Q3:pre_third:exact,2023-12-20,pre_third,T,2023:Q3,5.162448649230495,0.14168504792511963,0.3764107436366816,model_implied_state_space,4.8609,0.3015486492304946,False,True,24,-1855.8563042126082,-3503.952802667546,-1855.8563042126082,0.17588947321360138,9.471536024612338e-05,24.0,0,{},14,expanding,40,1965:Q3,,1,0.02
standard_dfm,exact,2023:Q3:pre_third:exact,2023-12-20,pre_third,T,2023:Q3,2.379173273087472,,,not_available,4.8609,-2.481726726912528,False,True,0,,,,,,,0,{},14,expanding,40,1965:Q3,,1,0.02
ar,pseudo,2023:Q3:pre_third:pseudo,2023-12-31,pre_third,T,2023:Q3,2.6095068723951225,,,not_available,4.8609,-2.2513931276048775,False,True,0,,,,,,,0,{},14,expanding,40,1965:Q3,,1,0.02
bridge,pseudo,2023:Q3:pre_third:pseudo,2023-12-31,pre_third,T,2023:Q3,2.7892138435529756,,,not_available,4.8609,-2.0716861564470244,False,True,0,,,,,,,0,{},14,expanding,40,1965:Q3,,1,0.02
indicator_revision_only_dfm_kalman_em,pseudo,2023:Q3:pre_third:pseudo,2023-12-31,pre_third,T,2023:Q3,5.131184319940953,0.14315910899858778,0.3783637257964719,model_implied_state_space,4.8609,0.27028431994095303,False,False,50,-3576.3369580924814,-5662.816958816287,-3576.3369580924814,2.5517723162847687,0.0007128077179073096,51.0,0,{},14,expanding,40,1965:Q3,,1,0.02
joint_indicator_revision_dfm_full_kalman_em,pseudo,2023:Q3:pre_third:pseudo,2023-12-31,pre_third,T,2023:Q3,5.167825950081957,0.14052400882365498,0.3748653209135982,model_implied_state_space,4.8609,0.3069259500819568,False,False,50,-3554.277925482597,-5676.870398267447,-3554.277925482597,1.647375364256277,0.0004631458984713737,51.0,0,{},14,expanding,40,1965:Q3,,1,0.02
midas_umidas,pseudo,2023:Q3:pre_third:pseudo,2023-12-31,pre_third,T,2023:Q3,5.221131687881236,,,not_available,4.8609,0.36023168788123616,False,True,0,,,,,,,0,{},14,expanding,40,1965:Q3,,1,0.02
monthly_mixed_frequency_kalman_em,pseudo,2023:Q3:pre_third:pseudo,2023-12-31,pre_third,T,2023:Q3,5.237348385488698,0.1456371446802226,0.3816243502191947,model_implied_state_space,4.8609,0.37644838548869775,False,True,28,-6309.728050092607,-8478.252957242057,-6309.728050092607,0.6142632677838264,9.732688187162677e-05,28.0,0,{},14,expanding,40,1965:Q3,,1,0.02
no_revision,pseudo,2023:Q3:pre_third:pseudo,2023-12-31,pre_third,T,2023:Q3,5.154,,,not_available,4.8609,0.2930999999999999,False,True,0,,,,,,,0,{},14,expanding,40,1965:Q3,,1,0.02
release_dfm,pseudo,2023:Q3:pre_third:pseudo,2023-12-31,pre_third,T,2023:Q3,5.221872447332197,,,not_available,4.8609,0.36097244733219735,False,True,0,,,,,,,0,{},14,expanding,40,1965:Q3,,1,0.02
revision_dfm_kalman_em,pseudo,2023:Q3:pre_third:pseudo,2023-12-31,pre_third,T,2023:Q3,5.162468912923321,0.14168502028136457,0.3764107069164805,model_implied_state_space,4.8609,0.30156891292332144,False,True,24,-1855.8610128998534,-3503.9519604138227,-1855.8610128998534,0.17588986759892578,9.471533243997769e-05,24.0,0,{},14,expanding,40,1965:Q3,,1,0.02
standard_dfm,pseudo,2023:Q3:pre_third:pseudo,2023-12-31,pre_third,T,2023:Q3,2.361136892922804,,,not_available,4.8609,-2.499763107077196,False,True,0,,,,,,,0,{},14,expanding,40,1965:Q3,,1,0.02
ar,exact,2023:Q4:pre_advance:exact,2024-01-24,pre_advance,A,2023:Q4,2.581299805571821,,,not_available,3.28,-0.698700194428179,False,True,0,,,,,,,0,{},14,expanding,40,1965:Q3,,1,0.02
bridge,exact,2023:Q4:pre_advance:exact,2024-01-24,pre_advance,A,2023:Q4,0.6644463382797698,,,not_available,3.28,-2.61555366172023,False,True,0,,,,,,,0,{},14,expanding,40,1965:Q3,,1,0.02
indicator_revision_only_dfm_kalman_em,exact,2023:Q4:pre_advance:exact,2024-01-24,pre_advance,A,2023:Q4,2.415293036628155,4.259535297911835,2.0638641665361206,model_implied_state_space,3.28,-0.8647069633718449,False,False,50,-3604.3530158827166,-5701.499566468953,-3604.3530158827166,2.0689131826525227,0.0005735157193515614,51.0,0,{},14,expanding,40,1965:Q3,,1,0.02
joint_indicator_revision_dfm_full_kalman_em,exact,2023:Q4:pre_advance:exact,2024-01-24,pre_advance,A,2023:Q4,2.0091099821801732,2.905032179078839,1.70441549484826,model_implied_state_space,3.28,-1.2708900178198266,False,False,50,-3579.7399390180913,-5715.506349704514,-3579.7399390180913,1.490087735936413,0.0004159665138217349,51.0,0,{},14,expanding,40,1965:Q3,,1,0.02
midas_umidas,exact,2023:Q4:pre_advance:exact,2024-01-24,pre_advance,A,2023:Q4,2.274614173385779,,,not_available,3.28,-1.0053858266142206,False,True,0,,,,,,,0,{},14,expanding,40,1965:Q3,,1,0.02
monthly_mixed_frequency_kalman_em,exact,2023:Q4:pre_advance:exact,2024-01-24,pre_advance,A,2023:Q4,0.4156012665671307,4.348259817846876,2.085248142990871,model_implied_state_space,3.28,-2.864398733432869,False,True,28,-6318.979471072895,-8462.522423059914,-6318.979471072895,0.5691164458994535,9.004225472189066e-05,28.0,0,{},14,expanding,40,1965:Q3,,1,0.02
no_revision,exact,2023:Q4:pre_advance:exact,2024-01-24,pre_advance,A,2023:Q4,2.4491677252376145,,,not_available,3.28,-0.8308322747623853,False,True,0,,,,,,,0,{},14,expanding,40,1965:Q3,,1,0.02
release_dfm,exact,2023:Q4:pre_advance:exact,2024-01-24,pre_advance,A,2023:Q4,1.798207053471892,,,not_available,3.28,-1.481792946528108,False,True,0,,,,,,,0,{},14,expanding,40,1965:Q3,,1,0.02
revision_dfm_kalman_em,exact,2023:Q4:pre_advance:exact,2024-01-24,pre_advance,A,2023:Q4,0.7711499971825742,2.964984414382154,1.7219130101088598,model_implied_state_space,3.28,-2.5088500028174257,False,True,32,-1871.8249613635512,-3500.632488078102,-1871.8249613635512,0.17626328543178715,9.410740533008484e-05,32.0,0,{},14,expanding,40,1965:Q3,,1,0.02
standard_dfm,exact,2023:Q4:pre_advance:exact,2024-01-24,pre_advance,A,2023:Q4,1.798207053471892,,,not_available,3.28,-1.481792946528108,False,True,0,,,,,,,0,{},14,expanding,40,1965:Q3,,1,0.02
ar,pseudo,2023:Q4:pre_advance:pseudo,2024-01-31,pre_advance,A,2023:Q4,2.581299805571821,,,not_available,3.28,-0.698700194428179,False,True,0,,,,,,,0,{},14,expanding,40,1965:Q3,,1,0.02
bridge,pseudo,2023:Q4:pre_advance:pseudo,2024-01-31,pre_advance,A,2023:Q4,0.8011074897944586,,,not_available,3.28,-2.478892510205541,False,True,0,,,,,,,0,{},14,expanding,40,1965:Q3,,1,0.02
indicator_revision_only_dfm_kalman_em,pseudo,2023:Q4:pre_advance:pseudo,2024-01-31,pre_advance,A,2023:Q4,2.42399203022118,4.271314701484224,2.066715921815145,model_implied_state_space,3.28,-0.8560079697788199,False,False,50,-3603.6746128472046,-5701.496701666063,-3603.6746128472046,1.9186230951841026,0.0005319765689303673,51.0,0,{},14,expanding,40,1965:Q3,,1,0.02
joint_indicator_revision_dfm_full_kalman_em,pseudo,2023:Q4:pre_advance:pseudo,2024-01-31,pre_advance,A,2023:Q4,2.0125190517974714,2.9327088639669068,1.712515361673263,model_implied_state_space,3.28,-1.2674809482025284,False,False,50,-3578.4320441987406,-5715.503495988041,-3578.4320441987406,1.3671821227212604,0.0003818092097070073,51.0,0,{},14,expanding,40,1965:Q3,,1,0.02
midas_umidas,pseudo,2023:Q4:pre_advance:pseudo,2024-01-31,pre_advance,A,2023:Q4,2.1300973541114523,,,not_available,3.28,-1.1499026458885475,False,True,0,,,,,,,0,{},14,expanding,40,1965:Q3,,1,0.02
monthly_mixed_frequency_kalman_em,pseudo,2023:Q4:pre_advance:pseudo,2024-01-31,pre_advance,A,2023:Q4,0.416057345933289,4.348126073691428,2.0852160736219707,model_implied_state_space,3.28,-2.863942654066711,False,True,28,-6321.663354127863,-8465.217100073798,-6321.663354127863,0.5692953094157929,9.003232064637949e-05,28.0,0,{},14,expanding,40,1965:Q3,,1,0.02
no_revision,pseudo,2023:Q4:pre_advance:pseudo,2024-01-31,pre_advance,A,2023:Q4,2.4491677252376145,,,not_available,3.28,-0.8308322747623853,False,True,0,,,,,,,0,{},14,expanding,40,1965:Q3,,1,0.02
release_dfm,pseudo,2023:Q4:pre_advance:pseudo,2024-01-31,pre_advance,A,2023:Q4,1.9425725996833112,,,not_available,3.28,-1.3374274003166886,False,True,0,,,,,,,0,{},14,expanding,40,1965:Q3,,1,0.02
revision_dfm_kalman_em,pseudo,2023:Q4:pre_advance:pseudo,2024-01-31,pre_advance,A,2023:Q4,0.8246752850196111,2.9629417720678677,1.7213197762379504,model_implied_state_space,3.28,-2.4553247149803887,False,True,32,-1872.089768074698,-3500.660794143593,-1872.089768074698,0.1776312360771044,9.482428196981363e-05,32.0,0,{},14,expanding,40,1965:Q3,,1,0.02
standard_dfm,pseudo,2023:Q4:pre_advance:pseudo,2024-01-31,pre_advance,A,2023:Q4,1.9425725996833112,,,not_available,3.28,-1.3374274003166886,False,True,0,,,,,,,0,{},14,expanding,40,1965:Q3,,1,0.02
ar,exact,2023:Q4:pre_second:exact,2024-02-27,pre_second,S,2023:Q4,2.7150987281081442,,,not_available,3.209,-0.49390127189185584,False,True,0,,,,,,,0,{},14,expanding,40,1965:Q3,,1,0.02
bridge,exact,2023:Q4:pre_second:exact,2024-02-27,pre_second,S,2023:Q4,1.1074443719445055,,,not_available,3.209,-2.1015556280554946,False,True,0,,,,,,,0,{},14,expanding,40,1965:Q3,,1,0.02
indicator_revision_only_dfm_kalman_em,exact,2023:Q4:pre_second:exact,2024-02-27,pre_second,S,2023:Q4,3.20685429290356,0.3717652103622841,0.6097255205108969,model_implied_state_space,3.209,-0.0021457070964401304,False,False,50,-3603.696561989097,-5702.954468887621,-3603.696561989097,1.6870678084305837,0.00046780042879833623,51.0,0,{},14,expanding,40,1965:Q3,,1,0.02
joint_indicator_revision_dfm_full_kalman_em,exact,2023:Q4:pre_second:exact,2024-02-27,pre_second,S,2023:Q4,3.2288164086635955,0.35686831135306113,0.5973845590179421,model_implied_state_space,3.209,0.019816408663595464,False,False,50,-3577.666285598098,-5717.055329401345,-3577.666285598098,1.0591178562845016,0.0002958656703842335,51.0,0,{},14,expanding,40,1965:Q3,,1,0.02
midas_umidas,exact,2023:Q4:pre_second:exact,2024-02-27,pre_second,S,2023:Q4,4.010066947399174,,,not_available,3.209,0.8010669473991743,False,True,0,,,,,,,0,{},14,expanding,40,1965:Q3,,1,0.02
monthly_mixed_frequency_kalman_em,exact,2023:Q4:pre_second:exact,2024-02-27,pre_second,S,2023:Q4,3.1843634705044037,0.3516436933322253,0.5929955255583513,model_implied_state_space,3.209,-0.02463652949559636,False,True,28,-6344.488931395791,-8520.390760672188,-6344.488931395791,0.5718727997145834,9.01146108364589e-05,28.0,0,{},14,expanding,40,1965:Q3,,1,0.02
no_revision,exact,2023:Q4:pre_second:exact,2024-02-27,pre_second,S,2023:Q4,3.28,,,not_available,3.209,0.07099999999999973,False,True,0,,,,,,,0,{},14,expanding,40,1965:Q3,,1,0.02
release_dfm,exact,2023:Q4:pre_second:exact,2024-02-27,pre_second,S,2023:Q4,3.413141272725086,,,not_available,3.209,0.20414127272508598,False,True,0,,,,,,,0,{},14,expanding,40,1965:Q3,,1,0.02
revision_dfm_kalman_em,exact,2023:Q4:pre_second:exact,2024-02-27,pre_second,S,2023:Q4,3.3375125492948055,0.38519266077681236,0.6206389133601053,model_implied_state_space,3.209,0.12851254929480538,False,True,24,-1874.1368304037799,-3526.556312628756,-1874.1368304037799,0.17514497659658446,9.339511446411958e-05,24.0,0,{},14,expanding,40,1965:Q3,,1,0.02
standard_dfm,exact,2023:Q4:pre_second:exact,2024-02-27,pre_second,S,2023:Q4,2.1365892858666533,,,not_available,3.209,-1.0724107141333468,False,True,0,,,,,,,0,{},14,expanding,40,1965:Q3,,1,0.02
ar,pseudo,2023:Q4:pre_second:pseudo,2024-02-29,pre_second,S,2023:Q4,2.7150987281081442,,,not_available,3.209,-0.49390127189185584,False,True,0,,,,,,,0,{},14,expanding,40,1965:Q3,,1,0.02
bridge,pseudo,2023:Q4:pre_second:pseudo,2024-02-29,pre_second,S,2023:Q4,1.0648157849124824,,,not_available,3.209,-2.1441842150875177,False,True,0,,,,,,,0,{},14,expanding,40,1965:Q3,,1,0.02
indicator_revision_only_dfm_kalman_em,pseudo,2023:Q4:pre_second:pseudo,2024-02-29,pre_second,S,2023:Q4,3.2067705922565417,0.3717618598881532,0.6097227729781406,model_implied_state_space,3.209,-0.002229407743458367,False,False,50,-3603.713633117236,-5702.947530285976,-3603.713633117236,1.690865568672507,0.00046885078179350644,51.0,0,{},14,expanding,40,1965:Q3,,1,0.02
joint_indicator_revision_dfm_full_kalman_em,pseudo,2023:Q4:pre_second:pseudo,2024-02-29,pre_second,S,2023:Q4,3.2289915796283077,0.35687372000282336,0.5973890859421717,model_implied_state_space,3.209,0.019991579628307665,False,False,50,-3577.6977424466277,-5717.048420440034,-3577.6977424466277,1.064577332850149,0.00029738771397418634,51.0,0,{},14,expanding,40,1965:Q3,,1,0.02
midas_umidas,pseudo,2023:Q4:pre_second:pseudo,2024-02-29,pre_second,S,2023:Q4,4.107206546015781,,,not_available,3.209,0.8982065460157806,False,True,0,,,,,,,0,{},14,expanding,40,1965:Q3,,1,0.02
monthly_mixed_frequency_kalman_em,pseudo,2023:Q4:pre_second:pseudo,2024-02-29,pre_second,S,2023:Q4,3.1843609381689393,0.35164201504750914,0.5929941104661236,model_implied_state_space,3.209,-0.024639061831060793,False,True,28,-6345.7635856613815,-8521.75059055591,-6345.7635856613815,0.5719973270161063,9.011613133377193e-05,28.0,0,{},14,expanding,40,1965:Q3,,1,0.02
no_revision,pseudo,2023:Q4:pre_second:pseudo,2024-02-29,pre_second,S,2023:Q4,3.28,,,not_available,3.209,0.07099999999999973,False,True,0,,,,,,,0,{},14,expanding,40,1965:Q3,,1,0.02
release_dfm,pseudo,2023:Q4:pre_second:pseudo,2024-02-29,pre_second,S,2023:Q4,3.413409569313669,,,not_available,3.209,0.20440956931366872,False,True,0,,,,,,,0,{},14,expanding,40,1965:Q3,,1,0.02
revision_dfm_kalman_em,pseudo,2023:Q4:pre_second:pseudo,2024-02-29,pre_second,S,2023:Q4,3.338268076108236,0.38519190115648855,0.620638301393403,model_implied_state_space,3.209,0.12926807610823587,False,True,24,-1874.1092960711314,-3526.554350137769,-1874.1092960711314,0.17513510109620256,9.339122011839388e-05,24.0,0,{},14,expanding,40,1965:Q3,,1,0.02
standard_dfm,pseudo,2023:Q4:pre_second:pseudo,2024-02-29,pre_second,S,2023:Q4,2.1179442951464824,,,not_available,3.209,-1.0910557048535177,False,True,0,,,,,,,0,{},14,expanding,40,1965:Q3,,1,0.02
ar,exact,2023:Q4:pre_third:exact,2024-03-27,pre_third,T,2023:Q4,2.7608681404490913,,,not_available,3.3967,-0.6358318595509087,False,True,0,,,,,,,0,{},14,expanding,40,1965:Q3,,1,0.02
bridge,exact,2023:Q4:pre_third:exact,2024-03-27,pre_third,T,2023:Q4,1.3525222826631829,,,not_available,3.3967,-2.044177717336817,False,True,0,,,,,,,0,{},14,expanding,40,1965:Q3,,1,0.02
indicator_revision_only_dfm_kalman_em,exact,2023:Q4:pre_third:exact,2024-03-27,pre_third,T,2023:Q4,3.208922916439798,0.14285818413597087,0.37796585048912934,model_implied_state_space,3.3967,-0.18777708356020195,False,False,50,-3603.014275126352,-5704.146598432548,-3603.014275126352,1.702188055777242,0.0004720803959929287,51.0,0,{},14,expanding,40,1965:Q3,,1,0.02
joint_indicator_revision_dfm_full_kalman_em,exact,2023:Q4:pre_third:exact,2024-03-27,pre_third,T,2023:Q4,3.210484961978316,0.14037869542458153,0.3746714499726147,model_implied_state_space,3.3967,-0.18621503802168426,False,False,50,-3577.035213175157,-5718.217625491192,-3577.035213175157,1.0779371137937233,0.0003011743603877678,51.0,0,{},14,expanding,40,1965:Q3,,1,0.02
midas_umidas,exact,2023:Q4:pre_third:exact,2024-03-27,pre_third,T,2023:Q4,3.848327258281918,,,not_available,3.3967,0.45162725828191785,False,True,0,,,,,,,0,{},14,expanding,40,1965:Q3,,1,0.02
monthly_mixed_frequency_kalman_em,exact,2023:Q4:pre_third:exact,2024-03-27,pre_third,T,2023:Q4,3.2078443715490095,0.14558759951287534,0.381559431167512,model_implied_state_space,3.3967,-0.18885562845099058,False,True,28,-6360.223604631262,-8540.59531715869,-6360.223604631262,0.5716325804160078,8.985397346214331e-05,28.0,0,{},14,expanding,40,1965:Q3,,1,0.02
no_revision,exact,2023:Q4:pre_third:exact,2024-03-27,pre_third,T,2023:Q4,3.209,,,not_available,3.3967,-0.18769999999999998,False,True,0,,,,,,,0,{},14,expanding,40,1965:Q3,,1,0.02
release_dfm,exact,2023:Q4:pre_third:exact,2024-03-27,pre_third,T,2023:Q4,3.3238934855707387,,,not_available,3.3967,-0.07280651442926134,False,True,0,,,,,,,0,{},14,expanding,40,1965:Q3,,1,0.02
revision_dfm_kalman_em,exact,2023:Q4:pre_third:exact,2024-03-27,pre_third,T,2023:Q4,3.2208151916530947,0.14148474601261415,0.37614458126179906,model_implied_state_space,3.3967,-0.17588480834690534,False,True,24,-1873.242250626572,-3527.7934448436586,-1873.242250626572,0.17612179533739436,9.396077094028367e-05,24.0,0,{},14,expanding,40,1965:Q3,,1,0.02
standard_dfm,exact,2023:Q4:pre_third:exact,2024-03-27,pre_third,T,2023:Q4,2.25438636365078,,,not_available,3.3967,-1.1423136363492201,False,True,0,,,,,,,0,{},14,expanding,40,1965:Q3,,1,0.02
ar,pseudo,2023:Q4:pre_third:pseudo,2024-03-31,pre_third,T,2023:Q4,2.7608681404490913,,,not_available,3.3967,-0.6358318595509087,False,True,0,,,,,,,0,{},14,expanding,40,1965:Q3,,1,0.02
bridge,pseudo,2023:Q4:pre_third:pseudo,2024-03-31,pre_third,T,2023:Q4,1.342296997625039,,,not_available,3.3967,-2.0544030023749613,False,True,0,,,,,,,0,{},14,expanding,40,1965:Q3,,1,0.02
indicator_revision_only_dfm_kalman_em,pseudo,2023:Q4:pre_third:pseudo,2024-03-31,pre_third,T,2023:Q4,3.208922583708738,0.1428581966846247,0.3779658670893771,model_implied_state_space,3.3967,-0.187777416291262,False,False,50,-3603.0142116790207,-5704.144838424497,-3603.0142116790207,1.7026572108261462,0.0004722104570984721,51.0,0,{},14,expanding,40,1965:Q3,,1,0.02
joint_indicator_revision_dfm_full_kalman_em,pseudo,2023:Q4:pre_third:pseudo,2024-03-31,pre_third,T,2023:Q4,3.2104861882180775,0.14037865978383832,0.3746714024099495,model_implied_state_space,3.3967,-0.18621381178192253,False,False,50,-3577.037160899261,-5718.2158652186845,-3577.037160899261,1.078693175240005,0.00030138537538873186,51.0,0,{},14,expanding,40,1965:Q3,,1,0.02
midas_umidas,pseudo,2023:Q4:pre_third:pseudo,2024-03-31,pre_third,T,2023:Q4,3.8457505578476776,,,not_available,3.3967,0.44905055784767756,False,True,0,,,,,,,0,{},14,expanding,40,1965:Q3,,1,0.02
monthly_mixed_frequency_kalman_em,pseudo,2023:Q4:pre_third:pseudo,2024-03-31,pre_third,T,2023:Q4,3.207815509587708,0.14558732872815344,0.3815590763278387,model_implied_state_space,3.3967,-0.18888449041229194,False,True,28,-6361.4504406304995,-8541.948659657683,-6361.4504406304995,0.5715969857183154,8.98310554857756e-05,28.0,0,{},14,expanding,40,1965:Q3,,1,0.02
no_revision,pseudo,2023:Q4:pre_third:pseudo,2024-03-31,pre_third,T,2023:Q4,3.209,,,not_available,3.3967,-0.18769999999999998,False,True,0,,,,,,,0,{},14,expanding,40,1965:Q3,,1,0.02
release_dfm,pseudo,2023:Q4:pre_third:pseudo,2024-03-31,pre_third,T,2023:Q4,3.3239251454351817,,,not_available,3.3967,-0.07277485456481836,False,True,0,,,,,,,0,{},14,expanding,40,1965:Q3,,1,0.02
revision_dfm_kalman_em,pseudo,2023:Q4:pre_third:pseudo,2024-03-31,pre_third,T,2023:Q4,3.220819457069818,0.1414847390749869,0.37614457203977686,model_implied_state_space,3.3967,-0.17588054293018196,False,True,24,-1873.2376860581464,-3527.792431439552,-1873.2376860581464,0.17612027720201695,9.396018990403635e-05,24.0,0,{},14,expanding,40,1965:Q3,,1,0.02
standard_dfm,pseudo,2023:Q4:pre_third:pseudo,2024-03-31,pre_third,T,2023:Q4,2.2504511867487,,,not_available,3.3967,-1.1462488132513,False,True,0,,,,,,,0,{},14,expanding,40,1965:Q3,,1,0.02
ar,exact,2024:Q1:pre_advance:exact,2024-04-24,pre_advance,A,2024:Q1,2.5220660619756323,,,not_available,1.5897,0.9323660619756324,False,True,0,,,,,,,0,{},14,expanding,40,1965:Q3,,1,0.02
bridge,exact,2024:Q1:pre_advance:exact,2024-04-24,pre_advance,A,2024:Q1,1.3003401037625855,,,not_available,1.5897,-0.2893598962374144,False,True,0,,,,,,,0,{},14,expanding,40,1965:Q3,,1,0.02
indicator_revision_only_dfm_kalman_em,exact,2024:Q1:pre_advance:exact,2024-04-24,pre_advance,A,2024:Q1,1.5383905511824003,3.2785549400434504,1.8106780332360168,model_implied_state_space,1.5897,-0.05130944881759958,False,True,41,-3586.2476549902653,-5718.728277534563,-3586.2476549902653,0.3398133348728152,9.471917768501313e-05,41.0,0,{},14,expanding,40,1965:Q3,,1,0.02
joint_indicator_revision_dfm_full_kalman_em,exact,2024:Q1:pre_advance:exact,2024-04-24,pre_advance,A,2024:Q1,1.519198244492417,2.511426348512493,1.584748039441126,model_implied_state_space,1.5897,-0.07050175550758286,False,True,43,-3558.7288342797833,-5731.330312792942,-3558.7288342797833,0.31587143441174703,8.872681680225664e-05,43.0,0,{},14,expanding,40,1965:Q3,,1,0.02
midas_umidas,exact,2024:Q1:pre_advance:exact,2024-04-24,pre_advance,A,2024:Q1,-1.1901251250953742,,,not_available,1.5897,-2.779825125095374,False,True,0,,,,,,,0,{},14,expanding,40,1965:Q3,,1,0.02
monthly_mixed_frequency_kalman_em,exact,2024:Q1:pre_advance:exact,2024-04-24,pre_advance,A,2024:Q1,0.5585537155636495,4.386101357625438,2.0943021170846956,model_implied_state_space,1.5897,-1.0311462844363504,False,True,27,-6371.860420772807,-8528.013797623415,-6371.860420772807,0.6012496068542532,9.43364278236002e-05,27.0,0,{},14,expanding,40,1965:Q3,,1,0.02
no_revision,exact,2024:Q1:pre_advance:exact,2024-04-24,pre_advance,A,2024:Q1,2.676662735671639,,,not_available,1.5897,1.0869627356716391,False,True,0,,,,,,,0,{},14,expanding,40,1965:Q3,,1,0.02
release_dfm,exact,2024:Q1:pre_advance:exact,2024-04-24,pre_advance,A,2024:Q1,0.9518081262210567,,,not_available,1.5897,-0.6378918737789432,False,True,0,,,,,,,0,{},14,expanding,40,1965:Q3,,1,0.02
revision_dfm_kalman_em,exact,2024:Q1:pre_advance:exact,2024-04-24,pre_advance,A,2024:Q1,1.345384215714352,3.017141886585841,1.736992195315178,model_implied_state_space,1.5897,-0.24431578428564782,False,True,24,-1888.798214445915,-3548.525876090966,-1888.798214445915,0.17603494889226567,9.314145361961107e-05,24.0,0,{},14,expanding,40,1965:Q3,,1,0.02
standard_dfm,exact,2024:Q1:pre_advance:exact,2024-04-24,pre_advance,A,2024:Q1,0.9518081262210567,,,not_available,1.5897,-0.6378918737789432,False,True,0,,,,,,,0,{},14,expanding,40,1965:Q3,,1,0.02
ar,pseudo,2024:Q1:pre_advance:pseudo,2024-04-30,pre_advance,A,2024:Q1,2.5220660619756323,,,not_available,1.5897,0.9323660619756324,False,True,0,,,,,,,0,{},14,expanding,40,1965:Q3,,1,0.02
bridge,pseudo,2024:Q1:pre_advance:pseudo,2024-04-30,pre_advance,A,2024:Q1,1.3744444600071555,,,not_available,1.5897,-0.2152555399928444,False,True,0,,,,,,,0,{},14,expanding,40,1965:Q3,,1,0.02
indicator_revision_only_dfm_kalman_em,pseudo,2024:Q1:pre_advance:pseudo,2024-04-30,pre_advance,A,2024:Q1,1.5396022884391702,3.278317280943827,1.810612404945859,model_implied_state_space,1.5897,-0.05009771156082965,False,True,41,-3586.2439467290865,-5718.746653528502,-3586.2439467290865,0.3380367690615458,9.422412382948133e-05,41.0,0,{},14,expanding,40,1965:Q3,,1,0.02
joint_indicator_revision_dfm_full_kalman_em,pseudo,2024:Q1:pre_advance:pseudo,2024-04-30,pre_advance,A,2024:Q1,1.5202647292794225,2.5110257738592856,1.5846216500664396,model_implied_state_space,1.5897,-0.06943527072057742,False,True,43,-3558.723881873289,-5731.348683155707,-3558.723881873289,0.3139836062659924,8.819670411671233e-05,43.0,0,{},14,expanding,40,1965:Q3,,1,0.02
midas_umidas,pseudo,2024:Q1:pre_advance:pseudo,2024-04-30,pre_advance,A,2024:Q1,-1.173318520050758,,,not_available,1.5897,-2.7630185200507578,False,True,0,,,,,,,0,{},14,expanding,40,1965:Q3,,1,0.02
monthly_mixed_frequency_kalman_em,pseudo,2024:Q1:pre_advance:pseudo,2024-04-30,pre_advance,A,2024:Q1,0.559014172543788,4.3859414688820415,2.0942639444162814,model_implied_state_space,1.5897,-1.0306858274562118,False,True,27,-6373.227010955667,-8529.361581397401,-6373.227010955667,0.6015339866198701,9.436081023655452e-05,27.0,0,{},14,expanding,40,1965:Q3,,1,0.02
no_revision,pseudo,2024:Q1:pre_advance:pseudo,2024-04-30,pre_advance,A,2024:Q1,2.676662735671639,,,not_available,1.5897,1.0869627356716391,False,True,0,,,,,,,0,{},14,expanding,40,1965:Q3,,1,0.02
release_dfm,pseudo,2024:Q1:pre_advance:pseudo,2024-04-30,pre_advance,A,2024:Q1,0.9821911195128474,,,not_available,1.5897,-0.6075088804871525,False,True,0,,,,,,,0,{},14,expanding,40,1965:Q3,,1,0.02
revision_dfm_kalman_em,pseudo,2024:Q1:pre_advance:pseudo,2024-04-30,pre_advance,A,2024:Q1,1.3536709564885832,3.0170594266927444,1.7369684587501133,model_implied_state_space,1.5897,-0.23602904351141674,False,True,24,-1888.8284532277014,-3548.5377119978402,-1888.8284532277014,0.1760542224863002,9.315016011459975e-05,24.0,0,{},14,expanding,40,1965:Q3,,1,0.02
standard_dfm,pseudo,2024:Q1:pre_advance:pseudo,2024-04-30,pre_advance,A,2024:Q1,0.9821911195128474,,,not_available,1.5897,-0.6075088804871525,False,True,0,,,,,,,0,{},14,expanding,40,1965:Q3,,1,0.02
ar,exact,2024:Q1:pre_second:exact,2024-05-29,pre_second,S,2024:Q1,2.6145769497952154,,,not_available,1.2492,1.3653769497952153,False,True,0,,,,,,,0,{},14,expanding,40,1965:Q3,,1,0.02
bridge,exact,2024:Q1:pre_second:exact,2024-05-29,pre_second,S,2024:Q1,1.2073875171326245,,,not_available,1.2492,-0.0418124828673756,False,True,0,,,,,,,0,{},14,expanding,40,1965:Q3,,1,0.02
indicator_revision_only_dfm_kalman_em,exact,2024:Q1:pre_second:exact,2024-05-29,pre_second,S,2024:Q1,1.6554430213426792,0.36954902407200935,0.6079054400743666,model_implied_state_space,1.2492,0.4062430213426791,False,False,50,-3635.6583170948743,-5743.078535271407,-3635.6583170948743,2.3341439576033736,0.0006414258843856706,51.0,0,{},14,expanding,40,1965:Q3,,1,0.02
joint_indicator_revision_dfm_full_kalman_em,exact,2024:Q1:pre_second:exact,2024-05-29,pre_second,S,2024:Q1,1.567321603286217,0.35560135398081366,0.596323195910417,model_implied_state_space,1.2492,0.31812160328621686,False,False,50,-3611.640911567858,-5757.235790533682,-3611.640911567858,1.643910393402166,0.00045483698003360794,51.0,0,{},14,expanding,40,1965:Q3,,1,0.02
midas_umidas,exact,2024:Q1:pre_second:exact,2024-05-29,pre_second,S,2024:Q1,0.9009577331991223,,,not_available,1.2492,-0.3482422668008778,False,True,0,,,,,,,0,{},14,expanding,40,1965:Q3,,1,0.02
monthly_mixed_frequency_kalman_em,exact,2024:Q1:pre_second:exact,2024-05-29,pre_second,S,2024:Q1,1.591736796720489,0.34983679215394026,0.5914700264205619,model_implied_state_space,1.2492,0.34253679672048887,False,True,27,-6384.818480491491,-8548.453885205887,-6384.818480491491,0.5906406497861099,9.248399821910564e-05,27.0,0,{},14,expanding,40,1965:Q3,,1,0.02
no_revision,exact,2024:Q1:pre_second:exact,2024-05-29,pre_second,S,2024:Q1,1.5897,,,not_available,1.2492,0.3404999999999998,False,True,0,,,,,,,0,{},14,expanding,40,1965:Q3,,1,0.02
release_dfm,exact,2024:Q1:pre_second:exact,2024-05-29,pre_second,S,2024:Q1,1.7101908259815721,,,not_available,1.2492,0.46099082598157204,False,True,0,,,,,,,0,{},14,expanding,40,1965:Q3,,1,0.02
revision_dfm_kalman_em,exact,2024:Q1:pre_second:exact,2024-05-29,pre_second,S,2024:Q1,1.6083124106844116,0.38374735932542225,0.6194734532854674,model_implied_state_space,1.2492,0.35911241068441146,False,True,24,-1887.2202748495713,-3549.73248609418,-1887.2202748495713,0.17765767494574902,9.407851591335212e-05,24.0,0,{},14,expanding,40,1965:Q3,,1,0.02
standard_dfm,exact,2024:Q1:pre_second:exact,2024-05-29,pre_second,S,2024:Q1,1.0302091630185468,,,not_available,1.2492,-0.21899083698145327,False,True,0,,,,,,,0,{},14,expanding,40,1965:Q3,,1,0.02
ar,pseudo,2024:Q1:pre_second:pseudo,2024-05-31,pre_second,S,2024:Q1,2.6145769497952154,,,not_available,1.2492,1.3653769497952153,False,True,0,,,,,,,0,{},14,expanding,40,1965:Q3,,1,0.02
bridge,pseudo,2024:Q1:pre_second:pseudo,2024-05-31,pre_second,S,2024:Q1,1.0984701236340744,,,not_available,1.2492,-0.15072987636592572,False,True,0,,,,,,,0,{},14,expanding,40,1965:Q3,,1,0.02
indicator_revision_only_dfm_kalman_em,pseudo,2024:Q1:pre_second:pseudo,2024-05-31,pre_second,S,2024:Q1,1.655758636648843,0.3694949598092843,0.6078609707896077,model_implied_state_space,1.2492,0.40655863664884295,False,False,50,-3636.0399433370626,-5743.041289664926,-3636.0399433370626,2.3882704224297413,0.0006562213298782674,51.0,0,{},14,expanding,40,1965:Q3,,1,0.02
joint_indicator_revision_dfm_full_kalman_em,pseudo,2024:Q1:pre_second:pseudo,2024-05-31,pre_second,S,2024:Q1,1.5669674890088054,0.3556496653386538,0.5963637022309908,model_implied_state_space,1.2492,0.31776748900880536,False,False,50,-3612.248014302002,-5757.198447446083,-3612.248014302002,1.6650833076892013,0.0004606150307707849,51.0,0,{},14,expanding,40,1965:Q3,,1,0.02
midas_umidas,pseudo,2024:Q1:pre_second:pseudo,2024-05-31,pre_second,S,2024:Q1,0.8832494466028629,,,not_available,1.2492,-0.3659505533971372,False,True,0,,,,,,,0,{},14,expanding,40,1965:Q3,,1,0.02
monthly_mixed_frequency_kalman_em,pseudo,2024:Q1:pre_second:pseudo,2024-05-31,pre_second,S,2024:Q1,1.5915415691875376,0.3498361809828611,0.5914695097660243,model_implied_state_space,1.2492,0.34234156918753755,False,True,27,-6386.029155334892,-8549.767118078777,-6386.029155334892,0.5906133265116296,9.246219216260569e-05,27.0,0,{},14,expanding,40,1965:Q3,,1,0.02
no_revision,pseudo,2024:Q1:pre_second:pseudo,2024-05-31,pre_second,S,2024:Q1,1.5897,,,not_available,1.2492,0.3404999999999998,False,True,0,,,,,,,0,{},14,expanding,40,1965:Q3,,1,0.02
release_dfm,pseudo,2024:Q1:pre_second:pseudo,2024-05-31,pre_second,S,2024:Q1,1.7108470379010874,,,not_available,1.2492,0.4616470379010873,False,True,0,,,,,,,0,{},14,expanding,40,1965:Q3,,1,0.02
revision_dfm_kalman_em,pseudo,2024:Q1:pre_second:pseudo,2024-05-31,pre_second,S,2024:Q1,1.6067128350929412,0.3837401503631661,0.619467634637328,model_implied_state_space,1.2492,0.3575128350929411,False,True,24,-1887.0736481665294,-3549.689703135782,-1887.0736481665294,0.17754895615826172,9.402825028195949e-05,24.0,0,{},14,expanding,40,1965:Q3,,1,0.02
standard_dfm,pseudo,2024:Q1:pre_second:pseudo,2024-05-31,pre_second,S,2024:Q1,0.9836909315029738,,,not_available,1.2492,-0.26550906849702627,False,True,0,,,,,,,0,{},14,expanding,40,1965:Q3,,1,0.02
ar,exact,2024:Q1:pre_third:exact,2024-06-26,pre_third,T,2024:Q1,2.689824280806622,,,not_available,1.4095,1.2803242808066222,False,True,0,,,,,,,0,{},14,expanding,40,1965:Q3,,1,0.02
bridge,exact,2024:Q1:pre_third:exact,2024-06-26,pre_third,T,2024:Q1,0.9628169123955799,,,not_available,1.4095,-0.4466830876044201,False,True,0,,,,,,,0,{},14,expanding,40,1965:Q3,,1,0.02
indicator_revision_only_dfm_kalman_em,exact,2024:Q1:pre_third:exact,2024-06-26,pre_third,T,2024:Q1,1.2655899733828746,0.14275008178877494,0.37782281798321143,model_implied_state_space,1.4095,-0.14391002661712538,False,True,41,-3584.631121670603,-5720.681924438282,-3584.631121670603,0.32371939692211527,9.02742536561741e-05,41.0,0,{},14,expanding,40,1965:Q3,,1,0.02
joint_indicator_revision_dfm_full_kalman_em,exact,2024:Q1:pre_third:exact,2024-06-26,pre_third,T,2024:Q1,1.2637042530872593,0.139964465904395,0.3741182512313386,model_implied_state_space,1.4095,-0.14579574691274066,False,True,42,-3557.1292416548695,-5733.342675814601,-3557.1292416548695,0.3480011942760939,9.779497535790386e-05,42.0,0,{},14,expanding,40,1965:Q3,,1,0.02
midas_umidas,exact,2024:Q1:pre_third:exact,2024-06-26,pre_third,T,2024:Q1,1.1366414029402891,,,not_available,1.4095,-0.27285859705971083,False,True,0,,,,,,,0,{},14,expanding,40,1965:Q3,,1,0.02
monthly_mixed_frequency_kalman_em,exact,2024:Q1:pre_third:exact,2024-06-26,pre_third,T,2024:Q1,1.2486683688728135,0.1456148389049731,0.3815951243202317,model_implied_state_space,1.4095,-0.16083163112718646,False,True,27,-6407.2746132922275,-8602.270634484225,-6407.2746132922275,0.6296225439227783,9.824183990800938e-05,27.0,0,{},14,expanding,40,1965:Q3,,1,0.02
no_revision,exact,2024:Q1:pre_third:exact,2024-06-26,pre_third,T,2024:Q1,1.2492,,,not_available,1.4095,-0.1602999999999999,False,True,0,,,,,,,0,{},14,expanding,40,1965:Q3,,1,0.02
release_dfm,exact,2024:Q1:pre_third:exact,2024-06-26,pre_third,T,2024:Q1,1.4070537436460628,,,not_available,1.4095,-0.0024462563539371374,False,True,0,,,,,,,0,{},14,expanding,40,1965:Q3,,1,0.02
revision_dfm_kalman_em,exact,2024:Q1:pre_third:exact,2024-06-26,pre_third,T,2024:Q1,1.2668661585487246,0.14066739771229483,0.37505652602280476,model_implied_state_space,1.4095,-0.14263384145127533,False,True,31,-1886.8260029396004,-3526.4264598698633,-1886.8260029396004,0.17499408401999972,9.268749555528461e-05,31.0,0,{},14,expanding,40,1965:Q3,,1,0.02
standard_dfm,exact,2024:Q1:pre_third:exact,2024-06-26,pre_third,T,2024:Q1,0.9612338873467079,,,not_available,1.4095,-0.4482661126532921,False,True,0,,,,,,,0,{},14,expanding,40,1965:Q3,,1,0.02
ar,pseudo,2024:Q1:pre_third:pseudo,2024-06-30,pre_third,T,2024:Q1,2.689824280806622,,,not_available,1.4095,1.2803242808066222,False,True,0,,,,,,,0,{},14,expanding,40,1965:Q3,,1,0.02
bridge,pseudo,2024:Q1:pre_third:pseudo,2024-06-30,pre_third,T,2024:Q1,1.0068562620202313,,,not_available,1.4095,-0.4026437379797687,False,True,0,,,,,,,0,{},14,expanding,40,1965:Q3,,1,0.02
indicator_revision_only_dfm_kalman_em,pseudo,2024:Q1:pre_third:pseudo,2024-06-30,pre_third,T,2024:Q1,1.2655737174911483,0.14274909435698346,0.37782151124172836,model_implied_state_space,1.4095,-0.14392628250885164,False,True,41,-3584.9435485857807,-5720.523359582048,-3584.9435485857807,0.2866770640221148,7.99382766816569e-05,41.0,0,{},14,expanding,40,1965:Q3,,1,0.02
joint_indicator_revision_dfm_full_kalman_em,pseudo,2024:Q1:pre_third:pseudo,2024-06-30,pre_third,T,2024:Q1,1.2637821277112704,0.1399657870433789,0.3741200168974909,model_implied_state_space,1.4095,-0.14571787228872957,False,True,42,-3557.4753548715494,-5733.1853151631685,-3557.4753548715494,0.32312031900937654,9.079477842365739e-05,42.0,0,{},14,expanding,40,1965:Q3,,1,0.02
midas_umidas,pseudo,2024:Q1:pre_third:pseudo,2024-06-30,pre_third,T,2024:Q1,1.1192835902632852,,,not_available,1.4095,-0.2902164097367148,False,True,0,,,,,,,0,{},14,expanding,40,1965:Q3,,1,0.02
monthly_mixed_frequency_kalman_em,pseudo,2024:Q1:pre_third:pseudo,2024-06-30,pre_third,T,2024:Q1,1.2443138581985245,0.14509567105884083,0.38091425683326796,model_implied_state_space,1.4095,-0.1651861418014755,False,True,28,-6417.270320540206,-8604.989867849199,-6417.270320540206,0.577658904027885,8.99941712091927e-05,28.0,0,{},14,expanding,40,1965:Q3,,1,0.02
no_revision,pseudo,2024:Q1:pre_third:pseudo,2024-06-30,pre_third,T,2024:Q1,1.2492,,,not_available,1.4095,-0.1602999999999999,False,True,0,,,,,,,0,{},14,expanding,40,1965:Q3,,1,0.02
release_dfm,pseudo,2024:Q1:pre_third:pseudo,2024-06-30,pre_third,T,2024:Q1,1.4067548506062355,,,not_available,1.4095,-0.0027451493937644678,False,True,0,,,,,,,0,{},14,expanding,40,1965:Q3,,1,0.02
revision_dfm_kalman_em,pseudo,2024:Q1:pre_third:pseudo,2024-06-30,pre_third,T,2024:Q1,1.2668383005644988,0.140648918526944,0.37503189001329473,model_implied_state_space,1.4095,-0.14266169943550122,False,True,31,-1888.6301144291192,-3526.4281919147966,-1888.6301144291192,0.18327563099842337,9.698080877318427e-05,31.0,0,{},14,expanding,40,1965:Q3,,1,0.02
standard_dfm,pseudo,2024:Q1:pre_third:pseudo,2024-06-30,pre_third,T,2024:Q1,1.0026315453369026,,,not_available,1.4095,-0.4068684546630974,False,True,0,,,,,,,0,{},14,expanding,40,1965:Q3,,1,0.02
ar,exact,2024:Q2:pre_advance:exact,2024-07-24,pre_advance,A,2024:Q2,2.451373639880469,,,not_available,2.8401,-0.3887263601195312,False,True,0,,,,,,,0,{},14,expanding,40,1965:Q3,,1,0.02
bridge,exact,2024:Q2:pre_advance:exact,2024-07-24,pre_advance,A,2024:Q2,3.738552782258951,,,not_available,2.8401,0.8984527822589508,False,True,0,,,,,,,0,{},14,expanding,40,1965:Q3,,1,0.02
indicator_revision_only_dfm_kalman_em,exact,2024:Q2:pre_advance:exact,2024-07-24,pre_advance,A,2024:Q2,1.7290308358976625,4.232690771361938,2.057350425027768,model_implied_state_space,2.8401,-1.1110691641023376,False,False,50,-3666.195093218998,-5783.166484778874,-3666.195093218998,1.8001748405299622,0.0004906451791315733,51.0,0,{},14,expanding,40,1965:Q3,,1,0.02
joint_indicator_revision_dfm_full_kalman_em,exact,2024:Q2:pre_advance:exact,2024-07-24,pre_advance,A,2024:Q2,1.7048681193514053,2.9319590324734732,1.7122964207383817,model_implied_state_space,2.8401,-1.1352318806485948,False,False,50,-3640.350615281611,-5797.308336216951,-3640.350615281611,1.2372424332552328,0.0003396602859241402,51.0,0,{},14,expanding,40,1965:Q3,,1,0.02
midas_umidas,exact,2024:Q2:pre_advance:exact,2024-07-24,pre_advance,A,2024:Q2,3.240345773809154,,,not_available,2.8401,0.40024577380915405,False,True,0,,,,,,,0,{},14,expanding,40,1965:Q3,,1,0.02
monthly_mixed_frequency_kalman_em,exact,2024:Q2:pre_advance:exact,2024-07-24,pre_advance,A,2024:Q2,4.082071825656663,4.506653910650042,2.1228881060126654,model_implied_state_space,2.8401,1.241971825656663,False,True,28,-6432.485003640938,-8623.95459433819,-6432.485003640938,0.5828665911931239,9.059068119094848e-05,28.0,0,{},14,expanding,40,1965:Q3,,1,0.02
no_revision,exact,2024:Q2:pre_advance:exact,2024-07-24,pre_advance,A,2024:Q2,2.6093989715265433,,,not_available,2.8401,-0.23070102847345675,False,True,0,,,,,,,0,{},14,expanding,40,1965:Q3,,1,0.02
release_dfm,exact,2024:Q2:pre_advance:exact,2024-07-24,pre_advance,A,2024:Q2,2.985958546084464,,,not_available,2.8401,0.1458585460844639,False,True,0,,,,,,,0,{},14,expanding,40,1965:Q3,,1,0.02
revision_dfm_kalman_em,exact,2024:Q2:pre_advance:exact,2024-07-24,pre_advance,A,2024:Q2,4.13604743881985,2.952176827727911,1.718189985923533,model_implied_state_space,2.8401,1.2959474388198502,False,True,31,-1905.7507288616575,-3547.5302532725877,-1905.7507288616575,0.18864946550115747,9.892787764792403e-05,31.0,0,{},14,expanding,40,1965:Q3,,1,0.02
standard_dfm,exact,2024:Q2:pre_advance:exact,2024-07-24,pre_advance,A,2024:Q2,2.985958546084464,,,not_available,2.8401,0.1458585460844639,False,True,0,,,,,,,0,{},14,expanding,40,1965:Q3,,1,0.02
ar,pseudo,2024:Q2:pre_advance:pseudo,2024-07-31,pre_advance,A,2024:Q2,2.451373639880469,,,not_available,2.8401,-0.3887263601195312,False,True,0,,,,,,,0,{},14,expanding,40,1965:Q3,,1,0.02
bridge,pseudo,2024:Q2:pre_advance:pseudo,2024-07-31,pre_advance,A,2024:Q2,3.6838151673499047,,,not_available,2.8401,0.8437151673499046,False,True,0,,,,,,,0,{},14,expanding,40,1965:Q3,,1,0.02
indicator_revision_only_dfm_kalman_em,pseudo,2024:Q2:pre_advance:pseudo,2024-07-31,pre_advance,A,2024:Q2,1.6922308994780821,4.2463913786830645,2.0606774077188947,model_implied_state_space,2.8401,-1.147869100521918,False,False,50,-3665.097609116166,-5783.245981662437,-3665.097609116166,1.5779472132708179,0.00043023086121881716,51.0,0,{},14,expanding,40,1965:Q3,,1,0.02
joint_indicator_revision_dfm_full_kalman_em,pseudo,2024:Q2:pre_advance:pseudo,2024-07-31,pre_advance,A,2024:Q2,1.6451234174928335,2.9748292745083558,1.724769339508433,model_implied_state_space,2.8401,-1.1949765825071665,False,False,50,-3638.365322744903,-5797.387810710863,-3638.365322744903,0.8774410090895799,0.00024103914657184035,51.0,0,{},14,expanding,40,1965:Q3,,1,0.02
midas_umidas,pseudo,2024:Q2:pre_advance:pseudo,2024-07-31,pre_advance,A,2024:Q2,2.682241898689105,,,not_available,2.8401,-0.15785810131089528,False,True,0,,,,,,,0,{},14,expanding,40,1965:Q3,,1,0.02
monthly_mixed_frequency_kalman_em,pseudo,2024:Q2:pre_advance:pseudo,2024-07-31,pre_advance,A,2024:Q2,4.072834367638765,4.505708584166486,2.12266544329682,model_implied_state_space,2.8401,1.232734367638765,False,True,28,-6436.183268993662,-8626.915462086648,-6436.183268993662,0.585018450179632,9.087286526305182e-05,28.0,0,{},14,expanding,40,1965:Q3,,1,0.02
no_revision,pseudo,2024:Q2:pre_advance:pseudo,2024-07-31,pre_advance,A,2024:Q2,2.6093989715265433,,,not_available,2.8401,-0.23070102847345675,False,True,0,,,,,,,0,{},14,expanding,40,1965:Q3,,1,0.02
release_dfm,pseudo,2024:Q2:pre_advance:pseudo,2024-07-31,pre_advance,A,2024:Q2,2.758875494645379,,,not_available,2.8401,-0.081224505354621,False,True,0,,,,,,,0,{},14,expanding,40,1965:Q3,,1,0.02
revision_dfm_kalman_em,pseudo,2024:Q2:pre_advance:pseudo,2024-07-31,pre_advance,A,2024:Q2,4.037636457290801,2.948544344010406,1.7171325936020219,model_implied_state_space,2.8401,1.1975364572908007,False,True,31,-1906.1601283697394,-3547.5814390688583,-1906.1601283697394,0.19015055099339406,9.969356604020845e-05,31.0,0,{},14,expanding,40,1965:Q3,,1,0.02
standard_dfm,pseudo,2024:Q2:pre_advance:pseudo,2024-07-31,pre_advance,A,2024:Q2,2.758875494645379,,,not_available,2.8401,-0.081224505354621,False,True,0,,,,,,,0,{},14,expanding,40,1965:Q3,,1,0.02
ar,exact,2024:Q2:pre_second:exact,2024-08-28,pre_second,S,2024:Q2,2.5047589741330625,,,not_available,2.9514,-0.44664102586693755,False,True,0,,,,,,,0,{},14,expanding,40,1965:Q3,,1,0.02
bridge,exact,2024:Q2:pre_second:exact,2024-08-28,pre_second,S,2024:Q2,3.006406014473579,,,not_available,2.9514,0.05500601447357889,False,True,0,,,,,,,0,{},14,expanding,40,1965:Q3,,1,0.02
indicator_revision_only_dfm_kalman_em,exact,2024:Q2:pre_second:exact,2024-08-28,pre_second,S,2024:Q2,2.7418733996740876,0.36892458387094157,0.6073916231484771,model_implied_state_space,2.9514,-0.20952660032591242,False,False,50,-3664.9707441618125,-5784.221388762468,-3664.9707441618125,1.676702144747651,0.0004571601194755358,51.0,0,{},14,expanding,40,1965:Q3,,1,0.02
joint_indicator_revision_dfm_full_kalman_em,exact,2024:Q2:pre_second:exact,2024-08-28,pre_second,S,2024:Q2,3.1278003317356227,0.3536155586894399,0.594655832132705,model_implied_state_space,2.9514,0.17640033173562264,False,False,50,-3638.7375859231215,-5798.4604901964185,-3638.7375859231215,1.0476782840933083,0.000287761625051908,51.0,0,{},14,expanding,40,1965:Q3,,1,0.02
midas_umidas,exact,2024:Q2:pre_second:exact,2024-08-28,pre_second,S,2024:Q2,2.862498646417099,,,not_available,2.9514,-0.08890135358290108,False,True,0,,,,,,,0,{},14,expanding,40,1965:Q3,,1,0.02
monthly_mixed_frequency_kalman_em,exact,2024:Q2:pre_second:exact,2024-08-28,pre_second,S,2024:Q2,2.9920527897143634,0.3493432585882425,0.5910526698935066,model_implied_state_space,2.9514,0.04065278971436337,False,True,28,-6452.758313829933,-8646.172861549527,-6452.758313829933,0.5888316350774403,9.123023937303534e-05,28.0,0,{},14,expanding,40,1965:Q3,,1,0.02
no_revision,exact,2024:Q2:pre_second:exact,2024-08-28,pre_second,S,2024:Q2,2.8401,,,not_available,2.9514,-0.11129999999999995,False,True,0,,,,,,,0,{},14,expanding,40,1965:Q3,,1,0.02
release_dfm,exact,2024:Q2:pre_second:exact,2024-08-28,pre_second,S,2024:Q2,2.9572862383658665,,,not_available,2.9514,0.005886238365866436,False,True,0,,,,,,,0,{},14,expanding,40,1965:Q3,,1,0.02
revision_dfm_kalman_em,exact,2024:Q2:pre_second:exact,2024-08-28,pre_second,S,2024:Q2,2.929196339783202,0.3826622645863406,0.6185970130758316,model_implied_state_space,2.9514,-0.02220366021679787,False,True,31,-1905.667212146484,-3548.7376790759477,-1905.667212146484,0.18671351887701348,9.791705403541243e-05,31.0,0,{},14,expanding,40,1965:Q3,,1,0.02
standard_dfm,exact,2024:Q2:pre_second:exact,2024-08-28,pre_second,S,2024:Q2,2.532812545094729,,,not_available,2.9514,-0.41858745490527083,False,True,0,,,,,,,0,{},14,expanding,40,1965:Q3,,1,0.02
ar,pseudo,2024:Q2:pre_second:pseudo,2024-08-31,pre_second,S,2024:Q2,2.5047589741330625,,,not_available,2.9514,-0.44664102586693755,False,True,0,,,,,,,0,{},14,expanding,40,1965:Q3,,1,0.02
bridge,pseudo,2024:Q2:pre_second:pseudo,2024-08-31,pre_second,S,2024:Q2,3.014628369518234,,,not_available,2.9514,0.06322836951823385,False,True,0,,,,,,,0,{},14,expanding,40,1965:Q3,,1,0.02
indicator_revision_only_dfm_kalman_em,pseudo,2024:Q2:pre_second:pseudo,2024-08-31,pre_second,S,2024:Q2,2.741883394795434,0.36892419275902916,0.6073913011881461,model_implied_state_space,2.9514,-0.20951660520456583,False,False,50,-3664.9713190078537,-5784.2190275233925,-3664.9713190078537,1.6772199550023288,0.0004573011664516295,51.0,0,{},14,expanding,40,1965:Q3,,1,0.02
joint_indicator_revision_dfm_full_kalman_em,pseudo,2024:Q2:pre_second:pseudo,2024-08-31,pre_second,S,2024:Q2,3.127782790010403,0.35361633541807713,0.5946564852232565,model_implied_state_space,2.9514,0.17638279001040313,False,False,50,-3638.740332831868,-5798.458129627577,-3638.740332831868,1.048524353065659,0.0002879937272375582,51.0,0,{},14,expanding,40,1965:Q3,,1,0.02
midas_umidas,pseudo,2024:Q2:pre_second:pseudo,2024-08-31,pre_second,S,2024:Q2,2.8672896789004594,,,not_available,2.9514,-0.08411032109954064,False,True,0,,,,,,,0,{},14,expanding,40,1965:Q3,,1,0.02
monthly_mixed_frequency_kalman_em,pseudo,2024:Q2:pre_second:pseudo,2024-08-31,pre_second,S,2024:Q2,2.992071975921216,0.3493404677010055,0.5910503089424838,model_implied_state_space,2.9514,0.040671975921215964,False,True,28,-6454.1930511441815,-8647.504739708897,-6454.1930511441815,0.5891602155470537,9.126085674178337e-05,28.0,0,{},14,expanding,40,1965:Q3,,1,0.02
no_revision,pseudo,2024:Q2:pre_second:pseudo,2024-08-31,pre_second,S,2024:Q2,2.8401,,,not_available,2.9514,-0.11129999999999995,False,True,0,,,,,,,0,{},14,expanding,40,1965:Q3,,1,0.02
release_dfm,pseudo,2024:Q2:pre_second:pseudo,2024-08-31,pre_second,S,2024:Q2,2.95723749293496,,,not_available,2.9514,0.0058374929349600535,False,True,0,,,,,,,0,{},14,expanding,40,1965:Q3,,1,0.02
revision_dfm_kalman_em,pseudo,2024:Q2:pre_second:pseudo,2024-08-31,pre_second,S,2024:Q2,2.9291631475866495,0.3826617706907097,0.6185966138694179,model_implied_state_space,2.9514,-0.022236852413350494,False,True,31,-1905.6632084592861,-3548.736816792183,-1905.6632084592861,0.18670698137748332,9.791383153211418e-05,31.0,0,{},14,expanding,40,1965:Q3,,1,0.02
standard_dfm,pseudo,2024:Q2:pre_second:pseudo,2024-08-31,pre_second,S,2024:Q2,2.5363106349430886,,,not_available,2.9514,-0.4150893650569114,False,True,0,,,,,,,0,{},14,expanding,40,1965:Q3,,1,0.02
ar,exact,2024:Q2:pre_third:exact,2024-09-25,pre_third,T,2024:Q2,2.5835523848256576,,,not_available,2.9895,-0.4059476151743424,False,True,0,,,,,,,0,{},14,expanding,40,1965:Q3,,1,0.02
bridge,exact,2024:Q2:pre_third:exact,2024-09-25,pre_third,T,2024:Q2,2.649781321953517,,,not_available,2.9895,-0.3397186780464829,False,True,0,,,,,,,0,{},14,expanding,40,1965:Q3,,1,0.02
indicator_revision_only_dfm_kalman_em,exact,2024:Q2:pre_third:exact,2024-09-25,pre_third,T,2024:Q2,2.942395176638071,0.14227913321293148,0.3771990631124784,model_implied_state_space,2.9895,-0.047104823361928894,False,True,40,-3617.91701424954,-5761.9336869307335,-3617.91701424954,0.30214893713264246,8.348456490449296e-05,40.0,0,{},14,expanding,40,1965:Q3,,1,0.02
joint_indicator_revision_dfm_full_kalman_em,exact,2024:Q2:pre_third:exact,2024-09-25,pre_third,T,2024:Q2,2.9763590344462294,0.13946416601607398,0.37344901394443925,model_implied_state_space,2.9895,-0.013140965553770645,False,True,41,-3590.3899867504365,-5774.6782903359535,-3590.3899867504365,0.3216289543656785,8.954754411778275e-05,41.0,0,{},14,expanding,40,1965:Q3,,1,0.02
midas_umidas,exact,2024:Q2:pre_third:exact,2024-09-25,pre_third,T,2024:Q2,2.0704300636514774,,,not_available,2.9895,-0.9190699363485226,False,True,0,,,,,,,0,{},14,expanding,40,1965:Q3,,1,0.02
monthly_mixed_frequency_kalman_em,exact,2024:Q2:pre_third:exact,2024-09-25,pre_third,T,2024:Q2,3.0130294605427093,0.14391290439210666,0.3793585433229449,model_implied_state_space,2.9895,0.023529460542709213,False,True,27,-6463.345216908381,-8630.23028076301,-6463.345216908381,0.5916755523394386,9.152070038447533e-05,27.0,0,{},14,expanding,40,1965:Q3,,1,0.02
no_revision,exact,2024:Q2:pre_third:exact,2024-09-25,pre_third,T,2024:Q2,2.9514,,,not_available,2.9895,-0.03810000000000002,False,True,0,,,,,,,0,{},14,expanding,40,1965:Q3,,1,0.02
release_dfm,exact,2024:Q2:pre_third:exact,2024-09-25,pre_third,T,2024:Q2,3.0230230343104276,,,not_available,2.9895,0.03352303431042758,False,True,0,,,,,,,0,{},14,expanding,40,1965:Q3,,1,0.02
revision_dfm_kalman_em,exact,2024:Q2:pre_third:exact,2024-09-25,pre_third,T,2024:Q2,2.9528341527266484,0.14014224378139545,0.37435577166833617,model_implied_state_space,2.9895,-0.03666584727335165,False,True,31,-1904.8508120483375,-3549.9489573418655,-1904.8508120483375,0.18446987237553003,9.678198201537991e-05,31.0,0,{},14,expanding,40,1965:Q3,,1,0.02
standard_dfm,exact,2024:Q2:pre_third:exact,2024-09-25,pre_third,T,2024:Q2,2.5405251292374205,,,not_available,2.9895,-0.4489748707625796,False,True,0,,,,,,,0,{},14,expanding,40,1965:Q3,,1,0.02
ar,pseudo,2024:Q2:pre_third:pseudo,2024-09-30,pre_third,T,2024:Q2,2.5835523848256576,,,not_available,2.9895,-0.4059476151743424,False,True,0,,,,,,,0,{},14,expanding,40,1965:Q3,,1,0.02
bridge,pseudo,2024:Q2:pre_third:pseudo,2024-09-30,pre_third,T,2024:Q2,2.967789797717142,,,not_available,2.9895,-0.021710202282858138,False,True,0,,,,,,,0,{},14,expanding,40,1965:Q3,,1,0.02
indicator_revision_only_dfm_kalman_em,pseudo,2024:Q2:pre_third:pseudo,2024-09-30,pre_third,T,2024:Q2,2.942384363605891,0.14227903010857026,0.3771989264414339,model_implied_state_space,2.9895,-0.047115636394109206,False,True,40,-3618.086309107662,-5761.938872878782,-3618.086309107662,0.28954103043224677,7.999750300074515e-05,40.0,0,{},14,expanding,40,1965:Q3,,1,0.02
joint_indicator_revision_dfm_full_kalman_em,pseudo,2024:Q2:pre_third:pseudo,2024-09-30,pre_third,T,2024:Q2,2.976242087610049,0.1394629169217282,0.37344734156468196,model_implied_state_space,2.9895,-0.013257912389950999,False,True,41,-3590.5382555195188,-5774.684020718634,-3590.5382555195188,0.3052080895031395,8.497254754985111e-05,41.0,0,{},14,expanding,40,1965:Q3,,1,0.02
midas_umidas,pseudo,2024:Q2:pre_third:pseudo,2024-09-30,pre_third,T,2024:Q2,2.2024255730581266,,,not_available,2.9895,-0.7870744269418735,False,True,0,,,,,,,0,{},14,expanding,40,1965:Q3,,1,0.02
monthly_mixed_frequency_kalman_em,pseudo,2024:Q2:pre_third:pseudo,2024-09-30,pre_third,T,2024:Q2,3.013061260004128,0.14391605082308861,0.3793626903414312,model_implied_state_space,2.9895,0.02356126000412795,False,True,27,-6467.278082810968,-8633.158785558899,-6467.278082810968,0.594981703706253,9.197609811978763e-05,27.0,0,{},14,expanding,40,1965:Q3,,1,0.02
no_revision,pseudo,2024:Q2:pre_third:pseudo,2024-09-30,pre_third,T,2024:Q2,2.9514,,,not_available,2.9895,-0.03810000000000002,False,True,0,,,,,,,0,{},14,expanding,40,1965:Q3,,1,0.02
release_dfm,pseudo,2024:Q2:pre_third:pseudo,2024-09-30,pre_third,T,2024:Q2,3.022013468996109,,,not_available,2.9895,0.03251346899610885,False,True,0,,,,,,,0,{},14,expanding,40,1965:Q3,,1,0.02
revision_dfm_kalman_em,pseudo,2024:Q2:pre_third:pseudo,2024-09-30,pre_third,T,2024:Q2,2.9529947840483275,0.14013914606857247,0.37435163425390905,model_implied_state_space,2.9895,-0.036505215951672554,False,True,31,-1905.5953950081516,-3550.176238268408,-1905.5953950081516,0.1860454126708646,9.757039203706786e-05,31.0,0,{},14,expanding,40,1965:Q3,,1,0.02
standard_dfm,pseudo,2024:Q2:pre_third:pseudo,2024-09-30,pre_third,T,2024:Q2,2.667315293996692,,,not_available,2.9895,-0.32218470600330784,False,True,0,,,,,,,0,{},14,expanding,40,1965:Q3,,1,0.02
ar,exact,2024:Q3:pre_advance:exact,2024-10-29,pre_advance,A,2024:Q3,2.5022415996938236,,,not_available,2.8248,-0.32255840030617655,False,True,0,,,,,,,0,{},14,expanding,40,1965:Q3,,1,0.02
bridge,exact,2024:Q3:pre_advance:exact,2024-10-29,pre_advance,A,2024:Q3,2.406973036116476,,,not_available,2.8248,-0.41782696388352436,False,True,0,,,,,,,0,{},14,expanding,40,1965:Q3,,1,0.02
indicator_revision_only_dfm_kalman_em,exact,2024:Q3:pre_advance:exact,2024-10-29,pre_advance,A,2024:Q3,2.3034565226030823,4.237225622167222,2.058452239467125,model_implied_state_space,2.8248,-0.5213434773969179,False,False,50,-3693.7025254952096,-5823.750457913328,-3693.7025254952096,1.4807219733406782,0.0004006083773997943,51.0,0,{},14,expanding,40,1965:Q3,,1,0.02
joint_indicator_revision_dfm_full_kalman_em,exact,2024:Q3:pre_advance:exact,2024-10-29,pre_advance,A,2024:Q3,1.9628155563920258,2.9958746469388435,1.7308595110345737,model_implied_state_space,2.8248,-0.8619844436079744,False,False,50,-3666.6354417901816,-5837.951238362714,-3666.6354417901816,0.6416205297132365,0.0001749105966678161,51.0,0,{},14,expanding,40,1965:Q3,,1,0.02
midas_umidas,exact,2024:Q3:pre_advance:exact,2024-10-29,pre_advance,A,2024:Q3,0.9544518095465631,,,not_available,2.8248,-1.8703481904534371,False,True,0,,,,,,,0,{},14,expanding,40,1965:Q3,,1,0.02
monthly_mixed_frequency_kalman_em,exact,2024:Q3:pre_advance:exact,2024-10-29,pre_advance,A,2024:Q3,1.43057155265993,4.476113283856048,2.11568269923825,model_implied_state_space,2.8248,-1.3942284473400701,False,True,28,-6486.55240831008,-8688.148717082293,-6486.55240831008,0.5901635054524377,9.096031705839909e-05,28.0,0,{},14,expanding,40,1965:Q3,,1,0.02
no_revision,exact,2024:Q3:pre_advance:exact,2024-10-29,pre_advance,A,2024:Q3,2.416193032674926,,,not_available,2.8248,-0.40860696732507407,False,True,0,,,,,,,0,{},14,expanding,40,1965:Q3,,1,0.02
release_dfm,exact,2024:Q3:pre_advance:exact,2024-10-29,pre_advance,A,2024:Q3,1.8708357897270056,,,not_available,2.8248,-0.9539642102729946,False,True,0,,,,,,,0,{},14,expanding,40,1965:Q3,,1,0.02
revision_dfm_kalman_em,exact,2024:Q3:pre_advance:exact,2024-10-29,pre_advance,A,2024:Q3,1.5999179855778476,2.919863947280813,1.7087609391839496,model_implied_state_space,2.8248,-1.2248820144221526,False,True,31,-1920.978946836927,-3570.917422827511,-1920.978946836927,0.1868652927266794,9.721601099524445e-05,31.0,0,{},14,expanding,40,1965:Q3,,1,0.02
standard_dfm,exact,2024:Q3:pre_advance:exact,2024-10-29,pre_advance,A,2024:Q3,1.8708357897270056,,,not_available,2.8248,-0.9539642102729946,False,True,0,,,,,,,0,{},14,expanding,40,1965:Q3,,1,0.02
ar,pseudo,2024:Q3:pre_advance:pseudo,2024-10-31,pre_advance,A,2024:Q3,2.5022415996938236,,,not_available,2.8248,-0.32255840030617655,False,True,0,,,,,,,0,{},14,expanding,40,1965:Q3,,1,0.02
bridge,pseudo,2024:Q3:pre_advance:pseudo,2024-10-31,pre_advance,A,2024:Q3,2.433606173658529,,,not_available,2.8248,-0.39119382634147115,False,True,0,,,,,,,0,{},14,expanding,40,1965:Q3,,1,0.02
indicator_revision_only_dfm_kalman_em,pseudo,2024:Q3:pre_advance:pseudo,2024-10-31,pre_advance,A,2024:Q3,2.3092173987382116,4.237356843872329,2.0584841130968994,model_implied_state_space,2.8248,-0.5155826012617886,False,False,50,-3693.7844789399396,-5823.749589057933,-3693.7844789399396,1.480150076848986,0.00040044483428739456,51.0,0,{},14,expanding,40,1965:Q3,,1,0.02
joint_indicator_revision_dfm_full_kalman_em,pseudo,2024:Q3:pre_advance:pseudo,2024-10-31,pre_advance,A,2024:Q3,1.9674794039116539,2.995971944156735,1.7308876174254453,model_implied_state_space,2.8248,-0.8573205960883463,False,False,50,-3666.7170140402004,-5837.950316291142,-3666.7170140402004,0.6407060471351542,0.00017465746146477242,51.0,0,{},14,expanding,40,1965:Q3,,1,0.02
midas_umidas,pseudo,2024:Q3:pre_advance:pseudo,2024-10-31,pre_advance,A,2024:Q3,0.8905175047746641,,,not_available,2.8248,-1.9342824952253361,False,True,0,,,,,,,0,{},14,expanding,40,1965:Q3,,1,0.02
monthly_mixed_frequency_kalman_em,pseudo,2024:Q3:pre_advance:pseudo,2024-10-31,pre_advance,A,2024:Q3,1.4303895121015349,4.475974318155211,2.1156498571727815,model_implied_state_space,2.8248,-1.3944104878984653,False,True,28,-6487.884277396865,-8689.474999382368,-6487.884277396865,0.5903116102199419,9.096446902186913e-05,28.0,0,{},14,expanding,40,1965:Q3,,1,0.02
no_revision,pseudo,2024:Q3:pre_advance:pseudo,2024-10-31,pre_advance,A,2024:Q3,2.416193032674926,,,not_available,2.8248,-0.40860696732507407,False,True,0,,,,,,,0,{},14,expanding,40,1965:Q3,,1,0.02
release_dfm,pseudo,2024:Q3:pre_advance:pseudo,2024-10-31,pre_advance,A,2024:Q3,1.8815032847397144,,,not_available,2.8248,-0.9432967152602858,False,True,0,,,,,,,0,{},14,expanding,40,1965:Q3,,1,0.02
revision_dfm_kalman_em,pseudo,2024:Q3:pre_advance:pseudo,2024-10-31,pre_advance,A,2024:Q3,1.6028489252097886,2.9198440545307034,1.7087551183626937,model_implied_state_space,2.8248,-1.2219510747902116,False,True,31,-1920.9811471965488,-3570.9176843752625,-1920.9811471965488,0.186879328397481,9.722320099941359e-05,31.0,0,{},14,expanding,40,1965:Q3,,1,0.02
standard_dfm,pseudo,2024:Q3:pre_advance:pseudo,2024-10-31,pre_advance,A,2024:Q3,1.8815032847397144,,,not_available,2.8248,-0.9432967152602858,False,True,0,,,,,,,0,{},14,expanding,40,1965:Q3,,1,0.02
ar,exact,2024:Q3:pre_second:exact,2024-11-26,pre_second,S,2024:Q3,2.5967948124928846,,,not_available,2.8336,-0.23680518750711554,False,True,0,,,,,,,0,{},14,expanding,40,1965:Q3,,1,0.02
bridge,exact,2024:Q3:pre_second:exact,2024-11-26,pre_second,S,2024:Q3,2.5321424251252944,,,not_available,2.8336,-0.3014575748747057,False,True,0,,,,,,,0,{},14,expanding,40,1965:Q3,,1,0.02
indicator_revision_only_dfm_kalman_em,exact,2024:Q3:pre_second:exact,2024-11-26,pre_second,S,2024:Q3,2.782687712422318,0.36752392500972036,0.6062375153433845,model_implied_state_space,2.8336,-0.05091228757768196,False,False,50,-3694.3020036476782,-5825.135041956367,-3694.3020036476782,1.4765302421460547,0.0003994099805033276,51.0,0,{},14,expanding,40,1965:Q3,,1,0.02
joint_indicator_revision_dfm_full_kalman_em,exact,2024:Q3:pre_second:exact,2024-11-26,pre_second,S,2024:Q3,3.0788528033669462,0.35183117036094474,0.5931535807537073,model_implied_state_space,2.8336,0.2452528033669461,False,False,50,-3667.068984045819,-5839.430950075629,-3667.068984045819,0.5669804519739046,0.00015454802751232357,51.0,0,{},14,expanding,40,1965:Q3,,1,0.02
midas_umidas,exact,2024:Q3:pre_second:exact,2024-11-26,pre_second,S,2024:Q3,3.054649787624036,,,not_available,2.8336,0.22104978762403604,False,True,0,,,,,,,0,{},14,expanding,40,1965:Q3,,1,0.02
monthly_mixed_frequency_kalman_em,exact,2024:Q3:pre_second:exact,2024-11-26,pre_second,S,2024:Q3,2.768812704834551,0.3478221062026544,0.5897644497616438,model_implied_state_space,2.8336,-0.0647872951654489,False,True,28,-6503.904995170391,-8707.256363283941,-6503.904995170391,0.5940477689409818,9.131471160321277e-05,28.0,0,{},14,expanding,40,1965:Q3,,1,0.02
no_revision,exact,2024:Q3:pre_second:exact,2024-11-26,pre_second,S,2024:Q3,2.8248,,,not_available,2.8336,-0.008799999999999919,False,True,0,,,,,,,0,{},14,expanding,40,1965:Q3,,1,0.02
release_dfm,exact,2024:Q3:pre_second:exact,2024-11-26,pre_second,S,2024:Q3,2.946644569928208,,,not_available,2.8336,0.11304456992820766,False,True,0,,,,,,,0,{},14,expanding,40,1965:Q3,,1,0.02
revision_dfm_kalman_em,exact,2024:Q3:pre_second:exact,2024-11-26,pre_second,S,2024:Q3,2.9876775173980485,0.3810234765583942,0.6172709911849042,model_implied_state_space,2.8336,0.15407751739804842,False,True,31,-1921.7606747108332,-3572.3092269579997,-1921.7606747108332,0.18542755083262819,9.642888618382922e-05,31.0,0,{},14,expanding,40,1965:Q3,,1,0.02
standard_dfm,exact,2024:Q3:pre_second:exact,2024-11-26,pre_second,S,2024:Q3,2.1884578766251432,,,not_available,2.8336,-0.6451421233748569,False,True,0,,,,,,,0,{},14,expanding,40,1965:Q3,,1,0.02
ar,pseudo,2024:Q3:pre_second:pseudo,2024-11-30,pre_second,S,2024:Q3,2.5967948124928846,,,not_available,2.8336,-0.23680518750711554,False,True,0,,,,,,,0,{},14,expanding,40,1965:Q3,,1,0.02
bridge,pseudo,2024:Q3:pre_second:pseudo,2024-11-30,pre_second,S,2024:Q3,2.425605378915336,,,not_available,2.8336,-0.4079946210846641,False,True,0,,,,,,,0,{},14,expanding,40,1965:Q3,,1,0.02
indicator_revision_only_dfm_kalman_em,pseudo,2024:Q3:pre_second:pseudo,2024-11-30,pre_second,S,2024:Q3,2.7828320688469073,0.3675323996341087,0.6062445048279685,model_implied_state_space,2.8336,-0.05076793115309286,False,False,50,-3694.2793900275724,-5825.218069105441,-3694.2793900275724,1.4671137160962644,0.0003968661942631254,51.0,0,{},14,expanding,40,1965:Q3,,1,0.02
joint_indicator_revision_dfm_full_kalman_em,pseudo,2024:Q3:pre_second:pseudo,2024-11-30,pre_second,S,2024:Q3,3.0784554424448682,0.35179265145082744,0.5931211102724531,model_implied_state_space,2.8336,0.24485544244486812,False,False,50,-3667.0241045089465,-5839.513949005463,-3667.0241045089465,0.5443130052399283,0.0001483720468838233,51.0,0,{},14,expanding,40,1965:Q3,,1,0.02
midas_umidas,pseudo,2024:Q3:pre_second:pseudo,2024-11-30,pre_second,S,2024:Q3,3.042330109502627,,,not_available,2.8336,0.20873010950262705,False,True,0,,,,,,,0,{},14,expanding,40,1965:Q3,,1,0.02
monthly_mixed_frequency_kalman_em,pseudo,2024:Q3:pre_second:pseudo,2024-11-30,pre_second,S,2024:Q3,2.768727278165511,0.3478175838375527,0.5897606157056884,model_implied_state_space,2.8336,-0.06487272183448933,False,True,28,-6506.789067067091,-8709.979177076575,-6506.789067067091,0.5946370317360561,9.136477791891214e-05,28.0,0,{},14,expanding,40,1965:Q3,,1,0.02
no_revision,pseudo,2024:Q3:pre_second:pseudo,2024-11-30,pre_second,S,2024:Q3,2.8248,,,not_available,2.8336,-0.008799999999999919,False,True,0,,,,,,,0,{},14,expanding,40,1965:Q3,,1,0.02
release_dfm,pseudo,2024:Q3:pre_second:pseudo,2024-11-30,pre_second,S,2024:Q3,2.947114115069522,,,not_available,2.8336,0.1135141150695218,False,True,0,,,,,,,0,{},14,expanding,40,1965:Q3,,1,0.02
revision_dfm_kalman_em,pseudo,2024:Q3:pre_second:pseudo,2024-11-30,pre_second,S,2024:Q3,2.9856806604405968,0.3810412753219971,0.6172854083177385,model_implied_state_space,2.8336,0.15208066044059665,False,True,31,-1921.8844431252762,-3572.3368299614567,-1921.8844431252762,0.1856520503322372,9.653940893677308e-05,31.0,0,{},14,expanding,40,1965:Q3,,1,0.02
standard_dfm,pseudo,2024:Q3:pre_second:pseudo,2024-11-30,pre_second,S,2024:Q3,2.155040753793078,,,not_available,2.8336,-0.6785592462069223,False,True,0,,,,,,,0,{},14,expanding,40,1965:Q3,,1,0.02
ar,exact,2024:Q3:pre_third:exact,2024-12-18,pre_third,T,2024:Q3,2.66526432629407,,,not_available,3.073,-0.4077356737059299,False,True,0,,,,,,,0,{},14,expanding,40,1965:Q3,,1,0.02
bridge,exact,2024:Q3:pre_third:exact,2024-12-18,pre_third,T,2024:Q3,2.3677227363632447,,,not_available,3.073,-0.7052772636367552,False,True,0,,,,,,,0,{},14,expanding,40,1965:Q3,,1,0.02
indicator_revision_only_dfm_kalman_em,exact,2024:Q3:pre_third:exact,2024-12-18,pre_third,T,2024:Q3,2.8314780000657365,0.14129040460844539,0.3758861591073092,model_implied_state_space,3.073,-0.2415219999342635,False,False,50,-3693.718540390368,-5826.513649170831,-3693.718540390368,1.4750389852902117,0.00039906973312241065,51.0,0,{},14,expanding,40,1965:Q3,,1,0.02
joint_indicator_revision_dfm_full_kalman_em,exact,2024:Q3:pre_third:exact,2024-12-18,pre_third,T,2024:Q3,2.852692129585127,0.1388707857618981,0.37265370756494304,model_implied_state_space,3.073,-0.2203078704148731,False,False,50,-3666.57563367955,-5840.779149906619,-3666.57563367955,0.5575435427604134,0.00015199653770003318,51.0,0,{},14,expanding,40,1965:Q3,,1,0.02
midas_umidas,exact,2024:Q3:pre_third:exact,2024-12-18,pre_third,T,2024:Q3,2.584814950604585,,,not_available,3.073,-0.48818504939541496,False,True,0,,,,,,,0,{},14,expanding,40,1965:Q3,,1,0.02
monthly_mixed_frequency_kalman_em,exact,2024:Q3:pre_third:exact,2024-12-18,pre_third,T,2024:Q3,2.8355651836552465,0.14405520555614038,0.3795460519569929,model_implied_state_space,3.073,-0.2374348163447535,False,True,28,-6521.002891821332,-8727.583307632307,-6521.002891821332,0.5951434377448095,9.124331049187067e-05,28.0,0,{},14,expanding,40,1965:Q3,,1,0.02
no_revision,exact,2024:Q3:pre_third:exact,2024-12-18,pre_third,T,2024:Q3,2.8336,,,not_available,3.073,-0.23939999999999984,False,True,0,,,,,,,0,{},14,expanding,40,1965:Q3,,1,0.02
release_dfm,exact,2024:Q3:pre_third:exact,2024-12-18,pre_third,T,2024:Q3,2.9283436678816743,,,not_available,3.073,-0.14465633211832563,False,True,0,,,,,,,0,{},14,expanding,40,1965:Q3,,1,0.02
revision_dfm_kalman_em,exact,2024:Q3:pre_third:exact,2024-12-18,pre_third,T,2024:Q3,2.8487785496799742,0.13990320889313804,0.37403637375680193,model_implied_state_space,3.073,-0.22422145032002572,False,True,24,-1921.1989152053534,-3598.269859229697,-1921.1989152053534,0.17807006312295925,9.263014720189768e-05,24.0,0,{},14,expanding,40,1965:Q3,,1,0.02
standard_dfm,exact,2024:Q3:pre_third:exact,2024-12-18,pre_third,T,2024:Q3,2.1363286462139577,,,not_available,3.073,-0.9366713537860423,False,True,0,,,,,,,0,{},14,expanding,40,1965:Q3,,1,0.02
ar,pseudo,2024:Q3:pre_third:pseudo,2024-12-31,pre_third,T,2024:Q3,2.66526432629407,,,not_available,3.073,-0.4077356737059299,False,True,0,,,,,,,0,{},14,expanding,40,1965:Q3,,1,0.02
bridge,pseudo,2024:Q3:pre_third:pseudo,2024-12-31,pre_third,T,2024:Q3,2.3751763046094254,,,not_available,3.073,-0.6978236953905745,False,True,0,,,,,,,0,{},14,expanding,40,1965:Q3,,1,0.02
indicator_revision_only_dfm_kalman_em,pseudo,2024:Q3:pre_third:pseudo,2024-12-31,pre_third,T,2024:Q3,2.8314797396124445,0.14129031955326526,0.3758860459677444,model_implied_state_space,3.073,-0.24152026038755547,False,False,50,-3693.724097842851,-5826.524868633521,-3693.724097842851,1.4727447124732862,0.000398448669052788,51.0,0,{},14,expanding,40,1965:Q3,,1,0.02
joint_indicator_revision_dfm_full_kalman_em,pseudo,2024:Q3:pre_third:pseudo,2024-12-31,pre_third,T,2024:Q3,2.8526856385315806,0.13887113508204424,0.3726541762573502,model_implied_state_space,3.073,-0.22031436146841932,False,False,50,-3666.576270630753,-5840.7903694966635,-3666.576270630753,0.5515834183979678,0.00015037191732264436,51.0,0,{},14,expanding,40,1965:Q3,,1,0.02
midas_umidas,pseudo,2024:Q3:pre_third:pseudo,2024-12-31,pre_third,T,2024:Q3,2.5770167411236327,,,not_available,3.073,-0.4959832588763673,False,True,0,,,,,,,0,{},14,expanding,40,1965:Q3,,1,0.02
monthly_mixed_frequency_kalman_em,pseudo,2024:Q3:pre_third:pseudo,2024-12-31,pre_third,T,2024:Q3,2.8356068152818192,0.14405566573531642,0.37954665817961886,model_implied_state_space,3.073,-0.23739318471818072,False,True,28,-6523.6791500619665,-8730.29071847285,-6523.6791500619665,0.5953237402145533,9.123351708877112e-05,28.0,0,{},14,expanding,40,1965:Q3,,1,0.02
no_revision,pseudo,2024:Q3:pre_third:pseudo,2024-12-31,pre_third,T,2024:Q3,2.8336,,,not_available,3.073,-0.23939999999999984,False,True,0,,,,,,,0,{},14,expanding,40,1965:Q3,,1,0.02
release_dfm,pseudo,2024:Q3:pre_third:pseudo,2024-12-31,pre_third,T,2024:Q3,2.92823485957436,,,not_available,3.073,-0.14476514042564004,False,True,0,,,,,,,0,{},14,expanding,40,1965:Q3,,1,0.02
revision_dfm_kalman_em,pseudo,2024:Q3:pre_third:pseudo,2024-12-31,pre_third,T,2024:Q3,2.8487574725361595,0.13990314188753358,0.3740362841858174,model_implied_state_space,3.073,-0.22424252746384044,False,True,24,-1921.2396294423938,-3598.2803603274656,-1921.2396294423938,0.17808726728685542,9.263713382316367e-05,24.0,0,{},14,expanding,40,1965:Q3,,1,0.02
standard_dfm,pseudo,2024:Q3:pre_third:pseudo,2024-12-31,pre_third,T,2024:Q3,2.1500301979786576,,,not_available,3.073,-0.9229698020213424,False,True,0,,,,,,,0,{},14,expanding,40,1965:Q3,,1,0.02
ar,exact,2024:Q4:pre_advance:exact,2025-01-29,pre_advance,A,2024:Q4,2.5030214835002664,,,not_available,2.2512,0.25182148350026656,False,True,0,,,,,,,0,{},14,expanding,40,1965:Q3,,1,0.02
bridge,exact,2024:Q4:pre_advance:exact,2025-01-29,pre_advance,A,2024:Q4,2.5038993338243563,,,not_available,2.2512,0.2526993338243564,False,True,0,,,,,,,0,{},14,expanding,40,1965:Q3,,1,0.02
indicator_revision_only_dfm_kalman_em,exact,2024:Q4:pre_advance:exact,2025-01-29,pre_advance,A,2024:Q4,2.6828667957024956,4.2362106661307966,2.0582056909188635,model_implied_state_space,2.2512,0.4316667957024958,False,False,50,-3721.2534467198325,-5864.999386356539,-3721.2534467198325,1.3357354559261694,0.00035872256325164087,51.0,0,{},14,expanding,40,1965:Q3,,1,0.02
joint_indicator_revision_dfm_full_kalman_em,exact,2024:Q4:pre_advance:exact,2025-01-29,pre_advance,A,2024:Q4,2.5133348027251707,3.032324104716272,1.7413569722249003,model_implied_state_space,2.2512,0.26213480272517087,False,False,50,-3693.6358093771723,-5879.26287398469,-3693.6358093771723,0.3629426800262081,9.822538636153503e-05,51.0,0,{},14,expanding,40,1965:Q3,,1,0.02
midas_umidas,exact,2024:Q4:pre_advance:exact,2025-01-29,pre_advance,A,2024:Q4,2.149665591738329,,,not_available,2.2512,-0.1015344082616707,False,True,0,,,,,,,0,{},14,expanding,40,1965:Q3,,1,0.02
monthly_mixed_frequency_kalman_em,exact,2024:Q4:pre_advance:exact,2025-01-29,pre_advance,A,2024:Q4,1.1783871168494766,4.458831516590061,2.111594543606812,model_implied_state_space,2.2512,-1.0728128831505233,False,True,28,-6539.143212612603,-8750.666374123035,-6539.143212612603,0.6003269502198236,9.17826767841671e-05,28.0,0,{},14,expanding,40,1965:Q3,,1,0.02
no_revision,exact,2024:Q4:pre_advance:exact,2025-01-29,pre_advance,A,2024:Q4,2.444247371944305,,,not_available,2.2512,0.1930473719443051,False,True,0,,,,,,,0,{},14,expanding,40,1965:Q3,,1,0.02
release_dfm,exact,2024:Q4:pre_advance:exact,2025-01-29,pre_advance,A,2024:Q4,2.0771753796129513,,,not_available,2.2512,-0.17402462038704858,False,True,0,,,,,,,0,{},14,expanding,40,1965:Q3,,1,0.02
revision_dfm_kalman_em,exact,2024:Q4:pre_advance:exact,2025-01-29,pre_advance,A,2024:Q4,1.8983054707854627,2.909223475317604,1.7056445923220944,model_implied_state_space,2.2512,-0.3528945292145371,False,True,31,-1936.2778751250346,-3594.3798445522953,-1936.2778751250346,0.18368410997163664,9.480658292088287e-05,31.0,0,{},14,expanding,40,1965:Q3,,1,0.02
standard_dfm,exact,2024:Q4:pre_advance:exact,2025-01-29,pre_advance,A,2024:Q4,2.0771753796129513,,,not_available,2.2512,-0.17402462038704858,False,True,0,,,,,,,0,{},14,expanding,40,1965:Q3,,1,0.02
ar,pseudo,2024:Q4:pre_advance:pseudo,2025-01-31,pre_advance,A,2024:Q4,2.5030214835002664,,,not_available,2.2512,0.25182148350026656,False,True,0,,,,,,,0,{},14,expanding,40,1965:Q3,,1,0.02
bridge,pseudo,2024:Q4:pre_advance:pseudo,2025-01-31,pre_advance,A,2024:Q4,2.5807494318233606,,,not_available,2.2512,0.3295494318233607,False,True,0,,,,,,,0,{},14,expanding,40,1965:Q3,,1,0.02
indicator_revision_only_dfm_kalman_em,pseudo,2024:Q4:pre_advance:pseudo,2025-01-31,pre_advance,A,2024:Q4,2.6847119059895825,4.236305020502339,2.058228612302904,model_implied_state_space,2.2512,0.43351190598958267,False,False,50,-3721.248567840283,-5865.005978308007,-3721.248567840283,1.3354184577433443,0.0003586379312665947,51.0,0,{},14,expanding,40,1965:Q3,,1,0.02
joint_indicator_revision_dfm_full_kalman_em,pseudo,2024:Q4:pre_advance:pseudo,2025-01-31,pre_advance,A,2024:Q4,2.514809812090783,3.0327202965362683,1.7414707280159114,model_implied_state_space,2.2512,0.26360981209078327,False,False,50,-3693.6339366964867,-5879.269477769494,-3693.6339366964867,0.3608057221595118,9.764715441065495e-05,51.0,0,{},14,expanding,40,1965:Q3,,1,0.02
midas_umidas,pseudo,2024:Q4:pre_advance:pseudo,2025-01-31,pre_advance,A,2024:Q4,2.1228586385631445,,,not_available,2.2512,-0.12834136143685537,False,True,0,,,,,,,0,{},14,expanding,40,1965:Q3,,1,0.02
monthly_mixed_frequency_kalman_em,pseudo,2024:Q4:pre_advance:pseudo,2025-01-31,pre_advance,A,2024:Q4,1.1766338454468164,4.458536809355601,2.111524759351782,model_implied_state_space,2.2512,-1.0745661545531835,False,True,28,-6540.669675618347,-8752.020968437366,-6540.669675618347,0.6009099822404096,9.185037127064126e-05,28.0,0,{},14,expanding,40,1965:Q3,,1,0.02
no_revision,pseudo,2024:Q4:pre_advance:pseudo,2025-01-31,pre_advance,A,2024:Q4,2.444247371944305,,,not_available,2.2512,0.1930473719443051,False,True,0,,,,,,,0,{},14,expanding,40,1965:Q3,,1,0.02
release_dfm,pseudo,2024:Q4:pre_advance:pseudo,2025-01-31,pre_advance,A,2024:Q4,2.108117712320259,,,not_available,2.2512,-0.14308228767974107,False,True,0,,,,,,,0,{},14,expanding,40,1965:Q3,,1,0.02
revision_dfm_kalman_em,pseudo,2024:Q4:pre_advance:pseudo,2025-01-31,pre_advance,A,2024:Q4,1.9068311097706796,2.9091144848841775,1.7056126420978994,model_implied_state_space,2.2512,-0.34436889022932027,False,True,31,-1936.2972358478526,-3594.3839830300954,-1936.2972358478526,0.18376636315610995,9.48480851922677e-05,31.0,0,{},14,expanding,40,1965:Q3,,1,0.02
standard_dfm,pseudo,2024:Q4:pre_advance:pseudo,2025-01-31,pre_advance,A,2024:Q4,2.108117712320259,,,not_available,2.2512,-0.14308228767974107,False,True,0,,,,,,,0,{},14,expanding,40,1965:Q3,,1,0.02
ar,exact,2024:Q4:pre_second:exact,2025-02-26,pre_second,S,2024:Q4,2.5915876882913262,,,not_available,2.3451,0.24648768829132628,False,True,0,,,,,,,0,{},14,expanding,40,1965:Q3,,1,0.02
bridge,exact,2024:Q4:pre_second:exact,2025-02-26,pre_second,S,2024:Q4,2.273257848902314,,,not_available,2.3451,-0.0718421510976861,False,True,0,,,,,,,0,{},14,expanding,40,1965:Q3,,1,0.02
indicator_revision_only_dfm_kalman_em,exact,2024:Q4:pre_second:exact,2025-02-26,pre_second,S,2024:Q4,2.2904884385407884,0.366086604516469,0.6050509106814641,model_implied_state_space,2.3451,-0.05461156145921153,False,False,50,-3719.245946156689,-5866.3442338556815,-3719.245946156689,1.317553302581473,0.00035403219715931454,51.0,0,{},14,expanding,40,1965:Q3,,1,0.02
joint_indicator_revision_dfm_full_kalman_em,exact,2024:Q4:pre_second:exact,2025-02-26,pre_second,S,2024:Q4,2.2002455772221525,0.34793506437816835,0.5898602074883238,model_implied_state_space,2.3451,-0.14485442277784744,False,True,49,-3692.139722646556,-5880.703937054038,-3692.139722646556,0.36486842575050105,9.878650933112056e-05,49.0,0,{},14,expanding,40,1965:Q3,,1,0.02
midas_umidas,exact,2024:Q4:pre_second:exact,2025-02-26,pre_second,S,2024:Q4,0.5521882543281651,,,not_available,2.3451,-1.7929117456718349,False,True,0,,,,,,,0,{},14,expanding,40,1965:Q3,,1,0.02
monthly_mixed_frequency_kalman_em,exact,2024:Q4:pre_second:exact,2025-02-26,pre_second,S,2024:Q4,2.2937751381556915,0.34637900065441035,0.5885397188418215,model_implied_state_space,2.3451,-0.05132486184430851,False,True,27,-6548.940949226245,-8733.635195700865,-6548.940949226245,0.6186385703649648,9.444056833212539e-05,27.0,0,{},14,expanding,40,1965:Q3,,1,0.02
no_revision,exact,2024:Q4:pre_second:exact,2025-02-26,pre_second,S,2024:Q4,2.2512,,,not_available,2.3451,-0.0939000000000001,False,True,0,,,,,,,0,{},14,expanding,40,1965:Q3,,1,0.02
release_dfm,exact,2024:Q4:pre_second:exact,2025-02-26,pre_second,S,2024:Q4,2.3605377701599086,,,not_available,2.3451,0.01543777015990866,False,True,0,,,,,,,0,{},14,expanding,40,1965:Q3,,1,0.02
revision_dfm_kalman_em,exact,2024:Q4:pre_second:exact,2025-02-26,pre_second,S,2024:Q4,2.333420227159781,0.3798839327888065,0.6163472501673115,model_implied_state_space,2.3451,-0.011679772840218927,False,True,24,-1935.7395819560243,-3620.522842262596,-1935.7395819560243,0.1791784953759361,9.25069750133343e-05,24.0,0,{},14,expanding,40,1965:Q3,,1,0.02
standard_dfm,exact,2024:Q4:pre_second:exact,2025-02-26,pre_second,S,2024:Q4,2.378222366758939,,,not_available,2.3451,0.03312236675893887,False,True,0,,,,,,,0,{},14,expanding,40,1965:Q3,,1,0.02
ar,pseudo,2024:Q4:pre_second:pseudo,2025-02-28,pre_second,S,2024:Q4,2.5915876882913262,,,not_available,2.3451,0.24648768829132628,False,True,0,,,,,,,0,{},14,expanding,40,1965:Q3,,1,0.02
bridge,pseudo,2024:Q4:pre_second:pseudo,2025-02-28,pre_second,S,2024:Q4,2.2206875498240026,,,not_available,2.3451,-0.12441245017599734,False,True,0,,,,,,,0,{},14,expanding,40,1965:Q3,,1,0.02
indicator_revision_only_dfm_kalman_em,pseudo,2024:Q4:pre_second:pseudo,2025-02-28,pre_second,S,2024:Q4,2.2905381650273964,0.3660863562623092,0.6050507055299656,model_implied_state_space,2.3451,-0.054561834972603585,False,False,50,-3719.2974020541187,-5866.389005240061,-3719.2974020541187,1.3176260273817206,0.00035404683650499966,51.0,0,{},14,expanding,40,1965:Q3,,1,0.02
joint_indicator_revision_dfm_full_kalman_em,pseudo,2024:Q4:pre_second:pseudo,2025-02-28,pre_second,S,2024:Q4,2.2000960098442355,0.3479413847551427,0.5898655649850588,model_implied_state_space,2.3451,-0.14500399015576448,False,True,49,-3692.189363023909,-5880.748680096045,-3692.189363023909,0.36737395943464435,9.946346722013303e-05,49.0,0,{},14,expanding,40,1965:Q3,,1,0.02
midas_umidas,pseudo,2024:Q4:pre_second:pseudo,2025-02-28,pre_second,S,2024:Q4,0.4980392456112641,,,not_available,2.3451,-1.8470607543887358,False,True,0,,,,,,,0,{},14,expanding,40,1965:Q3,,1,0.02
monthly_mixed_frequency_kalman_em,pseudo,2024:Q4:pre_second:pseudo,2025-02-28,pre_second,S,2024:Q4,2.293682398555362,0.34637536208857733,0.5885366276524999,model_implied_state_space,2.3451,-0.05141760144463792,False,True,27,-6551.239621459542,-8736.353042009172,-6551.239621459542,0.617495940927256,9.423308487645124e-05,27.0,0,{},14,expanding,40,1965:Q3,,1,0.02
no_revision,pseudo,2024:Q4:pre_second:pseudo,2025-02-28,pre_second,S,2024:Q4,2.2512,,,not_available,2.3451,-0.0939000000000001,False,True,0,,,,,,,0,{},14,expanding,40,1965:Q3,,1,0.02
release_dfm,pseudo,2024:Q4:pre_second:pseudo,2025-02-28,pre_second,S,2024:Q4,2.3606688941766256,,,not_available,2.3451,0.015568894176625658,False,True,0,,,,,,,0,{},14,expanding,40,1965:Q3,,1,0.02
revision_dfm_kalman_em,pseudo,2024:Q4:pre_second:pseudo,2025-02-28,pre_second,S,2024:Q4,2.3321049167694867,0.37988212088817375,0.6163457802955852,model_implied_state_space,2.3451,-0.012995083230513238,False,True,24,-1935.733505168217,-3620.5236367377693,-1935.733505168217,0.17913987313204416,9.248732697917819e-05,24.0,0,{},14,expanding,40,1965:Q3,,1,0.02
standard_dfm,pseudo,2024:Q4:pre_second:pseudo,2025-02-28,pre_second,S,2024:Q4,2.3688770371998857,,,not_available,2.3451,0.023777037199885775,False,True,0,,,,,,,0,{},14,expanding,40,1965:Q3,,1,0.02
ar,exact,2024:Q4:pre_third:exact,2025-03-26,pre_third,T,2024:Q4,2.6712239159811935,,,not_available,2.4495,0.22172391598119345,False,True,0,,,,,,,0,{},14,expanding,40,1965:Q3,,1,0.02
bridge,exact,2024:Q4:pre_third:exact,2025-03-26,pre_third,T,2024:Q4,2.494763490806641,,,not_available,2.4495,0.04526349080664094,False,True,0,,,,,,,0,{},14,expanding,40,1965:Q3,,1,0.02
indicator_revision_only_dfm_kalman_em,exact,2024:Q4:pre_third:exact,2025-03-26,pre_third,T,2024:Q4,2.3428290221297825,0.14094113174895664,0.37542127237139433,model_implied_state_space,2.4495,-0.10667097787021751,False,False,50,-3718.6039100068556,-5867.577928662664,-3718.6039100068556,1.3243161348723334,0.00035591015316238216,51.0,0,{},14,expanding,40,1965:Q3,,1,0.02
joint_indicator_revision_dfm_full_kalman_em,exact,2024:Q4:pre_third:exact,2025-03-26,pre_third,T,2024:Q4,2.337253332506358,0.13852386190366167,0.3721879389551221,model_implied_state_space,2.4495,-0.11224666749364198,False,True,50,-3691.1990280022246,-5881.907436452998,-3691.1990280022246,0.3207246603578824,8.685794033372901e-05,50.0,0,{},14,expanding,40,1965:Q3,,1,0.02
midas_umidas,exact,2024:Q4:pre_third:exact,2025-03-26,pre_third,T,2024:Q4,0.994998415434841,,,not_available,2.4495,-1.454501584565159,False,True,0,,,,,,,0,{},14,expanding,40,1965:Q3,,1,0.02
monthly_mixed_frequency_kalman_em,exact,2024:Q4:pre_third:exact,2025-03-26,pre_third,T,2024:Q4,2.451643715948563,0.14369268390096826,0.37906817843360086,model_implied_state_space,2.4495,0.0021437159485628854,False,True,28,-6571.402203876199,-8790.657522762107,-6571.402203876199,0.606597128516114,9.228606668279416e-05,28.0,0,{},14,expanding,40,1965:Q3,,1,0.02
no_revision,exact,2024:Q4:pre_third:exact,2025-03-26,pre_third,T,2024:Q4,2.3451,,,not_available,2.4495,-0.10440000000000005,False,True,0,,,,,,,0,{},14,expanding,40,1965:Q3,,1,0.02
release_dfm,exact,2024:Q4:pre_third:exact,2025-03-26,pre_third,T,2024:Q4,2.413905476816721,,,not_available,2.4495,-0.03559452318327905,False,True,0,,,,,,,0,{},14,expanding,40,1965:Q3,,1,0.02
revision_dfm_kalman_em,exact,2024:Q4:pre_third:exact,2025-03-26,pre_third,T,2024:Q4,2.3476774174691584,0.13917287243792165,0.3730588056029795,model_implied_state_space,2.4495,-0.10182258253084164,False,True,31,-1935.0048319592115,-3596.8367733297146,-1935.0048319592115,0.19119149912125977,9.87459414257878e-05,31.0,0,{},14,expanding,40,1965:Q3,,1,0.02
standard_dfm,exact,2024:Q4:pre_third:exact,2025-03-26,pre_third,T,2024:Q4,2.486521151153671,,,not_available,2.4495,0.037021151153671106,False,True,0,,,,,,,0,{},14,expanding,40,1965:Q3,,1,0.02
ar,pseudo,2024:Q4:pre_third:pseudo,2025-03-31,pre_third,T,2024:Q4,2.6712239159811935,,,not_available,2.4495,0.22172391598119345,False,True,0,,,,,,,0,{},14,expanding,40,1965:Q3,,1,0.02
bridge,pseudo,2024:Q4:pre_third:pseudo,2025-03-31,pre_third,T,2024:Q4,2.436759256767303,,,not_available,2.4495,-0.012740743232697138,False,True,0,,,,,,,0,{},14,expanding,40,1965:Q3,,1,0.02
indicator_revision_only_dfm_kalman_em,pseudo,2024:Q4:pre_third:pseudo,2025-03-31,pre_third,T,2024:Q4,2.3428272296571517,0.14094114588016488,0.37542129119186207,model_implied_state_space,2.4495,-0.10667277034284828,False,False,50,-3718.6127440085415,-5867.581042491889,-3718.6127440085415,1.3244494026557732,0.00035594511108680505,51.0,0,{},14,expanding,40,1965:Q3,,1,0.02
joint_indicator_revision_dfm_full_kalman_em,pseudo,2024:Q4:pre_third:pseudo,2025-03-31,pre_third,T,2024:Q4,2.3372573410988133,0.1385237989244625,0.3721878543483956,model_implied_state_space,2.4495,-0.11224265890118668,False,True,50,-3691.2074048785253,-5881.910546219671,-3691.2074048785253,0.3214856043218788,8.70638020329315e-05,50.0,0,{},14,expanding,40,1965:Q3,,1,0.02
midas_umidas,pseudo,2024:Q4:pre_third:pseudo,2025-03-31,pre_third,T,2024:Q4,0.9907742755655309,,,not_available,2.4495,-1.4587257244344691,False,True,0,,,,,,,0,{},14,expanding,40,1965:Q3,,1,0.02
monthly_mixed_frequency_kalman_em,pseudo,2024:Q4:pre_third:pseudo,2025-03-31,pre_third,T,2024:Q4,2.4516072847721437,0.14369513929056066,0.3790714171374052,model_implied_state_space,2.4495,0.002107284772143725,False,True,28,-6573.047501630251,-8791.999099907303,-6573.047501630251,0.6077740693281157,9.244196750124595e-05,28.0,0,{},14,expanding,40,1965:Q3,,1,0.02
no_revision,pseudo,2024:Q4:pre_third:pseudo,2025-03-31,pre_third,T,2024:Q4,2.3451,,,not_available,2.4495,-0.10440000000000005,False,True,0,,,,,,,0,{},14,expanding,40,1965:Q3,,1,0.02
release_dfm,pseudo,2024:Q4:pre_third:pseudo,2025-03-31,pre_third,T,2024:Q4,2.4140857663958926,,,not_available,2.4495,-0.03541423360410745,False,True,0,,,,,,,0,{},14,expanding,40,1965:Q3,,1,0.02
revision_dfm_kalman_em,pseudo,2024:Q4:pre_third:pseudo,2025-03-31,pre_third,T,2024:Q4,2.347702668503416,0.13917291062057024,0.373058856778083,model_implied_state_space,2.4495,-0.10179733149658388,False,True,31,-1934.9938561808985,-3596.836262313028,-1934.9938561808985,0.19113167025852817,9.871560385903647e-05,31.0,0,{},14,expanding,40,1965:Q3,,1,0.02
standard_dfm,pseudo,2024:Q4:pre_third:pseudo,2025-03-31,pre_third,T,2024:Q4,2.46420038506083,,,not_available,2.4495,0.014700385060829824,False,True,0,,,,,,,0,{},14,expanding,40,1965:Q3,,1,0.02
