model_id,timing_mode,forecast_origin,forecast_origin_date,checkpoint_id,target_id,revision_target_id,target_quarter,forecast_value,forecast_variance,forecast_sd,density_source,realized_value,forecast_error,revision_target_flag,converged,n_iter,loglikelihood,llf_initial,llf_final,llf_last_improvement,llf_relative_last_improvement,llf_history_length,numerical_guard_event_count,numerical_guard_events,n_indicators,estimation_window,rolling_window_quarters,training_window_start,excluded_quarters,initialization_seed,initialization_jitter
ar,exact,2022:Q1:pre_advance:exact,2022-04-27,pre_advance,DELTA_SA,DELTA_SA,2022:Q1,0.15501897663335074,,,not_available,-0.0959000000000001,0.25091897663335083,True,True,0,,,,,,,0,{},14,expanding,40,1965:Q3,,1,0.02
bridge,exact,2022:Q1:pre_advance:exact,2022-04-27,pre_advance,DELTA_SA,DELTA_SA,2022:Q1,0.21573358642871376,,,not_available,-0.0959000000000001,0.31163358642871386,True,True,0,,,,,,,0,{},14,expanding,40,1965:Q3,,1,0.02
indicator_revision_only_dfm_kalman_em,exact,2022:Q1:pre_advance:exact,2022-04-27,pre_advance,DELTA_SA,DELTA_SA,2022:Q1,0.0,0.41789849490399433,0.646450690233984,model_implied_state_space,-0.0959000000000001,0.0959000000000001,True,True,47,-3351.7636207325395,-5377.5312047595935,-3351.7636207325395,0.25944498405851846,7.737643880569925e-05,47.0,0,{},14,expanding,40,1965:Q3,,1,0.02
joint_indicator_revision_dfm_full_kalman_em,exact,2022:Q1:pre_advance:exact,2022-04-27,pre_advance,DELTA_SA,DELTA_SA,2022:Q1,0.5869074328960053,0.3615689834028242,0.6013060646649293,model_implied_state_space,-0.0959000000000001,0.6828074328960054,True,True,48,-3322.2006513280717,-5387.417770392324,-3322.2006513280717,0.28286667897373263,8.511150346951503e-05,48.0,0,{},14,expanding,40,1965:Q3,,1,0.02
midas_umidas,exact,2022:Q1:pre_advance:exact,2022-04-27,pre_advance,DELTA_SA,DELTA_SA,2022:Q1,0.5496909098372074,,,not_available,-0.0959000000000001,0.6455909098372075,True,True,0,,,,,,,0,{},14,expanding,40,1965:Q3,,1,0.02
monthly_mixed_frequency_kalman_em,exact,2022:Q1:pre_advance:exact,2022-04-27,pre_advance,DELTA_SA,DELTA_SA,2022:Q1,0.11075922100108127,0.3746786724935207,0.6121100166583787,model_implied_state_space,-0.0959000000000001,0.20665922100108136,True,True,30,-5981.90197003363,-8025.500464250411,-5981.90197003363,0.5979071422016204,9.992598888191642e-05,30.0,0,{},14,expanding,40,1965:Q3,,1,0.02
no_revision,exact,2022:Q1:pre_advance:exact,2022-04-27,pre_advance,DELTA_SA,DELTA_SA,2022:Q1,0.0,,,not_available,-0.0959000000000001,0.0959000000000001,True,True,0,,,,,,,0,{},14,expanding,40,1965:Q3,,1,0.02
release_dfm,exact,2022:Q1:pre_advance:exact,2022-04-27,pre_advance,DELTA_SA,DELTA_SA,2022:Q1,0.10152938105514586,,,not_available,-0.0959000000000001,0.19742938105514596,True,True,0,,,,,,,0,{},14,expanding,40,1965:Q3,,1,0.02
revision_dfm_kalman_em,exact,2022:Q1:pre_advance:exact,2022-04-27,pre_advance,DELTA_SA,DELTA_SA,2022:Q1,0.028422018897727774,0.4010833450776632,0.6333114124012477,model_implied_state_space,-0.0959000000000001,0.12432201889772787,True,True,27,-1797.0653822952847,-3328.2356057257143,-1797.0653822952847,0.17112066630852496,9.516026731005569e-05,27.0,0,{},14,expanding,40,1965:Q3,,1,0.02
standard_dfm,exact,2022:Q1:pre_advance:exact,2022-04-27,pre_advance,DELTA_SA,DELTA_SA,2022:Q1,0.10152938105514586,,,not_available,-0.0959000000000001,0.19742938105514596,True,True,0,,,,,,,0,{},14,expanding,40,1965:Q3,,1,0.02
ar,pseudo,2022:Q1:pre_advance:pseudo,2022-04-30,pre_advance,DELTA_SA,DELTA_SA,2022:Q1,0.15501897663335074,,,not_available,-0.0959000000000001,0.25091897663335083,True,True,0,,,,,,,0,{},14,expanding,40,1965:Q3,,1,0.02
bridge,pseudo,2022:Q1:pre_advance:pseudo,2022-04-30,pre_advance,DELTA_SA,DELTA_SA,2022:Q1,0.20644906795161866,,,not_available,-0.0959000000000001,0.30234906795161876,True,True,0,,,,,,,0,{},14,expanding,40,1965:Q3,,1,0.02
indicator_revision_only_dfm_kalman_em,pseudo,2022:Q1:pre_advance:pseudo,2022-04-30,pre_advance,DELTA_SA,DELTA_SA,2022:Q1,0.0,0.4178980645576127,0.6464503573806829,model_implied_state_space,-0.0959000000000001,0.0959000000000001,True,True,47,-3351.5215725734915,-5377.284433650469,-3351.5215725734915,0.2638332004703443,7.869075068627622e-05,47.0,0,{},14,expanding,40,1965:Q3,,1,0.02
joint_indicator_revision_dfm_full_kalman_em,pseudo,2022:Q1:pre_advance:pseudo,2022-04-30,pre_advance,DELTA_SA,DELTA_SA,2022:Q1,0.5871077570967191,0.36155592278057824,0.6012952043552138,model_implied_state_space,-0.0959000000000001,0.6830077570967192,True,True,48,-3321.960795272329,-5387.171102871397,-3321.960795272329,0.2879729644823783,8.665404986674101e-05,48.0,0,{},14,expanding,40,1965:Q3,,1,0.02
midas_umidas,pseudo,2022:Q1:pre_advance:pseudo,2022-04-30,pre_advance,DELTA_SA,DELTA_SA,2022:Q1,0.24860486732372156,,,not_available,-0.0959000000000001,0.34450486732372165,True,True,0,,,,,,,0,{},14,expanding,40,1965:Q3,,1,0.02
monthly_mixed_frequency_kalman_em,pseudo,2022:Q1:pre_advance:pseudo,2022-04-30,pre_advance,DELTA_SA,DELTA_SA,2022:Q1,0.11024703917664969,0.3746811128667389,0.612112010065755,model_implied_state_space,-0.0959000000000001,0.20614703917664978,True,True,30,-5983.494801796293,-8026.848095630857,-5983.494801796293,0.5982077376793313,9.994961427105885e-05,30.0,0,{},14,expanding,40,1965:Q3,,1,0.02
no_revision,pseudo,2022:Q1:pre_advance:pseudo,2022-04-30,pre_advance,DELTA_SA,DELTA_SA,2022:Q1,0.0,,,not_available,-0.0959000000000001,0.0959000000000001,True,True,0,,,,,,,0,{},14,expanding,40,1965:Q3,,1,0.02
release_dfm,pseudo,2022:Q1:pre_advance:pseudo,2022-04-30,pre_advance,DELTA_SA,DELTA_SA,2022:Q1,0.10162773947391557,,,not_available,-0.0959000000000001,0.19752773947391566,True,True,0,,,,,,,0,{},14,expanding,40,1965:Q3,,1,0.02
revision_dfm_kalman_em,pseudo,2022:Q1:pre_advance:pseudo,2022-04-30,pre_advance,DELTA_SA,DELTA_SA,2022:Q1,0.028442371976988845,0.40107861224570307,0.6333076758146099,model_implied_state_space,-0.0959000000000001,0.12434237197698894,True,True,27,-1796.783300491873,-3328.098928634495,-1796.783300491873,0.17104880042120385,9.513522992868624e-05,27.0,0,{},14,expanding,40,1965:Q3,,1,0.02
standard_dfm,pseudo,2022:Q1:pre_advance:pseudo,2022-04-30,pre_advance,DELTA_SA,DELTA_SA,2022:Q1,0.10162773947391557,,,not_available,-0.0959000000000001,0.19752773947391566,True,True,0,,,,,,,0,{},14,expanding,40,1965:Q3,,1,0.02
ar,exact,2022:Q1:pre_second:exact,2022-05-25,pre_second,DELTA_TS,DELTA_TS,2022:Q1,0.05055020273613664,,,not_available,-0.06390000000000007,0.11445020273613671,True,True,0,,,,,,,0,{},14,expanding,40,1965:Q3,,1,0.02
bridge,exact,2022:Q1:pre_second:exact,2022-05-25,pre_second,DELTA_TS,DELTA_TS,2022:Q1,-0.06204397534644901,,,not_available,-0.06390000000000007,0.0018560246535510583,True,True,0,,,,,,,0,{},14,expanding,40,1965:Q3,,1,0.02
indicator_revision_only_dfm_kalman_em,exact,2022:Q1:pre_second:exact,2022-05-25,pre_second,DELTA_TS,DELTA_TS,2022:Q1,0.0,0.14500782102392273,0.3807989246622458,model_implied_state_space,-0.06390000000000007,0.06390000000000007,True,True,46,-3360.4095128336694,-5378.814343879842,-3360.4095128336694,0.31133807412152237,9.261270876713317e-05,46.0,0,{},14,expanding,40,1965:Q3,,1,0.02
joint_indicator_revision_dfm_full_kalman_em,exact,2022:Q1:pre_second:exact,2022-05-25,pre_second,DELTA_TS,DELTA_TS,2022:Q1,-0.0009156270741406125,0.14170900524734753,0.3764425656688514,model_implied_state_space,-0.06390000000000007,0.06298437292585946,True,True,47,-3331.760850252098,-5388.739907497518,-3331.760850252098,0.26128963124028814,7.839420810131005e-05,47.0,0,{},14,expanding,40,1965:Q3,,1,0.02
midas_umidas,exact,2022:Q1:pre_second:exact,2022-05-25,pre_second,DELTA_TS,DELTA_TS,2022:Q1,0.0030849524922702543,,,not_available,-0.06390000000000007,0.06698495249227032,True,True,0,,,,,,,0,{},14,expanding,40,1965:Q3,,1,0.02
monthly_mixed_frequency_kalman_em,exact,2022:Q1:pre_second:exact,2022-05-25,pre_second,DELTA_TS,DELTA_TS,2022:Q1,0.13496205192457733,0.14625553292713545,0.38243369742628,model_implied_state_space,-0.06390000000000007,0.1988620519245774,True,True,30,-6002.810123287169,-8069.8821851924995,-6002.810123287169,0.5860690577828791,9.760666002187911e-05,30.0,0,{},14,expanding,40,1965:Q3,,1,0.02
no_revision,exact,2022:Q1:pre_second:exact,2022-05-25,pre_second,DELTA_TS,DELTA_TS,2022:Q1,0.0,,,not_available,-0.06390000000000007,0.06390000000000007,True,True,0,,,,,,,0,{},14,expanding,40,1965:Q3,,1,0.02
release_dfm,exact,2022:Q1:pre_second:exact,2022-05-25,pre_second,DELTA_TS,DELTA_TS,2022:Q1,0.028301465522636793,,,not_available,-0.06390000000000007,0.09220146552263686,True,True,0,,,,,,,0,{},14,expanding,40,1965:Q3,,1,0.02
revision_dfm_kalman_em,exact,2022:Q1:pre_second:exact,2022-05-25,pre_second,DELTA_TS,DELTA_TS,2022:Q1,-0.018602737225162258,0.1433471798196232,0.3786121760055046,model_implied_state_space,-0.06390000000000007,0.04529726277483781,True,True,28,-1799.5910657317424,-3329.457481588307,-1799.5910657317424,0.1625419288500325,9.026328097223422e-05,28.0,0,{},14,expanding,40,1965:Q3,,1,0.02
standard_dfm,exact,2022:Q1:pre_second:exact,2022-05-25,pre_second,DELTA_TS,DELTA_TS,2022:Q1,0.08391315793724186,,,not_available,-0.06390000000000007,0.14781315793724192,True,True,0,,,,,,,0,{},14,expanding,40,1965:Q3,,1,0.02
ar,pseudo,2022:Q1:pre_second:pseudo,2022-05-31,pre_second,DELTA_TS,DELTA_TS,2022:Q1,0.05055020273613664,,,not_available,-0.06390000000000007,0.11445020273613671,True,True,0,,,,,,,0,{},14,expanding,40,1965:Q3,,1,0.02
bridge,pseudo,2022:Q1:pre_second:pseudo,2022-05-31,pre_second,DELTA_TS,DELTA_TS,2022:Q1,-0.05703745923933212,,,not_available,-0.06390000000000007,0.006862540760667946,True,True,0,,,,,,,0,{},14,expanding,40,1965:Q3,,1,0.02
indicator_revision_only_dfm_kalman_em,pseudo,2022:Q1:pre_second:pseudo,2022-05-31,pre_second,DELTA_TS,DELTA_TS,2022:Q1,0.0,0.14500783335343193,0.38079894085124755,model_implied_state_space,-0.06390000000000007,0.06390000000000007,True,True,46,-3359.986039835329,-5378.600731374312,-3359.986039835329,0.30620194081711816,9.109649467887906e-05,46.0,0,{},14,expanding,40,1965:Q3,,1,0.02
joint_indicator_revision_dfm_full_kalman_em,pseudo,2022:Q1:pre_second:pseudo,2022-05-31,pre_second,DELTA_TS,DELTA_TS,2022:Q1,-0.000914613857360802,0.14170889578398504,0.37644242027697283,model_implied_state_space,-0.06390000000000007,0.06298538614263927,True,True,47,-3331.3416659107506,-5388.526313209992,-3331.3416659107506,0.25748258728026485,7.72617935152236e-05,47.0,0,{},14,expanding,40,1965:Q3,,1,0.02
midas_umidas,pseudo,2022:Q1:pre_second:pseudo,2022-05-31,pre_second,DELTA_TS,DELTA_TS,2022:Q1,0.035248204306959074,,,not_available,-0.06390000000000007,0.09914820430695914,True,True,0,,,,,,,0,{},14,expanding,40,1965:Q3,,1,0.02
monthly_mixed_frequency_kalman_em,pseudo,2022:Q1:pre_second:pseudo,2022-05-31,pre_second,DELTA_TS,DELTA_TS,2022:Q1,0.1349551650416001,0.14625523124668582,0.38243330300417855,model_implied_state_space,-0.06390000000000007,0.19885516504160017,True,True,30,-6004.001963502234,-8071.104270468266,-6004.001963502234,0.5862323684250441,9.761447993189536e-05,30.0,0,{},14,expanding,40,1965:Q3,,1,0.02
no_revision,pseudo,2022:Q1:pre_second:pseudo,2022-05-31,pre_second,DELTA_TS,DELTA_TS,2022:Q1,0.0,,,not_available,-0.06390000000000007,0.06390000000000007,True,True,0,,,,,,,0,{},14,expanding,40,1965:Q3,,1,0.02
release_dfm,pseudo,2022:Q1:pre_second:pseudo,2022-05-31,pre_second,DELTA_TS,DELTA_TS,2022:Q1,0.02819761453945957,,,not_available,-0.06390000000000007,0.09209761453945964,True,True,0,,,,,,,0,{},14,expanding,40,1965:Q3,,1,0.02
revision_dfm_kalman_em,pseudo,2022:Q1:pre_second:pseudo,2022-05-31,pre_second,DELTA_TS,DELTA_TS,2022:Q1,-0.018552108838649772,0.1433467571707593,0.37861161784968944,model_implied_state_space,-0.06390000000000007,0.045347891161350296,True,True,28,-1799.317761659531,-3329.310959574817,-1799.317761659531,0.16248095236574045,9.024311876371093e-05,28.0,0,{},14,expanding,40,1965:Q3,,1,0.02
standard_dfm,pseudo,2022:Q1:pre_second:pseudo,2022-05-31,pre_second,DELTA_TS,DELTA_TS,2022:Q1,0.08393344939555902,,,not_available,-0.06390000000000007,0.1478334493955591,True,True,0,,,,,,,0,{},14,expanding,40,1965:Q3,,1,0.02
ar,exact,2022:Q1:pre_third:exact,2022-06-28,pre_third,DELTA_MT,DELTA_MT,2022:Q1,-0.11901069775613271,,,not_available,0.5592000000000001,-0.6782106977561329,True,True,0,,,,,,,0,{},14,expanding,40,1965:Q3,,1,0.02
bridge,exact,2022:Q1:pre_third:exact,2022-06-28,pre_third,DELTA_MT,DELTA_MT,2022:Q1,-1.4503658517931148,,,not_available,0.5592000000000001,-2.009565851793115,True,True,0,,,,,,,0,{},14,expanding,40,1965:Q3,,1,0.02
indicator_revision_only_dfm_kalman_em,exact,2022:Q1:pre_third:exact,2022-06-28,pre_third,DELTA_MT,DELTA_MT,2022:Q1,0.0,4.2122876287478,2.0523858381765843,model_implied_state_space,0.5592000000000001,-0.5592000000000001,True,True,44,-3361.786000362897,-5380.260754988047,-3361.786000362897,0.26789007159140965,7.965678824040482e-05,44.0,0,{},14,expanding,40,1965:Q3,,1,0.02
joint_indicator_revision_dfm_full_kalman_em,exact,2022:Q1:pre_third:exact,2022-06-28,pre_third,DELTA_MT,DELTA_MT,2022:Q1,-0.006228829801337987,4.213680096490632,2.0527250416192206,model_implied_state_space,0.5592000000000001,-0.5654288298013381,True,True,44,-3332.4609532469003,-5390.149046886094,-3332.4609532469003,0.3274300134889927,9.82155961467391e-05,44.0,0,{},14,expanding,40,1965:Q3,,1,0.02
midas_umidas,exact,2022:Q1:pre_third:exact,2022-06-28,pre_third,DELTA_MT,DELTA_MT,2022:Q1,-2.8822020899990735,,,not_available,0.5592000000000001,-3.4414020899990736,True,True,0,,,,,,,0,{},14,expanding,40,1965:Q3,,1,0.02
monthly_mixed_frequency_kalman_em,exact,2022:Q1:pre_third:exact,2022-06-28,pre_third,DELTA_MT,DELTA_MT,2022:Q1,-0.0016973752614397597,4.1861375821537,2.0460052742243113,model_implied_state_space,0.5592000000000001,-0.5608973752614399,True,True,30,-6047.61711568817,-8091.353649054499,-6047.61711568817,0.5739446646639408,9.487957297722781e-05,30.0,0,{},14,expanding,40,1965:Q3,,1,0.02
no_revision,exact,2022:Q1:pre_third:exact,2022-06-28,pre_third,DELTA_MT,DELTA_MT,2022:Q1,0.0,,,not_available,0.5592000000000001,-0.5592000000000001,True,True,0,,,,,,,0,{},14,expanding,40,1965:Q3,,1,0.02
release_dfm,exact,2022:Q1:pre_third:exact,2022-06-28,pre_third,DELTA_MT,DELTA_MT,2022:Q1,1.8453726538775892,,,not_available,0.5592000000000001,1.286172653877589,True,True,0,,,,,,,0,{},14,expanding,40,1965:Q3,,1,0.02
revision_dfm_kalman_em,exact,2022:Q1:pre_third:exact,2022-06-28,pre_third,DELTA_MT,DELTA_MT,2022:Q1,-0.009020317457463456,4.194819412681348,2.048125829308675,model_implied_state_space,0.5592000000000001,-0.5682203174574636,True,True,27,-1804.6573284585456,-3331.5484466789385,-1804.6573284585456,0.17731641768295958,9.819083833952738e-05,27.0,0,{},14,expanding,40,1965:Q3,,1,0.02
standard_dfm,exact,2022:Q1:pre_third:exact,2022-06-28,pre_third,DELTA_MT,DELTA_MT,2022:Q1,-1.4807902568058573,,,not_available,0.5592000000000001,-2.0399902568058574,True,True,0,,,,,,,0,{},14,expanding,40,1965:Q3,,1,0.02
ar,pseudo,2022:Q1:pre_third:pseudo,2022-06-30,pre_third,DELTA_MT,DELTA_MT,2022:Q1,-0.11901069775613271,,,not_available,0.5592000000000001,-0.6782106977561329,True,True,0,,,,,,,0,{},14,expanding,40,1965:Q3,,1,0.02
bridge,pseudo,2022:Q1:pre_third:pseudo,2022-06-30,pre_third,DELTA_MT,DELTA_MT,2022:Q1,-1.4343605049742632,,,not_available,0.5592000000000001,-1.9935605049742633,True,True,0,,,,,,,0,{},14,expanding,40,1965:Q3,,1,0.02
indicator_revision_only_dfm_kalman_em,pseudo,2022:Q1:pre_third:pseudo,2022-06-30,pre_third,DELTA_MT,DELTA_MT,2022:Q1,0.0,4.2122876152355575,2.0523858348847464,model_implied_state_space,0.5592000000000001,-0.5592000000000001,True,True,44,-3361.8071940358655,-5380.2835249514255,-3361.8071940358655,0.26764401330456167,7.958312740367527e-05,44.0,0,{},14,expanding,40,1965:Q3,,1,0.02
joint_indicator_revision_dfm_full_kalman_em,pseudo,2022:Q1:pre_third:pseudo,2022-06-30,pre_third,DELTA_MT,DELTA_MT,2022:Q1,-0.006228663544387558,4.213679994521754,2.0527250167817788,model_implied_state_space,0.5592000000000001,-0.5654286635443877,True,True,44,-3332.481900530723,-5390.171802165034,-3332.481900530723,0.3271168768606003,9.812106067040725e-05,44.0,0,{},14,expanding,40,1965:Q3,,1,0.02
midas_umidas,pseudo,2022:Q1:pre_third:pseudo,2022-06-30,pre_third,DELTA_MT,DELTA_MT,2022:Q1,-2.816728985896883,,,not_available,0.5592000000000001,-3.3759289858968833,True,True,0,,,,,,,0,{},14,expanding,40,1965:Q3,,1,0.02
monthly_mixed_frequency_kalman_em,pseudo,2022:Q1:pre_third:pseudo,2022-06-30,pre_third,DELTA_MT,DELTA_MT,2022:Q1,-0.0017134023257634468,4.186137896478833,2.0460053510386604,model_implied_state_space,0.5592000000000001,-0.5609134023257636,True,True,30,-6048.941863502767,-8092.68867326132,-6048.941863502767,0.574037395290361,9.487412390820404e-05,30.0,0,{},14,expanding,40,1965:Q3,,1,0.02
no_revision,pseudo,2022:Q1:pre_third:pseudo,2022-06-30,pre_third,DELTA_MT,DELTA_MT,2022:Q1,0.0,,,not_available,0.5592000000000001,-0.5592000000000001,True,True,0,,,,,,,0,{},14,expanding,40,1965:Q3,,1,0.02
release_dfm,pseudo,2022:Q1:pre_third:pseudo,2022-06-30,pre_third,DELTA_MT,DELTA_MT,2022:Q1,1.843996627235668,,,not_available,0.5592000000000001,1.284796627235668,True,True,0,,,,,,,0,{},14,expanding,40,1965:Q3,,1,0.02
revision_dfm_kalman_em,pseudo,2022:Q1:pre_third:pseudo,2022-06-30,pre_third,DELTA_MT,DELTA_MT,2022:Q1,-0.00901782664529982,4.194819682130913,2.048125895088218,model_implied_state_space,0.5592000000000001,-0.5682178266453,True,True,27,-1804.6749527414843,-3331.561459535889,-1804.6749527414843,0.1773164954593085,9.818992310718359e-05,27.0,0,{},14,expanding,40,1965:Q3,,1,0.02
standard_dfm,pseudo,2022:Q1:pre_third:pseudo,2022-06-30,pre_third,DELTA_MT,DELTA_MT,2022:Q1,-1.4778218899437547,,,not_available,0.5592000000000001,-2.037021889943755,True,True,0,,,,,,,0,{},14,expanding,40,1965:Q3,,1,0.02
ar,exact,2022:Q2:pre_advance:exact,2022-07-27,pre_advance,DELTA_SA,DELTA_SA,2022:Q2,0.025230306288891224,,,not_available,0.3589,-0.3336696937111088,True,True,0,,,,,,,0,{},14,expanding,40,1965:Q3,,1,0.02
bridge,exact,2022:Q2:pre_advance:exact,2022-07-27,pre_advance,DELTA_SA,DELTA_SA,2022:Q2,8.978895093680883e-05,,,not_available,0.3589,-0.3588102110490632,True,True,0,,,,,,,0,{},14,expanding,40,1965:Q3,,1,0.02
indicator_revision_only_dfm_kalman_em,exact,2022:Q2:pre_advance:exact,2022-07-27,pre_advance,DELTA_SA,DELTA_SA,2022:Q2,0.0,0.41691945451671053,0.645693003304752,model_implied_state_space,0.3589,-0.3589,True,True,42,-3402.158896712819,-5422.308329100518,-3402.158896712819,0.27030651415543616,7.942181194753339e-05,42.0,0,{},14,expanding,40,1965:Q3,,1,0.02
joint_indicator_revision_dfm_full_kalman_em,exact,2022:Q2:pre_advance:exact,2022-07-27,pre_advance,DELTA_SA,DELTA_SA,2022:Q2,-0.20091868864964768,0.3668610459908139,0.6056905529978274,model_implied_state_space,0.3589,-0.5598186886496477,True,True,42,-3372.855705307153,-5432.19533274812,-3372.855705307153,0.3281831362073717,9.726296700408201e-05,42.0,0,{},14,expanding,40,1965:Q3,,1,0.02
midas_umidas,exact,2022:Q2:pre_advance:exact,2022-07-27,pre_advance,DELTA_SA,DELTA_SA,2022:Q2,0.5120739786047537,,,not_available,0.3589,0.15317397860475368,True,True,0,,,,,,,0,{},14,expanding,40,1965:Q3,,1,0.02
monthly_mixed_frequency_kalman_em,exact,2022:Q2:pre_advance:exact,2022-07-27,pre_advance,DELTA_SA,DELTA_SA,2022:Q2,0.11819607610480176,0.3751221369881961,0.6124721520103555,model_implied_state_space,0.3589,-0.24070392389519824,True,True,30,-6063.46395130229,-8113.248108912679,-6063.46395130229,0.5797759539073013,9.559303773883749e-05,30.0,0,{},14,expanding,40,1965:Q3,,1,0.02
no_revision,exact,2022:Q2:pre_advance:exact,2022-07-27,pre_advance,DELTA_SA,DELTA_SA,2022:Q2,0.0,,,not_available,0.3589,-0.3589,True,True,0,,,,,,,0,{},14,expanding,40,1965:Q3,,1,0.02
release_dfm,exact,2022:Q2:pre_advance:exact,2022-07-27,pre_advance,DELTA_SA,DELTA_SA,2022:Q2,0.09563348588716103,,,not_available,0.3589,-0.26326651411283897,True,True,0,,,,,,,0,{},14,expanding,40,1965:Q3,,1,0.02
revision_dfm_kalman_em,exact,2022:Q2:pre_advance:exact,2022-07-27,pre_advance,DELTA_SA,DELTA_SA,2022:Q2,0.47441962314655894,0.39672065263043343,0.6298576447344538,model_implied_state_space,0.3589,0.11551962314655895,True,True,24,-1823.8219539445502,-3372.0186189256337,-1823.8219539445502,0.1758347321454039,9.634791517906525e-05,24.0,0,{},14,expanding,40,1965:Q3,,1,0.02
standard_dfm,exact,2022:Q2:pre_advance:exact,2022-07-27,pre_advance,DELTA_SA,DELTA_SA,2022:Q2,0.09563348588716103,,,not_available,0.3589,-0.26326651411283897,True,True,0,,,,,,,0,{},14,expanding,40,1965:Q3,,1,0.02
ar,pseudo,2022:Q2:pre_advance:pseudo,2022-07-31,pre_advance,DELTA_SA,DELTA_SA,2022:Q2,0.025230306288891224,,,not_available,0.3589,-0.3336696937111088,True,True,0,,,,,,,0,{},14,expanding,40,1965:Q3,,1,0.02
bridge,pseudo,2022:Q2:pre_advance:pseudo,2022-07-31,pre_advance,DELTA_SA,DELTA_SA,2022:Q2,0.0011555012849850943,,,not_available,0.3589,-0.3577444987150149,True,True,0,,,,,,,0,{},14,expanding,40,1965:Q3,,1,0.02
indicator_revision_only_dfm_kalman_em,pseudo,2022:Q2:pre_advance:pseudo,2022-07-31,pre_advance,DELTA_SA,DELTA_SA,2022:Q2,0.0,0.4169194958507978,0.6456930353122897,model_implied_state_space,0.3589,-0.3589,True,True,42,-3402.1748678465383,-5422.324576043858,-3402.1748678465383,0.2700198698380518,7.933722412036123e-05,42.0,0,{},14,expanding,40,1965:Q3,,1,0.02
joint_indicator_revision_dfm_full_kalman_em,pseudo,2022:Q2:pre_advance:pseudo,2022-07-31,pre_advance,DELTA_SA,DELTA_SA,2022:Q2,-0.2011986541149713,0.36685713861121894,0.6056873274315874,model_implied_state_space,0.3589,-0.5600986541149713,True,True,42,-3372.8713267207213,-5432.21157089145,-3372.8713267207213,0.3278721942388074,9.717037285298424e-05,42.0,0,{},14,expanding,40,1965:Q3,,1,0.02
midas_umidas,pseudo,2022:Q2:pre_advance:pseudo,2022-07-31,pre_advance,DELTA_SA,DELTA_SA,2022:Q2,0.40312160788759854,,,not_available,0.3589,0.044221607887598546,True,True,0,,,,,,,0,{},14,expanding,40,1965:Q3,,1,0.02
monthly_mixed_frequency_kalman_em,pseudo,2022:Q2:pre_advance:pseudo,2022-07-31,pre_advance,DELTA_SA,DELTA_SA,2022:Q2,0.11792084178244178,0.37512220798769036,0.6124722099717589,model_implied_state_space,0.3589,-0.24097915821755822,True,True,30,-6064.65760649996,-8114.616257641953,-6064.65760649996,0.5794813835627792,9.552567352176424e-05,30.0,0,{},14,expanding,40,1965:Q3,,1,0.02
no_revision,pseudo,2022:Q2:pre_advance:pseudo,2022-07-31,pre_advance,DELTA_SA,DELTA_SA,2022:Q2,0.0,,,not_available,0.3589,-0.3589,True,True,0,,,,,,,0,{},14,expanding,40,1965:Q3,,1,0.02
release_dfm,pseudo,2022:Q2:pre_advance:pseudo,2022-07-31,pre_advance,DELTA_SA,DELTA_SA,2022:Q2,0.09562769819894834,,,not_available,0.3589,-0.26327230180105166,True,True,0,,,,,,,0,{},14,expanding,40,1965:Q3,,1,0.02
revision_dfm_kalman_em,pseudo,2022:Q2:pre_advance:pseudo,2022-07-31,pre_advance,DELTA_SA,DELTA_SA,2022:Q2,0.4744169920197967,0.39672068146758654,0.6298576676262555,model_implied_state_space,0.3589,0.1155169920197967,True,True,24,-1823.8372054391705,-3372.0249144850854,-1823.8372054391705,0.17583846738966713,9.634915650425893e-05,24.0,0,{},14,expanding,40,1965:Q3,,1,0.02
standard_dfm,pseudo,2022:Q2:pre_advance:pseudo,2022-07-31,pre_advance,DELTA_SA,DELTA_SA,2022:Q2,0.09562769819894834,,,not_available,0.3589,-0.26327230180105166,True,True,0,,,,,,,0,{},14,expanding,40,1965:Q3,,1,0.02
ar,exact,2022:Q2:pre_second:exact,2022-08-24,pre_second,DELTA_TS,DELTA_TS,2022:Q2,0.07191326146882648,,,not_available,-0.0022999999999999687,0.07421326146882645,True,True,0,,,,,,,0,{},14,expanding,40,1965:Q3,,1,0.02
bridge,exact,2022:Q2:pre_second:exact,2022-08-24,pre_second,DELTA_TS,DELTA_TS,2022:Q2,0.633752136606347,,,not_available,-0.0022999999999999687,0.636052136606347,True,True,0,,,,,,,0,{},14,expanding,40,1965:Q3,,1,0.02
indicator_revision_only_dfm_kalman_em,exact,2022:Q2:pre_second:exact,2022-08-24,pre_second,DELTA_TS,DELTA_TS,2022:Q2,0.0,0.144408362950891,0.380011003723433,model_implied_state_space,-0.0022999999999999687,0.0022999999999999687,True,True,45,-3406.002740979628,-5441.502425285324,-3406.002740979628,0.2845751912268497,8.351957578577737e-05,45.0,0,{},14,expanding,40,1965:Q3,,1,0.02
joint_indicator_revision_dfm_full_kalman_em,exact,2022:Q2:pre_second:exact,2022-08-24,pre_second,DELTA_TS,DELTA_TS,2022:Q2,-0.010899407461903099,0.1413068403936868,0.37590802118827793,model_implied_state_space,-0.0022999999999999687,-0.00859940746190313,True,True,46,-3378.1623029330126,-5452.928144914211,-3378.1623029330126,0.3202542651388285,9.476429001141041e-05,46.0,0,{},14,expanding,40,1965:Q3,,1,0.02
midas_umidas,exact,2022:Q2:pre_second:exact,2022-08-24,pre_second,DELTA_TS,DELTA_TS,2022:Q2,-0.2215835993297648,,,not_available,-0.0022999999999999687,-0.21928359932976482,True,True,0,,,,,,,0,{},14,expanding,40,1965:Q3,,1,0.02
monthly_mixed_frequency_kalman_em,exact,2022:Q2:pre_second:exact,2022-08-24,pre_second,DELTA_TS,DELTA_TS,2022:Q2,0.10459310141053235,0.14559235827718642,0.3815656670576985,model_implied_state_space,-0.0022999999999999687,0.10689310141053232,True,True,30,-6083.510901848554,-8134.028902135234,-6083.510901848554,0.5524916390013459,9.079472197325693e-05,30.0,0,{},14,expanding,40,1965:Q3,,1,0.02
no_revision,exact,2022:Q2:pre_second:exact,2022-08-24,pre_second,DELTA_TS,DELTA_TS,2022:Q2,0.0,,,not_available,-0.0022999999999999687,0.0022999999999999687,True,True,0,,,,,,,0,{},14,expanding,40,1965:Q3,,1,0.02
release_dfm,exact,2022:Q2:pre_second:exact,2022-08-24,pre_second,DELTA_TS,DELTA_TS,2022:Q2,0.03270159997090649,,,not_available,-0.0022999999999999687,0.03500159997090646,True,True,0,,,,,,,0,{},14,expanding,40,1965:Q3,,1,0.02
revision_dfm_kalman_em,exact,2022:Q2:pre_second:exact,2022-08-24,pre_second,DELTA_TS,DELTA_TS,2022:Q2,0.002823293474381483,0.14283209211584347,0.37793133254050726,model_implied_state_space,-0.0022999999999999687,0.005123293474381452,True,True,27,-1826.761269580388,-3355.555381600948,-1826.761269580388,0.1816497451975465,9.937386079022953e-05,27.0,0,{},14,expanding,40,1965:Q3,,1,0.02
standard_dfm,exact,2022:Q2:pre_second:exact,2022-08-24,pre_second,DELTA_TS,DELTA_TS,2022:Q2,0.07119208186901194,,,not_available,-0.0022999999999999687,0.0734920818690119,True,True,0,,,,,,,0,{},14,expanding,40,1965:Q3,,1,0.02
ar,pseudo,2022:Q2:pre_second:pseudo,2022-08-31,pre_second,DELTA_TS,DELTA_TS,2022:Q2,0.07191326146882648,,,not_available,-0.0022999999999999687,0.07421326146882645,True,True,0,,,,,,,0,{},14,expanding,40,1965:Q3,,1,0.02
bridge,pseudo,2022:Q2:pre_second:pseudo,2022-08-31,pre_second,DELTA_TS,DELTA_TS,2022:Q2,0.6301255249765756,,,not_available,-0.0022999999999999687,0.6324255249765756,True,True,0,,,,,,,0,{},14,expanding,40,1965:Q3,,1,0.02
indicator_revision_only_dfm_kalman_em,pseudo,2022:Q2:pre_second:pseudo,2022-08-31,pre_second,DELTA_TS,DELTA_TS,2022:Q2,0.0,0.14440838349591956,0.38001103075558157,model_implied_state_space,-0.0022999999999999687,0.0022999999999999687,True,True,45,-3406.0266634473314,-5441.518845581216,-3406.0266634473314,0.2846819414771744,8.355031654575415e-05,45.0,0,{},14,expanding,40,1965:Q3,,1,0.02
joint_indicator_revision_dfm_full_kalman_em,pseudo,2022:Q2:pre_second:pseudo,2022-08-31,pre_second,DELTA_TS,DELTA_TS,2022:Q2,-0.010897590483595287,0.141307999107962,0.37590956240558976,model_implied_state_space,-0.0022999999999999687,-0.008597590483595319,True,True,46,-3378.187661934736,-5452.944576815732,-3378.187661934736,0.3206274976023451,9.487400832983353e-05,46.0,0,{},14,expanding,40,1965:Q3,,1,0.02
midas_umidas,pseudo,2022:Q2:pre_second:pseudo,2022-08-31,pre_second,DELTA_TS,DELTA_TS,2022:Q2,-0.22083717315450802,,,not_available,-0.0022999999999999687,-0.21853717315450805,True,True,0,,,,,,,0,{},14,expanding,40,1965:Q3,,1,0.02
monthly_mixed_frequency_kalman_em,pseudo,2022:Q2:pre_second:pseudo,2022-08-31,pre_second,DELTA_TS,DELTA_TS,2022:Q2,0.10459648634523022,0.1455925498905195,0.3815659181458946,model_implied_state_space,-0.0022999999999999687,0.10689648634523019,True,True,30,-6084.814599068977,-8135.348329802102,-6084.814599068977,0.5526579144934658,9.080259063554677e-05,30.0,0,{},14,expanding,40,1965:Q3,,1,0.02
no_revision,pseudo,2022:Q2:pre_second:pseudo,2022-08-31,pre_second,DELTA_TS,DELTA_TS,2022:Q2,0.0,,,not_available,-0.0022999999999999687,0.0022999999999999687,True,True,0,,,,,,,0,{},14,expanding,40,1965:Q3,,1,0.02
release_dfm,pseudo,2022:Q2:pre_second:pseudo,2022-08-31,pre_second,DELTA_TS,DELTA_TS,2022:Q2,0.0327277556145511,,,not_available,-0.0022999999999999687,0.03502775561455107,True,True,0,,,,,,,0,{},14,expanding,40,1965:Q3,,1,0.02
revision_dfm_kalman_em,pseudo,2022:Q2:pre_second:pseudo,2022-08-31,pre_second,DELTA_TS,DELTA_TS,2022:Q2,0.0028335552379075146,0.14283210858127682,0.37793135432413755,model_implied_state_space,-0.0022999999999999687,0.005133555237907483,True,True,27,-1826.782980518063,-3355.5663776708075,-1826.782980518063,0.18167460081190256,9.938627659082831e-05,27.0,0,{},14,expanding,40,1965:Q3,,1,0.02
standard_dfm,pseudo,2022:Q2:pre_second:pseudo,2022-08-31,pre_second,DELTA_TS,DELTA_TS,2022:Q2,0.0711424733240138,,,not_available,-0.0022999999999999687,0.07344247332401377,True,True,0,,,,,,,0,{},14,expanding,40,1965:Q3,,1,0.02
ar,exact,2022:Q2:pre_third:exact,2022-09-28,pre_third,DELTA_MT,DELTA_MT,2022:Q2,0.6040262600518358,,,not_available,1.2039,-0.5998737399481642,True,True,0,,,,,,,0,{},14,expanding,40,1965:Q3,,1,0.02
bridge,exact,2022:Q2:pre_third:exact,2022-09-28,pre_third,DELTA_MT,DELTA_MT,2022:Q2,0.854486610676632,,,not_available,1.2039,-0.34941338932336796,True,True,0,,,,,,,0,{},14,expanding,40,1965:Q3,,1,0.02
indicator_revision_only_dfm_kalman_em,exact,2022:Q2:pre_third:exact,2022-09-28,pre_third,DELTA_MT,DELTA_MT,2022:Q2,0.0,4.200394424303003,2.0494863806092987,model_implied_state_space,1.2039,-1.2039,True,True,42,-3405.009403179225,-5425.181607585884,-3405.009403179225,0.2689008645738795,7.894271711581847e-05,42.0,0,{},14,expanding,40,1965:Q3,,1,0.02
joint_indicator_revision_dfm_full_kalman_em,exact,2022:Q2:pre_third:exact,2022-09-28,pre_third,DELTA_MT,DELTA_MT,2022:Q2,-0.002486291124680573,4.200008146794382,2.049392140805264,model_implied_state_space,1.2039,-1.2063862911246805,True,True,42,-3377.5807376083258,-5435.090458696332,-3377.5807376083258,0.3180141597531474,9.411769428922364e-05,42.0,0,{},14,expanding,40,1965:Q3,,1,0.02
midas_umidas,exact,2022:Q2:pre_third:exact,2022-09-28,pre_third,DELTA_MT,DELTA_MT,2022:Q2,3.502512170608222,,,not_available,1.2039,2.298612170608222,True,True,0,,,,,,,0,{},14,expanding,40,1965:Q3,,1,0.02
monthly_mixed_frequency_kalman_em,exact,2022:Q2:pre_third:exact,2022-09-28,pre_third,DELTA_MT,DELTA_MT,2022:Q2,0.08164983883937094,4.175337163823506,2.0433641779730567,model_implied_state_space,1.2039,-1.122250161160629,True,True,30,-6099.540892453302,-8154.724299572415,-6099.540892453302,0.550843461624936,9.028604804978087e-05,30.0,0,{},14,expanding,40,1965:Q3,,1,0.02
no_revision,exact,2022:Q2:pre_third:exact,2022-09-28,pre_third,DELTA_MT,DELTA_MT,2022:Q2,0.0,,,not_available,1.2039,-1.2039,True,True,0,,,,,,,0,{},14,expanding,40,1965:Q3,,1,0.02
release_dfm,exact,2022:Q2:pre_third:exact,2022-09-28,pre_third,DELTA_MT,DELTA_MT,2022:Q2,1.1344286172170908,,,not_available,1.2039,-0.06947138278290921,True,True,0,,,,,,,0,{},14,expanding,40,1965:Q3,,1,0.02
revision_dfm_kalman_em,exact,2022:Q2:pre_third:exact,2022-09-28,pre_third,DELTA_MT,DELTA_MT,2022:Q2,0.0028622994446414474,4.185765751228127,2.045914404668027,model_implied_state_space,1.2039,-1.2010377005553585,True,True,28,-1825.7731927904506,-3356.6864309615003,-1825.7731927904506,0.17022112246922916,9.31726298542833e-05,28.0,0,{},14,expanding,40,1965:Q3,,1,0.02
standard_dfm,exact,2022:Q2:pre_third:exact,2022-09-28,pre_third,DELTA_MT,DELTA_MT,2022:Q2,-0.2716786348598821,,,not_available,1.2039,-1.475578634859882,True,True,0,,,,,,,0,{},14,expanding,40,1965:Q3,,1,0.02
ar,pseudo,2022:Q2:pre_third:pseudo,2022-09-30,pre_third,DELTA_MT,DELTA_MT,2022:Q2,0.6040262600518358,,,not_available,1.2039,-0.5998737399481642,True,True,0,,,,,,,0,{},14,expanding,40,1965:Q3,,1,0.02
bridge,pseudo,2022:Q2:pre_third:pseudo,2022-09-30,pre_third,DELTA_MT,DELTA_MT,2022:Q2,1.1264460187267704,,,not_available,1.2039,-0.07745398127322956,True,True,0,,,,,,,0,{},14,expanding,40,1965:Q3,,1,0.02
indicator_revision_only_dfm_kalman_em,pseudo,2022:Q2:pre_third:pseudo,2022-09-30,pre_third,DELTA_MT,DELTA_MT,2022:Q2,0.0,4.200397430890835,2.049487114107048,model_implied_state_space,1.2039,-1.2039,True,True,42,-3406.8939563224762,-5426.5289598925865,-3406.8939563224762,0.2590271533631494,7.600220841582585e-05,42.0,0,{},14,expanding,40,1965:Q3,,1,0.02
joint_indicator_revision_dfm_full_kalman_em,pseudo,2022:Q2:pre_third:pseudo,2022-09-30,pre_third,DELTA_MT,DELTA_MT,2022:Q2,-0.0024917074559329677,4.2000014596419035,2.049390509308049,model_implied_state_space,1.2039,-1.206391707455933,True,True,42,-3379.458186489712,-5436.436820821954,-3379.458186489712,0.3047730189091453,9.014918305702294e-05,42.0,0,{},14,expanding,40,1965:Q3,,1,0.02
midas_umidas,pseudo,2022:Q2:pre_third:pseudo,2022-09-30,pre_third,DELTA_MT,DELTA_MT,2022:Q2,3.706562712037622,,,not_available,1.2039,2.502662712037622,True,True,0,,,,,,,0,{},14,expanding,40,1965:Q3,,1,0.02
monthly_mixed_frequency_kalman_em,pseudo,2022:Q2:pre_third:pseudo,2022-09-30,pre_third,DELTA_MT,DELTA_MT,2022:Q2,0.08149340783542725,4.175379451610323,2.043374525536208,model_implied_state_space,1.2039,-1.1224065921645727,True,True,30,-6099.642150009495,-8155.4481919597,-6099.642150009495,0.5551010112812946,9.098230862613434e-05,30.0,0,{},14,expanding,40,1965:Q3,,1,0.02
no_revision,pseudo,2022:Q2:pre_third:pseudo,2022-09-30,pre_third,DELTA_MT,DELTA_MT,2022:Q2,0.0,,,not_available,1.2039,-1.2039,True,True,0,,,,,,,0,{},14,expanding,40,1965:Q3,,1,0.02
release_dfm,pseudo,2022:Q2:pre_third:pseudo,2022-09-30,pre_third,DELTA_MT,DELTA_MT,2022:Q2,1.1160701768933048,,,not_available,1.2039,-0.08782982310669518,True,True,0,,,,,,,0,{},14,expanding,40,1965:Q3,,1,0.02
revision_dfm_kalman_em,pseudo,2022:Q2:pre_third:pseudo,2022-09-30,pre_third,DELTA_MT,DELTA_MT,2022:Q2,0.0028624228715963262,4.185769828061538,2.0459154010030662,model_implied_state_space,1.2039,-1.2010375771284036,True,True,28,-1827.5693382294446,-3357.585196273912,-1827.5693382294446,0.17073774122445684,9.336359139711624e-05,28.0,0,{},14,expanding,40,1965:Q3,,1,0.02
standard_dfm,pseudo,2022:Q2:pre_third:pseudo,2022-09-30,pre_third,DELTA_MT,DELTA_MT,2022:Q2,-0.23804484870038412,,,not_available,1.2039,-1.441944848700384,True,True,0,,,,,,,0,{},14,expanding,40,1965:Q3,,1,0.02
ar,exact,2022:Q3:pre_advance:exact,2022-10-26,pre_advance,DELTA_SA,DELTA_SA,2022:Q3,0.05823760270177081,,,not_available,0.36319999999999997,-0.30496239729822916,True,True,0,,,,,,,0,{},14,expanding,40,1965:Q3,,1,0.02
bridge,exact,2022:Q3:pre_advance:exact,2022-10-26,pre_advance,DELTA_SA,DELTA_SA,2022:Q3,0.07355553899652367,,,not_available,0.36319999999999997,-0.2896444610034763,True,True,0,,,,,,,0,{},14,expanding,40,1965:Q3,,1,0.02
indicator_revision_only_dfm_kalman_em,exact,2022:Q3:pre_advance:exact,2022-10-26,pre_advance,DELTA_SA,DELTA_SA,2022:Q3,0.0,0.4237815387496484,0.6509850526315089,model_implied_state_space,0.36319999999999997,-0.36319999999999997,True,True,21,-3544.3162793306888,-5487.457505140415,-3544.3162793306888,0.34016943597180216,9.593976204043357e-05,21.0,0,{},14,expanding,40,1965:Q3,,1,0.02
joint_indicator_revision_dfm_full_kalman_em,exact,2022:Q3:pre_advance:exact,2022-10-26,pre_advance,DELTA_SA,DELTA_SA,2022:Q3,0.1840832311417766,0.3773478614157968,0.614286465271535,model_implied_state_space,0.36319999999999997,-0.17911676885822336,True,True,25,-3508.584430139506,-5498.827802346063,-3508.584430139506,0.3492788540015681,9.951152442184605e-05,25.0,0,{},14,expanding,40,1965:Q3,,1,0.02
midas_umidas,exact,2022:Q3:pre_advance:exact,2022-10-26,pre_advance,DELTA_SA,DELTA_SA,2022:Q3,0.3101597808988539,,,not_available,0.36319999999999997,-0.05304021910114609,True,True,0,,,,,,,0,{},14,expanding,40,1965:Q3,,1,0.02
monthly_mixed_frequency_kalman_em,exact,2022:Q3:pre_advance:exact,2022-10-26,pre_advance,DELTA_SA,DELTA_SA,2022:Q3,0.1606805302478933,0.3738629185311897,0.6114433077000595,model_implied_state_space,0.36319999999999997,-0.20251946975210666,True,True,30,-6114.614871944378,-8174.487669599624,-6114.614871944378,0.5615667906640738,9.181664333742111e-05,30.0,0,{},14,expanding,40,1965:Q3,,1,0.02
no_revision,exact,2022:Q3:pre_advance:exact,2022-10-26,pre_advance,DELTA_SA,DELTA_SA,2022:Q3,0.0,,,not_available,0.36319999999999997,-0.36319999999999997,True,True,0,,,,,,,0,{},14,expanding,40,1965:Q3,,1,0.02
release_dfm,exact,2022:Q3:pre_advance:exact,2022-10-26,pre_advance,DELTA_SA,DELTA_SA,2022:Q3,0.09591146514531568,,,not_available,0.36319999999999997,-0.2672885348546843,True,True,0,,,,,,,0,{},14,expanding,40,1965:Q3,,1,0.02
revision_dfm_kalman_em,exact,2022:Q3:pre_advance:exact,2022-10-26,pre_advance,DELTA_SA,DELTA_SA,2022:Q3,0.361095941448506,0.3962365895844693,0.6294732635978031,model_implied_state_space,0.36319999999999997,-0.0021040585514939814,True,True,24,-1846.3055727957988,-3399.608660339074,-1846.3055727957988,0.18300011716655717,9.905345009956836e-05,24.0,0,{},14,expanding,40,1965:Q3,,1,0.02
standard_dfm,exact,2022:Q3:pre_advance:exact,2022-10-26,pre_advance,DELTA_SA,DELTA_SA,2022:Q3,0.09591146514531568,,,not_available,0.36319999999999997,-0.2672885348546843,True,True,0,,,,,,,0,{},14,expanding,40,1965:Q3,,1,0.02
ar,pseudo,2022:Q3:pre_advance:pseudo,2022-10-31,pre_advance,DELTA_SA,DELTA_SA,2022:Q3,0.05823760270177081,,,not_available,0.36319999999999997,-0.30496239729822916,True,True,0,,,,,,,0,{},14,expanding,40,1965:Q3,,1,0.02
bridge,pseudo,2022:Q3:pre_advance:pseudo,2022-10-31,pre_advance,DELTA_SA,DELTA_SA,2022:Q3,0.06860209564311814,,,not_available,0.36319999999999997,-0.2945979043568818,True,True,0,,,,,,,0,{},14,expanding,40,1965:Q3,,1,0.02
indicator_revision_only_dfm_kalman_em,pseudo,2022:Q3:pre_advance:pseudo,2022-10-31,pre_advance,DELTA_SA,DELTA_SA,2022:Q3,0.0,0.4237792050949123,0.6509832602263381,model_implied_state_space,0.36319999999999997,-0.36319999999999997,True,True,21,-3544.2493318498423,-5487.462599440862,-3544.2493318498423,0.3443023648283088,9.710711388519566e-05,21.0,0,{},14,expanding,40,1965:Q3,,1,0.02
joint_indicator_revision_dfm_full_kalman_em,pseudo,2022:Q3:pre_advance:pseudo,2022-10-31,pre_advance,DELTA_SA,DELTA_SA,2022:Q3,0.18376301134037298,0.37577537455950516,0.6130051994555227,model_implied_state_space,0.36319999999999997,-0.17943698865962698,True,True,26,-3508.202728574976,-5498.832895482348,-3508.202728574976,0.31589631745328006,9.001129534195382e-05,26.0,0,{},14,expanding,40,1965:Q3,,1,0.02
midas_umidas,pseudo,2022:Q3:pre_advance:pseudo,2022-10-31,pre_advance,DELTA_SA,DELTA_SA,2022:Q3,0.19194416310616824,,,not_available,0.36319999999999997,-0.17125583689383173,True,True,0,,,,,,,0,{},14,expanding,40,1965:Q3,,1,0.02
monthly_mixed_frequency_kalman_em,pseudo,2022:Q3:pre_advance:pseudo,2022-10-31,pre_advance,DELTA_SA,DELTA_SA,2022:Q3,0.16044832947937415,0.3738607416417068,0.6114415275737385,model_implied_state_space,0.36319999999999997,-0.20275167052062582,True,True,30,-6117.309743310091,-8177.19111298425,-6117.309743310091,0.5616799426024954,9.179469607222363e-05,30.0,0,{},14,expanding,40,1965:Q3,,1,0.02
no_revision,pseudo,2022:Q3:pre_advance:pseudo,2022-10-31,pre_advance,DELTA_SA,DELTA_SA,2022:Q3,0.0,,,not_available,0.36319999999999997,-0.36319999999999997,True,True,0,,,,,,,0,{},14,expanding,40,1965:Q3,,1,0.02
release_dfm,pseudo,2022:Q3:pre_advance:pseudo,2022-10-31,pre_advance,DELTA_SA,DELTA_SA,2022:Q3,0.09598156939952007,,,not_available,0.36319999999999997,-0.2672184306004799,True,True,0,,,,,,,0,{},14,expanding,40,1965:Q3,,1,0.02
revision_dfm_kalman_em,pseudo,2022:Q3:pre_advance:pseudo,2022-10-31,pre_advance,DELTA_SA,DELTA_SA,2022:Q3,0.361252431848631,0.3962361465036963,0.6294729116520394,model_implied_state_space,0.36319999999999997,-0.0019475681513689835,True,True,24,-1846.2812447588667,-3399.6071498822394,-1846.2812447588667,0.1829627138822616,9.903451073217091e-05,24.0,0,{},14,expanding,40,1965:Q3,,1,0.02
standard_dfm,pseudo,2022:Q3:pre_advance:pseudo,2022-10-31,pre_advance,DELTA_SA,DELTA_SA,2022:Q3,0.09598156939952007,,,not_available,0.36319999999999997,-0.2672184306004799,True,True,0,,,,,,,0,{},14,expanding,40,1965:Q3,,1,0.02
ar,exact,2022:Q3:pre_second:exact,2022-11-29,pre_second,DELTA_TS,DELTA_TS,2022:Q3,0.07204179267449673,,,not_available,0.3147000000000002,-0.24265820732550347,True,True,0,,,,,,,0,{},14,expanding,40,1965:Q3,,1,0.02
bridge,exact,2022:Q3:pre_second:exact,2022-11-29,pre_second,DELTA_TS,DELTA_TS,2022:Q3,0.34144469756391116,,,not_available,0.3147000000000002,0.026744697563910957,True,True,0,,,,,,,0,{},14,expanding,40,1965:Q3,,1,0.02
indicator_revision_only_dfm_kalman_em,exact,2022:Q3:pre_second:exact,2022-11-29,pre_second,DELTA_TS,DELTA_TS,2022:Q3,0.0,0.14712176778869568,0.38356455491702524,model_implied_state_space,0.3147000000000002,-0.3147000000000002,True,True,21,-3544.116012883407,-5488.845703901753,-3544.116012883407,0.32306022505781584,9.111994830433587e-05,21.0,0,{},14,expanding,40,1965:Q3,,1,0.02
joint_indicator_revision_dfm_full_kalman_em,exact,2022:Q3:pre_second:exact,2022-11-29,pre_second,DELTA_TS,DELTA_TS,2022:Q3,0.006349617496372417,0.1422074092347303,0.37710397668909607,model_implied_state_space,0.3147000000000002,-0.3083503825036278,True,True,25,-3508.0718317249994,-5500.306392604155,-3508.0718317249994,0.33397467237819,9.51655895050324e-05,25.0,0,{},14,expanding,40,1965:Q3,,1,0.02
midas_umidas,exact,2022:Q3:pre_second:exact,2022-11-29,pre_second,DELTA_TS,DELTA_TS,2022:Q3,1.43768474709767,,,not_available,0.3147000000000002,1.1229847470976697,True,True,0,,,,,,,0,{},14,expanding,40,1965:Q3,,1,0.02
monthly_mixed_frequency_kalman_em,exact,2022:Q3:pre_second:exact,2022-11-29,pre_second,DELTA_TS,DELTA_TS,2022:Q3,0.09493674755049542,0.1450899836052325,0.38090679123012827,model_implied_state_space,0.3147000000000002,-0.2197632524495048,True,True,30,-6133.940201455018,-8196.379260705393,-6133.940201455018,0.5656107726508708,9.218649447347028e-05,30.0,0,{},14,expanding,40,1965:Q3,,1,0.02
no_revision,exact,2022:Q3:pre_second:exact,2022-11-29,pre_second,DELTA_TS,DELTA_TS,2022:Q3,0.0,,,not_available,0.3147000000000002,-0.3147000000000002,True,True,0,,,,,,,0,{},14,expanding,40,1965:Q3,,1,0.02
release_dfm,exact,2022:Q3:pre_second:exact,2022-11-29,pre_second,DELTA_TS,DELTA_TS,2022:Q3,0.04741145964055615,,,not_available,0.3147000000000002,-0.26728854035944405,True,True,0,,,,,,,0,{},14,expanding,40,1965:Q3,,1,0.02
revision_dfm_kalman_em,exact,2022:Q3:pre_second:exact,2022-11-29,pre_second,DELTA_TS,DELTA_TS,2022:Q3,0.012984642208676345,0.1419983034857688,0.37682662258095406,model_implied_state_space,0.3147000000000002,-0.30171535779132386,True,True,29,-1846.7653102060117,-3382.302408024593,-1846.7653102060117,0.16688774274302887,9.031053354028786e-05,29.0,0,{},14,expanding,40,1965:Q3,,1,0.02
standard_dfm,exact,2022:Q3:pre_second:exact,2022-11-29,pre_second,DELTA_TS,DELTA_TS,2022:Q3,0.06553930738907754,,,not_available,0.3147000000000002,-0.24916069261092266,True,True,0,,,,,,,0,{},14,expanding,40,1965:Q3,,1,0.02
ar,pseudo,2022:Q3:pre_second:pseudo,2022-11-30,pre_second,DELTA_TS,DELTA_TS,2022:Q3,0.07204179267449673,,,not_available,0.3147000000000002,-0.24265820732550347,True,True,0,,,,,,,0,{},14,expanding,40,1965:Q3,,1,0.02
bridge,pseudo,2022:Q3:pre_second:pseudo,2022-11-30,pre_second,DELTA_TS,DELTA_TS,2022:Q3,0.34144469756391116,,,not_available,0.3147000000000002,0.026744697563910957,True,True,0,,,,,,,0,{},14,expanding,40,1965:Q3,,1,0.02
indicator_revision_only_dfm_kalman_em,pseudo,2022:Q3:pre_second:pseudo,2022-11-30,pre_second,DELTA_TS,DELTA_TS,2022:Q3,0.0,0.14712176778869568,0.38356455491702524,model_implied_state_space,0.3147000000000002,-0.3147000000000002,True,True,21,-3544.116012883407,-5488.845703901753,-3544.116012883407,0.32306022505781584,9.111994830433587e-05,21.0,0,{},14,expanding,40,1965:Q3,,1,0.02
joint_indicator_revision_dfm_full_kalman_em,pseudo,2022:Q3:pre_second:pseudo,2022-11-30,pre_second,DELTA_TS,DELTA_TS,2022:Q3,0.006349617496372417,0.1422074092347303,0.37710397668909607,model_implied_state_space,0.3147000000000002,-0.3083503825036278,True,True,25,-3508.0718317249994,-5500.306392604155,-3508.0718317249994,0.33397467237819,9.51655895050324e-05,25.0,0,{},14,expanding,40,1965:Q3,,1,0.02
midas_umidas,pseudo,2022:Q3:pre_second:pseudo,2022-11-30,pre_second,DELTA_TS,DELTA_TS,2022:Q3,1.43768474709767,,,not_available,0.3147000000000002,1.1229847470976697,True,True,0,,,,,,,0,{},14,expanding,40,1965:Q3,,1,0.02
monthly_mixed_frequency_kalman_em,pseudo,2022:Q3:pre_second:pseudo,2022-11-30,pre_second,DELTA_TS,DELTA_TS,2022:Q3,0.09493674755049542,0.1450899836052325,0.38090679123012827,model_implied_state_space,0.3147000000000002,-0.2197632524495048,True,True,30,-6133.940201455018,-8196.379260705393,-6133.940201455018,0.5656107726508708,9.218649447347028e-05,30.0,0,{},14,expanding,40,1965:Q3,,1,0.02
no_revision,pseudo,2022:Q3:pre_second:pseudo,2022-11-30,pre_second,DELTA_TS,DELTA_TS,2022:Q3,0.0,,,not_available,0.3147000000000002,-0.3147000000000002,True,True,0,,,,,,,0,{},14,expanding,40,1965:Q3,,1,0.02
release_dfm,pseudo,2022:Q3:pre_second:pseudo,2022-11-30,pre_second,DELTA_TS,DELTA_TS,2022:Q3,0.04741145964055615,,,not_available,0.3147000000000002,-0.26728854035944405,True,True,0,,,,,,,0,{},14,expanding,40,1965:Q3,,1,0.02
revision_dfm_kalman_em,pseudo,2022:Q3:pre_second:pseudo,2022-11-30,pre_second,DELTA_TS,DELTA_TS,2022:Q3,0.012984642208676345,0.1419983034857688,0.37682662258095406,model_implied_state_space,0.3147000000000002,-0.30171535779132386,True,True,29,-1846.7653102060117,-3382.302408024593,-1846.7653102060117,0.16688774274302887,9.031053354028786e-05,29.0,0,{},14,expanding,40,1965:Q3,,1,0.02
standard_dfm,pseudo,2022:Q3:pre_second:pseudo,2022-11-30,pre_second,DELTA_TS,DELTA_TS,2022:Q3,0.06553930738907754,,,not_available,0.3147000000000002,-0.24916069261092266,True,True,0,,,,,,,0,{},14,expanding,40,1965:Q3,,1,0.02
ar,exact,2022:Q3:pre_third:exact,2022-12-21,pre_third,DELTA_MT,DELTA_MT,2022:Q3,1.0211250045875602,,,not_available,-0.32410000000000005,1.3452250045875602,True,True,0,,,,,,,0,{},14,expanding,40,1965:Q3,,1,0.02
bridge,exact,2022:Q3:pre_third:exact,2022-12-21,pre_third,DELTA_MT,DELTA_MT,2022:Q3,1.8673159816515057,,,not_available,-0.32410000000000005,2.191415981651506,True,True,0,,,,,,,0,{},14,expanding,40,1965:Q3,,1,0.02
indicator_revision_only_dfm_kalman_em,exact,2022:Q3:pre_third:exact,2022-12-21,pre_third,DELTA_MT,DELTA_MT,2022:Q3,0.0,4.184096122954049,2.0455063243495606,model_implied_state_space,-0.32410000000000005,0.32410000000000005,True,True,21,-3544.1011425110523,-5490.300005827215,-3544.1011425110523,0.3150742311609065,8.886805156276395e-05,21.0,0,{},14,expanding,40,1965:Q3,,1,0.02
joint_indicator_revision_dfm_full_kalman_em,exact,2022:Q3:pre_third:exact,2022-12-21,pre_third,DELTA_MT,DELTA_MT,2022:Q3,0.006260233345364519,4.1919443296404815,2.047423827555126,model_implied_state_space,-0.32410000000000005,0.3303602333453646,True,True,25,-3507.8033394232816,-5501.730716114931,-3507.8033394232816,0.32365848740437286,9.223333541278992e-05,25.0,0,{},14,expanding,40,1965:Q3,,1,0.02
midas_umidas,exact,2022:Q3:pre_third:exact,2022-12-21,pre_third,DELTA_MT,DELTA_MT,2022:Q3,-7.735294594253887,,,not_available,-0.32410000000000005,-7.411194594253887,True,True,0,,,,,,,0,{},14,expanding,40,1965:Q3,,1,0.02
monthly_mixed_frequency_kalman_em,exact,2022:Q3:pre_third:exact,2022-12-21,pre_third,DELTA_MT,DELTA_MT,2022:Q3,0.10504619209462618,4.189192155217549,2.0467516105325405,model_implied_state_space,-0.32410000000000005,0.42914619209462623,True,True,29,-6142.136136755648,-8186.779225057392,-6142.136136755648,0.5897731721070159,9.599600971032756e-05,29.0,0,{},14,expanding,40,1965:Q3,,1,0.02
no_revision,exact,2022:Q3:pre_third:exact,2022-12-21,pre_third,DELTA_MT,DELTA_MT,2022:Q3,0.0,,,not_available,-0.32410000000000005,0.32410000000000005,True,True,0,,,,,,,0,{},14,expanding,40,1965:Q3,,1,0.02
release_dfm,exact,2022:Q3:pre_third:exact,2022-12-21,pre_third,DELTA_MT,DELTA_MT,2022:Q3,0.17672737215119216,,,not_available,-0.32410000000000005,0.5008273721511922,True,True,0,,,,,,,0,{},14,expanding,40,1965:Q3,,1,0.02
revision_dfm_kalman_em,exact,2022:Q3:pre_third:exact,2022-12-21,pre_third,DELTA_MT,DELTA_MT,2022:Q3,0.008613653850244596,4.189376802889406,2.0467967175294683,model_implied_state_space,-0.32410000000000005,0.33271365385024465,True,True,24,-1846.4025932022198,-3402.4548154869385,-1846.4025932022198,0.18316248371525035,9.913612028647049e-05,24.0,0,{},14,expanding,40,1965:Q3,,1,0.02
standard_dfm,exact,2022:Q3:pre_third:exact,2022-12-21,pre_third,DELTA_MT,DELTA_MT,2022:Q3,0.3644741385764019,,,not_available,-0.32410000000000005,0.6885741385764019,True,True,0,,,,,,,0,{},14,expanding,40,1965:Q3,,1,0.02
ar,pseudo,2022:Q3:pre_third:pseudo,2022-12-31,pre_third,DELTA_MT,DELTA_MT,2022:Q3,1.0211250045875602,,,not_available,-0.32410000000000005,1.3452250045875602,True,True,0,,,,,,,0,{},14,expanding,40,1965:Q3,,1,0.02
bridge,pseudo,2022:Q3:pre_third:pseudo,2022-12-31,pre_third,DELTA_MT,DELTA_MT,2022:Q3,1.890731452639989,,,not_available,-0.32410000000000005,2.214831452639989,True,True,0,,,,,,,0,{},14,expanding,40,1965:Q3,,1,0.02
indicator_revision_only_dfm_kalman_em,pseudo,2022:Q3:pre_third:pseudo,2022-12-31,pre_third,DELTA_MT,DELTA_MT,2022:Q3,0.0,4.1840964825179405,2.045506412240729,model_implied_state_space,-0.32410000000000005,0.32410000000000005,True,True,21,-3544.1093991401563,-5490.299768913294,-3544.1093991401563,0.31480246721230287,8.879119939148119e-05,21.0,0,{},14,expanding,40,1965:Q3,,1,0.02
joint_indicator_revision_dfm_full_kalman_em,pseudo,2022:Q3:pre_third:pseudo,2022-12-31,pre_third,DELTA_MT,DELTA_MT,2022:Q3,0.006263177118746466,4.191942631047007,2.0474234127427104,model_implied_state_space,-0.32410000000000005,0.3303631771187465,True,True,25,-3507.81062573501,-5501.730479994407,-3507.81062573501,0.3235232047813952,9.219459588888635e-05,25.0,0,{},14,expanding,40,1965:Q3,,1,0.02
midas_umidas,pseudo,2022:Q3:pre_third:pseudo,2022-12-31,pre_third,DELTA_MT,DELTA_MT,2022:Q3,-7.637115385807265,,,not_available,-0.32410000000000005,-7.313015385807265,True,True,0,,,,,,,0,{},14,expanding,40,1965:Q3,,1,0.02
monthly_mixed_frequency_kalman_em,pseudo,2022:Q3:pre_third:pseudo,2022-12-31,pre_third,DELTA_MT,DELTA_MT,2022:Q3,0.10503856681623969,4.189190460181292,2.0467511964528793,model_implied_state_space,-0.32410000000000005,0.42913856681623974,True,True,29,-6144.7844846284725,-8189.447113785038,-6144.7844846284725,0.5898557935224744,9.596808799022422e-05,29.0,0,{},14,expanding,40,1965:Q3,,1,0.02
no_revision,pseudo,2022:Q3:pre_third:pseudo,2022-12-31,pre_third,DELTA_MT,DELTA_MT,2022:Q3,0.0,,,not_available,-0.32410000000000005,0.32410000000000005,True,True,0,,,,,,,0,{},14,expanding,40,1965:Q3,,1,0.02
release_dfm,pseudo,2022:Q3:pre_third:pseudo,2022-12-31,pre_third,DELTA_MT,DELTA_MT,2022:Q3,0.174897394014065,,,not_available,-0.32410000000000005,0.49899739401406507,True,True,0,,,,,,,0,{},14,expanding,40,1965:Q3,,1,0.02
revision_dfm_kalman_em,pseudo,2022:Q3:pre_third:pseudo,2022-12-31,pre_third,DELTA_MT,DELTA_MT,2022:Q3,0.008616904422974692,4.189376810206434,2.046796719316902,model_implied_state_space,-0.32410000000000005,0.33271690442297475,True,True,24,-1846.4056075804835,-3402.455780211062,-1846.4056075804835,0.18316262773032577,9.913603648374863e-05,24.0,0,{},14,expanding,40,1965:Q3,,1,0.02
standard_dfm,pseudo,2022:Q3:pre_third:pseudo,2022-12-31,pre_third,DELTA_MT,DELTA_MT,2022:Q3,0.36811125363363173,,,not_available,-0.32410000000000005,0.6922112536336318,True,True,0,,,,,,,0,{},14,expanding,40,1965:Q3,,1,0.02
ar,exact,2022:Q4:pre_advance:exact,2023-01-25,pre_advance,DELTA_SA,DELTA_SA,2022:Q4,0.10853273509485284,,,not_available,-0.2158000000000002,0.32433273509485305,True,True,0,,,,,,,0,{},14,expanding,40,1965:Q3,,1,0.02
bridge,exact,2022:Q4:pre_advance:exact,2023-01-25,pre_advance,DELTA_SA,DELTA_SA,2022:Q4,0.20753261036370074,,,not_available,-0.2158000000000002,0.42333261036370096,True,True,0,,,,,,,0,{},14,expanding,40,1965:Q3,,1,0.02
indicator_revision_only_dfm_kalman_em,exact,2022:Q4:pre_advance:exact,2023-01-25,pre_advance,DELTA_SA,DELTA_SA,2022:Q4,0.0,0.4141089301070586,0.6435129603256322,model_implied_state_space,-0.2158000000000002,0.2158000000000002,True,True,46,-3481.304502696389,-5513.742922681781,-3481.304502696389,0.29542125819170906,8.482779091554412e-05,46.0,0,{},14,expanding,40,1965:Q3,,1,0.02
joint_indicator_revision_dfm_full_kalman_em,exact,2022:Q4:pre_advance:exact,2023-01-25,pre_advance,DELTA_SA,DELTA_SA,2022:Q4,-0.22770907957138276,0.3737107732666729,0.6113188801817534,model_implied_state_space,-0.2158000000000002,-0.011909079571382541,True,True,45,-3501.8743539672614,-5523.5653955433745,-3501.8743539672614,0.32776422468850797,9.356132293550664e-05,45.0,0,{},14,expanding,40,1965:Q3,,1,0.02
midas_umidas,exact,2022:Q4:pre_advance:exact,2023-01-25,pre_advance,DELTA_SA,DELTA_SA,2022:Q4,2.036360600379766,,,not_available,-0.2158000000000002,2.2521606003797663,True,True,0,,,,,,,0,{},14,expanding,40,1965:Q3,,1,0.02
monthly_mixed_frequency_kalman_em,exact,2022:Q4:pre_advance:exact,2023-01-25,pre_advance,DELTA_SA,DELTA_SA,2022:Q4,0.10372117921620072,0.37134664234699777,0.6093821808577912,model_implied_state_space,-0.2158000000000002,0.31952117921620093,True,True,29,-6157.03191599562,-8207.773722606107,-6157.03191599562,0.582775277816836,9.462765687267468e-05,29.0,0,{},14,expanding,40,1965:Q3,,1,0.02
no_revision,exact,2022:Q4:pre_advance:exact,2023-01-25,pre_advance,DELTA_SA,DELTA_SA,2022:Q4,0.0,,,not_available,-0.2158000000000002,0.2158000000000002,True,True,0,,,,,,,0,{},14,expanding,40,1965:Q3,,1,0.02
release_dfm,exact,2022:Q4:pre_advance:exact,2023-01-25,pre_advance,DELTA_SA,DELTA_SA,2022:Q4,0.09667791412371463,,,not_available,-0.2158000000000002,0.31247791412371484,True,True,0,,,,,,,0,{},14,expanding,40,1965:Q3,,1,0.02
revision_dfm_kalman_em,exact,2022:Q4:pre_advance:exact,2023-01-25,pre_advance,DELTA_SA,DELTA_SA,2022:Q4,0.10712945190646828,0.39405094807263197,0.6277347752615208,model_implied_state_space,-0.2158000000000002,0.3229294519064685,True,True,24,-1864.071126087244,-3424.873577599915,-1864.071126087244,0.18253641959358902,9.786144547667918e-05,24.0,0,{},14,expanding,40,1965:Q3,,1,0.02
standard_dfm,exact,2022:Q4:pre_advance:exact,2023-01-25,pre_advance,DELTA_SA,DELTA_SA,2022:Q4,0.09667791412371463,,,not_available,-0.2158000000000002,0.31247791412371484,True,True,0,,,,,,,0,{},14,expanding,40,1965:Q3,,1,0.02
ar,pseudo,2022:Q4:pre_advance:pseudo,2023-01-31,pre_advance,DELTA_SA,DELTA_SA,2022:Q4,0.10853273509485284,,,not_available,-0.2158000000000002,0.32433273509485305,True,True,0,,,,,,,0,{},14,expanding,40,1965:Q3,,1,0.02
bridge,pseudo,2022:Q4:pre_advance:pseudo,2023-01-31,pre_advance,DELTA_SA,DELTA_SA,2022:Q4,0.23457066303142016,,,not_available,-0.2158000000000002,0.45037066303142037,True,True,0,,,,,,,0,{},14,expanding,40,1965:Q3,,1,0.02
indicator_revision_only_dfm_kalman_em,pseudo,2022:Q4:pre_advance:pseudo,2023-01-31,pre_advance,DELTA_SA,DELTA_SA,2022:Q4,0.0,0.41449257316356114,0.6438109762683152,model_implied_state_space,-0.2158000000000002,0.2158000000000002,True,True,43,-3481.6294194303405,-5513.820244708847,-3481.6294194303405,0.2710247233781047,7.78158111963946e-05,43.0,0,{},14,expanding,40,1965:Q3,,1,0.02
joint_indicator_revision_dfm_full_kalman_em,pseudo,2022:Q4:pre_advance:pseudo,2023-01-31,pre_advance,DELTA_SA,DELTA_SA,2022:Q4,-0.006699672365984677,0.3601345258828177,0.6001120944313801,model_implied_state_space,-0.2158000000000002,0.20910032763401554,True,False,50,-3456.4209849128542,-5523.642747906707,-3456.4209849128542,0.9785994604180814,0.00028296309797163656,51.0,0,{},14,expanding,40,1965:Q3,,1,0.02
midas_umidas,pseudo,2022:Q4:pre_advance:pseudo,2023-01-31,pre_advance,DELTA_SA,DELTA_SA,2022:Q4,2.228868350804566,,,not_available,-0.2158000000000002,2.4446683508045663,True,True,0,,,,,,,0,{},14,expanding,40,1965:Q3,,1,0.02
monthly_mixed_frequency_kalman_em,pseudo,2022:Q4:pre_advance:pseudo,2023-01-31,pre_advance,DELTA_SA,DELTA_SA,2022:Q4,0.10467943929329171,0.3713589765412948,0.609392301019052,model_implied_state_space,-0.2158000000000002,0.3204794392932919,True,True,29,-6160.707981638484,-8210.754814553928,-6160.707981638484,0.5849267185622011,9.492030438360821e-05,29.0,0,{},14,expanding,40,1965:Q3,,1,0.02
no_revision,pseudo,2022:Q4:pre_advance:pseudo,2023-01-31,pre_advance,DELTA_SA,DELTA_SA,2022:Q4,0.0,,,not_available,-0.2158000000000002,0.2158000000000002,True,True,0,,,,,,,0,{},14,expanding,40,1965:Q3,,1,0.02
release_dfm,pseudo,2022:Q4:pre_advance:pseudo,2023-01-31,pre_advance,DELTA_SA,DELTA_SA,2022:Q4,0.09675704920951733,,,not_available,-0.2158000000000002,0.31255704920951755,True,True,0,,,,,,,0,{},14,expanding,40,1965:Q3,,1,0.02
revision_dfm_kalman_em,pseudo,2022:Q4:pre_advance:pseudo,2023-01-31,pre_advance,DELTA_SA,DELTA_SA,2022:Q4,0.10748649307767622,0.39406602814446323,0.6277467866460674,model_implied_state_space,-0.2158000000000002,0.32328649307767643,True,True,24,-1864.3832904746112,-3424.903509788325,-1864.3832904746112,0.18263353303655094,9.789712102170786e-05,24.0,0,{},14,expanding,40,1965:Q3,,1,0.02
standard_dfm,pseudo,2022:Q4:pre_advance:pseudo,2023-01-31,pre_advance,DELTA_SA,DELTA_SA,2022:Q4,0.09675704920951733,,,not_available,-0.2158000000000002,0.31255704920951755,True,True,0,,,,,,,0,{},14,expanding,40,1965:Q3,,1,0.02
ar,exact,2022:Q4:pre_second:exact,2023-02-22,pre_second,DELTA_TS,DELTA_TS,2022:Q4,0.08169007675838724,,,not_available,-0.10169999999999968,0.18339007675838692,True,True,0,,,,,,,0,{},14,expanding,40,1965:Q3,,1,0.02
bridge,exact,2022:Q4:pre_second:exact,2023-02-22,pre_second,DELTA_TS,DELTA_TS,2022:Q4,0.45104636502268325,,,not_available,-0.10169999999999968,0.5527463650226829,True,True,0,,,,,,,0,{},14,expanding,40,1965:Q3,,1,0.02
indicator_revision_only_dfm_kalman_em,exact,2022:Q4:pre_second:exact,2023-02-22,pre_second,DELTA_TS,DELTA_TS,2022:Q4,0.0,0.14347358808501143,0.37877907556385876,model_implied_state_space,-0.10169999999999968,0.10169999999999968,True,True,47,-3483.701570372753,-5515.097905159254,-3483.701570372753,0.3231876864469996,9.273612352383455e-05,47.0,0,{},14,expanding,40,1965:Q3,,1,0.02
joint_indicator_revision_dfm_full_kalman_em,exact,2022:Q4:pre_second:exact,2023-02-22,pre_second,DELTA_TS,DELTA_TS,2022:Q4,-0.002330143798870754,0.1406808999034056,0.3750745257990812,model_implied_state_space,-0.10169999999999968,0.09936985620112893,True,True,46,-3503.3134597727885,-5525.00346415987,-3503.3134597727885,0.34055192212736074,9.717133873727623e-05,46.0,0,{},14,expanding,40,1965:Q3,,1,0.02
midas_umidas,exact,2022:Q4:pre_second:exact,2023-02-22,pre_second,DELTA_TS,DELTA_TS,2022:Q4,0.625827035596517,,,not_available,-0.10169999999999968,0.7275270355965167,True,True,0,,,,,,,0,{},14,expanding,40,1965:Q3,,1,0.02
monthly_mixed_frequency_kalman_em,exact,2022:Q4:pre_second:exact,2023-02-22,pre_second,DELTA_TS,DELTA_TS,2022:Q4,0.04531267501958558,0.14359621015318313,0.378940905885315,model_implied_state_space,-0.10169999999999968,0.14701267501958526,True,True,29,-6177.2534357187,-8229.078246846755,-6177.2534357187,0.5833090281521436,9.440434377038099e-05,29.0,0,{},14,expanding,40,1965:Q3,,1,0.02
no_revision,exact,2022:Q4:pre_second:exact,2023-02-22,pre_second,DELTA_TS,DELTA_TS,2022:Q4,0.0,,,not_available,-0.10169999999999968,0.10169999999999968,True,True,0,,,,,,,0,{},14,expanding,40,1965:Q3,,1,0.02
release_dfm,exact,2022:Q4:pre_second:exact,2023-02-22,pre_second,DELTA_TS,DELTA_TS,2022:Q4,0.05148194496767866,,,not_available,-0.10169999999999968,0.15318194496767834,True,True,0,,,,,,,0,{},14,expanding,40,1965:Q3,,1,0.02
revision_dfm_kalman_em,exact,2022:Q4:pre_second:exact,2023-02-22,pre_second,DELTA_TS,DELTA_TS,2022:Q4,0.00929523759779105,0.14187866377917024,0.37666784277287363,model_implied_state_space,-0.10169999999999968,0.11099523759779073,True,True,28,-1865.4226673141352,-3407.444054277007,-1865.4226673141352,0.17216059893985403,9.223244185902744e-05,28.0,0,{},14,expanding,40,1965:Q3,,1,0.02
standard_dfm,exact,2022:Q4:pre_second:exact,2023-02-22,pre_second,DELTA_TS,DELTA_TS,2022:Q4,0.06391558960278587,,,not_available,-0.10169999999999968,0.16561558960278555,True,True,0,,,,,,,0,{},14,expanding,40,1965:Q3,,1,0.02
ar,pseudo,2022:Q4:pre_second:pseudo,2023-02-28,pre_second,DELTA_TS,DELTA_TS,2022:Q4,0.08169007675838724,,,not_available,-0.10169999999999968,0.18339007675838692,True,True,0,,,,,,,0,{},14,expanding,40,1965:Q3,,1,0.02
bridge,pseudo,2022:Q4:pre_second:pseudo,2023-02-28,pre_second,DELTA_TS,DELTA_TS,2022:Q4,0.4645268210165465,,,not_available,-0.10169999999999968,0.5662268210165462,True,True,0,,,,,,,0,{},14,expanding,40,1965:Q3,,1,0.02
indicator_revision_only_dfm_kalman_em,pseudo,2022:Q4:pre_second:pseudo,2023-02-28,pre_second,DELTA_TS,DELTA_TS,2022:Q4,0.0,0.14358643581338704,0.3789280087475549,model_implied_state_space,-0.10169999999999968,0.10169999999999968,True,True,45,-3483.716921885703,-5515.220607103648,-3483.716921885703,0.3053785840065757,8.76260057117617e-05,45.0,0,{},14,expanding,40,1965:Q3,,1,0.02
joint_indicator_revision_dfm_full_kalman_em,pseudo,2022:Q4:pre_second:pseudo,2023-02-28,pre_second,DELTA_TS,DELTA_TS,2022:Q4,-0.0023127003480052366,0.1406748939402942,0.3750665193539597,model_implied_state_space,-0.10169999999999968,0.09938729965199444,True,True,46,-3503.267327225697,-5525.126237967388,-3503.267327225697,0.2879525935163656,8.216523082815231e-05,46.0,0,{},14,expanding,40,1965:Q3,,1,0.02
midas_umidas,pseudo,2022:Q4:pre_second:pseudo,2023-02-28,pre_second,DELTA_TS,DELTA_TS,2022:Q4,0.6490708902637943,,,not_available,-0.10169999999999968,0.750770890263794,True,True,0,,,,,,,0,{},14,expanding,40,1965:Q3,,1,0.02
monthly_mixed_frequency_kalman_em,pseudo,2022:Q4:pre_second:pseudo,2023-02-28,pre_second,DELTA_TS,DELTA_TS,2022:Q4,0.045324876721245744,0.14359377662141526,0.37893769490697976,model_implied_state_space,-0.10169999999999968,0.14702487672124542,True,True,29,-6179.687711072526,-8231.917059015877,-6179.687711072526,0.5823295296677315,9.4208718571208e-05,29.0,0,{},14,expanding,40,1965:Q3,,1,0.02
no_revision,pseudo,2022:Q4:pre_second:pseudo,2023-02-28,pre_second,DELTA_TS,DELTA_TS,2022:Q4,0.0,,,not_available,-0.10169999999999968,0.10169999999999968,True,True,0,,,,,,,0,{},14,expanding,40,1965:Q3,,1,0.02
release_dfm,pseudo,2022:Q4:pre_second:pseudo,2023-02-28,pre_second,DELTA_TS,DELTA_TS,2022:Q4,0.051296437189578103,,,not_available,-0.10169999999999968,0.15299643718957778,True,True,0,,,,,,,0,{},14,expanding,40,1965:Q3,,1,0.02
revision_dfm_kalman_em,pseudo,2022:Q4:pre_second:pseudo,2023-02-28,pre_second,DELTA_TS,DELTA_TS,2022:Q4,0.009384531568603638,0.1418789529350567,0.37666822660672705,model_implied_state_space,-0.10169999999999968,0.11108453156860332,True,True,28,-1865.5201703123537,-3407.48946411616,-1865.5201703123537,0.17233237184427708,9.23196357174376e-05,28.0,0,{},14,expanding,40,1965:Q3,,1,0.02
standard_dfm,pseudo,2022:Q4:pre_second:pseudo,2023-02-28,pre_second,DELTA_TS,DELTA_TS,2022:Q4,0.06411346083140312,,,not_available,-0.10169999999999968,0.1658134608314028,True,True,0,,,,,,,0,{},14,expanding,40,1965:Q3,,1,0.02
ar,exact,2022:Q4:pre_third:exact,2023-03-29,pre_third,DELTA_MT,DELTA_MT,2022:Q4,0.18579747220419573,,,not_available,0.21579999999999977,-0.030002527795804035,True,True,0,,,,,,,0,{},14,expanding,40,1965:Q3,,1,0.02
bridge,exact,2022:Q4:pre_third:exact,2023-03-29,pre_third,DELTA_MT,DELTA_MT,2022:Q4,2.2348426084531137,,,not_available,0.21579999999999977,2.019042608453114,True,True,0,,,,,,,0,{},14,expanding,40,1965:Q3,,1,0.02
indicator_revision_only_dfm_kalman_em,exact,2022:Q4:pre_third:exact,2023-03-29,pre_third,DELTA_MT,DELTA_MT,2022:Q4,0.0,4.196827399992541,2.0486159718191552,model_implied_state_space,0.21579999999999977,-0.21579999999999977,True,True,42,-3482.0220766064026,-5517.254767499702,-3482.0220766064026,0.27410066249512965,7.86900247770605e-05,42.0,0,{},14,expanding,40,1965:Q3,,1,0.02
joint_indicator_revision_dfm_full_kalman_em,exact,2022:Q4:pre_third:exact,2023-03-29,pre_third,DELTA_MT,DELTA_MT,2022:Q4,-0.00022221824196266837,4.19641283005783,2.0485147863898443,model_implied_state_space,0.21579999999999977,-0.21602221824196244,True,True,45,-3454.7955366052042,-5527.127999615398,-3454.7955366052042,0.34279828096759957,9.918534727253319e-05,45.0,0,{},14,expanding,40,1965:Q3,,1,0.02
midas_umidas,exact,2022:Q4:pre_third:exact,2023-03-29,pre_third,DELTA_MT,DELTA_MT,2022:Q4,-6.971841401376296,,,not_available,0.21579999999999977,-7.187641401376296,True,True,0,,,,,,,0,{},14,expanding,40,1965:Q3,,1,0.02
monthly_mixed_frequency_kalman_em,exact,2022:Q4:pre_third:exact,2023-03-29,pre_third,DELTA_MT,DELTA_MT,2022:Q4,-0.007519630419612344,4.170978709714157,2.0422974097114643,model_implied_state_space,0.21579999999999977,-0.22331963041961211,True,True,29,-6200.89025699138,-8251.681124179155,-6200.89025699138,0.5808869802922345,9.365412056077234e-05,29.0,0,{},14,expanding,40,1965:Q3,,1,0.02
no_revision,exact,2022:Q4:pre_third:exact,2023-03-29,pre_third,DELTA_MT,DELTA_MT,2022:Q4,0.0,,,not_available,0.21579999999999977,-0.21579999999999977,True,True,0,,,,,,,0,{},14,expanding,40,1965:Q3,,1,0.02
release_dfm,exact,2022:Q4:pre_third:exact,2023-03-29,pre_third,DELTA_MT,DELTA_MT,2022:Q4,0.1451908950644416,,,not_available,0.21579999999999977,-0.07060910493555816,True,True,0,,,,,,,0,{},14,expanding,40,1965:Q3,,1,0.02
revision_dfm_kalman_em,exact,2022:Q4:pre_third:exact,2023-03-29,pre_third,DELTA_MT,DELTA_MT,2022:Q4,0.0018778689505318802,4.18355888307571,2.0453749981545464,model_implied_state_space,0.21579999999999977,-0.2139221310494679,True,True,29,-1864.5697399330693,-3408.9269967255655,-1864.5697399330693,0.16713253100033398,8.957990457657776e-05,29.0,0,{},14,expanding,40,1965:Q3,,1,0.02
standard_dfm,exact,2022:Q4:pre_third:exact,2023-03-29,pre_third,DELTA_MT,DELTA_MT,2022:Q4,0.5657833877608207,,,not_available,0.21579999999999977,0.34998338776082094,True,True,0,,,,,,,0,{},14,expanding,40,1965:Q3,,1,0.02
ar,pseudo,2022:Q4:pre_third:pseudo,2023-03-31,pre_third,DELTA_MT,DELTA_MT,2022:Q4,0.18579747220419573,,,not_available,0.21579999999999977,-0.030002527795804035,True,True,0,,,,,,,0,{},14,expanding,40,1965:Q3,,1,0.02
bridge,pseudo,2022:Q4:pre_third:pseudo,2023-03-31,pre_third,DELTA_MT,DELTA_MT,2022:Q4,2.210800184512409,,,not_available,0.21579999999999977,1.995000184512409,True,True,0,,,,,,,0,{},14,expanding,40,1965:Q3,,1,0.02
indicator_revision_only_dfm_kalman_em,pseudo,2022:Q4:pre_third:pseudo,2023-03-31,pre_third,DELTA_MT,DELTA_MT,2022:Q4,0.0,4.196827298946935,2.0486159471572347,model_implied_state_space,0.21579999999999977,-0.21579999999999977,True,True,42,-3482.023037254115,-5517.260178280099,-3482.023037254115,0.27350081923077596,7.851781099924746e-05,42.0,0,{},14,expanding,40,1965:Q3,,1,0.02
joint_indicator_revision_dfm_full_kalman_em,pseudo,2022:Q4:pre_third:pseudo,2023-03-31,pre_third,DELTA_MT,DELTA_MT,2022:Q4,-0.00022001255890780058,4.196425059741507,2.048517771399972,model_implied_state_space,0.21579999999999977,-0.21602001255890757,True,True,45,-3454.7845294017116,-5527.133413592392,-3454.7845294017116,0.33952877180445284,9.823975241903966e-05,45.0,0,{},14,expanding,40,1965:Q3,,1,0.02
midas_umidas,pseudo,2022:Q4:pre_third:pseudo,2023-03-31,pre_third,DELTA_MT,DELTA_MT,2022:Q4,-6.87314636531337,,,not_available,0.21579999999999977,-7.08894636531337,True,True,0,,,,,,,0,{},14,expanding,40,1965:Q3,,1,0.02
monthly_mixed_frequency_kalman_em,pseudo,2022:Q4:pre_third:pseudo,2023-03-31,pre_third,DELTA_MT,DELTA_MT,2022:Q4,-0.007538631614735447,4.170979822171106,2.042297682065743,model_implied_state_space,0.21579999999999977,-0.22333863161473522,True,True,29,-6202.162562062283,-8253.039445087585,-6202.162562062283,0.580959924115632,9.364667028169025e-05,29.0,0,{},14,expanding,40,1965:Q3,,1,0.02
no_revision,pseudo,2022:Q4:pre_third:pseudo,2023-03-31,pre_third,DELTA_MT,DELTA_MT,2022:Q4,0.0,,,not_available,0.21579999999999977,-0.21579999999999977,True,True,0,,,,,,,0,{},14,expanding,40,1965:Q3,,1,0.02
release_dfm,pseudo,2022:Q4:pre_third:pseudo,2023-03-31,pre_third,DELTA_MT,DELTA_MT,2022:Q4,0.14715210987168081,,,not_available,0.21579999999999977,-0.06864789012831896,True,True,0,,,,,,,0,{},14,expanding,40,1965:Q3,,1,0.02
revision_dfm_kalman_em,pseudo,2022:Q4:pre_third:pseudo,2023-03-31,pre_third,DELTA_MT,DELTA_MT,2022:Q4,0.001874202394894997,4.183559124503615,2.0453750571725506,model_implied_state_space,0.21579999999999977,-0.21392579760510477,True,True,29,-1864.581557421379,-3408.9297689169994,-1864.581557421379,0.1671435904224836,8.958526425978005e-05,29.0,0,{},14,expanding,40,1965:Q3,,1,0.02
standard_dfm,pseudo,2022:Q4:pre_third:pseudo,2023-03-31,pre_third,DELTA_MT,DELTA_MT,2022:Q4,0.5618975759206966,,,not_available,0.21579999999999977,0.3460975759206968,True,True,0,,,,,,,0,{},14,expanding,40,1965:Q3,,1,0.02
ar,exact,2023:Q1:pre_advance:exact,2023-04-26,pre_advance,DELTA_SA,DELTA_SA,2023:Q1,0.08085476933679514,,,not_available,0.20989999999999998,-0.12904523066320484,True,True,0,,,,,,,0,{},14,expanding,40,1965:Q3,,1,0.02
bridge,exact,2023:Q1:pre_advance:exact,2023-04-26,pre_advance,DELTA_SA,DELTA_SA,2023:Q1,0.09188707340450097,,,not_available,0.20989999999999998,-0.118012926595499,True,True,0,,,,,,,0,{},14,expanding,40,1965:Q3,,1,0.02
indicator_revision_only_dfm_kalman_em,exact,2023:Q1:pre_advance:exact,2023-04-26,pre_advance,DELTA_SA,DELTA_SA,2023:Q1,0.0,0.41251270283616304,0.6422715180016649,model_implied_state_space,0.20989999999999998,-0.20989999999999998,True,True,46,-3564.471146332121,-5555.174328825719,-3564.471146332121,0.32844258937393533,9.210909956756023e-05,46.0,0,{},14,expanding,40,1965:Q3,,1,0.02
joint_indicator_revision_dfm_full_kalman_em,exact,2023:Q1:pre_advance:exact,2023-04-26,pre_advance,DELTA_SA,DELTA_SA,2023:Q1,-0.23394116991772584,0.3717231456308001,0.6096910247254753,model_implied_state_space,0.20989999999999998,-0.4438411699177258,True,True,47,-3533.8006190211804,-5565.205787342397,-3533.8006190211804,0.3452726347704811,9.766856739503521e-05,47.0,0,{},14,expanding,40,1965:Q3,,1,0.02
midas_umidas,exact,2023:Q1:pre_advance:exact,2023-04-26,pre_advance,DELTA_SA,DELTA_SA,2023:Q1,1.0837724166581584,,,not_available,0.20989999999999998,0.8738724166581584,True,True,0,,,,,,,0,{},14,expanding,40,1965:Q3,,1,0.02
monthly_mixed_frequency_kalman_em,exact,2023:Q1:pre_advance:exact,2023-04-26,pre_advance,DELTA_SA,DELTA_SA,2023:Q1,0.1175064002511943,0.3715232630258569,0.6095270814540211,model_implied_state_space,0.20989999999999998,-0.09239359974880568,True,True,29,-6224.024916770509,-8302.954274077316,-6224.024916770509,0.6151875697478317,9.88151514442585e-05,29.0,0,{},14,expanding,40,1965:Q3,,1,0.02
no_revision,exact,2023:Q1:pre_advance:exact,2023-04-26,pre_advance,DELTA_SA,DELTA_SA,2023:Q1,0.0,,,not_available,0.20989999999999998,-0.20989999999999998,True,True,0,,,,,,,0,{},14,expanding,40,1965:Q3,,1,0.02
release_dfm,exact,2023:Q1:pre_advance:exact,2023-04-26,pre_advance,DELTA_SA,DELTA_SA,2023:Q1,0.09583988950882683,,,not_available,0.20989999999999998,-0.11406011049117315,True,True,0,,,,,,,0,{},14,expanding,40,1965:Q3,,1,0.02
revision_dfm_kalman_em,exact,2023:Q1:pre_advance:exact,2023-04-26,pre_advance,DELTA_SA,DELTA_SA,2023:Q1,0.03998512167660717,0.3933049732846001,0.6271403138729005,model_implied_state_space,0.20989999999999998,-0.1699148783233928,True,True,28,-1878.5084340211897,-3429.2914802374344,-1878.5084340211897,0.18567678355043427,9.878031882056691e-05,28.0,0,{},14,expanding,40,1965:Q3,,1,0.02
standard_dfm,exact,2023:Q1:pre_advance:exact,2023-04-26,pre_advance,DELTA_SA,DELTA_SA,2023:Q1,0.09583988950882683,,,not_available,0.20989999999999998,-0.11406011049117315,True,True,0,,,,,,,0,{},14,expanding,40,1965:Q3,,1,0.02
ar,pseudo,2023:Q1:pre_advance:pseudo,2023-04-30,pre_advance,DELTA_SA,DELTA_SA,2023:Q1,0.08085476933679514,,,not_available,0.20989999999999998,-0.12904523066320484,True,True,0,,,,,,,0,{},14,expanding,40,1965:Q3,,1,0.02
bridge,pseudo,2023:Q1:pre_advance:pseudo,2023-04-30,pre_advance,DELTA_SA,DELTA_SA,2023:Q1,0.09120156070385876,,,not_available,0.20989999999999998,-0.11869843929614121,True,True,0,,,,,,,0,{},14,expanding,40,1965:Q3,,1,0.02
indicator_revision_only_dfm_kalman_em,pseudo,2023:Q1:pre_advance:pseudo,2023-04-30,pre_advance,DELTA_SA,DELTA_SA,2023:Q1,0.0,0.41251288678117604,0.6422716612004425,model_implied_state_space,0.20989999999999998,-0.20989999999999998,True,True,46,-3564.4638591651765,-5555.171460314677,-3564.4638591651765,0.32708336890755163,9.172813947278267e-05,46.0,0,{},14,expanding,40,1965:Q3,,1,0.02
joint_indicator_revision_dfm_full_kalman_em,pseudo,2023:Q1:pre_advance:pseudo,2023-04-30,pre_advance,DELTA_SA,DELTA_SA,2023:Q1,-0.23372329524569735,0.3717237603747652,0.6096915288691201,model_implied_state_space,0.20989999999999998,-0.4436232952456973,True,True,47,-3533.792999593794,-5565.202918030748,-3533.792999593794,0.3436112998188037,9.719887451024008e-05,47.0,0,{},14,expanding,40,1965:Q3,,1,0.02
midas_umidas,pseudo,2023:Q1:pre_advance:pseudo,2023-04-30,pre_advance,DELTA_SA,DELTA_SA,2023:Q1,1.1390231982228016,,,not_available,0.20989999999999998,0.9291231982228016,True,True,0,,,,,,,0,{},14,expanding,40,1965:Q3,,1,0.02
monthly_mixed_frequency_kalman_em,pseudo,2023:Q1:pre_advance:pseudo,2023-04-30,pre_advance,DELTA_SA,DELTA_SA,2023:Q1,0.11751552716695657,0.3715214887919043,0.609525626033807,model_implied_state_space,0.20989999999999998,-0.09238447283304341,True,True,29,-6225.368100667333,-8304.312968336428,-6225.368100667333,0.6153657087306783,9.882244140416909e-05,29.0,0,{},14,expanding,40,1965:Q3,,1,0.02
no_revision,pseudo,2023:Q1:pre_advance:pseudo,2023-04-30,pre_advance,DELTA_SA,DELTA_SA,2023:Q1,0.0,,,not_available,0.20989999999999998,-0.20989999999999998,True,True,0,,,,,,,0,{},14,expanding,40,1965:Q3,,1,0.02
release_dfm,pseudo,2023:Q1:pre_advance:pseudo,2023-04-30,pre_advance,DELTA_SA,DELTA_SA,2023:Q1,0.09584182832387045,,,not_available,0.20989999999999998,-0.11405817167612953,True,True,0,,,,,,,0,{},14,expanding,40,1965:Q3,,1,0.02
revision_dfm_kalman_em,pseudo,2023:Q1:pre_advance:pseudo,2023-04-30,pre_advance,DELTA_SA,DELTA_SA,2023:Q1,0.03999148006363207,0.3933051972852004,0.6271404924617772,model_implied_state_space,0.20989999999999998,-0.1699085199363679,True,True,28,-1878.5074467586123,-3429.290549371568,-1878.5074467586123,0.18568245032497543,9.878338513857275e-05,28.0,0,{},14,expanding,40,1965:Q3,,1,0.02
standard_dfm,pseudo,2023:Q1:pre_advance:pseudo,2023-04-30,pre_advance,DELTA_SA,DELTA_SA,2023:Q1,0.09584182832387045,,,not_available,0.20989999999999998,-0.11405817167612953,True,True,0,,,,,,,0,{},14,expanding,40,1965:Q3,,1,0.02
ar,exact,2023:Q1:pre_second:exact,2023-05-24,pre_second,DELTA_TS,DELTA_TS,2023:Q1,0.060334311689323794,,,not_available,0.7302,-0.6698656883106762,True,True,0,,,,,,,0,{},14,expanding,40,1965:Q3,,1,0.02
bridge,exact,2023:Q1:pre_second:exact,2023-05-24,pre_second,DELTA_TS,DELTA_TS,2023:Q1,0.10628476839374001,,,not_available,0.7302,-0.62391523160626,True,True,0,,,,,,,0,{},14,expanding,40,1965:Q3,,1,0.02
indicator_revision_only_dfm_kalman_em,exact,2023:Q1:pre_second:exact,2023-05-24,pre_second,DELTA_TS,DELTA_TS,2023:Q1,0.0,0.14269050711904807,0.3777439703278506,model_implied_state_space,0.7302,-0.7302,True,False,50,-3561.2915750822276,-5554.771725559554,-3561.2915750822276,0.5213512840773546,0.00014633136649391194,51.0,0,{},14,expanding,40,1965:Q3,,1,0.02
joint_indicator_revision_dfm_full_kalman_em,exact,2023:Q1:pre_second:exact,2023-05-24,pre_second,DELTA_TS,DELTA_TS,2023:Q1,-0.012189306254994925,0.1400410317339913,0.37422056562138767,model_implied_state_space,0.7302,-0.7423893062549949,True,False,50,-3530.4594789535986,-5564.882862640787,-3530.4594789535986,0.39065271725667117,0.0001106085203767863,51.0,0,{},14,expanding,40,1965:Q3,,1,0.02
midas_umidas,exact,2023:Q1:pre_second:exact,2023-05-24,pre_second,DELTA_TS,DELTA_TS,2023:Q1,-0.22923290721575462,,,not_available,0.7302,-0.9594329072157546,True,True,0,,,,,,,0,{},14,expanding,40,1965:Q3,,1,0.02
monthly_mixed_frequency_kalman_em,exact,2023:Q1:pre_second:exact,2023-05-24,pre_second,DELTA_TS,DELTA_TS,2023:Q1,0.06619412396256474,0.14469364345064128,0.3803861767344356,model_implied_state_space,0.7302,-0.6640058760374352,True,True,29,-6237.524323283352,-8320.166253338773,-6237.524323283352,0.6144393485037654,9.848143660208904e-05,29.0,0,{},14,expanding,40,1965:Q3,,1,0.02
no_revision,exact,2023:Q1:pre_second:exact,2023-05-24,pre_second,DELTA_TS,DELTA_TS,2023:Q1,0.0,,,not_available,0.7302,-0.7302,True,True,0,,,,,,,0,{},14,expanding,40,1965:Q3,,1,0.02
release_dfm,exact,2023:Q1:pre_second:exact,2023-05-24,pre_second,DELTA_TS,DELTA_TS,2023:Q1,0.04371471795400317,,,not_available,0.7302,-0.6864852820459968,True,True,0,,,,,,,0,{},14,expanding,40,1965:Q3,,1,0.02
revision_dfm_kalman_em,exact,2023:Q1:pre_second:exact,2023-05-24,pre_second,DELTA_TS,DELTA_TS,2023:Q1,-0.001527305065581741,0.142001101142049,0.3768303346892989,model_implied_state_space,0.7302,-0.7317273050655817,True,True,24,-1876.2929028843005,-3448.3388680160947,-1876.2929028843005,0.18448255751172837,9.826086798287348e-05,24.0,0,{},14,expanding,40,1965:Q3,,1,0.02
standard_dfm,exact,2023:Q1:pre_second:exact,2023-05-24,pre_second,DELTA_TS,DELTA_TS,2023:Q1,0.06327677672515497,,,not_available,0.7302,-0.666923223274845,True,True,0,,,,,,,0,{},14,expanding,40,1965:Q3,,1,0.02
ar,pseudo,2023:Q1:pre_second:pseudo,2023-05-31,pre_second,DELTA_TS,DELTA_TS,2023:Q1,0.060334311689323794,,,not_available,0.7302,-0.6698656883106762,True,True,0,,,,,,,0,{},14,expanding,40,1965:Q3,,1,0.02
bridge,pseudo,2023:Q1:pre_second:pseudo,2023-05-31,pre_second,DELTA_TS,DELTA_TS,2023:Q1,0.09062261310107678,,,not_available,0.7302,-0.6395773868989232,True,True,0,,,,,,,0,{},14,expanding,40,1965:Q3,,1,0.02
indicator_revision_only_dfm_kalman_em,pseudo,2023:Q1:pre_second:pseudo,2023-05-31,pre_second,DELTA_TS,DELTA_TS,2023:Q1,0.0,0.14269301148728264,0.37774728521497364,model_implied_state_space,0.7302,-0.7302,True,False,50,-3561.753484187965,-5554.811230301744,-3561.753484187965,0.580250559039996,0.00016283924050723066,51.0,0,{},14,expanding,40,1965:Q3,,1,0.02
joint_indicator_revision_dfm_full_kalman_em,pseudo,2023:Q1:pre_second:pseudo,2023-05-31,pre_second,DELTA_TS,DELTA_TS,2023:Q1,-0.012437507111698443,0.14003587545408547,0.3742136761986198,model_implied_state_space,0.7302,-0.7426375071116984,True,False,50,-3530.836339406398,-5564.922475632423,-3530.836339406398,0.4956103734630233,0.00014030685125555946,51.0,0,{},14,expanding,40,1965:Q3,,1,0.02
midas_umidas,pseudo,2023:Q1:pre_second:pseudo,2023-05-31,pre_second,DELTA_TS,DELTA_TS,2023:Q1,-0.2459288014052703,,,not_available,0.7302,-0.9761288014052703,True,True,0,,,,,,,0,{},14,expanding,40,1965:Q3,,1,0.02
monthly_mixed_frequency_kalman_em,pseudo,2023:Q1:pre_second:pseudo,2023-05-31,pre_second,DELTA_TS,DELTA_TS,2023:Q1,0.06619105301100392,0.14469256692651644,0.38038476169073393,model_implied_state_space,0.7302,-0.664008946988996,True,True,29,-6239.782735870956,-8322.810894062517,-6239.782735870956,0.613382612688838,9.827650753848645e-05,29.0,0,{},14,expanding,40,1965:Q3,,1,0.02
no_revision,pseudo,2023:Q1:pre_second:pseudo,2023-05-31,pre_second,DELTA_TS,DELTA_TS,2023:Q1,0.0,,,not_available,0.7302,-0.7302,True,True,0,,,,,,,0,{},14,expanding,40,1965:Q3,,1,0.02
release_dfm,pseudo,2023:Q1:pre_second:pseudo,2023-05-31,pre_second,DELTA_TS,DELTA_TS,2023:Q1,0.0438330668452771,,,not_available,0.7302,-0.6863669331547229,True,True,0,,,,,,,0,{},14,expanding,40,1965:Q3,,1,0.02
revision_dfm_kalman_em,pseudo,2023:Q1:pre_second:pseudo,2023-05-31,pre_second,DELTA_TS,DELTA_TS,2023:Q1,-0.0016405087259858675,0.14200201066256612,0.37683154149111,model_implied_state_space,0.7302,-0.7318405087259858,True,True,24,-1876.169013388247,-3448.3354961756445,-1876.169013388247,0.18438551867370734,9.821566828124361e-05,24.0,0,{},14,expanding,40,1965:Q3,,1,0.02
standard_dfm,pseudo,2023:Q1:pre_second:pseudo,2023-05-31,pre_second,DELTA_TS,DELTA_TS,2023:Q1,0.06307853719370549,,,not_available,0.7302,-0.6671214628062945,True,True,0,,,,,,,0,{},14,expanding,40,1965:Q3,,1,0.02
ar,exact,2023:Q1:pre_third:exact,2023-06-28,pre_third,DELTA_MT,DELTA_MT,2023:Q1,-2.3142388313830553,,,not_available,0.9250000000000003,-3.2392388313830556,True,True,0,,,,,,,0,{},14,expanding,40,1965:Q3,,1,0.02
bridge,exact,2023:Q1:pre_third:exact,2023-06-28,pre_third,DELTA_MT,DELTA_MT,2023:Q1,0.6424857130268693,,,not_available,0.9250000000000003,-0.28251428697313097,True,True,0,,,,,,,0,{},14,expanding,40,1965:Q3,,1,0.02
indicator_revision_only_dfm_kalman_em,exact,2023:Q1:pre_third:exact,2023-06-28,pre_third,DELTA_MT,DELTA_MT,2023:Q1,0.0,4.183936182937479,2.0454672285171127,model_implied_state_space,0.9250000000000003,-0.9250000000000003,True,False,50,-3559.980455385249,-5555.610970671808,-3559.980455385249,0.48129975904976163,0.00013514107187998176,51.0,0,{},14,expanding,40,1965:Q3,,1,0.02
joint_indicator_revision_dfm_full_kalman_em,exact,2023:Q1:pre_third:exact,2023-06-28,pre_third,DELTA_MT,DELTA_MT,2023:Q1,-0.0031016812561643903,4.185707813204351,2.045900245174322,model_implied_state_space,0.9250000000000003,-0.9281016812561647,True,False,50,-3529.699566451799,-5565.694450848479,-3529.699566451799,0.2940497782815328,8.327677992108055e-05,51.0,0,{},14,expanding,40,1965:Q3,,1,0.02
midas_umidas,exact,2023:Q1:pre_third:exact,2023-06-28,pre_third,DELTA_MT,DELTA_MT,2023:Q1,6.659354775908895,,,not_available,0.9250000000000003,5.734354775908894,True,True,0,,,,,,,0,{},14,expanding,40,1965:Q3,,1,0.02
monthly_mixed_frequency_kalman_em,exact,2023:Q1:pre_third:exact,2023-06-28,pre_third,DELTA_MT,DELTA_MT,2023:Q1,0.04477396477131368,4.151702988942597,2.0375728180711965,model_implied_state_space,0.9250000000000003,-0.8802260352286866,True,True,28,-6249.628086044323,-8312.439671527021,-6249.628086044323,0.6250941354346651,9.999501178685107e-05,28.0,0,{},14,expanding,40,1965:Q3,,1,0.02
no_revision,exact,2023:Q1:pre_third:exact,2023-06-28,pre_third,DELTA_MT,DELTA_MT,2023:Q1,0.0,,,not_available,0.9250000000000003,-0.9250000000000003,True,True,0,,,,,,,0,{},14,expanding,40,1965:Q3,,1,0.02
release_dfm,exact,2023:Q1:pre_third:exact,2023-06-28,pre_third,DELTA_MT,DELTA_MT,2023:Q1,0.36323293679098634,,,not_available,0.9250000000000003,-0.5617670632090139,True,True,0,,,,,,,0,{},14,expanding,40,1965:Q3,,1,0.02
revision_dfm_kalman_em,exact,2023:Q1:pre_third:exact,2023-06-28,pre_third,DELTA_MT,DELTA_MT,2023:Q1,0.0013072143170944628,4.153404202324984,2.037990236072044,model_implied_state_space,0.9250000000000003,-0.9236927856829058,True,True,24,-1875.7345814594878,-3449.6086997109273,-1875.7345814594878,0.18489477730645376,9.850970148019671e-05,24.0,0,{},14,expanding,40,1965:Q3,,1,0.02
standard_dfm,exact,2023:Q1:pre_third:exact,2023-06-28,pre_third,DELTA_MT,DELTA_MT,2023:Q1,0.5549418207923316,,,not_available,0.9250000000000003,-0.3700581792076687,True,True,0,,,,,,,0,{},14,expanding,40,1965:Q3,,1,0.02
ar,pseudo,2023:Q1:pre_third:pseudo,2023-06-30,pre_third,DELTA_MT,DELTA_MT,2023:Q1,-2.3142388313830553,,,not_available,0.9250000000000003,-3.2392388313830556,True,True,0,,,,,,,0,{},14,expanding,40,1965:Q3,,1,0.02
bridge,pseudo,2023:Q1:pre_third:pseudo,2023-06-30,pre_third,DELTA_MT,DELTA_MT,2023:Q1,0.5683660023551149,,,not_available,0.9250000000000003,-0.35663399764488535,True,True,0,,,,,,,0,{},14,expanding,40,1965:Q3,,1,0.02
indicator_revision_only_dfm_kalman_em,pseudo,2023:Q1:pre_third:pseudo,2023-06-30,pre_third,DELTA_MT,DELTA_MT,2023:Q1,0.0,4.18393646637229,2.045467297800747,model_implied_state_space,0.9250000000000003,-0.9250000000000003,True,False,50,-3559.9020017768125,-5555.592047392104,-3559.9020017768125,0.47741896131356043,0.0001340545066705112,51.0,0,{},14,expanding,40,1965:Q3,,1,0.02
joint_indicator_revision_dfm_full_kalman_em,pseudo,2023:Q1:pre_third:pseudo,2023-06-30,pre_third,DELTA_MT,DELTA_MT,2023:Q1,-0.0030478502320336887,4.185138391428488,2.045761078774471,model_implied_state_space,0.9250000000000003,-0.928047850232034,True,True,50,-3529.9209543870056,-5565.675506095373,-3529.9209543870056,0.3496163804884418,9.900583189026363e-05,50.0,0,{},14,expanding,40,1965:Q3,,1,0.02
midas_umidas,pseudo,2023:Q1:pre_third:pseudo,2023-06-30,pre_third,DELTA_MT,DELTA_MT,2023:Q1,6.6753451764031,,,not_available,0.9250000000000003,5.7503451764030995,True,True,0,,,,,,,0,{},14,expanding,40,1965:Q3,,1,0.02
monthly_mixed_frequency_kalman_em,pseudo,2023:Q1:pre_third:pseudo,2023-06-30,pre_third,DELTA_MT,DELTA_MT,2023:Q1,0.04362988191018413,4.151796487870174,2.0375957616441425,model_implied_state_space,0.9250000000000003,-0.8813701180898161,True,True,29,-6250.502758745002,-8313.780406769349,-6250.502758745002,0.5686461454006349,9.095323910661623e-05,29.0,0,{},14,expanding,40,1965:Q3,,1,0.02
no_revision,pseudo,2023:Q1:pre_third:pseudo,2023-06-30,pre_third,DELTA_MT,DELTA_MT,2023:Q1,0.0,,,not_available,0.9250000000000003,-0.9250000000000003,True,True,0,,,,,,,0,{},14,expanding,40,1965:Q3,,1,0.02
release_dfm,pseudo,2023:Q1:pre_third:pseudo,2023-06-30,pre_third,DELTA_MT,DELTA_MT,2023:Q1,0.37064239565788637,,,not_available,0.9250000000000003,-0.5543576043421139,True,True,0,,,,,,,0,{},14,expanding,40,1965:Q3,,1,0.02
revision_dfm_kalman_em,pseudo,2023:Q1:pre_third:pseudo,2023-06-30,pre_third,DELTA_MT,DELTA_MT,2023:Q1,0.0012939202113277926,4.153403522070389,2.0379900691785493,model_implied_state_space,0.9250000000000003,-0.9237060797886725,True,True,24,-1875.7294641701033,-3449.6051023198575,-1875.7294641701033,0.18490847615635175,9.851726794315581e-05,24.0,0,{},14,expanding,40,1965:Q3,,1,0.02
standard_dfm,pseudo,2023:Q1:pre_third:pseudo,2023-06-30,pre_third,DELTA_MT,DELTA_MT,2023:Q1,0.5415657425799905,,,not_available,0.9250000000000003,-0.3834342574200098,True,True,0,,,,,,,0,{},14,expanding,40,1965:Q3,,1,0.02
ar,exact,2023:Q2:pre_advance:exact,2023-07-26,pre_advance,DELTA_SA,DELTA_SA,2023:Q2,0.07868614886831926,,,not_available,-0.3529,0.43158614886831925,True,True,0,,,,,,,0,{},14,expanding,40,1965:Q3,,1,0.02
bridge,exact,2023:Q2:pre_advance:exact,2023-07-26,pre_advance,DELTA_SA,DELTA_SA,2023:Q2,0.27884878288106485,,,not_available,-0.3529,0.6317487828810648,True,True,0,,,,,,,0,{},14,expanding,40,1965:Q3,,1,0.02
indicator_revision_only_dfm_kalman_em,exact,2023:Q2:pre_advance:exact,2023-07-26,pre_advance,DELTA_SA,DELTA_SA,2023:Q2,0.0,0.4114391557083943,0.6414352311094194,model_implied_state_space,-0.3529,0.3529,True,True,44,-3569.902763551154,-5597.783802558074,-3569.902763551154,0.2802771101169128,7.848298642934143e-05,44.0,0,{},14,expanding,40,1965:Q3,,1,0.02
joint_indicator_revision_dfm_full_kalman_em,exact,2023:Q2:pre_advance:exact,2023-07-26,pre_advance,DELTA_SA,DELTA_SA,2023:Q2,0.4803333476549301,0.3719988976893136,0.6099171236236228,model_implied_state_space,-0.3529,0.8332333476549301,True,True,44,-3539.4442163011095,-5609.086979018098,-3539.4442163011095,0.2929754357010097,8.274419134657626e-05,44.0,0,{},14,expanding,40,1965:Q3,,1,0.02
midas_umidas,exact,2023:Q2:pre_advance:exact,2023-07-26,pre_advance,DELTA_SA,DELTA_SA,2023:Q2,1.5741506288232605,,,not_available,-0.3529,1.9270506288232605,True,True,0,,,,,,,0,{},14,expanding,40,1965:Q3,,1,0.02
monthly_mixed_frequency_kalman_em,exact,2023:Q2:pre_advance:exact,2023-07-26,pre_advance,DELTA_SA,DELTA_SA,2023:Q2,0.11801734518567475,0.36919749417297254,0.6076162392275016,model_implied_state_space,-0.3529,0.47091734518567474,True,True,28,-6242.887466637736,-8336.377463423803,-6242.887466637736,0.5975367835417273,9.569032245482921e-05,28.0,0,{},14,expanding,40,1965:Q3,,1,0.02
no_revision,exact,2023:Q2:pre_advance:exact,2023-07-26,pre_advance,DELTA_SA,DELTA_SA,2023:Q2,0.0,,,not_available,-0.3529,0.3529,True,True,0,,,,,,,0,{},14,expanding,40,1965:Q3,,1,0.02
release_dfm,exact,2023:Q2:pre_advance:exact,2023-07-26,pre_advance,DELTA_SA,DELTA_SA,2023:Q2,0.09672054327075985,,,not_available,-0.3529,0.44962054327075984,True,True,0,,,,,,,0,{},14,expanding,40,1965:Q3,,1,0.02
revision_dfm_kalman_em,exact,2023:Q2:pre_advance:exact,2023-07-26,pre_advance,DELTA_SA,DELTA_SA,2023:Q2,0.1431806268206417,0.39097313569290826,0.6252784465283513,model_implied_state_space,-0.3529,0.4960806268206417,True,True,30,-1867.7003927844241,-3454.5486794429426,-1867.7003927844241,0.16862292714404248,9.022725815797189e-05,30.0,0,{},14,expanding,40,1965:Q3,,1,0.02
standard_dfm,exact,2023:Q2:pre_advance:exact,2023-07-26,pre_advance,DELTA_SA,DELTA_SA,2023:Q2,0.09672054327075985,,,not_available,-0.3529,0.44962054327075984,True,True,0,,,,,,,0,{},14,expanding,40,1965:Q3,,1,0.02
ar,pseudo,2023:Q2:pre_advance:pseudo,2023-07-31,pre_advance,DELTA_SA,DELTA_SA,2023:Q2,0.07868614886831926,,,not_available,-0.3529,0.43158614886831925,True,True,0,,,,,,,0,{},14,expanding,40,1965:Q3,,1,0.02
bridge,pseudo,2023:Q2:pre_advance:pseudo,2023-07-31,pre_advance,DELTA_SA,DELTA_SA,2023:Q2,0.3007966564224216,,,not_available,-0.3529,0.6536966564224216,True,True,0,,,,,,,0,{},14,expanding,40,1965:Q3,,1,0.02
indicator_revision_only_dfm_kalman_em,pseudo,2023:Q2:pre_advance:pseudo,2023-07-31,pre_advance,DELTA_SA,DELTA_SA,2023:Q2,0.0,0.4117445144466707,0.6416732146869392,model_implied_state_space,-0.3529,0.3529,True,True,42,-3570.8193370861154,-5598.1059663585875,-3570.8193370861154,0.32378275790733824,9.064103733936511e-05,42.0,0,{},14,expanding,40,1965:Q3,,1,0.02
joint_indicator_revision_dfm_full_kalman_em,pseudo,2023:Q2:pre_advance:pseudo,2023-07-31,pre_advance,DELTA_SA,DELTA_SA,2023:Q2,0.48156965731024837,0.37201015760315936,0.6099263542454608,model_implied_state_space,-0.3529,0.8344696573102484,True,True,43,-3540.113997479058,-5609.40916934764,-3540.113997479058,0.2732850997076639,7.716893914767302e-05,43.0,0,{},14,expanding,40,1965:Q3,,1,0.02
midas_umidas,pseudo,2023:Q2:pre_advance:pseudo,2023-07-31,pre_advance,DELTA_SA,DELTA_SA,2023:Q2,1.5415163911934835,,,not_available,-0.3529,1.8944163911934835,True,True,0,,,,,,,0,{},14,expanding,40,1965:Q3,,1,0.02
monthly_mixed_frequency_kalman_em,pseudo,2023:Q2:pre_advance:pseudo,2023-07-31,pre_advance,DELTA_SA,DELTA_SA,2023:Q2,0.11872414075579218,0.36920389474786397,0.6076215061597672,model_implied_state_space,-0.3529,0.4716241407557922,True,True,28,-6246.26129212147,-8339.204677727917,-6246.26129212147,0.5993356197122921,9.592653476474436e-05,28.0,0,{},14,expanding,40,1965:Q3,,1,0.02
no_revision,pseudo,2023:Q2:pre_advance:pseudo,2023-07-31,pre_advance,DELTA_SA,DELTA_SA,2023:Q2,0.0,,,not_available,-0.3529,0.3529,True,True,0,,,,,,,0,{},14,expanding,40,1965:Q3,,1,0.02
release_dfm,pseudo,2023:Q2:pre_advance:pseudo,2023-07-31,pre_advance,DELTA_SA,DELTA_SA,2023:Q2,0.0967589701553293,,,not_available,-0.3529,0.4496589701553293,True,True,0,,,,,,,0,{},14,expanding,40,1965:Q3,,1,0.02
revision_dfm_kalman_em,pseudo,2023:Q2:pre_advance:pseudo,2023-07-31,pre_advance,DELTA_SA,DELTA_SA,2023:Q2,0.14357173646630628,0.3910289912551379,0.6253231094843192,model_implied_state_space,-0.3529,0.49647173646630627,True,True,30,-1868.3253326737108,-3454.6647807490717,-1868.3253326737108,0.16962071648777055,9.073076992274048e-05,30.0,0,{},14,expanding,40,1965:Q3,,1,0.02
standard_dfm,pseudo,2023:Q2:pre_advance:pseudo,2023-07-31,pre_advance,DELTA_SA,DELTA_SA,2023:Q2,0.0967589701553293,,,not_available,-0.3529,0.4496589701553293,True,True,0,,,,,,,0,{},14,expanding,40,1965:Q3,,1,0.02
ar,exact,2023:Q2:pre_second:exact,2023-08-29,pre_second,DELTA_TS,DELTA_TS,2023:Q2,0.1087417862766018,,,not_available,0.0009000000000001229,0.10784178627660168,True,True,0,,,,,,,0,{},14,expanding,40,1965:Q3,,1,0.02
bridge,exact,2023:Q2:pre_second:exact,2023-08-29,pre_second,DELTA_TS,DELTA_TS,2023:Q2,0.1858629228869979,,,not_available,0.0009000000000001229,0.18496292288699778,True,True,0,,,,,,,0,{},14,expanding,40,1965:Q3,,1,0.02
indicator_revision_only_dfm_kalman_em,exact,2023:Q2:pre_second:exact,2023-08-29,pre_second,DELTA_TS,DELTA_TS,2023:Q2,0.0,0.1449031098567568,0.38066141104235507,model_implied_state_space,0.0009000000000001229,-0.0009000000000001229,True,True,42,-3571.5045271370545,-5599.377237693868,-3571.5045271370545,0.3456642244464092,9.67474721672244e-05,42.0,0,{},14,expanding,40,1965:Q3,,1,0.02
joint_indicator_revision_dfm_full_kalman_em,exact,2023:Q2:pre_second:exact,2023-08-29,pre_second,DELTA_TS,DELTA_TS,2023:Q2,0.014094694706565214,0.14191395679301044,0.37671468884689174,model_implied_state_space,0.0009000000000001229,0.013194694706565091,True,True,43,-3540.6048788034755,-5610.769768893511,-3540.6048788034755,0.28237887532077366,7.972554030582918e-05,43.0,0,{},14,expanding,40,1965:Q3,,1,0.02
midas_umidas,exact,2023:Q2:pre_second:exact,2023-08-29,pre_second,DELTA_TS,DELTA_TS,2023:Q2,0.39898617216135746,,,not_available,0.0009000000000001229,0.39808617216135733,True,True,0,,,,,,,0,{},14,expanding,40,1965:Q3,,1,0.02
monthly_mixed_frequency_kalman_em,exact,2023:Q2:pre_second:exact,2023-08-29,pre_second,DELTA_TS,DELTA_TS,2023:Q2,0.04020581504320875,0.14614327297858143,0.3822868987796749,model_implied_state_space,0.0009000000000001229,0.039305815043208625,True,True,29,-6270.679786129267,-8392.850322523933,-6270.679786129267,0.595911205730772,9.500717673873398e-05,29.0,0,{},14,expanding,40,1965:Q3,,1,0.02
no_revision,exact,2023:Q2:pre_second:exact,2023-08-29,pre_second,DELTA_TS,DELTA_TS,2023:Q2,0.0,,,not_available,0.0009000000000001229,-0.0009000000000001229,True,True,0,,,,,,,0,{},14,expanding,40,1965:Q3,,1,0.02
release_dfm,exact,2023:Q2:pre_second:exact,2023-08-29,pre_second,DELTA_TS,DELTA_TS,2023:Q2,0.049634846150354406,,,not_available,0.0009000000000001229,0.04873484615035428,True,True,0,,,,,,,0,{},14,expanding,40,1965:Q3,,1,0.02
revision_dfm_kalman_em,exact,2023:Q2:pre_second:exact,2023-08-29,pre_second,DELTA_TS,DELTA_TS,2023:Q2,0.005020564494593316,0.14369728851284613,0.3790742519782188,model_implied_state_space,0.0009000000000001229,0.004120564494593193,True,True,24,-1869.0720064339664,-3475.6747793166132,-1869.0720064339664,0.17533627891157266,9.37503157508779e-05,24.0,0,{},14,expanding,40,1965:Q3,,1,0.02
standard_dfm,exact,2023:Q2:pre_second:exact,2023-08-29,pre_second,DELTA_TS,DELTA_TS,2023:Q2,0.06930379867325742,,,not_available,0.0009000000000001229,0.0684037986732573,True,True,0,,,,,,,0,{},14,expanding,40,1965:Q3,,1,0.02
ar,pseudo,2023:Q2:pre_second:pseudo,2023-08-31,pre_second,DELTA_TS,DELTA_TS,2023:Q2,0.1087417862766018,,,not_available,0.0009000000000001229,0.10784178627660168,True,True,0,,,,,,,0,{},14,expanding,40,1965:Q3,,1,0.02
bridge,pseudo,2023:Q2:pre_second:pseudo,2023-08-31,pre_second,DELTA_TS,DELTA_TS,2023:Q2,0.18395537345362256,,,not_available,0.0009000000000001229,0.18305537345362244,True,True,0,,,,,,,0,{},14,expanding,40,1965:Q3,,1,0.02
indicator_revision_only_dfm_kalman_em,pseudo,2023:Q2:pre_second:pseudo,2023-08-31,pre_second,DELTA_TS,DELTA_TS,2023:Q2,0.0,0.1449030978465511,0.3806613952669105,model_implied_state_space,0.0009000000000001229,-0.0009000000000001229,True,True,42,-3571.504249910207,-5599.379772091832,-3571.504249910207,0.34547483909136645,9.669447799560277e-05,42.0,0,{},14,expanding,40,1965:Q3,,1,0.02
joint_indicator_revision_dfm_full_kalman_em,pseudo,2023:Q2:pre_second:pseudo,2023-08-31,pre_second,DELTA_TS,DELTA_TS,2023:Q2,0.014095249527311449,0.14191395622997482,0.3767146880995946,model_implied_state_space,0.0009000000000001229,0.013195249527311326,True,True,43,-3540.604696522683,-5610.772303747778,-3540.604696522683,0.28224394262269925,7.968745117132966e-05,43.0,0,{},14,expanding,40,1965:Q3,,1,0.02
midas_umidas,pseudo,2023:Q2:pre_second:pseudo,2023-08-31,pre_second,DELTA_TS,DELTA_TS,2023:Q2,0.4168881480077147,,,not_available,0.0009000000000001229,0.41598814800771455,True,True,0,,,,,,,0,{},14,expanding,40,1965:Q3,,1,0.02
monthly_mixed_frequency_kalman_em,pseudo,2023:Q2:pre_second:pseudo,2023-08-31,pre_second,DELTA_TS,DELTA_TS,2023:Q2,0.04019165587073514,0.14614447084260418,0.38228846548464446,model_implied_state_space,0.0009000000000001229,0.03929165587073502,True,True,29,-6272.106674034055,-8394.186911469053,-6272.106674034055,0.5963899458820379,9.506187012677925e-05,29.0,0,{},14,expanding,40,1965:Q3,,1,0.02
no_revision,pseudo,2023:Q2:pre_second:pseudo,2023-08-31,pre_second,DELTA_TS,DELTA_TS,2023:Q2,0.0,,,not_available,0.0009000000000001229,-0.0009000000000001229,True,True,0,,,,,,,0,{},14,expanding,40,1965:Q3,,1,0.02
release_dfm,pseudo,2023:Q2:pre_second:pseudo,2023-08-31,pre_second,DELTA_TS,DELTA_TS,2023:Q2,0.04965074043656559,,,not_available,0.0009000000000001229,0.048750740436565465,True,True,0,,,,,,,0,{},14,expanding,40,1965:Q3,,1,0.02
revision_dfm_kalman_em,pseudo,2023:Q2:pre_second:pseudo,2023-08-31,pre_second,DELTA_TS,DELTA_TS,2023:Q2,0.005025241192239349,0.14369730186426877,0.37907426958878226,model_implied_state_space,0.0009000000000001229,0.004125241192239226,True,True,24,-1869.070852969891,-3475.675867729963,-1869.070852969891,0.17533569329884813,9.375006047956401e-05,24.0,0,{},14,expanding,40,1965:Q3,,1,0.02
standard_dfm,pseudo,2023:Q2:pre_second:pseudo,2023-08-31,pre_second,DELTA_TS,DELTA_TS,2023:Q2,0.06928061279141673,,,not_available,0.0009000000000001229,0.0683806127914166,True,True,0,,,,,,,0,{},14,expanding,40,1965:Q3,,1,0.02
ar,exact,2023:Q2:pre_third:exact,2023-09-27,pre_third,DELTA_MT,DELTA_MT,2023:Q2,-12.594883125101848,,,not_available,0.4737,-13.06858312510185,True,True,0,,,,,,,0,{},14,expanding,40,1965:Q3,,1,0.02
bridge,exact,2023:Q2:pre_third:exact,2023-09-27,pre_third,DELTA_MT,DELTA_MT,2023:Q2,0.015203039871560353,,,not_available,0.4737,-0.45849696012843966,True,True,0,,,,,,,0,{},14,expanding,40,1965:Q3,,1,0.02
indicator_revision_only_dfm_kalman_em,exact,2023:Q2:pre_third:exact,2023-09-27,pre_third,DELTA_MT,DELTA_MT,2023:Q2,0.0,4.19779587605022,2.048852331440756,model_implied_state_space,0.4737,-0.4737,True,True,22,-3619.9503336062085,-5619.63124094868,-3619.9503336062085,0.3529799233706399,9.747317272537456e-05,22.0,0,{},14,expanding,40,1965:Q3,,1,0.02
joint_indicator_revision_dfm_full_kalman_em,exact,2023:Q2:pre_third:exact,2023-09-27,pre_third,DELTA_MT,DELTA_MT,2023:Q2,-0.0014553291828294235,4.202089438297517,2.049899860553563,model_implied_state_space,0.4737,-0.47515532918282943,True,True,26,-3583.738445117796,-5632.410429819104,-3583.738445117796,0.3466239007916556,9.668498630258263e-05,26.0,0,{},14,expanding,40,1965:Q3,,1,0.02
midas_umidas,exact,2023:Q2:pre_third:exact,2023-09-27,pre_third,DELTA_MT,DELTA_MT,2023:Q2,-0.44608417218794516,,,not_available,0.4737,-0.9197841721879452,True,True,0,,,,,,,0,{},14,expanding,40,1965:Q3,,1,0.02
monthly_mixed_frequency_kalman_em,exact,2023:Q2:pre_third:exact,2023-09-27,pre_third,DELTA_MT,DELTA_MT,2023:Q2,-0.01898640572759147,4.1777836100073555,2.04396272226461,model_implied_state_space,0.4737,-0.4926864057275915,True,True,29,-6284.847682590604,-8413.02125565041,-6284.847682590604,0.5911701471686683,9.403895607943614e-05,29.0,0,{},14,expanding,40,1965:Q3,,1,0.02
no_revision,exact,2023:Q2:pre_third:exact,2023-09-27,pre_third,DELTA_MT,DELTA_MT,2023:Q2,0.0,,,not_available,0.4737,-0.4737,True,True,0,,,,,,,0,{},14,expanding,40,1965:Q3,,1,0.02
release_dfm,exact,2023:Q2:pre_third:exact,2023-09-27,pre_third,DELTA_MT,DELTA_MT,2023:Q2,0.43332994344622433,,,not_available,0.4737,-0.04037005655377568,True,True,0,,,,,,,0,{},14,expanding,40,1965:Q3,,1,0.02
revision_dfm_kalman_em,exact,2023:Q2:pre_third:exact,2023-09-27,pre_third,DELTA_MT,DELTA_MT,2023:Q2,-0.0027297463878577233,4.2103422736133105,2.051911858149202,model_implied_state_space,0.4737,-0.47642974638785773,True,True,30,-1868.617708334874,-3457.299929259025,-1868.617708334874,0.17106248315894845,9.148759786599242e-05,30.0,0,{},14,expanding,40,1965:Q3,,1,0.02
standard_dfm,exact,2023:Q2:pre_third:exact,2023-09-27,pre_third,DELTA_MT,DELTA_MT,2023:Q2,0.21354279262723797,,,not_available,0.4737,-0.26015720737276204,True,True,0,,,,,,,0,{},14,expanding,40,1965:Q3,,1,0.02
ar,pseudo,2023:Q2:pre_third:pseudo,2023-09-30,pre_third,DELTA_MT,DELTA_MT,2023:Q2,-12.594883125101848,,,not_available,0.4737,-13.06858312510185,True,True,0,,,,,,,0,{},14,expanding,40,1965:Q3,,1,0.02
bridge,pseudo,2023:Q2:pre_third:pseudo,2023-09-30,pre_third,DELTA_MT,DELTA_MT,2023:Q2,-0.003315057227022411,,,not_available,0.4737,-0.4770150572270224,True,True,0,,,,,,,0,{},14,expanding,40,1965:Q3,,1,0.02
indicator_revision_only_dfm_kalman_em,pseudo,2023:Q2:pre_third:pseudo,2023-09-30,pre_third,DELTA_MT,DELTA_MT,2023:Q2,0.0,4.199922175105111,2.0493711657738114,model_implied_state_space,0.4737,-0.4737,True,True,23,-3618.555482584753,-5619.718249805459,-3618.555482584753,0.3530563737645025,9.753184920690847e-05,23.0,0,{},14,expanding,40,1965:Q3,,1,0.02
joint_indicator_revision_dfm_full_kalman_em,pseudo,2023:Q2:pre_third:pseudo,2023-09-30,pre_third,DELTA_MT,DELTA_MT,2023:Q2,0.001989362469339895,4.229978306850205,2.0566911063283677,model_implied_state_space,0.4737,-0.4717106375306601,True,False,50,-3553.0287302058487,-5632.4997194125335,-3553.0287302058487,1.8315624431406832,0.0005150827907741657,51.0,0,{},14,expanding,40,1965:Q3,,1,0.02
midas_umidas,pseudo,2023:Q2:pre_third:pseudo,2023-09-30,pre_third,DELTA_MT,DELTA_MT,2023:Q2,-0.26980871969739306,,,not_available,0.4737,-0.7435087196973931,True,True,0,,,,,,,0,{},14,expanding,40,1965:Q3,,1,0.02
monthly_mixed_frequency_kalman_em,pseudo,2023:Q2:pre_third:pseudo,2023-09-30,pre_third,DELTA_MT,DELTA_MT,2023:Q2,-0.019170922285835612,4.1778078627629025,2.043968655034343,model_implied_state_space,0.4737,-0.4928709222858356,True,True,29,-6284.139096953304,-8413.22599140101,-6284.139096953304,0.5945635219177348,9.458935965683024e-05,29.0,0,{},14,expanding,40,1965:Q3,,1,0.02
no_revision,pseudo,2023:Q2:pre_third:pseudo,2023-09-30,pre_third,DELTA_MT,DELTA_MT,2023:Q2,0.0,,,not_available,0.4737,-0.4737,True,True,0,,,,,,,0,{},14,expanding,40,1965:Q3,,1,0.02
release_dfm,pseudo,2023:Q2:pre_third:pseudo,2023-09-30,pre_third,DELTA_MT,DELTA_MT,2023:Q2,0.4363691134143295,,,not_available,0.4737,-0.03733088658567052,True,True,0,,,,,,,0,{},14,expanding,40,1965:Q3,,1,0.02
revision_dfm_kalman_em,pseudo,2023:Q2:pre_third:pseudo,2023-09-30,pre_third,DELTA_MT,DELTA_MT,2023:Q2,-0.0026867404652892724,4.210327088624876,2.051908157941012,model_implied_state_space,0.4737,-0.4763867404652893,True,True,30,-1867.908946349309,-3457.1962686928787,-1867.908946349309,0.17182192867880985,9.19285734436784e-05,30.0,0,{},14,expanding,40,1965:Q3,,1,0.02
standard_dfm,pseudo,2023:Q2:pre_third:pseudo,2023-09-30,pre_third,DELTA_MT,DELTA_MT,2023:Q2,0.21334578823112338,,,not_available,0.4737,-0.26035421176887663,True,True,0,,,,,,,0,{},14,expanding,40,1965:Q3,,1,0.02
ar,exact,2023:Q3:pre_advance:exact,2023-10-25,pre_advance,DELTA_SA,DELTA_SA,2023:Q3,0.06560092399048179,,,not_available,0.2763,-0.2106990760095182,True,True,0,,,,,,,0,{},14,expanding,40,1965:Q3,,1,0.02
bridge,exact,2023:Q3:pre_advance:exact,2023-10-25,pre_advance,DELTA_SA,DELTA_SA,2023:Q3,0.0051377245181201125,,,not_available,0.2763,-0.2711622754818799,True,True,0,,,,,,,0,{},14,expanding,40,1965:Q3,,1,0.02
indicator_revision_only_dfm_kalman_em,exact,2023:Q3:pre_advance:exact,2023-10-25,pre_advance,DELTA_SA,DELTA_SA,2023:Q3,0.0,0.4102937131007369,0.6405417340819698,model_implied_state_space,0.2763,-0.2763,True,True,43,-3523.32789464629,-5637.40166133442,-3523.32789464629,0.3043027584076299,8.633603206362864e-05,43.0,0,{},14,expanding,40,1965:Q3,,1,0.02
joint_indicator_revision_dfm_full_kalman_em,exact,2023:Q3:pre_advance:exact,2023-10-25,pre_advance,DELTA_SA,DELTA_SA,2023:Q3,0.0678164654143707,0.3661533926406415,0.60510610031683,model_implied_state_space,0.2763,-0.2084835345856293,True,True,45,-3496.154000996153,-5649.929577244354,-3496.154000996153,0.3273101367049094,9.35845277180027e-05,45.0,0,{},14,expanding,40,1965:Q3,,1,0.02
midas_umidas,exact,2023:Q3:pre_advance:exact,2023-10-25,pre_advance,DELTA_SA,DELTA_SA,2023:Q3,0.7996292377059344,,,not_available,0.2763,0.5233292377059344,True,True,0,,,,,,,0,{},14,expanding,40,1965:Q3,,1,0.02
monthly_mixed_frequency_kalman_em,exact,2023:Q3:pre_advance:exact,2023-10-25,pre_advance,DELTA_SA,DELTA_SA,2023:Q3,0.1421757883877004,0.36704442221225975,0.6058419118980295,model_implied_state_space,0.2763,-0.1341242116122996,True,True,28,-6271.232872160944,-8434.48163553542,-6271.232872160944,0.6123506651765638,9.761928493760602e-05,28.0,0,{},14,expanding,40,1965:Q3,,1,0.02
no_revision,exact,2023:Q3:pre_advance:exact,2023-10-25,pre_advance,DELTA_SA,DELTA_SA,2023:Q3,0.0,,,not_available,0.2763,-0.2763,True,True,0,,,,,,,0,{},14,expanding,40,1965:Q3,,1,0.02
release_dfm,exact,2023:Q3:pre_advance:exact,2023-10-25,pre_advance,DELTA_SA,DELTA_SA,2023:Q3,0.0944582262371978,,,not_available,0.2763,-0.1818417737628022,True,True,0,,,,,,,0,{},14,expanding,40,1965:Q3,,1,0.02
revision_dfm_kalman_em,exact,2023:Q3:pre_advance:exact,2023-10-25,pre_advance,DELTA_SA,DELTA_SA,2023:Q3,0.14854921290829193,0.39019734990808175,0.6246577862382584,model_implied_state_space,0.2763,-0.12775078709170806,True,True,24,-1855.7748043377642,-3501.3615592455553,-1855.7748043377642,0.17612674238125692,9.484727864015667e-05,24.0,0,{},14,expanding,40,1965:Q3,,1,0.02
standard_dfm,exact,2023:Q3:pre_advance:exact,2023-10-25,pre_advance,DELTA_SA,DELTA_SA,2023:Q3,0.0944582262371978,,,not_available,0.2763,-0.1818417737628022,True,True,0,,,,,,,0,{},14,expanding,40,1965:Q3,,1,0.02
ar,pseudo,2023:Q3:pre_advance:pseudo,2023-10-31,pre_advance,DELTA_SA,DELTA_SA,2023:Q3,0.06560092399048179,,,not_available,0.2763,-0.2106990760095182,True,True,0,,,,,,,0,{},14,expanding,40,1965:Q3,,1,0.02
bridge,pseudo,2023:Q3:pre_advance:pseudo,2023-10-31,pre_advance,DELTA_SA,DELTA_SA,2023:Q3,0.023480044784462972,,,not_available,0.2763,-0.252819955215537,True,True,0,,,,,,,0,{},14,expanding,40,1965:Q3,,1,0.02
indicator_revision_only_dfm_kalman_em,pseudo,2023:Q3:pre_advance:pseudo,2023-10-31,pre_advance,DELTA_SA,DELTA_SA,2023:Q3,0.0,0.4102885468307287,0.6405377013343779,model_implied_state_space,0.2763,-0.2763,True,True,43,-3523.242567461533,-5637.040016082816,-3523.242567461533,0.2893742502456007,8.210288771139885e-05,43.0,0,{},14,expanding,40,1965:Q3,,1,0.02
joint_indicator_revision_dfm_full_kalman_em,pseudo,2023:Q3:pre_advance:pseudo,2023-10-31,pre_advance,DELTA_SA,DELTA_SA,2023:Q3,0.08976171396803378,0.3663920701524104,0.6053032877429383,model_implied_state_space,0.2763,-0.1865382860319662,True,True,44,-3496.2312303254134,-5649.568007078601,-3496.2312303254134,0.34835418796819795,9.959864516325637e-05,44.0,0,{},14,expanding,40,1965:Q3,,1,0.02
midas_umidas,pseudo,2023:Q3:pre_advance:pseudo,2023-10-31,pre_advance,DELTA_SA,DELTA_SA,2023:Q3,0.7289282085093944,,,not_available,0.2763,0.45262820850939445,True,True,0,,,,,,,0,{},14,expanding,40,1965:Q3,,1,0.02
monthly_mixed_frequency_kalman_em,pseudo,2023:Q3:pre_advance:pseudo,2023-10-31,pre_advance,DELTA_SA,DELTA_SA,2023:Q3,0.14247483677092454,0.3670428465767017,0.6058406115280666,model_implied_state_space,0.2763,-0.13382516322907545,True,True,28,-6273.936043005521,-8437.211857189966,-6273.936043005521,0.6123666530402261,9.757978316249553e-05,28.0,0,{},14,expanding,40,1965:Q3,,1,0.02
no_revision,pseudo,2023:Q3:pre_advance:pseudo,2023-10-31,pre_advance,DELTA_SA,DELTA_SA,2023:Q3,0.0,,,not_available,0.2763,-0.2763,True,True,0,,,,,,,0,{},14,expanding,40,1965:Q3,,1,0.02
release_dfm,pseudo,2023:Q3:pre_advance:pseudo,2023-10-31,pre_advance,DELTA_SA,DELTA_SA,2023:Q3,0.09446093418237966,,,not_available,0.2763,-0.18183906581762033,True,True,0,,,,,,,0,{},14,expanding,40,1965:Q3,,1,0.02
revision_dfm_kalman_em,pseudo,2023:Q3:pre_advance:pseudo,2023-10-31,pre_advance,DELTA_SA,DELTA_SA,2023:Q3,0.14886336477865836,0.3901830324735789,0.6246463259105739,model_implied_state_space,0.2763,-0.12743663522134163,True,True,24,-1855.4847383093552,-3501.305124308884,-1855.4847383093552,0.175970535085753,9.477797114329766e-05,24.0,0,{},14,expanding,40,1965:Q3,,1,0.02
standard_dfm,pseudo,2023:Q3:pre_advance:pseudo,2023-10-31,pre_advance,DELTA_SA,DELTA_SA,2023:Q3,0.09446093418237966,,,not_available,0.2763,-0.18183906581762033,True,True,0,,,,,,,0,{},14,expanding,40,1965:Q3,,1,0.02
ar,exact,2023:Q3:pre_second:exact,2023-11-28,pre_second,DELTA_TS,DELTA_TS,2023:Q3,0.0694852593005626,,,not_available,-0.2930999999999999,0.3625852593005625,True,True,0,,,,,,,0,{},14,expanding,40,1965:Q3,,1,0.02
bridge,exact,2023:Q3:pre_second:exact,2023-11-28,pre_second,DELTA_TS,DELTA_TS,2023:Q3,0.17613056360322332,,,not_available,-0.2930999999999999,0.46923056360322324,True,True,0,,,,,,,0,{},14,expanding,40,1965:Q3,,1,0.02
indicator_revision_only_dfm_kalman_em,exact,2023:Q3:pre_second:exact,2023-11-28,pre_second,DELTA_TS,DELTA_TS,2023:Q3,0.0,0.14418303074150596,0.3797144068132074,model_implied_state_space,-0.2930999999999999,0.2930999999999999,True,True,43,-3524.6482697977976,-5638.289938661599,-3524.6482697977976,0.31178518275146416,8.842561398591457e-05,43.0,0,{},14,expanding,40,1965:Q3,,1,0.02
joint_indicator_revision_dfm_full_kalman_em,exact,2023:Q3:pre_second:exact,2023-11-28,pre_second,DELTA_TS,DELTA_TS,2023:Q3,0.012305005000362357,0.14112705945638182,0.375668816188384,model_implied_state_space,-0.2930999999999999,0.3054050050003623,True,True,46,-3497.6659216981234,-5650.894616496452,-3497.6659216981234,0.30058528401787044,8.590687662144136e-05,46.0,0,{},14,expanding,40,1965:Q3,,1,0.02
midas_umidas,exact,2023:Q3:pre_second:exact,2023-11-28,pre_second,DELTA_TS,DELTA_TS,2023:Q3,-0.06511697215331758,,,not_available,-0.2930999999999999,0.22798302784668234,True,True,0,,,,,,,0,{},14,expanding,40,1965:Q3,,1,0.02
monthly_mixed_frequency_kalman_em,exact,2023:Q3:pre_second:exact,2023-11-28,pre_second,DELTA_TS,DELTA_TS,2023:Q3,0.06889392824737861,0.14606843060210495,0.3821889985362019,model_implied_state_space,-0.2930999999999999,0.3619939282473785,True,True,28,-6291.491351685551,-8456.424228187041,-6291.491351685551,0.6106352707283804,9.703247651063735e-05,28.0,0,{},14,expanding,40,1965:Q3,,1,0.02
no_revision,exact,2023:Q3:pre_second:exact,2023-11-28,pre_second,DELTA_TS,DELTA_TS,2023:Q3,0.0,,,not_available,-0.2930999999999999,0.2930999999999999,True,True,0,,,,,,,0,{},14,expanding,40,1965:Q3,,1,0.02
release_dfm,exact,2023:Q3:pre_second:exact,2023-11-28,pre_second,DELTA_TS,DELTA_TS,2023:Q3,0.05893570486073063,,,not_available,-0.2930999999999999,0.35203570486073055,True,True,0,,,,,,,0,{},14,expanding,40,1965:Q3,,1,0.02
revision_dfm_kalman_em,exact,2023:Q3:pre_second:exact,2023-11-28,pre_second,DELTA_TS,DELTA_TS,2023:Q3,0.011215896479198406,0.1420088156797179,0.3768405706392531,model_implied_state_space,-0.2930999999999999,0.3043158964791983,True,True,32,-1856.5511274145845,-3478.4319713663003,-1856.5511274145845,0.177197160660171,9.538378583999131e-05,32.0,0,{},14,expanding,40,1965:Q3,,1,0.02
standard_dfm,exact,2023:Q3:pre_second:exact,2023-11-28,pre_second,DELTA_TS,DELTA_TS,2023:Q3,0.06737331219501241,,,not_available,-0.2930999999999999,0.36047331219501233,True,True,0,,,,,,,0,{},14,expanding,40,1965:Q3,,1,0.02
ar,pseudo,2023:Q3:pre_second:pseudo,2023-11-30,pre_second,DELTA_TS,DELTA_TS,2023:Q3,0.0694852593005626,,,not_available,-0.2930999999999999,0.3625852593005625,True,True,0,,,,,,,0,{},14,expanding,40,1965:Q3,,1,0.02
bridge,pseudo,2023:Q3:pre_second:pseudo,2023-11-30,pre_second,DELTA_TS,DELTA_TS,2023:Q3,0.18669342832624602,,,not_available,-0.2930999999999999,0.47979342832624594,True,True,0,,,,,,,0,{},14,expanding,40,1965:Q3,,1,0.02
indicator_revision_only_dfm_kalman_em,pseudo,2023:Q3:pre_second:pseudo,2023-11-30,pre_second,DELTA_TS,DELTA_TS,2023:Q3,0.0,0.1441830536224833,0.37971443694239926,model_implied_state_space,-0.2930999999999999,0.2930999999999999,True,True,43,-3524.65444718982,-5638.296189853368,-3524.65444718982,0.3115454225267058,8.835746662885011e-05,43.0,0,{},14,expanding,40,1965:Q3,,1,0.02
joint_indicator_revision_dfm_full_kalman_em,pseudo,2023:Q3:pre_second:pseudo,2023-11-30,pre_second,DELTA_TS,DELTA_TS,2023:Q3,0.012302359256642248,0.1411270638695502,0.37566882206213253,model_implied_state_space,-0.2930999999999999,0.30540235925664216,True,True,46,-3497.6691737598157,-5650.900853831562,-3497.6691737598157,0.2997326502263604,8.566313626773193e-05,46.0,0,{},14,expanding,40,1965:Q3,,1,0.02
midas_umidas,pseudo,2023:Q3:pre_second:pseudo,2023-11-30,pre_second,DELTA_TS,DELTA_TS,2023:Q3,-0.0582825664905009,,,not_available,-0.2930999999999999,0.23481743350949902,True,True,0,,,,,,,0,{},14,expanding,40,1965:Q3,,1,0.02
monthly_mixed_frequency_kalman_em,pseudo,2023:Q3:pre_second:pseudo,2023-11-30,pre_second,DELTA_TS,DELTA_TS,2023:Q3,0.06899474513836346,0.14607038519437776,0.38219155562934376,model_implied_state_space,-0.2930999999999999,0.36209474513836337,True,True,28,-6292.942281210414,-8457.769307520315,-6292.942281210414,0.6113785419856868,9.712818017500795e-05,28.0,0,{},14,expanding,40,1965:Q3,,1,0.02
no_revision,pseudo,2023:Q3:pre_second:pseudo,2023-11-30,pre_second,DELTA_TS,DELTA_TS,2023:Q3,0.0,,,not_available,-0.2930999999999999,0.2930999999999999,True,True,0,,,,,,,0,{},14,expanding,40,1965:Q3,,1,0.02
release_dfm,pseudo,2023:Q3:pre_second:pseudo,2023-11-30,pre_second,DELTA_TS,DELTA_TS,2023:Q3,0.05885749098096671,,,not_available,-0.2930999999999999,0.3519574909809666,True,True,0,,,,,,,0,{},14,expanding,40,1965:Q3,,1,0.02
revision_dfm_kalman_em,pseudo,2023:Q3:pre_second:pseudo,2023-11-30,pre_second,DELTA_TS,DELTA_TS,2023:Q3,0.011170701830820917,0.14200904898044242,0.3768408801874372,model_implied_state_space,-0.2930999999999999,0.30427070183082083,True,True,32,-1856.535699364556,-3478.4370656488227,-1856.535699364556,0.1771429807970435,9.535541594975539e-05,32.0,0,{},14,expanding,40,1965:Q3,,1,0.02
standard_dfm,pseudo,2023:Q3:pre_second:pseudo,2023-11-30,pre_second,DELTA_TS,DELTA_TS,2023:Q3,0.06750301311896578,,,not_available,-0.2930999999999999,0.3606030131189657,True,True,0,,,,,,,0,{},14,expanding,40,1965:Q3,,1,0.02
ar,exact,2023:Q3:pre_third:exact,2023-12-20,pre_third,DELTA_MT,DELTA_MT,2023:Q3,0.15897887578753123,,,not_available,-0.16579999999999995,0.3247788757875312,True,True,0,,,,,,,0,{},14,expanding,40,1965:Q3,,1,0.02
bridge,exact,2023:Q3:pre_third:exact,2023-12-20,pre_third,DELTA_MT,DELTA_MT,2023:Q3,0.2131344425929731,,,not_available,-0.16579999999999995,0.37893444259297304,True,True,0,,,,,,,0,{},14,expanding,40,1965:Q3,,1,0.02
indicator_revision_only_dfm_kalman_em,exact,2023:Q3:pre_third:exact,2023-12-20,pre_third,DELTA_MT,DELTA_MT,2023:Q3,0.0,4.224677401563638,2.05540200485541,model_implied_state_space,-0.16579999999999995,0.16579999999999995,True,False,50,-3576.3603731704234,-5662.817026066544,-3576.3603731704234,2.552924160801922,0.0007131245783815744,51.0,0,{},14,expanding,40,1965:Q3,,1,0.02
joint_indicator_revision_dfm_full_kalman_em,exact,2023:Q3:pre_third:exact,2023-12-20,pre_third,DELTA_MT,DELTA_MT,2023:Q3,0.009705211909182943,4.2242217577683,2.0552911613122604,model_implied_state_space,-0.16579999999999995,0.1755052119091829,True,False,50,-3554.304293250946,-5676.87046946162,-3554.304293250946,1.6469336664708862,0.00046301834391420055,51.0,0,{},14,expanding,40,1965:Q3,,1,0.02
midas_umidas,exact,2023:Q3:pre_third:exact,2023-12-20,pre_third,DELTA_MT,DELTA_MT,2023:Q3,3.141891010564092,,,not_available,-0.16579999999999995,3.307691010564092,True,True,0,,,,,,,0,{},14,expanding,40,1965:Q3,,1,0.02
monthly_mixed_frequency_kalman_em,exact,2023:Q3:pre_third:exact,2023-12-20,pre_third,DELTA_MT,DELTA_MT,2023:Q3,0.10559751953658214,4.167240160480201,2.041381924207276,model_implied_state_space,-0.16579999999999995,0.2713975195365821,True,True,28,-6306.918384741928,-8475.495049639872,-6306.918384741928,0.6137044809738654,9.728166113671347e-05,28.0,0,{},14,expanding,40,1965:Q3,,1,0.02
no_revision,exact,2023:Q3:pre_third:exact,2023-12-20,pre_third,DELTA_MT,DELTA_MT,2023:Q3,0.0,,,not_available,-0.16579999999999995,0.16579999999999995,True,True,0,,,,,,,0,{},14,expanding,40,1965:Q3,,1,0.02
release_dfm,exact,2023:Q3:pre_third:exact,2023-12-20,pre_third,DELTA_MT,DELTA_MT,2023:Q3,-0.2113366753491981,,,not_available,-0.16579999999999995,-0.04553667534919814,True,True,0,,,,,,,0,{},14,expanding,40,1965:Q3,,1,0.02
revision_dfm_kalman_em,exact,2023:Q3:pre_third:exact,2023-12-20,pre_third,DELTA_MT,DELTA_MT,2023:Q3,0.00783231026435871,4.192555636810208,2.04757310902693,model_implied_state_space,-0.16579999999999995,0.17363231026435866,True,True,24,-1855.8563042126082,-3503.952802667546,-1855.8563042126082,0.17588947321360138,9.471536024612338e-05,24.0,0,{},14,expanding,40,1965:Q3,,1,0.02
standard_dfm,exact,2023:Q3:pre_third:exact,2023-12-20,pre_third,DELTA_MT,DELTA_MT,2023:Q3,0.3521398094368746,,,not_available,-0.16579999999999995,0.5179398094368746,True,True,0,,,,,,,0,{},14,expanding,40,1965:Q3,,1,0.02
ar,pseudo,2023:Q3:pre_third:pseudo,2023-12-31,pre_third,DELTA_MT,DELTA_MT,2023:Q3,0.15897887578753123,,,not_available,-0.16579999999999995,0.3247788757875312,True,True,0,,,,,,,0,{},14,expanding,40,1965:Q3,,1,0.02
bridge,pseudo,2023:Q3:pre_third:pseudo,2023-12-31,pre_third,DELTA_MT,DELTA_MT,2023:Q3,0.21485761069817544,,,not_available,-0.16579999999999995,0.3806576106981754,True,True,0,,,,,,,0,{},14,expanding,40,1965:Q3,,1,0.02
indicator_revision_only_dfm_kalman_em,pseudo,2023:Q3:pre_third:pseudo,2023-12-31,pre_third,DELTA_MT,DELTA_MT,2023:Q3,0.0,4.224677723184649,2.0554020830933903,model_implied_state_space,-0.16579999999999995,0.16579999999999995,True,False,50,-3576.3369580924814,-5662.816958816287,-3576.3369580924814,2.5517723162847687,0.0007128077179073096,51.0,0,{},14,expanding,40,1965:Q3,,1,0.02
joint_indicator_revision_dfm_full_kalman_em,pseudo,2023:Q3:pre_third:pseudo,2023-12-31,pre_third,DELTA_MT,DELTA_MT,2023:Q3,0.009707736709012593,4.224220340940507,2.05529081663411,model_implied_state_space,-0.16579999999999995,0.17550773670901254,True,False,50,-3554.277925482597,-5676.870398267447,-3554.277925482597,1.647375364256277,0.0004631458984713737,51.0,0,{},14,expanding,40,1965:Q3,,1,0.02
midas_umidas,pseudo,2023:Q3:pre_third:pseudo,2023-12-31,pre_third,DELTA_MT,DELTA_MT,2023:Q3,3.1855660659180796,,,not_available,-0.16579999999999995,3.3513660659180795,True,True,0,,,,,,,0,{},14,expanding,40,1965:Q3,,1,0.02
monthly_mixed_frequency_kalman_em,pseudo,2023:Q3:pre_third:pseudo,2023-12-31,pre_third,DELTA_MT,DELTA_MT,2023:Q3,0.10556844354610284,4.167241344461152,2.041382214202218,model_implied_state_space,-0.16579999999999995,0.2713684435461028,True,True,28,-6309.728050092607,-8478.252957242057,-6309.728050092607,0.6142632677838264,9.732688187162677e-05,28.0,0,{},14,expanding,40,1965:Q3,,1,0.02
no_revision,pseudo,2023:Q3:pre_third:pseudo,2023-12-31,pre_third,DELTA_MT,DELTA_MT,2023:Q3,0.0,,,not_available,-0.16579999999999995,0.16579999999999995,True,True,0,,,,,,,0,{},14,expanding,40,1965:Q3,,1,0.02
release_dfm,pseudo,2023:Q3:pre_third:pseudo,2023-12-31,pre_third,DELTA_MT,DELTA_MT,2023:Q3,-0.2143155109001036,,,not_available,-0.16579999999999995,-0.04851551090010364,True,True,0,,,,,,,0,{},14,expanding,40,1965:Q3,,1,0.02
revision_dfm_kalman_em,pseudo,2023:Q3:pre_third:pseudo,2023-12-31,pre_third,DELTA_MT,DELTA_MT,2023:Q3,0.00783847267299631,4.192555358243742,2.047573041003359,model_implied_state_space,-0.16579999999999995,0.17363847267299626,True,True,24,-1855.8610128998534,-3503.9519604138227,-1855.8610128998534,0.17588986759892578,9.471533243997769e-05,24.0,0,{},14,expanding,40,1965:Q3,,1,0.02
standard_dfm,pseudo,2023:Q3:pre_third:pseudo,2023-12-31,pre_third,DELTA_MT,DELTA_MT,2023:Q3,0.35206657489586535,,,not_available,-0.16579999999999995,0.5178665748958653,True,True,0,,,,,,,0,{},14,expanding,40,1965:Q3,,1,0.02
ar,exact,2023:Q4:pre_advance:exact,2024-01-24,pre_advance,DELTA_SA,DELTA_SA,2023:Q4,0.13379892253632342,,,not_available,-0.07099999999999973,0.20479892253632315,True,True,0,,,,,,,0,{},14,expanding,40,1965:Q3,,1,0.02
bridge,exact,2023:Q4:pre_advance:exact,2024-01-24,pre_advance,DELTA_SA,DELTA_SA,2023:Q4,0.24019109760625845,,,not_available,-0.07099999999999973,0.3111910976062582,True,True,0,,,,,,,0,{},14,expanding,40,1965:Q3,,1,0.02
indicator_revision_only_dfm_kalman_em,exact,2023:Q4:pre_advance:exact,2024-01-24,pre_advance,DELTA_SA,DELTA_SA,2023:Q4,0.0,0.40795241243895486,0.638711525212247,model_implied_state_space,-0.07099999999999973,0.07099999999999973,True,False,50,-3604.3530158827166,-5701.499566468953,-3604.3530158827166,2.0689131826525227,0.0005735157193515614,51.0,0,{},14,expanding,40,1965:Q3,,1,0.02
joint_indicator_revision_dfm_full_kalman_em,exact,2023:Q4:pre_advance:exact,2024-01-24,pre_advance,DELTA_SA,DELTA_SA,2023:Q4,-0.16536496790220934,0.37829117362431397,0.6150537973415935,model_implied_state_space,-0.07099999999999973,-0.0943649679022096,True,False,50,-3579.7399390180913,-5715.506349704514,-3579.7399390180913,1.490087735936413,0.0004159665138217349,51.0,0,{},14,expanding,40,1965:Q3,,1,0.02
midas_umidas,exact,2023:Q4:pre_advance:exact,2024-01-24,pre_advance,DELTA_SA,DELTA_SA,2023:Q4,0.33105580806274215,,,not_available,-0.07099999999999973,0.4020558080627419,True,True,0,,,,,,,0,{},14,expanding,40,1965:Q3,,1,0.02
monthly_mixed_frequency_kalman_em,exact,2023:Q4:pre_advance:exact,2024-01-24,pre_advance,DELTA_SA,DELTA_SA,2023:Q4,0.07116903913560568,0.3669426919767478,0.6057579483397207,model_implied_state_space,-0.07099999999999973,0.1421690391356054,True,True,28,-6318.979471072895,-8462.522423059914,-6318.979471072895,0.5691164458994535,9.004225472189066e-05,28.0,0,{},14,expanding,40,1965:Q3,,1,0.02
no_revision,exact,2023:Q4:pre_advance:exact,2024-01-24,pre_advance,DELTA_SA,DELTA_SA,2023:Q4,0.0,,,not_available,-0.07099999999999973,0.07099999999999973,True,True,0,,,,,,,0,{},14,expanding,40,1965:Q3,,1,0.02
release_dfm,exact,2023:Q4:pre_advance:exact,2024-01-24,pre_advance,DELTA_SA,DELTA_SA,2023:Q4,0.09526682080004978,,,not_available,-0.07099999999999973,0.1662668208000495,True,True,0,,,,,,,0,{},14,expanding,40,1965:Q3,,1,0.02
revision_dfm_kalman_em,exact,2023:Q4:pre_advance:exact,2024-01-24,pre_advance,DELTA_SA,DELTA_SA,2023:Q4,-0.0005878357103545895,0.3886270540990351,0.6233995942403516,model_implied_state_space,-0.07099999999999973,0.07041216428964514,True,True,32,-1871.8249613635512,-3500.632488078102,-1871.8249613635512,0.17626328543178715,9.410740533008484e-05,32.0,0,{},14,expanding,40,1965:Q3,,1,0.02
standard_dfm,exact,2023:Q4:pre_advance:exact,2024-01-24,pre_advance,DELTA_SA,DELTA_SA,2023:Q4,0.09526682080004978,,,not_available,-0.07099999999999973,0.1662668208000495,True,True,0,,,,,,,0,{},14,expanding,40,1965:Q3,,1,0.02
ar,pseudo,2023:Q4:pre_advance:pseudo,2024-01-31,pre_advance,DELTA_SA,DELTA_SA,2023:Q4,0.13379892253632342,,,not_available,-0.07099999999999973,0.20479892253632315,True,True,0,,,,,,,0,{},14,expanding,40,1965:Q3,,1,0.02
bridge,pseudo,2023:Q4:pre_advance:pseudo,2024-01-31,pre_advance,DELTA_SA,DELTA_SA,2023:Q4,0.24883913587486473,,,not_available,-0.07099999999999973,0.31983913587486446,True,True,0,,,,,,,0,{},14,expanding,40,1965:Q3,,1,0.02
indicator_revision_only_dfm_kalman_em,pseudo,2023:Q4:pre_advance:pseudo,2024-01-31,pre_advance,DELTA_SA,DELTA_SA,2023:Q4,0.0,0.40796819487642644,0.6387238799954378,model_implied_state_space,-0.07099999999999973,0.07099999999999973,True,False,50,-3603.6746128472046,-5701.496701666063,-3603.6746128472046,1.9186230951841026,0.0005319765689303673,51.0,0,{},14,expanding,40,1965:Q3,,1,0.02
joint_indicator_revision_dfm_full_kalman_em,pseudo,2023:Q4:pre_advance:pseudo,2024-01-31,pre_advance,DELTA_SA,DELTA_SA,2023:Q4,-0.16475511463372117,0.37796995188216176,0.6147926088382665,model_implied_state_space,-0.07099999999999973,-0.09375511463372144,True,False,50,-3578.4320441987406,-5715.503495988041,-3578.4320441987406,1.3671821227212604,0.0003818092097070073,51.0,0,{},14,expanding,40,1965:Q3,,1,0.02
midas_umidas,pseudo,2023:Q4:pre_advance:pseudo,2024-01-31,pre_advance,DELTA_SA,DELTA_SA,2023:Q4,0.2753055161344218,,,not_available,-0.07099999999999973,0.3463055161344215,True,True,0,,,,,,,0,{},14,expanding,40,1965:Q3,,1,0.02
monthly_mixed_frequency_kalman_em,pseudo,2023:Q4:pre_advance:pseudo,2024-01-31,pre_advance,DELTA_SA,DELTA_SA,2023:Q4,0.07111073518327382,0.36694235341868975,0.6057576688897052,model_implied_state_space,-0.07099999999999973,0.14211073518327355,True,True,28,-6321.663354127863,-8465.217100073798,-6321.663354127863,0.5692953094157929,9.003232064637949e-05,28.0,0,{},14,expanding,40,1965:Q3,,1,0.02
no_revision,pseudo,2023:Q4:pre_advance:pseudo,2024-01-31,pre_advance,DELTA_SA,DELTA_SA,2023:Q4,0.0,,,not_available,-0.07099999999999973,0.07099999999999973,True,True,0,,,,,,,0,{},14,expanding,40,1965:Q3,,1,0.02
release_dfm,pseudo,2023:Q4:pre_advance:pseudo,2024-01-31,pre_advance,DELTA_SA,DELTA_SA,2023:Q4,0.0952608953804357,,,not_available,-0.07099999999999973,0.16626089538043543,True,True,0,,,,,,,0,{},14,expanding,40,1965:Q3,,1,0.02
revision_dfm_kalman_em,pseudo,2023:Q4:pre_advance:pseudo,2024-01-31,pre_advance,DELTA_SA,DELTA_SA,2023:Q4,-0.00021072169365421445,0.3886816892423983,0.6234434130235064,model_implied_state_space,-0.07099999999999973,0.07078927830634552,True,True,32,-1872.089768074698,-3500.660794143593,-1872.089768074698,0.1776312360771044,9.482428196981363e-05,32.0,0,{},14,expanding,40,1965:Q3,,1,0.02
standard_dfm,pseudo,2023:Q4:pre_advance:pseudo,2024-01-31,pre_advance,DELTA_SA,DELTA_SA,2023:Q4,0.0952608953804357,,,not_available,-0.07099999999999973,0.16626089538043543,True,True,0,,,,,,,0,{},14,expanding,40,1965:Q3,,1,0.02
ar,exact,2023:Q4:pre_second:exact,2024-02-27,pre_second,DELTA_TS,DELTA_TS,2023:Q4,0.04576941234094711,,,not_available,0.18769999999999998,-0.14193058765905286,True,True,0,,,,,,,0,{},14,expanding,40,1965:Q3,,1,0.02
bridge,exact,2023:Q4:pre_second:exact,2024-02-27,pre_second,DELTA_TS,DELTA_TS,2023:Q4,0.22280968984369798,,,not_available,0.18769999999999998,0.035109689843698,True,True,0,,,,,,,0,{},14,expanding,40,1965:Q3,,1,0.02
indicator_revision_only_dfm_kalman_em,exact,2023:Q4:pre_second:exact,2024-02-27,pre_second,DELTA_TS,DELTA_TS,2023:Q4,0.0,0.14348510723401942,0.37879428088874234,model_implied_state_space,0.18769999999999998,-0.18769999999999998,True,False,50,-3603.696561989097,-5702.954468887621,-3603.696561989097,1.6870678084305837,0.00046780042879833623,51.0,0,{},14,expanding,40,1965:Q3,,1,0.02
joint_indicator_revision_dfm_full_kalman_em,exact,2023:Q4:pre_second:exact,2024-02-27,pre_second,DELTA_TS,DELTA_TS,2023:Q4,0.0007911307597785466,0.1409101190442923,0.3753799662266119,model_implied_state_space,0.18769999999999998,-0.18690886924022143,True,False,50,-3577.666285598098,-5717.055329401345,-3577.666285598098,1.0591178562845016,0.0002958656703842335,51.0,0,{},14,expanding,40,1965:Q3,,1,0.02
midas_umidas,exact,2023:Q4:pre_second:exact,2024-02-27,pre_second,DELTA_TS,DELTA_TS,2023:Q4,0.27495059114676046,,,not_available,0.18769999999999998,0.08725059114676048,True,True,0,,,,,,,0,{},14,expanding,40,1965:Q3,,1,0.02
monthly_mixed_frequency_kalman_em,exact,2023:Q4:pre_second:exact,2024-02-27,pre_second,DELTA_TS,DELTA_TS,2023:Q4,0.010870882250336944,0.14600111925603476,0.38210092810150925,model_implied_state_space,0.18769999999999998,-0.17682911774966303,True,True,28,-6344.488931395791,-8520.390760672188,-6344.488931395791,0.5718727997145834,9.01146108364589e-05,28.0,0,{},14,expanding,40,1965:Q3,,1,0.02
no_revision,exact,2023:Q4:pre_second:exact,2024-02-27,pre_second,DELTA_TS,DELTA_TS,2023:Q4,0.0,,,not_available,0.18769999999999998,-0.18769999999999998,True,True,0,,,,,,,0,{},14,expanding,40,1965:Q3,,1,0.02
release_dfm,exact,2023:Q4:pre_second:exact,2024-02-27,pre_second,DELTA_TS,DELTA_TS,2023:Q4,0.05186696647723821,,,not_available,0.18769999999999998,-0.13583303352276177,True,True,0,,,,,,,0,{},14,expanding,40,1965:Q3,,1,0.02
revision_dfm_kalman_em,exact,2023:Q4:pre_second:exact,2024-02-27,pre_second,DELTA_TS,DELTA_TS,2023:Q4,0.005033902321905703,0.1427574358098468,0.3778325499607555,model_implied_state_space,0.18769999999999998,-0.18266609767809427,True,True,24,-1874.1368304037799,-3526.556312628756,-1874.1368304037799,0.17514497659658446,9.339511446411958e-05,24.0,0,{},14,expanding,40,1965:Q3,,1,0.02
standard_dfm,exact,2023:Q4:pre_second:exact,2024-02-27,pre_second,DELTA_TS,DELTA_TS,2023:Q4,0.0650959171186245,,,not_available,0.18769999999999998,-0.12260408288137548,True,True,0,,,,,,,0,{},14,expanding,40,1965:Q3,,1,0.02
ar,pseudo,2023:Q4:pre_second:pseudo,2024-02-29,pre_second,DELTA_TS,DELTA_TS,2023:Q4,0.04576941234094711,,,not_available,0.18769999999999998,-0.14193058765905286,True,True,0,,,,,,,0,{},14,expanding,40,1965:Q3,,1,0.02
bridge,pseudo,2023:Q4:pre_second:pseudo,2024-02-29,pre_second,DELTA_TS,DELTA_TS,2023:Q4,0.21771508172728904,,,not_available,0.18769999999999998,0.03001508172728906,True,True,0,,,,,,,0,{},14,expanding,40,1965:Q3,,1,0.02
indicator_revision_only_dfm_kalman_em,pseudo,2023:Q4:pre_second:pseudo,2024-02-29,pre_second,DELTA_TS,DELTA_TS,2023:Q4,0.0,0.14348523103027844,0.37879444429700715,model_implied_state_space,0.18769999999999998,-0.18769999999999998,True,False,50,-3603.713633117236,-5702.947530285976,-3603.713633117236,1.690865568672507,0.00046885078179350644,51.0,0,{},14,expanding,40,1965:Q3,,1,0.02
joint_indicator_revision_dfm_full_kalman_em,pseudo,2023:Q4:pre_second:pseudo,2024-02-29,pre_second,DELTA_TS,DELTA_TS,2023:Q4,0.0007985166197848059,0.1409097932689638,0.3753795322989305,model_implied_state_space,0.18769999999999998,-0.18690148338021517,True,False,50,-3577.6977424466277,-5717.048420440034,-3577.6977424466277,1.064577332850149,0.00029738771397418634,51.0,0,{},14,expanding,40,1965:Q3,,1,0.02
midas_umidas,pseudo,2023:Q4:pre_second:pseudo,2024-02-29,pre_second,DELTA_TS,DELTA_TS,2023:Q4,0.2950458961921507,,,not_available,0.18769999999999998,0.10734589619215074,True,True,0,,,,,,,0,{},14,expanding,40,1965:Q3,,1,0.02
monthly_mixed_frequency_kalman_em,pseudo,2023:Q4:pre_second:pseudo,2024-02-29,pre_second,DELTA_TS,DELTA_TS,2023:Q4,0.010927020190418357,0.14600207870176918,0.38210218358675885,model_implied_state_space,0.18769999999999998,-0.17677297980958162,True,True,28,-6345.7635856613815,-8521.75059055591,-6345.7635856613815,0.5719973270161063,9.011613133377193e-05,28.0,0,{},14,expanding,40,1965:Q3,,1,0.02
no_revision,pseudo,2023:Q4:pre_second:pseudo,2024-02-29,pre_second,DELTA_TS,DELTA_TS,2023:Q4,0.0,,,not_available,0.18769999999999998,-0.18769999999999998,True,True,0,,,,,,,0,{},14,expanding,40,1965:Q3,,1,0.02
release_dfm,pseudo,2023:Q4:pre_second:pseudo,2024-02-29,pre_second,DELTA_TS,DELTA_TS,2023:Q4,0.051903989556313146,,,not_available,0.18769999999999998,-0.13579601044368683,True,True,0,,,,,,,0,{},14,expanding,40,1965:Q3,,1,0.02
revision_dfm_kalman_em,pseudo,2023:Q4:pre_second:pseudo,2024-02-29,pre_second,DELTA_TS,DELTA_TS,2023:Q4,0.005069872384970253,0.14275733226083842,0.37783241293043984,model_implied_state_space,0.18769999999999998,-0.18263012761502972,True,True,24,-1874.1092960711314,-3526.554350137769,-1874.1092960711314,0.17513510109620256,9.339122011839388e-05,24.0,0,{},14,expanding,40,1965:Q3,,1,0.02
standard_dfm,pseudo,2023:Q4:pre_second:pseudo,2024-02-29,pre_second,DELTA_TS,DELTA_TS,2023:Q4,0.06503789084197997,,,not_available,0.18769999999999998,-0.12266210915802,True,True,0,,,,,,,0,{},14,expanding,40,1965:Q3,,1,0.02
ar,exact,2023:Q4:pre_third:exact,2024-03-27,pre_third,DELTA_MT,DELTA_MT,2023:Q4,0.15455416560448398,,,not_available,0.022699999999999942,0.13185416560448404,True,True,0,,,,,,,0,{},14,expanding,40,1965:Q3,,1,0.02
bridge,exact,2023:Q4:pre_third:exact,2024-03-27,pre_third,DELTA_MT,DELTA_MT,2023:Q4,0.1478749400002739,,,not_available,0.022699999999999942,0.12517494000027396,True,True,0,,,,,,,0,{},14,expanding,40,1965:Q3,,1,0.02
indicator_revision_only_dfm_kalman_em,exact,2023:Q4:pre_third:exact,2024-03-27,pre_third,DELTA_MT,DELTA_MT,2023:Q4,0.0,4.206399105631244,2.0509507808894987,model_implied_state_space,0.022699999999999942,-0.022699999999999942,True,False,50,-3603.014275126352,-5704.146598432548,-3603.014275126352,1.702188055777242,0.0004720803959929287,51.0,0,{},14,expanding,40,1965:Q3,,1,0.02
joint_indicator_revision_dfm_full_kalman_em,exact,2023:Q4:pre_third:exact,2024-03-27,pre_third,DELTA_MT,DELTA_MT,2023:Q4,0.0003455540631325249,4.206026013277738,2.050859822922507,model_implied_state_space,0.022699999999999942,-0.022354445936867418,True,False,50,-3577.035213175157,-5718.217625491192,-3577.035213175157,1.0779371137937233,0.0003011743603877678,51.0,0,{},14,expanding,40,1965:Q3,,1,0.02
midas_umidas,exact,2023:Q4:pre_third:exact,2024-03-27,pre_third,DELTA_MT,DELTA_MT,2023:Q4,-0.9928810296408477,,,not_available,0.022699999999999942,-1.0155810296408476,True,True,0,,,,,,,0,{},14,expanding,40,1965:Q3,,1,0.02
monthly_mixed_frequency_kalman_em,exact,2023:Q4:pre_third:exact,2024-03-27,pre_third,DELTA_MT,DELTA_MT,2023:Q4,0.0022712000467124405,4.14832751996964,2.0367443433012498,model_implied_state_space,0.022699999999999942,-0.020428799953287502,True,True,28,-6360.223604631262,-8540.59531715869,-6360.223604631262,0.5716325804160078,8.985397346214331e-05,28.0,0,{},14,expanding,40,1965:Q3,,1,0.02
no_revision,exact,2023:Q4:pre_third:exact,2024-03-27,pre_third,DELTA_MT,DELTA_MT,2023:Q4,0.0,,,not_available,0.022699999999999942,-0.022699999999999942,True,True,0,,,,,,,0,{},14,expanding,40,1965:Q3,,1,0.02
release_dfm,exact,2023:Q4:pre_third:exact,2024-03-27,pre_third,DELTA_MT,DELTA_MT,2023:Q4,0.1233139522611908,,,not_available,0.022699999999999942,0.10061395226119085,True,True,0,,,,,,,0,{},14,expanding,40,1965:Q3,,1,0.02
revision_dfm_kalman_em,exact,2023:Q4:pre_third:exact,2024-03-27,pre_third,DELTA_MT,DELTA_MT,2023:Q4,0.001680527087219108,4.1749547897901165,2.043270611003378,model_implied_state_space,0.022699999999999942,-0.021019472912780834,True,True,24,-1873.242250626572,-3527.7934448436586,-1873.242250626572,0.17612179533739436,9.396077094028367e-05,24.0,0,{},14,expanding,40,1965:Q3,,1,0.02
standard_dfm,exact,2023:Q4:pre_third:exact,2024-03-27,pre_third,DELTA_MT,DELTA_MT,2023:Q4,0.3274463367676801,,,not_available,0.022699999999999942,0.30474633676768015,True,True,0,,,,,,,0,{},14,expanding,40,1965:Q3,,1,0.02
ar,pseudo,2023:Q4:pre_third:pseudo,2024-03-31,pre_third,DELTA_MT,DELTA_MT,2023:Q4,0.15455416560448398,,,not_available,0.022699999999999942,0.13185416560448404,True,True,0,,,,,,,0,{},14,expanding,40,1965:Q3,,1,0.02
bridge,pseudo,2023:Q4:pre_third:pseudo,2024-03-31,pre_third,DELTA_MT,DELTA_MT,2023:Q4,0.14847244861202302,,,not_available,0.022699999999999942,0.12577244861202308,True,True,0,,,,,,,0,{},14,expanding,40,1965:Q3,,1,0.02
indicator_revision_only_dfm_kalman_em,pseudo,2023:Q4:pre_third:pseudo,2024-03-31,pre_third,DELTA_MT,DELTA_MT,2023:Q4,0.0,4.206399106494148,2.0509507810998655,model_implied_state_space,0.022699999999999942,-0.022699999999999942,True,False,50,-3603.0142116790207,-5704.144838424497,-3603.0142116790207,1.7026572108261462,0.0004722104570984721,51.0,0,{},14,expanding,40,1965:Q3,,1,0.02
joint_indicator_revision_dfm_full_kalman_em,pseudo,2023:Q4:pre_third:pseudo,2024-03-31,pre_third,DELTA_MT,DELTA_MT,2023:Q4,0.00034589842328136555,4.206026368435687,2.0508599095100783,model_implied_state_space,0.022699999999999942,-0.022354101576718577,True,False,50,-3577.037160899261,-5718.2158652186845,-3577.037160899261,1.078693175240005,0.00030138537538873186,51.0,0,{},14,expanding,40,1965:Q3,,1,0.02
midas_umidas,pseudo,2023:Q4:pre_third:pseudo,2024-03-31,pre_third,DELTA_MT,DELTA_MT,2023:Q4,-0.9510432134786462,,,not_available,0.022699999999999942,-0.9737432134786461,True,True,0,,,,,,,0,{},14,expanding,40,1965:Q3,,1,0.02
monthly_mixed_frequency_kalman_em,pseudo,2023:Q4:pre_third:pseudo,2024-03-31,pre_third,DELTA_MT,DELTA_MT,2023:Q4,0.002255847922035148,4.148327510029755,2.0367443408611097,model_implied_state_space,0.022699999999999942,-0.020444152077964795,True,True,28,-6361.4504406304995,-8541.948659657683,-6361.4504406304995,0.5715969857183154,8.98310554857756e-05,28.0,0,{},14,expanding,40,1965:Q3,,1,0.02
no_revision,pseudo,2023:Q4:pre_third:pseudo,2024-03-31,pre_third,DELTA_MT,DELTA_MT,2023:Q4,0.0,,,not_available,0.022699999999999942,-0.022699999999999942,True,True,0,,,,,,,0,{},14,expanding,40,1965:Q3,,1,0.02
release_dfm,pseudo,2023:Q4:pre_third:pseudo,2024-03-31,pre_third,DELTA_MT,DELTA_MT,2023:Q4,0.12267184618628546,,,not_available,0.022699999999999942,0.09997184618628552,True,True,0,,,,,,,0,{},14,expanding,40,1965:Q3,,1,0.02
revision_dfm_kalman_em,pseudo,2023:Q4:pre_third:pseudo,2024-03-31,pre_third,DELTA_MT,DELTA_MT,2023:Q4,0.001681864636779551,4.1749547378926835,2.043270598303779,model_implied_state_space,0.022699999999999942,-0.02101813536322039,True,True,24,-1873.2376860581464,-3527.792431439552,-1873.2376860581464,0.17612027720201695,9.396018990403635e-05,24.0,0,{},14,expanding,40,1965:Q3,,1,0.02
standard_dfm,pseudo,2023:Q4:pre_third:pseudo,2024-03-31,pre_third,DELTA_MT,DELTA_MT,2023:Q4,0.3274648846559529,,,not_available,0.022699999999999942,0.304764884655953,True,True,0,,,,,,,0,{},14,expanding,40,1965:Q3,,1,0.02
ar,exact,2024:Q1:pre_advance:exact,2024-04-24,pre_advance,DELTA_SA,DELTA_SA,2024:Q1,0.09251088781958305,,,not_available,-0.3404999999999998,0.43301088781958286,True,True,0,,,,,,,0,{},14,expanding,40,1965:Q3,,1,0.02
bridge,exact,2024:Q1:pre_advance:exact,2024-04-24,pre_advance,DELTA_SA,DELTA_SA,2024:Q1,-0.017364626211852308,,,not_available,-0.3404999999999998,0.3231353737881475,True,True,0,,,,,,,0,{},14,expanding,40,1965:Q3,,1,0.02
indicator_revision_only_dfm_kalman_em,exact,2024:Q1:pre_advance:exact,2024-04-24,pre_advance,DELTA_SA,DELTA_SA,2024:Q1,0.0,0.40751005123598105,0.6383651394272568,model_implied_state_space,-0.3404999999999998,0.3404999999999998,True,True,41,-3586.2476549902653,-5718.728277534563,-3586.2476549902653,0.3398133348728152,9.471917768501313e-05,41.0,0,{},14,expanding,40,1965:Q3,,1,0.02
joint_indicator_revision_dfm_full_kalman_em,exact,2024:Q1:pre_advance:exact,2024-04-24,pre_advance,DELTA_SA,DELTA_SA,2024:Q1,-0.0007991026415243851,0.3627360609777881,0.6022757350066397,model_implied_state_space,-0.3404999999999998,0.3397008973584754,True,True,43,-3558.7288342797833,-5731.330312792942,-3558.7288342797833,0.31587143441174703,8.872681680225664e-05,43.0,0,{},14,expanding,40,1965:Q3,,1,0.02
midas_umidas,exact,2024:Q1:pre_advance:exact,2024-04-24,pre_advance,DELTA_SA,DELTA_SA,2024:Q1,-0.3131283419091899,,,not_available,-0.3404999999999998,0.02737165809080988,True,True,0,,,,,,,0,{},14,expanding,40,1965:Q3,,1,0.02
monthly_mixed_frequency_kalman_em,exact,2024:Q1:pre_advance:exact,2024-04-24,pre_advance,DELTA_SA,DELTA_SA,2024:Q1,0.06836131568252313,0.36568230113441835,0.604716711472751,model_implied_state_space,-0.3404999999999998,0.40886131568252293,True,True,27,-6371.860420772807,-8528.013797623415,-6371.860420772807,0.6012496068542532,9.43364278236002e-05,27.0,0,{},14,expanding,40,1965:Q3,,1,0.02
no_revision,exact,2024:Q1:pre_advance:exact,2024-04-24,pre_advance,DELTA_SA,DELTA_SA,2024:Q1,0.0,,,not_available,-0.3404999999999998,0.3404999999999998,True,True,0,,,,,,,0,{},14,expanding,40,1965:Q3,,1,0.02
release_dfm,exact,2024:Q1:pre_advance:exact,2024-04-24,pre_advance,DELTA_SA,DELTA_SA,2024:Q1,0.09456375499584957,,,not_available,-0.3404999999999998,0.43506375499584937,True,True,0,,,,,,,0,{},14,expanding,40,1965:Q3,,1,0.02
revision_dfm_kalman_em,exact,2024:Q1:pre_advance:exact,2024-04-24,pre_advance,DELTA_SA,DELTA_SA,2024:Q1,0.01920884910083087,0.386758884488116,0.621899416697038,model_implied_state_space,-0.3404999999999998,0.3597088491008307,True,True,24,-1888.798214445915,-3548.525876090966,-1888.798214445915,0.17603494889226567,9.314145361961107e-05,24.0,0,{},14,expanding,40,1965:Q3,,1,0.02
standard_dfm,exact,2024:Q1:pre_advance:exact,2024-04-24,pre_advance,DELTA_SA,DELTA_SA,2024:Q1,0.09456375499584957,,,not_available,-0.3404999999999998,0.43506375499584937,True,True,0,,,,,,,0,{},14,expanding,40,1965:Q3,,1,0.02
ar,pseudo,2024:Q1:pre_advance:pseudo,2024-04-30,pre_advance,DELTA_SA,DELTA_SA,2024:Q1,0.09251088781958305,,,not_available,-0.3404999999999998,0.43301088781958286,True,True,0,,,,,,,0,{},14,expanding,40,1965:Q3,,1,0.02
bridge,pseudo,2024:Q1:pre_advance:pseudo,2024-04-30,pre_advance,DELTA_SA,DELTA_SA,2024:Q1,-0.020091256333635288,,,not_available,-0.3404999999999998,0.3204087436663645,True,True,0,,,,,,,0,{},14,expanding,40,1965:Q3,,1,0.02
indicator_revision_only_dfm_kalman_em,pseudo,2024:Q1:pre_advance:pseudo,2024-04-30,pre_advance,DELTA_SA,DELTA_SA,2024:Q1,0.0,0.40751014198471935,0.6383652105062738,model_implied_state_space,-0.3404999999999998,0.3404999999999998,True,True,41,-3586.2439467290865,-5718.746653528502,-3586.2439467290865,0.3380367690615458,9.422412382948133e-05,41.0,0,{},14,expanding,40,1965:Q3,,1,0.02
joint_indicator_revision_dfm_full_kalman_em,pseudo,2024:Q1:pre_advance:pseudo,2024-04-30,pre_advance,DELTA_SA,DELTA_SA,2024:Q1,-0.0006626689542352793,0.3627494807232319,0.6022868757687087,model_implied_state_space,-0.3404999999999998,0.3398373310457645,True,True,43,-3558.723881873289,-5731.348683155707,-3558.723881873289,0.3139836062659924,8.819670411671233e-05,43.0,0,{},14,expanding,40,1965:Q3,,1,0.02
midas_umidas,pseudo,2024:Q1:pre_advance:pseudo,2024-04-30,pre_advance,DELTA_SA,DELTA_SA,2024:Q1,-0.31616270269215363,,,not_available,-0.3404999999999998,0.024337297307846173,True,True,0,,,,,,,0,{},14,expanding,40,1965:Q3,,1,0.02
monthly_mixed_frequency_kalman_em,pseudo,2024:Q1:pre_advance:pseudo,2024-04-30,pre_advance,DELTA_SA,DELTA_SA,2024:Q1,0.06831252741012417,0.36568238135556363,0.6047167778022731,model_implied_state_space,-0.3404999999999998,0.40881252741012397,True,True,27,-6373.227010955667,-8529.361581397401,-6373.227010955667,0.6015339866198701,9.436081023655452e-05,27.0,0,{},14,expanding,40,1965:Q3,,1,0.02
no_revision,pseudo,2024:Q1:pre_advance:pseudo,2024-04-30,pre_advance,DELTA_SA,DELTA_SA,2024:Q1,0.0,,,not_available,-0.3404999999999998,0.3404999999999998,True,True,0,,,,,,,0,{},14,expanding,40,1965:Q3,,1,0.02
release_dfm,pseudo,2024:Q1:pre_advance:pseudo,2024-04-30,pre_advance,DELTA_SA,DELTA_SA,2024:Q1,0.09456438435190906,,,not_available,-0.3404999999999998,0.43506438435190886,True,True,0,,,,,,,0,{},14,expanding,40,1965:Q3,,1,0.02
revision_dfm_kalman_em,pseudo,2024:Q1:pre_advance:pseudo,2024-04-30,pre_advance,DELTA_SA,DELTA_SA,2024:Q1,0.019245674082976283,0.3867601782280463,0.6219004568482374,model_implied_state_space,-0.3404999999999998,0.3597456740829761,True,True,24,-1888.8284532277014,-3548.5377119978402,-1888.8284532277014,0.1760542224863002,9.315016011459975e-05,24.0,0,{},14,expanding,40,1965:Q3,,1,0.02
standard_dfm,pseudo,2024:Q1:pre_advance:pseudo,2024-04-30,pre_advance,DELTA_SA,DELTA_SA,2024:Q1,0.09456438435190906,,,not_available,-0.3404999999999998,0.43506438435190886,True,True,0,,,,,,,0,{},14,expanding,40,1965:Q3,,1,0.02
ar,exact,2024:Q1:pre_second:exact,2024-05-29,pre_second,DELTA_TS,DELTA_TS,2024:Q1,0.07524733101140679,,,not_available,0.1602999999999999,-0.0850526689885931,True,True,0,,,,,,,0,{},14,expanding,40,1965:Q3,,1,0.02
bridge,exact,2024:Q1:pre_second:exact,2024-05-29,pre_second,DELTA_TS,DELTA_TS,2024:Q1,-0.06844120848816515,,,not_available,0.1602999999999999,-0.22874120848816504,True,True,0,,,,,,,0,{},14,expanding,40,1965:Q3,,1,0.02
indicator_revision_only_dfm_kalman_em,exact,2024:Q1:pre_second:exact,2024-05-29,pre_second,DELTA_TS,DELTA_TS,2024:Q1,0.0,0.14304791232015646,0.37821675309292746,model_implied_state_space,0.1602999999999999,-0.1602999999999999,True,False,50,-3635.6583170948743,-5743.078535271407,-3635.6583170948743,2.3341439576033736,0.0006414258843856706,51.0,0,{},14,expanding,40,1965:Q3,,1,0.02
joint_indicator_revision_dfm_full_kalman_em,exact,2024:Q1:pre_second:exact,2024-05-29,pre_second,DELTA_TS,DELTA_TS,2024:Q1,-0.00149435567842926,0.1404117073314003,0.37471550185627533,model_implied_state_space,0.1602999999999999,-0.16179435567842915,True,False,50,-3611.640911567858,-5757.235790533682,-3611.640911567858,1.643910393402166,0.00045483698003360794,51.0,0,{},14,expanding,40,1965:Q3,,1,0.02
midas_umidas,exact,2024:Q1:pre_second:exact,2024-05-29,pre_second,DELTA_TS,DELTA_TS,2024:Q1,-0.10888667569986366,,,not_available,0.1602999999999999,-0.26918667569986354,True,True,0,,,,,,,0,{},14,expanding,40,1965:Q3,,1,0.02
monthly_mixed_frequency_kalman_em,exact,2024:Q1:pre_second:exact,2024-05-29,pre_second,DELTA_TS,DELTA_TS,2024:Q1,0.019683382066336463,0.14480750882969717,0.38053581806407816,model_implied_state_space,0.1602999999999999,-0.14061661793366342,True,True,27,-6384.818480491491,-8548.453885205887,-6384.818480491491,0.5906406497861099,9.248399821910564e-05,27.0,0,{},14,expanding,40,1965:Q3,,1,0.02
no_revision,exact,2024:Q1:pre_second:exact,2024-05-29,pre_second,DELTA_TS,DELTA_TS,2024:Q1,0.0,,,not_available,0.1602999999999999,-0.1602999999999999,True,True,0,,,,,,,0,{},14,expanding,40,1965:Q3,,1,0.02
release_dfm,exact,2024:Q1:pre_second:exact,2024-05-29,pre_second,DELTA_TS,DELTA_TS,2024:Q1,0.049104963814085245,,,not_available,0.1602999999999999,-0.11119503618591464,True,True,0,,,,,,,0,{},14,expanding,40,1965:Q3,,1,0.02
revision_dfm_kalman_em,exact,2024:Q1:pre_second:exact,2024-05-29,pre_second,DELTA_TS,DELTA_TS,2024:Q1,0.0006300068052351726,0.14229484381717916,0.3772198878866001,model_implied_state_space,0.1602999999999999,-0.15966999319476471,True,True,24,-1887.2202748495713,-3549.73248609418,-1887.2202748495713,0.17765767494574902,9.407851591335212e-05,24.0,0,{},14,expanding,40,1965:Q3,,1,0.02
standard_dfm,exact,2024:Q1:pre_second:exact,2024-05-29,pre_second,DELTA_TS,DELTA_TS,2024:Q1,0.06180734330986959,,,not_available,0.1602999999999999,-0.0984926566901303,True,True,0,,,,,,,0,{},14,expanding,40,1965:Q3,,1,0.02
ar,pseudo,2024:Q1:pre_second:pseudo,2024-05-31,pre_second,DELTA_TS,DELTA_TS,2024:Q1,0.07524733101140679,,,not_available,0.1602999999999999,-0.0850526689885931,True,True,0,,,,,,,0,{},14,expanding,40,1965:Q3,,1,0.02
bridge,pseudo,2024:Q1:pre_second:pseudo,2024-05-31,pre_second,DELTA_TS,DELTA_TS,2024:Q1,-0.08094110829243073,,,not_available,0.1602999999999999,-0.24124110829243062,True,True,0,,,,,,,0,{},14,expanding,40,1965:Q3,,1,0.02
indicator_revision_only_dfm_kalman_em,pseudo,2024:Q1:pre_second:pseudo,2024-05-31,pre_second,DELTA_TS,DELTA_TS,2024:Q1,0.0,0.14304943643490808,0.3782187679569961,model_implied_state_space,0.1602999999999999,-0.1602999999999999,True,False,50,-3636.0399433370626,-5743.041289664926,-3636.0399433370626,2.3882704224297413,0.0006562213298782674,51.0,0,{},14,expanding,40,1965:Q3,,1,0.02
joint_indicator_revision_dfm_full_kalman_em,pseudo,2024:Q1:pre_second:pseudo,2024-05-31,pre_second,DELTA_TS,DELTA_TS,2024:Q1,-0.001515308256567316,0.14040737710477835,0.3747097237926691,model_implied_state_space,0.1602999999999999,-0.1618153082565672,True,False,50,-3612.248014302002,-5757.198447446083,-3612.248014302002,1.6650833076892013,0.0004606150307707849,51.0,0,{},14,expanding,40,1965:Q3,,1,0.02
midas_umidas,pseudo,2024:Q1:pre_second:pseudo,2024-05-31,pre_second,DELTA_TS,DELTA_TS,2024:Q1,-0.07984072170622403,,,not_available,0.1602999999999999,-0.24014072170622391,True,True,0,,,,,,,0,{},14,expanding,40,1965:Q3,,1,0.02
monthly_mixed_frequency_kalman_em,pseudo,2024:Q1:pre_second:pseudo,2024-05-31,pre_second,DELTA_TS,DELTA_TS,2024:Q1,0.01962578263098269,0.14480697629706474,0.380535118349233,model_implied_state_space,0.1602999999999999,-0.1406742173690172,True,True,27,-6386.029155334892,-8549.767118078777,-6386.029155334892,0.5906133265116296,9.246219216260569e-05,27.0,0,{},14,expanding,40,1965:Q3,,1,0.02
no_revision,pseudo,2024:Q1:pre_second:pseudo,2024-05-31,pre_second,DELTA_TS,DELTA_TS,2024:Q1,0.0,,,not_available,0.1602999999999999,-0.1602999999999999,True,True,0,,,,,,,0,{},14,expanding,40,1965:Q3,,1,0.02
release_dfm,pseudo,2024:Q1:pre_second:pseudo,2024-05-31,pre_second,DELTA_TS,DELTA_TS,2024:Q1,0.04919026755636979,,,not_available,0.1602999999999999,-0.1111097324436301,True,True,0,,,,,,,0,{},14,expanding,40,1965:Q3,,1,0.02
revision_dfm_kalman_em,pseudo,2024:Q1:pre_second:pseudo,2024-05-31,pre_second,DELTA_TS,DELTA_TS,2024:Q1,0.000584594348447709,0.14229453087473798,0.37721947308528225,model_implied_state_space,0.1602999999999999,-0.15971540565155218,True,True,24,-1887.0736481665294,-3549.689703135782,-1887.0736481665294,0.17754895615826172,9.402825028195949e-05,24.0,0,{},14,expanding,40,1965:Q3,,1,0.02
standard_dfm,pseudo,2024:Q1:pre_second:pseudo,2024-05-31,pre_second,DELTA_TS,DELTA_TS,2024:Q1,0.06165430325944121,,,not_available,0.1602999999999999,-0.09864569674055867,True,True,0,,,,,,,0,{},14,expanding,40,1965:Q3,,1,0.02
ar,exact,2024:Q1:pre_third:exact,2024-06-26,pre_third,DELTA_MT,DELTA_MT,2024:Q1,0.2517512521361831,,,not_available,-0.5680999999999999,0.819851252136183,True,True,0,,,,,,,0,{},14,expanding,40,1965:Q3,,1,0.02
bridge,exact,2024:Q1:pre_third:exact,2024-06-26,pre_third,DELTA_MT,DELTA_MT,2024:Q1,0.14396988834543212,,,not_available,-0.5680999999999999,0.7120698883454321,True,True,0,,,,,,,0,{},14,expanding,40,1965:Q3,,1,0.02
indicator_revision_only_dfm_kalman_em,exact,2024:Q1:pre_third:exact,2024-06-26,pre_third,DELTA_MT,DELTA_MT,2024:Q1,0.0,4.182962638472574,2.045229238611793,model_implied_state_space,-0.5680999999999999,0.5680999999999999,True,True,41,-3584.631121670603,-5720.681924438282,-3584.631121670603,0.32371939692211527,9.02742536561741e-05,41.0,0,{},14,expanding,40,1965:Q3,,1,0.02
joint_indicator_revision_dfm_full_kalman_em,exact,2024:Q1:pre_third:exact,2024-06-26,pre_third,DELTA_MT,DELTA_MT,2024:Q1,-0.0036318077095467416,4.1796718202134855,2.044424569460435,model_implied_state_space,-0.5680999999999999,0.5644681922904532,True,True,42,-3557.1292416548695,-5733.342675814601,-3557.1292416548695,0.3480011942760939,9.779497535790386e-05,42.0,0,{},14,expanding,40,1965:Q3,,1,0.02
midas_umidas,exact,2024:Q1:pre_third:exact,2024-06-26,pre_third,DELTA_MT,DELTA_MT,2024:Q1,1.0408015769376062,,,not_available,-0.5680999999999999,1.608901576937606,True,True,0,,,,,,,0,{},14,expanding,40,1965:Q3,,1,0.02
monthly_mixed_frequency_kalman_em,exact,2024:Q1:pre_third:exact,2024-06-26,pre_third,DELTA_MT,DELTA_MT,2024:Q1,-0.041249273976337486,4.133570322640329,2.0331183739862095,model_implied_state_space,-0.5680999999999999,0.5268507260236625,True,True,27,-6407.2746132922275,-8602.270634484225,-6407.2746132922275,0.6296225439227783,9.824183990800938e-05,27.0,0,{},14,expanding,40,1965:Q3,,1,0.02
no_revision,exact,2024:Q1:pre_third:exact,2024-06-26,pre_third,DELTA_MT,DELTA_MT,2024:Q1,0.0,,,not_available,-0.5680999999999999,0.5680999999999999,True,True,0,,,,,,,0,{},14,expanding,40,1965:Q3,,1,0.02
release_dfm,exact,2024:Q1:pre_third:exact,2024-06-26,pre_third,DELTA_MT,DELTA_MT,2024:Q1,0.2642338612087778,,,not_available,-0.5680999999999999,0.8323338612087777,True,True,0,,,,,,,0,{},14,expanding,40,1965:Q3,,1,0.02
revision_dfm_kalman_em,exact,2024:Q1:pre_third:exact,2024-06-26,pre_third,DELTA_MT,DELTA_MT,2024:Q1,-0.003454432995020573,4.172093699660215,2.0425703659018004,model_implied_state_space,-0.5680999999999999,0.5646455670049794,True,True,31,-1886.8260029396004,-3526.4264598698633,-1886.8260029396004,0.17499408401999972,9.268749555528461e-05,31.0,0,{},14,expanding,40,1965:Q3,,1,0.02
standard_dfm,exact,2024:Q1:pre_third:exact,2024-06-26,pre_third,DELTA_MT,DELTA_MT,2024:Q1,0.32694841063771296,,,not_available,-0.5680999999999999,0.8950484106377129,True,True,0,,,,,,,0,{},14,expanding,40,1965:Q3,,1,0.02
ar,pseudo,2024:Q1:pre_third:pseudo,2024-06-30,pre_third,DELTA_MT,DELTA_MT,2024:Q1,0.2517512521361831,,,not_available,-0.5680999999999999,0.819851252136183,True,True,0,,,,,,,0,{},14,expanding,40,1965:Q3,,1,0.02
bridge,pseudo,2024:Q1:pre_third:pseudo,2024-06-30,pre_third,DELTA_MT,DELTA_MT,2024:Q1,0.14907451856549647,,,not_available,-0.5680999999999999,0.7171745185654964,True,True,0,,,,,,,0,{},14,expanding,40,1965:Q3,,1,0.02
indicator_revision_only_dfm_kalman_em,pseudo,2024:Q1:pre_third:pseudo,2024-06-30,pre_third,DELTA_MT,DELTA_MT,2024:Q1,0.0,4.182947405886742,2.0452255146772305,model_implied_state_space,-0.5680999999999999,0.5680999999999999,True,True,41,-3584.9435485857807,-5720.523359582048,-3584.9435485857807,0.2866770640221148,7.99382766816569e-05,41.0,0,{},14,expanding,40,1965:Q3,,1,0.02
joint_indicator_revision_dfm_full_kalman_em,pseudo,2024:Q1:pre_third:pseudo,2024-06-30,pre_third,DELTA_MT,DELTA_MT,2024:Q1,-0.003613618384668893,4.179652605392531,2.044419870132486,model_implied_state_space,-0.5680999999999999,0.564486381615331,True,True,42,-3557.4753548715494,-5733.1853151631685,-3557.4753548715494,0.32312031900937654,9.079477842365739e-05,42.0,0,{},14,expanding,40,1965:Q3,,1,0.02
midas_umidas,pseudo,2024:Q1:pre_third:pseudo,2024-06-30,pre_third,DELTA_MT,DELTA_MT,2024:Q1,1.6526025241298696,,,not_available,-0.5680999999999999,2.2207025241298695,True,True,0,,,,,,,0,{},14,expanding,40,1965:Q3,,1,0.02
monthly_mixed_frequency_kalman_em,pseudo,2024:Q1:pre_third:pseudo,2024-06-30,pre_third,DELTA_MT,DELTA_MT,2024:Q1,-0.045039055353289115,4.134080539150771,2.033243846455897,model_implied_state_space,-0.5680999999999999,0.5230609446467108,True,True,28,-6417.270320540206,-8604.989867849199,-6417.270320540206,0.577658904027885,8.99941712091927e-05,28.0,0,{},14,expanding,40,1965:Q3,,1,0.02
no_revision,pseudo,2024:Q1:pre_third:pseudo,2024-06-30,pre_third,DELTA_MT,DELTA_MT,2024:Q1,0.0,,,not_available,-0.5680999999999999,0.5680999999999999,True,True,0,,,,,,,0,{},14,expanding,40,1965:Q3,,1,0.02
release_dfm,pseudo,2024:Q1:pre_third:pseudo,2024-06-30,pre_third,DELTA_MT,DELTA_MT,2024:Q1,0.2706307454446488,,,not_available,-0.5680999999999999,0.8387307454446488,True,True,0,,,,,,,0,{},14,expanding,40,1965:Q3,,1,0.02
revision_dfm_kalman_em,pseudo,2024:Q1:pre_third:pseudo,2024-06-30,pre_third,DELTA_MT,DELTA_MT,2024:Q1,-0.003562440106537057,4.172089570797894,2.04256935519896,model_implied_state_space,-0.5680999999999999,0.5645375598934629,True,True,31,-1888.6301144291192,-3526.4281919147966,-1888.6301144291192,0.18327563099842337,9.698080877318427e-05,31.0,0,{},14,expanding,40,1965:Q3,,1,0.02
standard_dfm,pseudo,2024:Q1:pre_third:pseudo,2024-06-30,pre_third,DELTA_MT,DELTA_MT,2024:Q1,0.32462194842273795,,,not_available,-0.5680999999999999,0.8927219484227379,True,True,0,,,,,,,0,{},14,expanding,40,1965:Q3,,1,0.02
ar,exact,2024:Q2:pre_advance:exact,2024-07-24,pre_advance,DELTA_SA,DELTA_SA,2024:Q2,0.05338533425259362,,,not_available,0.11129999999999995,-0.057914665747406335,True,True,0,,,,,,,0,{},14,expanding,40,1965:Q3,,1,0.02
bridge,exact,2024:Q2:pre_advance:exact,2024-07-24,pre_advance,DELTA_SA,DELTA_SA,2024:Q2,-0.09906543830163406,,,not_available,0.11129999999999995,-0.210365438301634,True,True,0,,,,,,,0,{},14,expanding,40,1965:Q3,,1,0.02
indicator_revision_only_dfm_kalman_em,exact,2024:Q2:pre_advance:exact,2024-07-24,pre_advance,DELTA_SA,DELTA_SA,2024:Q2,0.0,0.40498762873815775,0.6363863832123985,model_implied_state_space,0.11129999999999995,-0.11129999999999995,True,False,50,-3666.195093218998,-5783.166484778874,-3666.195093218998,1.8001748405299622,0.0004906451791315733,51.0,0,{},14,expanding,40,1965:Q3,,1,0.02
joint_indicator_revision_dfm_full_kalman_em,exact,2024:Q2:pre_advance:exact,2024-07-24,pre_advance,DELTA_SA,DELTA_SA,2024:Q2,0.16933895742934424,0.37477821115147414,0.61219131907556,model_implied_state_space,0.11129999999999995,0.058038957429344284,True,False,50,-3640.350615281611,-5797.308336216951,-3640.350615281611,1.2372424332552328,0.0003396602859241402,51.0,0,{},14,expanding,40,1965:Q3,,1,0.02
midas_umidas,exact,2024:Q2:pre_advance:exact,2024-07-24,pre_advance,DELTA_SA,DELTA_SA,2024:Q2,0.09241659987986228,,,not_available,0.11129999999999995,-0.018883400120137672,True,True,0,,,,,,,0,{},14,expanding,40,1965:Q3,,1,0.02
monthly_mixed_frequency_kalman_em,exact,2024:Q2:pre_advance:exact,2024-07-24,pre_advance,DELTA_SA,DELTA_SA,2024:Q2,0.13729924476651156,0.36337479674588025,0.602805770332269,model_implied_state_space,0.11129999999999995,0.02599924476651161,True,True,28,-6432.485003640938,-8623.95459433819,-6432.485003640938,0.5828665911931239,9.059068119094848e-05,28.0,0,{},14,expanding,40,1965:Q3,,1,0.02
no_revision,exact,2024:Q2:pre_advance:exact,2024-07-24,pre_advance,DELTA_SA,DELTA_SA,2024:Q2,0.0,,,not_available,0.11129999999999995,-0.11129999999999995,True,True,0,,,,,,,0,{},14,expanding,40,1965:Q3,,1,0.02
release_dfm,exact,2024:Q2:pre_advance:exact,2024-07-24,pre_advance,DELTA_SA,DELTA_SA,2024:Q2,0.09279112742291318,,,not_available,0.11129999999999995,-0.018508872577086777,True,True,0,,,,,,,0,{},14,expanding,40,1965:Q3,,1,0.02
revision_dfm_kalman_em,exact,2024:Q2:pre_advance:exact,2024-07-24,pre_advance,DELTA_SA,DELTA_SA,2024:Q2,0.11326673985325986,0.38658144264417693,0.6217567391224457,model_implied_state_space,0.11129999999999995,0.0019667398532599023,True,True,31,-1905.7507288616575,-3547.5302532725877,-1905.7507288616575,0.18864946550115747,9.892787764792403e-05,31.0,0,{},14,expanding,40,1965:Q3,,1,0.02
standard_dfm,exact,2024:Q2:pre_advance:exact,2024-07-24,pre_advance,DELTA_SA,DELTA_SA,2024:Q2,0.09279112742291318,,,not_available,0.11129999999999995,-0.018508872577086777,True,True,0,,,,,,,0,{},14,expanding,40,1965:Q3,,1,0.02
ar,pseudo,2024:Q2:pre_advance:pseudo,2024-07-31,pre_advance,DELTA_SA,DELTA_SA,2024:Q2,0.05338533425259362,,,not_available,0.11129999999999995,-0.057914665747406335,True,True,0,,,,,,,0,{},14,expanding,40,1965:Q3,,1,0.02
bridge,pseudo,2024:Q2:pre_advance:pseudo,2024-07-31,pre_advance,DELTA_SA,DELTA_SA,2024:Q2,-0.12876385080396613,,,not_available,0.11129999999999995,-0.24006385080396608,True,True,0,,,,,,,0,{},14,expanding,40,1965:Q3,,1,0.02
indicator_revision_only_dfm_kalman_em,pseudo,2024:Q2:pre_advance:pseudo,2024-07-31,pre_advance,DELTA_SA,DELTA_SA,2024:Q2,0.0,0.40501086103319395,0.636404636244264,model_implied_state_space,0.11129999999999995,-0.11129999999999995,True,False,50,-3665.097609116166,-5783.245981662437,-3665.097609116166,1.5779472132708179,0.00043023086121881716,51.0,0,{},14,expanding,40,1965:Q3,,1,0.02
joint_indicator_revision_dfm_full_kalman_em,pseudo,2024:Q2:pre_advance:pseudo,2024-07-31,pre_advance,DELTA_SA,DELTA_SA,2024:Q2,0.16772098618960452,0.37377691972950444,0.6113729792274961,model_implied_state_space,0.11129999999999995,0.05642098618960456,True,False,50,-3638.365322744903,-5797.387810710863,-3638.365322744903,0.8774410090895799,0.00024103914657184035,51.0,0,{},14,expanding,40,1965:Q3,,1,0.02
midas_umidas,pseudo,2024:Q2:pre_advance:pseudo,2024-07-31,pre_advance,DELTA_SA,DELTA_SA,2024:Q2,0.07627890108812663,,,not_available,0.11129999999999995,-0.03502109891187333,True,True,0,,,,,,,0,{},14,expanding,40,1965:Q3,,1,0.02
monthly_mixed_frequency_kalman_em,pseudo,2024:Q2:pre_advance:pseudo,2024-07-31,pre_advance,DELTA_SA,DELTA_SA,2024:Q2,0.13611684243576772,0.36335601370479687,0.6027901904517001,model_implied_state_space,0.11129999999999995,0.02481684243576776,True,True,28,-6436.183268993662,-8626.915462086648,-6436.183268993662,0.585018450179632,9.087286526305182e-05,28.0,0,{},14,expanding,40,1965:Q3,,1,0.02
no_revision,pseudo,2024:Q2:pre_advance:pseudo,2024-07-31,pre_advance,DELTA_SA,DELTA_SA,2024:Q2,0.0,,,not_available,0.11129999999999995,-0.11129999999999995,True,True,0,,,,,,,0,{},14,expanding,40,1965:Q3,,1,0.02
release_dfm,pseudo,2024:Q2:pre_advance:pseudo,2024-07-31,pre_advance,DELTA_SA,DELTA_SA,2024:Q2,0.09271338046008237,,,not_available,0.11129999999999995,-0.01858661953991758,True,True,0,,,,,,,0,{},14,expanding,40,1965:Q3,,1,0.02
revision_dfm_kalman_em,pseudo,2024:Q2:pre_advance:pseudo,2024-07-31,pre_advance,DELTA_SA,DELTA_SA,2024:Q2,0.11313392241661369,0.3866506603922968,0.621812399677183,model_implied_state_space,0.11129999999999995,0.0018339224166137313,True,True,31,-1906.1601283697394,-3547.5814390688583,-1906.1601283697394,0.19015055099339406,9.969356604020845e-05,31.0,0,{},14,expanding,40,1965:Q3,,1,0.02
standard_dfm,pseudo,2024:Q2:pre_advance:pseudo,2024-07-31,pre_advance,DELTA_SA,DELTA_SA,2024:Q2,0.09271338046008237,,,not_available,0.11129999999999995,-0.01858661953991758,True,True,0,,,,,,,0,{},14,expanding,40,1965:Q3,,1,0.02
ar,exact,2024:Q2:pre_second:exact,2024-08-28,pre_second,DELTA_TS,DELTA_TS,2024:Q2,0.07879341069259516,,,not_available,0.03810000000000002,0.04069341069259513,True,True,0,,,,,,,0,{},14,expanding,40,1965:Q3,,1,0.02
bridge,exact,2024:Q2:pre_second:exact,2024-08-28,pre_second,DELTA_TS,DELTA_TS,2024:Q2,-0.20080448163236309,,,not_available,0.03810000000000002,-0.2389044816323631,True,True,0,,,,,,,0,{},14,expanding,40,1965:Q3,,1,0.02
indicator_revision_only_dfm_kalman_em,exact,2024:Q2:pre_second:exact,2024-08-28,pre_second,DELTA_TS,DELTA_TS,2024:Q2,0.0,0.14252712856489913,0.37752765271553174,model_implied_state_space,0.03810000000000002,-0.03810000000000002,True,False,50,-3664.9707441618125,-5784.221388762468,-3664.9707441618125,1.676702144747651,0.0004571601194755358,51.0,0,{},14,expanding,40,1965:Q3,,1,0.02
joint_indicator_revision_dfm_full_kalman_em,exact,2024:Q2:pre_second:exact,2024-08-28,pre_second,DELTA_TS,DELTA_TS,2024:Q2,0.01138789140539398,0.13997071866877975,0.3741266078064747,model_implied_state_space,0.03810000000000002,-0.026712108594606043,True,False,50,-3638.7375859231215,-5798.4604901964185,-3638.7375859231215,1.0476782840933083,0.000287761625051908,51.0,0,{},14,expanding,40,1965:Q3,,1,0.02
midas_umidas,exact,2024:Q2:pre_second:exact,2024-08-28,pre_second,DELTA_TS,DELTA_TS,2024:Q2,0.051366070705513245,,,not_available,0.03810000000000002,0.013266070705513222,True,True,0,,,,,,,0,{},14,expanding,40,1965:Q3,,1,0.02
monthly_mixed_frequency_kalman_em,exact,2024:Q2:pre_second:exact,2024-08-28,pre_second,DELTA_TS,DELTA_TS,2024:Q2,0.07560123407578434,0.14510889801505167,0.38093161855515706,model_implied_state_space,0.03810000000000002,0.03750123407578432,True,True,28,-6452.758313829933,-8646.172861549527,-6452.758313829933,0.5888316350774403,9.123023937303534e-05,28.0,0,{},14,expanding,40,1965:Q3,,1,0.02
no_revision,exact,2024:Q2:pre_second:exact,2024-08-28,pre_second,DELTA_TS,DELTA_TS,2024:Q2,0.0,,,not_available,0.03810000000000002,-0.03810000000000002,True,True,0,,,,,,,0,{},14,expanding,40,1965:Q3,,1,0.02
release_dfm,exact,2024:Q2:pre_second:exact,2024-08-28,pre_second,DELTA_TS,DELTA_TS,2024:Q2,0.05113334221197485,,,not_available,0.03810000000000002,0.01303334221197483,True,True,0,,,,,,,0,{},14,expanding,40,1965:Q3,,1,0.02
revision_dfm_kalman_em,exact,2024:Q2:pre_second:exact,2024-08-28,pre_second,DELTA_TS,DELTA_TS,2024:Q2,0.001668329714939354,0.14092359455478343,0.37539791495795954,model_implied_state_space,0.03810000000000002,-0.03643167028506067,True,True,31,-1905.667212146484,-3548.7376790759477,-1905.667212146484,0.18671351887701348,9.791705403541243e-05,31.0,0,{},14,expanding,40,1965:Q3,,1,0.02
standard_dfm,exact,2024:Q2:pre_second:exact,2024-08-28,pre_second,DELTA_TS,DELTA_TS,2024:Q2,0.06724260548397121,,,not_available,0.03810000000000002,0.029142605483971185,True,True,0,,,,,,,0,{},14,expanding,40,1965:Q3,,1,0.02
ar,pseudo,2024:Q2:pre_second:pseudo,2024-08-31,pre_second,DELTA_TS,DELTA_TS,2024:Q2,0.07879341069259516,,,not_available,0.03810000000000002,0.04069341069259513,True,True,0,,,,,,,0,{},14,expanding,40,1965:Q3,,1,0.02
bridge,pseudo,2024:Q2:pre_second:pseudo,2024-08-31,pre_second,DELTA_TS,DELTA_TS,2024:Q2,-0.19987962032259343,,,not_available,0.03810000000000002,-0.23797962032259345,True,True,0,,,,,,,0,{},14,expanding,40,1965:Q3,,1,0.02
indicator_revision_only_dfm_kalman_em,pseudo,2024:Q2:pre_second:pseudo,2024-08-31,pre_second,DELTA_TS,DELTA_TS,2024:Q2,0.0,0.14252714536651434,0.377527674967696,model_implied_state_space,0.03810000000000002,-0.03810000000000002,True,False,50,-3664.9713190078537,-5784.2190275233925,-3664.9713190078537,1.6772199550023288,0.0004573011664516295,51.0,0,{},14,expanding,40,1965:Q3,,1,0.02
joint_indicator_revision_dfm_full_kalman_em,pseudo,2024:Q2:pre_second:pseudo,2024-08-31,pre_second,DELTA_TS,DELTA_TS,2024:Q2,0.011386989036061834,0.13997067712127553,0.3741265522804757,model_implied_state_space,0.03810000000000002,-0.02671301096393819,True,False,50,-3638.740332831868,-5798.458129627577,-3638.740332831868,1.048524353065659,0.0002879937272375582,51.0,0,{},14,expanding,40,1965:Q3,,1,0.02
midas_umidas,pseudo,2024:Q2:pre_second:pseudo,2024-08-31,pre_second,DELTA_TS,DELTA_TS,2024:Q2,0.058679698832893035,,,not_available,0.03810000000000002,0.020579698832893012,True,True,0,,,,,,,0,{},14,expanding,40,1965:Q3,,1,0.02
monthly_mixed_frequency_kalman_em,pseudo,2024:Q2:pre_second:pseudo,2024-08-31,pre_second,DELTA_TS,DELTA_TS,2024:Q2,0.07560374420843585,0.14510973017884787,0.380932710828104,model_implied_state_space,0.03810000000000002,0.03750374420843583,True,True,28,-6454.1930511441815,-8647.504739708897,-6454.1930511441815,0.5891602155470537,9.126085674178337e-05,28.0,0,{},14,expanding,40,1965:Q3,,1,0.02
no_revision,pseudo,2024:Q2:pre_second:pseudo,2024-08-31,pre_second,DELTA_TS,DELTA_TS,2024:Q2,0.0,,,not_available,0.03810000000000002,-0.03810000000000002,True,True,0,,,,,,,0,{},14,expanding,40,1965:Q3,,1,0.02
release_dfm,pseudo,2024:Q2:pre_second:pseudo,2024-08-31,pre_second,DELTA_TS,DELTA_TS,2024:Q2,0.051127950789570775,,,not_available,0.03810000000000002,0.013027950789570752,True,True,0,,,,,,,0,{},14,expanding,40,1965:Q3,,1,0.02
revision_dfm_kalman_em,pseudo,2024:Q2:pre_second:pseudo,2024-08-31,pre_second,DELTA_TS,DELTA_TS,2024:Q2,0.001665796064919789,0.1409236045878779,0.37539792832123875,model_implied_state_space,0.03810000000000002,-0.036434203935080234,True,True,31,-1905.6632084592861,-3548.736816792183,-1905.6632084592861,0.18670698137748332,9.791383153211418e-05,31.0,0,{},14,expanding,40,1965:Q3,,1,0.02
standard_dfm,pseudo,2024:Q2:pre_second:pseudo,2024-08-31,pre_second,DELTA_TS,DELTA_TS,2024:Q2,0.06725430602293114,,,not_available,0.03810000000000002,0.02915430602293112,True,True,0,,,,,,,0,{},14,expanding,40,1965:Q3,,1,0.02
ar,exact,2024:Q2:pre_third:exact,2024-09-25,pre_third,DELTA_MT,DELTA_MT,2024:Q2,0.4003926973988654,,,not_available,0.6000000000000001,-0.19960730260113468,True,True,0,,,,,,,0,{},14,expanding,40,1965:Q3,,1,0.02
bridge,exact,2024:Q2:pre_third:exact,2024-09-25,pre_third,DELTA_MT,DELTA_MT,2024:Q2,0.1573735216015888,,,not_available,0.6000000000000001,-0.4426264783984113,True,True,0,,,,,,,0,{},14,expanding,40,1965:Q3,,1,0.02
indicator_revision_only_dfm_kalman_em,exact,2024:Q2:pre_third:exact,2024-09-25,pre_third,DELTA_MT,DELTA_MT,2024:Q2,0.0,4.164159711835093,2.0406272839093114,model_implied_state_space,0.6000000000000001,-0.6000000000000001,True,True,40,-3617.91701424954,-5761.9336869307335,-3617.91701424954,0.30214893713264246,8.348456490449296e-05,40.0,0,{},14,expanding,40,1965:Q3,,1,0.02
joint_indicator_revision_dfm_full_kalman_em,exact,2024:Q2:pre_third:exact,2024-09-25,pre_third,DELTA_MT,DELTA_MT,2024:Q2,0.005945289912900886,4.160885003687418,2.039824748278003,model_implied_state_space,0.6000000000000001,-0.5940547100870992,True,True,41,-3590.3899867504365,-5774.6782903359535,-3590.3899867504365,0.3216289543656785,8.954754411778275e-05,41.0,0,{},14,expanding,40,1965:Q3,,1,0.02
midas_umidas,exact,2024:Q2:pre_third:exact,2024-09-25,pre_third,DELTA_MT,DELTA_MT,2024:Q2,-0.3830324221771648,,,not_available,0.6000000000000001,-0.9830324221771649,True,True,0,,,,,,,0,{},14,expanding,40,1965:Q3,,1,0.02
monthly_mixed_frequency_kalman_em,exact,2024:Q2:pre_third:exact,2024-09-25,pre_third,DELTA_MT,DELTA_MT,2024:Q2,0.04982911492617914,4.115750491892345,2.0287312517660747,model_implied_state_space,0.6000000000000001,-0.550170885073821,True,True,27,-6463.345216908381,-8630.23028076301,-6463.345216908381,0.5916755523394386,9.152070038447533e-05,27.0,0,{},14,expanding,40,1965:Q3,,1,0.02
no_revision,exact,2024:Q2:pre_third:exact,2024-09-25,pre_third,DELTA_MT,DELTA_MT,2024:Q2,0.0,,,not_available,0.6000000000000001,-0.6000000000000001,True,True,0,,,,,,,0,{},14,expanding,40,1965:Q3,,1,0.02
release_dfm,exact,2024:Q2:pre_third:exact,2024-09-25,pre_third,DELTA_MT,DELTA_MT,2024:Q2,0.20707504341068006,,,not_available,0.6000000000000001,-0.39292495658932003,True,True,0,,,,,,,0,{},14,expanding,40,1965:Q3,,1,0.02
revision_dfm_kalman_em,exact,2024:Q2:pre_third:exact,2024-09-25,pre_third,DELTA_MT,DELTA_MT,2024:Q2,0.001627040304610805,4.154058959274076,2.03815086764304,model_implied_state_space,0.6000000000000001,-0.5983729596953893,True,True,31,-1904.8508120483375,-3549.9489573418655,-1904.8508120483375,0.18446987237553003,9.678198201537991e-05,31.0,0,{},14,expanding,40,1965:Q3,,1,0.02
standard_dfm,exact,2024:Q2:pre_third:exact,2024-09-25,pre_third,DELTA_MT,DELTA_MT,2024:Q2,0.32031491930789757,,,not_available,0.6000000000000001,-0.2796850806921025,True,True,0,,,,,,,0,{},14,expanding,40,1965:Q3,,1,0.02
ar,pseudo,2024:Q2:pre_third:pseudo,2024-09-30,pre_third,DELTA_MT,DELTA_MT,2024:Q2,0.4003926973988654,,,not_available,0.6000000000000001,-0.19960730260113468,True,True,0,,,,,,,0,{},14,expanding,40,1965:Q3,,1,0.02
bridge,pseudo,2024:Q2:pre_third:pseudo,2024-09-30,pre_third,DELTA_MT,DELTA_MT,2024:Q2,0.15291493606565654,,,not_available,0.6000000000000001,-0.44708506393434355,True,True,0,,,,,,,0,{},14,expanding,40,1965:Q3,,1,0.02
indicator_revision_only_dfm_kalman_em,pseudo,2024:Q2:pre_third:pseudo,2024-09-30,pre_third,DELTA_MT,DELTA_MT,2024:Q2,0.0,4.164153539771182,2.0406257716130076,model_implied_state_space,0.6000000000000001,-0.6000000000000001,True,True,40,-3618.086309107662,-5761.938872878782,-3618.086309107662,0.28954103043224677,7.999750300074515e-05,40.0,0,{},14,expanding,40,1965:Q3,,1,0.02
joint_indicator_revision_dfm_full_kalman_em,pseudo,2024:Q2:pre_third:pseudo,2024-09-30,pre_third,DELTA_MT,DELTA_MT,2024:Q2,0.005926815874580882,4.160950602930236,2.0398408278417794,model_implied_state_space,0.6000000000000001,-0.5940731841254192,True,True,41,-3590.5382555195188,-5774.684020718634,-3590.5382555195188,0.3052080895031395,8.497254754985111e-05,41.0,0,{},14,expanding,40,1965:Q3,,1,0.02
midas_umidas,pseudo,2024:Q2:pre_third:pseudo,2024-09-30,pre_third,DELTA_MT,DELTA_MT,2024:Q2,-0.32044010003960244,,,not_available,0.6000000000000001,-0.9204401000396025,True,True,0,,,,,,,0,{},14,expanding,40,1965:Q3,,1,0.02
monthly_mixed_frequency_kalman_em,pseudo,2024:Q2:pre_third:pseudo,2024-09-30,pre_third,DELTA_MT,DELTA_MT,2024:Q2,0.04980831485034365,4.115768573048126,2.0287357080329924,model_implied_state_space,0.6000000000000001,-0.5501916851496564,True,True,27,-6467.278082810968,-8633.158785558899,-6467.278082810968,0.594981703706253,9.197609811978763e-05,27.0,0,{},14,expanding,40,1965:Q3,,1,0.02
no_revision,pseudo,2024:Q2:pre_third:pseudo,2024-09-30,pre_third,DELTA_MT,DELTA_MT,2024:Q2,0.0,,,not_available,0.6000000000000001,-0.6000000000000001,True,True,0,,,,,,,0,{},14,expanding,40,1965:Q3,,1,0.02
release_dfm,pseudo,2024:Q2:pre_third:pseudo,2024-09-30,pre_third,DELTA_MT,DELTA_MT,2024:Q2,0.22809448852743675,,,not_available,0.6000000000000001,-0.37190551147256334,True,True,0,,,,,,,0,{},14,expanding,40,1965:Q3,,1,0.02
revision_dfm_kalman_em,pseudo,2024:Q2:pre_third:pseudo,2024-09-30,pre_third,DELTA_MT,DELTA_MT,2024:Q2,0.0016316995427856362,4.154071671150726,2.0381539861234055,model_implied_state_space,0.6000000000000001,-0.5983683004572145,True,True,31,-1905.5953950081516,-3550.176238268408,-1905.5953950081516,0.1860454126708646,9.757039203706786e-05,31.0,0,{},14,expanding,40,1965:Q3,,1,0.02
standard_dfm,pseudo,2024:Q2:pre_third:pseudo,2024-09-30,pre_third,DELTA_MT,DELTA_MT,2024:Q2,0.3235354371853605,,,not_available,0.6000000000000001,-0.2764645628146396,True,True,0,,,,,,,0,{},14,expanding,40,1965:Q3,,1,0.02
ar,exact,2024:Q3:pre_advance:exact,2024-10-29,pre_advance,DELTA_SA,DELTA_SA,2024:Q3,0.09455321279906093,,,not_available,0.008799999999999919,0.08575321279906101,True,True,0,,,,,,,0,{},14,expanding,40,1965:Q3,,1,0.02
bridge,exact,2024:Q3:pre_advance:exact,2024-10-29,pre_advance,DELTA_SA,DELTA_SA,2024:Q3,0.08142710177194123,,,not_available,0.008799999999999919,0.07262710177194132,True,True,0,,,,,,,0,{},14,expanding,40,1965:Q3,,1,0.02
indicator_revision_only_dfm_kalman_em,exact,2024:Q3:pre_advance:exact,2024-10-29,pre_advance,DELTA_SA,DELTA_SA,2024:Q3,0.0,0.40338316490192483,0.6351245270826225,model_implied_state_space,0.008799999999999919,-0.008799999999999919,True,False,50,-3693.7025254952096,-5823.750457913328,-3693.7025254952096,1.4807219733406782,0.0004006083773997943,51.0,0,{},14,expanding,40,1965:Q3,,1,0.02
joint_indicator_revision_dfm_full_kalman_em,exact,2024:Q3:pre_advance:exact,2024-10-29,pre_advance,DELTA_SA,DELTA_SA,2024:Q3,0.17013588171688543,0.37158073035124506,0.6095742205435242,model_implied_state_space,0.008799999999999919,0.1613358817168855,True,False,50,-3666.6354417901816,-5837.951238362714,-3666.6354417901816,0.6416205297132365,0.0001749105966678161,51.0,0,{},14,expanding,40,1965:Q3,,1,0.02
midas_umidas,exact,2024:Q3:pre_advance:exact,2024-10-29,pre_advance,DELTA_SA,DELTA_SA,2024:Q3,0.4710608201725559,,,not_available,0.008799999999999919,0.462260820172556,True,True,0,,,,,,,0,{},14,expanding,40,1965:Q3,,1,0.02
monthly_mixed_frequency_kalman_em,exact,2024:Q3:pre_advance:exact,2024-10-29,pre_advance,DELTA_SA,DELTA_SA,2024:Q3,0.0358171803823748,0.36169309025255103,0.6014092535474916,model_implied_state_space,0.008799999999999919,0.027017180382374884,True,True,28,-6486.55240831008,-8688.148717082293,-6486.55240831008,0.5901635054524377,9.096031705839909e-05,28.0,0,{},14,expanding,40,1965:Q3,,1,0.02
no_revision,exact,2024:Q3:pre_advance:exact,2024-10-29,pre_advance,DELTA_SA,DELTA_SA,2024:Q3,0.0,,,not_available,0.008799999999999919,-0.008799999999999919,True,True,0,,,,,,,0,{},14,expanding,40,1965:Q3,,1,0.02
release_dfm,exact,2024:Q3:pre_advance:exact,2024-10-29,pre_advance,DELTA_SA,DELTA_SA,2024:Q3,0.09251068801486473,,,not_available,0.008799999999999919,0.08371068801486481,True,True,0,,,,,,,0,{},14,expanding,40,1965:Q3,,1,0.02
revision_dfm_kalman_em,exact,2024:Q3:pre_advance:exact,2024-10-29,pre_advance,DELTA_SA,DELTA_SA,2024:Q3,0.12071762571469602,0.3849492792000371,0.6204428089679476,model_implied_state_space,0.008799999999999919,0.1119176257146961,True,True,31,-1920.978946836927,-3570.917422827511,-1920.978946836927,0.1868652927266794,9.721601099524445e-05,31.0,0,{},14,expanding,40,1965:Q3,,1,0.02
standard_dfm,exact,2024:Q3:pre_advance:exact,2024-10-29,pre_advance,DELTA_SA,DELTA_SA,2024:Q3,0.09251068801486473,,,not_available,0.008799999999999919,0.08371068801486481,True,True,0,,,,,,,0,{},14,expanding,40,1965:Q3,,1,0.02
ar,pseudo,2024:Q3:pre_advance:pseudo,2024-10-31,pre_advance,DELTA_SA,DELTA_SA,2024:Q3,0.09455321279906093,,,not_available,0.008799999999999919,0.08575321279906101,True,True,0,,,,,,,0,{},14,expanding,40,1965:Q3,,1,0.02
bridge,pseudo,2024:Q3:pre_advance:pseudo,2024-10-31,pre_advance,DELTA_SA,DELTA_SA,2024:Q3,0.0803244164970831,,,not_available,0.008799999999999919,0.07152441649708319,True,True,0,,,,,,,0,{},14,expanding,40,1965:Q3,,1,0.02
indicator_revision_only_dfm_kalman_em,pseudo,2024:Q3:pre_advance:pseudo,2024-10-31,pre_advance,DELTA_SA,DELTA_SA,2024:Q3,0.0,0.4033830554352056,0.6351244409052493,model_implied_state_space,0.008799999999999919,-0.008799999999999919,True,False,50,-3693.7844789399396,-5823.749589057933,-3693.7844789399396,1.480150076848986,0.00040044483428739456,51.0,0,{},14,expanding,40,1965:Q3,,1,0.02
joint_indicator_revision_dfm_full_kalman_em,pseudo,2024:Q3:pre_advance:pseudo,2024-10-31,pre_advance,DELTA_SA,DELTA_SA,2024:Q3,0.17167173253891743,0.3715720296973952,0.6095670838368779,model_implied_state_space,0.008799999999999919,0.1628717325389175,True,False,50,-3666.7170140402004,-5837.950316291142,-3666.7170140402004,0.6407060471351542,0.00017465746146477242,51.0,0,{},14,expanding,40,1965:Q3,,1,0.02
midas_umidas,pseudo,2024:Q3:pre_advance:pseudo,2024-10-31,pre_advance,DELTA_SA,DELTA_SA,2024:Q3,0.46289995995781275,,,not_available,0.008799999999999919,0.4540999599578128,True,True,0,,,,,,,0,{},14,expanding,40,1965:Q3,,1,0.02
monthly_mixed_frequency_kalman_em,pseudo,2024:Q3:pre_advance:pseudo,2024-10-31,pre_advance,DELTA_SA,DELTA_SA,2024:Q3,0.035866599937474763,0.3616908590466519,0.60140739856328,model_implied_state_space,0.008799999999999919,0.027066599937474844,True,True,28,-6487.884277396865,-8689.474999382368,-6487.884277396865,0.5903116102199419,9.096446902186913e-05,28.0,0,{},14,expanding,40,1965:Q3,,1,0.02
no_revision,pseudo,2024:Q3:pre_advance:pseudo,2024-10-31,pre_advance,DELTA_SA,DELTA_SA,2024:Q3,0.0,,,not_available,0.008799999999999919,-0.008799999999999919,True,True,0,,,,,,,0,{},14,expanding,40,1965:Q3,,1,0.02
release_dfm,pseudo,2024:Q3:pre_advance:pseudo,2024-10-31,pre_advance,DELTA_SA,DELTA_SA,2024:Q3,0.0925133839370913,,,not_available,0.008799999999999919,0.08371338393709138,True,True,0,,,,,,,0,{},14,expanding,40,1965:Q3,,1,0.02
revision_dfm_kalman_em,pseudo,2024:Q3:pre_advance:pseudo,2024-10-31,pre_advance,DELTA_SA,DELTA_SA,2024:Q3,0.1207282896836821,0.3849497955340322,0.6204432250690084,model_implied_state_space,0.008799999999999919,0.11192828968368218,True,True,31,-1920.9811471965488,-3570.9176843752625,-1920.9811471965488,0.186879328397481,9.722320099941359e-05,31.0,0,{},14,expanding,40,1965:Q3,,1,0.02
standard_dfm,pseudo,2024:Q3:pre_advance:pseudo,2024-10-31,pre_advance,DELTA_SA,DELTA_SA,2024:Q3,0.0925133839370913,,,not_available,0.008799999999999919,0.08371338393709138,True,True,0,,,,,,,0,{},14,expanding,40,1965:Q3,,1,0.02
ar,exact,2024:Q3:pre_second:exact,2024-11-26,pre_second,DELTA_TS,DELTA_TS,2024:Q3,0.06846951380118549,,,not_available,0.23939999999999984,-0.17093048619881435,True,True,0,,,,,,,0,{},14,expanding,40,1965:Q3,,1,0.02
bridge,exact,2024:Q3:pre_second:exact,2024-11-26,pre_second,DELTA_TS,DELTA_TS,2024:Q3,0.002157589970466667,,,not_available,0.23939999999999984,-0.23724241002953317,True,True,0,,,,,,,0,{},14,expanding,40,1965:Q3,,1,0.02
indicator_revision_only_dfm_kalman_em,exact,2024:Q3:pre_second:exact,2024-11-26,pre_second,DELTA_TS,DELTA_TS,2024:Q3,0.0,0.14192513267454587,0.3767295219047027,model_implied_state_space,0.23939999999999984,-0.23939999999999984,True,False,50,-3694.3020036476782,-5825.135041956367,-3694.3020036476782,1.4765302421460547,0.0003994099805033276,51.0,0,{},14,expanding,40,1965:Q3,,1,0.02
joint_indicator_revision_dfm_full_kalman_em,exact,2024:Q3:pre_second:exact,2024-11-26,pre_second,DELTA_TS,DELTA_TS,2024:Q3,0.009646713727031742,0.13940454119774115,0.37336917547882975,model_implied_state_space,0.23939999999999984,-0.2297532862729681,True,False,50,-3667.068984045819,-5839.430950075629,-3667.068984045819,0.5669804519739046,0.00015454802751232357,51.0,0,{},14,expanding,40,1965:Q3,,1,0.02
midas_umidas,exact,2024:Q3:pre_second:exact,2024-11-26,pre_second,DELTA_TS,DELTA_TS,2024:Q3,0.0015542975941484904,,,not_available,0.23939999999999984,-0.23784570240585134,True,True,0,,,,,,,0,{},14,expanding,40,1965:Q3,,1,0.02
monthly_mixed_frequency_kalman_em,exact,2024:Q3:pre_second:exact,2024-11-26,pre_second,DELTA_TS,DELTA_TS,2024:Q3,0.0031621501145671083,0.14447192815236565,0.3800946305229339,model_implied_state_space,0.23939999999999984,-0.23623784988543273,True,True,28,-6503.904995170391,-8707.256363283941,-6503.904995170391,0.5940477689409818,9.131471160321277e-05,28.0,0,{},14,expanding,40,1965:Q3,,1,0.02
no_revision,exact,2024:Q3:pre_second:exact,2024-11-26,pre_second,DELTA_TS,DELTA_TS,2024:Q3,0.0,,,not_available,0.23939999999999984,-0.23939999999999984,True,True,0,,,,,,,0,{},14,expanding,40,1965:Q3,,1,0.02
release_dfm,exact,2024:Q3:pre_second:exact,2024-11-26,pre_second,DELTA_TS,DELTA_TS,2024:Q3,0.05152506963289527,,,not_available,0.23939999999999984,-0.18787493036710456,True,True,0,,,,,,,0,{},14,expanding,40,1965:Q3,,1,0.02
revision_dfm_kalman_em,exact,2024:Q3:pre_second:exact,2024-11-26,pre_second,DELTA_TS,DELTA_TS,2024:Q3,0.006951888105420245,0.14032274974930825,0.3745967828870241,model_implied_state_space,0.23939999999999984,-0.2324481118945796,True,True,31,-1921.7606747108332,-3572.3092269579997,-1921.7606747108332,0.18542755083262819,9.642888618382922e-05,31.0,0,{},14,expanding,40,1965:Q3,,1,0.02
standard_dfm,exact,2024:Q3:pre_second:exact,2024-11-26,pre_second,DELTA_TS,DELTA_TS,2024:Q3,0.06600192387951109,,,not_available,0.23939999999999984,-0.17339807612048874,True,True,0,,,,,,,0,{},14,expanding,40,1965:Q3,,1,0.02
ar,pseudo,2024:Q3:pre_second:pseudo,2024-11-30,pre_second,DELTA_TS,DELTA_TS,2024:Q3,0.06846951380118549,,,not_available,0.23939999999999984,-0.17093048619881435,True,True,0,,,,,,,0,{},14,expanding,40,1965:Q3,,1,0.02
bridge,pseudo,2024:Q3:pre_second:pseudo,2024-11-30,pre_second,DELTA_TS,DELTA_TS,2024:Q3,-0.008926583410608924,,,not_available,0.23939999999999984,-0.24832658341060876,True,True,0,,,,,,,0,{},14,expanding,40,1965:Q3,,1,0.02
indicator_revision_only_dfm_kalman_em,pseudo,2024:Q3:pre_second:pseudo,2024-11-30,pre_second,DELTA_TS,DELTA_TS,2024:Q3,0.0,0.14192469916924255,0.3767289465507562,model_implied_state_space,0.23939999999999984,-0.23939999999999984,True,False,50,-3694.2793900275724,-5825.218069105441,-3694.2793900275724,1.4671137160962644,0.0003968661942631254,51.0,0,{},14,expanding,40,1965:Q3,,1,0.02
joint_indicator_revision_dfm_full_kalman_em,pseudo,2024:Q3:pre_second:pseudo,2024-11-30,pre_second,DELTA_TS,DELTA_TS,2024:Q3,0.009631378650195366,0.13940596029585506,0.3733710758693756,model_implied_state_space,0.23939999999999984,-0.22976862134980447,True,False,50,-3667.0241045089465,-5839.513949005463,-3667.0241045089465,0.5443130052399283,0.0001483720468838233,51.0,0,{},14,expanding,40,1965:Q3,,1,0.02
midas_umidas,pseudo,2024:Q3:pre_second:pseudo,2024-11-30,pre_second,DELTA_TS,DELTA_TS,2024:Q3,-3.7562781915134735e-05,,,not_available,0.23939999999999984,-0.23943756278191497,True,True,0,,,,,,,0,{},14,expanding,40,1965:Q3,,1,0.02
monthly_mixed_frequency_kalman_em,pseudo,2024:Q3:pre_second:pseudo,2024-11-30,pre_second,DELTA_TS,DELTA_TS,2024:Q3,0.0031579766160358957,0.1444730137085276,0.38009605852800893,model_implied_state_space,0.23939999999999984,-0.23624202338396394,True,True,28,-6506.789067067091,-8709.979177076575,-6506.789067067091,0.5946370317360561,9.136477791891214e-05,28.0,0,{},14,expanding,40,1965:Q3,,1,0.02
no_revision,pseudo,2024:Q3:pre_second:pseudo,2024-11-30,pre_second,DELTA_TS,DELTA_TS,2024:Q3,0.0,,,not_available,0.23939999999999984,-0.23939999999999984,True,True,0,,,,,,,0,{},14,expanding,40,1965:Q3,,1,0.02
release_dfm,pseudo,2024:Q3:pre_second:pseudo,2024-11-30,pre_second,DELTA_TS,DELTA_TS,2024:Q3,0.05157428620169391,,,not_available,0.23939999999999984,-0.18782571379830593,True,True,0,,,,,,,0,{},14,expanding,40,1965:Q3,,1,0.02
revision_dfm_kalman_em,pseudo,2024:Q3:pre_second:pseudo,2024-11-30,pre_second,DELTA_TS,DELTA_TS,2024:Q3,0.006883053217628277,0.14032221758690333,0.37459607257271577,model_implied_state_space,0.23939999999999984,-0.23251694678237156,True,True,31,-1921.8844431252762,-3572.3368299614567,-1921.8844431252762,0.1856520503322372,9.653940893677308e-05,31.0,0,{},14,expanding,40,1965:Q3,,1,0.02
standard_dfm,pseudo,2024:Q3:pre_second:pseudo,2024-11-30,pre_second,DELTA_TS,DELTA_TS,2024:Q3,0.06588065497536855,,,not_available,0.23939999999999984,-0.1735193450246313,True,True,0,,,,,,,0,{},14,expanding,40,1965:Q3,,1,0.02
ar,exact,2024:Q3:pre_third:exact,2024-12-18,pre_third,DELTA_MT,DELTA_MT,2024:Q3,0.27166811072994523,,,not_available,0.26780000000000026,0.0038681107299449735,True,True,0,,,,,,,0,{},14,expanding,40,1965:Q3,,1,0.02
bridge,exact,2024:Q3:pre_third:exact,2024-12-18,pre_third,DELTA_MT,DELTA_MT,2024:Q3,0.30112974819558413,,,not_available,0.26780000000000026,0.033329748195583875,True,True,0,,,,,,,0,{},14,expanding,40,1965:Q3,,1,0.02
indicator_revision_only_dfm_kalman_em,exact,2024:Q3:pre_third:exact,2024-12-18,pre_third,DELTA_MT,DELTA_MT,2024:Q3,0.0,4.159358577331928,2.039450557707131,model_implied_state_space,0.26780000000000026,-0.26780000000000026,True,False,50,-3693.718540390368,-5826.513649170831,-3693.718540390368,1.4750389852902117,0.00039906973312241065,51.0,0,{},14,expanding,40,1965:Q3,,1,0.02
joint_indicator_revision_dfm_full_kalman_em,exact,2024:Q3:pre_third:exact,2024-12-18,pre_third,DELTA_MT,DELTA_MT,2024:Q3,0.004436550282732377,4.159866362733381,2.0395750446437075,model_implied_state_space,0.26780000000000026,-0.2633634497172679,True,False,50,-3666.57563367955,-5840.779149906619,-3666.57563367955,0.5575435427604134,0.00015199653770003318,51.0,0,{},14,expanding,40,1965:Q3,,1,0.02
midas_umidas,exact,2024:Q3:pre_third:exact,2024-12-18,pre_third,DELTA_MT,DELTA_MT,2024:Q3,-1.8324550388342757,,,not_available,0.26780000000000026,-2.100255038834276,True,True,0,,,,,,,0,{},14,expanding,40,1965:Q3,,1,0.02
monthly_mixed_frequency_kalman_em,exact,2024:Q3:pre_third:exact,2024-12-18,pre_third,DELTA_MT,DELTA_MT,2024:Q3,0.010246322258559815,4.101881300097244,2.025310173799866,model_implied_state_space,0.26780000000000026,-0.25755367774144045,True,True,28,-6521.002891821332,-8727.583307632307,-6521.002891821332,0.5951434377448095,9.124331049187067e-05,28.0,0,{},14,expanding,40,1965:Q3,,1,0.02
no_revision,exact,2024:Q3:pre_third:exact,2024-12-18,pre_third,DELTA_MT,DELTA_MT,2024:Q3,0.0,,,not_available,0.26780000000000026,-0.26780000000000026,True,True,0,,,,,,,0,{},14,expanding,40,1965:Q3,,1,0.02
release_dfm,exact,2024:Q3:pre_third:exact,2024-12-18,pre_third,DELTA_MT,DELTA_MT,2024:Q3,0.1672307245651945,,,not_available,0.26780000000000026,-0.10056927543480576,True,True,0,,,,,,,0,{},14,expanding,40,1965:Q3,,1,0.02
revision_dfm_kalman_em,exact,2024:Q3:pre_third:exact,2024-12-18,pre_third,DELTA_MT,DELTA_MT,2024:Q3,0.002806707428041122,4.1286637057340005,2.031911342980791,model_implied_state_space,0.26780000000000026,-0.26499329257195914,True,True,24,-1921.1989152053534,-3598.269859229697,-1921.1989152053534,0.17807006312295925,9.263014720189768e-05,24.0,0,{},14,expanding,40,1965:Q3,,1,0.02
standard_dfm,exact,2024:Q3:pre_third:exact,2024-12-18,pre_third,DELTA_MT,DELTA_MT,2024:Q3,0.3184385233812699,,,not_available,0.26780000000000026,0.05063852338126962,True,True,0,,,,,,,0,{},14,expanding,40,1965:Q3,,1,0.02
ar,pseudo,2024:Q3:pre_third:pseudo,2024-12-31,pre_third,DELTA_MT,DELTA_MT,2024:Q3,0.27166811072994523,,,not_available,0.26780000000000026,0.0038681107299449735,True,True,0,,,,,,,0,{},14,expanding,40,1965:Q3,,1,0.02
bridge,pseudo,2024:Q3:pre_third:pseudo,2024-12-31,pre_third,DELTA_MT,DELTA_MT,2024:Q3,0.302614844254264,,,not_available,0.26780000000000026,0.03481484425426373,True,True,0,,,,,,,0,{},14,expanding,40,1965:Q3,,1,0.02
indicator_revision_only_dfm_kalman_em,pseudo,2024:Q3:pre_third:pseudo,2024-12-31,pre_third,DELTA_MT,DELTA_MT,2024:Q3,0.0,4.159358371330679,2.039450507203026,model_implied_state_space,0.26780000000000026,-0.26780000000000026,True,False,50,-3693.724097842851,-5826.524868633521,-3693.724097842851,1.4727447124732862,0.000398448669052788,51.0,0,{},14,expanding,40,1965:Q3,,1,0.02
joint_indicator_revision_dfm_full_kalman_em,pseudo,2024:Q3:pre_third:pseudo,2024-12-31,pre_third,DELTA_MT,DELTA_MT,2024:Q3,0.004434405784403683,4.159863805680225,2.0395744177843143,model_implied_state_space,0.26780000000000026,-0.2633655942155966,True,False,50,-3666.576270630753,-5840.7903694966635,-3666.576270630753,0.5515834183979678,0.00015037191732264436,51.0,0,{},14,expanding,40,1965:Q3,,1,0.02
midas_umidas,pseudo,2024:Q3:pre_third:pseudo,2024-12-31,pre_third,DELTA_MT,DELTA_MT,2024:Q3,-1.7845959945822476,,,not_available,0.26780000000000026,-2.052395994582248,True,True,0,,,,,,,0,{},14,expanding,40,1965:Q3,,1,0.02
monthly_mixed_frequency_kalman_em,pseudo,2024:Q3:pre_third:pseudo,2024-12-31,pre_third,DELTA_MT,DELTA_MT,2024:Q3,0.010271673463787767,4.101881016654878,2.025310103824814,model_implied_state_space,0.26780000000000026,-0.2575283265362125,True,True,28,-6523.6791500619665,-8730.29071847285,-6523.6791500619665,0.5953237402145533,9.123351708877112e-05,28.0,0,{},14,expanding,40,1965:Q3,,1,0.02
no_revision,pseudo,2024:Q3:pre_third:pseudo,2024-12-31,pre_third,DELTA_MT,DELTA_MT,2024:Q3,0.0,,,not_available,0.26780000000000026,-0.26780000000000026,True,True,0,,,,,,,0,{},14,expanding,40,1965:Q3,,1,0.02
release_dfm,pseudo,2024:Q3:pre_third:pseudo,2024-12-31,pre_third,DELTA_MT,DELTA_MT,2024:Q3,0.16945668764449184,,,not_available,0.26780000000000026,-0.09834331235550842,True,True,0,,,,,,,0,{},14,expanding,40,1965:Q3,,1,0.02
revision_dfm_kalman_em,pseudo,2024:Q3:pre_third:pseudo,2024-12-31,pre_third,DELTA_MT,DELTA_MT,2024:Q3,0.002799827474080807,4.128664100870963,2.031911440213614,model_implied_state_space,0.26780000000000026,-0.26500017252591945,True,True,24,-1921.2396294423938,-3598.2803603274656,-1921.2396294423938,0.17808726728685542,9.263713382316367e-05,24.0,0,{},14,expanding,40,1965:Q3,,1,0.02
standard_dfm,pseudo,2024:Q3:pre_third:pseudo,2024-12-31,pre_third,DELTA_MT,DELTA_MT,2024:Q3,0.31838687935548604,,,not_available,0.26780000000000026,0.05058687935548578,True,True,0,,,,,,,0,{},14,expanding,40,1965:Q3,,1,0.02
ar,exact,2024:Q4:pre_advance:exact,2025-01-29,pre_advance,DELTA_SA,DELTA_SA,2024:Q4,0.08856620479105981,,,not_available,0.0939000000000001,-0.005333795208940284,True,True,0,,,,,,,0,{},14,expanding,40,1965:Q3,,1,0.02
bridge,exact,2024:Q4:pre_advance:exact,2025-01-29,pre_advance,DELTA_SA,DELTA_SA,2024:Q4,0.080781412992601,,,not_available,0.0939000000000001,-0.013118587007399096,True,True,0,,,,,,,0,{},14,expanding,40,1965:Q3,,1,0.02
indicator_revision_only_dfm_kalman_em,exact,2024:Q4:pre_advance:exact,2025-01-29,pre_advance,DELTA_SA,DELTA_SA,2024:Q4,0.0,0.4016703942432116,0.6337747188419649,model_implied_state_space,0.0939000000000001,-0.0939000000000001,True,False,50,-3721.2534467198325,-5864.999386356539,-3721.2534467198325,1.3357354559261694,0.00035872256325164087,51.0,0,{},14,expanding,40,1965:Q3,,1,0.02
joint_indicator_revision_dfm_full_kalman_em,exact,2024:Q4:pre_advance:exact,2025-01-29,pre_advance,DELTA_SA,DELTA_SA,2024:Q4,-0.028609375110702384,0.3680450942689566,0.6066672022360832,model_implied_state_space,0.0939000000000001,-0.12250937511070248,True,False,50,-3693.6358093771723,-5879.26287398469,-3693.6358093771723,0.3629426800262081,9.822538636153503e-05,51.0,0,{},14,expanding,40,1965:Q3,,1,0.02
midas_umidas,exact,2024:Q4:pre_advance:exact,2025-01-29,pre_advance,DELTA_SA,DELTA_SA,2024:Q4,-1.185192405650786,,,not_available,0.0939000000000001,-1.2790924056507862,True,True,0,,,,,,,0,{},14,expanding,40,1965:Q3,,1,0.02
monthly_mixed_frequency_kalman_em,exact,2024:Q4:pre_advance:exact,2025-01-29,pre_advance,DELTA_SA,DELTA_SA,2024:Q4,0.1396480696409732,0.3601193406362171,0.6000994422895402,model_implied_state_space,0.0939000000000001,0.04574806964097311,True,True,28,-6539.143212612603,-8750.666374123035,-6539.143212612603,0.6003269502198236,9.17826767841671e-05,28.0,0,{},14,expanding,40,1965:Q3,,1,0.02
no_revision,exact,2024:Q4:pre_advance:exact,2025-01-29,pre_advance,DELTA_SA,DELTA_SA,2024:Q4,0.0,,,not_available,0.0939000000000001,-0.0939000000000001,True,True,0,,,,,,,0,{},14,expanding,40,1965:Q3,,1,0.02
release_dfm,exact,2024:Q4:pre_advance:exact,2025-01-29,pre_advance,DELTA_SA,DELTA_SA,2024:Q4,0.09221523935173925,,,not_available,0.0939000000000001,-0.0016847606482608413,True,True,0,,,,,,,0,{},14,expanding,40,1965:Q3,,1,0.02
revision_dfm_kalman_em,exact,2024:Q4:pre_advance:exact,2025-01-29,pre_advance,DELTA_SA,DELTA_SA,2024:Q4,0.07357593820262931,0.383187186444645,0.619021151855609,model_implied_state_space,0.0939000000000001,-0.020324061797370785,True,True,31,-1936.2778751250346,-3594.3798445522953,-1936.2778751250346,0.18368410997163664,9.480658292088287e-05,31.0,0,{},14,expanding,40,1965:Q3,,1,0.02
standard_dfm,exact,2024:Q4:pre_advance:exact,2025-01-29,pre_advance,DELTA_SA,DELTA_SA,2024:Q4,0.09221523935173925,,,not_available,0.0939000000000001,-0.0016847606482608413,True,True,0,,,,,,,0,{},14,expanding,40,1965:Q3,,1,0.02
ar,pseudo,2024:Q4:pre_advance:pseudo,2025-01-31,pre_advance,DELTA_SA,DELTA_SA,2024:Q4,0.08856620479105981,,,not_available,0.0939000000000001,-0.005333795208940284,True,True,0,,,,,,,0,{},14,expanding,40,1965:Q3,,1,0.02
bridge,pseudo,2024:Q4:pre_advance:pseudo,2025-01-31,pre_advance,DELTA_SA,DELTA_SA,2024:Q4,0.07752848161173365,,,not_available,0.0939000000000001,-0.01637151838826645,True,True,0,,,,,,,0,{},14,expanding,40,1965:Q3,,1,0.02
indicator_revision_only_dfm_kalman_em,pseudo,2024:Q4:pre_advance:pseudo,2025-01-31,pre_advance,DELTA_SA,DELTA_SA,2024:Q4,0.0,0.4016705199958466,0.6337748180512117,model_implied_state_space,0.0939000000000001,-0.0939000000000001,True,False,50,-3721.248567840283,-5865.005978308007,-3721.248567840283,1.3354184577433443,0.0003586379312665947,51.0,0,{},14,expanding,40,1965:Q3,,1,0.02
joint_indicator_revision_dfm_full_kalman_em,pseudo,2024:Q4:pre_advance:pseudo,2025-01-31,pre_advance,DELTA_SA,DELTA_SA,2024:Q4,-0.028319426307921614,0.36803302002060345,0.6066572508596625,model_implied_state_space,0.0939000000000001,-0.12221942630792171,True,False,50,-3693.6339366964867,-5879.269477769494,-3693.6339366964867,0.3608057221595118,9.764715441065495e-05,51.0,0,{},14,expanding,40,1965:Q3,,1,0.02
midas_umidas,pseudo,2024:Q4:pre_advance:pseudo,2025-01-31,pre_advance,DELTA_SA,DELTA_SA,2024:Q4,-1.1891689234921832,,,not_available,0.0939000000000001,-1.2830689234921833,True,True,0,,,,,,,0,{},14,expanding,40,1965:Q3,,1,0.02
monthly_mixed_frequency_kalman_em,pseudo,2024:Q4:pre_advance:pseudo,2025-01-31,pre_advance,DELTA_SA,DELTA_SA,2024:Q4,0.13932643791824484,0.3601139958923856,0.600094989057887,model_implied_state_space,0.0939000000000001,0.045426437918244744,True,True,28,-6540.669675618347,-8752.020968437366,-6540.669675618347,0.6009099822404096,9.185037127064126e-05,28.0,0,{},14,expanding,40,1965:Q3,,1,0.02
no_revision,pseudo,2024:Q4:pre_advance:pseudo,2025-01-31,pre_advance,DELTA_SA,DELTA_SA,2024:Q4,0.0,,,not_available,0.0939000000000001,-0.0939000000000001,True,True,0,,,,,,,0,{},14,expanding,40,1965:Q3,,1,0.02
release_dfm,pseudo,2024:Q4:pre_advance:pseudo,2025-01-31,pre_advance,DELTA_SA,DELTA_SA,2024:Q4,0.09222249777661551,,,not_available,0.0939000000000001,-0.001677502223384586,True,True,0,,,,,,,0,{},14,expanding,40,1965:Q3,,1,0.02
revision_dfm_kalman_em,pseudo,2024:Q4:pre_advance:pseudo,2025-01-31,pre_advance,DELTA_SA,DELTA_SA,2024:Q4,0.07361691814181626,0.38319051672424553,0.6190238418059886,model_implied_state_space,0.0939000000000001,-0.020283081858183838,True,True,31,-1936.2972358478526,-3594.3839830300954,-1936.2972358478526,0.18376636315610995,9.48480851922677e-05,31.0,0,{},14,expanding,40,1965:Q3,,1,0.02
standard_dfm,pseudo,2024:Q4:pre_advance:pseudo,2025-01-31,pre_advance,DELTA_SA,DELTA_SA,2024:Q4,0.09222249777661551,,,not_available,0.0939000000000001,-0.001677502223384586,True,True,0,,,,,,,0,{},14,expanding,40,1965:Q3,,1,0.02
ar,exact,2024:Q4:pre_second:exact,2025-02-26,pre_second,DELTA_TS,DELTA_TS,2024:Q4,0.07963622768986722,,,not_available,0.10440000000000005,-0.024763772310132826,True,True,0,,,,,,,0,{},14,expanding,40,1965:Q3,,1,0.02
bridge,exact,2024:Q4:pre_second:exact,2025-02-26,pre_second,DELTA_TS,DELTA_TS,2024:Q4,0.13209416253015238,,,not_available,0.10440000000000005,0.027694162530152333,True,True,0,,,,,,,0,{},14,expanding,40,1965:Q3,,1,0.02
indicator_revision_only_dfm_kalman_em,exact,2024:Q4:pre_second:exact,2025-02-26,pre_second,DELTA_TS,DELTA_TS,2024:Q4,0.0,0.14157300242689297,0.3762618801139613,model_implied_state_space,0.10440000000000005,-0.10440000000000005,True,False,50,-3719.245946156689,-5866.3442338556815,-3719.245946156689,1.317553302581473,0.00035403219715931454,51.0,0,{},14,expanding,40,1965:Q3,,1,0.02
joint_indicator_revision_dfm_full_kalman_em,exact,2024:Q4:pre_second:exact,2025-02-26,pre_second,DELTA_TS,DELTA_TS,2024:Q4,-0.0020792652834065173,0.13910449378983436,0.37296714840563955,model_implied_state_space,0.10440000000000005,-0.10647926528340657,True,True,49,-3692.139722646556,-5880.703937054038,-3692.139722646556,0.36486842575050105,9.878650933112056e-05,49.0,0,{},14,expanding,40,1965:Q3,,1,0.02
midas_umidas,exact,2024:Q4:pre_second:exact,2025-02-26,pre_second,DELTA_TS,DELTA_TS,2024:Q4,-0.7663464835904368,,,not_available,0.10440000000000005,-0.8707464835904368,True,True,0,,,,,,,0,{},14,expanding,40,1965:Q3,,1,0.02
monthly_mixed_frequency_kalman_em,exact,2024:Q4:pre_second:exact,2025-02-26,pre_second,DELTA_TS,DELTA_TS,2024:Q4,0.08210463032636639,0.14333353161443618,0.37859415158509274,model_implied_state_space,0.10440000000000005,-0.022295369673633658,True,True,27,-6548.940949226245,-8733.635195700865,-6548.940949226245,0.6186385703649648,9.444056833212539e-05,27.0,0,{},14,expanding,40,1965:Q3,,1,0.02
no_revision,exact,2024:Q4:pre_second:exact,2025-02-26,pre_second,DELTA_TS,DELTA_TS,2024:Q4,0.0,,,not_available,0.10440000000000005,-0.10440000000000005,True,True,0,,,,,,,0,{},14,expanding,40,1965:Q3,,1,0.02
release_dfm,exact,2024:Q4:pre_second:exact,2025-02-26,pre_second,DELTA_TS,DELTA_TS,2024:Q4,0.050394463414680235,,,not_available,0.10440000000000005,-0.05400553658531981,True,True,0,,,,,,,0,{},14,expanding,40,1965:Q3,,1,0.02
revision_dfm_kalman_em,exact,2024:Q4:pre_second:exact,2025-02-26,pre_second,DELTA_TS,DELTA_TS,2024:Q4,0.003392680581216556,0.14081490638759686,0.37525312308839864,model_implied_state_space,0.10440000000000005,-0.10100731941878349,True,True,24,-1935.7395819560243,-3620.522842262596,-1935.7395819560243,0.1791784953759361,9.25069750133343e-05,24.0,0,{},14,expanding,40,1965:Q3,,1,0.02
standard_dfm,exact,2024:Q4:pre_second:exact,2025-02-26,pre_second,DELTA_TS,DELTA_TS,2024:Q4,0.06731776128520695,,,not_available,0.10440000000000005,-0.0370822387147931,True,True,0,,,,,,,0,{},14,expanding,40,1965:Q3,,1,0.02
ar,pseudo,2024:Q4:pre_second:pseudo,2025-02-28,pre_second,DELTA_TS,DELTA_TS,2024:Q4,0.07963622768986722,,,not_available,0.10440000000000005,-0.024763772310132826,True,True,0,,,,,,,0,{},14,expanding,40,1965:Q3,,1,0.02
bridge,pseudo,2024:Q4:pre_second:pseudo,2025-02-28,pre_second,DELTA_TS,DELTA_TS,2024:Q4,0.12681342774469284,,,not_available,0.10440000000000005,0.022413427744692793,True,True,0,,,,,,,0,{},14,expanding,40,1965:Q3,,1,0.02
indicator_revision_only_dfm_kalman_em,pseudo,2024:Q4:pre_second:pseudo,2025-02-28,pre_second,DELTA_TS,DELTA_TS,2024:Q4,0.0,0.14157295202732278,0.37626181313989704,model_implied_state_space,0.10440000000000005,-0.10440000000000005,True,False,50,-3719.2974020541187,-5866.389005240061,-3719.2974020541187,1.3176260273817206,0.00035404683650499966,51.0,0,{},14,expanding,40,1965:Q3,,1,0.02
joint_indicator_revision_dfm_full_kalman_em,pseudo,2024:Q4:pre_second:pseudo,2025-02-28,pre_second,DELTA_TS,DELTA_TS,2024:Q4,-0.0020849724928595492,0.13910430036284083,0.372966889097197,model_implied_state_space,0.10440000000000005,-0.1064849724928596,True,True,49,-3692.189363023909,-5880.748680096045,-3692.189363023909,0.36737395943464435,9.946346722013303e-05,49.0,0,{},14,expanding,40,1965:Q3,,1,0.02
midas_umidas,pseudo,2024:Q4:pre_second:pseudo,2025-02-28,pre_second,DELTA_TS,DELTA_TS,2024:Q4,-0.7947347124417492,,,not_available,0.10440000000000005,-0.8991347124417493,True,True,0,,,,,,,0,{},14,expanding,40,1965:Q3,,1,0.02
monthly_mixed_frequency_kalman_em,pseudo,2024:Q4:pre_second:pseudo,2025-02-28,pre_second,DELTA_TS,DELTA_TS,2024:Q4,0.08206756294226958,0.1433322528638573,0.37859246276683495,model_implied_state_space,0.10440000000000005,-0.02233243705773047,True,True,27,-6551.239621459542,-8736.353042009172,-6551.239621459542,0.617495940927256,9.423308487645124e-05,27.0,0,{},14,expanding,40,1965:Q3,,1,0.02
no_revision,pseudo,2024:Q4:pre_second:pseudo,2025-02-28,pre_second,DELTA_TS,DELTA_TS,2024:Q4,0.0,,,not_available,0.10440000000000005,-0.10440000000000005,True,True,0,,,,,,,0,{},14,expanding,40,1965:Q3,,1,0.02
release_dfm,pseudo,2024:Q4:pre_second:pseudo,2025-02-28,pre_second,DELTA_TS,DELTA_TS,2024:Q4,0.05041121976040719,,,not_available,0.10440000000000005,-0.05398878023959286,True,True,0,,,,,,,0,{},14,expanding,40,1965:Q3,,1,0.02
revision_dfm_kalman_em,pseudo,2024:Q4:pre_second:pseudo,2025-02-28,pre_second,DELTA_TS,DELTA_TS,2024:Q4,0.0033420672170256793,0.140814739891429,0.37525290124318694,model_implied_state_space,0.10440000000000005,-0.10105793278297437,True,True,24,-1935.733505168217,-3620.5236367377693,-1935.733505168217,0.17913987313204416,9.248732697917819e-05,24.0,0,{},14,expanding,40,1965:Q3,,1,0.02
standard_dfm,pseudo,2024:Q4:pre_second:pseudo,2025-02-28,pre_second,DELTA_TS,DELTA_TS,2024:Q4,0.06728211452915733,,,not_available,0.10440000000000005,-0.037117885470842715,True,True,0,,,,,,,0,{},14,expanding,40,1965:Q3,,1,0.02
ar,exact,2024:Q4:pre_third:exact,2025-03-26,pre_third,DELTA_MT,DELTA_MT,2024:Q4,0.33614694528956646,,,not_available,-0.5985,0.9346469452895665,True,True,0,,,,,,,0,{},14,expanding,40,1965:Q3,,1,0.02
bridge,exact,2024:Q4:pre_third:exact,2025-03-26,pre_third,DELTA_MT,DELTA_MT,2024:Q4,0.12899766390039558,,,not_available,-0.5985,0.7274976639003956,True,True,0,,,,,,,0,{},14,expanding,40,1965:Q3,,1,0.02
indicator_revision_only_dfm_kalman_em,exact,2024:Q4:pre_third:exact,2025-03-26,pre_third,DELTA_MT,DELTA_MT,2024:Q4,0.0,4.14128105764323,2.0350137733301046,model_implied_state_space,-0.5985,0.5985,True,False,50,-3718.6039100068556,-5867.577928662664,-3718.6039100068556,1.3243161348723334,0.00035591015316238216,51.0,0,{},14,expanding,40,1965:Q3,,1,0.02
joint_indicator_revision_dfm_full_kalman_em,exact,2024:Q4:pre_third:exact,2025-03-26,pre_third,DELTA_MT,DELTA_MT,2024:Q4,-0.00018761219381335792,4.140785703949417,2.034892061989878,model_implied_state_space,-0.5985,0.5983123878061867,True,True,50,-3691.1990280022246,-5881.907436452998,-3691.1990280022246,0.3207246603578824,8.685794033372901e-05,50.0,0,{},14,expanding,40,1965:Q3,,1,0.02
midas_umidas,exact,2024:Q4:pre_third:exact,2025-03-26,pre_third,DELTA_MT,DELTA_MT,2024:Q4,5.34583299330774,,,not_available,-0.5985,5.944332993307739,True,True,0,,,,,,,0,{},14,expanding,40,1965:Q3,,1,0.02
monthly_mixed_frequency_kalman_em,exact,2024:Q4:pre_third:exact,2025-03-26,pre_third,DELTA_MT,DELTA_MT,2024:Q4,0.08745216125706845,4.08364702841813,2.0208035600765677,model_implied_state_space,-0.5985,0.6859521612570685,True,True,28,-6571.402203876199,-8790.657522762107,-6571.402203876199,0.606597128516114,9.228606668279416e-05,28.0,0,{},14,expanding,40,1965:Q3,,1,0.02
no_revision,exact,2024:Q4:pre_third:exact,2025-03-26,pre_third,DELTA_MT,DELTA_MT,2024:Q4,0.0,,,not_available,-0.5985,0.5985,True,True,0,,,,,,,0,{},14,expanding,40,1965:Q3,,1,0.02
release_dfm,exact,2024:Q4:pre_third:exact,2025-03-26,pre_third,DELTA_MT,DELTA_MT,2024:Q4,0.3073783372384984,,,not_available,-0.5985,0.9058783372384984,True,True,0,,,,,,,0,{},14,expanding,40,1965:Q3,,1,0.02
revision_dfm_kalman_em,exact,2024:Q4:pre_third:exact,2025-03-26,pre_third,DELTA_MT,DELTA_MT,2024:Q4,0.0022078282397770543,4.123746284753279,2.030700934345892,model_implied_state_space,-0.5985,0.6007078282397771,True,True,31,-1935.0048319592115,-3596.8367733297146,-1935.0048319592115,0.19119149912125977,9.87459414257878e-05,31.0,0,{},14,expanding,40,1965:Q3,,1,0.02
standard_dfm,exact,2024:Q4:pre_third:exact,2025-03-26,pre_third,DELTA_MT,DELTA_MT,2024:Q4,0.3145865928938014,,,not_available,-0.5985,0.9130865928938015,True,True,0,,,,,,,0,{},14,expanding,40,1965:Q3,,1,0.02
ar,pseudo,2024:Q4:pre_third:pseudo,2025-03-31,pre_third,DELTA_MT,DELTA_MT,2024:Q4,0.33614694528956646,,,not_available,-0.5985,0.9346469452895665,True,True,0,,,,,,,0,{},14,expanding,40,1965:Q3,,1,0.02
bridge,pseudo,2024:Q4:pre_third:pseudo,2025-03-31,pre_third,DELTA_MT,DELTA_MT,2024:Q4,0.13459644879060262,,,not_available,-0.5985,0.7330964487906027,True,True,0,,,,,,,0,{},14,expanding,40,1965:Q3,,1,0.02
indicator_revision_only_dfm_kalman_em,pseudo,2024:Q4:pre_third:pseudo,2025-03-31,pre_third,DELTA_MT,DELTA_MT,2024:Q4,0.0,4.141281069007861,2.035013776122378,model_implied_state_space,-0.5985,0.5985,True,False,50,-3718.6127440085415,-5867.581042491889,-3718.6127440085415,1.3244494026557732,0.00035594511108680505,51.0,0,{},14,expanding,40,1965:Q3,,1,0.02
joint_indicator_revision_dfm_full_kalman_em,pseudo,2024:Q4:pre_third:pseudo,2025-03-31,pre_third,DELTA_MT,DELTA_MT,2024:Q4,-0.00018657149044143395,4.14078637431776,2.0348922267082745,model_implied_state_space,-0.5985,0.5983134285095586,True,True,50,-3691.2074048785253,-5881.910546219671,-3691.2074048785253,0.3214856043218788,8.70638020329315e-05,50.0,0,{},14,expanding,40,1965:Q3,,1,0.02
midas_umidas,pseudo,2024:Q4:pre_third:pseudo,2025-03-31,pre_third,DELTA_MT,DELTA_MT,2024:Q4,5.355778021747714,,,not_available,-0.5985,5.954278021747713,True,True,0,,,,,,,0,{},14,expanding,40,1965:Q3,,1,0.02
monthly_mixed_frequency_kalman_em,pseudo,2024:Q4:pre_third:pseudo,2025-03-31,pre_third,DELTA_MT,DELTA_MT,2024:Q4,0.08743815449366288,4.083648424357379,2.0208039054686573,model_implied_state_space,-0.5985,0.6859381544936629,True,True,28,-6573.047501630251,-8791.999099907303,-6573.047501630251,0.6077740693281157,9.244196750124595e-05,28.0,0,{},14,expanding,40,1965:Q3,,1,0.02
no_revision,pseudo,2024:Q4:pre_third:pseudo,2025-03-31,pre_third,DELTA_MT,DELTA_MT,2024:Q4,0.0,,,not_available,-0.5985,0.5985,True,True,0,,,,,,,0,{},14,expanding,40,1965:Q3,,1,0.02
release_dfm,pseudo,2024:Q4:pre_third:pseudo,2025-03-31,pre_third,DELTA_MT,DELTA_MT,2024:Q4,0.30375904272645826,,,not_available,-0.5985,0.9022590427264583,True,True,0,,,,,,,0,{},14,expanding,40,1965:Q3,,1,0.02
revision_dfm_kalman_em,pseudo,2024:Q4:pre_third:pseudo,2025-03-31,pre_third,DELTA_MT,DELTA_MT,2024:Q4,0.002216211924204181,4.1237463083418895,2.0307009401538894,model_implied_state_space,-0.5985,0.6007162119242042,True,True,31,-1934.9938561808985,-3596.836262313028,-1934.9938561808985,0.19113167025852817,9.871560385903647e-05,31.0,0,{},14,expanding,40,1965:Q3,,1,0.02
standard_dfm,pseudo,2024:Q4:pre_third:pseudo,2025-03-31,pre_third,DELTA_MT,DELTA_MT,2024:Q4,0.3146620147523578,,,not_available,-0.5985,0.9131620147523578,True,True,0,,,,,,,0,{},14,expanding,40,1965:Q3,,1,0.02
