model_id,timing_mode,forecast_origin,forecast_origin_date,checkpoint_id,target_quarter,row_release,column_release,covariance,matrix_max_asymmetry,matrix_min_eigenvalue,matrix_max_eigenvalue,matrix_psd_flag,initialization_seed,initialization_jitter
indicator_revision_only_dfm_kalman_em,exact,2022:Q1:pre_advance:exact,2022-04-27,pre_advance,2022:Q1,A,A,2.85539206497161,0.0,0.06688952149850065,11.323181389572682,True,1,0.02
indicator_revision_only_dfm_kalman_em,exact,2022:Q1:pre_advance:exact,2022-04-27,pre_advance,2022:Q1,A,M,2.454052255850412,0.0,0.06688952149850065,11.323181389572682,True,1,0.02
indicator_revision_only_dfm_kalman_em,exact,2022:Q1:pre_advance:exact,2022-04-27,pre_advance,2022:Q1,A,S,2.454052255850412,0.0,0.06688952149850065,11.323181389572682,True,1,0.02
indicator_revision_only_dfm_kalman_em,exact,2022:Q1:pre_advance:exact,2022-04-27,pre_advance,2022:Q1,A,T,2.454052255850412,0.0,0.06688952149850065,11.323181389572682,True,1,0.02
indicator_revision_only_dfm_kalman_em,exact,2022:Q1:pre_advance:exact,2022-04-27,pre_advance,2022:Q1,M,A,2.454052255850412,0.0,0.06688952149850065,11.323181389572682,True,1,0.02
indicator_revision_only_dfm_kalman_em,exact,2022:Q1:pre_advance:exact,2022-04-27,pre_advance,2022:Q1,M,M,6.539117388219525,0.0,0.06688952149850065,11.323181389572682,True,1,0.02
indicator_revision_only_dfm_kalman_em,exact,2022:Q1:pre_advance:exact,2022-04-27,pre_advance,2022:Q1,M,S,2.454052255850412,0.0,0.06688952149850065,11.323181389572682,True,1,0.02
indicator_revision_only_dfm_kalman_em,exact,2022:Q1:pre_advance:exact,2022-04-27,pre_advance,2022:Q1,M,T,2.454052255850412,0.0,0.06688952149850065,11.323181389572682,True,1,0.02
indicator_revision_only_dfm_kalman_em,exact,2022:Q1:pre_advance:exact,2022-04-27,pre_advance,2022:Q1,S,A,2.454052255850412,0.0,0.06688952149850065,11.323181389572682,True,1,0.02
indicator_revision_only_dfm_kalman_em,exact,2022:Q1:pre_advance:exact,2022-04-27,pre_advance,2022:Q1,S,M,2.454052255850412,0.0,0.06688952149850065,11.323181389572682,True,1,0.02
indicator_revision_only_dfm_kalman_em,exact,2022:Q1:pre_advance:exact,2022-04-27,pre_advance,2022:Q1,S,S,2.4706109416332076,0.0,0.06688952149850065,11.323181389572682,True,1,0.02
indicator_revision_only_dfm_kalman_em,exact,2022:Q1:pre_advance:exact,2022-04-27,pre_advance,2022:Q1,S,T,2.454052255850412,0.0,0.06688952149850065,11.323181389572682,True,1,0.02
indicator_revision_only_dfm_kalman_em,exact,2022:Q1:pre_advance:exact,2022-04-27,pre_advance,2022:Q1,T,A,2.454052255850412,0.0,0.06688952149850065,11.323181389572682,True,1,0.02
indicator_revision_only_dfm_kalman_em,exact,2022:Q1:pre_advance:exact,2022-04-27,pre_advance,2022:Q1,T,M,2.454052255850412,0.0,0.06688952149850065,11.323181389572682,True,1,0.02
indicator_revision_only_dfm_kalman_em,exact,2022:Q1:pre_advance:exact,2022-04-27,pre_advance,2022:Q1,T,S,2.454052255850412,0.0,0.06688952149850065,11.323181389572682,True,1,0.02
indicator_revision_only_dfm_kalman_em,exact,2022:Q1:pre_advance:exact,2022-04-27,pre_advance,2022:Q1,T,T,2.582585712060253,0.0,0.06688952149850065,11.323181389572682,True,1,0.02
joint_indicator_revision_dfm_full_kalman_em,exact,2022:Q1:pre_advance:exact,2022-04-27,pre_advance,2022:Q1,A,A,2.039481286365116,4.440892098500626e-16,0.06450639360075053,11.140483860480803,True,1,0.02
joint_indicator_revision_dfm_full_kalman_em,exact,2022:Q1:pre_advance:exact,2022-04-27,pre_advance,2022:Q1,A,M,2.1448093551311866,4.440892098500626e-16,0.06450639360075053,11.140483860480803,True,1,0.02
joint_indicator_revision_dfm_full_kalman_em,exact,2022:Q1:pre_advance:exact,2022-04-27,pre_advance,2022:Q1,A,S,2.1329366820147646,4.440892098500626e-16,0.06450639360075053,11.140483860480803,True,1,0.02
joint_indicator_revision_dfm_full_kalman_em,exact,2022:Q1:pre_advance:exact,2022-04-27,pre_advance,2022:Q1,A,T,2.140060285884618,4.440892098500626e-16,0.06450639360075053,11.140483860480803,True,1,0.02
joint_indicator_revision_dfm_full_kalman_em,exact,2022:Q1:pre_advance:exact,2022-04-27,pre_advance,2022:Q1,M,A,2.1448093551311866,4.440892098500626e-16,0.06450639360075053,11.140483860480803,True,1,0.02
joint_indicator_revision_dfm_full_kalman_em,exact,2022:Q1:pre_advance:exact,2022-04-27,pre_advance,2022:Q1,M,M,6.708802654111086,4.440892098500626e-16,0.06450639360075053,11.140483860480803,True,1,0.02
joint_indicator_revision_dfm_full_kalman_em,exact,2022:Q1:pre_advance:exact,2022-04-27,pre_advance,2022:Q1,M,S,2.591402493031364,4.440892098500626e-16,0.06450639360075053,11.140483860480803,True,1,0.02
joint_indicator_revision_dfm_full_kalman_em,exact,2022:Q1:pre_advance:exact,2022-04-27,pre_advance,2022:Q1,M,T,2.6055054342282116,4.440892098500626e-16,0.06450639360075053,11.140483860480803,True,1,0.02
joint_indicator_revision_dfm_full_kalman_em,exact,2022:Q1:pre_advance:exact,2022-04-27,pre_advance,2022:Q1,S,A,2.1329366820147646,4.440892098500626e-16,0.06450639360075053,11.140483860480803,True,1,0.02
joint_indicator_revision_dfm_full_kalman_em,exact,2022:Q1:pre_advance:exact,2022-04-27,pre_advance,2022:Q1,S,M,2.591402493031364,4.440892098500626e-16,0.06450639360075053,11.140483860480803,True,1,0.02
joint_indicator_revision_dfm_full_kalman_em,exact,2022:Q1:pre_advance:exact,2022-04-27,pre_advance,2022:Q1,S,S,2.5879610610672374,4.440892098500626e-16,0.06450639360075053,11.140483860480803,True,1,0.02
joint_indicator_revision_dfm_full_kalman_em,exact,2022:Q1:pre_advance:exact,2022-04-27,pre_advance,2022:Q1,S,T,2.5822331768110325,4.440892098500626e-16,0.06450639360075053,11.140483860480803,True,1,0.02
joint_indicator_revision_dfm_full_kalman_em,exact,2022:Q1:pre_advance:exact,2022-04-27,pre_advance,2022:Q1,T,A,2.1400602858846174,4.440892098500626e-16,0.06450639360075053,11.140483860480803,True,1,0.02
joint_indicator_revision_dfm_full_kalman_em,exact,2022:Q1:pre_advance:exact,2022-04-27,pre_advance,2022:Q1,T,M,2.6055054342282116,4.440892098500626e-16,0.06450639360075053,11.140483860480803,True,1,0.02
joint_indicator_revision_dfm_full_kalman_em,exact,2022:Q1:pre_advance:exact,2022-04-27,pre_advance,2022:Q1,T,S,2.582233176811032,4.440892098500626e-16,0.06450639360075053,11.140483860480803,True,1,0.02
joint_indicator_revision_dfm_full_kalman_em,exact,2022:Q1:pre_advance:exact,2022-04-27,pre_advance,2022:Q1,T,T,2.71824347482812,4.440892098500626e-16,0.06450639360075053,11.140483860480803,True,1,0.02
monthly_mixed_frequency_kalman_em,exact,2022:Q1:pre_advance:exact,2022-04-27,pre_advance,2022:Q1,A,A,4.014426515724943,0.0,0.061541977127380486,16.81658684154338,True,1,0.02
monthly_mixed_frequency_kalman_em,exact,2022:Q1:pre_advance:exact,2022-04-27,pre_advance,2022:Q1,A,M,3.7215243046610493,0.0,0.061541977127380486,16.81658684154338,True,1,0.02
monthly_mixed_frequency_kalman_em,exact,2022:Q1:pre_advance:exact,2022-04-27,pre_advance,2022:Q1,A,S,3.757366719318494,0.0,0.061541977127380486,16.81658684154338,True,1,0.02
monthly_mixed_frequency_kalman_em,exact,2022:Q1:pre_advance:exact,2022-04-27,pre_advance,2022:Q1,A,T,3.737816311323524,0.0,0.061541977127380486,16.81658684154338,True,1,0.02
monthly_mixed_frequency_kalman_em,exact,2022:Q1:pre_advance:exact,2022-04-27,pre_advance,2022:Q1,M,A,3.7215243046610493,0.0,0.061541977127380486,16.81658684154338,True,1,0.02
monthly_mixed_frequency_kalman_em,exact,2022:Q1:pre_advance:exact,2022-04-27,pre_advance,2022:Q1,M,M,8.239777308263966,0.0,0.061541977127380486,16.81658684154338,True,1,0.02
monthly_mixed_frequency_kalman_em,exact,2022:Q1:pre_advance:exact,2022-04-27,pre_advance,2022:Q1,M,S,3.9035341710006874,0.0,0.061541977127380486,16.81658684154338,True,1,0.02
monthly_mixed_frequency_kalman_em,exact,2022:Q1:pre_advance:exact,2022-04-27,pre_advance,2022:Q1,M,T,4.024874081893779,0.0,0.061541977127380486,16.81658684154338,True,1,0.02
monthly_mixed_frequency_kalman_em,exact,2022:Q1:pre_advance:exact,2022-04-27,pre_advance,2022:Q1,S,A,3.757366719318494,0.0,0.061541977127380486,16.81658684154338,True,1,0.02
monthly_mixed_frequency_kalman_em,exact,2022:Q1:pre_advance:exact,2022-04-27,pre_advance,2022:Q1,S,M,3.9035341710006874,0.0,0.061541977127380486,16.81658684154338,True,1,0.02
monthly_mixed_frequency_kalman_em,exact,2022:Q1:pre_advance:exact,2022-04-27,pre_advance,2022:Q1,S,S,3.8749855954055654,0.0,0.061541977127380486,16.81658684154338,True,1,0.02
monthly_mixed_frequency_kalman_em,exact,2022:Q1:pre_advance:exact,2022-04-27,pre_advance,2022:Q1,S,T,3.866992308080139,0.0,0.061541977127380486,16.81658684154338,True,1,0.02
monthly_mixed_frequency_kalman_em,exact,2022:Q1:pre_advance:exact,2022-04-27,pre_advance,2022:Q1,T,A,3.737816311323524,0.0,0.061541977127380486,16.81658684154338,True,1,0.02
monthly_mixed_frequency_kalman_em,exact,2022:Q1:pre_advance:exact,2022-04-27,pre_advance,2022:Q1,T,M,4.024874081893779,0.0,0.061541977127380486,16.81658684154338,True,1,0.02
monthly_mixed_frequency_kalman_em,exact,2022:Q1:pre_advance:exact,2022-04-27,pre_advance,2022:Q1,T,S,3.866992308080139,0.0,0.061541977127380486,16.81658684154338,True,1,0.02
monthly_mixed_frequency_kalman_em,exact,2022:Q1:pre_advance:exact,2022-04-27,pre_advance,2022:Q1,T,T,4.003913740543081,0.0,0.061541977127380486,16.81658684154338,True,1,0.02
revision_dfm_kalman_em,exact,2022:Q1:pre_advance:exact,2022-04-27,pre_advance,2022:Q1,A,A,2.663648056007738,0.0,0.0672225194742213,13.613555351703575,True,1,0.02
revision_dfm_kalman_em,exact,2022:Q1:pre_advance:exact,2022-04-27,pre_advance,2022:Q1,A,M,2.7728571202057246,0.0,0.0672225194742213,13.613555351703575,True,1,0.02
revision_dfm_kalman_em,exact,2022:Q1:pre_advance:exact,2022-04-27,pre_advance,2022:Q1,A,S,2.7602010590239554,0.0,0.0672225194742213,13.613555351703575,True,1,0.02
revision_dfm_kalman_em,exact,2022:Q1:pre_advance:exact,2022-04-27,pre_advance,2022:Q1,A,T,2.7677946957330173,0.0,0.0672225194742213,13.613555351703575,True,1,0.02
revision_dfm_kalman_em,exact,2022:Q1:pre_advance:exact,2022-04-27,pre_advance,2022:Q1,M,A,2.7728571202057246,0.0,0.0672225194742213,13.613555351703575,True,1,0.02
revision_dfm_kalman_em,exact,2022:Q1:pre_advance:exact,2022-04-27,pre_advance,2022:Q1,M,M,7.359741037849655,0.0,0.0672225194742213,13.613555351703575,True,1,0.02
revision_dfm_kalman_em,exact,2022:Q1:pre_advance:exact,2022-04-27,pre_advance,2022:Q1,M,S,3.254845143155552,0.0,0.0672225194742213,13.613555351703575,True,1,0.02
revision_dfm_kalman_em,exact,2022:Q1:pre_advance:exact,2022-04-27,pre_advance,2022:Q1,M,T,3.2700658175644937,0.0,0.0672225194742213,13.613555351703575,True,1,0.02
revision_dfm_kalman_em,exact,2022:Q1:pre_advance:exact,2022-04-27,pre_advance,2022:Q1,S,A,2.7602010590239554,0.0,0.0672225194742213,13.613555351703575,True,1,0.02
revision_dfm_kalman_em,exact,2022:Q1:pre_advance:exact,2022-04-27,pre_advance,2022:Q1,S,M,3.254845143155552,0.0,0.0672225194742213,13.613555351703575,True,1,0.02
revision_dfm_kalman_em,exact,2022:Q1:pre_advance:exact,2022-04-27,pre_advance,2022:Q1,S,S,3.2578374071178358,0.0,0.0672225194742213,13.613555351703575,True,1,0.02
revision_dfm_kalman_em,exact,2022:Q1:pre_advance:exact,2022-04-27,pre_advance,2022:Q1,S,T,3.24495226147292,0.0,0.0672225194742213,13.613555351703575,True,1,0.02
revision_dfm_kalman_em,exact,2022:Q1:pre_advance:exact,2022-04-27,pre_advance,2022:Q1,T,A,2.7677946957330173,0.0,0.0672225194742213,13.613555351703575,True,1,0.02
revision_dfm_kalman_em,exact,2022:Q1:pre_advance:exact,2022-04-27,pre_advance,2022:Q1,T,M,3.2700658175644937,0.0,0.0672225194742213,13.613555351703575,True,1,0.02
revision_dfm_kalman_em,exact,2022:Q1:pre_advance:exact,2022-04-27,pre_advance,2022:Q1,T,S,3.24495226147292,0.0,0.0672225194742213,13.613555351703575,True,1,0.02
revision_dfm_kalman_em,exact,2022:Q1:pre_advance:exact,2022-04-27,pre_advance,2022:Q1,T,T,3.37547444973547,0.0,0.0672225194742213,13.613555351703575,True,1,0.02
indicator_revision_only_dfm_kalman_em,pseudo,2022:Q1:pre_advance:pseudo,2022-04-30,pre_advance,2022:Q1,A,A,2.8552227868308866,0.0,0.0668896007158798,11.322533838744532,True,1,0.02
indicator_revision_only_dfm_kalman_em,pseudo,2022:Q1:pre_advance:pseudo,2022-04-30,pre_advance,2022:Q1,A,M,2.4538836436223925,0.0,0.0668896007158798,11.322533838744532,True,1,0.02
indicator_revision_only_dfm_kalman_em,pseudo,2022:Q1:pre_advance:pseudo,2022-04-30,pre_advance,2022:Q1,A,S,2.4538836436223925,0.0,0.0668896007158798,11.322533838744532,True,1,0.02
indicator_revision_only_dfm_kalman_em,pseudo,2022:Q1:pre_advance:pseudo,2022-04-30,pre_advance,2022:Q1,A,T,2.4538836436223925,0.0,0.0668896007158798,11.322533838744532,True,1,0.02
indicator_revision_only_dfm_kalman_em,pseudo,2022:Q1:pre_advance:pseudo,2022-04-30,pre_advance,2022:Q1,M,A,2.4538836436223925,0.0,0.0668896007158798,11.322533838744532,True,1,0.02
indicator_revision_only_dfm_kalman_em,pseudo,2022:Q1:pre_advance:pseudo,2022-04-30,pre_advance,2022:Q1,M,M,6.538947745061977,0.0,0.0668896007158798,11.322533838744532,True,1,0.02
indicator_revision_only_dfm_kalman_em,pseudo,2022:Q1:pre_advance:pseudo,2022-04-30,pre_advance,2022:Q1,M,S,2.4538836436223925,0.0,0.0668896007158798,11.322533838744532,True,1,0.02
indicator_revision_only_dfm_kalman_em,pseudo,2022:Q1:pre_advance:pseudo,2022-04-30,pre_advance,2022:Q1,M,T,2.4538836436223925,0.0,0.0668896007158798,11.322533838744532,True,1,0.02
indicator_revision_only_dfm_kalman_em,pseudo,2022:Q1:pre_advance:pseudo,2022-04-30,pre_advance,2022:Q1,S,A,2.4538836436223925,0.0,0.0668896007158798,11.322533838744532,True,1,0.02
indicator_revision_only_dfm_kalman_em,pseudo,2022:Q1:pre_advance:pseudo,2022-04-30,pre_advance,2022:Q1,S,M,2.4538836436223925,0.0,0.0668896007158798,11.322533838744532,True,1,0.02
indicator_revision_only_dfm_kalman_em,pseudo,2022:Q1:pre_advance:pseudo,2022-04-30,pre_advance,2022:Q1,S,S,2.470442564971511,0.0,0.0668896007158798,11.322533838744532,True,1,0.02
indicator_revision_only_dfm_kalman_em,pseudo,2022:Q1:pre_advance:pseudo,2022-04-30,pre_advance,2022:Q1,S,T,2.4538836436223925,0.0,0.0668896007158798,11.322533838744532,True,1,0.02
indicator_revision_only_dfm_kalman_em,pseudo,2022:Q1:pre_advance:pseudo,2022-04-30,pre_advance,2022:Q1,T,A,2.4538836436223925,0.0,0.0668896007158798,11.322533838744532,True,1,0.02
indicator_revision_only_dfm_kalman_em,pseudo,2022:Q1:pre_advance:pseudo,2022-04-30,pre_advance,2022:Q1,T,M,2.4538836436223925,0.0,0.0668896007158798,11.322533838744532,True,1,0.02
indicator_revision_only_dfm_kalman_em,pseudo,2022:Q1:pre_advance:pseudo,2022-04-30,pre_advance,2022:Q1,T,S,2.4538836436223925,0.0,0.0668896007158798,11.322533838744532,True,1,0.02
indicator_revision_only_dfm_kalman_em,pseudo,2022:Q1:pre_advance:pseudo,2022-04-30,pre_advance,2022:Q1,T,T,2.5824170764865375,0.0,0.0668896007158798,11.322533838744532,True,1,0.02
joint_indicator_revision_dfm_full_kalman_em,pseudo,2022:Q1:pre_advance:pseudo,2022-04-30,pre_advance,2022:Q1,A,A,2.0392254376077767,4.440892098500626e-16,0.06450557771279125,11.139619664576745,True,1,0.02
joint_indicator_revision_dfm_full_kalman_em,pseudo,2022:Q1:pre_advance:pseudo,2022-04-30,pre_advance,2022:Q1,A,M,2.1445729195120125,4.440892098500626e-16,0.06450557771279125,11.139619664576745,True,1,0.02
joint_indicator_revision_dfm_full_kalman_em,pseudo,2022:Q1:pre_advance:pseudo,2022-04-30,pre_advance,2022:Q1,A,S,2.1327016279297704,4.440892098500626e-16,0.06450557771279125,11.139619664576745,True,1,0.02
joint_indicator_revision_dfm_full_kalman_em,pseudo,2022:Q1:pre_advance:pseudo,2022-04-30,pre_advance,2022:Q1,A,T,2.139824402879116,4.440892098500626e-16,0.06450557771279125,11.139619664576745,True,1,0.02
joint_indicator_revision_dfm_full_kalman_em,pseudo,2022:Q1:pre_advance:pseudo,2022-04-30,pre_advance,2022:Q1,M,A,2.1445729195120125,4.440892098500626e-16,0.06450557771279125,11.139619664576745,True,1,0.02
joint_indicator_revision_dfm_full_kalman_em,pseudo,2022:Q1:pre_advance:pseudo,2022-04-30,pre_advance,2022:Q1,M,M,6.708578469531021,4.440892098500626e-16,0.06450557771279125,11.139619664576745,True,1,0.02
joint_indicator_revision_dfm_full_kalman_em,pseudo,2022:Q1:pre_advance:pseudo,2022-04-30,pre_advance,2022:Q1,M,S,2.591176182931522,4.440892098500626e-16,0.06450557771279125,11.139619664576745,True,1,0.02
joint_indicator_revision_dfm_full_kalman_em,pseudo,2022:Q1:pre_advance:pseudo,2022-04-30,pre_advance,2022:Q1,M,T,2.605279443881612,4.440892098500626e-16,0.06450557771279125,11.139619664576745,True,1,0.02
joint_indicator_revision_dfm_full_kalman_em,pseudo,2022:Q1:pre_advance:pseudo,2022-04-30,pre_advance,2022:Q1,S,A,2.1327016279297704,4.440892098500626e-16,0.06450557771279125,11.139619664576745,True,1,0.02
joint_indicator_revision_dfm_full_kalman_em,pseudo,2022:Q1:pre_advance:pseudo,2022-04-30,pre_advance,2022:Q1,S,M,2.591176182931522,4.440892098500626e-16,0.06450557771279125,11.139619664576745,True,1,0.02
joint_indicator_revision_dfm_full_kalman_em,pseudo,2022:Q1:pre_advance:pseudo,2022-04-30,pre_advance,2022:Q1,S,S,2.5877337410323418,4.440892098500626e-16,0.06450557771279125,11.139619664576745,True,1,0.02
joint_indicator_revision_dfm_full_kalman_em,pseudo,2022:Q1:pre_advance:pseudo,2022-04-30,pre_advance,2022:Q1,S,T,2.5820066918314866,4.440892098500626e-16,0.06450557771279125,11.139619664576745,True,1,0.02
joint_indicator_revision_dfm_full_kalman_em,pseudo,2022:Q1:pre_advance:pseudo,2022-04-30,pre_advance,2022:Q1,T,A,2.1398244028791162,4.440892098500626e-16,0.06450557771279125,11.139619664576745,True,1,0.02
joint_indicator_revision_dfm_full_kalman_em,pseudo,2022:Q1:pre_advance:pseudo,2022-04-30,pre_advance,2022:Q1,T,M,2.605279443881612,4.440892098500626e-16,0.06450557771279125,11.139619664576745,True,1,0.02
joint_indicator_revision_dfm_full_kalman_em,pseudo,2022:Q1:pre_advance:pseudo,2022-04-30,pre_advance,2022:Q1,T,S,2.5820066918314866,4.440892098500626e-16,0.06450557771279125,11.139619664576745,True,1,0.02
joint_indicator_revision_dfm_full_kalman_em,pseudo,2022:Q1:pre_advance:pseudo,2022-04-30,pre_advance,2022:Q1,T,T,2.718017458561836,4.440892098500626e-16,0.06450557771279125,11.139619664576745,True,1,0.02
monthly_mixed_frequency_kalman_em,pseudo,2022:Q1:pre_advance:pseudo,2022-04-30,pre_advance,2022:Q1,A,A,4.014238510924995,0.0,0.061541647913422745,16.816086312462648,True,1,0.02
monthly_mixed_frequency_kalman_em,pseudo,2022:Q1:pre_advance:pseudo,2022-04-30,pre_advance,2022:Q1,A,M,3.7213832838085144,0.0,0.061541647913422745,16.816086312462648,True,1,0.02
monthly_mixed_frequency_kalman_em,pseudo,2022:Q1:pre_advance:pseudo,2022-04-30,pre_advance,2022:Q1,A,S,3.7571999794267286,0.0,0.061541647913422745,16.816086312462648,True,1,0.02
monthly_mixed_frequency_kalman_em,pseudo,2022:Q1:pre_advance:pseudo,2022-04-30,pre_advance,2022:Q1,A,T,3.737663599998612,0.0,0.061541647913422745,16.816086312462648,True,1,0.02
monthly_mixed_frequency_kalman_em,pseudo,2022:Q1:pre_advance:pseudo,2022-04-30,pre_advance,2022:Q1,M,A,3.7213832838085144,0.0,0.061541647913422745,16.816086312462648,True,1,0.02
monthly_mixed_frequency_kalman_em,pseudo,2022:Q1:pre_advance:pseudo,2022-04-30,pre_advance,2022:Q1,M,M,8.239703162048242,0.0,0.061541647913422745,16.816086312462648,True,1,0.02
monthly_mixed_frequency_kalman_em,pseudo,2022:Q1:pre_advance:pseudo,2022-04-30,pre_advance,2022:Q1,M,S,3.9034196944970145,0.0,0.061541647913422745,16.816086312462648,True,1,0.02
monthly_mixed_frequency_kalman_em,pseudo,2022:Q1:pre_advance:pseudo,2022-04-30,pre_advance,2022:Q1,M,T,4.024777301622682,0.0,0.061541647913422745,16.816086312462648,True,1,0.02
monthly_mixed_frequency_kalman_em,pseudo,2022:Q1:pre_advance:pseudo,2022-04-30,pre_advance,2022:Q1,S,A,3.7571999794267286,0.0,0.061541647913422745,16.816086312462648,True,1,0.02
monthly_mixed_frequency_kalman_em,pseudo,2022:Q1:pre_advance:pseudo,2022-04-30,pre_advance,2022:Q1,S,M,3.9034196944970145,0.0,0.061541647913422745,16.816086312462648,True,1,0.02
monthly_mixed_frequency_kalman_em,pseudo,2022:Q1:pre_advance:pseudo,2022-04-30,pre_advance,2022:Q1,S,S,3.8748425607952006,0.0,0.061541647913422745,16.816086312462648,True,1,0.02
monthly_mixed_frequency_kalman_em,pseudo,2022:Q1:pre_advance:pseudo,2022-04-30,pre_advance,2022:Q1,S,T,3.866864765729443,0.0,0.061541647913422745,16.816086312462648,True,1,0.02
monthly_mixed_frequency_kalman_em,pseudo,2022:Q1:pre_advance:pseudo,2022-04-30,pre_advance,2022:Q1,T,A,3.737663599998612,0.0,0.061541647913422745,16.816086312462648,True,1,0.02
monthly_mixed_frequency_kalman_em,pseudo,2022:Q1:pre_advance:pseudo,2022-04-30,pre_advance,2022:Q1,T,M,4.024777301622682,0.0,0.061541647913422745,16.816086312462648,True,1,0.02
monthly_mixed_frequency_kalman_em,pseudo,2022:Q1:pre_advance:pseudo,2022-04-30,pre_advance,2022:Q1,T,S,3.866864765729443,0.0,0.061541647913422745,16.816086312462648,True,1,0.02
monthly_mixed_frequency_kalman_em,pseudo,2022:Q1:pre_advance:pseudo,2022-04-30,pre_advance,2022:Q1,T,T,4.003801623579582,0.0,0.061541647913422745,16.816086312462648,True,1,0.02
revision_dfm_kalman_em,pseudo,2022:Q1:pre_advance:pseudo,2022-04-30,pre_advance,2022:Q1,A,A,2.6636018569314586,4.440892098500626e-16,0.06722253339040422,13.613686766869318,True,1,0.02
revision_dfm_kalman_em,pseudo,2022:Q1:pre_advance:pseudo,2022-04-30,pre_advance,2022:Q1,A,M,2.772864493107669,4.440892098500626e-16,0.06722253339040422,13.613686766869318,True,1,0.02
revision_dfm_kalman_em,pseudo,2022:Q1:pre_advance:pseudo,2022-04-30,pre_advance,2022:Q1,A,S,2.7602054994616103,4.440892098500626e-16,0.06722253339040422,13.613686766869318,True,1,0.02
revision_dfm_kalman_em,pseudo,2022:Q1:pre_advance:pseudo,2022-04-30,pre_advance,2022:Q1,A,T,2.7678008956492457,4.440892098500626e-16,0.06722253339040422,13.613686766869318,True,1,0.02
revision_dfm_kalman_em,pseudo,2022:Q1:pre_advance:pseudo,2022-04-30,pre_advance,2022:Q1,M,A,2.772864493107669,4.440892098500626e-16,0.06722253339040422,13.613686766869318,True,1,0.02
revision_dfm_kalman_em,pseudo,2022:Q1:pre_advance:pseudo,2022-04-30,pre_advance,2022:Q1,M,M,7.359795462778181,4.440892098500626e-16,0.06722253339040422,13.613686766869318,True,1,0.02
revision_dfm_kalman_em,pseudo,2022:Q1:pre_advance:pseudo,2022-04-30,pre_advance,2022:Q1,M,S,3.254898253596498,4.440892098500626e-16,0.06722253339040422,13.613686766869318,True,1,0.02
revision_dfm_kalman_em,pseudo,2022:Q1:pre_advance:pseudo,2022-04-30,pre_advance,2022:Q1,M,T,3.2701203723487766,4.440892098500626e-16,0.06722253339040422,13.613686766869318,True,1,0.02
revision_dfm_kalman_em,pseudo,2022:Q1:pre_advance:pseudo,2022-04-30,pre_advance,2022:Q1,S,A,2.7602054994616108,4.440892098500626e-16,0.06722253339040422,13.613686766869318,True,1,0.02
revision_dfm_kalman_em,pseudo,2022:Q1:pre_advance:pseudo,2022-04-30,pre_advance,2022:Q1,S,M,3.254898253596498,4.440892098500626e-16,0.06722253339040422,13.613686766869318,True,1,0.02
revision_dfm_kalman_em,pseudo,2022:Q1:pre_advance:pseudo,2022-04-30,pre_advance,2022:Q1,S,S,3.2578877542374665,4.440892098500626e-16,0.06722253339040422,13.613686766869318,True,1,0.02
revision_dfm_kalman_em,pseudo,2022:Q1:pre_advance:pseudo,2022-04-30,pre_advance,2022:Q1,S,T,3.2450043985138,4.440892098500626e-16,0.06722253339040422,13.613686766869318,True,1,0.02
revision_dfm_kalman_em,pseudo,2022:Q1:pre_advance:pseudo,2022-04-30,pre_advance,2022:Q1,T,A,2.7678008956492457,4.440892098500626e-16,0.06722253339040422,13.613686766869318,True,1,0.02
revision_dfm_kalman_em,pseudo,2022:Q1:pre_advance:pseudo,2022-04-30,pre_advance,2022:Q1,T,M,3.2701203723487766,4.440892098500626e-16,0.06722253339040422,13.613686766869318,True,1,0.02
revision_dfm_kalman_em,pseudo,2022:Q1:pre_advance:pseudo,2022-04-30,pre_advance,2022:Q1,T,S,3.2450043985138,4.440892098500626e-16,0.06722253339040422,13.613686766869318,True,1,0.02
revision_dfm_kalman_em,pseudo,2022:Q1:pre_advance:pseudo,2022-04-30,pre_advance,2022:Q1,T,T,3.3755287195617902,4.440892098500626e-16,0.06722253339040422,13.613686766869318,True,1,0.02
indicator_revision_only_dfm_kalman_em,exact,2022:Q1:pre_second:exact,2022-05-25,pre_second,2022:Q1,A,A,0.7580832477644662,0.0,0.06336345444070292,4.552085764355477,True,1,0.02
indicator_revision_only_dfm_kalman_em,exact,2022:Q1:pre_second:exact,2022-05-25,pre_second,2022:Q1,A,M,0.35315620183375995,0.0,0.06336345444070292,4.552085764355477,True,1,0.02
indicator_revision_only_dfm_kalman_em,exact,2022:Q1:pre_second:exact,2022-05-25,pre_second,2022:Q1,A,S,0.35315620183375995,0.0,0.06336345444070292,4.552085764355477,True,1,0.02
indicator_revision_only_dfm_kalman_em,exact,2022:Q1:pre_second:exact,2022-05-25,pre_second,2022:Q1,A,T,0.35315620183375995,0.0,0.06336345444070292,4.552085764355477,True,1,0.02
indicator_revision_only_dfm_kalman_em,exact,2022:Q1:pre_second:exact,2022-05-25,pre_second,2022:Q1,M,A,0.35315620183375995,0.0,0.06336345444070292,4.552085764355477,True,1,0.02
indicator_revision_only_dfm_kalman_em,exact,2022:Q1:pre_second:exact,2022-05-25,pre_second,2022:Q1,M,M,4.4388108833840105,0.0,0.06336345444070292,4.552085764355477,True,1,0.02
indicator_revision_only_dfm_kalman_em,exact,2022:Q1:pre_second:exact,2022-05-25,pre_second,2022:Q1,M,S,0.35315620183375995,0.0,0.06336345444070292,4.552085764355477,True,1,0.02
indicator_revision_only_dfm_kalman_em,exact,2022:Q1:pre_second:exact,2022-05-25,pre_second,2022:Q1,M,T,0.35315620183375995,0.0,0.06336345444070292,4.552085764355477,True,1,0.02
indicator_revision_only_dfm_kalman_em,exact,2022:Q1:pre_second:exact,2022-05-25,pre_second,2022:Q1,S,A,0.35315620183375995,0.0,0.06336345444070292,4.552085764355477,True,1,0.02
indicator_revision_only_dfm_kalman_em,exact,2022:Q1:pre_second:exact,2022-05-25,pre_second,2022:Q1,S,M,0.35315620183375995,0.0,0.06336345444070292,4.552085764355477,True,1,0.02
indicator_revision_only_dfm_kalman_em,exact,2022:Q1:pre_second:exact,2022-05-25,pre_second,2022:Q1,S,S,0.3697464073087911,0.0,0.06336345444070292,4.552085764355477,True,1,0.02
indicator_revision_only_dfm_kalman_em,exact,2022:Q1:pre_second:exact,2022-05-25,pre_second,2022:Q1,S,T,0.35315620183375995,0.0,0.06336345444070292,4.552085764355477,True,1,0.02
indicator_revision_only_dfm_kalman_em,exact,2022:Q1:pre_second:exact,2022-05-25,pre_second,2022:Q1,T,A,0.35315620183375995,0.0,0.06336345444070292,4.552085764355477,True,1,0.02
indicator_revision_only_dfm_kalman_em,exact,2022:Q1:pre_second:exact,2022-05-25,pre_second,2022:Q1,T,M,0.35315620183375995,0.0,0.06336345444070292,4.552085764355477,True,1,0.02
indicator_revision_only_dfm_kalman_em,exact,2022:Q1:pre_second:exact,2022-05-25,pre_second,2022:Q1,T,S,0.35315620183375995,0.0,0.06336345444070292,4.552085764355477,True,1,0.02
indicator_revision_only_dfm_kalman_em,exact,2022:Q1:pre_second:exact,2022-05-25,pre_second,2022:Q1,T,T,0.4815738173826515,0.0,0.06336345444070292,4.552085764355477,True,1,0.02
joint_indicator_revision_dfm_full_kalman_em,exact,2022:Q1:pre_second:exact,2022-05-25,pre_second,2022:Q1,A,A,0.2559835185949133,0.0,0.06402222720536041,4.527704389639589,True,1,0.02
joint_indicator_revision_dfm_full_kalman_em,exact,2022:Q1:pre_second:exact,2022-05-25,pre_second,2022:Q1,A,M,0.1387227565440851,0.0,0.06402222720536041,4.527704389639589,True,1,0.02
joint_indicator_revision_dfm_full_kalman_em,exact,2022:Q1:pre_second:exact,2022-05-25,pre_second,2022:Q1,A,S,0.13800324141466178,0.0,0.06402222720536041,4.527704389639589,True,1,0.02
joint_indicator_revision_dfm_full_kalman_em,exact,2022:Q1:pre_second:exact,2022-05-25,pre_second,2022:Q1,A,T,0.13843495049231577,0.0,0.06402222720536041,4.527704389639589,True,1,0.02
joint_indicator_revision_dfm_full_kalman_em,exact,2022:Q1:pre_second:exact,2022-05-25,pre_second,2022:Q1,M,A,0.1387227565440851,0.0,0.06402222720536041,4.527704389639589,True,1,0.02
joint_indicator_revision_dfm_full_kalman_em,exact,2022:Q1:pre_second:exact,2022-05-25,pre_second,2022:Q1,M,M,4.45480731078261,0.0,0.06402222720536041,4.527704389639589,True,1,0.02
joint_indicator_revision_dfm_full_kalman_em,exact,2022:Q1:pre_second:exact,2022-05-25,pre_second,2022:Q1,M,S,0.35043996895111496,0.0,0.06402222720536041,4.527704389639589,True,1,0.02
joint_indicator_revision_dfm_full_kalman_em,exact,2022:Q1:pre_second:exact,2022-05-25,pre_second,2022:Q1,M,T,0.3571257756587054,0.0,0.06402222720536041,4.527704389639589,True,1,0.02
joint_indicator_revision_dfm_full_kalman_em,exact,2022:Q1:pre_second:exact,2022-05-25,pre_second,2022:Q1,S,A,0.13800324141466178,0.0,0.06402222720536041,4.527704389639589,True,1,0.02
joint_indicator_revision_dfm_full_kalman_em,exact,2022:Q1:pre_second:exact,2022-05-25,pre_second,2022:Q1,S,M,0.35043996895111496,0.0,0.06402222720536041,4.527704389639589,True,1,0.02
joint_indicator_revision_dfm_full_kalman_em,exact,2022:Q1:pre_second:exact,2022-05-25,pre_second,2022:Q1,S,S,0.35970495906052474,0.0,0.06402222720536041,4.527704389639589,True,1,0.02
joint_indicator_revision_dfm_full_kalman_em,exact,2022:Q1:pre_second:exact,2022-05-25,pre_second,2022:Q1,S,T,0.3461912344003859,0.0,0.06402222720536041,4.527704389639589,True,1,0.02
joint_indicator_revision_dfm_full_kalman_em,exact,2022:Q1:pre_second:exact,2022-05-25,pre_second,2022:Q1,T,A,0.13843495049231577,0.0,0.06402222720536041,4.527704389639589,True,1,0.02
joint_indicator_revision_dfm_full_kalman_em,exact,2022:Q1:pre_second:exact,2022-05-25,pre_second,2022:Q1,T,M,0.3571257756587054,0.0,0.06402222720536041,4.527704389639589,True,1,0.02
joint_indicator_revision_dfm_full_kalman_em,exact,2022:Q1:pre_second:exact,2022-05-25,pre_second,2022:Q1,T,S,0.3461912344003859,0.0,0.06402222720536041,4.527704389639589,True,1,0.02
joint_indicator_revision_dfm_full_kalman_em,exact,2022:Q1:pre_second:exact,2022-05-25,pre_second,2022:Q1,T,T,0.47438651498759465,0.0,0.06402222720536041,4.527704389639589,True,1,0.02
monthly_mixed_frequency_kalman_em,exact,2022:Q1:pre_second:exact,2022-05-25,pre_second,2022:Q1,A,A,0.4512716337071684,0.0,0.05899837164936228,4.9320505264666235,True,1,0.02
monthly_mixed_frequency_kalman_em,exact,2022:Q1:pre_second:exact,2022-05-25,pre_second,2022:Q1,A,M,0.21525377065139734,0.0,0.05899837164936228,4.9320505264666235,True,1,0.02
monthly_mixed_frequency_kalman_em,exact,2022:Q1:pre_second:exact,2022-05-25,pre_second,2022:Q1,A,S,0.21770410997347953,0.0,0.05899837164936228,4.9320505264666235,True,1,0.02
monthly_mixed_frequency_kalman_em,exact,2022:Q1:pre_second:exact,2022-05-25,pre_second,2022:Q1,A,T,0.21636756125234383,0.0,0.05899837164936228,4.9320505264666235,True,1,0.02
monthly_mixed_frequency_kalman_em,exact,2022:Q1:pre_second:exact,2022-05-25,pre_second,2022:Q1,M,A,0.21525377065139734,0.0,0.05899837164936228,4.9320505264666235,True,1,0.02
monthly_mixed_frequency_kalman_em,exact,2022:Q1:pre_second:exact,2022-05-25,pre_second,2022:Q1,M,M,4.792683199326617,0.0,0.05899837164936228,4.9320505264666235,True,1,0.02
monthly_mixed_frequency_kalman_em,exact,2022:Q1:pre_second:exact,2022-05-25,pre_second,2022:Q1,M,S,0.42710272358633755,0.0,0.05899837164936228,4.9320505264666235,True,1,0.02
monthly_mixed_frequency_kalman_em,exact,2022:Q1:pre_second:exact,2022-05-25,pre_second,2022:Q1,M,T,0.5683353588762978,0.0,0.05899837164936228,4.9320505264666235,True,1,0.02
monthly_mixed_frequency_kalman_em,exact,2022:Q1:pre_second:exact,2022-05-25,pre_second,2022:Q1,S,A,0.21770410997347953,0.0,0.05899837164936228,4.9320505264666235,True,1,0.02
monthly_mixed_frequency_kalman_em,exact,2022:Q1:pre_second:exact,2022-05-25,pre_second,2022:Q1,S,M,0.42710272358633755,0.0,0.05899837164936228,4.9320505264666235,True,1,0.02
monthly_mixed_frequency_kalman_em,exact,2022:Q1:pre_second:exact,2022-05-25,pre_second,2022:Q1,S,S,0.3627429036452901,0.0,0.05899837164936228,4.9320505264666235,True,1,0.02
monthly_mixed_frequency_kalman_em,exact,2022:Q1:pre_second:exact,2022-05-25,pre_second,2022:Q1,S,T,0.37475307018312304,0.0,0.05899837164936228,4.9320505264666235,True,1,0.02
monthly_mixed_frequency_kalman_em,exact,2022:Q1:pre_second:exact,2022-05-25,pre_second,2022:Q1,T,A,0.21636756125234383,0.0,0.05899837164936228,4.9320505264666235,True,1,0.02
monthly_mixed_frequency_kalman_em,exact,2022:Q1:pre_second:exact,2022-05-25,pre_second,2022:Q1,T,M,0.5683353588762978,0.0,0.05899837164936228,4.9320505264666235,True,1,0.02
monthly_mixed_frequency_kalman_em,exact,2022:Q1:pre_second:exact,2022-05-25,pre_second,2022:Q1,T,S,0.37475307018312304,0.0,0.05899837164936228,4.9320505264666235,True,1,0.02
monthly_mixed_frequency_kalman_em,exact,2022:Q1:pre_second:exact,2022-05-25,pre_second,2022:Q1,T,T,0.5330187696480915,0.0,0.05899837164936228,4.9320505264666235,True,1,0.02
revision_dfm_kalman_em,exact,2022:Q1:pre_second:exact,2022-05-25,pre_second,2022:Q1,A,A,0.29061216382220534,0.0,0.06656368486751411,4.556292577521417,True,1,0.02
revision_dfm_kalman_em,exact,2022:Q1:pre_second:exact,2022-05-25,pre_second,2022:Q1,A,M,0.15530971014058886,0.0,0.06656368486751411,4.556292577521417,True,1,0.02
revision_dfm_kalman_em,exact,2022:Q1:pre_second:exact,2022-05-25,pre_second,2022:Q1,A,S,0.15463210616275386,0.0,0.06656368486751411,4.556292577521417,True,1,0.02
revision_dfm_kalman_em,exact,2022:Q1:pre_second:exact,2022-05-25,pre_second,2022:Q1,A,T,0.15503866854945486,0.0,0.06656368486751411,4.556292577521417,True,1,0.02
revision_dfm_kalman_em,exact,2022:Q1:pre_second:exact,2022-05-25,pre_second,2022:Q1,M,A,0.15530971014058886,0.0,0.06656368486751411,4.556292577521417,True,1,0.02
revision_dfm_kalman_em,exact,2022:Q1:pre_second:exact,2022-05-25,pre_second,2022:Q1,M,M,4.470100247063902,0.0,0.06656368486751411,4.556292577521417,True,1,0.02
revision_dfm_kalman_em,exact,2022:Q1:pre_second:exact,2022-05-25,pre_second,2022:Q1,M,S,0.3781166512501728,0.0,0.06656368486751411,4.556292577521417,True,1,0.02
revision_dfm_kalman_em,exact,2022:Q1:pre_second:exact,2022-05-25,pre_second,2022:Q1,M,T,0.38515265991679126,0.0,0.06656368486751411,4.556292577521417,True,1,0.02
revision_dfm_kalman_em,exact,2022:Q1:pre_second:exact,2022-05-25,pre_second,2022:Q1,S,A,0.15463210616275386,0.0,0.06656368486751411,4.556292577521417,True,1,0.02
revision_dfm_kalman_em,exact,2022:Q1:pre_second:exact,2022-05-25,pre_second,2022:Q1,S,M,0.3781166512501728,0.0,0.06656368486751411,4.556292577521417,True,1,0.02
revision_dfm_kalman_em,exact,2022:Q1:pre_second:exact,2022-05-25,pre_second,2022:Q1,S,S,0.39392007578861266,0.0,0.06656368486751411,4.556292577521417,True,1,0.02
revision_dfm_kalman_em,exact,2022:Q1:pre_second:exact,2022-05-25,pre_second,2022:Q1,S,T,0.37364696034842443,0.0,0.06656368486751411,4.556292577521417,True,1,0.02
revision_dfm_kalman_em,exact,2022:Q1:pre_second:exact,2022-05-25,pre_second,2022:Q1,T,A,0.15503866854945486,0.0,0.06656368486751411,4.556292577521417,True,1,0.02
revision_dfm_kalman_em,exact,2022:Q1:pre_second:exact,2022-05-25,pre_second,2022:Q1,T,M,0.38515265991679126,0.0,0.06656368486751411,4.556292577521417,True,1,0.02
revision_dfm_kalman_em,exact,2022:Q1:pre_second:exact,2022-05-25,pre_second,2022:Q1,T,S,0.37364696034842443,0.0,0.06656368486751411,4.556292577521417,True,1,0.02
revision_dfm_kalman_em,exact,2022:Q1:pre_second:exact,2022-05-25,pre_second,2022:Q1,T,T,0.4967210247278594,0.0,0.06656368486751411,4.556292577521417,True,1,0.02
indicator_revision_only_dfm_kalman_em,pseudo,2022:Q1:pre_second:pseudo,2022-05-31,pre_second,2022:Q1,A,A,0.7580791579833082,0.0,0.06336357757151224,4.552077241723631,True,1,0.02
indicator_revision_only_dfm_kalman_em,pseudo,2022:Q1:pre_second:pseudo,2022-05-31,pre_second,2022:Q1,A,M,0.35315165183309705,0.0,0.06336357757151224,4.552077241723631,True,1,0.02
indicator_revision_only_dfm_kalman_em,pseudo,2022:Q1:pre_second:pseudo,2022-05-31,pre_second,2022:Q1,A,S,0.35315165183309705,0.0,0.06336357757151224,4.552077241723631,True,1,0.02
indicator_revision_only_dfm_kalman_em,pseudo,2022:Q1:pre_second:pseudo,2022-05-31,pre_second,2022:Q1,A,T,0.35315165183309705,0.0,0.06336357757151224,4.552077241723631,True,1,0.02
indicator_revision_only_dfm_kalman_em,pseudo,2022:Q1:pre_second:pseudo,2022-05-31,pre_second,2022:Q1,M,A,0.35315165183309705,0.0,0.06336357757151224,4.552077241723631,True,1,0.02
indicator_revision_only_dfm_kalman_em,pseudo,2022:Q1:pre_second:pseudo,2022-05-31,pre_second,2022:Q1,M,M,4.438805449293658,0.0,0.06336357757151224,4.552077241723631,True,1,0.02
indicator_revision_only_dfm_kalman_em,pseudo,2022:Q1:pre_second:pseudo,2022-05-31,pre_second,2022:Q1,M,S,0.35315165183309705,0.0,0.06336357757151224,4.552077241723631,True,1,0.02
indicator_revision_only_dfm_kalman_em,pseudo,2022:Q1:pre_second:pseudo,2022-05-31,pre_second,2022:Q1,M,T,0.35315165183309705,0.0,0.06336357757151224,4.552077241723631,True,1,0.02
indicator_revision_only_dfm_kalman_em,pseudo,2022:Q1:pre_second:pseudo,2022-05-31,pre_second,2022:Q1,S,A,0.35315165183309705,0.0,0.06336357757151224,4.552077241723631,True,1,0.02
indicator_revision_only_dfm_kalman_em,pseudo,2022:Q1:pre_second:pseudo,2022-05-31,pre_second,2022:Q1,S,M,0.35315165183309705,0.0,0.06336357757151224,4.552077241723631,True,1,0.02
indicator_revision_only_dfm_kalman_em,pseudo,2022:Q1:pre_second:pseudo,2022-05-31,pre_second,2022:Q1,S,S,0.3697423832070786,0.0,0.06336357757151224,4.552077241723631,True,1,0.02
indicator_revision_only_dfm_kalman_em,pseudo,2022:Q1:pre_second:pseudo,2022-05-31,pre_second,2022:Q1,S,T,0.35315165183309705,0.0,0.06336357757151224,4.552077241723631,True,1,0.02
indicator_revision_only_dfm_kalman_em,pseudo,2022:Q1:pre_second:pseudo,2022-05-31,pre_second,2022:Q1,T,A,0.35315165183309705,0.0,0.06336357757151224,4.552077241723631,True,1,0.02
indicator_revision_only_dfm_kalman_em,pseudo,2022:Q1:pre_second:pseudo,2022-05-31,pre_second,2022:Q1,T,M,0.35315165183309705,0.0,0.06336357757151224,4.552077241723631,True,1,0.02
indicator_revision_only_dfm_kalman_em,pseudo,2022:Q1:pre_second:pseudo,2022-05-31,pre_second,2022:Q1,T,S,0.35315165183309705,0.0,0.06336357757151224,4.552077241723631,True,1,0.02
indicator_revision_only_dfm_kalman_em,pseudo,2022:Q1:pre_second:pseudo,2022-05-31,pre_second,2022:Q1,T,T,0.4815687538125475,0.0,0.06336357757151224,4.552077241723631,True,1,0.02
joint_indicator_revision_dfm_full_kalman_em,pseudo,2022:Q1:pre_second:pseudo,2022-05-31,pre_second,2022:Q1,A,A,0.2559656727695991,2.7755575615628914e-17,0.0640224249461322,4.527720523296619,True,1,0.02
joint_indicator_revision_dfm_full_kalman_em,pseudo,2022:Q1:pre_second:pseudo,2022-05-31,pre_second,2022:Q1,A,M,0.13871161654995826,2.7755575615628914e-17,0.0640224249461322,4.527720523296619,True,1,0.02
joint_indicator_revision_dfm_full_kalman_em,pseudo,2022:Q1:pre_second:pseudo,2022-05-31,pre_second,2022:Q1,A,S,0.1379922233994855,2.7755575615628914e-17,0.0640224249461322,4.527720523296619,True,1,0.02
joint_indicator_revision_dfm_full_kalman_em,pseudo,2022:Q1:pre_second:pseudo,2022-05-31,pre_second,2022:Q1,A,T,0.13842385928976914,2.7755575615628914e-17,0.0640224249461322,4.527720523296619,True,1,0.02
joint_indicator_revision_dfm_full_kalman_em,pseudo,2022:Q1:pre_second:pseudo,2022-05-31,pre_second,2022:Q1,M,A,0.13871161654995826,2.7755575615628914e-17,0.0640224249461322,4.527720523296619,True,1,0.02
joint_indicator_revision_dfm_full_kalman_em,pseudo,2022:Q1:pre_second:pseudo,2022-05-31,pre_second,2022:Q1,M,M,4.454820787934899,2.7755575615628914e-17,0.0640224249461322,4.527720523296619,True,1,0.02
joint_indicator_revision_dfm_full_kalman_em,pseudo,2022:Q1:pre_second:pseudo,2022-05-31,pre_second,2022:Q1,M,S,0.35044933095798253,2.7755575615628914e-17,0.0640224249461322,4.527720523296619,True,1,0.02
joint_indicator_revision_dfm_full_kalman_em,pseudo,2022:Q1:pre_second:pseudo,2022-05-31,pre_second,2022:Q1,M,T,0.3571357850971833,2.7755575615628914e-17,0.0640224249461322,4.527720523296619,True,1,0.02
joint_indicator_revision_dfm_full_kalman_em,pseudo,2022:Q1:pre_second:pseudo,2022-05-31,pre_second,2022:Q1,S,A,0.1379922233994855,2.7755575615628914e-17,0.0640224249461322,4.527720523296619,True,1,0.02
joint_indicator_revision_dfm_full_kalman_em,pseudo,2022:Q1:pre_second:pseudo,2022-05-31,pre_second,2022:Q1,S,M,0.35044933095798253,2.7755575615628914e-17,0.0640224249461322,4.527720523296619,True,1,0.02
joint_indicator_revision_dfm_full_kalman_em,pseudo,2022:Q1:pre_second:pseudo,2022-05-31,pre_second,2022:Q1,S,S,0.35971326393405034,2.7755575615628914e-17,0.0640224249461322,4.527720523296619,True,1,0.02
joint_indicator_revision_dfm_full_kalman_em,pseudo,2022:Q1:pre_second:pseudo,2022-05-31,pre_second,2022:Q1,S,T,0.3462001888068126,2.7755575615628914e-17,0.0640224249461322,4.527720523296619,True,1,0.02
joint_indicator_revision_dfm_full_kalman_em,pseudo,2022:Q1:pre_second:pseudo,2022-05-31,pre_second,2022:Q1,T,A,0.1384238592897691,2.7755575615628914e-17,0.0640224249461322,4.527720523296619,True,1,0.02
joint_indicator_revision_dfm_full_kalman_em,pseudo,2022:Q1:pre_second:pseudo,2022-05-31,pre_second,2022:Q1,T,M,0.3571357850971833,2.7755575615628914e-17,0.0640224249461322,4.527720523296619,True,1,0.02
joint_indicator_revision_dfm_full_kalman_em,pseudo,2022:Q1:pre_second:pseudo,2022-05-31,pre_second,2022:Q1,T,S,0.3462001888068126,2.7755575615628914e-17,0.0640224249461322,4.527720523296619,True,1,0.02
joint_indicator_revision_dfm_full_kalman_em,pseudo,2022:Q1:pre_second:pseudo,2022-05-31,pre_second,2022:Q1,T,T,0.47439600946355986,2.7755575615628914e-17,0.0640224249461322,4.527720523296619,True,1,0.02
monthly_mixed_frequency_kalman_em,pseudo,2022:Q1:pre_second:pseudo,2022-05-31,pre_second,2022:Q1,A,A,0.45126010839216624,0.0,0.0589981000062372,4.932061370993068,True,1,0.02
monthly_mixed_frequency_kalman_em,pseudo,2022:Q1:pre_second:pseudo,2022-05-31,pre_second,2022:Q1,A,M,0.21525089075177087,0.0,0.0589981000062372,4.932061370993068,True,1,0.02
monthly_mixed_frequency_kalman_em,pseudo,2022:Q1:pre_second:pseudo,2022-05-31,pre_second,2022:Q1,A,S,0.2176995315208373,0.0,0.0589981000062372,4.932061370993068,True,1,0.02
monthly_mixed_frequency_kalman_em,pseudo,2022:Q1:pre_second:pseudo,2022-05-31,pre_second,2022:Q1,A,T,0.21636390928316476,0.0,0.0589981000062372,4.932061370993068,True,1,0.02
monthly_mixed_frequency_kalman_em,pseudo,2022:Q1:pre_second:pseudo,2022-05-31,pre_second,2022:Q1,M,A,0.21525089075177087,0.0,0.0589981000062372,4.932061370993068,True,1,0.02
monthly_mixed_frequency_kalman_em,pseudo,2022:Q1:pre_second:pseudo,2022-05-31,pre_second,2022:Q1,M,M,4.792694143743454,0.0,0.0589981000062372,4.932061370993068,True,1,0.02
monthly_mixed_frequency_kalman_em,pseudo,2022:Q1:pre_second:pseudo,2022-05-31,pre_second,2022:Q1,M,S,0.42710315563884443,0.0,0.0589981000062372,4.932061370993068,True,1,0.02
monthly_mixed_frequency_kalman_em,pseudo,2022:Q1:pre_second:pseudo,2022-05-31,pre_second,2022:Q1,M,T,0.5683379988968935,0.0,0.0589981000062372,4.932061370993068,True,1,0.02
monthly_mixed_frequency_kalman_em,pseudo,2022:Q1:pre_second:pseudo,2022-05-31,pre_second,2022:Q1,S,A,0.2176995315208373,0.0,0.0589981000062372,4.932061370993068,True,1,0.02
monthly_mixed_frequency_kalman_em,pseudo,2022:Q1:pre_second:pseudo,2022-05-31,pre_second,2022:Q1,S,M,0.42710315563884443,0.0,0.0589981000062372,4.932061370993068,True,1,0.02
monthly_mixed_frequency_kalman_em,pseudo,2022:Q1:pre_second:pseudo,2022-05-31,pre_second,2022:Q1,S,S,0.36274099998932463,0.0,0.0589981000062372,4.932061370993068,True,1,0.02
monthly_mixed_frequency_kalman_em,pseudo,2022:Q1:pre_second:pseudo,2022-05-31,pre_second,2022:Q1,S,T,0.3747522496093427,0.0,0.0589981000062372,4.932061370993068,True,1,0.02
monthly_mixed_frequency_kalman_em,pseudo,2022:Q1:pre_second:pseudo,2022-05-31,pre_second,2022:Q1,T,A,0.21636390928316476,0.0,0.0589981000062372,4.932061370993068,True,1,0.02
monthly_mixed_frequency_kalman_em,pseudo,2022:Q1:pre_second:pseudo,2022-05-31,pre_second,2022:Q1,T,M,0.5683379988968935,0.0,0.0589981000062372,4.932061370993068,True,1,0.02
monthly_mixed_frequency_kalman_em,pseudo,2022:Q1:pre_second:pseudo,2022-05-31,pre_second,2022:Q1,T,S,0.3747522496093427,0.0,0.0589981000062372,4.932061370993068,True,1,0.02
monthly_mixed_frequency_kalman_em,pseudo,2022:Q1:pre_second:pseudo,2022-05-31,pre_second,2022:Q1,T,T,0.5330187304760466,0.0,0.0589981000062372,4.932061370993068,True,1,0.02
revision_dfm_kalman_em,pseudo,2022:Q1:pre_second:pseudo,2022-05-31,pre_second,2022:Q1,A,A,0.29059083020672744,0.0,0.06656380839969414,4.556344906314191,True,1,0.02
revision_dfm_kalman_em,pseudo,2022:Q1:pre_second:pseudo,2022-05-31,pre_second,2022:Q1,A,M,0.15530724420795544,0.0,0.06656380839969414,4.556344906314191,True,1,0.02
revision_dfm_kalman_em,pseudo,2022:Q1:pre_second:pseudo,2022-05-31,pre_second,2022:Q1,A,S,0.1546290745225646,0.0,0.06656380839969414,4.556344906314191,True,1,0.02
revision_dfm_kalman_em,pseudo,2022:Q1:pre_second:pseudo,2022-05-31,pre_second,2022:Q1,A,T,0.15503597633379912,0.0,0.06656380839969414,4.556344906314191,True,1,0.02
revision_dfm_kalman_em,pseudo,2022:Q1:pre_second:pseudo,2022-05-31,pre_second,2022:Q1,M,A,0.15530724420795544,0.0,0.06656380839969414,4.556344906314191,True,1,0.02
revision_dfm_kalman_em,pseudo,2022:Q1:pre_second:pseudo,2022-05-31,pre_second,2022:Q1,M,M,4.470139608714072,0.0,0.06656380839969414,4.556344906314191,True,1,0.02
revision_dfm_kalman_em,pseudo,2022:Q1:pre_second:pseudo,2022-05-31,pre_second,2022:Q1,M,S,0.37814783915051275,0.0,0.06656380839969414,4.556344906314191,True,1,0.02
revision_dfm_kalman_em,pseudo,2022:Q1:pre_second:pseudo,2022-05-31,pre_second,2022:Q1,M,T,0.3851849105697514,0.0,0.06656380839969414,4.556344906314191,True,1,0.02
revision_dfm_kalman_em,pseudo,2022:Q1:pre_second:pseudo,2022-05-31,pre_second,2022:Q1,S,A,0.1546290745225646,0.0,0.06656380839969414,4.556344906314191,True,1,0.02
revision_dfm_kalman_em,pseudo,2022:Q1:pre_second:pseudo,2022-05-31,pre_second,2022:Q1,S,M,0.37814783915051275,0.0,0.06656380839969414,4.556344906314191,True,1,0.02
revision_dfm_kalman_em,pseudo,2022:Q1:pre_second:pseudo,2022-05-31,pre_second,2022:Q1,S,S,0.39394958488019033,0.0,0.06656380839969414,4.556344906314191,True,1,0.02
revision_dfm_kalman_em,pseudo,2022:Q1:pre_second:pseudo,2022-05-31,pre_second,2022:Q1,S,T,0.3736774638579538,0.0,0.06656380839969414,4.556344906314191,True,1,0.02
revision_dfm_kalman_em,pseudo,2022:Q1:pre_second:pseudo,2022-05-31,pre_second,2022:Q1,T,A,0.15503597633379912,0.0,0.06656380839969414,4.556344906314191,True,1,0.02
revision_dfm_kalman_em,pseudo,2022:Q1:pre_second:pseudo,2022-05-31,pre_second,2022:Q1,T,M,0.3851849105697514,0.0,0.06656380839969414,4.556344906314191,True,1,0.02
revision_dfm_kalman_em,pseudo,2022:Q1:pre_second:pseudo,2022-05-31,pre_second,2022:Q1,T,S,0.3736774638579538,0.0,0.06656380839969414,4.556344906314191,True,1,0.02
revision_dfm_kalman_em,pseudo,2022:Q1:pre_second:pseudo,2022-05-31,pre_second,2022:Q1,T,T,0.49675210000647657,0.0,0.06656380839969414,4.556344906314191,True,1,0.02
indicator_revision_only_dfm_kalman_em,exact,2022:Q1:pre_third:exact,2022-06-28,pre_third,2022:Q1,A,A,0.4158339516758425,0.0,0.03084803093151489,4.101098485217645,True,1,0.02
indicator_revision_only_dfm_kalman_em,exact,2022:Q1:pre_third:exact,2022-06-28,pre_third,2022:Q1,A,M,0.01649731508193853,0.0,0.03084803093151489,4.101098485217645,True,1,0.02
indicator_revision_only_dfm_kalman_em,exact,2022:Q1:pre_third:exact,2022-06-28,pre_third,2022:Q1,A,S,0.01649731508193853,0.0,0.03084803093151489,4.101098485217645,True,1,0.02
indicator_revision_only_dfm_kalman_em,exact,2022:Q1:pre_third:exact,2022-06-28,pre_third,2022:Q1,A,T,0.01649731508193853,0.0,0.03084803093151489,4.101098485217645,True,1,0.02
indicator_revision_only_dfm_kalman_em,exact,2022:Q1:pre_third:exact,2022-06-28,pre_third,2022:Q1,M,A,0.01649731508193853,0.0,0.03084803093151489,4.101098485217645,True,1,0.02
indicator_revision_only_dfm_kalman_em,exact,2022:Q1:pre_third:exact,2022-06-28,pre_third,2022:Q1,M,M,4.1008871463048155,0.0,0.03084803093151489,4.101098485217645,True,1,0.02
indicator_revision_only_dfm_kalman_em,exact,2022:Q1:pre_third:exact,2022-06-28,pre_third,2022:Q1,M,S,0.01649731508193853,0.0,0.03084803093151489,4.101098485217645,True,1,0.02
indicator_revision_only_dfm_kalman_em,exact,2022:Q1:pre_third:exact,2022-06-28,pre_third,2022:Q1,M,T,0.01649731508193853,0.0,0.03084803093151489,4.101098485217645,True,1,0.02
indicator_revision_only_dfm_kalman_em,exact,2022:Q1:pre_third:exact,2022-06-28,pre_third,2022:Q1,S,A,0.01649731508193853,0.0,0.03084803093151489,4.101098485217645,True,1,0.02
indicator_revision_only_dfm_kalman_em,exact,2022:Q1:pre_third:exact,2022-06-28,pre_third,2022:Q1,S,M,0.01649731508193853,0.0,0.03084803093151489,4.101098485217645,True,1,0.02
indicator_revision_only_dfm_kalman_em,exact,2022:Q1:pre_third:exact,2022-06-28,pre_third,2022:Q1,S,S,0.033809956738219044,0.0,0.03084803093151489,4.101098485217645,True,1,0.02
indicator_revision_only_dfm_kalman_em,exact,2022:Q1:pre_third:exact,2022-06-28,pre_third,2022:Q1,S,T,0.01649731508193853,0.0,0.03084803093151489,4.101098485217645,True,1,0.02
indicator_revision_only_dfm_kalman_em,exact,2022:Q1:pre_third:exact,2022-06-28,pre_third,2022:Q1,T,A,0.01649731508193853,0.0,0.03084803093151489,4.101098485217645,True,1,0.02
indicator_revision_only_dfm_kalman_em,exact,2022:Q1:pre_third:exact,2022-06-28,pre_third,2022:Q1,T,M,0.01649731508193853,0.0,0.03084803093151489,4.101098485217645,True,1,0.02
indicator_revision_only_dfm_kalman_em,exact,2022:Q1:pre_third:exact,2022-06-28,pre_third,2022:Q1,T,S,0.01649731508193853,0.0,0.03084803093151489,4.101098485217645,True,1,0.02
indicator_revision_only_dfm_kalman_em,exact,2022:Q1:pre_third:exact,2022-06-28,pre_third,2022:Q1,T,T,0.14439511260686225,0.0,0.03084803093151489,4.101098485217645,True,1,0.02
joint_indicator_revision_dfm_full_kalman_em,exact,2022:Q1:pre_third:exact,2022-06-28,pre_third,2022:Q1,A,A,0.19871548667696354,3.469446951953614e-18,0.03605514412644992,4.113813902510251,True,1,0.02
joint_indicator_revision_dfm_full_kalman_em,exact,2022:Q1:pre_third:exact,2022-06-28,pre_third,2022:Q1,A,M,0.004551428541085911,3.469446951953614e-18,0.03605514412644992,4.113813902510251,True,1,0.02
joint_indicator_revision_dfm_full_kalman_em,exact,2022:Q1:pre_third:exact,2022-06-28,pre_third,2022:Q1,A,S,0.007826697765982063,3.469446951953614e-18,0.03605514412644992,4.113813902510251,True,1,0.02
joint_indicator_revision_dfm_full_kalman_em,exact,2022:Q1:pre_third:exact,2022-06-28,pre_third,2022:Q1,A,T,0.0058615362310443725,3.469446951953614e-18,0.03605514412644992,4.113813902510251,True,1,0.02
joint_indicator_revision_dfm_full_kalman_em,exact,2022:Q1:pre_third:exact,2022-06-28,pre_third,2022:Q1,M,A,0.004551428541085911,3.469446951953614e-18,0.03605514412644992,4.113813902510251,True,1,0.02
joint_indicator_revision_dfm_full_kalman_em,exact,2022:Q1:pre_third:exact,2022-06-28,pre_third,2022:Q1,M,M,4.1136017295702585,3.469446951953614e-18,0.03605514412644992,4.113813902510251,True,1,0.02
joint_indicator_revision_dfm_full_kalman_em,exact,2022:Q1:pre_third:exact,2022-06-28,pre_third,2022:Q1,M,S,0.020090039023155926,3.469446951953614e-18,0.03605514412644992,4.113813902510251,True,1,0.02
joint_indicator_revision_dfm_full_kalman_em,exact,2022:Q1:pre_third:exact,2022-06-28,pre_third,2022:Q1,M,T,0.02058073198574761,3.469446951953614e-18,0.03605514412644992,4.113813902510251,True,1,0.02
joint_indicator_revision_dfm_full_kalman_em,exact,2022:Q1:pre_third:exact,2022-06-28,pre_third,2022:Q1,S,A,0.007826697765982065,3.469446951953614e-18,0.03605514412644992,4.113813902510251,True,1,0.02
joint_indicator_revision_dfm_full_kalman_em,exact,2022:Q1:pre_third:exact,2022-06-28,pre_third,2022:Q1,S,M,0.020090039023155926,3.469446951953614e-18,0.03605514412644992,4.113813902510251,True,1,0.02
joint_indicator_revision_dfm_full_kalman_em,exact,2022:Q1:pre_third:exact,2022-06-28,pre_third,2022:Q1,S,S,0.040140795581481134,3.469446951953614e-18,0.03605514412644992,4.113813902510251,True,1,0.02
joint_indicator_revision_dfm_full_kalman_em,exact,2022:Q1:pre_third:exact,2022-06-28,pre_third,2022:Q1,S,T,0.01984477219801245,3.469446951953614e-18,0.03605514412644992,4.113813902510251,True,1,0.02
joint_indicator_revision_dfm_full_kalman_em,exact,2022:Q1:pre_third:exact,2022-06-28,pre_third,2022:Q1,T,A,0.0058615362310443725,3.469446951953614e-18,0.03605514412644992,4.113813902510251,True,1,0.02
joint_indicator_revision_dfm_full_kalman_em,exact,2022:Q1:pre_third:exact,2022-06-28,pre_third,2022:Q1,T,M,0.02058073198574761,3.469446951953614e-18,0.03605514412644992,4.113813902510251,True,1,0.02
joint_indicator_revision_dfm_full_kalman_em,exact,2022:Q1:pre_third:exact,2022-06-28,pre_third,2022:Q1,T,S,0.019844772198012447,3.469446951953614e-18,0.03605514412644992,4.113813902510251,True,1,0.02
joint_indicator_revision_dfm_full_kalman_em,exact,2022:Q1:pre_third:exact,2022-06-28,pre_third,2022:Q1,T,T,0.1412398308918675,3.469446951953614e-18,0.03605514412644992,4.113813902510251,True,1,0.02
monthly_mixed_frequency_kalman_em,exact,2022:Q1:pre_third:exact,2022-06-28,pre_third,2022:Q1,A,A,0.3145658151381027,0.0,0.058438976592418604,4.302699992478463,True,1,0.02
monthly_mixed_frequency_kalman_em,exact,2022:Q1:pre_third:exact,2022-06-28,pre_third,2022:Q1,A,M,-0.039943094789364836,0.0,0.058438976592418604,4.302699992478463,True,1,0.02
monthly_mixed_frequency_kalman_em,exact,2022:Q1:pre_third:exact,2022-06-28,pre_third,2022:Q1,A,S,0.030644955221336354,0.0,0.058438976592418604,4.302699992478463,True,1,0.02
monthly_mixed_frequency_kalman_em,exact,2022:Q1:pre_third:exact,2022-06-28,pre_third,2022:Q1,A,T,-0.00785761751177338,0.0,0.058438976592418604,4.302699992478463,True,1,0.02
monthly_mixed_frequency_kalman_em,exact,2022:Q1:pre_third:exact,2022-06-28,pre_third,2022:Q1,M,A,-0.039943094789364836,0.0,0.058438976592418604,4.302699992478463,True,1,0.02
monthly_mixed_frequency_kalman_em,exact,2022:Q1:pre_third:exact,2022-06-28,pre_third,2022:Q1,M,M,4.297390457109615,0.0,0.058438976592418604,4.302699992478463,True,1,0.02
monthly_mixed_frequency_kalman_em,exact,2022:Q1:pre_third:exact,2022-06-28,pre_third,2022:Q1,M,S,0.06115555537634216,0.0,0.058438976592418604,4.302699992478463,True,1,0.02
monthly_mixed_frequency_kalman_em,exact,2022:Q1:pre_third:exact,2022-06-28,pre_third,2022:Q1,M,T,0.12855465548681352,0.0,0.058438976592418604,4.302699992478463,True,1,0.02
monthly_mixed_frequency_kalman_em,exact,2022:Q1:pre_third:exact,2022-06-28,pre_third,2022:Q1,S,A,0.030644955221336354,0.0,0.058438976592418604,4.302699992478463,True,1,0.02
monthly_mixed_frequency_kalman_em,exact,2022:Q1:pre_third:exact,2022-06-28,pre_third,2022:Q1,S,M,0.06115555537634216,0.0,0.058438976592418604,4.302699992478463,True,1,0.02
monthly_mixed_frequency_kalman_em,exact,2022:Q1:pre_third:exact,2022-06-28,pre_third,2022:Q1,S,S,0.09618320387502267,0.0,0.058438976592418604,4.302699992478463,True,1,0.02
monthly_mixed_frequency_kalman_em,exact,2022:Q1:pre_third:exact,2022-06-28,pre_third,2022:Q1,S,T,0.05352790533759072,0.0,0.058438976592418604,4.302699992478463,True,1,0.02
monthly_mixed_frequency_kalman_em,exact,2022:Q1:pre_third:exact,2022-06-28,pre_third,2022:Q1,T,A,-0.00785761751177338,0.0,0.058438976592418604,4.302699992478463,True,1,0.02
monthly_mixed_frequency_kalman_em,exact,2022:Q1:pre_third:exact,2022-06-28,pre_third,2022:Q1,T,M,0.12855465548681352,0.0,0.058438976592418604,4.302699992478463,True,1,0.02
monthly_mixed_frequency_kalman_em,exact,2022:Q1:pre_third:exact,2022-06-28,pre_third,2022:Q1,T,S,0.05352790533759072,0.0,0.058438976592418604,4.302699992478463,True,1,0.02
monthly_mixed_frequency_kalman_em,exact,2022:Q1:pre_third:exact,2022-06-28,pre_third,2022:Q1,T,T,0.14585643601771192,0.0,0.058438976592418604,4.302699992478463,True,1,0.02
revision_dfm_kalman_em,exact,2022:Q1:pre_third:exact,2022-06-28,pre_third,2022:Q1,A,A,0.22914664713584895,1.734723475976807e-18,0.04586610235943824,4.107169452276348,True,1,0.02
revision_dfm_kalman_em,exact,2022:Q1:pre_third:exact,2022-06-28,pre_third,2022:Q1,A,M,0.007126732298868944,1.734723475976807e-18,0.04586610235943824,4.107169452276348,True,1,0.02
revision_dfm_kalman_em,exact,2022:Q1:pre_third:exact,2022-06-28,pre_third,2022:Q1,A,S,0.01081286483148334,1.734723475976807e-18,0.04586610235943824,4.107169452276348,True,1,0.02
revision_dfm_kalman_em,exact,2022:Q1:pre_third:exact,2022-06-28,pre_third,2022:Q1,A,T,0.008601185311914703,1.734723475976807e-18,0.04586610235943824,4.107169452276348,True,1,0.02
revision_dfm_kalman_em,exact,2022:Q1:pre_third:exact,2022-06-28,pre_third,2022:Q1,M,A,0.007126732298868944,1.734723475976807e-18,0.04586610235943824,4.107169452276348,True,1,0.02
revision_dfm_kalman_em,exact,2022:Q1:pre_third:exact,2022-06-28,pre_third,2022:Q1,M,M,4.106793361125299,1.734723475976807e-18,0.04586610235943824,4.107169452276348,True,1,0.02
revision_dfm_kalman_em,exact,2022:Q1:pre_third:exact,2022-06-28,pre_third,2022:Q1,M,S,0.026555389087889562,1.734723475976807e-18,0.04586610235943824,4.107169452276348,True,1,0.02
revision_dfm_kalman_em,exact,2022:Q1:pre_third:exact,2022-06-28,pre_third,2022:Q1,M,T,0.027168925618069162,1.734723475976807e-18,0.04586610235943824,4.107169452276348,True,1,0.02
revision_dfm_kalman_em,exact,2022:Q1:pre_third:exact,2022-06-28,pre_third,2022:Q1,S,A,0.01081286483148334,1.734723475976807e-18,0.04586610235943824,4.107169452276348,True,1,0.02
revision_dfm_kalman_em,exact,2022:Q1:pre_third:exact,2022-06-28,pre_third,2022:Q1,S,M,0.026555389087889562,1.734723475976807e-18,0.04586610235943824,4.107169452276348,True,1,0.02
revision_dfm_kalman_em,exact,2022:Q1:pre_third:exact,2022-06-28,pre_third,2022:Q1,S,S,0.05348368871929947,1.734723475976807e-18,0.04586610235943824,4.107169452276348,True,1,0.02
revision_dfm_kalman_em,exact,2022:Q1:pre_third:exact,2022-06-28,pre_third,2022:Q1,S,T,0.02624053860276144,1.734723475976807e-18,0.04586610235943824,4.107169452276348,True,1,0.02
revision_dfm_kalman_em,exact,2022:Q1:pre_third:exact,2022-06-28,pre_third,2022:Q1,T,A,0.008601185311914705,1.734723475976807e-18,0.04586610235943824,4.107169452276348,True,1,0.02
revision_dfm_kalman_em,exact,2022:Q1:pre_third:exact,2022-06-28,pre_third,2022:Q1,T,M,0.027168925618069162,1.734723475976807e-18,0.04586610235943824,4.107169452276348,True,1,0.02
revision_dfm_kalman_em,exact,2022:Q1:pre_third:exact,2022-06-28,pre_third,2022:Q1,T,S,0.02624053860276144,1.734723475976807e-18,0.04586610235943824,4.107169452276348,True,1,0.02
revision_dfm_kalman_em,exact,2022:Q1:pre_third:exact,2022-06-28,pre_third,2022:Q1,T,T,0.14236390279218725,1.734723475976807e-18,0.04586610235943824,4.107169452276348,True,1,0.02
indicator_revision_only_dfm_kalman_em,pseudo,2022:Q1:pre_third:pseudo,2022-06-30,pre_third,2022:Q1,A,A,0.41583395596210315,0.0,0.030848020919402364,4.101098462318255,True,1,0.02
indicator_revision_only_dfm_kalman_em,pseudo,2022:Q1:pre_third:pseudo,2022-06-30,pre_third,2022:Q1,A,M,0.016497308864735404,0.0,0.030848020919402364,4.101098462318255,True,1,0.02
indicator_revision_only_dfm_kalman_em,pseudo,2022:Q1:pre_third:pseudo,2022-06-30,pre_third,2022:Q1,A,S,0.016497308864735404,0.0,0.030848020919402364,4.101098462318255,True,1,0.02
indicator_revision_only_dfm_kalman_em,pseudo,2022:Q1:pre_third:pseudo,2022-06-30,pre_third,2022:Q1,A,T,0.016497308864735404,0.0,0.030848020919402364,4.101098462318255,True,1,0.02
indicator_revision_only_dfm_kalman_em,pseudo,2022:Q1:pre_third:pseudo,2022-06-30,pre_third,2022:Q1,M,A,0.016497308864735404,0.0,0.030848020919402364,4.101098462318255,True,1,0.02
indicator_revision_only_dfm_kalman_em,pseudo,2022:Q1:pre_third:pseudo,2022-06-30,pre_third,2022:Q1,M,M,4.100887123564318,0.0,0.030848020919402364,4.101098462318255,True,1,0.02
indicator_revision_only_dfm_kalman_em,pseudo,2022:Q1:pre_third:pseudo,2022-06-30,pre_third,2022:Q1,M,S,0.016497308864735404,0.0,0.030848020919402364,4.101098462318255,True,1,0.02
indicator_revision_only_dfm_kalman_em,pseudo,2022:Q1:pre_third:pseudo,2022-06-30,pre_third,2022:Q1,M,T,0.016497308864735404,0.0,0.030848020919402364,4.101098462318255,True,1,0.02
indicator_revision_only_dfm_kalman_em,pseudo,2022:Q1:pre_third:pseudo,2022-06-30,pre_third,2022:Q1,S,A,0.016497308864735404,0.0,0.030848020919402364,4.101098462318255,True,1,0.02
indicator_revision_only_dfm_kalman_em,pseudo,2022:Q1:pre_third:pseudo,2022-06-30,pre_third,2022:Q1,S,M,0.016497308864735404,0.0,0.030848020919402364,4.101098462318255,True,1,0.02
indicator_revision_only_dfm_kalman_em,pseudo,2022:Q1:pre_third:pseudo,2022-06-30,pre_third,2022:Q1,S,S,0.033809944413116536,0.0,0.030848020919402364,4.101098462318255,True,1,0.02
indicator_revision_only_dfm_kalman_em,pseudo,2022:Q1:pre_third:pseudo,2022-06-30,pre_third,2022:Q1,S,T,0.016497308864735404,0.0,0.030848020919402364,4.101098462318255,True,1,0.02
indicator_revision_only_dfm_kalman_em,pseudo,2022:Q1:pre_third:pseudo,2022-06-30,pre_third,2022:Q1,T,A,0.016497308864735404,0.0,0.030848020919402364,4.101098462318255,True,1,0.02
indicator_revision_only_dfm_kalman_em,pseudo,2022:Q1:pre_third:pseudo,2022-06-30,pre_third,2022:Q1,T,M,0.016497308864735404,0.0,0.030848020919402364,4.101098462318255,True,1,0.02
indicator_revision_only_dfm_kalman_em,pseudo,2022:Q1:pre_third:pseudo,2022-06-30,pre_third,2022:Q1,T,S,0.016497308864735404,0.0,0.030848020919402364,4.101098462318255,True,1,0.02
indicator_revision_only_dfm_kalman_em,pseudo,2022:Q1:pre_third:pseudo,2022-06-30,pre_third,2022:Q1,T,T,0.14439510940071007,0.0,0.030848020919402364,4.101098462318255,True,1,0.02
joint_indicator_revision_dfm_full_kalman_em,pseudo,2022:Q1:pre_third:pseudo,2022-06-30,pre_third,2022:Q1,A,A,0.19871777190367643,1.734723475976807e-18,0.03605518132114955,4.113813819678393,True,1,0.02
joint_indicator_revision_dfm_full_kalman_em,pseudo,2022:Q1:pre_third:pseudo,2022-06-30,pre_third,2022:Q1,A,M,0.00455152938164416,1.734723475976807e-18,0.03605518132114955,4.113813819678393,True,1,0.02
joint_indicator_revision_dfm_full_kalman_em,pseudo,2022:Q1:pre_third:pseudo,2022-06-30,pre_third,2022:Q1,A,S,0.007826809144633294,1.734723475976807e-18,0.03605518132114955,4.113813819678393,True,1,0.02
joint_indicator_revision_dfm_full_kalman_em,pseudo,2022:Q1:pre_third:pseudo,2022-06-30,pre_third,2022:Q1,A,T,0.005861641286839814,1.734723475976807e-18,0.03605518132114955,4.113813819678393,True,1,0.02
joint_indicator_revision_dfm_full_kalman_em,pseudo,2022:Q1:pre_third:pseudo,2022-06-30,pre_third,2022:Q1,M,A,0.00455152938164416,1.734723475976807e-18,0.03605518132114955,4.113813819678393,True,1,0.02
joint_indicator_revision_dfm_full_kalman_em,pseudo,2022:Q1:pre_third:pseudo,2022-06-30,pre_third,2022:Q1,M,M,4.113601646114603,1.734723475976807e-18,0.03605518132114955,4.113813819678393,True,1,0.02
joint_indicator_revision_dfm_full_kalman_em,pseudo,2022:Q1:pre_third:pseudo,2022-06-30,pre_third,2022:Q1,M,S,0.0200900586724406,1.734723475976807e-18,0.03605518132114955,4.113813819678393,True,1,0.02
joint_indicator_revision_dfm_full_kalman_em,pseudo,2022:Q1:pre_third:pseudo,2022-06-30,pre_third,2022:Q1,M,T,0.02058074907109733,1.734723475976807e-18,0.03605518132114955,4.113813819678393,True,1,0.02
joint_indicator_revision_dfm_full_kalman_em,pseudo,2022:Q1:pre_third:pseudo,2022-06-30,pre_third,2022:Q1,S,A,0.007826809144633292,1.734723475976807e-18,0.03605518132114955,4.113813819678393,True,1,0.02
joint_indicator_revision_dfm_full_kalman_em,pseudo,2022:Q1:pre_third:pseudo,2022-06-30,pre_third,2022:Q1,S,M,0.0200900586724406,1.734723475976807e-18,0.03605518132114955,4.113813819678393,True,1,0.02
joint_indicator_revision_dfm_full_kalman_em,pseudo,2022:Q1:pre_third:pseudo,2022-06-30,pre_third,2022:Q1,S,S,0.040140845346374486,1.734723475976807e-18,0.03605518132114955,4.113813819678393,True,1,0.02
joint_indicator_revision_dfm_full_kalman_em,pseudo,2022:Q1:pre_third:pseudo,2022-06-30,pre_third,2022:Q1,S,T,0.019844793681884455,1.734723475976807e-18,0.03605518132114955,4.113813819678393,True,1,0.02
joint_indicator_revision_dfm_full_kalman_em,pseudo,2022:Q1:pre_third:pseudo,2022-06-30,pre_third,2022:Q1,T,A,0.005861641286839813,1.734723475976807e-18,0.03605518132114955,4.113813819678393,True,1,0.02
joint_indicator_revision_dfm_full_kalman_em,pseudo,2022:Q1:pre_third:pseudo,2022-06-30,pre_third,2022:Q1,T,M,0.02058074907109733,1.734723475976807e-18,0.03605518132114955,4.113813819678393,True,1,0.02
joint_indicator_revision_dfm_full_kalman_em,pseudo,2022:Q1:pre_third:pseudo,2022-06-30,pre_third,2022:Q1,T,S,0.019844793681884455,1.734723475976807e-18,0.03605518132114955,4.113813819678393,True,1,0.02
joint_indicator_revision_dfm_full_kalman_em,pseudo,2022:Q1:pre_third:pseudo,2022-06-30,pre_third,2022:Q1,T,T,0.1412398465493458,1.734723475976807e-18,0.03605518132114955,4.113813819678393,True,1,0.02
monthly_mixed_frequency_kalman_em,pseudo,2022:Q1:pre_third:pseudo,2022-06-30,pre_third,2022:Q1,A,A,0.31456341445152036,0.0,0.05843913860877173,4.3027010064302935,True,1,0.02
monthly_mixed_frequency_kalman_em,pseudo,2022:Q1:pre_third:pseudo,2022-06-30,pre_third,2022:Q1,A,M,-0.039943084100187716,0.0,0.05843913860877173,4.3027010064302935,True,1,0.02
monthly_mixed_frequency_kalman_em,pseudo,2022:Q1:pre_third:pseudo,2022-06-30,pre_third,2022:Q1,A,S,0.030644873445386786,0.0,0.05843913860877173,4.3027010064302935,True,1,0.02
monthly_mixed_frequency_kalman_em,pseudo,2022:Q1:pre_third:pseudo,2022-06-30,pre_third,2022:Q1,A,T,-0.007857648852199304,0.0,0.05843913860877173,4.3027010064302935,True,1,0.02
monthly_mixed_frequency_kalman_em,pseudo,2022:Q1:pre_third:pseudo,2022-06-30,pre_third,2022:Q1,M,A,-0.039943084100187716,0.0,0.05843913860877173,4.3027010064302935,True,1,0.02
monthly_mixed_frequency_kalman_em,pseudo,2022:Q1:pre_third:pseudo,2022-06-30,pre_third,2022:Q1,M,M,4.297391420753654,0.0,0.05843913860877173,4.3027010064302935,True,1,0.02
monthly_mixed_frequency_kalman_em,pseudo,2022:Q1:pre_third:pseudo,2022-06-30,pre_third,2022:Q1,M,S,0.06115594138254348,0.0,0.05843913860877173,4.3027010064302935,True,1,0.02
monthly_mixed_frequency_kalman_em,pseudo,2022:Q1:pre_third:pseudo,2022-06-30,pre_third,2022:Q1,M,T,0.1285552917043643,0.0,0.05843913860877173,4.3027010064302935,True,1,0.02
monthly_mixed_frequency_kalman_em,pseudo,2022:Q1:pre_third:pseudo,2022-06-30,pre_third,2022:Q1,S,A,0.030644873445386786,0.0,0.05843913860877173,4.3027010064302935,True,1,0.02
monthly_mixed_frequency_kalman_em,pseudo,2022:Q1:pre_third:pseudo,2022-06-30,pre_third,2022:Q1,S,M,0.06115594138254348,0.0,0.05843913860877173,4.3027010064302935,True,1,0.02
monthly_mixed_frequency_kalman_em,pseudo,2022:Q1:pre_third:pseudo,2022-06-30,pre_third,2022:Q1,S,S,0.09618355394803843,0.0,0.05843913860877173,4.3027010064302935,True,1,0.02
monthly_mixed_frequency_kalman_em,pseudo,2022:Q1:pre_third:pseudo,2022-06-30,pre_third,2022:Q1,S,T,0.053528174398254316,0.0,0.05843913860877173,4.3027010064302935,True,1,0.02
monthly_mixed_frequency_kalman_em,pseudo,2022:Q1:pre_third:pseudo,2022-06-30,pre_third,2022:Q1,T,A,-0.007857648852199304,0.0,0.05843913860877173,4.3027010064302935,True,1,0.02
monthly_mixed_frequency_kalman_em,pseudo,2022:Q1:pre_third:pseudo,2022-06-30,pre_third,2022:Q1,T,M,0.1285552917043643,0.0,0.05843913860877173,4.3027010064302935,True,1,0.02
monthly_mixed_frequency_kalman_em,pseudo,2022:Q1:pre_third:pseudo,2022-06-30,pre_third,2022:Q1,T,S,0.053528174398254316,0.0,0.05843913860877173,4.3027010064302935,True,1,0.02
monthly_mixed_frequency_kalman_em,pseudo,2022:Q1:pre_third:pseudo,2022-06-30,pre_third,2022:Q1,T,T,0.14585705913390706,0.0,0.05843913860877173,4.3027010064302935,True,1,0.02
revision_dfm_kalman_em,pseudo,2022:Q1:pre_third:pseudo,2022-06-30,pre_third,2022:Q1,A,A,0.22914454758424965,1.734723475976807e-18,0.04586610148752741,4.107169776338687,True,1,0.02
revision_dfm_kalman_em,pseudo,2022:Q1:pre_third:pseudo,2022-06-30,pre_third,2022:Q1,A,M,0.007126561470350137,1.734723475976807e-18,0.04586610148752741,4.107169776338687,True,1,0.02
revision_dfm_kalman_em,pseudo,2022:Q1:pre_third:pseudo,2022-06-30,pre_third,2022:Q1,A,S,0.010812687068522963,1.734723475976807e-18,0.04586610148752741,4.107169776338687,True,1,0.02
revision_dfm_kalman_em,pseudo,2022:Q1:pre_third:pseudo,2022-06-30,pre_third,2022:Q1,A,T,0.008601011709619267,1.734723475976807e-18,0.04586610148752741,4.107169776338687,True,1,0.02
revision_dfm_kalman_em,pseudo,2022:Q1:pre_third:pseudo,2022-06-30,pre_third,2022:Q1,M,A,0.007126561470350137,1.734723475976807e-18,0.04586610148752741,4.107169776338687,True,1,0.02
revision_dfm_kalman_em,pseudo,2022:Q1:pre_third:pseudo,2022-06-30,pre_third,2022:Q1,M,M,4.106793685490999,1.734723475976807e-18,0.04586610148752741,4.107169776338687,True,1,0.02
revision_dfm_kalman_em,pseudo,2022:Q1:pre_third:pseudo,2022-06-30,pre_third,2022:Q1,M,S,0.026555400347193493,1.734723475976807e-18,0.04586610148752741,4.107169776338687,True,1,0.02
revision_dfm_kalman_em,pseudo,2022:Q1:pre_third:pseudo,2022-06-30,pre_third,2022:Q1,M,T,0.02716894262751486,1.734723475976807e-18,0.04586610148752741,4.107169776338687,True,1,0.02
revision_dfm_kalman_em,pseudo,2022:Q1:pre_third:pseudo,2022-06-30,pre_third,2022:Q1,S,A,0.010812687068522963,1.734723475976807e-18,0.04586610148752741,4.107169776338687,True,1,0.02
revision_dfm_kalman_em,pseudo,2022:Q1:pre_third:pseudo,2022-06-30,pre_third,2022:Q1,S,M,0.026555400347193493,1.734723475976807e-18,0.04586610148752741,4.107169776338687,True,1,0.02
revision_dfm_kalman_em,pseudo,2022:Q1:pre_third:pseudo,2022-06-30,pre_third,2022:Q1,S,S,0.05348368570662259,1.734723475976807e-18,0.04586610148752741,4.107169776338687,True,1,0.02
revision_dfm_kalman_em,pseudo,2022:Q1:pre_third:pseudo,2022-06-30,pre_third,2022:Q1,S,T,0.026240546081620082,1.734723475976807e-18,0.04586610148752741,4.107169776338687,True,1,0.02
revision_dfm_kalman_em,pseudo,2022:Q1:pre_third:pseudo,2022-06-30,pre_third,2022:Q1,T,A,0.008601011709619268,1.734723475976807e-18,0.04586610148752741,4.107169776338687,True,1,0.02
revision_dfm_kalman_em,pseudo,2022:Q1:pre_third:pseudo,2022-06-30,pre_third,2022:Q1,T,M,0.02716894262751486,1.734723475976807e-18,0.04586610148752741,4.107169776338687,True,1,0.02
revision_dfm_kalman_em,pseudo,2022:Q1:pre_third:pseudo,2022-06-30,pre_third,2022:Q1,T,S,0.026240546081620082,1.734723475976807e-18,0.04586610148752741,4.107169776338687,True,1,0.02
revision_dfm_kalman_em,pseudo,2022:Q1:pre_third:pseudo,2022-06-30,pre_third,2022:Q1,T,T,0.14236388189494464,1.734723475976807e-18,0.04586610148752741,4.107169776338687,True,1,0.02
indicator_revision_only_dfm_kalman_em,exact,2022:Q2:pre_advance:exact,2022-07-27,pre_advance,2022:Q2,A,A,3.2291551283578155,0.0,0.06699487591753513,12.768827322163595,True,1,0.02
indicator_revision_only_dfm_kalman_em,exact,2022:Q2:pre_advance:exact,2022-07-27,pre_advance,2022:Q2,A,M,2.829910592626103,0.0,0.06699487591753513,12.768827322163595,True,1,0.02
indicator_revision_only_dfm_kalman_em,exact,2022:Q2:pre_advance:exact,2022-07-27,pre_advance,2022:Q2,A,S,2.829910592626103,0.0,0.06699487591753513,12.768827322163595,True,1,0.02
indicator_revision_only_dfm_kalman_em,exact,2022:Q2:pre_advance:exact,2022-07-27,pre_advance,2022:Q2,A,T,2.829910592626103,0.0,0.06699487591753513,12.768827322163595,True,1,0.02
indicator_revision_only_dfm_kalman_em,exact,2022:Q2:pre_advance:exact,2022-07-27,pre_advance,2022:Q2,M,A,2.829910592626103,0.0,0.06699487591753513,12.768827322163595,True,1,0.02
indicator_revision_only_dfm_kalman_em,exact,2022:Q2:pre_advance:exact,2022-07-27,pre_advance,2022:Q2,M,M,6.902916395654807,0.0,0.06699487591753513,12.768827322163595,True,1,0.02
indicator_revision_only_dfm_kalman_em,exact,2022:Q2:pre_advance:exact,2022-07-27,pre_advance,2022:Q2,M,S,2.829910592626103,0.0,0.06699487591753513,12.768827322163595,True,1,0.02
indicator_revision_only_dfm_kalman_em,exact,2022:Q2:pre_advance:exact,2022-07-27,pre_advance,2022:Q2,M,T,2.829910592626103,0.0,0.06699487591753513,12.768827322163595,True,1,0.02
indicator_revision_only_dfm_kalman_em,exact,2022:Q2:pre_advance:exact,2022-07-27,pre_advance,2022:Q2,S,A,2.829910592626103,0.0,0.06699487591753513,12.768827322163595,True,1,0.02
indicator_revision_only_dfm_kalman_em,exact,2022:Q2:pre_advance:exact,2022-07-27,pre_advance,2022:Q2,S,M,2.829910592626103,0.0,0.06699487591753513,12.768827322163595,True,1,0.02
indicator_revision_only_dfm_kalman_em,exact,2022:Q2:pre_advance:exact,2022-07-27,pre_advance,2022:Q2,S,S,2.8475855114111006,0.0,0.06699487591753513,12.768827322163595,True,1,0.02
indicator_revision_only_dfm_kalman_em,exact,2022:Q2:pre_advance:exact,2022-07-27,pre_advance,2022:Q2,S,T,2.829910592626103,0.0,0.06699487591753513,12.768827322163595,True,1,0.02
indicator_revision_only_dfm_kalman_em,exact,2022:Q2:pre_advance:exact,2022-07-27,pre_advance,2022:Q2,T,A,2.829910592626103,0.0,0.06699487591753513,12.768827322163595,True,1,0.02
indicator_revision_only_dfm_kalman_em,exact,2022:Q2:pre_advance:exact,2022-07-27,pre_advance,2022:Q2,T,M,2.829910592626103,0.0,0.06699487591753513,12.768827322163595,True,1,0.02
indicator_revision_only_dfm_kalman_em,exact,2022:Q2:pre_advance:exact,2022-07-27,pre_advance,2022:Q2,T,S,2.829910592626103,0.0,0.06699487591753513,12.768827322163595,True,1,0.02
indicator_revision_only_dfm_kalman_em,exact,2022:Q2:pre_advance:exact,2022-07-27,pre_advance,2022:Q2,T,T,2.956918707398315,0.0,0.06699487591753513,12.768827322163595,True,1,0.02
joint_indicator_revision_dfm_full_kalman_em,exact,2022:Q2:pre_advance:exact,2022-07-27,pre_advance,2022:Q2,A,A,2.352294755157962,4.440892098500626e-16,0.06466050120185768,12.587674470674283,True,1,0.02
joint_indicator_revision_dfm_full_kalman_em,exact,2022:Q2:pre_advance:exact,2022-07-27,pre_advance,2022:Q2,A,M,2.500651766376245,4.440892098500626e-16,0.06466050120185768,12.587674470674283,True,1,0.02
joint_indicator_revision_dfm_full_kalman_em,exact,2022:Q2:pre_advance:exact,2022-07-27,pre_advance,2022:Q2,A,S,2.486856174898384,4.440892098500626e-16,0.06466050120185768,12.587674470674283,True,1,0.02
joint_indicator_revision_dfm_full_kalman_em,exact,2022:Q2:pre_advance:exact,2022-07-27,pre_advance,2022:Q2,A,T,2.4951335297851007,4.440892098500626e-16,0.06466050120185768,12.587674470674283,True,1,0.02
joint_indicator_revision_dfm_full_kalman_em,exact,2022:Q2:pre_advance:exact,2022-07-27,pre_advance,2022:Q2,M,A,2.500651766376245,4.440892098500626e-16,0.06466050120185768,12.587674470674283,True,1,0.02
joint_indicator_revision_dfm_full_kalman_em,exact,2022:Q2:pre_advance:exact,2022-07-27,pre_advance,2022:Q2,M,M,7.098985842563728,4.440892098500626e-16,0.06466050120185768,12.587674470674283,True,1,0.02
joint_indicator_revision_dfm_full_kalman_em,exact,2022:Q2:pre_advance:exact,2022-07-27,pre_advance,2022:Q2,M,S,2.992333843960569,4.440892098500626e-16,0.06466050120185768,12.587674470674283,True,1,0.02
joint_indicator_revision_dfm_full_kalman_em,exact,2022:Q2:pre_advance:exact,2022-07-27,pre_advance,2022:Q2,M,T,3.0078606464106,4.440892098500626e-16,0.06466050120185768,12.587674470674283,True,1,0.02
joint_indicator_revision_dfm_full_kalman_em,exact,2022:Q2:pre_advance:exact,2022-07-27,pre_advance,2022:Q2,S,A,2.4868561748983837,4.440892098500626e-16,0.06466050120185768,12.587674470674283,True,1,0.02
joint_indicator_revision_dfm_full_kalman_em,exact,2022:Q2:pre_advance:exact,2022-07-27,pre_advance,2022:Q2,S,M,2.992333843960569,4.440892098500626e-16,0.06466050120185768,12.587674470674283,True,1,0.02
joint_indicator_revision_dfm_full_kalman_em,exact,2022:Q2:pre_advance:exact,2022-07-27,pre_advance,2022:Q2,S,S,2.988278640629619,4.440892098500626e-16,0.06466050120185768,12.587674470674283,True,1,0.02
joint_indicator_revision_dfm_full_kalman_em,exact,2022:Q2:pre_advance:exact,2022-07-27,pre_advance,2022:Q2,S,T,2.9822242905793255,4.440892098500626e-16,0.06466050120185768,12.587674470674283,True,1,0.02
joint_indicator_revision_dfm_full_kalman_em,exact,2022:Q2:pre_advance:exact,2022-07-27,pre_advance,2022:Q2,T,A,2.4951335297851007,4.440892098500626e-16,0.06466050120185768,12.587674470674283,True,1,0.02
joint_indicator_revision_dfm_full_kalman_em,exact,2022:Q2:pre_advance:exact,2022-07-27,pre_advance,2022:Q2,T,M,3.0078606464106,4.440892098500626e-16,0.06466050120185768,12.587674470674283,True,1,0.02
joint_indicator_revision_dfm_full_kalman_em,exact,2022:Q2:pre_advance:exact,2022-07-27,pre_advance,2022:Q2,T,S,2.9822242905793255,4.440892098500626e-16,0.06466050120185768,12.587674470674283,True,1,0.02
joint_indicator_revision_dfm_full_kalman_em,exact,2022:Q2:pre_advance:exact,2022-07-27,pre_advance,2022:Q2,T,T,3.1174676710420988,4.440892098500626e-16,0.06466050120185768,12.587674470674283,True,1,0.02
monthly_mixed_frequency_kalman_em,exact,2022:Q2:pre_advance:exact,2022-07-27,pre_advance,2022:Q2,A,A,4.4859088166037475,0.0,0.06144640494666249,18.79442962708571,True,1,0.02
monthly_mixed_frequency_kalman_em,exact,2022:Q2:pre_advance:exact,2022-07-27,pre_advance,2022:Q2,A,M,4.218813911289493,0.0,0.06144640494666249,18.79442962708571,True,1,0.02
monthly_mixed_frequency_kalman_em,exact,2022:Q2:pre_advance:exact,2022-07-27,pre_advance,2022:Q2,A,S,4.2408055894414804,0.0,0.06144640494666249,18.79442962708571,True,1,0.02
monthly_mixed_frequency_kalman_em,exact,2022:Q2:pre_advance:exact,2022-07-27,pre_advance,2022:Q2,A,T,4.228810128631306,0.0,0.06144640494666249,18.79442962708571,True,1,0.02
monthly_mixed_frequency_kalman_em,exact,2022:Q2:pre_advance:exact,2022-07-27,pre_advance,2022:Q2,M,A,4.218813911289493,0.0,0.06144640494666249,18.79442962708571,True,1,0.02
monthly_mixed_frequency_kalman_em,exact,2022:Q2:pre_advance:exact,2022-07-27,pre_advance,2022:Q2,M,M,8.758828545403793,0.0,0.06144640494666249,18.79442962708571,True,1,0.02
monthly_mixed_frequency_kalman_em,exact,2022:Q2:pre_advance:exact,2022-07-27,pre_advance,2022:Q2,M,S,4.415851767501308,0.0,0.06144640494666249,18.79442962708571,True,1,0.02
monthly_mixed_frequency_kalman_em,exact,2022:Q2:pre_advance:exact,2022-07-27,pre_advance,2022:Q2,M,T,4.547210338309185,0.0,0.06144640494666249,18.79442962708571,True,1,0.02
monthly_mixed_frequency_kalman_em,exact,2022:Q2:pre_advance:exact,2022-07-27,pre_advance,2022:Q2,S,A,4.2408055894414804,0.0,0.06144640494666249,18.79442962708571,True,1,0.02
monthly_mixed_frequency_kalman_em,exact,2022:Q2:pre_advance:exact,2022-07-27,pre_advance,2022:Q2,S,M,4.415851767501308,0.0,0.06144640494666249,18.79442962708571,True,1,0.02
monthly_mixed_frequency_kalman_em,exact,2022:Q2:pre_advance:exact,2022-07-27,pre_advance,2022:Q2,S,S,4.370824499267409,0.0,0.06144640494666249,18.79442962708571,True,1,0.02
monthly_mixed_frequency_kalman_em,exact,2022:Q2:pre_advance:exact,2022-07-27,pre_advance,2022:Q2,S,T,4.372090222986351,0.0,0.06144640494666249,18.79442962708571,True,1,0.02
monthly_mixed_frequency_kalman_em,exact,2022:Q2:pre_advance:exact,2022-07-27,pre_advance,2022:Q2,T,A,4.228810128631306,0.0,0.06144640494666249,18.79442962708571,True,1,0.02
monthly_mixed_frequency_kalman_em,exact,2022:Q2:pre_advance:exact,2022-07-27,pre_advance,2022:Q2,T,M,4.547210338309185,0.0,0.06144640494666249,18.79442962708571,True,1,0.02
monthly_mixed_frequency_kalman_em,exact,2022:Q2:pre_advance:exact,2022-07-27,pre_advance,2022:Q2,T,S,4.372090222986351,0.0,0.06144640494666249,18.79442962708571,True,1,0.02
monthly_mixed_frequency_kalman_em,exact,2022:Q2:pre_advance:exact,2022-07-27,pre_advance,2022:Q2,T,T,4.51901280242665,0.0,0.06144640494666249,18.79442962708571,True,1,0.02
revision_dfm_kalman_em,exact,2022:Q2:pre_advance:exact,2022-07-27,pre_advance,2022:Q2,A,A,2.9976152766355817,4.440892098500626e-16,0.06760107957458504,14.916794954976645,True,1,0.02
revision_dfm_kalman_em,exact,2022:Q2:pre_advance:exact,2022-07-27,pre_advance,2022:Q2,A,M,3.1129672074427073,4.440892098500626e-16,0.06760107957458504,14.916794954976645,True,1,0.02
revision_dfm_kalman_em,exact,2022:Q2:pre_advance:exact,2022-07-27,pre_advance,2022:Q2,A,S,3.0999347546656613,4.440892098500626e-16,0.06760107957458504,14.916794954976645,True,1,0.02
revision_dfm_kalman_em,exact,2022:Q2:pre_advance:exact,2022-07-27,pre_advance,2022:Q2,A,T,3.1077542263318887,4.440892098500626e-16,0.06760107957458504,14.916794954976645,True,1,0.02
revision_dfm_kalman_em,exact,2022:Q2:pre_advance:exact,2022-07-27,pre_advance,2022:Q2,M,A,3.1129672074427073,4.440892098500626e-16,0.06760107957458504,14.916794954976645,True,1,0.02
revision_dfm_kalman_em,exact,2022:Q2:pre_advance:exact,2022-07-27,pre_advance,2022:Q2,M,M,7.681922389946075,4.440892098500626e-16,0.06760107957458504,14.916794954976645,True,1,0.02
revision_dfm_kalman_em,exact,2022:Q2:pre_advance:exact,2022-07-27,pre_advance,2022:Q2,M,S,3.593370526674658,4.440892098500626e-16,0.06760107957458504,14.916794954976645,True,1,0.02
revision_dfm_kalman_em,exact,2022:Q2:pre_advance:exact,2022-07-27,pre_advance,2022:Q2,M,T,3.6085411578082986,4.440892098500626e-16,0.06760107957458504,14.916794954976645,True,1,0.02
revision_dfm_kalman_em,exact,2022:Q2:pre_advance:exact,2022-07-27,pre_advance,2022:Q2,S,A,3.099934754665661,4.440892098500626e-16,0.06760107957458504,14.916794954976645,True,1,0.02
revision_dfm_kalman_em,exact,2022:Q2:pre_advance:exact,2022-07-27,pre_advance,2022:Q2,S,M,3.593370526674658,4.440892098500626e-16,0.06760107957458504,14.916794954976645,True,1,0.02
revision_dfm_kalman_em,exact,2022:Q2:pre_advance:exact,2022-07-27,pre_advance,2022:Q2,S,S,3.598974885326174,4.440892098500626e-16,0.06760107957458504,14.916794954976645,True,1,0.02
revision_dfm_kalman_em,exact,2022:Q2:pre_advance:exact,2022-07-27,pre_advance,2022:Q2,S,T,3.5835018112344783,4.440892098500626e-16,0.06760107957458504,14.916794954976645,True,1,0.02
revision_dfm_kalman_em,exact,2022:Q2:pre_advance:exact,2022-07-27,pre_advance,2022:Q2,T,A,3.1077542263318887,4.440892098500626e-16,0.06760107957458504,14.916794954976645,True,1,0.02
revision_dfm_kalman_em,exact,2022:Q2:pre_advance:exact,2022-07-27,pre_advance,2022:Q2,T,M,3.6085411578082986,4.440892098500626e-16,0.06760107957458504,14.916794954976645,True,1,0.02
revision_dfm_kalman_em,exact,2022:Q2:pre_advance:exact,2022-07-27,pre_advance,2022:Q2,T,S,3.5835018112344783,4.440892098500626e-16,0.06760107957458504,14.916794954976645,True,1,0.02
revision_dfm_kalman_em,exact,2022:Q2:pre_advance:exact,2022-07-27,pre_advance,2022:Q2,T,T,3.7114156501090987,4.440892098500626e-16,0.06760107957458504,14.916794954976645,True,1,0.02
indicator_revision_only_dfm_kalman_em,pseudo,2022:Q2:pre_advance:pseudo,2022-07-31,pre_advance,2022:Q2,A,A,3.2291634759134427,0.0,0.06699486800398405,12.76885948253217,True,1,0.02
indicator_revision_only_dfm_kalman_em,pseudo,2022:Q2:pre_advance:pseudo,2022-07-31,pre_advance,2022:Q2,A,M,2.8299188736620295,0.0,0.06699486800398405,12.76885948253217,True,1,0.02
indicator_revision_only_dfm_kalman_em,pseudo,2022:Q2:pre_advance:pseudo,2022-07-31,pre_advance,2022:Q2,A,S,2.8299188736620295,0.0,0.06699486800398405,12.76885948253217,True,1,0.02
indicator_revision_only_dfm_kalman_em,pseudo,2022:Q2:pre_advance:pseudo,2022-07-31,pre_advance,2022:Q2,A,T,2.8299188736620295,0.0,0.06699486800398405,12.76885948253217,True,1,0.02
indicator_revision_only_dfm_kalman_em,pseudo,2022:Q2:pre_advance:pseudo,2022-07-31,pre_advance,2022:Q2,M,A,2.8299188736620295,0.0,0.06699486800398405,12.76885948253217,True,1,0.02
indicator_revision_only_dfm_kalman_em,pseudo,2022:Q2:pre_advance:pseudo,2022-07-31,pre_advance,2022:Q2,M,M,6.902924686494632,0.0,0.06699486800398405,12.76885948253217,True,1,0.02
indicator_revision_only_dfm_kalman_em,pseudo,2022:Q2:pre_advance:pseudo,2022-07-31,pre_advance,2022:Q2,M,S,2.8299188736620295,0.0,0.06699486800398405,12.76885948253217,True,1,0.02
indicator_revision_only_dfm_kalman_em,pseudo,2022:Q2:pre_advance:pseudo,2022-07-31,pre_advance,2022:Q2,M,T,2.8299188736620295,0.0,0.06699486800398405,12.76885948253217,True,1,0.02
indicator_revision_only_dfm_kalman_em,pseudo,2022:Q2:pre_advance:pseudo,2022-07-31,pre_advance,2022:Q2,S,A,2.8299188736620295,0.0,0.06699486800398405,12.76885948253217,True,1,0.02
indicator_revision_only_dfm_kalman_em,pseudo,2022:Q2:pre_advance:pseudo,2022-07-31,pre_advance,2022:Q2,S,M,2.8299188736620295,0.0,0.06699486800398405,12.76885948253217,True,1,0.02
indicator_revision_only_dfm_kalman_em,pseudo,2022:Q2:pre_advance:pseudo,2022-07-31,pre_advance,2022:Q2,S,S,2.8475937672614138,0.0,0.06699486800398405,12.76885948253217,True,1,0.02
indicator_revision_only_dfm_kalman_em,pseudo,2022:Q2:pre_advance:pseudo,2022-07-31,pre_advance,2022:Q2,S,T,2.8299188736620295,0.0,0.06699486800398405,12.76885948253217,True,1,0.02
indicator_revision_only_dfm_kalman_em,pseudo,2022:Q2:pre_advance:pseudo,2022-07-31,pre_advance,2022:Q2,T,A,2.8299188736620295,0.0,0.06699486800398405,12.76885948253217,True,1,0.02
indicator_revision_only_dfm_kalman_em,pseudo,2022:Q2:pre_advance:pseudo,2022-07-31,pre_advance,2022:Q2,T,M,2.8299188736620295,0.0,0.06699486800398405,12.76885948253217,True,1,0.02
indicator_revision_only_dfm_kalman_em,pseudo,2022:Q2:pre_advance:pseudo,2022-07-31,pre_advance,2022:Q2,T,S,2.8299188736620295,0.0,0.06699486800398405,12.76885948253217,True,1,0.02
indicator_revision_only_dfm_kalman_em,pseudo,2022:Q2:pre_advance:pseudo,2022-07-31,pre_advance,2022:Q2,T,T,2.9569269999377155,0.0,0.06699486800398405,12.76885948253217,True,1,0.02
joint_indicator_revision_dfm_full_kalman_em,pseudo,2022:Q2:pre_advance:pseudo,2022-07-31,pre_advance,2022:Q2,A,A,2.3522954615028864,4.440892098500626e-16,0.06466040973476121,12.58758939362119,True,1,0.02
joint_indicator_revision_dfm_full_kalman_em,pseudo,2022:Q2:pre_advance:pseudo,2022-07-31,pre_advance,2022:Q2,A,M,2.5006393215414264,4.440892098500626e-16,0.06466040973476121,12.58758939362119,True,1,0.02
joint_indicator_revision_dfm_full_kalman_em,pseudo,2022:Q2:pre_advance:pseudo,2022-07-31,pre_advance,2022:Q2,A,S,2.4868445756821367,4.440892098500626e-16,0.06466040973476121,12.58758939362119,True,1,0.02
joint_indicator_revision_dfm_full_kalman_em,pseudo,2022:Q2:pre_advance:pseudo,2022-07-31,pre_advance,2022:Q2,A,T,2.4951214231977104,4.440892098500626e-16,0.06466040973476121,12.58758939362119,True,1,0.02
joint_indicator_revision_dfm_full_kalman_em,pseudo,2022:Q2:pre_advance:pseudo,2022-07-31,pre_advance,2022:Q2,M,A,2.5006393215414264,4.440892098500626e-16,0.06466040973476121,12.58758939362119,True,1,0.02
joint_indicator_revision_dfm_full_kalman_em,pseudo,2022:Q2:pre_advance:pseudo,2022-07-31,pre_advance,2022:Q2,M,M,7.098956534960235,4.440892098500626e-16,0.06466040973476121,12.58758939362119,True,1,0.02
joint_indicator_revision_dfm_full_kalman_em,pseudo,2022:Q2:pre_advance:pseudo,2022-07-31,pre_advance,2022:Q2,M,S,2.992305377910834,4.440892098500626e-16,0.06466040973476121,12.58758939362119,True,1,0.02
joint_indicator_revision_dfm_full_kalman_em,pseudo,2022:Q2:pre_advance:pseudo,2022-07-31,pre_advance,2022:Q2,M,T,3.0078316744277624,4.440892098500626e-16,0.06466040973476121,12.58758939362119,True,1,0.02
joint_indicator_revision_dfm_full_kalman_em,pseudo,2022:Q2:pre_advance:pseudo,2022-07-31,pre_advance,2022:Q2,S,A,2.486844575682137,4.440892098500626e-16,0.06466040973476121,12.58758939362119,True,1,0.02
joint_indicator_revision_dfm_full_kalman_em,pseudo,2022:Q2:pre_advance:pseudo,2022-07-31,pre_advance,2022:Q2,S,M,2.992305377910834,4.440892098500626e-16,0.06466040973476121,12.58758939362119,True,1,0.02
joint_indicator_revision_dfm_full_kalman_em,pseudo,2022:Q2:pre_advance:pseudo,2022-07-31,pre_advance,2022:Q2,S,S,2.988250828472607,4.440892098500626e-16,0.06466040973476121,12.58758939362119,True,1,0.02
joint_indicator_revision_dfm_full_kalman_em,pseudo,2022:Q2:pre_advance:pseudo,2022-07-31,pre_advance,2022:Q2,S,T,2.98219616186626,4.440892098500626e-16,0.06466040973476121,12.58758939362119,True,1,0.02
joint_indicator_revision_dfm_full_kalman_em,pseudo,2022:Q2:pre_advance:pseudo,2022-07-31,pre_advance,2022:Q2,T,A,2.495121423197711,4.440892098500626e-16,0.06466040973476121,12.58758939362119,True,1,0.02
joint_indicator_revision_dfm_full_kalman_em,pseudo,2022:Q2:pre_advance:pseudo,2022-07-31,pre_advance,2022:Q2,T,M,3.0078316744277624,4.440892098500626e-16,0.06466040973476121,12.58758939362119,True,1,0.02
joint_indicator_revision_dfm_full_kalman_em,pseudo,2022:Q2:pre_advance:pseudo,2022-07-31,pre_advance,2022:Q2,T,S,2.98219616186626,4.440892098500626e-16,0.06466040973476121,12.58758939362119,True,1,0.02
joint_indicator_revision_dfm_full_kalman_em,pseudo,2022:Q2:pre_advance:pseudo,2022-07-31,pre_advance,2022:Q2,T,T,3.117439211140876,4.440892098500626e-16,0.06466040973476121,12.58758939362119,True,1,0.02
monthly_mixed_frequency_kalman_em,pseudo,2022:Q2:pre_advance:pseudo,2022-07-31,pre_advance,2022:Q2,A,A,4.486038734246463,0.0,0.0614465234907263,18.794781365405974,True,1,0.02
monthly_mixed_frequency_kalman_em,pseudo,2022:Q2:pre_advance:pseudo,2022-07-31,pre_advance,2022:Q2,A,M,4.2189107591414885,0.0,0.0614465234907263,18.794781365405974,True,1,0.02
monthly_mixed_frequency_kalman_em,pseudo,2022:Q2:pre_advance:pseudo,2022-07-31,pre_advance,2022:Q2,A,S,4.240920019350428,0.0,0.0614465234907263,18.794781365405974,True,1,0.02
monthly_mixed_frequency_kalman_em,pseudo,2022:Q2:pre_advance:pseudo,2022-07-31,pre_advance,2022:Q2,A,T,4.22891496832737,0.0,0.0614465234907263,18.794781365405974,True,1,0.02
monthly_mixed_frequency_kalman_em,pseudo,2022:Q2:pre_advance:pseudo,2022-07-31,pre_advance,2022:Q2,M,A,4.2189107591414885,0.0,0.0614465234907263,18.794781365405974,True,1,0.02
monthly_mixed_frequency_kalman_em,pseudo,2022:Q2:pre_advance:pseudo,2022-07-31,pre_advance,2022:Q2,M,M,8.758885549999636,0.0,0.0614465234907263,18.794781365405974,True,1,0.02
monthly_mixed_frequency_kalman_em,pseudo,2022:Q2:pre_advance:pseudo,2022-07-31,pre_advance,2022:Q2,M,S,4.41593175711748,0.0,0.0614465234907263,18.794781365405974,True,1,0.02
monthly_mixed_frequency_kalman_em,pseudo,2022:Q2:pre_advance:pseudo,2022-07-31,pre_advance,2022:Q2,M,T,4.547279089101476,0.0,0.0614465234907263,18.794781365405974,True,1,0.02
monthly_mixed_frequency_kalman_em,pseudo,2022:Q2:pre_advance:pseudo,2022-07-31,pre_advance,2022:Q2,S,A,4.240920019350428,0.0,0.0614465234907263,18.794781365405974,True,1,0.02
monthly_mixed_frequency_kalman_em,pseudo,2022:Q2:pre_advance:pseudo,2022-07-31,pre_advance,2022:Q2,S,M,4.41593175711748,0.0,0.0614465234907263,18.794781365405974,True,1,0.02
monthly_mixed_frequency_kalman_em,pseudo,2022:Q2:pre_advance:pseudo,2022-07-31,pre_advance,2022:Q2,S,S,4.370923512442082,0.0,0.0614465234907263,18.794781365405974,True,1,0.02
monthly_mixed_frequency_kalman_em,pseudo,2022:Q2:pre_advance:pseudo,2022-07-31,pre_advance,2022:Q2,S,T,4.372178822675718,0.0,0.0614465234907263,18.794781365405974,True,1,0.02
monthly_mixed_frequency_kalman_em,pseudo,2022:Q2:pre_advance:pseudo,2022-07-31,pre_advance,2022:Q2,T,A,4.22891496832737,0.0,0.0614465234907263,18.794781365405974,True,1,0.02
monthly_mixed_frequency_kalman_em,pseudo,2022:Q2:pre_advance:pseudo,2022-07-31,pre_advance,2022:Q2,T,M,4.547279089101476,0.0,0.0614465234907263,18.794781365405974,True,1,0.02
monthly_mixed_frequency_kalman_em,pseudo,2022:Q2:pre_advance:pseudo,2022-07-31,pre_advance,2022:Q2,T,S,4.372178822675718,0.0,0.0614465234907263,18.794781365405974,True,1,0.02
monthly_mixed_frequency_kalman_em,pseudo,2022:Q2:pre_advance:pseudo,2022-07-31,pre_advance,2022:Q2,T,T,4.5190907034322825,0.0,0.0614465234907263,18.794781365405974,True,1,0.02
revision_dfm_kalman_em,pseudo,2022:Q2:pre_advance:pseudo,2022-07-31,pre_advance,2022:Q2,A,A,2.997606708759267,0.0,0.06760110470198324,14.916738365551021,True,1,0.02
revision_dfm_kalman_em,pseudo,2022:Q2:pre_advance:pseudo,2022-07-31,pre_advance,2022:Q2,A,M,3.1129548541738554,0.0,0.06760110470198324,14.916738365551021,True,1,0.02
revision_dfm_kalman_em,pseudo,2022:Q2:pre_advance:pseudo,2022-07-31,pre_advance,2022:Q2,A,S,3.0999224959782743,0.0,0.06760110470198324,14.916738365551021,True,1,0.02
revision_dfm_kalman_em,pseudo,2022:Q2:pre_advance:pseudo,2022-07-31,pre_advance,2022:Q2,A,T,3.107741910895623,0.0,0.06760110470198324,14.916738365551021,True,1,0.02
revision_dfm_kalman_em,pseudo,2022:Q2:pre_advance:pseudo,2022-07-31,pre_advance,2022:Q2,M,A,3.1129548541738554,0.0,0.06760110470198324,14.916738365551021,True,1,0.02
revision_dfm_kalman_em,pseudo,2022:Q2:pre_advance:pseudo,2022-07-31,pre_advance,2022:Q2,M,M,7.681905905959898,0.0,0.06760110470198324,14.916738365551021,True,1,0.02
revision_dfm_kalman_em,pseudo,2022:Q2:pre_advance:pseudo,2022-07-31,pre_advance,2022:Q2,M,S,3.593354417889253,0.0,0.06760110470198324,14.916738365551021,True,1,0.02
revision_dfm_kalman_em,pseudo,2022:Q2:pre_advance:pseudo,2022-07-31,pre_advance,2022:Q2,M,T,3.608524930427634,0.0,0.06760110470198324,14.916738365551021,True,1,0.02
revision_dfm_kalman_em,pseudo,2022:Q2:pre_advance:pseudo,2022-07-31,pre_advance,2022:Q2,S,A,3.0999224959782743,0.0,0.06760110470198324,14.916738365551021,True,1,0.02
revision_dfm_kalman_em,pseudo,2022:Q2:pre_advance:pseudo,2022-07-31,pre_advance,2022:Q2,S,M,3.593354417889253,0.0,0.06760110470198324,14.916738365551021,True,1,0.02
revision_dfm_kalman_em,pseudo,2022:Q2:pre_advance:pseudo,2022-07-31,pre_advance,2022:Q2,S,S,3.598958964664868,0.0,0.06760110470198324,14.916738365551021,True,1,0.02
revision_dfm_kalman_em,pseudo,2022:Q2:pre_advance:pseudo,2022-07-31,pre_advance,2022:Q2,S,T,3.5834857794510335,0.0,0.06760110470198324,14.916738365551021,True,1,0.02
revision_dfm_kalman_em,pseudo,2022:Q2:pre_advance:pseudo,2022-07-31,pre_advance,2022:Q2,T,A,3.107741910895623,0.0,0.06760110470198324,14.916738365551021,True,1,0.02
revision_dfm_kalman_em,pseudo,2022:Q2:pre_advance:pseudo,2022-07-31,pre_advance,2022:Q2,T,M,3.608524930427634,0.0,0.06760110470198324,14.916738365551021,True,1,0.02
revision_dfm_kalman_em,pseudo,2022:Q2:pre_advance:pseudo,2022-07-31,pre_advance,2022:Q2,T,S,3.5834857794510335,0.0,0.06760110470198324,14.916738365551021,True,1,0.02
revision_dfm_kalman_em,pseudo,2022:Q2:pre_advance:pseudo,2022-07-31,pre_advance,2022:Q2,T,T,3.711399539940734,0.0,0.06760110470198324,14.916738365551021,True,1,0.02
indicator_revision_only_dfm_kalman_em,exact,2022:Q2:pre_second:exact,2022-08-24,pre_second,2022:Q2,A,A,0.7528332467515626,0.0,0.06317241521873433,4.540000743762839,True,1,0.02
indicator_revision_only_dfm_kalman_em,exact,2022:Q2:pre_second:exact,2022-08-24,pre_second,2022:Q2,A,M,0.3522561954570534,0.0,0.06317241521873433,4.540000743762839,True,1,0.02
indicator_revision_only_dfm_kalman_em,exact,2022:Q2:pre_second:exact,2022-08-24,pre_second,2022:Q2,A,S,0.3522561954570534,0.0,0.06317241521873433,4.540000743762839,True,1,0.02
indicator_revision_only_dfm_kalman_em,exact,2022:Q2:pre_second:exact,2022-08-24,pre_second,2022:Q2,A,T,0.3522561954570534,0.0,0.06317241521873433,4.540000743762839,True,1,0.02
indicator_revision_only_dfm_kalman_em,exact,2022:Q2:pre_second:exact,2022-08-24,pre_second,2022:Q2,M,A,0.3522561954570534,0.0,0.06317241521873433,4.540000743762839,True,1,0.02
indicator_revision_only_dfm_kalman_em,exact,2022:Q2:pre_second:exact,2022-08-24,pre_second,2022:Q2,M,M,4.427042564123683,0.0,0.06317241521873433,4.540000743762839,True,1,0.02
indicator_revision_only_dfm_kalman_em,exact,2022:Q2:pre_second:exact,2022-08-24,pre_second,2022:Q2,M,S,0.3522561954570534,0.0,0.06317241521873433,4.540000743762839,True,1,0.02
indicator_revision_only_dfm_kalman_em,exact,2022:Q2:pre_second:exact,2022-08-24,pre_second,2022:Q2,M,T,0.3522561954570534,0.0,0.06317241521873433,4.540000743762839,True,1,0.02
indicator_revision_only_dfm_kalman_em,exact,2022:Q2:pre_second:exact,2022-08-24,pre_second,2022:Q2,S,A,0.3522561954570534,0.0,0.06317241521873433,4.540000743762839,True,1,0.02
indicator_revision_only_dfm_kalman_em,exact,2022:Q2:pre_second:exact,2022-08-24,pre_second,2022:Q2,S,M,0.3522561954570534,0.0,0.06317241521873433,4.540000743762839,True,1,0.02
indicator_revision_only_dfm_kalman_em,exact,2022:Q2:pre_second:exact,2022-08-24,pre_second,2022:Q2,S,S,0.369085891382507,0.0,0.06317241521873433,4.540000743762839,True,1,0.02
indicator_revision_only_dfm_kalman_em,exact,2022:Q2:pre_second:exact,2022-08-24,pre_second,2022:Q2,S,T,0.3522561954570534,0.0,0.06317241521873433,4.540000743762839,True,1,0.02
indicator_revision_only_dfm_kalman_em,exact,2022:Q2:pre_second:exact,2022-08-24,pre_second,2022:Q2,T,A,0.3522561954570534,0.0,0.06317241521873433,4.540000743762839,True,1,0.02
indicator_revision_only_dfm_kalman_em,exact,2022:Q2:pre_second:exact,2022-08-24,pre_second,2022:Q2,T,M,0.3522561954570534,0.0,0.06317241521873433,4.540000743762839,True,1,0.02
indicator_revision_only_dfm_kalman_em,exact,2022:Q2:pre_second:exact,2022-08-24,pre_second,2022:Q2,T,S,0.3522561954570534,0.0,0.06317241521873433,4.540000743762839,True,1,0.02
indicator_revision_only_dfm_kalman_em,exact,2022:Q2:pre_second:exact,2022-08-24,pre_second,2022:Q2,T,T,0.47983486248249074,0.0,0.06317241521873433,4.540000743762839,True,1,0.02
joint_indicator_revision_dfm_full_kalman_em,exact,2022:Q2:pre_second:exact,2022-08-24,pre_second,2022:Q2,A,A,0.2600464361029057,5.551115123125783e-17,0.06382210705266429,4.512754656599663,True,1,0.02
joint_indicator_revision_dfm_full_kalman_em,exact,2022:Q2:pre_second:exact,2022-08-24,pre_second,2022:Q2,A,M,0.14224617329042258,5.551115123125783e-17,0.06382210705266429,4.512754656599663,True,1,0.02
joint_indicator_revision_dfm_full_kalman_em,exact,2022:Q2:pre_second:exact,2022-08-24,pre_second,2022:Q2,A,S,0.14145769922360352,5.551115123125783e-17,0.06382210705266429,4.512754656599663,True,1,0.02
joint_indicator_revision_dfm_full_kalman_em,exact,2022:Q2:pre_second:exact,2022-08-24,pre_second,2022:Q2,A,T,0.14193078366369494,5.551115123125783e-17,0.06382210705266429,4.512754656599663,True,1,0.02
joint_indicator_revision_dfm_full_kalman_em,exact,2022:Q2:pre_second:exact,2022-08-24,pre_second,2022:Q2,M,A,0.14224617329042258,5.551115123125783e-17,0.06382210705266429,4.512754656599663,True,1,0.02
joint_indicator_revision_dfm_full_kalman_em,exact,2022:Q2:pre_second:exact,2022-08-24,pre_second,2022:Q2,M,M,4.4406091400466865,5.551115123125783e-17,0.06382210705266429,4.512754656599663,True,1,0.02
joint_indicator_revision_dfm_full_kalman_em,exact,2022:Q2:pre_second:exact,2022-08-24,pre_second,2022:Q2,M,S,0.34722675055148483,5.551115123125783e-17,0.06382210705266429,4.512754656599663,True,1,0.02
joint_indicator_revision_dfm_full_kalman_em,exact,2022:Q2:pre_second:exact,2022-08-24,pre_second,2022:Q2,M,T,0.35369982141236045,5.551115123125783e-17,0.06382210705266429,4.512754656599663,True,1,0.02
joint_indicator_revision_dfm_full_kalman_em,exact,2022:Q2:pre_second:exact,2022-08-24,pre_second,2022:Q2,S,A,0.1414576992236035,5.551115123125783e-17,0.06382210705266429,4.512754656599663,True,1,0.02
joint_indicator_revision_dfm_full_kalman_em,exact,2022:Q2:pre_second:exact,2022-08-24,pre_second,2022:Q2,S,M,0.34722675055148483,5.551115123125783e-17,0.06382210705266429,4.512754656599663,True,1,0.02
joint_indicator_revision_dfm_full_kalman_em,exact,2022:Q2:pre_second:exact,2022-08-24,pre_second,2022:Q2,S,S,0.3570496652350179,5.551115123125783e-17,0.06382210705266429,4.512754656599663,True,1,0.02
joint_indicator_revision_dfm_full_kalman_em,exact,2022:Q2:pre_second:exact,2022-08-24,pre_second,2022:Q2,S,T,0.3431113695249272,5.551115123125783e-17,0.06382210705266429,4.512754656599663,True,1,0.02
joint_indicator_revision_dfm_full_kalman_em,exact,2022:Q2:pre_second:exact,2022-08-24,pre_second,2022:Q2,T,A,0.1419307836636949,5.551115123125783e-17,0.06382210705266429,4.512754656599663,True,1,0.02
joint_indicator_revision_dfm_full_kalman_em,exact,2022:Q2:pre_second:exact,2022-08-24,pre_second,2022:Q2,T,M,0.35369982141236045,5.551115123125783e-17,0.06382210705266429,4.512754656599663,True,1,0.02
joint_indicator_revision_dfm_full_kalman_em,exact,2022:Q2:pre_second:exact,2022-08-24,pre_second,2022:Q2,T,S,0.34311136952492716,5.551115123125783e-17,0.06382210705266429,4.512754656599663,True,1,0.02
joint_indicator_revision_dfm_full_kalman_em,exact,2022:Q2:pre_second:exact,2022-08-24,pre_second,2022:Q2,T,T,0.4704799142085232,5.551115123125783e-17,0.06382210705266429,4.512754656599663,True,1,0.02
monthly_mixed_frequency_kalman_em,exact,2022:Q2:pre_second:exact,2022-08-24,pre_second,2022:Q2,A,A,0.4439290302190231,0.0,0.058705151462253656,4.932165395742482,True,1,0.02
monthly_mixed_frequency_kalman_em,exact,2022:Q2:pre_second:exact,2022-08-24,pre_second,2022:Q2,A,M,0.21439563596140468,0.0,0.058705151462253656,4.932165395742482,True,1,0.02
monthly_mixed_frequency_kalman_em,exact,2022:Q2:pre_second:exact,2022-08-24,pre_second,2022:Q2,A,S,0.21547227861230106,0.0,0.058705151462253656,4.932165395742482,True,1,0.02
monthly_mixed_frequency_kalman_em,exact,2022:Q2:pre_second:exact,2022-08-24,pre_second,2022:Q2,A,T,0.2148850189845394,0.0,0.058705151462253656,4.932165395742482,True,1,0.02
monthly_mixed_frequency_kalman_em,exact,2022:Q2:pre_second:exact,2022-08-24,pre_second,2022:Q2,M,A,0.21439563596140468,0.0,0.058705151462253656,4.932165395742482,True,1,0.02
monthly_mixed_frequency_kalman_em,exact,2022:Q2:pre_second:exact,2022-08-24,pre_second,2022:Q2,M,M,4.791766473871251,0.0,0.058705151462253656,4.932165395742482,True,1,0.02
monthly_mixed_frequency_kalman_em,exact,2022:Q2:pre_second:exact,2022-08-24,pre_second,2022:Q2,M,S,0.42859752516828636,0.0,0.058705151462253656,4.932165395742482,True,1,0.02
monthly_mixed_frequency_kalman_em,exact,2022:Q2:pre_second:exact,2022-08-24,pre_second,2022:Q2,M,T,0.5713987846395407,0.0,0.058705151462253656,4.932165395742482,True,1,0.02
monthly_mixed_frequency_kalman_em,exact,2022:Q2:pre_second:exact,2022-08-24,pre_second,2022:Q2,S,A,0.21547227861230106,0.0,0.058705151462253656,4.932165395742482,True,1,0.02
monthly_mixed_frequency_kalman_em,exact,2022:Q2:pre_second:exact,2022-08-24,pre_second,2022:Q2,S,M,0.42859752516828636,0.0,0.058705151462253656,4.932165395742482,True,1,0.02
monthly_mixed_frequency_kalman_em,exact,2022:Q2:pre_second:exact,2022-08-24,pre_second,2022:Q2,S,S,0.3626166430203687,0.0,0.058705151462253656,4.932165395742482,True,1,0.02
monthly_mixed_frequency_kalman_em,exact,2022:Q2:pre_second:exact,2022-08-24,pre_second,2022:Q2,S,T,0.37531621352929007,0.0,0.058705151462253656,4.932165395742482,True,1,0.02
monthly_mixed_frequency_kalman_em,exact,2022:Q2:pre_second:exact,2022-08-24,pre_second,2022:Q2,T,A,0.2148850189845394,0.0,0.058705151462253656,4.932165395742482,True,1,0.02
monthly_mixed_frequency_kalman_em,exact,2022:Q2:pre_second:exact,2022-08-24,pre_second,2022:Q2,T,M,0.5713987846395407,0.0,0.058705151462253656,4.932165395742482,True,1,0.02
monthly_mixed_frequency_kalman_em,exact,2022:Q2:pre_second:exact,2022-08-24,pre_second,2022:Q2,T,S,0.37531621352929007,0.0,0.058705151462253656,4.932165395742482,True,1,0.02
monthly_mixed_frequency_kalman_em,exact,2022:Q2:pre_second:exact,2022-08-24,pre_second,2022:Q2,T,T,0.5336081423153979,0.0,0.058705151462253656,4.932165395742482,True,1,0.02
revision_dfm_kalman_em,exact,2022:Q2:pre_second:exact,2022-08-24,pre_second,2022:Q2,A,A,0.29154589490054006,5.551115123125783e-17,0.06649152274436085,4.546616168154273,True,1,0.02
revision_dfm_kalman_em,exact,2022:Q2:pre_second:exact,2022-08-24,pre_second,2022:Q2,A,M,0.15593441453348375,5.551115123125783e-17,0.06649152274436085,4.546616168154273,True,1,0.02
revision_dfm_kalman_em,exact,2022:Q2:pre_second:exact,2022-08-24,pre_second,2022:Q2,A,S,0.1552439313748319,5.551115123125783e-17,0.06649152274436085,4.546616168154273,True,1,0.02
revision_dfm_kalman_em,exact,2022:Q2:pre_second:exact,2022-08-24,pre_second,2022:Q2,A,T,0.155658221270023,5.551115123125783e-17,0.06649152274436085,4.546616168154273,True,1,0.02
revision_dfm_kalman_em,exact,2022:Q2:pre_second:exact,2022-08-24,pre_second,2022:Q2,M,A,0.15593441453348375,5.551115123125783e-17,0.06649152274436085,4.546616168154273,True,1,0.02
revision_dfm_kalman_em,exact,2022:Q2:pre_second:exact,2022-08-24,pre_second,2022:Q2,M,M,4.4597084487620045,5.551115123125783e-17,0.06649152274436085,4.546616168154273,True,1,0.02
revision_dfm_kalman_em,exact,2022:Q2:pre_second:exact,2022-08-24,pre_second,2022:Q2,M,S,0.3790341506326802,5.551115123125783e-17,0.06649152274436085,4.546616168154273,True,1,0.02
revision_dfm_kalman_em,exact,2022:Q2:pre_second:exact,2022-08-24,pre_second,2022:Q2,M,T,0.3860794054568654,5.551115123125783e-17,0.06649152274436085,4.546616168154273,True,1,0.02
revision_dfm_kalman_em,exact,2022:Q2:pre_second:exact,2022-08-24,pre_second,2022:Q2,S,A,0.1552439313748319,5.551115123125783e-17,0.06649152274436085,4.546616168154273,True,1,0.02
revision_dfm_kalman_em,exact,2022:Q2:pre_second:exact,2022-08-24,pre_second,2022:Q2,S,M,0.3790341506326802,5.551115123125783e-17,0.06649152274436085,4.546616168154273,True,1,0.02
revision_dfm_kalman_em,exact,2022:Q2:pre_second:exact,2022-08-24,pre_second,2022:Q2,S,S,0.3954626337531474,5.551115123125783e-17,0.06649152274436085,4.546616168154273,True,1,0.02
revision_dfm_kalman_em,exact,2022:Q2:pre_second:exact,2022-08-24,pre_second,2022:Q2,S,T,0.3745583462475232,5.551115123125783e-17,0.06649152274436085,4.546616168154273,True,1,0.02
revision_dfm_kalman_em,exact,2022:Q2:pre_second:exact,2022-08-24,pre_second,2022:Q2,T,A,0.155658221270023,5.551115123125783e-17,0.06649152274436085,4.546616168154273,True,1,0.02
revision_dfm_kalman_em,exact,2022:Q2:pre_second:exact,2022-08-24,pre_second,2022:Q2,T,M,0.3860794054568654,5.551115123125783e-17,0.06649152274436085,4.546616168154273,True,1,0.02
revision_dfm_kalman_em,exact,2022:Q2:pre_second:exact,2022-08-24,pre_second,2022:Q2,T,S,0.37455834624752327,5.551115123125783e-17,0.06649152274436085,4.546616168154273,True,1,0.02
revision_dfm_kalman_em,exact,2022:Q2:pre_second:exact,2022-08-24,pre_second,2022:Q2,T,T,0.4964861508577426,5.551115123125783e-17,0.06649152274436085,4.546616168154273,True,1,0.02
indicator_revision_only_dfm_kalman_em,pseudo,2022:Q2:pre_second:pseudo,2022-08-31,pre_second,2022:Q2,A,A,0.752832949969354,0.0,0.06317242854693261,4.540000442712154,True,1,0.02
indicator_revision_only_dfm_kalman_em,pseudo,2022:Q2:pre_second:pseudo,2022-08-31,pre_second,2022:Q2,A,M,0.352256081967924,0.0,0.06317242854693261,4.540000442712154,True,1,0.02
indicator_revision_only_dfm_kalman_em,pseudo,2022:Q2:pre_second:pseudo,2022-08-31,pre_second,2022:Q2,A,S,0.352256081967924,0.0,0.06317242854693261,4.540000442712154,True,1,0.02
indicator_revision_only_dfm_kalman_em,pseudo,2022:Q2:pre_second:pseudo,2022-08-31,pre_second,2022:Q2,A,T,0.352256081967924,0.0,0.06317242854693261,4.540000442712154,True,1,0.02
indicator_revision_only_dfm_kalman_em,pseudo,2022:Q2:pre_second:pseudo,2022-08-31,pre_second,2022:Q2,M,A,0.352256081967924,0.0,0.06317242854693261,4.540000442712154,True,1,0.02
indicator_revision_only_dfm_kalman_em,pseudo,2022:Q2:pre_second:pseudo,2022-08-31,pre_second,2022:Q2,M,M,4.427042339298419,0.0,0.06317242854693261,4.540000442712154,True,1,0.02
indicator_revision_only_dfm_kalman_em,pseudo,2022:Q2:pre_second:pseudo,2022-08-31,pre_second,2022:Q2,M,S,0.352256081967924,0.0,0.06317242854693261,4.540000442712154,True,1,0.02
indicator_revision_only_dfm_kalman_em,pseudo,2022:Q2:pre_second:pseudo,2022-08-31,pre_second,2022:Q2,M,T,0.352256081967924,0.0,0.06317242854693261,4.540000442712154,True,1,0.02
indicator_revision_only_dfm_kalman_em,pseudo,2022:Q2:pre_second:pseudo,2022-08-31,pre_second,2022:Q2,S,A,0.352256081967924,0.0,0.06317242854693261,4.540000442712154,True,1,0.02
indicator_revision_only_dfm_kalman_em,pseudo,2022:Q2:pre_second:pseudo,2022-08-31,pre_second,2022:Q2,S,M,0.352256081967924,0.0,0.06317242854693261,4.540000442712154,True,1,0.02
indicator_revision_only_dfm_kalman_em,pseudo,2022:Q2:pre_second:pseudo,2022-08-31,pre_second,2022:Q2,S,S,0.36908580958129855,0.0,0.06317242854693261,4.540000442712154,True,1,0.02
indicator_revision_only_dfm_kalman_em,pseudo,2022:Q2:pre_second:pseudo,2022-08-31,pre_second,2022:Q2,S,T,0.352256081967924,0.0,0.06317242854693261,4.540000442712154,True,1,0.02
indicator_revision_only_dfm_kalman_em,pseudo,2022:Q2:pre_second:pseudo,2022-08-31,pre_second,2022:Q2,T,A,0.352256081967924,0.0,0.06317242854693261,4.540000442712154,True,1,0.02
indicator_revision_only_dfm_kalman_em,pseudo,2022:Q2:pre_second:pseudo,2022-08-31,pre_second,2022:Q2,T,M,0.352256081967924,0.0,0.06317242854693261,4.540000442712154,True,1,0.02
indicator_revision_only_dfm_kalman_em,pseudo,2022:Q2:pre_second:pseudo,2022-08-31,pre_second,2022:Q2,T,S,0.352256081967924,0.0,0.06317242854693261,4.540000442712154,True,1,0.02
indicator_revision_only_dfm_kalman_em,pseudo,2022:Q2:pre_second:pseudo,2022-08-31,pre_second,2022:Q2,T,T,0.47983473785046904,0.0,0.06317242854693261,4.540000442712154,True,1,0.02
joint_indicator_revision_dfm_full_kalman_em,pseudo,2022:Q2:pre_second:pseudo,2022-08-31,pre_second,2022:Q2,A,A,0.26028145628403476,2.7755575615628914e-17,0.06382233343908428,4.512750385114728,True,1,0.02
joint_indicator_revision_dfm_full_kalman_em,pseudo,2022:Q2:pre_second:pseudo,2022-08-31,pre_second,2022:Q2,A,M,0.14238037778246818,2.7755575615628914e-17,0.06382233343908428,4.512750385114728,True,1,0.02
joint_indicator_revision_dfm_full_kalman_em,pseudo,2022:Q2:pre_second:pseudo,2022-08-31,pre_second,2022:Q2,A,S,0.14159075155508785,2.7755575615628914e-17,0.06382233343908428,4.512750385114728,True,1,0.02
joint_indicator_revision_dfm_full_kalman_em,pseudo,2022:Q2:pre_second:pseudo,2022-08-31,pre_second,2022:Q2,A,T,0.14206452729151606,2.7755575615628914e-17,0.06382233343908428,4.512750385114728,True,1,0.02
joint_indicator_revision_dfm_full_kalman_em,pseudo,2022:Q2:pre_second:pseudo,2022-08-31,pre_second,2022:Q2,M,A,0.14238037778246818,2.7755575615628914e-17,0.06382233343908428,4.512750385114728,True,1,0.02
joint_indicator_revision_dfm_full_kalman_em,pseudo,2022:Q2:pre_second:pseudo,2022-08-31,pre_second,2022:Q2,M,M,4.44059296483283,2.7755575615628914e-17,0.06382233343908428,4.512750385114728,True,1,0.02
joint_indicator_revision_dfm_full_kalman_em,pseudo,2022:Q2:pre_second:pseudo,2022-08-31,pre_second,2022:Q2,M,S,0.34722549861267854,2.7755575615628914e-17,0.06382233343908428,4.512750385114728,True,1,0.02
joint_indicator_revision_dfm_full_kalman_em,pseudo,2022:Q2:pre_second:pseudo,2022-08-31,pre_second,2022:Q2,M,T,0.35369429190205365,2.7755575615628914e-17,0.06382233343908428,4.512750385114728,True,1,0.02
joint_indicator_revision_dfm_full_kalman_em,pseudo,2022:Q2:pre_second:pseudo,2022-08-31,pre_second,2022:Q2,S,A,0.14159075155508782,2.7755575615628914e-17,0.06382233343908428,4.512750385114728,True,1,0.02
joint_indicator_revision_dfm_full_kalman_em,pseudo,2022:Q2:pre_second:pseudo,2022-08-31,pre_second,2022:Q2,S,M,0.34722549861267854,2.7755575615628914e-17,0.06382233343908428,4.512750385114728,True,1,0.02
joint_indicator_revision_dfm_full_kalman_em,pseudo,2022:Q2:pre_second:pseudo,2022-08-31,pre_second,2022:Q2,S,S,0.35705751804643043,2.7755575615628914e-17,0.06382233343908428,4.512750385114728,True,1,0.02
joint_indicator_revision_dfm_full_kalman_em,pseudo,2022:Q2:pre_second:pseudo,2022-08-31,pre_second,2022:Q2,S,T,0.34311280367152674,2.7755575615628914e-17,0.06382233343908428,4.512750385114728,True,1,0.02
joint_indicator_revision_dfm_full_kalman_em,pseudo,2022:Q2:pre_second:pseudo,2022-08-31,pre_second,2022:Q2,T,A,0.14206452729151606,2.7755575615628914e-17,0.06382233343908428,4.512750385114728,True,1,0.02
joint_indicator_revision_dfm_full_kalman_em,pseudo,2022:Q2:pre_second:pseudo,2022-08-31,pre_second,2022:Q2,T,M,0.35369429190205365,2.7755575615628914e-17,0.06382233343908428,4.512750385114728,True,1,0.02
joint_indicator_revision_dfm_full_kalman_em,pseudo,2022:Q2:pre_second:pseudo,2022-08-31,pre_second,2022:Q2,T,S,0.34311280367152674,2.7755575615628914e-17,0.06382233343908428,4.512750385114728,True,1,0.02
joint_indicator_revision_dfm_full_kalman_em,pseudo,2022:Q2:pre_second:pseudo,2022-08-31,pre_second,2022:Q2,T,T,0.4704760884045851,2.7755575615628914e-17,0.06382233343908428,4.512750385114728,True,1,0.02
monthly_mixed_frequency_kalman_em,pseudo,2022:Q2:pre_second:pseudo,2022-08-31,pre_second,2022:Q2,A,A,0.4439234804660609,0.0,0.058705207812123544,4.932167589113253,True,1,0.02
monthly_mixed_frequency_kalman_em,pseudo,2022:Q2:pre_second:pseudo,2022-08-31,pre_second,2022:Q2,A,M,0.2143935668001928,0.0,0.058705207812123544,4.932167589113253,True,1,0.02
monthly_mixed_frequency_kalman_em,pseudo,2022:Q2:pre_second:pseudo,2022-08-31,pre_second,2022:Q2,A,S,0.21546976579177188,0.0,0.058705207812123544,4.932167589113253,True,1,0.02
monthly_mixed_frequency_kalman_em,pseudo,2022:Q2:pre_second:pseudo,2022-08-31,pre_second,2022:Q2,A,T,0.21488274816000152,0.0,0.058705207812123544,4.932167589113253,True,1,0.02
monthly_mixed_frequency_kalman_em,pseudo,2022:Q2:pre_second:pseudo,2022-08-31,pre_second,2022:Q2,M,A,0.2143935668001928,0.0,0.058705207812123544,4.932167589113253,True,1,0.02
monthly_mixed_frequency_kalman_em,pseudo,2022:Q2:pre_second:pseudo,2022-08-31,pre_second,2022:Q2,M,M,4.791769406166464,0.0,0.058705207812123544,4.932167589113253,True,1,0.02
monthly_mixed_frequency_kalman_em,pseudo,2022:Q2:pre_second:pseudo,2022-08-31,pre_second,2022:Q2,M,S,0.428596602541882,0.0,0.058705207812123544,4.932167589113253,True,1,0.02
monthly_mixed_frequency_kalman_em,pseudo,2022:Q2:pre_second:pseudo,2022-08-31,pre_second,2022:Q2,M,T,0.5713986263696749,0.0,0.058705207812123544,4.932167589113253,True,1,0.02
monthly_mixed_frequency_kalman_em,pseudo,2022:Q2:pre_second:pseudo,2022-08-31,pre_second,2022:Q2,S,A,0.21546976579177188,0.0,0.058705207812123544,4.932167589113253,True,1,0.02
monthly_mixed_frequency_kalman_em,pseudo,2022:Q2:pre_second:pseudo,2022-08-31,pre_second,2022:Q2,S,M,0.428596602541882,0.0,0.058705207812123544,4.932167589113253,True,1,0.02
monthly_mixed_frequency_kalman_em,pseudo,2022:Q2:pre_second:pseudo,2022-08-31,pre_second,2022:Q2,S,S,0.3626152289767118,0.0,0.058705207812123544,4.932167589113253,True,1,0.02
monthly_mixed_frequency_kalman_em,pseudo,2022:Q2:pre_second:pseudo,2022-08-31,pre_second,2022:Q2,S,T,0.37531489335435453,0.0,0.058705207812123544,4.932167589113253,True,1,0.02
monthly_mixed_frequency_kalman_em,pseudo,2022:Q2:pre_second:pseudo,2022-08-31,pre_second,2022:Q2,T,A,0.21488274816000152,0.0,0.058705207812123544,4.932167589113253,True,1,0.02
monthly_mixed_frequency_kalman_em,pseudo,2022:Q2:pre_second:pseudo,2022-08-31,pre_second,2022:Q2,T,M,0.5713986263696749,0.0,0.058705207812123544,4.932167589113253,True,1,0.02
monthly_mixed_frequency_kalman_em,pseudo,2022:Q2:pre_second:pseudo,2022-08-31,pre_second,2022:Q2,T,S,0.37531489335435453,0.0,0.058705207812123544,4.932167589113253,True,1,0.02
monthly_mixed_frequency_kalman_em,pseudo,2022:Q2:pre_second:pseudo,2022-08-31,pre_second,2022:Q2,T,T,0.5336071076225168,0.0,0.058705207812123544,4.932167589113253,True,1,0.02
revision_dfm_kalman_em,pseudo,2022:Q2:pre_second:pseudo,2022-08-31,pre_second,2022:Q2,A,A,0.2915460058248161,1.1102230246251565e-16,0.06649154422179264,4.546617791162638,True,1,0.02
revision_dfm_kalman_em,pseudo,2022:Q2:pre_second:pseudo,2022-08-31,pre_second,2022:Q2,A,M,0.15593443409019503,1.1102230246251565e-16,0.06649154422179264,4.546617791162638,True,1,0.02
revision_dfm_kalman_em,pseudo,2022:Q2:pre_second:pseudo,2022-08-31,pre_second,2022:Q2,A,S,0.15524393394562325,1.1102230246251565e-16,0.06649154422179264,4.546617791162638,True,1,0.02
revision_dfm_kalman_em,pseudo,2022:Q2:pre_second:pseudo,2022-08-31,pre_second,2022:Q2,A,T,0.1556582340323663,1.1102230246251565e-16,0.06649154422179264,4.546617791162638,True,1,0.02
revision_dfm_kalman_em,pseudo,2022:Q2:pre_second:pseudo,2022-08-31,pre_second,2022:Q2,M,A,0.15593443409019503,1.1102230246251565e-16,0.06649154422179264,4.546617791162638,True,1,0.02
revision_dfm_kalman_em,pseudo,2022:Q2:pre_second:pseudo,2022-08-31,pre_second,2022:Q2,M,M,4.459709551360206,1.1102230246251565e-16,0.06649154422179264,4.546617791162638,True,1,0.02
revision_dfm_kalman_em,pseudo,2022:Q2:pre_second:pseudo,2022-08-31,pre_second,2022:Q2,M,S,0.3790353412324366,1.1102230246251565e-16,0.06649154422179264,4.546617791162638,True,1,0.02
revision_dfm_kalman_em,pseudo,2022:Q2:pre_second:pseudo,2022-08-31,pre_second,2022:Q2,M,T,0.3860806330369284,1.1102230246251565e-16,0.06649154422179264,4.546617791162638,True,1,0.02
revision_dfm_kalman_em,pseudo,2022:Q2:pre_second:pseudo,2022-08-31,pre_second,2022:Q2,S,A,0.15524393394562322,1.1102230246251565e-16,0.06649154422179264,4.546617791162638,True,1,0.02
revision_dfm_kalman_em,pseudo,2022:Q2:pre_second:pseudo,2022-08-31,pre_second,2022:Q2,S,M,0.3790353412324366,1.1102230246251565e-16,0.06649154422179264,4.546617791162638,True,1,0.02
revision_dfm_kalman_em,pseudo,2022:Q2:pre_second:pseudo,2022-08-31,pre_second,2022:Q2,S,S,0.39546376288747803,1.1102230246251565e-16,0.06649154422179264,4.546617791162638,True,1,0.02
revision_dfm_kalman_em,pseudo,2022:Q2:pre_second:pseudo,2022-08-31,pre_second,2022:Q2,S,T,0.37455951308670027,1.1102230246251565e-16,0.06649154422179264,4.546617791162638,True,1,0.02
revision_dfm_kalman_em,pseudo,2022:Q2:pre_second:pseudo,2022-08-31,pre_second,2022:Q2,T,A,0.1556582340323663,1.1102230246251565e-16,0.06649154422179264,4.546617791162638,True,1,0.02
revision_dfm_kalman_em,pseudo,2022:Q2:pre_second:pseudo,2022-08-31,pre_second,2022:Q2,T,M,0.3860806330369284,1.1102230246251565e-16,0.06649154422179264,4.546617791162638,True,1,0.02
revision_dfm_kalman_em,pseudo,2022:Q2:pre_second:pseudo,2022-08-31,pre_second,2022:Q2,T,S,0.3745595130867004,1.1102230246251565e-16,0.06649154422179264,4.546617791162638,True,1,0.02
revision_dfm_kalman_em,pseudo,2022:Q2:pre_second:pseudo,2022-08-31,pre_second,2022:Q2,T,T,0.4964873718671995,1.1102230246251565e-16,0.06649154422179264,4.546617791162638,True,1,0.02
indicator_revision_only_dfm_kalman_em,exact,2022:Q2:pre_third:exact,2022-09-28,pre_third,2022:Q2,A,A,0.4149953441560002,0.0,0.03123988644453648,4.090319040109605,True,1,0.02
indicator_revision_only_dfm_kalman_em,exact,2022:Q2:pre_third:exact,2022-09-28,pre_third,2022:Q2,A,M,0.016733954622882168,0.0,0.03123988644453648,4.090319040109605,True,1,0.02
indicator_revision_only_dfm_kalman_em,exact,2022:Q2:pre_third:exact,2022-09-28,pre_third,2022:Q2,A,S,0.016733954622882168,0.0,0.03123988644453648,4.090319040109605,True,1,0.02
indicator_revision_only_dfm_kalman_em,exact,2022:Q2:pre_third:exact,2022-09-28,pre_third,2022:Q2,A,T,0.016733954622882168,0.0,0.03123988644453648,4.090319040109605,True,1,0.02
indicator_revision_only_dfm_kalman_em,exact,2022:Q2:pre_third:exact,2022-09-28,pre_third,2022:Q2,M,A,0.016733954622882168,0.0,0.03123988644453648,4.090319040109605,True,1,0.02
indicator_revision_only_dfm_kalman_em,exact,2022:Q2:pre_third:exact,2022-09-28,pre_third,2022:Q2,M,M,4.090100979198732,0.0,0.03123988644453648,4.090319040109605,True,1,0.02
indicator_revision_only_dfm_kalman_em,exact,2022:Q2:pre_third:exact,2022-09-28,pre_third,2022:Q2,M,S,0.016733954622882168,0.0,0.03123988644453648,4.090319040109605,True,1,0.02
indicator_revision_only_dfm_kalman_em,exact,2022:Q2:pre_third:exact,2022-09-28,pre_third,2022:Q2,M,T,0.016733954622882168,0.0,0.03123988644453648,4.090319040109605,True,1,0.02
indicator_revision_only_dfm_kalman_em,exact,2022:Q2:pre_third:exact,2022-09-28,pre_third,2022:Q2,S,A,0.016733954622882168,0.0,0.03123988644453648,4.090319040109605,True,1,0.02
indicator_revision_only_dfm_kalman_em,exact,2022:Q2:pre_third:exact,2022-09-28,pre_third,2022:Q2,S,M,0.016733954622882168,0.0,0.03123988644453648,4.090319040109605,True,1,0.02
indicator_revision_only_dfm_kalman_em,exact,2022:Q2:pre_third:exact,2022-09-28,pre_third,2022:Q2,S,S,0.03430713896625456,0.0,0.03123988644453648,4.090319040109605,True,1,0.02
indicator_revision_only_dfm_kalman_em,exact,2022:Q2:pre_third:exact,2022-09-28,pre_third,2022:Q2,S,T,0.016733954622882168,0.0,0.03123988644453648,4.090319040109605,True,1,0.02
indicator_revision_only_dfm_kalman_em,exact,2022:Q2:pre_third:exact,2022-09-28,pre_third,2022:Q2,T,A,0.016733954622882168,0.0,0.03123988644453648,4.090319040109605,True,1,0.02
indicator_revision_only_dfm_kalman_em,exact,2022:Q2:pre_third:exact,2022-09-28,pre_third,2022:Q2,T,M,0.016733954622882168,0.0,0.03123988644453648,4.090319040109605,True,1,0.02
indicator_revision_only_dfm_kalman_em,exact,2022:Q2:pre_third:exact,2022-09-28,pre_third,2022:Q2,T,S,0.016733954622882168,0.0,0.03123988644453648,4.090319040109605,True,1,0.02
indicator_revision_only_dfm_kalman_em,exact,2022:Q2:pre_third:exact,2022-09-28,pre_third,2022:Q2,T,T,0.14376135435003431,0.0,0.03123988644453648,4.090319040109605,True,1,0.02
joint_indicator_revision_dfm_full_kalman_em,exact,2022:Q2:pre_third:exact,2022-09-28,pre_third,2022:Q2,A,A,0.19541883470889604,1.734723475976807e-18,0.036839467457911744,4.101764096655704,True,1,0.02
joint_indicator_revision_dfm_full_kalman_em,exact,2022:Q2:pre_third:exact,2022-09-28,pre_third,2022:Q2,A,M,0.004335938687592172,1.734723475976807e-18,0.036839467457911744,4.101764096655704,True,1,0.02
joint_indicator_revision_dfm_full_kalman_em,exact,2022:Q2:pre_third:exact,2022-09-28,pre_third,2022:Q2,A,S,0.00767181358449469,1.734723475976807e-18,0.036839467457911744,4.101764096655704,True,1,0.02
joint_indicator_revision_dfm_full_kalman_em,exact,2022:Q2:pre_third:exact,2022-09-28,pre_third,2022:Q2,A,T,0.00567028864635318,1.734723475976807e-18,0.036839467457911744,4.101764096655704,True,1,0.02
joint_indicator_revision_dfm_full_kalman_em,exact,2022:Q2:pre_third:exact,2022-09-28,pre_third,2022:Q2,M,A,0.004335938687592172,1.734723475976807e-18,0.036839467457911744,4.101764096655704,True,1,0.02
joint_indicator_revision_dfm_full_kalman_em,exact,2022:Q2:pre_third:exact,2022-09-28,pre_third,2022:Q2,M,M,4.101540921167258,1.734723475976807e-18,0.036839467457911744,4.101764096655704,True,1,0.02
joint_indicator_revision_dfm_full_kalman_em,exact,2022:Q2:pre_third:exact,2022-09-28,pre_third,2022:Q2,M,S,0.020602498479281816,1.734723475976807e-18,0.036839467457911744,4.101764096655704,True,1,0.02
joint_indicator_revision_dfm_full_kalman_em,exact,2022:Q2:pre_third:exact,2022-09-28,pre_third,2022:Q2,M,T,0.02111617931480886,1.734723475976807e-18,0.036839467457911744,4.101764096655704,True,1,0.02
joint_indicator_revision_dfm_full_kalman_em,exact,2022:Q2:pre_third:exact,2022-09-28,pre_third,2022:Q2,S,A,0.007671813584494692,1.734723475976807e-18,0.036839467457911744,4.101764096655704,True,1,0.02
joint_indicator_revision_dfm_full_kalman_em,exact,2022:Q2:pre_third:exact,2022-09-28,pre_third,2022:Q2,S,M,0.020602498479281816,1.734723475976807e-18,0.036839467457911744,4.101764096655704,True,1,0.02
joint_indicator_revision_dfm_full_kalman_em,exact,2022:Q2:pre_third:exact,2022-09-28,pre_third,2022:Q2,S,S,0.04116208701462904,1.734723475976807e-18,0.036839467457911744,4.101764096655704,True,1,0.02
joint_indicator_revision_dfm_full_kalman_em,exact,2022:Q2:pre_third:exact,2022-09-28,pre_third,2022:Q2,S,T,0.020343884781386073,1.734723475976807e-18,0.036839467457911744,4.101764096655704,True,1,0.02
joint_indicator_revision_dfm_full_kalman_em,exact,2022:Q2:pre_third:exact,2022-09-28,pre_third,2022:Q2,T,A,0.00567028864635318,1.734723475976807e-18,0.036839467457911744,4.101764096655704,True,1,0.02
joint_indicator_revision_dfm_full_kalman_em,exact,2022:Q2:pre_third:exact,2022-09-28,pre_third,2022:Q2,T,M,0.02111617931480886,1.734723475976807e-18,0.036839467457911744,4.101764096655704,True,1,0.02
joint_indicator_revision_dfm_full_kalman_em,exact,2022:Q2:pre_third:exact,2022-09-28,pre_third,2022:Q2,T,S,0.020343884781386073,1.734723475976807e-18,0.036839467457911744,4.101764096655704,True,1,0.02
joint_indicator_revision_dfm_full_kalman_em,exact,2022:Q2:pre_third:exact,2022-09-28,pre_third,2022:Q2,T,T,0.14069958425674223,1.734723475976807e-18,0.036839467457911744,4.101764096655704,True,1,0.02
monthly_mixed_frequency_kalman_em,exact,2022:Q2:pre_third:exact,2022-09-28,pre_third,2022:Q2,A,A,0.3136490898027669,0.0,0.05807835400624522,4.291396778660963,True,1,0.02
monthly_mixed_frequency_kalman_em,exact,2022:Q2:pre_third:exact,2022-09-28,pre_third,2022:Q2,A,M,-0.039974187854380575,0.0,0.05807835400624522,4.291396778660963,True,1,0.02
monthly_mixed_frequency_kalman_em,exact,2022:Q2:pre_third:exact,2022-09-28,pre_third,2022:Q2,A,S,0.030438723586913942,0.0,0.05807835400624522,4.291396778660963,True,1,0.02
monthly_mixed_frequency_kalman_em,exact,2022:Q2:pre_third:exact,2022-09-28,pre_third,2022:Q2,A,T,-0.007968319017428527,0.0,0.05807835400624522,4.291396778660963,True,1,0.02
monthly_mixed_frequency_kalman_em,exact,2022:Q2:pre_third:exact,2022-09-28,pre_third,2022:Q2,M,A,-0.039974187854380575,0.0,0.05807835400624522,4.291396778660963,True,1,0.02
monthly_mixed_frequency_kalman_em,exact,2022:Q2:pre_third:exact,2022-09-28,pre_third,2022:Q2,M,M,4.286120266946514,0.0,0.05807835400624522,4.291396778660963,True,1,0.02
monthly_mixed_frequency_kalman_em,exact,2022:Q2:pre_third:exact,2022-09-28,pre_third,2022:Q2,M,S,0.060792600412870816,0.0,0.05807835400624522,4.291396778660963,True,1,0.02
monthly_mixed_frequency_kalman_em,exact,2022:Q2:pre_third:exact,2022-09-28,pre_third,2022:Q2,M,T,0.1279704592577051,0.0,0.05807835400624522,4.291396778660963,True,1,0.02
monthly_mixed_frequency_kalman_em,exact,2022:Q2:pre_third:exact,2022-09-28,pre_third,2022:Q2,S,A,0.030438723586913942,0.0,0.05807835400624522,4.291396778660963,True,1,0.02
monthly_mixed_frequency_kalman_em,exact,2022:Q2:pre_third:exact,2022-09-28,pre_third,2022:Q2,S,M,0.060792600412870816,0.0,0.05807835400624522,4.291396778660963,True,1,0.02
monthly_mixed_frequency_kalman_em,exact,2022:Q2:pre_third:exact,2022-09-28,pre_third,2022:Q2,S,S,0.0955218897793148,0.0,0.05807835400624522,4.291396778660963,True,1,0.02
monthly_mixed_frequency_kalman_em,exact,2022:Q2:pre_third:exact,2022-09-28,pre_third,2022:Q2,S,T,0.0532041312063816,0.0,0.05807835400624522,4.291396778660963,True,1,0.02
monthly_mixed_frequency_kalman_em,exact,2022:Q2:pre_third:exact,2022-09-28,pre_third,2022:Q2,T,A,-0.007968319017428527,0.0,0.05807835400624522,4.291396778660963,True,1,0.02
monthly_mixed_frequency_kalman_em,exact,2022:Q2:pre_third:exact,2022-09-28,pre_third,2022:Q2,T,M,0.1279704592577051,0.0,0.05807835400624522,4.291396778660963,True,1,0.02
monthly_mixed_frequency_kalman_em,exact,2022:Q2:pre_third:exact,2022-09-28,pre_third,2022:Q2,T,S,0.0532041312063816,0.0,0.05807835400624522,4.291396778660963,True,1,0.02
monthly_mixed_frequency_kalman_em,exact,2022:Q2:pre_third:exact,2022-09-28,pre_third,2022:Q2,T,T,0.1451578153924014,0.0,0.05807835400624522,4.291396778660963,True,1,0.02
revision_dfm_kalman_em,exact,2022:Q2:pre_third:exact,2022-09-28,pre_third,2022:Q2,A,A,0.22994573916615496,6.938893903907228e-18,0.04466442588673339,4.0970743687198645,True,1,0.02
revision_dfm_kalman_em,exact,2022:Q2:pre_third:exact,2022-09-28,pre_third,2022:Q2,A,M,0.006876042929221303,6.938893903907228e-18,0.04466442588673339,4.0970743687198645,True,1,0.02
revision_dfm_kalman_em,exact,2022:Q2:pre_third:exact,2022-09-28,pre_third,2022:Q2,A,S,0.010572268761353082,6.938893903907228e-18,0.04466442588673339,4.0970743687198645,True,1,0.02
revision_dfm_kalman_em,exact,2022:Q2:pre_third:exact,2022-09-28,pre_third,2022:Q2,A,T,0.008354533262074014,6.938893903907228e-18,0.04466442588673339,4.0970743687198645,True,1,0.02
revision_dfm_kalman_em,exact,2022:Q2:pre_third:exact,2022-09-28,pre_third,2022:Q2,M,A,0.006876042929221303,6.938893903907228e-18,0.04466442588673339,4.0970743687198645,True,1,0.02
revision_dfm_kalman_em,exact,2022:Q2:pre_third:exact,2022-09-28,pre_third,2022:Q2,M,M,4.0967203239766015,6.938893903907228e-18,0.04466442588673339,4.0970743687198645,True,1,0.02
revision_dfm_kalman_em,exact,2022:Q2:pre_third:exact,2022-09-28,pre_third,2022:Q2,M,S,0.025742727612839095,6.938893903907228e-18,0.04466442588673339,4.0970743687198645,True,1,0.02
revision_dfm_kalman_em,exact,2022:Q2:pre_third:exact,2022-09-28,pre_third,2022:Q2,M,T,0.02633851765547966,6.938893903907228e-18,0.04466442588673339,4.0970743687198645,True,1,0.02
revision_dfm_kalman_em,exact,2022:Q2:pre_third:exact,2022-09-28,pre_third,2022:Q2,S,A,0.01057226876135308,6.938893903907228e-18,0.04466442588673339,4.0970743687198645,True,1,0.02
revision_dfm_kalman_em,exact,2022:Q2:pre_third:exact,2022-09-28,pre_third,2022:Q2,S,M,0.025742727612839095,6.938893903907228e-18,0.04466442588673339,4.0970743687198645,True,1,0.02
revision_dfm_kalman_em,exact,2022:Q2:pre_third:exact,2022-09-28,pre_third,2022:Q2,S,S,0.05179870576164988,6.938893903907228e-18,0.04466442588673339,4.0970743687198645,True,1,0.02
revision_dfm_kalman_em,exact,2022:Q2:pre_third:exact,2022-09-28,pre_third,2022:Q2,S,T,0.025439318435809374,6.938893903907228e-18,0.04466442588673339,4.0970743687198645,True,1,0.02
revision_dfm_kalman_em,exact,2022:Q2:pre_third:exact,2022-09-28,pre_third,2022:Q2,T,A,0.008354533262074016,6.938893903907228e-18,0.04466442588673339,4.0970743687198645,True,1,0.02
revision_dfm_kalman_em,exact,2022:Q2:pre_third:exact,2022-09-28,pre_third,2022:Q2,T,M,0.02633851765547966,6.938893903907228e-18,0.04466442588673339,4.0970743687198645,True,1,0.02
revision_dfm_kalman_em,exact,2022:Q2:pre_third:exact,2022-09-28,pre_third,2022:Q2,T,S,0.02543931843580938,6.938893903907228e-18,0.04466442588673339,4.0970743687198645,True,1,0.02
revision_dfm_kalman_em,exact,2022:Q2:pre_third:exact,2022-09-28,pre_third,2022:Q2,T,T,0.1417224625624852,6.938893903907228e-18,0.04466442588673339,4.0970743687198645,True,1,0.02
indicator_revision_only_dfm_kalman_em,pseudo,2022:Q2:pre_third:pseudo,2022-09-30,pre_third,2022:Q2,A,A,0.41499513522354986,0.0,0.031238353015500434,4.090320340831404,True,1,0.02
indicator_revision_only_dfm_kalman_em,pseudo,2022:Q2:pre_third:pseudo,2022-09-30,pre_third,2022:Q2,A,M,0.016733049116500646,0.0,0.031238353015500434,4.090320340831404,True,1,0.02
indicator_revision_only_dfm_kalman_em,pseudo,2022:Q2:pre_third:pseudo,2022-09-30,pre_third,2022:Q2,A,S,0.016733049116500646,0.0,0.031238353015500434,4.090320340831404,True,1,0.02
indicator_revision_only_dfm_kalman_em,pseudo,2022:Q2:pre_third:pseudo,2022-09-30,pre_third,2022:Q2,A,T,0.016733049116500646,0.0,0.031238353015500434,4.090320340831404,True,1,0.02
indicator_revision_only_dfm_kalman_em,pseudo,2022:Q2:pre_third:pseudo,2022-09-30,pre_third,2022:Q2,M,A,0.016733049116500646,0.0,0.031238353015500434,4.090320340831404,True,1,0.02
indicator_revision_only_dfm_kalman_em,pseudo,2022:Q2:pre_third:pseudo,2022-09-30,pre_third,2022:Q2,M,M,4.090102303734853,0.0,0.031238353015500434,4.090320340831404,True,1,0.02
indicator_revision_only_dfm_kalman_em,pseudo,2022:Q2:pre_third:pseudo,2022-09-30,pre_third,2022:Q2,M,S,0.016733049116500646,0.0,0.031238353015500434,4.090320340831404,True,1,0.02
indicator_revision_only_dfm_kalman_em,pseudo,2022:Q2:pre_third:pseudo,2022-09-30,pre_third,2022:Q2,M,T,0.016733049116500646,0.0,0.031238353015500434,4.090320340831404,True,1,0.02
indicator_revision_only_dfm_kalman_em,pseudo,2022:Q2:pre_third:pseudo,2022-09-30,pre_third,2022:Q2,S,A,0.016733049116500646,0.0,0.031238353015500434,4.090320340831404,True,1,0.02
indicator_revision_only_dfm_kalman_em,pseudo,2022:Q2:pre_third:pseudo,2022-09-30,pre_third,2022:Q2,S,M,0.016733049116500646,0.0,0.031238353015500434,4.090320340831404,True,1,0.02
indicator_revision_only_dfm_kalman_em,pseudo,2022:Q2:pre_third:pseudo,2022-09-30,pre_third,2022:Q2,S,S,0.034305253862372626,0.0,0.031238353015500434,4.090320340831404,True,1,0.02
indicator_revision_only_dfm_kalman_em,pseudo,2022:Q2:pre_third:pseudo,2022-09-30,pre_third,2022:Q2,S,T,0.016733049116500646,0.0,0.031238353015500434,4.090320340831404,True,1,0.02
indicator_revision_only_dfm_kalman_em,pseudo,2022:Q2:pre_third:pseudo,2022-09-30,pre_third,2022:Q2,T,A,0.016733049116500646,0.0,0.031238353015500434,4.090320340831404,True,1,0.02
indicator_revision_only_dfm_kalman_em,pseudo,2022:Q2:pre_third:pseudo,2022-09-30,pre_third,2022:Q2,T,M,0.016733049116500646,0.0,0.031238353015500434,4.090320340831404,True,1,0.02
indicator_revision_only_dfm_kalman_em,pseudo,2022:Q2:pre_third:pseudo,2022-09-30,pre_third,2022:Q2,T,S,0.016733049116500646,0.0,0.031238353015500434,4.090320340831404,True,1,0.02
indicator_revision_only_dfm_kalman_em,pseudo,2022:Q2:pre_third:pseudo,2022-09-30,pre_third,2022:Q2,T,T,0.14376122538898303,0.0,0.031238353015500434,4.090320340831404,True,1,0.02
joint_indicator_revision_dfm_full_kalman_em,pseudo,2022:Q2:pre_third:pseudo,2022-09-30,pre_third,2022:Q2,A,A,0.19562018153037308,8.673617379884035e-19,0.0368442128792842,4.101761062392865,True,1,0.02
joint_indicator_revision_dfm_full_kalman_em,pseudo,2022:Q2:pre_third:pseudo,2022-09-30,pre_third,2022:Q2,A,M,0.004346079305454415,8.673617379884035e-19,0.0368442128792842,4.101761062392865,True,1,0.02
joint_indicator_revision_dfm_full_kalman_em,pseudo,2022:Q2:pre_third:pseudo,2022-09-30,pre_third,2022:Q2,A,S,0.007682875721256619,8.673617379884035e-19,0.0368442128792842,4.101761062392865,True,1,0.02
joint_indicator_revision_dfm_full_kalman_em,pseudo,2022:Q2:pre_third:pseudo,2022-09-30,pre_third,2022:Q2,A,T,0.005680797871775297,8.673617379884035e-19,0.0368442128792842,4.101761062392865,True,1,0.02
joint_indicator_revision_dfm_full_kalman_em,pseudo,2022:Q2:pre_third:pseudo,2022-09-30,pre_third,2022:Q2,M,A,0.004346079305454415,8.673617379884035e-19,0.0368442128792842,4.101761062392865,True,1,0.02
joint_indicator_revision_dfm_full_kalman_em,pseudo,2022:Q2:pre_third:pseudo,2022-09-30,pre_third,2022:Q2,M,M,4.1015378100306705,8.673617379884035e-19,0.0368442128792842,4.101761062392865,True,1,0.02
joint_indicator_revision_dfm_full_kalman_em,pseudo,2022:Q2:pre_third:pseudo,2022-09-30,pre_third,2022:Q2,M,S,0.020605149509821594,8.673617379884035e-19,0.0368442128792842,4.101761062392865,True,1,0.02
joint_indicator_revision_dfm_full_kalman_em,pseudo,2022:Q2:pre_third:pseudo,2022-09-30,pre_third,2022:Q2,M,T,0.02111859383206477,8.673617379884035e-19,0.0368442128792842,4.101761062392865,True,1,0.02
joint_indicator_revision_dfm_full_kalman_em,pseudo,2022:Q2:pre_third:pseudo,2022-09-30,pre_third,2022:Q2,S,A,0.007682875721256618,8.673617379884035e-19,0.0368442128792842,4.101761062392865,True,1,0.02
joint_indicator_revision_dfm_full_kalman_em,pseudo,2022:Q2:pre_third:pseudo,2022-09-30,pre_third,2022:Q2,S,M,0.020605149509821594,8.673617379884035e-19,0.0368442128792842,4.101761062392865,True,1,0.02
joint_indicator_revision_dfm_full_kalman_em,pseudo,2022:Q2:pre_third:pseudo,2022-09-30,pre_third,2022:Q2,S,S,0.04116847495767869,8.673617379884035e-19,0.0368442128792842,4.101761062392865,True,1,0.02
joint_indicator_revision_dfm_full_kalman_em,pseudo,2022:Q2:pre_third:pseudo,2022-09-30,pre_third,2022:Q2,S,T,0.020346704034050294,8.673617379884035e-19,0.0368442128792842,4.101761062392865,True,1,0.02
joint_indicator_revision_dfm_full_kalman_em,pseudo,2022:Q2:pre_third:pseudo,2022-09-30,pre_third,2022:Q2,T,A,0.005680797871775297,8.673617379884035e-19,0.0368442128792842,4.101761062392865,True,1,0.02
joint_indicator_revision_dfm_full_kalman_em,pseudo,2022:Q2:pre_third:pseudo,2022-09-30,pre_third,2022:Q2,T,M,0.02111859383206477,8.673617379884035e-19,0.0368442128792842,4.101761062392865,True,1,0.02
joint_indicator_revision_dfm_full_kalman_em,pseudo,2022:Q2:pre_third:pseudo,2022-09-30,pre_third,2022:Q2,T,S,0.020346704034050294,8.673617379884035e-19,0.0368442128792842,4.101761062392865,True,1,0.02
joint_indicator_revision_dfm_full_kalman_em,pseudo,2022:Q2:pre_third:pseudo,2022-09-30,pre_third,2022:Q2,T,T,0.14070083727536242,8.673617379884035e-19,0.0368442128792842,4.101761062392865,True,1,0.02
monthly_mixed_frequency_kalman_em,pseudo,2022:Q2:pre_third:pseudo,2022-09-30,pre_third,2022:Q2,A,A,0.3135625516442333,0.0,0.058084973443056624,4.29146578423669,True,1,0.02
monthly_mixed_frequency_kalman_em,pseudo,2022:Q2:pre_third:pseudo,2022-09-30,pre_third,2022:Q2,A,M,-0.039971937830628274,0.0,0.058084973443056624,4.29146578423669,True,1,0.02
monthly_mixed_frequency_kalman_em,pseudo,2022:Q2:pre_third:pseudo,2022-09-30,pre_third,2022:Q2,A,S,0.030436328197997565,0.0,0.058084973443056624,4.29146578423669,True,1,0.02
monthly_mixed_frequency_kalman_em,pseudo,2022:Q2:pre_third:pseudo,2022-09-30,pre_third,2022:Q2,A,T,-0.007968180544889254,0.0,0.058084973443056624,4.29146578423669,True,1,0.02
monthly_mixed_frequency_kalman_em,pseudo,2022:Q2:pre_third:pseudo,2022-09-30,pre_third,2022:Q2,M,A,-0.039971937830628274,0.0,0.058084973443056624,4.29146578423669,True,1,0.02
monthly_mixed_frequency_kalman_em,pseudo,2022:Q2:pre_third:pseudo,2022-09-30,pre_third,2022:Q2,M,M,4.286187398188057,0.0,0.058084973443056624,4.29146578423669,True,1,0.02
monthly_mixed_frequency_kalman_em,pseudo,2022:Q2:pre_third:pseudo,2022-09-30,pre_third,2022:Q2,M,S,0.060808159374439154,0.0,0.058084973443056624,4.29146578423669,True,1,0.02
monthly_mixed_frequency_kalman_em,pseudo,2022:Q2:pre_third:pseudo,2022-09-30,pre_third,2022:Q2,M,T,0.12799489084448412,0.0,0.058084973443056624,4.29146578423669,True,1,0.02
monthly_mixed_frequency_kalman_em,pseudo,2022:Q2:pre_third:pseudo,2022-09-30,pre_third,2022:Q2,S,A,0.030436328197997565,0.0,0.058084973443056624,4.29146578423669,True,1,0.02
monthly_mixed_frequency_kalman_em,pseudo,2022:Q2:pre_third:pseudo,2022-09-30,pre_third,2022:Q2,S,M,0.060808159374439154,0.0,0.058084973443056624,4.29146578423669,True,1,0.02
monthly_mixed_frequency_kalman_em,pseudo,2022:Q2:pre_third:pseudo,2022-09-30,pre_third,2022:Q2,S,S,0.09553664442216823,0.0,0.058084973443056624,4.29146578423669,True,1,0.02
monthly_mixed_frequency_kalman_em,pseudo,2022:Q2:pre_third:pseudo,2022-09-30,pre_third,2022:Q2,S,T,0.05321520158032877,0.0,0.058084973443056624,4.29146578423669,True,1,0.02
monthly_mixed_frequency_kalman_em,pseudo,2022:Q2:pre_third:pseudo,2022-09-30,pre_third,2022:Q2,T,A,-0.007968180544889254,0.0,0.058084973443056624,4.29146578423669,True,1,0.02
monthly_mixed_frequency_kalman_em,pseudo,2022:Q2:pre_third:pseudo,2022-09-30,pre_third,2022:Q2,T,M,0.12799489084448412,0.0,0.058084973443056624,4.29146578423669,True,1,0.02
monthly_mixed_frequency_kalman_em,pseudo,2022:Q2:pre_third:pseudo,2022-09-30,pre_third,2022:Q2,T,S,0.05321520158032877,0.0,0.058084973443056624,4.29146578423669,True,1,0.02
monthly_mixed_frequency_kalman_em,pseudo,2022:Q2:pre_third:pseudo,2022-09-30,pre_third,2022:Q2,T,T,0.14518183511123403,0.0,0.058084973443056624,4.29146578423669,True,1,0.02
revision_dfm_kalman_em,pseudo,2022:Q2:pre_third:pseudo,2022-09-30,pre_third,2022:Q2,A,A,0.22987602823703135,1.734723475976807e-18,0.04466395020351159,4.097079683398095,True,1,0.02
revision_dfm_kalman_em,pseudo,2022:Q2:pre_third:pseudo,2022-09-30,pre_third,2022:Q2,A,M,0.006868602171953503,1.734723475976807e-18,0.04466395020351159,4.097079683398095,True,1,0.02
revision_dfm_kalman_em,pseudo,2022:Q2:pre_third:pseudo,2022-09-30,pre_third,2022:Q2,A,S,0.010565223683996138,1.734723475976807e-18,0.04466395020351159,4.097079683398095,True,1,0.02
revision_dfm_kalman_em,pseudo,2022:Q2:pre_third:pseudo,2022-09-30,pre_third,2022:Q2,A,T,0.008347250776770556,1.734723475976807e-18,0.04466395020351159,4.097079683398095,True,1,0.02
revision_dfm_kalman_em,pseudo,2022:Q2:pre_third:pseudo,2022-09-30,pre_third,2022:Q2,M,A,0.006868602171953503,1.734723475976807e-18,0.04466395020351159,4.097079683398095,True,1,0.02
revision_dfm_kalman_em,pseudo,2022:Q2:pre_third:pseudo,2022-09-30,pre_third,2022:Q2,M,M,4.096725662848154,1.734723475976807e-18,0.04466395020351159,4.097079683398095,True,1,0.02
revision_dfm_kalman_em,pseudo,2022:Q2:pre_third:pseudo,2022-09-30,pre_third,2022:Q2,M,S,0.02574275382879372,1.734723475976807e-18,0.04466395020351159,4.097079683398095,True,1,0.02
revision_dfm_kalman_em,pseudo,2022:Q2:pre_third:pseudo,2022-09-30,pre_third,2022:Q2,M,T,0.026338779670588678,1.734723475976807e-18,0.04466395020351159,4.097079683398095,True,1,0.02
revision_dfm_kalman_em,pseudo,2022:Q2:pre_third:pseudo,2022-09-30,pre_third,2022:Q2,S,A,0.010565223683996138,1.734723475976807e-18,0.04466395020351159,4.097079683398095,True,1,0.02
revision_dfm_kalman_em,pseudo,2022:Q2:pre_third:pseudo,2022-09-30,pre_third,2022:Q2,S,M,0.02574275382879372,1.734723475976807e-18,0.04466395020351159,4.097079683398095,True,1,0.02
revision_dfm_kalman_em,pseudo,2022:Q2:pre_third:pseudo,2022-09-30,pre_third,2022:Q2,S,S,0.05179786413371787,1.734723475976807e-18,0.04466395020351159,4.097079683398095,True,1,0.02
revision_dfm_kalman_em,pseudo,2022:Q2:pre_third:pseudo,2022-09-30,pre_third,2022:Q2,S,T,0.02543920322589777,1.734723475976807e-18,0.04466395020351159,4.097079683398095,True,1,0.02
revision_dfm_kalman_em,pseudo,2022:Q2:pre_third:pseudo,2022-09-30,pre_third,2022:Q2,T,A,0.008347250776770558,1.734723475976807e-18,0.04466395020351159,4.097079683398095,True,1,0.02
revision_dfm_kalman_em,pseudo,2022:Q2:pre_third:pseudo,2022-09-30,pre_third,2022:Q2,T,M,0.026338779670588678,1.734723475976807e-18,0.04466395020351159,4.097079683398095,True,1,0.02
revision_dfm_kalman_em,pseudo,2022:Q2:pre_third:pseudo,2022-09-30,pre_third,2022:Q2,T,S,0.02543920322589777,1.734723475976807e-18,0.04466395020351159,4.097079683398095,True,1,0.02
revision_dfm_kalman_em,pseudo,2022:Q2:pre_third:pseudo,2022-09-30,pre_third,2022:Q2,T,T,0.1417217245545606,1.734723475976807e-18,0.04466395020351159,4.097079683398095,True,1,0.02
indicator_revision_only_dfm_kalman_em,exact,2022:Q3:pre_advance:exact,2022-10-26,pre_advance,2022:Q3,A,A,3.3848985292179004,0.0,0.06994207658649347,13.388703120487524,True,1,0.02
indicator_revision_only_dfm_kalman_em,exact,2022:Q3:pre_advance:exact,2022-10-26,pre_advance,2022:Q3,A,M,2.990147163995549,0.0,0.06994207658649347,13.388703120487524,True,1,0.02
indicator_revision_only_dfm_kalman_em,exact,2022:Q3:pre_advance:exact,2022-10-26,pre_advance,2022:Q3,A,S,2.990147163995549,0.0,0.06994207658649347,13.388703120487524,True,1,0.02
indicator_revision_only_dfm_kalman_em,exact,2022:Q3:pre_advance:exact,2022-10-26,pre_advance,2022:Q3,A,T,2.990147163995549,0.0,0.06994207658649347,13.388703120487524,True,1,0.02
indicator_revision_only_dfm_kalman_em,exact,2022:Q3:pre_advance:exact,2022-10-26,pre_advance,2022:Q3,M,A,2.990147163995549,0.0,0.06994207658649347,13.388703120487524,True,1,0.02
indicator_revision_only_dfm_kalman_em,exact,2022:Q3:pre_advance:exact,2022-10-26,pre_advance,2022:Q3,M,M,7.056262153688972,0.0,0.06994207658649347,13.388703120487524,True,1,0.02
indicator_revision_only_dfm_kalman_em,exact,2022:Q3:pre_advance:exact,2022-10-26,pre_advance,2022:Q3,M,S,2.990147163995549,0.0,0.06994207658649347,13.388703120487524,True,1,0.02
indicator_revision_only_dfm_kalman_em,exact,2022:Q3:pre_advance:exact,2022-10-26,pre_advance,2022:Q3,M,T,2.990147163995549,0.0,0.06994207658649347,13.388703120487524,True,1,0.02
indicator_revision_only_dfm_kalman_em,exact,2022:Q3:pre_advance:exact,2022-10-26,pre_advance,2022:Q3,S,A,2.990147163995549,0.0,0.06994207658649347,13.388703120487524,True,1,0.02
indicator_revision_only_dfm_kalman_em,exact,2022:Q3:pre_advance:exact,2022-10-26,pre_advance,2022:Q3,S,M,2.990147163995549,0.0,0.06994207658649347,13.388703120487524,True,1,0.02
indicator_revision_only_dfm_kalman_em,exact,2022:Q3:pre_advance:exact,2022-10-26,pre_advance,2022:Q3,S,S,3.019177337522846,0.0,0.06994207658649347,13.388703120487524,True,1,0.02
indicator_revision_only_dfm_kalman_em,exact,2022:Q3:pre_advance:exact,2022-10-26,pre_advance,2022:Q3,S,T,2.990147163995549,0.0,0.06994207658649347,13.388703120487524,True,1,0.02
indicator_revision_only_dfm_kalman_em,exact,2022:Q3:pre_advance:exact,2022-10-26,pre_advance,2022:Q3,T,A,2.990147163995549,0.0,0.06994207658649347,13.388703120487524,True,1,0.02
indicator_revision_only_dfm_kalman_em,exact,2022:Q3:pre_advance:exact,2022-10-26,pre_advance,2022:Q3,T,M,2.990147163995549,0.0,0.06994207658649347,13.388703120487524,True,1,0.02
indicator_revision_only_dfm_kalman_em,exact,2022:Q3:pre_advance:exact,2022-10-26,pre_advance,2022:Q3,T,S,2.990147163995549,0.0,0.06994207658649347,13.388703120487524,True,1,0.02
indicator_revision_only_dfm_kalman_em,exact,2022:Q3:pre_advance:exact,2022-10-26,pre_advance,2022:Q3,T,T,3.1082139102658695,0.0,0.06994207658649347,13.388703120487524,True,1,0.02
joint_indicator_revision_dfm_full_kalman_em,exact,2022:Q3:pre_advance:exact,2022-10-26,pre_advance,2022:Q3,A,A,2.4273667524235116,4.440892098500626e-16,0.06694142658764463,12.966444160519847,True,1,0.02
joint_indicator_revision_dfm_full_kalman_em,exact,2022:Q3:pre_advance:exact,2022-10-26,pre_advance,2022:Q3,A,M,2.591053870203563,4.440892098500626e-16,0.06694142658764463,12.966444160519847,True,1,0.02
joint_indicator_revision_dfm_full_kalman_em,exact,2022:Q3:pre_advance:exact,2022-10-26,pre_advance,2022:Q3,A,S,2.576031142558583,4.440892098500626e-16,0.06694142658764463,12.966444160519847,True,1,0.02
joint_indicator_revision_dfm_full_kalman_em,exact,2022:Q3:pre_advance:exact,2022-10-26,pre_advance,2022:Q3,A,T,2.5850447791455706,4.440892098500626e-16,0.06694142658764463,12.966444160519847,True,1,0.02
joint_indicator_revision_dfm_full_kalman_em,exact,2022:Q3:pre_advance:exact,2022-10-26,pre_advance,2022:Q3,M,A,2.591053870203563,4.440892098500626e-16,0.06694142658764463,12.966444160519847,True,1,0.02
joint_indicator_revision_dfm_full_kalman_em,exact,2022:Q3:pre_advance:exact,2022-10-26,pre_advance,2022:Q3,M,M,7.2046382033748895,4.440892098500626e-16,0.06694142658764463,12.966444160519847,True,1,0.02
joint_indicator_revision_dfm_full_kalman_em,exact,2022:Q3:pre_advance:exact,2022-10-26,pre_advance,2022:Q3,M,S,3.0971943649197744,4.440892098500626e-16,0.06694142658764463,12.966444160519847,True,1,0.02
joint_indicator_revision_dfm_full_kalman_em,exact,2022:Q3:pre_advance:exact,2022-10-26,pre_advance,2022:Q3,M,T,3.1131777489634445,4.440892098500626e-16,0.06694142658764463,12.966444160519847,True,1,0.02
joint_indicator_revision_dfm_full_kalman_em,exact,2022:Q3:pre_advance:exact,2022-10-26,pre_advance,2022:Q3,S,A,2.5760311425585827,4.440892098500626e-16,0.06694142658764463,12.966444160519847,True,1,0.02
joint_indicator_revision_dfm_full_kalman_em,exact,2022:Q3:pre_advance:exact,2022-10-26,pre_advance,2022:Q3,S,M,3.0971943649197744,4.440892098500626e-16,0.06694142658764463,12.966444160519847,True,1,0.02
joint_indicator_revision_dfm_full_kalman_em,exact,2022:Q3:pre_advance:exact,2022-10-26,pre_advance,2022:Q3,S,S,3.10204339410945,4.440892098500626e-16,0.06694142658764463,12.966444160519847,True,1,0.02
joint_indicator_revision_dfm_full_kalman_em,exact,2022:Q3:pre_advance:exact,2022-10-26,pre_advance,2022:Q3,S,T,3.0867711004725504,4.440892098500626e-16,0.06694142658764463,12.966444160519847,True,1,0.02
joint_indicator_revision_dfm_full_kalman_em,exact,2022:Q3:pre_advance:exact,2022-10-26,pre_advance,2022:Q3,T,A,2.5850447791455706,4.440892098500626e-16,0.06694142658764463,12.966444160519847,True,1,0.02
joint_indicator_revision_dfm_full_kalman_em,exact,2022:Q3:pre_advance:exact,2022-10-26,pre_advance,2022:Q3,T,M,3.1131777489634445,4.440892098500626e-16,0.06694142658764463,12.966444160519847,True,1,0.02
joint_indicator_revision_dfm_full_kalman_em,exact,2022:Q3:pre_advance:exact,2022-10-26,pre_advance,2022:Q3,T,S,3.086771100472551,4.440892098500626e-16,0.06694142658764463,12.966444160519847,True,1,0.02
joint_indicator_revision_dfm_full_kalman_em,exact,2022:Q3:pre_advance:exact,2022-10-26,pre_advance,2022:Q3,T,T,3.2137304015513526,4.440892098500626e-16,0.06694142658764463,12.966444160519847,True,1,0.02
monthly_mixed_frequency_kalman_em,exact,2022:Q3:pre_advance:exact,2022-10-26,pre_advance,2022:Q3,A,A,4.601258686371198,0.0,0.061193720155007895,19.287370875067516,True,1,0.02
monthly_mixed_frequency_kalman_em,exact,2022:Q3:pre_advance:exact,2022-10-26,pre_advance,2022:Q3,A,M,4.342092693924057,0.0,0.061193720155007895,19.287370875067516,True,1,0.02
monthly_mixed_frequency_kalman_em,exact,2022:Q3:pre_advance:exact,2022-10-26,pre_advance,2022:Q3,A,S,4.3602274391386535,0.0,0.061193720155007895,19.287370875067516,True,1,0.02
monthly_mixed_frequency_kalman_em,exact,2022:Q3:pre_advance:exact,2022-10-26,pre_advance,2022:Q3,A,T,4.350335759930692,0.0,0.061193720155007895,19.287370875067516,True,1,0.02
monthly_mixed_frequency_kalman_em,exact,2022:Q3:pre_advance:exact,2022-10-26,pre_advance,2022:Q3,M,A,4.342092693924057,0.0,0.061193720155007895,19.287370875067516,True,1,0.02
monthly_mixed_frequency_kalman_em,exact,2022:Q3:pre_advance:exact,2022-10-26,pre_advance,2022:Q3,M,M,8.90005960006375,0.0,0.061193720155007895,19.287370875067516,True,1,0.02
monthly_mixed_frequency_kalman_em,exact,2022:Q3:pre_advance:exact,2022-10-26,pre_advance,2022:Q3,M,S,4.541839224997871,0.0,0.061193720155007895,19.287370875067516,True,1,0.02
monthly_mixed_frequency_kalman_em,exact,2022:Q3:pre_advance:exact,2022-10-26,pre_advance,2022:Q3,M,T,4.675003579047082,0.0,0.061193720155007895,19.287370875067516,True,1,0.02
monthly_mixed_frequency_kalman_em,exact,2022:Q3:pre_advance:exact,2022-10-26,pre_advance,2022:Q3,S,A,4.3602274391386535,0.0,0.061193720155007895,19.287370875067516,True,1,0.02
monthly_mixed_frequency_kalman_em,exact,2022:Q3:pre_advance:exact,2022-10-26,pre_advance,2022:Q3,S,M,4.541839224997871,0.0,0.061193720155007895,19.287370875067516,True,1,0.02
monthly_mixed_frequency_kalman_em,exact,2022:Q3:pre_advance:exact,2022-10-26,pre_advance,2022:Q3,S,S,4.4930591104373,0.0,0.061193720155007895,19.287370875067516,True,1,0.02
monthly_mixed_frequency_kalman_em,exact,2022:Q3:pre_advance:exact,2022-10-26,pre_advance,2022:Q3,S,T,4.496436278533067,0.0,0.061193720155007895,19.287370875067516,True,1,0.02
monthly_mixed_frequency_kalman_em,exact,2022:Q3:pre_advance:exact,2022-10-26,pre_advance,2022:Q3,T,A,4.350335759930692,0.0,0.061193720155007895,19.287370875067516,True,1,0.02
monthly_mixed_frequency_kalman_em,exact,2022:Q3:pre_advance:exact,2022-10-26,pre_advance,2022:Q3,T,M,4.675003579047082,0.0,0.061193720155007895,19.287370875067516,True,1,0.02
monthly_mixed_frequency_kalman_em,exact,2022:Q3:pre_advance:exact,2022-10-26,pre_advance,2022:Q3,T,S,4.496436278533067,0.0,0.061193720155007895,19.287370875067516,True,1,0.02
monthly_mixed_frequency_kalman_em,exact,2022:Q3:pre_advance:exact,2022-10-26,pre_advance,2022:Q3,T,T,4.644893125902858,0.0,0.061193720155007895,19.287370875067516,True,1,0.02
revision_dfm_kalman_em,exact,2022:Q3:pre_advance:exact,2022-10-26,pre_advance,2022:Q3,A,A,3.083992314209208,4.440892098500626e-16,0.06732748790935073,15.289534626534838,True,1,0.02
revision_dfm_kalman_em,exact,2022:Q3:pre_advance:exact,2022-10-26,pre_advance,2022:Q3,A,M,3.204857499673382,4.440892098500626e-16,0.06732748790935073,15.289534626534838,True,1,0.02
revision_dfm_kalman_em,exact,2022:Q3:pre_advance:exact,2022-10-26,pre_advance,2022:Q3,A,S,3.1914771114896108,4.440892098500626e-16,0.06732748790935073,15.289534626534838,True,1,0.02
revision_dfm_kalman_em,exact,2022:Q3:pre_advance:exact,2022-10-26,pre_advance,2022:Q3,A,T,3.1995053443998733,4.440892098500626e-16,0.06732748790935073,15.289534626534838,True,1,0.02
revision_dfm_kalman_em,exact,2022:Q3:pre_advance:exact,2022-10-26,pre_advance,2022:Q3,M,A,3.204857499673382,4.440892098500626e-16,0.06732748790935073,15.289534626534838,True,1,0.02
revision_dfm_kalman_em,exact,2022:Q3:pre_advance:exact,2022-10-26,pre_advance,2022:Q3,M,M,7.79231804156145,4.440892098500626e-16,0.06732748790935073,15.289534626534838,True,1,0.02
revision_dfm_kalman_em,exact,2022:Q3:pre_advance:exact,2022-10-26,pre_advance,2022:Q3,M,S,3.689972471062068,4.440892098500626e-16,0.06732748790935073,15.289534626534838,True,1,0.02
revision_dfm_kalman_em,exact,2022:Q3:pre_advance:exact,2022-10-26,pre_advance,2022:Q3,M,T,3.7052918912111843,4.440892098500626e-16,0.06732748790935073,15.289534626534838,True,1,0.02
revision_dfm_kalman_em,exact,2022:Q3:pre_advance:exact,2022-10-26,pre_advance,2022:Q3,S,A,3.1914771114896108,4.440892098500626e-16,0.06732748790935073,15.289534626534838,True,1,0.02
revision_dfm_kalman_em,exact,2022:Q3:pre_advance:exact,2022-10-26,pre_advance,2022:Q3,S,M,3.689972471062068,4.440892098500626e-16,0.06732748790935073,15.289534626534838,True,1,0.02
revision_dfm_kalman_em,exact,2022:Q3:pre_advance:exact,2022-10-26,pre_advance,2022:Q3,S,S,3.695198498354483,4.440892098500626e-16,0.06732748790935073,15.289534626534838,True,1,0.02
revision_dfm_kalman_em,exact,2022:Q3:pre_advance:exact,2022-10-26,pre_advance,2022:Q3,S,T,3.680002563870619,4.440892098500626e-16,0.06732748790935073,15.289534626534838,True,1,0.02
revision_dfm_kalman_em,exact,2022:Q3:pre_advance:exact,2022-10-26,pre_advance,2022:Q3,T,A,3.1995053443998733,4.440892098500626e-16,0.06732748790935073,15.289534626534838,True,1,0.02
revision_dfm_kalman_em,exact,2022:Q3:pre_advance:exact,2022-10-26,pre_advance,2022:Q3,T,M,3.7052918912111843,4.440892098500626e-16,0.06732748790935073,15.289534626534838,True,1,0.02
revision_dfm_kalman_em,exact,2022:Q3:pre_advance:exact,2022-10-26,pre_advance,2022:Q3,T,S,3.6800025638706186,4.440892098500626e-16,0.06732748790935073,15.289534626534838,True,1,0.02
revision_dfm_kalman_em,exact,2022:Q3:pre_advance:exact,2022-10-26,pre_advance,2022:Q3,T,T,3.8075708522718252,4.440892098500626e-16,0.06732748790935073,15.289534626534838,True,1,0.02
indicator_revision_only_dfm_kalman_em,pseudo,2022:Q3:pre_advance:pseudo,2022-10-31,pre_advance,2022:Q3,A,A,3.385572276078318,0.0,0.06994277968460824,13.39134001298876,True,1,0.02
indicator_revision_only_dfm_kalman_em,pseudo,2022:Q3:pre_advance:pseudo,2022-10-31,pre_advance,2022:Q3,A,M,2.990824651542518,0.0,0.06994277968460824,13.39134001298876,True,1,0.02
indicator_revision_only_dfm_kalman_em,pseudo,2022:Q3:pre_advance:pseudo,2022-10-31,pre_advance,2022:Q3,A,S,2.990824651542518,0.0,0.06994277968460824,13.39134001298876,True,1,0.02
indicator_revision_only_dfm_kalman_em,pseudo,2022:Q3:pre_advance:pseudo,2022-10-31,pre_advance,2022:Q3,A,T,2.990824651542518,0.0,0.06994277968460824,13.39134001298876,True,1,0.02
indicator_revision_only_dfm_kalman_em,pseudo,2022:Q3:pre_advance:pseudo,2022-10-31,pre_advance,2022:Q3,M,A,2.990824651542518,0.0,0.06994277968460824,13.39134001298876,True,1,0.02
indicator_revision_only_dfm_kalman_em,pseudo,2022:Q3:pre_advance:pseudo,2022-10-31,pre_advance,2022:Q3,M,M,7.056935056367101,0.0,0.06994277968460824,13.39134001298876,True,1,0.02
indicator_revision_only_dfm_kalman_em,pseudo,2022:Q3:pre_advance:pseudo,2022-10-31,pre_advance,2022:Q3,M,S,2.990824651542518,0.0,0.06994277968460824,13.39134001298876,True,1,0.02
indicator_revision_only_dfm_kalman_em,pseudo,2022:Q3:pre_advance:pseudo,2022-10-31,pre_advance,2022:Q3,M,T,2.990824651542518,0.0,0.06994277968460824,13.39134001298876,True,1,0.02
indicator_revision_only_dfm_kalman_em,pseudo,2022:Q3:pre_advance:pseudo,2022-10-31,pre_advance,2022:Q3,S,A,2.990824651542518,0.0,0.06994277968460824,13.39134001298876,True,1,0.02
indicator_revision_only_dfm_kalman_em,pseudo,2022:Q3:pre_advance:pseudo,2022-10-31,pre_advance,2022:Q3,S,M,2.990824651542518,0.0,0.06994277968460824,13.39134001298876,True,1,0.02
indicator_revision_only_dfm_kalman_em,pseudo,2022:Q3:pre_advance:pseudo,2022-10-31,pre_advance,2022:Q3,S,S,3.0198562321016302,0.0,0.06994277968460824,13.39134001298876,True,1,0.02
indicator_revision_only_dfm_kalman_em,pseudo,2022:Q3:pre_advance:pseudo,2022-10-31,pre_advance,2022:Q3,S,T,2.990824651542518,0.0,0.06994277968460824,13.39134001298876,True,1,0.02
indicator_revision_only_dfm_kalman_em,pseudo,2022:Q3:pre_advance:pseudo,2022-10-31,pre_advance,2022:Q3,T,A,2.990824651542518,0.0,0.06994277968460824,13.39134001298876,True,1,0.02
indicator_revision_only_dfm_kalman_em,pseudo,2022:Q3:pre_advance:pseudo,2022-10-31,pre_advance,2022:Q3,T,M,2.990824651542518,0.0,0.06994277968460824,13.39134001298876,True,1,0.02
indicator_revision_only_dfm_kalman_em,pseudo,2022:Q3:pre_advance:pseudo,2022-10-31,pre_advance,2022:Q3,T,S,2.990824651542518,0.0,0.06994277968460824,13.39134001298876,True,1,0.02
indicator_revision_only_dfm_kalman_em,pseudo,2022:Q3:pre_advance:pseudo,2022-10-31,pre_advance,2022:Q3,T,T,3.108891049766288,0.0,0.06994277968460824,13.39134001298876,True,1,0.02
joint_indicator_revision_dfm_full_kalman_em,pseudo,2022:Q3:pre_advance:pseudo,2022-10-31,pre_advance,2022:Q3,A,A,2.4244898875524687,0.0,0.06672535308671415,12.97828364990378,True,1,0.02
joint_indicator_revision_dfm_full_kalman_em,pseudo,2022:Q3:pre_advance:pseudo,2022-10-31,pre_advance,2022:Q3,A,M,2.592185471146456,0.0,0.06672535308671415,12.97828364990378,True,1,0.02
joint_indicator_revision_dfm_full_kalman_em,pseudo,2022:Q3:pre_advance:pseudo,2022-10-31,pre_advance,2022:Q3,A,S,2.5769222521856245,0.0,0.06672535308671415,12.97828364990378,True,1,0.02
joint_indicator_revision_dfm_full_kalman_em,pseudo,2022:Q3:pre_advance:pseudo,2022-10-31,pre_advance,2022:Q3,A,T,2.586080183562123,0.0,0.06672535308671415,12.97828364990378,True,1,0.02
joint_indicator_revision_dfm_full_kalman_em,pseudo,2022:Q3:pre_advance:pseudo,2022-10-31,pre_advance,2022:Q3,M,A,2.592185471146456,0.0,0.06672535308671415,12.97828364990378,True,1,0.02
joint_indicator_revision_dfm_full_kalman_em,pseudo,2022:Q3:pre_advance:pseudo,2022-10-31,pre_advance,2022:Q3,M,M,7.210406772993367,0.0,0.06672535308671415,12.97828364990378,True,1,0.02
joint_indicator_revision_dfm_full_kalman_em,pseudo,2022:Q3:pre_advance:pseudo,2022-10-31,pre_advance,2022:Q3,M,S,3.1013804481849823,0.0,0.06672535308671415,12.97828364990378,True,1,0.02
joint_indicator_revision_dfm_full_kalman_em,pseudo,2022:Q3:pre_advance:pseudo,2022-10-31,pre_advance,2022:Q3,M,T,3.117460289565146,0.0,0.06672535308671415,12.97828364990378,True,1,0.02
joint_indicator_revision_dfm_full_kalman_em,pseudo,2022:Q3:pre_advance:pseudo,2022-10-31,pre_advance,2022:Q3,S,A,2.5769222521856245,0.0,0.06672535308671415,12.97828364990378,True,1,0.02
joint_indicator_revision_dfm_full_kalman_em,pseudo,2022:Q3:pre_advance:pseudo,2022-10-31,pre_advance,2022:Q3,S,M,3.1013804481849823,0.0,0.06672535308671415,12.97828364990378,True,1,0.02
joint_indicator_revision_dfm_full_kalman_em,pseudo,2022:Q3:pre_advance:pseudo,2022-10-31,pre_advance,2022:Q3,S,S,3.105129991378286,0.0,0.06672535308671415,12.97828364990378,True,1,0.02
joint_indicator_revision_dfm_full_kalman_em,pseudo,2022:Q3:pre_advance:pseudo,2022-10-31,pre_advance,2022:Q3,S,T,3.090891284264995,0.0,0.06672535308671415,12.97828364990378,True,1,0.02
joint_indicator_revision_dfm_full_kalman_em,pseudo,2022:Q3:pre_advance:pseudo,2022-10-31,pre_advance,2022:Q3,T,A,2.586080183562123,0.0,0.06672535308671415,12.97828364990378,True,1,0.02
joint_indicator_revision_dfm_full_kalman_em,pseudo,2022:Q3:pre_advance:pseudo,2022-10-31,pre_advance,2022:Q3,T,M,3.117460289565146,0.0,0.06672535308671415,12.97828364990378,True,1,0.02
joint_indicator_revision_dfm_full_kalman_em,pseudo,2022:Q3:pre_advance:pseudo,2022-10-31,pre_advance,2022:Q3,T,S,3.090891284264995,0.0,0.06672535308671415,12.97828364990378,True,1,0.02
joint_indicator_revision_dfm_full_kalman_em,pseudo,2022:Q3:pre_advance:pseudo,2022-10-31,pre_advance,2022:Q3,T,T,3.2187857340204595,0.0,0.06672535308671415,12.97828364990378,True,1,0.02
monthly_mixed_frequency_kalman_em,pseudo,2022:Q3:pre_advance:pseudo,2022-10-31,pre_advance,2022:Q3,A,A,4.601182454893564,0.0,0.06119370300008638,19.287037144842415,True,1,0.02
monthly_mixed_frequency_kalman_em,pseudo,2022:Q3:pre_advance:pseudo,2022-10-31,pre_advance,2022:Q3,A,M,4.3420108757102085,0.0,0.06119370300008638,19.287037144842415,True,1,0.02
monthly_mixed_frequency_kalman_em,pseudo,2022:Q3:pre_advance:pseudo,2022-10-31,pre_advance,2022:Q3,A,S,4.360149458815603,0.0,0.06119370300008638,19.287037144842415,True,1,0.02
monthly_mixed_frequency_kalman_em,pseudo,2022:Q3:pre_advance:pseudo,2022-10-31,pre_advance,2022:Q3,A,T,4.350255686212662,0.0,0.06119370300008638,19.287037144842415,True,1,0.02
monthly_mixed_frequency_kalman_em,pseudo,2022:Q3:pre_advance:pseudo,2022-10-31,pre_advance,2022:Q3,M,A,4.3420108757102085,0.0,0.06119370300008638,19.287037144842415,True,1,0.02
monthly_mixed_frequency_kalman_em,pseudo,2022:Q3:pre_advance:pseudo,2022-10-31,pre_advance,2022:Q3,M,M,8.899966091826968,0.0,0.06119370300008638,19.287037144842415,True,1,0.02
monthly_mixed_frequency_kalman_em,pseudo,2022:Q3:pre_advance:pseudo,2022-10-31,pre_advance,2022:Q3,M,S,4.541752106214302,0.0,0.06119370300008638,19.287037144842415,True,1,0.02
monthly_mixed_frequency_kalman_em,pseudo,2022:Q3:pre_advance:pseudo,2022-10-31,pre_advance,2022:Q3,M,T,4.674912926550364,0.0,0.06119370300008638,19.287037144842415,True,1,0.02
monthly_mixed_frequency_kalman_em,pseudo,2022:Q3:pre_advance:pseudo,2022-10-31,pre_advance,2022:Q3,S,A,4.360149458815603,0.0,0.06119370300008638,19.287037144842415,True,1,0.02
monthly_mixed_frequency_kalman_em,pseudo,2022:Q3:pre_advance:pseudo,2022-10-31,pre_advance,2022:Q3,S,M,4.541752106214302,0.0,0.06119370300008638,19.287037144842415,True,1,0.02
monthly_mixed_frequency_kalman_em,pseudo,2022:Q3:pre_advance:pseudo,2022-10-31,pre_advance,2022:Q3,S,S,4.492977204379349,0.0,0.06119370300008638,19.287037144842415,True,1,0.02
monthly_mixed_frequency_kalman_em,pseudo,2022:Q3:pre_advance:pseudo,2022-10-31,pre_advance,2022:Q3,S,T,4.4963514443646275,0.0,0.06119370300008638,19.287037144842415,True,1,0.02
monthly_mixed_frequency_kalman_em,pseudo,2022:Q3:pre_advance:pseudo,2022-10-31,pre_advance,2022:Q3,T,A,4.350255686212662,0.0,0.06119370300008638,19.287037144842415,True,1,0.02
monthly_mixed_frequency_kalman_em,pseudo,2022:Q3:pre_advance:pseudo,2022-10-31,pre_advance,2022:Q3,T,M,4.674912926550364,0.0,0.06119370300008638,19.287037144842415,True,1,0.02
monthly_mixed_frequency_kalman_em,pseudo,2022:Q3:pre_advance:pseudo,2022-10-31,pre_advance,2022:Q3,T,S,4.4963514443646275,0.0,0.06119370300008638,19.287037144842415,True,1,0.02
monthly_mixed_frequency_kalman_em,pseudo,2022:Q3:pre_advance:pseudo,2022-10-31,pre_advance,2022:Q3,T,T,4.644804986207676,0.0,0.06119370300008638,19.287037144842415,True,1,0.02
revision_dfm_kalman_em,pseudo,2022:Q3:pre_advance:pseudo,2022-10-31,pre_advance,2022:Q3,A,A,3.084005588338587,0.0,0.06732742052762376,15.289729899920147,True,1,0.02
revision_dfm_kalman_em,pseudo,2022:Q3:pre_advance:pseudo,2022-10-31,pre_advance,2022:Q3,A,M,3.204894525540408,0.0,0.06732742052762376,15.289729899920147,True,1,0.02
revision_dfm_kalman_em,pseudo,2022:Q3:pre_advance:pseudo,2022-10-31,pre_advance,2022:Q3,A,S,3.1915130771592066,0.0,0.06732742052762376,15.289729899920147,True,1,0.02
revision_dfm_kalman_em,pseudo,2022:Q3:pre_advance:pseudo,2022-10-31,pre_advance,2022:Q3,A,T,3.1995419461879275,0.0,0.06732742052762376,15.289729899920147,True,1,0.02
revision_dfm_kalman_em,pseudo,2022:Q3:pre_advance:pseudo,2022-10-31,pre_advance,2022:Q3,M,A,3.204894525540408,0.0,0.06732742052762376,15.289729899920147,True,1,0.02
revision_dfm_kalman_em,pseudo,2022:Q3:pre_advance:pseudo,2022-10-31,pre_advance,2022:Q3,M,M,7.7923807825559095,0.0,0.06732742052762376,15.289729899920147,True,1,0.02
revision_dfm_kalman_em,pseudo,2022:Q3:pre_advance:pseudo,2022-10-31,pre_advance,2022:Q3,M,S,3.6900318556610894,0.0,0.06732742052762376,15.289729899920147,True,1,0.02
revision_dfm_kalman_em,pseudo,2022:Q3:pre_advance:pseudo,2022-10-31,pre_advance,2022:Q3,M,T,3.7053519818754266,0.0,0.06732742052762376,15.289729899920147,True,1,0.02
revision_dfm_kalman_em,pseudo,2022:Q3:pre_advance:pseudo,2022-10-31,pre_advance,2022:Q3,S,A,3.1915130771592066,0.0,0.06732742052762376,15.289729899920147,True,1,0.02
revision_dfm_kalman_em,pseudo,2022:Q3:pre_advance:pseudo,2022-10-31,pre_advance,2022:Q3,S,M,3.6900318556610894,0.0,0.06732742052762376,15.289729899920147,True,1,0.02
revision_dfm_kalman_em,pseudo,2022:Q3:pre_advance:pseudo,2022-10-31,pre_advance,2022:Q3,S,S,3.695256712483522,0.0,0.06732742052762376,15.289729899920147,True,1,0.02
revision_dfm_kalman_em,pseudo,2022:Q3:pre_advance:pseudo,2022-10-31,pre_advance,2022:Q3,S,T,3.680061480091052,0.0,0.06732742052762376,15.289729899920147,True,1,0.02
revision_dfm_kalman_em,pseudo,2022:Q3:pre_advance:pseudo,2022-10-31,pre_advance,2022:Q3,T,A,3.1995419461879275,0.0,0.06732742052762376,15.289729899920147,True,1,0.02
revision_dfm_kalman_em,pseudo,2022:Q3:pre_advance:pseudo,2022-10-31,pre_advance,2022:Q3,T,M,3.7053519818754266,0.0,0.06732742052762376,15.289729899920147,True,1,0.02
revision_dfm_kalman_em,pseudo,2022:Q3:pre_advance:pseudo,2022-10-31,pre_advance,2022:Q3,T,S,3.680061480091052,0.0,0.06732742052762376,15.289729899920147,True,1,0.02
revision_dfm_kalman_em,pseudo,2022:Q3:pre_advance:pseudo,2022-10-31,pre_advance,2022:Q3,T,T,3.8076303920632038,0.0,0.06732742052762376,15.289729899920147,True,1,0.02
indicator_revision_only_dfm_kalman_em,exact,2022:Q3:pre_second:exact,2022-11-29,pre_second,2022:Q3,A,A,0.7426716382195756,0.0,0.06754668434830421,4.524633257313573,True,1,0.02
indicator_revision_only_dfm_kalman_em,exact,2022:Q3:pre_second:exact,2022-11-29,pre_second,2022:Q3,A,M,0.3481847517847903,0.0,0.06754668434830421,4.524633257313573,True,1,0.02
indicator_revision_only_dfm_kalman_em,exact,2022:Q3:pre_second:exact,2022-11-29,pre_second,2022:Q3,A,S,0.3481847517847903,0.0,0.06754668434830421,4.524633257313573,True,1,0.02
indicator_revision_only_dfm_kalman_em,exact,2022:Q3:pre_second:exact,2022-11-29,pre_second,2022:Q3,A,T,0.3481847517847903,0.0,0.06754668434830421,4.524633257313573,True,1,0.02
indicator_revision_only_dfm_kalman_em,exact,2022:Q3:pre_second:exact,2022-11-29,pre_second,2022:Q3,M,A,0.3481847517847903,0.0,0.06754668434830421,4.524633257313573,True,1,0.02
indicator_revision_only_dfm_kalman_em,exact,2022:Q3:pre_second:exact,2022-11-29,pre_second,2022:Q3,M,M,4.41421630845935,0.0,0.06754668434830421,4.524633257313573,True,1,0.02
indicator_revision_only_dfm_kalman_em,exact,2022:Q3:pre_second:exact,2022-11-29,pre_second,2022:Q3,M,S,0.3481847517847903,0.0,0.06754668434830421,4.524633257313573,True,1,0.02
indicator_revision_only_dfm_kalman_em,exact,2022:Q3:pre_second:exact,2022-11-29,pre_second,2022:Q3,M,T,0.3481847517847903,0.0,0.06754668434830421,4.524633257313573,True,1,0.02
indicator_revision_only_dfm_kalman_em,exact,2022:Q3:pre_second:exact,2022-11-29,pre_second,2022:Q3,S,A,0.3481847517847903,0.0,0.06754668434830421,4.524633257313573,True,1,0.02
indicator_revision_only_dfm_kalman_em,exact,2022:Q3:pre_second:exact,2022-11-29,pre_second,2022:Q3,S,M,0.3481847517847903,0.0,0.06754668434830421,4.524633257313573,True,1,0.02
indicator_revision_only_dfm_kalman_em,exact,2022:Q3:pre_second:exact,2022-11-29,pre_second,2022:Q3,S,S,0.3772230271426269,0.0,0.06754668434830421,4.524633257313573,True,1,0.02
indicator_revision_only_dfm_kalman_em,exact,2022:Q3:pre_second:exact,2022-11-29,pre_second,2022:Q3,S,T,0.3481847517847903,0.0,0.06754668434830421,4.524633257313573,True,1,0.02
indicator_revision_only_dfm_kalman_em,exact,2022:Q3:pre_second:exact,2022-11-29,pre_second,2022:Q3,T,A,0.3481847517847903,0.0,0.06754668434830421,4.524633257313573,True,1,0.02
indicator_revision_only_dfm_kalman_em,exact,2022:Q3:pre_second:exact,2022-11-29,pre_second,2022:Q3,T,M,0.3481847517847903,0.0,0.06754668434830421,4.524633257313573,True,1,0.02
indicator_revision_only_dfm_kalman_em,exact,2022:Q3:pre_second:exact,2022-11-29,pre_second,2022:Q3,T,S,0.3481847517847903,0.0,0.06754668434830421,4.524633257313573,True,1,0.02
indicator_revision_only_dfm_kalman_em,exact,2022:Q3:pre_second:exact,2022-11-29,pre_second,2022:Q3,T,T,0.4662682442156494,0.0,0.06754668434830421,4.524633257313573,True,1,0.02
joint_indicator_revision_dfm_full_kalman_em,exact,2022:Q3:pre_second:exact,2022-11-29,pre_second,2022:Q3,A,A,0.26703305787703424,2.7755575615628914e-17,0.06650081004415304,4.510932551259515,True,1,0.02
joint_indicator_revision_dfm_full_kalman_em,exact,2022:Q3:pre_second:exact,2022-11-29,pre_second,2022:Q3,A,M,0.14662780976933007,2.7755575615628914e-17,0.06650081004415304,4.510932551259515,True,1,0.02
joint_indicator_revision_dfm_full_kalman_em,exact,2022:Q3:pre_second:exact,2022-11-29,pre_second,2022:Q3,A,S,0.14577605625838225,2.7755575615628914e-17,0.06650081004415304,4.510932551259515,True,1,0.02
joint_indicator_revision_dfm_full_kalman_em,exact,2022:Q3:pre_second:exact,2022-11-29,pre_second,2022:Q3,A,T,0.14628710836495093,2.7755575615628914e-17,0.06650081004415304,4.510932551259515,True,1,0.02
joint_indicator_revision_dfm_full_kalman_em,exact,2022:Q3:pre_second:exact,2022-11-29,pre_second,2022:Q3,M,A,0.14662780976933007,2.7755575615628914e-17,0.06650081004415304,4.510932551259515,True,1,0.02
joint_indicator_revision_dfm_full_kalman_em,exact,2022:Q3:pre_second:exact,2022-11-29,pre_second,2022:Q3,M,M,4.438384537727325,2.7755575615628914e-17,0.06650081004415304,4.510932551259515,True,1,0.02
joint_indicator_revision_dfm_full_kalman_em,exact,2022:Q3:pre_second:exact,2022-11-29,pre_second,2022:Q3,M,S,0.3471252217575026,2.7755575615628914e-17,0.06650081004415304,4.510932551259515,True,1,0.02
joint_indicator_revision_dfm_full_kalman_em,exact,2022:Q3:pre_second:exact,2022-11-29,pre_second,2022:Q3,M,T,0.35345671897818176,2.7755575615628914e-17,0.06650081004415304,4.510932551259515,True,1,0.02
joint_indicator_revision_dfm_full_kalman_em,exact,2022:Q3:pre_second:exact,2022-11-29,pre_second,2022:Q3,S,A,0.14577605625838225,2.7755575615628914e-17,0.06650081004415304,4.510932551259515,True,1,0.02
joint_indicator_revision_dfm_full_kalman_em,exact,2022:Q3:pre_second:exact,2022-11-29,pre_second,2022:Q3,S,M,0.3471252217575026,2.7755575615628914e-17,0.06650081004415304,4.510932551259515,True,1,0.02
joint_indicator_revision_dfm_full_kalman_em,exact,2022:Q3:pre_second:exact,2022-11-29,pre_second,2022:Q3,S,S,0.3679864756442229,2.7755575615628914e-17,0.06650081004415304,4.510932551259515,True,1,0.02
joint_indicator_revision_dfm_full_kalman_em,exact,2022:Q3:pre_second:exact,2022-11-29,pre_second,2022:Q3,S,T,0.3430982384475202,2.7755575615628914e-17,0.06650081004415304,4.510932551259515,True,1,0.02
joint_indicator_revision_dfm_full_kalman_em,exact,2022:Q3:pre_second:exact,2022-11-29,pre_second,2022:Q3,T,A,0.14628710836495096,2.7755575615628914e-17,0.06650081004415304,4.510932551259515,True,1,0.02
joint_indicator_revision_dfm_full_kalman_em,exact,2022:Q3:pre_second:exact,2022-11-29,pre_second,2022:Q3,T,M,0.35345671897818176,2.7755575615628914e-17,0.06650081004415304,4.510932551259515,True,1,0.02
joint_indicator_revision_dfm_full_kalman_em,exact,2022:Q3:pre_second:exact,2022-11-29,pre_second,2022:Q3,T,S,0.3430982384475202,2.7755575615628914e-17,0.06650081004415304,4.510932551259515,True,1,0.02
joint_indicator_revision_dfm_full_kalman_em,exact,2022:Q3:pre_second:exact,2022-11-29,pre_second,2022:Q3,T,T,0.4604174104855478,2.7755575615628914e-17,0.06650081004415304,4.510932551259515,True,1,0.02
monthly_mixed_frequency_kalman_em,exact,2022:Q3:pre_second:exact,2022-11-29,pre_second,2022:Q3,A,A,0.44074850622555867,0.0,0.05848705911469023,4.941588845994179,True,1,0.02
monthly_mixed_frequency_kalman_em,exact,2022:Q3:pre_second:exact,2022-11-29,pre_second,2022:Q3,A,M,0.21322624122294725,0.0,0.05848705911469023,4.941588845994179,True,1,0.02
monthly_mixed_frequency_kalman_em,exact,2022:Q3:pre_second:exact,2022-11-29,pre_second,2022:Q3,A,S,0.21408400890207543,0.0,0.05848705911469023,4.941588845994179,True,1,0.02
monthly_mixed_frequency_kalman_em,exact,2022:Q3:pre_second:exact,2022-11-29,pre_second,2022:Q3,A,T,0.213616135622551,0.0,0.05848705911469023,4.941588845994179,True,1,0.02
monthly_mixed_frequency_kalman_em,exact,2022:Q3:pre_second:exact,2022-11-29,pre_second,2022:Q3,M,A,0.21322624122294725,0.0,0.05848705911469023,4.941588845994179,True,1,0.02
monthly_mixed_frequency_kalman_em,exact,2022:Q3:pre_second:exact,2022-11-29,pre_second,2022:Q3,M,M,4.802656138966215,0.0,0.05848705911469023,4.941588845994179,True,1,0.02
monthly_mixed_frequency_kalman_em,exact,2022:Q3:pre_second:exact,2022-11-29,pre_second,2022:Q3,M,S,0.4270532477211876,0.0,0.05848705911469023,4.941588845994179,True,1,0.02
monthly_mixed_frequency_kalman_em,exact,2022:Q3:pre_second:exact,2022-11-29,pre_second,2022:Q3,M,T,0.5696045853866811,0.0,0.05848705911469023,4.941588845994179,True,1,0.02
monthly_mixed_frequency_kalman_em,exact,2022:Q3:pre_second:exact,2022-11-29,pre_second,2022:Q3,S,A,0.21408400890207543,0.0,0.05848705911469023,4.941588845994179,True,1,0.02
monthly_mixed_frequency_kalman_em,exact,2022:Q3:pre_second:exact,2022-11-29,pre_second,2022:Q3,S,M,0.4270532477211876,0.0,0.05848705911469023,4.941588845994179,True,1,0.02
monthly_mixed_frequency_kalman_em,exact,2022:Q3:pre_second:exact,2022-11-29,pre_second,2022:Q3,S,S,0.36105149471236936,0.0,0.05848705911469023,4.941588845994179,True,1,0.02
monthly_mixed_frequency_kalman_em,exact,2022:Q3:pre_second:exact,2022-11-29,pre_second,2022:Q3,S,T,0.3738109380164096,0.0,0.05848705911469023,4.941588845994179,True,1,0.02
monthly_mixed_frequency_kalman_em,exact,2022:Q3:pre_second:exact,2022-11-29,pre_second,2022:Q3,T,A,0.213616135622551,0.0,0.05848705911469023,4.941588845994179,True,1,0.02
monthly_mixed_frequency_kalman_em,exact,2022:Q3:pre_second:exact,2022-11-29,pre_second,2022:Q3,T,M,0.5696045853866811,0.0,0.05848705911469023,4.941588845994179,True,1,0.02
monthly_mixed_frequency_kalman_em,exact,2022:Q3:pre_second:exact,2022-11-29,pre_second,2022:Q3,T,S,0.3738109380164096,0.0,0.05848705911469023,4.941588845994179,True,1,0.02
monthly_mixed_frequency_kalman_em,exact,2022:Q3:pre_second:exact,2022-11-29,pre_second,2022:Q3,T,T,0.5316603649256822,0.0,0.05848705911469023,4.941588845994179,True,1,0.02
revision_dfm_kalman_em,exact,2022:Q3:pre_second:exact,2022-11-29,pre_second,2022:Q3,A,A,0.29033508836175015,0.0,0.06582558176031462,4.559324017281426,True,1,0.02
revision_dfm_kalman_em,exact,2022:Q3:pre_second:exact,2022-11-29,pre_second,2022:Q3,A,M,0.1553440579766463,0.0,0.06582558176031462,4.559324017281426,True,1,0.02
revision_dfm_kalman_em,exact,2022:Q3:pre_second:exact,2022-11-29,pre_second,2022:Q3,A,S,0.154651802723748,0.0,0.06582558176031462,4.559324017281426,True,1,0.02
revision_dfm_kalman_em,exact,2022:Q3:pre_second:exact,2022-11-29,pre_second,2022:Q3,A,T,0.15506715587548697,0.0,0.06582558176031462,4.559324017281426,True,1,0.02
revision_dfm_kalman_em,exact,2022:Q3:pre_second:exact,2022-11-29,pre_second,2022:Q3,M,A,0.1553440579766463,0.0,0.06582558176031462,4.559324017281426,True,1,0.02
revision_dfm_kalman_em,exact,2022:Q3:pre_second:exact,2022-11-29,pre_second,2022:Q3,M,M,4.473623401818057,0.0,0.06582558176031462,4.559324017281426,True,1,0.02
revision_dfm_kalman_em,exact,2022:Q3:pre_second:exact,2022-11-29,pre_second,2022:Q3,M,S,0.37723519014225076,0.0,0.06582558176031462,4.559324017281426,True,1,0.02
revision_dfm_kalman_em,exact,2022:Q3:pre_second:exact,2022-11-29,pre_second,2022:Q3,M,T,0.3842422785264278,0.0,0.06582558176031462,4.559324017281426,True,1,0.02
revision_dfm_kalman_em,exact,2022:Q3:pre_second:exact,2022-11-29,pre_second,2022:Q3,S,A,0.154651802723748,0.0,0.06582558176031462,4.559324017281426,True,1,0.02
revision_dfm_kalman_em,exact,2022:Q3:pre_second:exact,2022-11-29,pre_second,2022:Q3,S,M,0.37723519014225076,0.0,0.06582558176031462,4.559324017281426,True,1,0.02
revision_dfm_kalman_em,exact,2022:Q3:pre_second:exact,2022-11-29,pre_second,2022:Q3,S,S,0.392119400082632,0.0,0.06582558176031462,4.559324017281426,True,1,0.02
revision_dfm_kalman_em,exact,2022:Q3:pre_second:exact,2022-11-29,pre_second,2022:Q3,S,T,0.37278352239388074,0.0,0.06582558176031462,4.559324017281426,True,1,0.02
revision_dfm_kalman_em,exact,2022:Q3:pre_second:exact,2022-11-29,pre_second,2022:Q3,T,A,0.15506715587548697,0.0,0.06582558176031462,4.559324017281426,True,1,0.02
revision_dfm_kalman_em,exact,2022:Q3:pre_second:exact,2022-11-29,pre_second,2022:Q3,T,M,0.3842422785264278,0.0,0.06582558176031462,4.559324017281426,True,1,0.02
revision_dfm_kalman_em,exact,2022:Q3:pre_second:exact,2022-11-29,pre_second,2022:Q3,T,S,0.37278352239388074,0.0,0.06582558176031462,4.559324017281426,True,1,0.02
revision_dfm_kalman_em,exact,2022:Q3:pre_second:exact,2022-11-29,pre_second,2022:Q3,T,T,0.49544594819089827,0.0,0.06582558176031462,4.559324017281426,True,1,0.02
indicator_revision_only_dfm_kalman_em,pseudo,2022:Q3:pre_second:pseudo,2022-11-30,pre_second,2022:Q3,A,A,0.7426716382195756,0.0,0.06754668434830421,4.524633257313573,True,1,0.02
indicator_revision_only_dfm_kalman_em,pseudo,2022:Q3:pre_second:pseudo,2022-11-30,pre_second,2022:Q3,A,M,0.3481847517847903,0.0,0.06754668434830421,4.524633257313573,True,1,0.02
indicator_revision_only_dfm_kalman_em,pseudo,2022:Q3:pre_second:pseudo,2022-11-30,pre_second,2022:Q3,A,S,0.3481847517847903,0.0,0.06754668434830421,4.524633257313573,True,1,0.02
indicator_revision_only_dfm_kalman_em,pseudo,2022:Q3:pre_second:pseudo,2022-11-30,pre_second,2022:Q3,A,T,0.3481847517847903,0.0,0.06754668434830421,4.524633257313573,True,1,0.02
indicator_revision_only_dfm_kalman_em,pseudo,2022:Q3:pre_second:pseudo,2022-11-30,pre_second,2022:Q3,M,A,0.3481847517847903,0.0,0.06754668434830421,4.524633257313573,True,1,0.02
indicator_revision_only_dfm_kalman_em,pseudo,2022:Q3:pre_second:pseudo,2022-11-30,pre_second,2022:Q3,M,M,4.41421630845935,0.0,0.06754668434830421,4.524633257313573,True,1,0.02
indicator_revision_only_dfm_kalman_em,pseudo,2022:Q3:pre_second:pseudo,2022-11-30,pre_second,2022:Q3,M,S,0.3481847517847903,0.0,0.06754668434830421,4.524633257313573,True,1,0.02
indicator_revision_only_dfm_kalman_em,pseudo,2022:Q3:pre_second:pseudo,2022-11-30,pre_second,2022:Q3,M,T,0.3481847517847903,0.0,0.06754668434830421,4.524633257313573,True,1,0.02
indicator_revision_only_dfm_kalman_em,pseudo,2022:Q3:pre_second:pseudo,2022-11-30,pre_second,2022:Q3,S,A,0.3481847517847903,0.0,0.06754668434830421,4.524633257313573,True,1,0.02
indicator_revision_only_dfm_kalman_em,pseudo,2022:Q3:pre_second:pseudo,2022-11-30,pre_second,2022:Q3,S,M,0.3481847517847903,0.0,0.06754668434830421,4.524633257313573,True,1,0.02
indicator_revision_only_dfm_kalman_em,pseudo,2022:Q3:pre_second:pseudo,2022-11-30,pre_second,2022:Q3,S,S,0.3772230271426269,0.0,0.06754668434830421,4.524633257313573,True,1,0.02
indicator_revision_only_dfm_kalman_em,pseudo,2022:Q3:pre_second:pseudo,2022-11-30,pre_second,2022:Q3,S,T,0.3481847517847903,0.0,0.06754668434830421,4.524633257313573,True,1,0.02
indicator_revision_only_dfm_kalman_em,pseudo,2022:Q3:pre_second:pseudo,2022-11-30,pre_second,2022:Q3,T,A,0.3481847517847903,0.0,0.06754668434830421,4.524633257313573,True,1,0.02
indicator_revision_only_dfm_kalman_em,pseudo,2022:Q3:pre_second:pseudo,2022-11-30,pre_second,2022:Q3,T,M,0.3481847517847903,0.0,0.06754668434830421,4.524633257313573,True,1,0.02
indicator_revision_only_dfm_kalman_em,pseudo,2022:Q3:pre_second:pseudo,2022-11-30,pre_second,2022:Q3,T,S,0.3481847517847903,0.0,0.06754668434830421,4.524633257313573,True,1,0.02
indicator_revision_only_dfm_kalman_em,pseudo,2022:Q3:pre_second:pseudo,2022-11-30,pre_second,2022:Q3,T,T,0.4662682442156494,0.0,0.06754668434830421,4.524633257313573,True,1,0.02
joint_indicator_revision_dfm_full_kalman_em,pseudo,2022:Q3:pre_second:pseudo,2022-11-30,pre_second,2022:Q3,A,A,0.26703305787703424,2.7755575615628914e-17,0.06650081004415304,4.510932551259515,True,1,0.02
joint_indicator_revision_dfm_full_kalman_em,pseudo,2022:Q3:pre_second:pseudo,2022-11-30,pre_second,2022:Q3,A,M,0.14662780976933007,2.7755575615628914e-17,0.06650081004415304,4.510932551259515,True,1,0.02
joint_indicator_revision_dfm_full_kalman_em,pseudo,2022:Q3:pre_second:pseudo,2022-11-30,pre_second,2022:Q3,A,S,0.14577605625838225,2.7755575615628914e-17,0.06650081004415304,4.510932551259515,True,1,0.02
joint_indicator_revision_dfm_full_kalman_em,pseudo,2022:Q3:pre_second:pseudo,2022-11-30,pre_second,2022:Q3,A,T,0.14628710836495093,2.7755575615628914e-17,0.06650081004415304,4.510932551259515,True,1,0.02
joint_indicator_revision_dfm_full_kalman_em,pseudo,2022:Q3:pre_second:pseudo,2022-11-30,pre_second,2022:Q3,M,A,0.14662780976933007,2.7755575615628914e-17,0.06650081004415304,4.510932551259515,True,1,0.02
joint_indicator_revision_dfm_full_kalman_em,pseudo,2022:Q3:pre_second:pseudo,2022-11-30,pre_second,2022:Q3,M,M,4.438384537727325,2.7755575615628914e-17,0.06650081004415304,4.510932551259515,True,1,0.02
joint_indicator_revision_dfm_full_kalman_em,pseudo,2022:Q3:pre_second:pseudo,2022-11-30,pre_second,2022:Q3,M,S,0.3471252217575026,2.7755575615628914e-17,0.06650081004415304,4.510932551259515,True,1,0.02
joint_indicator_revision_dfm_full_kalman_em,pseudo,2022:Q3:pre_second:pseudo,2022-11-30,pre_second,2022:Q3,M,T,0.35345671897818176,2.7755575615628914e-17,0.06650081004415304,4.510932551259515,True,1,0.02
joint_indicator_revision_dfm_full_kalman_em,pseudo,2022:Q3:pre_second:pseudo,2022-11-30,pre_second,2022:Q3,S,A,0.14577605625838225,2.7755575615628914e-17,0.06650081004415304,4.510932551259515,True,1,0.02
joint_indicator_revision_dfm_full_kalman_em,pseudo,2022:Q3:pre_second:pseudo,2022-11-30,pre_second,2022:Q3,S,M,0.3471252217575026,2.7755575615628914e-17,0.06650081004415304,4.510932551259515,True,1,0.02
joint_indicator_revision_dfm_full_kalman_em,pseudo,2022:Q3:pre_second:pseudo,2022-11-30,pre_second,2022:Q3,S,S,0.3679864756442229,2.7755575615628914e-17,0.06650081004415304,4.510932551259515,True,1,0.02
joint_indicator_revision_dfm_full_kalman_em,pseudo,2022:Q3:pre_second:pseudo,2022-11-30,pre_second,2022:Q3,S,T,0.3430982384475202,2.7755575615628914e-17,0.06650081004415304,4.510932551259515,True,1,0.02
joint_indicator_revision_dfm_full_kalman_em,pseudo,2022:Q3:pre_second:pseudo,2022-11-30,pre_second,2022:Q3,T,A,0.14628710836495096,2.7755575615628914e-17,0.06650081004415304,4.510932551259515,True,1,0.02
joint_indicator_revision_dfm_full_kalman_em,pseudo,2022:Q3:pre_second:pseudo,2022-11-30,pre_second,2022:Q3,T,M,0.35345671897818176,2.7755575615628914e-17,0.06650081004415304,4.510932551259515,True,1,0.02
joint_indicator_revision_dfm_full_kalman_em,pseudo,2022:Q3:pre_second:pseudo,2022-11-30,pre_second,2022:Q3,T,S,0.3430982384475202,2.7755575615628914e-17,0.06650081004415304,4.510932551259515,True,1,0.02
joint_indicator_revision_dfm_full_kalman_em,pseudo,2022:Q3:pre_second:pseudo,2022-11-30,pre_second,2022:Q3,T,T,0.4604174104855478,2.7755575615628914e-17,0.06650081004415304,4.510932551259515,True,1,0.02
monthly_mixed_frequency_kalman_em,pseudo,2022:Q3:pre_second:pseudo,2022-11-30,pre_second,2022:Q3,A,A,0.44074850622555867,0.0,0.05848705911469023,4.941588845994179,True,1,0.02
monthly_mixed_frequency_kalman_em,pseudo,2022:Q3:pre_second:pseudo,2022-11-30,pre_second,2022:Q3,A,M,0.21322624122294725,0.0,0.05848705911469023,4.941588845994179,True,1,0.02
monthly_mixed_frequency_kalman_em,pseudo,2022:Q3:pre_second:pseudo,2022-11-30,pre_second,2022:Q3,A,S,0.21408400890207543,0.0,0.05848705911469023,4.941588845994179,True,1,0.02
monthly_mixed_frequency_kalman_em,pseudo,2022:Q3:pre_second:pseudo,2022-11-30,pre_second,2022:Q3,A,T,0.213616135622551,0.0,0.05848705911469023,4.941588845994179,True,1,0.02
monthly_mixed_frequency_kalman_em,pseudo,2022:Q3:pre_second:pseudo,2022-11-30,pre_second,2022:Q3,M,A,0.21322624122294725,0.0,0.05848705911469023,4.941588845994179,True,1,0.02
monthly_mixed_frequency_kalman_em,pseudo,2022:Q3:pre_second:pseudo,2022-11-30,pre_second,2022:Q3,M,M,4.802656138966215,0.0,0.05848705911469023,4.941588845994179,True,1,0.02
monthly_mixed_frequency_kalman_em,pseudo,2022:Q3:pre_second:pseudo,2022-11-30,pre_second,2022:Q3,M,S,0.4270532477211876,0.0,0.05848705911469023,4.941588845994179,True,1,0.02
monthly_mixed_frequency_kalman_em,pseudo,2022:Q3:pre_second:pseudo,2022-11-30,pre_second,2022:Q3,M,T,0.5696045853866811,0.0,0.05848705911469023,4.941588845994179,True,1,0.02
monthly_mixed_frequency_kalman_em,pseudo,2022:Q3:pre_second:pseudo,2022-11-30,pre_second,2022:Q3,S,A,0.21408400890207543,0.0,0.05848705911469023,4.941588845994179,True,1,0.02
monthly_mixed_frequency_kalman_em,pseudo,2022:Q3:pre_second:pseudo,2022-11-30,pre_second,2022:Q3,S,M,0.4270532477211876,0.0,0.05848705911469023,4.941588845994179,True,1,0.02
monthly_mixed_frequency_kalman_em,pseudo,2022:Q3:pre_second:pseudo,2022-11-30,pre_second,2022:Q3,S,S,0.36105149471236936,0.0,0.05848705911469023,4.941588845994179,True,1,0.02
monthly_mixed_frequency_kalman_em,pseudo,2022:Q3:pre_second:pseudo,2022-11-30,pre_second,2022:Q3,S,T,0.3738109380164096,0.0,0.05848705911469023,4.941588845994179,True,1,0.02
monthly_mixed_frequency_kalman_em,pseudo,2022:Q3:pre_second:pseudo,2022-11-30,pre_second,2022:Q3,T,A,0.213616135622551,0.0,0.05848705911469023,4.941588845994179,True,1,0.02
monthly_mixed_frequency_kalman_em,pseudo,2022:Q3:pre_second:pseudo,2022-11-30,pre_second,2022:Q3,T,M,0.5696045853866811,0.0,0.05848705911469023,4.941588845994179,True,1,0.02
monthly_mixed_frequency_kalman_em,pseudo,2022:Q3:pre_second:pseudo,2022-11-30,pre_second,2022:Q3,T,S,0.3738109380164096,0.0,0.05848705911469023,4.941588845994179,True,1,0.02
monthly_mixed_frequency_kalman_em,pseudo,2022:Q3:pre_second:pseudo,2022-11-30,pre_second,2022:Q3,T,T,0.5316603649256822,0.0,0.05848705911469023,4.941588845994179,True,1,0.02
revision_dfm_kalman_em,pseudo,2022:Q3:pre_second:pseudo,2022-11-30,pre_second,2022:Q3,A,A,0.29033508836175015,0.0,0.06582558176031462,4.559324017281426,True,1,0.02
revision_dfm_kalman_em,pseudo,2022:Q3:pre_second:pseudo,2022-11-30,pre_second,2022:Q3,A,M,0.1553440579766463,0.0,0.06582558176031462,4.559324017281426,True,1,0.02
revision_dfm_kalman_em,pseudo,2022:Q3:pre_second:pseudo,2022-11-30,pre_second,2022:Q3,A,S,0.154651802723748,0.0,0.06582558176031462,4.559324017281426,True,1,0.02
revision_dfm_kalman_em,pseudo,2022:Q3:pre_second:pseudo,2022-11-30,pre_second,2022:Q3,A,T,0.15506715587548697,0.0,0.06582558176031462,4.559324017281426,True,1,0.02
revision_dfm_kalman_em,pseudo,2022:Q3:pre_second:pseudo,2022-11-30,pre_second,2022:Q3,M,A,0.1553440579766463,0.0,0.06582558176031462,4.559324017281426,True,1,0.02
revision_dfm_kalman_em,pseudo,2022:Q3:pre_second:pseudo,2022-11-30,pre_second,2022:Q3,M,M,4.473623401818057,0.0,0.06582558176031462,4.559324017281426,True,1,0.02
revision_dfm_kalman_em,pseudo,2022:Q3:pre_second:pseudo,2022-11-30,pre_second,2022:Q3,M,S,0.37723519014225076,0.0,0.06582558176031462,4.559324017281426,True,1,0.02
revision_dfm_kalman_em,pseudo,2022:Q3:pre_second:pseudo,2022-11-30,pre_second,2022:Q3,M,T,0.3842422785264278,0.0,0.06582558176031462,4.559324017281426,True,1,0.02
revision_dfm_kalman_em,pseudo,2022:Q3:pre_second:pseudo,2022-11-30,pre_second,2022:Q3,S,A,0.154651802723748,0.0,0.06582558176031462,4.559324017281426,True,1,0.02
revision_dfm_kalman_em,pseudo,2022:Q3:pre_second:pseudo,2022-11-30,pre_second,2022:Q3,S,M,0.37723519014225076,0.0,0.06582558176031462,4.559324017281426,True,1,0.02
revision_dfm_kalman_em,pseudo,2022:Q3:pre_second:pseudo,2022-11-30,pre_second,2022:Q3,S,S,0.392119400082632,0.0,0.06582558176031462,4.559324017281426,True,1,0.02
revision_dfm_kalman_em,pseudo,2022:Q3:pre_second:pseudo,2022-11-30,pre_second,2022:Q3,S,T,0.37278352239388074,0.0,0.06582558176031462,4.559324017281426,True,1,0.02
revision_dfm_kalman_em,pseudo,2022:Q3:pre_second:pseudo,2022-11-30,pre_second,2022:Q3,T,A,0.15506715587548697,0.0,0.06582558176031462,4.559324017281426,True,1,0.02
revision_dfm_kalman_em,pseudo,2022:Q3:pre_second:pseudo,2022-11-30,pre_second,2022:Q3,T,M,0.3842422785264278,0.0,0.06582558176031462,4.559324017281426,True,1,0.02
revision_dfm_kalman_em,pseudo,2022:Q3:pre_second:pseudo,2022-11-30,pre_second,2022:Q3,T,S,0.37278352239388074,0.0,0.06582558176031462,4.559324017281426,True,1,0.02
revision_dfm_kalman_em,pseudo,2022:Q3:pre_second:pseudo,2022-11-30,pre_second,2022:Q3,T,T,0.49544594819089827,0.0,0.06582558176031462,4.559324017281426,True,1,0.02
indicator_revision_only_dfm_kalman_em,exact,2022:Q3:pre_third:exact,2022-12-21,pre_third,2022:Q3,A,A,0.4202445019529163,0.0,0.04737177695996369,4.09336644938785,True,1,0.02
indicator_revision_only_dfm_kalman_em,exact,2022:Q3:pre_third:exact,2022-12-21,pre_third,2022:Q3,A,M,0.02680764608628038,0.0,0.04737177695996369,4.09336644938785,True,1,0.02
indicator_revision_only_dfm_kalman_em,exact,2022:Q3:pre_third:exact,2022-12-21,pre_third,2022:Q3,A,S,0.02680764608628038,0.0,0.04737177695996369,4.09336644938785,True,1,0.02
indicator_revision_only_dfm_kalman_em,exact,2022:Q3:pre_third:exact,2022-12-21,pre_third,2022:Q3,A,T,0.02680764608628038,0.0,0.04737177695996369,4.09336644938785,True,1,0.02
indicator_revision_only_dfm_kalman_em,exact,2022:Q3:pre_third:exact,2022-12-21,pre_third,2022:Q3,M,A,0.02680764608628038,0.0,0.04737177695996369,4.09336644938785,True,1,0.02
indicator_revision_only_dfm_kalman_em,exact,2022:Q3:pre_third:exact,2022-12-21,pre_third,2022:Q3,M,M,4.09280301809416,0.0,0.04737177695996369,4.09336644938785,True,1,0.02
indicator_revision_only_dfm_kalman_em,exact,2022:Q3:pre_third:exact,2022-12-21,pre_third,2022:Q3,M,S,0.02680764608628038,0.0,0.04737177695996369,4.09336644938785,True,1,0.02
indicator_revision_only_dfm_kalman_em,exact,2022:Q3:pre_third:exact,2022-12-21,pre_third,2022:Q3,M,T,0.02680764608628038,0.0,0.04737177695996369,4.09336644938785,True,1,0.02
indicator_revision_only_dfm_kalman_em,exact,2022:Q3:pre_third:exact,2022-12-21,pre_third,2022:Q3,S,A,0.02680764608628038,0.0,0.04737177695996369,4.09336644938785,True,1,0.02
indicator_revision_only_dfm_kalman_em,exact,2022:Q3:pre_third:exact,2022-12-21,pre_third,2022:Q3,S,M,0.02680764608628038,0.0,0.04737177695996369,4.09336644938785,True,1,0.02
indicator_revision_only_dfm_kalman_em,exact,2022:Q3:pre_third:exact,2022-12-21,pre_third,2022:Q3,S,S,0.05585760586174221,0.0,0.04737177695996369,4.09336644938785,True,1,0.02
indicator_revision_only_dfm_kalman_em,exact,2022:Q3:pre_third:exact,2022-12-21,pre_third,2022:Q3,S,T,0.02680764608628038,0.0,0.04737177695996369,4.09336644938785,True,1,0.02
indicator_revision_only_dfm_kalman_em,exact,2022:Q3:pre_third:exact,2022-12-21,pre_third,2022:Q3,T,A,0.02680764608628038,0.0,0.04737177695996369,4.09336644938785,True,1,0.02
indicator_revision_only_dfm_kalman_em,exact,2022:Q3:pre_third:exact,2022-12-21,pre_third,2022:Q3,T,M,0.02680764608628038,0.0,0.04737177695996369,4.09336644938785,True,1,0.02
indicator_revision_only_dfm_kalman_em,exact,2022:Q3:pre_third:exact,2022-12-21,pre_third,2022:Q3,T,S,0.02680764608628038,0.0,0.04737177695996369,4.09336644938785,True,1,0.02
indicator_revision_only_dfm_kalman_em,exact,2022:Q3:pre_third:exact,2022-12-21,pre_third,2022:Q3,T,T,0.14490839703244965,0.0,0.04737177695996369,4.09336644938785,True,1,0.02
joint_indicator_revision_dfm_full_kalman_em,exact,2022:Q3:pre_third:exact,2022-12-21,pre_third,2022:Q3,A,A,0.2082862966519405,1.734723475976807e-18,0.04942430480336454,4.111301746744864,True,1,0.02
joint_indicator_revision_dfm_full_kalman_em,exact,2022:Q3:pre_third:exact,2022-12-21,pre_third,2022:Q3,A,M,0.00912063389801671,1.734723475976807e-18,0.04942430480336454,4.111301746744864,True,1,0.02
joint_indicator_revision_dfm_full_kalman_em,exact,2022:Q3:pre_third:exact,2022-12-21,pre_third,2022:Q3,A,S,0.012238123255439678,1.734723475976807e-18,0.04942430480336454,4.111301746744864,True,1,0.02
joint_indicator_revision_dfm_full_kalman_em,exact,2022:Q3:pre_third:exact,2022-12-21,pre_third,2022:Q3,A,T,0.010367629640985898,1.734723475976807e-18,0.04942430480336454,4.111301746744864,True,1,0.02
joint_indicator_revision_dfm_full_kalman_em,exact,2022:Q3:pre_third:exact,2022-12-21,pre_third,2022:Q3,M,A,0.00912063389801671,1.734723475976807e-18,0.04942430480336454,4.111301746744864,True,1,0.02
joint_indicator_revision_dfm_full_kalman_em,exact,2022:Q3:pre_third:exact,2022-12-21,pre_third,2022:Q3,M,M,4.110845167621143,1.734723475976807e-18,0.04942430480336454,4.111301746744864,True,1,0.02
joint_indicator_revision_dfm_full_kalman_em,exact,2022:Q3:pre_third:exact,2022-12-21,pre_third,2022:Q3,M,S,0.029092667711038713,1.734723475976807e-18,0.04942430480336454,4.111301746744864,True,1,0.02
joint_indicator_revision_dfm_full_kalman_em,exact,2022:Q3:pre_third:exact,2022-12-21,pre_third,2022:Q3,M,T,0.029723363515660458,1.734723475976807e-18,0.04942430480336454,4.111301746744864,True,1,0.02
joint_indicator_revision_dfm_full_kalman_em,exact,2022:Q3:pre_third:exact,2022-12-21,pre_third,2022:Q3,S,A,0.01223812325543968,1.734723475976807e-18,0.04942430480336454,4.111301746744864,True,1,0.02
joint_indicator_revision_dfm_full_kalman_em,exact,2022:Q3:pre_third:exact,2022-12-21,pre_third,2022:Q3,S,M,0.029092667711038713,1.734723475976807e-18,0.04942430480336454,4.111301746744864,True,1,0.02
joint_indicator_revision_dfm_full_kalman_em,exact,2022:Q3:pre_third:exact,2022-12-21,pre_third,2022:Q3,S,S,0.05910143195530077,1.734723475976807e-18,0.04942430480336454,4.111301746744864,True,1,0.02
joint_indicator_revision_dfm_full_kalman_em,exact,2022:Q3:pre_third:exact,2022-12-21,pre_third,2022:Q3,S,T,0.02875557682192673,1.734723475976807e-18,0.04942430480336454,4.111301746744864,True,1,0.02
joint_indicator_revision_dfm_full_kalman_em,exact,2022:Q3:pre_third:exact,2022-12-21,pre_third,2022:Q3,T,A,0.0103676296409859,1.734723475976807e-18,0.04942430480336454,4.111301746744864,True,1,0.02
joint_indicator_revision_dfm_full_kalman_em,exact,2022:Q3:pre_third:exact,2022-12-21,pre_third,2022:Q3,T,M,0.029723363515660458,1.734723475976807e-18,0.04942430480336454,4.111301746744864,True,1,0.02
joint_indicator_revision_dfm_full_kalman_em,exact,2022:Q3:pre_third:exact,2022-12-21,pre_third,2022:Q3,T,S,0.02875557682192673,1.734723475976807e-18,0.04942430480336454,4.111301746744864,True,1,0.02
joint_indicator_revision_dfm_full_kalman_em,exact,2022:Q3:pre_third:exact,2022-12-21,pre_third,2022:Q3,T,T,0.1405458890506593,1.734723475976807e-18,0.04942430480336454,4.111301746744864,True,1,0.02
monthly_mixed_frequency_kalman_em,exact,2022:Q3:pre_third:exact,2022-12-21,pre_third,2022:Q3,A,A,0.3112811021263704,0.0,0.05777758365943718,4.3059387223707315,True,1,0.02
monthly_mixed_frequency_kalman_em,exact,2022:Q3:pre_third:exact,2022-12-21,pre_third,2022:Q3,A,M,-0.03928622108804947,0.0,0.05777758365943718,4.3059387223707315,True,1,0.02
monthly_mixed_frequency_kalman_em,exact,2022:Q3:pre_third:exact,2022-12-21,pre_third,2022:Q3,A,S,0.030492792292328878,0.0,0.05777758365943718,4.3059387223707315,True,1,0.02
monthly_mixed_frequency_kalman_em,exact,2022:Q3:pre_third:exact,2022-12-21,pre_third,2022:Q3,A,T,-0.007568487733332041,0.0,0.05777758365943718,4.3059387223707315,True,1,0.02
monthly_mixed_frequency_kalman_em,exact,2022:Q3:pre_third:exact,2022-12-21,pre_third,2022:Q3,M,A,-0.03928622108804947,0.0,0.05777758365943718,4.3059387223707315,True,1,0.02
monthly_mixed_frequency_kalman_em,exact,2022:Q3:pre_third:exact,2022-12-21,pre_third,2022:Q3,M,M,4.300719353553988,0.0,0.05777758365943718,4.3059387223707315,True,1,0.02
monthly_mixed_frequency_kalman_em,exact,2022:Q3:pre_third:exact,2022-12-21,pre_third,2022:Q3,M,S,0.06083238303728183,0.0,0.05777758365943718,4.3059387223707315,True,1,0.02
monthly_mixed_frequency_kalman_em,exact,2022:Q3:pre_third:exact,2022-12-21,pre_third,2022:Q3,M,T,0.12757811912083605,0.0,0.05777758365943718,4.3059387223707315,True,1,0.02
monthly_mixed_frequency_kalman_em,exact,2022:Q3:pre_third:exact,2022-12-21,pre_third,2022:Q3,S,A,0.030492792292328878,0.0,0.05777758365943718,4.3059387223707315,True,1,0.02
monthly_mixed_frequency_kalman_em,exact,2022:Q3:pre_third:exact,2022-12-21,pre_third,2022:Q3,S,M,0.06083238303728183,0.0,0.05777758365943718,4.3059387223707315,True,1,0.02
monthly_mixed_frequency_kalman_em,exact,2022:Q3:pre_third:exact,2022-12-21,pre_third,2022:Q3,S,S,0.09575125490982057,0.0,0.05777758365943718,4.3059387223707315,True,1,0.02
monthly_mixed_frequency_kalman_em,exact,2022:Q3:pre_third:exact,2022-12-21,pre_third,2022:Q3,S,T,0.053247485351043594,0.0,0.05777758365943718,4.3059387223707315,True,1,0.02
monthly_mixed_frequency_kalman_em,exact,2022:Q3:pre_third:exact,2022-12-21,pre_third,2022:Q3,T,A,-0.007568487733332041,0.0,0.05777758365943718,4.3059387223707315,True,1,0.02
monthly_mixed_frequency_kalman_em,exact,2022:Q3:pre_third:exact,2022-12-21,pre_third,2022:Q3,T,M,0.12757811912083605,0.0,0.05777758365943718,4.3059387223707315,True,1,0.02
monthly_mixed_frequency_kalman_em,exact,2022:Q3:pre_third:exact,2022-12-21,pre_third,2022:Q3,T,S,0.053247485351043594,0.0,0.05777758365943718,4.3059387223707315,True,1,0.02
monthly_mixed_frequency_kalman_em,exact,2022:Q3:pre_third:exact,2022-12-21,pre_third,2022:Q3,T,T,0.14362903990523318,0.0,0.05777758365943718,4.3059387223707315,True,1,0.02
revision_dfm_kalman_em,exact,2022:Q3:pre_third:exact,2022-12-21,pre_third,2022:Q3,A,A,0.22676487540839807,3.469446951953614e-18,0.04868894842458547,4.106966181774184,True,1,0.02
revision_dfm_kalman_em,exact,2022:Q3:pre_third:exact,2022-12-21,pre_third,2022:Q3,A,M,0.008019462848265832,3.469446951953614e-18,0.04868894842458547,4.106966181774184,True,1,0.02
revision_dfm_kalman_em,exact,2022:Q3:pre_third:exact,2022-12-21,pre_third,2022:Q3,A,S,0.011648564118839863,3.469446951953614e-18,0.04868894842458547,4.106966181774184,True,1,0.02
revision_dfm_kalman_em,exact,2022:Q3:pre_third:exact,2022-12-21,pre_third,2022:Q3,A,T,0.009471103356495444,3.469446951953614e-18,0.04868894842458547,4.106966181774184,True,1,0.02
revision_dfm_kalman_em,exact,2022:Q3:pre_third:exact,2022-12-21,pre_third,2022:Q3,M,A,0.008019462848265832,3.469446951953614e-18,0.04868894842458547,4.106966181774184,True,1,0.02
revision_dfm_kalman_em,exact,2022:Q3:pre_third:exact,2022-12-21,pre_third,2022:Q3,M,M,4.106527980789165,3.469446951953614e-18,0.04868894842458547,4.106966181774184,True,1,0.02
revision_dfm_kalman_em,exact,2022:Q3:pre_third:exact,2022-12-21,pre_third,2022:Q3,M,S,0.02860901704461383,3.469446951953614e-18,0.04868894842458547,4.106966181774184,True,1,0.02
revision_dfm_kalman_em,exact,2022:Q3:pre_third:exact,2022-12-21,pre_third,2022:Q3,M,T,0.02925921349291956,3.469446951953614e-18,0.04868894842458547,4.106966181774184,True,1,0.02
revision_dfm_kalman_em,exact,2022:Q3:pre_third:exact,2022-12-21,pre_third,2022:Q3,S,A,0.011648564118839865,3.469446951953614e-18,0.04868894842458547,4.106966181774184,True,1,0.02
revision_dfm_kalman_em,exact,2022:Q3:pre_third:exact,2022-12-21,pre_third,2022:Q3,S,M,0.02860901704461383,3.469446951953614e-18,0.04868894842458547,4.106966181774184,True,1,0.02
revision_dfm_kalman_em,exact,2022:Q3:pre_third:exact,2022-12-21,pre_third,2022:Q3,S,S,0.0578386743144503,3.469446951953614e-18,0.04868894842458547,4.106966181774184,True,1,0.02
revision_dfm_kalman_em,exact,2022:Q3:pre_third:exact,2022-12-21,pre_third,2022:Q3,S,T,0.02826980798609835,3.469446951953614e-18,0.04868894842458547,4.106966181774184,True,1,0.02
revision_dfm_kalman_em,exact,2022:Q3:pre_third:exact,2022-12-21,pre_third,2022:Q3,T,A,0.009471103356495448,3.469446951953614e-18,0.04868894842458547,4.106966181774184,True,1,0.02
revision_dfm_kalman_em,exact,2022:Q3:pre_third:exact,2022-12-21,pre_third,2022:Q3,T,M,0.02925921349291956,3.469446951953614e-18,0.04868894842458547,4.106966181774184,True,1,0.02
revision_dfm_kalman_em,exact,2022:Q3:pre_third:exact,2022-12-21,pre_third,2022:Q3,T,S,0.02826980798609835,3.469446951953614e-18,0.04868894842458547,4.106966181774184,True,1,0.02
revision_dfm_kalman_em,exact,2022:Q3:pre_third:exact,2022-12-21,pre_third,2022:Q3,T,T,0.1413672490860797,3.469446951953614e-18,0.04868894842458547,4.106966181774184,True,1,0.02
indicator_revision_only_dfm_kalman_em,pseudo,2022:Q3:pre_third:pseudo,2022-12-31,pre_third,2022:Q3,A,A,0.42024470112236506,0.0,0.04737168825253659,4.093366756307999,True,1,0.02
indicator_revision_only_dfm_kalman_em,pseudo,2022:Q3:pre_third:pseudo,2022-12-31,pre_third,2022:Q3,A,M,0.026807587509099333,0.0,0.04737168825253659,4.093366756307999,True,1,0.02
indicator_revision_only_dfm_kalman_em,pseudo,2022:Q3:pre_third:pseudo,2022-12-31,pre_third,2022:Q3,A,S,0.026807587509099333,0.0,0.04737168825253659,4.093366756307999,True,1,0.02
indicator_revision_only_dfm_kalman_em,pseudo,2022:Q3:pre_third:pseudo,2022-12-31,pre_third,2022:Q3,A,T,0.026807587509099333,0.0,0.04737168825253659,4.093366756307999,True,1,0.02
indicator_revision_only_dfm_kalman_em,pseudo,2022:Q3:pre_third:pseudo,2022-12-31,pre_third,2022:Q3,M,A,0.026807587509099333,0.0,0.04737168825253659,4.093366756307999,True,1,0.02
indicator_revision_only_dfm_kalman_em,pseudo,2022:Q3:pre_third:pseudo,2022-12-31,pre_third,2022:Q3,M,M,4.092803327537115,0.0,0.04737168825253659,4.093366756307999,True,1,0.02
indicator_revision_only_dfm_kalman_em,pseudo,2022:Q3:pre_third:pseudo,2022-12-31,pre_third,2022:Q3,M,S,0.026807587509099333,0.0,0.04737168825253659,4.093366756307999,True,1,0.02
indicator_revision_only_dfm_kalman_em,pseudo,2022:Q3:pre_third:pseudo,2022-12-31,pre_third,2022:Q3,M,T,0.026807587509099333,0.0,0.04737168825253659,4.093366756307999,True,1,0.02
indicator_revision_only_dfm_kalman_em,pseudo,2022:Q3:pre_third:pseudo,2022-12-31,pre_third,2022:Q3,S,A,0.026807587509099333,0.0,0.04737168825253659,4.093366756307999,True,1,0.02
indicator_revision_only_dfm_kalman_em,pseudo,2022:Q3:pre_third:pseudo,2022-12-31,pre_third,2022:Q3,S,M,0.026807587509099333,0.0,0.04737168825253659,4.093366756307999,True,1,0.02
indicator_revision_only_dfm_kalman_em,pseudo,2022:Q3:pre_third:pseudo,2022-12-31,pre_third,2022:Q3,S,S,0.055857479573498146,0.0,0.04737168825253659,4.093366756307999,True,1,0.02
indicator_revision_only_dfm_kalman_em,pseudo,2022:Q3:pre_third:pseudo,2022-12-31,pre_third,2022:Q3,S,T,0.026807587509099333,0.0,0.04737168825253659,4.093366756307999,True,1,0.02
indicator_revision_only_dfm_kalman_em,pseudo,2022:Q3:pre_third:pseudo,2022-12-31,pre_third,2022:Q3,T,A,0.026807587509099333,0.0,0.04737168825253659,4.093366756307999,True,1,0.02
indicator_revision_only_dfm_kalman_em,pseudo,2022:Q3:pre_third:pseudo,2022-12-31,pre_third,2022:Q3,T,M,0.026807587509099333,0.0,0.04737168825253659,4.093366756307999,True,1,0.02
indicator_revision_only_dfm_kalman_em,pseudo,2022:Q3:pre_third:pseudo,2022-12-31,pre_third,2022:Q3,T,S,0.026807587509099333,0.0,0.04737168825253659,4.093366756307999,True,1,0.02
indicator_revision_only_dfm_kalman_em,pseudo,2022:Q3:pre_third:pseudo,2022-12-31,pre_third,2022:Q3,T,T,0.14490832999902495,0.0,0.04737168825253659,4.093366756307999,True,1,0.02
joint_indicator_revision_dfm_full_kalman_em,pseudo,2022:Q3:pre_third:pseudo,2022-12-31,pre_third,2022:Q3,A,A,0.2082928109793965,0.0,0.04942443206075541,4.1113001886209775,True,1,0.02
joint_indicator_revision_dfm_full_kalman_em,pseudo,2022:Q3:pre_third:pseudo,2022-12-31,pre_third,2022:Q3,A,M,0.009121018889129225,0.0,0.04942443206075541,4.1113001886209775,True,1,0.02
joint_indicator_revision_dfm_full_kalman_em,pseudo,2022:Q3:pre_third:pseudo,2022-12-31,pre_third,2022:Q3,A,S,0.01223854889708038,0.0,0.04942443206075541,4.1113001886209775,True,1,0.02
joint_indicator_revision_dfm_full_kalman_em,pseudo,2022:Q3:pre_third:pseudo,2022-12-31,pre_third,2022:Q3,A,T,0.010368030892309688,0.0,0.04942443206075541,4.1113001886209775,True,1,0.02
joint_indicator_revision_dfm_full_kalman_em,pseudo,2022:Q3:pre_third:pseudo,2022-12-31,pre_third,2022:Q3,M,A,0.009121018889129225,0.0,0.04942443206075541,4.1113001886209775,True,1,0.02
joint_indicator_revision_dfm_full_kalman_em,pseudo,2022:Q3:pre_third:pseudo,2022-12-31,pre_third,2022:Q3,M,M,4.11084360534459,0.0,0.04942443206075541,4.1113001886209775,True,1,0.02
joint_indicator_revision_dfm_full_kalman_em,pseudo,2022:Q3:pre_third:pseudo,2022-12-31,pre_third,2022:Q3,M,S,0.029092742247671697,0.0,0.04942443206075541,4.1113001886209775,True,1,0.02
joint_indicator_revision_dfm_full_kalman_em,pseudo,2022:Q3:pre_third:pseudo,2022-12-31,pre_third,2022:Q3,M,T,0.029723428248467777,0.0,0.04942443206075541,4.1113001886209775,True,1,0.02
joint_indicator_revision_dfm_full_kalman_em,pseudo,2022:Q3:pre_third:pseudo,2022-12-31,pre_third,2022:Q3,S,A,0.01223854889708038,0.0,0.04942443206075541,4.1113001886209775,True,1,0.02
joint_indicator_revision_dfm_full_kalman_em,pseudo,2022:Q3:pre_third:pseudo,2022-12-31,pre_third,2022:Q3,S,M,0.029092742247671697,0.0,0.04942443206075541,4.1113001886209775,True,1,0.02
joint_indicator_revision_dfm_full_kalman_em,pseudo,2022:Q3:pre_third:pseudo,2022-12-31,pre_third,2022:Q3,S,S,0.059101636160929824,0.0,0.04942443206075541,4.1113001886209775,True,1,0.02
joint_indicator_revision_dfm_full_kalman_em,pseudo,2022:Q3:pre_third:pseudo,2022-12-31,pre_third,2022:Q3,S,T,0.02875565838065987,0.0,0.04942443206075541,4.1113001886209775,True,1,0.02
joint_indicator_revision_dfm_full_kalman_em,pseudo,2022:Q3:pre_third:pseudo,2022-12-31,pre_third,2022:Q3,T,A,0.010368030892309688,0.0,0.04942443206075541,4.1113001886209775,True,1,0.02
joint_indicator_revision_dfm_full_kalman_em,pseudo,2022:Q3:pre_third:pseudo,2022-12-31,pre_third,2022:Q3,T,M,0.029723428248467777,0.0,0.04942443206075541,4.1113001886209775,True,1,0.02
joint_indicator_revision_dfm_full_kalman_em,pseudo,2022:Q3:pre_third:pseudo,2022-12-31,pre_third,2022:Q3,T,S,0.02875565838065987,0.0,0.04942443206075541,4.1113001886209775,True,1,0.02
joint_indicator_revision_dfm_full_kalman_em,pseudo,2022:Q3:pre_third:pseudo,2022-12-31,pre_third,2022:Q3,T,T,0.14054588219935313,0.0,0.04942443206075541,4.1113001886209775,True,1,0.02
monthly_mixed_frequency_kalman_em,pseudo,2022:Q3:pre_third:pseudo,2022-12-31,pre_third,2022:Q3,A,A,0.31128289315474966,0.0,0.0577775934623849,4.305936170646495,True,1,0.02
monthly_mixed_frequency_kalman_em,pseudo,2022:Q3:pre_third:pseudo,2022-12-31,pre_third,2022:Q3,A,M,-0.03928656727594219,0.0,0.0577775934623849,4.305936170646495,True,1,0.02
monthly_mixed_frequency_kalman_em,pseudo,2022:Q3:pre_third:pseudo,2022-12-31,pre_third,2022:Q3,A,S,0.0304927468363738,0.0,0.0577775934623849,4.305936170646495,True,1,0.02
monthly_mixed_frequency_kalman_em,pseudo,2022:Q3:pre_third:pseudo,2022-12-31,pre_third,2022:Q3,A,T,-0.007568697224889465,0.0,0.0577775934623849,4.305936170646495,True,1,0.02
monthly_mixed_frequency_kalman_em,pseudo,2022:Q3:pre_third:pseudo,2022-12-31,pre_third,2022:Q3,M,A,-0.03928656727594219,0.0,0.0577775934623849,4.305936170646495,True,1,0.02
monthly_mixed_frequency_kalman_em,pseudo,2022:Q3:pre_third:pseudo,2022-12-31,pre_third,2022:Q3,M,M,4.300716819295617,0.0,0.0577775934623849,4.305936170646495,True,1,0.02
monthly_mixed_frequency_kalman_em,pseudo,2022:Q3:pre_third:pseudo,2022-12-31,pre_third,2022:Q3,M,S,0.06083206626863323,0.0,0.0577775934623849,4.305936170646495,True,1,0.02
monthly_mixed_frequency_kalman_em,pseudo,2022:Q3:pre_third:pseudo,2022-12-31,pre_third,2022:Q3,M,T,0.12757782196501685,0.0,0.0577775934623849,4.305936170646495,True,1,0.02
monthly_mixed_frequency_kalman_em,pseudo,2022:Q3:pre_third:pseudo,2022-12-31,pre_third,2022:Q3,S,A,0.0304927468363738,0.0,0.0577775934623849,4.305936170646495,True,1,0.02
monthly_mixed_frequency_kalman_em,pseudo,2022:Q3:pre_third:pseudo,2022-12-31,pre_third,2022:Q3,S,M,0.06083206626863323,0.0,0.0577775934623849,4.305936170646495,True,1,0.02
monthly_mixed_frequency_kalman_em,pseudo,2022:Q3:pre_third:pseudo,2022-12-31,pre_third,2022:Q3,S,S,0.09575084232876437,0.0,0.0577775934623849,4.305936170646495,True,1,0.02
monthly_mixed_frequency_kalman_em,pseudo,2022:Q3:pre_third:pseudo,2022-12-31,pre_third,2022:Q3,S,T,0.053247236410568374,0.0,0.0577775934623849,4.305936170646495,True,1,0.02
monthly_mixed_frequency_kalman_em,pseudo,2022:Q3:pre_third:pseudo,2022-12-31,pre_third,2022:Q3,T,A,-0.007568697224889465,0.0,0.0577775934623849,4.305936170646495,True,1,0.02
monthly_mixed_frequency_kalman_em,pseudo,2022:Q3:pre_third:pseudo,2022-12-31,pre_third,2022:Q3,T,M,0.12757782196501685,0.0,0.0577775934623849,4.305936170646495,True,1,0.02
monthly_mixed_frequency_kalman_em,pseudo,2022:Q3:pre_third:pseudo,2022-12-31,pre_third,2022:Q3,T,S,0.053247236410568374,0.0,0.0577775934623849,4.305936170646495,True,1,0.02
monthly_mixed_frequency_kalman_em,pseudo,2022:Q3:pre_third:pseudo,2022-12-31,pre_third,2022:Q3,T,T,0.14362928481570966,0.0,0.0577775934623849,4.305936170646495,True,1,0.02
revision_dfm_kalman_em,pseudo,2022:Q3:pre_third:pseudo,2022-12-31,pre_third,2022:Q3,A,A,0.2267649572531014,3.469446951953614e-18,0.048688902792578086,4.106966092648494,True,1,0.02
revision_dfm_kalman_em,pseudo,2022:Q3:pre_third:pseudo,2022-12-31,pre_third,2022:Q3,A,M,0.008019464053573785,3.469446951953614e-18,0.048688902792578086,4.106966092648494,True,1,0.02
revision_dfm_kalman_em,pseudo,2022:Q3:pre_third:pseudo,2022-12-31,pre_third,2022:Q3,A,S,0.01164856821267811,3.469446951953614e-18,0.048688902792578086,4.106966092648494,True,1,0.02
revision_dfm_kalman_em,pseudo,2022:Q3:pre_third:pseudo,2022-12-31,pre_third,2022:Q3,A,T,0.009471105717215515,3.469446951953614e-18,0.048688902792578086,4.106966092648494,True,1,0.02
revision_dfm_kalman_em,pseudo,2022:Q3:pre_third:pseudo,2022-12-31,pre_third,2022:Q3,M,A,0.008019464053573785,3.469446951953614e-18,0.048688902792578086,4.106966092648494,True,1,0.02
revision_dfm_kalman_em,pseudo,2022:Q3:pre_third:pseudo,2022-12-31,pre_third,2022:Q3,M,M,4.1065278927987565,3.469446951953614e-18,0.048688902792578086,4.106966092648494,True,1,0.02
revision_dfm_kalman_em,pseudo,2022:Q3:pre_third:pseudo,2022-12-31,pre_third,2022:Q3,M,S,0.028608978399329618,3.469446951953614e-18,0.048688902792578086,4.106966092648494,True,1,0.02
revision_dfm_kalman_em,pseudo,2022:Q3:pre_third:pseudo,2022-12-31,pre_third,2022:Q3,M,T,0.02925917358919559,3.469446951953614e-18,0.048688902792578086,4.106966092648494,True,1,0.02
revision_dfm_kalman_em,pseudo,2022:Q3:pre_third:pseudo,2022-12-31,pre_third,2022:Q3,S,A,0.011648568212678111,3.469446951953614e-18,0.048688902792578086,4.106966092648494,True,1,0.02
revision_dfm_kalman_em,pseudo,2022:Q3:pre_third:pseudo,2022-12-31,pre_third,2022:Q3,S,M,0.028608978399329618,3.469446951953614e-18,0.048688902792578086,4.106966092648494,True,1,0.02
revision_dfm_kalman_em,pseudo,2022:Q3:pre_third:pseudo,2022-12-31,pre_third,2022:Q3,S,S,0.05783860044522071,3.469446951953614e-18,0.048688902792578086,4.106966092648494,True,1,0.02
revision_dfm_kalman_em,pseudo,2022:Q3:pre_third:pseudo,2022-12-31,pre_third,2022:Q3,S,T,0.028269770195596587,3.469446951953614e-18,0.048688902792578086,4.106966092648494,True,1,0.02
revision_dfm_kalman_em,pseudo,2022:Q3:pre_third:pseudo,2022-12-31,pre_third,2022:Q3,T,A,0.009471105717215513,3.469446951953614e-18,0.048688902792578086,4.106966092648494,True,1,0.02
revision_dfm_kalman_em,pseudo,2022:Q3:pre_third:pseudo,2022-12-31,pre_third,2022:Q3,T,M,0.02925917358919559,3.469446951953614e-18,0.048688902792578086,4.106966092648494,True,1,0.02
revision_dfm_kalman_em,pseudo,2022:Q3:pre_third:pseudo,2022-12-31,pre_third,2022:Q3,T,S,0.028269770195596584,3.469446951953614e-18,0.048688902792578086,4.106966092648494,True,1,0.02
revision_dfm_kalman_em,pseudo,2022:Q3:pre_third:pseudo,2022-12-31,pre_third,2022:Q3,T,T,0.1413672645860681,3.469446951953614e-18,0.048688902792578086,4.106966092648494,True,1,0.02
indicator_revision_only_dfm_kalman_em,exact,2022:Q4:pre_advance:exact,2023-01-25,pre_advance,2022:Q4,A,A,3.3069766775546845,0.0,0.0662586888300334,13.075908245871707,True,1,0.02
indicator_revision_only_dfm_kalman_em,exact,2022:Q4:pre_advance:exact,2023-01-25,pre_advance,2022:Q4,A,M,2.9091447754869084,0.0,0.0662586888300334,13.075908245871707,True,1,0.02
indicator_revision_only_dfm_kalman_em,exact,2022:Q4:pre_advance:exact,2023-01-25,pre_advance,2022:Q4,A,S,2.9091447754869084,0.0,0.0662586888300334,13.075908245871707,True,1,0.02
indicator_revision_only_dfm_kalman_em,exact,2022:Q4:pre_advance:exact,2023-01-25,pre_advance,2022:Q4,A,T,2.9091447754869084,0.0,0.0662586888300334,13.075908245871707,True,1,0.02
indicator_revision_only_dfm_kalman_em,exact,2022:Q4:pre_advance:exact,2023-01-25,pre_advance,2022:Q4,M,A,2.9091447754869084,0.0,0.0662586888300334,13.075908245871707,True,1,0.02
indicator_revision_only_dfm_kalman_em,exact,2022:Q4:pre_advance:exact,2023-01-25,pre_advance,2022:Q4,M,M,6.981514800398829,0.0,0.0662586888300334,13.075908245871707,True,1,0.02
indicator_revision_only_dfm_kalman_em,exact,2022:Q4:pre_advance:exact,2023-01-25,pre_advance,2022:Q4,M,S,2.9091447754869084,0.0,0.0662586888300334,13.075908245871707,True,1,0.02
indicator_revision_only_dfm_kalman_em,exact,2022:Q4:pre_advance:exact,2023-01-25,pre_advance,2022:Q4,M,T,2.9091447754869084,0.0,0.0662586888300334,13.075908245871707,True,1,0.02
indicator_revision_only_dfm_kalman_em,exact,2022:Q4:pre_advance:exact,2023-01-25,pre_advance,2022:Q4,S,A,2.9091447754869084,0.0,0.0662586888300334,13.075908245871707,True,1,0.02
indicator_revision_only_dfm_kalman_em,exact,2022:Q4:pre_advance:exact,2023-01-25,pre_advance,2022:Q4,S,M,2.9091447754869084,0.0,0.0662586888300334,13.075908245871707,True,1,0.02
indicator_revision_only_dfm_kalman_em,exact,2022:Q4:pre_advance:exact,2023-01-25,pre_advance,2022:Q4,S,S,2.925421803526191,0.0,0.0662586888300334,13.075908245871707,True,1,0.02
indicator_revision_only_dfm_kalman_em,exact,2022:Q4:pre_advance:exact,2023-01-25,pre_advance,2022:Q4,S,T,2.9091447754869084,0.0,0.0662586888300334,13.075908245871707,True,1,0.02
indicator_revision_only_dfm_kalman_em,exact,2022:Q4:pre_advance:exact,2023-01-25,pre_advance,2022:Q4,T,A,2.9091447754869084,0.0,0.0662586888300334,13.075908245871707,True,1,0.02
indicator_revision_only_dfm_kalman_em,exact,2022:Q4:pre_advance:exact,2023-01-25,pre_advance,2022:Q4,T,M,2.9091447754869084,0.0,0.0662586888300334,13.075908245871707,True,1,0.02
indicator_revision_only_dfm_kalman_em,exact,2022:Q4:pre_advance:exact,2023-01-25,pre_advance,2022:Q4,T,S,2.9091447754869084,0.0,0.0662586888300334,13.075908245871707,True,1,0.02
indicator_revision_only_dfm_kalman_em,exact,2022:Q4:pre_advance:exact,2023-01-25,pre_advance,2022:Q4,T,T,3.0363863215711278,0.0,0.0662586888300334,13.075908245871707,True,1,0.02
joint_indicator_revision_dfm_full_kalman_em,exact,2022:Q4:pre_advance:exact,2023-01-25,pre_advance,2022:Q4,A,A,3.1713582860759386,8.881784197001252e-16,0.06424387775337698,16.521528607363575,True,1,0.02
joint_indicator_revision_dfm_full_kalman_em,exact,2022:Q4:pre_advance:exact,2023-01-25,pre_advance,2022:Q4,A,M,3.4448494527419573,8.881784197001252e-16,0.06424387775337698,16.521528607363575,True,1,0.02
joint_indicator_revision_dfm_full_kalman_em,exact,2022:Q4:pre_advance:exact,2023-01-25,pre_advance,2022:Q4,A,S,3.4240377069860037,8.881784197001252e-16,0.06424387775337698,16.521528607363575,True,1,0.02
joint_indicator_revision_dfm_full_kalman_em,exact,2022:Q4:pre_advance:exact,2023-01-25,pre_advance,2022:Q4,A,T,3.436524754439576,8.881784197001252e-16,0.06424387775337698,16.521528607363575,True,1,0.02
joint_indicator_revision_dfm_full_kalman_em,exact,2022:Q4:pre_advance:exact,2023-01-25,pre_advance,2022:Q4,M,A,3.4448494527419573,8.881784197001252e-16,0.06424387775337698,16.521528607363575,True,1,0.02
joint_indicator_revision_dfm_full_kalman_em,exact,2022:Q4:pre_advance:exact,2023-01-25,pre_advance,2022:Q4,M,M,8.17499005291397,8.881784197001252e-16,0.06424387775337698,16.521528607363575,True,1,0.02
joint_indicator_revision_dfm_full_kalman_em,exact,2022:Q4:pre_advance:exact,2023-01-25,pre_advance,2022:Q4,M,S,4.061999781738881,8.881784197001252e-16,0.06424387775337698,16.521528607363575,True,1,0.02
joint_indicator_revision_dfm_full_kalman_em,exact,2022:Q4:pre_advance:exact,2023-01-25,pre_advance,2022:Q4,M,T,4.0814887394966775,8.881784197001252e-16,0.06424387775337698,16.521528607363575,True,1,0.02
joint_indicator_revision_dfm_full_kalman_em,exact,2022:Q4:pre_advance:exact,2023-01-25,pre_advance,2022:Q4,S,A,3.4240377069860037,8.881784197001252e-16,0.06424387775337698,16.521528607363575,True,1,0.02
joint_indicator_revision_dfm_full_kalman_em,exact,2022:Q4:pre_advance:exact,2023-01-25,pre_advance,2022:Q4,S,M,4.061999781738881,8.881784197001252e-16,0.06424387775337698,16.521528607363575,True,1,0.02
joint_indicator_revision_dfm_full_kalman_em,exact,2022:Q4:pre_advance:exact,2023-01-25,pre_advance,2022:Q4,S,S,4.050427901162742,8.881784197001252e-16,0.06424387775337698,16.521528607363575,True,1,0.02
joint_indicator_revision_dfm_full_kalman_em,exact,2022:Q4:pre_advance:exact,2023-01-25,pre_advance,2022:Q4,S,T,4.049240540243823,8.881784197001252e-16,0.06424387775337698,16.521528607363575,True,1,0.02
joint_indicator_revision_dfm_full_kalman_em,exact,2022:Q4:pre_advance:exact,2023-01-25,pre_advance,2022:Q4,T,A,3.436524754439575,8.881784197001252e-16,0.06424387775337698,16.521528607363575,True,1,0.02
joint_indicator_revision_dfm_full_kalman_em,exact,2022:Q4:pre_advance:exact,2023-01-25,pre_advance,2022:Q4,T,M,4.0814887394966775,8.881784197001252e-16,0.06424387775337698,16.521528607363575,True,1,0.02
joint_indicator_revision_dfm_full_kalman_em,exact,2022:Q4:pre_advance:exact,2023-01-25,pre_advance,2022:Q4,T,S,4.049240540243822,8.881784197001252e-16,0.06424387775337698,16.521528607363575,True,1,0.02
joint_indicator_revision_dfm_full_kalman_em,exact,2022:Q4:pre_advance:exact,2023-01-25,pre_advance,2022:Q4,T,T,4.188794481769512,8.881784197001252e-16,0.06424387775337698,16.521528607363575,True,1,0.02
monthly_mixed_frequency_kalman_em,exact,2022:Q4:pre_advance:exact,2023-01-25,pre_advance,2022:Q4,A,A,4.399386799866057,0.0,0.06075597627449337,18.3851089653649,True,1,0.02
monthly_mixed_frequency_kalman_em,exact,2022:Q4:pre_advance:exact,2023-01-25,pre_advance,2022:Q4,A,M,4.119714300155862,0.0,0.06075597627449337,18.3851089653649,True,1,0.02
monthly_mixed_frequency_kalman_em,exact,2022:Q4:pre_advance:exact,2023-01-25,pre_advance,2022:Q4,A,S,4.150093675254507,0.0,0.06075597627449337,18.3851089653649,True,1,0.02
monthly_mixed_frequency_kalman_em,exact,2022:Q4:pre_advance:exact,2023-01-25,pre_advance,2022:Q4,A,T,4.133523107018883,0.0,0.06075597627449337,18.3851089653649,True,1,0.02
monthly_mixed_frequency_kalman_em,exact,2022:Q4:pre_advance:exact,2023-01-25,pre_advance,2022:Q4,M,A,4.119714300155862,0.0,0.06075597627449337,18.3851089653649,True,1,0.02
monthly_mixed_frequency_kalman_em,exact,2022:Q4:pre_advance:exact,2023-01-25,pre_advance,2022:Q4,M,M,8.63674351909546,0.0,0.06075597627449337,18.3851089653649,True,1,0.02
monthly_mixed_frequency_kalman_em,exact,2022:Q4:pre_advance:exact,2023-01-25,pre_advance,2022:Q4,M,S,4.307486042548918,0.0,0.06075597627449337,18.3851089653649,True,1,0.02
monthly_mixed_frequency_kalman_em,exact,2022:Q4:pre_advance:exact,2023-01-25,pre_advance,2022:Q4,M,T,4.43266720414429,0.0,0.06075597627449337,18.3851089653649,True,1,0.02
monthly_mixed_frequency_kalman_em,exact,2022:Q4:pre_advance:exact,2023-01-25,pre_advance,2022:Q4,S,A,4.150093675254507,0.0,0.06075597627449337,18.3851089653649,True,1,0.02
monthly_mixed_frequency_kalman_em,exact,2022:Q4:pre_advance:exact,2023-01-25,pre_advance,2022:Q4,S,M,4.307486042548918,0.0,0.06075597627449337,18.3851089653649,True,1,0.02
monthly_mixed_frequency_kalman_em,exact,2022:Q4:pre_advance:exact,2023-01-25,pre_advance,2022:Q4,S,S,4.272147192989954,0.0,0.06075597627449337,18.3851089653649,True,1,0.02
monthly_mixed_frequency_kalman_em,exact,2022:Q4:pre_advance:exact,2023-01-25,pre_advance,2022:Q4,S,T,4.268137950725315,0.0,0.06075597627449337,18.3851089653649,True,1,0.02
monthly_mixed_frequency_kalman_em,exact,2022:Q4:pre_advance:exact,2023-01-25,pre_advance,2022:Q4,T,A,4.133523107018883,0.0,0.06075597627449337,18.3851089653649,True,1,0.02
monthly_mixed_frequency_kalman_em,exact,2022:Q4:pre_advance:exact,2023-01-25,pre_advance,2022:Q4,T,M,4.43266720414429,0.0,0.06075597627449337,18.3851089653649,True,1,0.02
monthly_mixed_frequency_kalman_em,exact,2022:Q4:pre_advance:exact,2023-01-25,pre_advance,2022:Q4,T,S,4.268137950725315,0.0,0.06075597627449337,18.3851089653649,True,1,0.02
monthly_mixed_frequency_kalman_em,exact,2022:Q4:pre_advance:exact,2023-01-25,pre_advance,2022:Q4,T,T,4.407744303300119,0.0,0.06075597627449337,18.3851089653649,True,1,0.02
revision_dfm_kalman_em,exact,2022:Q4:pre_advance:exact,2023-01-25,pre_advance,2022:Q4,A,A,3.057137811576294,4.440892098500626e-16,0.0671951093466789,15.168297233618638,True,1,0.02
revision_dfm_kalman_em,exact,2022:Q4:pre_advance:exact,2023-01-25,pre_advance,2022:Q4,A,M,3.177142580302118,4.440892098500626e-16,0.0671951093466789,15.168297233618638,True,1,0.02
revision_dfm_kalman_em,exact,2022:Q4:pre_advance:exact,2023-01-25,pre_advance,2022:Q4,A,S,3.163892783637637,4.440892098500626e-16,0.0671951093466789,15.168297233618638,True,1,0.02
revision_dfm_kalman_em,exact,2022:Q4:pre_advance:exact,2023-01-25,pre_advance,2022:Q4,A,T,3.171842661636325,4.440892098500626e-16,0.0671951093466789,15.168297233618638,True,1,0.02
revision_dfm_kalman_em,exact,2022:Q4:pre_advance:exact,2023-01-25,pre_advance,2022:Q4,M,A,3.177142580302118,4.440892098500626e-16,0.0671951093466789,15.168297233618638,True,1,0.02
revision_dfm_kalman_em,exact,2022:Q4:pre_advance:exact,2023-01-25,pre_advance,2022:Q4,M,M,7.744789807775099,4.440892098500626e-16,0.0671951093466789,15.168297233618638,True,1,0.02
revision_dfm_kalman_em,exact,2022:Q4:pre_advance:exact,2023-01-25,pre_advance,2022:Q4,M,S,3.659442312730162,4.440892098500626e-16,0.0671951093466789,15.168297233618638,True,1,0.02
revision_dfm_kalman_em,exact,2022:Q4:pre_advance:exact,2023-01-25,pre_advance,2022:Q4,M,T,3.6746728305963114,4.440892098500626e-16,0.0671951093466789,15.168297233618638,True,1,0.02
revision_dfm_kalman_em,exact,2022:Q4:pre_advance:exact,2023-01-25,pre_advance,2022:Q4,S,A,3.163892783637637,4.440892098500626e-16,0.0671951093466789,15.168297233618638,True,1,0.02
revision_dfm_kalman_em,exact,2022:Q4:pre_advance:exact,2023-01-25,pre_advance,2022:Q4,S,M,3.659442312730162,4.440892098500626e-16,0.0671951093466789,15.168297233618638,True,1,0.02
revision_dfm_kalman_em,exact,2022:Q4:pre_advance:exact,2023-01-25,pre_advance,2022:Q4,S,S,3.664698703771612,4.440892098500626e-16,0.0671951093466789,15.168297233618638,True,1,0.02
revision_dfm_kalman_em,exact,2022:Q4:pre_advance:exact,2023-01-25,pre_advance,2022:Q4,S,T,3.6495313221483117,4.440892098500626e-16,0.0671951093466789,15.168297233618638,True,1,0.02
revision_dfm_kalman_em,exact,2022:Q4:pre_advance:exact,2023-01-25,pre_advance,2022:Q4,T,A,3.1718426616363256,4.440892098500626e-16,0.0671951093466789,15.168297233618638,True,1,0.02
revision_dfm_kalman_em,exact,2022:Q4:pre_advance:exact,2023-01-25,pre_advance,2022:Q4,T,M,3.6746728305963114,4.440892098500626e-16,0.0671951093466789,15.168297233618638,True,1,0.02
revision_dfm_kalman_em,exact,2022:Q4:pre_advance:exact,2023-01-25,pre_advance,2022:Q4,T,S,3.6495313221483117,4.440892098500626e-16,0.0671951093466789,15.168297233618638,True,1,0.02
revision_dfm_kalman_em,exact,2022:Q4:pre_advance:exact,2023-01-25,pre_advance,2022:Q4,T,T,3.7769162970866197,4.440892098500626e-16,0.0671951093466789,15.168297233618638,True,1,0.02
indicator_revision_only_dfm_kalman_em,pseudo,2022:Q4:pre_advance:pseudo,2023-01-31,pre_advance,2022:Q4,A,A,3.2717010021861053,0.0,0.06646308042719946,12.93956404998735,True,1,0.02
indicator_revision_only_dfm_kalman_em,pseudo,2022:Q4:pre_advance:pseudo,2023-01-31,pre_advance,2022:Q4,A,M,2.8742334779038674,0.0,0.06646308042719946,12.93956404998735,True,1,0.02
indicator_revision_only_dfm_kalman_em,pseudo,2022:Q4:pre_advance:pseudo,2023-01-31,pre_advance,2022:Q4,A,S,2.8742334779038674,0.0,0.06646308042719946,12.93956404998735,True,1,0.02
indicator_revision_only_dfm_kalman_em,pseudo,2022:Q4:pre_advance:pseudo,2023-01-31,pre_advance,2022:Q4,A,T,2.8742334779038674,0.0,0.06646308042719946,12.93956404998735,True,1,0.02
indicator_revision_only_dfm_kalman_em,pseudo,2022:Q4:pre_advance:pseudo,2023-01-31,pre_advance,2022:Q4,M,A,2.8742334779038674,0.0,0.06646308042719946,12.93956404998735,True,1,0.02
indicator_revision_only_dfm_kalman_em,pseudo,2022:Q4:pre_advance:pseudo,2023-01-31,pre_advance,2022:Q4,M,M,6.945152024960164,0.0,0.06646308042719946,12.93956404998735,True,1,0.02
indicator_revision_only_dfm_kalman_em,pseudo,2022:Q4:pre_advance:pseudo,2023-01-31,pre_advance,2022:Q4,M,S,2.8742334779038674,0.0,0.06646308042719946,12.93956404998735,True,1,0.02
indicator_revision_only_dfm_kalman_em,pseudo,2022:Q4:pre_advance:pseudo,2023-01-31,pre_advance,2022:Q4,M,T,2.8742334779038674,0.0,0.06646308042719946,12.93956404998735,True,1,0.02
indicator_revision_only_dfm_kalman_em,pseudo,2022:Q4:pre_advance:pseudo,2023-01-31,pre_advance,2022:Q4,S,A,2.8742334779038674,0.0,0.06646308042719946,12.93956404998735,True,1,0.02
indicator_revision_only_dfm_kalman_em,pseudo,2022:Q4:pre_advance:pseudo,2023-01-31,pre_advance,2022:Q4,S,M,2.8742334779038674,0.0,0.06646308042719946,12.93956404998735,True,1,0.02
indicator_revision_only_dfm_kalman_em,pseudo,2022:Q4:pre_advance:pseudo,2023-01-31,pre_advance,2022:Q4,S,S,2.8912585267851907,0.0,0.06646308042719946,12.93956404998735,True,1,0.02
indicator_revision_only_dfm_kalman_em,pseudo,2022:Q4:pre_advance:pseudo,2023-01-31,pre_advance,2022:Q4,S,T,2.8742334779038674,0.0,0.06646308042719946,12.93956404998735,True,1,0.02
indicator_revision_only_dfm_kalman_em,pseudo,2022:Q4:pre_advance:pseudo,2023-01-31,pre_advance,2022:Q4,T,A,2.8742334779038674,0.0,0.06646308042719946,12.93956404998735,True,1,0.02
indicator_revision_only_dfm_kalman_em,pseudo,2022:Q4:pre_advance:pseudo,2023-01-31,pre_advance,2022:Q4,T,M,2.8742334779038674,0.0,0.06646308042719946,12.93956404998735,True,1,0.02
indicator_revision_only_dfm_kalman_em,pseudo,2022:Q4:pre_advance:pseudo,2023-01-31,pre_advance,2022:Q4,T,S,2.8742334779038674,0.0,0.06646308042719946,12.93956404998735,True,1,0.02
indicator_revision_only_dfm_kalman_em,pseudo,2022:Q4:pre_advance:pseudo,2023-01-31,pre_advance,2022:Q4,T,T,3.00090634946861,0.0,0.06646308042719946,12.93956404998735,True,1,0.02
joint_indicator_revision_dfm_full_kalman_em,pseudo,2022:Q4:pre_advance:pseudo,2023-01-31,pre_advance,2022:Q4,A,A,2.6327306698566293,4.440892098500626e-16,0.06404483356641781,13.622547185640101,True,1,0.02
joint_indicator_revision_dfm_full_kalman_em,pseudo,2022:Q4:pre_advance:pseudo,2023-01-31,pre_advance,2022:Q4,A,M,2.7776820369540305,4.440892098500626e-16,0.06404483356641781,13.622547185640101,True,1,0.02
joint_indicator_revision_dfm_full_kalman_em,pseudo,2022:Q4:pre_advance:pseudo,2023-01-31,pre_advance,2022:Q4,A,S,2.763021724786862,4.440892098500626e-16,0.06404483356641781,13.622547185640101,True,1,0.02
joint_indicator_revision_dfm_full_kalman_em,pseudo,2022:Q4:pre_advance:pseudo,2023-01-31,pre_advance,2022:Q4,A,T,2.771817912087163,4.440892098500626e-16,0.06404483356641781,13.622547185640101,True,1,0.02
joint_indicator_revision_dfm_full_kalman_em,pseudo,2022:Q4:pre_advance:pseudo,2023-01-31,pre_advance,2022:Q4,M,A,2.7776820369540305,4.440892098500626e-16,0.06404483356641781,13.622547185640101,True,1,0.02
joint_indicator_revision_dfm_full_kalman_em,pseudo,2022:Q4:pre_advance:pseudo,2023-01-31,pre_advance,2022:Q4,M,M,7.362671810009379,4.440892098500626e-16,0.06404483356641781,13.622547185640101,True,1,0.02
joint_indicator_revision_dfm_full_kalman_em,pseudo,2022:Q4:pre_advance:pseudo,2023-01-31,pre_advance,2022:Q4,M,S,3.258899741879953,4.440892098500626e-16,0.06404483356641781,13.622547185640101,True,1,0.02
joint_indicator_revision_dfm_full_kalman_em,pseudo,2022:Q4:pre_advance:pseudo,2023-01-31,pre_advance,2022:Q4,M,T,3.274096090456561,4.440892098500626e-16,0.06404483356641781,13.622547185640101,True,1,0.02
joint_indicator_revision_dfm_full_kalman_em,pseudo,2022:Q4:pre_advance:pseudo,2023-01-31,pre_advance,2022:Q4,S,A,2.763021724786862,4.440892098500626e-16,0.06404483356641781,13.622547185640101,True,1,0.02
joint_indicator_revision_dfm_full_kalman_em,pseudo,2022:Q4:pre_advance:pseudo,2023-01-31,pre_advance,2022:Q4,S,M,3.258899741879953,4.440892098500626e-16,0.06404483356641781,13.622547185640101,True,1,0.02
joint_indicator_revision_dfm_full_kalman_em,pseudo,2022:Q4:pre_advance:pseudo,2023-01-31,pre_advance,2022:Q4,S,S,3.253447305599912,4.440892098500626e-16,0.06404483356641781,13.622547185640101,True,1,0.02
joint_indicator_revision_dfm_full_kalman_em,pseudo,2022:Q4:pre_advance:pseudo,2023-01-31,pre_advance,2022:Q4,S,T,3.2489821815380915,4.440892098500626e-16,0.06404483356641781,13.622547185640101,True,1,0.02
joint_indicator_revision_dfm_full_kalman_em,pseudo,2022:Q4:pre_advance:pseudo,2023-01-31,pre_advance,2022:Q4,T,A,2.7718179120871627,4.440892098500626e-16,0.06404483356641781,13.622547185640101,True,1,0.02
joint_indicator_revision_dfm_full_kalman_em,pseudo,2022:Q4:pre_advance:pseudo,2023-01-31,pre_advance,2022:Q4,T,M,3.274096090456561,4.440892098500626e-16,0.06404483356641781,13.622547185640101,True,1,0.02
joint_indicator_revision_dfm_full_kalman_em,pseudo,2022:Q4:pre_advance:pseudo,2023-01-31,pre_advance,2022:Q4,T,S,3.2489821815380915,4.440892098500626e-16,0.06404483356641781,13.622547185640101,True,1,0.02
joint_indicator_revision_dfm_full_kalman_em,pseudo,2022:Q4:pre_advance:pseudo,2023-01-31,pre_advance,2022:Q4,T,T,3.3850098287928327,4.440892098500626e-16,0.06404483356641781,13.622547185640101,True,1,0.02
monthly_mixed_frequency_kalman_em,pseudo,2022:Q4:pre_advance:pseudo,2023-01-31,pre_advance,2022:Q4,A,A,4.398240760021314,0.0,0.06075514815851014,18.38174183865454,True,1,0.02
monthly_mixed_frequency_kalman_em,pseudo,2022:Q4:pre_advance:pseudo,2023-01-31,pre_advance,2022:Q4,A,M,4.118795774192021,0.0,0.06075514815851014,18.38174183865454,True,1,0.02
monthly_mixed_frequency_kalman_em,pseudo,2022:Q4:pre_advance:pseudo,2023-01-31,pre_advance,2022:Q4,A,S,4.149050581181028,0.0,0.06075514815851014,18.38174183865454,True,1,0.02
monthly_mixed_frequency_kalman_em,pseudo,2022:Q4:pre_advance:pseudo,2023-01-31,pre_advance,2022:Q4,A,T,4.132547959187024,0.0,0.06075514815851014,18.38174183865454,True,1,0.02
monthly_mixed_frequency_kalman_em,pseudo,2022:Q4:pre_advance:pseudo,2023-01-31,pre_advance,2022:Q4,M,A,4.118795774192021,0.0,0.06075514815851014,18.38174183865454,True,1,0.02
monthly_mixed_frequency_kalman_em,pseudo,2022:Q4:pre_advance:pseudo,2023-01-31,pre_advance,2022:Q4,M,M,8.636144801147202,0.0,0.06075514815851014,18.38174183865454,True,1,0.02
monthly_mixed_frequency_kalman_em,pseudo,2022:Q4:pre_advance:pseudo,2023-01-31,pre_advance,2022:Q4,M,S,4.306697289187473,0.0,0.06075514815851014,18.38174183865454,True,1,0.02
monthly_mixed_frequency_kalman_em,pseudo,2022:Q4:pre_advance:pseudo,2023-01-31,pre_advance,2022:Q4,M,T,4.431964965851107,0.0,0.06075514815851014,18.38174183865454,True,1,0.02
monthly_mixed_frequency_kalman_em,pseudo,2022:Q4:pre_advance:pseudo,2023-01-31,pre_advance,2022:Q4,S,A,4.149050581181028,0.0,0.06075514815851014,18.38174183865454,True,1,0.02
monthly_mixed_frequency_kalman_em,pseudo,2022:Q4:pre_advance:pseudo,2023-01-31,pre_advance,2022:Q4,S,M,4.306697289187473,0.0,0.06075514815851014,18.38174183865454,True,1,0.02
monthly_mixed_frequency_kalman_em,pseudo,2022:Q4:pre_advance:pseudo,2023-01-31,pre_advance,2022:Q4,S,S,4.271219378882035,0.0,0.06075514815851014,18.38174183865454,True,1,0.02
monthly_mixed_frequency_kalman_em,pseudo,2022:Q4:pre_advance:pseudo,2023-01-31,pre_advance,2022:Q4,S,T,4.267285612185862,0.0,0.06075514815851014,18.38174183865454,True,1,0.02
monthly_mixed_frequency_kalman_em,pseudo,2022:Q4:pre_advance:pseudo,2023-01-31,pre_advance,2022:Q4,T,A,4.132547959187024,0.0,0.06075514815851014,18.38174183865454,True,1,0.02
monthly_mixed_frequency_kalman_em,pseudo,2022:Q4:pre_advance:pseudo,2023-01-31,pre_advance,2022:Q4,T,M,4.431964965851107,0.0,0.06075514815851014,18.38174183865454,True,1,0.02
monthly_mixed_frequency_kalman_em,pseudo,2022:Q4:pre_advance:pseudo,2023-01-31,pre_advance,2022:Q4,T,S,4.267285612185862,0.0,0.06075514815851014,18.38174183865454,True,1,0.02
monthly_mixed_frequency_kalman_em,pseudo,2022:Q4:pre_advance:pseudo,2023-01-31,pre_advance,2022:Q4,T,T,4.406969408052814,0.0,0.06075514815851014,18.38174183865454,True,1,0.02
revision_dfm_kalman_em,pseudo,2022:Q4:pre_advance:pseudo,2023-01-31,pre_advance,2022:Q4,A,A,3.0546331355203886,0.0,0.0671954268134175,15.159165972716956,True,1,0.02
revision_dfm_kalman_em,pseudo,2022:Q4:pre_advance:pseudo,2023-01-31,pre_advance,2022:Q4,A,M,3.1747327451835696,0.0,0.0671954268134175,15.159165972716956,True,1,0.02
revision_dfm_kalman_em,pseudo,2022:Q4:pre_advance:pseudo,2023-01-31,pre_advance,2022:Q4,A,S,3.1614768807116613,0.0,0.0671954268134175,15.159165972716956,True,1,0.02
revision_dfm_kalman_em,pseudo,2022:Q4:pre_advance:pseudo,2023-01-31,pre_advance,2022:Q4,A,T,3.1694303993948063,0.0,0.0671954268134175,15.159165972716956,True,1,0.02
revision_dfm_kalman_em,pseudo,2022:Q4:pre_advance:pseudo,2023-01-31,pre_advance,2022:Q4,M,A,3.1747327451835696,0.0,0.0671954268134175,15.159165972716956,True,1,0.02
revision_dfm_kalman_em,pseudo,2022:Q4:pre_advance:pseudo,2023-01-31,pre_advance,2022:Q4,M,M,7.742489645750695,0.0,0.0671954268134175,15.159165972716956,True,1,0.02
revision_dfm_kalman_em,pseudo,2022:Q4:pre_advance:pseudo,2023-01-31,pre_advance,2022:Q4,M,S,3.6571345164981803,0.0,0.0671954268134175,15.159165972716956,True,1,0.02
revision_dfm_kalman_em,pseudo,2022:Q4:pre_advance:pseudo,2023-01-31,pre_advance,2022:Q4,M,T,3.672368256644958,0.0,0.0671954268134175,15.159165972716956,True,1,0.02
revision_dfm_kalman_em,pseudo,2022:Q4:pre_advance:pseudo,2023-01-31,pre_advance,2022:Q4,S,A,3.1614768807116613,0.0,0.0671954268134175,15.159165972716956,True,1,0.02
revision_dfm_kalman_em,pseudo,2022:Q4:pre_advance:pseudo,2023-01-31,pre_advance,2022:Q4,S,M,3.6571345164981803,0.0,0.0671954268134175,15.159165972716956,True,1,0.02
revision_dfm_kalman_em,pseudo,2022:Q4:pre_advance:pseudo,2023-01-31,pre_advance,2022:Q4,S,S,3.6623866540473973,0.0,0.0671954268134175,15.159165972716956,True,1,0.02
revision_dfm_kalman_em,pseudo,2022:Q4:pre_advance:pseudo,2023-01-31,pre_advance,2022:Q4,S,T,3.64722136378245,0.0,0.0671954268134175,15.159165972716956,True,1,0.02
revision_dfm_kalman_em,pseudo,2022:Q4:pre_advance:pseudo,2023-01-31,pre_advance,2022:Q4,T,A,3.1694303993948063,0.0,0.0671954268134175,15.159165972716956,True,1,0.02
revision_dfm_kalman_em,pseudo,2022:Q4:pre_advance:pseudo,2023-01-31,pre_advance,2022:Q4,T,M,3.672368256644958,0.0,0.0671954268134175,15.159165972716956,True,1,0.02
revision_dfm_kalman_em,pseudo,2022:Q4:pre_advance:pseudo,2023-01-31,pre_advance,2022:Q4,T,S,3.64722136378245,0.0,0.0671954268134175,15.159165972716956,True,1,0.02
revision_dfm_kalman_em,pseudo,2022:Q4:pre_advance:pseudo,2023-01-31,pre_advance,2022:Q4,T,T,3.7746084789308436,0.0,0.0671954268134175,15.159165972716956,True,1,0.02
indicator_revision_only_dfm_kalman_em,exact,2022:Q4:pre_second:exact,2023-02-22,pre_second,2022:Q4,A,A,0.7476303521594027,0.0,0.06255631924426638,4.533977588331473,True,1,0.02
indicator_revision_only_dfm_kalman_em,exact,2022:Q4:pre_second:exact,2023-02-22,pre_second,2022:Q4,A,M,0.3498685057716013,0.0,0.06255631924426638,4.533977588331473,True,1,0.02
indicator_revision_only_dfm_kalman_em,exact,2022:Q4:pre_second:exact,2023-02-22,pre_second,2022:Q4,A,S,0.3498685057716013,0.0,0.06255631924426638,4.533977588331473,True,1,0.02
indicator_revision_only_dfm_kalman_em,exact,2022:Q4:pre_second:exact,2023-02-22,pre_second,2022:Q4,A,T,0.3498685057716013,0.0,0.06255631924426638,4.533977588331473,True,1,0.02
indicator_revision_only_dfm_kalman_em,exact,2022:Q4:pre_second:exact,2023-02-22,pre_second,2022:Q4,M,A,0.3498685057716013,0.0,0.06255631924426638,4.533977588331473,True,1,0.02
indicator_revision_only_dfm_kalman_em,exact,2022:Q4:pre_second:exact,2023-02-22,pre_second,2022:Q4,M,M,4.422628652673702,0.0,0.06255631924426638,4.533977588331473,True,1,0.02
indicator_revision_only_dfm_kalman_em,exact,2022:Q4:pre_second:exact,2023-02-22,pre_second,2022:Q4,M,S,0.3498685057716013,0.0,0.06255631924426638,4.533977588331473,True,1,0.02
indicator_revision_only_dfm_kalman_em,exact,2022:Q4:pre_second:exact,2023-02-22,pre_second,2022:Q4,M,T,0.3498685057716013,0.0,0.06255631924426638,4.533977588331473,True,1,0.02
indicator_revision_only_dfm_kalman_em,exact,2022:Q4:pre_second:exact,2023-02-22,pre_second,2022:Q4,S,A,0.3498685057716013,0.0,0.06255631924426638,4.533977588331473,True,1,0.02
indicator_revision_only_dfm_kalman_em,exact,2022:Q4:pre_second:exact,2023-02-22,pre_second,2022:Q4,S,M,0.3498685057716013,0.0,0.06255631924426638,4.533977588331473,True,1,0.02
indicator_revision_only_dfm_kalman_em,exact,2022:Q4:pre_second:exact,2023-02-22,pre_second,2022:Q4,S,S,0.3659383703853616,0.0,0.06255631924426638,4.533977588331473,True,1,0.02
indicator_revision_only_dfm_kalman_em,exact,2022:Q4:pre_second:exact,2023-02-22,pre_second,2022:Q4,S,T,0.3498685057716013,0.0,0.06255631924426638,4.533977588331473,True,1,0.02
indicator_revision_only_dfm_kalman_em,exact,2022:Q4:pre_second:exact,2023-02-22,pre_second,2022:Q4,T,A,0.3498685057716013,0.0,0.06255631924426638,4.533977588331473,True,1,0.02
indicator_revision_only_dfm_kalman_em,exact,2022:Q4:pre_second:exact,2023-02-22,pre_second,2022:Q4,T,M,0.3498685057716013,0.0,0.06255631924426638,4.533977588331473,True,1,0.02
indicator_revision_only_dfm_kalman_em,exact,2022:Q4:pre_second:exact,2023-02-22,pre_second,2022:Q4,T,S,0.3498685057716013,0.0,0.06255631924426638,4.533977588331473,True,1,0.02
indicator_revision_only_dfm_kalman_em,exact,2022:Q4:pre_second:exact,2023-02-22,pre_second,2022:Q4,T,T,0.47727222924285234,0.0,0.06255631924426638,4.533977588331473,True,1,0.02
joint_indicator_revision_dfm_full_kalman_em,exact,2022:Q4:pre_second:exact,2023-02-22,pre_second,2022:Q4,A,A,0.2920204014050272,2.7755575615628914e-17,0.06331886123878327,4.505577481576676,True,1,0.02
joint_indicator_revision_dfm_full_kalman_em,exact,2022:Q4:pre_second:exact,2023-02-22,pre_second,2022:Q4,A,M,0.16254807340820643,2.7755575615628914e-17,0.06331886123878327,4.505577481576676,True,1,0.02
joint_indicator_revision_dfm_full_kalman_em,exact,2022:Q4:pre_second:exact,2023-02-22,pre_second,2022:Q4,A,S,0.16154315197167254,2.7755575615628914e-17,0.06331886123878327,4.505577481576676,True,1,0.02
joint_indicator_revision_dfm_full_kalman_em,exact,2022:Q4:pre_second:exact,2023-02-22,pre_second,2022:Q4,A,T,0.16214610483359287,2.7755575615628914e-17,0.06331886123878327,4.505577481576676,True,1,0.02
joint_indicator_revision_dfm_full_kalman_em,exact,2022:Q4:pre_second:exact,2023-02-22,pre_second,2022:Q4,M,A,0.16254807340820643,2.7755575615628914e-17,0.06331886123878327,4.505577481576676,True,1,0.02
joint_indicator_revision_dfm_full_kalman_em,exact,2022:Q4:pre_second:exact,2023-02-22,pre_second,2022:Q4,M,M,4.433145832203083,2.7755575615628914e-17,0.06331886123878327,4.505577481576676,True,1,0.02
joint_indicator_revision_dfm_full_kalman_em,exact,2022:Q4:pre_second:exact,2023-02-22,pre_second,2022:Q4,M,S,0.3427829396217727,2.7755575615628914e-17,0.06331886123878327,4.505577481576676,True,1,0.02
joint_indicator_revision_dfm_full_kalman_em,exact,2022:Q4:pre_second:exact,2023-02-22,pre_second,2022:Q4,M,T,0.3484745669758853,2.7755575615628914e-17,0.06331886123878327,4.505577481576676,True,1,0.02
joint_indicator_revision_dfm_full_kalman_em,exact,2022:Q4:pre_second:exact,2023-02-22,pre_second,2022:Q4,S,A,0.16154315197167257,2.7755575615628914e-17,0.06331886123878327,4.505577481576676,True,1,0.02
joint_indicator_revision_dfm_full_kalman_em,exact,2022:Q4:pre_second:exact,2023-02-22,pre_second,2022:Q4,S,M,0.3427829396217727,2.7755575615628914e-17,0.06331886123878327,4.505577481576676,True,1,0.02
joint_indicator_revision_dfm_full_kalman_em,exact,2022:Q4:pre_second:exact,2023-02-22,pre_second,2022:Q4,S,S,0.35377309754938446,2.7755575615628914e-17,0.06331886123878327,4.505577481576676,True,1,0.02
joint_indicator_revision_dfm_full_kalman_em,exact,2022:Q4:pre_second:exact,2023-02-22,pre_second,2022:Q4,S,T,0.3391581438687707,2.7755575615628914e-17,0.06331886123878327,4.505577481576676,True,1,0.02
joint_indicator_revision_dfm_full_kalman_em,exact,2022:Q4:pre_second:exact,2023-02-22,pre_second,2022:Q4,T,A,0.1621461048335929,2.7755575615628914e-17,0.06331886123878327,4.505577481576676,True,1,0.02
joint_indicator_revision_dfm_full_kalman_em,exact,2022:Q4:pre_second:exact,2023-02-22,pre_second,2022:Q4,T,M,0.3484745669758853,2.7755575615628914e-17,0.06331886123878327,4.505577481576676,True,1,0.02
joint_indicator_revision_dfm_full_kalman_em,exact,2022:Q4:pre_second:exact,2023-02-22,pre_second,2022:Q4,T,S,0.3391581438687707,2.7755575615628914e-17,0.06331886123878327,4.505577481576676,True,1,0.02
joint_indicator_revision_dfm_full_kalman_em,exact,2022:Q4:pre_second:exact,2023-02-22,pre_second,2022:Q4,T,T,0.4652240900915625,2.7755575615628914e-17,0.06331886123878327,4.505577481576676,True,1,0.02
monthly_mixed_frequency_kalman_em,exact,2022:Q4:pre_second:exact,2023-02-22,pre_second,2022:Q4,A,A,0.43704376609621043,0.0,0.05810192631476541,4.915177265734492,True,1,0.02
monthly_mixed_frequency_kalman_em,exact,2022:Q4:pre_second:exact,2023-02-22,pre_second,2022:Q4,A,M,0.20999778943562242,0.0,0.05810192631476541,4.915177265734492,True,1,0.02
monthly_mixed_frequency_kalman_em,exact,2022:Q4:pre_second:exact,2023-02-22,pre_second,2022:Q4,A,S,0.21153280656902074,0.0,0.05810192631476541,4.915177265734492,True,1,0.02
monthly_mixed_frequency_kalman_em,exact,2022:Q4:pre_second:exact,2023-02-22,pre_second,2022:Q4,A,T,0.210695524496258,0.0,0.05810192631476541,4.915177265734492,True,1,0.02
monthly_mixed_frequency_kalman_em,exact,2022:Q4:pre_second:exact,2023-02-22,pre_second,2022:Q4,M,A,0.20999778943562242,0.0,0.05810192631476541,4.915177265734492,True,1,0.02
monthly_mixed_frequency_kalman_em,exact,2022:Q4:pre_second:exact,2023-02-22,pre_second,2022:Q4,M,M,4.779522070156964,0.0,0.05810192631476541,4.915177265734492,True,1,0.02
monthly_mixed_frequency_kalman_em,exact,2022:Q4:pre_second:exact,2023-02-22,pre_second,2022:Q4,M,S,0.4212209482596769,0.0,0.05810192631476541,4.915177265734492,True,1,0.02
monthly_mixed_frequency_kalman_em,exact,2022:Q4:pre_second:exact,2023-02-22,pre_second,2022:Q4,M,T,0.5620363874757132,0.0,0.05810192631476541,4.915177265734492,True,1,0.02
monthly_mixed_frequency_kalman_em,exact,2022:Q4:pre_second:exact,2023-02-22,pre_second,2022:Q4,S,A,0.21153280656902074,0.0,0.05810192631476541,4.915177265734492,True,1,0.02
monthly_mixed_frequency_kalman_em,exact,2022:Q4:pre_second:exact,2023-02-22,pre_second,2022:Q4,S,M,0.4212209482596769,0.0,0.05810192631476541,4.915177265734492,True,1,0.02
monthly_mixed_frequency_kalman_em,exact,2022:Q4:pre_second:exact,2023-02-22,pre_second,2022:Q4,S,S,0.3571370125954549,0.0,0.05810192631476541,4.915177265734492,True,1,0.02
monthly_mixed_frequency_kalman_em,exact,2022:Q4:pre_second:exact,2023-02-22,pre_second,2022:Q4,S,T,0.3687989128370128,0.0,0.05810192631476541,4.915177265734492,True,1,0.02
monthly_mixed_frequency_kalman_em,exact,2022:Q4:pre_second:exact,2023-02-22,pre_second,2022:Q4,T,A,0.210695524496258,0.0,0.05810192631476541,4.915177265734492,True,1,0.02
monthly_mixed_frequency_kalman_em,exact,2022:Q4:pre_second:exact,2023-02-22,pre_second,2022:Q4,T,M,0.5620363874757132,0.0,0.05810192631476541,4.915177265734492,True,1,0.02
monthly_mixed_frequency_kalman_em,exact,2022:Q4:pre_second:exact,2023-02-22,pre_second,2022:Q4,T,S,0.3687989128370128,0.0,0.05810192631476541,4.915177265734492,True,1,0.02
monthly_mixed_frequency_kalman_em,exact,2022:Q4:pre_second:exact,2023-02-22,pre_second,2022:Q4,T,T,0.524057023231754,0.0,0.05810192631476541,4.915177265734492,True,1,0.02
revision_dfm_kalman_em,exact,2022:Q4:pre_second:exact,2023-02-22,pre_second,2022:Q4,A,A,0.28547638077507315,0.0,0.06587460065559224,4.5382340259912475,True,1,0.02
revision_dfm_kalman_em,exact,2022:Q4:pre_second:exact,2023-02-22,pre_second,2022:Q4,A,M,0.15258139872683166,0.0,0.06587460065559224,4.5382340259912475,True,1,0.02
revision_dfm_kalman_em,exact,2022:Q4:pre_second:exact,2023-02-22,pre_second,2022:Q4,A,S,0.15191320590686186,0.0,0.06587460065559224,4.5382340259912475,True,1,0.02
revision_dfm_kalman_em,exact,2022:Q4:pre_second:exact,2023-02-22,pre_second,2022:Q4,A,T,0.15231412159884375,0.0,0.06587460065559224,4.5382340259912475,True,1,0.02
revision_dfm_kalman_em,exact,2022:Q4:pre_second:exact,2023-02-22,pre_second,2022:Q4,M,A,0.15258139872683166,0.0,0.06587460065559224,4.5382340259912475,True,1,0.02
revision_dfm_kalman_em,exact,2022:Q4:pre_second:exact,2023-02-22,pre_second,2022:Q4,M,M,4.453372557824337,0.0,0.06587460065559224,4.5382340259912475,True,1,0.02
revision_dfm_kalman_em,exact,2022:Q4:pre_second:exact,2023-02-22,pre_second,2022:Q4,M,S,0.3749744395147319,0.0,0.06587460065559224,4.5382340259912475,True,1,0.02
revision_dfm_kalman_em,exact,2022:Q4:pre_second:exact,2023-02-22,pre_second,2022:Q4,M,T,0.3819973776448761,0.0,0.06587460065559224,4.5382340259912475,True,1,0.02
revision_dfm_kalman_em,exact,2022:Q4:pre_second:exact,2023-02-22,pre_second,2022:Q4,S,A,0.15191320590686186,0.0,0.06587460065559224,4.5382340259912475,True,1,0.02
revision_dfm_kalman_em,exact,2022:Q4:pre_second:exact,2023-02-22,pre_second,2022:Q4,S,M,0.3749744395147319,0.0,0.06587460065559224,4.5382340259912475,True,1,0.02
revision_dfm_kalman_em,exact,2022:Q4:pre_second:exact,2023-02-22,pre_second,2022:Q4,S,S,0.39042072564634384,0.0,0.06587460065559224,4.5382340259912475,True,1,0.02
revision_dfm_kalman_em,exact,2022:Q4:pre_second:exact,2023-02-22,pre_second,2022:Q4,S,T,0.3705132148425745,0.0,0.06587460065559224,4.5382340259912475,True,1,0.02
revision_dfm_kalman_em,exact,2022:Q4:pre_second:exact,2023-02-22,pre_second,2022:Q4,T,A,0.15231412159884375,0.0,0.06587460065559224,4.5382340259912475,True,1,0.02
revision_dfm_kalman_em,exact,2022:Q4:pre_second:exact,2023-02-22,pre_second,2022:Q4,T,M,0.3819973776448761,0.0,0.06587460065559224,4.5382340259912475,True,1,0.02
revision_dfm_kalman_em,exact,2022:Q4:pre_second:exact,2023-02-22,pre_second,2022:Q4,T,S,0.3705132148425745,0.0,0.06587460065559224,4.5382340259912475,True,1,0.02
revision_dfm_kalman_em,exact,2022:Q4:pre_second:exact,2023-02-22,pre_second,2022:Q4,T,T,0.4924843678179754,0.0,0.06587460065559224,4.5382340259912475,True,1,0.02
indicator_revision_only_dfm_kalman_em,pseudo,2022:Q4:pre_second:pseudo,2023-02-28,pre_second,2022:Q4,A,A,0.7469218428708975,0.0,0.06273525676970806,4.532283684647585,True,1,0.02
indicator_revision_only_dfm_kalman_em,pseudo,2022:Q4:pre_second:pseudo,2023-02-28,pre_second,2022:Q4,A,M,0.3493927275359922,0.0,0.06273525676970806,4.532283684647585,True,1,0.02
indicator_revision_only_dfm_kalman_em,pseudo,2022:Q4:pre_second:pseudo,2023-02-28,pre_second,2022:Q4,A,S,0.3493927275359922,0.0,0.06273525676970806,4.532283684647585,True,1,0.02
indicator_revision_only_dfm_kalman_em,pseudo,2022:Q4:pre_second:pseudo,2023-02-28,pre_second,2022:Q4,A,T,0.3493927275359922,0.0,0.06273525676970806,4.532283684647585,True,1,0.02
indicator_revision_only_dfm_kalman_em,pseudo,2022:Q4:pre_second:pseudo,2023-02-28,pre_second,2022:Q4,M,A,0.3493927275359922,0.0,0.06273525676970806,4.532283684647585,True,1,0.02
indicator_revision_only_dfm_kalman_em,pseudo,2022:Q4:pre_second:pseudo,2023-02-28,pre_second,2022:Q4,M,M,4.421230232262128,0.0,0.06273525676970806,4.532283684647585,True,1,0.02
indicator_revision_only_dfm_kalman_em,pseudo,2022:Q4:pre_second:pseudo,2023-02-28,pre_second,2022:Q4,M,S,0.3493927275359922,0.0,0.06273525676970806,4.532283684647585,True,1,0.02
indicator_revision_only_dfm_kalman_em,pseudo,2022:Q4:pre_second:pseudo,2023-02-28,pre_second,2022:Q4,M,T,0.3493927275359922,0.0,0.06273525676970806,4.532283684647585,True,1,0.02
indicator_revision_only_dfm_kalman_em,pseudo,2022:Q4:pre_second:pseudo,2023-02-28,pre_second,2022:Q4,S,A,0.3493927275359922,0.0,0.06273525676970806,4.532283684647585,True,1,0.02
indicator_revision_only_dfm_kalman_em,pseudo,2022:Q4:pre_second:pseudo,2023-02-28,pre_second,2022:Q4,S,M,0.3493927275359922,0.0,0.06273525676970806,4.532283684647585,True,1,0.02
indicator_revision_only_dfm_kalman_em,pseudo,2022:Q4:pre_second:pseudo,2023-02-28,pre_second,2022:Q4,S,S,0.3659353984469651,0.0,0.06273525676970806,4.532283684647585,True,1,0.02
indicator_revision_only_dfm_kalman_em,pseudo,2022:Q4:pre_second:pseudo,2023-02-28,pre_second,2022:Q4,S,T,0.3493927275359922,0.0,0.06273525676970806,4.532283684647585,True,1,0.02
indicator_revision_only_dfm_kalman_em,pseudo,2022:Q4:pre_second:pseudo,2023-02-28,pre_second,2022:Q4,T,A,0.3493927275359922,0.0,0.06273525676970806,4.532283684647585,True,1,0.02
indicator_revision_only_dfm_kalman_em,pseudo,2022:Q4:pre_second:pseudo,2023-02-28,pre_second,2022:Q4,T,M,0.3493927275359922,0.0,0.06273525676970806,4.532283684647585,True,1,0.02
indicator_revision_only_dfm_kalman_em,pseudo,2022:Q4:pre_second:pseudo,2023-02-28,pre_second,2022:Q4,T,S,0.3493927275359922,0.0,0.06273525676970806,4.532283684647585,True,1,0.02
indicator_revision_only_dfm_kalman_em,pseudo,2022:Q4:pre_second:pseudo,2023-02-28,pre_second,2022:Q4,T,T,0.4764364924384064,0.0,0.06273525676970806,4.532283684647585,True,1,0.02
joint_indicator_revision_dfm_full_kalman_em,pseudo,2022:Q4:pre_second:pseudo,2023-02-28,pre_second,2022:Q4,A,A,0.28794331472449675,5.551115123125783e-17,0.06334415658785603,4.505740465279773,True,1,0.02
joint_indicator_revision_dfm_full_kalman_em,pseudo,2022:Q4:pre_second:pseudo,2023-02-28,pre_second,2022:Q4,A,M,0.1601063991516669,5.551115123125783e-17,0.06334415658785603,4.505740465279773,True,1,0.02
joint_indicator_revision_dfm_full_kalman_em,pseudo,2022:Q4:pre_second:pseudo,2023-02-28,pre_second,2022:Q4,A,S,0.15912725740864408,5.551115123125783e-17,0.06334415658785603,4.505740465279773,True,1,0.02
joint_indicator_revision_dfm_full_kalman_em,pseudo,2022:Q4:pre_second:pseudo,2023-02-28,pre_second,2022:Q4,A,T,0.15971474245445777,5.551115123125783e-17,0.06334415658785603,4.505740465279773,True,1,0.02
joint_indicator_revision_dfm_full_kalman_em,pseudo,2022:Q4:pre_second:pseudo,2023-02-28,pre_second,2022:Q4,M,A,0.1601063991516669,5.551115123125783e-17,0.06334415658785603,4.505740465279773,True,1,0.02
joint_indicator_revision_dfm_full_kalman_em,pseudo,2022:Q4:pre_second:pseudo,2023-02-28,pre_second,2022:Q4,M,M,4.43346768321769,5.551115123125783e-17,0.06334415658785603,4.505740465279773,True,1,0.02
joint_indicator_revision_dfm_full_kalman_em,pseudo,2022:Q4:pre_second:pseudo,2023-02-28,pre_second,2022:Q4,M,S,0.3430300521526627,5.551115123125783e-17,0.06334415658785603,4.505740465279773,True,1,0.02
joint_indicator_revision_dfm_full_kalman_em,pseudo,2022:Q4:pre_second:pseudo,2023-02-28,pre_second,2022:Q4,M,T,0.3488065885632205,5.551115123125783e-17,0.06334415658785603,4.505740465279773,True,1,0.02
joint_indicator_revision_dfm_full_kalman_em,pseudo,2022:Q4:pre_second:pseudo,2023-02-28,pre_second,2022:Q4,S,A,0.15912725740864408,5.551115123125783e-17,0.06334415658785603,4.505740465279773,True,1,0.02
joint_indicator_revision_dfm_full_kalman_em,pseudo,2022:Q4:pre_second:pseudo,2023-02-28,pre_second,2022:Q4,S,M,0.3430300521526627,5.551115123125783e-17,0.06334415658785603,4.505740465279773,True,1,0.02
joint_indicator_revision_dfm_full_kalman_em,pseudo,2022:Q4:pre_second:pseudo,2023-02-28,pre_second,2022:Q4,S,S,0.35390285912186786,5.551115123125783e-17,0.06334415658785603,4.505740465279773,True,1,0.02
joint_indicator_revision_dfm_full_kalman_em,pseudo,2022:Q4:pre_second:pseudo,2023-02-28,pre_second,2022:Q4,S,T,0.3393519962577823,5.551115123125783e-17,0.06334415658785603,4.505740465279773,True,1,0.02
joint_indicator_revision_dfm_full_kalman_em,pseudo,2022:Q4:pre_second:pseudo,2023-02-28,pre_second,2022:Q4,T,A,0.1597147424544578,5.551115123125783e-17,0.06334415658785603,4.505740465279773,True,1,0.02
joint_indicator_revision_dfm_full_kalman_em,pseudo,2022:Q4:pre_second:pseudo,2023-02-28,pre_second,2022:Q4,T,M,0.3488065885632205,5.551115123125783e-17,0.06334415658785603,4.505740465279773,True,1,0.02
joint_indicator_revision_dfm_full_kalman_em,pseudo,2022:Q4:pre_second:pseudo,2023-02-28,pre_second,2022:Q4,T,S,0.33935199625778234,5.551115123125783e-17,0.06334415658785603,4.505740465279773,True,1,0.02
joint_indicator_revision_dfm_full_kalman_em,pseudo,2022:Q4:pre_second:pseudo,2023-02-28,pre_second,2022:Q4,T,T,0.465476027333991,5.551115123125783e-17,0.06334415658785603,4.505740465279773,True,1,0.02
monthly_mixed_frequency_kalman_em,pseudo,2022:Q4:pre_second:pseudo,2023-02-28,pre_second,2022:Q4,A,A,0.4370454277285625,0.0,0.05810230530819166,4.915087556207565,True,1,0.02
monthly_mixed_frequency_kalman_em,pseudo,2022:Q4:pre_second:pseudo,2023-02-28,pre_second,2022:Q4,A,M,0.2099933305290803,0.0,0.05810230530819166,4.915087556207565,True,1,0.02
monthly_mixed_frequency_kalman_em,pseudo,2022:Q4:pre_second:pseudo,2023-02-28,pre_second,2022:Q4,A,S,0.2115317369397166,0.0,0.05810230530819166,4.915087556207565,True,1,0.02
monthly_mixed_frequency_kalman_em,pseudo,2022:Q4:pre_second:pseudo,2023-02-28,pre_second,2022:Q4,A,T,0.21069260617027863,0.0,0.05810230530819166,4.915087556207565,True,1,0.02
monthly_mixed_frequency_kalman_em,pseudo,2022:Q4:pre_second:pseudo,2023-02-28,pre_second,2022:Q4,M,A,0.2099933305290803,0.0,0.05810230530819166,4.915087556207565,True,1,0.02
monthly_mixed_frequency_kalman_em,pseudo,2022:Q4:pre_second:pseudo,2023-02-28,pre_second,2022:Q4,M,M,4.7794488218525935,0.0,0.05810230530819166,4.915087556207565,True,1,0.02
monthly_mixed_frequency_kalman_em,pseudo,2022:Q4:pre_second:pseudo,2023-02-28,pre_second,2022:Q4,M,S,0.42119379379280086,0.0,0.05810230530819166,4.915087556207565,True,1,0.02
monthly_mixed_frequency_kalman_em,pseudo,2022:Q4:pre_second:pseudo,2023-02-28,pre_second,2022:Q4,M,T,0.5619941026352813,0.0,0.05810230530819166,4.915087556207565,True,1,0.02
monthly_mixed_frequency_kalman_em,pseudo,2022:Q4:pre_second:pseudo,2023-02-28,pre_second,2022:Q4,S,A,0.2115317369397166,0.0,0.05810230530819166,4.915087556207565,True,1,0.02
monthly_mixed_frequency_kalman_em,pseudo,2022:Q4:pre_second:pseudo,2023-02-28,pre_second,2022:Q4,S,M,0.42119379379280086,0.0,0.05810230530819166,4.915087556207565,True,1,0.02
monthly_mixed_frequency_kalman_em,pseudo,2022:Q4:pre_second:pseudo,2023-02-28,pre_second,2022:Q4,S,S,0.35712414382203106,0.0,0.05810230530819166,4.915087556207565,True,1,0.02
monthly_mixed_frequency_kalman_em,pseudo,2022:Q4:pre_second:pseudo,2023-02-28,pre_second,2022:Q4,S,T,0.3687782795795298,0.0,0.05810230530819166,4.915087556207565,True,1,0.02
monthly_mixed_frequency_kalman_em,pseudo,2022:Q4:pre_second:pseudo,2023-02-28,pre_second,2022:Q4,T,A,0.21069260617027863,0.0,0.05810230530819166,4.915087556207565,True,1,0.02
monthly_mixed_frequency_kalman_em,pseudo,2022:Q4:pre_second:pseudo,2023-02-28,pre_second,2022:Q4,T,M,0.5619941026352813,0.0,0.05810230530819166,4.915087556207565,True,1,0.02
monthly_mixed_frequency_kalman_em,pseudo,2022:Q4:pre_second:pseudo,2023-02-28,pre_second,2022:Q4,T,S,0.3687782795795298,0.0,0.05810230530819166,4.915087556207565,True,1,0.02
monthly_mixed_frequency_kalman_em,pseudo,2022:Q4:pre_second:pseudo,2023-02-28,pre_second,2022:Q4,T,T,0.5240261919584438,0.0,0.05810230530819166,4.915087556207565,True,1,0.02
revision_dfm_kalman_em,pseudo,2022:Q4:pre_second:pseudo,2023-02-28,pre_second,2022:Q4,A,A,0.28548497609351425,5.551115123125783e-17,0.06587493036414817,4.538264515324952,True,1,0.02
revision_dfm_kalman_em,pseudo,2022:Q4:pre_second:pseudo,2023-02-28,pre_second,2022:Q4,A,M,0.1525855102653852,5.551115123125783e-17,0.06587493036414817,4.538264515324952,True,1,0.02
revision_dfm_kalman_em,pseudo,2022:Q4:pre_second:pseudo,2023-02-28,pre_second,2022:Q4,A,S,0.15191726669445652,5.551115123125783e-17,0.06587493036414817,4.538264515324952,True,1,0.02
revision_dfm_kalman_em,pseudo,2022:Q4:pre_second:pseudo,2023-02-28,pre_second,2022:Q4,A,T,0.15231821283701372,5.551115123125783e-17,0.06587493036414817,4.538264515324952,True,1,0.02
revision_dfm_kalman_em,pseudo,2022:Q4:pre_second:pseudo,2023-02-28,pre_second,2022:Q4,M,A,0.1525855102653852,5.551115123125783e-17,0.06587493036414817,4.538264515324952,True,1,0.02
revision_dfm_kalman_em,pseudo,2022:Q4:pre_second:pseudo,2023-02-28,pre_second,2022:Q4,M,M,4.453393990402992,5.551115123125783e-17,0.06587493036414817,4.538264515324952,True,1,0.02
revision_dfm_kalman_em,pseudo,2022:Q4:pre_second:pseudo,2023-02-28,pre_second,2022:Q4,M,S,0.3749946574627081,5.551115123125783e-17,0.06587493036414817,4.538264515324952,True,1,0.02
revision_dfm_kalman_em,pseudo,2022:Q4:pre_second:pseudo,2023-02-28,pre_second,2022:Q4,M,T,0.3820181042163077,5.551115123125783e-17,0.06587493036414817,4.538264515324952,True,1,0.02
revision_dfm_kalman_em,pseudo,2022:Q4:pre_second:pseudo,2023-02-28,pre_second,2022:Q4,S,A,0.15191726669445657,5.551115123125783e-17,0.06587493036414817,4.538264515324952,True,1,0.02
revision_dfm_kalman_em,pseudo,2022:Q4:pre_second:pseudo,2023-02-28,pre_second,2022:Q4,S,M,0.3749946574627081,5.551115123125783e-17,0.06587493036414817,4.538264515324952,True,1,0.02
revision_dfm_kalman_em,pseudo,2022:Q4:pre_second:pseudo,2023-02-28,pre_second,2022:Q4,S,S,0.39044002368591,5.551115123125783e-17,0.06587493036414817,4.538264515324952,True,1,0.02
revision_dfm_kalman_em,pseudo,2022:Q4:pre_second:pseudo,2023-02-28,pre_second,2022:Q4,S,T,0.3705331096473431,5.551115123125783e-17,0.06587493036414817,4.538264515324952,True,1,0.02
revision_dfm_kalman_em,pseudo,2022:Q4:pre_second:pseudo,2023-02-28,pre_second,2022:Q4,T,A,0.1523182128370137,5.551115123125783e-17,0.06587493036414817,4.538264515324952,True,1,0.02
revision_dfm_kalman_em,pseudo,2022:Q4:pre_second:pseudo,2023-02-28,pre_second,2022:Q4,T,M,0.3820181042163077,5.551115123125783e-17,0.06587493036414817,4.538264515324952,True,1,0.02
revision_dfm_kalman_em,pseudo,2022:Q4:pre_second:pseudo,2023-02-28,pre_second,2022:Q4,T,S,0.37053310964734304,5.551115123125783e-17,0.06587493036414817,4.538264515324952,True,1,0.02
revision_dfm_kalman_em,pseudo,2022:Q4:pre_second:pseudo,2023-02-28,pre_second,2022:Q4,T,T,0.4925051485438328,5.551115123125783e-17,0.06587493036414817,4.538264515324952,True,1,0.02
indicator_revision_only_dfm_kalman_em,exact,2022:Q4:pre_third:exact,2023-03-29,pre_third,2022:Q4,A,A,0.4122142389941566,0.0,0.030792507073078314,4.087035208966327,True,1,0.02
indicator_revision_only_dfm_kalman_em,exact,2022:Q4:pre_third:exact,2023-03-29,pre_third,2022:Q4,A,M,0.01647992831911458,0.0,0.030792507073078314,4.087035208966327,True,1,0.02
indicator_revision_only_dfm_kalman_em,exact,2022:Q4:pre_third:exact,2023-03-29,pre_third,2022:Q4,A,S,0.01647992831911458,0.0,0.030792507073078314,4.087035208966327,True,1,0.02
indicator_revision_only_dfm_kalman_em,exact,2022:Q4:pre_third:exact,2023-03-29,pre_third,2022:Q4,A,T,0.01647992831911458,0.0,0.030792507073078314,4.087035208966327,True,1,0.02
indicator_revision_only_dfm_kalman_em,exact,2022:Q4:pre_third:exact,2023-03-29,pre_third,2022:Q4,M,A,0.01647992831911458,0.0,0.030792507073078314,4.087035208966327,True,1,0.02
indicator_revision_only_dfm_kalman_em,exact,2022:Q4:pre_third:exact,2023-03-29,pre_third,2022:Q4,M,M,4.086823645371469,0.0,0.030792507073078314,4.087035208966327,True,1,0.02
indicator_revision_only_dfm_kalman_em,exact,2022:Q4:pre_third:exact,2023-03-29,pre_third,2022:Q4,M,S,0.01647992831911458,0.0,0.030792507073078314,4.087035208966327,True,1,0.02
indicator_revision_only_dfm_kalman_em,exact,2022:Q4:pre_third:exact,2023-03-29,pre_third,2022:Q4,M,T,0.01647992831911458,0.0,0.030792507073078314,4.087035208966327,True,1,0.02
indicator_revision_only_dfm_kalman_em,exact,2022:Q4:pre_third:exact,2023-03-29,pre_third,2022:Q4,S,A,0.01647992831911458,0.0,0.030792507073078314,4.087035208966327,True,1,0.02
indicator_revision_only_dfm_kalman_em,exact,2022:Q4:pre_third:exact,2023-03-29,pre_third,2022:Q4,S,M,0.01647992831911458,0.0,0.030792507073078314,4.087035208966327,True,1,0.02
indicator_revision_only_dfm_kalman_em,exact,2022:Q4:pre_third:exact,2023-03-29,pre_third,2022:Q4,S,S,0.03378041341785251,0.0,0.030792507073078314,4.087035208966327,True,1,0.02
indicator_revision_only_dfm_kalman_em,exact,2022:Q4:pre_third:exact,2023-03-29,pre_third,2022:Q4,S,T,0.01647992831911458,0.0,0.030792507073078314,4.087035208966327,True,1,0.02
indicator_revision_only_dfm_kalman_em,exact,2022:Q4:pre_third:exact,2023-03-29,pre_third,2022:Q4,T,A,0.01647992831911458,0.0,0.030792507073078314,4.087035208966327,True,1,0.02
indicator_revision_only_dfm_kalman_em,exact,2022:Q4:pre_third:exact,2023-03-29,pre_third,2022:Q4,T,M,0.01647992831911458,0.0,0.030792507073078314,4.087035208966327,True,1,0.02
indicator_revision_only_dfm_kalman_em,exact,2022:Q4:pre_third:exact,2023-03-29,pre_third,2022:Q4,T,S,0.01647992831911458,0.0,0.030792507073078314,4.087035208966327,True,1,0.02
indicator_revision_only_dfm_kalman_em,exact,2022:Q4:pre_third:exact,2023-03-29,pre_third,2022:Q4,T,T,0.1429636112593009,0.0,0.030792507073078314,4.087035208966327,True,1,0.02
joint_indicator_revision_dfm_full_kalman_em,exact,2022:Q4:pre_third:exact,2023-03-29,pre_third,2022:Q4,A,A,0.21605186571082519,3.469446951953614e-18,0.03598758018220161,4.097539634329703,True,1,0.02
joint_indicator_revision_dfm_full_kalman_em,exact,2022:Q4:pre_third:exact,2023-03-29,pre_third,2022:Q4,A,M,0.005467159555301971,3.469446951953614e-18,0.03598758018220161,4.097539634329703,True,1,0.02
joint_indicator_revision_dfm_full_kalman_em,exact,2022:Q4:pre_third:exact,2023-03-29,pre_third,2022:Q4,A,S,0.008776186860576695,3.469446951953614e-18,0.03598758018220161,4.097539634329703,True,1,0.02
joint_indicator_revision_dfm_full_kalman_em,exact,2022:Q4:pre_third:exact,2023-03-29,pre_third,2022:Q4,A,T,0.006790770477411861,3.469446951953614e-18,0.03598758018220161,4.097539634329703,True,1,0.02
joint_indicator_revision_dfm_full_kalman_em,exact,2022:Q4:pre_third:exact,2023-03-29,pre_third,2022:Q4,M,A,0.005467159555301971,3.469446951953614e-18,0.03598758018220161,4.097539634329703,True,1,0.02
joint_indicator_revision_dfm_full_kalman_em,exact,2022:Q4:pre_third:exact,2023-03-29,pre_third,2022:Q4,M,M,4.097325718831151,3.469446951953614e-18,0.03598758018220161,4.097539634329703,True,1,0.02
joint_indicator_revision_dfm_full_kalman_em,exact,2022:Q4:pre_third:exact,2023-03-29,pre_third,2022:Q4,M,S,0.020030280885542866,3.469446951953614e-18,0.03598758018220161,4.097539634329703,True,1,0.02
joint_indicator_revision_dfm_full_kalman_em,exact,2022:Q4:pre_third:exact,2023-03-29,pre_third,2022:Q4,M,T,0.020490168927550474,3.469446951953614e-18,0.03598758018220161,4.097539634329703,True,1,0.02
joint_indicator_revision_dfm_full_kalman_em,exact,2022:Q4:pre_third:exact,2023-03-29,pre_third,2022:Q4,S,A,0.008776186860576697,3.469446951953614e-18,0.03598758018220161,4.097539634329703,True,1,0.02
joint_indicator_revision_dfm_full_kalman_em,exact,2022:Q4:pre_third:exact,2023-03-29,pre_third,2022:Q4,S,M,0.020030280885542866,3.469446951953614e-18,0.03598758018220161,4.097539634329703,True,1,0.02
joint_indicator_revision_dfm_full_kalman_em,exact,2022:Q4:pre_third:exact,2023-03-29,pre_third,2022:Q4,S,S,0.0401308797075656,3.469446951953614e-18,0.03598758018220161,4.097539634329703,True,1,0.02
joint_indicator_revision_dfm_full_kalman_em,exact,2022:Q4:pre_third:exact,2023-03-29,pre_third,2022:Q4,S,T,0.01980519900504354,3.469446951953614e-18,0.03598758018220161,4.097539634329703,True,1,0.02
joint_indicator_revision_dfm_full_kalman_em,exact,2022:Q4:pre_third:exact,2023-03-29,pre_third,2022:Q4,T,A,0.0067907704774118624,3.469446951953614e-18,0.03598758018220161,4.097539634329703,True,1,0.02
joint_indicator_revision_dfm_full_kalman_em,exact,2022:Q4:pre_third:exact,2023-03-29,pre_third,2022:Q4,T,M,0.020490168927550474,3.469446951953614e-18,0.03598758018220161,4.097539634329703,True,1,0.02
joint_indicator_revision_dfm_full_kalman_em,exact,2022:Q4:pre_third:exact,2023-03-29,pre_third,2022:Q4,T,S,0.019805199005043544,3.469446951953614e-18,0.03598758018220161,4.097539634329703,True,1,0.02
joint_indicator_revision_dfm_full_kalman_em,exact,2022:Q4:pre_third:exact,2023-03-29,pre_third,2022:Q4,T,T,0.1400674490817796,3.469446951953614e-18,0.03598758018220161,4.097539634329703,True,1,0.02
monthly_mixed_frequency_kalman_em,exact,2022:Q4:pre_third:exact,2023-03-29,pre_third,2022:Q4,A,A,0.3105647257473231,0.0,0.057596045320935554,4.286937933986682,True,1,0.02
monthly_mixed_frequency_kalman_em,exact,2022:Q4:pre_third:exact,2023-03-29,pre_third,2022:Q4,A,M,-0.03942156045292983,0.0,0.057596045320935554,4.286937933986682,True,1,0.02
monthly_mixed_frequency_kalman_em,exact,2022:Q4:pre_third:exact,2023-03-29,pre_third,2022:Q4,A,S,0.030329141136078156,0.0,0.057596045320935554,4.286937933986682,True,1,0.02
monthly_mixed_frequency_kalman_em,exact,2022:Q4:pre_third:exact,2023-03-29,pre_third,2022:Q4,A,T,-0.0077166960942898245,0.0,0.057596045320935554,4.286937933986682,True,1,0.02
monthly_mixed_frequency_kalman_em,exact,2022:Q4:pre_third:exact,2023-03-29,pre_third,2022:Q4,M,A,-0.03942156045292983,0.0,0.057596045320935554,4.286937933986682,True,1,0.02
monthly_mixed_frequency_kalman_em,exact,2022:Q4:pre_third:exact,2023-03-29,pre_third,2022:Q4,M,M,4.28173413309987,0.0,0.057596045320935554,4.286937933986682,True,1,0.02
monthly_mixed_frequency_kalman_em,exact,2022:Q4:pre_third:exact,2023-03-29,pre_third,2022:Q4,M,S,0.06047508809072502,0.0,0.057596045320935554,4.286937933986682,True,1,0.02
monthly_mixed_frequency_kalman_em,exact,2022:Q4:pre_third:exact,2023-03-29,pre_third,2022:Q4,M,T,0.12707285378649494,0.0,0.057596045320935554,4.286937933986682,True,1,0.02
monthly_mixed_frequency_kalman_em,exact,2022:Q4:pre_third:exact,2023-03-29,pre_third,2022:Q4,S,A,0.030329141136078156,0.0,0.057596045320935554,4.286937933986682,True,1,0.02
monthly_mixed_frequency_kalman_em,exact,2022:Q4:pre_third:exact,2023-03-29,pre_third,2022:Q4,S,M,0.06047508809072502,0.0,0.057596045320935554,4.286937933986682,True,1,0.02
monthly_mixed_frequency_kalman_em,exact,2022:Q4:pre_third:exact,2023-03-29,pre_third,2022:Q4,S,S,0.09519124827931007,0.0,0.057596045320935554,4.286937933986682,True,1,0.02
monthly_mixed_frequency_kalman_em,exact,2022:Q4:pre_third:exact,2023-03-29,pre_third,2022:Q4,S,T,0.052938601352063304,0.0,0.057596045320935554,4.286937933986682,True,1,0.02
monthly_mixed_frequency_kalman_em,exact,2022:Q4:pre_third:exact,2023-03-29,pre_third,2022:Q4,T,A,-0.0077166960942898245,0.0,0.057596045320935554,4.286937933986682,True,1,0.02
monthly_mixed_frequency_kalman_em,exact,2022:Q4:pre_third:exact,2023-03-29,pre_third,2022:Q4,T,M,0.12707285378649494,0.0,0.057596045320935554,4.286937933986682,True,1,0.02
monthly_mixed_frequency_kalman_em,exact,2022:Q4:pre_third:exact,2023-03-29,pre_third,2022:Q4,T,S,0.052938601352063304,0.0,0.057596045320935554,4.286937933986682,True,1,0.02
monthly_mixed_frequency_kalman_em,exact,2022:Q4:pre_third:exact,2023-03-29,pre_third,2022:Q4,T,T,0.1433902841872763,0.0,0.057596045320935554,4.286937933986682,True,1,0.02
revision_dfm_kalman_em,exact,2022:Q4:pre_third:exact,2023-03-29,pre_third,2022:Q4,A,A,0.22582112478211963,3.469446951953614e-18,0.043314141290340676,4.09385556993546,True,1,0.02
revision_dfm_kalman_em,exact,2022:Q4:pre_third:exact,2023-03-29,pre_third,2022:Q4,A,M,0.006436138640295519,3.469446951953614e-18,0.043314141290340676,4.09385556993546,True,1,0.02
revision_dfm_kalman_em,exact,2022:Q4:pre_third:exact,2023-03-29,pre_third,2022:Q4,A,S,0.010098012721895673,3.469446951953614e-18,0.043314141290340676,4.09385556993546,True,1,0.02
revision_dfm_kalman_em,exact,2022:Q4:pre_third:exact,2023-03-29,pre_third,2022:Q4,A,T,0.00790088827293558,3.469446951953614e-18,0.043314141290340676,4.09385556993546,True,1,0.02
revision_dfm_kalman_em,exact,2022:Q4:pre_third:exact,2023-03-29,pre_third,2022:Q4,M,A,0.006436138640295519,3.469446951953614e-18,0.043314141290340676,4.09385556993546,True,1,0.02
revision_dfm_kalman_em,exact,2022:Q4:pre_third:exact,2023-03-29,pre_third,2022:Q4,M,M,4.093526315087768,3.469446951953614e-18,0.043314141290340676,4.09385556993546,True,1,0.02
revision_dfm_kalman_em,exact,2022:Q4:pre_third:exact,2023-03-29,pre_third,2022:Q4,M,S,0.02484584463784369,3.469446951953614e-18,0.043314141290340676,4.09385556993546,True,1,0.02
revision_dfm_kalman_em,exact,2022:Q4:pre_third:exact,2023-03-29,pre_third,2022:Q4,M,T,0.025427203774608366,3.469446951953614e-18,0.043314141290340676,4.09385556993546,True,1,0.02
revision_dfm_kalman_em,exact,2022:Q4:pre_third:exact,2023-03-29,pre_third,2022:Q4,S,A,0.010098012721895675,3.469446951953614e-18,0.043314141290340676,4.09385556993546,True,1,0.02
revision_dfm_kalman_em,exact,2022:Q4:pre_third:exact,2023-03-29,pre_third,2022:Q4,S,M,0.02484584463784369,3.469446951953614e-18,0.043314141290340676,4.09385556993546,True,1,0.02
revision_dfm_kalman_em,exact,2022:Q4:pre_third:exact,2023-03-29,pre_third,2022:Q4,S,S,0.049935584173485904,3.469446951953614e-18,0.043314141290340676,4.09385556993546,True,1,0.02
revision_dfm_kalman_em,exact,2022:Q4:pre_third:exact,2023-03-29,pre_third,2022:Q4,S,T,0.02455088799952473,3.469446951953614e-18,0.043314141290340676,4.09385556993546,True,1,0.02
revision_dfm_kalman_em,exact,2022:Q4:pre_third:exact,2023-03-29,pre_third,2022:Q4,T,A,0.007900888272935579,3.469446951953614e-18,0.043314141290340676,4.09385556993546,True,1,0.02
revision_dfm_kalman_em,exact,2022:Q4:pre_third:exact,2023-03-29,pre_third,2022:Q4,T,M,0.025427203774608366,3.469446951953614e-18,0.043314141290340676,4.09385556993546,True,1,0.02
revision_dfm_kalman_em,exact,2022:Q4:pre_third:exact,2023-03-29,pre_third,2022:Q4,T,S,0.024550887999524727,3.469446951953614e-18,0.043314141290340676,4.09385556993546,True,1,0.02
revision_dfm_kalman_em,exact,2022:Q4:pre_third:exact,2023-03-29,pre_third,2022:Q4,T,T,0.14088697553715904,3.469446951953614e-18,0.043314141290340676,4.09385556993546,True,1,0.02
indicator_revision_only_dfm_kalman_em,pseudo,2022:Q4:pre_third:pseudo,2023-03-31,pre_third,2022:Q4,A,A,0.4122142682157796,0.0,0.030792474203939105,4.08703507796063,True,1,0.02
indicator_revision_only_dfm_kalman_em,pseudo,2022:Q4:pre_third:pseudo,2023-03-31,pre_third,2022:Q4,A,M,0.016479906706362988,0.0,0.030792474203939105,4.08703507796063,True,1,0.02
indicator_revision_only_dfm_kalman_em,pseudo,2022:Q4:pre_third:pseudo,2023-03-31,pre_third,2022:Q4,A,S,0.016479906706362988,0.0,0.030792474203939105,4.08703507796063,True,1,0.02
indicator_revision_only_dfm_kalman_em,pseudo,2022:Q4:pre_third:pseudo,2023-03-31,pre_third,2022:Q4,A,T,0.016479906706362988,0.0,0.030792474203939105,4.08703507796063,True,1,0.02
indicator_revision_only_dfm_kalman_em,pseudo,2022:Q4:pre_third:pseudo,2023-03-31,pre_third,2022:Q4,M,A,0.016479906706362988,0.0,0.030792474203939105,4.08703507796063,True,1,0.02
indicator_revision_only_dfm_kalman_em,pseudo,2022:Q4:pre_third:pseudo,2023-03-31,pre_third,2022:Q4,M,M,4.086823514916184,0.0,0.030792474203939105,4.08703507796063,True,1,0.02
indicator_revision_only_dfm_kalman_em,pseudo,2022:Q4:pre_third:pseudo,2023-03-31,pre_third,2022:Q4,M,S,0.016479906706362988,0.0,0.030792474203939105,4.08703507796063,True,1,0.02
indicator_revision_only_dfm_kalman_em,pseudo,2022:Q4:pre_third:pseudo,2023-03-31,pre_third,2022:Q4,M,T,0.016479906706362988,0.0,0.030792474203939105,4.08703507796063,True,1,0.02
indicator_revision_only_dfm_kalman_em,pseudo,2022:Q4:pre_third:pseudo,2023-03-31,pre_third,2022:Q4,S,A,0.016479906706362988,0.0,0.030792474203939105,4.08703507796063,True,1,0.02
indicator_revision_only_dfm_kalman_em,pseudo,2022:Q4:pre_third:pseudo,2023-03-31,pre_third,2022:Q4,S,M,0.016479906706362988,0.0,0.030792474203939105,4.08703507796063,True,1,0.02
indicator_revision_only_dfm_kalman_em,pseudo,2022:Q4:pre_third:pseudo,2023-03-31,pre_third,2022:Q4,S,S,0.0337803725001461,0.0,0.030792474203939105,4.08703507796063,True,1,0.02
indicator_revision_only_dfm_kalman_em,pseudo,2022:Q4:pre_third:pseudo,2023-03-31,pre_third,2022:Q4,S,T,0.016479906706362988,0.0,0.030792474203939105,4.08703507796063,True,1,0.02
indicator_revision_only_dfm_kalman_em,pseudo,2022:Q4:pre_third:pseudo,2023-03-31,pre_third,2022:Q4,T,A,0.016479906706362988,0.0,0.030792474203939105,4.08703507796063,True,1,0.02
indicator_revision_only_dfm_kalman_em,pseudo,2022:Q4:pre_third:pseudo,2023-03-31,pre_third,2022:Q4,T,M,0.016479906706362988,0.0,0.030792474203939105,4.08703507796063,True,1,0.02
indicator_revision_only_dfm_kalman_em,pseudo,2022:Q4:pre_third:pseudo,2023-03-31,pre_third,2022:Q4,T,S,0.016479906706362988,0.0,0.030792474203939105,4.08703507796063,True,1,0.02
indicator_revision_only_dfm_kalman_em,pseudo,2022:Q4:pre_third:pseudo,2023-03-31,pre_third,2022:Q4,T,T,0.1429635974434759,0.0,0.030792474203939105,4.08703507796063,True,1,0.02
joint_indicator_revision_dfm_full_kalman_em,pseudo,2022:Q4:pre_third:pseudo,2023-03-31,pre_third,2022:Q4,A,A,0.21602535651725577,3.469446951953614e-18,0.03598338462966203,4.0975469148923676,True,1,0.02
joint_indicator_revision_dfm_full_kalman_em,pseudo,2022:Q4:pre_third:pseudo,2023-03-31,pre_third,2022:Q4,A,M,0.0054630843964059836,3.469446951953614e-18,0.03598338462966203,4.0975469148923676,True,1,0.02
joint_indicator_revision_dfm_full_kalman_em,pseudo,2022:Q4:pre_third:pseudo,2023-03-31,pre_third,2022:Q4,A,S,0.00877246190579253,3.469446951953614e-18,0.03598338462966203,4.0975469148923676,True,1,0.02
joint_indicator_revision_dfm_full_kalman_em,pseudo,2022:Q4:pre_third:pseudo,2023-03-31,pre_third,2022:Q4,A,T,0.006786835400160603,3.469446951953614e-18,0.03598338462966203,4.0975469148923676,True,1,0.02
joint_indicator_revision_dfm_full_kalman_em,pseudo,2022:Q4:pre_third:pseudo,2023-03-31,pre_third,2022:Q4,M,A,0.0054630843964059836,3.469446951953614e-18,0.03598338462966203,4.0975469148923676,True,1,0.02
joint_indicator_revision_dfm_full_kalman_em,pseudo,2022:Q4:pre_third:pseudo,2023-03-31,pre_third,2022:Q4,M,M,4.097333061755907,3.469446951953614e-18,0.03598338462966203,4.0975469148923676,True,1,0.02
joint_indicator_revision_dfm_full_kalman_em,pseudo,2022:Q4:pre_third:pseudo,2023-03-31,pre_third,2022:Q4,M,S,0.02002780168877789,3.469446951953614e-18,0.03598338462966203,4.0975469148923676,True,1,0.02
joint_indicator_revision_dfm_full_kalman_em,pseudo,2022:Q4:pre_third:pseudo,2023-03-31,pre_third,2022:Q4,M,T,0.02048774012958963,3.469446951953614e-18,0.03598338462966203,4.0975469148923676,True,1,0.02
joint_indicator_revision_dfm_full_kalman_em,pseudo,2022:Q4:pre_third:pseudo,2023-03-31,pre_third,2022:Q4,S,A,0.008772461905792532,3.469446951953614e-18,0.03598338462966203,4.0975469148923676,True,1,0.02
joint_indicator_revision_dfm_full_kalman_em,pseudo,2022:Q4:pre_third:pseudo,2023-03-31,pre_third,2022:Q4,S,M,0.02002780168877789,3.469446951953614e-18,0.03598338462966203,4.0975469148923676,True,1,0.02
joint_indicator_revision_dfm_full_kalman_em,pseudo,2022:Q4:pre_third:pseudo,2023-03-31,pre_third,2022:Q4,S,S,0.04012537648409647,3.469446951953614e-18,0.03598338462966203,4.0975469148923676,True,1,0.02
joint_indicator_revision_dfm_full_kalman_em,pseudo,2022:Q4:pre_third:pseudo,2023-03-31,pre_third,2022:Q4,S,T,0.019802694893118183,3.469446951953614e-18,0.03598338462966203,4.0975469148923676,True,1,0.02
joint_indicator_revision_dfm_full_kalman_em,pseudo,2022:Q4:pre_third:pseudo,2023-03-31,pre_third,2022:Q4,T,A,0.0067868354001606014,3.469446951953614e-18,0.03598338462966203,4.0975469148923676,True,1,0.02
joint_indicator_revision_dfm_full_kalman_em,pseudo,2022:Q4:pre_third:pseudo,2023-03-31,pre_third,2022:Q4,T,M,0.02048774012958963,3.469446951953614e-18,0.03598338462966203,4.0975469148923676,True,1,0.02
joint_indicator_revision_dfm_full_kalman_em,pseudo,2022:Q4:pre_third:pseudo,2023-03-31,pre_third,2022:Q4,T,S,0.01980269489311818,3.469446951953614e-18,0.03598338462966203,4.0975469148923676,True,1,0.02
joint_indicator_revision_dfm_full_kalman_em,pseudo,2022:Q4:pre_third:pseudo,2023-03-31,pre_third,2022:Q4,T,T,0.14006747824478016,3.469446951953614e-18,0.03598338462966203,4.0975469148923676,True,1,0.02
monthly_mixed_frequency_kalman_em,pseudo,2022:Q4:pre_third:pseudo,2023-03-31,pre_third,2022:Q4,A,A,0.31056368764904607,0.0,0.05759611747319892,4.286939972714816,True,1,0.02
monthly_mixed_frequency_kalman_em,pseudo,2022:Q4:pre_third:pseudo,2023-03-31,pre_third,2022:Q4,A,M,-0.039421418554881245,0.0,0.05759611747319892,4.286939972714816,True,1,0.02
monthly_mixed_frequency_kalman_em,pseudo,2022:Q4:pre_third:pseudo,2023-03-31,pre_third,2022:Q4,A,S,0.030329169113418094,0.0,0.05759611747319892,4.286939972714816,True,1,0.02
monthly_mixed_frequency_kalman_em,pseudo,2022:Q4:pre_third:pseudo,2023-03-31,pre_third,2022:Q4,A,T,-0.00771660597838154,0.0,0.05759611747319892,4.286939972714816,True,1,0.02
monthly_mixed_frequency_kalman_em,pseudo,2022:Q4:pre_third:pseudo,2023-03-31,pre_third,2022:Q4,M,A,-0.039421418554881245,0.0,0.05759611747319892,4.286939972714816,True,1,0.02
monthly_mixed_frequency_kalman_em,pseudo,2022:Q4:pre_third:pseudo,2023-03-31,pre_third,2022:Q4,M,M,4.281736136169666,0.0,0.05759611747319892,4.286939972714816,True,1,0.02
monthly_mixed_frequency_kalman_em,pseudo,2022:Q4:pre_third:pseudo,2023-03-31,pre_third,2022:Q4,M,S,0.06047544018468916,0.0,0.05759611747319892,4.286939972714816,True,1,0.02
monthly_mixed_frequency_kalman_em,pseudo,2022:Q4:pre_third:pseudo,2023-03-31,pre_third,2022:Q4,M,T,0.12707334601106945,0.0,0.05759611747319892,4.286939972714816,True,1,0.02
monthly_mixed_frequency_kalman_em,pseudo,2022:Q4:pre_third:pseudo,2023-03-31,pre_third,2022:Q4,S,A,0.030329169113418094,0.0,0.05759611747319892,4.286939972714816,True,1,0.02
monthly_mixed_frequency_kalman_em,pseudo,2022:Q4:pre_third:pseudo,2023-03-31,pre_third,2022:Q4,S,M,0.06047544018468916,0.0,0.05759611747319892,4.286939972714816,True,1,0.02
monthly_mixed_frequency_kalman_em,pseudo,2022:Q4:pre_third:pseudo,2023-03-31,pre_third,2022:Q4,S,S,0.09519166886741247,0.0,0.05759611747319892,4.286939972714816,True,1,0.02
monthly_mixed_frequency_kalman_em,pseudo,2022:Q4:pre_third:pseudo,2023-03-31,pre_third,2022:Q4,S,T,0.0529388724168714,0.0,0.05759611747319892,4.286939972714816,True,1,0.02
monthly_mixed_frequency_kalman_em,pseudo,2022:Q4:pre_third:pseudo,2023-03-31,pre_third,2022:Q4,T,A,-0.00771660597838154,0.0,0.05759611747319892,4.286939972714816,True,1,0.02
monthly_mixed_frequency_kalman_em,pseudo,2022:Q4:pre_third:pseudo,2023-03-31,pre_third,2022:Q4,T,M,0.12707334601106945,0.0,0.05759611747319892,4.286939972714816,True,1,0.02
monthly_mixed_frequency_kalman_em,pseudo,2022:Q4:pre_third:pseudo,2023-03-31,pre_third,2022:Q4,T,S,0.0529388724168714,0.0,0.05759611747319892,4.286939972714816,True,1,0.02
monthly_mixed_frequency_kalman_em,pseudo,2022:Q4:pre_third:pseudo,2023-03-31,pre_third,2022:Q4,T,T,0.1433903780235785,0.0,0.05759611747319892,4.286939972714816,True,1,0.02
revision_dfm_kalman_em,pseudo,2022:Q4:pre_third:pseudo,2023-03-31,pre_third,2022:Q4,A,A,0.22581952635190616,3.469446951953614e-18,0.04331421298914944,4.093855970295964,True,1,0.02
revision_dfm_kalman_em,pseudo,2022:Q4:pre_third:pseudo,2023-03-31,pre_third,2022:Q4,A,M,0.006436146515355079,3.469446951953614e-18,0.04331421298914944,4.093855970295964,True,1,0.02
revision_dfm_kalman_em,pseudo,2022:Q4:pre_third:pseudo,2023-03-31,pre_third,2022:Q4,A,S,0.010097984359244428,3.469446951953614e-18,0.04331421298914944,4.093855970295964,True,1,0.02
revision_dfm_kalman_em,pseudo,2022:Q4:pre_third:pseudo,2023-03-31,pre_third,2022:Q4,A,T,0.00790088165291082,3.469446951953614e-18,0.04331421298914944,4.093855970295964,True,1,0.02
revision_dfm_kalman_em,pseudo,2022:Q4:pre_third:pseudo,2023-03-31,pre_third,2022:Q4,M,A,0.006436146515355079,3.469446951953614e-18,0.04331421298914944,4.093855970295964,True,1,0.02
revision_dfm_kalman_em,pseudo,2022:Q4:pre_third:pseudo,2023-03-31,pre_third,2022:Q4,M,M,4.093526714019674,3.469446951953614e-18,0.04331421298914944,4.093855970295964,True,1,0.02
revision_dfm_kalman_em,pseudo,2022:Q4:pre_third:pseudo,2023-03-31,pre_third,2022:Q4,M,S,0.02484590048535662,3.469446951953614e-18,0.04331421298914944,4.093855970295964,True,1,0.02
revision_dfm_kalman_em,pseudo,2022:Q4:pre_third:pseudo,2023-03-31,pre_third,2022:Q4,M,T,0.02542726113704088,3.469446951953614e-18,0.04331421298914944,4.093855970295964,True,1,0.02
revision_dfm_kalman_em,pseudo,2022:Q4:pre_third:pseudo,2023-03-31,pre_third,2022:Q4,S,A,0.010097984359244428,3.469446951953614e-18,0.04331421298914944,4.093855970295964,True,1,0.02
revision_dfm_kalman_em,pseudo,2022:Q4:pre_third:pseudo,2023-03-31,pre_third,2022:Q4,S,M,0.02484590048535662,3.469446951953614e-18,0.04331421298914944,4.093855970295964,True,1,0.02
revision_dfm_kalman_em,pseudo,2022:Q4:pre_third:pseudo,2023-03-31,pre_third,2022:Q4,S,S,0.04993569087994405,3.469446951953614e-18,0.04331421298914944,4.093855970295964,True,1,0.02
revision_dfm_kalman_em,pseudo,2022:Q4:pre_third:pseudo,2023-03-31,pre_third,2022:Q4,S,T,0.024550942162834377,3.469446951953614e-18,0.04331421298914944,4.093855970295964,True,1,0.02
revision_dfm_kalman_em,pseudo,2022:Q4:pre_third:pseudo,2023-03-31,pre_third,2022:Q4,T,A,0.007900881652910821,3.469446951953614e-18,0.04331421298914944,4.093855970295964,True,1,0.02
revision_dfm_kalman_em,pseudo,2022:Q4:pre_third:pseudo,2023-03-31,pre_third,2022:Q4,T,M,0.02542726113704088,3.469446951953614e-18,0.04331421298914944,4.093855970295964,True,1,0.02
revision_dfm_kalman_em,pseudo,2022:Q4:pre_third:pseudo,2023-03-31,pre_third,2022:Q4,T,S,0.02455094216283438,3.469446951953614e-18,0.04331421298914944,4.093855970295964,True,1,0.02
revision_dfm_kalman_em,pseudo,2022:Q4:pre_third:pseudo,2023-03-31,pre_third,2022:Q4,T,T,0.140886932758023,3.469446951953614e-18,0.04331421298914944,4.093855970295964,True,1,0.02
indicator_revision_only_dfm_kalman_em,exact,2023:Q1:pre_advance:exact,2023-04-26,pre_advance,2023:Q1,A,A,4.30113804455953,0.0,0.0661267346862923,16.971457280376175,True,1,0.02
indicator_revision_only_dfm_kalman_em,exact,2023:Q1:pre_advance:exact,2023-04-26,pre_advance,2023:Q1,A,M,3.9048582486243677,0.0,0.0661267346862923,16.971457280376175,True,1,0.02
indicator_revision_only_dfm_kalman_em,exact,2023:Q1:pre_advance:exact,2023-04-26,pre_advance,2023:Q1,A,S,3.9048582486243677,0.0,0.0661267346862923,16.971457280376175,True,1,0.02
indicator_revision_only_dfm_kalman_em,exact,2023:Q1:pre_advance:exact,2023-04-26,pre_advance,2023:Q1,A,T,3.9048582486243677,0.0,0.0661267346862923,16.971457280376175,True,1,0.02
indicator_revision_only_dfm_kalman_em,exact,2023:Q1:pre_advance:exact,2023-04-26,pre_advance,2023:Q1,M,A,3.9048582486243677,0.0,0.0661267346862923,16.971457280376175,True,1,0.02
indicator_revision_only_dfm_kalman_em,exact,2023:Q1:pre_advance:exact,2023-04-26,pre_advance,2023:Q1,M,M,7.959007751762954,0.0,0.0661267346862923,16.971457280376175,True,1,0.02
indicator_revision_only_dfm_kalman_em,exact,2023:Q1:pre_advance:exact,2023-04-26,pre_advance,2023:Q1,M,S,3.9048582486243677,0.0,0.0661267346862923,16.971457280376175,True,1,0.02
indicator_revision_only_dfm_kalman_em,exact,2023:Q1:pre_advance:exact,2023-04-26,pre_advance,2023:Q1,M,T,3.9048582486243677,0.0,0.0661267346862923,16.971457280376175,True,1,0.02
indicator_revision_only_dfm_kalman_em,exact,2023:Q1:pre_advance:exact,2023-04-26,pre_advance,2023:Q1,S,A,3.9048582486243677,0.0,0.0661267346862923,16.971457280376175,True,1,0.02
indicator_revision_only_dfm_kalman_em,exact,2023:Q1:pre_advance:exact,2023-04-26,pre_advance,2023:Q1,S,M,3.9048582486243677,0.0,0.0661267346862923,16.971457280376175,True,1,0.02
indicator_revision_only_dfm_kalman_em,exact,2023:Q1:pre_advance:exact,2023-04-26,pre_advance,2023:Q1,S,S,3.9210911555253682,0.0,0.0661267346862923,16.971457280376175,True,1,0.02
indicator_revision_only_dfm_kalman_em,exact,2023:Q1:pre_advance:exact,2023-04-26,pre_advance,2023:Q1,S,T,3.9048582486243677,0.0,0.0661267346862923,16.971457280376175,True,1,0.02
indicator_revision_only_dfm_kalman_em,exact,2023:Q1:pre_advance:exact,2023-04-26,pre_advance,2023:Q1,T,A,3.9048582486243677,0.0,0.0661267346862923,16.971457280376175,True,1,0.02
indicator_revision_only_dfm_kalman_em,exact,2023:Q1:pre_advance:exact,2023-04-26,pre_advance,2023:Q1,T,M,3.9048582486243677,0.0,0.0661267346862923,16.971457280376175,True,1,0.02
indicator_revision_only_dfm_kalman_em,exact,2023:Q1:pre_advance:exact,2023-04-26,pre_advance,2023:Q1,T,S,3.9048582486243677,0.0,0.0661267346862923,16.971457280376175,True,1,0.02
indicator_revision_only_dfm_kalman_em,exact,2023:Q1:pre_advance:exact,2023-04-26,pre_advance,2023:Q1,T,T,4.031566007322313,0.0,0.0661267346862923,16.971457280376175,True,1,0.02
joint_indicator_revision_dfm_full_kalman_em,exact,2023:Q1:pre_advance:exact,2023-04-26,pre_advance,2023:Q1,A,A,3.1229087168469474,0.0,0.06395769553726191,16.301179917519967,True,1,0.02
joint_indicator_revision_dfm_full_kalman_em,exact,2023:Q1:pre_advance:exact,2023-04-26,pre_advance,2023:Q1,A,M,3.3936181338978497,0.0,0.06395769553726191,16.301179917519967,True,1,0.02
joint_indicator_revision_dfm_full_kalman_em,exact,2023:Q1:pre_advance:exact,2023-04-26,pre_advance,2023:Q1,A,S,3.3721475587744387,0.0,0.06395769553726191,16.301179917519967,True,1,0.02
joint_indicator_revision_dfm_full_kalman_em,exact,2023:Q1:pre_advance:exact,2023-04-26,pre_advance,2023:Q1,A,T,3.3850299038484852,0.0,0.06395769553726191,16.301179917519967,True,1,0.02
joint_indicator_revision_dfm_full_kalman_em,exact,2023:Q1:pre_advance:exact,2023-04-26,pre_advance,2023:Q1,M,A,3.3936181338978497,0.0,0.06395769553726191,16.301179917519967,True,1,0.02
joint_indicator_revision_dfm_full_kalman_em,exact,2023:Q1:pre_advance:exact,2023-04-26,pre_advance,2023:Q1,M,M,8.100156076672807,0.0,0.06395769553726191,16.301179917519967,True,1,0.02
joint_indicator_revision_dfm_full_kalman_em,exact,2023:Q1:pre_advance:exact,2023-04-26,pre_advance,2023:Q1,M,S,4.0051480569976325,0.0,0.06395769553726191,16.301179917519967,True,1,0.02
joint_indicator_revision_dfm_full_kalman_em,exact,2023:Q1:pre_advance:exact,2023-04-26,pre_advance,2023:Q1,M,T,4.0244595282534155,0.0,0.06395769553726191,16.301179917519967,True,1,0.02
joint_indicator_revision_dfm_full_kalman_em,exact,2023:Q1:pre_advance:exact,2023-04-26,pre_advance,2023:Q1,S,A,3.3721475587744387,0.0,0.06395769553726191,16.301179917519967,True,1,0.02
joint_indicator_revision_dfm_full_kalman_em,exact,2023:Q1:pre_advance:exact,2023-04-26,pre_advance,2023:Q1,S,M,4.0051480569976325,0.0,0.06395769553726191,16.301179917519967,True,1,0.02
joint_indicator_revision_dfm_full_kalman_em,exact,2023:Q1:pre_advance:exact,2023-04-26,pre_advance,2023:Q1,S,S,3.99310954633273,0.0,0.06395769553726191,16.301179917519967,True,1,0.02
joint_indicator_revision_dfm_full_kalman_em,exact,2023:Q1:pre_advance:exact,2023-04-26,pre_advance,2023:Q1,S,T,3.9924880470331687,0.0,0.06395769553726191,16.301179917519967,True,1,0.02
joint_indicator_revision_dfm_full_kalman_em,exact,2023:Q1:pre_advance:exact,2023-04-26,pre_advance,2023:Q1,T,A,3.3850299038484852,0.0,0.06395769553726191,16.301179917519967,True,1,0.02
joint_indicator_revision_dfm_full_kalman_em,exact,2023:Q1:pre_advance:exact,2023-04-26,pre_advance,2023:Q1,T,M,4.0244595282534155,0.0,0.06395769553726191,16.301179917519967,True,1,0.02
joint_indicator_revision_dfm_full_kalman_em,exact,2023:Q1:pre_advance:exact,2023-04-26,pre_advance,2023:Q1,T,S,3.9924880470331687,0.0,0.06395769553726191,16.301179917519967,True,1,0.02
joint_indicator_revision_dfm_full_kalman_em,exact,2023:Q1:pre_advance:exact,2023-04-26,pre_advance,2023:Q1,T,T,4.132040930953702,0.0,0.06395769553726191,16.301179917519967,True,1,0.02
monthly_mixed_frequency_kalman_em,exact,2023:Q1:pre_advance:exact,2023-04-26,pre_advance,2023:Q1,A,A,4.569839209824656,0.0,0.06079298584638282,19.045879124677676,True,1,0.02
monthly_mixed_frequency_kalman_em,exact,2023:Q1:pre_advance:exact,2023-04-26,pre_advance,2023:Q1,A,M,4.28771594301019,0.0,0.06079298584638282,19.045879124677676,True,1,0.02
monthly_mixed_frequency_kalman_em,exact,2023:Q1:pre_advance:exact,2023-04-26,pre_advance,2023:Q1,A,S,4.319687938278402,0.0,0.06079298584638282,19.045879124677676,True,1,0.02
monthly_mixed_frequency_kalman_em,exact,2023:Q1:pre_advance:exact,2023-04-26,pre_advance,2023:Q1,A,T,4.302248668132104,0.0,0.06079298584638282,19.045879124677676,True,1,0.02
monthly_mixed_frequency_kalman_em,exact,2023:Q1:pre_advance:exact,2023-04-26,pre_advance,2023:Q1,M,A,4.28771594301019,0.0,0.06079298584638282,19.045879124677676,True,1,0.02
monthly_mixed_frequency_kalman_em,exact,2023:Q1:pre_advance:exact,2023-04-26,pre_advance,2023:Q1,M,M,8.786175720066458,0.0,0.06079298584638282,19.045879124677676,True,1,0.02
monthly_mixed_frequency_kalman_em,exact,2023:Q1:pre_advance:exact,2023-04-26,pre_advance,2023:Q1,M,S,4.477304222894799,0.0,0.06079298584638282,19.045879124677676,True,1,0.02
monthly_mixed_frequency_kalman_em,exact,2023:Q1:pre_advance:exact,2023-04-26,pre_advance,2023:Q1,M,T,4.603696409484537,0.0,0.06079298584638282,19.045879124677676,True,1,0.02
monthly_mixed_frequency_kalman_em,exact,2023:Q1:pre_advance:exact,2023-04-26,pre_advance,2023:Q1,S,A,4.319687938278402,0.0,0.06079298584638282,19.045879124677676,True,1,0.02
monthly_mixed_frequency_kalman_em,exact,2023:Q1:pre_advance:exact,2023-04-26,pre_advance,2023:Q1,S,M,4.477304222894799,0.0,0.06079298584638282,19.045879124677676,True,1,0.02
monthly_mixed_frequency_kalman_em,exact,2023:Q1:pre_advance:exact,2023-04-26,pre_advance,2023:Q1,S,S,4.441059929758004,0.0,0.06079298584638282,19.045879124677676,True,1,0.02
monthly_mixed_frequency_kalman_em,exact,2023:Q1:pre_advance:exact,2023-04-26,pre_advance,2023:Q1,S,T,4.4379001517407,0.0,0.06079298584638282,19.045879124677676,True,1,0.02
monthly_mixed_frequency_kalman_em,exact,2023:Q1:pre_advance:exact,2023-04-26,pre_advance,2023:Q1,T,A,4.302248668132104,0.0,0.06079298584638282,19.045879124677676,True,1,0.02
monthly_mixed_frequency_kalman_em,exact,2023:Q1:pre_advance:exact,2023-04-26,pre_advance,2023:Q1,T,M,4.603696409484537,0.0,0.06079298584638282,19.045879124677676,True,1,0.02
monthly_mixed_frequency_kalman_em,exact,2023:Q1:pre_advance:exact,2023-04-26,pre_advance,2023:Q1,T,S,4.4379001517407,0.0,0.06079298584638282,19.045879124677676,True,1,0.02
monthly_mixed_frequency_kalman_em,exact,2023:Q1:pre_advance:exact,2023-04-26,pre_advance,2023:Q1,T,T,4.579443663464689,0.0,0.06079298584638282,19.045879124677676,True,1,0.02
revision_dfm_kalman_em,exact,2023:Q1:pre_advance:exact,2023-04-26,pre_advance,2023:Q1,A,A,3.010881514521964,4.440892098500626e-16,0.06610279015506075,15.030032777124065,True,1,0.02
revision_dfm_kalman_em,exact,2023:Q1:pre_advance:exact,2023-04-26,pre_advance,2023:Q1,A,M,3.1373688895701846,4.440892098500626e-16,0.06610279015506075,15.030032777124065,True,1,0.02
revision_dfm_kalman_em,exact,2023:Q1:pre_advance:exact,2023-04-26,pre_advance,2023:Q1,A,S,3.1237521076829173,4.440892098500626e-16,0.06610279015506075,15.030032777124065,True,1,0.02
revision_dfm_kalman_em,exact,2023:Q1:pre_advance:exact,2023-04-26,pre_advance,2023:Q1,A,T,3.131922176815278,4.440892098500626e-16,0.06610279015506075,15.030032777124065,True,1,0.02
revision_dfm_kalman_em,exact,2023:Q1:pre_advance:exact,2023-04-26,pre_advance,2023:Q1,M,A,3.1373688895701846,4.440892098500626e-16,0.06610279015506075,15.030032777124065,True,1,0.02
revision_dfm_kalman_em,exact,2023:Q1:pre_advance:exact,2023-04-26,pre_advance,2023:Q1,M,M,7.702799983249699,4.440892098500626e-16,0.06610279015506075,15.030032777124065,True,1,0.02
revision_dfm_kalman_em,exact,2023:Q1:pre_advance:exact,2023-04-26,pre_advance,2023:Q1,M,S,3.628807728713775,4.440892098500626e-16,0.06610279015506075,15.030032777124065,True,1,0.02
revision_dfm_kalman_em,exact,2023:Q1:pre_advance:exact,2023-04-26,pre_advance,2023:Q1,M,T,3.6443268499498886,4.440892098500626e-16,0.06610279015506075,15.030032777124065,True,1,0.02
revision_dfm_kalman_em,exact,2023:Q1:pre_advance:exact,2023-04-26,pre_advance,2023:Q1,S,A,3.1237521076829173,4.440892098500626e-16,0.06610279015506075,15.030032777124065,True,1,0.02
revision_dfm_kalman_em,exact,2023:Q1:pre_advance:exact,2023-04-26,pre_advance,2023:Q1,S,M,3.628807728713775,4.440892098500626e-16,0.06610279015506075,15.030032777124065,True,1,0.02
revision_dfm_kalman_em,exact,2023:Q1:pre_advance:exact,2023-04-26,pre_advance,2023:Q1,S,S,3.6299276741284707,4.440892098500626e-16,0.06610279015506075,15.030032777124065,True,1,0.02
revision_dfm_kalman_em,exact,2023:Q1:pre_advance:exact,2023-04-26,pre_advance,2023:Q1,S,T,3.618706616293158,4.440892098500626e-16,0.06610279015506075,15.030032777124065,True,1,0.02
revision_dfm_kalman_em,exact,2023:Q1:pre_advance:exact,2023-04-26,pre_advance,2023:Q1,T,A,3.1319221768152783,4.440892098500626e-16,0.06610279015506075,15.030032777124065,True,1,0.02
revision_dfm_kalman_em,exact,2023:Q1:pre_advance:exact,2023-04-26,pre_advance,2023:Q1,T,M,3.6443268499498886,4.440892098500626e-16,0.06610279015506075,15.030032777124065,True,1,0.02
revision_dfm_kalman_em,exact,2023:Q1:pre_advance:exact,2023-04-26,pre_advance,2023:Q1,T,S,3.618706616293158,4.440892098500626e-16,0.06610279015506075,15.030032777124065,True,1,0.02
revision_dfm_kalman_em,exact,2023:Q1:pre_advance:exact,2023-04-26,pre_advance,2023:Q1,T,T,3.7488535109675443,4.440892098500626e-16,0.06610279015506075,15.030032777124065,True,1,0.02
indicator_revision_only_dfm_kalman_em,pseudo,2023:Q1:pre_advance:pseudo,2023-04-30,pre_advance,2023:Q1,A,A,4.301301759082327,0.0,0.06612671482564957,16.97210195066449,True,1,0.02
indicator_revision_only_dfm_kalman_em,pseudo,2023:Q1:pre_advance:pseudo,2023-04-30,pre_advance,2023:Q1,A,M,3.905021737463011,0.0,0.06612671482564957,16.97210195066449,True,1,0.02
indicator_revision_only_dfm_kalman_em,pseudo,2023:Q1:pre_advance:pseudo,2023-04-30,pre_advance,2023:Q1,A,S,3.905021737463011,0.0,0.06612671482564957,16.97210195066449,True,1,0.02
indicator_revision_only_dfm_kalman_em,pseudo,2023:Q1:pre_advance:pseudo,2023-04-30,pre_advance,2023:Q1,A,T,3.905021737463011,0.0,0.06612671482564957,16.97210195066449,True,1,0.02
indicator_revision_only_dfm_kalman_em,pseudo,2023:Q1:pre_advance:pseudo,2023-04-30,pre_advance,2023:Q1,M,A,3.905021737463011,0.0,0.06612671482564957,16.97210195066449,True,1,0.02
indicator_revision_only_dfm_kalman_em,pseudo,2023:Q1:pre_advance:pseudo,2023-04-30,pre_advance,2023:Q1,M,M,7.959171575325239,0.0,0.06612671482564957,16.97210195066449,True,1,0.02
indicator_revision_only_dfm_kalman_em,pseudo,2023:Q1:pre_advance:pseudo,2023-04-30,pre_advance,2023:Q1,M,S,3.905021737463011,0.0,0.06612671482564957,16.97210195066449,True,1,0.02
indicator_revision_only_dfm_kalman_em,pseudo,2023:Q1:pre_advance:pseudo,2023-04-30,pre_advance,2023:Q1,M,T,3.905021737463011,0.0,0.06612671482564957,16.97210195066449,True,1,0.02
indicator_revision_only_dfm_kalman_em,pseudo,2023:Q1:pre_advance:pseudo,2023-04-30,pre_advance,2023:Q1,S,A,3.905021737463011,0.0,0.06612671482564957,16.97210195066449,True,1,0.02
indicator_revision_only_dfm_kalman_em,pseudo,2023:Q1:pre_advance:pseudo,2023-04-30,pre_advance,2023:Q1,S,M,3.905021737463011,0.0,0.06612671482564957,16.97210195066449,True,1,0.02
indicator_revision_only_dfm_kalman_em,pseudo,2023:Q1:pre_advance:pseudo,2023-04-30,pre_advance,2023:Q1,S,S,3.9212546026248716,0.0,0.06612671482564957,16.97210195066449,True,1,0.02
indicator_revision_only_dfm_kalman_em,pseudo,2023:Q1:pre_advance:pseudo,2023-04-30,pre_advance,2023:Q1,S,T,3.905021737463011,0.0,0.06612671482564957,16.97210195066449,True,1,0.02
indicator_revision_only_dfm_kalman_em,pseudo,2023:Q1:pre_advance:pseudo,2023-04-30,pre_advance,2023:Q1,T,A,3.905021737463011,0.0,0.06612671482564957,16.97210195066449,True,1,0.02
indicator_revision_only_dfm_kalman_em,pseudo,2023:Q1:pre_advance:pseudo,2023-04-30,pre_advance,2023:Q1,T,M,3.905021737463011,0.0,0.06612671482564957,16.97210195066449,True,1,0.02
indicator_revision_only_dfm_kalman_em,pseudo,2023:Q1:pre_advance:pseudo,2023-04-30,pre_advance,2023:Q1,T,S,3.905021737463011,0.0,0.06612671482564957,16.97210195066449,True,1,0.02
indicator_revision_only_dfm_kalman_em,pseudo,2023:Q1:pre_advance:pseudo,2023-04-30,pre_advance,2023:Q1,T,T,4.031729460857105,0.0,0.06612671482564957,16.97210195066449,True,1,0.02
joint_indicator_revision_dfm_full_kalman_em,pseudo,2023:Q1:pre_advance:pseudo,2023-04-30,pre_advance,2023:Q1,A,A,3.1231920247806544,0.0,0.0639577353546675,16.302197045124508,True,1,0.02
joint_indicator_revision_dfm_full_kalman_em,pseudo,2023:Q1:pre_advance:pseudo,2023-04-30,pre_advance,2023:Q1,A,M,3.3938864442307564,0.0,0.0639577353546675,16.302197045124508,True,1,0.02
joint_indicator_revision_dfm_full_kalman_em,pseudo,2023:Q1:pre_advance:pseudo,2023-04-30,pre_advance,2023:Q1,A,S,3.3724176036598017,0.0,0.0639577353546675,16.302197045124508,True,1,0.02
joint_indicator_revision_dfm_full_kalman_em,pseudo,2023:Q1:pre_advance:pseudo,2023-04-30,pre_advance,2023:Q1,A,T,3.3852989080023748,0.0,0.0639577353546675,16.302197045124508,True,1,0.02
joint_indicator_revision_dfm_full_kalman_em,pseudo,2023:Q1:pre_advance:pseudo,2023-04-30,pre_advance,2023:Q1,M,A,3.3938864442307564,0.0,0.0639577353546675,16.302197045124508,True,1,0.02
joint_indicator_revision_dfm_full_kalman_em,pseudo,2023:Q1:pre_advance:pseudo,2023-04-30,pre_advance,2023:Q1,M,M,8.10041038455875,0.0,0.0639577353546675,16.302197045124508,True,1,0.02
joint_indicator_revision_dfm_full_kalman_em,pseudo,2023:Q1:pre_advance:pseudo,2023-04-30,pre_advance,2023:Q1,M,S,4.005404418450473,0.0,0.0639577353546675,16.302197045124508,True,1,0.02
joint_indicator_revision_dfm_full_kalman_em,pseudo,2023:Q1:pre_advance:pseudo,2023-04-30,pre_advance,2023:Q1,M,T,4.024715512373201,0.0,0.0639577353546675,16.302197045124508,True,1,0.02
joint_indicator_revision_dfm_full_kalman_em,pseudo,2023:Q1:pre_advance:pseudo,2023-04-30,pre_advance,2023:Q1,S,A,3.3724176036598017,0.0,0.0639577353546675,16.302197045124508,True,1,0.02
joint_indicator_revision_dfm_full_kalman_em,pseudo,2023:Q1:pre_advance:pseudo,2023-04-30,pre_advance,2023:Q1,S,M,4.005404418450473,0.0,0.0639577353546675,16.302197045124508,True,1,0.02
joint_indicator_revision_dfm_full_kalman_em,pseudo,2023:Q1:pre_advance:pseudo,2023-04-30,pre_advance,2023:Q1,S,S,3.993366942913714,0.0,0.0639577353546675,16.302197045124508,True,1,0.02
joint_indicator_revision_dfm_full_kalman_em,pseudo,2023:Q1:pre_advance:pseudo,2023-04-30,pre_advance,2023:Q1,S,T,3.99274468215466,0.0,0.0639577353546675,16.302197045124508,True,1,0.02
joint_indicator_revision_dfm_full_kalman_em,pseudo,2023:Q1:pre_advance:pseudo,2023-04-30,pre_advance,2023:Q1,T,A,3.3852989080023748,0.0,0.0639577353546675,16.302197045124508,True,1,0.02
joint_indicator_revision_dfm_full_kalman_em,pseudo,2023:Q1:pre_advance:pseudo,2023-04-30,pre_advance,2023:Q1,T,M,4.024715512373201,0.0,0.0639577353546675,16.302197045124508,True,1,0.02
joint_indicator_revision_dfm_full_kalman_em,pseudo,2023:Q1:pre_advance:pseudo,2023-04-30,pre_advance,2023:Q1,T,S,3.99274468215466,0.0,0.0639577353546675,16.302197045124508,True,1,0.02
joint_indicator_revision_dfm_full_kalman_em,pseudo,2023:Q1:pre_advance:pseudo,2023-04-30,pre_advance,2023:Q1,T,T,4.132296807933263,0.0,0.0639577353546675,16.302197045124508,True,1,0.02
monthly_mixed_frequency_kalman_em,pseudo,2023:Q1:pre_advance:pseudo,2023-04-30,pre_advance,2023:Q1,A,A,4.56972071804468,0.0,0.06079305375872911,19.045459804393182,True,1,0.02
monthly_mixed_frequency_kalman_em,pseudo,2023:Q1:pre_advance:pseudo,2023-04-30,pre_advance,2023:Q1,A,M,4.28760777378106,0.0,0.06079305375872911,19.045459804393182,True,1,0.02
monthly_mixed_frequency_kalman_em,pseudo,2023:Q1:pre_advance:pseudo,2023-04-30,pre_advance,2023:Q1,A,S,4.319575375764099,0.0,0.06079305375872911,19.045459804393182,True,1,0.02
monthly_mixed_frequency_kalman_em,pseudo,2023:Q1:pre_advance:pseudo,2023-04-30,pre_advance,2023:Q1,A,T,4.302138501955168,0.0,0.06079305375872911,19.045459804393182,True,1,0.02
monthly_mixed_frequency_kalman_em,pseudo,2023:Q1:pre_advance:pseudo,2023-04-30,pre_advance,2023:Q1,M,A,4.28760777378106,0.0,0.06079305375872911,19.045459804393182,True,1,0.02
monthly_mixed_frequency_kalman_em,pseudo,2023:Q1:pre_advance:pseudo,2023-04-30,pre_advance,2023:Q1,M,M,8.786078044537703,0.0,0.06079305375872911,19.045459804393182,True,1,0.02
monthly_mixed_frequency_kalman_em,pseudo,2023:Q1:pre_advance:pseudo,2023-04-30,pre_advance,2023:Q1,M,S,4.477200195399176,0.0,0.06079305375872911,19.045459804393182,True,1,0.02
monthly_mixed_frequency_kalman_em,pseudo,2023:Q1:pre_advance:pseudo,2023-04-30,pre_advance,2023:Q1,M,T,4.6035951431445845,0.0,0.06079305375872911,19.045459804393182,True,1,0.02
monthly_mixed_frequency_kalman_em,pseudo,2023:Q1:pre_advance:pseudo,2023-04-30,pre_advance,2023:Q1,S,A,4.319575375764099,0.0,0.06079305375872911,19.045459804393182,True,1,0.02
monthly_mixed_frequency_kalman_em,pseudo,2023:Q1:pre_advance:pseudo,2023-04-30,pre_advance,2023:Q1,S,M,4.477200195399176,0.0,0.06079305375872911,19.045459804393182,True,1,0.02
monthly_mixed_frequency_kalman_em,pseudo,2023:Q1:pre_advance:pseudo,2023-04-30,pre_advance,2023:Q1,S,S,4.440951522275423,0.0,0.06079305375872911,19.045459804393182,True,1,0.02
monthly_mixed_frequency_kalman_em,pseudo,2023:Q1:pre_advance:pseudo,2023-04-30,pre_advance,2023:Q1,S,T,4.437793990490406,0.0,0.06079305375872911,19.045459804393182,True,1,0.02
monthly_mixed_frequency_kalman_em,pseudo,2023:Q1:pre_advance:pseudo,2023-04-30,pre_advance,2023:Q1,T,A,4.302138501955168,0.0,0.06079305375872911,19.045459804393182,True,1,0.02
monthly_mixed_frequency_kalman_em,pseudo,2023:Q1:pre_advance:pseudo,2023-04-30,pre_advance,2023:Q1,T,M,4.6035951431445845,0.0,0.06079305375872911,19.045459804393182,True,1,0.02
monthly_mixed_frequency_kalman_em,pseudo,2023:Q1:pre_advance:pseudo,2023-04-30,pre_advance,2023:Q1,T,S,4.437793990490406,0.0,0.06079305375872911,19.045459804393182,True,1,0.02
monthly_mixed_frequency_kalman_em,pseudo,2023:Q1:pre_advance:pseudo,2023-04-30,pre_advance,2023:Q1,T,T,4.579340035511766,0.0,0.06079305375872911,19.045459804393182,True,1,0.02
revision_dfm_kalman_em,pseudo,2023:Q1:pre_advance:pseudo,2023-04-30,pre_advance,2023:Q1,A,A,3.010859960505135,8.881784197001252e-16,0.06610279414526793,15.02995260646275,True,1,0.02
revision_dfm_kalman_em,pseudo,2023:Q1:pre_advance:pseudo,2023-04-30,pre_advance,2023:Q1,A,M,3.1373478362149014,8.881784197001252e-16,0.06610279414526793,15.02995260646275,True,1,0.02
revision_dfm_kalman_em,pseudo,2023:Q1:pre_advance:pseudo,2023-04-30,pre_advance,2023:Q1,A,S,3.1237310066319663,8.881784197001252e-16,0.06610279414526793,15.02995260646275,True,1,0.02
revision_dfm_kalman_em,pseudo,2023:Q1:pre_advance:pseudo,2023-04-30,pre_advance,2023:Q1,A,T,3.1319011043817273,8.881784197001252e-16,0.06610279414526793,15.02995260646275,True,1,0.02
revision_dfm_kalman_em,pseudo,2023:Q1:pre_advance:pseudo,2023-04-30,pre_advance,2023:Q1,M,A,3.1373478362149014,8.881784197001252e-16,0.06610279414526793,15.02995260646275,True,1,0.02
revision_dfm_kalman_em,pseudo,2023:Q1:pre_advance:pseudo,2023-04-30,pre_advance,2023:Q1,M,M,7.702779681919706,8.881784197001252e-16,0.06610279414526793,15.02995260646275,True,1,0.02
revision_dfm_kalman_em,pseudo,2023:Q1:pre_advance:pseudo,2023-04-30,pre_advance,2023:Q1,M,S,3.628787354660025,8.881784197001252e-16,0.06610279414526793,15.02995260646275,True,1,0.02
revision_dfm_kalman_em,pseudo,2023:Q1:pre_advance:pseudo,2023-04-30,pre_advance,2023:Q1,M,T,3.644306497347766,8.881784197001252e-16,0.06610279414526793,15.02995260646275,True,1,0.02
revision_dfm_kalman_em,pseudo,2023:Q1:pre_advance:pseudo,2023-04-30,pre_advance,2023:Q1,S,A,3.123731006631967,8.881784197001252e-16,0.06610279414526793,15.02995260646275,True,1,0.02
revision_dfm_kalman_em,pseudo,2023:Q1:pre_advance:pseudo,2023-04-30,pre_advance,2023:Q1,S,M,3.628787354660025,8.881784197001252e-16,0.06610279414526793,15.02995260646275,True,1,0.02
revision_dfm_kalman_em,pseudo,2023:Q1:pre_advance:pseudo,2023-04-30,pre_advance,2023:Q1,S,S,3.6299072500439995,8.881784197001252e-16,0.06610279414526793,15.02995260646275,True,1,0.02
revision_dfm_kalman_em,pseudo,2023:Q1:pre_advance:pseudo,2023-04-30,pre_advance,2023:Q1,S,T,3.618686227699464,8.881784197001252e-16,0.06610279414526793,15.02995260646275,True,1,0.02
revision_dfm_kalman_em,pseudo,2023:Q1:pre_advance:pseudo,2023-04-30,pre_advance,2023:Q1,T,A,3.131901104381728,8.881784197001252e-16,0.06610279414526793,15.02995260646275,True,1,0.02
revision_dfm_kalman_em,pseudo,2023:Q1:pre_advance:pseudo,2023-04-30,pre_advance,2023:Q1,T,M,3.644306497347766,8.881784197001252e-16,0.06610279414526793,15.02995260646275,True,1,0.02
revision_dfm_kalman_em,pseudo,2023:Q1:pre_advance:pseudo,2023-04-30,pre_advance,2023:Q1,T,S,3.618686227699464,8.881784197001252e-16,0.06610279414526793,15.02995260646275,True,1,0.02
revision_dfm_kalman_em,pseudo,2023:Q1:pre_advance:pseudo,2023-04-30,pre_advance,2023:Q1,T,T,3.7488331653533113,8.881784197001252e-16,0.06610279414526793,15.02995260646275,True,1,0.02
indicator_revision_only_dfm_kalman_em,exact,2023:Q1:pre_second:exact,2023-05-24,pre_second,2023:Q1,A,A,0.7567867108882728,0.0,0.062090068223255225,4.535286218463733,True,1,0.02
indicator_revision_only_dfm_kalman_em,exact,2023:Q1:pre_second:exact,2023-05-24,pre_second,2023:Q1,A,M,0.36004795828546304,0.0,0.062090068223255225,4.535286218463733,True,1,0.02
indicator_revision_only_dfm_kalman_em,exact,2023:Q1:pre_second:exact,2023-05-24,pre_second,2023:Q1,A,S,0.36004795828546304,0.0,0.062090068223255225,4.535286218463733,True,1,0.02
indicator_revision_only_dfm_kalman_em,exact,2023:Q1:pre_second:exact,2023-05-24,pre_second,2023:Q1,A,T,0.36004795828546304,0.0,0.062090068223255225,4.535286218463733,True,1,0.02
indicator_revision_only_dfm_kalman_em,exact,2023:Q1:pre_second:exact,2023-05-24,pre_second,2023:Q1,M,A,0.36004795828546304,0.0,0.062090068223255225,4.535286218463733,True,1,0.02
indicator_revision_only_dfm_kalman_em,exact,2023:Q1:pre_second:exact,2023-05-24,pre_second,2023:Q1,M,M,4.416331588401025,0.0,0.062090068223255225,4.535286218463733,True,1,0.02
indicator_revision_only_dfm_kalman_em,exact,2023:Q1:pre_second:exact,2023-05-24,pre_second,2023:Q1,M,S,0.36004795828546304,0.0,0.062090068223255225,4.535286218463733,True,1,0.02
indicator_revision_only_dfm_kalman_em,exact,2023:Q1:pre_second:exact,2023-05-24,pre_second,2023:Q1,M,T,0.36004795828546304,0.0,0.062090068223255225,4.535286218463733,True,1,0.02
indicator_revision_only_dfm_kalman_em,exact,2023:Q1:pre_second:exact,2023-05-24,pre_second,2023:Q1,S,A,0.36004795828546304,0.0,0.062090068223255225,4.535286218463733,True,1,0.02
indicator_revision_only_dfm_kalman_em,exact,2023:Q1:pre_second:exact,2023-05-24,pre_second,2023:Q1,S,M,0.36004795828546304,0.0,0.062090068223255225,4.535286218463733,True,1,0.02
indicator_revision_only_dfm_kalman_em,exact,2023:Q1:pre_second:exact,2023-05-24,pre_second,2023:Q1,S,S,0.3751568737099116,0.0,0.062090068223255225,4.535286218463733,True,1,0.02
indicator_revision_only_dfm_kalman_em,exact,2023:Q1:pre_second:exact,2023-05-24,pre_second,2023:Q1,S,T,0.36004795828546304,0.0,0.062090068223255225,4.535286218463733,True,1,0.02
indicator_revision_only_dfm_kalman_em,exact,2023:Q1:pre_second:exact,2023-05-24,pre_second,2023:Q1,T,A,0.36004795828546304,0.0,0.062090068223255225,4.535286218463733,True,1,0.02
indicator_revision_only_dfm_kalman_em,exact,2023:Q1:pre_second:exact,2023-05-24,pre_second,2023:Q1,T,M,0.36004795828546304,0.0,0.062090068223255225,4.535286218463733,True,1,0.02
indicator_revision_only_dfm_kalman_em,exact,2023:Q1:pre_second:exact,2023-05-24,pre_second,2023:Q1,T,S,0.36004795828546304,0.0,0.062090068223255225,4.535286218463733,True,1,0.02
indicator_revision_only_dfm_kalman_em,exact,2023:Q1:pre_second:exact,2023-05-24,pre_second,2023:Q1,T,T,0.4876295499800626,0.0,0.062090068223255225,4.535286218463733,True,1,0.02
joint_indicator_revision_dfm_full_kalman_em,exact,2023:Q1:pre_second:exact,2023-05-24,pre_second,2023:Q1,A,A,0.34759549123824196,5.551115123125783e-17,0.062440632548565266,4.4911969733854615,True,1,0.02
joint_indicator_revision_dfm_full_kalman_em,exact,2023:Q1:pre_second:exact,2023-05-24,pre_second,2023:Q1,A,M,0.19461691797356848,5.551115123125783e-17,0.062440632548565266,4.4911969733854615,True,1,0.02
joint_indicator_revision_dfm_full_kalman_em,exact,2023:Q1:pre_second:exact,2023-05-24,pre_second,2023:Q1,A,S,0.19331371114713533,5.551115123125783e-17,0.062440632548565266,4.4911969733854615,True,1,0.02
joint_indicator_revision_dfm_full_kalman_em,exact,2023:Q1:pre_second:exact,2023-05-24,pre_second,2023:Q1,A,T,0.1940956352429952,5.551115123125783e-17,0.062440632548565266,4.4911969733854615,True,1,0.02
joint_indicator_revision_dfm_full_kalman_em,exact,2023:Q1:pre_second:exact,2023-05-24,pre_second,2023:Q1,M,A,0.19461691797356848,5.551115123125783e-17,0.062440632548565266,4.4911969733854615,True,1,0.02
joint_indicator_revision_dfm_full_kalman_em,exact,2023:Q1:pre_second:exact,2023-05-24,pre_second,2023:Q1,M,M,4.414796866330703,5.551115123125783e-17,0.062440632548565266,4.4911969733854615,True,1,0.02
joint_indicator_revision_dfm_full_kalman_em,exact,2023:Q1:pre_second:exact,2023-05-24,pre_second,2023:Q1,M,S,0.3423979884606398,5.551115123125783e-17,0.062440632548565266,4.4911969733854615,True,1,0.02
joint_indicator_revision_dfm_full_kalman_em,exact,2023:Q1:pre_second:exact,2023-05-24,pre_second,2023:Q1,M,T,0.3470647591076,5.551115123125783e-17,0.062440632548565266,4.4911969733854615,True,1,0.02
joint_indicator_revision_dfm_full_kalman_em,exact,2023:Q1:pre_second:exact,2023-05-24,pre_second,2023:Q1,S,A,0.19331371114713533,5.551115123125783e-17,0.062440632548565266,4.4911969733854615,True,1,0.02
joint_indicator_revision_dfm_full_kalman_em,exact,2023:Q1:pre_second:exact,2023-05-24,pre_second,2023:Q1,S,M,0.3423979884606398,5.551115123125783e-17,0.062440632548565266,4.4911969733854615,True,1,0.02
joint_indicator_revision_dfm_full_kalman_em,exact,2023:Q1:pre_second:exact,2023-05-24,pre_second,2023:Q1,S,S,0.3535192562877748,5.551115123125783e-17,0.062440632548565266,4.4911969733854615,True,1,0.02
joint_indicator_revision_dfm_full_kalman_em,exact,2023:Q1:pre_second:exact,2023-05-24,pre_second,2023:Q1,S,T,0.3394163029143697,5.551115123125783e-17,0.062440632548565266,4.4911969733854615,True,1,0.02
joint_indicator_revision_dfm_full_kalman_em,exact,2023:Q1:pre_second:exact,2023-05-24,pre_second,2023:Q1,T,A,0.19409563524299525,5.551115123125783e-17,0.062440632548565266,4.4911969733854615,True,1,0.02
joint_indicator_revision_dfm_full_kalman_em,exact,2023:Q1:pre_second:exact,2023-05-24,pre_second,2023:Q1,T,M,0.3470647591076,5.551115123125783e-17,0.062440632548565266,4.4911969733854615,True,1,0.02
joint_indicator_revision_dfm_full_kalman_em,exact,2023:Q1:pre_second:exact,2023-05-24,pre_second,2023:Q1,T,S,0.33941630291436975,5.551115123125783e-17,0.062440632548565266,4.4911969733854615,True,1,0.02
joint_indicator_revision_dfm_full_kalman_em,exact,2023:Q1:pre_second:exact,2023-05-24,pre_second,2023:Q1,T,T,0.46535438127495593,5.551115123125783e-17,0.062440632548565266,4.4911969733854615,True,1,0.02
monthly_mixed_frequency_kalman_em,exact,2023:Q1:pre_second:exact,2023-05-24,pre_second,2023:Q1,A,A,0.43653160130569924,0.0,0.05805571584017618,4.901184582442516,True,1,0.02
monthly_mixed_frequency_kalman_em,exact,2023:Q1:pre_second:exact,2023-05-24,pre_second,2023:Q1,A,M,0.20988010326971787,0.0,0.05805571584017618,4.901184582442516,True,1,0.02
monthly_mixed_frequency_kalman_em,exact,2023:Q1:pre_second:exact,2023-05-24,pre_second,2023:Q1,A,S,0.2114558709990651,0.0,0.05805571584017618,4.901184582442516,True,1,0.02
monthly_mixed_frequency_kalman_em,exact,2023:Q1:pre_second:exact,2023-05-24,pre_second,2023:Q1,A,T,0.21059636132851206,0.0,0.05805571584017618,4.901184582442516,True,1,0.02
monthly_mixed_frequency_kalman_em,exact,2023:Q1:pre_second:exact,2023-05-24,pre_second,2023:Q1,M,A,0.20988010326971787,0.0,0.05805571584017618,4.901184582442516,True,1,0.02
monthly_mixed_frequency_kalman_em,exact,2023:Q1:pre_second:exact,2023-05-24,pre_second,2023:Q1,M,M,4.762957528334707,0.0,0.05805571584017618,4.901184582442516,True,1,0.02
monthly_mixed_frequency_kalman_em,exact,2023:Q1:pre_second:exact,2023-05-24,pre_second,2023:Q1,M,S,0.42403096332775086,0.0,0.05805571584017618,4.901184582442516,True,1,0.02
monthly_mixed_frequency_kalman_em,exact,2023:Q1:pre_second:exact,2023-05-24,pre_second,2023:Q1,M,T,0.5667982033664396,0.0,0.05805571584017618,4.901184582442516,True,1,0.02
monthly_mixed_frequency_kalman_em,exact,2023:Q1:pre_second:exact,2023-05-24,pre_second,2023:Q1,S,A,0.2114558709990651,0.0,0.05805571584017618,4.901184582442516,True,1,0.02
monthly_mixed_frequency_kalman_em,exact,2023:Q1:pre_second:exact,2023-05-24,pre_second,2023:Q1,S,M,0.42403096332775086,0.0,0.05805571584017618,4.901184582442516,True,1,0.02
monthly_mixed_frequency_kalman_em,exact,2023:Q1:pre_second:exact,2023-05-24,pre_second,2023:Q1,S,S,0.35757114357673675,0.0,0.05805571584017618,4.901184582442516,True,1,0.02
monthly_mixed_frequency_kalman_em,exact,2023:Q1:pre_second:exact,2023-05-24,pre_second,2023:Q1,S,T,0.3708871902455794,0.0,0.05805571584017618,4.901184582442516,True,1,0.02
monthly_mixed_frequency_kalman_em,exact,2023:Q1:pre_second:exact,2023-05-24,pre_second,2023:Q1,T,A,0.21059636132851206,0.0,0.05805571584017618,4.901184582442516,True,1,0.02
monthly_mixed_frequency_kalman_em,exact,2023:Q1:pre_second:exact,2023-05-24,pre_second,2023:Q1,T,M,0.5667982033664396,0.0,0.05805571584017618,4.901184582442516,True,1,0.02
monthly_mixed_frequency_kalman_em,exact,2023:Q1:pre_second:exact,2023-05-24,pre_second,2023:Q1,T,S,0.3708871902455794,0.0,0.05805571584017618,4.901184582442516,True,1,0.02
monthly_mixed_frequency_kalman_em,exact,2023:Q1:pre_second:exact,2023-05-24,pre_second,2023:Q1,T,T,0.5288968803650633,0.0,0.05805571584017618,4.901184582442516,True,1,0.02
revision_dfm_kalman_em,exact,2023:Q1:pre_second:exact,2023-05-24,pre_second,2023:Q1,A,A,0.2824822370565141,5.551115123125783e-17,0.06649485359508024,4.505986638812038,True,1,0.02
revision_dfm_kalman_em,exact,2023:Q1:pre_second:exact,2023-05-24,pre_second,2023:Q1,A,M,0.1501705890805731,5.551115123125783e-17,0.06649485359508024,4.505986638812038,True,1,0.02
revision_dfm_kalman_em,exact,2023:Q1:pre_second:exact,2023-05-24,pre_second,2023:Q1,A,S,0.14955069143384636,5.551115123125783e-17,0.06649485359508024,4.505986638812038,True,1,0.02
revision_dfm_kalman_em,exact,2023:Q1:pre_second:exact,2023-05-24,pre_second,2023:Q1,A,T,0.1499226300218824,5.551115123125783e-17,0.06649485359508024,4.505986638812038,True,1,0.02
revision_dfm_kalman_em,exact,2023:Q1:pre_second:exact,2023-05-24,pre_second,2023:Q1,M,A,0.1501705890805731,5.551115123125783e-17,0.06649485359508024,4.505986638812038,True,1,0.02
revision_dfm_kalman_em,exact,2023:Q1:pre_second:exact,2023-05-24,pre_second,2023:Q1,M,M,4.422930409255052,5.551115123125783e-17,0.06649485359508024,4.505986638812038,True,1,0.02
revision_dfm_kalman_em,exact,2023:Q1:pre_second:exact,2023-05-24,pre_second,2023:Q1,M,S,0.3699610869983582,5.551115123125783e-17,0.06649485359508024,4.505986638812038,True,1,0.02
revision_dfm_kalman_em,exact,2023:Q1:pre_second:exact,2023-05-24,pre_second,2023:Q1,M,T,0.37690183956418305,5.551115123125783e-17,0.06649485359508024,4.505986638812038,True,1,0.02
revision_dfm_kalman_em,exact,2023:Q1:pre_second:exact,2023-05-24,pre_second,2023:Q1,S,A,0.14955069143384633,5.551115123125783e-17,0.06649485359508024,4.505986638812038,True,1,0.02
revision_dfm_kalman_em,exact,2023:Q1:pre_second:exact,2023-05-24,pre_second,2023:Q1,S,M,0.3699610869983582,5.551115123125783e-17,0.06649485359508024,4.505986638812038,True,1,0.02
revision_dfm_kalman_em,exact,2023:Q1:pre_second:exact,2023-05-24,pre_second,2023:Q1,S,S,0.3887287441812341,5.551115123125783e-17,0.06649485359508024,4.505986638812038,True,1,0.02
revision_dfm_kalman_em,exact,2023:Q1:pre_second:exact,2023-05-24,pre_second,2023:Q1,S,T,0.36555287908706796,5.551115123125783e-17,0.06649485359508024,4.505986638812038,True,1,0.02
revision_dfm_kalman_em,exact,2023:Q1:pre_second:exact,2023-05-24,pre_second,2023:Q1,T,A,0.1499226300218824,5.551115123125783e-17,0.06649485359508024,4.505986638812038,True,1,0.02
revision_dfm_kalman_em,exact,2023:Q1:pre_second:exact,2023-05-24,pre_second,2023:Q1,T,M,0.37690183956418305,5.551115123125783e-17,0.06649485359508024,4.505986638812038,True,1,0.02
revision_dfm_kalman_em,exact,2023:Q1:pre_second:exact,2023-05-24,pre_second,2023:Q1,T,S,0.365552879087068,5.551115123125783e-17,0.06649485359508024,4.505986638812038,True,1,0.02
revision_dfm_kalman_em,exact,2023:Q1:pre_second:exact,2023-05-24,pre_second,2023:Q1,T,T,0.484378115134951,5.551115123125783e-17,0.06649485359508024,4.505986638812038,True,1,0.02
indicator_revision_only_dfm_kalman_em,pseudo,2023:Q1:pre_second:pseudo,2023-05-31,pre_second,2023:Q1,A,A,0.7567111419674286,0.0,0.06208927470912688,4.535158124369104,True,1,0.02
indicator_revision_only_dfm_kalman_em,pseudo,2023:Q1:pre_second:pseudo,2023-05-31,pre_second,2023:Q1,A,M,0.35997837607041566,0.0,0.06208927470912688,4.535158124369104,True,1,0.02
indicator_revision_only_dfm_kalman_em,pseudo,2023:Q1:pre_second:pseudo,2023-05-31,pre_second,2023:Q1,A,S,0.35997837607041566,0.0,0.06208927470912688,4.535158124369104,True,1,0.02
indicator_revision_only_dfm_kalman_em,pseudo,2023:Q1:pre_second:pseudo,2023-05-31,pre_second,2023:Q1,A,T,0.35997837607041566,0.0,0.06208927470912688,4.535158124369104,True,1,0.02
indicator_revision_only_dfm_kalman_em,pseudo,2023:Q1:pre_second:pseudo,2023-05-31,pre_second,2023:Q1,M,A,0.35997837607041566,0.0,0.06208927470912688,4.535158124369104,True,1,0.02
indicator_revision_only_dfm_kalman_em,pseudo,2023:Q1:pre_second:pseudo,2023-05-31,pre_second,2023:Q1,M,M,4.41625244374484,0.0,0.06208927470912688,4.535158124369104,True,1,0.02
indicator_revision_only_dfm_kalman_em,pseudo,2023:Q1:pre_second:pseudo,2023-05-31,pre_second,2023:Q1,M,S,0.35997837607041566,0.0,0.06208927470912688,4.535158124369104,True,1,0.02
indicator_revision_only_dfm_kalman_em,pseudo,2023:Q1:pre_second:pseudo,2023-05-31,pre_second,2023:Q1,M,T,0.35997837607041566,0.0,0.06208927470912688,4.535158124369104,True,1,0.02
indicator_revision_only_dfm_kalman_em,pseudo,2023:Q1:pre_second:pseudo,2023-05-31,pre_second,2023:Q1,S,A,0.35997837607041566,0.0,0.06208927470912688,4.535158124369104,True,1,0.02
indicator_revision_only_dfm_kalman_em,pseudo,2023:Q1:pre_second:pseudo,2023-05-31,pre_second,2023:Q1,S,M,0.35997837607041566,0.0,0.06208927470912688,4.535158124369104,True,1,0.02
indicator_revision_only_dfm_kalman_em,pseudo,2023:Q1:pre_second:pseudo,2023-05-31,pre_second,2023:Q1,S,S,0.37508481537073407,0.0,0.06208927470912688,4.535158124369104,True,1,0.02
indicator_revision_only_dfm_kalman_em,pseudo,2023:Q1:pre_second:pseudo,2023-05-31,pre_second,2023:Q1,S,T,0.35997837607041566,0.0,0.06208927470912688,4.535158124369104,True,1,0.02
indicator_revision_only_dfm_kalman_em,pseudo,2023:Q1:pre_second:pseudo,2023-05-31,pre_second,2023:Q1,T,A,0.35997837607041566,0.0,0.06208927470912688,4.535158124369104,True,1,0.02
indicator_revision_only_dfm_kalman_em,pseudo,2023:Q1:pre_second:pseudo,2023-05-31,pre_second,2023:Q1,T,M,0.35997837607041566,0.0,0.06208927470912688,4.535158124369104,True,1,0.02
indicator_revision_only_dfm_kalman_em,pseudo,2023:Q1:pre_second:pseudo,2023-05-31,pre_second,2023:Q1,T,S,0.35997837607041566,0.0,0.06208927470912688,4.535158124369104,True,1,0.02
indicator_revision_only_dfm_kalman_em,pseudo,2023:Q1:pre_second:pseudo,2023-05-31,pre_second,2023:Q1,T,T,0.4875649482573799,0.0,0.06208927470912688,4.535158124369104,True,1,0.02
joint_indicator_revision_dfm_full_kalman_em,pseudo,2023:Q1:pre_second:pseudo,2023-05-31,pre_second,2023:Q1,A,A,0.35049870064538446,2.7755575615628914e-17,0.0624199273371425,4.491624169272085,True,1,0.02
joint_indicator_revision_dfm_full_kalman_em,pseudo,2023:Q1:pre_second:pseudo,2023-05-31,pre_second,2023:Q1,A,M,0.196465300946481,2.7755575615628914e-17,0.0624199273371425,4.491624169272085,True,1,0.02
joint_indicator_revision_dfm_full_kalman_em,pseudo,2023:Q1:pre_second:pseudo,2023-05-31,pre_second,2023:Q1,A,S,0.19513610174675564,2.7755575615628914e-17,0.0624199273371425,4.491624169272085,True,1,0.02
joint_indicator_revision_dfm_full_kalman_em,pseudo,2023:Q1:pre_second:pseudo,2023-05-31,pre_second,2023:Q1,A,T,0.19593362126659086,2.7755575615628914e-17,0.0624199273371425,4.491624169272085,True,1,0.02
joint_indicator_revision_dfm_full_kalman_em,pseudo,2023:Q1:pre_second:pseudo,2023-05-31,pre_second,2023:Q1,M,A,0.196465300946481,2.7755575615628914e-17,0.0624199273371425,4.491624169272085,True,1,0.02
joint_indicator_revision_dfm_full_kalman_em,pseudo,2023:Q1:pre_second:pseudo,2023-05-31,pre_second,2023:Q1,M,M,4.414927496408787,2.7755575615628914e-17,0.0624199273371425,4.491624169272085,True,1,0.02
joint_indicator_revision_dfm_full_kalman_em,pseudo,2023:Q1:pre_second:pseudo,2023-05-31,pre_second,2023:Q1,M,S,0.34254006520616553,2.7755575615628914e-17,0.0624199273371425,4.491624169272085,True,1,0.02
joint_indicator_revision_dfm_full_kalman_em,pseudo,2023:Q1:pre_second:pseudo,2023-05-31,pre_second,2023:Q1,M,T,0.34715295249857664,2.7755575615628914e-17,0.0624199273371425,4.491624169272085,True,1,0.02
joint_indicator_revision_dfm_full_kalman_em,pseudo,2023:Q1:pre_second:pseudo,2023-05-31,pre_second,2023:Q1,S,A,0.1951361017467556,2.7755575615628914e-17,0.0624199273371425,4.491624169272085,True,1,0.02
joint_indicator_revision_dfm_full_kalman_em,pseudo,2023:Q1:pre_second:pseudo,2023-05-31,pre_second,2023:Q1,S,M,0.34254006520616553,2.7755575615628914e-17,0.0624199273371425,4.491624169272085,True,1,0.02
joint_indicator_revision_dfm_full_kalman_em,pseudo,2023:Q1:pre_second:pseudo,2023-05-31,pre_second,2023:Q1,S,S,0.3537374513378983,2.7755575615628914e-17,0.0624199273371425,4.491624169272085,True,1,0.02
joint_indicator_revision_dfm_full_kalman_em,pseudo,2023:Q1:pre_second:pseudo,2023-05-31,pre_second,2023:Q1,S,T,0.33959198593697737,2.7755575615628914e-17,0.0624199273371425,4.491624169272085,True,1,0.02
joint_indicator_revision_dfm_full_kalman_em,pseudo,2023:Q1:pre_second:pseudo,2023-05-31,pre_second,2023:Q1,T,A,0.19593362126659083,2.7755575615628914e-17,0.0624199273371425,4.491624169272085,True,1,0.02
joint_indicator_revision_dfm_full_kalman_em,pseudo,2023:Q1:pre_second:pseudo,2023-05-31,pre_second,2023:Q1,T,M,0.34715295249857664,2.7755575615628914e-17,0.0624199273371425,4.491624169272085,True,1,0.02
joint_indicator_revision_dfm_full_kalman_em,pseudo,2023:Q1:pre_second:pseudo,2023-05-31,pre_second,2023:Q1,T,S,0.33959198593697737,2.7755575615628914e-17,0.0624199273371425,4.491624169272085,True,1,0.02
joint_indicator_revision_dfm_full_kalman_em,pseudo,2023:Q1:pre_second:pseudo,2023-05-31,pre_second,2023:Q1,T,T,0.4654823959901419,2.7755575615628914e-17,0.0624199273371425,4.491624169272085,True,1,0.02
monthly_mixed_frequency_kalman_em,pseudo,2023:Q1:pre_second:pseudo,2023-05-31,pre_second,2023:Q1,A,A,0.4365489844145453,0.0,0.058056311275998,4.901130903440304,True,1,0.02
monthly_mixed_frequency_kalman_em,pseudo,2023:Q1:pre_second:pseudo,2023-05-31,pre_second,2023:Q1,A,M,0.20988152028598242,0.0,0.058056311275998,4.901130903440304,True,1,0.02
monthly_mixed_frequency_kalman_em,pseudo,2023:Q1:pre_second:pseudo,2023-05-31,pre_second,2023:Q1,A,S,0.21146147841193194,0.0,0.058056311275998,4.901130903440304,True,1,0.02
monthly_mixed_frequency_kalman_em,pseudo,2023:Q1:pre_second:pseudo,2023-05-31,pre_second,2023:Q1,A,T,0.21059968307050494,0.0,0.058056311275998,4.901130903440304,True,1,0.02
monthly_mixed_frequency_kalman_em,pseudo,2023:Q1:pre_second:pseudo,2023-05-31,pre_second,2023:Q1,M,A,0.20988152028598242,0.0,0.058056311275998,4.901130903440304,True,1,0.02
monthly_mixed_frequency_kalman_em,pseudo,2023:Q1:pre_second:pseudo,2023-05-31,pre_second,2023:Q1,M,M,4.762912861399966,0.0,0.058056311275998,4.901130903440304,True,1,0.02
monthly_mixed_frequency_kalman_em,pseudo,2023:Q1:pre_second:pseudo,2023-05-31,pre_second,2023:Q1,M,S,0.42401597682399683,0.0,0.058056311275998,4.901130903440304,True,1,0.02
monthly_mixed_frequency_kalman_em,pseudo,2023:Q1:pre_second:pseudo,2023-05-31,pre_second,2023:Q1,M,T,0.5667722811826732,0.0,0.058056311275998,4.901130903440304,True,1,0.02
monthly_mixed_frequency_kalman_em,pseudo,2023:Q1:pre_second:pseudo,2023-05-31,pre_second,2023:Q1,S,A,0.21146147841193194,0.0,0.058056311275998,4.901130903440304,True,1,0.02
monthly_mixed_frequency_kalman_em,pseudo,2023:Q1:pre_second:pseudo,2023-05-31,pre_second,2023:Q1,S,M,0.42401597682399683,0.0,0.058056311275998,4.901130903440304,True,1,0.02
monthly_mixed_frequency_kalman_em,pseudo,2023:Q1:pre_second:pseudo,2023-05-31,pre_second,2023:Q1,S,S,0.3575671408335176,0.0,0.058056311275998,4.901130903440304,True,1,0.02
monthly_mixed_frequency_kalman_em,pseudo,2023:Q1:pre_second:pseudo,2023-05-31,pre_second,2023:Q1,S,T,0.3708773522209806,0.0,0.058056311275998,4.901130903440304,True,1,0.02
monthly_mixed_frequency_kalman_em,pseudo,2023:Q1:pre_second:pseudo,2023-05-31,pre_second,2023:Q1,T,A,0.21059968307050494,0.0,0.058056311275998,4.901130903440304,True,1,0.02
monthly_mixed_frequency_kalman_em,pseudo,2023:Q1:pre_second:pseudo,2023-05-31,pre_second,2023:Q1,T,M,0.5667722811826732,0.0,0.058056311275998,4.901130903440304,True,1,0.02
monthly_mixed_frequency_kalman_em,pseudo,2023:Q1:pre_second:pseudo,2023-05-31,pre_second,2023:Q1,T,S,0.3708773522209806,0.0,0.058056311275998,4.901130903440304,True,1,0.02
monthly_mixed_frequency_kalman_em,pseudo,2023:Q1:pre_second:pseudo,2023-05-31,pre_second,2023:Q1,T,T,0.5288801305349601,0.0,0.058056311275998,4.901130903440304,True,1,0.02
revision_dfm_kalman_em,pseudo,2023:Q1:pre_second:pseudo,2023-05-31,pre_second,2023:Q1,A,A,0.28251884683746303,2.7755575615628914e-17,0.06649492413802038,4.505955435238105,True,1,0.02
revision_dfm_kalman_em,pseudo,2023:Q1:pre_second:pseudo,2023-05-31,pre_second,2023:Q1,A,M,0.15017261958277717,2.7755575615628914e-17,0.06649492413802038,4.505955435238105,True,1,0.02
revision_dfm_kalman_em,pseudo,2023:Q1:pre_second:pseudo,2023-05-31,pre_second,2023:Q1,A,S,0.14955371703187262,2.7755575615628914e-17,0.06649492413802038,4.505955435238105,True,1,0.02
revision_dfm_kalman_em,pseudo,2023:Q1:pre_second:pseudo,2023-05-31,pre_second,2023:Q1,A,T,0.14992505856241536,2.7755575615628914e-17,0.06649492413802038,4.505955435238105,True,1,0.02
revision_dfm_kalman_em,pseudo,2023:Q1:pre_second:pseudo,2023-05-31,pre_second,2023:Q1,M,A,0.15017261958277717,2.7755575615628914e-17,0.06649492413802038,4.505955435238105,True,1,0.02
revision_dfm_kalman_em,pseudo,2023:Q1:pre_second:pseudo,2023-05-31,pre_second,2023:Q1,M,M,4.422906059140038,2.7755575615628914e-17,0.06649492413802038,4.505955435238105,True,1,0.02
revision_dfm_kalman_em,pseudo,2023:Q1:pre_second:pseudo,2023-05-31,pre_second,2023:Q1,M,S,0.3699439390697595,2.7755575615628914e-17,0.06649492413802038,4.505955435238105,True,1,0.02
revision_dfm_kalman_em,pseudo,2023:Q1:pre_second:pseudo,2023-05-31,pre_second,2023:Q1,M,T,0.3768840860009273,2.7755575615628914e-17,0.06649492413802038,4.505955435238105,True,1,0.02
revision_dfm_kalman_em,pseudo,2023:Q1:pre_second:pseudo,2023-05-31,pre_second,2023:Q1,S,A,0.1495537170318726,2.7755575615628914e-17,0.06649492413802038,4.505955435238105,True,1,0.02
revision_dfm_kalman_em,pseudo,2023:Q1:pre_second:pseudo,2023-05-31,pre_second,2023:Q1,S,M,0.3699439390697595,2.7755575615628914e-17,0.06649492413802038,4.505955435238105,True,1,0.02
revision_dfm_kalman_em,pseudo,2023:Q1:pre_second:pseudo,2023-05-31,pre_second,2023:Q1,S,S,0.38871113192702406,2.7755575615628914e-17,0.06649492413802038,4.505955435238105,True,1,0.02
revision_dfm_kalman_em,pseudo,2023:Q1:pre_second:pseudo,2023-05-31,pre_second,2023:Q1,S,T,0.3655361346290017,2.7755575615628914e-17,0.06649492413802038,4.505955435238105,True,1,0.02
revision_dfm_kalman_em,pseudo,2023:Q1:pre_second:pseudo,2023-05-31,pre_second,2023:Q1,T,A,0.14992505856241536,2.7755575615628914e-17,0.06649492413802038,4.505955435238105,True,1,0.02
revision_dfm_kalman_em,pseudo,2023:Q1:pre_second:pseudo,2023-05-31,pre_second,2023:Q1,T,M,0.3768840860009273,2.7755575615628914e-17,0.06649492413802038,4.505955435238105,True,1,0.02
revision_dfm_kalman_em,pseudo,2023:Q1:pre_second:pseudo,2023-05-31,pre_second,2023:Q1,T,S,0.3655361346290017,2.7755575615628914e-17,0.06649492413802038,4.505955435238105,True,1,0.02
revision_dfm_kalman_em,pseudo,2023:Q1:pre_second:pseudo,2023-05-31,pre_second,2023:Q1,T,T,0.4843631479935454,2.7755575615628914e-17,0.06649492413802038,4.505955435238105,True,1,0.02
indicator_revision_only_dfm_kalman_em,exact,2023:Q1:pre_third:exact,2023-06-28,pre_third,2023:Q1,A,A,0.4097445045695613,0.0,0.027274922116076662,4.070961737784954,True,1,0.02
indicator_revision_only_dfm_kalman_em,exact,2023:Q1:pre_third:exact,2023-06-28,pre_third,2023:Q1,A,M,0.014474375103295483,0.0,0.027274922116076662,4.070961737784954,True,1,0.02
indicator_revision_only_dfm_kalman_em,exact,2023:Q1:pre_third:exact,2023-06-28,pre_third,2023:Q1,A,S,0.014474375103295483,0.0,0.027274922116076662,4.070961737784954,True,1,0.02
indicator_revision_only_dfm_kalman_em,exact,2023:Q1:pre_third:exact,2023-06-28,pre_third,2023:Q1,A,T,0.014474375103295483,0.0,0.027274922116076662,4.070961737784954,True,1,0.02
indicator_revision_only_dfm_kalman_em,exact,2023:Q1:pre_third:exact,2023-06-28,pre_third,2023:Q1,M,A,0.014474375103295483,0.0,0.027274922116076662,4.070961737784954,True,1,0.02
indicator_revision_only_dfm_kalman_em,exact,2023:Q1:pre_third:exact,2023-06-28,pre_third,2023:Q1,M,M,4.070798126334319,0.0,0.027274922116076662,4.070961737784954,True,1,0.02
indicator_revision_only_dfm_kalman_em,exact,2023:Q1:pre_third:exact,2023-06-28,pre_third,2023:Q1,M,S,0.014474375103295483,0.0,0.027274922116076662,4.070961737784954,True,1,0.02
indicator_revision_only_dfm_kalman_em,exact,2023:Q1:pre_third:exact,2023-06-28,pre_third,2023:Q1,M,T,0.014474375103295483,0.0,0.027274922116076662,4.070961737784954,True,1,0.02
indicator_revision_only_dfm_kalman_em,exact,2023:Q1:pre_third:exact,2023-06-28,pre_third,2023:Q1,S,A,0.014474375103295483,0.0,0.027274922116076662,4.070961737784954,True,1,0.02
indicator_revision_only_dfm_kalman_em,exact,2023:Q1:pre_third:exact,2023-06-28,pre_third,2023:Q1,S,M,0.014474375103295483,0.0,0.027274922116076662,4.070961737784954,True,1,0.02
indicator_revision_only_dfm_kalman_em,exact,2023:Q1:pre_third:exact,2023-06-28,pre_third,2023:Q1,S,S,0.029557089211501405,0.0,0.027274922116076662,4.070961737784954,True,1,0.02
indicator_revision_only_dfm_kalman_em,exact,2023:Q1:pre_third:exact,2023-06-28,pre_third,2023:Q1,S,T,0.014474375103295483,0.0,0.027274922116076662,4.070961737784954,True,1,0.02
indicator_revision_only_dfm_kalman_em,exact,2023:Q1:pre_third:exact,2023-06-28,pre_third,2023:Q1,T,A,0.014474375103295483,0.0,0.027274922116076662,4.070961737784954,True,1,0.02
indicator_revision_only_dfm_kalman_em,exact,2023:Q1:pre_third:exact,2023-06-28,pre_third,2023:Q1,T,M,0.014474375103295483,0.0,0.027274922116076662,4.070961737784954,True,1,0.02
indicator_revision_only_dfm_kalman_em,exact,2023:Q1:pre_third:exact,2023-06-28,pre_third,2023:Q1,T,S,0.014474375103295483,0.0,0.027274922116076662,4.070961737784954,True,1,0.02
indicator_revision_only_dfm_kalman_em,exact,2023:Q1:pre_third:exact,2023-06-28,pre_third,2023:Q1,T,T,0.1420868068097501,0.0,0.027274922116076662,4.070961737784954,True,1,0.02
joint_indicator_revision_dfm_full_kalman_em,exact,2023:Q1:pre_third:exact,2023-06-28,pre_third,2023:Q1,A,A,0.2393624686409805,3.469446951953614e-18,0.032771295478018686,4.083059860420953,True,1,0.02
joint_indicator_revision_dfm_full_kalman_em,exact,2023:Q1:pre_third:exact,2023-06-28,pre_third,2023:Q1,A,M,0.007051024362063861,3.469446951953614e-18,0.032771295478018686,4.083059860420953,True,1,0.02
joint_indicator_revision_dfm_full_kalman_em,exact,2023:Q1:pre_third:exact,2023-06-28,pre_third,2023:Q1,A,S,0.009914793207817777,3.469446951953614e-18,0.032771295478018686,4.083059860420953,True,1,0.02
joint_indicator_revision_dfm_full_kalman_em,exact,2023:Q1:pre_third:exact,2023-06-28,pre_third,2023:Q1,A,T,0.008196531900365426,3.469446951953614e-18,0.032771295478018686,4.083059860420953,True,1,0.02
joint_indicator_revision_dfm_full_kalman_em,exact,2023:Q1:pre_third:exact,2023-06-28,pre_third,2023:Q1,M,A,0.007051024362063861,3.469446951953614e-18,0.032771295478018686,4.083059860420953,True,1,0.02
joint_indicator_revision_dfm_full_kalman_em,exact,2023:Q1:pre_third:exact,2023-06-28,pre_third,2023:Q1,M,M,4.082880552752391,3.469446951953614e-18,0.032771295478018686,4.083059860420953,True,1,0.02
joint_indicator_revision_dfm_full_kalman_em,exact,2023:Q1:pre_third:exact,2023-06-28,pre_third,2023:Q1,M,S,0.01799565791965032,3.469446951953614e-18,0.032771295478018686,4.083059860420953,True,1,0.02
joint_indicator_revision_dfm_full_kalman_em,exact,2023:Q1:pre_third:exact,2023-06-28,pre_third,2023:Q1,M,T,0.018341277926731996,3.469446951953614e-18,0.032771295478018686,4.083059860420953,True,1,0.02
joint_indicator_revision_dfm_full_kalman_em,exact,2023:Q1:pre_third:exact,2023-06-28,pre_third,2023:Q1,S,A,0.009914793207817777,3.469446951953614e-18,0.032771295478018686,4.083059860420953,True,1,0.02
joint_indicator_revision_dfm_full_kalman_em,exact,2023:Q1:pre_third:exact,2023-06-28,pre_third,2023:Q1,S,M,0.01799565791965032,3.469446951953614e-18,0.032771295478018686,4.083059860420953,True,1,0.02
joint_indicator_revision_dfm_full_kalman_em,exact,2023:Q1:pre_third:exact,2023-06-28,pre_third,2023:Q1,S,S,0.036158954087542626,3.469446951953614e-18,0.032771295478018686,4.083059860420953,True,1,0.02
joint_indicator_revision_dfm_full_kalman_em,exact,2023:Q1:pre_third:exact,2023-06-28,pre_third,2023:Q1,S,T,0.017834040625413664,3.469446951953614e-18,0.032771295478018686,4.083059860420953,True,1,0.02
joint_indicator_revision_dfm_full_kalman_em,exact,2023:Q1:pre_third:exact,2023-06-28,pre_third,2023:Q1,T,A,0.008196531900365426,3.469446951953614e-18,0.032771295478018686,4.083059860420953,True,1,0.02
joint_indicator_revision_dfm_full_kalman_em,exact,2023:Q1:pre_third:exact,2023-06-28,pre_third,2023:Q1,T,M,0.018341277926731996,3.469446951953614e-18,0.032771295478018686,4.083059860420953,True,1,0.02
joint_indicator_revision_dfm_full_kalman_em,exact,2023:Q1:pre_third:exact,2023-06-28,pre_third,2023:Q1,T,S,0.017834040625413668,3.469446951953614e-18,0.032771295478018686,4.083059860420953,True,1,0.02
joint_indicator_revision_dfm_full_kalman_em,exact,2023:Q1:pre_third:exact,2023-06-28,pre_third,2023:Q1,T,T,0.139509816305424,3.469446951953614e-18,0.032771295478018686,4.083059860420953,True,1,0.02
monthly_mixed_frequency_kalman_em,exact,2023:Q1:pre_third:exact,2023-06-28,pre_third,2023:Q1,A,A,0.3091764588508917,0.0,0.057308107523174036,4.267760739469899,True,1,0.02
monthly_mixed_frequency_kalman_em,exact,2023:Q1:pre_third:exact,2023-06-28,pre_third,2023:Q1,A,M,-0.040272095511850986,0.0,0.057308107523174036,4.267760739469899,True,1,0.02
monthly_mixed_frequency_kalman_em,exact,2023:Q1:pre_third:exact,2023-06-28,pre_third,2023:Q1,A,S,0.02997818118075735,0.0,0.057308107523174036,4.267760739469899,True,1,0.02
monthly_mixed_frequency_kalman_em,exact,2023:Q1:pre_third:exact,2023-06-28,pre_third,2023:Q1,A,T,-0.008340151560665391,0.0,0.057308107523174036,4.267760739469899,True,1,0.02
monthly_mixed_frequency_kalman_em,exact,2023:Q1:pre_third:exact,2023-06-28,pre_third,2023:Q1,M,A,-0.040272095511850986,0.0,0.057308107523174036,4.267760739469899,True,1,0.02
monthly_mixed_frequency_kalman_em,exact,2023:Q1:pre_third:exact,2023-06-28,pre_third,2023:Q1,M,M,4.262525008700585,0.0,0.057308107523174036,4.267760739469899,True,1,0.02
monthly_mixed_frequency_kalman_em,exact,2023:Q1:pre_third:exact,2023-06-28,pre_third,2023:Q1,M,S,0.0601400357902843,0.0,0.057308107523174036,4.267760739469899,True,1,0.02
monthly_mixed_frequency_kalman_em,exact,2023:Q1:pre_third:exact,2023-06-28,pre_third,2023:Q1,M,T,0.1270814566583745,0.0,0.057308107523174036,4.267760739469899,True,1,0.02
monthly_mixed_frequency_kalman_em,exact,2023:Q1:pre_third:exact,2023-06-28,pre_third,2023:Q1,S,A,0.02997818118075735,0.0,0.057308107523174036,4.267760739469899,True,1,0.02
monthly_mixed_frequency_kalman_em,exact,2023:Q1:pre_third:exact,2023-06-28,pre_third,2023:Q1,S,M,0.0601400357902843,0.0,0.057308107523174036,4.267760739469899,True,1,0.02
monthly_mixed_frequency_kalman_em,exact,2023:Q1:pre_third:exact,2023-06-28,pre_third,2023:Q1,S,S,0.0944142527767935,0.0,0.057308107523174036,4.267760739469899,True,1,0.02
monthly_mixed_frequency_kalman_em,exact,2023:Q1:pre_third:exact,2023-06-28,pre_third,2023:Q1,S,T,0.05259957213790256,0.0,0.057308107523174036,4.267760739469899,True,1,0.02
monthly_mixed_frequency_kalman_em,exact,2023:Q1:pre_third:exact,2023-06-28,pre_third,2023:Q1,T,A,-0.008340151560665391,0.0,0.057308107523174036,4.267760739469899,True,1,0.02
monthly_mixed_frequency_kalman_em,exact,2023:Q1:pre_third:exact,2023-06-28,pre_third,2023:Q1,T,M,0.1270814566583745,0.0,0.057308107523174036,4.267760739469899,True,1,0.02
monthly_mixed_frequency_kalman_em,exact,2023:Q1:pre_third:exact,2023-06-28,pre_third,2023:Q1,T,S,0.05259957213790256,0.0,0.057308107523174036,4.267760739469899,True,1,0.02
monthly_mixed_frequency_kalman_em,exact,2023:Q1:pre_third:exact,2023-06-28,pre_third,2023:Q1,T,T,0.14334089355876176,0.0,0.057308107523174036,4.267760739469899,True,1,0.02
revision_dfm_kalman_em,exact,2023:Q1:pre_third:exact,2023-06-28,pre_third,2023:Q1,A,A,0.22432552372614106,1.734723475976807e-18,0.04822983208061852,4.071106756226383,True,1,0.02
revision_dfm_kalman_em,exact,2023:Q1:pre_third:exact,2023-06-28,pre_third,2023:Q1,A,M,0.007840965870245228,1.734723475976807e-18,0.04822983208061852,4.071106756226383,True,1,0.02
revision_dfm_kalman_em,exact,2023:Q1:pre_third:exact,2023-06-28,pre_third,2023:Q1,A,S,0.011450543029138739,1.734723475976807e-18,0.04822983208061852,4.071106756226383,True,1,0.02
revision_dfm_kalman_em,exact,2023:Q1:pre_third:exact,2023-06-28,pre_third,2023:Q1,A,T,0.009284796733802633,1.734723475976807e-18,0.04822983208061852,4.071106756226383,True,1,0.02
revision_dfm_kalman_em,exact,2023:Q1:pre_third:exact,2023-06-28,pre_third,2023:Q1,M,A,0.007840965870245228,1.734723475976807e-18,0.04822983208061852,4.071106756226383,True,1,0.02
revision_dfm_kalman_em,exact,2023:Q1:pre_third:exact,2023-06-28,pre_third,2023:Q1,M,M,4.070674302726337,1.734723475976807e-18,0.04822983208061852,4.071106756226383,True,1,0.02
revision_dfm_kalman_em,exact,2023:Q1:pre_third:exact,2023-06-28,pre_third,2023:Q1,M,S,0.028307573466531077,1.734723475976807e-18,0.04822983208061852,4.071106756226383,True,1,0.02
revision_dfm_kalman_em,exact,2023:Q1:pre_third:exact,2023-06-28,pre_third,2023:Q1,M,T,0.028953887390624315,1.734723475976807e-18,0.04822983208061852,4.071106756226383,True,1,0.02
revision_dfm_kalman_em,exact,2023:Q1:pre_third:exact,2023-06-28,pre_third,2023:Q1,S,A,0.011450543029138737,1.734723475976807e-18,0.04822983208061852,4.071106756226383,True,1,0.02
revision_dfm_kalman_em,exact,2023:Q1:pre_third:exact,2023-06-28,pre_third,2023:Q1,S,M,0.028307573466531077,1.734723475976807e-18,0.04822983208061852,4.071106756226383,True,1,0.02
revision_dfm_kalman_em,exact,2023:Q1:pre_third:exact,2023-06-28,pre_third,2023:Q1,S,S,0.057215061602267275,1.734723475976807e-18,0.04822983208061852,4.071106756226383,True,1,0.02
revision_dfm_kalman_em,exact,2023:Q1:pre_third:exact,2023-06-28,pre_third,2023:Q1,S,T,0.027970432857783233,1.734723475976807e-18,0.04822983208061852,4.071106756226383,True,1,0.02
revision_dfm_kalman_em,exact,2023:Q1:pre_third:exact,2023-06-28,pre_third,2023:Q1,T,A,0.009284796733802631,1.734723475976807e-18,0.04822983208061852,4.071106756226383,True,1,0.02
revision_dfm_kalman_em,exact,2023:Q1:pre_third:exact,2023-06-28,pre_third,2023:Q1,T,M,0.028953887390624315,1.734723475976807e-18,0.04822983208061852,4.071106756226383,True,1,0.02
revision_dfm_kalman_em,exact,2023:Q1:pre_third:exact,2023-06-28,pre_third,2023:Q1,T,S,0.027970432857783233,1.734723475976807e-18,0.04822983208061852,4.071106756226383,True,1,0.02
revision_dfm_kalman_em,exact,2023:Q1:pre_third:exact,2023-06-28,pre_third,2023:Q1,T,T,0.14063767437989624,1.734723475976807e-18,0.04822983208061852,4.071106756226383,True,1,0.02
indicator_revision_only_dfm_kalman_em,pseudo,2023:Q1:pre_third:pseudo,2023-06-30,pre_third,2023:Q1,A,A,0.40974539947851,0.0,0.027275309739529043,4.070962739110697,True,1,0.02
indicator_revision_only_dfm_kalman_em,pseudo,2023:Q1:pre_third:pseudo,2023-06-30,pre_third,2023:Q1,A,M,0.014474604491454272,0.0,0.027275309739529043,4.070962739110697,True,1,0.02
indicator_revision_only_dfm_kalman_em,pseudo,2023:Q1:pre_third:pseudo,2023-06-30,pre_third,2023:Q1,A,S,0.014474604491454272,0.0,0.027275309739529043,4.070962739110697,True,1,0.02
indicator_revision_only_dfm_kalman_em,pseudo,2023:Q1:pre_third:pseudo,2023-06-30,pre_third,2023:Q1,A,T,0.014474604491454272,0.0,0.027275309739529043,4.070962739110697,True,1,0.02
indicator_revision_only_dfm_kalman_em,pseudo,2023:Q1:pre_third:pseudo,2023-06-30,pre_third,2023:Q1,M,A,0.014474604491454272,0.0,0.027275309739529043,4.070962739110697,True,1,0.02
indicator_revision_only_dfm_kalman_em,pseudo,2023:Q1:pre_third:pseudo,2023-06-30,pre_third,2023:Q1,M,M,4.070799122480658,0.0,0.027275309739529043,4.070962739110697,True,1,0.02
indicator_revision_only_dfm_kalman_em,pseudo,2023:Q1:pre_third:pseudo,2023-06-30,pre_third,2023:Q1,M,S,0.014474604491454272,0.0,0.027275309739529043,4.070962739110697,True,1,0.02
indicator_revision_only_dfm_kalman_em,pseudo,2023:Q1:pre_third:pseudo,2023-06-30,pre_third,2023:Q1,M,T,0.014474604491454272,0.0,0.027275309739529043,4.070962739110697,True,1,0.02
indicator_revision_only_dfm_kalman_em,pseudo,2023:Q1:pre_third:pseudo,2023-06-30,pre_third,2023:Q1,S,A,0.014474604491454272,0.0,0.027275309739529043,4.070962739110697,True,1,0.02
indicator_revision_only_dfm_kalman_em,pseudo,2023:Q1:pre_third:pseudo,2023-06-30,pre_third,2023:Q1,S,M,0.014474604491454272,0.0,0.027275309739529043,4.070962739110697,True,1,0.02
indicator_revision_only_dfm_kalman_em,pseudo,2023:Q1:pre_third:pseudo,2023-06-30,pre_third,2023:Q1,S,S,0.02955755601945183,0.0,0.027275309739529043,4.070962739110697,True,1,0.02
indicator_revision_only_dfm_kalman_em,pseudo,2023:Q1:pre_third:pseudo,2023-06-30,pre_third,2023:Q1,S,T,0.014474604491454272,0.0,0.027275309739529043,4.070962739110697,True,1,0.02
indicator_revision_only_dfm_kalman_em,pseudo,2023:Q1:pre_third:pseudo,2023-06-30,pre_third,2023:Q1,T,A,0.014474604491454272,0.0,0.027275309739529043,4.070962739110697,True,1,0.02
indicator_revision_only_dfm_kalman_em,pseudo,2023:Q1:pre_third:pseudo,2023-06-30,pre_third,2023:Q1,T,M,0.014474604491454272,0.0,0.027275309739529043,4.070962739110697,True,1,0.02
indicator_revision_only_dfm_kalman_em,pseudo,2023:Q1:pre_third:pseudo,2023-06-30,pre_third,2023:Q1,T,S,0.014474604491454272,0.0,0.027275309739529043,4.070962739110697,True,1,0.02
indicator_revision_only_dfm_kalman_em,pseudo,2023:Q1:pre_third:pseudo,2023-06-30,pre_third,2023:Q1,T,T,0.14208655287454117,0.0,0.027275309739529043,4.070962739110697,True,1,0.02
joint_indicator_revision_dfm_full_kalman_em,pseudo,2023:Q1:pre_third:pseudo,2023-06-30,pre_third,2023:Q1,A,A,0.237218484176474,1.734723475976807e-18,0.03313337936475463,4.082950939931998,True,1,0.02
joint_indicator_revision_dfm_full_kalman_em,pseudo,2023:Q1:pre_third:pseudo,2023-06-30,pre_third,2023:Q1,A,M,0.007013806613802698,1.734723475976807e-18,0.03313337936475463,4.082950939931998,True,1,0.02
joint_indicator_revision_dfm_full_kalman_em,pseudo,2023:Q1:pre_third:pseudo,2023-06-30,pre_third,2023:Q1,A,S,0.009903678266278821,1.734723475976807e-18,0.03313337936475463,4.082950939931998,True,1,0.02
joint_indicator_revision_dfm_full_kalman_em,pseudo,2023:Q1:pre_third:pseudo,2023-06-30,pre_third,2023:Q1,A,T,0.008169755274793147,1.734723475976807e-18,0.03313337936475463,4.082950939931998,True,1,0.02
joint_indicator_revision_dfm_full_kalman_em,pseudo,2023:Q1:pre_third:pseudo,2023-06-30,pre_third,2023:Q1,M,A,0.007013806613802698,1.734723475976807e-18,0.03313337936475463,4.082950939931998,True,1,0.02
joint_indicator_revision_dfm_full_kalman_em,pseudo,2023:Q1:pre_third:pseudo,2023-06-30,pre_third,2023:Q1,M,M,4.0827675693128205,1.734723475976807e-18,0.03313337936475463,4.082950939931998,True,1,0.02
joint_indicator_revision_dfm_full_kalman_em,pseudo,2023:Q1:pre_third:pseudo,2023-06-30,pre_third,2023:Q1,M,S,0.018218797571394014,1.734723475976807e-18,0.03313337936475463,4.082950939931998,True,1,0.02
joint_indicator_revision_dfm_full_kalman_em,pseudo,2023:Q1:pre_third:pseudo,2023-06-30,pre_third,2023:Q1,M,T,0.018572639391107423,1.734723475976807e-18,0.03313337936475463,4.082950939931998,True,1,0.02
joint_indicator_revision_dfm_full_kalman_em,pseudo,2023:Q1:pre_third:pseudo,2023-06-30,pre_third,2023:Q1,S,A,0.009903678266278821,1.734723475976807e-18,0.03313337936475463,4.082950939931998,True,1,0.02
joint_indicator_revision_dfm_full_kalman_em,pseudo,2023:Q1:pre_third:pseudo,2023-06-30,pre_third,2023:Q1,S,M,0.018218797571394014,1.734723475976807e-18,0.03313337936475463,4.082950939931998,True,1,0.02
joint_indicator_revision_dfm_full_kalman_em,pseudo,2023:Q1:pre_third:pseudo,2023-06-30,pre_third,2023:Q1,S,S,0.03660771400930353,1.734723475976807e-18,0.03313337936475463,4.082950939931998,True,1,0.02
joint_indicator_revision_dfm_full_kalman_em,pseudo,2023:Q1:pre_third:pseudo,2023-06-30,pre_third,2023:Q1,S,T,0.018052495185291707,1.734723475976807e-18,0.03313337936475463,4.082950939931998,True,1,0.02
joint_indicator_revision_dfm_full_kalman_em,pseudo,2023:Q1:pre_third:pseudo,2023-06-30,pre_third,2023:Q1,T,A,0.008169755274793146,1.734723475976807e-18,0.03313337936475463,4.082950939931998,True,1,0.02
joint_indicator_revision_dfm_full_kalman_em,pseudo,2023:Q1:pre_third:pseudo,2023-06-30,pre_third,2023:Q1,T,M,0.018572639391107423,1.734723475976807e-18,0.03313337936475463,4.082950939931998,True,1,0.02
joint_indicator_revision_dfm_full_kalman_em,pseudo,2023:Q1:pre_third:pseudo,2023-06-30,pre_third,2023:Q1,T,S,0.018052495185291707,1.734723475976807e-18,0.03313337936475463,4.082950939931998,True,1,0.02
joint_indicator_revision_dfm_full_kalman_em,pseudo,2023:Q1:pre_third:pseudo,2023-06-30,pre_third,2023:Q1,T,T,0.13951610089788247,1.734723475976807e-18,0.03313337936475463,4.082950939931998,True,1,0.02
monthly_mixed_frequency_kalman_em,pseudo,2023:Q1:pre_third:pseudo,2023-06-30,pre_third,2023:Q1,A,A,0.3093242626084358,0.0,0.057355590657234515,4.26724206717318,True,1,0.02
monthly_mixed_frequency_kalman_em,pseudo,2023:Q1:pre_third:pseudo,2023-06-30,pre_third,2023:Q1,A,M,-0.03927951539640482,0.0,0.057355590657234515,4.26724206717318,True,1,0.02
monthly_mixed_frequency_kalman_em,pseudo,2023:Q1:pre_third:pseudo,2023-06-30,pre_third,2023:Q1,A,S,0.030201288833875083,0.0,0.057355590657234515,4.26724206717318,True,1,0.02
monthly_mixed_frequency_kalman_em,pseudo,2023:Q1:pre_third:pseudo,2023-06-30,pre_third,2023:Q1,A,T,-0.007697331655368491,0.0,0.057355590657234515,4.26724206717318,True,1,0.02
monthly_mixed_frequency_kalman_em,pseudo,2023:Q1:pre_third:pseudo,2023-06-30,pre_third,2023:Q1,M,A,-0.03927951539640482,0.0,0.057355590657234515,4.26724206717318,True,1,0.02
monthly_mixed_frequency_kalman_em,pseudo,2023:Q1:pre_third:pseudo,2023-06-30,pre_third,2023:Q1,M,M,4.262058590663412,0.0,0.057355590657234515,4.26724206717318,True,1,0.02
monthly_mixed_frequency_kalman_em,pseudo,2023:Q1:pre_third:pseudo,2023-06-30,pre_third,2023:Q1,M,S,0.06020558571011993,0.0,0.057355590657234515,4.26724206717318,True,1,0.02
monthly_mixed_frequency_kalman_em,pseudo,2023:Q1:pre_third:pseudo,2023-06-30,pre_third,2023:Q1,M,T,0.1265289864478031,0.0,0.057355590657234515,4.26724206717318,True,1,0.02
monthly_mixed_frequency_kalman_em,pseudo,2023:Q1:pre_third:pseudo,2023-06-30,pre_third,2023:Q1,S,A,0.030201288833875083,0.0,0.057355590657234515,4.26724206717318,True,1,0.02
monthly_mixed_frequency_kalman_em,pseudo,2023:Q1:pre_third:pseudo,2023-06-30,pre_third,2023:Q1,S,M,0.06020558571011993,0.0,0.057355590657234515,4.26724206717318,True,1,0.02
monthly_mixed_frequency_kalman_em,pseudo,2023:Q1:pre_third:pseudo,2023-06-30,pre_third,2023:Q1,S,S,0.09477644137729034,0.0,0.057355590657234515,4.26724206717318,True,1,0.02
monthly_mixed_frequency_kalman_em,pseudo,2023:Q1:pre_third:pseudo,2023-06-30,pre_third,2023:Q1,S,T,0.05270451149105873,0.0,0.057355590657234515,4.26724206717318,True,1,0.02
monthly_mixed_frequency_kalman_em,pseudo,2023:Q1:pre_third:pseudo,2023-06-30,pre_third,2023:Q1,T,A,-0.007697331655368491,0.0,0.057355590657234515,4.26724206717318,True,1,0.02
monthly_mixed_frequency_kalman_em,pseudo,2023:Q1:pre_third:pseudo,2023-06-30,pre_third,2023:Q1,T,M,0.1265289864478031,0.0,0.057355590657234515,4.26724206717318,True,1,0.02
monthly_mixed_frequency_kalman_em,pseudo,2023:Q1:pre_third:pseudo,2023-06-30,pre_third,2023:Q1,T,S,0.05270451149105873,0.0,0.057355590657234515,4.26724206717318,True,1,0.02
monthly_mixed_frequency_kalman_em,pseudo,2023:Q1:pre_third:pseudo,2023-06-30,pre_third,2023:Q1,T,T,0.14279587010236708,0.0,0.057355590657234515,4.26724206717318,True,1,0.02
revision_dfm_kalman_em,pseudo,2023:Q1:pre_third:pseudo,2023-06-30,pre_third,2023:Q1,A,A,0.22433283615348662,3.469446951953614e-18,0.048229834360047644,4.071105889156923,True,1,0.02
revision_dfm_kalman_em,pseudo,2023:Q1:pre_third:pseudo,2023-06-30,pre_third,2023:Q1,A,M,0.007841453999181115,3.469446951953614e-18,0.048229834360047644,4.071105889156923,True,1,0.02
revision_dfm_kalman_em,pseudo,2023:Q1:pre_third:pseudo,2023-06-30,pre_third,2023:Q1,A,S,0.011451051769745972,3.469446951953614e-18,0.048229834360047644,4.071105889156923,True,1,0.02
revision_dfm_kalman_em,pseudo,2023:Q1:pre_third:pseudo,2023-06-30,pre_third,2023:Q1,A,T,0.009285293107407057,3.469446951953614e-18,0.048229834360047644,4.071105889156923,True,1,0.02
revision_dfm_kalman_em,pseudo,2023:Q1:pre_third:pseudo,2023-06-30,pre_third,2023:Q1,M,A,0.007841453999181115,3.469446951953614e-18,0.048229834360047644,4.071105889156923,True,1,0.02
revision_dfm_kalman_em,pseudo,2023:Q1:pre_third:pseudo,2023-06-30,pre_third,2023:Q1,M,M,4.0706734345396995,3.469446951953614e-18,0.048229834360047644,4.071105889156923,True,1,0.02
revision_dfm_kalman_em,pseudo,2023:Q1:pre_third:pseudo,2023-06-30,pre_third,2023:Q1,M,S,0.028307544923578846,3.469446951953614e-18,0.048229834360047644,4.071105889156923,True,1,0.02
revision_dfm_kalman_em,pseudo,2023:Q1:pre_third:pseudo,2023-06-30,pre_third,2023:Q1,M,T,0.02895384253171772,3.469446951953614e-18,0.048229834360047644,4.071105889156923,True,1,0.02
revision_dfm_kalman_em,pseudo,2023:Q1:pre_third:pseudo,2023-06-30,pre_third,2023:Q1,S,A,0.011451051769745974,3.469446951953614e-18,0.048229834360047644,4.071105889156923,True,1,0.02
revision_dfm_kalman_em,pseudo,2023:Q1:pre_third:pseudo,2023-06-30,pre_third,2023:Q1,S,M,0.028307544923578846,3.469446951953614e-18,0.048229834360047644,4.071105889156923,True,1,0.02
revision_dfm_kalman_em,pseudo,2023:Q1:pre_third:pseudo,2023-06-30,pre_third,2023:Q1,S,S,0.05721506245679467,3.469446951953614e-18,0.048229834360047644,4.071105889156923,True,1,0.02
revision_dfm_kalman_em,pseudo,2023:Q1:pre_third:pseudo,2023-06-30,pre_third,2023:Q1,S,T,0.02797041506050219,3.469446951953614e-18,0.048229834360047644,4.071105889156923,True,1,0.02
revision_dfm_kalman_em,pseudo,2023:Q1:pre_third:pseudo,2023-06-30,pre_third,2023:Q1,T,A,0.009285293107407057,3.469446951953614e-18,0.048229834360047644,4.071105889156923,True,1,0.02
revision_dfm_kalman_em,pseudo,2023:Q1:pre_third:pseudo,2023-06-30,pre_third,2023:Q1,T,M,0.02895384253171772,3.469446951953614e-18,0.048229834360047644,4.071105889156923,True,1,0.02
revision_dfm_kalman_em,pseudo,2023:Q1:pre_third:pseudo,2023-06-30,pre_third,2023:Q1,T,S,0.027970415060502185,3.469446951953614e-18,0.048229834360047644,4.071105889156923,True,1,0.02
revision_dfm_kalman_em,pseudo,2023:Q1:pre_third:pseudo,2023-06-30,pre_third,2023:Q1,T,T,0.14063777259412474,3.469446951953614e-18,0.048229834360047644,4.071105889156923,True,1,0.02
indicator_revision_only_dfm_kalman_em,exact,2023:Q2:pre_advance:exact,2023-07-26,pre_advance,2023:Q2,A,A,4.276804598231197,0.0,0.06694053666527264,16.897838165874784,True,1,0.02
indicator_revision_only_dfm_kalman_em,exact,2023:Q2:pre_advance:exact,2023-07-26,pre_advance,2023:Q2,A,M,3.882181086437433,0.0,0.06694053666527264,16.897838165874784,True,1,0.02
indicator_revision_only_dfm_kalman_em,exact,2023:Q2:pre_advance:exact,2023-07-26,pre_advance,2023:Q2,A,S,3.882181086437433,0.0,0.06694053666527264,16.897838165874784,True,1,0.02
indicator_revision_only_dfm_kalman_em,exact,2023:Q2:pre_advance:exact,2023-07-26,pre_advance,2023:Q2,A,T,3.882181086437433,0.0,0.06694053666527264,16.897838165874784,True,1,0.02
indicator_revision_only_dfm_kalman_em,exact,2023:Q2:pre_advance:exact,2023-07-26,pre_advance,2023:Q2,M,A,3.882181086437433,0.0,0.06694053666527264,16.897838165874784,True,1,0.02
indicator_revision_only_dfm_kalman_em,exact,2023:Q2:pre_advance:exact,2023-07-26,pre_advance,2023:Q2,M,M,7.9798753391201735,0.0,0.06694053666527264,16.897838165874784,True,1,0.02
indicator_revision_only_dfm_kalman_em,exact,2023:Q2:pre_advance:exact,2023-07-26,pre_advance,2023:Q2,M,S,3.882181086437433,0.0,0.06694053666527264,16.897838165874784,True,1,0.02
indicator_revision_only_dfm_kalman_em,exact,2023:Q2:pre_advance:exact,2023-07-26,pre_advance,2023:Q2,M,T,3.882181086437433,0.0,0.06694053666527264,16.897838165874784,True,1,0.02
indicator_revision_only_dfm_kalman_em,exact,2023:Q2:pre_advance:exact,2023-07-26,pre_advance,2023:Q2,S,A,3.882181086437433,0.0,0.06694053666527264,16.897838165874784,True,1,0.02
indicator_revision_only_dfm_kalman_em,exact,2023:Q2:pre_advance:exact,2023-07-26,pre_advance,2023:Q2,S,M,3.882181086437433,0.0,0.06694053666527264,16.897838165874784,True,1,0.02
indicator_revision_only_dfm_kalman_em,exact,2023:Q2:pre_advance:exact,2023-07-26,pre_advance,2023:Q2,S,S,3.8989967303520627,0.0,0.06694053666527264,16.897838165874784,True,1,0.02
indicator_revision_only_dfm_kalman_em,exact,2023:Q2:pre_advance:exact,2023-07-26,pre_advance,2023:Q2,S,T,3.882181086437433,0.0,0.06694053666527264,16.897838165874784,True,1,0.02
indicator_revision_only_dfm_kalman_em,exact,2023:Q2:pre_advance:exact,2023-07-26,pre_advance,2023:Q2,T,A,3.882181086437433,0.0,0.06694053666527264,16.897838165874784,True,1,0.02
indicator_revision_only_dfm_kalman_em,exact,2023:Q2:pre_advance:exact,2023-07-26,pre_advance,2023:Q2,T,M,3.882181086437433,0.0,0.06694053666527264,16.897838165874784,True,1,0.02
indicator_revision_only_dfm_kalman_em,exact,2023:Q2:pre_advance:exact,2023-07-26,pre_advance,2023:Q2,T,S,3.882181086437433,0.0,0.06694053666527264,16.897838165874784,True,1,0.02
indicator_revision_only_dfm_kalman_em,exact,2023:Q2:pre_advance:exact,2023-07-26,pre_advance,2023:Q2,T,T,4.010124172358629,0.0,0.06694053666527264,16.897838165874784,True,1,0.02
joint_indicator_revision_dfm_full_kalman_em,exact,2023:Q2:pre_advance:exact,2023-07-26,pre_advance,2023:Q2,A,A,3.132865914045718,4.440892098500626e-16,0.06466262351008513,16.30075784638614,True,1,0.02
joint_indicator_revision_dfm_full_kalman_em,exact,2023:Q2:pre_advance:exact,2023-07-26,pre_advance,2023:Q2,A,M,3.3937248368460597,4.440892098500626e-16,0.06466262351008513,16.30075784638614,True,1,0.02
joint_indicator_revision_dfm_full_kalman_em,exact,2023:Q2:pre_advance:exact,2023-07-26,pre_advance,2023:Q2,A,S,3.37369477397893,4.440892098500626e-16,0.06466262351008513,16.30075784638614,True,1,0.02
joint_indicator_revision_dfm_full_kalman_em,exact,2023:Q2:pre_advance:exact,2023-07-26,pre_advance,2023:Q2,A,T,3.3857128116992077,4.440892098500626e-16,0.06466262351008513,16.30075784638614,True,1,0.02
joint_indicator_revision_dfm_full_kalman_em,exact,2023:Q2:pre_advance:exact,2023-07-26,pre_advance,2023:Q2,M,A,3.3937248368460597,4.440892098500626e-16,0.06466262351008513,16.30075784638614,True,1,0.02
joint_indicator_revision_dfm_full_kalman_em,exact,2023:Q2:pre_advance:exact,2023-07-26,pre_advance,2023:Q2,M,M,8.131918050161607,4.440892098500626e-16,0.06466262351008513,16.30075784638614,True,1,0.02
joint_indicator_revision_dfm_full_kalman_em,exact,2023:Q2:pre_advance:exact,2023-07-26,pre_advance,2023:Q2,M,S,3.9974675998285694,4.440892098500626e-16,0.06466262351008513,16.30075784638614,True,1,0.02
joint_indicator_revision_dfm_full_kalman_em,exact,2023:Q2:pre_advance:exact,2023-07-26,pre_advance,2023:Q2,M,T,4.016533160764859,4.440892098500626e-16,0.06466262351008513,16.30075784638614,True,1,0.02
joint_indicator_revision_dfm_full_kalman_em,exact,2023:Q2:pre_advance:exact,2023-07-26,pre_advance,2023:Q2,S,A,3.3736947739789303,4.440892098500626e-16,0.06466262351008513,16.30075784638614,True,1,0.02
joint_indicator_revision_dfm_full_kalman_em,exact,2023:Q2:pre_advance:exact,2023-07-26,pre_advance,2023:Q2,S,M,3.9974675998285694,4.440892098500626e-16,0.06466262351008513,16.30075784638614,True,1,0.02
joint_indicator_revision_dfm_full_kalman_em,exact,2023:Q2:pre_advance:exact,2023-07-26,pre_advance,2023:Q2,S,S,3.986522531601456,4.440892098500626e-16,0.06466262351008513,16.30075784638614,True,1,0.02
joint_indicator_revision_dfm_full_kalman_em,exact,2023:Q2:pre_advance:exact,2023-07-26,pre_advance,2023:Q2,S,T,3.984992143311577,4.440892098500626e-16,0.06466262351008513,16.30075784638614,True,1,0.02
joint_indicator_revision_dfm_full_kalman_em,exact,2023:Q2:pre_advance:exact,2023-07-26,pre_advance,2023:Q2,T,A,3.385712811699208,4.440892098500626e-16,0.06466262351008513,16.30075784638614,True,1,0.02
joint_indicator_revision_dfm_full_kalman_em,exact,2023:Q2:pre_advance:exact,2023-07-26,pre_advance,2023:Q2,T,M,4.016533160764859,4.440892098500626e-16,0.06466262351008513,16.30075784638614,True,1,0.02
joint_indicator_revision_dfm_full_kalman_em,exact,2023:Q2:pre_advance:exact,2023-07-26,pre_advance,2023:Q2,T,S,3.984992143311577,4.440892098500626e-16,0.06466262351008513,16.30075784638614,True,1,0.02
joint_indicator_revision_dfm_full_kalman_em,exact,2023:Q2:pre_advance:exact,2023-07-26,pre_advance,2023:Q2,T,T,4.125382455458343,4.440892098500626e-16,0.06466262351008513,16.30075784638614,True,1,0.02
monthly_mixed_frequency_kalman_em,exact,2023:Q2:pre_advance:exact,2023-07-26,pre_advance,2023:Q2,A,A,4.372574229196063,0.0,0.06116997024326004,18.14248827865256,True,1,0.02
monthly_mixed_frequency_kalman_em,exact,2023:Q2:pre_advance:exact,2023-07-26,pre_advance,2023:Q2,A,M,4.060164082099548,0.0,0.06116997024326004,18.14248827865256,True,1,0.02
monthly_mixed_frequency_kalman_em,exact,2023:Q2:pre_advance:exact,2023-07-26,pre_advance,2023:Q2,A,S,4.111074187917682,0.0,0.06116997024326004,18.14248827865256,True,1,0.02
monthly_mixed_frequency_kalman_em,exact,2023:Q2:pre_advance:exact,2023-07-26,pre_advance,2023:Q2,A,T,4.083305039289609,0.0,0.06116997024326004,18.14248827865256,True,1,0.02
monthly_mixed_frequency_kalman_em,exact,2023:Q2:pre_advance:exact,2023-07-26,pre_advance,2023:Q2,M,A,4.060164082099548,0.0,0.06116997024326004,18.14248827865256,True,1,0.02
monthly_mixed_frequency_kalman_em,exact,2023:Q2:pre_advance:exact,2023-07-26,pre_advance,2023:Q2,M,M,8.556820198805243,0.0,0.06116997024326004,18.14248827865256,True,1,0.02
monthly_mixed_frequency_kalman_em,exact,2023:Q2:pre_advance:exact,2023-07-26,pre_advance,2023:Q2,M,S,4.236341650908137,0.0,0.06116997024326004,18.14248827865256,True,1,0.02
monthly_mixed_frequency_kalman_em,exact,2023:Q2:pre_advance:exact,2023-07-26,pre_advance,2023:Q2,M,T,4.353793363447196,0.0,0.06116997024326004,18.14248827865256,True,1,0.02
monthly_mixed_frequency_kalman_em,exact,2023:Q2:pre_advance:exact,2023-07-26,pre_advance,2023:Q2,S,A,4.111074187917682,0.0,0.06116997024326004,18.14248827865256,True,1,0.02
monthly_mixed_frequency_kalman_em,exact,2023:Q2:pre_advance:exact,2023-07-26,pre_advance,2023:Q2,S,M,4.236341650908137,0.0,0.06116997024326004,18.14248827865256,True,1,0.02
monthly_mixed_frequency_kalman_em,exact,2023:Q2:pre_advance:exact,2023-07-26,pre_advance,2023:Q2,S,S,4.218771640812273,0.0,0.06116997024326004,18.14248827865256,True,1,0.02
monthly_mixed_frequency_kalman_em,exact,2023:Q2:pre_advance:exact,2023-07-26,pre_advance,2023:Q2,S,T,4.205024785160523,0.0,0.06116997024326004,18.14248827865256,True,1,0.02
monthly_mixed_frequency_kalman_em,exact,2023:Q2:pre_advance:exact,2023-07-26,pre_advance,2023:Q2,T,A,4.083305039289609,0.0,0.06116997024326004,18.14248827865256,True,1,0.02
monthly_mixed_frequency_kalman_em,exact,2023:Q2:pre_advance:exact,2023-07-26,pre_advance,2023:Q2,T,M,4.353793363447196,0.0,0.06116997024326004,18.14248827865256,True,1,0.02
monthly_mixed_frequency_kalman_em,exact,2023:Q2:pre_advance:exact,2023-07-26,pre_advance,2023:Q2,T,S,4.205024785160523,0.0,0.06116997024326004,18.14248827865256,True,1,0.02
monthly_mixed_frequency_kalman_em,exact,2023:Q2:pre_advance:exact,2023-07-26,pre_advance,2023:Q2,T,T,4.337008136027705,0.0,0.06116997024326004,18.14248827865256,True,1,0.02
revision_dfm_kalman_em,exact,2023:Q2:pre_advance:exact,2023-07-26,pre_advance,2023:Q2,A,A,2.977957633484272,0.0,0.06643792763461397,14.90253735516274,True,1,0.02
revision_dfm_kalman_em,exact,2023:Q2:pre_advance:exact,2023-07-26,pre_advance,2023:Q2,A,M,3.1018418983476916,0.0,0.06643792763461397,14.90253735516274,True,1,0.02
revision_dfm_kalman_em,exact,2023:Q2:pre_advance:exact,2023-07-26,pre_advance,2023:Q2,A,S,3.0883329209725954,0.0,0.06643792763461397,14.90253735516274,True,1,0.02
revision_dfm_kalman_em,exact,2023:Q2:pre_advance:exact,2023-07-26,pre_advance,2023:Q2,A,T,3.096438307397653,0.0,0.06643792763461397,14.90253735516274,True,1,0.02
revision_dfm_kalman_em,exact,2023:Q2:pre_advance:exact,2023-07-26,pre_advance,2023:Q2,M,A,3.1018418983476916,0.0,0.06643792763461397,14.90253735516274,True,1,0.02
revision_dfm_kalman_em,exact,2023:Q2:pre_advance:exact,2023-07-26,pre_advance,2023:Q2,M,M,7.70791501301853,0.0,0.06643792763461397,14.90253735516274,True,1,0.02
revision_dfm_kalman_em,exact,2023:Q2:pre_advance:exact,2023-07-26,pre_advance,2023:Q2,M,S,3.5898945933337822,0.0,0.06643792763461397,14.90253735516274,True,1,0.02
revision_dfm_kalman_em,exact,2023:Q2:pre_advance:exact,2023-07-26,pre_advance,2023:Q2,M,T,3.6053067837017645,0.0,0.06643792763461397,14.90253735516274,True,1,0.02
revision_dfm_kalman_em,exact,2023:Q2:pre_advance:exact,2023-07-26,pre_advance,2023:Q2,S,A,3.0883329209725954,0.0,0.06643792763461397,14.90253735516274,True,1,0.02
revision_dfm_kalman_em,exact,2023:Q2:pre_advance:exact,2023-07-26,pre_advance,2023:Q2,S,M,3.5898945933337822,0.0,0.06643792763461397,14.90253735516274,True,1,0.02
revision_dfm_kalman_em,exact,2023:Q2:pre_advance:exact,2023-07-26,pre_advance,2023:Q2,S,S,3.5896813441538273,0.0,0.06643792763461397,14.90253735516274,True,1,0.02
revision_dfm_kalman_em,exact,2023:Q2:pre_advance:exact,2023-07-26,pre_advance,2023:Q2,S,T,3.579863359886559,0.0,0.06643792763461397,14.90253735516274,True,1,0.02
revision_dfm_kalman_em,exact,2023:Q2:pre_advance:exact,2023-07-26,pre_advance,2023:Q2,T,A,3.096438307397653,0.0,0.06643792763461397,14.90253735516274,True,1,0.02
revision_dfm_kalman_em,exact,2023:Q2:pre_advance:exact,2023-07-26,pre_advance,2023:Q2,T,M,3.6053067837017645,0.0,0.06643792763461397,14.90253735516274,True,1,0.02
revision_dfm_kalman_em,exact,2023:Q2:pre_advance:exact,2023-07-26,pre_advance,2023:Q2,T,S,3.579863359886559,0.0,0.06643792763461397,14.90253735516274,True,1,0.02
revision_dfm_kalman_em,exact,2023:Q2:pre_advance:exact,2023-07-26,pre_advance,2023:Q2,T,T,3.712931761041642,0.0,0.06643792763461397,14.90253735516274,True,1,0.02
indicator_revision_only_dfm_kalman_em,pseudo,2023:Q2:pre_advance:pseudo,2023-07-31,pre_advance,2023:Q2,A,A,4.251984620474181,0.0,0.06709202464862073,16.800632330744637,True,1,0.02
indicator_revision_only_dfm_kalman_em,pseudo,2023:Q2:pre_advance:pseudo,2023-07-31,pre_advance,2023:Q2,A,M,3.8576127935490927,0.0,0.06709202464862073,16.800632330744637,True,1,0.02
indicator_revision_only_dfm_kalman_em,pseudo,2023:Q2:pre_advance:pseudo,2023-07-31,pre_advance,2023:Q2,A,S,3.8576127935490927,0.0,0.06709202464862073,16.800632330744637,True,1,0.02
indicator_revision_only_dfm_kalman_em,pseudo,2023:Q2:pre_advance:pseudo,2023-07-31,pre_advance,2023:Q2,A,T,3.8576127935490927,0.0,0.06709202464862073,16.800632330744637,True,1,0.02
indicator_revision_only_dfm_kalman_em,pseudo,2023:Q2:pre_advance:pseudo,2023-07-31,pre_advance,2023:Q2,M,A,3.8576127935490927,0.0,0.06709202464862073,16.800632330744637,True,1,0.02
indicator_revision_only_dfm_kalman_em,pseudo,2023:Q2:pre_advance:pseudo,2023-07-31,pre_advance,2023:Q2,M,M,7.954245361239761,0.0,0.06709202464862073,16.800632330744637,True,1,0.02
indicator_revision_only_dfm_kalman_em,pseudo,2023:Q2:pre_advance:pseudo,2023-07-31,pre_advance,2023:Q2,M,S,3.8576127935490927,0.0,0.06709202464862073,16.800632330744637,True,1,0.02
indicator_revision_only_dfm_kalman_em,pseudo,2023:Q2:pre_advance:pseudo,2023-07-31,pre_advance,2023:Q2,M,T,3.8576127935490927,0.0,0.06709202464862073,16.800632330744637,True,1,0.02
indicator_revision_only_dfm_kalman_em,pseudo,2023:Q2:pre_advance:pseudo,2023-07-31,pre_advance,2023:Q2,S,A,3.8576127935490927,0.0,0.06709202464862073,16.800632330744637,True,1,0.02
indicator_revision_only_dfm_kalman_em,pseudo,2023:Q2:pre_advance:pseudo,2023-07-31,pre_advance,2023:Q2,S,M,3.8576127935490927,0.0,0.06709202464862073,16.800632330744637,True,1,0.02
indicator_revision_only_dfm_kalman_em,pseudo,2023:Q2:pre_advance:pseudo,2023-07-31,pre_advance,2023:Q2,S,S,3.874985481070676,0.0,0.06709202464862073,16.800632330744637,True,1,0.02
indicator_revision_only_dfm_kalman_em,pseudo,2023:Q2:pre_advance:pseudo,2023-07-31,pre_advance,2023:Q2,S,T,3.8576127935490927,0.0,0.06709202464862073,16.800632330744637,True,1,0.02
indicator_revision_only_dfm_kalman_em,pseudo,2023:Q2:pre_advance:pseudo,2023-07-31,pre_advance,2023:Q2,T,A,3.8576127935490927,0.0,0.06709202464862073,16.800632330744637,True,1,0.02
indicator_revision_only_dfm_kalman_em,pseudo,2023:Q2:pre_advance:pseudo,2023-07-31,pre_advance,2023:Q2,T,M,3.8576127935490927,0.0,0.06709202464862073,16.800632330744637,True,1,0.02
indicator_revision_only_dfm_kalman_em,pseudo,2023:Q2:pre_advance:pseudo,2023-07-31,pre_advance,2023:Q2,T,S,3.8576127935490927,0.0,0.06709202464862073,16.800632330744637,True,1,0.02
indicator_revision_only_dfm_kalman_em,pseudo,2023:Q2:pre_advance:pseudo,2023-07-31,pre_advance,2023:Q2,T,T,3.9851277261647735,0.0,0.06709202464862073,16.800632330744637,True,1,0.02
joint_indicator_revision_dfm_full_kalman_em,pseudo,2023:Q2:pre_advance:pseudo,2023-07-31,pre_advance,2023:Q2,A,A,3.137199991670505,0.0,0.06472986295153789,16.297070500933394,True,1,0.02
joint_indicator_revision_dfm_full_kalman_em,pseudo,2023:Q2:pre_advance:pseudo,2023-07-31,pre_advance,2023:Q2,A,M,3.3947095635257254,0.0,0.06472986295153789,16.297070500933394,True,1,0.02
joint_indicator_revision_dfm_full_kalman_em,pseudo,2023:Q2:pre_advance:pseudo,2023-07-31,pre_advance,2023:Q2,A,S,3.374989701407995,0.0,0.06472986295153789,16.297070500933394,True,1,0.02
joint_indicator_revision_dfm_full_kalman_em,pseudo,2023:Q2:pre_advance:pseudo,2023-07-31,pre_advance,2023:Q2,A,T,3.386821618678633,0.0,0.06472986295153789,16.297070500933394,True,1,0.02
joint_indicator_revision_dfm_full_kalman_em,pseudo,2023:Q2:pre_advance:pseudo,2023-07-31,pre_advance,2023:Q2,M,A,3.3947095635257254,0.0,0.06472986295153789,16.297070500933394,True,1,0.02
joint_indicator_revision_dfm_full_kalman_em,pseudo,2023:Q2:pre_advance:pseudo,2023-07-31,pre_advance,2023:Q2,M,M,8.128944915917407,0.0,0.06472986295153789,16.297070500933394,True,1,0.02
joint_indicator_revision_dfm_full_kalman_em,pseudo,2023:Q2:pre_advance:pseudo,2023-07-31,pre_advance,2023:Q2,M,S,3.9952245578924876,0.0,0.06472986295153789,16.297070500933394,True,1,0.02
joint_indicator_revision_dfm_full_kalman_em,pseudo,2023:Q2:pre_advance:pseudo,2023-07-31,pre_advance,2023:Q2,M,T,4.014188189293543,0.0,0.06472986295153789,16.297070500933394,True,1,0.02
joint_indicator_revision_dfm_full_kalman_em,pseudo,2023:Q2:pre_advance:pseudo,2023-07-31,pre_advance,2023:Q2,S,A,3.374989701407995,0.0,0.06472986295153789,16.297070500933394,True,1,0.02
joint_indicator_revision_dfm_full_kalman_em,pseudo,2023:Q2:pre_advance:pseudo,2023-07-31,pre_advance,2023:Q2,S,M,3.9952245578924876,0.0,0.06472986295153789,16.297070500933394,True,1,0.02
joint_indicator_revision_dfm_full_kalman_em,pseudo,2023:Q2:pre_advance:pseudo,2023-07-31,pre_advance,2023:Q2,S,S,3.9847895687486443,0.0,0.06472986295153789,16.297070500933394,True,1,0.02
joint_indicator_revision_dfm_full_kalman_em,pseudo,2023:Q2:pre_advance:pseudo,2023-07-31,pre_advance,2023:Q2,S,T,3.982819860762798,0.0,0.06472986295153789,16.297070500933394,True,1,0.02
joint_indicator_revision_dfm_full_kalman_em,pseudo,2023:Q2:pre_advance:pseudo,2023-07-31,pre_advance,2023:Q2,T,A,3.386821618678633,0.0,0.06472986295153789,16.297070500933394,True,1,0.02
joint_indicator_revision_dfm_full_kalman_em,pseudo,2023:Q2:pre_advance:pseudo,2023-07-31,pre_advance,2023:Q2,T,M,4.014188189293543,0.0,0.06472986295153789,16.297070500933394,True,1,0.02
joint_indicator_revision_dfm_full_kalman_em,pseudo,2023:Q2:pre_advance:pseudo,2023-07-31,pre_advance,2023:Q2,T,S,3.982819860762798,0.0,0.06472986295153789,16.297070500933394,True,1,0.02
joint_indicator_revision_dfm_full_kalman_em,pseudo,2023:Q2:pre_advance:pseudo,2023-07-31,pre_advance,2023:Q2,T,T,4.122793344114835,0.0,0.06472986295153789,16.297070500933394,True,1,0.02
monthly_mixed_frequency_kalman_em,pseudo,2023:Q2:pre_advance:pseudo,2023-07-31,pre_advance,2023:Q2,A,A,4.371676752172048,0.0,0.06116953021674197,18.139589761575056,True,1,0.02
monthly_mixed_frequency_kalman_em,pseudo,2023:Q2:pre_advance:pseudo,2023-07-31,pre_advance,2023:Q2,A,M,4.059390608404542,0.0,0.06116953021674197,18.139589761575056,True,1,0.02
monthly_mixed_frequency_kalman_em,pseudo,2023:Q2:pre_advance:pseudo,2023-07-31,pre_advance,2023:Q2,A,S,4.110234323659143,0.0,0.06116953021674197,18.139589761575056,True,1,0.02
monthly_mixed_frequency_kalman_em,pseudo,2023:Q2:pre_advance:pseudo,2023-07-31,pre_advance,2023:Q2,A,T,4.082501388065724,0.0,0.06116953021674197,18.139589761575056,True,1,0.02
monthly_mixed_frequency_kalman_em,pseudo,2023:Q2:pre_advance:pseudo,2023-07-31,pre_advance,2023:Q2,M,A,4.059390608404542,0.0,0.06116953021674197,18.139589761575056,True,1,0.02
monthly_mixed_frequency_kalman_em,pseudo,2023:Q2:pre_advance:pseudo,2023-07-31,pre_advance,2023:Q2,M,M,8.556230152332208,0.0,0.06116953021674197,18.139589761575056,True,1,0.02
monthly_mixed_frequency_kalman_em,pseudo,2023:Q2:pre_advance:pseudo,2023-07-31,pre_advance,2023:Q2,M,S,4.235641734345355,0.0,0.06116953021674197,18.139589761575056,True,1,0.02
monthly_mixed_frequency_kalman_em,pseudo,2023:Q2:pre_advance:pseudo,2023-07-31,pre_advance,2023:Q2,M,T,4.353142484972565,0.0,0.06116953021674197,18.139589761575056,True,1,0.02
monthly_mixed_frequency_kalman_em,pseudo,2023:Q2:pre_advance:pseudo,2023-07-31,pre_advance,2023:Q2,S,A,4.110234323659143,0.0,0.06116953021674197,18.139589761575056,True,1,0.02
monthly_mixed_frequency_kalman_em,pseudo,2023:Q2:pre_advance:pseudo,2023-07-31,pre_advance,2023:Q2,S,M,4.235641734345355,0.0,0.06116953021674197,18.139589761575056,True,1,0.02
monthly_mixed_frequency_kalman_em,pseudo,2023:Q2:pre_advance:pseudo,2023-07-31,pre_advance,2023:Q2,S,S,4.217995789894103,0.0,0.06116953021674197,18.139589761575056,True,1,0.02
monthly_mixed_frequency_kalman_em,pseudo,2023:Q2:pre_advance:pseudo,2023-07-31,pre_advance,2023:Q2,S,T,4.204289881673803,0.0,0.06116953021674197,18.139589761575056,True,1,0.02
monthly_mixed_frequency_kalman_em,pseudo,2023:Q2:pre_advance:pseudo,2023-07-31,pre_advance,2023:Q2,T,A,4.082501388065724,0.0,0.06116953021674197,18.139589761575056,True,1,0.02
monthly_mixed_frequency_kalman_em,pseudo,2023:Q2:pre_advance:pseudo,2023-07-31,pre_advance,2023:Q2,T,M,4.353142484972565,0.0,0.06116953021674197,18.139589761575056,True,1,0.02
monthly_mixed_frequency_kalman_em,pseudo,2023:Q2:pre_advance:pseudo,2023-07-31,pre_advance,2023:Q2,T,S,4.204289881673803,0.0,0.06116953021674197,18.139589761575056,True,1,0.02
monthly_mixed_frequency_kalman_em,pseudo,2023:Q2:pre_advance:pseudo,2023-07-31,pre_advance,2023:Q2,T,T,4.336315677416302,0.0,0.06116953021674197,18.139589761575056,True,1,0.02
revision_dfm_kalman_em,pseudo,2023:Q2:pre_advance:pseudo,2023-07-31,pre_advance,2023:Q2,A,A,2.974091142709593,4.440892098500626e-16,0.06643772230058276,14.888852561634868,True,1,0.02
revision_dfm_kalman_em,pseudo,2023:Q2:pre_advance:pseudo,2023-07-31,pre_advance,2023:Q2,A,M,3.098168209448387,4.440892098500626e-16,0.06643772230058276,14.888852561634868,True,1,0.02
revision_dfm_kalman_em,pseudo,2023:Q2:pre_advance:pseudo,2023-07-31,pre_advance,2023:Q2,A,S,3.084651995975441,4.440892098500626e-16,0.06643772230058276,14.888852561634868,True,1,0.02
revision_dfm_kalman_em,pseudo,2023:Q2:pre_advance:pseudo,2023-07-31,pre_advance,2023:Q2,A,T,3.0927617240592085,4.440892098500626e-16,0.06643772230058276,14.888852561634868,True,1,0.02
revision_dfm_kalman_em,pseudo,2023:Q2:pre_advance:pseudo,2023-07-31,pre_advance,2023:Q2,M,A,3.098168209448387,4.440892098500626e-16,0.06643772230058276,14.888852561634868,True,1,0.02
revision_dfm_kalman_em,pseudo,2023:Q2:pre_advance:pseudo,2023-07-31,pre_advance,2023:Q2,M,M,7.7045026540911685,4.440892098500626e-16,0.06643772230058276,14.888852561634868,True,1,0.02
revision_dfm_kalman_em,pseudo,2023:Q2:pre_advance:pseudo,2023-07-31,pre_advance,2023:Q2,M,S,3.5864625285730596,4.440892098500626e-16,0.06643772230058276,14.888852561634868,True,1,0.02
revision_dfm_kalman_em,pseudo,2023:Q2:pre_advance:pseudo,2023-07-31,pre_advance,2023:Q2,M,T,3.6018823491769973,4.440892098500626e-16,0.06643772230058276,14.888852561634868,True,1,0.02
revision_dfm_kalman_em,pseudo,2023:Q2:pre_advance:pseudo,2023-07-31,pre_advance,2023:Q2,S,A,3.0846519959754404,4.440892098500626e-16,0.06643772230058276,14.888852561634868,True,1,0.02
revision_dfm_kalman_em,pseudo,2023:Q2:pre_advance:pseudo,2023-07-31,pre_advance,2023:Q2,S,M,3.5864625285730596,4.440892098500626e-16,0.06643772230058276,14.888852561634868,True,1,0.02
revision_dfm_kalman_em,pseudo,2023:Q2:pre_advance:pseudo,2023-07-31,pre_advance,2023:Q2,S,S,3.586241840496425,4.440892098500626e-16,0.06643772230058276,14.888852561634868,True,1,0.02
revision_dfm_kalman_em,pseudo,2023:Q2:pre_advance:pseudo,2023-07-31,pre_advance,2023:Q2,S,T,3.5764263179211073,4.440892098500626e-16,0.06643772230058276,14.888852561634868,True,1,0.02
revision_dfm_kalman_em,pseudo,2023:Q2:pre_advance:pseudo,2023-07-31,pre_advance,2023:Q2,T,A,3.0927617240592085,4.440892098500626e-16,0.06643772230058276,14.888852561634868,True,1,0.02
revision_dfm_kalman_em,pseudo,2023:Q2:pre_advance:pseudo,2023-07-31,pre_advance,2023:Q2,T,M,3.6018823491769973,4.440892098500626e-16,0.06643772230058276,14.888852561634868,True,1,0.02
revision_dfm_kalman_em,pseudo,2023:Q2:pre_advance:pseudo,2023-07-31,pre_advance,2023:Q2,T,S,3.5764263179211078,4.440892098500626e-16,0.06643772230058276,14.888852561634868,True,1,0.02
revision_dfm_kalman_em,pseudo,2023:Q2:pre_advance:pseudo,2023-07-31,pre_advance,2023:Q2,T,T,3.709494534002566,4.440892098500626e-16,0.06643772230058276,14.888852561634868,True,1,0.02
indicator_revision_only_dfm_kalman_em,exact,2023:Q2:pre_second:exact,2023-08-29,pre_second,2023:Q2,A,A,0.7516930216770791,0.0,0.06349181344100392,4.5698965711362325,True,1,0.02
indicator_revision_only_dfm_kalman_em,exact,2023:Q2:pre_second:exact,2023-08-29,pre_second,2023:Q2,A,M,0.3575170911076542,0.0,0.06349181344100392,4.5698965711362325,True,1,0.02
indicator_revision_only_dfm_kalman_em,exact,2023:Q2:pre_second:exact,2023-08-29,pre_second,2023:Q2,A,S,0.3575170911076542,0.0,0.06349181344100392,4.5698965711362325,True,1,0.02
indicator_revision_only_dfm_kalman_em,exact,2023:Q2:pre_second:exact,2023-08-29,pre_second,2023:Q2,A,T,0.3575170911076542,0.0,0.06349181344100392,4.5698965711362325,True,1,0.02
indicator_revision_only_dfm_kalman_em,exact,2023:Q2:pre_second:exact,2023-08-29,pre_second,2023:Q2,M,A,0.3575170911076542,0.0,0.06349181344100392,4.5698965711362325,True,1,0.02
indicator_revision_only_dfm_kalman_em,exact,2023:Q2:pre_second:exact,2023-08-29,pre_second,2023:Q2,M,M,4.454113883482607,0.0,0.06349181344100392,4.5698965711362325,True,1,0.02
indicator_revision_only_dfm_kalman_em,exact,2023:Q2:pre_second:exact,2023-08-29,pre_second,2023:Q2,M,S,0.3575170911076542,0.0,0.06349181344100392,4.5698965711362325,True,1,0.02
indicator_revision_only_dfm_kalman_em,exact,2023:Q2:pre_second:exact,2023-08-29,pre_second,2023:Q2,M,T,0.3575170911076542,0.0,0.06349181344100392,4.5698965711362325,True,1,0.02
indicator_revision_only_dfm_kalman_em,exact,2023:Q2:pre_second:exact,2023-08-29,pre_second,2023:Q2,S,A,0.3575170911076542,0.0,0.06349181344100392,4.5698965711362325,True,1,0.02
indicator_revision_only_dfm_kalman_em,exact,2023:Q2:pre_second:exact,2023-08-29,pre_second,2023:Q2,S,M,0.3575170911076542,0.0,0.06349181344100392,4.5698965711362325,True,1,0.02
indicator_revision_only_dfm_kalman_em,exact,2023:Q2:pre_second:exact,2023-08-29,pre_second,2023:Q2,S,S,0.37489707913696635,0.0,0.06349181344100392,4.5698965711362325,True,1,0.02
indicator_revision_only_dfm_kalman_em,exact,2023:Q2:pre_second:exact,2023-08-29,pre_second,2023:Q2,S,T,0.3575170911076542,0.0,0.06349181344100392,4.5698965711362325,True,1,0.02
indicator_revision_only_dfm_kalman_em,exact,2023:Q2:pre_second:exact,2023-08-29,pre_second,2023:Q2,T,A,0.3575170911076542,0.0,0.06349181344100392,4.5698965711362325,True,1,0.02
indicator_revision_only_dfm_kalman_em,exact,2023:Q2:pre_second:exact,2023-08-29,pre_second,2023:Q2,T,M,0.3575170911076542,0.0,0.06349181344100392,4.5698965711362325,True,1,0.02
indicator_revision_only_dfm_kalman_em,exact,2023:Q2:pre_second:exact,2023-08-29,pre_second,2023:Q2,T,S,0.3575170911076542,0.0,0.06349181344100392,4.5698965711362325,True,1,0.02
indicator_revision_only_dfm_kalman_em,exact,2023:Q2:pre_second:exact,2023-08-29,pre_second,2023:Q2,T,T,0.48504021293509875,0.0,0.06349181344100392,4.5698965711362325,True,1,0.02
joint_indicator_revision_dfm_full_kalman_em,exact,2023:Q2:pre_second:exact,2023-08-29,pre_second,2023:Q2,A,A,0.27103697772641,2.7755575615628914e-17,0.06400514197779503,4.526651440611386,True,1,0.02
joint_indicator_revision_dfm_full_kalman_em,exact,2023:Q2:pre_second:exact,2023-08-29,pre_second,2023:Q2,A,M,0.15003102043980845,2.7755575615628914e-17,0.06400514197779503,4.526651440611386,True,1,0.02
joint_indicator_revision_dfm_full_kalman_em,exact,2023:Q2:pre_second:exact,2023-08-29,pre_second,2023:Q2,A,S,0.1491509155860437,2.7755575615628914e-17,0.06400514197779503,4.526651440611386,True,1,0.02
joint_indicator_revision_dfm_full_kalman_em,exact,2023:Q2:pre_second:exact,2023-08-29,pre_second,2023:Q2,A,T,0.14967897849830256,2.7755575615628914e-17,0.06400514197779503,4.526651440611386,True,1,0.02
joint_indicator_revision_dfm_full_kalman_em,exact,2023:Q2:pre_second:exact,2023-08-29,pre_second,2023:Q2,M,A,0.15003102043980845,2.7755575615628914e-17,0.06400514197779503,4.526651440611386,True,1,0.02
joint_indicator_revision_dfm_full_kalman_em,exact,2023:Q2:pre_second:exact,2023-08-29,pre_second,2023:Q2,M,M,4.4556557693797965,2.7755575615628914e-17,0.06400514197779503,4.526651440611386,True,1,0.02
joint_indicator_revision_dfm_full_kalman_em,exact,2023:Q2:pre_second:exact,2023-08-29,pre_second,2023:Q2,M,S,0.34335478139961856,2.7755575615628914e-17,0.06400514197779503,4.526651440611386,True,1,0.02
joint_indicator_revision_dfm_full_kalman_em,exact,2023:Q2:pre_second:exact,2023-08-29,pre_second,2023:Q2,M,T,0.34945974227203364,2.7755575615628914e-17,0.06400514197779503,4.526651440611386,True,1,0.02
joint_indicator_revision_dfm_full_kalman_em,exact,2023:Q2:pre_second:exact,2023-08-29,pre_second,2023:Q2,S,A,0.14915091558604368,2.7755575615628914e-17,0.06400514197779503,4.526651440611386,True,1,0.02
joint_indicator_revision_dfm_full_kalman_em,exact,2023:Q2:pre_second:exact,2023-08-29,pre_second,2023:Q2,S,M,0.34335478139961856,2.7755575615628914e-17,0.06400514197779503,4.526651440611386,True,1,0.02
joint_indicator_revision_dfm_full_kalman_em,exact,2023:Q2:pre_second:exact,2023-08-29,pre_second,2023:Q2,S,S,0.35420485814600605,2.7755575615628914e-17,0.06400514197779503,4.526651440611386,True,1,0.02
joint_indicator_revision_dfm_full_kalman_em,exact,2023:Q2:pre_second:exact,2023-08-29,pre_second,2023:Q2,S,T,0.33947070408334706,2.7755575615628914e-17,0.06400514197779503,4.526651440611386,True,1,0.02
joint_indicator_revision_dfm_full_kalman_em,exact,2023:Q2:pre_second:exact,2023-08-29,pre_second,2023:Q2,T,A,0.14967897849830253,2.7755575615628914e-17,0.06400514197779503,4.526651440611386,True,1,0.02
joint_indicator_revision_dfm_full_kalman_em,exact,2023:Q2:pre_second:exact,2023-08-29,pre_second,2023:Q2,T,M,0.34945974227203364,2.7755575615628914e-17,0.06400514197779503,4.526651440611386,True,1,0.02
joint_indicator_revision_dfm_full_kalman_em,exact,2023:Q2:pre_second:exact,2023-08-29,pre_second,2023:Q2,T,S,0.33947070408334706,2.7755575615628914e-17,0.06400514197779503,4.526651440611386,True,1,0.02
joint_indicator_revision_dfm_full_kalman_em,exact,2023:Q2:pre_second:exact,2023-08-29,pre_second,2023:Q2,T,T,0.4666505068136985,2.7755575615628914e-17,0.06400514197779503,4.526651440611386,True,1,0.02
monthly_mixed_frequency_kalman_em,exact,2023:Q2:pre_second:exact,2023-08-29,pre_second,2023:Q2,A,A,0.42884457598962106,0.0,0.05858209996535051,4.925000613199408,True,1,0.02
monthly_mixed_frequency_kalman_em,exact,2023:Q2:pre_second:exact,2023-08-29,pre_second,2023:Q2,A,M,0.20558926735494326,0.0,0.05858209996535051,4.925000613199408,True,1,0.02
monthly_mixed_frequency_kalman_em,exact,2023:Q2:pre_second:exact,2023-08-29,pre_second,2023:Q2,A,S,0.2074910906226701,0.0,0.05858209996535051,4.925000613199408,True,1,0.02
monthly_mixed_frequency_kalman_em,exact,2023:Q2:pre_second:exact,2023-08-29,pre_second,2023:Q2,A,T,0.20645373247663726,0.0,0.05858209996535051,4.925000613199408,True,1,0.02
monthly_mixed_frequency_kalman_em,exact,2023:Q2:pre_second:exact,2023-08-29,pre_second,2023:Q2,M,A,0.20558926735494326,0.0,0.05858209996535051,4.925000613199408,True,1,0.02
monthly_mixed_frequency_kalman_em,exact,2023:Q2:pre_second:exact,2023-08-29,pre_second,2023:Q2,M,M,4.789373384255549,0.0,0.05858209996535051,4.925000613199408,True,1,0.02
monthly_mixed_frequency_kalman_em,exact,2023:Q2:pre_second:exact,2023-08-29,pre_second,2023:Q2,M,S,0.42141613230738223,0.0,0.05858209996535051,4.925000613199408,True,1,0.02
monthly_mixed_frequency_kalman_em,exact,2023:Q2:pre_second:exact,2023-08-29,pre_second,2023:Q2,M,T,0.5653007089423417,0.0,0.05858209996535051,4.925000613199408,True,1,0.02
monthly_mixed_frequency_kalman_em,exact,2023:Q2:pre_second:exact,2023-08-29,pre_second,2023:Q2,S,A,0.2074910906226701,0.0,0.05858209996535051,4.925000613199408,True,1,0.02
monthly_mixed_frequency_kalman_em,exact,2023:Q2:pre_second:exact,2023-08-29,pre_second,2023:Q2,S,M,0.42141613230738223,0.0,0.05858209996535051,4.925000613199408,True,1,0.02
monthly_mixed_frequency_kalman_em,exact,2023:Q2:pre_second:exact,2023-08-29,pre_second,2023:Q2,S,S,0.3549966945122124,0.0,0.05858209996535051,4.925000613199408,True,1,0.02
monthly_mixed_frequency_kalman_em,exact,2023:Q2:pre_second:exact,2023-08-29,pre_second,2023:Q2,S,T,0.3679348718862042,0.0,0.05858209996535051,4.925000613199408,True,1,0.02
monthly_mixed_frequency_kalman_em,exact,2023:Q2:pre_second:exact,2023-08-29,pre_second,2023:Q2,T,A,0.20645373247663726,0.0,0.05858209996535051,4.925000613199408,True,1,0.02
monthly_mixed_frequency_kalman_em,exact,2023:Q2:pre_second:exact,2023-08-29,pre_second,2023:Q2,T,M,0.5653007089423417,0.0,0.05858209996535051,4.925000613199408,True,1,0.02
monthly_mixed_frequency_kalman_em,exact,2023:Q2:pre_second:exact,2023-08-29,pre_second,2023:Q2,T,S,0.3679348718862042,0.0,0.05858209996535051,4.925000613199408,True,1,0.02
monthly_mixed_frequency_kalman_em,exact,2023:Q2:pre_second:exact,2023-08-29,pre_second,2023:Q2,T,T,0.5270163222387775,0.0,0.05858209996535051,4.925000613199408,True,1,0.02
revision_dfm_kalman_em,exact,2023:Q2:pre_second:exact,2023-08-29,pre_second,2023:Q2,A,A,0.28378435733842405,5.551115123125783e-17,0.06707819961510844,4.545792223940648,True,1,0.02
revision_dfm_kalman_em,exact,2023:Q2:pre_second:exact,2023-08-29,pre_second,2023:Q2,A,M,0.15077903108280977,5.551115123125783e-17,0.06707819961510844,4.545792223940648,True,1,0.02
revision_dfm_kalman_em,exact,2023:Q2:pre_second:exact,2023-08-29,pre_second,2023:Q2,A,S,0.1501577802253338,5.551115123125783e-17,0.06707819961510844,4.545792223940648,True,1,0.02
revision_dfm_kalman_em,exact,2023:Q2:pre_second:exact,2023-08-29,pre_second,2023:Q2,A,T,0.15053053073981937,5.551115123125783e-17,0.06707819961510844,4.545792223940648,True,1,0.02
revision_dfm_kalman_em,exact,2023:Q2:pre_second:exact,2023-08-29,pre_second,2023:Q2,M,A,0.15077903108280977,5.551115123125783e-17,0.06707819961510844,4.545792223940648,True,1,0.02
revision_dfm_kalman_em,exact,2023:Q2:pre_second:exact,2023-08-29,pre_second,2023:Q2,M,M,4.464042700540206,5.551115123125783e-17,0.06707819961510844,4.545792223940648,True,1,0.02
revision_dfm_kalman_em,exact,2023:Q2:pre_second:exact,2023-08-29,pre_second,2023:Q2,M,S,0.36888821030481145,5.551115123125783e-17,0.06707819961510844,4.545792223940648,True,1,0.02
revision_dfm_kalman_em,exact,2023:Q2:pre_second:exact,2023-08-29,pre_second,2023:Q2,M,T,0.3757758685960325,5.551115123125783e-17,0.06707819961510844,4.545792223940648,True,1,0.02
revision_dfm_kalman_em,exact,2023:Q2:pre_second:exact,2023-08-29,pre_second,2023:Q2,S,A,0.1501577802253338,5.551115123125783e-17,0.06707819961510844,4.545792223940648,True,1,0.02
revision_dfm_kalman_em,exact,2023:Q2:pre_second:exact,2023-08-29,pre_second,2023:Q2,S,M,0.36888821030481145,5.551115123125783e-17,0.06707819961510844,4.545792223940648,True,1,0.02
revision_dfm_kalman_em,exact,2023:Q2:pre_second:exact,2023-08-29,pre_second,2023:Q2,S,S,0.3872817312513727,5.551115123125783e-17,0.06707819961510844,4.545792223940648,True,1,0.02
revision_dfm_kalman_em,exact,2023:Q2:pre_second:exact,2023-08-29,pre_second,2023:Q2,S,T,0.3645136017032219,5.551115123125783e-17,0.06707819961510844,4.545792223940648,True,1,0.02
revision_dfm_kalman_em,exact,2023:Q2:pre_second:exact,2023-08-29,pre_second,2023:Q2,T,A,0.15053053073981937,5.551115123125783e-17,0.06707819961510844,4.545792223940648,True,1,0.02
revision_dfm_kalman_em,exact,2023:Q2:pre_second:exact,2023-08-29,pre_second,2023:Q2,T,M,0.3757758685960325,5.551115123125783e-17,0.06707819961510844,4.545792223940648,True,1,0.02
revision_dfm_kalman_em,exact,2023:Q2:pre_second:exact,2023-08-29,pre_second,2023:Q2,T,S,0.36451360170322183,5.551115123125783e-17,0.06707819961510844,4.545792223940648,True,1,0.02
revision_dfm_kalman_em,exact,2023:Q2:pre_second:exact,2023-08-29,pre_second,2023:Q2,T,T,0.48544276066791714,5.551115123125783e-17,0.06707819961510844,4.545792223940648,True,1,0.02
indicator_revision_only_dfm_kalman_em,pseudo,2023:Q2:pre_second:pseudo,2023-08-31,pre_second,2023:Q2,A,A,0.7516930629120883,0.0,0.06349180724308462,4.569896621497144,True,1,0.02
indicator_revision_only_dfm_kalman_em,pseudo,2023:Q2:pre_second:pseudo,2023-08-31,pre_second,2023:Q2,A,M,0.3575171039974692,0.0,0.06349180724308462,4.569896621497144,True,1,0.02
indicator_revision_only_dfm_kalman_em,pseudo,2023:Q2:pre_second:pseudo,2023-08-31,pre_second,2023:Q2,A,S,0.3575171039974692,0.0,0.06349180724308462,4.569896621497144,True,1,0.02
indicator_revision_only_dfm_kalman_em,pseudo,2023:Q2:pre_second:pseudo,2023-08-31,pre_second,2023:Q2,A,T,0.3575171039974692,0.0,0.06349180724308462,4.569896621497144,True,1,0.02
indicator_revision_only_dfm_kalman_em,pseudo,2023:Q2:pre_second:pseudo,2023-08-31,pre_second,2023:Q2,M,A,0.3575171039974692,0.0,0.06349180724308462,4.569896621497144,True,1,0.02
indicator_revision_only_dfm_kalman_em,pseudo,2023:Q2:pre_second:pseudo,2023-08-31,pre_second,2023:Q2,M,M,4.45411392567341,0.0,0.06349180724308462,4.569896621497144,True,1,0.02
indicator_revision_only_dfm_kalman_em,pseudo,2023:Q2:pre_second:pseudo,2023-08-31,pre_second,2023:Q2,M,S,0.3575171039974692,0.0,0.06349180724308462,4.569896621497144,True,1,0.02
indicator_revision_only_dfm_kalman_em,pseudo,2023:Q2:pre_second:pseudo,2023-08-31,pre_second,2023:Q2,M,T,0.3575171039974692,0.0,0.06349180724308462,4.569896621497144,True,1,0.02
indicator_revision_only_dfm_kalman_em,pseudo,2023:Q2:pre_second:pseudo,2023-08-31,pre_second,2023:Q2,S,A,0.3575171039974692,0.0,0.06349180724308462,4.569896621497144,True,1,0.02
indicator_revision_only_dfm_kalman_em,pseudo,2023:Q2:pre_second:pseudo,2023-08-31,pre_second,2023:Q2,S,M,0.3575171039974692,0.0,0.06349180724308462,4.569896621497144,True,1,0.02
indicator_revision_only_dfm_kalman_em,pseudo,2023:Q2:pre_second:pseudo,2023-08-31,pre_second,2023:Q2,S,S,0.3748970835630645,0.0,0.06349180724308462,4.569896621497144,True,1,0.02
indicator_revision_only_dfm_kalman_em,pseudo,2023:Q2:pre_second:pseudo,2023-08-31,pre_second,2023:Q2,S,T,0.3575171039974692,0.0,0.06349180724308462,4.569896621497144,True,1,0.02
indicator_revision_only_dfm_kalman_em,pseudo,2023:Q2:pre_second:pseudo,2023-08-31,pre_second,2023:Q2,T,A,0.3575171039974692,0.0,0.06349180724308462,4.569896621497144,True,1,0.02
indicator_revision_only_dfm_kalman_em,pseudo,2023:Q2:pre_second:pseudo,2023-08-31,pre_second,2023:Q2,T,M,0.3575171039974692,0.0,0.06349180724308462,4.569896621497144,True,1,0.02
indicator_revision_only_dfm_kalman_em,pseudo,2023:Q2:pre_second:pseudo,2023-08-31,pre_second,2023:Q2,T,S,0.3575171039974692,0.0,0.06349180724308462,4.569896621497144,True,1,0.02
indicator_revision_only_dfm_kalman_em,pseudo,2023:Q2:pre_second:pseudo,2023-08-31,pre_second,2023:Q2,T,T,0.485040222278425,0.0,0.06349180724308462,4.569896621497144,True,1,0.02
joint_indicator_revision_dfm_full_kalman_em,pseudo,2023:Q2:pre_second:pseudo,2023-08-31,pre_second,2023:Q2,A,A,0.27103645216750283,2.7755575615628914e-17,0.0640051544975134,4.526651155752326,True,1,0.02
joint_indicator_revision_dfm_full_kalman_em,pseudo,2023:Q2:pre_second:pseudo,2023-08-31,pre_second,2023:Q2,A,M,0.1500305082278576,2.7755575615628914e-17,0.0640051544975134,4.526651155752326,True,1,0.02
joint_indicator_revision_dfm_full_kalman_em,pseudo,2023:Q2:pre_second:pseudo,2023-08-31,pre_second,2023:Q2,A,S,0.1491504173606075,2.7755575615628914e-17,0.0640051544975134,4.526651155752326,True,1,0.02
joint_indicator_revision_dfm_full_kalman_em,pseudo,2023:Q2:pre_second:pseudo,2023-08-31,pre_second,2023:Q2,A,T,0.14967847188095756,2.7755575615628914e-17,0.0640051544975134,4.526651155752326,True,1,0.02
joint_indicator_revision_dfm_full_kalman_em,pseudo,2023:Q2:pre_second:pseudo,2023-08-31,pre_second,2023:Q2,M,A,0.1500305082278576,2.7755575615628914e-17,0.0640051544975134,4.526651155752326,True,1,0.02
joint_indicator_revision_dfm_full_kalman_em,pseudo,2023:Q2:pre_second:pseudo,2023-08-31,pre_second,2023:Q2,M,M,4.45565557527677,2.7755575615628914e-17,0.0640051544975134,4.526651155752326,True,1,0.02
joint_indicator_revision_dfm_full_kalman_em,pseudo,2023:Q2:pre_second:pseudo,2023-08-31,pre_second,2023:Q2,M,S,0.3433546670116207,2.7755575615628914e-17,0.0640051544975134,4.526651155752326,True,1,0.02
joint_indicator_revision_dfm_full_kalman_em,pseudo,2023:Q2:pre_second:pseudo,2023-08-31,pre_second,2023:Q2,M,T,0.34945964044689753,2.7755575615628914e-17,0.0640051544975134,4.526651155752326,True,1,0.02
joint_indicator_revision_dfm_full_kalman_em,pseudo,2023:Q2:pre_second:pseudo,2023-08-31,pre_second,2023:Q2,S,A,0.14915041736060747,2.7755575615628914e-17,0.0640051544975134,4.526651155752326,True,1,0.02
joint_indicator_revision_dfm_full_kalman_em,pseudo,2023:Q2:pre_second:pseudo,2023-08-31,pre_second,2023:Q2,S,M,0.3433546670116207,2.7755575615628914e-17,0.0640051544975134,4.526651155752326,True,1,0.02
joint_indicator_revision_dfm_full_kalman_em,pseudo,2023:Q2:pre_second:pseudo,2023-08-31,pre_second,2023:Q2,S,S,0.3542047569215722,2.7755575615628914e-17,0.0640051544975134,4.526651155752326,True,1,0.02
joint_indicator_revision_dfm_full_kalman_em,pseudo,2023:Q2:pre_second:pseudo,2023-08-31,pre_second,2023:Q2,S,T,0.3394705820186005,2.7755575615628914e-17,0.0640051544975134,4.526651155752326,True,1,0.02
joint_indicator_revision_dfm_full_kalman_em,pseudo,2023:Q2:pre_second:pseudo,2023-08-31,pre_second,2023:Q2,T,A,0.1496784718809576,2.7755575615628914e-17,0.0640051544975134,4.526651155752326,True,1,0.02
joint_indicator_revision_dfm_full_kalman_em,pseudo,2023:Q2:pre_second:pseudo,2023-08-31,pre_second,2023:Q2,T,M,0.34945964044689753,2.7755575615628914e-17,0.0640051544975134,4.526651155752326,True,1,0.02
joint_indicator_revision_dfm_full_kalman_em,pseudo,2023:Q2:pre_second:pseudo,2023-08-31,pre_second,2023:Q2,T,S,0.3394705820186005,2.7755575615628914e-17,0.0640051544975134,4.526651155752326,True,1,0.02
joint_indicator_revision_dfm_full_kalman_em,pseudo,2023:Q2:pre_second:pseudo,2023-08-31,pre_second,2023:Q2,T,T,0.46665036334560356,2.7755575615628914e-17,0.0640051544975134,4.526651155752326,True,1,0.02
monthly_mixed_frequency_kalman_em,pseudo,2023:Q2:pre_second:pseudo,2023-08-31,pre_second,2023:Q2,A,A,0.42883396037326904,0.0,0.05858234267597699,4.925004376858317,True,1,0.02
monthly_mixed_frequency_kalman_em,pseudo,2023:Q2:pre_second:pseudo,2023-08-31,pre_second,2023:Q2,A,M,0.20558501552731467,0.0,0.05858234267597699,4.925004376858317,True,1,0.02
monthly_mixed_frequency_kalman_em,pseudo,2023:Q2:pre_second:pseudo,2023-08-31,pre_second,2023:Q2,A,S,0.20748621634592904,0.0,0.05858234267597699,4.925004376858317,True,1,0.02
monthly_mixed_frequency_kalman_em,pseudo,2023:Q2:pre_second:pseudo,2023-08-31,pre_second,2023:Q2,A,T,0.2064491977175939,0.0,0.05858234267597699,4.925004376858317,True,1,0.02
monthly_mixed_frequency_kalman_em,pseudo,2023:Q2:pre_second:pseudo,2023-08-31,pre_second,2023:Q2,M,A,0.20558501552731467,0.0,0.05858234267597699,4.925004376858317,True,1,0.02
monthly_mixed_frequency_kalman_em,pseudo,2023:Q2:pre_second:pseudo,2023-08-31,pre_second,2023:Q2,M,M,4.789377711698972,0.0,0.05858234267597699,4.925004376858317,True,1,0.02
monthly_mixed_frequency_kalman_em,pseudo,2023:Q2:pre_second:pseudo,2023-08-31,pre_second,2023:Q2,M,S,0.4214153955435088,0.0,0.05858234267597699,4.925004376858317,True,1,0.02
monthly_mixed_frequency_kalman_em,pseudo,2023:Q2:pre_second:pseudo,2023-08-31,pre_second,2023:Q2,M,T,0.565302315554305,0.0,0.05858234267597699,4.925004376858317,True,1,0.02
monthly_mixed_frequency_kalman_em,pseudo,2023:Q2:pre_second:pseudo,2023-08-31,pre_second,2023:Q2,S,A,0.20748621634592904,0.0,0.05858234267597699,4.925004376858317,True,1,0.02
monthly_mixed_frequency_kalman_em,pseudo,2023:Q2:pre_second:pseudo,2023-08-31,pre_second,2023:Q2,S,M,0.4214153955435088,0.0,0.05858234267597699,4.925004376858317,True,1,0.02
monthly_mixed_frequency_kalman_em,pseudo,2023:Q2:pre_second:pseudo,2023-08-31,pre_second,2023:Q2,S,S,0.3549942202045279,0.0,0.05858234267597699,4.925004376858317,True,1,0.02
monthly_mixed_frequency_kalman_em,pseudo,2023:Q2:pre_second:pseudo,2023-08-31,pre_second,2023:Q2,S,T,0.36793310074411384,0.0,0.05858234267597699,4.925004376858317,True,1,0.02
monthly_mixed_frequency_kalman_em,pseudo,2023:Q2:pre_second:pseudo,2023-08-31,pre_second,2023:Q2,T,A,0.2064491977175939,0.0,0.05858234267597699,4.925004376858317,True,1,0.02
monthly_mixed_frequency_kalman_em,pseudo,2023:Q2:pre_second:pseudo,2023-08-31,pre_second,2023:Q2,T,M,0.565302315554305,0.0,0.05858234267597699,4.925004376858317,True,1,0.02
monthly_mixed_frequency_kalman_em,pseudo,2023:Q2:pre_second:pseudo,2023-08-31,pre_second,2023:Q2,T,S,0.36793310074411384,0.0,0.05858234267597699,4.925004376858317,True,1,0.02
monthly_mixed_frequency_kalman_em,pseudo,2023:Q2:pre_second:pseudo,2023-08-31,pre_second,2023:Q2,T,T,0.5270164521263039,0.0,0.05858234267597699,4.925004376858317,True,1,0.02
revision_dfm_kalman_em,pseudo,2023:Q2:pre_second:pseudo,2023-08-31,pre_second,2023:Q2,A,A,0.28378475765249284,5.551115123125783e-17,0.0670781946524969,4.5457920902688365,True,1,0.02
revision_dfm_kalman_em,pseudo,2023:Q2:pre_second:pseudo,2023-08-31,pre_second,2023:Q2,A,M,0.15077925982717708,5.551115123125783e-17,0.0670781946524969,4.5457920902688365,True,1,0.02
revision_dfm_kalman_em,pseudo,2023:Q2:pre_second:pseudo,2023-08-31,pre_second,2023:Q2,A,S,0.15015800827977677,5.551115123125783e-17,0.0670781946524969,4.5457920902688365,True,1,0.02
revision_dfm_kalman_em,pseudo,2023:Q2:pre_second:pseudo,2023-08-31,pre_second,2023:Q2,A,T,0.15053075920821696,5.551115123125783e-17,0.0670781946524969,4.5457920902688365,True,1,0.02
revision_dfm_kalman_em,pseudo,2023:Q2:pre_second:pseudo,2023-08-31,pre_second,2023:Q2,M,A,0.15077925982717708,5.551115123125783e-17,0.0670781946524969,4.5457920902688365,True,1,0.02
revision_dfm_kalman_em,pseudo,2023:Q2:pre_second:pseudo,2023-08-31,pre_second,2023:Q2,M,M,4.464042622388143,5.551115123125783e-17,0.0670781946524969,4.5457920902688365,True,1,0.02
revision_dfm_kalman_em,pseudo,2023:Q2:pre_second:pseudo,2023-08-31,pre_second,2023:Q2,M,S,0.3688880297831284,5.551115123125783e-17,0.0670781946524969,4.5457920902688365,True,1,0.02
revision_dfm_kalman_em,pseudo,2023:Q2:pre_second:pseudo,2023-08-31,pre_second,2023:Q2,M,T,0.3757756751501584,5.551115123125783e-17,0.0670781946524969,4.5457920902688365,True,1,0.02
revision_dfm_kalman_em,pseudo,2023:Q2:pre_second:pseudo,2023-08-31,pre_second,2023:Q2,S,A,0.15015800827977682,5.551115123125783e-17,0.0670781946524969,4.5457920902688365,True,1,0.02
revision_dfm_kalman_em,pseudo,2023:Q2:pre_second:pseudo,2023-08-31,pre_second,2023:Q2,S,M,0.3688880297831284,5.551115123125783e-17,0.0670781946524969,4.5457920902688365,True,1,0.02
revision_dfm_kalman_em,pseudo,2023:Q2:pre_second:pseudo,2023-08-31,pre_second,2023:Q2,S,S,0.3872815320875142,5.551115123125783e-17,0.0670781946524969,4.5457920902688365,True,1,0.02
revision_dfm_kalman_em,pseudo,2023:Q2:pre_second:pseudo,2023-08-31,pre_second,2023:Q2,S,T,0.36451342935306136,5.551115123125783e-17,0.0670781946524969,4.5457920902688365,True,1,0.02
revision_dfm_kalman_em,pseudo,2023:Q2:pre_second:pseudo,2023-08-31,pre_second,2023:Q2,T,A,0.150530759208217,5.551115123125783e-17,0.0670781946524969,4.5457920902688365,True,1,0.02
revision_dfm_kalman_em,pseudo,2023:Q2:pre_second:pseudo,2023-08-31,pre_second,2023:Q2,T,M,0.3757756751501584,5.551115123125783e-17,0.0670781946524969,4.5457920902688365,True,1,0.02
revision_dfm_kalman_em,pseudo,2023:Q2:pre_second:pseudo,2023-08-31,pre_second,2023:Q2,T,S,0.36451342935306136,5.551115123125783e-17,0.0670781946524969,4.5457920902688365,True,1,0.02
revision_dfm_kalman_em,pseudo,2023:Q2:pre_second:pseudo,2023-08-31,pre_second,2023:Q2,T,T,0.4854426284828772,5.551115123125783e-17,0.0670781946524969,4.5457920902688365,True,1,0.02
indicator_revision_only_dfm_kalman_em,exact,2023:Q2:pre_third:exact,2023-09-27,pre_third,2023:Q2,A,A,0.4153035203207077,0.0,0.0455629340943144,4.1036849189816,True,1,0.02
indicator_revision_only_dfm_kalman_em,exact,2023:Q2:pre_third:exact,2023-09-27,pre_third,2023:Q2,A,M,0.025554349163824965,0.0,0.0455629340943144,4.1036849189816,True,1,0.02
indicator_revision_only_dfm_kalman_em,exact,2023:Q2:pre_third:exact,2023-09-27,pre_third,2023:Q2,A,S,0.025554349163824965,0.0,0.0455629340943144,4.1036849189816,True,1,0.02
indicator_revision_only_dfm_kalman_em,exact,2023:Q2:pre_third:exact,2023-09-27,pre_third,2023:Q2,A,T,0.025554349163824965,0.0,0.0455629340943144,4.1036849189816,True,1,0.02
indicator_revision_only_dfm_kalman_em,exact,2023:Q2:pre_third:exact,2023-09-27,pre_third,2023:Q2,M,A,0.025554349163824965,0.0,0.0455629340943144,4.1036849189816,True,1,0.02
indicator_revision_only_dfm_kalman_em,exact,2023:Q2:pre_third:exact,2023-09-27,pre_third,2023:Q2,M,M,4.10317496981228,0.0,0.0455629340943144,4.1036849189816,True,1,0.02
indicator_revision_only_dfm_kalman_em,exact,2023:Q2:pre_third:exact,2023-09-27,pre_third,2023:Q2,M,S,0.025554349163824965,0.0,0.0455629340943144,4.1036849189816,True,1,0.02
indicator_revision_only_dfm_kalman_em,exact,2023:Q2:pre_third:exact,2023-09-27,pre_third,2023:Q2,M,T,0.025554349163824965,0.0,0.0455629340943144,4.1036849189816,True,1,0.02
indicator_revision_only_dfm_kalman_em,exact,2023:Q2:pre_third:exact,2023-09-27,pre_third,2023:Q2,S,A,0.025554349163824965,0.0,0.0455629340943144,4.1036849189816,True,1,0.02
indicator_revision_only_dfm_kalman_em,exact,2023:Q2:pre_third:exact,2023-09-27,pre_third,2023:Q2,S,M,0.025554349163824965,0.0,0.0455629340943144,4.1036849189816,True,1,0.02
indicator_revision_only_dfm_kalman_em,exact,2023:Q2:pre_third:exact,2023-09-27,pre_third,2023:Q2,S,S,0.053160193259053384,0.0,0.0455629340943144,4.1036849189816,True,1,0.02
indicator_revision_only_dfm_kalman_em,exact,2023:Q2:pre_third:exact,2023-09-27,pre_third,2023:Q2,S,T,0.025554349163824965,0.0,0.0455629340943144,4.1036849189816,True,1,0.02
indicator_revision_only_dfm_kalman_em,exact,2023:Q2:pre_third:exact,2023-09-27,pre_third,2023:Q2,T,A,0.025554349163824965,0.0,0.0455629340943144,4.1036849189816,True,1,0.02
indicator_revision_only_dfm_kalman_em,exact,2023:Q2:pre_third:exact,2023-09-27,pre_third,2023:Q2,T,M,0.025554349163824965,0.0,0.0455629340943144,4.1036849189816,True,1,0.02
indicator_revision_only_dfm_kalman_em,exact,2023:Q2:pre_third:exact,2023-09-27,pre_third,2023:Q2,T,S,0.025554349163824965,0.0,0.0455629340943144,4.1036849189816,True,1,0.02
indicator_revision_only_dfm_kalman_em,exact,2023:Q2:pre_third:exact,2023-09-27,pre_third,2023:Q2,T,T,0.1457296045655902,0.0,0.0455629340943144,4.1036849189816,True,1,0.02
joint_indicator_revision_dfm_full_kalman_em,exact,2023:Q2:pre_third:exact,2023-09-27,pre_third,2023:Q2,A,A,0.20548855983819464,3.469446951953614e-18,0.04720076192675879,4.116901497888836,True,1,0.02
joint_indicator_revision_dfm_full_kalman_em,exact,2023:Q2:pre_third:exact,2023-09-27,pre_third,2023:Q2,A,M,0.008274632497338806,3.469446951953614e-18,0.04720076192675879,4.116901497888836,True,1,0.02
joint_indicator_revision_dfm_full_kalman_em,exact,2023:Q2:pre_third:exact,2023-09-27,pre_third,2023:Q2,A,S,0.011394999604339946,3.469446951953614e-18,0.04720076192675879,4.116901497888836,True,1,0.02
joint_indicator_revision_dfm_full_kalman_em,exact,2023:Q2:pre_third:exact,2023-09-27,pre_third,2023:Q2,A,T,0.00952277934013926,3.469446951953614e-18,0.04720076192675879,4.116901497888836,True,1,0.02
joint_indicator_revision_dfm_full_kalman_em,exact,2023:Q2:pre_third:exact,2023-09-27,pre_third,2023:Q2,M,A,0.008274632497338806,3.469446951953614e-18,0.04720076192675879,4.116901497888836,True,1,0.02
joint_indicator_revision_dfm_full_kalman_em,exact,2023:Q2:pre_third:exact,2023-09-27,pre_third,2023:Q2,M,M,4.116497989767996,3.469446951953614e-18,0.04720076192675879,4.116901497888836,True,1,0.02
joint_indicator_revision_dfm_full_kalman_em,exact,2023:Q2:pre_third:exact,2023-09-27,pre_third,2023:Q2,M,S,0.02742336510947864,3.469446951953614e-18,0.04720076192675879,4.116901497888836,True,1,0.02
joint_indicator_revision_dfm_full_kalman_em,exact,2023:Q2:pre_third:exact,2023-09-27,pre_third,2023:Q2,M,T,0.02802806192880937,3.469446951953614e-18,0.04720076192675879,4.116901497888836,True,1,0.02
joint_indicator_revision_dfm_full_kalman_em,exact,2023:Q2:pre_third:exact,2023-09-27,pre_third,2023:Q2,S,A,0.011394999604339946,3.469446951953614e-18,0.04720076192675879,4.116901497888836,True,1,0.02
joint_indicator_revision_dfm_full_kalman_em,exact,2023:Q2:pre_third:exact,2023-09-27,pre_third,2023:Q2,S,M,0.02742336510947864,3.469446951953614e-18,0.04720076192675879,4.116901497888836,True,1,0.02
joint_indicator_revision_dfm_full_kalman_em,exact,2023:Q2:pre_third:exact,2023-09-27,pre_third,2023:Q2,S,S,0.055544869282432484,3.469446951953614e-18,0.04720076192675879,4.116901497888836,True,1,0.02
joint_indicator_revision_dfm_full_kalman_em,exact,2023:Q2:pre_third:exact,2023-09-27,pre_third,2023:Q2,S,T,0.027102797799375862,3.469446951953614e-18,0.04720076192675879,4.116901497888836,True,1,0.02
joint_indicator_revision_dfm_full_kalman_em,exact,2023:Q2:pre_third:exact,2023-09-27,pre_third,2023:Q2,T,A,0.009522779340139264,3.469446951953614e-18,0.04720076192675879,4.116901497888836,True,1,0.02
joint_indicator_revision_dfm_full_kalman_em,exact,2023:Q2:pre_third:exact,2023-09-27,pre_third,2023:Q2,T,M,0.02802806192880937,3.469446951953614e-18,0.04720076192675879,4.116901497888836,True,1,0.02
joint_indicator_revision_dfm_full_kalman_em,exact,2023:Q2:pre_third:exact,2023-09-27,pre_third,2023:Q2,T,S,0.027102797799375862,3.469446951953614e-18,0.04720076192675879,4.116901497888836,True,1,0.02
joint_indicator_revision_dfm_full_kalman_em,exact,2023:Q2:pre_third:exact,2023-09-27,pre_third,2023:Q2,T,T,0.14164757238714015,3.469446951953614e-18,0.04720076192675879,4.116901497888836,True,1,0.02
monthly_mixed_frequency_kalman_em,exact,2023:Q2:pre_third:exact,2023-09-27,pre_third,2023:Q2,A,A,0.30673119474131516,0.0,0.05794473954101374,4.294405537874023,True,1,0.02
monthly_mixed_frequency_kalman_em,exact,2023:Q2:pre_third:exact,2023-09-27,pre_third,2023:Q2,A,M,-0.04055616472603621,0.0,0.05794473954101374,4.294405537874023,True,1,0.02
monthly_mixed_frequency_kalman_em,exact,2023:Q2:pre_third:exact,2023-09-27,pre_third,2023:Q2,A,S,0.029949176669857545,0.0,0.05794473954101374,4.294405537874023,True,1,0.02
monthly_mixed_frequency_kalman_em,exact,2023:Q2:pre_third:exact,2023-09-27,pre_third,2023:Q2,A,T,-0.008508282273357228,0.0,0.05794473954101374,4.294405537874023,True,1,0.02
monthly_mixed_frequency_kalman_em,exact,2023:Q2:pre_third:exact,2023-09-27,pre_third,2023:Q2,M,A,-0.04055616472603621,0.0,0.05794473954101374,4.294405537874023,True,1,0.02
monthly_mixed_frequency_kalman_em,exact,2023:Q2:pre_third:exact,2023-09-27,pre_third,2023:Q2,M,M,4.289087665989459,0.0,0.05794473954101374,4.294405537874023,True,1,0.02
monthly_mixed_frequency_kalman_em,exact,2023:Q2:pre_third:exact,2023-09-27,pre_third,2023:Q2,M,S,0.060862082673628644,0.0,0.05794473954101374,4.294405537874023,True,1,0.02
monthly_mixed_frequency_kalman_em,exact,2023:Q2:pre_third:exact,2023-09-27,pre_third,2023:Q2,M,T,0.12847424760673856,0.0,0.05794473954101374,4.294405537874023,True,1,0.02
monthly_mixed_frequency_kalman_em,exact,2023:Q2:pre_third:exact,2023-09-27,pre_third,2023:Q2,S,A,0.029949176669857545,0.0,0.05794473954101374,4.294405537874023,True,1,0.02
monthly_mixed_frequency_kalman_em,exact,2023:Q2:pre_third:exact,2023-09-27,pre_third,2023:Q2,S,M,0.060862082673628644,0.0,0.05794473954101374,4.294405537874023,True,1,0.02
monthly_mixed_frequency_kalman_em,exact,2023:Q2:pre_third:exact,2023-09-27,pre_third,2023:Q2,S,S,0.0951480127142676,0.0,0.05794473954101374,4.294405537874023,True,1,0.02
monthly_mixed_frequency_kalman_em,exact,2023:Q2:pre_third:exact,2023-09-27,pre_third,2023:Q2,S,T,0.05313385617268588,0.0,0.05794473954101374,4.294405537874023,True,1,0.02
monthly_mixed_frequency_kalman_em,exact,2023:Q2:pre_third:exact,2023-09-27,pre_third,2023:Q2,T,A,-0.008508282273357228,0.0,0.05794473954101374,4.294405537874023,True,1,0.02
monthly_mixed_frequency_kalman_em,exact,2023:Q2:pre_third:exact,2023-09-27,pre_third,2023:Q2,T,M,0.12847424760673856,0.0,0.05794473954101374,4.294405537874023,True,1,0.02
monthly_mixed_frequency_kalman_em,exact,2023:Q2:pre_third:exact,2023-09-27,pre_third,2023:Q2,T,S,0.05313385617268588,0.0,0.05794473954101374,4.294405537874023,True,1,0.02
monthly_mixed_frequency_kalman_em,exact,2023:Q2:pre_third:exact,2023-09-27,pre_third,2023:Q2,T,T,0.14564443923137343,0.0,0.05794473954101374,4.294405537874023,True,1,0.02
revision_dfm_kalman_em,exact,2023:Q2:pre_third:exact,2023-09-27,pre_third,2023:Q2,A,A,0.2256783659009581,8.673617379884035e-19,0.04208240564891442,4.117704401905372,True,1,0.02
revision_dfm_kalman_em,exact,2023:Q2:pre_third:exact,2023-09-27,pre_third,2023:Q2,A,M,0.006087280303918153,8.673617379884035e-19,0.04208240564891442,4.117704401905372,True,1,0.02
revision_dfm_kalman_em,exact,2023:Q2:pre_third:exact,2023-09-27,pre_third,2023:Q2,A,S,0.009756023363495845,8.673617379884035e-19,0.04208240564891442,4.117704401905372,True,1,0.02
revision_dfm_kalman_em,exact,2023:Q2:pre_third:exact,2023-09-27,pre_third,2023:Q2,A,T,0.00755477752774923,8.673617379884035e-19,0.04208240564891442,4.117704401905372,True,1,0.02
revision_dfm_kalman_em,exact,2023:Q2:pre_third:exact,2023-09-27,pre_third,2023:Q2,M,A,0.006087280303918153,8.673617379884035e-19,0.04208240564891442,4.117704401905372,True,1,0.02
revision_dfm_kalman_em,exact,2023:Q2:pre_third:exact,2023-09-27,pre_third,2023:Q2,M,M,4.1174001546071475,8.673617379884035e-19,0.04208240564891442,4.117704401905372,True,1,0.02
revision_dfm_kalman_em,exact,2023:Q2:pre_third:exact,2023-09-27,pre_third,2023:Q2,M,S,0.02397288311651631,8.673617379884035e-19,0.04208240564891442,4.117704401905372,True,1,0.02
revision_dfm_kalman_em,exact,2023:Q2:pre_third:exact,2023-09-27,pre_third,2023:Q2,M,T,0.024537691626387834,8.673617379884035e-19,0.04208240564891442,4.117704401905372,True,1,0.02
revision_dfm_kalman_em,exact,2023:Q2:pre_third:exact,2023-09-27,pre_third,2023:Q2,S,A,0.009756023363495845,8.673617379884035e-19,0.04208240564891442,4.117704401905372,True,1,0.02
revision_dfm_kalman_em,exact,2023:Q2:pre_third:exact,2023-09-27,pre_third,2023:Q2,S,M,0.02397288311651631,8.673617379884035e-19,0.04208240564891442,4.117704401905372,True,1,0.02
revision_dfm_kalman_em,exact,2023:Q2:pre_third:exact,2023-09-27,pre_third,2023:Q2,S,S,0.04812354740057818,8.673617379884035e-19,0.04208240564891442,4.117704401905372,True,1,0.02
revision_dfm_kalman_em,exact,2023:Q2:pre_third:exact,2023-09-27,pre_third,2023:Q2,S,T,0.023688545921455903,8.673617379884035e-19,0.04208240564891442,4.117704401905372,True,1,0.02
revision_dfm_kalman_em,exact,2023:Q2:pre_third:exact,2023-09-27,pre_third,2023:Q2,T,A,0.007554777527749229,8.673617379884035e-19,0.04208240564891442,4.117704401905372,True,1,0.02
revision_dfm_kalman_em,exact,2023:Q2:pre_third:exact,2023-09-27,pre_third,2023:Q2,T,M,0.024537691626387834,8.673617379884035e-19,0.04208240564891442,4.117704401905372,True,1,0.02
revision_dfm_kalman_em,exact,2023:Q2:pre_third:exact,2023-09-27,pre_third,2023:Q2,T,S,0.023688545921455903,8.673617379884035e-19,0.04208240564891442,4.117704401905372,True,1,0.02
revision_dfm_kalman_em,exact,2023:Q2:pre_third:exact,2023-09-27,pre_third,2023:Q2,T,T,0.14201750225893883,8.673617379884035e-19,0.04208240564891442,4.117704401905372,True,1,0.02
indicator_revision_only_dfm_kalman_em,pseudo,2023:Q2:pre_third:pseudo,2023-09-30,pre_third,2023:Q2,A,A,0.41463880746429704,0.0,0.04433460838286408,4.104295092273422,True,1,0.02
indicator_revision_only_dfm_kalman_em,pseudo,2023:Q2:pre_third:pseudo,2023-09-30,pre_third,2023:Q2,A,M,0.024751792032582938,0.0,0.04433460838286408,4.104295092273422,True,1,0.02
indicator_revision_only_dfm_kalman_em,pseudo,2023:Q2:pre_third:pseudo,2023-09-30,pre_third,2023:Q2,A,S,0.024751792032582938,0.0,0.04433460838286408,4.104295092273422,True,1,0.02
indicator_revision_only_dfm_kalman_em,pseudo,2023:Q2:pre_third:pseudo,2023-09-30,pre_third,2023:Q2,A,T,0.024751792032582938,0.0,0.04433460838286408,4.104295092273422,True,1,0.02
indicator_revision_only_dfm_kalman_em,pseudo,2023:Q2:pre_third:pseudo,2023-09-30,pre_third,2023:Q2,M,A,0.024751792032582938,0.0,0.04433460838286408,4.104295092273422,True,1,0.02
indicator_revision_only_dfm_kalman_em,pseudo,2023:Q2:pre_third:pseudo,2023-09-30,pre_third,2023:Q2,M,M,4.1038170487209324,0.0,0.04433460838286408,4.104295092273422,True,1,0.02
indicator_revision_only_dfm_kalman_em,pseudo,2023:Q2:pre_third:pseudo,2023-09-30,pre_third,2023:Q2,M,S,0.024751792032582938,0.0,0.04433460838286408,4.104295092273422,True,1,0.02
indicator_revision_only_dfm_kalman_em,pseudo,2023:Q2:pre_third:pseudo,2023-09-30,pre_third,2023:Q2,M,T,0.024751792032582938,0.0,0.04433460838286408,4.104295092273422,True,1,0.02
indicator_revision_only_dfm_kalman_em,pseudo,2023:Q2:pre_third:pseudo,2023-09-30,pre_third,2023:Q2,S,A,0.024751792032582938,0.0,0.04433460838286408,4.104295092273422,True,1,0.02
indicator_revision_only_dfm_kalman_em,pseudo,2023:Q2:pre_third:pseudo,2023-09-30,pre_third,2023:Q2,S,M,0.024751792032582938,0.0,0.04433460838286408,4.104295092273422,True,1,0.02
indicator_revision_only_dfm_kalman_em,pseudo,2023:Q2:pre_third:pseudo,2023-09-30,pre_third,2023:Q2,S,S,0.051421977837795056,0.0,0.04433460838286408,4.104295092273422,True,1,0.02
indicator_revision_only_dfm_kalman_em,pseudo,2023:Q2:pre_third:pseudo,2023-09-30,pre_third,2023:Q2,S,T,0.024751792032582938,0.0,0.04433460838286408,4.104295092273422,True,1,0.02
indicator_revision_only_dfm_kalman_em,pseudo,2023:Q2:pre_third:pseudo,2023-09-30,pre_third,2023:Q2,T,A,0.024751792032582938,0.0,0.04433460838286408,4.104295092273422,True,1,0.02
indicator_revision_only_dfm_kalman_em,pseudo,2023:Q2:pre_third:pseudo,2023-09-30,pre_third,2023:Q2,T,M,0.024751792032582938,0.0,0.04433460838286408,4.104295092273422,True,1,0.02
indicator_revision_only_dfm_kalman_em,pseudo,2023:Q2:pre_third:pseudo,2023-09-30,pre_third,2023:Q2,T,S,0.024751792032582938,0.0,0.04433460838286408,4.104295092273422,True,1,0.02
indicator_revision_only_dfm_kalman_em,pseudo,2023:Q2:pre_third:pseudo,2023-09-30,pre_third,2023:Q2,T,T,0.14560871044934395,0.0,0.04433460838286408,4.104295092273422,True,1,0.02
joint_indicator_revision_dfm_full_kalman_em,pseudo,2023:Q2:pre_third:pseudo,2023-09-30,pre_third,2023:Q2,A,A,0.24377364325756598,6.938893903907228e-18,0.03221197884600122,4.12490763662864,True,1,0.02
joint_indicator_revision_dfm_full_kalman_em,pseudo,2023:Q2:pre_third:pseudo,2023-09-30,pre_third,2023:Q2,A,M,0.007511834278596533,6.938893903907228e-18,0.03221197884600122,4.12490763662864,True,1,0.02
joint_indicator_revision_dfm_full_kalman_em,pseudo,2023:Q2:pre_third:pseudo,2023-09-30,pre_third,2023:Q2,A,S,0.010122395206359547,6.938893903907228e-18,0.03221197884600122,4.12490763662864,True,1,0.02
joint_indicator_revision_dfm_full_kalman_em,pseudo,2023:Q2:pre_third:pseudo,2023-09-30,pre_third,2023:Q2,A,T,0.008556058649701739,6.938893903907228e-18,0.03221197884600122,4.12490763662864,True,1,0.02
joint_indicator_revision_dfm_full_kalman_em,pseudo,2023:Q2:pre_third:pseudo,2023-09-30,pre_third,2023:Q2,M,A,0.007511834278596533,6.938893903907228e-18,0.03221197884600122,4.12490763662864,True,1,0.02
joint_indicator_revision_dfm_full_kalman_em,pseudo,2023:Q2:pre_third:pseudo,2023-09-30,pre_third,2023:Q2,M,M,4.124735168370809,6.938893903907228e-18,0.03221197884600122,4.12490763662864,True,1,0.02
joint_indicator_revision_dfm_full_kalman_em,pseudo,2023:Q2:pre_third:pseudo,2023-09-30,pre_third,2023:Q2,M,S,0.017632605721905944,6.938893903907228e-18,0.03221197884600122,4.12490763662864,True,1,0.02
joint_indicator_revision_dfm_full_kalman_em,pseudo,2023:Q2:pre_third:pseudo,2023-09-30,pre_third,2023:Q2,M,T,0.017952209030642034,6.938893903907228e-18,0.03221197884600122,4.12490763662864,True,1,0.02
joint_indicator_revision_dfm_full_kalman_em,pseudo,2023:Q2:pre_third:pseudo,2023-09-30,pre_third,2023:Q2,S,A,0.010122395206359543,6.938893903907228e-18,0.03221197884600122,4.12490763662864,True,1,0.02
joint_indicator_revision_dfm_full_kalman_em,pseudo,2023:Q2:pre_third:pseudo,2023-09-30,pre_third,2023:Q2,S,M,0.017632605721905944,6.938893903907228e-18,0.03221197884600122,4.12490763662864,True,1,0.02
joint_indicator_revision_dfm_full_kalman_em,pseudo,2023:Q2:pre_third:pseudo,2023-09-30,pre_third,2023:Q2,S,S,0.03543201043717149,6.938893903907228e-18,0.03221197884600122,4.12490763662864,True,1,0.02
joint_indicator_revision_dfm_full_kalman_em,pseudo,2023:Q2:pre_third:pseudo,2023-09-30,pre_third,2023:Q2,S,T,0.017482401511595014,6.938893903907228e-18,0.03221197884600122,4.12490763662864,True,1,0.02
joint_indicator_revision_dfm_full_kalman_em,pseudo,2023:Q2:pre_third:pseudo,2023-09-30,pre_third,2023:Q2,T,A,0.008556058649701739,6.938893903907228e-18,0.03221197884600122,4.12490763662864,True,1,0.02
joint_indicator_revision_dfm_full_kalman_em,pseudo,2023:Q2:pre_third:pseudo,2023-09-30,pre_third,2023:Q2,T,M,0.017952209030642034,6.938893903907228e-18,0.03221197884600122,4.12490763662864,True,1,0.02
joint_indicator_revision_dfm_full_kalman_em,pseudo,2023:Q2:pre_third:pseudo,2023-09-30,pre_third,2023:Q2,T,S,0.01748240151159502,6.938893903907228e-18,0.03221197884600122,4.12490763662864,True,1,0.02
joint_indicator_revision_dfm_full_kalman_em,pseudo,2023:Q2:pre_third:pseudo,2023-09-30,pre_third,2023:Q2,T,T,0.141147556540679,6.938893903907228e-18,0.03221197884600122,4.12490763662864,True,1,0.02
monthly_mixed_frequency_kalman_em,pseudo,2023:Q2:pre_third:pseudo,2023-09-30,pre_third,2023:Q2,A,A,0.30661417854906003,0.0,0.05795315140692241,4.294482134038296,True,1,0.02
monthly_mixed_frequency_kalman_em,pseudo,2023:Q2:pre_third:pseudo,2023-09-30,pre_third,2023:Q2,A,M,-0.040549054470456904,0.0,0.05795315140692241,4.294482134038296,True,1,0.02
monthly_mixed_frequency_kalman_em,pseudo,2023:Q2:pre_third:pseudo,2023-09-30,pre_third,2023:Q2,A,S,0.029948231612251984,0.0,0.05795315140692241,4.294482134038296,True,1,0.02
monthly_mixed_frequency_kalman_em,pseudo,2023:Q2:pre_third:pseudo,2023-09-30,pre_third,2023:Q2,A,T,-0.008504833523771044,0.0,0.05795315140692241,4.294482134038296,True,1,0.02
monthly_mixed_frequency_kalman_em,pseudo,2023:Q2:pre_third:pseudo,2023-09-30,pre_third,2023:Q2,M,A,-0.040549054470456904,0.0,0.05795315140692241,4.294482134038296,True,1,0.02
monthly_mixed_frequency_kalman_em,pseudo,2023:Q2:pre_third:pseudo,2023-09-30,pre_third,2023:Q2,M,M,4.289161507224202,0.0,0.05795315140692241,4.294482134038296,True,1,0.02
monthly_mixed_frequency_kalman_em,pseudo,2023:Q2:pre_third:pseudo,2023-09-30,pre_third,2023:Q2,M,S,0.060886511635412144,0.0,0.05795315140692241,4.294482134038296,True,1,0.02
monthly_mixed_frequency_kalman_em,pseudo,2023:Q2:pre_third:pseudo,2023-09-30,pre_third,2023:Q2,M,T,0.1285102223726582,0.0,0.05795315140692241,4.294482134038296,True,1,0.02
monthly_mixed_frequency_kalman_em,pseudo,2023:Q2:pre_third:pseudo,2023-09-30,pre_third,2023:Q2,S,A,0.029948231612251984,0.0,0.05795315140692241,4.294482134038296,True,1,0.02
monthly_mixed_frequency_kalman_em,pseudo,2023:Q2:pre_third:pseudo,2023-09-30,pre_third,2023:Q2,S,M,0.060886511635412144,0.0,0.05795315140692241,4.294482134038296,True,1,0.02
monthly_mixed_frequency_kalman_em,pseudo,2023:Q2:pre_third:pseudo,2023-09-30,pre_third,2023:Q2,S,S,0.09517518993108175,0.0,0.05795315140692241,4.294482134038296,True,1,0.02
monthly_mixed_frequency_kalman_em,pseudo,2023:Q2:pre_third:pseudo,2023-09-30,pre_third,2023:Q2,S,T,0.053151941629622106,0.0,0.05795315140692241,4.294482134038296,True,1,0.02
monthly_mixed_frequency_kalman_em,pseudo,2023:Q2:pre_third:pseudo,2023-09-30,pre_third,2023:Q2,T,A,-0.008504833523771044,0.0,0.05795315140692241,4.294482134038296,True,1,0.02
monthly_mixed_frequency_kalman_em,pseudo,2023:Q2:pre_third:pseudo,2023-09-30,pre_third,2023:Q2,T,M,0.1285102223726582,0.0,0.05795315140692241,4.294482134038296,True,1,0.02
monthly_mixed_frequency_kalman_em,pseudo,2023:Q2:pre_third:pseudo,2023-09-30,pre_third,2023:Q2,T,S,0.053151941629622106,0.0,0.05795315140692241,4.294482134038296,True,1,0.02
monthly_mixed_frequency_kalman_em,pseudo,2023:Q2:pre_third:pseudo,2023-09-30,pre_third,2023:Q2,T,T,0.14566680028401682,0.0,0.05795315140692241,4.294482134038296,True,1,0.02
revision_dfm_kalman_em,pseudo,2023:Q2:pre_third:pseudo,2023-09-30,pre_third,2023:Q2,A,A,0.22571761780066568,8.673617379884035e-19,0.042080445623903145,4.1176808998312024,True,1,0.02
revision_dfm_kalman_em,pseudo,2023:Q2:pre_third:pseudo,2023-09-30,pre_third,2023:Q2,A,M,0.006089537494493033,8.673617379884035e-19,0.042080445623903145,4.1176808998312024,True,1,0.02
revision_dfm_kalman_em,pseudo,2023:Q2:pre_third:pseudo,2023-09-30,pre_third,2023:Q2,A,S,0.009757796217129636,8.673617379884035e-19,0.042080445623903145,4.1176808998312024,True,1,0.02
revision_dfm_kalman_em,pseudo,2023:Q2:pre_third:pseudo,2023-09-30,pre_third,2023:Q2,A,T,0.007556840983547674,8.673617379884035e-19,0.042080445623903145,4.1176808998312024,True,1,0.02
revision_dfm_kalman_em,pseudo,2023:Q2:pre_third:pseudo,2023-09-30,pre_third,2023:Q2,M,A,0.006089537494493033,8.673617379884035e-19,0.042080445623903145,4.1176808998312024,True,1,0.02
revision_dfm_kalman_em,pseudo,2023:Q2:pre_third:pseudo,2023-09-30,pre_third,2023:Q2,M,M,4.117376684914337,8.673617379884035e-19,0.042080445623903145,4.1176808998312024,True,1,0.02
revision_dfm_kalman_em,pseudo,2023:Q2:pre_third:pseudo,2023-09-30,pre_third,2023:Q2,M,S,0.023971237384517386,8.673617379884035e-19,0.042080445623903145,4.1176808998312024,True,1,0.02
revision_dfm_kalman_em,pseudo,2023:Q2:pre_third:pseudo,2023-09-30,pre_third,2023:Q2,M,T,0.024535922644202367,8.673617379884035e-19,0.042080445623903145,4.1176808998312024,True,1,0.02
revision_dfm_kalman_em,pseudo,2023:Q2:pre_third:pseudo,2023-09-30,pre_third,2023:Q2,S,A,0.009757796217129636,8.673617379884035e-19,0.042080445623903145,4.1176808998312024,True,1,0.02
revision_dfm_kalman_em,pseudo,2023:Q2:pre_third:pseudo,2023-09-30,pre_third,2023:Q2,S,M,0.023971237384517386,8.673617379884035e-19,0.042080445623903145,4.1176808998312024,True,1,0.02
revision_dfm_kalman_em,pseudo,2023:Q2:pre_third:pseudo,2023-09-30,pre_third,2023:Q2,S,S,0.04812051360127596,8.673617379884035e-19,0.042080445623903145,4.1176808998312024,True,1,0.02
revision_dfm_kalman_em,pseudo,2023:Q2:pre_third:pseudo,2023-09-30,pre_third,2023:Q2,S,T,0.02368696856116963,8.673617379884035e-19,0.042080445623903145,4.1176808998312024,True,1,0.02
revision_dfm_kalman_em,pseudo,2023:Q2:pre_third:pseudo,2023-09-30,pre_third,2023:Q2,T,A,0.007556840983547675,8.673617379884035e-19,0.042080445623903145,4.1176808998312024,True,1,0.02
revision_dfm_kalman_em,pseudo,2023:Q2:pre_third:pseudo,2023-09-30,pre_third,2023:Q2,T,M,0.024535922644202367,8.673617379884035e-19,0.042080445623903145,4.1176808998312024,True,1,0.02
revision_dfm_kalman_em,pseudo,2023:Q2:pre_third:pseudo,2023-09-30,pre_third,2023:Q2,T,S,0.02368696856116963,8.673617379884035e-19,0.042080445623903145,4.1176808998312024,True,1,0.02
revision_dfm_kalman_em,pseudo,2023:Q2:pre_third:pseudo,2023-09-30,pre_third,2023:Q2,T,T,0.1420222489989443,8.673617379884035e-19,0.042080445623903145,4.1176808998312024,True,1,0.02
indicator_revision_only_dfm_kalman_em,exact,2023:Q3:pre_advance:exact,2023-10-25,pre_advance,2023:Q3,A,A,3.265212982975709,0.0,0.06659357891743942,12.93834376908988,True,1,0.02
indicator_revision_only_dfm_kalman_em,exact,2023:Q3:pre_advance:exact,2023-10-25,pre_advance,2023:Q3,A,M,2.871875529421587,0.0,0.06659357891743942,12.93834376908988,True,1,0.02
indicator_revision_only_dfm_kalman_em,exact,2023:Q3:pre_advance:exact,2023-10-25,pre_advance,2023:Q3,A,S,2.871875529421587,0.0,0.06659357891743942,12.93834376908988,True,1,0.02
indicator_revision_only_dfm_kalman_em,exact,2023:Q3:pre_advance:exact,2023-10-25,pre_advance,2023:Q3,A,T,2.871875529421587,0.0,0.06659357891743942,12.93834376908988,True,1,0.02
indicator_revision_only_dfm_kalman_em,exact,2023:Q3:pre_advance:exact,2023-10-25,pre_advance,2023:Q3,M,A,2.871875529421587,0.0,0.06659357891743942,12.93834376908988,True,1,0.02
indicator_revision_only_dfm_kalman_em,exact,2023:Q3:pre_advance:exact,2023-10-25,pre_advance,2023:Q3,M,M,6.964040283732573,0.0,0.06659357891743942,12.93834376908988,True,1,0.02
indicator_revision_only_dfm_kalman_em,exact,2023:Q3:pre_advance:exact,2023-10-25,pre_advance,2023:Q3,M,S,2.871875529421587,0.0,0.06659357891743942,12.93834376908988,True,1,0.02
indicator_revision_only_dfm_kalman_em,exact,2023:Q3:pre_advance:exact,2023-10-25,pre_advance,2023:Q3,M,T,2.871875529421587,0.0,0.06659357891743942,12.93834376908988,True,1,0.02
indicator_revision_only_dfm_kalman_em,exact,2023:Q3:pre_advance:exact,2023-10-25,pre_advance,2023:Q3,S,A,2.871875529421587,0.0,0.06659357891743942,12.93834376908988,True,1,0.02
indicator_revision_only_dfm_kalman_em,exact,2023:Q3:pre_advance:exact,2023-10-25,pre_advance,2023:Q3,S,M,2.871875529421587,0.0,0.06659357891743942,12.93834376908988,True,1,0.02
indicator_revision_only_dfm_kalman_em,exact,2023:Q3:pre_advance:exact,2023-10-25,pre_advance,2023:Q3,S,S,2.8888317889682025,0.0,0.06659357891743942,12.93834376908988,True,1,0.02
indicator_revision_only_dfm_kalman_em,exact,2023:Q3:pre_advance:exact,2023-10-25,pre_advance,2023:Q3,S,T,2.871875529421587,0.0,0.06659357891743942,12.93834376908988,True,1,0.02
indicator_revision_only_dfm_kalman_em,exact,2023:Q3:pre_advance:exact,2023-10-25,pre_advance,2023:Q3,T,A,2.871875529421587,0.0,0.06659357891743942,12.93834376908988,True,1,0.02
indicator_revision_only_dfm_kalman_em,exact,2023:Q3:pre_advance:exact,2023-10-25,pre_advance,2023:Q3,T,M,2.871875529421587,0.0,0.06659357891743942,12.93834376908988,True,1,0.02
indicator_revision_only_dfm_kalman_em,exact,2023:Q3:pre_advance:exact,2023-10-25,pre_advance,2023:Q3,T,S,2.871875529421587,0.0,0.06659357891743942,12.93834376908988,True,1,0.02
indicator_revision_only_dfm_kalman_em,exact,2023:Q3:pre_advance:exact,2023-10-25,pre_advance,2023:Q3,T,T,2.9991155460891843,0.0,0.06659357891743942,12.93834376908988,True,1,0.02
joint_indicator_revision_dfm_full_kalman_em,exact,2023:Q3:pre_advance:exact,2023-10-25,pre_advance,2023:Q3,A,A,2.4915221205062097,4.440892098500626e-16,0.0646165270016583,13.043641148953704,True,1,0.02
joint_indicator_revision_dfm_full_kalman_em,exact,2023:Q3:pre_advance:exact,2023-10-25,pre_advance,2023:Q3,A,M,2.627083165129062,4.440892098500626e-16,0.0646165270016583,13.043641148953704,True,1,0.02
joint_indicator_revision_dfm_full_kalman_em,exact,2023:Q3:pre_advance:exact,2023-10-25,pre_advance,2023:Q3,A,S,2.612834326196618,4.440892098500626e-16,0.0646165270016583,13.043641148953704,True,1,0.02
joint_indicator_revision_dfm_full_kalman_em,exact,2023:Q3:pre_advance:exact,2023-10-25,pre_advance,2023:Q3,A,T,2.621383629556084,4.440892098500626e-16,0.0646165270016583,13.043641148953704,True,1,0.02
joint_indicator_revision_dfm_full_kalman_em,exact,2023:Q3:pre_advance:exact,2023-10-25,pre_advance,2023:Q3,M,A,2.627083165129062,4.440892098500626e-16,0.0646165270016583,13.043641148953704,True,1,0.02
joint_indicator_revision_dfm_full_kalman_em,exact,2023:Q3:pre_advance:exact,2023-10-25,pre_advance,2023:Q3,M,M,7.224541995257711,4.440892098500626e-16,0.0646165270016583,13.043641148953704,True,1,0.02
joint_indicator_revision_dfm_full_kalman_em,exact,2023:Q3:pre_advance:exact,2023-10-25,pre_advance,2023:Q3,M,S,3.104545536048308,4.440892098500626e-16,0.0646165270016583,13.043641148953704,True,1,0.02
joint_indicator_revision_dfm_full_kalman_em,exact,2023:Q3:pre_advance:exact,2023-10-25,pre_advance,2023:Q3,M,T,3.1196232951299687,4.440892098500626e-16,0.0646165270016583,13.043641148953704,True,1,0.02
joint_indicator_revision_dfm_full_kalman_em,exact,2023:Q3:pre_advance:exact,2023-10-25,pre_advance,2023:Q3,S,A,2.6128343261966176,4.440892098500626e-16,0.0646165270016583,13.043641148953704,True,1,0.02
joint_indicator_revision_dfm_full_kalman_em,exact,2023:Q3:pre_advance:exact,2023-10-25,pre_advance,2023:Q3,S,M,3.104545536048308,4.440892098500626e-16,0.0646165270016583,13.043641148953704,True,1,0.02
joint_indicator_revision_dfm_full_kalman_em,exact,2023:Q3:pre_advance:exact,2023-10-25,pre_advance,2023:Q3,S,S,3.100299924527667,4.440892098500626e-16,0.0646165270016583,13.043641148953704,True,1,0.02
joint_indicator_revision_dfm_full_kalman_em,exact,2023:Q3:pre_advance:exact,2023-10-25,pre_advance,2023:Q3,S,T,3.0947113118512743,4.440892098500626e-16,0.0646165270016583,13.043641148953704,True,1,0.02
joint_indicator_revision_dfm_full_kalman_em,exact,2023:Q3:pre_advance:exact,2023-10-25,pre_advance,2023:Q3,T,A,2.621383629556084,4.440892098500626e-16,0.0646165270016583,13.043641148953704,True,1,0.02
joint_indicator_revision_dfm_full_kalman_em,exact,2023:Q3:pre_advance:exact,2023-10-25,pre_advance,2023:Q3,T,M,3.1196232951299687,4.440892098500626e-16,0.0646165270016583,13.043641148953704,True,1,0.02
joint_indicator_revision_dfm_full_kalman_em,exact,2023:Q3:pre_advance:exact,2023-10-25,pre_advance,2023:Q3,T,S,3.0947113118512743,4.440892098500626e-16,0.0646165270016583,13.043641148953704,True,1,0.02
joint_indicator_revision_dfm_full_kalman_em,exact,2023:Q3:pre_advance:exact,2023-10-25,pre_advance,2023:Q3,T,T,3.2303224111824713,4.440892098500626e-16,0.0646165270016583,13.043641148953704,True,1,0.02
monthly_mixed_frequency_kalman_em,exact,2023:Q3:pre_advance:exact,2023-10-25,pre_advance,2023:Q3,A,A,4.476689152145218,0.0,0.06120635475343457,18.644029452561405,True,1,0.02
monthly_mixed_frequency_kalman_em,exact,2023:Q3:pre_advance:exact,2023-10-25,pre_advance,2023:Q3,A,M,4.183773284695473,0.0,0.06120635475343457,18.644029452561405,True,1,0.02
monthly_mixed_frequency_kalman_em,exact,2023:Q3:pre_advance:exact,2023-10-25,pre_advance,2023:Q3,A,S,4.226237277166474,0.0,0.06120635475343457,18.644029452561405,True,1,0.02
monthly_mixed_frequency_kalman_em,exact,2023:Q3:pre_advance:exact,2023-10-25,pre_advance,2023:Q3,A,T,4.203075099455019,0.0,0.06120635475343457,18.644029452561405,True,1,0.02
monthly_mixed_frequency_kalman_em,exact,2023:Q3:pre_advance:exact,2023-10-25,pre_advance,2023:Q3,M,A,4.183773284695473,0.0,0.06120635475343457,18.644029452561405,True,1,0.02
monthly_mixed_frequency_kalman_em,exact,2023:Q3:pre_advance:exact,2023-10-25,pre_advance,2023:Q3,M,M,8.692396276481135,0.0,0.06120635475343457,18.644029452561405,True,1,0.02
monthly_mixed_frequency_kalman_em,exact,2023:Q3:pre_advance:exact,2023-10-25,pre_advance,2023:Q3,M,S,4.3699609094047185,0.0,0.06120635475343457,18.644029452561405,True,1,0.02
monthly_mixed_frequency_kalman_em,exact,2023:Q3:pre_advance:exact,2023-10-25,pre_advance,2023:Q3,M,T,4.494085992544215,0.0,0.06120635475343457,18.644029452561405,True,1,0.02
monthly_mixed_frequency_kalman_em,exact,2023:Q3:pre_advance:exact,2023-10-25,pre_advance,2023:Q3,S,A,4.226237277166474,0.0,0.06120635475343457,18.644029452561405,True,1,0.02
monthly_mixed_frequency_kalman_em,exact,2023:Q3:pre_advance:exact,2023-10-25,pre_advance,2023:Q3,S,M,4.3699609094047185,0.0,0.06120635475343457,18.644029452561405,True,1,0.02
monthly_mixed_frequency_kalman_em,exact,2023:Q3:pre_advance:exact,2023-10-25,pre_advance,2023:Q3,S,S,4.34282982439999,0.0,0.06120635475343457,18.644029452561405,True,1,0.02
monthly_mixed_frequency_kalman_em,exact,2023:Q3:pre_advance:exact,2023-10-25,pre_advance,2023:Q3,S,T,4.334030001345157,0.0,0.06120635475343457,18.644029452561405,True,1,0.02
monthly_mixed_frequency_kalman_em,exact,2023:Q3:pre_advance:exact,2023-10-25,pre_advance,2023:Q3,T,A,4.203075099455019,0.0,0.06120635475343457,18.644029452561405,True,1,0.02
monthly_mixed_frequency_kalman_em,exact,2023:Q3:pre_advance:exact,2023-10-25,pre_advance,2023:Q3,T,M,4.494085992544215,0.0,0.06120635475343457,18.644029452561405,True,1,0.02
monthly_mixed_frequency_kalman_em,exact,2023:Q3:pre_advance:exact,2023-10-25,pre_advance,2023:Q3,T,S,4.334030001345157,0.0,0.06120635475343457,18.644029452561405,True,1,0.02
monthly_mixed_frequency_kalman_em,exact,2023:Q3:pre_advance:exact,2023-10-25,pre_advance,2023:Q3,T,T,4.471510180163053,0.0,0.06120635475343457,18.644029452561405,True,1,0.02
revision_dfm_kalman_em,exact,2023:Q3:pre_advance:exact,2023-10-25,pre_advance,2023:Q3,A,A,2.9727316374043555,0.0,0.06717274664212884,14.790721946680627,True,1,0.02
revision_dfm_kalman_em,exact,2023:Q3:pre_advance:exact,2023-10-25,pre_advance,2023:Q3,A,M,3.084420486585133,0.0,0.06717274664212884,14.790721946680627,True,1,0.02
revision_dfm_kalman_em,exact,2023:Q3:pre_advance:exact,2023-10-25,pre_advance,2023:Q3,A,S,3.0715438813152227,0.0,0.06717274664212884,14.790721946680627,True,1,0.02
revision_dfm_kalman_em,exact,2023:Q3:pre_advance:exact,2023-10-25,pre_advance,2023:Q3,A,T,3.0792698444771687,0.0,0.06717274664212884,14.790721946680627,True,1,0.02
revision_dfm_kalman_em,exact,2023:Q3:pre_advance:exact,2023-10-25,pre_advance,2023:Q3,M,A,3.084420486585133,0.0,0.06717274664212884,14.790721946680627,True,1,0.02
revision_dfm_kalman_em,exact,2023:Q3:pre_advance:exact,2023-10-25,pre_advance,2023:Q3,M,M,7.659295000434902,0.0,0.06717274664212884,14.790721946680627,True,1,0.02
revision_dfm_kalman_em,exact,2023:Q3:pre_advance:exact,2023-10-25,pre_advance,2023:Q3,M,S,3.5558291266349693,0.0,0.06717274664212884,14.790721946680627,True,1,0.02
revision_dfm_kalman_em,exact,2023:Q3:pre_advance:exact,2023-10-25,pre_advance,2023:Q3,M,T,3.570715715268122,0.0,0.06717274664212884,14.790721946680627,True,1,0.02
revision_dfm_kalman_em,exact,2023:Q3:pre_advance:exact,2023-10-25,pre_advance,2023:Q3,S,A,3.0715438813152227,0.0,0.06717274664212884,14.790721946680627,True,1,0.02
revision_dfm_kalman_em,exact,2023:Q3:pre_advance:exact,2023-10-25,pre_advance,2023:Q3,S,M,3.5558291266349693,0.0,0.06717274664212884,14.790721946680627,True,1,0.02
revision_dfm_kalman_em,exact,2023:Q3:pre_advance:exact,2023-10-25,pre_advance,2023:Q3,S,S,3.560553475134172,0.0,0.06717274664212884,14.790721946680627,True,1,0.02
revision_dfm_kalman_em,exact,2023:Q3:pre_advance:exact,2023-10-25,pre_advance,2023:Q3,S,T,3.5461434217285746,0.0,0.06717274664212884,14.790721946680627,True,1,0.02
revision_dfm_kalman_em,exact,2023:Q3:pre_advance:exact,2023-10-25,pre_advance,2023:Q3,T,A,3.0792698444771687,0.0,0.06717274664212884,14.790721946680627,True,1,0.02
revision_dfm_kalman_em,exact,2023:Q3:pre_advance:exact,2023-10-25,pre_advance,2023:Q3,T,M,3.570715715268122,0.0,0.06717274664212884,14.790721946680627,True,1,0.02
revision_dfm_kalman_em,exact,2023:Q3:pre_advance:exact,2023-10-25,pre_advance,2023:Q3,T,S,3.5461434217285746,0.0,0.06717274664212884,14.790721946680627,True,1,0.02
revision_dfm_kalman_em,exact,2023:Q3:pre_advance:exact,2023-10-25,pre_advance,2023:Q3,T,T,3.6747229546432134,0.0,0.06717274664212884,14.790721946680627,True,1,0.02
indicator_revision_only_dfm_kalman_em,pseudo,2023:Q3:pre_advance:pseudo,2023-10-31,pre_advance,2023:Q3,A,A,3.2601437415840464,0.0,0.06659156423332158,12.918656592504783,True,1,0.02
indicator_revision_only_dfm_kalman_em,pseudo,2023:Q3:pre_advance:pseudo,2023-10-31,pre_advance,2023:Q3,A,M,2.866806012036322,0.0,0.06659156423332158,12.918656592504783,True,1,0.02
indicator_revision_only_dfm_kalman_em,pseudo,2023:Q3:pre_advance:pseudo,2023-10-31,pre_advance,2023:Q3,A,S,2.866806012036322,0.0,0.06659156423332158,12.918656592504783,True,1,0.02
indicator_revision_only_dfm_kalman_em,pseudo,2023:Q3:pre_advance:pseudo,2023-10-31,pre_advance,2023:Q3,A,T,2.866806012036322,0.0,0.06659156423332158,12.918656592504783,True,1,0.02
indicator_revision_only_dfm_kalman_em,pseudo,2023:Q3:pre_advance:pseudo,2023-10-31,pre_advance,2023:Q3,M,A,2.866806012036322,0.0,0.06659156423332158,12.918656592504783,True,1,0.02
indicator_revision_only_dfm_kalman_em,pseudo,2023:Q3:pre_advance:pseudo,2023-10-31,pre_advance,2023:Q3,M,M,6.958977314437623,0.0,0.06659156423332158,12.918656592504783,True,1,0.02
indicator_revision_only_dfm_kalman_em,pseudo,2023:Q3:pre_advance:pseudo,2023-10-31,pre_advance,2023:Q3,M,S,2.866806012036322,0.0,0.06659156423332158,12.918656592504783,True,1,0.02
indicator_revision_only_dfm_kalman_em,pseudo,2023:Q3:pre_advance:pseudo,2023-10-31,pre_advance,2023:Q3,M,T,2.866806012036322,0.0,0.06659156423332158,12.918656592504783,True,1,0.02
indicator_revision_only_dfm_kalman_em,pseudo,2023:Q3:pre_advance:pseudo,2023-10-31,pre_advance,2023:Q3,S,A,2.866806012036322,0.0,0.06659156423332158,12.918656592504783,True,1,0.02
indicator_revision_only_dfm_kalman_em,pseudo,2023:Q3:pre_advance:pseudo,2023-10-31,pre_advance,2023:Q3,S,M,2.866806012036322,0.0,0.06659156423332158,12.918656592504783,True,1,0.02
indicator_revision_only_dfm_kalman_em,pseudo,2023:Q3:pre_advance:pseudo,2023-10-31,pre_advance,2023:Q3,S,S,2.883756829319326,0.0,0.06659156423332158,12.918656592504783,True,1,0.02
indicator_revision_only_dfm_kalman_em,pseudo,2023:Q3:pre_advance:pseudo,2023-10-31,pre_advance,2023:Q3,S,T,2.866806012036322,0.0,0.06659156423332158,12.918656592504783,True,1,0.02
indicator_revision_only_dfm_kalman_em,pseudo,2023:Q3:pre_advance:pseudo,2023-10-31,pre_advance,2023:Q3,T,A,2.866806012036322,0.0,0.06659156423332158,12.918656592504783,True,1,0.02
indicator_revision_only_dfm_kalman_em,pseudo,2023:Q3:pre_advance:pseudo,2023-10-31,pre_advance,2023:Q3,T,M,2.866806012036322,0.0,0.06659156423332158,12.918656592504783,True,1,0.02
indicator_revision_only_dfm_kalman_em,pseudo,2023:Q3:pre_advance:pseudo,2023-10-31,pre_advance,2023:Q3,T,S,2.866806012036322,0.0,0.06659156423332158,12.918656592504783,True,1,0.02
indicator_revision_only_dfm_kalman_em,pseudo,2023:Q3:pre_advance:pseudo,2023-10-31,pre_advance,2023:Q3,T,T,2.9940513150013164,0.0,0.06659156423332158,12.918656592504783,True,1,0.02
joint_indicator_revision_dfm_full_kalman_em,pseudo,2023:Q3:pre_advance:pseudo,2023-10-31,pre_advance,2023:Q3,A,A,2.4919080284415047,4.440892098500626e-16,0.06467767336083337,13.050717192715755,True,1,0.02
joint_indicator_revision_dfm_full_kalman_em,pseudo,2023:Q3:pre_advance:pseudo,2023-10-31,pre_advance,2023:Q3,A,M,2.6284078040431216,4.440892098500626e-16,0.06467767336083337,13.050717192715755,True,1,0.02
joint_indicator_revision_dfm_full_kalman_em,pseudo,2023:Q3:pre_advance:pseudo,2023-10-31,pre_advance,2023:Q3,A,S,2.6141555541218984,4.440892098500626e-16,0.06467767336083337,13.050717192715755,True,1,0.02
joint_indicator_revision_dfm_full_kalman_em,pseudo,2023:Q3:pre_advance:pseudo,2023-10-31,pre_advance,2023:Q3,A,T,2.622706904074632,4.440892098500626e-16,0.06467767336083337,13.050717192715755,True,1,0.02
joint_indicator_revision_dfm_full_kalman_em,pseudo,2023:Q3:pre_advance:pseudo,2023-10-31,pre_advance,2023:Q3,M,A,2.6284078040431216,4.440892098500626e-16,0.06467767336083337,13.050717192715755,True,1,0.02
joint_indicator_revision_dfm_full_kalman_em,pseudo,2023:Q3:pre_advance:pseudo,2023-10-31,pre_advance,2023:Q3,M,M,7.226387144260148,4.440892098500626e-16,0.06467767336083337,13.050717192715755,True,1,0.02
joint_indicator_revision_dfm_full_kalman_em,pseudo,2023:Q3:pre_advance:pseudo,2023-10-31,pre_advance,2023:Q3,M,S,3.1068143257532053,4.440892098500626e-16,0.06467767336083337,13.050717192715755,True,1,0.02
joint_indicator_revision_dfm_full_kalman_em,pseudo,2023:Q3:pre_advance:pseudo,2023-10-31,pre_advance,2023:Q3,M,T,3.1219219001229974,4.440892098500626e-16,0.06467767336083337,13.050717192715755,True,1,0.02
joint_indicator_revision_dfm_full_kalman_em,pseudo,2023:Q3:pre_advance:pseudo,2023-10-31,pre_advance,2023:Q3,S,A,2.614155554121899,4.440892098500626e-16,0.06467767336083337,13.050717192715755,True,1,0.02
joint_indicator_revision_dfm_full_kalman_em,pseudo,2023:Q3:pre_advance:pseudo,2023-10-31,pre_advance,2023:Q3,S,M,3.1068143257532053,4.440892098500626e-16,0.06467767336083337,13.050717192715755,True,1,0.02
joint_indicator_revision_dfm_full_kalman_em,pseudo,2023:Q3:pre_advance:pseudo,2023-10-31,pre_advance,2023:Q3,S,S,3.1027951499547033,4.440892098500626e-16,0.06467767336083337,13.050717192715755,True,1,0.02
joint_indicator_revision_dfm_full_kalman_em,pseudo,2023:Q3:pre_advance:pseudo,2023-10-31,pre_advance,2023:Q3,S,T,3.0969611503205794,4.440892098500626e-16,0.06467767336083337,13.050717192715755,True,1,0.02
joint_indicator_revision_dfm_full_kalman_em,pseudo,2023:Q3:pre_advance:pseudo,2023-10-31,pre_advance,2023:Q3,T,A,2.622706904074632,4.440892098500626e-16,0.06467767336083337,13.050717192715755,True,1,0.02
joint_indicator_revision_dfm_full_kalman_em,pseudo,2023:Q3:pre_advance:pseudo,2023-10-31,pre_advance,2023:Q3,T,M,3.1219219001229974,4.440892098500626e-16,0.06467767336083337,13.050717192715755,True,1,0.02
joint_indicator_revision_dfm_full_kalman_em,pseudo,2023:Q3:pre_advance:pseudo,2023-10-31,pre_advance,2023:Q3,T,S,3.0969611503205794,4.440892098500626e-16,0.06467767336083337,13.050717192715755,True,1,0.02
joint_indicator_revision_dfm_full_kalman_em,pseudo,2023:Q3:pre_advance:pseudo,2023-10-31,pre_advance,2023:Q3,T,T,3.232357798867368,4.440892098500626e-16,0.06467767336083337,13.050717192715755,True,1,0.02
monthly_mixed_frequency_kalman_em,pseudo,2023:Q3:pre_advance:pseudo,2023-10-31,pre_advance,2023:Q3,A,A,4.476584072820231,0.0,0.06120644536756081,18.643507101679106,True,1,0.02
monthly_mixed_frequency_kalman_em,pseudo,2023:Q3:pre_advance:pseudo,2023-10-31,pre_advance,2023:Q3,A,M,4.183646678263769,0.0,0.06120644536756081,18.643507101679106,True,1,0.02
monthly_mixed_frequency_kalman_em,pseudo,2023:Q3:pre_advance:pseudo,2023-10-31,pre_advance,2023:Q3,A,S,4.226122704612388,0.0,0.06120644536756081,18.643507101679106,True,1,0.02
monthly_mixed_frequency_kalman_em,pseudo,2023:Q3:pre_advance:pseudo,2023-10-31,pre_advance,2023:Q3,A,T,4.202953962967687,0.0,0.06120644536756081,18.643507101679106,True,1,0.02
monthly_mixed_frequency_kalman_em,pseudo,2023:Q3:pre_advance:pseudo,2023-10-31,pre_advance,2023:Q3,M,A,4.183646678263769,0.0,0.06120644536756081,18.643507101679106,True,1,0.02
monthly_mixed_frequency_kalman_em,pseudo,2023:Q3:pre_advance:pseudo,2023-10-31,pre_advance,2023:Q3,M,M,8.692240289945651,0.0,0.06120644536756081,18.643507101679106,True,1,0.02
monthly_mixed_frequency_kalman_em,pseudo,2023:Q3:pre_advance:pseudo,2023-10-31,pre_advance,2023:Q3,M,S,4.369821523677525,0.0,0.06120644536756081,18.643507101679106,True,1,0.02
monthly_mixed_frequency_kalman_em,pseudo,2023:Q3:pre_advance:pseudo,2023-10-31,pre_advance,2023:Q3,M,T,4.493938087286697,0.0,0.06120644536756081,18.643507101679106,True,1,0.02
monthly_mixed_frequency_kalman_em,pseudo,2023:Q3:pre_advance:pseudo,2023-10-31,pre_advance,2023:Q3,S,A,4.226122704612388,0.0,0.06120644536756081,18.643507101679106,True,1,0.02
monthly_mixed_frequency_kalman_em,pseudo,2023:Q3:pre_advance:pseudo,2023-10-31,pre_advance,2023:Q3,S,M,4.369821523677525,0.0,0.06120644536756081,18.643507101679106,True,1,0.02
monthly_mixed_frequency_kalman_em,pseudo,2023:Q3:pre_advance:pseudo,2023-10-31,pre_advance,2023:Q3,S,S,4.342704182981247,0.0,0.06120644536756081,18.643507101679106,True,1,0.02
monthly_mixed_frequency_kalman_em,pseudo,2023:Q3:pre_advance:pseudo,2023-10-31,pre_advance,2023:Q3,S,T,4.333896818911241,0.0,0.06120644536756081,18.643507101679106,True,1,0.02
monthly_mixed_frequency_kalman_em,pseudo,2023:Q3:pre_advance:pseudo,2023-10-31,pre_advance,2023:Q3,T,A,4.202953962967687,0.0,0.06120644536756081,18.643507101679106,True,1,0.02
monthly_mixed_frequency_kalman_em,pseudo,2023:Q3:pre_advance:pseudo,2023-10-31,pre_advance,2023:Q3,T,M,4.493938087286697,0.0,0.06120644536756081,18.643507101679106,True,1,0.02
monthly_mixed_frequency_kalman_em,pseudo,2023:Q3:pre_advance:pseudo,2023-10-31,pre_advance,2023:Q3,T,S,4.333896818911241,0.0,0.06120644536756081,18.643507101679106,True,1,0.02
monthly_mixed_frequency_kalman_em,pseudo,2023:Q3:pre_advance:pseudo,2023-10-31,pre_advance,2023:Q3,T,T,4.471369197110702,0.0,0.06120644536756081,18.643507101679106,True,1,0.02
revision_dfm_kalman_em,pseudo,2023:Q3:pre_advance:pseudo,2023-10-31,pre_advance,2023:Q3,A,A,2.9746493359023476,0.0,0.06717280571327261,14.79765929780153,True,1,0.02
revision_dfm_kalman_em,pseudo,2023:Q3:pre_advance:pseudo,2023-10-31,pre_advance,2023:Q3,A,M,3.086261406930681,0.0,0.06717280571327261,14.79765929780153,True,1,0.02
revision_dfm_kalman_em,pseudo,2023:Q3:pre_advance:pseudo,2023-10-31,pre_advance,2023:Q3,A,S,3.0733880786718655,0.0,0.06717280571327261,14.79765929780153,True,1,0.02
revision_dfm_kalman_em,pseudo,2023:Q3:pre_advance:pseudo,2023-10-31,pre_advance,2023:Q3,A,T,3.081112075627155,0.0,0.06717280571327261,14.79765929780153,True,1,0.02
revision_dfm_kalman_em,pseudo,2023:Q3:pre_advance:pseudo,2023-10-31,pre_advance,2023:Q3,M,A,3.086261406930681,0.0,0.06717280571327261,14.79765929780153,True,1,0.02
revision_dfm_kalman_em,pseudo,2023:Q3:pre_advance:pseudo,2023-10-31,pre_advance,2023:Q3,M,M,7.66104166221196,0.0,0.06717280571327261,14.79765929780153,True,1,0.02
revision_dfm_kalman_em,pseudo,2023:Q3:pre_advance:pseudo,2023-10-31,pre_advance,2023:Q3,M,S,3.5575818447894725,0.0,0.06717280571327261,14.79765929780153,True,1,0.02
revision_dfm_kalman_em,pseudo,2023:Q3:pre_advance:pseudo,2023-10-31,pre_advance,2023:Q3,M,T,3.5724656480902763,0.0,0.06717280571327261,14.79765929780153,True,1,0.02
revision_dfm_kalman_em,pseudo,2023:Q3:pre_advance:pseudo,2023-10-31,pre_advance,2023:Q3,S,A,3.0733880786718655,0.0,0.06717280571327261,14.79765929780153,True,1,0.02
revision_dfm_kalman_em,pseudo,2023:Q3:pre_advance:pseudo,2023-10-31,pre_advance,2023:Q3,S,M,3.5575818447894725,0.0,0.06717280571327261,14.79765929780153,True,1,0.02
revision_dfm_kalman_em,pseudo,2023:Q3:pre_advance:pseudo,2023-10-31,pre_advance,2023:Q3,S,S,3.5623098539149627,0.0,0.06717280571327261,14.79765929780153,True,1,0.02
revision_dfm_kalman_em,pseudo,2023:Q3:pre_advance:pseudo,2023-10-31,pre_advance,2023:Q3,S,T,3.54789796946712,0.0,0.06717280571327261,14.79765929780153,True,1,0.02
revision_dfm_kalman_em,pseudo,2023:Q3:pre_advance:pseudo,2023-10-31,pre_advance,2023:Q3,T,A,3.081112075627155,0.0,0.06717280571327261,14.79765929780153,True,1,0.02
revision_dfm_kalman_em,pseudo,2023:Q3:pre_advance:pseudo,2023-10-31,pre_advance,2023:Q3,T,M,3.5724656480902763,0.0,0.06717280571327261,14.79765929780153,True,1,0.02
revision_dfm_kalman_em,pseudo,2023:Q3:pre_advance:pseudo,2023-10-31,pre_advance,2023:Q3,T,S,3.54789796946712,0.0,0.06717280571327261,14.79765929780153,True,1,0.02
revision_dfm_kalman_em,pseudo,2023:Q3:pre_advance:pseudo,2023-10-31,pre_advance,2023:Q3,T,T,3.6764760755793775,0.0,0.06717280571327261,14.79765929780153,True,1,0.02
indicator_revision_only_dfm_kalman_em,exact,2023:Q3:pre_second:exact,2023-11-28,pre_second,2023:Q3,A,A,0.7400963855845781,0.0,0.06298521387848666,4.5471152175001865,True,1,0.02
indicator_revision_only_dfm_kalman_em,exact,2023:Q3:pre_second:exact,2023-11-28,pre_second,2023:Q3,A,M,0.3464946616415374,0.0,0.06298521387848666,4.5471152175001865,True,1,0.02
indicator_revision_only_dfm_kalman_em,exact,2023:Q3:pre_second:exact,2023-11-28,pre_second,2023:Q3,A,S,0.3464946616415374,0.0,0.06298521387848666,4.5471152175001865,True,1,0.02
indicator_revision_only_dfm_kalman_em,exact,2023:Q3:pre_second:exact,2023-11-28,pre_second,2023:Q3,A,T,0.3464946616415374,0.0,0.06298521387848666,4.5471152175001865,True,1,0.02
indicator_revision_only_dfm_kalman_em,exact,2023:Q3:pre_second:exact,2023-11-28,pre_second,2023:Q3,M,A,0.3464946616415374,0.0,0.06298521387848666,4.5471152175001865,True,1,0.02
indicator_revision_only_dfm_kalman_em,exact,2023:Q3:pre_second:exact,2023-11-28,pre_second,2023:Q3,M,M,4.438711767820633,0.0,0.06298521387848666,4.5471152175001865,True,1,0.02
indicator_revision_only_dfm_kalman_em,exact,2023:Q3:pre_second:exact,2023-11-28,pre_second,2023:Q3,M,S,0.3464946616415374,0.0,0.06298521387848666,4.5471152175001865,True,1,0.02
indicator_revision_only_dfm_kalman_em,exact,2023:Q3:pre_second:exact,2023-11-28,pre_second,2023:Q3,M,T,0.3464946616415374,0.0,0.06298521387848666,4.5471152175001865,True,1,0.02
indicator_revision_only_dfm_kalman_em,exact,2023:Q3:pre_second:exact,2023-11-28,pre_second,2023:Q3,S,A,0.3464946616415374,0.0,0.06298521387848666,4.5471152175001865,True,1,0.02
indicator_revision_only_dfm_kalman_em,exact,2023:Q3:pre_second:exact,2023-11-28,pre_second,2023:Q3,S,M,0.3464946616415374,0.0,0.06298521387848666,4.5471152175001865,True,1,0.02
indicator_revision_only_dfm_kalman_em,exact,2023:Q3:pre_second:exact,2023-11-28,pre_second,2023:Q3,S,S,0.3634495202044558,0.0,0.06298521387848666,4.5471152175001865,True,1,0.02
indicator_revision_only_dfm_kalman_em,exact,2023:Q3:pre_second:exact,2023-11-28,pre_second,2023:Q3,S,T,0.3464946616415374,0.0,0.06298521387848666,4.5471152175001865,True,1,0.02
indicator_revision_only_dfm_kalman_em,exact,2023:Q3:pre_second:exact,2023-11-28,pre_second,2023:Q3,T,A,0.3464946616415374,0.0,0.06298521387848666,4.5471152175001865,True,1,0.02
indicator_revision_only_dfm_kalman_em,exact,2023:Q3:pre_second:exact,2023-11-28,pre_second,2023:Q3,T,M,0.3464946616415374,0.0,0.06298521387848666,4.5471152175001865,True,1,0.02
indicator_revision_only_dfm_kalman_em,exact,2023:Q3:pre_second:exact,2023-11-28,pre_second,2023:Q3,T,S,0.3464946616415374,0.0,0.06298521387848666,4.5471152175001865,True,1,0.02
indicator_revision_only_dfm_kalman_em,exact,2023:Q3:pre_second:exact,2023-11-28,pre_second,2023:Q3,T,T,0.473722833820125,0.0,0.06298521387848666,4.5471152175001865,True,1,0.02
joint_indicator_revision_dfm_full_kalman_em,exact,2023:Q3:pre_second:exact,2023-11-28,pre_second,2023:Q3,A,A,0.2890497864505542,5.551115123125783e-17,0.06373148285015831,4.528887870585326,True,1,0.02
joint_indicator_revision_dfm_full_kalman_em,exact,2023:Q3:pre_second:exact,2023-11-28,pre_second,2023:Q3,A,M,0.15703244563311422,5.551115123125783e-17,0.06373148285015831,4.528887870585326,True,1,0.02
joint_indicator_revision_dfm_full_kalman_em,exact,2023:Q3:pre_second:exact,2023-11-28,pre_second,2023:Q3,A,S,0.15618822646996824,5.551115123125783e-17,0.06373148285015831,4.528887870585326,True,1,0.02
joint_indicator_revision_dfm_full_kalman_em,exact,2023:Q3:pre_second:exact,2023-11-28,pre_second,2023:Q3,A,T,0.15669475796785584,5.551115123125783e-17,0.06373148285015831,4.528887870585326,True,1,0.02
joint_indicator_revision_dfm_full_kalman_em,exact,2023:Q3:pre_second:exact,2023-11-28,pre_second,2023:Q3,M,A,0.15703244563311422,5.551115123125783e-17,0.06373148285015831,4.528887870585326,True,1,0.02
joint_indicator_revision_dfm_full_kalman_em,exact,2023:Q3:pre_second:exact,2023-11-28,pre_second,2023:Q3,M,M,4.454749396698303,5.551115123125783e-17,0.06373148285015831,4.528887870585326,True,1,0.02
joint_indicator_revision_dfm_full_kalman_em,exact,2023:Q3:pre_second:exact,2023-11-28,pre_second,2023:Q3,M,S,0.34928675812124454,5.551115123125783e-17,0.06373148285015831,4.528887870585326,True,1,0.02
joint_indicator_revision_dfm_full_kalman_em,exact,2023:Q3:pre_second:exact,2023-11-28,pre_second,2023:Q3,M,T,0.3553579469366591,5.551115123125783e-17,0.06373148285015831,4.528887870585326,True,1,0.02
joint_indicator_revision_dfm_full_kalman_em,exact,2023:Q3:pre_second:exact,2023-11-28,pre_second,2023:Q3,S,A,0.15618822646996827,5.551115123125783e-17,0.06373148285015831,4.528887870585326,True,1,0.02
joint_indicator_revision_dfm_full_kalman_em,exact,2023:Q3:pre_second:exact,2023-11-28,pre_second,2023:Q3,S,M,0.34928675812124454,5.551115123125783e-17,0.06373148285015831,4.528887870585326,True,1,0.02
joint_indicator_revision_dfm_full_kalman_em,exact,2023:Q3:pre_second:exact,2023-11-28,pre_second,2023:Q3,S,S,0.35971026532178935,5.551115123125783e-17,0.06373148285015831,4.528887870585326,True,1,0.02
joint_indicator_revision_dfm_full_kalman_em,exact,2023:Q3:pre_second:exact,2023-11-28,pre_second,2023:Q3,S,T,0.345424787488219,5.551115123125783e-17,0.06373148285015831,4.528887870585326,True,1,0.02
joint_indicator_revision_dfm_full_kalman_em,exact,2023:Q3:pre_second:exact,2023-11-28,pre_second,2023:Q3,T,A,0.1566947579678558,5.551115123125783e-17,0.06373148285015831,4.528887870585326,True,1,0.02
joint_indicator_revision_dfm_full_kalman_em,exact,2023:Q3:pre_second:exact,2023-11-28,pre_second,2023:Q3,T,M,0.3553579469366591,5.551115123125783e-17,0.06373148285015831,4.528887870585326,True,1,0.02
joint_indicator_revision_dfm_full_kalman_em,exact,2023:Q3:pre_second:exact,2023-11-28,pre_second,2023:Q3,T,S,0.3454247874882189,5.551115123125783e-17,0.06373148285015831,4.528887870585326,True,1,0.02
joint_indicator_revision_dfm_full_kalman_em,exact,2023:Q3:pre_second:exact,2023-11-28,pre_second,2023:Q3,T,T,0.47226636911103026,5.551115123125783e-17,0.06373148285015831,4.528887870585326,True,1,0.02
monthly_mixed_frequency_kalman_em,exact,2023:Q3:pre_second:exact,2023-11-28,pre_second,2023:Q3,A,A,0.4221751772612595,0.0,0.058499649794284264,4.9161396418884955,True,1,0.02
monthly_mixed_frequency_kalman_em,exact,2023:Q3:pre_second:exact,2023-11-28,pre_second,2023:Q3,A,M,0.20207933503776862,0.0,0.058499649794284264,4.9161396418884955,True,1,0.02
monthly_mixed_frequency_kalman_em,exact,2023:Q3:pre_second:exact,2023-11-28,pre_second,2023:Q3,A,S,0.20416936803913543,0.0,0.058499649794284264,4.9161396418884955,True,1,0.02
monthly_mixed_frequency_kalman_em,exact,2023:Q3:pre_second:exact,2023-11-28,pre_second,2023:Q3,A,T,0.2030293500383899,0.0,0.058499649794284264,4.9161396418884955,True,1,0.02
monthly_mixed_frequency_kalman_em,exact,2023:Q3:pre_second:exact,2023-11-28,pre_second,2023:Q3,M,A,0.20207933503776862,0.0,0.058499649794284264,4.9161396418884955,True,1,0.02
monthly_mixed_frequency_kalman_em,exact,2023:Q3:pre_second:exact,2023-11-28,pre_second,2023:Q3,M,M,4.781030806496022,0.0,0.058499649794284264,4.9161396418884955,True,1,0.02
monthly_mixed_frequency_kalman_em,exact,2023:Q3:pre_second:exact,2023-11-28,pre_second,2023:Q3,M,S,0.4201566530956039,0.0,0.058499649794284264,4.9161396418884955,True,1,0.02
monthly_mixed_frequency_kalman_em,exact,2023:Q3:pre_second:exact,2023-11-28,pre_second,2023:Q3,M,T,0.5655415318008276,0.0,0.058499649794284264,4.9161396418884955,True,1,0.02
monthly_mixed_frequency_kalman_em,exact,2023:Q3:pre_second:exact,2023-11-28,pre_second,2023:Q3,S,A,0.20416936803913543,0.0,0.058499649794284264,4.9161396418884955,True,1,0.02
monthly_mixed_frequency_kalman_em,exact,2023:Q3:pre_second:exact,2023-11-28,pre_second,2023:Q3,S,M,0.4201566530956039,0.0,0.058499649794284264,4.9161396418884955,True,1,0.02
monthly_mixed_frequency_kalman_em,exact,2023:Q3:pre_second:exact,2023-11-28,pre_second,2023:Q3,S,S,0.35312873698720865,0.0,0.058499649794284264,4.9161396418884955,True,1,0.02
monthly_mixed_frequency_kalman_em,exact,2023:Q3:pre_second:exact,2023-11-28,pre_second,2023:Q3,S,T,0.3661598318314868,0.0,0.058499649794284264,4.9161396418884955,True,1,0.02
monthly_mixed_frequency_kalman_em,exact,2023:Q3:pre_second:exact,2023-11-28,pre_second,2023:Q3,T,A,0.2030293500383899,0.0,0.058499649794284264,4.9161396418884955,True,1,0.02
monthly_mixed_frequency_kalman_em,exact,2023:Q3:pre_second:exact,2023-11-28,pre_second,2023:Q3,T,M,0.5655415318008276,0.0,0.058499649794284264,4.9161396418884955,True,1,0.02
monthly_mixed_frequency_kalman_em,exact,2023:Q3:pre_second:exact,2023-11-28,pre_second,2023:Q3,T,S,0.3661598318314868,0.0,0.058499649794284264,4.9161396418884955,True,1,0.02
monthly_mixed_frequency_kalman_em,exact,2023:Q3:pre_second:exact,2023-11-28,pre_second,2023:Q3,T,T,0.52525935727787,0.0,0.058499649794284264,4.9161396418884955,True,1,0.02
revision_dfm_kalman_em,exact,2023:Q3:pre_second:exact,2023-11-28,pre_second,2023:Q3,A,A,0.28623494914193537,2.7755575615628914e-17,0.0652958806067118,4.558115389013784,True,1,0.02
revision_dfm_kalman_em,exact,2023:Q3:pre_second:exact,2023-11-28,pre_second,2023:Q3,A,M,0.153029397157259,2.7755575615628914e-17,0.0652958806067118,4.558115389013784,True,1,0.02
revision_dfm_kalman_em,exact,2023:Q3:pre_second:exact,2023-11-28,pre_second,2023:Q3,A,S,0.1523517925777177,2.7755575615628914e-17,0.0652958806067118,4.558115389013784,True,1,0.02
revision_dfm_kalman_em,exact,2023:Q3:pre_second:exact,2023-11-28,pre_second,2023:Q3,A,T,0.15275835532544246,2.7755575615628914e-17,0.0652958806067118,4.558115389013784,True,1,0.02
revision_dfm_kalman_em,exact,2023:Q3:pre_second:exact,2023-11-28,pre_second,2023:Q3,M,A,0.153029397157259,2.7755575615628914e-17,0.0652958806067118,4.558115389013784,True,1,0.02
revision_dfm_kalman_em,exact,2023:Q3:pre_second:exact,2023-11-28,pre_second,2023:Q3,M,M,4.474281066884639,2.7755575615628914e-17,0.0652958806067118,4.558115389013784,True,1,0.02
revision_dfm_kalman_em,exact,2023:Q3:pre_second:exact,2023-11-28,pre_second,2023:Q3,M,S,0.3736291265228694,2.7755575615628914e-17,0.0652958806067118,4.558115389013784,True,1,0.02
revision_dfm_kalman_em,exact,2023:Q3:pre_second:exact,2023-11-28,pre_second,2023:Q3,M,T,0.3805954337659939,2.7755575615628914e-17,0.0652958806067118,4.558115389013784,True,1,0.02
revision_dfm_kalman_em,exact,2023:Q3:pre_second:exact,2023-11-28,pre_second,2023:Q3,S,A,0.15235179257771767,2.7755575615628914e-17,0.0652958806067118,4.558115389013784,True,1,0.02
revision_dfm_kalman_em,exact,2023:Q3:pre_second:exact,2023-11-28,pre_second,2023:Q3,S,M,0.3736291265228694,2.7755575615628914e-17,0.0652958806067118,4.558115389013784,True,1,0.02
revision_dfm_kalman_em,exact,2023:Q3:pre_second:exact,2023-11-28,pre_second,2023:Q3,S,S,0.38614936960074636,2.7755575615628914e-17,0.0652958806067118,4.558115389013784,True,1,0.02
revision_dfm_kalman_em,exact,2023:Q3:pre_second:exact,2023-11-28,pre_second,2023:Q3,S,T,0.36920357984396635,2.7755575615628914e-17,0.0652958806067118,4.558115389013784,True,1,0.02
revision_dfm_kalman_em,exact,2023:Q3:pre_second:exact,2023-11-28,pre_second,2023:Q3,T,A,0.15275835532544246,2.7755575615628914e-17,0.0652958806067118,4.558115389013784,True,1,0.02
revision_dfm_kalman_em,exact,2023:Q3:pre_second:exact,2023-11-28,pre_second,2023:Q3,T,M,0.3805954337659939,2.7755575615628914e-17,0.0652958806067118,4.558115389013784,True,1,0.02
revision_dfm_kalman_em,exact,2023:Q3:pre_second:exact,2023-11-28,pre_second,2023:Q3,T,S,0.36920357984396635,2.7755575615628914e-17,0.0652958806067118,4.558115389013784,True,1,0.02
revision_dfm_kalman_em,exact,2023:Q3:pre_second:exact,2023-11-28,pre_second,2023:Q3,T,T,0.49426660576690423,2.7755575615628914e-17,0.0652958806067118,4.558115389013784,True,1,0.02
indicator_revision_only_dfm_kalman_em,pseudo,2023:Q3:pre_second:pseudo,2023-11-30,pre_second,2023:Q3,A,A,0.7400935136653913,0.0,0.06298517698986816,4.547110842410263,True,1,0.02
indicator_revision_only_dfm_kalman_em,pseudo,2023:Q3:pre_second:pseudo,2023-11-30,pre_second,2023:Q3,A,M,0.3464921310548431,0.0,0.06298517698986816,4.547110842410263,True,1,0.02
indicator_revision_only_dfm_kalman_em,pseudo,2023:Q3:pre_second:pseudo,2023-11-30,pre_second,2023:Q3,A,S,0.3464921310548431,0.0,0.06298517698986816,4.547110842410263,True,1,0.02
indicator_revision_only_dfm_kalman_em,pseudo,2023:Q3:pre_second:pseudo,2023-11-30,pre_second,2023:Q3,A,T,0.3464921310548431,0.0,0.06298517698986816,4.547110842410263,True,1,0.02
indicator_revision_only_dfm_kalman_em,pseudo,2023:Q3:pre_second:pseudo,2023-11-30,pre_second,2023:Q3,M,A,0.3464921310548431,0.0,0.06298517698986816,4.547110842410263,True,1,0.02
indicator_revision_only_dfm_kalman_em,pseudo,2023:Q3:pre_second:pseudo,2023-11-30,pre_second,2023:Q3,M,M,4.438709084738723,0.0,0.06298517698986816,4.547110842410263,True,1,0.02
indicator_revision_only_dfm_kalman_em,pseudo,2023:Q3:pre_second:pseudo,2023-11-30,pre_second,2023:Q3,M,S,0.3464921310548431,0.0,0.06298517698986816,4.547110842410263,True,1,0.02
indicator_revision_only_dfm_kalman_em,pseudo,2023:Q3:pre_second:pseudo,2023-11-30,pre_second,2023:Q3,M,T,0.3464921310548431,0.0,0.06298517698986816,4.547110842410263,True,1,0.02
indicator_revision_only_dfm_kalman_em,pseudo,2023:Q3:pre_second:pseudo,2023-11-30,pre_second,2023:Q3,S,A,0.3464921310548431,0.0,0.06298517698986816,4.547110842410263,True,1,0.02
indicator_revision_only_dfm_kalman_em,pseudo,2023:Q3:pre_second:pseudo,2023-11-30,pre_second,2023:Q3,S,M,0.3464921310548431,0.0,0.06298517698986816,4.547110842410263,True,1,0.02
indicator_revision_only_dfm_kalman_em,pseudo,2023:Q3:pre_second:pseudo,2023-11-30,pre_second,2023:Q3,S,S,0.36344695469029825,0.0,0.06298517698986816,4.547110842410263,True,1,0.02
indicator_revision_only_dfm_kalman_em,pseudo,2023:Q3:pre_second:pseudo,2023-11-30,pre_second,2023:Q3,S,T,0.3464921310548431,0.0,0.06298517698986816,4.547110842410263,True,1,0.02
indicator_revision_only_dfm_kalman_em,pseudo,2023:Q3:pre_second:pseudo,2023-11-30,pre_second,2023:Q3,T,A,0.3464921310548431,0.0,0.06298517698986816,4.547110842410263,True,1,0.02
indicator_revision_only_dfm_kalman_em,pseudo,2023:Q3:pre_second:pseudo,2023-11-30,pre_second,2023:Q3,T,M,0.3464921310548431,0.0,0.06298517698986816,4.547110842410263,True,1,0.02
indicator_revision_only_dfm_kalman_em,pseudo,2023:Q3:pre_second:pseudo,2023-11-30,pre_second,2023:Q3,T,S,0.3464921310548431,0.0,0.06298517698986816,4.547110842410263,True,1,0.02
indicator_revision_only_dfm_kalman_em,pseudo,2023:Q3:pre_second:pseudo,2023-11-30,pre_second,2023:Q3,T,T,0.4737203610418712,0.0,0.06298517698986816,4.547110842410263,True,1,0.02
joint_indicator_revision_dfm_full_kalman_em,pseudo,2023:Q3:pre_second:pseudo,2023-11-30,pre_second,2023:Q3,A,A,0.2890463959610952,2.7755575615628914e-17,0.063731455348016,4.5289031970774145,True,1,0.02
joint_indicator_revision_dfm_full_kalman_em,pseudo,2023:Q3:pre_second:pseudo,2023-11-30,pre_second,2023:Q3,A,M,0.15703116529981637,2.7755575615628914e-17,0.063731455348016,4.5289031970774145,True,1,0.02
joint_indicator_revision_dfm_full_kalman_em,pseudo,2023:Q3:pre_second:pseudo,2023-11-30,pre_second,2023:Q3,A,S,0.15618690114426165,2.7755575615628914e-17,0.063731455348016,4.5289031970774145,True,1,0.02
joint_indicator_revision_dfm_full_kalman_em,pseudo,2023:Q3:pre_second:pseudo,2023-11-30,pre_second,2023:Q3,A,T,0.15669345963759448,2.7755575615628914e-17,0.063731455348016,4.5289031970774145,True,1,0.02
joint_indicator_revision_dfm_full_kalman_em,pseudo,2023:Q3:pre_second:pseudo,2023-11-30,pre_second,2023:Q3,M,A,0.15703116529981637,2.7755575615628914e-17,0.063731455348016,4.5289031970774145,True,1,0.02
joint_indicator_revision_dfm_full_kalman_em,pseudo,2023:Q3:pre_second:pseudo,2023-11-30,pre_second,2023:Q3,M,M,4.454761751065898,2.7755575615628914e-17,0.063731455348016,4.5289031970774145,True,1,0.02
joint_indicator_revision_dfm_full_kalman_em,pseudo,2023:Q3:pre_second:pseudo,2023-11-30,pre_second,2023:Q3,M,S,0.34929482473613227,2.7755575615628914e-17,0.063731455348016,4.5289031970774145,True,1,0.02
joint_indicator_revision_dfm_full_kalman_em,pseudo,2023:Q3:pre_second:pseudo,2023-11-30,pre_second,2023:Q3,M,T,0.35536630871833175,2.7755575615628914e-17,0.063731455348016,4.5289031970774145,True,1,0.02
joint_indicator_revision_dfm_full_kalman_em,pseudo,2023:Q3:pre_second:pseudo,2023-11-30,pre_second,2023:Q3,S,A,0.15618690114426168,2.7755575615628914e-17,0.063731455348016,4.5289031970774145,True,1,0.02
joint_indicator_revision_dfm_full_kalman_em,pseudo,2023:Q3:pre_second:pseudo,2023-11-30,pre_second,2023:Q3,S,M,0.34929482473613227,2.7755575615628914e-17,0.063731455348016,4.5289031970774145,True,1,0.02
joint_indicator_revision_dfm_full_kalman_em,pseudo,2023:Q3:pre_second:pseudo,2023-11-30,pre_second,2023:Q3,S,S,0.3597170983993129,2.7755575615628914e-17,0.063731455348016,4.5289031970774145,True,1,0.02
joint_indicator_revision_dfm_full_kalman_em,pseudo,2023:Q3:pre_second:pseudo,2023-11-30,pre_second,2023:Q3,S,T,0.34543266626429486,2.7755575615628914e-17,0.063731455348016,4.5289031970774145,True,1,0.02
joint_indicator_revision_dfm_full_kalman_em,pseudo,2023:Q3:pre_second:pseudo,2023-11-30,pre_second,2023:Q3,T,A,0.15669345963759448,2.7755575615628914e-17,0.063731455348016,4.5289031970774145,True,1,0.02
joint_indicator_revision_dfm_full_kalman_em,pseudo,2023:Q3:pre_second:pseudo,2023-11-30,pre_second,2023:Q3,T,M,0.35536630871833175,2.7755575615628914e-17,0.063731455348016,4.5289031970774145,True,1,0.02
joint_indicator_revision_dfm_full_kalman_em,pseudo,2023:Q3:pre_second:pseudo,2023-11-30,pre_second,2023:Q3,T,S,0.34543266626429486,2.7755575615628914e-17,0.063731455348016,4.5289031970774145,True,1,0.02
joint_indicator_revision_dfm_full_kalman_em,pseudo,2023:Q3:pre_second:pseudo,2023-11-30,pre_second,2023:Q3,T,T,0.4722752979988271,2.7755575615628914e-17,0.063731455348016,4.5289031970774145,True,1,0.02
monthly_mixed_frequency_kalman_em,pseudo,2023:Q3:pre_second:pseudo,2023-11-30,pre_second,2023:Q3,A,A,0.4221542798940682,0.0,0.058500165848596866,4.9161469694274995,True,1,0.02
monthly_mixed_frequency_kalman_em,pseudo,2023:Q3:pre_second:pseudo,2023-11-30,pre_second,2023:Q3,A,M,0.2020706602200957,0.0,0.058500165848596866,4.9161469694274995,True,1,0.02
monthly_mixed_frequency_kalman_em,pseudo,2023:Q3:pre_second:pseudo,2023-11-30,pre_second,2023:Q3,A,S,0.2041596447924522,0.0,0.058500165848596866,4.9161469694274995,True,1,0.02
monthly_mixed_frequency_kalman_em,pseudo,2023:Q3:pre_second:pseudo,2023-11-30,pre_second,2023:Q3,A,T,0.20302019866207593,0.0,0.058500165848596866,4.9161469694274995,True,1,0.02
monthly_mixed_frequency_kalman_em,pseudo,2023:Q3:pre_second:pseudo,2023-11-30,pre_second,2023:Q3,M,A,0.2020706602200957,0.0,0.058500165848596866,4.9161469694274995,True,1,0.02
monthly_mixed_frequency_kalman_em,pseudo,2023:Q3:pre_second:pseudo,2023-11-30,pre_second,2023:Q3,M,M,4.781040099524165,0.0,0.058500165848596866,4.9161469694274995,True,1,0.02
monthly_mixed_frequency_kalman_em,pseudo,2023:Q3:pre_second:pseudo,2023-11-30,pre_second,2023:Q3,M,S,0.42015398067911114,0.0,0.058500165848596866,4.9161469694274995,True,1,0.02
monthly_mixed_frequency_kalman_em,pseudo,2023:Q3:pre_second:pseudo,2023-11-30,pre_second,2023:Q3,M,T,0.5655428609851215,0.0,0.058500165848596866,4.9161469694274995,True,1,0.02
monthly_mixed_frequency_kalman_em,pseudo,2023:Q3:pre_second:pseudo,2023-11-30,pre_second,2023:Q3,S,A,0.2041596447924522,0.0,0.058500165848596866,4.9161469694274995,True,1,0.02
monthly_mixed_frequency_kalman_em,pseudo,2023:Q3:pre_second:pseudo,2023-11-30,pre_second,2023:Q3,S,M,0.42015398067911114,0.0,0.058500165848596866,4.9161469694274995,True,1,0.02
monthly_mixed_frequency_kalman_em,pseudo,2023:Q3:pre_second:pseudo,2023-11-30,pre_second,2023:Q3,S,S,0.3531236494765777,0.0,0.058500165848596866,4.9161469694274995,True,1,0.02
monthly_mixed_frequency_kalman_em,pseudo,2023:Q3:pre_second:pseudo,2023-11-30,pre_second,2023:Q3,S,T,0.3661553967074464,0.0,0.058500165848596866,4.9161469694274995,True,1,0.02
monthly_mixed_frequency_kalman_em,pseudo,2023:Q3:pre_second:pseudo,2023-11-30,pre_second,2023:Q3,T,A,0.20302019866207593,0.0,0.058500165848596866,4.9161469694274995,True,1,0.02
monthly_mixed_frequency_kalman_em,pseudo,2023:Q3:pre_second:pseudo,2023-11-30,pre_second,2023:Q3,T,M,0.5655428609851215,0.0,0.058500165848596866,4.9161469694274995,True,1,0.02
monthly_mixed_frequency_kalman_em,pseudo,2023:Q3:pre_second:pseudo,2023-11-30,pre_second,2023:Q3,T,S,0.3661553967074464,0.0,0.058500165848596866,4.9161469694274995,True,1,0.02
monthly_mixed_frequency_kalman_em,pseudo,2023:Q3:pre_second:pseudo,2023-11-30,pre_second,2023:Q3,T,T,0.5252575291326929,0.0,0.058500165848596866,4.9161469694274995,True,1,0.02
revision_dfm_kalman_em,pseudo,2023:Q3:pre_second:pseudo,2023-11-30,pre_second,2023:Q3,A,A,0.2862507439663264,0.0,0.06529593193303007,4.5581209505849705,True,1,0.02
revision_dfm_kalman_em,pseudo,2023:Q3:pre_second:pseudo,2023-11-30,pre_second,2023:Q3,A,M,0.1530369841140387,0.0,0.06529593193303007,4.5581209505849705,True,1,0.02
revision_dfm_kalman_em,pseudo,2023:Q3:pre_second:pseudo,2023-11-30,pre_second,2023:Q3,A,S,0.15235933919997371,0.0,0.06529593193303007,4.5581209505849705,True,1,0.02
revision_dfm_kalman_em,pseudo,2023:Q3:pre_second:pseudo,2023-11-30,pre_second,2023:Q3,A,T,0.15276592614841272,0.0,0.06529593193303007,4.5581209505849705,True,1,0.02
revision_dfm_kalman_em,pseudo,2023:Q3:pre_second:pseudo,2023-11-30,pre_second,2023:Q3,M,A,0.1530369841140387,0.0,0.06529593193303007,4.5581209505849705,True,1,0.02
revision_dfm_kalman_em,pseudo,2023:Q3:pre_second:pseudo,2023-11-30,pre_second,2023:Q3,M,M,4.4742844108811894,0.0,0.06529593193303007,4.5581209505849705,True,1,0.02
revision_dfm_kalman_em,pseudo,2023:Q3:pre_second:pseudo,2023-11-30,pre_second,2023:Q3,M,S,0.37363255605780116,0.0,0.06529593193303007,4.5581209505849705,True,1,0.02
revision_dfm_kalman_em,pseudo,2023:Q3:pre_second:pseudo,2023-11-30,pre_second,2023:Q3,M,T,0.38059873201391997,0.0,0.06529593193303007,4.5581209505849705,True,1,0.02
revision_dfm_kalman_em,pseudo,2023:Q3:pre_second:pseudo,2023-11-30,pre_second,2023:Q3,S,A,0.15235933919997371,0.0,0.06529593193303007,4.5581209505849705,True,1,0.02
revision_dfm_kalman_em,pseudo,2023:Q3:pre_second:pseudo,2023-11-30,pre_second,2023:Q3,S,M,0.37363255605780116,0.0,0.06529593193303007,4.5581209505849705,True,1,0.02
revision_dfm_kalman_em,pseudo,2023:Q3:pre_second:pseudo,2023-11-30,pre_second,2023:Q3,S,S,0.38615262939786543,0.0,0.06529593193303007,4.5581209505849705,True,1,0.02
revision_dfm_kalman_em,pseudo,2023:Q3:pre_second:pseudo,2023-11-30,pre_second,2023:Q3,S,T,0.3692070917206446,0.0,0.06529593193303007,4.5581209505849705,True,1,0.02
revision_dfm_kalman_em,pseudo,2023:Q3:pre_second:pseudo,2023-11-30,pre_second,2023:Q3,T,A,0.15276592614841272,0.0,0.06529593193303007,4.5581209505849705,True,1,0.02
revision_dfm_kalman_em,pseudo,2023:Q3:pre_second:pseudo,2023-11-30,pre_second,2023:Q3,T,M,0.38059873201391997,0.0,0.06529593193303007,4.5581209505849705,True,1,0.02
revision_dfm_kalman_em,pseudo,2023:Q3:pre_second:pseudo,2023-11-30,pre_second,2023:Q3,T,S,0.3692070917206446,0.0,0.06529593193303007,4.5581209505849705,True,1,0.02
revision_dfm_kalman_em,pseudo,2023:Q3:pre_second:pseudo,2023-11-30,pre_second,2023:Q3,T,T,0.4942706030238661,0.0,0.06529593193303007,4.5581209505849705,True,1,0.02
indicator_revision_only_dfm_kalman_em,exact,2023:Q3:pre_third:exact,2023-12-20,pre_third,2023:Q3,A,A,0.4072235587623827,0.0,0.027364170205152548,4.110711405655912,True,1,0.02
indicator_revision_only_dfm_kalman_em,exact,2023:Q3:pre_third:exact,2023-12-20,pre_third,2023:Q3,A,M,0.014515190292554563,0.0,0.027364170205152548,4.110711405655912,True,1,0.02
indicator_revision_only_dfm_kalman_em,exact,2023:Q3:pre_third:exact,2023-12-20,pre_third,2023:Q3,A,S,0.014515190292554563,0.0,0.027364170205152548,4.110711405655912,True,1,0.02
indicator_revision_only_dfm_kalman_em,exact,2023:Q3:pre_third:exact,2023-12-20,pre_third,2023:Q3,A,T,0.014515190292554563,0.0,0.027364170205152548,4.110711405655912,True,1,0.02
indicator_revision_only_dfm_kalman_em,exact,2023:Q3:pre_third:exact,2023-12-20,pre_third,2023:Q3,M,A,0.014515190292554563,0.0,0.027364170205152548,4.110711405655912,True,1,0.02
indicator_revision_only_dfm_kalman_em,exact,2023:Q3:pre_third:exact,2023-12-20,pre_third,2023:Q3,M,M,4.110548578307495,0.0,0.027364170205152548,4.110711405655912,True,1,0.02
indicator_revision_only_dfm_kalman_em,exact,2023:Q3:pre_third:exact,2023-12-20,pre_third,2023:Q3,M,S,0.014515190292554563,0.0,0.027364170205152548,4.110711405655912,True,1,0.02
indicator_revision_only_dfm_kalman_em,exact,2023:Q3:pre_third:exact,2023-12-20,pre_third,2023:Q3,M,T,0.014515190292554563,0.0,0.027364170205152548,4.110711405655912,True,1,0.02
indicator_revision_only_dfm_kalman_em,exact,2023:Q3:pre_third:exact,2023-12-20,pre_third,2023:Q3,S,A,0.014515190292554563,0.0,0.027364170205152548,4.110711405655912,True,1,0.02
indicator_revision_only_dfm_kalman_em,exact,2023:Q3:pre_third:exact,2023-12-20,pre_third,2023:Q3,S,M,0.014515190292554563,0.0,0.027364170205152548,4.110711405655912,True,1,0.02
indicator_revision_only_dfm_kalman_em,exact,2023:Q3:pre_third:exact,2023-12-20,pre_third,2023:Q3,S,S,0.02964693001911489,0.0,0.027364170205152548,4.110711405655912,True,1,0.02
indicator_revision_only_dfm_kalman_em,exact,2023:Q3:pre_third:exact,2023-12-20,pre_third,2023:Q3,S,T,0.014515190292554563,0.0,0.027364170205152548,4.110711405655912,True,1,0.02
indicator_revision_only_dfm_kalman_em,exact,2023:Q3:pre_third:exact,2023-12-20,pre_third,2023:Q3,T,A,0.014515190292554563,0.0,0.027364170205152548,4.110711405655912,True,1,0.02
indicator_revision_only_dfm_kalman_em,exact,2023:Q3:pre_third:exact,2023-12-20,pre_third,2023:Q3,T,M,0.014515190292554563,0.0,0.027364170205152548,4.110711405655912,True,1,0.02
indicator_revision_only_dfm_kalman_em,exact,2023:Q3:pre_third:exact,2023-12-20,pre_third,2023:Q3,T,S,0.014515190292554563,0.0,0.027364170205152548,4.110711405655912,True,1,0.02
indicator_revision_only_dfm_kalman_em,exact,2023:Q3:pre_third:exact,2023-12-20,pre_third,2023:Q3,T,T,0.14315920384125197,0.0,0.027364170205152548,4.110711405655912,True,1,0.02
joint_indicator_revision_dfm_full_kalman_em,exact,2023:Q3:pre_third:exact,2023-12-20,pre_third,2023:Q3,A,A,0.24279274706002565,0.0,0.031970416711804936,4.119489402031029,True,1,0.02
joint_indicator_revision_dfm_full_kalman_em,exact,2023:Q3:pre_third:exact,2023-12-20,pre_third,2023:Q3,A,M,0.007446786101694916,0.0,0.031970416711804936,4.119489402031029,True,1,0.02
joint_indicator_revision_dfm_full_kalman_em,exact,2023:Q3:pre_third:exact,2023-12-20,pre_third,2023:Q3,A,S,0.010061802804446986,0.0,0.031970416711804936,4.119489402031029,True,1,0.02
joint_indicator_revision_dfm_full_kalman_em,exact,2023:Q3:pre_third:exact,2023-12-20,pre_third,2023:Q3,A,T,0.008492792782795744,0.0,0.031970416711804936,4.119489402031029,True,1,0.02
joint_indicator_revision_dfm_full_kalman_em,exact,2023:Q3:pre_third:exact,2023-12-20,pre_third,2023:Q3,M,A,0.007446786101694916,0.0,0.031970416711804936,4.119489402031029,True,1,0.02
joint_indicator_revision_dfm_full_kalman_em,exact,2023:Q3:pre_third:exact,2023-12-20,pre_third,2023:Q3,M,M,4.119319462745494,0.0,0.031970416711804936,4.119489402031029,True,1,0.02
joint_indicator_revision_dfm_full_kalman_em,exact,2023:Q3:pre_third:exact,2023-12-20,pre_third,2023:Q3,M,S,0.01749355133216265,0.0,0.031970416711804936,4.119489402031029,True,1,0.02
joint_indicator_revision_dfm_full_kalman_em,exact,2023:Q3:pre_third:exact,2023-12-20,pre_third,2023:Q3,M,T,0.017810817602598474,0.0,0.031970416711804936,4.119489402031029,True,1,0.02
joint_indicator_revision_dfm_full_kalman_em,exact,2023:Q3:pre_third:exact,2023-12-20,pre_third,2023:Q3,S,A,0.010061802804446986,0.0,0.031970416711804936,4.119489402031029,True,1,0.02
joint_indicator_revision_dfm_full_kalman_em,exact,2023:Q3:pre_third:exact,2023-12-20,pre_third,2023:Q3,S,M,0.01749355133216265,0.0,0.031970416711804936,4.119489402031029,True,1,0.02
joint_indicator_revision_dfm_full_kalman_em,exact,2023:Q3:pre_third:exact,2023-12-20,pre_third,2023:Q3,S,S,0.03515313019697694,0.0,0.031970416711804936,4.119489402031029,True,1,0.02
joint_indicator_revision_dfm_full_kalman_em,exact,2023:Q3:pre_third:exact,2023-12-20,pre_third,2023:Q3,S,T,0.01734491636160834,0.0,0.031970416711804936,4.119489402031029,True,1,0.02
joint_indicator_revision_dfm_full_kalman_em,exact,2023:Q3:pre_third:exact,2023-12-20,pre_third,2023:Q3,T,A,0.008492792782795744,0.0,0.031970416711804936,4.119489402031029,True,1,0.02
joint_indicator_revision_dfm_full_kalman_em,exact,2023:Q3:pre_third:exact,2023-12-20,pre_third,2023:Q3,T,M,0.017810817602598474,0.0,0.031970416711804936,4.119489402031029,True,1,0.02
joint_indicator_revision_dfm_full_kalman_em,exact,2023:Q3:pre_third:exact,2023-12-20,pre_third,2023:Q3,T,S,0.01734491636160834,0.0,0.031970416711804936,4.119489402031029,True,1,0.02
joint_indicator_revision_dfm_full_kalman_em,exact,2023:Q3:pre_third:exact,2023-12-20,pre_third,2023:Q3,T,T,0.14052393022800194,0.0,0.031970416711804936,4.119489402031029,True,1,0.02
monthly_mixed_frequency_kalman_em,exact,2023:Q3:pre_third:exact,2023-12-20,pre_third,2023:Q3,A,A,0.3019461746162167,0.0,0.05800136614625365,4.287083830031407,True,1,0.02
monthly_mixed_frequency_kalman_em,exact,2023:Q3:pre_third:exact,2023-12-20,pre_third,2023:Q3,A,M,-0.04050860095085415,0.0,0.05800136614625365,4.287083830031407,True,1,0.02
monthly_mixed_frequency_kalman_em,exact,2023:Q3:pre_third:exact,2023-12-20,pre_third,2023:Q3,A,S,0.029909277671164778,0.0,0.05800136614625365,4.287083830031407,True,1,0.02
monthly_mixed_frequency_kalman_em,exact,2023:Q3:pre_third:exact,2023-12-20,pre_third,2023:Q3,A,T,-0.008500474304481908,0.0,0.05800136614625365,4.287083830031407,True,1,0.02
monthly_mixed_frequency_kalman_em,exact,2023:Q3:pre_third:exact,2023-12-20,pre_third,2023:Q3,M,A,-0.04050860095085415,0.0,0.05800136614625365,4.287083830031407,True,1,0.02
monthly_mixed_frequency_kalman_em,exact,2023:Q3:pre_third:exact,2023-12-20,pre_third,2023:Q3,M,M,4.2816320864029285,0.0,0.05800136614625365,4.287083830031407,True,1,0.02
monthly_mixed_frequency_kalman_em,exact,2023:Q3:pre_third:exact,2023-12-20,pre_third,2023:Q3,M,S,0.06180474277648628,0.0,0.05800136614625365,4.287083830031407,True,1,0.02
monthly_mixed_frequency_kalman_em,exact,2023:Q3:pre_third:exact,2023-12-20,pre_third,2023:Q3,M,T,0.13001363859471327,0.0,0.05800136614625365,4.287083830031407,True,1,0.02
monthly_mixed_frequency_kalman_em,exact,2023:Q3:pre_third:exact,2023-12-20,pre_third,2023:Q3,S,A,0.029909277671164778,0.0,0.05800136614625365,4.287083830031407,True,1,0.02
monthly_mixed_frequency_kalman_em,exact,2023:Q3:pre_third:exact,2023-12-20,pre_third,2023:Q3,S,M,0.06180474277648628,0.0,0.05800136614625365,4.287083830031407,True,1,0.02
monthly_mixed_frequency_kalman_em,exact,2023:Q3:pre_third:exact,2023-12-20,pre_third,2023:Q3,S,S,0.09619328963644103,0.0,0.05800136614625365,4.287083830031407,True,1,0.02
monthly_mixed_frequency_kalman_em,exact,2023:Q3:pre_third:exact,2023-12-20,pre_third,2023:Q3,S,T,0.05383087650015591,0.0,0.05800136614625365,4.287083830031407,True,1,0.02
monthly_mixed_frequency_kalman_em,exact,2023:Q3:pre_third:exact,2023-12-20,pre_third,2023:Q3,T,A,-0.008500474304481908,0.0,0.05800136614625365,4.287083830031407,True,1,0.02
monthly_mixed_frequency_kalman_em,exact,2023:Q3:pre_third:exact,2023-12-20,pre_third,2023:Q3,T,M,0.13001363859471327,0.0,0.05800136614625365,4.287083830031407,True,1,0.02
monthly_mixed_frequency_kalman_em,exact,2023:Q3:pre_third:exact,2023-12-20,pre_third,2023:Q3,T,S,0.05383087650015591,0.0,0.05800136614625365,4.287083830031407,True,1,0.02
monthly_mixed_frequency_kalman_em,exact,2023:Q3:pre_third:exact,2023-12-20,pre_third,2023:Q3,T,T,0.1456353512666994,0.0,0.05800136614625365,4.287083830031407,True,1,0.02
revision_dfm_kalman_em,exact,2023:Q3:pre_third:exact,2023-12-20,pre_third,2023:Q3,A,A,0.22465131867803317,1.734723475976807e-18,0.04728017473752344,4.107636259140664,True,1,0.02
revision_dfm_kalman_em,exact,2023:Q3:pre_third:exact,2023-12-20,pre_third,2023:Q3,A,M,0.007661984282407801,1.734723475976807e-18,0.04728017473752344,4.107636259140664,True,1,0.02
revision_dfm_kalman_em,exact,2023:Q3:pre_third:exact,2023-12-20,pre_third,2023:Q3,A,S,0.011260038706834539,1.734723475976807e-18,0.04728017473752344,4.107636259140664,True,1,0.02
revision_dfm_kalman_em,exact,2023:Q3:pre_third:exact,2023-12-20,pre_third,2023:Q3,A,T,0.009101206052178496,1.734723475976807e-18,0.04728017473752344,4.107636259140664,True,1,0.02
revision_dfm_kalman_em,exact,2023:Q3:pre_third:exact,2023-12-20,pre_third,2023:Q3,M,A,0.007661984282407801,1.734723475976807e-18,0.04728017473752344,4.107636259140664,True,1,0.02
revision_dfm_kalman_em,exact,2023:Q3:pre_third:exact,2023-12-20,pre_third,2023:Q3,M,M,4.107230353917084,1.734723475976807e-18,0.04728017473752344,4.107636259140664,True,1,0.02
revision_dfm_kalman_em,exact,2023:Q3:pre_third:exact,2023-12-20,pre_third,2023:Q3,M,S,0.027551783590479523,1.734723475976807e-18,0.04728017473752344,4.107636259140664,True,1,0.02
revision_dfm_kalman_em,exact,2023:Q3:pre_third:exact,2023-12-20,pre_third,2023:Q3,M,T,0.028179882515997578,1.734723475976807e-18,0.04728017473752344,4.107636259140664,True,1,0.02
revision_dfm_kalman_em,exact,2023:Q3:pre_third:exact,2023-12-20,pre_third,2023:Q3,S,A,0.01126003870683454,1.734723475976807e-18,0.04728017473752344,4.107636259140664,True,1,0.02
revision_dfm_kalman_em,exact,2023:Q3:pre_third:exact,2023-12-20,pre_third,2023:Q3,S,M,0.027551783590479523,1.734723475976807e-18,0.04728017473752344,4.107636259140664,True,1,0.02
revision_dfm_kalman_em,exact,2023:Q3:pre_third:exact,2023-12-20,pre_third,2023:Q3,S,S,0.05564534468243572,1.734723475976807e-18,0.04728017473752344,4.107636259140664,True,1,0.02
revision_dfm_kalman_em,exact,2023:Q3:pre_third:exact,2023-12-20,pre_third,2023:Q3,S,T,0.02722594869280662,1.734723475976807e-18,0.04728017473752344,4.107636259140664,True,1,0.02
revision_dfm_kalman_em,exact,2023:Q3:pre_third:exact,2023-12-20,pre_third,2023:Q3,T,A,0.009101206052178498,1.734723475976807e-18,0.04728017473752344,4.107636259140664,True,1,0.02
revision_dfm_kalman_em,exact,2023:Q3:pre_third:exact,2023-12-20,pre_third,2023:Q3,T,M,0.028179882515997578,1.734723475976807e-18,0.04728017473752344,4.107636259140664,True,1,0.02
revision_dfm_kalman_em,exact,2023:Q3:pre_third:exact,2023-12-20,pre_third,2023:Q3,T,S,0.02722594869280662,1.734723475976807e-18,0.04728017473752344,4.107636259140664,True,1,0.02
revision_dfm_kalman_em,exact,2023:Q3:pre_third:exact,2023-12-20,pre_third,2023:Q3,T,T,0.14168504792511963,1.734723475976807e-18,0.04728017473752344,4.107636259140664,True,1,0.02
indicator_revision_only_dfm_kalman_em,pseudo,2023:Q3:pre_third:pseudo,2023-12-31,pre_third,2023:Q3,A,A,0.4072238894040194,0.0,0.02736423376743644,4.110711902902543,True,1,0.02
indicator_revision_only_dfm_kalman_em,pseudo,2023:Q3:pre_third:pseudo,2023-12-31,pre_third,2023:Q3,A,M,0.014515230242227416,0.0,0.02736423376743644,4.110711902902543,True,1,0.02
indicator_revision_only_dfm_kalman_em,pseudo,2023:Q3:pre_third:pseudo,2023-12-31,pre_third,2023:Q3,A,S,0.014515230242227416,0.0,0.02736423376743644,4.110711902902543,True,1,0.02
indicator_revision_only_dfm_kalman_em,pseudo,2023:Q3:pre_third:pseudo,2023-12-31,pre_third,2023:Q3,A,T,0.014515230242227416,0.0,0.02736423376743644,4.110711902902543,True,1,0.02
indicator_revision_only_dfm_kalman_em,pseudo,2023:Q3:pre_third:pseudo,2023-12-31,pre_third,2023:Q3,M,A,0.014515230242227416,0.0,0.02736423376743644,4.110711902902543,True,1,0.02
indicator_revision_only_dfm_kalman_em,pseudo,2023:Q3:pre_third:pseudo,2023-12-31,pre_third,2023:Q3,M,M,4.110549074670516,0.0,0.02736423376743644,4.110711902902543,True,1,0.02
indicator_revision_only_dfm_kalman_em,pseudo,2023:Q3:pre_third:pseudo,2023-12-31,pre_third,2023:Q3,M,S,0.014515230242227416,0.0,0.02736423376743644,4.110711902902543,True,1,0.02
indicator_revision_only_dfm_kalman_em,pseudo,2023:Q3:pre_third:pseudo,2023-12-31,pre_third,2023:Q3,M,T,0.014515230242227416,0.0,0.02736423376743644,4.110711902902543,True,1,0.02
indicator_revision_only_dfm_kalman_em,pseudo,2023:Q3:pre_third:pseudo,2023-12-31,pre_third,2023:Q3,S,A,0.014515230242227416,0.0,0.02736423376743644,4.110711902902543,True,1,0.02
indicator_revision_only_dfm_kalman_em,pseudo,2023:Q3:pre_third:pseudo,2023-12-31,pre_third,2023:Q3,S,M,0.014515230242227416,0.0,0.02736423376743644,4.110711902902543,True,1,0.02
indicator_revision_only_dfm_kalman_em,pseudo,2023:Q3:pre_third:pseudo,2023-12-31,pre_third,2023:Q3,S,S,0.02964700779420102,0.0,0.02736423376743644,4.110711902902543,True,1,0.02
indicator_revision_only_dfm_kalman_em,pseudo,2023:Q3:pre_third:pseudo,2023-12-31,pre_third,2023:Q3,S,T,0.014515230242227416,0.0,0.02736423376743644,4.110711902902543,True,1,0.02
indicator_revision_only_dfm_kalman_em,pseudo,2023:Q3:pre_third:pseudo,2023-12-31,pre_third,2023:Q3,T,A,0.014515230242227416,0.0,0.02736423376743644,4.110711902902543,True,1,0.02
indicator_revision_only_dfm_kalman_em,pseudo,2023:Q3:pre_third:pseudo,2023-12-31,pre_third,2023:Q3,T,M,0.014515230242227416,0.0,0.02736423376743644,4.110711902902543,True,1,0.02
indicator_revision_only_dfm_kalman_em,pseudo,2023:Q3:pre_third:pseudo,2023-12-31,pre_third,2023:Q3,T,S,0.014515230242227416,0.0,0.02736423376743644,4.110711902902543,True,1,0.02
indicator_revision_only_dfm_kalman_em,pseudo,2023:Q3:pre_third:pseudo,2023-12-31,pre_third,2023:Q3,T,T,0.14315910899858778,0.0,0.02736423376743644,4.110711902902543,True,1,0.02
joint_indicator_revision_dfm_full_kalman_em,pseudo,2023:Q3:pre_third:pseudo,2023-12-31,pre_third,2023:Q3,A,A,0.24280477862895733,0.0,0.03197053769645126,4.11948794145049,True,1,0.02
joint_indicator_revision_dfm_full_kalman_em,pseudo,2023:Q3:pre_third:pseudo,2023-12-31,pre_third,2023:Q3,A,M,0.0074477357135723544,0.0,0.03197053769645126,4.11948794145049,True,1,0.02
joint_indicator_revision_dfm_full_kalman_em,pseudo,2023:Q3:pre_third:pseudo,2023-12-31,pre_third,2023:Q3,A,S,0.010062605852035974,0.0,0.03197053769645126,4.11948794145049,True,1,0.02
joint_indicator_revision_dfm_full_kalman_em,pseudo,2023:Q3:pre_third:pseudo,2023-12-31,pre_third,2023:Q3,A,T,0.008493683768957802,0.0,0.03197053769645126,4.11948794145049,True,1,0.02
joint_indicator_revision_dfm_full_kalman_em,pseudo,2023:Q3:pre_third:pseudo,2023-12-31,pre_third,2023:Q3,M,A,0.0074477357135723544,0.0,0.03197053769645126,4.11948794145049,True,1,0.02
joint_indicator_revision_dfm_full_kalman_em,pseudo,2023:Q3:pre_third:pseudo,2023-12-31,pre_third,2023:Q3,M,M,4.119317997817913,0.0,0.03197053769645126,4.11948794145049,True,1,0.02
joint_indicator_revision_dfm_full_kalman_em,pseudo,2023:Q3:pre_third:pseudo,2023-12-31,pre_third,2023:Q3,M,S,0.017493595183072648,0.0,0.03197053769645126,4.11948794145049,True,1,0.02
joint_indicator_revision_dfm_full_kalman_em,pseudo,2023:Q3:pre_third:pseudo,2023-12-31,pre_third,2023:Q3,M,T,0.017810832850530554,0.0,0.03197053769645126,4.11948794145049,True,1,0.02
joint_indicator_revision_dfm_full_kalman_em,pseudo,2023:Q3:pre_third:pseudo,2023-12-31,pre_third,2023:Q3,S,A,0.010062605852035974,0.0,0.03197053769645126,4.11948794145049,True,1,0.02
joint_indicator_revision_dfm_full_kalman_em,pseudo,2023:Q3:pre_third:pseudo,2023-12-31,pre_third,2023:Q3,S,M,0.017493595183072648,0.0,0.03197053769645126,4.11948794145049,True,1,0.02
joint_indicator_revision_dfm_full_kalman_em,pseudo,2023:Q3:pre_third:pseudo,2023-12-31,pre_third,2023:Q3,S,S,0.03515330520755753,0.0,0.03197053769645126,4.11948794145049,True,1,0.02
joint_indicator_revision_dfm_full_kalman_em,pseudo,2023:Q3:pre_third:pseudo,2023-12-31,pre_third,2023:Q3,S,T,0.017344975396451915,0.0,0.03197053769645126,4.11948794145049,True,1,0.02
joint_indicator_revision_dfm_full_kalman_em,pseudo,2023:Q3:pre_third:pseudo,2023-12-31,pre_third,2023:Q3,T,A,0.008493683768957802,0.0,0.03197053769645126,4.11948794145049,True,1,0.02
joint_indicator_revision_dfm_full_kalman_em,pseudo,2023:Q3:pre_third:pseudo,2023-12-31,pre_third,2023:Q3,T,M,0.017810832850530554,0.0,0.03197053769645126,4.11948794145049,True,1,0.02
joint_indicator_revision_dfm_full_kalman_em,pseudo,2023:Q3:pre_third:pseudo,2023-12-31,pre_third,2023:Q3,T,S,0.017344975396451915,0.0,0.03197053769645126,4.11948794145049,True,1,0.02
joint_indicator_revision_dfm_full_kalman_em,pseudo,2023:Q3:pre_third:pseudo,2023-12-31,pre_third,2023:Q3,T,T,0.14052400882365498,0.0,0.03197053769645126,4.11948794145049,True,1,0.02
monthly_mixed_frequency_kalman_em,pseudo,2023:Q3:pre_third:pseudo,2023-12-31,pre_third,2023:Q3,A,A,0.30193742227973697,0.0,0.058002113291817106,4.287087474629171,True,1,0.02
monthly_mixed_frequency_kalman_em,pseudo,2023:Q3:pre_third:pseudo,2023-12-31,pre_third,2023:Q3,A,M,-0.04050747383768549,0.0,0.058002113291817106,4.287087474629171,True,1,0.02
monthly_mixed_frequency_kalman_em,pseudo,2023:Q3:pre_third:pseudo,2023-12-31,pre_third,2023:Q3,A,S,0.029909308051857687,0.0,0.058002113291817106,4.287087474629171,True,1,0.02
monthly_mixed_frequency_kalman_em,pseudo,2023:Q3:pre_third:pseudo,2023-12-31,pre_third,2023:Q3,A,T,-0.008499845706074958,0.0,0.058002113291817106,4.287087474629171,True,1,0.02
monthly_mixed_frequency_kalman_em,pseudo,2023:Q3:pre_third:pseudo,2023-12-31,pre_third,2023:Q3,M,A,-0.04050747383768549,0.0,0.058002113291817106,4.287087474629171,True,1,0.02
monthly_mixed_frequency_kalman_em,pseudo,2023:Q3:pre_third:pseudo,2023-12-31,pre_third,2023:Q3,M,M,4.281635576230133,0.0,0.058002113291817106,4.287087474629171,True,1,0.02
monthly_mixed_frequency_kalman_em,pseudo,2023:Q3:pre_third:pseudo,2023-12-31,pre_third,2023:Q3,M,S,0.06180642339968675,0.0,0.058002113291817106,4.287087474629171,True,1,0.02
monthly_mixed_frequency_kalman_em,pseudo,2023:Q3:pre_third:pseudo,2023-12-31,pre_third,2023:Q3,M,T,0.1300156882246016,0.0,0.058002113291817106,4.287087474629171,True,1,0.02
monthly_mixed_frequency_kalman_em,pseudo,2023:Q3:pre_third:pseudo,2023-12-31,pre_third,2023:Q3,S,A,0.029909308051857687,0.0,0.058002113291817106,4.287087474629171,True,1,0.02
monthly_mixed_frequency_kalman_em,pseudo,2023:Q3:pre_third:pseudo,2023-12-31,pre_third,2023:Q3,S,M,0.06180642339968675,0.0,0.058002113291817106,4.287087474629171,True,1,0.02
monthly_mixed_frequency_kalman_em,pseudo,2023:Q3:pre_third:pseudo,2023-12-31,pre_third,2023:Q3,S,S,0.09619531312590154,0.0,0.058002113291817106,4.287087474629171,True,1,0.02
monthly_mixed_frequency_kalman_em,pseudo,2023:Q3:pre_third:pseudo,2023-12-31,pre_third,2023:Q3,S,T,0.05383214456272949,0.0,0.058002113291817106,4.287087474629171,True,1,0.02
monthly_mixed_frequency_kalman_em,pseudo,2023:Q3:pre_third:pseudo,2023-12-31,pre_third,2023:Q3,T,A,-0.008499845706074958,0.0,0.058002113291817106,4.287087474629171,True,1,0.02
monthly_mixed_frequency_kalman_em,pseudo,2023:Q3:pre_third:pseudo,2023-12-31,pre_third,2023:Q3,T,M,0.1300156882246016,0.0,0.058002113291817106,4.287087474629171,True,1,0.02
monthly_mixed_frequency_kalman_em,pseudo,2023:Q3:pre_third:pseudo,2023-12-31,pre_third,2023:Q3,T,S,0.05383214456272949,0.0,0.058002113291817106,4.287087474629171,True,1,0.02
monthly_mixed_frequency_kalman_em,pseudo,2023:Q3:pre_third:pseudo,2023-12-31,pre_third,2023:Q3,T,T,0.1456371446802226,0.0,0.058002113291817106,4.287087474629171,True,1,0.02
revision_dfm_kalman_em,pseudo,2023:Q3:pre_third:pseudo,2023-12-31,pre_third,2023:Q3,A,A,0.22465135868901084,3.469446951953614e-18,0.04728023412448315,4.107636089004536,True,1,0.02
revision_dfm_kalman_em,pseudo,2023:Q3:pre_third:pseudo,2023-12-31,pre_third,2023:Q3,A,M,0.007662015496762303,3.469446951953614e-18,0.04728023412448315,4.107636089004536,True,1,0.02
revision_dfm_kalman_em,pseudo,2023:Q3:pre_third:pseudo,2023-12-31,pre_third,2023:Q3,A,S,0.011260080173373087,3.469446951953614e-18,0.04728023412448315,4.107636089004536,True,1,0.02
revision_dfm_kalman_em,pseudo,2023:Q3:pre_third:pseudo,2023-12-31,pre_third,2023:Q3,A,T,0.009101241367406617,3.469446951953614e-18,0.04728023412448315,4.107636089004536,True,1,0.02
revision_dfm_kalman_em,pseudo,2023:Q3:pre_third:pseudo,2023-12-31,pre_third,2023:Q3,M,A,0.007662015496762303,3.469446951953614e-18,0.04728023412448315,4.107636089004536,True,1,0.02
revision_dfm_kalman_em,pseudo,2023:Q3:pre_third:pseudo,2023-12-31,pre_third,2023:Q3,M,M,4.107230182518409,3.469446951953614e-18,0.04728023412448315,4.107636089004536,True,1,0.02
revision_dfm_kalman_em,pseudo,2023:Q3:pre_third:pseudo,2023-12-31,pre_third,2023:Q3,M,S,0.027551823090834777,3.469446951953614e-18,0.04728023412448315,4.107636089004536,True,1,0.02
revision_dfm_kalman_em,pseudo,2023:Q3:pre_third:pseudo,2023-12-31,pre_third,2023:Q3,M,T,0.02817992227801601,3.469446951953614e-18,0.04728023412448315,4.107636089004536,True,1,0.02
revision_dfm_kalman_em,pseudo,2023:Q3:pre_third:pseudo,2023-12-31,pre_third,2023:Q3,S,A,0.011260080173373089,3.469446951953614e-18,0.04728023412448315,4.107636089004536,True,1,0.02
revision_dfm_kalman_em,pseudo,2023:Q3:pre_third:pseudo,2023-12-31,pre_third,2023:Q3,S,M,0.027551823090834777,3.469446951953614e-18,0.04728023412448315,4.107636089004536,True,1,0.02
revision_dfm_kalman_em,pseudo,2023:Q3:pre_third:pseudo,2023-12-31,pre_third,2023:Q3,S,S,0.055645436704983994,3.469446951953614e-18,0.04728023412448315,4.107636089004536,True,1,0.02
revision_dfm_kalman_em,pseudo,2023:Q3:pre_third:pseudo,2023-12-31,pre_third,2023:Q3,S,T,0.02722598823248554,3.469446951953614e-18,0.04728023412448315,4.107636089004536,True,1,0.02
revision_dfm_kalman_em,pseudo,2023:Q3:pre_third:pseudo,2023-12-31,pre_third,2023:Q3,T,A,0.009101241367406613,3.469446951953614e-18,0.04728023412448315,4.107636089004536,True,1,0.02
revision_dfm_kalman_em,pseudo,2023:Q3:pre_third:pseudo,2023-12-31,pre_third,2023:Q3,T,M,0.02817992227801601,3.469446951953614e-18,0.04728023412448315,4.107636089004536,True,1,0.02
revision_dfm_kalman_em,pseudo,2023:Q3:pre_third:pseudo,2023-12-31,pre_third,2023:Q3,T,S,0.027225988232485537,3.469446951953614e-18,0.04728023412448315,4.107636089004536,True,1,0.02
revision_dfm_kalman_em,pseudo,2023:Q3:pre_third:pseudo,2023-12-31,pre_third,2023:Q3,T,T,0.14168502028136457,3.469446951953614e-18,0.04728023412448315,4.107636089004536,True,1,0.02
indicator_revision_only_dfm_kalman_em,exact,2023:Q4:pre_advance:exact,2024-01-24,pre_advance,2023:Q4,A,A,4.259535297911835,0.0,0.06612182875814973,16.829994062164623,True,1,0.02
indicator_revision_only_dfm_kalman_em,exact,2023:Q4:pre_advance:exact,2024-01-24,pre_advance,2023:Q4,A,M,3.8669317090852213,0.0,0.06612182875814973,16.829994062164623,True,1,0.02
indicator_revision_only_dfm_kalman_em,exact,2023:Q4:pre_advance:exact,2024-01-24,pre_advance,2023:Q4,A,S,3.8669317090852213,0.0,0.06612182875814973,16.829994062164623,True,1,0.02
indicator_revision_only_dfm_kalman_em,exact,2023:Q4:pre_advance:exact,2024-01-24,pre_advance,2023:Q4,A,T,3.8669317090852213,0.0,0.06612182875814973,16.829994062164623,True,1,0.02
indicator_revision_only_dfm_kalman_em,exact,2023:Q4:pre_advance:exact,2024-01-24,pre_advance,2023:Q4,M,A,3.8669317090852213,0.0,0.06612182875814973,16.829994062164623,True,1,0.02
indicator_revision_only_dfm_kalman_em,exact,2023:Q4:pre_advance:exact,2024-01-24,pre_advance,2023:Q4,M,M,7.945158719194686,0.0,0.06612182875814973,16.829994062164623,True,1,0.02
indicator_revision_only_dfm_kalman_em,exact,2023:Q4:pre_advance:exact,2024-01-24,pre_advance,2023:Q4,M,S,3.8669317090852213,0.0,0.06612182875814973,16.829994062164623,True,1,0.02
indicator_revision_only_dfm_kalman_em,exact,2023:Q4:pre_advance:exact,2024-01-24,pre_advance,2023:Q4,M,T,3.8669317090852213,0.0,0.06612182875814973,16.829994062164623,True,1,0.02
indicator_revision_only_dfm_kalman_em,exact,2023:Q4:pre_advance:exact,2024-01-24,pre_advance,2023:Q4,S,A,3.8669317090852213,0.0,0.06612182875814973,16.829994062164623,True,1,0.02
indicator_revision_only_dfm_kalman_em,exact,2023:Q4:pre_advance:exact,2024-01-24,pre_advance,2023:Q4,S,M,3.8669317090852213,0.0,0.06612182875814973,16.829994062164623,True,1,0.02
indicator_revision_only_dfm_kalman_em,exact,2023:Q4:pre_advance:exact,2024-01-24,pre_advance,2023:Q4,S,S,3.882280532697562,0.0,0.06612182875814973,16.829994062164623,True,1,0.02
indicator_revision_only_dfm_kalman_em,exact,2023:Q4:pre_advance:exact,2024-01-24,pre_advance,2023:Q4,S,T,3.8669317090852213,0.0,0.06612182875814973,16.829994062164623,True,1,0.02
indicator_revision_only_dfm_kalman_em,exact,2023:Q4:pre_advance:exact,2024-01-24,pre_advance,2023:Q4,T,A,3.8669317090852213,0.0,0.06612182875814973,16.829994062164623,True,1,0.02
indicator_revision_only_dfm_kalman_em,exact,2023:Q4:pre_advance:exact,2024-01-24,pre_advance,2023:Q4,T,M,3.8669317090852213,0.0,0.06612182875814973,16.829994062164623,True,1,0.02
indicator_revision_only_dfm_kalman_em,exact,2023:Q4:pre_advance:exact,2024-01-24,pre_advance,2023:Q4,T,S,3.8669317090852213,0.0,0.06612182875814973,16.829994062164623,True,1,0.02
indicator_revision_only_dfm_kalman_em,exact,2023:Q4:pre_advance:exact,2024-01-24,pre_advance,2023:Q4,T,T,3.995070201142063,0.0,0.06612182875814973,16.829994062164623,True,1,0.02
joint_indicator_revision_dfm_full_kalman_em,exact,2023:Q4:pre_advance:exact,2024-01-24,pre_advance,2023:Q4,A,A,2.905032179078839,0.0,0.06417024037080035,15.508410963653896,True,1,0.02
joint_indicator_revision_dfm_full_kalman_em,exact,2023:Q4:pre_advance:exact,2024-01-24,pre_advance,2023:Q4,A,M,3.180856907052948,0.0,0.06417024037080035,15.508410963653896,True,1,0.02
joint_indicator_revision_dfm_full_kalman_em,exact,2023:Q4:pre_advance:exact,2024-01-24,pre_advance,2023:Q4,A,S,3.1578561277324315,0.0,0.06417024037080035,15.508410963653896,True,1,0.02
joint_indicator_revision_dfm_full_kalman_em,exact,2023:Q4:pre_advance:exact,2024-01-24,pre_advance,2023:Q4,A,T,3.1716565953247415,0.0,0.06417024037080035,15.508410963653896,True,1,0.02
joint_indicator_revision_dfm_full_kalman_em,exact,2023:Q4:pre_advance:exact,2024-01-24,pre_advance,2023:Q4,M,A,3.180856907052948,0.0,0.06417024037080035,15.508410963653896,True,1,0.02
joint_indicator_revision_dfm_full_kalman_em,exact,2023:Q4:pre_advance:exact,2024-01-24,pre_advance,2023:Q4,M,M,7.919288810610535,0.0,0.06417024037080035,15.508410963653896,True,1,0.02
joint_indicator_revision_dfm_full_kalman_em,exact,2023:Q4:pre_advance:exact,2024-01-24,pre_advance,2023:Q4,M,S,3.803092447382158,0.0,0.06417024037080035,15.508410963653896,True,1,0.02
joint_indicator_revision_dfm_full_kalman_em,exact,2023:Q4:pre_advance:exact,2024-01-24,pre_advance,2023:Q4,M,T,3.8227419907609756,0.0,0.06417024037080035,15.508410963653896,True,1,0.02
joint_indicator_revision_dfm_full_kalman_em,exact,2023:Q4:pre_advance:exact,2024-01-24,pre_advance,2023:Q4,S,A,3.1578561277324315,0.0,0.06417024037080035,15.508410963653896,True,1,0.02
joint_indicator_revision_dfm_full_kalman_em,exact,2023:Q4:pre_advance:exact,2024-01-24,pre_advance,2023:Q4,S,M,3.803092447382158,0.0,0.06417024037080035,15.508410963653896,True,1,0.02
joint_indicator_revision_dfm_full_kalman_em,exact,2023:Q4:pre_advance:exact,2024-01-24,pre_advance,2023:Q4,S,S,3.7889712500103374,0.0,0.06417024037080035,15.508410963653896,True,1,0.02
joint_indicator_revision_dfm_full_kalman_em,exact,2023:Q4:pre_advance:exact,2024-01-24,pre_advance,2023:Q4,S,T,3.790187720989164,0.0,0.06417024037080035,15.508410963653896,True,1,0.02
joint_indicator_revision_dfm_full_kalman_em,exact,2023:Q4:pre_advance:exact,2024-01-24,pre_advance,2023:Q4,T,A,3.1716565953247415,0.0,0.06417024037080035,15.508410963653896,True,1,0.02
joint_indicator_revision_dfm_full_kalman_em,exact,2023:Q4:pre_advance:exact,2024-01-24,pre_advance,2023:Q4,T,M,3.8227419907609756,0.0,0.06417024037080035,15.508410963653896,True,1,0.02
joint_indicator_revision_dfm_full_kalman_em,exact,2023:Q4:pre_advance:exact,2024-01-24,pre_advance,2023:Q4,T,S,3.790187720989164,0.0,0.06417024037080035,15.508410963653896,True,1,0.02
joint_indicator_revision_dfm_full_kalman_em,exact,2023:Q4:pre_advance:exact,2024-01-24,pre_advance,2023:Q4,T,T,3.932337664488313,0.0,0.06417024037080035,15.508410963653896,True,1,0.02
monthly_mixed_frequency_kalman_em,exact,2023:Q4:pre_advance:exact,2024-01-24,pre_advance,2023:Q4,A,A,4.348259817846876,0.0,0.06098935558766661,18.069568248794507,True,1,0.02
monthly_mixed_frequency_kalman_em,exact,2023:Q4:pre_advance:exact,2024-01-24,pre_advance,2023:Q4,A,M,4.043990397452953,0.0,0.06098935558766661,18.069568248794507,True,1,0.02
monthly_mixed_frequency_kalman_em,exact,2023:Q4:pre_advance:exact,2024-01-24,pre_advance,2023:Q4,A,S,4.09193606277562,0.0,0.06098935558766661,18.069568248794507,True,1,0.02
monthly_mixed_frequency_kalman_em,exact,2023:Q4:pre_advance:exact,2024-01-24,pre_advance,2023:Q4,A,T,4.065783881690528,0.0,0.06098935558766661,18.069568248794507,True,1,0.02
monthly_mixed_frequency_kalman_em,exact,2023:Q4:pre_advance:exact,2024-01-24,pre_advance,2023:Q4,M,A,4.043990397452953,0.0,0.06098935558766661,18.069568248794507,True,1,0.02
monthly_mixed_frequency_kalman_em,exact,2023:Q4:pre_advance:exact,2024-01-24,pre_advance,2023:Q4,M,M,8.516294907004095,0.0,0.06098935558766661,18.069568248794507,True,1,0.02
monthly_mixed_frequency_kalman_em,exact,2023:Q4:pre_advance:exact,2024-01-24,pre_advance,2023:Q4,M,S,4.222019689338312,0.0,0.06098935558766661,18.069568248794507,True,1,0.02
monthly_mixed_frequency_kalman_em,exact,2023:Q4:pre_advance:exact,2024-01-24,pre_advance,2023:Q4,M,T,4.3407058839285515,0.0,0.06098935558766661,18.069568248794507,True,1,0.02
monthly_mixed_frequency_kalman_em,exact,2023:Q4:pre_advance:exact,2024-01-24,pre_advance,2023:Q4,S,A,4.09193606277562,0.0,0.06098935558766661,18.069568248794507,True,1,0.02
monthly_mixed_frequency_kalman_em,exact,2023:Q4:pre_advance:exact,2024-01-24,pre_advance,2023:Q4,S,M,4.222019689338312,0.0,0.06098935558766661,18.069568248794507,True,1,0.02
monthly_mixed_frequency_kalman_em,exact,2023:Q4:pre_advance:exact,2024-01-24,pre_advance,2023:Q4,S,S,4.202554999681111,0.0,0.06098935558766661,18.069568248794507,True,1,0.02
monthly_mixed_frequency_kalman_em,exact,2023:Q4:pre_advance:exact,2024-01-24,pre_advance,2023:Q4,S,T,4.189498782697639,0.0,0.06098935558766661,18.069568248794507,True,1,0.02
monthly_mixed_frequency_kalman_em,exact,2023:Q4:pre_advance:exact,2024-01-24,pre_advance,2023:Q4,T,A,4.065783881690528,0.0,0.06098935558766661,18.069568248794507,True,1,0.02
monthly_mixed_frequency_kalman_em,exact,2023:Q4:pre_advance:exact,2024-01-24,pre_advance,2023:Q4,T,M,4.3407058839285515,0.0,0.06098935558766661,18.069568248794507,True,1,0.02
monthly_mixed_frequency_kalman_em,exact,2023:Q4:pre_advance:exact,2024-01-24,pre_advance,2023:Q4,T,S,4.189498782697639,0.0,0.06098935558766661,18.069568248794507,True,1,0.02
monthly_mixed_frequency_kalman_em,exact,2023:Q4:pre_advance:exact,2024-01-24,pre_advance,2023:Q4,T,T,4.321332233499973,0.0,0.06098935558766661,18.069568248794507,True,1,0.02
revision_dfm_kalman_em,exact,2023:Q4:pre_advance:exact,2024-01-24,pre_advance,2023:Q4,A,A,2.964984414382154,4.440892098500626e-16,0.06575165882695595,14.855579378729194,True,1,0.02
revision_dfm_kalman_em,exact,2023:Q4:pre_advance:exact,2024-01-24,pre_advance,2023:Q4,A,M,3.0912742580358303,4.440892098500626e-16,0.06575165882695595,14.855579378729194,True,1,0.02
revision_dfm_kalman_em,exact,2023:Q4:pre_advance:exact,2024-01-24,pre_advance,2023:Q4,A,S,3.0777008570068114,4.440892098500626e-16,0.06575165882695595,14.855579378729194,True,1,0.02
revision_dfm_kalman_em,exact,2023:Q4:pre_advance:exact,2024-01-24,pre_advance,2023:Q4,A,T,3.0858448976242223,4.440892098500626e-16,0.06575165882695595,14.855579378729194,True,1,0.02
revision_dfm_kalman_em,exact,2023:Q4:pre_advance:exact,2024-01-24,pre_advance,2023:Q4,M,A,3.0912742580358303,4.440892098500626e-16,0.06575165882695595,14.855579378729194,True,1,0.02
revision_dfm_kalman_em,exact,2023:Q4:pre_advance:exact,2024-01-24,pre_advance,2023:Q4,M,M,7.677938043297629,4.440892098500626e-16,0.06575165882695595,14.855579378729194,True,1,0.02
revision_dfm_kalman_em,exact,2023:Q4:pre_advance:exact,2024-01-24,pre_advance,2023:Q4,M,S,3.580592572290737,4.440892098500626e-16,0.06575165882695595,14.855579378729194,True,1,0.02
revision_dfm_kalman_em,exact,2023:Q4:pre_advance:exact,2024-01-24,pre_advance,2023:Q4,M,T,3.596044729582997,4.440892098500626e-16,0.06575165882695595,14.855579378729194,True,1,0.02
revision_dfm_kalman_em,exact,2023:Q4:pre_advance:exact,2024-01-24,pre_advance,2023:Q4,S,A,3.077700857006811,4.440892098500626e-16,0.06575165882695595,14.855579378729194,True,1,0.02
revision_dfm_kalman_em,exact,2023:Q4:pre_advance:exact,2024-01-24,pre_advance,2023:Q4,S,M,3.580592572290737,4.440892098500626e-16,0.06575165882695595,14.855579378729194,True,1,0.02
revision_dfm_kalman_em,exact,2023:Q4:pre_advance:exact,2024-01-24,pre_advance,2023:Q4,S,S,3.579044353730503,4.440892098500626e-16,0.06575165882695595,14.855579378729194,True,1,0.02
revision_dfm_kalman_em,exact,2023:Q4:pre_advance:exact,2024-01-24,pre_advance,2023:Q4,S,T,3.5705347379850583,4.440892098500626e-16,0.06575165882695595,14.855579378729194,True,1,0.02
revision_dfm_kalman_em,exact,2023:Q4:pre_advance:exact,2024-01-24,pre_advance,2023:Q4,T,A,3.0858448976242223,4.440892098500626e-16,0.06575165882695595,14.855579378729194,True,1,0.02
revision_dfm_kalman_em,exact,2023:Q4:pre_advance:exact,2024-01-24,pre_advance,2023:Q4,T,M,3.596044729582997,4.440892098500626e-16,0.06575165882695595,14.855579378729194,True,1,0.02
revision_dfm_kalman_em,exact,2023:Q4:pre_advance:exact,2024-01-24,pre_advance,2023:Q4,T,S,3.5705347379850583,4.440892098500626e-16,0.06575165882695595,14.855579378729194,True,1,0.02
revision_dfm_kalman_em,exact,2023:Q4:pre_advance:exact,2024-01-24,pre_advance,2023:Q4,T,T,3.7038372944874856,4.440892098500626e-16,0.06575165882695595,14.855579378729194,True,1,0.02
indicator_revision_only_dfm_kalman_em,pseudo,2023:Q4:pre_advance:pseudo,2024-01-31,pre_advance,2023:Q4,A,A,4.271314701484224,0.0,0.06612241620386891,16.876368021099537,True,1,0.02
indicator_revision_only_dfm_kalman_em,pseudo,2023:Q4:pre_advance:pseudo,2024-01-31,pre_advance,2023:Q4,A,M,3.8786989926219073,0.0,0.06612241620386891,16.876368021099537,True,1,0.02
indicator_revision_only_dfm_kalman_em,pseudo,2023:Q4:pre_advance:pseudo,2024-01-31,pre_advance,2023:Q4,A,S,3.8786989926219073,0.0,0.06612241620386891,16.876368021099537,True,1,0.02
indicator_revision_only_dfm_kalman_em,pseudo,2023:Q4:pre_advance:pseudo,2024-01-31,pre_advance,2023:Q4,A,T,3.8786989926219073,0.0,0.06612241620386891,16.876368021099537,True,1,0.02
indicator_revision_only_dfm_kalman_em,pseudo,2023:Q4:pre_advance:pseudo,2024-01-31,pre_advance,2023:Q4,M,A,3.8786989926219073,0.0,0.06612241620386891,16.876368021099537,True,1,0.02
indicator_revision_only_dfm_kalman_em,pseudo,2023:Q4:pre_advance:pseudo,2024-01-31,pre_advance,2023:Q4,M,M,7.956938387766174,0.0,0.06612241620386891,16.876368021099537,True,1,0.02
indicator_revision_only_dfm_kalman_em,pseudo,2023:Q4:pre_advance:pseudo,2024-01-31,pre_advance,2023:Q4,M,S,3.8786989926219073,0.0,0.06612241620386891,16.876368021099537,True,1,0.02
indicator_revision_only_dfm_kalman_em,pseudo,2023:Q4:pre_advance:pseudo,2024-01-31,pre_advance,2023:Q4,M,T,3.8786989926219073,0.0,0.06612241620386891,16.876368021099537,True,1,0.02
indicator_revision_only_dfm_kalman_em,pseudo,2023:Q4:pre_advance:pseudo,2024-01-31,pre_advance,2023:Q4,S,A,3.8786989926219073,0.0,0.06612241620386891,16.876368021099537,True,1,0.02
indicator_revision_only_dfm_kalman_em,pseudo,2023:Q4:pre_advance:pseudo,2024-01-31,pre_advance,2023:Q4,S,M,3.8786989926219073,0.0,0.06612241620386891,16.876368021099537,True,1,0.02
indicator_revision_only_dfm_kalman_em,pseudo,2023:Q4:pre_advance:pseudo,2024-01-31,pre_advance,2023:Q4,S,S,3.894051478636017,0.0,0.06612241620386891,16.876368021099537,True,1,0.02
indicator_revision_only_dfm_kalman_em,pseudo,2023:Q4:pre_advance:pseudo,2024-01-31,pre_advance,2023:Q4,S,T,3.8786989926219073,0.0,0.06612241620386891,16.876368021099537,True,1,0.02
indicator_revision_only_dfm_kalman_em,pseudo,2023:Q4:pre_advance:pseudo,2024-01-31,pre_advance,2023:Q4,T,A,3.8786989926219073,0.0,0.06612241620386891,16.876368021099537,True,1,0.02
indicator_revision_only_dfm_kalman_em,pseudo,2023:Q4:pre_advance:pseudo,2024-01-31,pre_advance,2023:Q4,T,M,3.8786989926219073,0.0,0.06612241620386891,16.876368021099537,True,1,0.02
indicator_revision_only_dfm_kalman_em,pseudo,2023:Q4:pre_advance:pseudo,2024-01-31,pre_advance,2023:Q4,T,S,3.8786989926219073,0.0,0.06612241620386891,16.876368021099537,True,1,0.02
indicator_revision_only_dfm_kalman_em,pseudo,2023:Q4:pre_advance:pseudo,2024-01-31,pre_advance,2023:Q4,T,T,4.006830048854599,0.0,0.06612241620386891,16.876368021099537,True,1,0.02
joint_indicator_revision_dfm_full_kalman_em,pseudo,2023:Q4:pre_advance:pseudo,2024-01-31,pre_advance,2023:Q4,A,A,2.9327088639669068,0.0,0.064178785514908,15.615716497125582,True,1,0.02
joint_indicator_revision_dfm_full_kalman_em,pseudo,2023:Q4:pre_advance:pseudo,2024-01-31,pre_advance,2023:Q4,A,M,3.208715327603652,0.0,0.064178785514908,15.615716497125582,True,1,0.02
joint_indicator_revision_dfm_full_kalman_em,pseudo,2023:Q4:pre_advance:pseudo,2024-01-31,pre_advance,2023:Q4,A,S,3.1856733155133945,0.0,0.064178785514908,15.615716497125582,True,1,0.02
joint_indicator_revision_dfm_full_kalman_em,pseudo,2023:Q4:pre_advance:pseudo,2024-01-31,pre_advance,2023:Q4,A,T,3.199498522767549,0.0,0.064178785514908,15.615716497125582,True,1,0.02
joint_indicator_revision_dfm_full_kalman_em,pseudo,2023:Q4:pre_advance:pseudo,2024-01-31,pre_advance,2023:Q4,M,A,3.208715327603652,0.0,0.064178785514908,15.615716497125582,True,1,0.02
joint_indicator_revision_dfm_full_kalman_em,pseudo,2023:Q4:pre_advance:pseudo,2024-01-31,pre_advance,2023:Q4,M,M,7.94681252375726,0.0,0.064178785514908,15.615716497125582,True,1,0.02
joint_indicator_revision_dfm_full_kalman_em,pseudo,2023:Q4:pre_advance:pseudo,2024-01-31,pre_advance,2023:Q4,M,S,3.8307136636931833,0.0,0.064178785514908,15.615716497125582,True,1,0.02
joint_indicator_revision_dfm_full_kalman_em,pseudo,2023:Q4:pre_advance:pseudo,2024-01-31,pre_advance,2023:Q4,M,T,3.8503557164118,0.0,0.064178785514908,15.615716497125582,True,1,0.02
joint_indicator_revision_dfm_full_kalman_em,pseudo,2023:Q4:pre_advance:pseudo,2024-01-31,pre_advance,2023:Q4,S,A,3.1856733155133945,0.0,0.064178785514908,15.615716497125582,True,1,0.02
joint_indicator_revision_dfm_full_kalman_em,pseudo,2023:Q4:pre_advance:pseudo,2024-01-31,pre_advance,2023:Q4,S,M,3.8307136636931833,0.0,0.064178785514908,15.615716497125582,True,1,0.02
joint_indicator_revision_dfm_full_kalman_em,pseudo,2023:Q4:pre_advance:pseudo,2024-01-31,pre_advance,2023:Q4,S,S,3.816607718942044,0.0,0.064178785514908,15.615716497125582,True,1,0.02
joint_indicator_revision_dfm_full_kalman_em,pseudo,2023:Q4:pre_advance:pseudo,2024-01-31,pre_advance,2023:Q4,S,T,3.8178128567295873,0.0,0.064178785514908,15.615716497125582,True,1,0.02
joint_indicator_revision_dfm_full_kalman_em,pseudo,2023:Q4:pre_advance:pseudo,2024-01-31,pre_advance,2023:Q4,T,A,3.199498522767549,0.0,0.064178785514908,15.615716497125582,True,1,0.02
joint_indicator_revision_dfm_full_kalman_em,pseudo,2023:Q4:pre_advance:pseudo,2024-01-31,pre_advance,2023:Q4,T,M,3.8503557164118,0.0,0.064178785514908,15.615716497125582,True,1,0.02
joint_indicator_revision_dfm_full_kalman_em,pseudo,2023:Q4:pre_advance:pseudo,2024-01-31,pre_advance,2023:Q4,T,S,3.8178128567295873,0.0,0.064178785514908,15.615716497125582,True,1,0.02
joint_indicator_revision_dfm_full_kalman_em,pseudo,2023:Q4:pre_advance:pseudo,2024-01-31,pre_advance,2023:Q4,T,T,3.959962136266114,0.0,0.064178785514908,15.615716497125582,True,1,0.02
monthly_mixed_frequency_kalman_em,pseudo,2023:Q4:pre_advance:pseudo,2024-01-31,pre_advance,2023:Q4,A,A,4.348126073691428,0.0,0.06098939884249349,18.069023051495762,True,1,0.02
monthly_mixed_frequency_kalman_em,pseudo,2023:Q4:pre_advance:pseudo,2024-01-31,pre_advance,2023:Q4,A,M,4.043852870655039,0.0,0.06098939884249349,18.069023051495762,True,1,0.02
monthly_mixed_frequency_kalman_em,pseudo,2023:Q4:pre_advance:pseudo,2024-01-31,pre_advance,2023:Q4,A,S,4.091800798871322,0.0,0.06098939884249349,18.069023051495762,True,1,0.02
monthly_mixed_frequency_kalman_em,pseudo,2023:Q4:pre_advance:pseudo,2024-01-31,pre_advance,2023:Q4,A,T,4.065647383480623,0.0,0.06098939884249349,18.069023051495762,True,1,0.02
monthly_mixed_frequency_kalman_em,pseudo,2023:Q4:pre_advance:pseudo,2024-01-31,pre_advance,2023:Q4,M,A,4.043852870655039,0.0,0.06098939884249349,18.069023051495762,True,1,0.02
monthly_mixed_frequency_kalman_em,pseudo,2023:Q4:pre_advance:pseudo,2024-01-31,pre_advance,2023:Q4,M,M,8.516152716417837,0.0,0.06098939884249349,18.069023051495762,True,1,0.02
monthly_mixed_frequency_kalman_em,pseudo,2023:Q4:pre_advance:pseudo,2024-01-31,pre_advance,2023:Q4,M,S,4.221879850787235,0.0,0.06098939884249349,18.069023051495762,True,1,0.02
monthly_mixed_frequency_kalman_em,pseudo,2023:Q4:pre_advance:pseudo,2024-01-31,pre_advance,2023:Q4,M,T,4.340564504208699,0.0,0.06098939884249349,18.069023051495762,True,1,0.02
monthly_mixed_frequency_kalman_em,pseudo,2023:Q4:pre_advance:pseudo,2024-01-31,pre_advance,2023:Q4,S,A,4.091800798871322,0.0,0.06098939884249349,18.069023051495762,True,1,0.02
monthly_mixed_frequency_kalman_em,pseudo,2023:Q4:pre_advance:pseudo,2024-01-31,pre_advance,2023:Q4,S,M,4.221879850787235,0.0,0.06098939884249349,18.069023051495762,True,1,0.02
monthly_mixed_frequency_kalman_em,pseudo,2023:Q4:pre_advance:pseudo,2024-01-31,pre_advance,2023:Q4,S,S,4.202417877469907,0.0,0.06098939884249349,18.069023051495762,True,1,0.02
monthly_mixed_frequency_kalman_em,pseudo,2023:Q4:pre_advance:pseudo,2024-01-31,pre_advance,2023:Q4,S,T,4.189360087808256,0.0,0.06098939884249349,18.069023051495762,True,1,0.02
monthly_mixed_frequency_kalman_em,pseudo,2023:Q4:pre_advance:pseudo,2024-01-31,pre_advance,2023:Q4,T,A,4.065647383480623,0.0,0.06098939884249349,18.069023051495762,True,1,0.02
monthly_mixed_frequency_kalman_em,pseudo,2023:Q4:pre_advance:pseudo,2024-01-31,pre_advance,2023:Q4,T,M,4.340564504208699,0.0,0.06098939884249349,18.069023051495762,True,1,0.02
monthly_mixed_frequency_kalman_em,pseudo,2023:Q4:pre_advance:pseudo,2024-01-31,pre_advance,2023:Q4,T,S,4.189360087808256,0.0,0.06098939884249349,18.069023051495762,True,1,0.02
monthly_mixed_frequency_kalman_em,pseudo,2023:Q4:pre_advance:pseudo,2024-01-31,pre_advance,2023:Q4,T,T,4.321191910013589,0.0,0.06098939884249349,18.069023051495762,True,1,0.02
revision_dfm_kalman_em,pseudo,2023:Q4:pre_advance:pseudo,2024-01-31,pre_advance,2023:Q4,A,A,2.9629417720678677,4.440892098500626e-16,0.06575202780837135,14.847924524838069,True,1,0.02
revision_dfm_kalman_em,pseudo,2023:Q4:pre_advance:pseudo,2024-01-31,pre_advance,2023:Q4,A,M,3.089252604146246,4.440892098500626e-16,0.06575202780837135,14.847924524838069,True,1,0.02
revision_dfm_kalman_em,pseudo,2023:Q4:pre_advance:pseudo,2024-01-31,pre_advance,2023:Q4,A,S,3.0756776261573466,4.440892098500626e-16,0.06575202780837135,14.847924524838069,True,1,0.02
revision_dfm_kalman_em,pseudo,2023:Q4:pre_advance:pseudo,2024-01-31,pre_advance,2023:Q4,A,T,3.0838226129506867,4.440892098500626e-16,0.06575202780837135,14.847924524838069,True,1,0.02
revision_dfm_kalman_em,pseudo,2023:Q4:pre_advance:pseudo,2024-01-31,pre_advance,2023:Q4,M,A,3.089252604146246,4.440892098500626e-16,0.06575202780837135,14.847924524838069,True,1,0.02
revision_dfm_kalman_em,pseudo,2023:Q4:pre_advance:pseudo,2024-01-31,pre_advance,2023:Q4,M,M,7.676004412164436,4.440892098500626e-16,0.06575202780837135,14.847924524838069,True,1,0.02
revision_dfm_kalman_em,pseudo,2023:Q4:pre_advance:pseudo,2024-01-31,pre_advance,2023:Q4,M,S,3.578646800698231,4.440892098500626e-16,0.06575202780837135,14.847924524838069,True,1,0.02
revision_dfm_kalman_em,pseudo,2023:Q4:pre_advance:pseudo,2024-01-31,pre_advance,2023:Q4,M,T,3.5941013542735565,4.440892098500626e-16,0.06575202780837135,14.847924524838069,True,1,0.02
revision_dfm_kalman_em,pseudo,2023:Q4:pre_advance:pseudo,2024-01-31,pre_advance,2023:Q4,S,A,3.0756776261573466,4.440892098500626e-16,0.06575202780837135,14.847924524838069,True,1,0.02
revision_dfm_kalman_em,pseudo,2023:Q4:pre_advance:pseudo,2024-01-31,pre_advance,2023:Q4,S,M,3.578646800698231,4.440892098500626e-16,0.06575202780837135,14.847924524838069,True,1,0.02
revision_dfm_kalman_em,pseudo,2023:Q4:pre_advance:pseudo,2024-01-31,pre_advance,2023:Q4,S,S,3.577095169489224,4.440892098500626e-16,0.06575202780837135,14.847924524838069,True,1,0.02
revision_dfm_kalman_em,pseudo,2023:Q4:pre_advance:pseudo,2024-01-31,pre_advance,2023:Q4,S,T,3.5685874172074135,4.440892098500626e-16,0.06575202780837135,14.847924524838069,True,1,0.02
revision_dfm_kalman_em,pseudo,2023:Q4:pre_advance:pseudo,2024-01-31,pre_advance,2023:Q4,T,A,3.0838226129506867,4.440892098500626e-16,0.06575202780837135,14.847924524838069,True,1,0.02
revision_dfm_kalman_em,pseudo,2023:Q4:pre_advance:pseudo,2024-01-31,pre_advance,2023:Q4,T,M,3.5941013542735565,4.440892098500626e-16,0.06575202780837135,14.847924524838069,True,1,0.02
revision_dfm_kalman_em,pseudo,2023:Q4:pre_advance:pseudo,2024-01-31,pre_advance,2023:Q4,T,S,3.568587417207413,4.440892098500626e-16,0.06575202780837135,14.847924524838069,True,1,0.02
revision_dfm_kalman_em,pseudo,2023:Q4:pre_advance:pseudo,2024-01-31,pre_advance,2023:Q4,T,T,3.701891174223605,4.440892098500626e-16,0.06575202780837135,14.847924524838069,True,1,0.02
indicator_revision_only_dfm_kalman_em,exact,2023:Q4:pre_second:exact,2024-02-27,pre_second,2023:Q4,A,A,0.7488687005219277,0.0,0.062344580458321606,4.550191964561184,True,1,0.02
indicator_revision_only_dfm_kalman_em,exact,2023:Q4:pre_second:exact,2024-02-27,pre_second,2023:Q4,A,M,0.356393976212604,0.0,0.062344580458321606,4.550191964561184,True,1,0.02
indicator_revision_only_dfm_kalman_em,exact,2023:Q4:pre_second:exact,2024-02-27,pre_second,2023:Q4,A,S,0.356393976212604,0.0,0.062344580458321606,4.550191964561184,True,1,0.02
indicator_revision_only_dfm_kalman_em,exact,2023:Q4:pre_second:exact,2024-02-27,pre_second,2023:Q4,A,T,0.356393976212604,0.0,0.062344580458321606,4.550191964561184,True,1,0.02
indicator_revision_only_dfm_kalman_em,exact,2023:Q4:pre_second:exact,2024-02-27,pre_second,2023:Q4,M,A,0.356393976212604,0.0,0.062344580458321606,4.550191964561184,True,1,0.02
indicator_revision_only_dfm_kalman_em,exact,2023:Q4:pre_second:exact,2024-02-27,pre_second,2023:Q4,M,M,4.434601310594986,0.0,0.062344580458321606,4.550191964561184,True,1,0.02
indicator_revision_only_dfm_kalman_em,exact,2023:Q4:pre_second:exact,2024-02-27,pre_second,2023:Q4,M,S,0.356393976212604,0.0,0.062344580458321606,4.550191964561184,True,1,0.02
indicator_revision_only_dfm_kalman_em,exact,2023:Q4:pre_second:exact,2024-02-27,pre_second,2023:Q4,M,T,0.356393976212604,0.0,0.062344580458321606,4.550191964561184,True,1,0.02
indicator_revision_only_dfm_kalman_em,exact,2023:Q4:pre_second:exact,2024-02-27,pre_second,2023:Q4,S,A,0.356393976212604,0.0,0.062344580458321606,4.550191964561184,True,1,0.02
indicator_revision_only_dfm_kalman_em,exact,2023:Q4:pre_second:exact,2024-02-27,pre_second,2023:Q4,S,M,0.356393976212604,0.0,0.062344580458321606,4.550191964561184,True,1,0.02
indicator_revision_only_dfm_kalman_em,exact,2023:Q4:pre_second:exact,2024-02-27,pre_second,2023:Q4,S,S,0.3717652103622841,0.0,0.062344580458321606,4.550191964561184,True,1,0.02
indicator_revision_only_dfm_kalman_em,exact,2023:Q4:pre_second:exact,2024-02-27,pre_second,2023:Q4,S,T,0.356393976212604,0.0,0.062344580458321606,4.550191964561184,True,1,0.02
indicator_revision_only_dfm_kalman_em,exact,2023:Q4:pre_second:exact,2024-02-27,pre_second,2023:Q4,T,A,0.356393976212604,0.0,0.062344580458321606,4.550191964561184,True,1,0.02
indicator_revision_only_dfm_kalman_em,exact,2023:Q4:pre_second:exact,2024-02-27,pre_second,2023:Q4,T,M,0.356393976212604,0.0,0.062344580458321606,4.550191964561184,True,1,0.02
indicator_revision_only_dfm_kalman_em,exact,2023:Q4:pre_second:exact,2024-02-27,pre_second,2023:Q4,T,S,0.356393976212604,0.0,0.062344580458321606,4.550191964561184,True,1,0.02
indicator_revision_only_dfm_kalman_em,exact,2023:Q4:pre_second:exact,2024-02-27,pre_second,2023:Q4,T,T,0.4845078492969433,0.0,0.062344580458321606,4.550191964561184,True,1,0.02
joint_indicator_revision_dfm_full_kalman_em,exact,2023:Q4:pre_second:exact,2024-02-27,pre_second,2023:Q4,A,A,0.36259341355746516,2.7755575615628914e-17,0.06260382631440728,4.515218903385251,True,1,0.02
joint_indicator_revision_dfm_full_kalman_em,exact,2023:Q4:pre_second:exact,2024-02-27,pre_second,2023:Q4,A,M,0.2044950865940758,2.7755575615628914e-17,0.06260382631440728,4.515218903385251,True,1,0.02
joint_indicator_revision_dfm_full_kalman_em,exact,2023:Q4:pre_second:exact,2024-02-27,pre_second,2023:Q4,A,S,0.2030394041823305,2.7755575615628914e-17,0.06260382631440728,4.515218903385251,True,1,0.02
joint_indicator_revision_dfm_full_kalman_em,exact,2023:Q4:pre_second:exact,2024-02-27,pre_second,2023:Q4,A,T,0.2039128136293777,2.7755575615628914e-17,0.06260382631440728,4.515218903385251,True,1,0.02
joint_indicator_revision_dfm_full_kalman_em,exact,2023:Q4:pre_second:exact,2024-02-27,pre_second,2023:Q4,M,A,0.2044950865940758,2.7755575615628914e-17,0.06260382631440728,4.515218903385251,True,1,0.02
joint_indicator_revision_dfm_full_kalman_em,exact,2023:Q4:pre_second:exact,2024-02-27,pre_second,2023:Q4,M,M,4.436510059653391,2.7755575615628914e-17,0.06260382631440728,4.515218903385251,True,1,0.02
joint_indicator_revision_dfm_full_kalman_em,exact,2023:Q4:pre_second:exact,2024-02-27,pre_second,2023:Q4,M,S,0.34588444803035295,2.7755575615628914e-17,0.06260382631440728,4.515218903385251,True,1,0.02
joint_indicator_revision_dfm_full_kalman_em,exact,2023:Q4:pre_second:exact,2024-02-27,pre_second,2023:Q4,M,T,0.3503493752336038,2.7755575615628914e-17,0.06260382631440728,4.515218903385251,True,1,0.02
joint_indicator_revision_dfm_full_kalman_em,exact,2023:Q4:pre_second:exact,2024-02-27,pre_second,2023:Q4,S,A,0.2030394041823305,2.7755575615628914e-17,0.06260382631440728,4.515218903385251,True,1,0.02
joint_indicator_revision_dfm_full_kalman_em,exact,2023:Q4:pre_second:exact,2024-02-27,pre_second,2023:Q4,S,M,0.34588444803035295,2.7755575615628914e-17,0.06260382631440728,4.515218903385251,True,1,0.02
joint_indicator_revision_dfm_full_kalman_em,exact,2023:Q4:pre_second:exact,2024-02-27,pre_second,2023:Q4,S,S,0.35686831135306113,2.7755575615628914e-17,0.06260382631440728,4.515218903385251,True,1,0.02
joint_indicator_revision_dfm_full_kalman_em,exact,2023:Q4:pre_second:exact,2024-02-27,pre_second,2023:Q4,S,T,0.34302754715339256,2.7755575615628914e-17,0.06260382631440728,4.515218903385251,True,1,0.02
joint_indicator_revision_dfm_full_kalman_em,exact,2023:Q4:pre_second:exact,2024-02-27,pre_second,2023:Q4,T,A,0.20391281362937771,2.7755575615628914e-17,0.06260382631440728,4.515218903385251,True,1,0.02
joint_indicator_revision_dfm_full_kalman_em,exact,2023:Q4:pre_second:exact,2024-02-27,pre_second,2023:Q4,T,M,0.3503493752336038,2.7755575615628914e-17,0.06260382631440728,4.515218903385251,True,1,0.02
joint_indicator_revision_dfm_full_kalman_em,exact,2023:Q4:pre_second:exact,2024-02-27,pre_second,2023:Q4,T,S,0.34302754715339256,2.7755575615628914e-17,0.06260382631440728,4.515218903385251,True,1,0.02
joint_indicator_revision_dfm_full_kalman_em,exact,2023:Q4:pre_second:exact,2024-02-27,pre_second,2023:Q4,T,T,0.47009690199801635,2.7755575615628914e-17,0.06260382631440728,4.515218903385251,True,1,0.02
monthly_mixed_frequency_kalman_em,exact,2023:Q4:pre_second:exact,2024-02-27,pre_second,2023:Q4,A,A,0.4195226720127854,0.0,0.058593292546946674,4.893005923596823,True,1,0.02
monthly_mixed_frequency_kalman_em,exact,2023:Q4:pre_second:exact,2024-02-27,pre_second,2023:Q4,A,M,0.20072385525309855,0.0,0.058593292546946674,4.893005923596823,True,1,0.02
monthly_mixed_frequency_kalman_em,exact,2023:Q4:pre_second:exact,2024-02-27,pre_second,2023:Q4,A,S,0.2028913327871667,0.0,0.058593292546946674,4.893005923596823,True,1,0.02
monthly_mixed_frequency_kalman_em,exact,2023:Q4:pre_second:exact,2024-02-27,pre_second,2023:Q4,A,T,0.2017090723140386,0.0,0.058593292546946674,4.893005923596823,True,1,0.02
monthly_mixed_frequency_kalman_em,exact,2023:Q4:pre_second:exact,2024-02-27,pre_second,2023:Q4,M,A,0.20072385525309855,0.0,0.058593292546946674,4.893005923596823,True,1,0.02
monthly_mixed_frequency_kalman_em,exact,2023:Q4:pre_second:exact,2024-02-27,pre_second,2023:Q4,M,M,4.758825944393336,0.0,0.058593292546946674,4.893005923596823,True,1,0.02
monthly_mixed_frequency_kalman_em,exact,2023:Q4:pre_second:exact,2024-02-27,pre_second,2023:Q4,M,S,0.4177455876266378,0.0,0.058593292546946674,4.893005923596823,True,1,0.02
monthly_mixed_frequency_kalman_em,exact,2023:Q4:pre_second:exact,2024-02-27,pre_second,2023:Q4,M,T,0.5624267425423306,0.0,0.058593292546946674,4.893005923596823,True,1,0.02
monthly_mixed_frequency_kalman_em,exact,2023:Q4:pre_second:exact,2024-02-27,pre_second,2023:Q4,S,A,0.2028913327871667,0.0,0.058593292546946674,4.893005923596823,True,1,0.02
monthly_mixed_frequency_kalman_em,exact,2023:Q4:pre_second:exact,2024-02-27,pre_second,2023:Q4,S,M,0.4177455876266378,0.0,0.058593292546946674,4.893005923596823,True,1,0.02
monthly_mixed_frequency_kalman_em,exact,2023:Q4:pre_second:exact,2024-02-27,pre_second,2023:Q4,S,S,0.3516436933322253,0.0,0.058593292546946674,4.893005923596823,True,1,0.02
monthly_mixed_frequency_kalman_em,exact,2023:Q4:pre_second:exact,2024-02-27,pre_second,2023:Q4,S,T,0.36403202391677,0.0,0.058593292546946674,4.893005923596823,True,1,0.02
monthly_mixed_frequency_kalman_em,exact,2023:Q4:pre_second:exact,2024-02-27,pre_second,2023:Q4,T,A,0.2017090723140386,0.0,0.058593292546946674,4.893005923596823,True,1,0.02
monthly_mixed_frequency_kalman_em,exact,2023:Q4:pre_second:exact,2024-02-27,pre_second,2023:Q4,T,M,0.5624267425423306,0.0,0.058593292546946674,4.893005923596823,True,1,0.02
monthly_mixed_frequency_kalman_em,exact,2023:Q4:pre_second:exact,2024-02-27,pre_second,2023:Q4,T,S,0.36403202391677,0.0,0.058593292546946674,4.893005923596823,True,1,0.02
monthly_mixed_frequency_kalman_em,exact,2023:Q4:pre_second:exact,2024-02-27,pre_second,2023:Q4,T,T,0.5224214737573495,0.0,0.058593292546946674,4.893005923596823,True,1,0.02
revision_dfm_kalman_em,exact,2023:Q4:pre_second:exact,2024-02-27,pre_second,2023:Q4,A,A,0.2835617428675872,2.7755575615628914e-17,0.06660354956663612,4.521206986786856,True,1,0.02
revision_dfm_kalman_em,exact,2023:Q4:pre_second:exact,2024-02-27,pre_second,2023:Q4,A,M,0.15069222332227086,2.7755575615628914e-17,0.06660354956663612,4.521206986786856,True,1,0.02
revision_dfm_kalman_em,exact,2023:Q4:pre_second:exact,2024-02-27,pre_second,2023:Q4,A,S,0.15007178059102974,2.7755575615628914e-17,0.06660354956663612,4.521206986786856,True,1,0.02
revision_dfm_kalman_em,exact,2023:Q4:pre_second:exact,2024-02-27,pre_second,2023:Q4,A,T,0.15044404622977442,2.7755575615628914e-17,0.06660354956663612,4.521206986786856,True,1,0.02
revision_dfm_kalman_em,exact,2023:Q4:pre_second:exact,2024-02-27,pre_second,2023:Q4,M,A,0.15069222332227086,2.7755575615628914e-17,0.06660354956663612,4.521206986786856,True,1,0.02
revision_dfm_kalman_em,exact,2023:Q4:pre_second:exact,2024-02-27,pre_second,2023:Q4,M,M,4.439726605906636,2.7755575615628914e-17,0.06660354956663612,4.521206986786856,True,1,0.02
revision_dfm_kalman_em,exact,2023:Q4:pre_second:exact,2024-02-27,pre_second,2023:Q4,M,S,0.3671182808025625,2.7755575615628914e-17,0.06660354956663612,4.521206986786856,True,1,0.02
revision_dfm_kalman_em,exact,2023:Q4:pre_second:exact,2024-02-27,pre_second,2023:Q4,M,T,0.3739527878808875,2.7755575615628914e-17,0.06660354956663612,4.521206986786856,True,1,0.02
revision_dfm_kalman_em,exact,2023:Q4:pre_second:exact,2024-02-27,pre_second,2023:Q4,S,A,0.1500717805910297,2.7755575615628914e-17,0.06660354956663612,4.521206986786856,True,1,0.02
revision_dfm_kalman_em,exact,2023:Q4:pre_second:exact,2024-02-27,pre_second,2023:Q4,S,M,0.3671182808025625,2.7755575615628914e-17,0.06660354956663612,4.521206986786856,True,1,0.02
revision_dfm_kalman_em,exact,2023:Q4:pre_second:exact,2024-02-27,pre_second,2023:Q4,S,S,0.38519266077681236,2.7755575615628914e-17,0.06660354956663612,4.521206986786856,True,1,0.02
revision_dfm_kalman_em,exact,2023:Q4:pre_second:exact,2024-02-27,pre_second,2023:Q4,S,T,0.36277735079833184,2.7755575615628914e-17,0.06660354956663612,4.521206986786856,True,1,0.02
revision_dfm_kalman_em,exact,2023:Q4:pre_second:exact,2024-02-27,pre_second,2023:Q4,T,A,0.15044404622977445,2.7755575615628914e-17,0.06660354956663612,4.521206986786856,True,1,0.02
revision_dfm_kalman_em,exact,2023:Q4:pre_second:exact,2024-02-27,pre_second,2023:Q4,T,M,0.3739527878808875,2.7755575615628914e-17,0.06660354956663612,4.521206986786856,True,1,0.02
revision_dfm_kalman_em,exact,2023:Q4:pre_second:exact,2024-02-27,pre_second,2023:Q4,T,S,0.36277735079833184,2.7755575615628914e-17,0.06660354956663612,4.521206986786856,True,1,0.02
revision_dfm_kalman_em,exact,2023:Q4:pre_second:exact,2024-02-27,pre_second,2023:Q4,T,T,0.4831194766296981,2.7755575615628914e-17,0.06660354956663612,4.521206986786856,True,1,0.02
indicator_revision_only_dfm_kalman_em,pseudo,2023:Q4:pre_second:pseudo,2024-02-29,pre_second,2023:Q4,A,A,0.7488652385799294,0.0,0.06234451778436552,4.550186415334753,True,1,0.02
indicator_revision_only_dfm_kalman_em,pseudo,2023:Q4:pre_second:pseudo,2024-02-29,pre_second,2023:Q4,A,M,0.3563908257885514,0.0,0.06234451778436552,4.550186415334753,True,1,0.02
indicator_revision_only_dfm_kalman_em,pseudo,2023:Q4:pre_second:pseudo,2024-02-29,pre_second,2023:Q4,A,S,0.3563908257885514,0.0,0.06234451778436552,4.550186415334753,True,1,0.02
indicator_revision_only_dfm_kalman_em,pseudo,2023:Q4:pre_second:pseudo,2024-02-29,pre_second,2023:Q4,A,T,0.3563908257885514,0.0,0.06234451778436552,4.550186415334753,True,1,0.02
indicator_revision_only_dfm_kalman_em,pseudo,2023:Q4:pre_second:pseudo,2024-02-29,pre_second,2023:Q4,M,A,0.3563908257885514,0.0,0.06234451778436552,4.550186415334753,True,1,0.02
indicator_revision_only_dfm_kalman_em,pseudo,2023:Q4:pre_second:pseudo,2024-02-29,pre_second,2023:Q4,M,M,4.4345979439868195,0.0,0.06234451778436552,4.550186415334753,True,1,0.02
indicator_revision_only_dfm_kalman_em,pseudo,2023:Q4:pre_second:pseudo,2024-02-29,pre_second,2023:Q4,M,S,0.3563908257885514,0.0,0.06234451778436552,4.550186415334753,True,1,0.02
indicator_revision_only_dfm_kalman_em,pseudo,2023:Q4:pre_second:pseudo,2024-02-29,pre_second,2023:Q4,M,T,0.3563908257885514,0.0,0.06234451778436552,4.550186415334753,True,1,0.02
indicator_revision_only_dfm_kalman_em,pseudo,2023:Q4:pre_second:pseudo,2024-02-29,pre_second,2023:Q4,S,A,0.3563908257885514,0.0,0.06234451778436552,4.550186415334753,True,1,0.02
indicator_revision_only_dfm_kalman_em,pseudo,2023:Q4:pre_second:pseudo,2024-02-29,pre_second,2023:Q4,S,M,0.3563908257885514,0.0,0.06234451778436552,4.550186415334753,True,1,0.02
indicator_revision_only_dfm_kalman_em,pseudo,2023:Q4:pre_second:pseudo,2024-02-29,pre_second,2023:Q4,S,S,0.3717618598881532,0.0,0.06234451778436552,4.550186415334753,True,1,0.02
indicator_revision_only_dfm_kalman_em,pseudo,2023:Q4:pre_second:pseudo,2024-02-29,pre_second,2023:Q4,S,T,0.3563908257885514,0.0,0.06234451778436552,4.550186415334753,True,1,0.02
indicator_revision_only_dfm_kalman_em,pseudo,2023:Q4:pre_second:pseudo,2024-02-29,pre_second,2023:Q4,T,A,0.3563908257885514,0.0,0.06234451778436552,4.550186415334753,True,1,0.02
indicator_revision_only_dfm_kalman_em,pseudo,2023:Q4:pre_second:pseudo,2024-02-29,pre_second,2023:Q4,T,M,0.3563908257885514,0.0,0.06234451778436552,4.550186415334753,True,1,0.02
indicator_revision_only_dfm_kalman_em,pseudo,2023:Q4:pre_second:pseudo,2024-02-29,pre_second,2023:Q4,T,S,0.3563908257885514,0.0,0.06234451778436552,4.550186415334753,True,1,0.02
indicator_revision_only_dfm_kalman_em,pseudo,2023:Q4:pre_second:pseudo,2024-02-29,pre_second,2023:Q4,T,T,0.4845050227192281,0.0,0.06234451778436552,4.550186415334753,True,1,0.02
joint_indicator_revision_dfm_full_kalman_em,pseudo,2023:Q4:pre_second:pseudo,2024-02-29,pre_second,2023:Q4,A,A,0.36255708074950754,0.0,0.06260381079214117,4.515230166839614,True,1,0.02
joint_indicator_revision_dfm_full_kalman_em,pseudo,2023:Q4:pre_second:pseudo,2024-02-29,pre_second,2023:Q4,A,M,0.20448180263718363,0.0,0.06260381079214117,4.515230166839614,True,1,0.02
joint_indicator_revision_dfm_full_kalman_em,pseudo,2023:Q4:pre_second:pseudo,2024-02-29,pre_second,2023:Q4,A,S,0.20302584676839655,0.0,0.06260381079214117,4.515230166839614,True,1,0.02
joint_indicator_revision_dfm_full_kalman_em,pseudo,2023:Q4:pre_second:pseudo,2024-02-29,pre_second,2023:Q4,A,T,0.2038994202896688,0.0,0.06260381079214117,4.515230166839614,True,1,0.02
joint_indicator_revision_dfm_full_kalman_em,pseudo,2023:Q4:pre_second:pseudo,2024-02-29,pre_second,2023:Q4,M,A,0.20448180263718363,0.0,0.06260381079214117,4.515230166839614,True,1,0.02
joint_indicator_revision_dfm_full_kalman_em,pseudo,2023:Q4:pre_second:pseudo,2024-02-29,pre_second,2023:Q4,M,M,4.4365206813302605,0.0,0.06260381079214117,4.515230166839614,True,1,0.02
joint_indicator_revision_dfm_full_kalman_em,pseudo,2023:Q4:pre_second:pseudo,2024-02-29,pre_second,2023:Q4,M,S,0.3458910380906851,0.0,0.06260381079214117,4.515230166839614,True,1,0.02
joint_indicator_revision_dfm_full_kalman_em,pseudo,2023:Q4:pre_second:pseudo,2024-02-29,pre_second,2023:Q4,M,T,0.3503565928944799,0.0,0.06260381079214117,4.515230166839614,True,1,0.02
joint_indicator_revision_dfm_full_kalman_em,pseudo,2023:Q4:pre_second:pseudo,2024-02-29,pre_second,2023:Q4,S,A,0.20302584676839655,0.0,0.06260381079214117,4.515230166839614,True,1,0.02
joint_indicator_revision_dfm_full_kalman_em,pseudo,2023:Q4:pre_second:pseudo,2024-02-29,pre_second,2023:Q4,S,M,0.3458910380906851,0.0,0.06260381079214117,4.515230166839614,True,1,0.02
joint_indicator_revision_dfm_full_kalman_em,pseudo,2023:Q4:pre_second:pseudo,2024-02-29,pre_second,2023:Q4,S,S,0.35687372000282336,0.0,0.06260381079214117,4.515230166839614,True,1,0.02
joint_indicator_revision_dfm_full_kalman_em,pseudo,2023:Q4:pre_second:pseudo,2024-02-29,pre_second,2023:Q4,S,T,0.34303373426423933,0.0,0.06260381079214117,4.515230166839614,True,1,0.02
joint_indicator_revision_dfm_full_kalman_em,pseudo,2023:Q4:pre_second:pseudo,2024-02-29,pre_second,2023:Q4,T,A,0.2038994202896688,0.0,0.06260381079214117,4.515230166839614,True,1,0.02
joint_indicator_revision_dfm_full_kalman_em,pseudo,2023:Q4:pre_second:pseudo,2024-02-29,pre_second,2023:Q4,T,M,0.3503565928944799,0.0,0.06260381079214117,4.515230166839614,True,1,0.02
joint_indicator_revision_dfm_full_kalman_em,pseudo,2023:Q4:pre_second:pseudo,2024-02-29,pre_second,2023:Q4,T,S,0.34303373426423933,0.0,0.06260381079214117,4.515230166839614,True,1,0.02
joint_indicator_revision_dfm_full_kalman_em,pseudo,2023:Q4:pre_second:pseudo,2024-02-29,pre_second,2023:Q4,T,T,0.4701035417946191,0.0,0.06260381079214117,4.515230166839614,True,1,0.02
monthly_mixed_frequency_kalman_em,pseudo,2023:Q4:pre_second:pseudo,2024-02-29,pre_second,2023:Q4,A,A,0.41951504915078325,0.0,0.058593485196685745,4.893009980990943,True,1,0.02
monthly_mixed_frequency_kalman_em,pseudo,2023:Q4:pre_second:pseudo,2024-02-29,pre_second,2023:Q4,A,M,0.200720588153623,0.0,0.058593485196685745,4.893009980990943,True,1,0.02
monthly_mixed_frequency_kalman_em,pseudo,2023:Q4:pre_second:pseudo,2024-02-29,pre_second,2023:Q4,A,S,0.20288778459507242,0.0,0.058593485196685745,4.893009980990943,True,1,0.02
monthly_mixed_frequency_kalman_em,pseudo,2023:Q4:pre_second:pseudo,2024-02-29,pre_second,2023:Q4,A,T,0.2017056774451909,0.0,0.058593485196685745,4.893009980990943,True,1,0.02
monthly_mixed_frequency_kalman_em,pseudo,2023:Q4:pre_second:pseudo,2024-02-29,pre_second,2023:Q4,M,A,0.200720588153623,0.0,0.058593485196685745,4.893009980990943,True,1,0.02
monthly_mixed_frequency_kalman_em,pseudo,2023:Q4:pre_second:pseudo,2024-02-29,pre_second,2023:Q4,M,M,4.758830289595078,0.0,0.058593485196685745,4.893009980990943,True,1,0.02
monthly_mixed_frequency_kalman_em,pseudo,2023:Q4:pre_second:pseudo,2024-02-29,pre_second,2023:Q4,M,S,0.4177452488129617,0.0,0.058593485196685745,4.893009980990943,True,1,0.02
monthly_mixed_frequency_kalman_em,pseudo,2023:Q4:pre_second:pseudo,2024-02-29,pre_second,2023:Q4,M,T,0.5624283559191875,0.0,0.058593485196685745,4.893009980990943,True,1,0.02
monthly_mixed_frequency_kalman_em,pseudo,2023:Q4:pre_second:pseudo,2024-02-29,pre_second,2023:Q4,S,A,0.20288778459507242,0.0,0.058593485196685745,4.893009980990943,True,1,0.02
monthly_mixed_frequency_kalman_em,pseudo,2023:Q4:pre_second:pseudo,2024-02-29,pre_second,2023:Q4,S,M,0.4177452488129617,0.0,0.058593485196685745,4.893009980990943,True,1,0.02
monthly_mixed_frequency_kalman_em,pseudo,2023:Q4:pre_second:pseudo,2024-02-29,pre_second,2023:Q4,S,S,0.35164201504750914,0.0,0.058593485196685745,4.893009980990943,True,1,0.02
monthly_mixed_frequency_kalman_em,pseudo,2023:Q4:pre_second:pseudo,2024-02-29,pre_second,2023:Q4,S,T,0.3640308827584893,0.0,0.058593485196685745,4.893009980990943,True,1,0.02
monthly_mixed_frequency_kalman_em,pseudo,2023:Q4:pre_second:pseudo,2024-02-29,pre_second,2023:Q4,T,A,0.2017056774451909,0.0,0.058593485196685745,4.893009980990943,True,1,0.02
monthly_mixed_frequency_kalman_em,pseudo,2023:Q4:pre_second:pseudo,2024-02-29,pre_second,2023:Q4,T,M,0.5624283559191875,0.0,0.058593485196685745,4.893009980990943,True,1,0.02
monthly_mixed_frequency_kalman_em,pseudo,2023:Q4:pre_second:pseudo,2024-02-29,pre_second,2023:Q4,T,S,0.3640308827584893,0.0,0.058593485196685745,4.893009980990943,True,1,0.02
monthly_mixed_frequency_kalman_em,pseudo,2023:Q4:pre_second:pseudo,2024-02-29,pre_second,2023:Q4,T,T,0.5224218291712387,0.0,0.058593485196685745,4.893009980990943,True,1,0.02
revision_dfm_kalman_em,pseudo,2023:Q4:pre_second:pseudo,2024-02-29,pre_second,2023:Q4,A,A,0.28356126943097104,2.7755575615628914e-17,0.066603486317799,4.521206411234168,True,1,0.02
revision_dfm_kalman_em,pseudo,2023:Q4:pre_second:pseudo,2024-02-29,pre_second,2023:Q4,A,M,0.15069238428159992,2.7755575615628914e-17,0.066603486317799,4.521206411234168,True,1,0.02
revision_dfm_kalman_em,pseudo,2023:Q4:pre_second:pseudo,2024-02-29,pre_second,2023:Q4,A,S,0.15007191531618638,2.7755575615628914e-17,0.066603486317799,4.521206411234168,True,1,0.02
revision_dfm_kalman_em,pseudo,2023:Q4:pre_second:pseudo,2024-02-29,pre_second,2023:Q4,A,T,0.15044419669543452,2.7755575615628914e-17,0.066603486317799,4.521206411234168,True,1,0.02
revision_dfm_kalman_em,pseudo,2023:Q4:pre_second:pseudo,2024-02-29,pre_second,2023:Q4,M,A,0.15069238428159992,2.7755575615628914e-17,0.066603486317799,4.521206411234168,True,1,0.02
revision_dfm_kalman_em,pseudo,2023:Q4:pre_second:pseudo,2024-02-29,pre_second,2023:Q4,M,M,4.439726346144755,2.7755575615628914e-17,0.066603486317799,4.521206411234168,True,1,0.02
revision_dfm_kalman_em,pseudo,2023:Q4:pre_second:pseudo,2024-02-29,pre_second,2023:Q4,M,S,0.3671175236211877,2.7755575615628914e-17,0.066603486317799,4.521206411234168,True,1,0.02
revision_dfm_kalman_em,pseudo,2023:Q4:pre_second:pseudo,2024-02-29,pre_second,2023:Q4,M,T,0.3739520017055957,2.7755575615628914e-17,0.066603486317799,4.521206411234168,True,1,0.02
revision_dfm_kalman_em,pseudo,2023:Q4:pre_second:pseudo,2024-02-29,pre_second,2023:Q4,S,A,0.15007191531618638,2.7755575615628914e-17,0.066603486317799,4.521206411234168,True,1,0.02
revision_dfm_kalman_em,pseudo,2023:Q4:pre_second:pseudo,2024-02-29,pre_second,2023:Q4,S,M,0.3671175236211877,2.7755575615628914e-17,0.066603486317799,4.521206411234168,True,1,0.02
revision_dfm_kalman_em,pseudo,2023:Q4:pre_second:pseudo,2024-02-29,pre_second,2023:Q4,S,S,0.38519190115648855,2.7755575615628914e-17,0.066603486317799,4.521206411234168,True,1,0.02
revision_dfm_kalman_em,pseudo,2023:Q4:pre_second:pseudo,2024-02-29,pre_second,2023:Q4,S,T,0.36277661145508766,2.7755575615628914e-17,0.066603486317799,4.521206411234168,True,1,0.02
revision_dfm_kalman_em,pseudo,2023:Q4:pre_second:pseudo,2024-02-29,pre_second,2023:Q4,T,A,0.1504441966954345,2.7755575615628914e-17,0.066603486317799,4.521206411234168,True,1,0.02
revision_dfm_kalman_em,pseudo,2023:Q4:pre_second:pseudo,2024-02-29,pre_second,2023:Q4,T,M,0.3739520017055957,2.7755575615628914e-17,0.066603486317799,4.521206411234168,True,1,0.02
revision_dfm_kalman_em,pseudo,2023:Q4:pre_second:pseudo,2024-02-29,pre_second,2023:Q4,T,S,0.36277661145508766,2.7755575615628914e-17,0.066603486317799,4.521206411234168,True,1,0.02
revision_dfm_kalman_em,pseudo,2023:Q4:pre_second:pseudo,2024-02-29,pre_second,2023:Q4,T,T,0.4831186540145252,2.7755575615628914e-17,0.066603486317799,4.521206411234168,True,1,0.02
indicator_revision_only_dfm_kalman_em,exact,2023:Q4:pre_third:exact,2024-03-27,pre_third,2023:Q4,A,A,0.40561520230617737,0.0,0.027693146537586675,4.09311970161102,True,1,0.02
indicator_revision_only_dfm_kalman_em,exact,2023:Q4:pre_third:exact,2024-03-27,pre_third,2023:Q4,A,M,0.014705451235594611,0.0,0.027693146537586675,4.09311970161102,True,1,0.02
indicator_revision_only_dfm_kalman_em,exact,2023:Q4:pre_third:exact,2024-03-27,pre_third,2023:Q4,A,S,0.014705451235594611,0.0,0.027693146537586675,4.09311970161102,True,1,0.02
indicator_revision_only_dfm_kalman_em,exact,2023:Q4:pre_third:exact,2024-03-27,pre_third,2023:Q4,A,T,0.014705451235594611,0.0,0.027693146537586675,4.09311970161102,True,1,0.02
indicator_revision_only_dfm_kalman_em,exact,2023:Q4:pre_third:exact,2024-03-27,pre_third,2023:Q4,M,A,0.014705451235594611,0.0,0.027693146537586675,4.09311970161102,True,1,0.02
indicator_revision_only_dfm_kalman_em,exact,2023:Q4:pre_third:exact,2024-03-27,pre_third,2023:Q4,M,M,4.092951823966462,0.0,0.027693146537586675,4.09311970161102,True,1,0.02
indicator_revision_only_dfm_kalman_em,exact,2023:Q4:pre_third:exact,2024-03-27,pre_third,2023:Q4,M,S,0.014705451235594611,0.0,0.027693146537586675,4.09311970161102,True,1,0.02
indicator_revision_only_dfm_kalman_em,exact,2023:Q4:pre_third:exact,2024-03-27,pre_third,2023:Q4,M,T,0.014705451235594611,0.0,0.027693146537586675,4.09311970161102,True,1,0.02
indicator_revision_only_dfm_kalman_em,exact,2023:Q4:pre_third:exact,2024-03-27,pre_third,2023:Q4,S,A,0.014705451235594611,0.0,0.027693146537586675,4.09311970161102,True,1,0.02
indicator_revision_only_dfm_kalman_em,exact,2023:Q4:pre_third:exact,2024-03-27,pre_third,2023:Q4,S,M,0.014705451235594611,0.0,0.027693146537586675,4.09311970161102,True,1,0.02
indicator_revision_only_dfm_kalman_em,exact,2023:Q4:pre_third:exact,2024-03-27,pre_third,2023:Q4,S,S,0.0300462550708229,0.0,0.027693146537586675,4.09311970161102,True,1,0.02
indicator_revision_only_dfm_kalman_em,exact,2023:Q4:pre_third:exact,2024-03-27,pre_third,2023:Q4,S,T,0.014705451235594611,0.0,0.027693146537586675,4.09311970161102,True,1,0.02
indicator_revision_only_dfm_kalman_em,exact,2023:Q4:pre_third:exact,2024-03-27,pre_third,2023:Q4,T,A,0.014705451235594611,0.0,0.027693146537586675,4.09311970161102,True,1,0.02
indicator_revision_only_dfm_kalman_em,exact,2023:Q4:pre_third:exact,2024-03-27,pre_third,2023:Q4,T,M,0.014705451235594611,0.0,0.027693146537586675,4.09311970161102,True,1,0.02
indicator_revision_only_dfm_kalman_em,exact,2023:Q4:pre_third:exact,2024-03-27,pre_third,2023:Q4,T,S,0.014705451235594611,0.0,0.027693146537586675,4.09311970161102,True,1,0.02
indicator_revision_only_dfm_kalman_em,exact,2023:Q4:pre_third:exact,2024-03-27,pre_third,2023:Q4,T,T,0.14285818413597087,0.0,0.027693146537586675,4.09311970161102,True,1,0.02
joint_indicator_revision_dfm_full_kalman_em,exact,2023:Q4:pre_third:exact,2024-03-27,pre_third,2023:Q4,A,A,0.24551480476344117,0.0,0.03202607972828808,4.101478015060235,True,1,0.02
joint_indicator_revision_dfm_full_kalman_em,exact,2023:Q4:pre_third:exact,2024-03-27,pre_third,2023:Q4,A,M,0.007672729352920706,0.0,0.03202607972828808,4.101478015060235,True,1,0.02
joint_indicator_revision_dfm_full_kalman_em,exact,2023:Q4:pre_third:exact,2024-03-27,pre_third,2023:Q4,A,S,0.010270954266071433,0.0,0.03202607972828808,4.101478015060235,True,1,0.02
joint_indicator_revision_dfm_full_kalman_em,exact,2023:Q4:pre_third:exact,2024-03-27,pre_third,2023:Q4,A,T,0.008712019318180997,0.0,0.03202607972828808,4.101478015060235,True,1,0.02
joint_indicator_revision_dfm_full_kalman_em,exact,2023:Q4:pre_third:exact,2024-03-27,pre_third,2023:Q4,M,A,0.007672729352920706,0.0,0.03202607972828808,4.101478015060235,True,1,0.02
joint_indicator_revision_dfm_full_kalman_em,exact,2023:Q4:pre_third:exact,2024-03-27,pre_third,2023:Q4,M,M,4.101306009494789,0.0,0.03202607972828808,4.101478015060235,True,1,0.02
joint_indicator_revision_dfm_full_kalman_em,exact,2023:Q4:pre_third:exact,2024-03-27,pre_third,2023:Q4,M,S,0.017518428990166608,0.0,0.03202607972828808,4.101478015060235,True,1,0.02
joint_indicator_revision_dfm_full_kalman_em,exact,2023:Q4:pre_third:exact,2024-03-27,pre_third,2023:Q4,M,T,0.017829345820816477,0.0,0.03202607972828808,4.101478015060235,True,1,0.02
joint_indicator_revision_dfm_full_kalman_em,exact,2023:Q4:pre_third:exact,2024-03-27,pre_third,2023:Q4,S,A,0.010270954266071433,0.0,0.03202607972828808,4.101478015060235,True,1,0.02
joint_indicator_revision_dfm_full_kalman_em,exact,2023:Q4:pre_third:exact,2024-03-27,pre_third,2023:Q4,S,M,0.017518428990166608,0.0,0.03202607972828808,4.101478015060235,True,1,0.02
joint_indicator_revision_dfm_full_kalman_em,exact,2023:Q4:pre_third:exact,2024-03-27,pre_third,2023:Q4,S,S,0.03523285192274339,0.0,0.03202607972828808,4.101478015060235,True,1,0.02
joint_indicator_revision_dfm_full_kalman_em,exact,2023:Q4:pre_third:exact,2024-03-27,pre_third,2023:Q4,S,T,0.017373479495684706,0.0,0.03202607972828808,4.101478015060235,True,1,0.02
joint_indicator_revision_dfm_full_kalman_em,exact,2023:Q4:pre_third:exact,2024-03-27,pre_third,2023:Q4,T,A,0.008712019318180997,0.0,0.03202607972828808,4.101478015060235,True,1,0.02
joint_indicator_revision_dfm_full_kalman_em,exact,2023:Q4:pre_third:exact,2024-03-27,pre_third,2023:Q4,T,M,0.017829345820816477,0.0,0.03202607972828808,4.101478015060235,True,1,0.02
joint_indicator_revision_dfm_full_kalman_em,exact,2023:Q4:pre_third:exact,2024-03-27,pre_third,2023:Q4,T,S,0.017373479495684706,0.0,0.03202607972828808,4.101478015060235,True,1,0.02
joint_indicator_revision_dfm_full_kalman_em,exact,2023:Q4:pre_third:exact,2024-03-27,pre_third,2023:Q4,T,T,0.14037869542458153,0.0,0.03202607972828808,4.101478015060235,True,1,0.02
monthly_mixed_frequency_kalman_em,exact,2023:Q4:pre_third:exact,2024-03-27,pre_third,2023:Q4,A,A,0.30056954757606696,0.0,0.058096884886507896,4.268165151248062,True,1,0.02
monthly_mixed_frequency_kalman_em,exact,2023:Q4:pre_third:exact,2024-03-27,pre_third,2023:Q4,A,M,-0.04007505530065316,0.0,0.058096884886507896,4.268165151248062,True,1,0.02
monthly_mixed_frequency_kalman_em,exact,2023:Q4:pre_third:exact,2024-03-27,pre_third,2023:Q4,A,S,0.029994238065618316,0.0,0.058096884886507896,4.268165151248062,True,1,0.02
monthly_mixed_frequency_kalman_em,exact,2023:Q4:pre_third:exact,2024-03-27,pre_third,2023:Q4,A,T,-0.008225376497802498,0.0,0.058096884886507896,4.268165151248062,True,1,0.02
monthly_mixed_frequency_kalman_em,exact,2023:Q4:pre_third:exact,2024-03-27,pre_third,2023:Q4,M,A,-0.04007505530065316,0.0,0.058096884886507896,4.268165151248062,True,1,0.02
monthly_mixed_frequency_kalman_em,exact,2023:Q4:pre_third:exact,2024-03-27,pre_third,2023:Q4,M,M,4.262694795190651,0.0,0.058096884886507896,4.268165151248062,True,1,0.02
monthly_mixed_frequency_kalman_em,exact,2023:Q4:pre_third:exact,2024-03-27,pre_third,2023:Q4,M,S,0.06195644029990464,0.0,0.058096884886507896,4.268165151248062,True,1,0.02
monthly_mixed_frequency_kalman_em,exact,2023:Q4:pre_third:exact,2024-03-27,pre_third,2023:Q4,M,T,0.12997743736694317,0.0,0.058096884886507896,4.268165151248062,True,1,0.02
monthly_mixed_frequency_kalman_em,exact,2023:Q4:pre_third:exact,2024-03-27,pre_third,2023:Q4,S,A,0.029994238065618316,0.0,0.058096884886507896,4.268165151248062,True,1,0.02
monthly_mixed_frequency_kalman_em,exact,2023:Q4:pre_third:exact,2024-03-27,pre_third,2023:Q4,S,M,0.06195644029990464,0.0,0.058096884886507896,4.268165151248062,True,1,0.02
monthly_mixed_frequency_kalman_em,exact,2023:Q4:pre_third:exact,2024-03-27,pre_third,2023:Q4,S,S,0.09652210419386655,0.0,0.058096884886507896,4.268165151248062,True,1,0.02
monthly_mixed_frequency_kalman_em,exact,2023:Q4:pre_third:exact,2024-03-27,pre_third,2023:Q4,S,T,0.05396588974133305,0.0,0.058096884886507896,4.268165151248062,True,1,0.02
monthly_mixed_frequency_kalman_em,exact,2023:Q4:pre_third:exact,2024-03-27,pre_third,2023:Q4,T,A,-0.008225376497802498,0.0,0.058096884886507896,4.268165151248062,True,1,0.02
monthly_mixed_frequency_kalman_em,exact,2023:Q4:pre_third:exact,2024-03-27,pre_third,2023:Q4,T,M,0.12997743736694317,0.0,0.058096884886507896,4.268165151248062,True,1,0.02
monthly_mixed_frequency_kalman_em,exact,2023:Q4:pre_third:exact,2024-03-27,pre_third,2023:Q4,T,S,0.05396588974133305,0.0,0.058096884886507896,4.268165151248062,True,1,0.02
monthly_mixed_frequency_kalman_em,exact,2023:Q4:pre_third:exact,2024-03-27,pre_third,2023:Q4,T,T,0.14558759951287534,0.0,0.058096884886507896,4.268165151248062,True,1,0.02
revision_dfm_kalman_em,exact,2023:Q4:pre_third:exact,2024-03-27,pre_third,2023:Q4,A,A,0.22438713813039263,0.0,0.0472084928330982,4.0901403508317475,True,1,0.02
revision_dfm_kalman_em,exact,2023:Q4:pre_third:exact,2024-03-27,pre_third,2023:Q4,A,M,0.0076608163523322545,0.0,0.0472084928330982,4.0901403508317475,True,1,0.02
revision_dfm_kalman_em,exact,2023:Q4:pre_third:exact,2024-03-27,pre_third,2023:Q4,A,S,0.011255528657356528,0.0,0.0472084928330982,4.0901403508317475,True,1,0.02
revision_dfm_kalman_em,exact,2023:Q4:pre_third:exact,2024-03-27,pre_third,2023:Q4,A,T,0.009098701274341965,0.0,0.0472084928330982,4.0901403508317475,True,1,0.02
revision_dfm_kalman_em,exact,2023:Q4:pre_third:exact,2024-03-27,pre_third,2023:Q4,M,A,0.0076608163523322545,0.0,0.0472084928330982,4.0901403508317475,True,1,0.02
revision_dfm_kalman_em,exact,2023:Q4:pre_third:exact,2024-03-27,pre_third,2023:Q4,M,M,4.0897340013938335,0.0,0.0472084928330982,4.0901403508317475,True,1,0.02
revision_dfm_kalman_em,exact,2023:Q4:pre_third:exact,2024-03-27,pre_third,2023:Q4,M,S,0.027505310569722018,0.0,0.0472084928330982,4.0901403508317475,True,1,0.02
revision_dfm_kalman_em,exact,2023:Q4:pre_third:exact,2024-03-27,pre_third,2023:Q4,M,T,0.028131978808165904,0.0,0.0472084928330982,4.0901403508317475,True,1,0.02
revision_dfm_kalman_em,exact,2023:Q4:pre_third:exact,2024-03-27,pre_third,2023:Q4,S,A,0.011255528657356528,0.0,0.0472084928330982,4.0901403508317475,True,1,0.02
revision_dfm_kalman_em,exact,2023:Q4:pre_third:exact,2024-03-27,pre_third,2023:Q4,S,M,0.027505310569722018,0.0,0.0472084928330982,4.0901403508317475,True,1,0.02
revision_dfm_kalman_em,exact,2023:Q4:pre_third:exact,2024-03-27,pre_third,2023:Q4,S,S,0.05555831661410925,0.0,0.0472084928330982,4.0901403508317475,True,1,0.02
revision_dfm_kalman_em,exact,2023:Q4:pre_third:exact,2024-03-27,pre_third,2023:Q4,S,T,0.02718031493147471,0.0,0.0472084928330982,4.0901403508317475,True,1,0.02
revision_dfm_kalman_em,exact,2023:Q4:pre_third:exact,2024-03-27,pre_third,2023:Q4,T,A,0.009098701274341965,0.0,0.0472084928330982,4.0901403508317475,True,1,0.02
revision_dfm_kalman_em,exact,2023:Q4:pre_third:exact,2024-03-27,pre_third,2023:Q4,T,M,0.028131978808165904,0.0,0.0472084928330982,4.0901403508317475,True,1,0.02
revision_dfm_kalman_em,exact,2023:Q4:pre_third:exact,2024-03-27,pre_third,2023:Q4,T,S,0.02718031493147471,0.0,0.0472084928330982,4.0901403508317475,True,1,0.02
revision_dfm_kalman_em,exact,2023:Q4:pre_third:exact,2024-03-27,pre_third,2023:Q4,T,T,0.14148474601261415,0.0,0.0472084928330982,4.0901403508317475,True,1,0.02
indicator_revision_only_dfm_kalman_em,pseudo,2023:Q4:pre_third:pseudo,2024-03-31,pre_third,2023:Q4,A,A,0.40561515252210234,0.0,0.027693124540397674,4.093119663773686,True,1,0.02
indicator_revision_only_dfm_kalman_em,pseudo,2023:Q4:pre_third:pseudo,2024-03-31,pre_third,2023:Q4,A,M,0.014705438307616996,0.0,0.027693124540397674,4.093119663773686,True,1,0.02
indicator_revision_only_dfm_kalman_em,pseudo,2023:Q4:pre_third:pseudo,2024-03-31,pre_third,2023:Q4,A,S,0.014705438307616996,0.0,0.027693124540397674,4.093119663773686,True,1,0.02
indicator_revision_only_dfm_kalman_em,pseudo,2023:Q4:pre_third:pseudo,2024-03-31,pre_third,2023:Q4,A,T,0.014705438307616996,0.0,0.027693124540397674,4.093119663773686,True,1,0.02
indicator_revision_only_dfm_kalman_em,pseudo,2023:Q4:pre_third:pseudo,2024-03-31,pre_third,2023:Q4,M,A,0.014705438307616996,0.0,0.027693124540397674,4.093119663773686,True,1,0.02
indicator_revision_only_dfm_kalman_em,pseudo,2023:Q4:pre_third:pseudo,2024-03-31,pre_third,2023:Q4,M,M,4.0929517864247575,0.0,0.027693124540397674,4.093119663773686,True,1,0.02
indicator_revision_only_dfm_kalman_em,pseudo,2023:Q4:pre_third:pseudo,2024-03-31,pre_third,2023:Q4,M,S,0.014705438307616996,0.0,0.027693124540397674,4.093119663773686,True,1,0.02
indicator_revision_only_dfm_kalman_em,pseudo,2023:Q4:pre_third:pseudo,2024-03-31,pre_third,2023:Q4,M,T,0.014705438307616996,0.0,0.027693124540397674,4.093119663773686,True,1,0.02
indicator_revision_only_dfm_kalman_em,pseudo,2023:Q4:pre_third:pseudo,2024-03-31,pre_third,2023:Q4,S,A,0.014705438307616996,0.0,0.027693124540397674,4.093119663773686,True,1,0.02
indicator_revision_only_dfm_kalman_em,pseudo,2023:Q4:pre_third:pseudo,2024-03-31,pre_third,2023:Q4,S,M,0.014705438307616996,0.0,0.027693124540397674,4.093119663773686,True,1,0.02
indicator_revision_only_dfm_kalman_em,pseudo,2023:Q4:pre_third:pseudo,2024-03-31,pre_third,2023:Q4,S,S,0.030046228566755474,0.0,0.027693124540397674,4.093119663773686,True,1,0.02
indicator_revision_only_dfm_kalman_em,pseudo,2023:Q4:pre_third:pseudo,2024-03-31,pre_third,2023:Q4,S,T,0.014705438307616996,0.0,0.027693124540397674,4.093119663773686,True,1,0.02
indicator_revision_only_dfm_kalman_em,pseudo,2023:Q4:pre_third:pseudo,2024-03-31,pre_third,2023:Q4,T,A,0.014705438307616996,0.0,0.027693124540397674,4.093119663773686,True,1,0.02
indicator_revision_only_dfm_kalman_em,pseudo,2023:Q4:pre_third:pseudo,2024-03-31,pre_third,2023:Q4,T,M,0.014705438307616996,0.0,0.027693124540397674,4.093119663773686,True,1,0.02
indicator_revision_only_dfm_kalman_em,pseudo,2023:Q4:pre_third:pseudo,2024-03-31,pre_third,2023:Q4,T,S,0.014705438307616996,0.0,0.027693124540397674,4.093119663773686,True,1,0.02
indicator_revision_only_dfm_kalman_em,pseudo,2023:Q4:pre_third:pseudo,2024-03-31,pre_third,2023:Q4,T,T,0.1428581966846247,0.0,0.027693124540397674,4.093119663773686,True,1,0.02
joint_indicator_revision_dfm_full_kalman_em,pseudo,2023:Q4:pre_third:pseudo,2024-03-31,pre_third,2023:Q4,A,A,0.2455125047397529,3.469446951953614e-18,0.03202602297644389,4.101478353190528,True,1,0.02
joint_indicator_revision_dfm_full_kalman_em,pseudo,2023:Q4:pre_third:pseudo,2024-03-31,pre_third,2023:Q4,A,M,0.007672622806298817,3.469446951953614e-18,0.03202602297644389,4.101478353190528,True,1,0.02
joint_indicator_revision_dfm_full_kalman_em,pseudo,2023:Q4:pre_third:pseudo,2024-03-31,pre_third,2023:Q4,A,S,0.01027083859564137,3.469446951953614e-18,0.03202602297644389,4.101478353190528,True,1,0.02
joint_indicator_revision_dfm_full_kalman_em,pseudo,2023:Q4:pre_third:pseudo,2024-03-31,pre_third,2023:Q4,A,T,0.008711909122035838,3.469446951953614e-18,0.03202602297644389,4.101478353190528,True,1,0.02
joint_indicator_revision_dfm_full_kalman_em,pseudo,2023:Q4:pre_third:pseudo,2024-03-31,pre_third,2023:Q4,M,A,0.007672622806298817,3.469446951953614e-18,0.03202602297644389,4.101478353190528,True,1,0.02
joint_indicator_revision_dfm_full_kalman_em,pseudo,2023:Q4:pre_third:pseudo,2024-03-31,pre_third,2023:Q4,M,M,4.101306348564523,3.469446951953614e-18,0.03202602297644389,4.101478353190528,True,1,0.02
joint_indicator_revision_dfm_full_kalman_em,pseudo,2023:Q4:pre_third:pseudo,2024-03-31,pre_third,2023:Q4,M,S,0.017518400655825835,3.469446951953614e-18,0.03202602297644389,4.101478353190528,True,1,0.02
joint_indicator_revision_dfm_full_kalman_em,pseudo,2023:Q4:pre_third:pseudo,2024-03-31,pre_third,2023:Q4,M,T,0.017829319956337214,3.469446951953614e-18,0.03202602297644389,4.101478353190528,True,1,0.02
joint_indicator_revision_dfm_full_kalman_em,pseudo,2023:Q4:pre_third:pseudo,2024-03-31,pre_third,2023:Q4,S,A,0.01027083859564137,3.469446951953614e-18,0.03202602297644389,4.101478353190528,True,1,0.02
joint_indicator_revision_dfm_full_kalman_em,pseudo,2023:Q4:pre_third:pseudo,2024-03-31,pre_third,2023:Q4,S,M,0.017518400655825835,3.469446951953614e-18,0.03202602297644389,4.101478353190528,True,1,0.02
joint_indicator_revision_dfm_full_kalman_em,pseudo,2023:Q4:pre_third:pseudo,2024-03-31,pre_third,2023:Q4,S,S,0.035232780790981126,3.469446951953614e-18,0.03202602297644389,4.101478353190528,True,1,0.02
joint_indicator_revision_dfm_full_kalman_em,pseudo,2023:Q4:pre_third:pseudo,2024-03-31,pre_third,2023:Q4,S,T,0.017373449414622148,3.469446951953614e-18,0.03202602297644389,4.101478353190528,True,1,0.02
joint_indicator_revision_dfm_full_kalman_em,pseudo,2023:Q4:pre_third:pseudo,2024-03-31,pre_third,2023:Q4,T,A,0.008711909122035838,3.469446951953614e-18,0.03202602297644389,4.101478353190528,True,1,0.02
joint_indicator_revision_dfm_full_kalman_em,pseudo,2023:Q4:pre_third:pseudo,2024-03-31,pre_third,2023:Q4,T,M,0.017829319956337214,3.469446951953614e-18,0.03202602297644389,4.101478353190528,True,1,0.02
joint_indicator_revision_dfm_full_kalman_em,pseudo,2023:Q4:pre_third:pseudo,2024-03-31,pre_third,2023:Q4,T,S,0.017373449414622145,3.469446951953614e-18,0.03202602297644389,4.101478353190528,True,1,0.02
joint_indicator_revision_dfm_full_kalman_em,pseudo,2023:Q4:pre_third:pseudo,2024-03-31,pre_third,2023:Q4,T,T,0.14037865978383832,3.469446951953614e-18,0.03202602297644389,4.101478353190528,True,1,0.02
monthly_mixed_frequency_kalman_em,pseudo,2023:Q4:pre_third:pseudo,2024-03-31,pre_third,2023:Q4,A,A,0.3005700658152404,0.0,0.058096877393519104,4.26816499110573,True,1,0.02
monthly_mixed_frequency_kalman_em,pseudo,2023:Q4:pre_third:pseudo,2024-03-31,pre_third,2023:Q4,A,M,-0.04007487867455824,0.0,0.058096877393519104,4.26816499110573,True,1,0.02
monthly_mixed_frequency_kalman_em,pseudo,2023:Q4:pre_third:pseudo,2024-03-31,pre_third,2023:Q4,A,S,0.029994328421565266,0.0,0.058096877393519104,4.26816499110573,True,1,0.02
monthly_mixed_frequency_kalman_em,pseudo,2023:Q4:pre_third:pseudo,2024-03-31,pre_third,2023:Q4,A,T,-0.008225239085411186,0.0,0.058096877393519104,4.26816499110573,True,1,0.02
monthly_mixed_frequency_kalman_em,pseudo,2023:Q4:pre_third:pseudo,2024-03-31,pre_third,2023:Q4,M,A,-0.04007487867455824,0.0,0.058096877393519104,4.26816499110573,True,1,0.02
monthly_mixed_frequency_kalman_em,pseudo,2023:Q4:pre_third:pseudo,2024-03-31,pre_third,2023:Q4,M,M,4.262694653039471,0.0,0.058096877393519104,4.26816499110573,True,1,0.02
monthly_mixed_frequency_kalman_em,pseudo,2023:Q4:pre_third:pseudo,2024-03-31,pre_third,2023:Q4,M,S,0.06195639005153736,0.0,0.058096877393519104,4.26816499110573,True,1,0.02
monthly_mixed_frequency_kalman_em,pseudo,2023:Q4:pre_third:pseudo,2024-03-31,pre_third,2023:Q4,M,T,0.12997723586893445,0.0,0.058096877393519104,4.26816499110573,True,1,0.02
monthly_mixed_frequency_kalman_em,pseudo,2023:Q4:pre_third:pseudo,2024-03-31,pre_third,2023:Q4,S,A,0.029994328421565266,0.0,0.058096877393519104,4.26816499110573,True,1,0.02
monthly_mixed_frequency_kalman_em,pseudo,2023:Q4:pre_third:pseudo,2024-03-31,pre_third,2023:Q4,S,M,0.06195639005153736,0.0,0.058096877393519104,4.26816499110573,True,1,0.02
monthly_mixed_frequency_kalman_em,pseudo,2023:Q4:pre_third:pseudo,2024-03-31,pre_third,2023:Q4,S,S,0.09652217339544915,0.0,0.058096877393519104,4.26816499110573,True,1,0.02
monthly_mixed_frequency_kalman_em,pseudo,2023:Q4:pre_third:pseudo,2024-03-31,pre_third,2023:Q4,S,T,0.053965874644044336,0.0,0.058096877393519104,4.26816499110573,True,1,0.02
monthly_mixed_frequency_kalman_em,pseudo,2023:Q4:pre_third:pseudo,2024-03-31,pre_third,2023:Q4,T,A,-0.008225239085411186,0.0,0.058096877393519104,4.26816499110573,True,1,0.02
monthly_mixed_frequency_kalman_em,pseudo,2023:Q4:pre_third:pseudo,2024-03-31,pre_third,2023:Q4,T,M,0.12997723586893445,0.0,0.058096877393519104,4.26816499110573,True,1,0.02
monthly_mixed_frequency_kalman_em,pseudo,2023:Q4:pre_third:pseudo,2024-03-31,pre_third,2023:Q4,T,S,0.053965874644044336,0.0,0.058096877393519104,4.26816499110573,True,1,0.02
monthly_mixed_frequency_kalman_em,pseudo,2023:Q4:pre_third:pseudo,2024-03-31,pre_third,2023:Q4,T,T,0.14558732872815344,0.0,0.058096877393519104,4.26816499110573,True,1,0.02
revision_dfm_kalman_em,pseudo,2023:Q4:pre_third:pseudo,2024-03-31,pre_third,2023:Q4,A,A,0.2243873123713233,1.734723475976807e-18,0.04720850387318681,4.090140320674572,True,1,0.02
revision_dfm_kalman_em,pseudo,2023:Q4:pre_third:pseudo,2024-03-31,pre_third,2023:Q4,A,M,0.007660822104095558,1.734723475976807e-18,0.04720850387318681,4.090140320674572,True,1,0.02
revision_dfm_kalman_em,pseudo,2023:Q4:pre_third:pseudo,2024-03-31,pre_third,2023:Q4,A,S,0.011255539695800131,1.734723475976807e-18,0.04720850387318681,4.090140320674572,True,1,0.02
revision_dfm_kalman_em,pseudo,2023:Q4:pre_third:pseudo,2024-03-31,pre_third,2023:Q4,A,T,0.009098709140777388,1.734723475976807e-18,0.04720850387318681,4.090140320674572,True,1,0.02
revision_dfm_kalman_em,pseudo,2023:Q4:pre_third:pseudo,2024-03-31,pre_third,2023:Q4,M,A,0.007660822104095558,1.734723475976807e-18,0.04720850387318681,4.090140320674572,True,1,0.02
revision_dfm_kalman_em,pseudo,2023:Q4:pre_third:pseudo,2024-03-31,pre_third,2023:Q4,M,M,4.0897339710038905,1.734723475976807e-18,0.04720850387318681,4.090140320674572,True,1,0.02
revision_dfm_kalman_em,pseudo,2023:Q4:pre_third:pseudo,2024-03-31,pre_third,2023:Q4,M,S,0.02750531780771942,1.734723475976807e-18,0.04720850387318681,4.090140320674572,True,1,0.02
revision_dfm_kalman_em,pseudo,2023:Q4:pre_third:pseudo,2024-03-31,pre_third,2023:Q4,M,T,0.028131986093097014,1.734723475976807e-18,0.04720850387318681,4.090140320674572,True,1,0.02
revision_dfm_kalman_em,pseudo,2023:Q4:pre_third:pseudo,2024-03-31,pre_third,2023:Q4,S,A,0.011255539695800133,1.734723475976807e-18,0.04720850387318681,4.090140320674572,True,1,0.02
revision_dfm_kalman_em,pseudo,2023:Q4:pre_third:pseudo,2024-03-31,pre_third,2023:Q4,S,M,0.02750531780771942,1.734723475976807e-18,0.04720850387318681,4.090140320674572,True,1,0.02
revision_dfm_kalman_em,pseudo,2023:Q4:pre_third:pseudo,2024-03-31,pre_third,2023:Q4,S,S,0.055558333732892075,1.734723475976807e-18,0.04720850387318681,4.090140320674572,True,1,0.02
revision_dfm_kalman_em,pseudo,2023:Q4:pre_third:pseudo,2024-03-31,pre_third,2023:Q4,S,T,0.027180322245481035,1.734723475976807e-18,0.04720850387318681,4.090140320674572,True,1,0.02
revision_dfm_kalman_em,pseudo,2023:Q4:pre_third:pseudo,2024-03-31,pre_third,2023:Q4,T,A,0.009098709140777388,1.734723475976807e-18,0.04720850387318681,4.090140320674572,True,1,0.02
revision_dfm_kalman_em,pseudo,2023:Q4:pre_third:pseudo,2024-03-31,pre_third,2023:Q4,T,M,0.028131986093097014,1.734723475976807e-18,0.04720850387318681,4.090140320674572,True,1,0.02
revision_dfm_kalman_em,pseudo,2023:Q4:pre_third:pseudo,2024-03-31,pre_third,2023:Q4,T,S,0.027180322245481035,1.734723475976807e-18,0.04720850387318681,4.090140320674572,True,1,0.02
revision_dfm_kalman_em,pseudo,2023:Q4:pre_third:pseudo,2024-03-31,pre_third,2023:Q4,T,T,0.1414847390749869,1.734723475976807e-18,0.04720850387318681,4.090140320674572,True,1,0.02
indicator_revision_only_dfm_kalman_em,exact,2024:Q1:pre_advance:exact,2024-04-24,pre_advance,2024:Q1,A,A,3.2785549400434504,0.0,0.06644659273879246,12.988650970873111,True,1,0.02
indicator_revision_only_dfm_kalman_em,exact,2024:Q1:pre_advance:exact,2024-04-24,pre_advance,2024:Q1,A,M,2.8887188818529586,0.0,0.06644659273879246,12.988650970873111,True,1,0.02
indicator_revision_only_dfm_kalman_em,exact,2024:Q1:pre_advance:exact,2024-04-24,pre_advance,2024:Q1,A,S,2.8887188818529586,0.0,0.06644659273879246,12.988650970873111,True,1,0.02
indicator_revision_only_dfm_kalman_em,exact,2024:Q1:pre_advance:exact,2024-04-24,pre_advance,2024:Q1,A,T,2.8887188818529586,0.0,0.06644659273879246,12.988650970873111,True,1,0.02
indicator_revision_only_dfm_kalman_em,exact,2024:Q1:pre_advance:exact,2024-04-24,pre_advance,2024:Q1,M,A,2.8887188818529586,0.0,0.06644659273879246,12.988650970873111,True,1,0.02
indicator_revision_only_dfm_kalman_em,exact,2024:Q1:pre_advance:exact,2024-04-24,pre_advance,2024:Q1,M,M,6.945807303606719,0.0,0.06644659273879246,12.988650970873111,True,1,0.02
indicator_revision_only_dfm_kalman_em,exact,2024:Q1:pre_advance:exact,2024-04-24,pre_advance,2024:Q1,M,S,2.8887188818529586,0.0,0.06644659273879246,12.988650970873111,True,1,0.02
indicator_revision_only_dfm_kalman_em,exact,2024:Q1:pre_advance:exact,2024-04-24,pre_advance,2024:Q1,M,T,2.8887188818529586,0.0,0.06644659273879246,12.988650970873111,True,1,0.02
indicator_revision_only_dfm_kalman_em,exact,2024:Q1:pre_advance:exact,2024-04-24,pre_advance,2024:Q1,S,A,2.8887188818529586,0.0,0.06644659273879246,12.988650970873111,True,1,0.02
indicator_revision_only_dfm_kalman_em,exact,2024:Q1:pre_advance:exact,2024-04-24,pre_advance,2024:Q1,S,M,2.8887188818529586,0.0,0.06644659273879246,12.988650970873111,True,1,0.02
indicator_revision_only_dfm_kalman_em,exact,2024:Q1:pre_advance:exact,2024-04-24,pre_advance,2024:Q1,S,S,2.906392874898448,0.0,0.06644659273879246,12.988650970873111,True,1,0.02
indicator_revision_only_dfm_kalman_em,exact,2024:Q1:pre_advance:exact,2024-04-24,pre_advance,2024:Q1,S,T,2.8887188818529586,0.0,0.06644659273879246,12.988650970873111,True,1,0.02
indicator_revision_only_dfm_kalman_em,exact,2024:Q1:pre_advance:exact,2024-04-24,pre_advance,2024:Q1,T,A,2.8887188818529586,0.0,0.06644659273879246,12.988650970873111,True,1,0.02
indicator_revision_only_dfm_kalman_em,exact,2024:Q1:pre_advance:exact,2024-04-24,pre_advance,2024:Q1,T,M,2.8887188818529586,0.0,0.06644659273879246,12.988650970873111,True,1,0.02
indicator_revision_only_dfm_kalman_em,exact,2024:Q1:pre_advance:exact,2024-04-24,pre_advance,2024:Q1,T,S,2.8887188818529586,0.0,0.06644659273879246,12.988650970873111,True,1,0.02
indicator_revision_only_dfm_kalman_em,exact,2024:Q1:pre_advance:exact,2024-04-24,pre_advance,2024:Q1,T,T,3.0146386315269553,0.0,0.06644659273879246,12.988650970873111,True,1,0.02
joint_indicator_revision_dfm_full_kalman_em,exact,2024:Q1:pre_advance:exact,2024-04-24,pre_advance,2024:Q1,A,A,2.511426348512493,0.0,0.06441104044515046,13.090662129993502,True,1,0.02
joint_indicator_revision_dfm_full_kalman_em,exact,2024:Q1:pre_advance:exact,2024-04-24,pre_advance,2024:Q1,A,M,2.6461485736550174,0.0,0.06441104044515046,13.090662129993502,True,1,0.02
joint_indicator_revision_dfm_full_kalman_em,exact,2024:Q1:pre_advance:exact,2024-04-24,pre_advance,2024:Q1,A,S,2.6321228169818416,0.0,0.06441104044515046,13.090662129993502,True,1,0.02
joint_indicator_revision_dfm_full_kalman_em,exact,2024:Q1:pre_advance:exact,2024-04-24,pre_advance,2024:Q1,A,T,2.640538270985747,0.0,0.06441104044515046,13.090662129993502,True,1,0.02
joint_indicator_revision_dfm_full_kalman_em,exact,2024:Q1:pre_advance:exact,2024-04-24,pre_advance,2024:Q1,M,A,2.6461485736550174,0.0,0.06441104044515046,13.090662129993502,True,1,0.02
joint_indicator_revision_dfm_full_kalman_em,exact,2024:Q1:pre_advance:exact,2024-04-24,pre_advance,2024:Q1,M,M,7.204553916392955,0.0,0.06441104044515046,13.090662129993502,True,1,0.02
joint_indicator_revision_dfm_full_kalman_em,exact,2024:Q1:pre_advance:exact,2024-04-24,pre_advance,2024:Q1,M,S,3.1190696913664855,0.0,0.06441104044515046,13.090662129993502,True,1,0.02
joint_indicator_revision_dfm_full_kalman_em,exact,2024:Q1:pre_advance:exact,2024-04-24,pre_advance,2024:Q1,M,T,3.1340040424521107,0.0,0.06441104044515046,13.090662129993502,True,1,0.02
joint_indicator_revision_dfm_full_kalman_em,exact,2024:Q1:pre_advance:exact,2024-04-24,pre_advance,2024:Q1,S,A,2.6321228169818416,0.0,0.06441104044515046,13.090662129993502,True,1,0.02
joint_indicator_revision_dfm_full_kalman_em,exact,2024:Q1:pre_advance:exact,2024-04-24,pre_advance,2024:Q1,S,M,3.1190696913664855,0.0,0.06441104044515046,13.090662129993502,True,1,0.02
joint_indicator_revision_dfm_full_kalman_em,exact,2024:Q1:pre_advance:exact,2024-04-24,pre_advance,2024:Q1,S,S,3.1155553464289785,0.0,0.06441104044515046,13.090662129993502,True,1,0.02
joint_indicator_revision_dfm_full_kalman_em,exact,2024:Q1:pre_advance:exact,2024-04-24,pre_advance,2024:Q1,S,T,3.109330753878792,0.0,0.06441104044515046,13.090662129993502,True,1,0.02
joint_indicator_revision_dfm_full_kalman_em,exact,2024:Q1:pre_advance:exact,2024-04-24,pre_advance,2024:Q1,T,A,2.640538270985747,0.0,0.06441104044515046,13.090662129993502,True,1,0.02
joint_indicator_revision_dfm_full_kalman_em,exact,2024:Q1:pre_advance:exact,2024-04-24,pre_advance,2024:Q1,T,M,3.1340040424521107,0.0,0.06441104044515046,13.090662129993502,True,1,0.02
joint_indicator_revision_dfm_full_kalman_em,exact,2024:Q1:pre_advance:exact,2024-04-24,pre_advance,2024:Q1,T,S,3.109330753878792,0.0,0.06441104044515046,13.090662129993502,True,1,0.02
joint_indicator_revision_dfm_full_kalman_em,exact,2024:Q1:pre_advance:exact,2024-04-24,pre_advance,2024:Q1,T,T,3.243705851354887,0.0,0.06441104044515046,13.090662129993502,True,1,0.02
monthly_mixed_frequency_kalman_em,exact,2024:Q1:pre_advance:exact,2024-04-24,pre_advance,2024:Q1,A,A,4.386101357625438,0.0,0.060821278412107674,18.151141583822575,True,1,0.02
monthly_mixed_frequency_kalman_em,exact,2024:Q1:pre_advance:exact,2024-04-24,pre_advance,2024:Q1,A,M,4.067550571409951,0.0,0.060821278412107674,18.151141583822575,True,1,0.02
monthly_mixed_frequency_kalman_em,exact,2024:Q1:pre_advance:exact,2024-04-24,pre_advance,2024:Q1,A,S,4.124322949174544,0.0,0.060821278412107674,18.151141583822575,True,1,0.02
monthly_mixed_frequency_kalman_em,exact,2024:Q1:pre_advance:exact,2024-04-24,pre_advance,2024:Q1,A,T,4.0933561976665835,0.0,0.060821278412107674,18.151141583822575,True,1,0.02
monthly_mixed_frequency_kalman_em,exact,2024:Q1:pre_advance:exact,2024-04-24,pre_advance,2024:Q1,M,A,4.067550571409951,0.0,0.060821278412107674,18.151141583822575,True,1,0.02
monthly_mixed_frequency_kalman_em,exact,2024:Q1:pre_advance:exact,2024-04-24,pre_advance,2024:Q1,M,M,8.5128234304194,0.0,0.060821278412107674,18.151141583822575,True,1,0.02
monthly_mixed_frequency_kalman_em,exact,2024:Q1:pre_advance:exact,2024-04-24,pre_advance,2024:Q1,M,S,4.240208777822881,0.0,0.060821278412107674,18.151141583822575,True,1,0.02
monthly_mixed_frequency_kalman_em,exact,2024:Q1:pre_advance:exact,2024-04-24,pre_advance,2024:Q1,M,T,4.3553142487648335,0.0,0.060821278412107674,18.151141583822575,True,1,0.02
monthly_mixed_frequency_kalman_em,exact,2024:Q1:pre_advance:exact,2024-04-24,pre_advance,2024:Q1,S,A,4.124322949174544,0.0,0.060821278412107674,18.151141583822575,True,1,0.02
monthly_mixed_frequency_kalman_em,exact,2024:Q1:pre_advance:exact,2024-04-24,pre_advance,2024:Q1,S,M,4.240208777822881,0.0,0.060821278412107674,18.151141583822575,True,1,0.02
monthly_mixed_frequency_kalman_em,exact,2024:Q1:pre_advance:exact,2024-04-24,pre_advance,2024:Q1,S,S,4.228226841858069,0.0,0.060821278412107674,18.151141583822575,True,1,0.02
monthly_mixed_frequency_kalman_em,exact,2024:Q1:pre_advance:exact,2024-04-24,pre_advance,2024:Q1,S,T,4.211237320660796,0.0,0.060821278412107674,18.151141583822575,True,1,0.02
monthly_mixed_frequency_kalman_em,exact,2024:Q1:pre_advance:exact,2024-04-24,pre_advance,2024:Q1,T,A,4.0933561976665835,0.0,0.060821278412107674,18.151141583822575,True,1,0.02
monthly_mixed_frequency_kalman_em,exact,2024:Q1:pre_advance:exact,2024-04-24,pre_advance,2024:Q1,T,M,4.3553142487648335,0.0,0.060821278412107674,18.151141583822575,True,1,0.02
monthly_mixed_frequency_kalman_em,exact,2024:Q1:pre_advance:exact,2024-04-24,pre_advance,2024:Q1,T,S,4.211237320660796,0.0,0.060821278412107674,18.151141583822575,True,1,0.02
monthly_mixed_frequency_kalman_em,exact,2024:Q1:pre_advance:exact,2024-04-24,pre_advance,2024:Q1,T,T,4.339280753270125,0.0,0.060821278412107674,18.151141583822575,True,1,0.02
revision_dfm_kalman_em,exact,2024:Q1:pre_advance:exact,2024-04-24,pre_advance,2024:Q1,A,A,3.017141886585841,8.881784197001252e-16,0.06684203822362622,14.940680098618934,True,1,0.02
revision_dfm_kalman_em,exact,2024:Q1:pre_advance:exact,2024-04-24,pre_advance,2024:Q1,A,M,3.128749294623305,8.881784197001252e-16,0.06684203822362622,14.940680098618934,True,1,0.02
revision_dfm_kalman_em,exact,2024:Q1:pre_advance:exact,2024-04-24,pre_advance,2024:Q1,A,S,3.1159443664154036,8.881784197001252e-16,0.06684203822362622,14.940680098618934,True,1,0.02
revision_dfm_kalman_em,exact,2024:Q1:pre_advance:exact,2024-04-24,pre_advance,2024:Q1,A,T,3.1236273233401444,8.881784197001252e-16,0.06684203822362622,14.940680098618934,True,1,0.02
revision_dfm_kalman_em,exact,2024:Q1:pre_advance:exact,2024-04-24,pre_advance,2024:Q1,M,A,3.128749294623305,8.881784197001252e-16,0.06684203822362622,14.940680098618934,True,1,0.02
revision_dfm_kalman_em,exact,2024:Q1:pre_advance:exact,2024-04-24,pre_advance,2024:Q1,M,M,7.666694047136961,8.881784197001252e-16,0.06684203822362622,14.940680098618934,True,1,0.02
revision_dfm_kalman_em,exact,2024:Q1:pre_advance:exact,2024-04-24,pre_advance,2024:Q1,M,S,3.5966993445574578,8.881784197001252e-16,0.06684203822362622,14.940680098618934,True,1,0.02
revision_dfm_kalman_em,exact,2024:Q1:pre_advance:exact,2024-04-24,pre_advance,2024:Q1,M,T,3.6114767145553786,8.881784197001252e-16,0.06684203822362622,14.940680098618934,True,1,0.02
revision_dfm_kalman_em,exact,2024:Q1:pre_advance:exact,2024-04-24,pre_advance,2024:Q1,S,A,3.1159443664154036,8.881784197001252e-16,0.06684203822362622,14.940680098618934,True,1,0.02
revision_dfm_kalman_em,exact,2024:Q1:pre_advance:exact,2024-04-24,pre_advance,2024:Q1,S,M,3.5966993445574578,8.881784197001252e-16,0.06684203822362622,14.940680098618934,True,1,0.02
revision_dfm_kalman_em,exact,2024:Q1:pre_advance:exact,2024-04-24,pre_advance,2024:Q1,S,S,3.6015057307330824,8.881784197001252e-16,0.06684203822362622,14.940680098618934,True,1,0.02
revision_dfm_kalman_em,exact,2024:Q1:pre_advance:exact,2024-04-24,pre_advance,2024:Q1,S,T,3.587084244994616,8.881784197001252e-16,0.06684203822362622,14.940680098618934,True,1,0.02
revision_dfm_kalman_em,exact,2024:Q1:pre_advance:exact,2024-04-24,pre_advance,2024:Q1,T,A,3.1236273233401444,8.881784197001252e-16,0.06684203822362622,14.940680098618934,True,1,0.02
revision_dfm_kalman_em,exact,2024:Q1:pre_advance:exact,2024-04-24,pre_advance,2024:Q1,T,M,3.6114767145553786,8.881784197001252e-16,0.06684203822362622,14.940680098618934,True,1,0.02
revision_dfm_kalman_em,exact,2024:Q1:pre_advance:exact,2024-04-24,pre_advance,2024:Q1,T,S,3.587084244994617,8.881784197001252e-16,0.06684203822362622,14.940680098618934,True,1,0.02
revision_dfm_kalman_em,exact,2024:Q1:pre_advance:exact,2024-04-24,pre_advance,2024:Q1,T,T,3.7149693770986754,8.881784197001252e-16,0.06684203822362622,14.940680098618934,True,1,0.02
indicator_revision_only_dfm_kalman_em,pseudo,2024:Q1:pre_advance:pseudo,2024-04-30,pre_advance,2024:Q1,A,A,3.278317280943827,0.0,0.06644653056104376,12.987726270582666,True,1,0.02
indicator_revision_only_dfm_kalman_em,pseudo,2024:Q1:pre_advance:pseudo,2024-04-30,pre_advance,2024:Q1,A,M,2.8884810602646454,0.0,0.06644653056104376,12.987726270582666,True,1,0.02
indicator_revision_only_dfm_kalman_em,pseudo,2024:Q1:pre_advance:pseudo,2024-04-30,pre_advance,2024:Q1,A,S,2.8884810602646454,0.0,0.06644653056104376,12.987726270582666,True,1,0.02
indicator_revision_only_dfm_kalman_em,pseudo,2024:Q1:pre_advance:pseudo,2024-04-30,pre_advance,2024:Q1,A,T,2.8884810602646454,0.0,0.06644653056104376,12.987726270582666,True,1,0.02
indicator_revision_only_dfm_kalman_em,pseudo,2024:Q1:pre_advance:pseudo,2024-04-30,pre_advance,2024:Q1,M,A,2.8884810602646454,0.0,0.06644653056104376,12.987726270582666,True,1,0.02
indicator_revision_only_dfm_kalman_em,pseudo,2024:Q1:pre_advance:pseudo,2024-04-30,pre_advance,2024:Q1,M,M,6.945569193110914,0.0,0.06644653056104376,12.987726270582666,True,1,0.02
indicator_revision_only_dfm_kalman_em,pseudo,2024:Q1:pre_advance:pseudo,2024-04-30,pre_advance,2024:Q1,M,S,2.8884810602646454,0.0,0.06644653056104376,12.987726270582666,True,1,0.02
indicator_revision_only_dfm_kalman_em,pseudo,2024:Q1:pre_advance:pseudo,2024-04-30,pre_advance,2024:Q1,M,T,2.8884810602646454,0.0,0.06644653056104376,12.987726270582666,True,1,0.02
indicator_revision_only_dfm_kalman_em,pseudo,2024:Q1:pre_advance:pseudo,2024-04-30,pre_advance,2024:Q1,S,A,2.8884810602646454,0.0,0.06644653056104376,12.987726270582666,True,1,0.02
indicator_revision_only_dfm_kalman_em,pseudo,2024:Q1:pre_advance:pseudo,2024-04-30,pre_advance,2024:Q1,S,M,2.8884810602646454,0.0,0.06644653056104376,12.987726270582666,True,1,0.02
indicator_revision_only_dfm_kalman_em,pseudo,2024:Q1:pre_advance:pseudo,2024-04-30,pre_advance,2024:Q1,S,S,2.9061549815701833,0.0,0.06644653056104376,12.987726270582666,True,1,0.02
indicator_revision_only_dfm_kalman_em,pseudo,2024:Q1:pre_advance:pseudo,2024-04-30,pre_advance,2024:Q1,S,T,2.8884810602646454,0.0,0.06644653056104376,12.987726270582666,True,1,0.02
indicator_revision_only_dfm_kalman_em,pseudo,2024:Q1:pre_advance:pseudo,2024-04-30,pre_advance,2024:Q1,T,A,2.8884810602646454,0.0,0.06644653056104376,12.987726270582666,True,1,0.02
indicator_revision_only_dfm_kalman_em,pseudo,2024:Q1:pre_advance:pseudo,2024-04-30,pre_advance,2024:Q1,T,M,2.8884810602646454,0.0,0.06644653056104376,12.987726270582666,True,1,0.02
indicator_revision_only_dfm_kalman_em,pseudo,2024:Q1:pre_advance:pseudo,2024-04-30,pre_advance,2024:Q1,T,S,2.8884810602646454,0.0,0.06644653056104376,12.987726270582666,True,1,0.02
indicator_revision_only_dfm_kalman_em,pseudo,2024:Q1:pre_advance:pseudo,2024-04-30,pre_advance,2024:Q1,T,T,3.0144008552446966,0.0,0.06644653056104376,12.987726270582666,True,1,0.02
joint_indicator_revision_dfm_full_kalman_em,pseudo,2024:Q1:pre_advance:pseudo,2024-04-30,pre_advance,2024:Q1,A,A,2.5110257738592856,4.440892098500626e-16,0.06441089768297656,13.088952913211653,True,1,0.02
joint_indicator_revision_dfm_full_kalman_em,pseudo,2024:Q1:pre_advance:pseudo,2024-04-30,pre_advance,2024:Q1,A,M,2.645711987409035,4.440892098500626e-16,0.06441089768297656,13.088952913211653,True,1,0.02
joint_indicator_revision_dfm_full_kalman_em,pseudo,2024:Q1:pre_advance:pseudo,2024-04-30,pre_advance,2024:Q1,A,S,2.631688770497471,4.440892098500626e-16,0.06441089768297656,13.088952913211653,True,1,0.02
joint_indicator_revision_dfm_full_kalman_em,pseudo,2024:Q1:pre_advance:pseudo,2024-04-30,pre_advance,2024:Q1,A,T,2.6401027006444093,4.440892098500626e-16,0.06441089768297656,13.088952913211653,True,1,0.02
joint_indicator_revision_dfm_full_kalman_em,pseudo,2024:Q1:pre_advance:pseudo,2024-04-30,pre_advance,2024:Q1,M,A,2.645711987409035,4.440892098500626e-16,0.06441089768297656,13.088952913211653,True,1,0.02
joint_indicator_revision_dfm_full_kalman_em,pseudo,2024:Q1:pre_advance:pseudo,2024-04-30,pre_advance,2024:Q1,M,M,7.204104698698561,4.440892098500626e-16,0.06441089768297656,13.088952913211653,True,1,0.02
joint_indicator_revision_dfm_full_kalman_em,pseudo,2024:Q1:pre_advance:pseudo,2024-04-30,pre_advance,2024:Q1,M,S,3.1186156638173985,4.440892098500626e-16,0.06441089768297656,13.088952913211653,True,1,0.02
joint_indicator_revision_dfm_full_kalman_em,pseudo,2024:Q1:pre_advance:pseudo,2024-04-30,pre_advance,2024:Q1,M,T,3.1335494641250308,4.440892098500626e-16,0.06441089768297656,13.088952913211653,True,1,0.02
joint_indicator_revision_dfm_full_kalman_em,pseudo,2024:Q1:pre_advance:pseudo,2024-04-30,pre_advance,2024:Q1,S,A,2.631688770497471,4.440892098500626e-16,0.06441089768297656,13.088952913211653,True,1,0.02
joint_indicator_revision_dfm_full_kalman_em,pseudo,2024:Q1:pre_advance:pseudo,2024-04-30,pre_advance,2024:Q1,S,M,3.1186156638173985,4.440892098500626e-16,0.06441089768297656,13.088952913211653,True,1,0.02
joint_indicator_revision_dfm_full_kalman_em,pseudo,2024:Q1:pre_advance:pseudo,2024-04-30,pre_advance,2024:Q1,S,S,3.115101247858888,4.440892098500626e-16,0.06441089768297656,13.088952913211653,True,1,0.02
joint_indicator_revision_dfm_full_kalman_em,pseudo,2024:Q1:pre_advance:pseudo,2024-04-30,pre_advance,2024:Q1,S,T,3.108877125951,4.440892098500626e-16,0.06441089768297656,13.088952913211653,True,1,0.02
joint_indicator_revision_dfm_full_kalman_em,pseudo,2024:Q1:pre_advance:pseudo,2024-04-30,pre_advance,2024:Q1,T,A,2.6401027006444098,4.440892098500626e-16,0.06441089768297656,13.088952913211653,True,1,0.02
joint_indicator_revision_dfm_full_kalman_em,pseudo,2024:Q1:pre_advance:pseudo,2024-04-30,pre_advance,2024:Q1,T,M,3.1335494641250308,4.440892098500626e-16,0.06441089768297656,13.088952913211653,True,1,0.02
joint_indicator_revision_dfm_full_kalman_em,pseudo,2024:Q1:pre_advance:pseudo,2024-04-30,pre_advance,2024:Q1,T,S,3.108877125951,4.440892098500626e-16,0.06441089768297656,13.088952913211653,True,1,0.02
joint_indicator_revision_dfm_full_kalman_em,pseudo,2024:Q1:pre_advance:pseudo,2024-04-30,pre_advance,2024:Q1,T,T,3.2432524918874486,4.440892098500626e-16,0.06441089768297656,13.088952913211653,True,1,0.02
monthly_mixed_frequency_kalman_em,pseudo,2024:Q1:pre_advance:pseudo,2024-04-30,pre_advance,2024:Q1,A,A,4.3859414688820415,0.0,0.0608212828204773,18.150572748954367,True,1,0.02
monthly_mixed_frequency_kalman_em,pseudo,2024:Q1:pre_advance:pseudo,2024-04-30,pre_advance,2024:Q1,A,M,4.067402867929982,0.0,0.0608212828204773,18.150572748954367,True,1,0.02
monthly_mixed_frequency_kalman_em,pseudo,2024:Q1:pre_advance:pseudo,2024-04-30,pre_advance,2024:Q1,A,S,4.12416899205866,0.0,0.0608212828204773,18.150572748954367,True,1,0.02
monthly_mixed_frequency_kalman_em,pseudo,2024:Q1:pre_advance:pseudo,2024-04-30,pre_advance,2024:Q1,A,T,4.093205651624836,0.0,0.0608212828204773,18.150572748954367,True,1,0.02
monthly_mixed_frequency_kalman_em,pseudo,2024:Q1:pre_advance:pseudo,2024-04-30,pre_advance,2024:Q1,M,A,4.067402867929982,0.0,0.0608212828204773,18.150572748954367,True,1,0.02
monthly_mixed_frequency_kalman_em,pseudo,2024:Q1:pre_advance:pseudo,2024-04-30,pre_advance,2024:Q1,M,M,8.512692723707538,0.0,0.0608212828204773,18.150572748954367,True,1,0.02
monthly_mixed_frequency_kalman_em,pseudo,2024:Q1:pre_advance:pseudo,2024-04-30,pre_advance,2024:Q1,M,S,4.240067677321146,0.0,0.0608212828204773,18.150572748954367,True,1,0.02
monthly_mixed_frequency_kalman_em,pseudo,2024:Q1:pre_advance:pseudo,2024-04-30,pre_advance,2024:Q1,M,T,4.355177550248589,0.0,0.0608212828204773,18.150572748954367,True,1,0.02
monthly_mixed_frequency_kalman_em,pseudo,2024:Q1:pre_advance:pseudo,2024-04-30,pre_advance,2024:Q1,S,A,4.12416899205866,0.0,0.0608212828204773,18.150572748954367,True,1,0.02
monthly_mixed_frequency_kalman_em,pseudo,2024:Q1:pre_advance:pseudo,2024-04-30,pre_advance,2024:Q1,S,M,4.240067677321146,0.0,0.0608212828204773,18.150572748954367,True,1,0.02
monthly_mixed_frequency_kalman_em,pseudo,2024:Q1:pre_advance:pseudo,2024-04-30,pre_advance,2024:Q1,S,S,4.2280788965908425,0.0,0.0608212828204773,18.150572748954367,True,1,0.02
monthly_mixed_frequency_kalman_em,pseudo,2024:Q1:pre_advance:pseudo,2024-04-30,pre_advance,2024:Q1,S,T,4.211093006005525,0.0,0.0608212828204773,18.150572748954367,True,1,0.02
monthly_mixed_frequency_kalman_em,pseudo,2024:Q1:pre_advance:pseudo,2024-04-30,pre_advance,2024:Q1,T,A,4.093205651624836,0.0,0.0608212828204773,18.150572748954367,True,1,0.02
monthly_mixed_frequency_kalman_em,pseudo,2024:Q1:pre_advance:pseudo,2024-04-30,pre_advance,2024:Q1,T,M,4.355177550248589,0.0,0.0608212828204773,18.150572748954367,True,1,0.02
monthly_mixed_frequency_kalman_em,pseudo,2024:Q1:pre_advance:pseudo,2024-04-30,pre_advance,2024:Q1,T,S,4.211093006005525,0.0,0.0608212828204773,18.150572748954367,True,1,0.02
monthly_mixed_frequency_kalman_em,pseudo,2024:Q1:pre_advance:pseudo,2024-04-30,pre_advance,2024:Q1,T,T,4.3391402488596045,0.0,0.0608212828204773,18.150572748954367,True,1,0.02
revision_dfm_kalman_em,pseudo,2024:Q1:pre_advance:pseudo,2024-04-30,pre_advance,2024:Q1,A,A,3.0170594266927444,4.440892098500626e-16,0.06684205939842691,14.94035750122171,True,1,0.02
revision_dfm_kalman_em,pseudo,2024:Q1:pre_advance:pseudo,2024-04-30,pre_advance,2024:Q1,A,M,3.1286659746918497,4.440892098500626e-16,0.06684205939842691,14.94035750122171,True,1,0.02
revision_dfm_kalman_em,pseudo,2024:Q1:pre_advance:pseudo,2024-04-30,pre_advance,2024:Q1,A,S,3.115861039631959,4.440892098500626e-16,0.06684205939842691,14.94035750122171,True,1,0.02
revision_dfm_kalman_em,pseudo,2024:Q1:pre_advance:pseudo,2024-04-30,pre_advance,2024:Q1,A,T,3.1235440006678936,4.440892098500626e-16,0.06684205939842691,14.94035750122171,True,1,0.02
revision_dfm_kalman_em,pseudo,2024:Q1:pre_advance:pseudo,2024-04-30,pre_advance,2024:Q1,M,A,3.1286659746918497,4.440892098500626e-16,0.06684205939842691,14.94035750122171,True,1,0.02
revision_dfm_kalman_em,pseudo,2024:Q1:pre_advance:pseudo,2024-04-30,pre_advance,2024:Q1,M,M,7.666611152179747,4.440892098500626e-16,0.06684205939842691,14.94035750122171,True,1,0.02
revision_dfm_kalman_em,pseudo,2024:Q1:pre_advance:pseudo,2024-04-30,pre_advance,2024:Q1,M,S,3.5966163734011865,4.440892098500626e-16,0.06684205939842691,14.94035750122171,True,1,0.02
revision_dfm_kalman_em,pseudo,2024:Q1:pre_advance:pseudo,2024-04-30,pre_advance,2024:Q1,M,T,3.6113937544130597,4.440892098500626e-16,0.06684205939842691,14.94035750122171,True,1,0.02
revision_dfm_kalman_em,pseudo,2024:Q1:pre_advance:pseudo,2024-04-30,pre_advance,2024:Q1,S,A,3.115861039631959,4.440892098500626e-16,0.06684205939842691,14.94035750122171,True,1,0.02
revision_dfm_kalman_em,pseudo,2024:Q1:pre_advance:pseudo,2024-04-30,pre_advance,2024:Q1,S,M,3.5966163734011865,4.440892098500626e-16,0.06684205939842691,14.94035750122171,True,1,0.02
revision_dfm_kalman_em,pseudo,2024:Q1:pre_advance:pseudo,2024-04-30,pre_advance,2024:Q1,S,S,3.60142283079922,4.440892098500626e-16,0.06684205939842691,14.94035750122171,True,1,0.02
revision_dfm_kalman_em,pseudo,2024:Q1:pre_advance:pseudo,2024-04-30,pre_advance,2024:Q1,S,T,3.5870012667258018,4.440892098500626e-16,0.06684205939842691,14.94035750122171,True,1,0.02
revision_dfm_kalman_em,pseudo,2024:Q1:pre_advance:pseudo,2024-04-30,pre_advance,2024:Q1,T,A,3.123544000667893,4.440892098500626e-16,0.06684205939842691,14.94035750122171,True,1,0.02
revision_dfm_kalman_em,pseudo,2024:Q1:pre_advance:pseudo,2024-04-30,pre_advance,2024:Q1,T,M,3.6113937544130597,4.440892098500626e-16,0.06684205939842691,14.94035750122171,True,1,0.02
revision_dfm_kalman_em,pseudo,2024:Q1:pre_advance:pseudo,2024-04-30,pre_advance,2024:Q1,T,S,3.5870012667258018,4.440892098500626e-16,0.06684205939842691,14.94035750122171,True,1,0.02
revision_dfm_kalman_em,pseudo,2024:Q1:pre_advance:pseudo,2024-04-30,pre_advance,2024:Q1,T,T,3.714886298404256,4.440892098500626e-16,0.06684205939842691,14.94035750122171,True,1,0.02
indicator_revision_only_dfm_kalman_em,exact,2024:Q1:pre_second:exact,2024-05-29,pre_second,2024:Q1,A,A,0.7449491397029704,0.0,0.06212990945785819,4.530754686168839,True,1,0.02
indicator_revision_only_dfm_kalman_em,exact,2024:Q1:pre_second:exact,2024-05-29,pre_second,2024:Q1,A,M,0.35423914745961205,0.0,0.06212990945785819,4.530754686168839,True,1,0.02
indicator_revision_only_dfm_kalman_em,exact,2024:Q1:pre_second:exact,2024-05-29,pre_second,2024:Q1,A,S,0.35423914745961205,0.0,0.06212990945785819,4.530754686168839,True,1,0.02
indicator_revision_only_dfm_kalman_em,exact,2024:Q1:pre_second:exact,2024-05-29,pre_second,2024:Q1,A,T,0.35423914745961205,0.0,0.06212990945785819,4.530754686168839,True,1,0.02
indicator_revision_only_dfm_kalman_em,exact,2024:Q1:pre_second:exact,2024-05-29,pre_second,2024:Q1,M,A,0.35423914745961205,0.0,0.06212990945785819,4.530754686168839,True,1,0.02
indicator_revision_only_dfm_kalman_em,exact,2024:Q1:pre_second:exact,2024-05-29,pre_second,2024:Q1,M,M,4.416133050086986,0.0,0.06212990945785819,4.530754686168839,True,1,0.02
indicator_revision_only_dfm_kalman_em,exact,2024:Q1:pre_second:exact,2024-05-29,pre_second,2024:Q1,M,S,0.35423914745961205,0.0,0.06212990945785819,4.530754686168839,True,1,0.02
indicator_revision_only_dfm_kalman_em,exact,2024:Q1:pre_second:exact,2024-05-29,pre_second,2024:Q1,M,T,0.35423914745961205,0.0,0.06212990945785819,4.530754686168839,True,1,0.02
indicator_revision_only_dfm_kalman_em,exact,2024:Q1:pre_second:exact,2024-05-29,pre_second,2024:Q1,S,A,0.35423914745961205,0.0,0.06212990945785819,4.530754686168839,True,1,0.02
indicator_revision_only_dfm_kalman_em,exact,2024:Q1:pre_second:exact,2024-05-29,pre_second,2024:Q1,S,M,0.35423914745961205,0.0,0.06212990945785819,4.530754686168839,True,1,0.02
indicator_revision_only_dfm_kalman_em,exact,2024:Q1:pre_second:exact,2024-05-29,pre_second,2024:Q1,S,S,0.36954902407200935,0.0,0.06212990945785819,4.530754686168839,True,1,0.02
indicator_revision_only_dfm_kalman_em,exact,2024:Q1:pre_second:exact,2024-05-29,pre_second,2024:Q1,S,T,0.35423914745961205,0.0,0.06212990945785819,4.530754686168839,True,1,0.02
indicator_revision_only_dfm_kalman_em,exact,2024:Q1:pre_second:exact,2024-05-29,pre_second,2024:Q1,T,A,0.35423914745961205,0.0,0.06212990945785819,4.530754686168839,True,1,0.02
indicator_revision_only_dfm_kalman_em,exact,2024:Q1:pre_second:exact,2024-05-29,pre_second,2024:Q1,T,M,0.35423914745961205,0.0,0.06212990945785819,4.530754686168839,True,1,0.02
indicator_revision_only_dfm_kalman_em,exact,2024:Q1:pre_second:exact,2024-05-29,pre_second,2024:Q1,T,S,0.35423914745961205,0.0,0.06212990945785819,4.530754686168839,True,1,0.02
indicator_revision_only_dfm_kalman_em,exact,2024:Q1:pre_second:exact,2024-05-29,pre_second,2024:Q1,T,T,0.48197718316737115,0.0,0.06212990945785819,4.530754686168839,True,1,0.02
joint_indicator_revision_dfm_full_kalman_em,exact,2024:Q1:pre_second:exact,2024-05-29,pre_second,2024:Q1,A,A,0.35510322406815503,5.551115123125783e-17,0.06238698158027652,4.498494758651382,True,1,0.02
joint_indicator_revision_dfm_full_kalman_em,exact,2024:Q1:pre_second:exact,2024-05-29,pre_second,2024:Q1,A,M,0.20099806616908886,5.551115123125783e-17,0.06238698158027652,4.498494758651382,True,1,0.02
joint_indicator_revision_dfm_full_kalman_em,exact,2024:Q1:pre_second:exact,2024-05-29,pre_second,2024:Q1,A,S,0.19952810697237883,5.551115123125783e-17,0.06238698158027652,4.498494758651382,True,1,0.02
joint_indicator_revision_dfm_full_kalman_em,exact,2024:Q1:pre_second:exact,2024-05-29,pre_second,2024:Q1,A,T,0.20041008249040487,5.551115123125783e-17,0.06238698158027652,4.498494758651382,True,1,0.02
joint_indicator_revision_dfm_full_kalman_em,exact,2024:Q1:pre_second:exact,2024-05-29,pre_second,2024:Q1,M,A,0.20099806616908886,5.551115123125783e-17,0.06238698158027652,4.498494758651382,True,1,0.02
joint_indicator_revision_dfm_full_kalman_em,exact,2024:Q1:pre_second:exact,2024-05-29,pre_second,2024:Q1,M,M,4.420359853770169,5.551115123125783e-17,0.06238698158027652,4.498494758651382,True,1,0.02
joint_indicator_revision_dfm_full_kalman_em,exact,2024:Q1:pre_second:exact,2024-05-29,pre_second,2024:Q1,M,S,0.3448466836683909,5.551115123125783e-17,0.06238698158027652,4.498494758651382,True,1,0.02
joint_indicator_revision_dfm_full_kalman_em,exact,2024:Q1:pre_second:exact,2024-05-29,pre_second,2024:Q1,M,T,0.34938927158942146,5.551115123125783e-17,0.06238698158027652,4.498494758651382,True,1,0.02
joint_indicator_revision_dfm_full_kalman_em,exact,2024:Q1:pre_second:exact,2024-05-29,pre_second,2024:Q1,S,A,0.1995281069723788,5.551115123125783e-17,0.06238698158027652,4.498494758651382,True,1,0.02
joint_indicator_revision_dfm_full_kalman_em,exact,2024:Q1:pre_second:exact,2024-05-29,pre_second,2024:Q1,S,M,0.3448466836683909,5.551115123125783e-17,0.06238698158027652,4.498494758651382,True,1,0.02
joint_indicator_revision_dfm_full_kalman_em,exact,2024:Q1:pre_second:exact,2024-05-29,pre_second,2024:Q1,S,S,0.35560135398081366,5.551115123125783e-17,0.06238698158027652,4.498494758651382,True,1,0.02
joint_indicator_revision_dfm_full_kalman_em,exact,2024:Q1:pre_second:exact,2024-05-29,pre_second,2024:Q1,S,T,0.3419403121344706,5.551115123125783e-17,0.06238698158027652,4.498494758651382,True,1,0.02
joint_indicator_revision_dfm_full_kalman_em,exact,2024:Q1:pre_second:exact,2024-05-29,pre_second,2024:Q1,T,A,0.20041008249040482,5.551115123125783e-17,0.06238698158027652,4.498494758651382,True,1,0.02
joint_indicator_revision_dfm_full_kalman_em,exact,2024:Q1:pre_second:exact,2024-05-29,pre_second,2024:Q1,T,M,0.34938927158942146,5.551115123125783e-17,0.06238698158027652,4.498494758651382,True,1,0.02
joint_indicator_revision_dfm_full_kalman_em,exact,2024:Q1:pre_second:exact,2024-05-29,pre_second,2024:Q1,T,S,0.3419403121344706,5.551115123125783e-17,0.06238698158027652,4.498494758651382,True,1,0.02
joint_indicator_revision_dfm_full_kalman_em,exact,2024:Q1:pre_second:exact,2024-05-29,pre_second,2024:Q1,T,T,0.4686909776195279,5.551115123125783e-17,0.06238698158027652,4.498494758651382,True,1,0.02
monthly_mixed_frequency_kalman_em,exact,2024:Q1:pre_second:exact,2024-05-29,pre_second,2024:Q1,A,A,0.4197105487597309,0.0,0.05816920552096775,4.873492781972455,True,1,0.02
monthly_mixed_frequency_kalman_em,exact,2024:Q1:pre_second:exact,2024-05-29,pre_second,2024:Q1,A,M,0.19948808669998622,0.0,0.05816920552096775,4.873492781972455,True,1,0.02
monthly_mixed_frequency_kalman_em,exact,2024:Q1:pre_second:exact,2024-05-29,pre_second,2024:Q1,A,S,0.2022721598732788,0.0,0.05816920552096775,4.873492781972455,True,1,0.02
monthly_mixed_frequency_kalman_em,exact,2024:Q1:pre_second:exact,2024-05-29,pre_second,2024:Q1,A,T,0.2007535745060283,0.0,0.05816920552096775,4.873492781972455,True,1,0.02
monthly_mixed_frequency_kalman_em,exact,2024:Q1:pre_second:exact,2024-05-29,pre_second,2024:Q1,M,A,0.19948808669998622,0.0,0.05816920552096775,4.873492781972455,True,1,0.02
monthly_mixed_frequency_kalman_em,exact,2024:Q1:pre_second:exact,2024-05-29,pre_second,2024:Q1,M,M,4.740499841211781,0.0,0.05816920552096775,4.873492781972455,True,1,0.02
monthly_mixed_frequency_kalman_em,exact,2024:Q1:pre_second:exact,2024-05-29,pre_second,2024:Q1,M,S,0.4151401280267476,0.0,0.05816920552096775,4.873492781972455,True,1,0.02
monthly_mixed_frequency_kalman_em,exact,2024:Q1:pre_second:exact,2024-05-29,pre_second,2024:Q1,M,T,0.558908155577922,0.0,0.05816920552096775,4.873492781972455,True,1,0.02
monthly_mixed_frequency_kalman_em,exact,2024:Q1:pre_second:exact,2024-05-29,pre_second,2024:Q1,S,A,0.2022721598732788,0.0,0.05816920552096775,4.873492781972455,True,1,0.02
monthly_mixed_frequency_kalman_em,exact,2024:Q1:pre_second:exact,2024-05-29,pre_second,2024:Q1,S,M,0.4151401280267476,0.0,0.05816920552096775,4.873492781972455,True,1,0.02
monthly_mixed_frequency_kalman_em,exact,2024:Q1:pre_second:exact,2024-05-29,pre_second,2024:Q1,S,S,0.34983679215394026,0.0,0.05816920552096775,4.873492781972455,True,1,0.02
monthly_mixed_frequency_kalman_em,exact,2024:Q1:pre_second:exact,2024-05-29,pre_second,2024:Q1,S,T,0.36192313598838044,0.0,0.05816920552096775,4.873492781972455,True,1,0.02
monthly_mixed_frequency_kalman_em,exact,2024:Q1:pre_second:exact,2024-05-29,pre_second,2024:Q1,T,A,0.2007535745060283,0.0,0.05816920552096775,4.873492781972455,True,1,0.02
monthly_mixed_frequency_kalman_em,exact,2024:Q1:pre_second:exact,2024-05-29,pre_second,2024:Q1,T,M,0.558908155577922,0.0,0.05816920552096775,4.873492781972455,True,1,0.02
monthly_mixed_frequency_kalman_em,exact,2024:Q1:pre_second:exact,2024-05-29,pre_second,2024:Q1,T,S,0.36192313598838044,0.0,0.05816920552096775,4.873492781972455,True,1,0.02
monthly_mixed_frequency_kalman_em,exact,2024:Q1:pre_second:exact,2024-05-29,pre_second,2024:Q1,T,T,0.5188169886525178,0.0,0.05816920552096775,4.873492781972455,True,1,0.02
revision_dfm_kalman_em,exact,2024:Q1:pre_second:exact,2024-05-29,pre_second,2024:Q1,A,A,0.2831340340618273,2.7755575615628914e-17,0.06638757358704224,4.503614204911221,True,1,0.02
revision_dfm_kalman_em,exact,2024:Q1:pre_second:exact,2024-05-29,pre_second,2024:Q1,A,M,0.15044124238318238,2.7755575615628914e-17,0.06638757358704224,4.503614204911221,True,1,0.02
revision_dfm_kalman_em,exact,2024:Q1:pre_second:exact,2024-05-29,pre_second,2024:Q1,A,S,0.14982164667073816,2.7755575615628914e-17,0.06638757358704224,4.503614204911221,True,1,0.02
revision_dfm_kalman_em,exact,2024:Q1:pre_second:exact,2024-05-29,pre_second,2024:Q1,A,T,0.1501934040982047,2.7755575615628914e-17,0.06638757358704224,4.503614204911221,True,1,0.02
revision_dfm_kalman_em,exact,2024:Q1:pre_second:exact,2024-05-29,pre_second,2024:Q1,M,A,0.15044124238318238,2.7755575615628914e-17,0.06638757358704224,4.503614204911221,True,1,0.02
revision_dfm_kalman_em,exact,2024:Q1:pre_second:exact,2024-05-29,pre_second,2024:Q1,M,M,4.422414303766117,2.7755575615628914e-17,0.06638757358704224,4.503614204911221,True,1,0.02
revision_dfm_kalman_em,exact,2024:Q1:pre_second:exact,2024-05-29,pre_second,2024:Q1,M,S,0.36569373649963816,2.7755575615628914e-17,0.06638757358704224,4.503614204911221,True,1,0.02
revision_dfm_kalman_em,exact,2024:Q1:pre_second:exact,2024-05-29,pre_second,2024:Q1,M,T,0.37249118368226314,2.7755575615628914e-17,0.06638757358704224,4.503614204911221,True,1,0.02
revision_dfm_kalman_em,exact,2024:Q1:pre_second:exact,2024-05-29,pre_second,2024:Q1,S,A,0.14982164667073813,2.7755575615628914e-17,0.06638757358704224,4.503614204911221,True,1,0.02
revision_dfm_kalman_em,exact,2024:Q1:pre_second:exact,2024-05-29,pre_second,2024:Q1,S,M,0.36569373649963816,2.7755575615628914e-17,0.06638757358704224,4.503614204911221,True,1,0.02
revision_dfm_kalman_em,exact,2024:Q1:pre_second:exact,2024-05-29,pre_second,2024:Q1,S,S,0.38374735932542225,2.7755575615628914e-17,0.06638757358704224,4.503614204911221,True,1,0.02
revision_dfm_kalman_em,exact,2024:Q1:pre_second:exact,2024-05-29,pre_second,2024:Q1,S,T,0.3613762947030602,2.7755575615628914e-17,0.06638757358704224,4.503614204911221,True,1,0.02
revision_dfm_kalman_em,exact,2024:Q1:pre_second:exact,2024-05-29,pre_second,2024:Q1,T,A,0.1501934040982047,2.7755575615628914e-17,0.06638757358704224,4.503614204911221,True,1,0.02
revision_dfm_kalman_em,exact,2024:Q1:pre_second:exact,2024-05-29,pre_second,2024:Q1,T,M,0.37249118368226314,2.7755575615628914e-17,0.06638757358704224,4.503614204911221,True,1,0.02
revision_dfm_kalman_em,exact,2024:Q1:pre_second:exact,2024-05-29,pre_second,2024:Q1,T,S,0.3613762947030602,2.7755575615628914e-17,0.06638757358704224,4.503614204911221,True,1,0.02
revision_dfm_kalman_em,exact,2024:Q1:pre_second:exact,2024-05-29,pre_second,2024:Q1,T,T,0.48130007389787727,2.7755575615628914e-17,0.06638757358704224,4.503614204911221,True,1,0.02
indicator_revision_only_dfm_kalman_em,pseudo,2024:Q1:pre_second:pseudo,2024-05-31,pre_second,2024:Q1,A,A,0.7448923893925136,0.0,0.06212905350708312,4.530661680070972,True,1,0.02
indicator_revision_only_dfm_kalman_em,pseudo,2024:Q1:pre_second:pseudo,2024-05-31,pre_second,2024:Q1,A,M,0.35418728262554383,0.0,0.06212905350708312,4.530661680070972,True,1,0.02
indicator_revision_only_dfm_kalman_em,pseudo,2024:Q1:pre_second:pseudo,2024-05-31,pre_second,2024:Q1,A,S,0.35418728262554383,0.0,0.06212905350708312,4.530661680070972,True,1,0.02
indicator_revision_only_dfm_kalman_em,pseudo,2024:Q1:pre_second:pseudo,2024-05-31,pre_second,2024:Q1,A,T,0.35418728262554383,0.0,0.06212905350708312,4.530661680070972,True,1,0.02
indicator_revision_only_dfm_kalman_em,pseudo,2024:Q1:pre_second:pseudo,2024-05-31,pre_second,2024:Q1,M,A,0.35418728262554383,0.0,0.06212905350708312,4.530661680070972,True,1,0.02
indicator_revision_only_dfm_kalman_em,pseudo,2024:Q1:pre_second:pseudo,2024-05-31,pre_second,2024:Q1,M,M,4.41607582885337,0.0,0.06212905350708312,4.530661680070972,True,1,0.02
indicator_revision_only_dfm_kalman_em,pseudo,2024:Q1:pre_second:pseudo,2024-05-31,pre_second,2024:Q1,M,S,0.35418728262554383,0.0,0.06212905350708312,4.530661680070972,True,1,0.02
indicator_revision_only_dfm_kalman_em,pseudo,2024:Q1:pre_second:pseudo,2024-05-31,pre_second,2024:Q1,M,T,0.35418728262554383,0.0,0.06212905350708312,4.530661680070972,True,1,0.02
indicator_revision_only_dfm_kalman_em,pseudo,2024:Q1:pre_second:pseudo,2024-05-31,pre_second,2024:Q1,S,A,0.35418728262554383,0.0,0.06212905350708312,4.530661680070972,True,1,0.02
indicator_revision_only_dfm_kalman_em,pseudo,2024:Q1:pre_second:pseudo,2024-05-31,pre_second,2024:Q1,S,M,0.35418728262554383,0.0,0.06212905350708312,4.530661680070972,True,1,0.02
indicator_revision_only_dfm_kalman_em,pseudo,2024:Q1:pre_second:pseudo,2024-05-31,pre_second,2024:Q1,S,S,0.3694949598092843,0.0,0.06212905350708312,4.530661680070972,True,1,0.02
indicator_revision_only_dfm_kalman_em,pseudo,2024:Q1:pre_second:pseudo,2024-05-31,pre_second,2024:Q1,S,T,0.35418728262554383,0.0,0.06212905350708312,4.530661680070972,True,1,0.02
indicator_revision_only_dfm_kalman_em,pseudo,2024:Q1:pre_second:pseudo,2024-05-31,pre_second,2024:Q1,T,A,0.35418728262554383,0.0,0.06212905350708312,4.530661680070972,True,1,0.02
indicator_revision_only_dfm_kalman_em,pseudo,2024:Q1:pre_second:pseudo,2024-05-31,pre_second,2024:Q1,T,M,0.35418728262554383,0.0,0.06212905350708312,4.530661680070972,True,1,0.02
indicator_revision_only_dfm_kalman_em,pseudo,2024:Q1:pre_second:pseudo,2024-05-31,pre_second,2024:Q1,T,S,0.35418728262554383,0.0,0.06212905350708312,4.530661680070972,True,1,0.02
indicator_revision_only_dfm_kalman_em,pseudo,2024:Q1:pre_second:pseudo,2024-05-31,pre_second,2024:Q1,T,T,0.4819290418767114,0.0,0.06212905350708312,4.530661680070972,True,1,0.02
joint_indicator_revision_dfm_full_kalman_em,pseudo,2024:Q1:pre_second:pseudo,2024-05-31,pre_second,2024:Q1,A,A,0.3544527275673379,2.7755575615628914e-17,0.06238840389455004,4.498598872874706,True,1,0.02
joint_indicator_revision_dfm_full_kalman_em,pseudo,2024:Q1:pre_second:pseudo,2024-05-31,pre_second,2024:Q1,A,M,0.20069020478843722,2.7755575615628914e-17,0.06238840389455004,4.498598872874706,True,1,0.02
joint_indicator_revision_dfm_full_kalman_em,pseudo,2024:Q1:pre_second:pseudo,2024-05-31,pre_second,2024:Q1,A,S,0.1992192667721816,2.7755575615628914e-17,0.06238840389455004,4.498598872874706,True,1,0.02
joint_indicator_revision_dfm_full_kalman_em,pseudo,2024:Q1:pre_second:pseudo,2024-05-31,pre_second,2024:Q1,A,T,0.20010182958193495,2.7755575615628914e-17,0.06238840389455004,4.498598872874706,True,1,0.02
joint_indicator_revision_dfm_full_kalman_em,pseudo,2024:Q1:pre_second:pseudo,2024-05-31,pre_second,2024:Q1,M,A,0.20069020478843722,2.7755575615628914e-17,0.06238840389455004,4.498598872874706,True,1,0.02
joint_indicator_revision_dfm_full_kalman_em,pseudo,2024:Q1:pre_second:pseudo,2024-05-31,pre_second,2024:Q1,M,M,4.420479797225098,2.7755575615628914e-17,0.06238840389455004,4.498598872874706,True,1,0.02
joint_indicator_revision_dfm_full_kalman_em,pseudo,2024:Q1:pre_second:pseudo,2024-05-31,pre_second,2024:Q1,M,S,0.34491559501747837,2.7755575615628914e-17,0.06238840389455004,4.498598872874706,True,1,0.02
joint_indicator_revision_dfm_full_kalman_em,pseudo,2024:Q1:pre_second:pseudo,2024-05-31,pre_second,2024:Q1,M,T,0.3494700810247113,2.7755575615628914e-17,0.06238840389455004,4.498598872874706,True,1,0.02
joint_indicator_revision_dfm_full_kalman_em,pseudo,2024:Q1:pre_second:pseudo,2024-05-31,pre_second,2024:Q1,S,A,0.19921926677218157,2.7755575615628914e-17,0.06238840389455004,4.498598872874706,True,1,0.02
joint_indicator_revision_dfm_full_kalman_em,pseudo,2024:Q1:pre_second:pseudo,2024-05-31,pre_second,2024:Q1,S,M,0.34491559501747837,2.7755575615628914e-17,0.06238840389455004,4.498598872874706,True,1,0.02
joint_indicator_revision_dfm_full_kalman_em,pseudo,2024:Q1:pre_second:pseudo,2024-05-31,pre_second,2024:Q1,S,S,0.3556496653386538,2.7755575615628914e-17,0.06238840389455004,4.498598872874706,True,1,0.02
joint_indicator_revision_dfm_full_kalman_em,pseudo,2024:Q1:pre_second:pseudo,2024-05-31,pre_second,2024:Q1,S,T,0.34200166845257246,2.7755575615628914e-17,0.06238840389455004,4.498598872874706,True,1,0.02
joint_indicator_revision_dfm_full_kalman_em,pseudo,2024:Q1:pre_second:pseudo,2024-05-31,pre_second,2024:Q1,T,A,0.20010182958193495,2.7755575615628914e-17,0.06238840389455004,4.498598872874706,True,1,0.02
joint_indicator_revision_dfm_full_kalman_em,pseudo,2024:Q1:pre_second:pseudo,2024-05-31,pre_second,2024:Q1,T,M,0.3494700810247113,2.7755575615628914e-17,0.06238840389455004,4.498598872874706,True,1,0.02
joint_indicator_revision_dfm_full_kalman_em,pseudo,2024:Q1:pre_second:pseudo,2024-05-31,pre_second,2024:Q1,T,S,0.34200166845257246,2.7755575615628914e-17,0.06238840389455004,4.498598872874706,True,1,0.02
joint_indicator_revision_dfm_full_kalman_em,pseudo,2024:Q1:pre_second:pseudo,2024-05-31,pre_second,2024:Q1,T,T,0.4687610486712695,2.7755575615628914e-17,0.06238840389455004,4.498598872874706,True,1,0.02
monthly_mixed_frequency_kalman_em,pseudo,2024:Q1:pre_second:pseudo,2024-05-31,pre_second,2024:Q1,A,A,0.4197116209801056,0.0,0.05816921825447042,4.8734838793480115,True,1,0.02
monthly_mixed_frequency_kalman_em,pseudo,2024:Q1:pre_second:pseudo,2024-05-31,pre_second,2024:Q1,A,M,0.19948865334864643,0.0,0.05816921825447042,4.8734838793480115,True,1,0.02
monthly_mixed_frequency_kalman_em,pseudo,2024:Q1:pre_second:pseudo,2024-05-31,pre_second,2024:Q1,A,S,0.20227289718318975,0.0,0.05816921825447042,4.8734838793480115,True,1,0.02
monthly_mixed_frequency_kalman_em,pseudo,2024:Q1:pre_second:pseudo,2024-05-31,pre_second,2024:Q1,A,T,0.20075421872798427,0.0,0.05816921825447042,4.8734838793480115,True,1,0.02
monthly_mixed_frequency_kalman_em,pseudo,2024:Q1:pre_second:pseudo,2024-05-31,pre_second,2024:Q1,M,A,0.19948865334864643,0.0,0.05816921825447042,4.8734838793480115,True,1,0.02
monthly_mixed_frequency_kalman_em,pseudo,2024:Q1:pre_second:pseudo,2024-05-31,pre_second,2024:Q1,M,M,4.740492383177925,0.0,0.05816921825447042,4.8734838793480115,True,1,0.02
monthly_mixed_frequency_kalman_em,pseudo,2024:Q1:pre_second:pseudo,2024-05-31,pre_second,2024:Q1,M,S,0.4151377480438709,0.0,0.05816921825447042,4.8734838793480115,True,1,0.02
monthly_mixed_frequency_kalman_em,pseudo,2024:Q1:pre_second:pseudo,2024-05-31,pre_second,2024:Q1,M,T,0.5589038111740205,0.0,0.05816921825447042,4.8734838793480115,True,1,0.02
monthly_mixed_frequency_kalman_em,pseudo,2024:Q1:pre_second:pseudo,2024-05-31,pre_second,2024:Q1,S,A,0.20227289718318975,0.0,0.05816921825447042,4.8734838793480115,True,1,0.02
monthly_mixed_frequency_kalman_em,pseudo,2024:Q1:pre_second:pseudo,2024-05-31,pre_second,2024:Q1,S,M,0.4151377480438709,0.0,0.05816921825447042,4.8734838793480115,True,1,0.02
monthly_mixed_frequency_kalman_em,pseudo,2024:Q1:pre_second:pseudo,2024-05-31,pre_second,2024:Q1,S,S,0.3498361809828611,0.0,0.05816921825447042,4.8734838793480115,True,1,0.02
monthly_mixed_frequency_kalman_em,pseudo,2024:Q1:pre_second:pseudo,2024-05-31,pre_second,2024:Q1,S,T,0.3619215353287005,0.0,0.05816921825447042,4.8734838793480115,True,1,0.02
monthly_mixed_frequency_kalman_em,pseudo,2024:Q1:pre_second:pseudo,2024-05-31,pre_second,2024:Q1,T,A,0.20075421872798427,0.0,0.05816921825447042,4.8734838793480115,True,1,0.02
monthly_mixed_frequency_kalman_em,pseudo,2024:Q1:pre_second:pseudo,2024-05-31,pre_second,2024:Q1,T,M,0.5589038111740205,0.0,0.05816921825447042,4.8734838793480115,True,1,0.02
monthly_mixed_frequency_kalman_em,pseudo,2024:Q1:pre_second:pseudo,2024-05-31,pre_second,2024:Q1,T,S,0.3619215353287005,0.0,0.05816921825447042,4.8734838793480115,True,1,0.02
monthly_mixed_frequency_kalman_em,pseudo,2024:Q1:pre_second:pseudo,2024-05-31,pre_second,2024:Q1,T,T,0.5188138659716046,0.0,0.05816921825447042,4.8734838793480115,True,1,0.02
revision_dfm_kalman_em,pseudo,2024:Q1:pre_second:pseudo,2024-05-31,pre_second,2024:Q1,A,A,0.2831351794763927,2.7755575615628914e-17,0.06638741508868215,4.503601900199509,True,1,0.02
revision_dfm_kalman_em,pseudo,2024:Q1:pre_second:pseudo,2024-05-31,pre_second,2024:Q1,A,M,0.15043863648309722,2.7755575615628914e-17,0.06638741508868215,4.503601900199509,True,1,0.02
revision_dfm_kalman_em,pseudo,2024:Q1:pre_second:pseudo,2024-05-31,pre_second,2024:Q1,A,S,0.14981929946061523,2.7755575615628914e-17,0.06638741508868215,4.503601900199509,True,1,0.02
revision_dfm_kalman_em,pseudo,2024:Q1:pre_second:pseudo,2024-05-31,pre_second,2024:Q1,A,T,0.15019090167410443,2.7755575615628914e-17,0.06638741508868215,4.503601900199509,True,1,0.02
revision_dfm_kalman_em,pseudo,2024:Q1:pre_second:pseudo,2024-05-31,pre_second,2024:Q1,M,A,0.15043863648309722,2.7755575615628914e-17,0.06638741508868215,4.503601900199509,True,1,0.02
revision_dfm_kalman_em,pseudo,2024:Q1:pre_second:pseudo,2024-05-31,pre_second,2024:Q1,M,M,4.422405394339793,2.7755575615628914e-17,0.06638741508868215,4.503601900199509,True,1,0.02
revision_dfm_kalman_em,pseudo,2024:Q1:pre_second:pseudo,2024-05-31,pre_second,2024:Q1,M,S,0.36568616842380774,2.7755575615628914e-17,0.06638741508868215,4.503601900199509,True,1,0.02
revision_dfm_kalman_em,pseudo,2024:Q1:pre_second:pseudo,2024-05-31,pre_second,2024:Q1,M,T,0.372483458906146,2.7755575615628914e-17,0.06638741508868215,4.503601900199509,True,1,0.02
revision_dfm_kalman_em,pseudo,2024:Q1:pre_second:pseudo,2024-05-31,pre_second,2024:Q1,S,A,0.14981929946061523,2.7755575615628914e-17,0.06638741508868215,4.503601900199509,True,1,0.02
revision_dfm_kalman_em,pseudo,2024:Q1:pre_second:pseudo,2024-05-31,pre_second,2024:Q1,S,M,0.36568616842380774,2.7755575615628914e-17,0.06638741508868215,4.503601900199509,True,1,0.02
revision_dfm_kalman_em,pseudo,2024:Q1:pre_second:pseudo,2024-05-31,pre_second,2024:Q1,S,S,0.3837401503631661,2.7755575615628914e-17,0.06638741508868215,4.503601900199509,True,1,0.02
revision_dfm_kalman_em,pseudo,2024:Q1:pre_second:pseudo,2024-05-31,pre_second,2024:Q1,S,T,0.3613688310445439,2.7755575615628914e-17,0.06638741508868215,4.503601900199509,True,1,0.02
revision_dfm_kalman_em,pseudo,2024:Q1:pre_second:pseudo,2024-05-31,pre_second,2024:Q1,T,A,0.15019090167410445,2.7755575615628914e-17,0.06638741508868215,4.503601900199509,True,1,0.02
revision_dfm_kalman_em,pseudo,2024:Q1:pre_second:pseudo,2024-05-31,pre_second,2024:Q1,T,M,0.372483458906146,2.7755575615628914e-17,0.06638741508868215,4.503601900199509,True,1,0.02
revision_dfm_kalman_em,pseudo,2024:Q1:pre_second:pseudo,2024-05-31,pre_second,2024:Q1,T,S,0.3613688310445439,2.7755575615628914e-17,0.06638741508868215,4.503601900199509,True,1,0.02
revision_dfm_kalman_em,pseudo,2024:Q1:pre_second:pseudo,2024-05-31,pre_second,2024:Q1,T,T,0.4812920426006598,2.7755575615628914e-17,0.06638741508868215,4.503601900199509,True,1,0.02
indicator_revision_only_dfm_kalman_em,exact,2024:Q1:pre_third:exact,2024-06-26,pre_third,2024:Q1,A,A,0.4053765863823607,0.0,0.03135746778945206,4.074054088319455,True,1,0.02
indicator_revision_only_dfm_kalman_em,exact,2024:Q1:pre_third:exact,2024-06-26,pre_third,2024:Q1,A,M,0.016810376290431975,0.0,0.03135746778945206,4.074054088319455,True,1,0.02
indicator_revision_only_dfm_kalman_em,exact,2024:Q1:pre_third:exact,2024-06-26,pre_third,2024:Q1,A,S,0.016810376290431975,0.0,0.03135746778945206,4.074054088319455,True,1,0.02
indicator_revision_only_dfm_kalman_em,exact,2024:Q1:pre_third:exact,2024-06-26,pre_third,2024:Q1,A,T,0.016810376290431975,0.0,0.03135746778945206,4.074054088319455,True,1,0.02
indicator_revision_only_dfm_kalman_em,exact,2024:Q1:pre_third:exact,2024-06-26,pre_third,2024:Q1,M,A,0.016810376290431975,0.0,0.03135746778945206,4.074054088319455,True,1,0.02
indicator_revision_only_dfm_kalman_em,exact,2024:Q1:pre_third:exact,2024-06-26,pre_third,2024:Q1,M,M,4.073833309264663,0.0,0.03135746778945206,4.074054088319455,True,1,0.02
indicator_revision_only_dfm_kalman_em,exact,2024:Q1:pre_third:exact,2024-06-26,pre_third,2024:Q1,M,S,0.016810376290431975,0.0,0.03135746778945206,4.074054088319455,True,1,0.02
indicator_revision_only_dfm_kalman_em,exact,2024:Q1:pre_third:exact,2024-06-26,pre_third,2024:Q1,M,T,0.016810376290431975,0.0,0.03135746778945206,4.074054088319455,True,1,0.02
indicator_revision_only_dfm_kalman_em,exact,2024:Q1:pre_third:exact,2024-06-26,pre_third,2024:Q1,S,A,0.016810376290431975,0.0,0.03135746778945206,4.074054088319455,True,1,0.02
indicator_revision_only_dfm_kalman_em,exact,2024:Q1:pre_third:exact,2024-06-26,pre_third,2024:Q1,S,M,0.016810376290431975,0.0,0.03135746778945206,4.074054088319455,True,1,0.02
indicator_revision_only_dfm_kalman_em,exact,2024:Q1:pre_third:exact,2024-06-26,pre_third,2024:Q1,S,S,0.03448940697678218,0.0,0.03135746778945206,4.074054088319455,True,1,0.02
indicator_revision_only_dfm_kalman_em,exact,2024:Q1:pre_third:exact,2024-06-26,pre_third,2024:Q1,S,T,0.016810376290431975,0.0,0.03135746778945206,4.074054088319455,True,1,0.02
indicator_revision_only_dfm_kalman_em,exact,2024:Q1:pre_third:exact,2024-06-26,pre_third,2024:Q1,T,A,0.016810376290431975,0.0,0.03135746778945206,4.074054088319455,True,1,0.02
indicator_revision_only_dfm_kalman_em,exact,2024:Q1:pre_third:exact,2024-06-26,pre_third,2024:Q1,T,M,0.016810376290431975,0.0,0.03135746778945206,4.074054088319455,True,1,0.02
indicator_revision_only_dfm_kalman_em,exact,2024:Q1:pre_third:exact,2024-06-26,pre_third,2024:Q1,T,S,0.016810376290431975,0.0,0.03135746778945206,4.074054088319455,True,1,0.02
indicator_revision_only_dfm_kalman_em,exact,2024:Q1:pre_third:exact,2024-06-26,pre_third,2024:Q1,T,T,0.14275008178877494,0.0,0.03135746778945206,4.074054088319455,True,1,0.02
joint_indicator_revision_dfm_full_kalman_em,exact,2024:Q1:pre_third:exact,2024-06-26,pre_third,2024:Q1,A,A,0.21657008130365266,1.734723475976807e-18,0.03655608256608085,4.081618578478701,True,1,0.02
joint_indicator_revision_dfm_full_kalman_em,exact,2024:Q1:pre_third:exact,2024-06-26,pre_third,2024:Q1,A,M,0.005720411872763468,1.734723475976807e-18,0.03655608256608085,4.081618578478701,True,1,0.02
joint_indicator_revision_dfm_full_kalman_em,exact,2024:Q1:pre_third:exact,2024-06-26,pre_third,2024:Q1,A,S,0.009011262567026775,1.734723475976807e-18,0.03655608256608085,4.081618578478701,True,1,0.02
joint_indicator_revision_dfm_full_kalman_em,exact,2024:Q1:pre_third:exact,2024-06-26,pre_third,2024:Q1,A,T,0.0070367521504687905,1.734723475976807e-18,0.03655608256608085,4.081618578478701,True,1,0.02
joint_indicator_revision_dfm_full_kalman_em,exact,2024:Q1:pre_third:exact,2024-06-26,pre_third,2024:Q1,M,A,0.005720411872763468,1.734723475976807e-18,0.03655608256608085,4.081618578478701,True,1,0.02
joint_indicator_revision_dfm_full_kalman_em,exact,2024:Q1:pre_third:exact,2024-06-26,pre_third,2024:Q1,M,M,4.08139575422354,1.734723475976807e-18,0.03655608256608085,4.081618578478701,True,1,0.02
joint_indicator_revision_dfm_full_kalman_em,exact,2024:Q1:pre_third:exact,2024-06-26,pre_third,2024:Q1,M,S,0.02038122685259857,1.734723475976807e-18,0.03655608256608085,4.081618578478701,True,1,0.02
joint_indicator_revision_dfm_full_kalman_em,exact,2024:Q1:pre_third:exact,2024-06-26,pre_third,2024:Q1,M,T,0.020844199957224942,1.734723475976807e-18,0.03655608256608085,4.081618578478701,True,1,0.02
joint_indicator_revision_dfm_full_kalman_em,exact,2024:Q1:pre_third:exact,2024-06-26,pre_third,2024:Q1,S,A,0.009011262567026774,1.734723475976807e-18,0.03655608256608085,4.081618578478701,True,1,0.02
joint_indicator_revision_dfm_full_kalman_em,exact,2024:Q1:pre_third:exact,2024-06-26,pre_third,2024:Q1,S,M,0.02038122685259857,1.734723475976807e-18,0.03655608256608085,4.081618578478701,True,1,0.02
joint_indicator_revision_dfm_full_kalman_em,exact,2024:Q1:pre_third:exact,2024-06-26,pre_third,2024:Q1,S,S,0.040873510844155046,1.734723475976807e-18,0.03655608256608085,4.081618578478701,True,1,0.02
joint_indicator_revision_dfm_full_kalman_em,exact,2024:Q1:pre_third:exact,2024-06-26,pre_third,2024:Q1,S,T,0.020153827566887137,1.734723475976807e-18,0.03655608256608085,4.081618578478701,True,1,0.02
joint_indicator_revision_dfm_full_kalman_em,exact,2024:Q1:pre_third:exact,2024-06-26,pre_third,2024:Q1,T,A,0.0070367521504687905,1.734723475976807e-18,0.03655608256608085,4.081618578478701,True,1,0.02
joint_indicator_revision_dfm_full_kalman_em,exact,2024:Q1:pre_third:exact,2024-06-26,pre_third,2024:Q1,T,M,0.020844199957224942,1.734723475976807e-18,0.03655608256608085,4.081618578478701,True,1,0.02
joint_indicator_revision_dfm_full_kalman_em,exact,2024:Q1:pre_third:exact,2024-06-26,pre_third,2024:Q1,T,S,0.020153827566887137,1.734723475976807e-18,0.03655608256608085,4.081618578478701,True,1,0.02
joint_indicator_revision_dfm_full_kalman_em,exact,2024:Q1:pre_third:exact,2024-06-26,pre_third,2024:Q1,T,T,0.139964465904395,1.734723475976807e-18,0.03655608256608085,4.081618578478701,True,1,0.02
monthly_mixed_frequency_kalman_em,exact,2024:Q1:pre_third:exact,2024-06-26,pre_third,2024:Q1,A,A,0.2997106275388874,0.0,0.057836012100020366,4.253722105078502,True,1,0.02
monthly_mixed_frequency_kalman_em,exact,2024:Q1:pre_third:exact,2024-06-26,pre_third,2024:Q1,A,M,-0.040990649189373445,0.0,0.057836012100020366,4.253722105078502,True,1,0.02
monthly_mixed_frequency_kalman_em,exact,2024:Q1:pre_third:exact,2024-06-26,pre_third,2024:Q1,A,S,0.029669166328489975,0.0,0.057836012100020366,4.253722105078502,True,1,0.02
monthly_mixed_frequency_kalman_em,exact,2024:Q1:pre_third:exact,2024-06-26,pre_third,2024:Q1,A,T,-0.008872551226708263,0.0,0.057836012100020366,4.253722105078502,True,1,0.02
monthly_mixed_frequency_kalman_em,exact,2024:Q1:pre_third:exact,2024-06-26,pre_third,2024:Q1,M,A,-0.040990649189373445,0.0,0.057836012100020366,4.253722105078502,True,1,0.02
monthly_mixed_frequency_kalman_em,exact,2024:Q1:pre_third:exact,2024-06-26,pre_third,2024:Q1,M,M,4.24821237935053,0.0,0.057836012100020366,4.253722105078502,True,1,0.02
monthly_mixed_frequency_kalman_em,exact,2024:Q1:pre_third:exact,2024-06-26,pre_third,2024:Q1,M,S,0.061680809008802844,0.0,0.057836012100020366,4.253722105078502,True,1,0.02
monthly_mixed_frequency_kalman_em,exact,2024:Q1:pre_third:exact,2024-06-26,pre_third,2024:Q1,M,T,0.13012844780758706,0.0,0.057836012100020366,4.253722105078502,True,1,0.02
monthly_mixed_frequency_kalman_em,exact,2024:Q1:pre_third:exact,2024-06-26,pre_third,2024:Q1,S,A,0.029669166328489975,0.0,0.057836012100020366,4.253722105078502,True,1,0.02
monthly_mixed_frequency_kalman_em,exact,2024:Q1:pre_third:exact,2024-06-26,pre_third,2024:Q1,S,M,0.061680809008802844,0.0,0.057836012100020366,4.253722105078502,True,1,0.02
monthly_mixed_frequency_kalman_em,exact,2024:Q1:pre_third:exact,2024-06-26,pre_third,2024:Q1,S,S,0.09581974998372515,0.0,0.057836012100020366,4.253722105078502,True,1,0.02
monthly_mixed_frequency_kalman_em,exact,2024:Q1:pre_third:exact,2024-06-26,pre_third,2024:Q1,S,T,0.05367789833872462,0.0,0.057836012100020366,4.253722105078502,True,1,0.02
monthly_mixed_frequency_kalman_em,exact,2024:Q1:pre_third:exact,2024-06-26,pre_third,2024:Q1,T,A,-0.008872551226708263,0.0,0.057836012100020366,4.253722105078502,True,1,0.02
monthly_mixed_frequency_kalman_em,exact,2024:Q1:pre_third:exact,2024-06-26,pre_third,2024:Q1,T,M,0.13012844780758706,0.0,0.057836012100020366,4.253722105078502,True,1,0.02
monthly_mixed_frequency_kalman_em,exact,2024:Q1:pre_third:exact,2024-06-26,pre_third,2024:Q1,T,S,0.05367789833872462,0.0,0.057836012100020366,4.253722105078502,True,1,0.02
monthly_mixed_frequency_kalman_em,exact,2024:Q1:pre_third:exact,2024-06-26,pre_third,2024:Q1,T,T,0.1456148389049731,0.0,0.057836012100020366,4.253722105078502,True,1,0.02
revision_dfm_kalman_em,exact,2024:Q1:pre_third:exact,2024-06-26,pre_third,2024:Q1,A,A,0.22429512241072128,0.0,0.040793607245175605,4.079113518518192,True,1,0.02
revision_dfm_kalman_em,exact,2024:Q1:pre_third:exact,2024-06-26,pre_third,2024:Q1,A,M,0.005826894994442613,0.0,0.040793607245175605,4.079113518518192,True,1,0.02
revision_dfm_kalman_em,exact,2024:Q1:pre_third:exact,2024-06-26,pre_third,2024:Q1,A,S,0.009473867197460694,0.0,0.040793607245175605,4.079113518518192,True,1,0.02
revision_dfm_kalman_em,exact,2024:Q1:pre_third:exact,2024-06-26,pre_third,2024:Q1,A,T,0.007285683875649845,0.0,0.040793607245175605,4.079113518518192,True,1,0.02
revision_dfm_kalman_em,exact,2024:Q1:pre_third:exact,2024-06-26,pre_third,2024:Q1,M,A,0.005826894994442613,0.0,0.040793607245175605,4.079113518518192,True,1,0.02
revision_dfm_kalman_em,exact,2024:Q1:pre_third:exact,2024-06-26,pre_third,2024:Q1,M,M,4.07882726278072,0.0,0.040793607245175605,4.079113518518192,True,1,0.02
revision_dfm_kalman_em,exact,2024:Q1:pre_third:exact,2024-06-26,pre_third,2024:Q1,M,S,0.02315332984225818,0.0,0.040793607245175605,4.079113518518192,True,1,0.02
revision_dfm_kalman_em,exact,2024:Q1:pre_third:exact,2024-06-26,pre_third,2024:Q1,M,T,0.023700480416399727,0.0,0.040793607245175605,4.079113518518192,True,1,0.02
revision_dfm_kalman_em,exact,2024:Q1:pre_third:exact,2024-06-26,pre_third,2024:Q1,S,A,0.009473867197460694,0.0,0.040793607245175605,4.079113518518192,True,1,0.02
revision_dfm_kalman_em,exact,2024:Q1:pre_third:exact,2024-06-26,pre_third,2024:Q1,S,M,0.02315332984225818,0.0,0.040793607245175605,4.079113518518192,True,1,0.02
revision_dfm_kalman_em,exact,2024:Q1:pre_third:exact,2024-06-26,pre_third,2024:Q1,S,S,0.04644434721969566,0.0,0.040793607245175605,4.079113518518192,True,1,0.02
revision_dfm_kalman_em,exact,2024:Q1:pre_third:exact,2024-06-26,pre_third,2024:Q1,S,T,0.022879740589362235,0.0,0.040793607245175605,4.079113518518192,True,1,0.02
revision_dfm_kalman_em,exact,2024:Q1:pre_third:exact,2024-06-26,pre_third,2024:Q1,T,A,0.007285683875649845,0.0,0.040793607245175605,4.079113518518192,True,1,0.02
revision_dfm_kalman_em,exact,2024:Q1:pre_third:exact,2024-06-26,pre_third,2024:Q1,T,M,0.023700480416399727,0.0,0.040793607245175605,4.079113518518192,True,1,0.02
revision_dfm_kalman_em,exact,2024:Q1:pre_third:exact,2024-06-26,pre_third,2024:Q1,T,S,0.022879740589362235,0.0,0.040793607245175605,4.079113518518192,True,1,0.02
revision_dfm_kalman_em,exact,2024:Q1:pre_third:exact,2024-06-26,pre_third,2024:Q1,T,T,0.14066739771229483,0.0,0.040793607245175605,4.079113518518192,True,1,0.02
indicator_revision_only_dfm_kalman_em,pseudo,2024:Q1:pre_third:pseudo,2024-06-30,pre_third,2024:Q1,A,A,0.4053819438737695,0.0,0.031360391847834526,4.074043153701267,True,1,0.02
indicator_revision_only_dfm_kalman_em,pseudo,2024:Q1:pre_third:pseudo,2024-06-30,pre_third,2024:Q1,A,M,0.016812009617546118,0.0,0.031360391847834526,4.074043153701267,True,1,0.02
indicator_revision_only_dfm_kalman_em,pseudo,2024:Q1:pre_third:pseudo,2024-06-30,pre_third,2024:Q1,A,S,0.016812009617546118,0.0,0.031360391847834526,4.074043153701267,True,1,0.02
indicator_revision_only_dfm_kalman_em,pseudo,2024:Q1:pre_third:pseudo,2024-06-30,pre_third,2024:Q1,A,T,0.016812009617546118,0.0,0.031360391847834526,4.074043153701267,True,1,0.02
indicator_revision_only_dfm_kalman_em,pseudo,2024:Q1:pre_third:pseudo,2024-06-30,pre_third,2024:Q1,M,A,0.016812009617546118,0.0,0.031360391847834526,4.074043153701267,True,1,0.02
indicator_revision_only_dfm_kalman_em,pseudo,2024:Q1:pre_third:pseudo,2024-06-30,pre_third,2024:Q1,M,M,4.073822330764851,0.0,0.031360391847834526,4.074043153701267,True,1,0.02
indicator_revision_only_dfm_kalman_em,pseudo,2024:Q1:pre_third:pseudo,2024-06-30,pre_third,2024:Q1,M,S,0.016812009617546118,0.0,0.031360391847834526,4.074043153701267,True,1,0.02
indicator_revision_only_dfm_kalman_em,pseudo,2024:Q1:pre_third:pseudo,2024-06-30,pre_third,2024:Q1,M,T,0.016812009617546118,0.0,0.031360391847834526,4.074043153701267,True,1,0.02
indicator_revision_only_dfm_kalman_em,pseudo,2024:Q1:pre_third:pseudo,2024-06-30,pre_third,2024:Q1,S,A,0.016812009617546118,0.0,0.031360391847834526,4.074043153701267,True,1,0.02
indicator_revision_only_dfm_kalman_em,pseudo,2024:Q1:pre_third:pseudo,2024-06-30,pre_third,2024:Q1,S,M,0.016812009617546118,0.0,0.031360391847834526,4.074043153701267,True,1,0.02
indicator_revision_only_dfm_kalman_em,pseudo,2024:Q1:pre_third:pseudo,2024-06-30,pre_third,2024:Q1,S,S,0.03449299796860542,0.0,0.031360391847834526,4.074043153701267,True,1,0.02
indicator_revision_only_dfm_kalman_em,pseudo,2024:Q1:pre_third:pseudo,2024-06-30,pre_third,2024:Q1,S,T,0.016812009617546118,0.0,0.031360391847834526,4.074043153701267,True,1,0.02
indicator_revision_only_dfm_kalman_em,pseudo,2024:Q1:pre_third:pseudo,2024-06-30,pre_third,2024:Q1,T,A,0.016812009617546118,0.0,0.031360391847834526,4.074043153701267,True,1,0.02
indicator_revision_only_dfm_kalman_em,pseudo,2024:Q1:pre_third:pseudo,2024-06-30,pre_third,2024:Q1,T,M,0.016812009617546118,0.0,0.031360391847834526,4.074043153701267,True,1,0.02
indicator_revision_only_dfm_kalman_em,pseudo,2024:Q1:pre_third:pseudo,2024-06-30,pre_third,2024:Q1,T,S,0.016812009617546118,0.0,0.031360391847834526,4.074043153701267,True,1,0.02
indicator_revision_only_dfm_kalman_em,pseudo,2024:Q1:pre_third:pseudo,2024-06-30,pre_third,2024:Q1,T,T,0.14274909435698346,0.0,0.031360391847834526,4.074043153701267,True,1,0.02
joint_indicator_revision_dfm_full_kalman_em,pseudo,2024:Q1:pre_third:pseudo,2024-06-30,pre_third,2024:Q1,A,A,0.2170075621918752,1.734723475976807e-18,0.03656151319934187,4.081602732335532,True,1,0.02
joint_indicator_revision_dfm_full_kalman_em,pseudo,2024:Q1:pre_third:pseudo,2024-06-30,pre_third,2024:Q1,A,M,0.005739455109654745,1.734723475976807e-18,0.03656151319934187,4.081602732335532,True,1,0.02
joint_indicator_revision_dfm_full_kalman_em,pseudo,2024:Q1:pre_third:pseudo,2024-06-30,pre_third,2024:Q1,A,S,0.009031684962411267,1.734723475976807e-18,0.03656151319934187,4.081602732335532,True,1,0.02
joint_indicator_revision_dfm_full_kalman_em,pseudo,2024:Q1:pre_third:pseudo,2024-06-30,pre_third,2024:Q1,A,T,0.007056347050757354,1.734723475976807e-18,0.03656151319934187,4.081602732335532,True,1,0.02
joint_indicator_revision_dfm_full_kalman_em,pseudo,2024:Q1:pre_third:pseudo,2024-06-30,pre_third,2024:Q1,M,A,0.005739455109654745,1.734723475976807e-18,0.03656151319934187,4.081602732335532,True,1,0.02
joint_indicator_revision_dfm_full_kalman_em,pseudo,2024:Q1:pre_third:pseudo,2024-06-30,pre_third,2024:Q1,M,M,4.081379795123172,1.734723475976807e-18,0.03656151319934187,4.081602732335532,True,1,0.02
joint_indicator_revision_dfm_full_kalman_em,pseudo,2024:Q1:pre_third:pseudo,2024-06-30,pre_third,2024:Q1,M,S,0.020384028184641877,1.734723475976807e-18,0.03656151319934187,4.081602732335532,True,1,0.02
joint_indicator_revision_dfm_full_kalman_em,pseudo,2024:Q1:pre_third:pseudo,2024-06-30,pre_third,2024:Q1,M,T,0.02084648838700989,1.734723475976807e-18,0.03656151319934187,4.081602732335532,True,1,0.02
joint_indicator_revision_dfm_full_kalman_em,pseudo,2024:Q1:pre_third:pseudo,2024-06-30,pre_third,2024:Q1,S,A,0.009031684962411269,1.734723475976807e-18,0.03656151319934187,4.081602732335532,True,1,0.02
joint_indicator_revision_dfm_full_kalman_em,pseudo,2024:Q1:pre_third:pseudo,2024-06-30,pre_third,2024:Q1,S,M,0.020384028184641877,1.734723475976807e-18,0.03656151319934187,4.081602732335532,True,1,0.02
joint_indicator_revision_dfm_full_kalman_em,pseudo,2024:Q1:pre_third:pseudo,2024-06-30,pre_third,2024:Q1,S,S,0.04088094778919017,1.734723475976807e-18,0.03656151319934187,4.081602732335532,True,1,0.02
joint_indicator_revision_dfm_full_kalman_em,pseudo,2024:Q1:pre_third:pseudo,2024-06-30,pre_third,2024:Q1,S,T,0.020156981320197262,1.734723475976807e-18,0.03656151319934187,4.081602732335532,True,1,0.02
joint_indicator_revision_dfm_full_kalman_em,pseudo,2024:Q1:pre_third:pseudo,2024-06-30,pre_third,2024:Q1,T,A,0.007056347050757355,1.734723475976807e-18,0.03656151319934187,4.081602732335532,True,1,0.02
joint_indicator_revision_dfm_full_kalman_em,pseudo,2024:Q1:pre_third:pseudo,2024-06-30,pre_third,2024:Q1,T,M,0.02084648838700989,1.734723475976807e-18,0.03656151319934187,4.081602732335532,True,1,0.02
joint_indicator_revision_dfm_full_kalman_em,pseudo,2024:Q1:pre_third:pseudo,2024-06-30,pre_third,2024:Q1,T,S,0.020156981320197262,1.734723475976807e-18,0.03656151319934187,4.081602732335532,True,1,0.02
joint_indicator_revision_dfm_full_kalman_em,pseudo,2024:Q1:pre_third:pseudo,2024-06-30,pre_third,2024:Q1,T,T,0.1399657870433789,1.734723475976807e-18,0.03656151319934187,4.081602732335532,True,1,0.02
monthly_mixed_frequency_kalman_em,pseudo,2024:Q1:pre_third:pseudo,2024-06-30,pre_third,2024:Q1,A,A,0.2997557271905836,0.0,0.057885434899172104,4.253922310172373,True,1,0.02
monthly_mixed_frequency_kalman_em,pseudo,2024:Q1:pre_third:pseudo,2024-06-30,pre_third,2024:Q1,A,M,-0.04004652936653829,0.0,0.057885434899172104,4.253922310172373,True,1,0.02
monthly_mixed_frequency_kalman_em,pseudo,2024:Q1:pre_third:pseudo,2024-06-30,pre_third,2024:Q1,A,S,0.029885476597323418,0.0,0.057885434899172104,4.253922310172373,True,1,0.02
monthly_mixed_frequency_kalman_em,pseudo,2024:Q1:pre_third:pseudo,2024-06-30,pre_third,2024:Q1,A,T,-0.008259253928419337,0.0,0.057885434899172104,4.253922310172373,True,1,0.02
monthly_mixed_frequency_kalman_em,pseudo,2024:Q1:pre_third:pseudo,2024-06-30,pre_third,2024:Q1,M,A,-0.04004652936653829,0.0,0.057885434899172104,4.253922310172373,True,1,0.02
monthly_mixed_frequency_kalman_em,pseudo,2024:Q1:pre_third:pseudo,2024-06-30,pre_third,2024:Q1,M,M,4.248453658744761,0.0,0.057885434899172104,4.253922310172373,True,1,0.02
monthly_mixed_frequency_kalman_em,pseudo,2024:Q1:pre_third:pseudo,2024-06-30,pre_third,2024:Q1,M,S,0.06182202544923393,0.0,0.057885434899172104,4.253922310172373,True,1,0.02
monthly_mixed_frequency_kalman_em,pseudo,2024:Q1:pre_third:pseudo,2024-06-30,pre_third,2024:Q1,M,T,0.12973439532641542,0.0,0.057885434899172104,4.253922310172373,True,1,0.02
monthly_mixed_frequency_kalman_em,pseudo,2024:Q1:pre_third:pseudo,2024-06-30,pre_third,2024:Q1,S,A,0.029885476597323418,0.0,0.057885434899172104,4.253922310172373,True,1,0.02
monthly_mixed_frequency_kalman_em,pseudo,2024:Q1:pre_third:pseudo,2024-06-30,pre_third,2024:Q1,S,M,0.06182202544923393,0.0,0.057885434899172104,4.253922310172373,True,1,0.02
monthly_mixed_frequency_kalman_em,pseudo,2024:Q1:pre_third:pseudo,2024-06-30,pre_third,2024:Q1,S,S,0.09624872487908823,0.0,0.057885434899172104,4.253922310172373,True,1,0.02
monthly_mixed_frequency_kalman_em,pseudo,2024:Q1:pre_third:pseudo,2024-06-30,pre_third,2024:Q1,S,T,0.05383788823625631,0.0,0.057885434899172104,4.253922310172373,True,1,0.02
monthly_mixed_frequency_kalman_em,pseudo,2024:Q1:pre_third:pseudo,2024-06-30,pre_third,2024:Q1,T,A,-0.008259253928419337,0.0,0.057885434899172104,4.253922310172373,True,1,0.02
monthly_mixed_frequency_kalman_em,pseudo,2024:Q1:pre_third:pseudo,2024-06-30,pre_third,2024:Q1,T,M,0.12973439532641542,0.0,0.057885434899172104,4.253922310172373,True,1,0.02
monthly_mixed_frequency_kalman_em,pseudo,2024:Q1:pre_third:pseudo,2024-06-30,pre_third,2024:Q1,T,S,0.05383788823625631,0.0,0.057885434899172104,4.253922310172373,True,1,0.02
monthly_mixed_frequency_kalman_em,pseudo,2024:Q1:pre_third:pseudo,2024-06-30,pre_third,2024:Q1,T,T,0.14509567105884083,0.0,0.057885434899172104,4.253922310172373,True,1,0.02
revision_dfm_kalman_em,pseudo,2024:Q1:pre_third:pseudo,2024-06-30,pre_third,2024:Q1,A,A,0.22359884417983097,3.469446951953614e-18,0.0408323593870856,4.079194065042575,True,1,0.02
revision_dfm_kalman_em,pseudo,2024:Q1:pre_third:pseudo,2024-06-30,pre_third,2024:Q1,A,M,0.005771860650382918,3.469446951953614e-18,0.0408323593870856,4.079194065042575,True,1,0.02
revision_dfm_kalman_em,pseudo,2024:Q1:pre_third:pseudo,2024-06-30,pre_third,2024:Q1,A,S,0.009421838015127325,3.469446951953614e-18,0.0408323593870856,4.079194065042575,True,1,0.02
revision_dfm_kalman_em,pseudo,2024:Q1:pre_third:pseudo,2024-06-30,pre_third,2024:Q1,A,T,0.007231851596280681,3.469446951953614e-18,0.0408323593870856,4.079194065042575,True,1,0.02
revision_dfm_kalman_em,pseudo,2024:Q1:pre_third:pseudo,2024-06-30,pre_third,2024:Q1,M,A,0.005771860650382918,3.469446951953614e-18,0.0408323593870856,4.079194065042575,True,1,0.02
revision_dfm_kalman_em,pseudo,2024:Q1:pre_third:pseudo,2024-06-30,pre_third,2024:Q1,M,M,4.078907238019899,3.469446951953614e-18,0.0408323593870856,4.079194065042575,True,1,0.02
revision_dfm_kalman_em,pseudo,2024:Q1:pre_third:pseudo,2024-06-30,pre_third,2024:Q1,M,S,0.02318345311251242,3.469446951953614e-18,0.0408323593870856,4.079194065042575,True,1,0.02
revision_dfm_kalman_em,pseudo,2024:Q1:pre_third:pseudo,2024-06-30,pre_third,2024:Q1,M,T,0.023733292874474402,3.469446951953614e-18,0.0408323593870856,4.079194065042575,True,1,0.02
revision_dfm_kalman_em,pseudo,2024:Q1:pre_third:pseudo,2024-06-30,pre_third,2024:Q1,S,A,0.009421838015127327,3.469446951953614e-18,0.0408323593870856,4.079194065042575,True,1,0.02
revision_dfm_kalman_em,pseudo,2024:Q1:pre_third:pseudo,2024-06-30,pre_third,2024:Q1,S,M,0.02318345311251242,3.469446951953614e-18,0.0408323593870856,4.079194065042575,True,1,0.02
revision_dfm_kalman_em,pseudo,2024:Q1:pre_third:pseudo,2024-06-30,pre_third,2024:Q1,S,S,0.046496979355145386,3.469446951953614e-18,0.0408323593870856,4.079194065042575,True,1,0.02
revision_dfm_kalman_em,pseudo,2024:Q1:pre_third:pseudo,2024-06-30,pre_third,2024:Q1,S,T,0.022908220810564716,3.469446951953614e-18,0.0408323593870856,4.079194065042575,True,1,0.02
revision_dfm_kalman_em,pseudo,2024:Q1:pre_third:pseudo,2024-06-30,pre_third,2024:Q1,T,A,0.007231851596280679,3.469446951953614e-18,0.0408323593870856,4.079194065042575,True,1,0.02
revision_dfm_kalman_em,pseudo,2024:Q1:pre_third:pseudo,2024-06-30,pre_third,2024:Q1,T,M,0.023733292874474402,3.469446951953614e-18,0.0408323593870856,4.079194065042575,True,1,0.02
revision_dfm_kalman_em,pseudo,2024:Q1:pre_third:pseudo,2024-06-30,pre_third,2024:Q1,T,S,0.022908220810564713,3.469446951953614e-18,0.0408323593870856,4.079194065042575,True,1,0.02
revision_dfm_kalman_em,pseudo,2024:Q1:pre_third:pseudo,2024-06-30,pre_third,2024:Q1,T,T,0.140648918526944,3.469446951953614e-18,0.0408323593870856,4.079194065042575,True,1,0.02
indicator_revision_only_dfm_kalman_em,exact,2024:Q2:pre_advance:exact,2024-07-24,pre_advance,2024:Q2,A,A,4.232690771361938,0.0,0.0656944885796503,16.722858842167255,True,1,0.02
indicator_revision_only_dfm_kalman_em,exact,2024:Q2:pre_advance:exact,2024-07-24,pre_advance,2024:Q2,A,M,3.84306349354754,0.0,0.0656944885796503,16.722858842167255,True,1,0.02
indicator_revision_only_dfm_kalman_em,exact,2024:Q2:pre_advance:exact,2024-07-24,pre_advance,2024:Q2,A,S,3.84306349354754,0.0,0.0656944885796503,16.722858842167255,True,1,0.02
indicator_revision_only_dfm_kalman_em,exact,2024:Q2:pre_advance:exact,2024-07-24,pre_advance,2024:Q2,A,T,3.84306349354754,0.0,0.0656944885796503,16.722858842167255,True,1,0.02
indicator_revision_only_dfm_kalman_em,exact,2024:Q2:pre_advance:exact,2024-07-24,pre_advance,2024:Q2,M,A,3.84306349354754,0.0,0.0656944885796503,16.722858842167255,True,1,0.02
indicator_revision_only_dfm_kalman_em,exact,2024:Q2:pre_advance:exact,2024-07-24,pre_advance,2024:Q2,M,M,7.887514018198798,0.0,0.0656944885796503,16.722858842167255,True,1,0.02
indicator_revision_only_dfm_kalman_em,exact,2024:Q2:pre_advance:exact,2024-07-24,pre_advance,2024:Q2,M,S,3.84306349354754,0.0,0.0656944885796503,16.722858842167255,True,1,0.02
indicator_revision_only_dfm_kalman_em,exact,2024:Q2:pre_advance:exact,2024-07-24,pre_advance,2024:Q2,M,T,3.84306349354754,0.0,0.0656944885796503,16.722858842167255,True,1,0.02
indicator_revision_only_dfm_kalman_em,exact,2024:Q2:pre_advance:exact,2024-07-24,pre_advance,2024:Q2,S,A,3.84306349354754,0.0,0.0656944885796503,16.722858842167255,True,1,0.02
indicator_revision_only_dfm_kalman_em,exact,2024:Q2:pre_advance:exact,2024-07-24,pre_advance,2024:Q2,S,M,3.84306349354754,0.0,0.0656944885796503,16.722858842167255,True,1,0.02
indicator_revision_only_dfm_kalman_em,exact,2024:Q2:pre_advance:exact,2024-07-24,pre_advance,2024:Q2,S,S,3.8584238444712997,0.0,0.0656944885796503,16.722858842167255,True,1,0.02
indicator_revision_only_dfm_kalman_em,exact,2024:Q2:pre_advance:exact,2024-07-24,pre_advance,2024:Q2,S,T,3.84306349354754,0.0,0.0656944885796503,16.722858842167255,True,1,0.02
indicator_revision_only_dfm_kalman_em,exact,2024:Q2:pre_advance:exact,2024-07-24,pre_advance,2024:Q2,T,A,3.84306349354754,0.0,0.0656944885796503,16.722858842167255,True,1,0.02
indicator_revision_only_dfm_kalman_em,exact,2024:Q2:pre_advance:exact,2024-07-24,pre_advance,2024:Q2,T,M,3.84306349354754,0.0,0.0656944885796503,16.722858842167255,True,1,0.02
indicator_revision_only_dfm_kalman_em,exact,2024:Q2:pre_advance:exact,2024-07-24,pre_advance,2024:Q2,T,S,3.84306349354754,0.0,0.0656944885796503,16.722858842167255,True,1,0.02
indicator_revision_only_dfm_kalman_em,exact,2024:Q2:pre_advance:exact,2024-07-24,pre_advance,2024:Q2,T,T,3.9702259799891473,0.0,0.0656944885796503,16.722858842167255,True,1,0.02
joint_indicator_revision_dfm_full_kalman_em,exact,2024:Q2:pre_advance:exact,2024-07-24,pre_advance,2024:Q2,A,A,2.9319590324734732,1.3322676295501878e-15,0.06377817901711859,15.564571691225403,True,1,0.02
joint_indicator_revision_dfm_full_kalman_em,exact,2024:Q2:pre_advance:exact,2024-07-24,pre_advance,2024:Q2,A,M,3.2036311732876377,1.3322676295501878e-15,0.06377817901711859,15.564571691225403,True,1,0.02
joint_indicator_revision_dfm_full_kalman_em,exact,2024:Q2:pre_advance:exact,2024-07-24,pre_advance,2024:Q2,A,S,3.1807751990082354,1.3322676295501878e-15,0.06377817901711859,15.564571691225403,True,1,0.02
joint_indicator_revision_dfm_full_kalman_em,exact,2024:Q2:pre_advance:exact,2024-07-24,pre_advance,2024:Q2,A,T,3.1944887835758764,1.3322676295501878e-15,0.06377817901711859,15.564571691225403,True,1,0.02
joint_indicator_revision_dfm_full_kalman_em,exact,2024:Q2:pre_advance:exact,2024-07-24,pre_advance,2024:Q2,M,A,3.2036311732876377,1.3322676295501878e-15,0.06377817901711859,15.564571691225403,True,1,0.02
joint_indicator_revision_dfm_full_kalman_em,exact,2024:Q2:pre_advance:exact,2024-07-24,pre_advance,2024:Q2,M,M,7.900560731801499,1.3322676295501878e-15,0.06377817901711859,15.564571691225403,True,1,0.02
joint_indicator_revision_dfm_full_kalman_em,exact,2024:Q2:pre_advance:exact,2024-07-24,pre_advance,2024:Q2,M,S,3.818182501462564,1.3322676295501878e-15,0.06377817901711859,15.564571691225403,True,1,0.02
joint_indicator_revision_dfm_full_kalman_em,exact,2024:Q2:pre_advance:exact,2024-07-24,pre_advance,2024:Q2,M,T,3.8375893855101935,1.3322676295501878e-15,0.06377817901711859,15.564571691225403,True,1,0.02
joint_indicator_revision_dfm_full_kalman_em,exact,2024:Q2:pre_advance:exact,2024-07-24,pre_advance,2024:Q2,S,A,3.180775199008236,1.3322676295501878e-15,0.06377817901711859,15.564571691225403,True,1,0.02
joint_indicator_revision_dfm_full_kalman_em,exact,2024:Q2:pre_advance:exact,2024-07-24,pre_advance,2024:Q2,S,M,3.818182501462564,1.3322676295501878e-15,0.06377817901711859,15.564571691225403,True,1,0.02
joint_indicator_revision_dfm_full_kalman_em,exact,2024:Q2:pre_advance:exact,2024-07-24,pre_advance,2024:Q2,S,S,3.8043695766944725,1.3322676295501878e-15,0.06377817901711859,15.564571691225403,True,1,0.02
joint_indicator_revision_dfm_full_kalman_em,exact,2024:Q2:pre_advance:exact,2024-07-24,pre_advance,2024:Q2,S,T,3.8054343554134777,1.3322676295501878e-15,0.06377817901711859,15.564571691225403,True,1,0.02
joint_indicator_revision_dfm_full_kalman_em,exact,2024:Q2:pre_advance:exact,2024-07-24,pre_advance,2024:Q2,T,A,3.1944887835758777,1.3322676295501878e-15,0.06377817901711859,15.564571691225403,True,1,0.02
joint_indicator_revision_dfm_full_kalman_em,exact,2024:Q2:pre_advance:exact,2024-07-24,pre_advance,2024:Q2,T,M,3.8375893855101935,1.3322676295501878e-15,0.06377817901711859,15.564571691225403,True,1,0.02
joint_indicator_revision_dfm_full_kalman_em,exact,2024:Q2:pre_advance:exact,2024-07-24,pre_advance,2024:Q2,T,S,3.8054343554134777,1.3322676295501878e-15,0.06377817901711859,15.564571691225403,True,1,0.02
joint_indicator_revision_dfm_full_kalman_em,exact,2024:Q2:pre_advance:exact,2024-07-24,pre_advance,2024:Q2,T,T,3.946526891939704,1.3322676295501878e-15,0.06377817901711859,15.564571691225403,True,1,0.02
monthly_mixed_frequency_kalman_em,exact,2024:Q2:pre_advance:exact,2024-07-24,pre_advance,2024:Q2,A,A,4.506653910650042,0.0,0.06085173465675799,18.73351397744992,True,1,0.02
monthly_mixed_frequency_kalman_em,exact,2024:Q2:pre_advance:exact,2024-07-24,pre_advance,2024:Q2,A,M,4.21396243808086,0.0,0.06085173465675799,18.73351397744992,True,1,0.02
monthly_mixed_frequency_kalman_em,exact,2024:Q2:pre_advance:exact,2024-07-24,pre_advance,2024:Q2,A,S,4.257525936979976,0.0,0.06085173465675799,18.73351397744992,True,1,0.02
monthly_mixed_frequency_kalman_em,exact,2024:Q2:pre_advance:exact,2024-07-24,pre_advance,2024:Q2,A,T,4.233764028489549,0.0,0.06085173465675799,18.73351397744992,True,1,0.02
monthly_mixed_frequency_kalman_em,exact,2024:Q2:pre_advance:exact,2024-07-24,pre_advance,2024:Q2,M,A,4.21396243808086,0.0,0.06085173465675799,18.73351397744992,True,1,0.02
monthly_mixed_frequency_kalman_em,exact,2024:Q2:pre_advance:exact,2024-07-24,pre_advance,2024:Q2,M,M,8.662547855017952,0.0,0.06085173465675799,18.73351397744992,True,1,0.02
monthly_mixed_frequency_kalman_em,exact,2024:Q2:pre_advance:exact,2024-07-24,pre_advance,2024:Q2,M,S,4.3962921826165555,0.0,0.06085173465675799,18.73351397744992,True,1,0.02
monthly_mixed_frequency_kalman_em,exact,2024:Q2:pre_advance:exact,2024-07-24,pre_advance,2024:Q2,M,T,4.517845345640353,0.0,0.06085173465675799,18.73351397744992,True,1,0.02
monthly_mixed_frequency_kalman_em,exact,2024:Q2:pre_advance:exact,2024-07-24,pre_advance,2024:Q2,S,A,4.257525936979976,0.0,0.06085173465675799,18.73351397744992,True,1,0.02
monthly_mixed_frequency_kalman_em,exact,2024:Q2:pre_advance:exact,2024-07-24,pre_advance,2024:Q2,S,M,4.3962921826165555,0.0,0.06085173465675799,18.73351397744992,True,1,0.02
monthly_mixed_frequency_kalman_em,exact,2024:Q2:pre_advance:exact,2024-07-24,pre_advance,2024:Q2,S,S,4.37177276005579,0.0,0.06085173465675799,18.73351397744992,True,1,0.02
monthly_mixed_frequency_kalman_em,exact,2024:Q2:pre_advance:exact,2024-07-24,pre_advance,2024:Q2,S,T,4.361600621207411,0.0,0.06085173465675799,18.73351397744992,True,1,0.02
monthly_mixed_frequency_kalman_em,exact,2024:Q2:pre_advance:exact,2024-07-24,pre_advance,2024:Q2,T,A,4.233764028489549,0.0,0.06085173465675799,18.73351397744992,True,1,0.02
monthly_mixed_frequency_kalman_em,exact,2024:Q2:pre_advance:exact,2024-07-24,pre_advance,2024:Q2,T,M,4.517845345640353,0.0,0.06085173465675799,18.73351397744992,True,1,0.02
monthly_mixed_frequency_kalman_em,exact,2024:Q2:pre_advance:exact,2024-07-24,pre_advance,2024:Q2,T,S,4.361600621207411,0.0,0.06085173465675799,18.73351397744992,True,1,0.02
monthly_mixed_frequency_kalman_em,exact,2024:Q2:pre_advance:exact,2024-07-24,pre_advance,2024:Q2,T,T,4.496567353902712,0.0,0.06085173465675799,18.73351397744992,True,1,0.02
revision_dfm_kalman_em,exact,2024:Q2:pre_advance:exact,2024-07-24,pre_advance,2024:Q2,A,A,2.952176827727911,4.440892098500626e-16,0.06546109652896365,14.752010125480819,True,1,0.02
revision_dfm_kalman_em,exact,2024:Q2:pre_advance:exact,2024-07-24,pre_advance,2024:Q2,A,M,3.072921721880342,4.440892098500626e-16,0.06546109652896365,14.752010125480819,True,1,0.02
revision_dfm_kalman_em,exact,2024:Q2:pre_advance:exact,2024-07-24,pre_advance,2024:Q2,A,S,3.059664677645112,4.440892098500626e-16,0.06546109652896365,14.752010125480819,True,1,0.02
revision_dfm_kalman_em,exact,2024:Q2:pre_advance:exact,2024-07-24,pre_advance,2024:Q2,A,T,3.0676189041862503,4.440892098500626e-16,0.06546109652896365,14.752010125480819,True,1,0.02
revision_dfm_kalman_em,exact,2024:Q2:pre_advance:exact,2024-07-24,pre_advance,2024:Q2,M,A,3.072921721880342,4.440892098500626e-16,0.06546109652896365,14.752010125480819,True,1,0.02
revision_dfm_kalman_em,exact,2024:Q2:pre_advance:exact,2024-07-24,pre_advance,2024:Q2,M,M,7.616978456473869,4.440892098500626e-16,0.06546109652896365,14.752010125480819,True,1,0.02
revision_dfm_kalman_em,exact,2024:Q2:pre_advance:exact,2024-07-24,pre_advance,2024:Q2,M,S,3.554416227152165,4.440892098500626e-16,0.06546109652896365,14.752010125480819,True,1,0.02
revision_dfm_kalman_em,exact,2024:Q2:pre_advance:exact,2024-07-24,pre_advance,2024:Q2,M,T,3.569621316792327,4.440892098500626e-16,0.06546109652896365,14.752010125480819,True,1,0.02
revision_dfm_kalman_em,exact,2024:Q2:pre_advance:exact,2024-07-24,pre_advance,2024:Q2,S,A,3.059664677645112,4.440892098500626e-16,0.06546109652896365,14.752010125480819,True,1,0.02
revision_dfm_kalman_em,exact,2024:Q2:pre_advance:exact,2024-07-24,pre_advance,2024:Q2,S,M,3.554416227152165,4.440892098500626e-16,0.06546109652896365,14.752010125480819,True,1,0.02
revision_dfm_kalman_em,exact,2024:Q2:pre_advance:exact,2024-07-24,pre_advance,2024:Q2,S,S,3.55373397020649,4.440892098500626e-16,0.06546109652896365,14.752010125480819,True,1,0.02
revision_dfm_kalman_em,exact,2024:Q2:pre_advance:exact,2024-07-24,pre_advance,2024:Q2,S,T,3.544521196162024,4.440892098500626e-16,0.06546109652896365,14.752010125480819,True,1,0.02
revision_dfm_kalman_em,exact,2024:Q2:pre_advance:exact,2024-07-24,pre_advance,2024:Q2,T,A,3.0676189041862503,4.440892098500626e-16,0.06546109652896365,14.752010125480819,True,1,0.02
revision_dfm_kalman_em,exact,2024:Q2:pre_advance:exact,2024-07-24,pre_advance,2024:Q2,T,M,3.569621316792327,4.440892098500626e-16,0.06546109652896365,14.752010125480819,True,1,0.02
revision_dfm_kalman_em,exact,2024:Q2:pre_advance:exact,2024-07-24,pre_advance,2024:Q2,T,S,3.5445211961620235,4.440892098500626e-16,0.06546109652896365,14.752010125480819,True,1,0.02
revision_dfm_kalman_em,exact,2024:Q2:pre_advance:exact,2024-07-24,pre_advance,2024:Q2,T,T,3.6762435991356783,4.440892098500626e-16,0.06546109652896365,14.752010125480819,True,1,0.02
indicator_revision_only_dfm_kalman_em,pseudo,2024:Q2:pre_advance:pseudo,2024-07-31,pre_advance,2024:Q2,A,A,4.2463913786830645,0.0,0.06569527482876815,16.776789811270906,True,1,0.02
indicator_revision_only_dfm_kalman_em,pseudo,2024:Q2:pre_advance:pseudo,2024-07-31,pre_advance,2024:Q2,A,M,3.856747256860171,0.0,0.06569527482876815,16.776789811270906,True,1,0.02
indicator_revision_only_dfm_kalman_em,pseudo,2024:Q2:pre_advance:pseudo,2024-07-31,pre_advance,2024:Q2,A,S,3.856747256860171,0.0,0.06569527482876815,16.776789811270906,True,1,0.02
indicator_revision_only_dfm_kalman_em,pseudo,2024:Q2:pre_advance:pseudo,2024-07-31,pre_advance,2024:Q2,A,T,3.856747256860171,0.0,0.06569527482876815,16.776789811270906,True,1,0.02
indicator_revision_only_dfm_kalman_em,pseudo,2024:Q2:pre_advance:pseudo,2024-07-31,pre_advance,2024:Q2,M,A,3.856747256860171,0.0,0.06569527482876815,16.776789811270906,True,1,0.02
indicator_revision_only_dfm_kalman_em,pseudo,2024:Q2:pre_advance:pseudo,2024-07-31,pre_advance,2024:Q2,M,M,7.901211061194624,0.0,0.06569527482876815,16.776789811270906,True,1,0.02
indicator_revision_only_dfm_kalman_em,pseudo,2024:Q2:pre_advance:pseudo,2024-07-31,pre_advance,2024:Q2,M,S,3.856747256860171,0.0,0.06569527482876815,16.776789811270906,True,1,0.02
indicator_revision_only_dfm_kalman_em,pseudo,2024:Q2:pre_advance:pseudo,2024-07-31,pre_advance,2024:Q2,M,T,3.856747256860171,0.0,0.06569527482876815,16.776789811270906,True,1,0.02
indicator_revision_only_dfm_kalman_em,pseudo,2024:Q2:pre_advance:pseudo,2024-07-31,pre_advance,2024:Q2,S,A,3.856747256860171,0.0,0.06569527482876815,16.776789811270906,True,1,0.02
indicator_revision_only_dfm_kalman_em,pseudo,2024:Q2:pre_advance:pseudo,2024-07-31,pre_advance,2024:Q2,S,M,3.856747256860171,0.0,0.06569527482876815,16.776789811270906,True,1,0.02
indicator_revision_only_dfm_kalman_em,pseudo,2024:Q2:pre_advance:pseudo,2024-07-31,pre_advance,2024:Q2,S,S,3.8721139960704716,0.0,0.06569527482876815,16.776789811270906,True,1,0.02
indicator_revision_only_dfm_kalman_em,pseudo,2024:Q2:pre_advance:pseudo,2024-07-31,pre_advance,2024:Q2,S,T,3.856747256860171,0.0,0.06569527482876815,16.776789811270906,True,1,0.02
indicator_revision_only_dfm_kalman_em,pseudo,2024:Q2:pre_advance:pseudo,2024-07-31,pre_advance,2024:Q2,T,A,3.856747256860171,0.0,0.06569527482876815,16.776789811270906,True,1,0.02
indicator_revision_only_dfm_kalman_em,pseudo,2024:Q2:pre_advance:pseudo,2024-07-31,pre_advance,2024:Q2,T,M,3.856747256860171,0.0,0.06569527482876815,16.776789811270906,True,1,0.02
indicator_revision_only_dfm_kalman_em,pseudo,2024:Q2:pre_advance:pseudo,2024-07-31,pre_advance,2024:Q2,T,S,3.856747256860171,0.0,0.06569527482876815,16.776789811270906,True,1,0.02
indicator_revision_only_dfm_kalman_em,pseudo,2024:Q2:pre_advance:pseudo,2024-07-31,pre_advance,2024:Q2,T,T,3.9838981072870308,0.0,0.06569527482876815,16.776789811270906,True,1,0.02
joint_indicator_revision_dfm_full_kalman_em,pseudo,2024:Q2:pre_advance:pseudo,2024-07-31,pre_advance,2024:Q2,A,A,2.9748292745083558,0.0,0.06378987582012563,15.716793011537165,True,1,0.02
joint_indicator_revision_dfm_full_kalman_em,pseudo,2024:Q2:pre_advance:pseudo,2024-07-31,pre_advance,2024:Q2,A,M,3.244655325062418,0.0,0.06378987582012563,15.716793011537165,True,1,0.02
joint_indicator_revision_dfm_full_kalman_em,pseudo,2024:Q2:pre_advance:pseudo,2024-07-31,pre_advance,2024:Q2,A,S,3.2218520294698085,0.0,0.06378987582012563,15.716793011537165,True,1,0.02
joint_indicator_revision_dfm_full_kalman_em,pseudo,2024:Q2:pre_advance:pseudo,2024-07-31,pre_advance,2024:Q2,A,T,3.2355340068253744,0.0,0.06378987582012563,15.716793011537165,True,1,0.02
joint_indicator_revision_dfm_full_kalman_em,pseudo,2024:Q2:pre_advance:pseudo,2024-07-31,pre_advance,2024:Q2,M,A,3.244655325062418,0.0,0.06378987582012563,15.716793011537165,True,1,0.02
joint_indicator_revision_dfm_full_kalman_em,pseudo,2024:Q2:pre_advance:pseudo,2024-07-31,pre_advance,2024:Q2,M,M,7.938385970048894,0.0,0.06378987582012563,15.716793011537165,True,1,0.02
joint_indicator_revision_dfm_full_kalman_em,pseudo,2024:Q2:pre_advance:pseudo,2024-07-31,pre_advance,2024:Q2,M,S,3.856305562401809,0.0,0.06378987582012563,15.716793011537165,True,1,0.02
joint_indicator_revision_dfm_full_kalman_em,pseudo,2024:Q2:pre_advance:pseudo,2024-07-31,pre_advance,2024:Q2,M,T,3.875620833054632,0.0,0.06378987582012563,15.716793011537165,True,1,0.02
joint_indicator_revision_dfm_full_kalman_em,pseudo,2024:Q2:pre_advance:pseudo,2024-07-31,pre_advance,2024:Q2,S,A,3.2218520294698085,0.0,0.06378987582012563,15.716793011537165,True,1,0.02
joint_indicator_revision_dfm_full_kalman_em,pseudo,2024:Q2:pre_advance:pseudo,2024-07-31,pre_advance,2024:Q2,S,M,3.856305562401809,0.0,0.06378987582012563,15.716793011537165,True,1,0.02
joint_indicator_revision_dfm_full_kalman_em,pseudo,2024:Q2:pre_advance:pseudo,2024-07-31,pre_advance,2024:Q2,S,S,3.8426517041607657,0.0,0.06378987582012563,15.716793011537165,True,1,0.02
joint_indicator_revision_dfm_full_kalman_em,pseudo,2024:Q2:pre_advance:pseudo,2024-07-31,pre_advance,2024:Q2,S,T,3.8436164917431688,0.0,0.06378987582012563,15.716793011537165,True,1,0.02
joint_indicator_revision_dfm_full_kalman_em,pseudo,2024:Q2:pre_advance:pseudo,2024-07-31,pre_advance,2024:Q2,T,A,3.2355340068253744,0.0,0.06378987582012563,15.716793011537165,True,1,0.02
joint_indicator_revision_dfm_full_kalman_em,pseudo,2024:Q2:pre_advance:pseudo,2024-07-31,pre_advance,2024:Q2,T,M,3.875620833054632,0.0,0.06378987582012563,15.716793011537165,True,1,0.02
joint_indicator_revision_dfm_full_kalman_em,pseudo,2024:Q2:pre_advance:pseudo,2024-07-31,pre_advance,2024:Q2,T,S,3.8436164917431688,0.0,0.06378987582012563,15.716793011537165,True,1,0.02
joint_indicator_revision_dfm_full_kalman_em,pseudo,2024:Q2:pre_advance:pseudo,2024-07-31,pre_advance,2024:Q2,T,T,3.9846280488945625,0.0,0.06378987582012563,15.716793011537165,True,1,0.02
monthly_mixed_frequency_kalman_em,pseudo,2024:Q2:pre_advance:pseudo,2024-07-31,pre_advance,2024:Q2,A,A,4.505708584166486,0.0,0.06085239455590514,18.730810001379393,True,1,0.02
monthly_mixed_frequency_kalman_em,pseudo,2024:Q2:pre_advance:pseudo,2024-07-31,pre_advance,2024:Q2,A,M,4.213232868982284,0.0,0.06085239455590514,18.730810001379393,True,1,0.02
monthly_mixed_frequency_kalman_em,pseudo,2024:Q2:pre_advance:pseudo,2024-07-31,pre_advance,2024:Q2,A,S,4.256693988498184,0.0,0.06085239455590514,18.730810001379393,True,1,0.02
monthly_mixed_frequency_kalman_em,pseudo,2024:Q2:pre_advance:pseudo,2024-07-31,pre_advance,2024:Q2,A,T,4.232987923307692,0.0,0.06085239455590514,18.730810001379393,True,1,0.02
monthly_mixed_frequency_kalman_em,pseudo,2024:Q2:pre_advance:pseudo,2024-07-31,pre_advance,2024:Q2,M,A,4.213232868982284,0.0,0.06085239455590514,18.730810001379393,True,1,0.02
monthly_mixed_frequency_kalman_em,pseudo,2024:Q2:pre_advance:pseudo,2024-07-31,pre_advance,2024:Q2,M,M,8.662052404702003,0.0,0.06085239455590514,18.730810001379393,True,1,0.02
monthly_mixed_frequency_kalman_em,pseudo,2024:Q2:pre_advance:pseudo,2024-07-31,pre_advance,2024:Q2,M,S,4.395662904894262,0.0,0.06085239455590514,18.730810001379393,True,1,0.02
monthly_mixed_frequency_kalman_em,pseudo,2024:Q2:pre_advance:pseudo,2024-07-31,pre_advance,2024:Q2,M,T,4.517282928835581,0.0,0.06085239455590514,18.730810001379393,True,1,0.02
monthly_mixed_frequency_kalman_em,pseudo,2024:Q2:pre_advance:pseudo,2024-07-31,pre_advance,2024:Q2,S,A,4.256693988498184,0.0,0.06085239455590514,18.730810001379393,True,1,0.02
monthly_mixed_frequency_kalman_em,pseudo,2024:Q2:pre_advance:pseudo,2024-07-31,pre_advance,2024:Q2,S,M,4.395662904894262,0.0,0.06085239455590514,18.730810001379393,True,1,0.02
monthly_mixed_frequency_kalman_em,pseudo,2024:Q2:pre_advance:pseudo,2024-07-31,pre_advance,2024:Q2,S,S,4.371035406534678,0.0,0.06085239455590514,18.730810001379393,True,1,0.02
monthly_mixed_frequency_kalman_em,pseudo,2024:Q2:pre_advance:pseudo,2024-07-31,pre_advance,2024:Q2,S,T,4.360920675795243,0.0,0.06085239455590514,18.730810001379393,True,1,0.02
monthly_mixed_frequency_kalman_em,pseudo,2024:Q2:pre_advance:pseudo,2024-07-31,pre_advance,2024:Q2,T,A,4.232987923307692,0.0,0.06085239455590514,18.730810001379393,True,1,0.02
monthly_mixed_frequency_kalman_em,pseudo,2024:Q2:pre_advance:pseudo,2024-07-31,pre_advance,2024:Q2,T,M,4.517282928835581,0.0,0.06085239455590514,18.730810001379393,True,1,0.02
monthly_mixed_frequency_kalman_em,pseudo,2024:Q2:pre_advance:pseudo,2024-07-31,pre_advance,2024:Q2,T,S,4.360920675795243,0.0,0.06085239455590514,18.730810001379393,True,1,0.02
monthly_mixed_frequency_kalman_em,pseudo,2024:Q2:pre_advance:pseudo,2024-07-31,pre_advance,2024:Q2,T,T,4.495949920250839,0.0,0.06085239455590514,18.730810001379393,True,1,0.02
revision_dfm_kalman_em,pseudo,2024:Q2:pre_advance:pseudo,2024-07-31,pre_advance,2024:Q2,A,A,2.948544344010406,4.440892098500626e-16,0.06546138854546253,14.738758274631495,True,1,0.02
revision_dfm_kalman_em,pseudo,2024:Q2:pre_advance:pseudo,2024-07-31,pre_advance,2024:Q2,A,M,3.069398703798151,4.440892098500626e-16,0.06546138854546253,14.738758274631495,True,1,0.02
revision_dfm_kalman_em,pseudo,2024:Q2:pre_advance:pseudo,2024-07-31,pre_advance,2024:Q2,A,S,3.0561362137562584,4.440892098500626e-16,0.06546138854546253,14.738758274631495,True,1,0.02
revision_dfm_kalman_em,pseudo,2024:Q2:pre_advance:pseudo,2024-07-31,pre_advance,2024:Q2,A,T,3.0640937077813937,4.440892098500626e-16,0.06546138854546253,14.738758274631495,True,1,0.02
revision_dfm_kalman_em,pseudo,2024:Q2:pre_advance:pseudo,2024-07-31,pre_advance,2024:Q2,M,A,3.069398703798151,4.440892098500626e-16,0.06546138854546253,14.738758274631495,True,1,0.02
revision_dfm_kalman_em,pseudo,2024:Q2:pre_advance:pseudo,2024-07-31,pre_advance,2024:Q2,M,M,7.6136496995091205,4.440892098500626e-16,0.06546138854546253,14.738758274631495,True,1,0.02
revision_dfm_kalman_em,pseudo,2024:Q2:pre_advance:pseudo,2024-07-31,pre_advance,2024:Q2,M,S,3.5510684727242396,4.440892098500626e-16,0.06546138854546253,14.738758274631495,True,1,0.02
revision_dfm_kalman_em,pseudo,2024:Q2:pre_advance:pseudo,2024-07-31,pre_advance,2024:Q2,M,T,3.5662790970061162,4.440892098500626e-16,0.06546138854546253,14.738758274631495,True,1,0.02
revision_dfm_kalman_em,pseudo,2024:Q2:pre_advance:pseudo,2024-07-31,pre_advance,2024:Q2,S,A,3.0561362137562584,4.440892098500626e-16,0.06546138854546253,14.738758274631495,True,1,0.02
revision_dfm_kalman_em,pseudo,2024:Q2:pre_advance:pseudo,2024-07-31,pre_advance,2024:Q2,S,M,3.5510684727242396,4.440892098500626e-16,0.06546138854546253,14.738758274631495,True,1,0.02
revision_dfm_kalman_em,pseudo,2024:Q2:pre_advance:pseudo,2024-07-31,pre_advance,2024:Q2,S,S,3.550378743894408,4.440892098500626e-16,0.06546138854546253,14.738758274631495,True,1,0.02
revision_dfm_kalman_em,pseudo,2024:Q2:pre_advance:pseudo,2024-07-31,pre_advance,2024:Q2,S,T,3.54116982754488,4.440892098500626e-16,0.06546138854546253,14.738758274631495,True,1,0.02
revision_dfm_kalman_em,pseudo,2024:Q2:pre_advance:pseudo,2024-07-31,pre_advance,2024:Q2,T,A,3.0640937077813937,4.440892098500626e-16,0.06546138854546253,14.738758274631495,True,1,0.02
revision_dfm_kalman_em,pseudo,2024:Q2:pre_advance:pseudo,2024-07-31,pre_advance,2024:Q2,T,M,3.5662790970061162,4.440892098500626e-16,0.06546138854546253,14.738758274631495,True,1,0.02
revision_dfm_kalman_em,pseudo,2024:Q2:pre_advance:pseudo,2024-07-31,pre_advance,2024:Q2,T,S,3.5411698275448797,4.440892098500626e-16,0.06546138854546253,14.738758274631495,True,1,0.02
revision_dfm_kalman_em,pseudo,2024:Q2:pre_advance:pseudo,2024-07-31,pre_advance,2024:Q2,T,T,3.672894921656894,4.440892098500626e-16,0.06546138854546253,14.738758274631495,True,1,0.02
indicator_revision_only_dfm_kalman_em,exact,2024:Q2:pre_second:exact,2024-08-28,pre_second,2024:Q2,A,A,0.743035739075552,0.0,0.061954128994430896,4.5126501974560265,True,1,0.02
indicator_revision_only_dfm_kalman_em,exact,2024:Q2:pre_second:exact,2024-08-28,pre_second,2024:Q2,A,M,0.3535418878407182,0.0,0.061954128994430896,4.5126501974560265,True,1,0.02
indicator_revision_only_dfm_kalman_em,exact,2024:Q2:pre_second:exact,2024-08-28,pre_second,2024:Q2,A,S,0.3535418878407182,0.0,0.061954128994430896,4.5126501974560265,True,1,0.02
indicator_revision_only_dfm_kalman_em,exact,2024:Q2:pre_second:exact,2024-08-28,pre_second,2024:Q2,A,T,0.3535418878407182,0.0,0.061954128994430896,4.5126501974560265,True,1,0.02
indicator_revision_only_dfm_kalman_em,exact,2024:Q2:pre_second:exact,2024-08-28,pre_second,2024:Q2,M,A,0.3535418878407182,0.0,0.061954128994430896,4.5126501974560265,True,1,0.02
indicator_revision_only_dfm_kalman_em,exact,2024:Q2:pre_second:exact,2024-08-28,pre_second,2024:Q2,M,M,4.397940786471226,0.0,0.061954128994430896,4.5126501974560265,True,1,0.02
indicator_revision_only_dfm_kalman_em,exact,2024:Q2:pre_second:exact,2024-08-28,pre_second,2024:Q2,M,S,0.3535418878407182,0.0,0.061954128994430896,4.5126501974560265,True,1,0.02
indicator_revision_only_dfm_kalman_em,exact,2024:Q2:pre_second:exact,2024-08-28,pre_second,2024:Q2,M,T,0.3535418878407182,0.0,0.061954128994430896,4.5126501974560265,True,1,0.02
indicator_revision_only_dfm_kalman_em,exact,2024:Q2:pre_second:exact,2024-08-28,pre_second,2024:Q2,S,A,0.3535418878407182,0.0,0.061954128994430896,4.5126501974560265,True,1,0.02
indicator_revision_only_dfm_kalman_em,exact,2024:Q2:pre_second:exact,2024-08-28,pre_second,2024:Q2,S,M,0.3535418878407182,0.0,0.061954128994430896,4.5126501974560265,True,1,0.02
indicator_revision_only_dfm_kalman_em,exact,2024:Q2:pre_second:exact,2024-08-28,pre_second,2024:Q2,S,S,0.36892458387094157,0.0,0.061954128994430896,4.5126501974560265,True,1,0.02
indicator_revision_only_dfm_kalman_em,exact,2024:Q2:pre_second:exact,2024-08-28,pre_second,2024:Q2,S,T,0.3535418878407182,0.0,0.061954128994430896,4.5126501974560265,True,1,0.02
indicator_revision_only_dfm_kalman_em,exact,2024:Q2:pre_second:exact,2024-08-28,pre_second,2024:Q2,T,A,0.3535418878407182,0.0,0.061954128994430896,4.5126501974560265,True,1,0.02
indicator_revision_only_dfm_kalman_em,exact,2024:Q2:pre_second:exact,2024-08-28,pre_second,2024:Q2,T,M,0.3535418878407182,0.0,0.061954128994430896,4.5126501974560265,True,1,0.02
indicator_revision_only_dfm_kalman_em,exact,2024:Q2:pre_second:exact,2024-08-28,pre_second,2024:Q2,T,S,0.3535418878407182,0.0,0.061954128994430896,4.5126501974560265,True,1,0.02
indicator_revision_only_dfm_kalman_em,exact,2024:Q2:pre_second:exact,2024-08-28,pre_second,2024:Q2,T,T,0.480686320375394,0.0,0.061954128994430896,4.5126501974560265,True,1,0.02
joint_indicator_revision_dfm_full_kalman_em,exact,2024:Q2:pre_second:exact,2024-08-28,pre_second,2024:Q2,A,A,0.3611865372569923,2.7755575615628914e-17,0.062174114360355644,4.477819459394178,True,1,0.02
joint_indicator_revision_dfm_full_kalman_em,exact,2024:Q2:pre_second:exact,2024-08-28,pre_second,2024:Q2,A,M,0.20363434473545083,2.7755575615628914e-17,0.062174114360355644,4.477819459394178,True,1,0.02
joint_indicator_revision_dfm_full_kalman_em,exact,2024:Q2:pre_second:exact,2024-08-28,pre_second,2024:Q2,A,S,0.20218628936699048,2.7755575615628914e-17,0.062174114360355644,4.477819459394178,True,1,0.02
joint_indicator_revision_dfm_full_kalman_em,exact,2024:Q2:pre_second:exact,2024-08-28,pre_second,2024:Q2,A,T,0.2030551225880667,2.7755575615628914e-17,0.062174114360355644,4.477819459394178,True,1,0.02
joint_indicator_revision_dfm_full_kalman_em,exact,2024:Q2:pre_second:exact,2024-08-28,pre_second,2024:Q2,M,A,0.20363434473545083,2.7755575615628914e-17,0.062174114360355644,4.477819459394178,True,1,0.02
joint_indicator_revision_dfm_full_kalman_em,exact,2024:Q2:pre_second:exact,2024-08-28,pre_second,2024:Q2,M,M,4.399836866499478,2.7755575615628914e-17,0.062174114360355644,4.477819459394178,True,1,0.02
joint_indicator_revision_dfm_full_kalman_em,exact,2024:Q2:pre_second:exact,2024-08-28,pre_second,2024:Q2,M,S,0.34256325006886507,2.7755575615628914e-17,0.062174114360355644,4.477819459394178,True,1,0.02
joint_indicator_revision_dfm_full_kalman_em,exact,2024:Q2:pre_second:exact,2024-08-28,pre_second,2024:Q2,M,T,0.3469504786583413,2.7755575615628914e-17,0.062174114360355644,4.477819459394178,True,1,0.02
joint_indicator_revision_dfm_full_kalman_em,exact,2024:Q2:pre_second:exact,2024-08-28,pre_second,2024:Q2,S,A,0.2021862893669905,2.7755575615628914e-17,0.062174114360355644,4.477819459394178,True,1,0.02
joint_indicator_revision_dfm_full_kalman_em,exact,2024:Q2:pre_second:exact,2024-08-28,pre_second,2024:Q2,S,M,0.34256325006886507,2.7755575615628914e-17,0.062174114360355644,4.477819459394178,True,1,0.02
joint_indicator_revision_dfm_full_kalman_em,exact,2024:Q2:pre_second:exact,2024-08-28,pre_second,2024:Q2,S,S,0.3536155586894399,2.7755575615628914e-17,0.062174114360355644,4.477819459394178,True,1,0.02
joint_indicator_revision_dfm_full_kalman_em,exact,2024:Q2:pre_second:exact,2024-08-28,pre_second,2024:Q2,S,T,0.33975571085482753,2.7755575615628914e-17,0.062174114360355644,4.477819459394178,True,1,0.02
joint_indicator_revision_dfm_full_kalman_em,exact,2024:Q2:pre_second:exact,2024-08-28,pre_second,2024:Q2,T,A,0.2030551225880667,2.7755575615628914e-17,0.062174114360355644,4.477819459394178,True,1,0.02
joint_indicator_revision_dfm_full_kalman_em,exact,2024:Q2:pre_second:exact,2024-08-28,pre_second,2024:Q2,T,M,0.3469504786583413,2.7755575615628914e-17,0.062174114360355644,4.477819459394178,True,1,0.02
joint_indicator_revision_dfm_full_kalman_em,exact,2024:Q2:pre_second:exact,2024-08-28,pre_second,2024:Q2,T,S,0.33975571085482753,2.7755575615628914e-17,0.062174114360355644,4.477819459394178,True,1,0.02
joint_indicator_revision_dfm_full_kalman_em,exact,2024:Q2:pre_second:exact,2024-08-28,pre_second,2024:Q2,T,T,0.4658665816889949,2.7755575615628914e-17,0.062174114360355644,4.477819459394178,True,1,0.02
monthly_mixed_frequency_kalman_em,exact,2024:Q2:pre_second:exact,2024-08-28,pre_second,2024:Q2,A,A,0.4159799334796843,0.0,0.05825001171809546,4.856036523175433,True,1,0.02
monthly_mixed_frequency_kalman_em,exact,2024:Q2:pre_second:exact,2024-08-28,pre_second,2024:Q2,A,M,0.19922769309046948,0.0,0.05825001171809546,4.856036523175433,True,1,0.02
monthly_mixed_frequency_kalman_em,exact,2024:Q2:pre_second:exact,2024-08-28,pre_second,2024:Q2,A,S,0.20126043888976186,0.0,0.05825001171809546,4.856036523175433,True,1,0.02
monthly_mixed_frequency_kalman_em,exact,2024:Q2:pre_second:exact,2024-08-28,pre_second,2024:Q2,A,T,0.20015166845378415,0.0,0.05825001171809546,4.856036523175433,True,1,0.02
monthly_mixed_frequency_kalman_em,exact,2024:Q2:pre_second:exact,2024-08-28,pre_second,2024:Q2,M,A,0.19922769309046948,0.0,0.05825001171809546,4.856036523175433,True,1,0.02
monthly_mixed_frequency_kalman_em,exact,2024:Q2:pre_second:exact,2024-08-28,pre_second,2024:Q2,M,M,4.72251118582833,0.0,0.05825001171809546,4.856036523175433,True,1,0.02
monthly_mixed_frequency_kalman_em,exact,2024:Q2:pre_second:exact,2024-08-28,pre_second,2024:Q2,M,S,0.4150876561771634,0.0,0.05825001171809546,4.856036523175433,True,1,0.02
monthly_mixed_frequency_kalman_em,exact,2024:Q2:pre_second:exact,2024-08-28,pre_second,2024:Q2,M,T,0.5589942982349595,0.0,0.05825001171809546,4.856036523175433,True,1,0.02
monthly_mixed_frequency_kalman_em,exact,2024:Q2:pre_second:exact,2024-08-28,pre_second,2024:Q2,S,A,0.20126043888976186,0.0,0.05825001171809546,4.856036523175433,True,1,0.02
monthly_mixed_frequency_kalman_em,exact,2024:Q2:pre_second:exact,2024-08-28,pre_second,2024:Q2,S,M,0.4150876561771634,0.0,0.05825001171809546,4.856036523175433,True,1,0.02
monthly_mixed_frequency_kalman_em,exact,2024:Q2:pre_second:exact,2024-08-28,pre_second,2024:Q2,S,S,0.3493432585882425,0.0,0.05825001171809546,4.856036523175433,True,1,0.02
monthly_mixed_frequency_kalman_em,exact,2024:Q2:pre_second:exact,2024-08-28,pre_second,2024:Q2,S,T,0.3616308518553131,0.0,0.05825001171809546,4.856036523175433,True,1,0.02
monthly_mixed_frequency_kalman_em,exact,2024:Q2:pre_second:exact,2024-08-28,pre_second,2024:Q2,T,A,0.20015166845378415,0.0,0.05825001171809546,4.856036523175433,True,1,0.02
monthly_mixed_frequency_kalman_em,exact,2024:Q2:pre_second:exact,2024-08-28,pre_second,2024:Q2,T,M,0.5589942982349595,0.0,0.05825001171809546,4.856036523175433,True,1,0.02
monthly_mixed_frequency_kalman_em,exact,2024:Q2:pre_second:exact,2024-08-28,pre_second,2024:Q2,T,S,0.3616308518553131,0.0,0.05825001171809546,4.856036523175433,True,1,0.02
monthly_mixed_frequency_kalman_em,exact,2024:Q2:pre_second:exact,2024-08-28,pre_second,2024:Q2,T,T,0.5190273431374353,0.0,0.05825001171809546,4.856036523175433,True,1,0.02
revision_dfm_kalman_em,exact,2024:Q2:pre_second:exact,2024-08-28,pre_second,2024:Q2,A,A,0.28269139887235967,2.7755575615628914e-17,0.06491912870734992,4.501401334853092,True,1,0.02
revision_dfm_kalman_em,exact,2024:Q2:pre_second:exact,2024-08-28,pre_second,2024:Q2,A,M,0.15087344910130437,2.7755575615628914e-17,0.06491912870734992,4.501401334853092,True,1,0.02
revision_dfm_kalman_em,exact,2024:Q2:pre_second:exact,2024-08-28,pre_second,2024:Q2,A,S,0.15021759449886876,2.7755575615628914e-17,0.06491912870734992,4.501401334853092,True,1,0.02
revision_dfm_kalman_em,exact,2024:Q2:pre_second:exact,2024-08-28,pre_second,2024:Q2,A,T,0.15061110726033014,2.7755575615628914e-17,0.06491912870734992,4.501401334853092,True,1,0.02
revision_dfm_kalman_em,exact,2024:Q2:pre_second:exact,2024-08-28,pre_second,2024:Q2,M,A,0.15087344910130437,2.7755575615628914e-17,0.06491912870734992,4.501401334853092,True,1,0.02
revision_dfm_kalman_em,exact,2024:Q2:pre_second:exact,2024-08-28,pre_second,2024:Q2,M,M,4.4183498449694785,2.7755575615628914e-17,0.06491912870734992,4.501401334853092,True,1,0.02
revision_dfm_kalman_em,exact,2024:Q2:pre_second:exact,2024-08-28,pre_second,2024:Q2,M,S,0.36958749968225574,2.7755575615628914e-17,0.06491912870734992,4.501401334853092,True,1,0.02
revision_dfm_kalman_em,exact,2024:Q2:pre_second:exact,2024-08-28,pre_second,2024:Q2,M,T,0.3764942591742858,2.7755575615628914e-17,0.06491912870734992,4.501401334853092,True,1,0.02
revision_dfm_kalman_em,exact,2024:Q2:pre_second:exact,2024-08-28,pre_second,2024:Q2,S,A,0.15021759449886873,2.7755575615628914e-17,0.06491912870734992,4.501401334853092,True,1,0.02
revision_dfm_kalman_em,exact,2024:Q2:pre_second:exact,2024-08-28,pre_second,2024:Q2,S,M,0.36958749968225574,2.7755575615628914e-17,0.06491912870734992,4.501401334853092,True,1,0.02
revision_dfm_kalman_em,exact,2024:Q2:pre_second:exact,2024-08-28,pre_second,2024:Q2,S,S,0.3826622645863406,2.7755575615628914e-17,0.06491912870734992,4.501401334853092,True,1,0.02
revision_dfm_kalman_em,exact,2024:Q2:pre_second:exact,2024-08-28,pre_second,2024:Q2,S,T,0.365200101578588,2.7755575615628914e-17,0.06491912870734992,4.501401334853092,True,1,0.02
revision_dfm_kalman_em,exact,2024:Q2:pre_second:exact,2024-08-28,pre_second,2024:Q2,T,A,0.1506111072603301,2.7755575615628914e-17,0.06491912870734992,4.501401334853092,True,1,0.02
revision_dfm_kalman_em,exact,2024:Q2:pre_second:exact,2024-08-28,pre_second,2024:Q2,T,M,0.3764942591742858,2.7755575615628914e-17,0.06491912870734992,4.501401334853092,True,1,0.02
revision_dfm_kalman_em,exact,2024:Q2:pre_second:exact,2024-08-28,pre_second,2024:Q2,T,S,0.365200101578588,2.7755575615628914e-17,0.06491912870734992,4.501401334853092,True,1,0.02
revision_dfm_kalman_em,exact,2024:Q2:pre_second:exact,2024-08-28,pre_second,2024:Q2,T,T,0.4886615331256189,2.7755575615628914e-17,0.06491912870734992,4.501401334853092,True,1,0.02
indicator_revision_only_dfm_kalman_em,pseudo,2024:Q2:pre_second:pseudo,2024-08-31,pre_second,2024:Q2,A,A,0.7430352903801144,0.0,0.061954127656463104,4.512649490897511,True,1,0.02
indicator_revision_only_dfm_kalman_em,pseudo,2024:Q2:pre_second:pseudo,2024-08-31,pre_second,2024:Q2,A,M,0.3535415021390172,0.0,0.061954127656463104,4.512649490897511,True,1,0.02
indicator_revision_only_dfm_kalman_em,pseudo,2024:Q2:pre_second:pseudo,2024-08-31,pre_second,2024:Q2,A,S,0.3535415021390172,0.0,0.061954127656463104,4.512649490897511,True,1,0.02
indicator_revision_only_dfm_kalman_em,pseudo,2024:Q2:pre_second:pseudo,2024-08-31,pre_second,2024:Q2,A,T,0.3535415021390172,0.0,0.061954127656463104,4.512649490897511,True,1,0.02
indicator_revision_only_dfm_kalman_em,pseudo,2024:Q2:pre_second:pseudo,2024-08-31,pre_second,2024:Q2,M,A,0.3535415021390172,0.0,0.061954127656463104,4.512649490897511,True,1,0.02
indicator_revision_only_dfm_kalman_em,pseudo,2024:Q2:pre_second:pseudo,2024-08-31,pre_second,2024:Q2,M,M,4.397940346594795,0.0,0.061954127656463104,4.512649490897511,True,1,0.02
indicator_revision_only_dfm_kalman_em,pseudo,2024:Q2:pre_second:pseudo,2024-08-31,pre_second,2024:Q2,M,S,0.3535415021390172,0.0,0.061954127656463104,4.512649490897511,True,1,0.02
indicator_revision_only_dfm_kalman_em,pseudo,2024:Q2:pre_second:pseudo,2024-08-31,pre_second,2024:Q2,M,T,0.3535415021390172,0.0,0.061954127656463104,4.512649490897511,True,1,0.02
indicator_revision_only_dfm_kalman_em,pseudo,2024:Q2:pre_second:pseudo,2024-08-31,pre_second,2024:Q2,S,A,0.3535415021390172,0.0,0.061954127656463104,4.512649490897511,True,1,0.02
indicator_revision_only_dfm_kalman_em,pseudo,2024:Q2:pre_second:pseudo,2024-08-31,pre_second,2024:Q2,S,M,0.3535415021390172,0.0,0.061954127656463104,4.512649490897511,True,1,0.02
indicator_revision_only_dfm_kalman_em,pseudo,2024:Q2:pre_second:pseudo,2024-08-31,pre_second,2024:Q2,S,S,0.36892419275902916,0.0,0.061954127656463104,4.512649490897511,True,1,0.02
indicator_revision_only_dfm_kalman_em,pseudo,2024:Q2:pre_second:pseudo,2024-08-31,pre_second,2024:Q2,S,T,0.3535415021390172,0.0,0.061954127656463104,4.512649490897511,True,1,0.02
indicator_revision_only_dfm_kalman_em,pseudo,2024:Q2:pre_second:pseudo,2024-08-31,pre_second,2024:Q2,T,A,0.3535415021390172,0.0,0.061954127656463104,4.512649490897511,True,1,0.02
indicator_revision_only_dfm_kalman_em,pseudo,2024:Q2:pre_second:pseudo,2024-08-31,pre_second,2024:Q2,T,M,0.3535415021390172,0.0,0.061954127656463104,4.512649490897511,True,1,0.02
indicator_revision_only_dfm_kalman_em,pseudo,2024:Q2:pre_second:pseudo,2024-08-31,pre_second,2024:Q2,T,S,0.3535415021390172,0.0,0.061954127656463104,4.512649490897511,True,1,0.02
indicator_revision_only_dfm_kalman_em,pseudo,2024:Q2:pre_second:pseudo,2024-08-31,pre_second,2024:Q2,T,T,0.4806859568855196,0.0,0.061954127656463104,4.512649490897511,True,1,0.02
joint_indicator_revision_dfm_full_kalman_em,pseudo,2024:Q2:pre_second:pseudo,2024-08-31,pre_second,2024:Q2,A,A,0.36118190423759255,5.551115123125783e-17,0.062174112197249984,4.4778210045042295,True,1,0.02
joint_indicator_revision_dfm_full_kalman_em,pseudo,2024:Q2:pre_second:pseudo,2024-08-31,pre_second,2024:Q2,A,M,0.20363267190808967,5.551115123125783e-17,0.062174112197249984,4.4778210045042295,True,1,0.02
joint_indicator_revision_dfm_full_kalman_em,pseudo,2024:Q2:pre_second:pseudo,2024-08-31,pre_second,2024:Q2,A,S,0.20218458058297428,5.551115123125783e-17,0.062174112197249984,4.4778210045042295,True,1,0.02
joint_indicator_revision_dfm_full_kalman_em,pseudo,2024:Q2:pre_second:pseudo,2024-08-31,pre_second,2024:Q2,A,T,0.20305343537804352,5.551115123125783e-17,0.062174112197249984,4.4778210045042295,True,1,0.02
joint_indicator_revision_dfm_full_kalman_em,pseudo,2024:Q2:pre_second:pseudo,2024-08-31,pre_second,2024:Q2,M,A,0.20363267190808967,5.551115123125783e-17,0.062174112197249984,4.4778210045042295,True,1,0.02
joint_indicator_revision_dfm_full_kalman_em,pseudo,2024:Q2:pre_second:pseudo,2024-08-31,pre_second,2024:Q2,M,M,4.399838288479211,5.551115123125783e-17,0.062174112197249984,4.4778210045042295,True,1,0.02
joint_indicator_revision_dfm_full_kalman_em,pseudo,2024:Q2:pre_second:pseudo,2024-08-31,pre_second,2024:Q2,M,S,0.3425641902633624,5.551115123125783e-17,0.062174112197249984,4.4778210045042295,True,1,0.02
joint_indicator_revision_dfm_full_kalman_em,pseudo,2024:Q2:pre_second:pseudo,2024-08-31,pre_second,2024:Q2,M,T,0.34695150136931835,5.551115123125783e-17,0.062174112197249984,4.4778210045042295,True,1,0.02
joint_indicator_revision_dfm_full_kalman_em,pseudo,2024:Q2:pre_second:pseudo,2024-08-31,pre_second,2024:Q2,S,A,0.20218458058297434,5.551115123125783e-17,0.062174112197249984,4.4778210045042295,True,1,0.02
joint_indicator_revision_dfm_full_kalman_em,pseudo,2024:Q2:pre_second:pseudo,2024-08-31,pre_second,2024:Q2,S,M,0.3425641902633624,5.551115123125783e-17,0.062174112197249984,4.4778210045042295,True,1,0.02
joint_indicator_revision_dfm_full_kalman_em,pseudo,2024:Q2:pre_second:pseudo,2024-08-31,pre_second,2024:Q2,S,S,0.35361633541807713,5.551115123125783e-17,0.062174112197249984,4.4778210045042295,True,1,0.02
joint_indicator_revision_dfm_full_kalman_em,pseudo,2024:Q2:pre_second:pseudo,2024-08-31,pre_second,2024:Q2,S,T,0.3397565980697546,5.551115123125783e-17,0.062174112197249984,4.4778210045042295,True,1,0.02
joint_indicator_revision_dfm_full_kalman_em,pseudo,2024:Q2:pre_second:pseudo,2024-08-31,pre_second,2024:Q2,T,A,0.20305343537804352,5.551115123125783e-17,0.062174112197249984,4.4778210045042295,True,1,0.02
joint_indicator_revision_dfm_full_kalman_em,pseudo,2024:Q2:pre_second:pseudo,2024-08-31,pre_second,2024:Q2,T,M,0.34695150136931835,5.551115123125783e-17,0.062174112197249984,4.4778210045042295,True,1,0.02
joint_indicator_revision_dfm_full_kalman_em,pseudo,2024:Q2:pre_second:pseudo,2024-08-31,pre_second,2024:Q2,T,S,0.3397565980697546,5.551115123125783e-17,0.062174112197249984,4.4778210045042295,True,1,0.02
joint_indicator_revision_dfm_full_kalman_em,pseudo,2024:Q2:pre_second:pseudo,2024-08-31,pre_second,2024:Q2,T,T,0.46586753784270757,5.551115123125783e-17,0.062174112197249984,4.4778210045042295,True,1,0.02
monthly_mixed_frequency_kalman_em,pseudo,2024:Q2:pre_second:pseudo,2024-08-31,pre_second,2024:Q2,A,A,0.41597022657642485,0.0,0.05825025114727763,4.856036264858666,True,1,0.02
monthly_mixed_frequency_kalman_em,pseudo,2024:Q2:pre_second:pseudo,2024-08-31,pre_second,2024:Q2,A,M,0.19922357680519567,0.0,0.05825025114727763,4.856036264858666,True,1,0.02
monthly_mixed_frequency_kalman_em,pseudo,2024:Q2:pre_second:pseudo,2024-08-31,pre_second,2024:Q2,A,S,0.20125591036790313,0.0,0.05825025114727763,4.856036264858666,True,1,0.02
monthly_mixed_frequency_kalman_em,pseudo,2024:Q2:pre_second:pseudo,2024-08-31,pre_second,2024:Q2,A,T,0.2001473647882445,0.0,0.05825025114727763,4.856036264858666,True,1,0.02
monthly_mixed_frequency_kalman_em,pseudo,2024:Q2:pre_second:pseudo,2024-08-31,pre_second,2024:Q2,M,A,0.19922357680519567,0.0,0.05825025114727763,4.856036264858666,True,1,0.02
monthly_mixed_frequency_kalman_em,pseudo,2024:Q2:pre_second:pseudo,2024-08-31,pre_second,2024:Q2,M,M,4.722512312955774,0.0,0.05825025114727763,4.856036264858666,True,1,0.02
monthly_mixed_frequency_kalman_em,pseudo,2024:Q2:pre_second:pseudo,2024-08-31,pre_second,2024:Q2,M,S,0.4150855864396881,0.0,0.05825025114727763,4.856036264858666,True,1,0.02
monthly_mixed_frequency_kalman_em,pseudo,2024:Q2:pre_second:pseudo,2024-08-31,pre_second,2024:Q2,M,T,0.5589935928626831,0.0,0.05825025114727763,4.856036264858666,True,1,0.02
monthly_mixed_frequency_kalman_em,pseudo,2024:Q2:pre_second:pseudo,2024-08-31,pre_second,2024:Q2,S,A,0.20125591036790313,0.0,0.05825025114727763,4.856036264858666,True,1,0.02
monthly_mixed_frequency_kalman_em,pseudo,2024:Q2:pre_second:pseudo,2024-08-31,pre_second,2024:Q2,S,M,0.4150855864396881,0.0,0.05825025114727763,4.856036264858666,True,1,0.02
monthly_mixed_frequency_kalman_em,pseudo,2024:Q2:pre_second:pseudo,2024-08-31,pre_second,2024:Q2,S,S,0.3493404677010055,0.0,0.05825025114727763,4.856036264858666,True,1,0.02
monthly_mixed_frequency_kalman_em,pseudo,2024:Q2:pre_second:pseudo,2024-08-31,pre_second,2024:Q2,S,T,0.3616281674217419,0.0,0.05825025114727763,4.856036264858666,True,1,0.02
monthly_mixed_frequency_kalman_em,pseudo,2024:Q2:pre_second:pseudo,2024-08-31,pre_second,2024:Q2,T,A,0.2001473647882445,0.0,0.05825025114727763,4.856036264858666,True,1,0.02
monthly_mixed_frequency_kalman_em,pseudo,2024:Q2:pre_second:pseudo,2024-08-31,pre_second,2024:Q2,T,M,0.5589935928626831,0.0,0.05825025114727763,4.856036264858666,True,1,0.02
monthly_mixed_frequency_kalman_em,pseudo,2024:Q2:pre_second:pseudo,2024-08-31,pre_second,2024:Q2,T,S,0.3616281674217419,0.0,0.05825025114727763,4.856036264858666,True,1,0.02
monthly_mixed_frequency_kalman_em,pseudo,2024:Q2:pre_second:pseudo,2024-08-31,pre_second,2024:Q2,T,T,0.5190255973213262,0.0,0.05825025114727763,4.856036264858666,True,1,0.02
revision_dfm_kalman_em,pseudo,2024:Q2:pre_second:pseudo,2024-08-31,pre_second,2024:Q2,A,A,0.28269164355768,2.7755575615628914e-17,0.06491912309121207,4.501400558485258,True,1,0.02
revision_dfm_kalman_em,pseudo,2024:Q2:pre_second:pseudo,2024-08-31,pre_second,2024:Q2,A,M,0.15087356752586167,2.7755575615628914e-17,0.06491912309121207,4.501400558485258,True,1,0.02
revision_dfm_kalman_em,pseudo,2024:Q2:pre_second:pseudo,2024-08-31,pre_second,2024:Q2,A,S,0.15021771415048932,2.7755575615628914e-17,0.06491912309121207,4.501400558485258,True,1,0.02
revision_dfm_kalman_em,pseudo,2024:Q2:pre_second:pseudo,2024-08-31,pre_second,2024:Q2,A,T,0.15061122617571274,2.7755575615628914e-17,0.06491912309121207,4.501400558485258,True,1,0.02
revision_dfm_kalman_em,pseudo,2024:Q2:pre_second:pseudo,2024-08-31,pre_second,2024:Q2,M,A,0.15087356752586167,2.7755575615628914e-17,0.06491912309121207,4.501400558485258,True,1,0.02
revision_dfm_kalman_em,pseudo,2024:Q2:pre_second:pseudo,2024-08-31,pre_second,2024:Q2,M,M,4.418349274052922,2.7755575615628914e-17,0.06491912309121207,4.501400558485258,True,1,0.02
revision_dfm_kalman_em,pseudo,2024:Q2:pre_second:pseudo,2024-08-31,pre_second,2024:Q2,M,S,0.3695869858820588,2.7755575615628914e-17,0.06491912309121207,4.501400558485258,True,1,0.02
revision_dfm_kalman_em,pseudo,2024:Q2:pre_second:pseudo,2024-08-31,pre_second,2024:Q2,M,T,0.37649372540909665,2.7755575615628914e-17,0.06491912309121207,4.501400558485258,True,1,0.02
revision_dfm_kalman_em,pseudo,2024:Q2:pre_second:pseudo,2024-08-31,pre_second,2024:Q2,S,A,0.15021771415048932,2.7755575615628914e-17,0.06491912309121207,4.501400558485258,True,1,0.02
revision_dfm_kalman_em,pseudo,2024:Q2:pre_second:pseudo,2024-08-31,pre_second,2024:Q2,S,M,0.3695869858820588,2.7755575615628914e-17,0.06491912309121207,4.501400558485258,True,1,0.02
revision_dfm_kalman_em,pseudo,2024:Q2:pre_second:pseudo,2024-08-31,pre_second,2024:Q2,S,S,0.3826617706907097,2.7755575615628914e-17,0.06491912309121207,4.501400558485258,True,1,0.02
revision_dfm_kalman_em,pseudo,2024:Q2:pre_second:pseudo,2024-08-31,pre_second,2024:Q2,S,T,0.3651996004474274,2.7755575615628914e-17,0.06491912309121207,4.501400558485258,True,1,0.02
revision_dfm_kalman_em,pseudo,2024:Q2:pre_second:pseudo,2024-08-31,pre_second,2024:Q2,T,A,0.15061122617571276,2.7755575615628914e-17,0.06491912309121207,4.501400558485258,True,1,0.02
revision_dfm_kalman_em,pseudo,2024:Q2:pre_second:pseudo,2024-08-31,pre_second,2024:Q2,T,M,0.37649372540909665,2.7755575615628914e-17,0.06491912309121207,4.501400558485258,True,1,0.02
revision_dfm_kalman_em,pseudo,2024:Q2:pre_second:pseudo,2024-08-31,pre_second,2024:Q2,T,S,0.3651996004474274,2.7755575615628914e-17,0.06491912309121207,4.501400558485258,True,1,0.02
revision_dfm_kalman_em,pseudo,2024:Q2:pre_second:pseudo,2024-08-31,pre_second,2024:Q2,T,T,0.48866103479202294,2.7755575615628914e-17,0.06491912309121207,4.501400558485258,True,1,0.02
indicator_revision_only_dfm_kalman_em,exact,2024:Q2:pre_third:exact,2024-09-25,pre_third,2024:Q2,A,A,0.40382605493939716,0.0,0.03182464708682856,4.056288181582957,True,1,0.02
indicator_revision_only_dfm_kalman_em,exact,2024:Q2:pre_third:exact,2024-09-25,pre_third,2024:Q2,A,M,0.017089188340308238,0.0,0.03182464708682856,4.056288181582957,True,1,0.02
indicator_revision_only_dfm_kalman_em,exact,2024:Q2:pre_third:exact,2024-09-25,pre_third,2024:Q2,A,S,0.017089188340308238,0.0,0.03182464708682856,4.056288181582957,True,1,0.02
indicator_revision_only_dfm_kalman_em,exact,2024:Q2:pre_third:exact,2024-09-25,pre_third,2024:Q2,A,T,0.017089188340308238,0.0,0.03182464708682856,4.056288181582957,True,1,0.02
indicator_revision_only_dfm_kalman_em,exact,2024:Q2:pre_third:exact,2024-09-25,pre_third,2024:Q2,M,A,0.017089188340308238,0.0,0.03182464708682856,4.056288181582957,True,1,0.02
indicator_revision_only_dfm_kalman_em,exact,2024:Q2:pre_third:exact,2024-09-25,pre_third,2024:Q2,M,M,4.0560589553027775,0.0,0.03182464708682856,4.056288181582957,True,1,0.02
indicator_revision_only_dfm_kalman_em,exact,2024:Q2:pre_third:exact,2024-09-25,pre_third,2024:Q2,M,S,0.017089188340308238,0.0,0.03182464708682856,4.056288181582957,True,1,0.02
indicator_revision_only_dfm_kalman_em,exact,2024:Q2:pre_third:exact,2024-09-25,pre_third,2024:Q2,M,T,0.017089188340308238,0.0,0.03182464708682856,4.056288181582957,True,1,0.02
indicator_revision_only_dfm_kalman_em,exact,2024:Q2:pre_third:exact,2024-09-25,pre_third,2024:Q2,S,A,0.017089188340308238,0.0,0.03182464708682856,4.056288181582957,True,1,0.02
indicator_revision_only_dfm_kalman_em,exact,2024:Q2:pre_third:exact,2024-09-25,pre_third,2024:Q2,S,M,0.017089188340308238,0.0,0.03182464708682856,4.056288181582957,True,1,0.02
indicator_revision_only_dfm_kalman_em,exact,2024:Q2:pre_third:exact,2024-09-25,pre_third,2024:Q2,S,S,0.035081486225835415,0.0,0.03182464708682856,4.056288181582957,True,1,0.02
indicator_revision_only_dfm_kalman_em,exact,2024:Q2:pre_third:exact,2024-09-25,pre_third,2024:Q2,S,T,0.017089188340308238,0.0,0.03182464708682856,4.056288181582957,True,1,0.02
indicator_revision_only_dfm_kalman_em,exact,2024:Q2:pre_third:exact,2024-09-25,pre_third,2024:Q2,T,A,0.017089188340308238,0.0,0.03182464708682856,4.056288181582957,True,1,0.02
indicator_revision_only_dfm_kalman_em,exact,2024:Q2:pre_third:exact,2024-09-25,pre_third,2024:Q2,T,M,0.017089188340308238,0.0,0.03182464708682856,4.056288181582957,True,1,0.02
indicator_revision_only_dfm_kalman_em,exact,2024:Q2:pre_third:exact,2024-09-25,pre_third,2024:Q2,T,S,0.017089188340308238,0.0,0.03182464708682856,4.056288181582957,True,1,0.02
indicator_revision_only_dfm_kalman_em,exact,2024:Q2:pre_third:exact,2024-09-25,pre_third,2024:Q2,T,T,0.14227913321293148,0.0,0.03182464708682856,4.056288181582957,True,1,0.02
joint_indicator_revision_dfm_full_kalman_em,exact,2024:Q2:pre_third:exact,2024-09-25,pre_third,2024:Q2,A,A,0.21328580840634978,1.734723475976807e-18,0.03699807188646919,4.063945478817484,True,1,0.02
joint_indicator_revision_dfm_full_kalman_em,exact,2024:Q2:pre_third:exact,2024-09-25,pre_third,2024:Q2,A,M,0.00568844294614173,1.734723475976807e-18,0.03699807188646919,4.063945478817484,True,1,0.02
joint_indicator_revision_dfm_full_kalman_em,exact,2024:Q2:pre_third:exact,2024-09-25,pre_third,2024:Q2,A,S,0.008972270978616,1.734723475976807e-18,0.03699807188646919,4.063945478817484,True,1,0.02
joint_indicator_revision_dfm_full_kalman_em,exact,2024:Q2:pre_third:exact,2024-09-25,pre_third,2024:Q2,A,T,0.007001974159131438,1.734723475976807e-18,0.03699807188646919,4.063945478817484,True,1,0.02
joint_indicator_revision_dfm_full_kalman_em,exact,2024:Q2:pre_third:exact,2024-09-25,pre_third,2024:Q2,M,A,0.00568844294614173,1.734723475976807e-18,0.03699807188646919,4.063945478817484,True,1,0.02
joint_indicator_revision_dfm_full_kalman_em,exact,2024:Q2:pre_third:exact,2024-09-25,pre_third,2024:Q2,M,M,4.06371547545773,1.734723475976807e-18,0.03699807188646919,4.063945478817484,True,1,0.02
joint_indicator_revision_dfm_full_kalman_em,exact,2024:Q2:pre_third:exact,2024-09-25,pre_third,2024:Q2,M,S,0.020674087996855113,1.734723475976807e-18,0.03699807188646919,4.063945478817484,True,1,0.02
joint_indicator_revision_dfm_full_kalman_em,exact,2024:Q2:pre_third:exact,2024-09-25,pre_third,2024:Q2,M,T,0.02114731889319343,1.734723475976807e-18,0.03699807188646919,4.063945478817484,True,1,0.02
joint_indicator_revision_dfm_full_kalman_em,exact,2024:Q2:pre_third:exact,2024-09-25,pre_third,2024:Q2,S,A,0.008972270978616002,1.734723475976807e-18,0.03699807188646919,4.063945478817484,True,1,0.02
joint_indicator_revision_dfm_full_kalman_em,exact,2024:Q2:pre_third:exact,2024-09-25,pre_third,2024:Q2,S,M,0.020674087996855113,1.734723475976807e-18,0.03699807188646919,4.063945478817484,True,1,0.02
joint_indicator_revision_dfm_full_kalman_em,exact,2024:Q2:pre_third:exact,2024-09-25,pre_third,2024:Q2,S,S,0.041467734669850896,1.734723475976807e-18,0.03699807188646919,4.063945478817484,True,1,0.02
joint_indicator_revision_dfm_full_kalman_em,exact,2024:Q2:pre_third:exact,2024-09-25,pre_third,2024:Q2,S,T,0.020440051656490328,1.734723475976807e-18,0.03699807188646919,4.063945478817484,True,1,0.02
joint_indicator_revision_dfm_full_kalman_em,exact,2024:Q2:pre_third:exact,2024-09-25,pre_third,2024:Q2,T,A,0.00700197415913144,1.734723475976807e-18,0.03699807188646919,4.063945478817484,True,1,0.02
joint_indicator_revision_dfm_full_kalman_em,exact,2024:Q2:pre_third:exact,2024-09-25,pre_third,2024:Q2,T,M,0.02114731889319343,1.734723475976807e-18,0.03699807188646919,4.063945478817484,True,1,0.02
joint_indicator_revision_dfm_full_kalman_em,exact,2024:Q2:pre_third:exact,2024-09-25,pre_third,2024:Q2,T,S,0.020440051656490328,1.734723475976807e-18,0.03699807188646919,4.063945478817484,True,1,0.02
joint_indicator_revision_dfm_full_kalman_em,exact,2024:Q2:pre_third:exact,2024-09-25,pre_third,2024:Q2,T,T,0.13946416601607398,1.734723475976807e-18,0.03699807188646919,4.063945478817484,True,1,0.02
monthly_mixed_frequency_kalman_em,exact,2024:Q2:pre_third:exact,2024-09-25,pre_third,2024:Q2,A,A,0.3002475458938765,0.0,0.05753491720927773,4.235470779343016,True,1,0.02
monthly_mixed_frequency_kalman_em,exact,2024:Q2:pre_third:exact,2024-09-25,pre_third,2024:Q2,A,M,-0.040134845537573696,0.0,0.05753491720927773,4.235470779343016,True,1,0.02
monthly_mixed_frequency_kalman_em,exact,2024:Q2:pre_third:exact,2024-09-25,pre_third,2024:Q2,A,S,0.029845874650428785,0.0,0.05753491720927773,4.235470779343016,True,1,0.02
monthly_mixed_frequency_kalman_em,exact,2024:Q2:pre_third:exact,2024-09-25,pre_third,2024:Q2,A,T,-0.00832542727029984,0.0,0.05753491720927773,4.235470779343016,True,1,0.02
monthly_mixed_frequency_kalman_em,exact,2024:Q2:pre_third:exact,2024-09-25,pre_third,2024:Q2,M,A,-0.040134845537573696,0.0,0.05753491720927773,4.235470779343016,True,1,0.02
monthly_mixed_frequency_kalman_em,exact,2024:Q2:pre_third:exact,2024-09-25,pre_third,2024:Q2,M,M,4.23003032087882,0.0,0.05753491720927773,4.235470779343016,True,1,0.02
monthly_mixed_frequency_kalman_em,exact,2024:Q2:pre_third:exact,2024-09-25,pre_third,2024:Q2,M,S,0.06140388179854482,0.0,0.05753491720927773,4.235470779343016,True,1,0.02
monthly_mixed_frequency_kalman_em,exact,2024:Q2:pre_third:exact,2024-09-25,pre_third,2024:Q2,M,T,0.12909636668929053,0.0,0.05753491720927773,4.235470779343016,True,1,0.02
monthly_mixed_frequency_kalman_em,exact,2024:Q2:pre_third:exact,2024-09-25,pre_third,2024:Q2,S,A,0.029845874650428785,0.0,0.05753491720927773,4.235470779343016,True,1,0.02
monthly_mixed_frequency_kalman_em,exact,2024:Q2:pre_third:exact,2024-09-25,pre_third,2024:Q2,S,M,0.06140388179854482,0.0,0.05753491720927773,4.235470779343016,True,1,0.02
monthly_mixed_frequency_kalman_em,exact,2024:Q2:pre_third:exact,2024-09-25,pre_third,2024:Q2,S,S,0.0958074073956082,0.0,0.05753491720927773,4.235470779343016,True,1,0.02
monthly_mixed_frequency_kalman_em,exact,2024:Q2:pre_third:exact,2024-09-25,pre_third,2024:Q2,S,T,0.05351438001151582,0.0,0.05753491720927773,4.235470779343016,True,1,0.02
monthly_mixed_frequency_kalman_em,exact,2024:Q2:pre_third:exact,2024-09-25,pre_third,2024:Q2,T,A,-0.00832542727029984,0.0,0.05753491720927773,4.235470779343016,True,1,0.02
monthly_mixed_frequency_kalman_em,exact,2024:Q2:pre_third:exact,2024-09-25,pre_third,2024:Q2,T,M,0.12909636668929053,0.0,0.05753491720927773,4.235470779343016,True,1,0.02
monthly_mixed_frequency_kalman_em,exact,2024:Q2:pre_third:exact,2024-09-25,pre_third,2024:Q2,T,S,0.05351438001151582,0.0,0.05753491720927773,4.235470779343016,True,1,0.02
monthly_mixed_frequency_kalman_em,exact,2024:Q2:pre_third:exact,2024-09-25,pre_third,2024:Q2,T,T,0.14391290439210666,0.0,0.05753491720927773,4.235470779343016,True,1,0.02
revision_dfm_kalman_em,exact,2024:Q2:pre_third:exact,2024-09-25,pre_third,2024:Q2,A,A,0.22268799887158086,8.673617379884035e-19,0.04078834667730693,4.061636252959561,True,1,0.02
revision_dfm_kalman_em,exact,2024:Q2:pre_third:exact,2024-09-25,pre_third,2024:Q2,A,M,0.005787385552039353,8.673617379884035e-19,0.04078834667730693,4.061636252959561,True,1,0.02
revision_dfm_kalman_em,exact,2024:Q2:pre_third:exact,2024-09-25,pre_third,2024:Q2,A,S,0.00941967841203392,8.673617379884035e-19,0.04078834667730693,4.061636252959561,True,1,0.02
revision_dfm_kalman_em,exact,2024:Q2:pre_third:exact,2024-09-25,pre_third,2024:Q2,A,T,0.007240302696037181,8.673617379884035e-19,0.04078834667730693,4.061636252959561,True,1,0.02
revision_dfm_kalman_em,exact,2024:Q2:pre_third:exact,2024-09-25,pre_third,2024:Q2,M,A,0.005787385552039353,8.673617379884035e-19,0.04078834667730693,4.061636252959561,True,1,0.02
revision_dfm_kalman_em,exact,2024:Q2:pre_third:exact,2024-09-25,pre_third,2024:Q2,M,M,4.061348523607011,8.673617379884035e-19,0.04078834667730693,4.061636252959561,True,1,0.02
revision_dfm_kalman_em,exact,2024:Q2:pre_third:exact,2024-09-25,pre_third,2024:Q2,M,S,0.023167071858028427,8.673617379884035e-19,0.04078834667730693,4.061636252959561,True,1,0.02
revision_dfm_kalman_em,exact,2024:Q2:pre_third:exact,2024-09-25,pre_third,2024:Q2,M,T,0.023715904057164925,8.673617379884035e-19,0.04078834667730693,4.061636252959561,True,1,0.02
revision_dfm_kalman_em,exact,2024:Q2:pre_third:exact,2024-09-25,pre_third,2024:Q2,S,A,0.00941967841203392,8.673617379884035e-19,0.04078834667730693,4.061636252959561,True,1,0.02
revision_dfm_kalman_em,exact,2024:Q2:pre_third:exact,2024-09-25,pre_third,2024:Q2,S,M,0.023167071858028427,8.673617379884035e-19,0.04078834667730693,4.061636252959561,True,1,0.02
revision_dfm_kalman_em,exact,2024:Q2:pre_third:exact,2024-09-25,pre_third,2024:Q2,S,S,0.04647073376032896,8.673617379884035e-19,0.04078834667730693,4.061636252959561,True,1,0.02
revision_dfm_kalman_em,exact,2024:Q2:pre_third:exact,2024-09-25,pre_third,2024:Q2,S,T,0.02289212398910854,8.673617379884035e-19,0.04078834667730693,4.061636252959561,True,1,0.02
revision_dfm_kalman_em,exact,2024:Q2:pre_third:exact,2024-09-25,pre_third,2024:Q2,T,A,0.00724030269603718,8.673617379884035e-19,0.04078834667730693,4.061636252959561,True,1,0.02
revision_dfm_kalman_em,exact,2024:Q2:pre_third:exact,2024-09-25,pre_third,2024:Q2,T,M,0.023715904057164925,8.673617379884035e-19,0.04078834667730693,4.061636252959561,True,1,0.02
revision_dfm_kalman_em,exact,2024:Q2:pre_third:exact,2024-09-25,pre_third,2024:Q2,T,S,0.02289212398910854,8.673617379884035e-19,0.04078834667730693,4.061636252959561,True,1,0.02
revision_dfm_kalman_em,exact,2024:Q2:pre_third:exact,2024-09-25,pre_third,2024:Q2,T,T,0.14014224378139545,8.673617379884035e-19,0.04078834667730693,4.061636252959561,True,1,0.02
indicator_revision_only_dfm_kalman_em,pseudo,2024:Q2:pre_third:pseudo,2024-09-30,pre_third,2024:Q2,A,A,0.4038269405738633,0.0,0.03182549257392341,4.056282987463041,True,1,0.02
indicator_revision_only_dfm_kalman_em,pseudo,2024:Q2:pre_third:pseudo,2024-09-30,pre_third,2024:Q2,A,M,0.017089619772850395,0.0,0.03182549257392341,4.056282987463041,True,1,0.02
indicator_revision_only_dfm_kalman_em,pseudo,2024:Q2:pre_third:pseudo,2024-09-30,pre_third,2024:Q2,A,S,0.017089619772850395,0.0,0.03182549257392341,4.056282987463041,True,1,0.02
indicator_revision_only_dfm_kalman_em,pseudo,2024:Q2:pre_third:pseudo,2024-09-30,pre_third,2024:Q2,A,T,0.017089619772850395,0.0,0.03182549257392341,4.056282987463041,True,1,0.02
indicator_revision_only_dfm_kalman_em,pseudo,2024:Q2:pre_third:pseudo,2024-09-30,pre_third,2024:Q2,M,A,0.017089619772850395,0.0,0.03182549257392341,4.056282987463041,True,1,0.02
indicator_revision_only_dfm_kalman_em,pseudo,2024:Q2:pre_third:pseudo,2024-09-30,pre_third,2024:Q2,M,M,4.056053749208313,0.0,0.03182549257392341,4.056282987463041,True,1,0.02
indicator_revision_only_dfm_kalman_em,pseudo,2024:Q2:pre_third:pseudo,2024-09-30,pre_third,2024:Q2,M,S,0.017089619772850395,0.0,0.03182549257392341,4.056282987463041,True,1,0.02
indicator_revision_only_dfm_kalman_em,pseudo,2024:Q2:pre_third:pseudo,2024-09-30,pre_third,2024:Q2,M,T,0.017089619772850395,0.0,0.03182549257392341,4.056282987463041,True,1,0.02
indicator_revision_only_dfm_kalman_em,pseudo,2024:Q2:pre_third:pseudo,2024-09-30,pre_third,2024:Q2,S,A,0.017089619772850395,0.0,0.03182549257392341,4.056282987463041,True,1,0.02
indicator_revision_only_dfm_kalman_em,pseudo,2024:Q2:pre_third:pseudo,2024-09-30,pre_third,2024:Q2,S,M,0.017089619772850395,0.0,0.03182549257392341,4.056282987463041,True,1,0.02
indicator_revision_only_dfm_kalman_em,pseudo,2024:Q2:pre_third:pseudo,2024-09-30,pre_third,2024:Q2,S,S,0.035082511452243885,0.0,0.03182549257392341,4.056282987463041,True,1,0.02
indicator_revision_only_dfm_kalman_em,pseudo,2024:Q2:pre_third:pseudo,2024-09-30,pre_third,2024:Q2,S,T,0.017089619772850395,0.0,0.03182549257392341,4.056282987463041,True,1,0.02
indicator_revision_only_dfm_kalman_em,pseudo,2024:Q2:pre_third:pseudo,2024-09-30,pre_third,2024:Q2,T,A,0.017089619772850395,0.0,0.03182549257392341,4.056282987463041,True,1,0.02
indicator_revision_only_dfm_kalman_em,pseudo,2024:Q2:pre_third:pseudo,2024-09-30,pre_third,2024:Q2,T,M,0.017089619772850395,0.0,0.03182549257392341,4.056282987463041,True,1,0.02
indicator_revision_only_dfm_kalman_em,pseudo,2024:Q2:pre_third:pseudo,2024-09-30,pre_third,2024:Q2,T,S,0.017089619772850395,0.0,0.03182549257392341,4.056282987463041,True,1,0.02
indicator_revision_only_dfm_kalman_em,pseudo,2024:Q2:pre_third:pseudo,2024-09-30,pre_third,2024:Q2,T,T,0.14227903010857026,0.0,0.03182549257392341,4.056282987463041,True,1,0.02
joint_indicator_revision_dfm_full_kalman_em,pseudo,2024:Q2:pre_third:pseudo,2024-09-30,pre_third,2024:Q2,A,A,0.2129399168086579,1.734723475976807e-18,0.036981743057253116,4.063995575026722,True,1,0.02
joint_indicator_revision_dfm_full_kalman_em,pseudo,2024:Q2:pre_third:pseudo,2024-09-30,pre_third,2024:Q2,A,M,0.005654144903540262,1.734723475976807e-18,0.036981743057253116,4.063995575026722,True,1,0.02
joint_indicator_revision_dfm_full_kalman_em,pseudo,2024:Q2:pre_third:pseudo,2024-09-30,pre_third,2024:Q2,A,S,0.008940475692112084,1.734723475976807e-18,0.036981743057253116,4.063995575026722,True,1,0.02
joint_indicator_revision_dfm_full_kalman_em,pseudo,2024:Q2:pre_third:pseudo,2024-09-30,pre_third,2024:Q2,A,T,0.006968677218968991,1.734723475976807e-18,0.036981743057253116,4.063995575026722,True,1,0.02
joint_indicator_revision_dfm_full_kalman_em,pseudo,2024:Q2:pre_third:pseudo,2024-09-30,pre_third,2024:Q2,M,A,0.005654144903540262,1.734723475976807e-18,0.036981743057253116,4.063995575026722,True,1,0.02
joint_indicator_revision_dfm_full_kalman_em,pseudo,2024:Q2:pre_third:pseudo,2024-09-30,pre_third,2024:Q2,M,M,4.063765862589768,1.734723475976807e-18,0.036981743057253116,4.063995575026722,True,1,0.02
joint_indicator_revision_dfm_full_kalman_em,pseudo,2024:Q2:pre_third:pseudo,2024-09-30,pre_third,2024:Q2,M,S,0.020665059411433175,1.734723475976807e-18,0.036981743057253116,4.063995575026722,True,1,0.02
joint_indicator_revision_dfm_full_kalman_em,pseudo,2024:Q2:pre_third:pseudo,2024-09-30,pre_third,2024:Q2,M,T,0.02113908829062979,1.734723475976807e-18,0.036981743057253116,4.063995575026722,True,1,0.02
joint_indicator_revision_dfm_full_kalman_em,pseudo,2024:Q2:pre_third:pseudo,2024-09-30,pre_third,2024:Q2,S,A,0.008940475692112086,1.734723475976807e-18,0.036981743057253116,4.063995575026722,True,1,0.02
joint_indicator_revision_dfm_full_kalman_em,pseudo,2024:Q2:pre_third:pseudo,2024-09-30,pre_third,2024:Q2,S,M,0.020665059411433175,1.734723475976807e-18,0.036981743057253116,4.063995575026722,True,1,0.02
joint_indicator_revision_dfm_full_kalman_em,pseudo,2024:Q2:pre_third:pseudo,2024-09-30,pre_third,2024:Q2,S,S,0.04144550425757588,1.734723475976807e-18,0.036981743057253116,4.063995575026722,True,1,0.02
joint_indicator_revision_dfm_full_kalman_em,pseudo,2024:Q2:pre_third:pseudo,2024-09-30,pre_third,2024:Q2,S,T,0.020430567737046754,1.734723475976807e-18,0.036981743057253116,4.063995575026722,True,1,0.02
joint_indicator_revision_dfm_full_kalman_em,pseudo,2024:Q2:pre_third:pseudo,2024-09-30,pre_third,2024:Q2,T,A,0.006968677218968992,1.734723475976807e-18,0.036981743057253116,4.063995575026722,True,1,0.02
joint_indicator_revision_dfm_full_kalman_em,pseudo,2024:Q2:pre_third:pseudo,2024-09-30,pre_third,2024:Q2,T,M,0.02113908829062979,1.734723475976807e-18,0.036981743057253116,4.063995575026722,True,1,0.02
joint_indicator_revision_dfm_full_kalman_em,pseudo,2024:Q2:pre_third:pseudo,2024-09-30,pre_third,2024:Q2,T,S,0.020430567737046754,1.734723475976807e-18,0.036981743057253116,4.063995575026722,True,1,0.02
joint_indicator_revision_dfm_full_kalman_em,pseudo,2024:Q2:pre_third:pseudo,2024-09-30,pre_third,2024:Q2,T,T,0.1394629169217282,1.734723475976807e-18,0.036981743057253116,4.063995575026722,True,1,0.02
monthly_mixed_frequency_kalman_em,pseudo,2024:Q2:pre_third:pseudo,2024-09-30,pre_third,2024:Q2,A,A,0.3002457246077155,0.0,0.05753512956046018,4.235506557060572,True,1,0.02
monthly_mixed_frequency_kalman_em,pseudo,2024:Q2:pre_third:pseudo,2024-09-30,pre_third,2024:Q2,A,M,-0.04013973363583269,0.0,0.05753512956046018,4.235506557060572,True,1,0.02
monthly_mixed_frequency_kalman_em,pseudo,2024:Q2:pre_third:pseudo,2024-09-30,pre_third,2024:Q2,A,S,0.029845047166495164,0.0,0.05753512956046018,4.235506557060572,True,1,0.02
monthly_mixed_frequency_kalman_em,pseudo,2024:Q2:pre_third:pseudo,2024-09-30,pre_third,2024:Q2,A,T,-0.008328469634774587,0.0,0.05753512956046018,4.235506557060572,True,1,0.02
monthly_mixed_frequency_kalman_em,pseudo,2024:Q2:pre_third:pseudo,2024-09-30,pre_third,2024:Q2,M,A,-0.04013973363583269,0.0,0.05753512956046018,4.235506557060572,True,1,0.02
monthly_mixed_frequency_kalman_em,pseudo,2024:Q2:pre_third:pseudo,2024-09-30,pre_third,2024:Q2,M,M,4.230065279612097,0.0,0.05753512956046018,4.235506557060572,True,1,0.02
monthly_mixed_frequency_kalman_em,pseudo,2024:Q2:pre_third:pseudo,2024-09-30,pre_third,2024:Q2,M,S,0.061407933761784654,0.0,0.05753512956046018,4.235506557060572,True,1,0.02
monthly_mixed_frequency_kalman_em,pseudo,2024:Q2:pre_third:pseudo,2024-09-30,pre_third,2024:Q2,M,T,0.12910637869352956,0.0,0.05753512956046018,4.235506557060572,True,1,0.02
monthly_mixed_frequency_kalman_em,pseudo,2024:Q2:pre_third:pseudo,2024-09-30,pre_third,2024:Q2,S,A,0.029845047166495164,0.0,0.05753512956046018,4.235506557060572,True,1,0.02
monthly_mixed_frequency_kalman_em,pseudo,2024:Q2:pre_third:pseudo,2024-09-30,pre_third,2024:Q2,S,M,0.061407933761784654,0.0,0.05753512956046018,4.235506557060572,True,1,0.02
monthly_mixed_frequency_kalman_em,pseudo,2024:Q2:pre_third:pseudo,2024-09-30,pre_third,2024:Q2,S,S,0.09581041701601258,0.0,0.05753512956046018,4.235506557060572,True,1,0.02
monthly_mixed_frequency_kalman_em,pseudo,2024:Q2:pre_third:pseudo,2024-09-30,pre_third,2024:Q2,S,T,0.05351721211296227,0.0,0.05753512956046018,4.235506557060572,True,1,0.02
monthly_mixed_frequency_kalman_em,pseudo,2024:Q2:pre_third:pseudo,2024-09-30,pre_third,2024:Q2,T,A,-0.008328469634774587,0.0,0.05753512956046018,4.235506557060572,True,1,0.02
monthly_mixed_frequency_kalman_em,pseudo,2024:Q2:pre_third:pseudo,2024-09-30,pre_third,2024:Q2,T,M,0.12910637869352956,0.0,0.05753512956046018,4.235506557060572,True,1,0.02
monthly_mixed_frequency_kalman_em,pseudo,2024:Q2:pre_third:pseudo,2024-09-30,pre_third,2024:Q2,T,S,0.05351721211296227,0.0,0.05753512956046018,4.235506557060572,True,1,0.02
monthly_mixed_frequency_kalman_em,pseudo,2024:Q2:pre_third:pseudo,2024-09-30,pre_third,2024:Q2,T,T,0.14391605082308861,0.0,0.05753512956046018,4.235506557060572,True,1,0.02
revision_dfm_kalman_em,pseudo,2024:Q2:pre_third:pseudo,2024-09-30,pre_third,2024:Q2,A,A,0.22261446444014496,3.469446951953614e-18,0.040795147522714605,4.061662642869927,True,1,0.02
revision_dfm_kalman_em,pseudo,2024:Q2:pre_third:pseudo,2024-09-30,pre_third,2024:Q2,A,M,0.005785380855485116,3.469446951953614e-18,0.040795147522714605,4.061662642869927,True,1,0.02
revision_dfm_kalman_em,pseudo,2024:Q2:pre_third:pseudo,2024-09-30,pre_third,2024:Q2,A,S,0.009416927414393348,3.469446951953614e-18,0.040795147522714605,4.061662642869927,True,1,0.02
revision_dfm_kalman_em,pseudo,2024:Q2:pre_third:pseudo,2024-09-30,pre_third,2024:Q2,A,T,0.007237999479048409,3.469446951953614e-18,0.040795147522714605,4.061662642869927,True,1,0.02
revision_dfm_kalman_em,pseudo,2024:Q2:pre_third:pseudo,2024-09-30,pre_third,2024:Q2,M,A,0.005785380855485116,3.469446951953614e-18,0.040795147522714605,4.061662642869927,True,1,0.02
revision_dfm_kalman_em,pseudo,2024:Q2:pre_third:pseudo,2024-09-30,pre_third,2024:Q2,M,M,4.061374799399691,3.469446951953614e-18,0.040795147522714605,4.061662642869927,True,1,0.02
revision_dfm_kalman_em,pseudo,2024:Q2:pre_third:pseudo,2024-09-30,pre_third,2024:Q2,M,S,0.02317208339438265,3.469446951953614e-18,0.040795147522714605,4.061662642869927,True,1,0.02
revision_dfm_kalman_em,pseudo,2024:Q2:pre_third:pseudo,2024-09-30,pre_third,2024:Q2,M,T,0.02372113715876889,3.469446951953614e-18,0.040795147522714605,4.061662642869927,True,1,0.02
revision_dfm_kalman_em,pseudo,2024:Q2:pre_third:pseudo,2024-09-30,pre_third,2024:Q2,S,A,0.009416927414393352,3.469446951953614e-18,0.040795147522714605,4.061662642869927,True,1,0.02
revision_dfm_kalman_em,pseudo,2024:Q2:pre_third:pseudo,2024-09-30,pre_third,2024:Q2,S,M,0.02317208339438265,3.469446951953614e-18,0.040795147522714605,4.061662642869927,True,1,0.02
revision_dfm_kalman_em,pseudo,2024:Q2:pre_third:pseudo,2024-09-30,pre_third,2024:Q2,S,S,0.04648022913937045,3.469446951953614e-18,0.040795147522714605,4.061662642869927,True,1,0.02
revision_dfm_kalman_em,pseudo,2024:Q2:pre_third:pseudo,2024-09-30,pre_third,2024:Q2,S,T,0.022896980274782864,3.469446951953614e-18,0.040795147522714605,4.061662642869927,True,1,0.02
revision_dfm_kalman_em,pseudo,2024:Q2:pre_third:pseudo,2024-09-30,pre_third,2024:Q2,T,A,0.007237999479048411,3.469446951953614e-18,0.040795147522714605,4.061662642869927,True,1,0.02
revision_dfm_kalman_em,pseudo,2024:Q2:pre_third:pseudo,2024-09-30,pre_third,2024:Q2,T,M,0.02372113715876889,3.469446951953614e-18,0.040795147522714605,4.061662642869927,True,1,0.02
revision_dfm_kalman_em,pseudo,2024:Q2:pre_third:pseudo,2024-09-30,pre_third,2024:Q2,T,S,0.022896980274782867,3.469446951953614e-18,0.040795147522714605,4.061662642869927,True,1,0.02
revision_dfm_kalman_em,pseudo,2024:Q2:pre_third:pseudo,2024-09-30,pre_third,2024:Q2,T,T,0.14013914606857247,3.469446951953614e-18,0.040795147522714605,4.061662642869927,True,1,0.02
indicator_revision_only_dfm_kalman_em,exact,2024:Q3:pre_advance:exact,2024-10-29,pre_advance,2024:Q3,A,A,4.237225622167222,0.0,0.06542927091717686,16.74230964038314,True,1,0.02
indicator_revision_only_dfm_kalman_em,exact,2024:Q3:pre_advance:exact,2024-10-29,pre_advance,2024:Q3,A,M,3.849191269469401,0.0,0.06542927091717686,16.74230964038314,True,1,0.02
indicator_revision_only_dfm_kalman_em,exact,2024:Q3:pre_advance:exact,2024-10-29,pre_advance,2024:Q3,A,S,3.849191269469401,0.0,0.06542927091717686,16.74230964038314,True,1,0.02
indicator_revision_only_dfm_kalman_em,exact,2024:Q3:pre_advance:exact,2024-10-29,pre_advance,2024:Q3,A,T,3.849191269469401,0.0,0.06542927091717686,16.74230964038314,True,1,0.02
indicator_revision_only_dfm_kalman_em,exact,2024:Q3:pre_advance:exact,2024-10-29,pre_advance,2024:Q3,M,A,3.849191269469401,0.0,0.06542927091717686,16.74230964038314,True,1,0.02
indicator_revision_only_dfm_kalman_em,exact,2024:Q3:pre_advance:exact,2024-10-29,pre_advance,2024:Q3,M,M,7.881972610418401,0.0,0.06542927091717686,16.74230964038314,True,1,0.02
indicator_revision_only_dfm_kalman_em,exact,2024:Q3:pre_advance:exact,2024-10-29,pre_advance,2024:Q3,M,S,3.849191269469401,0.0,0.06542927091717686,16.74230964038314,True,1,0.02
indicator_revision_only_dfm_kalman_em,exact,2024:Q3:pre_advance:exact,2024-10-29,pre_advance,2024:Q3,M,T,3.849191269469401,0.0,0.06542927091717686,16.74230964038314,True,1,0.02
indicator_revision_only_dfm_kalman_em,exact,2024:Q3:pre_advance:exact,2024-10-29,pre_advance,2024:Q3,S,A,3.849191269469401,0.0,0.06542927091717686,16.74230964038314,True,1,0.02
indicator_revision_only_dfm_kalman_em,exact,2024:Q3:pre_advance:exact,2024-10-29,pre_advance,2024:Q3,S,M,3.849191269469401,0.0,0.06542927091717686,16.74230964038314,True,1,0.02
indicator_revision_only_dfm_kalman_em,exact,2024:Q3:pre_advance:exact,2024-10-29,pre_advance,2024:Q3,S,S,3.864540081673504,0.0,0.06542927091717686,16.74230964038314,True,1,0.02
indicator_revision_only_dfm_kalman_em,exact,2024:Q3:pre_advance:exact,2024-10-29,pre_advance,2024:Q3,S,T,3.849191269469401,0.0,0.06542927091717686,16.74230964038314,True,1,0.02
indicator_revision_only_dfm_kalman_em,exact,2024:Q3:pre_advance:exact,2024-10-29,pre_advance,2024:Q3,T,A,3.849191269469401,0.0,0.06542927091717686,16.74230964038314,True,1,0.02
indicator_revision_only_dfm_kalman_em,exact,2024:Q3:pre_advance:exact,2024-10-29,pre_advance,2024:Q3,T,M,3.849191269469401,0.0,0.06542927091717686,16.74230964038314,True,1,0.02
indicator_revision_only_dfm_kalman_em,exact,2024:Q3:pre_advance:exact,2024-10-29,pre_advance,2024:Q3,T,S,3.849191269469401,0.0,0.06542927091717686,16.74230964038314,True,1,0.02
indicator_revision_only_dfm_kalman_em,exact,2024:Q3:pre_advance:exact,2024-10-29,pre_advance,2024:Q3,T,T,3.9757592453956283,0.0,0.06542927091717686,16.74230964038314,True,1,0.02
joint_indicator_revision_dfm_full_kalman_em,exact,2024:Q3:pre_advance:exact,2024-10-29,pre_advance,2024:Q3,A,A,2.9958746469388435,4.440892098500626e-16,0.06353015543700384,15.776346123082318,True,1,0.02
joint_indicator_revision_dfm_full_kalman_em,exact,2024:Q3:pre_advance:exact,2024-10-29,pre_advance,2024:Q3,A,M,3.263719760646905,4.440892098500626e-16,0.06353015543700384,15.776346123082318,True,1,0.02
joint_indicator_revision_dfm_full_kalman_em,exact,2024:Q3:pre_advance:exact,2024-10-29,pre_advance,2024:Q3,A,S,3.241062520689736,4.440892098500626e-16,0.06353015543700384,15.776346123082318,True,1,0.02
joint_indicator_revision_dfm_full_kalman_em,exact,2024:Q3:pre_advance:exact,2024-10-29,pre_advance,2024:Q3,A,T,3.2546568646640375,4.440892098500626e-16,0.06353015543700384,15.776346123082318,True,1,0.02
joint_indicator_revision_dfm_full_kalman_em,exact,2024:Q3:pre_advance:exact,2024-10-29,pre_advance,2024:Q3,M,A,3.263719760646905,4.440892098500626e-16,0.06353015543700384,15.776346123082318,True,1,0.02
joint_indicator_revision_dfm_full_kalman_em,exact,2024:Q3:pre_advance:exact,2024-10-29,pre_advance,2024:Q3,M,M,7.94171186836603,4.440892098500626e-16,0.06353015543700384,15.776346123082318,True,1,0.02
joint_indicator_revision_dfm_full_kalman_em,exact,2024:Q3:pre_advance:exact,2024-10-29,pre_advance,2024:Q3,M,S,3.871290996877557,4.440892098500626e-16,0.06353015543700384,15.776346123082318,True,1,0.02
joint_indicator_revision_dfm_full_kalman_em,exact,2024:Q3:pre_advance:exact,2024-10-29,pre_advance,2024:Q3,M,T,3.8904774569690512,4.440892098500626e-16,0.06353015543700384,15.776346123082318,True,1,0.02
joint_indicator_revision_dfm_full_kalman_em,exact,2024:Q3:pre_advance:exact,2024-10-29,pre_advance,2024:Q3,S,A,3.2410625206897365,4.440892098500626e-16,0.06353015543700384,15.776346123082318,True,1,0.02
joint_indicator_revision_dfm_full_kalman_em,exact,2024:Q3:pre_advance:exact,2024-10-29,pre_advance,2024:Q3,S,M,3.871290996877557,4.440892098500626e-16,0.06353015543700384,15.776346123082318,True,1,0.02
joint_indicator_revision_dfm_full_kalman_em,exact,2024:Q3:pre_advance:exact,2024-10-29,pre_advance,2024:Q3,S,S,3.857831124791874,4.440892098500626e-16,0.06353015543700384,15.776346123082318,True,1,0.02
joint_indicator_revision_dfm_full_kalman_em,exact,2024:Q3:pre_advance:exact,2024-10-29,pre_advance,2024:Q3,S,T,3.8586864273538004,4.440892098500626e-16,0.06353015543700384,15.776346123082318,True,1,0.02
joint_indicator_revision_dfm_full_kalman_em,exact,2024:Q3:pre_advance:exact,2024-10-29,pre_advance,2024:Q3,T,A,3.2546568646640375,4.440892098500626e-16,0.06353015543700384,15.776346123082318,True,1,0.02
joint_indicator_revision_dfm_full_kalman_em,exact,2024:Q3:pre_advance:exact,2024-10-29,pre_advance,2024:Q3,T,M,3.8904774569690512,4.440892098500626e-16,0.06353015543700384,15.776346123082318,True,1,0.02
joint_indicator_revision_dfm_full_kalman_em,exact,2024:Q3:pre_advance:exact,2024-10-29,pre_advance,2024:Q3,T,S,3.8586864273538004,4.440892098500626e-16,0.06353015543700384,15.776346123082318,True,1,0.02
joint_indicator_revision_dfm_full_kalman_em,exact,2024:Q3:pre_advance:exact,2024-10-29,pre_advance,2024:Q3,T,T,3.99899759404895,4.440892098500626e-16,0.06353015543700384,15.776346123082318,True,1,0.02
monthly_mixed_frequency_kalman_em,exact,2024:Q3:pre_advance:exact,2024-10-29,pre_advance,2024:Q3,A,A,4.476113283856048,0.0,0.06060646833797471,18.61330771538359,True,1,0.02
monthly_mixed_frequency_kalman_em,exact,2024:Q3:pre_advance:exact,2024-10-29,pre_advance,2024:Q3,A,M,4.185228612578048,0.0,0.06060646833797471,18.61330771538359,True,1,0.02
monthly_mixed_frequency_kalman_em,exact,2024:Q3:pre_advance:exact,2024-10-29,pre_advance,2024:Q3,A,S,4.228444300233514,0.0,0.06060646833797471,18.61330771538359,True,1,0.02
monthly_mixed_frequency_kalman_em,exact,2024:Q3:pre_advance:exact,2024-10-29,pre_advance,2024:Q3,A,T,4.204872106966897,0.0,0.06060646833797471,18.61330771538359,True,1,0.02
monthly_mixed_frequency_kalman_em,exact,2024:Q3:pre_advance:exact,2024-10-29,pre_advance,2024:Q3,M,A,4.185228612578048,0.0,0.06060646833797471,18.61330771538359,True,1,0.02
monthly_mixed_frequency_kalman_em,exact,2024:Q3:pre_advance:exact,2024-10-29,pre_advance,2024:Q3,M,M,8.619449068720964,0.0,0.06060646833797471,18.61330771538359,True,1,0.02
monthly_mixed_frequency_kalman_em,exact,2024:Q3:pre_advance:exact,2024-10-29,pre_advance,2024:Q3,M,S,4.367092315454751,0.0,0.06060646833797471,18.61330771538359,True,1,0.02
monthly_mixed_frequency_kalman_em,exact,2024:Q3:pre_advance:exact,2024-10-29,pre_advance,2024:Q3,M,T,4.488334784039219,0.0,0.06060646833797471,18.61330771538359,True,1,0.02
monthly_mixed_frequency_kalman_em,exact,2024:Q3:pre_advance:exact,2024-10-29,pre_advance,2024:Q3,S,A,4.228444300233514,0.0,0.06060646833797471,18.61330771538359,True,1,0.02
monthly_mixed_frequency_kalman_em,exact,2024:Q3:pre_advance:exact,2024-10-29,pre_advance,2024:Q3,S,M,4.367092315454751,0.0,0.06060646833797471,18.61330771538359,True,1,0.02
monthly_mixed_frequency_kalman_em,exact,2024:Q3:pre_advance:exact,2024-10-29,pre_advance,2024:Q3,S,S,4.342468406863531,0.0,0.06060646833797471,18.61330771538359,True,1,0.02
monthly_mixed_frequency_kalman_em,exact,2024:Q3:pre_advance:exact,2024-10-29,pre_advance,2024:Q3,S,T,4.332430311649442,0.0,0.06060646833797471,18.61330771538359,True,1,0.02
monthly_mixed_frequency_kalman_em,exact,2024:Q3:pre_advance:exact,2024-10-29,pre_advance,2024:Q3,T,A,4.204872106966897,0.0,0.06060646833797471,18.61330771538359,True,1,0.02
monthly_mixed_frequency_kalman_em,exact,2024:Q3:pre_advance:exact,2024-10-29,pre_advance,2024:Q3,T,M,4.488334784039219,0.0,0.06060646833797471,18.61330771538359,True,1,0.02
monthly_mixed_frequency_kalman_em,exact,2024:Q3:pre_advance:exact,2024-10-29,pre_advance,2024:Q3,T,S,4.332430311649442,0.0,0.06060646833797471,18.61330771538359,True,1,0.02
monthly_mixed_frequency_kalman_em,exact,2024:Q3:pre_advance:exact,2024-10-29,pre_advance,2024:Q3,T,T,4.466967424539955,0.0,0.06060646833797471,18.61330771538359,True,1,0.02
revision_dfm_kalman_em,exact,2024:Q3:pre_advance:exact,2024-10-29,pre_advance,2024:Q3,A,A,2.919863947280813,4.440892098500626e-16,0.06518934986731213,14.620221294746518,True,1,0.02
revision_dfm_kalman_em,exact,2024:Q3:pre_advance:exact,2024-10-29,pre_advance,2024:Q3,A,M,3.0409909182075108,4.440892098500626e-16,0.06518934986731213,14.620221294746518,True,1,0.02
revision_dfm_kalman_em,exact,2024:Q3:pre_advance:exact,2024-10-29,pre_advance,2024:Q3,A,S,3.0277367463382476,4.440892098500626e-16,0.06518934986731213,14.620221294746518,True,1,0.02
revision_dfm_kalman_em,exact,2024:Q3:pre_advance:exact,2024-10-29,pre_advance,2024:Q3,A,T,3.035689249459806,4.440892098500626e-16,0.06518934986731213,14.620221294746518,True,1,0.02
revision_dfm_kalman_em,exact,2024:Q3:pre_advance:exact,2024-10-29,pre_advance,2024:Q3,M,A,3.0409909182075108,4.440892098500626e-16,0.06518934986731213,14.620221294746518,True,1,0.02
revision_dfm_kalman_em,exact,2024:Q3:pre_advance:exact,2024-10-29,pre_advance,2024:Q3,M,M,7.572152818744948,4.440892098500626e-16,0.06518934986731213,14.620221294746518,True,1,0.02
revision_dfm_kalman_em,exact,2024:Q3:pre_advance:exact,2024-10-29,pre_advance,2024:Q3,M,S,3.521255070249451,4.440892098500626e-16,0.06518934986731213,14.620221294746518,True,1,0.02
revision_dfm_kalman_em,exact,2024:Q3:pre_advance:exact,2024-10-29,pre_advance,2024:Q3,M,T,3.536421306629723,4.440892098500626e-16,0.06518934986731213,14.620221294746518,True,1,0.02
revision_dfm_kalman_em,exact,2024:Q3:pre_advance:exact,2024-10-29,pre_advance,2024:Q3,S,A,3.0277367463382476,4.440892098500626e-16,0.06518934986731213,14.620221294746518,True,1,0.02
revision_dfm_kalman_em,exact,2024:Q3:pre_advance:exact,2024-10-29,pre_advance,2024:Q3,S,M,3.521255070249451,4.440892098500626e-16,0.06518934986731213,14.620221294746518,True,1,0.02
revision_dfm_kalman_em,exact,2024:Q3:pre_advance:exact,2024-10-29,pre_advance,2024:Q3,S,S,3.520558824595719,4.440892098500626e-16,0.06518934986731213,14.620221294746518,True,1,0.02
revision_dfm_kalman_em,exact,2024:Q3:pre_advance:exact,2024-10-29,pre_advance,2024:Q3,S,T,3.511384703771227,4.440892098500626e-16,0.06518934986731213,14.620221294746518,True,1,0.02
revision_dfm_kalman_em,exact,2024:Q3:pre_advance:exact,2024-10-29,pre_advance,2024:Q3,T,A,3.0356892494598053,4.440892098500626e-16,0.06518934986731213,14.620221294746518,True,1,0.02
revision_dfm_kalman_em,exact,2024:Q3:pre_advance:exact,2024-10-29,pre_advance,2024:Q3,T,M,3.536421306629723,4.440892098500626e-16,0.06518934986731213,14.620221294746518,True,1,0.02
revision_dfm_kalman_em,exact,2024:Q3:pre_advance:exact,2024-10-29,pre_advance,2024:Q3,T,S,3.511384703771227,4.440892098500626e-16,0.06518934986731213,14.620221294746518,True,1,0.02
revision_dfm_kalman_em,exact,2024:Q3:pre_advance:exact,2024-10-29,pre_advance,2024:Q3,T,T,3.642551926396958,4.440892098500626e-16,0.06518934986731213,14.620221294746518,True,1,0.02
indicator_revision_only_dfm_kalman_em,pseudo,2024:Q3:pre_advance:pseudo,2024-10-31,pre_advance,2024:Q3,A,A,4.237356843872329,0.0,0.06542932902635036,16.742827714588735,True,1,0.02
indicator_revision_only_dfm_kalman_em,pseudo,2024:Q3:pre_advance:pseudo,2024-10-31,pre_advance,2024:Q3,A,M,3.849322732859332,0.0,0.06542932902635036,16.742827714588735,True,1,0.02
indicator_revision_only_dfm_kalman_em,pseudo,2024:Q3:pre_advance:pseudo,2024-10-31,pre_advance,2024:Q3,A,S,3.849322732859332,0.0,0.06542932902635036,16.742827714588735,True,1,0.02
indicator_revision_only_dfm_kalman_em,pseudo,2024:Q3:pre_advance:pseudo,2024-10-31,pre_advance,2024:Q3,A,T,3.849322732859332,0.0,0.06542932902635036,16.742827714588735,True,1,0.02
indicator_revision_only_dfm_kalman_em,pseudo,2024:Q3:pre_advance:pseudo,2024-10-31,pre_advance,2024:Q3,M,A,3.849322732859332,0.0,0.06542932902635036,16.742827714588735,True,1,0.02
indicator_revision_only_dfm_kalman_em,pseudo,2024:Q3:pre_advance:pseudo,2024-10-31,pre_advance,2024:Q3,M,M,7.882104106969437,0.0,0.06542932902635036,16.742827714588735,True,1,0.02
indicator_revision_only_dfm_kalman_em,pseudo,2024:Q3:pre_advance:pseudo,2024-10-31,pre_advance,2024:Q3,M,S,3.849322732859332,0.0,0.06542932902635036,16.742827714588735,True,1,0.02
indicator_revision_only_dfm_kalman_em,pseudo,2024:Q3:pre_advance:pseudo,2024-10-31,pre_advance,2024:Q3,M,T,3.849322732859332,0.0,0.06542932902635036,16.742827714588735,True,1,0.02
indicator_revision_only_dfm_kalman_em,pseudo,2024:Q3:pre_advance:pseudo,2024-10-31,pre_advance,2024:Q3,S,A,3.849322732859332,0.0,0.06542932902635036,16.742827714588735,True,1,0.02
indicator_revision_only_dfm_kalman_em,pseudo,2024:Q3:pre_advance:pseudo,2024-10-31,pre_advance,2024:Q3,S,M,3.849322732859332,0.0,0.06542932902635036,16.742827714588735,True,1,0.02
indicator_revision_only_dfm_kalman_em,pseudo,2024:Q3:pre_advance:pseudo,2024-10-31,pre_advance,2024:Q3,S,S,3.8646716772815406,0.0,0.06542932902635036,16.742827714588735,True,1,0.02
indicator_revision_only_dfm_kalman_em,pseudo,2024:Q3:pre_advance:pseudo,2024-10-31,pre_advance,2024:Q3,S,T,3.849322732859332,0.0,0.06542932902635036,16.742827714588735,True,1,0.02
indicator_revision_only_dfm_kalman_em,pseudo,2024:Q3:pre_advance:pseudo,2024-10-31,pre_advance,2024:Q3,T,A,3.849322732859332,0.0,0.06542932902635036,16.742827714588735,True,1,0.02
indicator_revision_only_dfm_kalman_em,pseudo,2024:Q3:pre_advance:pseudo,2024-10-31,pre_advance,2024:Q3,T,M,3.849322732859332,0.0,0.06542932902635036,16.742827714588735,True,1,0.02
indicator_revision_only_dfm_kalman_em,pseudo,2024:Q3:pre_advance:pseudo,2024-10-31,pre_advance,2024:Q3,T,S,3.849322732859332,0.0,0.06542932902635036,16.742827714588735,True,1,0.02
indicator_revision_only_dfm_kalman_em,pseudo,2024:Q3:pre_advance:pseudo,2024-10-31,pre_advance,2024:Q3,T,T,3.975890634052796,0.0,0.06542932902635036,16.742827714588735,True,1,0.02
joint_indicator_revision_dfm_full_kalman_em,pseudo,2024:Q3:pre_advance:pseudo,2024-10-31,pre_advance,2024:Q3,A,A,2.995971944156735,8.881784197001252e-16,0.06353015349363501,15.776593678900035,True,1,0.02
joint_indicator_revision_dfm_full_kalman_em,pseudo,2024:Q3:pre_advance:pseudo,2024-10-31,pre_advance,2024:Q3,A,M,3.263798703750537,8.881784197001252e-16,0.06353015349363501,15.776593678900035,True,1,0.02
joint_indicator_revision_dfm_full_kalman_em,pseudo,2024:Q3:pre_advance:pseudo,2024-10-31,pre_advance,2024:Q3,A,S,3.241142924000591,8.881784197001252e-16,0.06353015349363501,15.776593678900035,True,1,0.02
joint_indicator_revision_dfm_full_kalman_em,pseudo,2024:Q3:pre_advance:pseudo,2024-10-31,pre_advance,2024:Q3,A,T,3.254736391850559,8.881784197001252e-16,0.06353015349363501,15.776593678900035,True,1,0.02
joint_indicator_revision_dfm_full_kalman_em,pseudo,2024:Q3:pre_advance:pseudo,2024-10-31,pre_advance,2024:Q3,M,A,3.263798703750537,8.881784197001252e-16,0.06353015349363501,15.776593678900035,True,1,0.02
joint_indicator_revision_dfm_full_kalman_em,pseudo,2024:Q3:pre_advance:pseudo,2024-10-31,pre_advance,2024:Q3,M,M,7.9417655763705355,8.881784197001252e-16,0.06353015349363501,15.776593678900035,True,1,0.02
joint_indicator_revision_dfm_full_kalman_em,pseudo,2024:Q3:pre_advance:pseudo,2024-10-31,pre_advance,2024:Q3,M,S,3.8713444369004324,8.881784197001252e-16,0.06353015349363501,15.776593678900035,True,1,0.02
joint_indicator_revision_dfm_full_kalman_em,pseudo,2024:Q3:pre_advance:pseudo,2024-10-31,pre_advance,2024:Q3,M,T,3.8905300916314816,8.881784197001252e-16,0.06353015349363501,15.776593678900035,True,1,0.02
joint_indicator_revision_dfm_full_kalman_em,pseudo,2024:Q3:pre_advance:pseudo,2024-10-31,pre_advance,2024:Q3,S,A,3.241142924000592,8.881784197001252e-16,0.06353015349363501,15.776593678900035,True,1,0.02
joint_indicator_revision_dfm_full_kalman_em,pseudo,2024:Q3:pre_advance:pseudo,2024-10-31,pre_advance,2024:Q3,S,M,3.8713444369004324,8.881784197001252e-16,0.06353015349363501,15.776593678900035,True,1,0.02
joint_indicator_revision_dfm_full_kalman_em,pseudo,2024:Q3:pre_advance:pseudo,2024-10-31,pre_advance,2024:Q3,S,S,3.8578859335418443,8.881784197001252e-16,0.06353015349363501,15.776593678900035,True,1,0.02
joint_indicator_revision_dfm_full_kalman_em,pseudo,2024:Q3:pre_advance:pseudo,2024-10-31,pre_advance,2024:Q3,S,T,3.8587404066424353,8.881784197001252e-16,0.06353015349363501,15.776593678900035,True,1,0.02
joint_indicator_revision_dfm_full_kalman_em,pseudo,2024:Q3:pre_advance:pseudo,2024-10-31,pre_advance,2024:Q3,T,A,3.2547363918505585,8.881784197001252e-16,0.06353015349363501,15.776593678900035,True,1,0.02
joint_indicator_revision_dfm_full_kalman_em,pseudo,2024:Q3:pre_advance:pseudo,2024-10-31,pre_advance,2024:Q3,T,M,3.8905300916314816,8.881784197001252e-16,0.06353015349363501,15.776593678900035,True,1,0.02
joint_indicator_revision_dfm_full_kalman_em,pseudo,2024:Q3:pre_advance:pseudo,2024-10-31,pre_advance,2024:Q3,T,S,3.8587404066424353,8.881784197001252e-16,0.06353015349363501,15.776593678900035,True,1,0.02
joint_indicator_revision_dfm_full_kalman_em,pseudo,2024:Q3:pre_advance:pseudo,2024-10-31,pre_advance,2024:Q3,T,T,3.999051082481303,8.881784197001252e-16,0.06353015349363501,15.776593678900035,True,1,0.02
monthly_mixed_frequency_kalman_em,pseudo,2024:Q3:pre_advance:pseudo,2024-10-31,pre_advance,2024:Q3,A,A,4.475974318155211,0.0,0.06060657652983404,18.61276816829324,True,1,0.02
monthly_mixed_frequency_kalman_em,pseudo,2024:Q3:pre_advance:pseudo,2024-10-31,pre_advance,2024:Q3,A,M,4.185092051644876,0.0,0.06060657652983404,18.61276816829324,True,1,0.02
monthly_mixed_frequency_kalman_em,pseudo,2024:Q3:pre_advance:pseudo,2024-10-31,pre_advance,2024:Q3,A,S,4.228307763319012,0.0,0.06060657652983404,18.61276816829324,True,1,0.02
monthly_mixed_frequency_kalman_em,pseudo,2024:Q3:pre_advance:pseudo,2024-10-31,pre_advance,2024:Q3,A,T,4.204735556951301,0.0,0.06060657652983404,18.61276816829324,True,1,0.02
monthly_mixed_frequency_kalman_em,pseudo,2024:Q3:pre_advance:pseudo,2024-10-31,pre_advance,2024:Q3,M,A,4.185092051644876,0.0,0.06060657652983404,18.61276816829324,True,1,0.02
monthly_mixed_frequency_kalman_em,pseudo,2024:Q3:pre_advance:pseudo,2024-10-31,pre_advance,2024:Q3,M,M,8.619311976691149,0.0,0.06060657652983404,18.61276816829324,True,1,0.02
monthly_mixed_frequency_kalman_em,pseudo,2024:Q3:pre_advance:pseudo,2024-10-31,pre_advance,2024:Q3,M,S,4.366955364410088,0.0,0.06060657652983404,18.61276816829324,True,1,0.02
monthly_mixed_frequency_kalman_em,pseudo,2024:Q3:pre_advance:pseudo,2024-10-31,pre_advance,2024:Q3,M,T,4.488197572920228,0.0,0.06060657652983404,18.61276816829324,True,1,0.02
monthly_mixed_frequency_kalman_em,pseudo,2024:Q3:pre_advance:pseudo,2024-10-31,pre_advance,2024:Q3,S,A,4.228307763319012,0.0,0.06060657652983404,18.61276816829324,True,1,0.02
monthly_mixed_frequency_kalman_em,pseudo,2024:Q3:pre_advance:pseudo,2024-10-31,pre_advance,2024:Q3,S,M,4.366955364410088,0.0,0.06060657652983404,18.61276816829324,True,1,0.02
monthly_mixed_frequency_kalman_em,pseudo,2024:Q3:pre_advance:pseudo,2024-10-31,pre_advance,2024:Q3,S,S,4.342332067529463,0.0,0.06060657652983404,18.61276816829324,True,1,0.02
monthly_mixed_frequency_kalman_em,pseudo,2024:Q3:pre_advance:pseudo,2024-10-31,pre_advance,2024:Q3,S,T,4.332293464137319,0.0,0.06060657652983404,18.61276816829324,True,1,0.02
monthly_mixed_frequency_kalman_em,pseudo,2024:Q3:pre_advance:pseudo,2024-10-31,pre_advance,2024:Q3,T,A,4.204735556951301,0.0,0.06060657652983404,18.61276816829324,True,1,0.02
monthly_mixed_frequency_kalman_em,pseudo,2024:Q3:pre_advance:pseudo,2024-10-31,pre_advance,2024:Q3,T,M,4.488197572920228,0.0,0.06060657652983404,18.61276816829324,True,1,0.02
monthly_mixed_frequency_kalman_em,pseudo,2024:Q3:pre_advance:pseudo,2024-10-31,pre_advance,2024:Q3,T,S,4.332293464137319,0.0,0.06060657652983404,18.61276816829324,True,1,0.02
monthly_mixed_frequency_kalman_em,pseudo,2024:Q3:pre_advance:pseudo,2024-10-31,pre_advance,2024:Q3,T,T,4.466830281255707,0.0,0.06060657652983404,18.61276816829324,True,1,0.02
revision_dfm_kalman_em,pseudo,2024:Q3:pre_advance:pseudo,2024-10-31,pre_advance,2024:Q3,A,A,2.9198440545307034,0.0,0.06518935513214227,14.620136694001474,True,1,0.02
revision_dfm_kalman_em,pseudo,2024:Q3:pre_advance:pseudo,2024-10-31,pre_advance,2024:Q3,A,M,3.0409695599288273,0.0,0.06518935513214227,14.620136694001474,True,1,0.02
revision_dfm_kalman_em,pseudo,2024:Q3:pre_advance:pseudo,2024-10-31,pre_advance,2024:Q3,A,S,3.0277154655682796,0.0,0.06518935513214227,14.620136694001474,True,1,0.02
revision_dfm_kalman_em,pseudo,2024:Q3:pre_advance:pseudo,2024-10-31,pre_advance,2024:Q3,A,T,3.0356679221846083,0.0,0.06518935513214227,14.620136694001474,True,1,0.02
revision_dfm_kalman_em,pseudo,2024:Q3:pre_advance:pseudo,2024-10-31,pre_advance,2024:Q3,M,A,3.0409695599288273,0.0,0.06518935513214227,14.620136694001474,True,1,0.02
revision_dfm_kalman_em,pseudo,2024:Q3:pre_advance:pseudo,2024-10-31,pre_advance,2024:Q3,M,M,7.572130630460253,0.0,0.06518935513214227,14.620136694001474,True,1,0.02
revision_dfm_kalman_em,pseudo,2024:Q3:pre_advance:pseudo,2024-10-31,pre_advance,2024:Q3,M,S,3.5212328658299503,0.0,0.06518935513214227,14.620136694001474,True,1,0.02
revision_dfm_kalman_em,pseudo,2024:Q3:pre_advance:pseudo,2024-10-31,pre_advance,2024:Q3,M,T,3.536399075489986,0.0,0.06518935513214227,14.620136694001474,True,1,0.02
revision_dfm_kalman_em,pseudo,2024:Q3:pre_advance:pseudo,2024-10-31,pre_advance,2024:Q3,S,A,3.0277154655682796,0.0,0.06518935513214227,14.620136694001474,True,1,0.02
revision_dfm_kalman_em,pseudo,2024:Q3:pre_advance:pseudo,2024-10-31,pre_advance,2024:Q3,S,M,3.5212328658299503,0.0,0.06518935513214227,14.620136694001474,True,1,0.02
revision_dfm_kalman_em,pseudo,2024:Q3:pre_advance:pseudo,2024-10-31,pre_advance,2024:Q3,S,S,3.520536672139888,0.0,0.06518935513214227,14.620136694001474,True,1,0.02
revision_dfm_kalman_em,pseudo,2024:Q3:pre_advance:pseudo,2024-10-31,pre_advance,2024:Q3,S,T,3.511362517824717,0.0,0.06518935513214227,14.620136694001474,True,1,0.02
revision_dfm_kalman_em,pseudo,2024:Q3:pre_advance:pseudo,2024-10-31,pre_advance,2024:Q3,T,A,3.0356679221846083,0.0,0.06518935513214227,14.620136694001474,True,1,0.02
revision_dfm_kalman_em,pseudo,2024:Q3:pre_advance:pseudo,2024-10-31,pre_advance,2024:Q3,T,M,3.536399075489986,0.0,0.06518935513214227,14.620136694001474,True,1,0.02
revision_dfm_kalman_em,pseudo,2024:Q3:pre_advance:pseudo,2024-10-31,pre_advance,2024:Q3,T,S,3.511362517824717,0.0,0.06518935513214227,14.620136694001474,True,1,0.02
revision_dfm_kalman_em,pseudo,2024:Q3:pre_advance:pseudo,2024-10-31,pre_advance,2024:Q3,T,T,3.6425297025893664,0.0,0.06518935513214227,14.620136694001474,True,1,0.02
indicator_revision_only_dfm_kalman_em,exact,2024:Q3:pre_second:exact,2024-11-26,pre_second,2024:Q3,A,A,0.7400185385893111,0.0,0.061709668328818884,4.498998047328224,True,1,0.02
indicator_revision_only_dfm_kalman_em,exact,2024:Q3:pre_second:exact,2024-11-26,pre_second,2024:Q3,A,M,0.35215822094601246,0.0,0.061709668328818884,4.498998047328224,True,1,0.02
indicator_revision_only_dfm_kalman_em,exact,2024:Q3:pre_second:exact,2024-11-26,pre_second,2024:Q3,A,S,0.35215822094601246,0.0,0.061709668328818884,4.498998047328224,True,1,0.02
indicator_revision_only_dfm_kalman_em,exact,2024:Q3:pre_second:exact,2024-11-26,pre_second,2024:Q3,A,T,0.35215822094601246,0.0,0.061709668328818884,4.498998047328224,True,1,0.02
indicator_revision_only_dfm_kalman_em,exact,2024:Q3:pre_second:exact,2024-11-26,pre_second,2024:Q3,M,A,0.35215822094601246,0.0,0.061709668328818884,4.498998047328224,True,1,0.02
indicator_revision_only_dfm_kalman_em,exact,2024:Q3:pre_second:exact,2024-11-26,pre_second,2024:Q3,M,M,4.384880209715728,0.0,0.061709668328818884,4.498998047328224,True,1,0.02
indicator_revision_only_dfm_kalman_em,exact,2024:Q3:pre_second:exact,2024-11-26,pre_second,2024:Q3,M,S,0.35215822094601246,0.0,0.061709668328818884,4.498998047328224,True,1,0.02
indicator_revision_only_dfm_kalman_em,exact,2024:Q3:pre_second:exact,2024-11-26,pre_second,2024:Q3,M,T,0.35215822094601246,0.0,0.061709668328818884,4.498998047328224,True,1,0.02
indicator_revision_only_dfm_kalman_em,exact,2024:Q3:pre_second:exact,2024-11-26,pre_second,2024:Q3,S,A,0.35215822094601246,0.0,0.061709668328818884,4.498998047328224,True,1,0.02
indicator_revision_only_dfm_kalman_em,exact,2024:Q3:pre_second:exact,2024-11-26,pre_second,2024:Q3,S,M,0.35215822094601246,0.0,0.061709668328818884,4.498998047328224,True,1,0.02
indicator_revision_only_dfm_kalman_em,exact,2024:Q3:pre_second:exact,2024-11-26,pre_second,2024:Q3,S,S,0.36752392500972036,0.0,0.061709668328818884,4.498998047328224,True,1,0.02
indicator_revision_only_dfm_kalman_em,exact,2024:Q3:pre_second:exact,2024-11-26,pre_second,2024:Q3,S,T,0.35215822094601246,0.0,0.061709668328818884,4.498998047328224,True,1,0.02
indicator_revision_only_dfm_kalman_em,exact,2024:Q3:pre_second:exact,2024-11-26,pre_second,2024:Q3,T,A,0.35215822094601246,0.0,0.061709668328818884,4.498998047328224,True,1,0.02
indicator_revision_only_dfm_kalman_em,exact,2024:Q3:pre_second:exact,2024-11-26,pre_second,2024:Q3,T,M,0.35215822094601246,0.0,0.061709668328818884,4.498998047328224,True,1,0.02
indicator_revision_only_dfm_kalman_em,exact,2024:Q3:pre_second:exact,2024-11-26,pre_second,2024:Q3,T,S,0.35215822094601246,0.0,0.061709668328818884,4.498998047328224,True,1,0.02
indicator_revision_only_dfm_kalman_em,exact,2024:Q3:pre_second:exact,2024-11-26,pre_second,2024:Q3,T,T,0.4787176495568505,0.0,0.061709668328818884,4.498998047328224,True,1,0.02
joint_indicator_revision_dfm_full_kalman_em,exact,2024:Q3:pre_second:exact,2024-11-26,pre_second,2024:Q3,A,A,0.36092973942750134,5.551115123125783e-17,0.06194091464384768,4.4638144966339715,True,1,0.02
joint_indicator_revision_dfm_full_kalman_em,exact,2024:Q3:pre_second:exact,2024-11-26,pre_second,2024:Q3,A,M,0.2028024562338081,5.551115123125783e-17,0.06194091464384768,4.4638144966339715,True,1,0.02
joint_indicator_revision_dfm_full_kalman_em,exact,2024:Q3:pre_second:exact,2024-11-26,pre_second,2024:Q3,A,S,0.20139470759868142,5.551115123125783e-17,0.06194091464384768,4.4638144966339715,True,1,0.02
joint_indicator_revision_dfm_full_kalman_em,exact,2024:Q3:pre_second:exact,2024-11-26,pre_second,2024:Q3,A,T,0.20223935677975746,5.551115123125783e-17,0.06194091464384768,4.4638144966339715,True,1,0.02
joint_indicator_revision_dfm_full_kalman_em,exact,2024:Q3:pre_second:exact,2024-11-26,pre_second,2024:Q3,M,A,0.2028024562338081,5.551115123125783e-17,0.06194091464384768,4.4638144966339715,True,1,0.02
joint_indicator_revision_dfm_full_kalman_em,exact,2024:Q3:pre_second:exact,2024-11-26,pre_second,2024:Q3,M,M,4.38641594104935,5.551115123125783e-17,0.06194091464384768,4.4638144966339715,True,1,0.02
joint_indicator_revision_dfm_full_kalman_em,exact,2024:Q3:pre_second:exact,2024-11-26,pre_second,2024:Q3,M,S,0.3407464751797667,5.551115123125783e-17,0.06194091464384768,4.4638144966339715,True,1,0.02
joint_indicator_revision_dfm_full_kalman_em,exact,2024:Q3:pre_second:exact,2024-11-26,pre_second,2024:Q3,M,T,0.34510260209384963,5.551115123125783e-17,0.06194091464384768,4.4638144966339715,True,1,0.02
joint_indicator_revision_dfm_full_kalman_em,exact,2024:Q3:pre_second:exact,2024-11-26,pre_second,2024:Q3,S,A,0.20139470759868142,5.551115123125783e-17,0.06194091464384768,4.4638144966339715,True,1,0.02
joint_indicator_revision_dfm_full_kalman_em,exact,2024:Q3:pre_second:exact,2024-11-26,pre_second,2024:Q3,S,M,0.3407464751797667,5.551115123125783e-17,0.06194091464384768,4.4638144966339715,True,1,0.02
joint_indicator_revision_dfm_full_kalman_em,exact,2024:Q3:pre_second:exact,2024-11-26,pre_second,2024:Q3,S,S,0.35183117036094474,5.551115123125783e-17,0.06194091464384768,4.4638144966339715,True,1,0.02
joint_indicator_revision_dfm_full_kalman_em,exact,2024:Q3:pre_second:exact,2024-11-26,pre_second,2024:Q3,S,T,0.33795943982814497,5.551115123125783e-17,0.06194091464384768,4.4638144966339715,True,1,0.02
joint_indicator_revision_dfm_full_kalman_em,exact,2024:Q3:pre_second:exact,2024-11-26,pre_second,2024:Q3,T,A,0.2022393567797574,5.551115123125783e-17,0.06194091464384768,4.4638144966339715,True,1,0.02
joint_indicator_revision_dfm_full_kalman_em,exact,2024:Q3:pre_second:exact,2024-11-26,pre_second,2024:Q3,T,M,0.34510260209384963,5.551115123125783e-17,0.06194091464384768,4.4638144966339715,True,1,0.02
joint_indicator_revision_dfm_full_kalman_em,exact,2024:Q3:pre_second:exact,2024-11-26,pre_second,2024:Q3,T,S,0.337959439828145,5.551115123125783e-17,0.06194091464384768,4.4638144966339715,True,1,0.02
joint_indicator_revision_dfm_full_kalman_em,exact,2024:Q3:pre_second:exact,2024-11-26,pre_second,2024:Q3,T,T,0.4634922504930865,5.551115123125783e-17,0.06194091464384768,4.4638144966339715,True,1,0.02
monthly_mixed_frequency_kalman_em,exact,2024:Q3:pre_second:exact,2024-11-26,pre_second,2024:Q3,A,A,0.41407670989700046,0.0,0.05799669563286019,4.8392357874295975,True,1,0.02
monthly_mixed_frequency_kalman_em,exact,2024:Q3:pre_second:exact,2024-11-26,pre_second,2024:Q3,A,M,0.19830499381815836,0.0,0.05799669563286019,4.8392357874295975,True,1,0.02
monthly_mixed_frequency_kalman_em,exact,2024:Q3:pre_second:exact,2024-11-26,pre_second,2024:Q3,A,S,0.20033286853741697,0.0,0.05799669563286019,4.8392357874295975,True,1,0.02
monthly_mixed_frequency_kalman_em,exact,2024:Q3:pre_second:exact,2024-11-26,pre_second,2024:Q3,A,T,0.19922675505418502,0.0,0.05799669563286019,4.8392357874295975,True,1,0.02
monthly_mixed_frequency_kalman_em,exact,2024:Q3:pre_second:exact,2024-11-26,pre_second,2024:Q3,M,A,0.19830499381815836,0.0,0.05799669563286019,4.8392357874295975,True,1,0.02
monthly_mixed_frequency_kalman_em,exact,2024:Q3:pre_second:exact,2024-11-26,pre_second,2024:Q3,M,M,4.7064292240219086,0.0,0.05799669563286019,4.8392357874295975,True,1,0.02
monthly_mixed_frequency_kalman_em,exact,2024:Q3:pre_second:exact,2024-11-26,pre_second,2024:Q3,M,S,0.41329235840736406,0.0,0.05799669563286019,4.8392357874295975,True,1,0.02
monthly_mixed_frequency_kalman_em,exact,2024:Q3:pre_second:exact,2024-11-26,pre_second,2024:Q3,M,T,0.5566172681335012,0.0,0.05799669563286019,4.8392357874295975,True,1,0.02
monthly_mixed_frequency_kalman_em,exact,2024:Q3:pre_second:exact,2024-11-26,pre_second,2024:Q3,S,A,0.20033286853741697,0.0,0.05799669563286019,4.8392357874295975,True,1,0.02
monthly_mixed_frequency_kalman_em,exact,2024:Q3:pre_second:exact,2024-11-26,pre_second,2024:Q3,S,M,0.41329235840736406,0.0,0.05799669563286019,4.8392357874295975,True,1,0.02
monthly_mixed_frequency_kalman_em,exact,2024:Q3:pre_second:exact,2024-11-26,pre_second,2024:Q3,S,S,0.3478221062026544,0.0,0.05799669563286019,4.8392357874295975,True,1,0.02
monthly_mixed_frequency_kalman_em,exact,2024:Q3:pre_second:exact,2024-11-26,pre_second,2024:Q3,S,T,0.3600524859398773,0.0,0.05799669563286019,4.8392357874295975,True,1,0.02
monthly_mixed_frequency_kalman_em,exact,2024:Q3:pre_second:exact,2024-11-26,pre_second,2024:Q3,T,A,0.19922675505418502,0.0,0.05799669563286019,4.8392357874295975,True,1,0.02
monthly_mixed_frequency_kalman_em,exact,2024:Q3:pre_second:exact,2024-11-26,pre_second,2024:Q3,T,M,0.5566172681335012,0.0,0.05799669563286019,4.8392357874295975,True,1,0.02
monthly_mixed_frequency_kalman_em,exact,2024:Q3:pre_second:exact,2024-11-26,pre_second,2024:Q3,T,S,0.3600524859398773,0.0,0.05799669563286019,4.8392357874295975,True,1,0.02
monthly_mixed_frequency_kalman_em,exact,2024:Q3:pre_second:exact,2024-11-26,pre_second,2024:Q3,T,T,0.5167547938294659,0.0,0.05799669563286019,4.8392357874295975,True,1,0.02
revision_dfm_kalman_em,exact,2024:Q3:pre_second:exact,2024-11-26,pre_second,2024:Q3,A,A,0.2813774402285274,0.0,0.06464812105935247,4.487630024963134,True,1,0.02
revision_dfm_kalman_em,exact,2024:Q3:pre_second:exact,2024-11-26,pre_second,2024:Q3,A,M,0.15025021250494391,0.0,0.06464812105935247,4.487630024963134,True,1,0.02
revision_dfm_kalman_em,exact,2024:Q3:pre_second:exact,2024-11-26,pre_second,2024:Q3,A,S,0.14959302578087602,0.0,0.06464812105935247,4.487630024963134,True,1,0.02
revision_dfm_kalman_em,exact,2024:Q3:pre_second:exact,2024-11-26,pre_second,2024:Q3,A,T,0.14998733781531676,0.0,0.06464812105935247,4.487630024963134,True,1,0.02
revision_dfm_kalman_em,exact,2024:Q3:pre_second:exact,2024-11-26,pre_second,2024:Q3,M,A,0.15025021250494391,0.0,0.06464812105935247,4.487630024963134,True,1,0.02
revision_dfm_kalman_em,exact,2024:Q3:pre_second:exact,2024-11-26,pre_second,2024:Q3,M,M,4.405075087401716,0.0,0.06464812105935247,4.487630024963134,True,1,0.02
revision_dfm_kalman_em,exact,2024:Q3:pre_second:exact,2024-11-26,pre_second,2024:Q3,M,S,0.3679677544126558,0.0,0.06464812105935247,4.487630024963134,True,1,0.02
revision_dfm_kalman_em,exact,2024:Q3:pre_second:exact,2024-11-26,pre_second,2024:Q3,M,T,0.37484304520974143,0.0,0.06464812105935247,4.487630024963134,True,1,0.02
revision_dfm_kalman_em,exact,2024:Q3:pre_second:exact,2024-11-26,pre_second,2024:Q3,S,A,0.14959302578087602,0.0,0.06464812105935247,4.487630024963134,True,1,0.02
revision_dfm_kalman_em,exact,2024:Q3:pre_second:exact,2024-11-26,pre_second,2024:Q3,S,M,0.3679677544126558,0.0,0.06464812105935247,4.487630024963134,True,1,0.02
revision_dfm_kalman_em,exact,2024:Q3:pre_second:exact,2024-11-26,pre_second,2024:Q3,S,S,0.3810234765583942,0.0,0.06464812105935247,4.487630024963134,True,1,0.02
revision_dfm_kalman_em,exact,2024:Q3:pre_second:exact,2024-11-26,pre_second,2024:Q3,S,T,0.3636002598400202,0.0,0.06464812105935247,4.487630024963134,True,1,0.02
revision_dfm_kalman_em,exact,2024:Q3:pre_second:exact,2024-11-26,pre_second,2024:Q3,T,A,0.14998733781531676,0.0,0.06464812105935247,4.487630024963134,True,1,0.02
revision_dfm_kalman_em,exact,2024:Q3:pre_second:exact,2024-11-26,pre_second,2024:Q3,T,M,0.37484304520974143,0.0,0.06464812105935247,4.487630024963134,True,1,0.02
revision_dfm_kalman_em,exact,2024:Q3:pre_second:exact,2024-11-26,pre_second,2024:Q3,T,S,0.3636002598400202,0.0,0.06464812105935247,4.487630024963134,True,1,0.02
revision_dfm_kalman_em,exact,2024:Q3:pre_second:exact,2024-11-26,pre_second,2024:Q3,T,T,0.4864997928709544,0.0,0.06464812105935247,4.487630024963134,True,1,0.02
indicator_revision_only_dfm_kalman_em,pseudo,2024:Q3:pre_second:pseudo,2024-11-30,pre_second,2024:Q3,A,A,0.7400280998654047,0.0,0.061709698556945684,4.4990129280068185,True,1,0.02
indicator_revision_only_dfm_kalman_em,pseudo,2024:Q3:pre_second:pseudo,2024-11-30,pre_second,2024:Q3,A,M,0.3521664947225165,0.0,0.061709698556945684,4.4990129280068185,True,1,0.02
indicator_revision_only_dfm_kalman_em,pseudo,2024:Q3:pre_second:pseudo,2024-11-30,pre_second,2024:Q3,A,S,0.3521664947225165,0.0,0.061709698556945684,4.4990129280068185,True,1,0.02
indicator_revision_only_dfm_kalman_em,pseudo,2024:Q3:pre_second:pseudo,2024-11-30,pre_second,2024:Q3,A,T,0.3521664947225165,0.0,0.061709698556945684,4.4990129280068185,True,1,0.02
indicator_revision_only_dfm_kalman_em,pseudo,2024:Q3:pre_second:pseudo,2024-11-30,pre_second,2024:Q3,M,A,0.3521664947225165,0.0,0.061709698556945684,4.4990129280068185,True,1,0.02
indicator_revision_only_dfm_kalman_em,pseudo,2024:Q3:pre_second:pseudo,2024-11-30,pre_second,2024:Q3,M,M,4.384889369259705,0.0,0.061709698556945684,4.4990129280068185,True,1,0.02
indicator_revision_only_dfm_kalman_em,pseudo,2024:Q3:pre_second:pseudo,2024-11-30,pre_second,2024:Q3,M,S,0.3521664947225165,0.0,0.061709698556945684,4.4990129280068185,True,1,0.02
indicator_revision_only_dfm_kalman_em,pseudo,2024:Q3:pre_second:pseudo,2024-11-30,pre_second,2024:Q3,M,T,0.3521664947225165,0.0,0.061709698556945684,4.4990129280068185,True,1,0.02
indicator_revision_only_dfm_kalman_em,pseudo,2024:Q3:pre_second:pseudo,2024-11-30,pre_second,2024:Q3,S,A,0.3521664947225165,0.0,0.061709698556945684,4.4990129280068185,True,1,0.02
indicator_revision_only_dfm_kalman_em,pseudo,2024:Q3:pre_second:pseudo,2024-11-30,pre_second,2024:Q3,S,M,0.3521664947225165,0.0,0.061709698556945684,4.4990129280068185,True,1,0.02
indicator_revision_only_dfm_kalman_em,pseudo,2024:Q3:pre_second:pseudo,2024-11-30,pre_second,2024:Q3,S,S,0.3675323996341087,0.0,0.061709698556945684,4.4990129280068185,True,1,0.02
indicator_revision_only_dfm_kalman_em,pseudo,2024:Q3:pre_second:pseudo,2024-11-30,pre_second,2024:Q3,S,T,0.3521664947225165,0.0,0.061709698556945684,4.4990129280068185,True,1,0.02
indicator_revision_only_dfm_kalman_em,pseudo,2024:Q3:pre_second:pseudo,2024-11-30,pre_second,2024:Q3,T,A,0.3521664947225165,0.0,0.061709698556945684,4.4990129280068185,True,1,0.02
indicator_revision_only_dfm_kalman_em,pseudo,2024:Q3:pre_second:pseudo,2024-11-30,pre_second,2024:Q3,T,M,0.3521664947225165,0.0,0.061709698556945684,4.4990129280068185,True,1,0.02
indicator_revision_only_dfm_kalman_em,pseudo,2024:Q3:pre_second:pseudo,2024-11-30,pre_second,2024:Q3,T,S,0.3521664947225165,0.0,0.061709698556945684,4.4990129280068185,True,1,0.02
indicator_revision_only_dfm_kalman_em,pseudo,2024:Q3:pre_second:pseudo,2024-11-30,pre_second,2024:Q3,T,T,0.4787252889801668,0.0,0.061709698556945684,4.4990129280068185,True,1,0.02
joint_indicator_revision_dfm_full_kalman_em,pseudo,2024:Q3:pre_second:pseudo,2024-11-30,pre_second,2024:Q3,A,A,0.3609399198105697,2.7755575615628914e-17,0.06194189128239847,4.463743806742469,True,1,0.02
joint_indicator_revision_dfm_full_kalman_em,pseudo,2024:Q3:pre_second:pseudo,2024-11-30,pre_second,2024:Q3,A,M,0.20276998542206603,2.7755575615628914e-17,0.06194189128239847,4.463743806742469,True,1,0.02
joint_indicator_revision_dfm_full_kalman_em,pseudo,2024:Q3:pre_second:pseudo,2024-11-30,pre_second,2024:Q3,A,S,0.20136441872479574,2.7755575615628914e-17,0.06194189128239847,4.463743806742469,True,1,0.02
joint_indicator_revision_dfm_full_kalman_em,pseudo,2024:Q3:pre_second:pseudo,2024-11-30,pre_second,2024:Q3,A,T,0.20220775874315794,2.7755575615628914e-17,0.06194189128239847,4.463743806742469,True,1,0.02
joint_indicator_revision_dfm_full_kalman_em,pseudo,2024:Q3:pre_second:pseudo,2024-11-30,pre_second,2024:Q3,M,A,0.20276998542206603,2.7755575615628914e-17,0.06194189128239847,4.463743806742469,True,1,0.02
joint_indicator_revision_dfm_full_kalman_em,pseudo,2024:Q3:pre_second:pseudo,2024-11-30,pre_second,2024:Q3,M,M,4.386365227753218,2.7755575615628914e-17,0.06194189128239847,4.463743806742469,True,1,0.02
joint_indicator_revision_dfm_full_kalman_em,pseudo,2024:Q3:pre_second:pseudo,2024-11-30,pre_second,2024:Q3,M,S,0.3407058259698021,2.7755575615628914e-17,0.06194189128239847,4.463743806742469,True,1,0.02
joint_indicator_revision_dfm_full_kalman_em,pseudo,2024:Q3:pre_second:pseudo,2024-11-30,pre_second,2024:Q3,M,T,0.34506169461867797,2.7755575615628914e-17,0.06194189128239847,4.463743806742469,True,1,0.02
joint_indicator_revision_dfm_full_kalman_em,pseudo,2024:Q3:pre_second:pseudo,2024-11-30,pre_second,2024:Q3,S,A,0.20136441872479577,2.7755575615628914e-17,0.06194189128239847,4.463743806742469,True,1,0.02
joint_indicator_revision_dfm_full_kalman_em,pseudo,2024:Q3:pre_second:pseudo,2024-11-30,pre_second,2024:Q3,S,M,0.3407058259698021,2.7755575615628914e-17,0.06194189128239847,4.463743806742469,True,1,0.02
joint_indicator_revision_dfm_full_kalman_em,pseudo,2024:Q3:pre_second:pseudo,2024-11-30,pre_second,2024:Q3,S,S,0.35179265145082744,2.7755575615628914e-17,0.06194189128239847,4.463743806742469,True,1,0.02
joint_indicator_revision_dfm_full_kalman_em,pseudo,2024:Q3:pre_second:pseudo,2024-11-30,pre_second,2024:Q3,S,T,0.337918997824902,2.7755575615628914e-17,0.06194189128239847,4.463743806742469,True,1,0.02
joint_indicator_revision_dfm_full_kalman_em,pseudo,2024:Q3:pre_second:pseudo,2024-11-30,pre_second,2024:Q3,T,A,0.20220775874315797,2.7755575615628914e-17,0.06194189128239847,4.463743806742469,True,1,0.02
joint_indicator_revision_dfm_full_kalman_em,pseudo,2024:Q3:pre_second:pseudo,2024-11-30,pre_second,2024:Q3,T,M,0.34506169461867797,2.7755575615628914e-17,0.06194189128239847,4.463743806742469,True,1,0.02
joint_indicator_revision_dfm_full_kalman_em,pseudo,2024:Q3:pre_second:pseudo,2024-11-30,pre_second,2024:Q3,T,S,0.337918997824902,2.7755575615628914e-17,0.06194189128239847,4.463743806742469,True,1,0.02
joint_indicator_revision_dfm_full_kalman_em,pseudo,2024:Q3:pre_second:pseudo,2024-11-30,pre_second,2024:Q3,T,T,0.4634513044948316,2.7755575615628914e-17,0.06194189128239847,4.463743806742469,True,1,0.02
monthly_mixed_frequency_kalman_em,pseudo,2024:Q3:pre_second:pseudo,2024-11-30,pre_second,2024:Q3,A,A,0.41406186171981885,0.0,0.05799697678170794,4.839234054782613,True,1,0.02
monthly_mixed_frequency_kalman_em,pseudo,2024:Q3:pre_second:pseudo,2024-11-30,pre_second,2024:Q3,A,M,0.19829902723009038,0.0,0.05799697678170794,4.839234054782613,True,1,0.02
monthly_mixed_frequency_kalman_em,pseudo,2024:Q3:pre_second:pseudo,2024-11-30,pre_second,2024:Q3,A,S,0.20032608786789202,0.0,0.05799697678170794,4.839234054782613,True,1,0.02
monthly_mixed_frequency_kalman_em,pseudo,2024:Q3:pre_second:pseudo,2024-11-30,pre_second,2024:Q3,A,T,0.19922041842909113,0.0,0.05799697678170794,4.839234054782613,True,1,0.02
monthly_mixed_frequency_kalman_em,pseudo,2024:Q3:pre_second:pseudo,2024-11-30,pre_second,2024:Q3,M,A,0.19829902723009038,0.0,0.05799697678170794,4.839234054782613,True,1,0.02
monthly_mixed_frequency_kalman_em,pseudo,2024:Q3:pre_second:pseudo,2024-11-30,pre_second,2024:Q3,M,M,4.706429800002199,0.0,0.05799697678170794,4.839234054782613,True,1,0.02
monthly_mixed_frequency_kalman_em,pseudo,2024:Q3:pre_second:pseudo,2024-11-30,pre_second,2024:Q3,M,S,0.4132888915582752,0.0,0.05799697678170794,4.839234054782613,True,1,0.02
monthly_mixed_frequency_kalman_em,pseudo,2024:Q3:pre_second:pseudo,2024-11-30,pre_second,2024:Q3,M,T,0.5566154677770652,0.0,0.05799697678170794,4.839234054782613,True,1,0.02
monthly_mixed_frequency_kalman_em,pseudo,2024:Q3:pre_second:pseudo,2024-11-30,pre_second,2024:Q3,S,A,0.20032608786789202,0.0,0.05799697678170794,4.839234054782613,True,1,0.02
monthly_mixed_frequency_kalman_em,pseudo,2024:Q3:pre_second:pseudo,2024-11-30,pre_second,2024:Q3,S,M,0.4132888915582752,0.0,0.05799697678170794,4.839234054782613,True,1,0.02
monthly_mixed_frequency_kalman_em,pseudo,2024:Q3:pre_second:pseudo,2024-11-30,pre_second,2024:Q3,S,S,0.3478175838375527,0.0,0.05799697678170794,4.839234054782613,True,1,0.02
monthly_mixed_frequency_kalman_em,pseudo,2024:Q3:pre_second:pseudo,2024-11-30,pre_second,2024:Q3,S,T,0.3600481906356794,0.0,0.05799697678170794,4.839234054782613,True,1,0.02
monthly_mixed_frequency_kalman_em,pseudo,2024:Q3:pre_second:pseudo,2024-11-30,pre_second,2024:Q3,T,A,0.19922041842909113,0.0,0.05799697678170794,4.839234054782613,True,1,0.02
monthly_mixed_frequency_kalman_em,pseudo,2024:Q3:pre_second:pseudo,2024-11-30,pre_second,2024:Q3,T,M,0.5566154677770652,0.0,0.05799697678170794,4.839234054782613,True,1,0.02
monthly_mixed_frequency_kalman_em,pseudo,2024:Q3:pre_second:pseudo,2024-11-30,pre_second,2024:Q3,T,S,0.3600481906356794,0.0,0.05799697678170794,4.839234054782613,True,1,0.02
monthly_mixed_frequency_kalman_em,pseudo,2024:Q3:pre_second:pseudo,2024-11-30,pre_second,2024:Q3,T,T,0.5167518111423337,0.0,0.05799697678170794,4.839234054782613,True,1,0.02
revision_dfm_kalman_em,pseudo,2024:Q3:pre_second:pseudo,2024-11-30,pre_second,2024:Q3,A,A,0.28135638819873104,5.551115123125783e-17,0.06464828698738606,4.487658779066796,True,1,0.02
revision_dfm_kalman_em,pseudo,2024:Q3:pre_second:pseudo,2024-11-30,pre_second,2024:Q3,A,M,0.15024116531773238,5.551115123125783e-17,0.06464828698738606,4.487658779066796,True,1,0.02
revision_dfm_kalman_em,pseudo,2024:Q3:pre_second:pseudo,2024-11-30,pre_second,2024:Q3,A,S,0.14958388564661443,5.551115123125783e-17,0.06464828698738606,4.487658779066796,True,1,0.02
revision_dfm_kalman_em,pseudo,2024:Q3:pre_second:pseudo,2024-11-30,pre_second,2024:Q3,A,T,0.1499782534492852,5.551115123125783e-17,0.06464828698738606,4.487658779066796,True,1,0.02
revision_dfm_kalman_em,pseudo,2024:Q3:pre_second:pseudo,2024-11-30,pre_second,2024:Q3,M,A,0.15024116531773238,5.551115123125783e-17,0.06464828698738606,4.487658779066796,True,1,0.02
revision_dfm_kalman_em,pseudo,2024:Q3:pre_second:pseudo,2024-11-30,pre_second,2024:Q3,M,M,4.405096935385037,5.551115123125783e-17,0.06464828698738606,4.487658779066796,True,1,0.02
revision_dfm_kalman_em,pseudo,2024:Q3:pre_second:pseudo,2024-11-30,pre_second,2024:Q3,M,S,0.367986325053727,5.551115123125783e-17,0.06464828698738606,4.487658779066796,True,1,0.02
revision_dfm_kalman_em,pseudo,2024:Q3:pre_second:pseudo,2024-11-30,pre_second,2024:Q3,M,T,0.37486248799275845,5.551115123125783e-17,0.06464828698738606,4.487658779066796,True,1,0.02
revision_dfm_kalman_em,pseudo,2024:Q3:pre_second:pseudo,2024-11-30,pre_second,2024:Q3,S,A,0.14958388564661437,5.551115123125783e-17,0.06464828698738606,4.487658779066796,True,1,0.02
revision_dfm_kalman_em,pseudo,2024:Q3:pre_second:pseudo,2024-11-30,pre_second,2024:Q3,S,M,0.367986325053727,5.551115123125783e-17,0.06464828698738606,4.487658779066796,True,1,0.02
revision_dfm_kalman_em,pseudo,2024:Q3:pre_second:pseudo,2024-11-30,pre_second,2024:Q3,S,S,0.3810412753219971,5.551115123125783e-17,0.06464828698738606,4.487658779066796,True,1,0.02
revision_dfm_kalman_em,pseudo,2024:Q3:pre_second:pseudo,2024-11-30,pre_second,2024:Q3,S,T,0.3636182762655848,5.551115123125783e-17,0.06464828698738606,4.487658779066796,True,1,0.02
revision_dfm_kalman_em,pseudo,2024:Q3:pre_second:pseudo,2024-11-30,pre_second,2024:Q3,T,A,0.14997825344928517,5.551115123125783e-17,0.06464828698738606,4.487658779066796,True,1,0.02
revision_dfm_kalman_em,pseudo,2024:Q3:pre_second:pseudo,2024-11-30,pre_second,2024:Q3,T,M,0.37486248799275845,5.551115123125783e-17,0.06464828698738606,4.487658779066796,True,1,0.02
revision_dfm_kalman_em,pseudo,2024:Q3:pre_second:pseudo,2024-11-30,pre_second,2024:Q3,T,S,0.3636182762655848,5.551115123125783e-17,0.06464828698738606,4.487658779066796,True,1,0.02
revision_dfm_kalman_em,pseudo,2024:Q3:pre_second:pseudo,2024-11-30,pre_second,2024:Q3,T,T,0.48651749479607576,5.551115123125783e-17,0.06464828698738606,4.487658779066796,True,1,0.02
indicator_revision_only_dfm_kalman_em,exact,2024:Q3:pre_third:exact,2024-12-18,pre_third,2024:Q3,A,A,0.40102172505939054,0.0,0.02765235301037497,4.047626541167718,True,1,0.02
indicator_revision_only_dfm_kalman_em,exact,2024:Q3:pre_third:exact,2024-12-18,pre_third,2024:Q3,A,M,0.014694420899502727,0.0,0.02765235301037497,4.047626541167718,True,1,0.02
indicator_revision_only_dfm_kalman_em,exact,2024:Q3:pre_third:exact,2024-12-18,pre_third,2024:Q3,A,S,0.014694420899502727,0.0,0.02765235301037497,4.047626541167718,True,1,0.02
indicator_revision_only_dfm_kalman_em,exact,2024:Q3:pre_third:exact,2024-12-18,pre_third,2024:Q3,A,T,0.014694420899502727,0.0,0.02765235301037497,4.047626541167718,True,1,0.02
indicator_revision_only_dfm_kalman_em,exact,2024:Q3:pre_third:exact,2024-12-18,pre_third,2024:Q3,M,A,0.014694420899502727,0.0,0.02765235301037497,4.047626541167718,True,1,0.02
indicator_revision_only_dfm_kalman_em,exact,2024:Q3:pre_third:exact,2024-12-18,pre_third,2024:Q3,M,M,4.047457014522489,0.0,0.02765235301037497,4.047626541167718,True,1,0.02
indicator_revision_only_dfm_kalman_em,exact,2024:Q3:pre_third:exact,2024-12-18,pre_third,2024:Q3,M,S,0.014694420899502727,0.0,0.02765235301037497,4.047626541167718,True,1,0.02
indicator_revision_only_dfm_kalman_em,exact,2024:Q3:pre_third:exact,2024-12-18,pre_third,2024:Q3,M,T,0.014694420899502727,0.0,0.02765235301037497,4.047626541167718,True,1,0.02
indicator_revision_only_dfm_kalman_em,exact,2024:Q3:pre_third:exact,2024-12-18,pre_third,2024:Q3,S,A,0.014694420899502727,0.0,0.02765235301037497,4.047626541167718,True,1,0.02
indicator_revision_only_dfm_kalman_em,exact,2024:Q3:pre_third:exact,2024-12-18,pre_third,2024:Q3,S,M,0.014694420899502727,0.0,0.02765235301037497,4.047626541167718,True,1,0.02
indicator_revision_only_dfm_kalman_em,exact,2024:Q3:pre_third:exact,2024-12-18,pre_third,2024:Q3,S,S,0.030031127523717602,0.0,0.02765235301037497,4.047626541167718,True,1,0.02
indicator_revision_only_dfm_kalman_em,exact,2024:Q3:pre_third:exact,2024-12-18,pre_third,2024:Q3,S,T,0.014694420899502727,0.0,0.02765235301037497,4.047626541167718,True,1,0.02
indicator_revision_only_dfm_kalman_em,exact,2024:Q3:pre_third:exact,2024-12-18,pre_third,2024:Q3,T,A,0.014694420899502727,0.0,0.02765235301037497,4.047626541167718,True,1,0.02
indicator_revision_only_dfm_kalman_em,exact,2024:Q3:pre_third:exact,2024-12-18,pre_third,2024:Q3,T,M,0.014694420899502727,0.0,0.02765235301037497,4.047626541167718,True,1,0.02
indicator_revision_only_dfm_kalman_em,exact,2024:Q3:pre_third:exact,2024-12-18,pre_third,2024:Q3,T,S,0.014694420899502727,0.0,0.02765235301037497,4.047626541167718,True,1,0.02
indicator_revision_only_dfm_kalman_em,exact,2024:Q3:pre_third:exact,2024-12-18,pre_third,2024:Q3,T,T,0.14129040460844539,0.0,0.02765235301037497,4.047626541167718,True,1,0.02
joint_indicator_revision_dfm_full_kalman_em,exact,2024:Q3:pre_third:exact,2024-12-18,pre_third,2024:Q3,A,A,0.24441034354555274,1.734723475976807e-18,0.031845342551580835,4.056629786727824,True,1,0.02
joint_indicator_revision_dfm_full_kalman_em,exact,2024:Q3:pre_third:exact,2024-12-18,pre_third,2024:Q3,A,M,0.007701736536008159,1.734723475976807e-18,0.031845342551580835,4.056629786727824,True,1,0.02
joint_indicator_revision_dfm_full_kalman_em,exact,2024:Q3:pre_third:exact,2024-12-18,pre_third,2024:Q3,A,S,0.010281244471590041,1.734723475976807e-18,0.031845342551580835,4.056629786727824,True,1,0.02
joint_indicator_revision_dfm_full_kalman_em,exact,2024:Q3:pre_third:exact,2024-12-18,pre_third,2024:Q3,A,T,0.008733539710240911,1.734723475976807e-18,0.031845342551580835,4.056629786727824,True,1,0.02
joint_indicator_revision_dfm_full_kalman_em,exact,2024:Q3:pre_third:exact,2024-12-18,pre_third,2024:Q3,M,A,0.007701736536008159,1.734723475976807e-18,0.031845342551580835,4.056629786727824,True,1,0.02
joint_indicator_revision_dfm_full_kalman_em,exact,2024:Q3:pre_third:exact,2024-12-18,pre_third,2024:Q3,M,M,4.056457465494618,1.734723475976807e-18,0.031845342551580835,4.056629786727824,True,1,0.02
joint_indicator_revision_dfm_full_kalman_em,exact,2024:Q3:pre_third:exact,2024-12-18,pre_third,2024:Q3,M,S,0.017423927698540016,1.734723475976807e-18,0.031845342551580835,4.056629786727824,True,1,0.02
joint_indicator_revision_dfm_full_kalman_em,exact,2024:Q3:pre_third:exact,2024-12-18,pre_third,2024:Q3,M,T,0.01773094426156734,1.734723475976807e-18,0.031845342551580835,4.056629786727824,True,1,0.02
joint_indicator_revision_dfm_full_kalman_em,exact,2024:Q3:pre_third:exact,2024-12-18,pre_third,2024:Q3,S,A,0.010281244471590041,1.734723475976807e-18,0.031845342551580835,4.056629786727824,True,1,0.02
joint_indicator_revision_dfm_full_kalman_em,exact,2024:Q3:pre_third:exact,2024-12-18,pre_third,2024:Q3,S,M,0.017423927698540016,1.734723475976807e-18,0.031845342551580835,4.056629786727824,True,1,0.02
joint_indicator_revision_dfm_full_kalman_em,exact,2024:Q3:pre_third:exact,2024-12-18,pre_third,2024:Q3,S,S,0.03505797322525109,1.734723475976807e-18,0.031845342551580835,4.056629786727824,True,1,0.02
joint_indicator_revision_dfm_full_kalman_em,exact,2024:Q3:pre_third:exact,2024-12-18,pre_third,2024:Q3,S,T,0.017281074034001014,1.734723475976807e-18,0.031845342551580835,4.056629786727824,True,1,0.02
joint_indicator_revision_dfm_full_kalman_em,exact,2024:Q3:pre_third:exact,2024-12-18,pre_third,2024:Q3,T,A,0.00873353971024091,1.734723475976807e-18,0.031845342551580835,4.056629786727824,True,1,0.02
joint_indicator_revision_dfm_full_kalman_em,exact,2024:Q3:pre_third:exact,2024-12-18,pre_third,2024:Q3,T,M,0.01773094426156734,1.734723475976807e-18,0.031845342551580835,4.056629786727824,True,1,0.02
joint_indicator_revision_dfm_full_kalman_em,exact,2024:Q3:pre_third:exact,2024-12-18,pre_third,2024:Q3,T,S,0.017281074034001014,1.734723475976807e-18,0.031845342551580835,4.056629786727824,True,1,0.02
joint_indicator_revision_dfm_full_kalman_em,exact,2024:Q3:pre_third:exact,2024-12-18,pre_third,2024:Q3,T,T,0.1388707857618981,1.734723475976807e-18,0.031845342551580835,4.056629786727824,True,1,0.02
monthly_mixed_frequency_kalman_em,exact,2024:Q3:pre_third:exact,2024-12-18,pre_third,2024:Q3,A,A,0.2969035940403595,0.0,0.057520787816607875,4.220872709260482,True,1,0.02
monthly_mixed_frequency_kalman_em,exact,2024:Q3:pre_third:exact,2024-12-18,pre_third,2024:Q3,A,M,-0.03952107896176342,0.0,0.057520787816607875,4.220872709260482,True,1,0.02
monthly_mixed_frequency_kalman_em,exact,2024:Q3:pre_third:exact,2024-12-18,pre_third,2024:Q3,A,S,0.029707139462532818,0.0,0.057520787816607875,4.220872709260482,True,1,0.02
monthly_mixed_frequency_kalman_em,exact,2024:Q3:pre_third:exact,2024-12-18,pre_third,2024:Q3,A,T,-0.008053706950719693,0.0,0.057520787816607875,4.220872709260482,True,1,0.02
monthly_mixed_frequency_kalman_em,exact,2024:Q3:pre_third:exact,2024-12-18,pre_third,2024:Q3,M,A,-0.03952107896176342,0.0,0.057520787816607875,4.220872709260482,True,1,0.02
monthly_mixed_frequency_kalman_em,exact,2024:Q3:pre_third:exact,2024-12-18,pre_third,2024:Q3,M,M,4.215441497794814,0.0,0.057520787816607875,4.220872709260482,True,1,0.02
monthly_mixed_frequency_kalman_em,exact,2024:Q3:pre_third:exact,2024-12-18,pre_third,2024:Q3,M,S,0.06147618939140789,0.0,0.057520787816607875,4.220872709260482,True,1,0.02
monthly_mixed_frequency_kalman_em,exact,2024:Q3:pre_third:exact,2024-12-18,pre_third,2024:Q3,M,T,0.12880770162685545,0.0,0.057520787816607875,4.220872709260482,True,1,0.02
monthly_mixed_frequency_kalman_em,exact,2024:Q3:pre_third:exact,2024-12-18,pre_third,2024:Q3,S,A,0.029707139462532818,0.0,0.057520787816607875,4.220872709260482,True,1,0.02
monthly_mixed_frequency_kalman_em,exact,2024:Q3:pre_third:exact,2024-12-18,pre_third,2024:Q3,S,M,0.06147618939140789,0.0,0.057520787816607875,4.220872709260482,True,1,0.02
monthly_mixed_frequency_kalman_em,exact,2024:Q3:pre_third:exact,2024-12-18,pre_third,2024:Q3,S,S,0.09573284599979731,0.0,0.057520787816607875,4.220872709260482,True,1,0.02
monthly_mixed_frequency_kalman_em,exact,2024:Q3:pre_third:exact,2024-12-18,pre_third,2024:Q3,S,T,0.053533926909189095,0.0,0.057520787816607875,4.220872709260482,True,1,0.02
monthly_mixed_frequency_kalman_em,exact,2024:Q3:pre_third:exact,2024-12-18,pre_third,2024:Q3,T,A,-0.008053706950719693,0.0,0.057520787816607875,4.220872709260482,True,1,0.02
monthly_mixed_frequency_kalman_em,exact,2024:Q3:pre_third:exact,2024-12-18,pre_third,2024:Q3,T,M,0.12880770162685545,0.0,0.057520787816607875,4.220872709260482,True,1,0.02
monthly_mixed_frequency_kalman_em,exact,2024:Q3:pre_third:exact,2024-12-18,pre_third,2024:Q3,T,S,0.053533926909189095,0.0,0.057520787816607875,4.220872709260482,True,1,0.02
monthly_mixed_frequency_kalman_em,exact,2024:Q3:pre_third:exact,2024-12-18,pre_third,2024:Q3,T,T,0.14405520555614038,0.0,0.057520787816607875,4.220872709260482,True,1,0.02
revision_dfm_kalman_em,exact,2024:Q3:pre_third:exact,2024-12-18,pre_third,2024:Q3,A,A,0.2219682304424519,3.469446951953614e-18,0.046850810487175834,4.045053008461522,True,1,0.02
revision_dfm_kalman_em,exact,2024:Q3:pre_third:exact,2024-12-18,pre_third,2024:Q3,A,M,0.00761484891579764,3.469446951953614e-18,0.046850810487175834,4.045053008461522,True,1,0.02
revision_dfm_kalman_em,exact,2024:Q3:pre_third:exact,2024-12-18,pre_third,2024:Q3,A,S,0.011169385343618329,3.469446951953614e-18,0.046850810487175834,4.045053008461522,True,1,0.02
revision_dfm_kalman_em,exact,2024:Q3:pre_third:exact,2024-12-18,pre_third,2024:Q3,A,T,0.009036663486925915,3.469446951953614e-18,0.046850810487175834,4.045053008461522,True,1,0.02
revision_dfm_kalman_em,exact,2024:Q3:pre_third:exact,2024-12-18,pre_third,2024:Q3,M,A,0.00761484891579764,3.469446951953614e-18,0.046850810487175834,4.045053008461522,True,1,0.02
revision_dfm_kalman_em,exact,2024:Q3:pre_third:exact,2024-12-18,pre_third,2024:Q3,M,M,4.044647567169702,3.469446951953614e-18,0.046850810487175834,4.045053008461522,True,1,0.02
revision_dfm_kalman_em,exact,2024:Q3:pre_third:exact,2024-12-18,pre_third,2024:Q3,M,S,0.027321228442522966,3.469446951953614e-18,0.046850810487175834,4.045053008461522,True,1,0.02
revision_dfm_kalman_em,exact,2024:Q3:pre_third:exact,2024-12-18,pre_third,2024:Q3,M,T,0.027943535164419553,3.469446951953614e-18,0.046850810487175834,4.045053008461522,True,1,0.02
revision_dfm_kalman_em,exact,2024:Q3:pre_third:exact,2024-12-18,pre_third,2024:Q3,S,A,0.01116938534361833,3.469446951953614e-18,0.046850810487175834,4.045053008461522,True,1,0.02
revision_dfm_kalman_em,exact,2024:Q3:pre_third:exact,2024-12-18,pre_third,2024:Q3,S,M,0.027321228442522966,3.469446951953614e-18,0.046850810487175834,4.045053008461522,True,1,0.02
revision_dfm_kalman_em,exact,2024:Q3:pre_third:exact,2024-12-18,pre_third,2024:Q3,S,S,0.055193599881146554,3.469446951953614e-18,0.046850810487175834,4.045053008461522,True,1,0.02
revision_dfm_kalman_em,exact,2024:Q3:pre_third:exact,2024-12-18,pre_third,2024:Q3,S,T,0.026998191580544874,3.469446951953614e-18,0.046850810487175834,4.045053008461522,True,1,0.02
revision_dfm_kalman_em,exact,2024:Q3:pre_third:exact,2024-12-18,pre_third,2024:Q3,T,A,0.009036663486925917,3.469446951953614e-18,0.046850810487175834,4.045053008461522,True,1,0.02
revision_dfm_kalman_em,exact,2024:Q3:pre_third:exact,2024-12-18,pre_third,2024:Q3,T,M,0.027943535164419553,3.469446951953614e-18,0.046850810487175834,4.045053008461522,True,1,0.02
revision_dfm_kalman_em,exact,2024:Q3:pre_third:exact,2024-12-18,pre_third,2024:Q3,T,S,0.02699819158054487,3.469446951953614e-18,0.046850810487175834,4.045053008461522,True,1,0.02
revision_dfm_kalman_em,exact,2024:Q3:pre_third:exact,2024-12-18,pre_third,2024:Q3,T,T,0.13990320889313804,3.469446951953614e-18,0.046850810487175834,4.045053008461522,True,1,0.02
indicator_revision_only_dfm_kalman_em,pseudo,2024:Q3:pre_third:pseudo,2024-12-31,pre_third,2024:Q3,A,A,0.4010220879100865,0.0,0.02765257394674193,4.0476266806473316,True,1,0.02
indicator_revision_only_dfm_kalman_em,pseudo,2024:Q3:pre_third:pseudo,2024-12-31,pre_third,2024:Q3,A,M,0.014694549620514984,0.0,0.02765257394674193,4.0476266806473316,True,1,0.02
indicator_revision_only_dfm_kalman_em,pseudo,2024:Q3:pre_third:pseudo,2024-12-31,pre_third,2024:Q3,A,S,0.014694549620514984,0.0,0.02765257394674193,4.0476266806473316,True,1,0.02
indicator_revision_only_dfm_kalman_em,pseudo,2024:Q3:pre_third:pseudo,2024-12-31,pre_third,2024:Q3,A,T,0.014694549620514984,0.0,0.02765257394674193,4.0476266806473316,True,1,0.02
indicator_revision_only_dfm_kalman_em,pseudo,2024:Q3:pre_third:pseudo,2024-12-31,pre_third,2024:Q3,M,A,0.014694549620514984,0.0,0.02765257394674193,4.0476266806473316,True,1,0.02
indicator_revision_only_dfm_kalman_em,pseudo,2024:Q3:pre_third:pseudo,2024-12-31,pre_third,2024:Q3,M,M,4.047457151018444,0.0,0.02765257394674193,4.0476266806473316,True,1,0.02
indicator_revision_only_dfm_kalman_em,pseudo,2024:Q3:pre_third:pseudo,2024-12-31,pre_third,2024:Q3,M,S,0.014694549620514984,0.0,0.02765257394674193,4.0476266806473316,True,1,0.02
indicator_revision_only_dfm_kalman_em,pseudo,2024:Q3:pre_third:pseudo,2024-12-31,pre_third,2024:Q3,M,T,0.014694549620514984,0.0,0.02765257394674193,4.0476266806473316,True,1,0.02
indicator_revision_only_dfm_kalman_em,pseudo,2024:Q3:pre_third:pseudo,2024-12-31,pre_third,2024:Q3,S,A,0.014694549620514984,0.0,0.02765257394674193,4.0476266806473316,True,1,0.02
indicator_revision_only_dfm_kalman_em,pseudo,2024:Q3:pre_third:pseudo,2024-12-31,pre_third,2024:Q3,S,M,0.014694549620514984,0.0,0.02765257394674193,4.0476266806473316,True,1,0.02
indicator_revision_only_dfm_kalman_em,pseudo,2024:Q3:pre_third:pseudo,2024-12-31,pre_third,2024:Q3,S,S,0.030031393484024477,0.0,0.02765257394674193,4.0476266806473316,True,1,0.02
indicator_revision_only_dfm_kalman_em,pseudo,2024:Q3:pre_third:pseudo,2024-12-31,pre_third,2024:Q3,S,T,0.014694549620514984,0.0,0.02765257394674193,4.0476266806473316,True,1,0.02
indicator_revision_only_dfm_kalman_em,pseudo,2024:Q3:pre_third:pseudo,2024-12-31,pre_third,2024:Q3,T,A,0.014694549620514984,0.0,0.02765257394674193,4.0476266806473316,True,1,0.02
indicator_revision_only_dfm_kalman_em,pseudo,2024:Q3:pre_third:pseudo,2024-12-31,pre_third,2024:Q3,T,M,0.014694549620514984,0.0,0.02765257394674193,4.0476266806473316,True,1,0.02
indicator_revision_only_dfm_kalman_em,pseudo,2024:Q3:pre_third:pseudo,2024-12-31,pre_third,2024:Q3,T,S,0.014694549620514984,0.0,0.02765257394674193,4.0476266806473316,True,1,0.02
indicator_revision_only_dfm_kalman_em,pseudo,2024:Q3:pre_third:pseudo,2024-12-31,pre_third,2024:Q3,T,T,0.14129031955326526,0.0,0.02765257394674193,4.0476266806473316,True,1,0.02
joint_indicator_revision_dfm_full_kalman_em,pseudo,2024:Q3:pre_third:pseudo,2024-12-31,pre_third,2024:Q3,A,A,0.24441208626531186,0.0,0.03184614269282046,4.0566279036220685,True,1,0.02
joint_indicator_revision_dfm_full_kalman_em,pseudo,2024:Q3:pre_third:pseudo,2024-12-31,pre_third,2024:Q3,A,M,0.00770080574406611,0.0,0.03184614269282046,4.0566279036220685,True,1,0.02
joint_indicator_revision_dfm_full_kalman_em,pseudo,2024:Q3:pre_third:pseudo,2024-12-31,pre_third,2024:Q3,A,S,0.010280940798645086,0.0,0.03184614269282046,4.0566279036220685,True,1,0.02
joint_indicator_revision_dfm_full_kalman_em,pseudo,2024:Q3:pre_third:pseudo,2024-12-31,pre_third,2024:Q3,A,T,0.0087328597658977,0.0,0.03184614269282046,4.0566279036220685,True,1,0.02
joint_indicator_revision_dfm_full_kalman_em,pseudo,2024:Q3:pre_third:pseudo,2024-12-31,pre_third,2024:Q3,M,A,0.00770080574406611,0.0,0.03184614269282046,4.0566279036220685,True,1,0.02
joint_indicator_revision_dfm_full_kalman_em,pseudo,2024:Q3:pre_third:pseudo,2024-12-31,pre_third,2024:Q3,M,M,4.056455577390491,0.0,0.03184614269282046,4.0566279036220685,True,1,0.02
joint_indicator_revision_dfm_full_kalman_em,pseudo,2024:Q3:pre_third:pseudo,2024-12-31,pre_third,2024:Q3,M,S,0.017424392753743873,0.0,0.03184614269282046,4.0566279036220685,True,1,0.02
joint_indicator_revision_dfm_full_kalman_em,pseudo,2024:Q3:pre_third:pseudo,2024-12-31,pre_third,2024:Q3,M,T,0.01773145339615475,0.0,0.03184614269282046,4.0566279036220685,True,1,0.02
joint_indicator_revision_dfm_full_kalman_em,pseudo,2024:Q3:pre_third:pseudo,2024-12-31,pre_third,2024:Q3,S,A,0.010280940798645086,0.0,0.03184614269282046,4.0566279036220685,True,1,0.02
joint_indicator_revision_dfm_full_kalman_em,pseudo,2024:Q3:pre_third:pseudo,2024-12-31,pre_third,2024:Q3,S,M,0.017424392753743873,0.0,0.03184614269282046,4.0566279036220685,True,1,0.02
joint_indicator_revision_dfm_full_kalman_em,pseudo,2024:Q3:pre_third:pseudo,2024-12-31,pre_third,2024:Q3,S,S,0.0350589111497737,0.0,0.03184614269282046,4.0566279036220685,True,1,0.02
joint_indicator_revision_dfm_full_kalman_em,pseudo,2024:Q3:pre_third:pseudo,2024-12-31,pre_third,2024:Q3,S,T,0.017281523714641898,0.0,0.03184614269282046,4.0566279036220685,True,1,0.02
joint_indicator_revision_dfm_full_kalman_em,pseudo,2024:Q3:pre_third:pseudo,2024-12-31,pre_third,2024:Q3,T,A,0.0087328597658977,0.0,0.03184614269282046,4.0566279036220685,True,1,0.02
joint_indicator_revision_dfm_full_kalman_em,pseudo,2024:Q3:pre_third:pseudo,2024-12-31,pre_third,2024:Q3,T,M,0.01773145339615475,0.0,0.03184614269282046,4.0566279036220685,True,1,0.02
joint_indicator_revision_dfm_full_kalman_em,pseudo,2024:Q3:pre_third:pseudo,2024-12-31,pre_third,2024:Q3,T,S,0.017281523714641898,0.0,0.03184614269282046,4.0566279036220685,True,1,0.02
joint_indicator_revision_dfm_full_kalman_em,pseudo,2024:Q3:pre_third:pseudo,2024-12-31,pre_third,2024:Q3,T,T,0.13887113508204424,0.0,0.03184614269282046,4.0566279036220685,True,1,0.02
monthly_mixed_frequency_kalman_em,pseudo,2024:Q3:pre_third:pseudo,2024-12-31,pre_third,2024:Q3,A,A,0.2969001763296824,0.0,0.057521007058020525,4.220872953364196,True,1,0.02
monthly_mixed_frequency_kalman_em,pseudo,2024:Q3:pre_third:pseudo,2024-12-31,pre_third,2024:Q3,A,M,-0.03952055004415077,0.0,0.057521007058020525,4.220872953364196,True,1,0.02
monthly_mixed_frequency_kalman_em,pseudo,2024:Q3:pre_third:pseudo,2024-12-31,pre_third,2024:Q3,A,S,0.029707135022909555,0.0,0.057521007058020525,4.220872953364196,True,1,0.02
monthly_mixed_frequency_kalman_em,pseudo,2024:Q3:pre_third:pseudo,2024-12-31,pre_third,2024:Q3,A,T,-0.008053420468214265,0.0,0.057521007058020525,4.220872953364196,True,1,0.02
monthly_mixed_frequency_kalman_em,pseudo,2024:Q3:pre_third:pseudo,2024-12-31,pre_third,2024:Q3,M,A,-0.03952055004415077,0.0,0.057521007058020525,4.220872953364196,True,1,0.02
monthly_mixed_frequency_kalman_em,pseudo,2024:Q3:pre_third:pseudo,2024-12-31,pre_third,2024:Q3,M,M,4.215441706907312,0.0,0.057521007058020525,4.220872953364196,True,1,0.02
monthly_mixed_frequency_kalman_em,pseudo,2024:Q3:pre_third:pseudo,2024-12-31,pre_third,2024:Q3,M,S,0.06147668677866463,0.0,0.057521007058020525,4.220872953364196,True,1,0.02
monthly_mixed_frequency_kalman_em,pseudo,2024:Q3:pre_third:pseudo,2024-12-31,pre_third,2024:Q3,M,T,0.1288081779938749,0.0,0.057521007058020525,4.220872953364196,True,1,0.02
monthly_mixed_frequency_kalman_em,pseudo,2024:Q3:pre_third:pseudo,2024-12-31,pre_third,2024:Q3,S,A,0.029707135022909555,0.0,0.057521007058020525,4.220872953364196,True,1,0.02
monthly_mixed_frequency_kalman_em,pseudo,2024:Q3:pre_third:pseudo,2024-12-31,pre_third,2024:Q3,S,M,0.06147668677866463,0.0,0.057521007058020525,4.220872953364196,True,1,0.02
monthly_mixed_frequency_kalman_em,pseudo,2024:Q3:pre_third:pseudo,2024-12-31,pre_third,2024:Q3,S,S,0.09573346286987851,0.0,0.057521007058020525,4.220872953364196,True,1,0.02
monthly_mixed_frequency_kalman_em,pseudo,2024:Q3:pre_third:pseudo,2024-12-31,pre_third,2024:Q3,S,T,0.05353429883972586,0.0,0.057521007058020525,4.220872953364196,True,1,0.02
monthly_mixed_frequency_kalman_em,pseudo,2024:Q3:pre_third:pseudo,2024-12-31,pre_third,2024:Q3,T,A,-0.008053420468214265,0.0,0.057521007058020525,4.220872953364196,True,1,0.02
monthly_mixed_frequency_kalman_em,pseudo,2024:Q3:pre_third:pseudo,2024-12-31,pre_third,2024:Q3,T,M,0.1288081779938749,0.0,0.057521007058020525,4.220872953364196,True,1,0.02
monthly_mixed_frequency_kalman_em,pseudo,2024:Q3:pre_third:pseudo,2024-12-31,pre_third,2024:Q3,T,S,0.05353429883972586,0.0,0.057521007058020525,4.220872953364196,True,1,0.02
monthly_mixed_frequency_kalman_em,pseudo,2024:Q3:pre_third:pseudo,2024-12-31,pre_third,2024:Q3,T,T,0.14405566573531642,0.0,0.057521007058020525,4.220872953364196,True,1,0.02
revision_dfm_kalman_em,pseudo,2024:Q3:pre_third:pseudo,2024-12-31,pre_third,2024:Q3,A,A,0.22196353445435005,1.734723475976807e-18,0.04685091880569278,4.045053668192415,True,1,0.02
revision_dfm_kalman_em,pseudo,2024:Q3:pre_third:pseudo,2024-12-31,pre_third,2024:Q3,A,M,0.007614806798473891,1.734723475976807e-18,0.04685091880569278,4.045053668192415,True,1,0.02
revision_dfm_kalman_em,pseudo,2024:Q3:pre_third:pseudo,2024-12-31,pre_third,2024:Q3,A,S,0.011169256072113479,1.734723475976807e-18,0.04685091880569278,4.045053668192415,True,1,0.02
revision_dfm_kalman_em,pseudo,2024:Q3:pre_third:pseudo,2024-12-31,pre_third,2024:Q3,A,T,0.009036586507929725,1.734723475976807e-18,0.04685091880569278,4.045053668192415,True,1,0.02
revision_dfm_kalman_em,pseudo,2024:Q3:pre_third:pseudo,2024-12-31,pre_third,2024:Q3,M,A,0.007614806798473891,1.734723475976807e-18,0.04685091880569278,4.045053668192415,True,1,0.02
revision_dfm_kalman_em,pseudo,2024:Q3:pre_third:pseudo,2024-12-31,pre_third,2024:Q3,M,M,4.044648224456973,1.734723475976807e-18,0.04685091880569278,4.045053668192415,True,1,0.02
revision_dfm_kalman_em,pseudo,2024:Q3:pre_third:pseudo,2024-12-31,pre_third,2024:Q3,M,S,0.02732132173866042,1.734723475976807e-18,0.04685091880569278,4.045053668192415,True,1,0.02
revision_dfm_kalman_em,pseudo,2024:Q3:pre_third:pseudo,2024-12-31,pre_third,2024:Q3,M,T,0.027943632736771577,1.734723475976807e-18,0.04685091880569278,4.045053668192415,True,1,0.02
revision_dfm_kalman_em,pseudo,2024:Q3:pre_third:pseudo,2024-12-31,pre_third,2024:Q3,S,A,0.011169256072113477,1.734723475976807e-18,0.04685091880569278,4.045053668192415,True,1,0.02
revision_dfm_kalman_em,pseudo,2024:Q3:pre_third:pseudo,2024-12-31,pre_third,2024:Q3,S,M,0.02732132173866042,1.734723475976807e-18,0.04685091880569278,4.045053668192415,True,1,0.02
revision_dfm_kalman_em,pseudo,2024:Q3:pre_third:pseudo,2024-12-31,pre_third,2024:Q3,S,S,0.05519377441364086,1.734723475976807e-18,0.04685091880569278,4.045053668192415,True,1,0.02
revision_dfm_kalman_em,pseudo,2024:Q3:pre_third:pseudo,2024-12-31,pre_third,2024:Q3,S,T,0.026998280425329483,1.734723475976807e-18,0.04685091880569278,4.045053668192415,True,1,0.02
revision_dfm_kalman_em,pseudo,2024:Q3:pre_third:pseudo,2024-12-31,pre_third,2024:Q3,T,A,0.009036586507929725,1.734723475976807e-18,0.04685091880569278,4.045053668192415,True,1,0.02
revision_dfm_kalman_em,pseudo,2024:Q3:pre_third:pseudo,2024-12-31,pre_third,2024:Q3,T,M,0.027943632736771577,1.734723475976807e-18,0.04685091880569278,4.045053668192415,True,1,0.02
revision_dfm_kalman_em,pseudo,2024:Q3:pre_third:pseudo,2024-12-31,pre_third,2024:Q3,T,S,0.026998280425329483,1.734723475976807e-18,0.04685091880569278,4.045053668192415,True,1,0.02
revision_dfm_kalman_em,pseudo,2024:Q3:pre_third:pseudo,2024-12-31,pre_third,2024:Q3,T,T,0.13990314188753358,1.734723475976807e-18,0.04685091880569278,4.045053668192415,True,1,0.02
indicator_revision_only_dfm_kalman_em,exact,2024:Q4:pre_advance:exact,2025-01-29,pre_advance,2024:Q4,A,A,4.2362106661307966,0.0,0.06525142676929677,16.73794138256978,True,1,0.02
indicator_revision_only_dfm_kalman_em,exact,2024:Q4:pre_advance:exact,2025-01-29,pre_advance,2024:Q4,A,M,3.849823951467238,0.0,0.06525142676929677,16.73794138256978,True,1,0.02
indicator_revision_only_dfm_kalman_em,exact,2024:Q4:pre_advance:exact,2025-01-29,pre_advance,2024:Q4,A,S,3.849823951467238,0.0,0.06525142676929677,16.73794138256978,True,1,0.02
indicator_revision_only_dfm_kalman_em,exact,2024:Q4:pre_advance:exact,2025-01-29,pre_advance,2024:Q4,A,T,3.849823951467238,0.0,0.06525142676929677,16.73794138256978,True,1,0.02
indicator_revision_only_dfm_kalman_em,exact,2024:Q4:pre_advance:exact,2025-01-29,pre_advance,2024:Q4,M,A,3.849823951467238,0.0,0.06525142676929677,16.73794138256978,True,1,0.02
indicator_revision_only_dfm_kalman_em,exact,2024:Q4:pre_advance:exact,2025-01-29,pre_advance,2024:Q4,M,M,7.864810600239829,0.0,0.06525142676929677,16.73794138256978,True,1,0.02
indicator_revision_only_dfm_kalman_em,exact,2024:Q4:pre_advance:exact,2025-01-29,pre_advance,2024:Q4,M,S,3.849823951467238,0.0,0.06525142676929677,16.73794138256978,True,1,0.02
indicator_revision_only_dfm_kalman_em,exact,2024:Q4:pre_advance:exact,2025-01-29,pre_advance,2024:Q4,M,T,3.849823951467238,0.0,0.06525142676929677,16.73794138256978,True,1,0.02
indicator_revision_only_dfm_kalman_em,exact,2024:Q4:pre_advance:exact,2025-01-29,pre_advance,2024:Q4,S,A,3.849823951467238,0.0,0.06525142676929677,16.73794138256978,True,1,0.02
indicator_revision_only_dfm_kalman_em,exact,2024:Q4:pre_advance:exact,2025-01-29,pre_advance,2024:Q4,S,M,3.849823951467238,0.0,0.06525142676929677,16.73794138256978,True,1,0.02
indicator_revision_only_dfm_kalman_em,exact,2024:Q4:pre_advance:exact,2025-01-29,pre_advance,2024:Q4,S,S,3.8651076310468917,0.0,0.06525142676929677,16.73794138256978,True,1,0.02
indicator_revision_only_dfm_kalman_em,exact,2024:Q4:pre_advance:exact,2025-01-29,pre_advance,2024:Q4,S,T,3.849823951467238,0.0,0.06525142676929677,16.73794138256978,True,1,0.02
indicator_revision_only_dfm_kalman_em,exact,2024:Q4:pre_advance:exact,2025-01-29,pre_advance,2024:Q4,T,A,3.849823951467238,0.0,0.06525142676929677,16.73794138256978,True,1,0.02
indicator_revision_only_dfm_kalman_em,exact,2024:Q4:pre_advance:exact,2025-01-29,pre_advance,2024:Q4,T,M,3.849823951467238,0.0,0.06525142676929677,16.73794138256978,True,1,0.02
indicator_revision_only_dfm_kalman_em,exact,2024:Q4:pre_advance:exact,2025-01-29,pre_advance,2024:Q4,T,S,3.849823951467238,0.0,0.06525142676929677,16.73794138256978,True,1,0.02
indicator_revision_only_dfm_kalman_em,exact,2024:Q4:pre_advance:exact,2025-01-29,pre_advance,2024:Q4,T,T,3.9761029977126743,0.0,0.06525142676929677,16.73794138256978,True,1,0.02
joint_indicator_revision_dfm_full_kalman_em,exact,2024:Q4:pre_advance:exact,2025-01-29,pre_advance,2024:Q4,A,A,3.032324104716272,8.881784197001252e-16,0.06333896445166219,15.886151941697623,True,1,0.02
joint_indicator_revision_dfm_full_kalman_em,exact,2024:Q4:pre_advance:exact,2025-01-29,pre_advance,2024:Q4,A,M,3.2975128353915237,8.881784197001252e-16,0.06333896445166219,15.886151941697623,True,1,0.02
joint_indicator_revision_dfm_full_kalman_em,exact,2024:Q4:pre_advance:exact,2025-01-29,pre_advance,2024:Q4,A,S,3.275123872227974,8.881784197001252e-16,0.06333896445166219,15.886151941697623,True,1,0.02
joint_indicator_revision_dfm_full_kalman_em,exact,2024:Q4:pre_advance:exact,2025-01-29,pre_advance,2024:Q4,A,T,3.2885572501261033,8.881784197001252e-16,0.06333896445166219,15.886151941697623,True,1,0.02
joint_indicator_revision_dfm_full_kalman_em,exact,2024:Q4:pre_advance:exact,2025-01-29,pre_advance,2024:Q4,M,A,3.2975128353915237,8.881784197001252e-16,0.06333896445166219,15.886151941697623,True,1,0.02
joint_indicator_revision_dfm_full_kalman_em,exact,2024:Q4:pre_advance:exact,2025-01-29,pre_advance,2024:Q4,M,M,7.951215318307971,8.881784197001252e-16,0.06333896445166219,15.886151941697623,True,1,0.02
joint_indicator_revision_dfm_full_kalman_em,exact,2024:Q4:pre_advance:exact,2025-01-29,pre_advance,2024:Q4,M,S,3.899125876373929,8.881784197001252e-16,0.06333896445166219,15.886151941697623,True,1,0.02
joint_indicator_revision_dfm_full_kalman_em,exact,2024:Q4:pre_advance:exact,2025-01-29,pre_advance,2024:Q4,M,T,3.9181241829312685,8.881784197001252e-16,0.06333896445166219,15.886151941697623,True,1,0.02
joint_indicator_revision_dfm_full_kalman_em,exact,2024:Q4:pre_advance:exact,2025-01-29,pre_advance,2024:Q4,S,A,3.2751238722279736,8.881784197001252e-16,0.06333896445166219,15.886151941697623,True,1,0.02
joint_indicator_revision_dfm_full_kalman_em,exact,2024:Q4:pre_advance:exact,2025-01-29,pre_advance,2024:Q4,S,M,3.899125876373929,8.881784197001252e-16,0.06333896445166219,15.886151941697623,True,1,0.02
joint_indicator_revision_dfm_full_kalman_em,exact,2024:Q4:pre_advance:exact,2025-01-29,pre_advance,2024:Q4,S,S,3.885968734008632,8.881784197001252e-16,0.06333896445166219,15.886151941697623,True,1,0.02
joint_indicator_revision_dfm_full_kalman_em,exact,2024:Q4:pre_advance:exact,2025-01-29,pre_advance,2024:Q4,S,T,3.88664583629101,8.881784197001252e-16,0.06333896445166219,15.886151941697623,True,1,0.02
joint_indicator_revision_dfm_full_kalman_em,exact,2024:Q4:pre_advance:exact,2025-01-29,pre_advance,2024:Q4,T,A,3.2885572501261033,8.881784197001252e-16,0.06333896445166219,15.886151941697623,True,1,0.02
joint_indicator_revision_dfm_full_kalman_em,exact,2024:Q4:pre_advance:exact,2025-01-29,pre_advance,2024:Q4,T,M,3.9181241829312685,8.881784197001252e-16,0.06333896445166219,15.886151941697623,True,1,0.02
joint_indicator_revision_dfm_full_kalman_em,exact,2024:Q4:pre_advance:exact,2025-01-29,pre_advance,2024:Q4,T,S,3.886645836291011,8.881784197001252e-16,0.06333896445166219,15.886151941697623,True,1,0.02
joint_indicator_revision_dfm_full_kalman_em,exact,2024:Q4:pre_advance:exact,2025-01-29,pre_advance,2024:Q4,T,T,4.0264393248158745,8.881784197001252e-16,0.06333896445166219,15.886151941697623,True,1,0.02
monthly_mixed_frequency_kalman_em,exact,2024:Q4:pre_advance:exact,2025-01-29,pre_advance,2024:Q4,A,A,4.458831516590061,0.0,0.0604256008828082,18.550942960252026,True,1,0.02
monthly_mixed_frequency_kalman_em,exact,2024:Q4:pre_advance:exact,2025-01-29,pre_advance,2024:Q4,A,M,4.171279437429214,0.0,0.0604256008828082,18.550942960252026,True,1,0.02
monthly_mixed_frequency_kalman_em,exact,2024:Q4:pre_advance:exact,2025-01-29,pre_advance,2024:Q4,A,S,4.213258103797974,0.0,0.0604256008828082,18.550942960252026,True,1,0.02
monthly_mixed_frequency_kalman_em,exact,2024:Q4:pre_advance:exact,2025-01-29,pre_advance,2024:Q4,A,T,4.190360649415014,0.0,0.0604256008828082,18.550942960252026,True,1,0.02
monthly_mixed_frequency_kalman_em,exact,2024:Q4:pre_advance:exact,2025-01-29,pre_advance,2024:Q4,M,A,4.171279437429214,0.0,0.0604256008828082,18.550942960252026,True,1,0.02
monthly_mixed_frequency_kalman_em,exact,2024:Q4:pre_advance:exact,2025-01-29,pre_advance,2024:Q4,M,M,8.588196082879154,0.0,0.0604256008828082,18.550942960252026,True,1,0.02
monthly_mixed_frequency_kalman_em,exact,2024:Q4:pre_advance:exact,2025-01-29,pre_advance,2024:Q4,M,S,4.3534512327887445,0.0,0.0604256008828082,18.550942960252026,True,1,0.02
monthly_mixed_frequency_kalman_em,exact,2024:Q4:pre_advance:exact,2025-01-29,pre_advance,2024:Q4,M,T,4.474899096361765,0.0,0.0604256008828082,18.550942960252026,True,1,0.02
monthly_mixed_frequency_kalman_em,exact,2024:Q4:pre_advance:exact,2025-01-29,pre_advance,2024:Q4,S,A,4.213258103797974,0.0,0.0604256008828082,18.550942960252026,True,1,0.02
monthly_mixed_frequency_kalman_em,exact,2024:Q4:pre_advance:exact,2025-01-29,pre_advance,2024:Q4,S,M,4.3534512327887445,0.0,0.0604256008828082,18.550942960252026,True,1,0.02
monthly_mixed_frequency_kalman_em,exact,2024:Q4:pre_advance:exact,2025-01-29,pre_advance,2024:Q4,S,S,4.3278040316421045,0.0,0.0604256008828082,18.550942960252026,True,1,0.02
monthly_mixed_frequency_kalman_em,exact,2024:Q4:pre_advance:exact,2025-01-29,pre_advance,2024:Q4,S,T,4.318402950541053,0.0,0.0604256008828082,18.550942960252026,True,1,0.02
monthly_mixed_frequency_kalman_em,exact,2024:Q4:pre_advance:exact,2025-01-29,pre_advance,2024:Q4,T,A,4.190360649415014,0.0,0.0604256008828082,18.550942960252026,True,1,0.02
monthly_mixed_frequency_kalman_em,exact,2024:Q4:pre_advance:exact,2025-01-29,pre_advance,2024:Q4,T,M,4.474899096361765,0.0,0.0604256008828082,18.550942960252026,True,1,0.02
monthly_mixed_frequency_kalman_em,exact,2024:Q4:pre_advance:exact,2025-01-29,pre_advance,2024:Q4,T,S,4.318402950541053,0.0,0.0604256008828082,18.550942960252026,True,1,0.02
monthly_mixed_frequency_kalman_em,exact,2024:Q4:pre_advance:exact,2025-01-29,pre_advance,2024:Q4,T,T,4.453197814386204,0.0,0.0604256008828082,18.550942960252026,True,1,0.02
revision_dfm_kalman_em,exact,2024:Q4:pre_advance:exact,2025-01-29,pre_advance,2024:Q4,A,A,2.909223475317604,4.440892098500626e-16,0.06501541115212045,14.565191272172878,True,1,0.02
revision_dfm_kalman_em,exact,2024:Q4:pre_advance:exact,2025-01-29,pre_advance,2024:Q4,A,M,3.0300000018621804,4.440892098500626e-16,0.06501541115212045,14.565191272172878,True,1,0.02
revision_dfm_kalman_em,exact,2024:Q4:pre_advance:exact,2025-01-29,pre_advance,2024:Q4,A,S,3.0167909025320925,4.440892098500626e-16,0.06501541115212045,14.565191272172878,True,1,0.02
revision_dfm_kalman_em,exact,2024:Q4:pre_advance:exact,2025-01-29,pre_advance,2024:Q4,A,T,3.024716362130145,4.440892098500626e-16,0.06501541115212045,14.565191272172878,True,1,0.02
revision_dfm_kalman_em,exact,2024:Q4:pre_advance:exact,2025-01-29,pre_advance,2024:Q4,M,A,3.0300000018621804,4.440892098500626e-16,0.06501541115212045,14.565191272172878,True,1,0.02
revision_dfm_kalman_em,exact,2024:Q4:pre_advance:exact,2025-01-29,pre_advance,2024:Q4,M,M,7.541089824049732,4.440892098500626e-16,0.06501541115212045,14.565191272172878,True,1,0.02
revision_dfm_kalman_em,exact,2024:Q4:pre_advance:exact,2025-01-29,pre_advance,2024:Q4,M,S,3.508185124010268,4.440892098500626e-16,0.06501541115212045,14.565191272172878,True,1,0.02
revision_dfm_kalman_em,exact,2024:Q4:pre_advance:exact,2025-01-29,pre_advance,2024:Q4,M,T,3.523285706814944,4.440892098500626e-16,0.06501541115212045,14.565191272172878,True,1,0.02
revision_dfm_kalman_em,exact,2024:Q4:pre_advance:exact,2025-01-29,pre_advance,2024:Q4,S,A,3.0167909025320925,4.440892098500626e-16,0.06501541115212045,14.565191272172878,True,1,0.02
revision_dfm_kalman_em,exact,2024:Q4:pre_advance:exact,2025-01-29,pre_advance,2024:Q4,S,M,3.508185124010268,4.440892098500626e-16,0.06501541115212045,14.565191272172878,True,1,0.02
revision_dfm_kalman_em,exact,2024:Q4:pre_advance:exact,2025-01-29,pre_advance,2024:Q4,S,S,3.5075455161912266,4.440892098500626e-16,0.06501541115212045,14.565191272172878,True,1,0.02
revision_dfm_kalman_em,exact,2024:Q4:pre_advance:exact,2025-01-29,pre_advance,2024:Q4,S,T,3.498357239580704,4.440892098500626e-16,0.06501541115212045,14.565191272172878,True,1,0.02
revision_dfm_kalman_em,exact,2024:Q4:pre_advance:exact,2025-01-29,pre_advance,2024:Q4,T,A,3.024716362130145,4.440892098500626e-16,0.06501541115212045,14.565191272172878,True,1,0.02
revision_dfm_kalman_em,exact,2024:Q4:pre_advance:exact,2025-01-29,pre_advance,2024:Q4,T,M,3.523285706814944,4.440892098500626e-16,0.06501541115212045,14.565191272172878,True,1,0.02
revision_dfm_kalman_em,exact,2024:Q4:pre_advance:exact,2025-01-29,pre_advance,2024:Q4,T,S,3.4983572395807037,4.440892098500626e-16,0.06501541115212045,14.565191272172878,True,1,0.02
revision_dfm_kalman_em,exact,2024:Q4:pre_advance:exact,2025-01-29,pre_advance,2024:Q4,T,T,3.629152571219272,4.440892098500626e-16,0.06501541115212045,14.565191272172878,True,1,0.02
indicator_revision_only_dfm_kalman_em,pseudo,2024:Q4:pre_advance:pseudo,2025-01-31,pre_advance,2024:Q4,A,A,4.236305020502339,0.0,0.06525144906782898,16.738313201444434,True,1,0.02
indicator_revision_only_dfm_kalman_em,pseudo,2024:Q4:pre_advance:pseudo,2025-01-31,pre_advance,2024:Q4,A,M,3.8499182868232893,0.0,0.06525144906782898,16.738313201444434,True,1,0.02
indicator_revision_only_dfm_kalman_em,pseudo,2024:Q4:pre_advance:pseudo,2025-01-31,pre_advance,2024:Q4,A,S,3.8499182868232893,0.0,0.06525144906782898,16.738313201444434,True,1,0.02
indicator_revision_only_dfm_kalman_em,pseudo,2024:Q4:pre_advance:pseudo,2025-01-31,pre_advance,2024:Q4,A,T,3.8499182868232893,0.0,0.06525144906782898,16.738313201444434,True,1,0.02
indicator_revision_only_dfm_kalman_em,pseudo,2024:Q4:pre_advance:pseudo,2025-01-31,pre_advance,2024:Q4,M,A,3.8499182868232893,0.0,0.06525144906782898,16.738313201444434,True,1,0.02
indicator_revision_only_dfm_kalman_em,pseudo,2024:Q4:pre_advance:pseudo,2025-01-31,pre_advance,2024:Q4,M,M,7.864904890496411,0.0,0.06525144906782898,16.738313201444434,True,1,0.02
indicator_revision_only_dfm_kalman_em,pseudo,2024:Q4:pre_advance:pseudo,2025-01-31,pre_advance,2024:Q4,M,S,3.8499182868232893,0.0,0.06525144906782898,16.738313201444434,True,1,0.02
indicator_revision_only_dfm_kalman_em,pseudo,2024:Q4:pre_advance:pseudo,2025-01-31,pre_advance,2024:Q4,M,T,3.8499182868232893,0.0,0.06525144906782898,16.738313201444434,True,1,0.02
indicator_revision_only_dfm_kalman_em,pseudo,2024:Q4:pre_advance:pseudo,2025-01-31,pre_advance,2024:Q4,S,A,3.8499182868232893,0.0,0.06525144906782898,16.738313201444434,True,1,0.02
indicator_revision_only_dfm_kalman_em,pseudo,2024:Q4:pre_advance:pseudo,2025-01-31,pre_advance,2024:Q4,S,M,3.8499182868232893,0.0,0.06525144906782898,16.738313201444434,True,1,0.02
indicator_revision_only_dfm_kalman_em,pseudo,2024:Q4:pre_advance:pseudo,2025-01-31,pre_advance,2024:Q4,S,S,3.865202073140085,0.0,0.06525144906782898,16.738313201444434,True,1,0.02
indicator_revision_only_dfm_kalman_em,pseudo,2024:Q4:pre_advance:pseudo,2025-01-31,pre_advance,2024:Q4,S,T,3.8499182868232893,0.0,0.06525144906782898,16.738313201444434,True,1,0.02
indicator_revision_only_dfm_kalman_em,pseudo,2024:Q4:pre_advance:pseudo,2025-01-31,pre_advance,2024:Q4,T,A,3.8499182868232893,0.0,0.06525144906782898,16.738313201444434,True,1,0.02
indicator_revision_only_dfm_kalman_em,pseudo,2024:Q4:pre_advance:pseudo,2025-01-31,pre_advance,2024:Q4,T,M,3.8499182868232893,0.0,0.06525144906782898,16.738313201444434,True,1,0.02
indicator_revision_only_dfm_kalman_em,pseudo,2024:Q4:pre_advance:pseudo,2025-01-31,pre_advance,2024:Q4,T,S,3.8499182868232893,0.0,0.06525144906782898,16.738313201444434,True,1,0.02
indicator_revision_only_dfm_kalman_em,pseudo,2024:Q4:pre_advance:pseudo,2025-01-31,pre_advance,2024:Q4,T,T,3.9761972058426327,0.0,0.06525144906782898,16.738313201444434,True,1,0.02
joint_indicator_revision_dfm_full_kalman_em,pseudo,2024:Q4:pre_advance:pseudo,2025-01-31,pre_advance,2024:Q4,A,A,3.0327202965362683,4.440892098500626e-16,0.06333900078982868,15.887465726069669,True,1,0.02
joint_indicator_revision_dfm_full_kalman_em,pseudo,2024:Q4:pre_advance:pseudo,2025-01-31,pre_advance,2024:Q4,A,M,3.297876482752196,4.440892098500626e-16,0.06333900078982868,15.887465726069669,True,1,0.02
joint_indicator_revision_dfm_full_kalman_em,pseudo,2024:Q4:pre_advance:pseudo,2025-01-31,pre_advance,2024:Q4,A,S,3.2754898561356667,4.440892098500626e-16,0.06333900078982868,15.887465726069669,True,1,0.02
joint_indicator_revision_dfm_full_kalman_em,pseudo,2024:Q4:pre_advance:pseudo,2025-01-31,pre_advance,2024:Q4,A,T,3.2889218321055846,4.440892098500626e-16,0.06333900078982868,15.887465726069669,True,1,0.02
joint_indicator_revision_dfm_full_kalman_em,pseudo,2024:Q4:pre_advance:pseudo,2025-01-31,pre_advance,2024:Q4,M,A,3.297876482752196,4.440892098500626e-16,0.06333900078982868,15.887465726069669,True,1,0.02
joint_indicator_revision_dfm_full_kalman_em,pseudo,2024:Q4:pre_advance:pseudo,2025-01-31,pre_advance,2024:Q4,M,M,7.951533201879439,4.440892098500626e-16,0.06333900078982868,15.887465726069669,True,1,0.02
joint_indicator_revision_dfm_full_kalman_em,pseudo,2024:Q4:pre_advance:pseudo,2025-01-31,pre_advance,2024:Q4,M,S,3.8994468883117137,4.440892098500626e-16,0.06333900078982868,15.887465726069669,True,1,0.02
joint_indicator_revision_dfm_full_kalman_em,pseudo,2024:Q4:pre_advance:pseudo,2025-01-31,pre_advance,2024:Q4,M,T,3.9184438484872777,4.440892098500626e-16,0.06333900078982868,15.887465726069669,True,1,0.02
joint_indicator_revision_dfm_full_kalman_em,pseudo,2024:Q4:pre_advance:pseudo,2025-01-31,pre_advance,2024:Q4,S,A,3.2754898561356662,4.440892098500626e-16,0.06333900078982868,15.887465726069669,True,1,0.02
joint_indicator_revision_dfm_full_kalman_em,pseudo,2024:Q4:pre_advance:pseudo,2025-01-31,pre_advance,2024:Q4,S,M,3.8994468883117137,4.440892098500626e-16,0.06333900078982868,15.887465726069669,True,1,0.02
joint_indicator_revision_dfm_full_kalman_em,pseudo,2024:Q4:pre_advance:pseudo,2025-01-31,pre_advance,2024:Q4,S,S,3.886292435755667,4.440892098500626e-16,0.06333900078982868,15.887465726069669,True,1,0.02
joint_indicator_revision_dfm_full_kalman_em,pseudo,2024:Q4:pre_advance:pseudo,2025-01-31,pre_advance,2024:Q4,S,T,3.886967747668193,4.440892098500626e-16,0.06333900078982868,15.887465726069669,True,1,0.02
joint_indicator_revision_dfm_full_kalman_em,pseudo,2024:Q4:pre_advance:pseudo,2025-01-31,pre_advance,2024:Q4,T,A,3.288921832105584,4.440892098500626e-16,0.06333900078982868,15.887465726069669,True,1,0.02
joint_indicator_revision_dfm_full_kalman_em,pseudo,2024:Q4:pre_advance:pseudo,2025-01-31,pre_advance,2024:Q4,T,M,3.9184438484872777,4.440892098500626e-16,0.06333900078982868,15.887465726069669,True,1,0.02
joint_indicator_revision_dfm_full_kalman_em,pseudo,2024:Q4:pre_advance:pseudo,2025-01-31,pre_advance,2024:Q4,T,S,3.886967747668193,4.440892098500626e-16,0.06333900078982868,15.887465726069669,True,1,0.02
joint_indicator_revision_dfm_full_kalman_em,pseudo,2024:Q4:pre_advance:pseudo,2025-01-31,pre_advance,2024:Q4,T,T,4.026759639400041,4.440892098500626e-16,0.06333900078982868,15.887465726069669,True,1,0.02
monthly_mixed_frequency_kalman_em,pseudo,2024:Q4:pre_advance:pseudo,2025-01-31,pre_advance,2024:Q4,A,A,4.458536809355601,0.0,0.06042581459253904,18.54995861393381,True,1,0.02
monthly_mixed_frequency_kalman_em,pseudo,2024:Q4:pre_advance:pseudo,2025-01-31,pre_advance,2024:Q4,A,M,4.171022994122971,0.0,0.06042581459253904,18.54995861393381,True,1,0.02
monthly_mixed_frequency_kalman_em,pseudo,2024:Q4:pre_advance:pseudo,2025-01-31,pre_advance,2024:Q4,A,S,4.212984510343531,0.0,0.06042581459253904,18.54995861393381,True,1,0.02
monthly_mixed_frequency_kalman_em,pseudo,2024:Q4:pre_advance:pseudo,2025-01-31,pre_advance,2024:Q4,A,T,4.190096410586862,0.0,0.06042581459253904,18.54995861393381,True,1,0.02
monthly_mixed_frequency_kalman_em,pseudo,2024:Q4:pre_advance:pseudo,2025-01-31,pre_advance,2024:Q4,M,A,4.171022994122971,0.0,0.06042581459253904,18.54995861393381,True,1,0.02
monthly_mixed_frequency_kalman_em,pseudo,2024:Q4:pre_advance:pseudo,2025-01-31,pre_advance,2024:Q4,M,M,8.58797704762899,0.0,0.06042581459253904,18.54995861393381,True,1,0.02
monthly_mixed_frequency_kalman_em,pseudo,2024:Q4:pre_advance:pseudo,2025-01-31,pre_advance,2024:Q4,M,S,4.353210869551366,0.0,0.06042581459253904,18.54995861393381,True,1,0.02
monthly_mixed_frequency_kalman_em,pseudo,2024:Q4:pre_advance:pseudo,2025-01-31,pre_advance,2024:Q4,M,T,4.4746694531702955,0.0,0.06042581459253904,18.54995861393381,True,1,0.02
monthly_mixed_frequency_kalman_em,pseudo,2024:Q4:pre_advance:pseudo,2025-01-31,pre_advance,2024:Q4,S,A,4.212984510343531,0.0,0.06042581459253904,18.54995861393381,True,1,0.02
monthly_mixed_frequency_kalman_em,pseudo,2024:Q4:pre_advance:pseudo,2025-01-31,pre_advance,2024:Q4,S,M,4.353210869551366,0.0,0.06042581459253904,18.54995861393381,True,1,0.02
monthly_mixed_frequency_kalman_em,pseudo,2024:Q4:pre_advance:pseudo,2025-01-31,pre_advance,2024:Q4,S,S,4.327546207223846,0.0,0.06042581459253904,18.54995861393381,True,1,0.02
monthly_mixed_frequency_kalman_em,pseudo,2024:Q4:pre_advance:pseudo,2025-01-31,pre_advance,2024:Q4,S,T,4.318154279749407,0.0,0.06042581459253904,18.54995861393381,True,1,0.02
monthly_mixed_frequency_kalman_em,pseudo,2024:Q4:pre_advance:pseudo,2025-01-31,pre_advance,2024:Q4,T,A,4.190096410586862,0.0,0.06042581459253904,18.54995861393381,True,1,0.02
monthly_mixed_frequency_kalman_em,pseudo,2024:Q4:pre_advance:pseudo,2025-01-31,pre_advance,2024:Q4,T,M,4.4746694531702955,0.0,0.06042581459253904,18.54995861393381,True,1,0.02
monthly_mixed_frequency_kalman_em,pseudo,2024:Q4:pre_advance:pseudo,2025-01-31,pre_advance,2024:Q4,T,S,4.318154279749407,0.0,0.06042581459253904,18.54995861393381,True,1,0.02
monthly_mixed_frequency_kalman_em,pseudo,2024:Q4:pre_advance:pseudo,2025-01-31,pre_advance,2024:Q4,T,T,4.452959368811601,0.0,0.06042581459253904,18.54995861393381,True,1,0.02
revision_dfm_kalman_em,pseudo,2024:Q4:pre_advance:pseudo,2025-01-31,pre_advance,2024:Q4,A,A,2.9091144848841775,4.440892098500626e-16,0.06501545878249251,14.564748716906696,True,1,0.02
revision_dfm_kalman_em,pseudo,2024:Q4:pre_advance:pseudo,2025-01-31,pre_advance,2024:Q4,A,M,3.0298863961276155,4.440892098500626e-16,0.06501545878249251,14.564748716906696,True,1,0.02
revision_dfm_kalman_em,pseudo,2024:Q4:pre_advance:pseudo,2025-01-31,pre_advance,2024:Q4,A,S,3.0166774358317623,4.440892098500626e-16,0.06501545878249251,14.564748716906696,True,1,0.02
revision_dfm_kalman_em,pseudo,2024:Q4:pre_advance:pseudo,2025-01-31,pre_advance,2024:Q4,A,T,3.0246028120092743,4.440892098500626e-16,0.06501545878249251,14.564748716906696,True,1,0.02
revision_dfm_kalman_em,pseudo,2024:Q4:pre_advance:pseudo,2025-01-31,pre_advance,2024:Q4,M,A,3.0298863961276155,4.440892098500626e-16,0.06501545878249251,14.564748716906696,True,1,0.02
revision_dfm_kalman_em,pseudo,2024:Q4:pre_advance:pseudo,2025-01-31,pre_advance,2024:Q4,M,M,7.540975245344384,4.440892098500626e-16,0.06501545878249251,14.564748716906696,True,1,0.02
revision_dfm_kalman_em,pseudo,2024:Q4:pre_advance:pseudo,2025-01-31,pre_advance,2024:Q4,M,S,3.5080703218028066,4.440892098500626e-16,0.06501545878249251,14.564748716906696,True,1,0.02
revision_dfm_kalman_em,pseudo,2024:Q4:pre_advance:pseudo,2025-01-31,pre_advance,2024:Q4,M,T,3.5231708668241284,4.440892098500626e-16,0.06501545878249251,14.564748716906696,True,1,0.02
revision_dfm_kalman_em,pseudo,2024:Q4:pre_advance:pseudo,2025-01-31,pre_advance,2024:Q4,S,A,3.0166774358317623,4.440892098500626e-16,0.06501545878249251,14.564748716906696,True,1,0.02
revision_dfm_kalman_em,pseudo,2024:Q4:pre_advance:pseudo,2025-01-31,pre_advance,2024:Q4,S,M,3.5080703218028066,4.440892098500626e-16,0.06501545878249251,14.564748716906696,True,1,0.02
revision_dfm_kalman_em,pseudo,2024:Q4:pre_advance:pseudo,2025-01-31,pre_advance,2024:Q4,S,S,3.5074309035035927,4.440892098500626e-16,0.06501545878249251,14.564748716906696,True,1,0.02
revision_dfm_kalman_em,pseudo,2024:Q4:pre_advance:pseudo,2025-01-31,pre_advance,2024:Q4,S,T,3.498242464083386,4.440892098500626e-16,0.06501545878249251,14.564748716906696,True,1,0.02
revision_dfm_kalman_em,pseudo,2024:Q4:pre_advance:pseudo,2025-01-31,pre_advance,2024:Q4,T,A,3.024602812009274,4.440892098500626e-16,0.06501545878249251,14.564748716906696,True,1,0.02
revision_dfm_kalman_em,pseudo,2024:Q4:pre_advance:pseudo,2025-01-31,pre_advance,2024:Q4,T,M,3.5231708668241284,4.440892098500626e-16,0.06501545878249251,14.564748716906696,True,1,0.02
revision_dfm_kalman_em,pseudo,2024:Q4:pre_advance:pseudo,2025-01-31,pre_advance,2024:Q4,T,S,3.498242464083386,4.440892098500626e-16,0.06501545878249251,14.564748716906696,True,1,0.02
revision_dfm_kalman_em,pseudo,2024:Q4:pre_advance:pseudo,2025-01-31,pre_advance,2024:Q4,T,T,3.6290375810746043,4.440892098500626e-16,0.06501545878249251,14.564748716906696,True,1,0.02
indicator_revision_only_dfm_kalman_em,exact,2024:Q4:pre_second:exact,2025-02-26,pre_second,2024:Q4,A,A,0.7369959103870505,0.0,0.0615325532559169,4.479458272979846,True,1,0.02
indicator_revision_only_dfm_kalman_em,exact,2024:Q4:pre_second:exact,2025-02-26,pre_second,2024:Q4,A,M,0.3507858135987044,0.0,0.0615325532559169,4.479458272979846,True,1,0.02
indicator_revision_only_dfm_kalman_em,exact,2024:Q4:pre_second:exact,2025-02-26,pre_second,2024:Q4,A,S,0.3507858135987044,0.0,0.0615325532559169,4.479458272979846,True,1,0.02
indicator_revision_only_dfm_kalman_em,exact,2024:Q4:pre_second:exact,2025-02-26,pre_second,2024:Q4,A,T,0.3507858135987044,0.0,0.0615325532559169,4.479458272979846,True,1,0.02
indicator_revision_only_dfm_kalman_em,exact,2024:Q4:pre_second:exact,2025-02-26,pre_second,2024:Q4,M,A,0.3507858135987044,0.0,0.0615325532559169,4.479458272979846,True,1,0.02
indicator_revision_only_dfm_kalman_em,exact,2024:Q4:pre_second:exact,2025-02-26,pre_second,2024:Q4,M,M,4.365714287143091,0.0,0.0615325532559169,4.479458272979846,True,1,0.02
indicator_revision_only_dfm_kalman_em,exact,2024:Q4:pre_second:exact,2025-02-26,pre_second,2024:Q4,M,S,0.3507858135987044,0.0,0.0615325532559169,4.479458272979846,True,1,0.02
indicator_revision_only_dfm_kalman_em,exact,2024:Q4:pre_second:exact,2025-02-26,pre_second,2024:Q4,M,T,0.3507858135987044,0.0,0.0615325532559169,4.479458272979846,True,1,0.02
indicator_revision_only_dfm_kalman_em,exact,2024:Q4:pre_second:exact,2025-02-26,pre_second,2024:Q4,S,A,0.3507858135987044,0.0,0.0615325532559169,4.479458272979846,True,1,0.02
indicator_revision_only_dfm_kalman_em,exact,2024:Q4:pre_second:exact,2025-02-26,pre_second,2024:Q4,S,M,0.3507858135987044,0.0,0.0615325532559169,4.479458272979846,True,1,0.02
indicator_revision_only_dfm_kalman_em,exact,2024:Q4:pre_second:exact,2025-02-26,pre_second,2024:Q4,S,S,0.366086604516469,0.0,0.0615325532559169,4.479458272979846,True,1,0.02
indicator_revision_only_dfm_kalman_em,exact,2024:Q4:pre_second:exact,2025-02-26,pre_second,2024:Q4,S,T,0.3507858135987044,0.0,0.0615325532559169,4.479458272979846,True,1,0.02
indicator_revision_only_dfm_kalman_em,exact,2024:Q4:pre_second:exact,2025-02-26,pre_second,2024:Q4,T,A,0.3507858135987044,0.0,0.0615325532559169,4.479458272979846,True,1,0.02
indicator_revision_only_dfm_kalman_em,exact,2024:Q4:pre_second:exact,2025-02-26,pre_second,2024:Q4,T,M,0.3507858135987044,0.0,0.0615325532559169,4.479458272979846,True,1,0.02
indicator_revision_only_dfm_kalman_em,exact,2024:Q4:pre_second:exact,2025-02-26,pre_second,2024:Q4,T,S,0.3507858135987044,0.0,0.0615325532559169,4.479458272979846,True,1,0.02
indicator_revision_only_dfm_kalman_em,exact,2024:Q4:pre_second:exact,2025-02-26,pre_second,2024:Q4,T,T,0.4770580251078328,0.0,0.0615325532559169,4.479458272979846,True,1,0.02
joint_indicator_revision_dfm_full_kalman_em,exact,2024:Q4:pre_second:exact,2025-02-26,pre_second,2024:Q4,A,A,0.34387496242333215,2.7755575615628914e-17,0.0619593009630579,4.4387318756937235,True,1,0.02
joint_indicator_revision_dfm_full_kalman_em,exact,2024:Q4:pre_second:exact,2025-02-26,pre_second,2024:Q4,A,M,0.19263603226518378,2.7755575615628914e-17,0.0619593009630579,4.4387318756937235,True,1,0.02
joint_indicator_revision_dfm_full_kalman_em,exact,2024:Q4:pre_second:exact,2025-02-26,pre_second,2024:Q4,A,S,0.19134150588908516,2.7755575615628914e-17,0.0619593009630579,4.4387318756937235,True,1,0.02
joint_indicator_revision_dfm_full_kalman_em,exact,2024:Q4:pre_second:exact,2025-02-26,pre_second,2024:Q4,A,T,0.19211822171474435,2.7755575615628914e-17,0.0619593009630579,4.4387318756937235,True,1,0.02
joint_indicator_revision_dfm_full_kalman_em,exact,2024:Q4:pre_second:exact,2025-02-26,pre_second,2024:Q4,M,A,0.19263603226518378,2.7755575615628914e-17,0.0619593009630579,4.4387318756937235,True,1,0.02
joint_indicator_revision_dfm_full_kalman_em,exact,2024:Q4:pre_second:exact,2025-02-26,pre_second,2024:Q4,M,M,4.363903712231232,2.7755575615628914e-17,0.0619593009630579,4.4387318756937235,True,1,0.02
joint_indicator_revision_dfm_full_kalman_em,exact,2024:Q4:pre_second:exact,2025-02-26,pre_second,2024:Q4,M,S,0.3366755189243183,2.7755575615628914e-17,0.0619593009630579,4.4387318756937235,True,1,0.02
joint_indicator_revision_dfm_full_kalman_em,exact,2024:Q4:pre_second:exact,2025-02-26,pre_second,2024:Q4,M,T,0.3412241342925015,2.7755575615628914e-17,0.0619593009630579,4.4387318756937235,True,1,0.02
joint_indicator_revision_dfm_full_kalman_em,exact,2024:Q4:pre_second:exact,2025-02-26,pre_second,2024:Q4,S,A,0.1913415058890852,2.7755575615628914e-17,0.0619593009630579,4.4387318756937235,True,1,0.02
joint_indicator_revision_dfm_full_kalman_em,exact,2024:Q4:pre_second:exact,2025-02-26,pre_second,2024:Q4,S,M,0.3366755189243183,2.7755575615628914e-17,0.0619593009630579,4.4387318756937235,True,1,0.02
joint_indicator_revision_dfm_full_kalman_em,exact,2024:Q4:pre_second:exact,2025-02-26,pre_second,2024:Q4,S,S,0.34793506437816835,2.7755575615628914e-17,0.0619593009630579,4.4387318756937235,True,1,0.02
joint_indicator_revision_dfm_full_kalman_em,exact,2024:Q4:pre_second:exact,2025-02-26,pre_second,2024:Q4,S,T,0.3337688386636136,2.7755575615628914e-17,0.0619593009630579,4.4387318756937235,True,1,0.02
joint_indicator_revision_dfm_full_kalman_em,exact,2024:Q4:pre_second:exact,2025-02-26,pre_second,2024:Q4,T,A,0.19211822171474438,2.7755575615628914e-17,0.0619593009630579,4.4387318756937235,True,1,0.02
joint_indicator_revision_dfm_full_kalman_em,exact,2024:Q4:pre_second:exact,2025-02-26,pre_second,2024:Q4,T,M,0.3412241342925015,2.7755575615628914e-17,0.0619593009630579,4.4387318756937235,True,1,0.02
joint_indicator_revision_dfm_full_kalman_em,exact,2024:Q4:pre_second:exact,2025-02-26,pre_second,2024:Q4,T,S,0.3337688386636136,2.7755575615628914e-17,0.0619593009630579,4.4387318756937235,True,1,0.02
joint_indicator_revision_dfm_full_kalman_em,exact,2024:Q4:pre_second:exact,2025-02-26,pre_second,2024:Q4,T,T,0.45870710673889326,2.7755575615628914e-17,0.0619593009630579,4.4387318756937235,True,1,0.02
monthly_mixed_frequency_kalman_em,exact,2024:Q4:pre_second:exact,2025-02-26,pre_second,2024:Q4,A,A,0.41507989029114456,0.0,0.05756990993305832,4.817644727310182,True,1,0.02
monthly_mixed_frequency_kalman_em,exact,2024:Q4:pre_second:exact,2025-02-26,pre_second,2024:Q4,A,M,0.1974123910226534,0.0,0.05756990993305832,4.817644727310182,True,1,0.02
monthly_mixed_frequency_kalman_em,exact,2024:Q4:pre_second:exact,2025-02-26,pre_second,2024:Q4,A,S,0.20007927956550586,0.0,0.05756990993305832,4.817644727310182,True,1,0.02
monthly_mixed_frequency_kalman_em,exact,2024:Q4:pre_second:exact,2025-02-26,pre_second,2024:Q4,A,T,0.19862461308758636,0.0,0.05756990993305832,4.817644727310182,True,1,0.02
monthly_mixed_frequency_kalman_em,exact,2024:Q4:pre_second:exact,2025-02-26,pre_second,2024:Q4,M,A,0.1974123910226534,0.0,0.05756990993305832,4.817644727310182,True,1,0.02
monthly_mixed_frequency_kalman_em,exact,2024:Q4:pre_second:exact,2025-02-26,pre_second,2024:Q4,M,M,4.685586992064865,0.0,0.05756990993305832,4.817644727310182,True,1,0.02
monthly_mixed_frequency_kalman_em,exact,2024:Q4:pre_second:exact,2025-02-26,pre_second,2024:Q4,M,S,0.41120420969613525,0.0,0.05756990993305832,4.817644727310182,True,1,0.02
monthly_mixed_frequency_kalman_em,exact,2024:Q4:pre_second:exact,2025-02-26,pre_second,2024:Q4,M,T,0.55373208881179,0.0,0.05756990993305832,4.817644727310182,True,1,0.02
monthly_mixed_frequency_kalman_em,exact,2024:Q4:pre_second:exact,2025-02-26,pre_second,2024:Q4,S,A,0.20007927956550586,0.0,0.05756990993305832,4.817644727310182,True,1,0.02
monthly_mixed_frequency_kalman_em,exact,2024:Q4:pre_second:exact,2025-02-26,pre_second,2024:Q4,S,M,0.41120420969613525,0.0,0.05756990993305832,4.817644727310182,True,1,0.02
monthly_mixed_frequency_kalman_em,exact,2024:Q4:pre_second:exact,2025-02-26,pre_second,2024:Q4,S,S,0.34637900065441035,0.0,0.05756990993305832,4.817644727310182,True,1,0.02
monthly_mixed_frequency_kalman_em,exact,2024:Q4:pre_second:exact,2025-02-26,pre_second,2024:Q4,S,T,0.35842297716347793,0.0,0.05756990993305832,4.817644727310182,True,1,0.02
monthly_mixed_frequency_kalman_em,exact,2024:Q4:pre_second:exact,2025-02-26,pre_second,2024:Q4,T,A,0.19862461308758636,0.0,0.05756990993305832,4.817644727310182,True,1,0.02
monthly_mixed_frequency_kalman_em,exact,2024:Q4:pre_second:exact,2025-02-26,pre_second,2024:Q4,T,M,0.55373208881179,0.0,0.05756990993305832,4.817644727310182,True,1,0.02
monthly_mixed_frequency_kalman_em,exact,2024:Q4:pre_second:exact,2025-02-26,pre_second,2024:Q4,T,S,0.35842297716347793,0.0,0.05756990993305832,4.817644727310182,True,1,0.02
monthly_mixed_frequency_kalman_em,exact,2024:Q4:pre_second:exact,2025-02-26,pre_second,2024:Q4,T,T,0.5138004852869817,0.0,0.05756990993305832,4.817644727310182,True,1,0.02
revision_dfm_kalman_em,exact,2024:Q4:pre_second:exact,2025-02-26,pre_second,2024:Q4,A,A,0.27920226102574847,2.7755575615628914e-17,0.06572357649949384,4.452032108635696,True,1,0.02
revision_dfm_kalman_em,exact,2024:Q4:pre_second:exact,2025-02-26,pre_second,2024:Q4,A,M,0.14844637629956,2.7755575615628914e-17,0.06572357649949384,4.452032108635696,True,1,0.02
revision_dfm_kalman_em,exact,2024:Q4:pre_second:exact,2025-02-26,pre_second,2024:Q4,A,S,0.14782735496535898,2.7755575615628914e-17,0.06572357649949384,4.452032108635696,True,1,0.02
revision_dfm_kalman_em,exact,2024:Q4:pre_second:exact,2025-02-26,pre_second,2024:Q4,A,T,0.1481987677658796,2.7755575615628914e-17,0.06572357649949384,4.452032108635696,True,1,0.02
revision_dfm_kalman_em,exact,2024:Q4:pre_second:exact,2025-02-26,pre_second,2024:Q4,M,A,0.14844637629956,2.7755575615628914e-17,0.06572357649949384,4.452032108635696,True,1,0.02
revision_dfm_kalman_em,exact,2024:Q4:pre_second:exact,2025-02-26,pre_second,2024:Q4,M,M,4.371608215883096,2.7755575615628914e-17,0.06572357649949384,4.452032108635696,True,1,0.02
revision_dfm_kalman_em,exact,2024:Q4:pre_second:exact,2025-02-26,pre_second,2024:Q4,M,S,0.3619041699872614,2.7755575615628914e-17,0.06572357649949384,4.452032108635696,True,1,0.02
revision_dfm_kalman_em,exact,2024:Q4:pre_second:exact,2025-02-26,pre_second,2024:Q4,M,T,0.3686449424195046,2.7755575615628914e-17,0.06572357649949384,4.452032108635696,True,1,0.02
revision_dfm_kalman_em,exact,2024:Q4:pre_second:exact,2025-02-26,pre_second,2024:Q4,S,A,0.14782735496535895,2.7755575615628914e-17,0.06572357649949384,4.452032108635696,True,1,0.02
revision_dfm_kalman_em,exact,2024:Q4:pre_second:exact,2025-02-26,pre_second,2024:Q4,S,M,0.3619041699872614,2.7755575615628914e-17,0.06572357649949384,4.452032108635696,True,1,0.02
revision_dfm_kalman_em,exact,2024:Q4:pre_second:exact,2025-02-26,pre_second,2024:Q4,S,S,0.3798839327888065,2.7755575615628914e-17,0.06572357649949384,4.452032108635696,True,1,0.02
revision_dfm_kalman_em,exact,2024:Q4:pre_second:exact,2025-02-26,pre_second,2024:Q4,S,T,0.3576226336868233,2.7755575615628914e-17,0.06572357649949384,4.452032108635696,True,1,0.02
revision_dfm_kalman_em,exact,2024:Q4:pre_second:exact,2025-02-26,pre_second,2024:Q4,T,A,0.1481987677658796,2.7755575615628914e-17,0.06572357649949384,4.452032108635696,True,1,0.02
revision_dfm_kalman_em,exact,2024:Q4:pre_second:exact,2025-02-26,pre_second,2024:Q4,T,M,0.3686449424195046,2.7755575615628914e-17,0.06572357649949384,4.452032108635696,True,1,0.02
revision_dfm_kalman_em,exact,2024:Q4:pre_second:exact,2025-02-26,pre_second,2024:Q4,T,S,0.3576226336868233,2.7755575615628914e-17,0.06572357649949384,4.452032108635696,True,1,0.02
revision_dfm_kalman_em,exact,2024:Q4:pre_second:exact,2025-02-26,pre_second,2024:Q4,T,T,0.47617624097243694,2.7755575615628914e-17,0.06572357649949384,4.452032108635696,True,1,0.02
indicator_revision_only_dfm_kalman_em,pseudo,2024:Q4:pre_second:pseudo,2025-02-28,pre_second,2024:Q4,A,A,0.7369962627587001,0.0,0.06153240627726022,4.479459380430213,True,1,0.02
indicator_revision_only_dfm_kalman_em,pseudo,2024:Q4:pre_second:pseudo,2025-02-28,pre_second,2024:Q4,A,M,0.3507859857019655,0.0,0.06153240627726022,4.479459380430213,True,1,0.02
indicator_revision_only_dfm_kalman_em,pseudo,2024:Q4:pre_second:pseudo,2025-02-28,pre_second,2024:Q4,A,S,0.3507859857019655,0.0,0.06153240627726022,4.479459380430213,True,1,0.02
indicator_revision_only_dfm_kalman_em,pseudo,2024:Q4:pre_second:pseudo,2025-02-28,pre_second,2024:Q4,A,T,0.3507859857019655,0.0,0.06153240627726022,4.479459380430213,True,1,0.02
indicator_revision_only_dfm_kalman_em,pseudo,2024:Q4:pre_second:pseudo,2025-02-28,pre_second,2024:Q4,M,A,0.3507859857019655,0.0,0.06153240627726022,4.479459380430213,True,1,0.02
indicator_revision_only_dfm_kalman_em,pseudo,2024:Q4:pre_second:pseudo,2025-02-28,pre_second,2024:Q4,M,M,4.365715301770098,0.0,0.06153240627726022,4.479459380430213,True,1,0.02
indicator_revision_only_dfm_kalman_em,pseudo,2024:Q4:pre_second:pseudo,2025-02-28,pre_second,2024:Q4,M,S,0.3507859857019655,0.0,0.06153240627726022,4.479459380430213,True,1,0.02
indicator_revision_only_dfm_kalman_em,pseudo,2024:Q4:pre_second:pseudo,2025-02-28,pre_second,2024:Q4,M,T,0.3507859857019655,0.0,0.06153240627726022,4.479459380430213,True,1,0.02
indicator_revision_only_dfm_kalman_em,pseudo,2024:Q4:pre_second:pseudo,2025-02-28,pre_second,2024:Q4,S,A,0.3507859857019655,0.0,0.06153240627726022,4.479459380430213,True,1,0.02
indicator_revision_only_dfm_kalman_em,pseudo,2024:Q4:pre_second:pseudo,2025-02-28,pre_second,2024:Q4,S,M,0.3507859857019655,0.0,0.06153240627726022,4.479459380430213,True,1,0.02
indicator_revision_only_dfm_kalman_em,pseudo,2024:Q4:pre_second:pseudo,2025-02-28,pre_second,2024:Q4,S,S,0.3660863562623092,0.0,0.06153240627726022,4.479459380430213,True,1,0.02
indicator_revision_only_dfm_kalman_em,pseudo,2024:Q4:pre_second:pseudo,2025-02-28,pre_second,2024:Q4,S,T,0.3507859857019655,0.0,0.06153240627726022,4.479459380430213,True,1,0.02
indicator_revision_only_dfm_kalman_em,pseudo,2024:Q4:pre_second:pseudo,2025-02-28,pre_second,2024:Q4,T,A,0.3507859857019655,0.0,0.06153240627726022,4.479459380430213,True,1,0.02
indicator_revision_only_dfm_kalman_em,pseudo,2024:Q4:pre_second:pseudo,2025-02-28,pre_second,2024:Q4,T,M,0.3507859857019655,0.0,0.06153240627726022,4.479459380430213,True,1,0.02
indicator_revision_only_dfm_kalman_em,pseudo,2024:Q4:pre_second:pseudo,2025-02-28,pre_second,2024:Q4,T,S,0.3507859857019655,0.0,0.06153240627726022,4.479459380430213,True,1,0.02
indicator_revision_only_dfm_kalman_em,pseudo,2024:Q4:pre_second:pseudo,2025-02-28,pre_second,2024:Q4,T,T,0.47705856716894457,0.0,0.06153240627726022,4.479459380430213,True,1,0.02
joint_indicator_revision_dfm_full_kalman_em,pseudo,2024:Q4:pre_second:pseudo,2025-02-28,pre_second,2024:Q4,A,A,0.34392191574118125,2.7755575615628914e-17,0.06195885770467893,4.438743035843334,True,1,0.02
joint_indicator_revision_dfm_full_kalman_em,pseudo,2024:Q4:pre_second:pseudo,2025-02-28,pre_second,2024:Q4,A,M,0.1926686971323846,2.7755575615628914e-17,0.06195885770467893,4.438743035843334,True,1,0.02
joint_indicator_revision_dfm_full_kalman_em,pseudo,2024:Q4:pre_second:pseudo,2025-02-28,pre_second,2024:Q4,A,S,0.1913735981891087,2.7755575615628914e-17,0.06195885770467893,4.438743035843334,True,1,0.02
joint_indicator_revision_dfm_full_kalman_em,pseudo,2024:Q4:pre_second:pseudo,2025-02-28,pre_second,2024:Q4,A,T,0.19215065755507424,2.7755575615628914e-17,0.06195885770467893,4.438743035843334,True,1,0.02
joint_indicator_revision_dfm_full_kalman_em,pseudo,2024:Q4:pre_second:pseudo,2025-02-28,pre_second,2024:Q4,M,A,0.1926686971323846,2.7755575615628914e-17,0.06195885770467893,4.438743035843334,True,1,0.02
joint_indicator_revision_dfm_full_kalman_em,pseudo,2024:Q4:pre_second:pseudo,2025-02-28,pre_second,2024:Q4,M,M,4.363908577316848,2.7755575615628914e-17,0.06195885770467893,4.438743035843334,True,1,0.02
joint_indicator_revision_dfm_full_kalman_em,pseudo,2024:Q4:pre_second:pseudo,2025-02-28,pre_second,2024:Q4,M,S,0.33668083306519386,2.7755575615628914e-17,0.06195885770467893,4.438743035843334,True,1,0.02
joint_indicator_revision_dfm_full_kalman_em,pseudo,2024:Q4:pre_second:pseudo,2025-02-28,pre_second,2024:Q4,M,T,0.34122858472622997,2.7755575615628914e-17,0.06195885770467893,4.438743035843334,True,1,0.02
joint_indicator_revision_dfm_full_kalman_em,pseudo,2024:Q4:pre_second:pseudo,2025-02-28,pre_second,2024:Q4,S,A,0.1913735981891087,2.7755575615628914e-17,0.06195885770467893,4.438743035843334,True,1,0.02
joint_indicator_revision_dfm_full_kalman_em,pseudo,2024:Q4:pre_second:pseudo,2025-02-28,pre_second,2024:Q4,S,M,0.33668083306519386,2.7755575615628914e-17,0.06195885770467893,4.438743035843334,True,1,0.02
joint_indicator_revision_dfm_full_kalman_em,pseudo,2024:Q4:pre_second:pseudo,2025-02-28,pre_second,2024:Q4,S,S,0.3479413847551427,2.7755575615628914e-17,0.06195885770467893,4.438743035843334,True,1,0.02
joint_indicator_revision_dfm_full_kalman_em,pseudo,2024:Q4:pre_second:pseudo,2025-02-28,pre_second,2024:Q4,S,T,0.33377468836767216,2.7755575615628914e-17,0.06195885770467893,4.438743035843334,True,1,0.02
joint_indicator_revision_dfm_full_kalman_em,pseudo,2024:Q4:pre_second:pseudo,2025-02-28,pre_second,2024:Q4,T,A,0.19215065755507427,2.7755575615628914e-17,0.06195885770467893,4.438743035843334,True,1,0.02
joint_indicator_revision_dfm_full_kalman_em,pseudo,2024:Q4:pre_second:pseudo,2025-02-28,pre_second,2024:Q4,T,M,0.34122858472622997,2.7755575615628914e-17,0.06195885770467893,4.438743035843334,True,1,0.02
joint_indicator_revision_dfm_full_kalman_em,pseudo,2024:Q4:pre_second:pseudo,2025-02-28,pre_second,2024:Q4,T,S,0.33377468836767216,2.7755575615628914e-17,0.06195885770467893,4.438743035843334,True,1,0.02
joint_indicator_revision_dfm_full_kalman_em,pseudo,2024:Q4:pre_second:pseudo,2025-02-28,pre_second,2024:Q4,T,T,0.4587122923430424,2.7755575615628914e-17,0.06195885770467893,4.438743035843334,True,1,0.02
monthly_mixed_frequency_kalman_em,pseudo,2024:Q4:pre_second:pseudo,2025-02-28,pre_second,2024:Q4,A,A,0.4150826723500478,0.0,0.05757001844992503,4.817611982240464,True,1,0.02
monthly_mixed_frequency_kalman_em,pseudo,2024:Q4:pre_second:pseudo,2025-02-28,pre_second,2024:Q4,A,M,0.19741277935758722,0.0,0.05757001844992503,4.817611982240464,True,1,0.02
monthly_mixed_frequency_kalman_em,pseudo,2024:Q4:pre_second:pseudo,2025-02-28,pre_second,2024:Q4,A,S,0.20008055905630698,0.0,0.05757001844992503,4.817611982240464,True,1,0.02
monthly_mixed_frequency_kalman_em,pseudo,2024:Q4:pre_second:pseudo,2025-02-28,pre_second,2024:Q4,A,T,0.19862540649336896,0.0,0.05757001844992503,4.817611982240464,True,1,0.02
monthly_mixed_frequency_kalman_em,pseudo,2024:Q4:pre_second:pseudo,2025-02-28,pre_second,2024:Q4,M,A,0.19741277935758722,0.0,0.05757001844992503,4.817611982240464,True,1,0.02
monthly_mixed_frequency_kalman_em,pseudo,2024:Q4:pre_second:pseudo,2025-02-28,pre_second,2024:Q4,M,M,4.685559985576209,0.0,0.05757001844992503,4.817611982240464,True,1,0.02
monthly_mixed_frequency_kalman_em,pseudo,2024:Q4:pre_second:pseudo,2025-02-28,pre_second,2024:Q4,M,S,0.4111947772280631,0.0,0.05757001844992503,4.817611982240464,True,1,0.02
monthly_mixed_frequency_kalman_em,pseudo,2024:Q4:pre_second:pseudo,2025-02-28,pre_second,2024:Q4,M,T,0.5537161091417139,0.0,0.05757001844992503,4.817611982240464,True,1,0.02
monthly_mixed_frequency_kalman_em,pseudo,2024:Q4:pre_second:pseudo,2025-02-28,pre_second,2024:Q4,S,A,0.20008055905630698,0.0,0.05757001844992503,4.817611982240464,True,1,0.02
monthly_mixed_frequency_kalman_em,pseudo,2024:Q4:pre_second:pseudo,2025-02-28,pre_second,2024:Q4,S,M,0.4111947772280631,0.0,0.05757001844992503,4.817611982240464,True,1,0.02
monthly_mixed_frequency_kalman_em,pseudo,2024:Q4:pre_second:pseudo,2025-02-28,pre_second,2024:Q4,S,S,0.34637536208857733,0.0,0.05757001844992503,4.817611982240464,True,1,0.02
monthly_mixed_frequency_kalman_em,pseudo,2024:Q4:pre_second:pseudo,2025-02-28,pre_second,2024:Q4,S,T,0.35841622268512413,0.0,0.05757001844992503,4.817611982240464,True,1,0.02
monthly_mixed_frequency_kalman_em,pseudo,2024:Q4:pre_second:pseudo,2025-02-28,pre_second,2024:Q4,T,A,0.19862540649336896,0.0,0.05757001844992503,4.817611982240464,True,1,0.02
monthly_mixed_frequency_kalman_em,pseudo,2024:Q4:pre_second:pseudo,2025-02-28,pre_second,2024:Q4,T,M,0.5537161091417139,0.0,0.05757001844992503,4.817611982240464,True,1,0.02
monthly_mixed_frequency_kalman_em,pseudo,2024:Q4:pre_second:pseudo,2025-02-28,pre_second,2024:Q4,T,S,0.35841622268512413,0.0,0.05757001844992503,4.817611982240464,True,1,0.02
monthly_mixed_frequency_kalman_em,pseudo,2024:Q4:pre_second:pseudo,2025-02-28,pre_second,2024:Q4,T,T,0.5137893361455282,0.0,0.05757001844992503,4.817611982240464,True,1,0.02
revision_dfm_kalman_em,pseudo,2024:Q4:pre_second:pseudo,2025-02-28,pre_second,2024:Q4,A,A,0.27921231900762794,5.551115123125783e-17,0.06572349538253142,4.452028807637065,True,1,0.02
revision_dfm_kalman_em,pseudo,2024:Q4:pre_second:pseudo,2025-02-28,pre_second,2024:Q4,A,M,0.14844977322043848,5.551115123125783e-17,0.06572349538253142,4.452028807637065,True,1,0.02
revision_dfm_kalman_em,pseudo,2024:Q4:pre_second:pseudo,2025-02-28,pre_second,2024:Q4,A,S,0.14783086365621903,5.551115123125783e-17,0.06572349538253142,4.452028807637065,True,1,0.02
revision_dfm_kalman_em,pseudo,2024:Q4:pre_second:pseudo,2025-02-28,pre_second,2024:Q4,A,T,0.14820220939475068,5.551115123125783e-17,0.06572349538253142,4.452028807637065,True,1,0.02
revision_dfm_kalman_em,pseudo,2024:Q4:pre_second:pseudo,2025-02-28,pre_second,2024:Q4,M,A,0.14844977322043848,5.551115123125783e-17,0.06572349538253142,4.452028807637065,True,1,0.02
revision_dfm_kalman_em,pseudo,2024:Q4:pre_second:pseudo,2025-02-28,pre_second,2024:Q4,M,M,4.371605432291667,5.551115123125783e-17,0.06572349538253142,4.452028807637065,True,1,0.02
revision_dfm_kalman_em,pseudo,2024:Q4:pre_second:pseudo,2025-02-28,pre_second,2024:Q4,M,S,0.36190209324274,5.551115123125783e-17,0.06572349538253142,4.452028807637065,True,1,0.02
revision_dfm_kalman_em,pseudo,2024:Q4:pre_second:pseudo,2025-02-28,pre_second,2024:Q4,M,T,0.36864269282239154,5.551115123125783e-17,0.06572349538253142,4.452028807637065,True,1,0.02
revision_dfm_kalman_em,pseudo,2024:Q4:pre_second:pseudo,2025-02-28,pre_second,2024:Q4,S,A,0.14783086365621903,5.551115123125783e-17,0.06572349538253142,4.452028807637065,True,1,0.02
revision_dfm_kalman_em,pseudo,2024:Q4:pre_second:pseudo,2025-02-28,pre_second,2024:Q4,S,M,0.36190209324274,5.551115123125783e-17,0.06572349538253142,4.452028807637065,True,1,0.02
revision_dfm_kalman_em,pseudo,2024:Q4:pre_second:pseudo,2025-02-28,pre_second,2024:Q4,S,S,0.37988212088817375,5.551115123125783e-17,0.06572349538253142,4.452028807637065,True,1,0.02
revision_dfm_kalman_em,pseudo,2024:Q4:pre_second:pseudo,2025-02-28,pre_second,2024:Q4,S,T,0.35762066865100955,5.551115123125783e-17,0.06572349538253142,4.452028807637065,True,1,0.02
revision_dfm_kalman_em,pseudo,2024:Q4:pre_second:pseudo,2025-02-28,pre_second,2024:Q4,T,A,0.14820220939475068,5.551115123125783e-17,0.06572349538253142,4.452028807637065,True,1,0.02
revision_dfm_kalman_em,pseudo,2024:Q4:pre_second:pseudo,2025-02-28,pre_second,2024:Q4,T,M,0.36864269282239154,5.551115123125783e-17,0.06572349538253142,4.452028807637065,True,1,0.02
revision_dfm_kalman_em,pseudo,2024:Q4:pre_second:pseudo,2025-02-28,pre_second,2024:Q4,T,S,0.3576206686510095,5.551115123125783e-17,0.06572349538253142,4.452028807637065,True,1,0.02
revision_dfm_kalman_em,pseudo,2024:Q4:pre_second:pseudo,2025-02-28,pre_second,2024:Q4,T,T,0.4761739563052742,5.551115123125783e-17,0.06572349538253142,4.452028807637065,True,1,0.02
indicator_revision_only_dfm_kalman_em,exact,2024:Q4:pre_third:exact,2025-03-26,pre_third,2024:Q4,A,A,0.39935934036624304,0.0,0.027536768539229418,4.029770798077496,True,1,0.02
indicator_revision_only_dfm_kalman_em,exact,2024:Q4:pre_third:exact,2025-03-26,pre_third,2024:Q4,A,M,0.014631027272388075,0.0,0.027536768539229418,4.029770798077496,True,1,0.02
indicator_revision_only_dfm_kalman_em,exact,2024:Q4:pre_third:exact,2025-03-26,pre_third,2024:Q4,A,S,0.014631027272388075,0.0,0.027536768539229418,4.029770798077496,True,1,0.02
indicator_revision_only_dfm_kalman_em,exact,2024:Q4:pre_third:exact,2025-03-26,pre_third,2024:Q4,A,T,0.014631027272388075,0.0,0.027536768539229418,4.029770798077496,True,1,0.02
indicator_revision_only_dfm_kalman_em,exact,2024:Q4:pre_third:exact,2025-03-26,pre_third,2024:Q4,M,A,0.014631027272388075,0.0,0.027536768539229418,4.029770798077496,True,1,0.02
indicator_revision_only_dfm_kalman_em,exact,2024:Q4:pre_third:exact,2025-03-26,pre_third,2024:Q4,M,M,4.0296019804390495,0.0,0.027536768539229418,4.029770798077496,True,1,0.02
indicator_revision_only_dfm_kalman_em,exact,2024:Q4:pre_third:exact,2025-03-26,pre_third,2024:Q4,M,S,0.014631027272388075,0.0,0.027536768539229418,4.029770798077496,True,1,0.02
indicator_revision_only_dfm_kalman_em,exact,2024:Q4:pre_third:exact,2025-03-26,pre_third,2024:Q4,M,T,0.014631027272388075,0.0,0.027536768539229418,4.029770798077496,True,1,0.02
indicator_revision_only_dfm_kalman_em,exact,2024:Q4:pre_third:exact,2025-03-26,pre_third,2024:Q4,S,A,0.014631027272388075,0.0,0.027536768539229418,4.029770798077496,True,1,0.02
indicator_revision_only_dfm_kalman_em,exact,2024:Q4:pre_third:exact,2025-03-26,pre_third,2024:Q4,S,M,0.014631027272388075,0.0,0.027536768539229418,4.029770798077496,True,1,0.02
indicator_revision_only_dfm_kalman_em,exact,2024:Q4:pre_third:exact,2025-03-26,pre_third,2024:Q4,S,S,0.029901243141788946,0.0,0.027536768539229418,4.029770798077496,True,1,0.02
indicator_revision_only_dfm_kalman_em,exact,2024:Q4:pre_third:exact,2025-03-26,pre_third,2024:Q4,S,T,0.014631027272388075,0.0,0.027536768539229418,4.029770798077496,True,1,0.02
indicator_revision_only_dfm_kalman_em,exact,2024:Q4:pre_third:exact,2025-03-26,pre_third,2024:Q4,T,A,0.014631027272388075,0.0,0.027536768539229418,4.029770798077496,True,1,0.02
indicator_revision_only_dfm_kalman_em,exact,2024:Q4:pre_third:exact,2025-03-26,pre_third,2024:Q4,T,M,0.014631027272388075,0.0,0.027536768539229418,4.029770798077496,True,1,0.02
indicator_revision_only_dfm_kalman_em,exact,2024:Q4:pre_third:exact,2025-03-26,pre_third,2024:Q4,T,S,0.014631027272388075,0.0,0.027536768539229418,4.029770798077496,True,1,0.02
indicator_revision_only_dfm_kalman_em,exact,2024:Q4:pre_third:exact,2025-03-26,pre_third,2024:Q4,T,T,0.14094113174895664,0.0,0.027536768539229418,4.029770798077496,True,1,0.02
joint_indicator_revision_dfm_full_kalman_em,exact,2024:Q4:pre_third:exact,2025-03-26,pre_third,2024:Q4,A,A,0.23958518662703868,3.469446951953614e-18,0.03223441216128198,4.038411766616598,True,1,0.02
joint_indicator_revision_dfm_full_kalman_em,exact,2024:Q4:pre_third:exact,2025-03-26,pre_third,2024:Q4,A,M,0.007521216830220867,3.469446951953614e-18,0.03223441216128198,4.038411766616598,True,1,0.02
joint_indicator_revision_dfm_full_kalman_em,exact,2024:Q4:pre_third:exact,2025-03-26,pre_third,2024:Q4,A,S,0.01017672174622111,3.469446951953614e-18,0.03223441216128198,4.038411766616598,True,1,0.02
joint_indicator_revision_dfm_full_kalman_em,exact,2024:Q4:pre_third:exact,2025-03-26,pre_third,2024:Q4,A,T,0.008583418796620964,3.469446951953614e-18,0.03223441216128198,4.038411766616598,True,1,0.02
joint_indicator_revision_dfm_full_kalman_em,exact,2024:Q4:pre_third:exact,2025-03-26,pre_third,2024:Q4,M,A,0.007521216830220867,3.469446951953614e-18,0.03223441216128198,4.038411766616598,True,1,0.02
joint_indicator_revision_dfm_full_kalman_em,exact,2024:Q4:pre_third:exact,2025-03-26,pre_third,2024:Q4,M,M,4.038234898650813,3.469446951953614e-18,0.03223441216128198,4.038411766616598,True,1,0.02
joint_indicator_revision_dfm_full_kalman_em,exact,2024:Q4:pre_third:exact,2025-03-26,pre_third,2024:Q4,M,S,0.01766616162480535,3.469446951953614e-18,0.03223441216128198,4.038411766616598,True,1,0.02
joint_indicator_revision_dfm_full_kalman_em,exact,2024:Q4:pre_third:exact,2025-03-26,pre_third,2024:Q4,M,T,0.017986528302529066,3.469446951953614e-18,0.03223441216128198,4.038411766616598,True,1,0.02
joint_indicator_revision_dfm_full_kalman_em,exact,2024:Q4:pre_third:exact,2025-03-26,pre_third,2024:Q4,S,A,0.01017672174622111,3.469446951953614e-18,0.03223441216128198,4.038411766616598,True,1,0.02
joint_indicator_revision_dfm_full_kalman_em,exact,2024:Q4:pre_third:exact,2025-03-26,pre_third,2024:Q4,S,M,0.01766616162480535,3.469446951953614e-18,0.03223441216128198,4.038411766616598,True,1,0.02
joint_indicator_revision_dfm_full_kalman_em,exact,2024:Q4:pre_third:exact,2025-03-26,pre_third,2024:Q4,S,S,0.03554472776956742,3.469446951953614e-18,0.03223441216128198,4.038411766616598,True,1,0.02
joint_indicator_revision_dfm_full_kalman_em,exact,2024:Q4:pre_third:exact,2025-03-26,pre_third,2024:Q4,S,T,0.017516372827233666,3.469446951953614e-18,0.03223441216128198,4.038411766616598,True,1,0.02
joint_indicator_revision_dfm_full_kalman_em,exact,2024:Q4:pre_third:exact,2025-03-26,pre_third,2024:Q4,T,A,0.008583418796620963,3.469446951953614e-18,0.03223441216128198,4.038411766616598,True,1,0.02
joint_indicator_revision_dfm_full_kalman_em,exact,2024:Q4:pre_third:exact,2025-03-26,pre_third,2024:Q4,T,M,0.017986528302529066,3.469446951953614e-18,0.03223441216128198,4.038411766616598,True,1,0.02
joint_indicator_revision_dfm_full_kalman_em,exact,2024:Q4:pre_third:exact,2025-03-26,pre_third,2024:Q4,T,S,0.017516372827233662,3.469446951953614e-18,0.03223441216128198,4.038411766616598,True,1,0.02
joint_indicator_revision_dfm_full_kalman_em,exact,2024:Q4:pre_third:exact,2025-03-26,pre_third,2024:Q4,T,T,0.13852386190366167,3.469446951953614e-18,0.03223441216128198,4.038411766616598,True,1,0.02
monthly_mixed_frequency_kalman_em,exact,2024:Q4:pre_third:exact,2025-03-26,pre_third,2024:Q4,A,A,0.29562611953810664,0.0,0.05733960951009765,4.202123629214131,True,1,0.02
monthly_mixed_frequency_kalman_em,exact,2024:Q4:pre_third:exact,2025-03-26,pre_third,2024:Q4,A,M,-0.03940911573906608,0.0,0.05733960951009765,4.202123629214131,True,1,0.02
monthly_mixed_frequency_kalman_em,exact,2024:Q4:pre_third:exact,2025-03-26,pre_third,2024:Q4,A,S,0.02957370048366777,0.0,0.05733960951009765,4.202123629214131,True,1,0.02
monthly_mixed_frequency_kalman_em,exact,2024:Q4:pre_third:exact,2025-03-26,pre_third,2024:Q4,A,T,-0.008053290183277974,0.0,0.05733960951009765,4.202123629214131,True,1,0.02
monthly_mixed_frequency_kalman_em,exact,2024:Q4:pre_third:exact,2025-03-26,pre_third,2024:Q4,M,A,-0.03940911573906608,0.0,0.05733960951009765,4.202123629214131,True,1,0.02
monthly_mixed_frequency_kalman_em,exact,2024:Q4:pre_third:exact,2025-03-26,pre_third,2024:Q4,M,M,4.196704252855104,0.0,0.05733960951009765,4.202123629214131,True,1,0.02
monthly_mixed_frequency_kalman_em,exact,2024:Q4:pre_third:exact,2025-03-26,pre_third,2024:Q4,M,S,0.06126132620575639,0.0,0.05733960951009765,4.202123629214131,True,1,0.02
monthly_mixed_frequency_kalman_em,exact,2024:Q4:pre_third:exact,2025-03-26,pre_third,2024:Q4,M,T,0.1283749541689714,0.0,0.05733960951009765,4.202123629214131,True,1,0.02
monthly_mixed_frequency_kalman_em,exact,2024:Q4:pre_third:exact,2025-03-26,pre_third,2024:Q4,S,A,0.02957370048366777,0.0,0.05733960951009765,4.202123629214131,True,1,0.02
monthly_mixed_frequency_kalman_em,exact,2024:Q4:pre_third:exact,2025-03-26,pre_third,2024:Q4,S,M,0.06126132620575639,0.0,0.05733960951009765,4.202123629214131,True,1,0.02
monthly_mixed_frequency_kalman_em,exact,2024:Q4:pre_third:exact,2025-03-26,pre_third,2024:Q4,S,S,0.09536164427890212,0.0,0.05733960951009765,4.202123629214131,True,1,0.02
monthly_mixed_frequency_kalman_em,exact,2024:Q4:pre_third:exact,2025-03-26,pre_third,2024:Q4,S,T,0.05333941977523423,0.0,0.05733960951009765,4.202123629214131,True,1,0.02
monthly_mixed_frequency_kalman_em,exact,2024:Q4:pre_third:exact,2025-03-26,pre_third,2024:Q4,T,A,-0.008053290183277974,0.0,0.05733960951009765,4.202123629214131,True,1,0.02
monthly_mixed_frequency_kalman_em,exact,2024:Q4:pre_third:exact,2025-03-26,pre_third,2024:Q4,T,M,0.1283749541689714,0.0,0.05733960951009765,4.202123629214131,True,1,0.02
monthly_mixed_frequency_kalman_em,exact,2024:Q4:pre_third:exact,2025-03-26,pre_third,2024:Q4,T,S,0.05333941977523423,0.0,0.05733960951009765,4.202123629214131,True,1,0.02
monthly_mixed_frequency_kalman_em,exact,2024:Q4:pre_third:exact,2025-03-26,pre_third,2024:Q4,T,T,0.14369268390096826,0.0,0.05733960951009765,4.202123629214131,True,1,0.02
revision_dfm_kalman_em,exact,2024:Q4:pre_third:exact,2025-03-26,pre_third,2024:Q4,A,A,0.2207638385714883,3.469446951953614e-18,0.04059694588290731,4.032084107409537,True,1,0.02
revision_dfm_kalman_em,exact,2024:Q4:pre_third:exact,2025-03-26,pre_third,2024:Q4,A,M,0.005790945154639639,3.469446951953614e-18,0.04059694588290731,4.032084107409537,True,1,0.02
revision_dfm_kalman_em,exact,2024:Q4:pre_third:exact,2025-03-26,pre_third,2024:Q4,A,S,0.009383855251482356,3.469446951953614e-18,0.04059694588290731,4.032084107409537,True,1,0.02
revision_dfm_kalman_em,exact,2024:Q4:pre_third:exact,2025-03-26,pre_third,2024:Q4,A,T,0.007228109193376725,3.469446951953614e-18,0.04059694588290731,4.032084107409537,True,1,0.02
revision_dfm_kalman_em,exact,2024:Q4:pre_third:exact,2025-03-26,pre_third,2024:Q4,M,A,0.005790945154639639,3.469446951953614e-18,0.04059694588290731,4.032084107409537,True,1,0.02
revision_dfm_kalman_em,exact,2024:Q4:pre_third:exact,2025-03-26,pre_third,2024:Q4,M,M,4.031796700171174,3.469446951953614e-18,0.04059694588290731,4.032084107409537,True,1,0.02
revision_dfm_kalman_em,exact,2024:Q4:pre_third:exact,2025-03-26,pre_third,2024:Q4,M,S,0.023066112332808003,3.469446951953614e-18,0.04059694588290731,4.032084107409537,True,1,0.02
revision_dfm_kalman_em,exact,2024:Q4:pre_third:exact,2025-03-26,pre_third,2024:Q4,M,T,0.023611643927908058,3.469446951953614e-18,0.04059694588290731,4.032084107409537,True,1,0.02
revision_dfm_kalman_em,exact,2024:Q4:pre_third:exact,2025-03-26,pre_third,2024:Q4,S,A,0.009383855251482352,3.469446951953614e-18,0.04059694588290731,4.032084107409537,True,1,0.02
revision_dfm_kalman_em,exact,2024:Q4:pre_third:exact,2025-03-26,pre_third,2024:Q4,S,M,0.023066112332808003,3.469446951953614e-18,0.04059694588290731,4.032084107409537,True,1,0.02
revision_dfm_kalman_em,exact,2024:Q4:pre_third:exact,2025-03-26,pre_third,2024:Q4,S,S,0.04627434473549477,3.469446951953614e-18,0.04059694588290731,4.032084107409537,True,1,0.02
revision_dfm_kalman_em,exact,2024:Q4:pre_third:exact,2025-03-26,pre_third,2024:Q4,S,T,0.02279246719118149,3.469446951953614e-18,0.04059694588290731,4.032084107409537,True,1,0.02
revision_dfm_kalman_em,exact,2024:Q4:pre_third:exact,2025-03-26,pre_third,2024:Q4,T,A,0.007228109193376723,3.469446951953614e-18,0.04059694588290731,4.032084107409537,True,1,0.02
revision_dfm_kalman_em,exact,2024:Q4:pre_third:exact,2025-03-26,pre_third,2024:Q4,T,M,0.023611643927908058,3.469446951953614e-18,0.04059694588290731,4.032084107409537,True,1,0.02
revision_dfm_kalman_em,exact,2024:Q4:pre_third:exact,2025-03-26,pre_third,2024:Q4,T,S,0.02279246719118149,3.469446951953614e-18,0.04059694588290731,4.032084107409537,True,1,0.02
revision_dfm_kalman_em,exact,2024:Q4:pre_third:exact,2025-03-26,pre_third,2024:Q4,T,T,0.13917287243792165,3.469446951953614e-18,0.04059694588290731,4.032084107409537,True,1,0.02
indicator_revision_only_dfm_kalman_em,pseudo,2024:Q4:pre_third:pseudo,2025-03-31,pre_third,2024:Q4,A,A,0.3993592946398671,0.0,0.027536756422071068,4.029770780740824,True,1,0.02
indicator_revision_only_dfm_kalman_em,pseudo,2024:Q4:pre_third:pseudo,2025-03-31,pre_third,2024:Q4,A,M,0.01463102007074402,0.0,0.027536756422071068,4.029770780740824,True,1,0.02
indicator_revision_only_dfm_kalman_em,pseudo,2024:Q4:pre_third:pseudo,2025-03-31,pre_third,2024:Q4,A,S,0.01463102007074402,0.0,0.027536756422071068,4.029770780740824,True,1,0.02
indicator_revision_only_dfm_kalman_em,pseudo,2024:Q4:pre_third:pseudo,2025-03-31,pre_third,2024:Q4,A,T,0.01463102007074402,0.0,0.027536756422071068,4.029770780740824,True,1,0.02
indicator_revision_only_dfm_kalman_em,pseudo,2024:Q4:pre_third:pseudo,2025-03-31,pre_third,2024:Q4,M,A,0.01463102007074402,0.0,0.027536756422071068,4.029770780740824,True,1,0.02
indicator_revision_only_dfm_kalman_em,pseudo,2024:Q4:pre_third:pseudo,2025-03-31,pre_third,2024:Q4,M,M,4.029601963269185,0.0,0.027536756422071068,4.029770780740824,True,1,0.02
indicator_revision_only_dfm_kalman_em,pseudo,2024:Q4:pre_third:pseudo,2025-03-31,pre_third,2024:Q4,M,S,0.01463102007074402,0.0,0.027536756422071068,4.029770780740824,True,1,0.02
indicator_revision_only_dfm_kalman_em,pseudo,2024:Q4:pre_third:pseudo,2025-03-31,pre_third,2024:Q4,M,T,0.01463102007074402,0.0,0.027536756422071068,4.029770780740824,True,1,0.02
indicator_revision_only_dfm_kalman_em,pseudo,2024:Q4:pre_third:pseudo,2025-03-31,pre_third,2024:Q4,S,A,0.01463102007074402,0.0,0.027536756422071068,4.029770780740824,True,1,0.02
indicator_revision_only_dfm_kalman_em,pseudo,2024:Q4:pre_third:pseudo,2025-03-31,pre_third,2024:Q4,S,M,0.01463102007074402,0.0,0.027536756422071068,4.029770780740824,True,1,0.02
indicator_revision_only_dfm_kalman_em,pseudo,2024:Q4:pre_third:pseudo,2025-03-31,pre_third,2024:Q4,S,S,0.029901228400272605,0.0,0.027536756422071068,4.029770780740824,True,1,0.02
indicator_revision_only_dfm_kalman_em,pseudo,2024:Q4:pre_third:pseudo,2025-03-31,pre_third,2024:Q4,S,T,0.01463102007074402,0.0,0.027536756422071068,4.029770780740824,True,1,0.02
indicator_revision_only_dfm_kalman_em,pseudo,2024:Q4:pre_third:pseudo,2025-03-31,pre_third,2024:Q4,T,A,0.01463102007074402,0.0,0.027536756422071068,4.029770780740824,True,1,0.02
indicator_revision_only_dfm_kalman_em,pseudo,2024:Q4:pre_third:pseudo,2025-03-31,pre_third,2024:Q4,T,M,0.01463102007074402,0.0,0.027536756422071068,4.029770780740824,True,1,0.02
indicator_revision_only_dfm_kalman_em,pseudo,2024:Q4:pre_third:pseudo,2025-03-31,pre_third,2024:Q4,T,S,0.01463102007074402,0.0,0.027536756422071068,4.029770780740824,True,1,0.02
indicator_revision_only_dfm_kalman_em,pseudo,2024:Q4:pre_third:pseudo,2025-03-31,pre_third,2024:Q4,T,T,0.14094114588016488,0.0,0.027536756422071068,4.029770780740824,True,1,0.02
joint_indicator_revision_dfm_full_kalman_em,pseudo,2024:Q4:pre_third:pseudo,2025-03-31,pre_third,2024:Q4,A,A,0.2395889522070871,0.0,0.03223414423953902,4.038412113929902,True,1,0.02
joint_indicator_revision_dfm_full_kalman_em,pseudo,2024:Q4:pre_third:pseudo,2025-03-31,pre_third,2024:Q4,A,M,0.007521809121742602,0.0,0.03223414423953902,4.038412113929902,True,1,0.02
joint_indicator_revision_dfm_full_kalman_em,pseudo,2024:Q4:pre_third:pseudo,2025-03-31,pre_third,2024:Q4,A,S,0.010177082288032673,0.0,0.03223414423953902,4.038412113929902,True,1,0.02
joint_indicator_revision_dfm_full_kalman_em,pseudo,2024:Q4:pre_third:pseudo,2025-03-31,pre_third,2024:Q4,A,T,0.00858391838825863,0.0,0.03223414423953902,4.038412113929902,True,1,0.02
joint_indicator_revision_dfm_full_kalman_em,pseudo,2024:Q4:pre_third:pseudo,2025-03-31,pre_third,2024:Q4,M,A,0.007521809121742602,0.0,0.03223414423953902,4.038412113929902,True,1,0.02
joint_indicator_revision_dfm_full_kalman_em,pseudo,2024:Q4:pre_third:pseudo,2025-03-31,pre_third,2024:Q4,M,M,4.038235246872818,0.0,0.03223414423953902,4.038412113929902,True,1,0.02
joint_indicator_revision_dfm_full_kalman_em,pseudo,2024:Q4:pre_third:pseudo,2025-03-31,pre_third,2024:Q4,M,S,0.01766599308818831,0.0,0.03223414423953902,4.038412113929902,True,1,0.02
joint_indicator_revision_dfm_full_kalman_em,pseudo,2024:Q4:pre_third:pseudo,2025-03-31,pre_third,2024:Q4,M,T,0.017986335739760276,0.0,0.03223414423953902,4.038412113929902,True,1,0.02
joint_indicator_revision_dfm_full_kalman_em,pseudo,2024:Q4:pre_third:pseudo,2025-03-31,pre_third,2024:Q4,S,A,0.010177082288032673,0.0,0.03223414423953902,4.038412113929902,True,1,0.02
joint_indicator_revision_dfm_full_kalman_em,pseudo,2024:Q4:pre_third:pseudo,2025-03-31,pre_third,2024:Q4,S,M,0.01766599308818831,0.0,0.03223414423953902,4.038412113929902,True,1,0.02
joint_indicator_revision_dfm_full_kalman_em,pseudo,2024:Q4:pre_third:pseudo,2025-03-31,pre_third,2024:Q4,S,S,0.03554441906770239,0.0,0.03223414423953902,4.038412113929902,True,1,0.02
joint_indicator_revision_dfm_full_kalman_em,pseudo,2024:Q4:pre_third:pseudo,2025-03-31,pre_third,2024:Q4,S,T,0.017516214872185194,0.0,0.03223414423953902,4.038412113929902,True,1,0.02
joint_indicator_revision_dfm_full_kalman_em,pseudo,2024:Q4:pre_third:pseudo,2025-03-31,pre_third,2024:Q4,T,A,0.00858391838825863,0.0,0.03223414423953902,4.038412113929902,True,1,0.02
joint_indicator_revision_dfm_full_kalman_em,pseudo,2024:Q4:pre_third:pseudo,2025-03-31,pre_third,2024:Q4,T,M,0.017986335739760276,0.0,0.03223414423953902,4.038412113929902,True,1,0.02
joint_indicator_revision_dfm_full_kalman_em,pseudo,2024:Q4:pre_third:pseudo,2025-03-31,pre_third,2024:Q4,T,S,0.017516214872185194,0.0,0.03223414423953902,4.038412113929902,True,1,0.02
joint_indicator_revision_dfm_full_kalman_em,pseudo,2024:Q4:pre_third:pseudo,2025-03-31,pre_third,2024:Q4,T,T,0.1385237989244625,0.0,0.03223414423953902,4.038412113929902,True,1,0.02
monthly_mixed_frequency_kalman_em,pseudo,2024:Q4:pre_third:pseudo,2025-03-31,pre_third,2024:Q4,A,A,0.29561128778430634,0.0,0.057340349915162465,4.20212982635801,True,1,0.02
monthly_mixed_frequency_kalman_em,pseudo,2024:Q4:pre_third:pseudo,2025-03-31,pre_third,2024:Q4,A,M,-0.03940795321295671,0.0,0.057340349915162465,4.20212982635801,True,1,0.02
monthly_mixed_frequency_kalman_em,pseudo,2024:Q4:pre_third:pseudo,2025-03-31,pre_third,2024:Q4,A,S,0.029573353189357977,0.0,0.057340349915162465,4.20212982635801,True,1,0.02
monthly_mixed_frequency_kalman_em,pseudo,2024:Q4:pre_third:pseudo,2025-03-31,pre_third,2024:Q4,A,T,-0.008052813939177308,0.0,0.057340349915162465,4.20212982635801,True,1,0.02
monthly_mixed_frequency_kalman_em,pseudo,2024:Q4:pre_third:pseudo,2025-03-31,pre_third,2024:Q4,M,A,-0.03940795321295671,0.0,0.057340349915162465,4.20212982635801,True,1,0.02
monthly_mixed_frequency_kalman_em,pseudo,2024:Q4:pre_third:pseudo,2025-03-31,pre_third,2024:Q4,M,M,4.196710177914756,0.0,0.057340349915162465,4.20212982635801,True,1,0.02
monthly_mixed_frequency_kalman_em,pseudo,2024:Q4:pre_third:pseudo,2025-03-31,pre_third,2024:Q4,M,S,0.06126388656919876,0.0,0.057340349915162465,4.20212982635801,True,1,0.02
monthly_mixed_frequency_kalman_em,pseudo,2024:Q4:pre_third:pseudo,2025-03-31,pre_third,2024:Q4,M,T,0.1283784464239691,0.0,0.057340349915162465,4.20212982635801,True,1,0.02
monthly_mixed_frequency_kalman_em,pseudo,2024:Q4:pre_third:pseudo,2025-03-31,pre_third,2024:Q4,S,A,0.029573353189357977,0.0,0.057340349915162465,4.20212982635801,True,1,0.02
monthly_mixed_frequency_kalman_em,pseudo,2024:Q4:pre_third:pseudo,2025-03-31,pre_third,2024:Q4,S,M,0.06126388656919876,0.0,0.057340349915162465,4.20212982635801,True,1,0.02
monthly_mixed_frequency_kalman_em,pseudo,2024:Q4:pre_third:pseudo,2025-03-31,pre_third,2024:Q4,S,S,0.09536416151603015,0.0,0.057340349915162465,4.20212982635801,True,1,0.02
monthly_mixed_frequency_kalman_em,pseudo,2024:Q4:pre_third:pseudo,2025-03-31,pre_third,2024:Q4,S,T,0.05334125322423856,0.0,0.057340349915162465,4.20212982635801,True,1,0.02
monthly_mixed_frequency_kalman_em,pseudo,2024:Q4:pre_third:pseudo,2025-03-31,pre_third,2024:Q4,T,A,-0.008052813939177308,0.0,0.057340349915162465,4.20212982635801,True,1,0.02
monthly_mixed_frequency_kalman_em,pseudo,2024:Q4:pre_third:pseudo,2025-03-31,pre_third,2024:Q4,T,M,0.1283784464239691,0.0,0.057340349915162465,4.20212982635801,True,1,0.02
monthly_mixed_frequency_kalman_em,pseudo,2024:Q4:pre_third:pseudo,2025-03-31,pre_third,2024:Q4,T,S,0.05334125322423856,0.0,0.057340349915162465,4.20212982635801,True,1,0.02
monthly_mixed_frequency_kalman_em,pseudo,2024:Q4:pre_third:pseudo,2025-03-31,pre_third,2024:Q4,T,T,0.14369513929056066,0.0,0.057340349915162465,4.20212982635801,True,1,0.02
revision_dfm_kalman_em,pseudo,2024:Q4:pre_third:pseudo,2025-03-31,pre_third,2024:Q4,A,A,0.22076237688591924,3.469446951953614e-18,0.040596831000330985,4.032083926801988,True,1,0.02
revision_dfm_kalman_em,pseudo,2024:Q4:pre_third:pseudo,2025-03-31,pre_third,2024:Q4,A,M,0.00579088825686441,3.469446951953614e-18,0.040596831000330985,4.032083926801988,True,1,0.02
revision_dfm_kalman_em,pseudo,2024:Q4:pre_third:pseudo,2025-03-31,pre_third,2024:Q4,A,S,0.009383793466376253,3.469446951953614e-18,0.040596831000330985,4.032083926801988,True,1,0.02
revision_dfm_kalman_em,pseudo,2024:Q4:pre_third:pseudo,2025-03-31,pre_third,2024:Q4,A,T,0.007228050340669147,3.469446951953614e-18,0.040596831000330985,4.032083926801988,True,1,0.02
revision_dfm_kalman_em,pseudo,2024:Q4:pre_third:pseudo,2025-03-31,pre_third,2024:Q4,M,A,0.00579088825686441,3.469446951953614e-18,0.040596831000330985,4.032083926801988,True,1,0.02
revision_dfm_kalman_em,pseudo,2024:Q4:pre_third:pseudo,2025-03-31,pre_third,2024:Q4,M,M,4.031796521687626,3.469446951953614e-18,0.040596831000330985,4.032083926801988,True,1,0.02
revision_dfm_kalman_em,pseudo,2024:Q4:pre_third:pseudo,2025-03-31,pre_third,2024:Q4,M,S,0.023066031154797922,3.469446951953614e-18,0.040596831000330985,4.032083926801988,True,1,0.02
revision_dfm_kalman_em,pseudo,2024:Q4:pre_third:pseudo,2025-03-31,pre_third,2024:Q4,M,T,0.023611561983153718,3.469446951953614e-18,0.040596831000330985,4.032083926801988,True,1,0.02
revision_dfm_kalman_em,pseudo,2024:Q4:pre_third:pseudo,2025-03-31,pre_third,2024:Q4,S,A,0.00938379346637625,3.469446951953614e-18,0.040596831000330985,4.032083926801988,True,1,0.02
revision_dfm_kalman_em,pseudo,2024:Q4:pre_third:pseudo,2025-03-31,pre_third,2024:Q4,S,M,0.023066031154797922,3.469446951953614e-18,0.040596831000330985,4.032083926801988,True,1,0.02
revision_dfm_kalman_em,pseudo,2024:Q4:pre_third:pseudo,2025-03-31,pre_third,2024:Q4,S,S,0.04627418307821722,3.469446951953614e-18,0.040596831000330985,4.032083926801988,True,1,0.02
revision_dfm_kalman_em,pseudo,2024:Q4:pre_third:pseudo,2025-03-31,pre_third,2024:Q4,S,T,0.02279238640102949,3.469446951953614e-18,0.040596831000330985,4.032083926801988,True,1,0.02
revision_dfm_kalman_em,pseudo,2024:Q4:pre_third:pseudo,2025-03-31,pre_third,2024:Q4,T,A,0.007228050340669144,3.469446951953614e-18,0.040596831000330985,4.032083926801988,True,1,0.02
revision_dfm_kalman_em,pseudo,2024:Q4:pre_third:pseudo,2025-03-31,pre_third,2024:Q4,T,M,0.023611561983153718,3.469446951953614e-18,0.040596831000330985,4.032083926801988,True,1,0.02
revision_dfm_kalman_em,pseudo,2024:Q4:pre_third:pseudo,2025-03-31,pre_third,2024:Q4,T,S,0.02279238640102949,3.469446951953614e-18,0.040596831000330985,4.032083926801988,True,1,0.02
revision_dfm_kalman_em,pseudo,2024:Q4:pre_third:pseudo,2025-03-31,pre_third,2024:Q4,T,T,0.13917291062057024,3.469446951953614e-18,0.040596831000330985,4.032083926801988,True,1,0.02
