model_id,timing_mode,forecast_origin,forecast_origin_date,checkpoint_id,target_quarter,row_release,column_release,covariance,matrix_max_asymmetry,matrix_min_eigenvalue,matrix_max_eigenvalue,matrix_psd_flag,initialization_seed,initialization_jitter
indicator_revision_only_dfm_kalman_em,exact,2022:Q1:pre_advance:exact,2022-04-27,pre_advance,2022:Q1,A,A,2.8554568846882225,0.0,0.06688536630145345,11.323430739977653,True,3,0.02
indicator_revision_only_dfm_kalman_em,exact,2022:Q1:pre_advance:exact,2022-04-27,pre_advance,2022:Q1,A,M,2.454113731389099,0.0,0.06688536630145345,11.323430739977653,True,3,0.02
indicator_revision_only_dfm_kalman_em,exact,2022:Q1:pre_advance:exact,2022-04-27,pre_advance,2022:Q1,A,S,2.454113731389099,0.0,0.06688536630145345,11.323430739977653,True,3,0.02
indicator_revision_only_dfm_kalman_em,exact,2022:Q1:pre_advance:exact,2022-04-27,pre_advance,2022:Q1,A,T,2.454113731389099,0.0,0.06688536630145345,11.323430739977653,True,3,0.02
indicator_revision_only_dfm_kalman_em,exact,2022:Q1:pre_advance:exact,2022-04-27,pre_advance,2022:Q1,M,A,2.454113731389099,0.0,0.06688536630145345,11.323430739977653,True,3,0.02
indicator_revision_only_dfm_kalman_em,exact,2022:Q1:pre_advance:exact,2022-04-27,pre_advance,2022:Q1,M,M,6.539208902658152,0.0,0.06688536630145345,11.323430739977653,True,3,0.02
indicator_revision_only_dfm_kalman_em,exact,2022:Q1:pre_advance:exact,2022-04-27,pre_advance,2022:Q1,M,S,2.454113731389099,0.0,0.06688536630145345,11.323430739977653,True,3,0.02
indicator_revision_only_dfm_kalman_em,exact,2022:Q1:pre_advance:exact,2022-04-27,pre_advance,2022:Q1,M,T,2.454113731389099,0.0,0.06688536630145345,11.323430739977653,True,3,0.02
indicator_revision_only_dfm_kalman_em,exact,2022:Q1:pre_advance:exact,2022-04-27,pre_advance,2022:Q1,S,A,2.454113731389099,0.0,0.06688536630145345,11.323430739977653,True,3,0.02
indicator_revision_only_dfm_kalman_em,exact,2022:Q1:pre_advance:exact,2022-04-27,pre_advance,2022:Q1,S,M,2.454113731389099,0.0,0.06688536630145345,11.323430739977653,True,3,0.02
indicator_revision_only_dfm_kalman_em,exact,2022:Q1:pre_advance:exact,2022-04-27,pre_advance,2022:Q1,S,S,2.4706564932506976,0.0,0.06688536630145345,11.323430739977653,True,3,0.02
indicator_revision_only_dfm_kalman_em,exact,2022:Q1:pre_advance:exact,2022-04-27,pre_advance,2022:Q1,S,T,2.454113731389099,0.0,0.06688536630145345,11.323430739977653,True,3,0.02
indicator_revision_only_dfm_kalman_em,exact,2022:Q1:pre_advance:exact,2022-04-27,pre_advance,2022:Q1,T,A,2.454113731389099,0.0,0.06688536630145345,11.323430739977653,True,3,0.02
indicator_revision_only_dfm_kalman_em,exact,2022:Q1:pre_advance:exact,2022-04-27,pre_advance,2022:Q1,T,M,2.454113731389099,0.0,0.06688536630145345,11.323430739977653,True,3,0.02
indicator_revision_only_dfm_kalman_em,exact,2022:Q1:pre_advance:exact,2022-04-27,pre_advance,2022:Q1,T,S,2.454113731389099,0.0,0.06688536630145345,11.323430739977653,True,3,0.02
indicator_revision_only_dfm_kalman_em,exact,2022:Q1:pre_advance:exact,2022-04-27,pre_advance,2022:Q1,T,T,2.5826603855076185,0.0,0.06688536630145345,11.323430739977653,True,3,0.02
joint_indicator_revision_dfm_full_kalman_em,exact,2022:Q1:pre_advance:exact,2022-04-27,pre_advance,2022:Q1,A,A,2.038687580912185,0.0,0.0644942535889341,11.137673111623563,True,3,0.02
joint_indicator_revision_dfm_full_kalman_em,exact,2022:Q1:pre_advance:exact,2022-04-27,pre_advance,2022:Q1,A,M,2.144107909265834,0.0,0.0644942535889341,11.137673111623563,True,3,0.02
joint_indicator_revision_dfm_full_kalman_em,exact,2022:Q1:pre_advance:exact,2022-04-27,pre_advance,2022:Q1,A,S,2.1322293558592516,0.0,0.0644942535889341,11.137673111623563,True,3,0.02
joint_indicator_revision_dfm_full_kalman_em,exact,2022:Q1:pre_advance:exact,2022-04-27,pre_advance,2022:Q1,A,T,2.139356487903201,0.0,0.0644942535889341,11.137673111623563,True,3,0.02
joint_indicator_revision_dfm_full_kalman_em,exact,2022:Q1:pre_advance:exact,2022-04-27,pre_advance,2022:Q1,M,A,2.144107909265834,0.0,0.0644942535889341,11.137673111623563,True,3,0.02
joint_indicator_revision_dfm_full_kalman_em,exact,2022:Q1:pre_advance:exact,2022-04-27,pre_advance,2022:Q1,M,M,6.708049594134904,0.0,0.0644942535889341,11.137673111623563,True,3,0.02
joint_indicator_revision_dfm_full_kalman_em,exact,2022:Q1:pre_advance:exact,2022-04-27,pre_advance,2022:Q1,M,S,2.5906327322202234,0.0,0.0644942535889341,11.137673111623563,True,3,0.02
joint_indicator_revision_dfm_full_kalman_em,exact,2022:Q1:pre_advance:exact,2022-04-27,pre_advance,2022:Q1,M,T,2.6047335161029936,0.0,0.0644942535889341,11.137673111623563,True,3,0.02
joint_indicator_revision_dfm_full_kalman_em,exact,2022:Q1:pre_advance:exact,2022-04-27,pre_advance,2022:Q1,S,A,2.1322293558592516,0.0,0.0644942535889341,11.137673111623563,True,3,0.02
joint_indicator_revision_dfm_full_kalman_em,exact,2022:Q1:pre_advance:exact,2022-04-27,pre_advance,2022:Q1,S,M,2.5906327322202234,0.0,0.0644942535889341,11.137673111623563,True,3,0.02
joint_indicator_revision_dfm_full_kalman_em,exact,2022:Q1:pre_advance:exact,2022-04-27,pre_advance,2022:Q1,S,S,2.587152545735121,0.0,0.0644942535889341,11.137673111623563,True,3,0.02
joint_indicator_revision_dfm_full_kalman_em,exact,2022:Q1:pre_advance:exact,2022-04-27,pre_advance,2022:Q1,S,T,2.581464664693004,0.0,0.0644942535889341,11.137673111623563,True,3,0.02
joint_indicator_revision_dfm_full_kalman_em,exact,2022:Q1:pre_advance:exact,2022-04-27,pre_advance,2022:Q1,T,A,2.139356487903201,0.0,0.0644942535889341,11.137673111623563,True,3,0.02
joint_indicator_revision_dfm_full_kalman_em,exact,2022:Q1:pre_advance:exact,2022-04-27,pre_advance,2022:Q1,T,M,2.6047335161029936,0.0,0.0644942535889341,11.137673111623563,True,3,0.02
joint_indicator_revision_dfm_full_kalman_em,exact,2022:Q1:pre_advance:exact,2022-04-27,pre_advance,2022:Q1,T,S,2.581464664693004,0.0,0.0644942535889341,11.137673111623563,True,3,0.02
joint_indicator_revision_dfm_full_kalman_em,exact,2022:Q1:pre_advance:exact,2022-04-27,pre_advance,2022:Q1,T,T,2.7175128901818995,0.0,0.0644942535889341,11.137673111623563,True,3,0.02
monthly_mixed_frequency_kalman_em,exact,2022:Q1:pre_advance:exact,2022-04-27,pre_advance,2022:Q1,A,A,4.014426515724943,0.0,0.061541977127380486,16.81658684154338,True,3,0.02
monthly_mixed_frequency_kalman_em,exact,2022:Q1:pre_advance:exact,2022-04-27,pre_advance,2022:Q1,A,M,3.7215243046610493,0.0,0.061541977127380486,16.81658684154338,True,3,0.02
monthly_mixed_frequency_kalman_em,exact,2022:Q1:pre_advance:exact,2022-04-27,pre_advance,2022:Q1,A,S,3.757366719318494,0.0,0.061541977127380486,16.81658684154338,True,3,0.02
monthly_mixed_frequency_kalman_em,exact,2022:Q1:pre_advance:exact,2022-04-27,pre_advance,2022:Q1,A,T,3.737816311323524,0.0,0.061541977127380486,16.81658684154338,True,3,0.02
monthly_mixed_frequency_kalman_em,exact,2022:Q1:pre_advance:exact,2022-04-27,pre_advance,2022:Q1,M,A,3.7215243046610493,0.0,0.061541977127380486,16.81658684154338,True,3,0.02
monthly_mixed_frequency_kalman_em,exact,2022:Q1:pre_advance:exact,2022-04-27,pre_advance,2022:Q1,M,M,8.239777308263966,0.0,0.061541977127380486,16.81658684154338,True,3,0.02
monthly_mixed_frequency_kalman_em,exact,2022:Q1:pre_advance:exact,2022-04-27,pre_advance,2022:Q1,M,S,3.9035341710006874,0.0,0.061541977127380486,16.81658684154338,True,3,0.02
monthly_mixed_frequency_kalman_em,exact,2022:Q1:pre_advance:exact,2022-04-27,pre_advance,2022:Q1,M,T,4.024874081893779,0.0,0.061541977127380486,16.81658684154338,True,3,0.02
monthly_mixed_frequency_kalman_em,exact,2022:Q1:pre_advance:exact,2022-04-27,pre_advance,2022:Q1,S,A,3.757366719318494,0.0,0.061541977127380486,16.81658684154338,True,3,0.02
monthly_mixed_frequency_kalman_em,exact,2022:Q1:pre_advance:exact,2022-04-27,pre_advance,2022:Q1,S,M,3.9035341710006874,0.0,0.061541977127380486,16.81658684154338,True,3,0.02
monthly_mixed_frequency_kalman_em,exact,2022:Q1:pre_advance:exact,2022-04-27,pre_advance,2022:Q1,S,S,3.8749855954055654,0.0,0.061541977127380486,16.81658684154338,True,3,0.02
monthly_mixed_frequency_kalman_em,exact,2022:Q1:pre_advance:exact,2022-04-27,pre_advance,2022:Q1,S,T,3.866992308080139,0.0,0.061541977127380486,16.81658684154338,True,3,0.02
monthly_mixed_frequency_kalman_em,exact,2022:Q1:pre_advance:exact,2022-04-27,pre_advance,2022:Q1,T,A,3.737816311323524,0.0,0.061541977127380486,16.81658684154338,True,3,0.02
monthly_mixed_frequency_kalman_em,exact,2022:Q1:pre_advance:exact,2022-04-27,pre_advance,2022:Q1,T,M,4.024874081893779,0.0,0.061541977127380486,16.81658684154338,True,3,0.02
monthly_mixed_frequency_kalman_em,exact,2022:Q1:pre_advance:exact,2022-04-27,pre_advance,2022:Q1,T,S,3.866992308080139,0.0,0.061541977127380486,16.81658684154338,True,3,0.02
monthly_mixed_frequency_kalman_em,exact,2022:Q1:pre_advance:exact,2022-04-27,pre_advance,2022:Q1,T,T,4.003913740543081,0.0,0.061541977127380486,16.81658684154338,True,3,0.02
revision_dfm_kalman_em,exact,2022:Q1:pre_advance:exact,2022-04-27,pre_advance,2022:Q1,A,A,2.668872228215314,4.440892098500626e-16,0.0672238487008563,13.625873851239376,True,3,0.02
revision_dfm_kalman_em,exact,2022:Q1:pre_advance:exact,2022-04-27,pre_advance,2022:Q1,A,M,2.7772122206720145,4.440892098500626e-16,0.0672238487008563,13.625873851239376,True,3,0.02
revision_dfm_kalman_em,exact,2022:Q1:pre_advance:exact,2022-04-27,pre_advance,2022:Q1,A,S,2.7646022277810456,4.440892098500626e-16,0.0672238487008563,13.625873851239376,True,3,0.02
revision_dfm_kalman_em,exact,2022:Q1:pre_advance:exact,2022-04-27,pre_advance,2022:Q1,A,T,2.772168223515627,4.440892098500626e-16,0.0672238487008563,13.625873851239376,True,3,0.02
revision_dfm_kalman_em,exact,2022:Q1:pre_advance:exact,2022-04-27,pre_advance,2022:Q1,M,A,2.7772122206720145,4.440892098500626e-16,0.0672238487008563,13.625873851239376,True,3,0.02
revision_dfm_kalman_em,exact,2022:Q1:pre_advance:exact,2022-04-27,pre_advance,2022:Q1,M,M,7.361949849497138,4.440892098500626e-16,0.0672238487008563,13.625873851239376,True,3,0.02
revision_dfm_kalman_em,exact,2022:Q1:pre_advance:exact,2022-04-27,pre_advance,2022:Q1,M,S,3.2573748318199285,4.440892098500626e-16,0.0672238487008563,13.625873851239376,True,3,0.02
revision_dfm_kalman_em,exact,2022:Q1:pre_advance:exact,2022-04-27,pre_advance,2022:Q1,M,T,3.272537861645652,4.440892098500626e-16,0.0672238487008563,13.625873851239376,True,3,0.02
revision_dfm_kalman_em,exact,2022:Q1:pre_advance:exact,2022-04-27,pre_advance,2022:Q1,S,A,2.764602227781046,4.440892098500626e-16,0.0672238487008563,13.625873851239376,True,3,0.02
revision_dfm_kalman_em,exact,2022:Q1:pre_advance:exact,2022-04-27,pre_advance,2022:Q1,S,M,3.2573748318199285,4.440892098500626e-16,0.0672238487008563,13.625873851239376,True,3,0.02
revision_dfm_kalman_em,exact,2022:Q1:pre_advance:exact,2022-04-27,pre_advance,2022:Q1,S,S,3.2604389359602544,4.440892098500626e-16,0.0672238487008563,13.625873851239376,True,3,0.02
revision_dfm_kalman_em,exact,2022:Q1:pre_advance:exact,2022-04-27,pre_advance,2022:Q1,S,T,3.247519379739151,4.440892098500626e-16,0.0672238487008563,13.625873851239376,True,3,0.02
revision_dfm_kalman_em,exact,2022:Q1:pre_advance:exact,2022-04-27,pre_advance,2022:Q1,T,A,2.772168223515627,4.440892098500626e-16,0.0672238487008563,13.625873851239376,True,3,0.02
revision_dfm_kalman_em,exact,2022:Q1:pre_advance:exact,2022-04-27,pre_advance,2022:Q1,T,M,3.272537861645652,4.440892098500626e-16,0.0672238487008563,13.625873851239376,True,3,0.02
revision_dfm_kalman_em,exact,2022:Q1:pre_advance:exact,2022-04-27,pre_advance,2022:Q1,T,S,3.247519379739151,4.440892098500626e-16,0.0672238487008563,13.625873851239376,True,3,0.02
revision_dfm_kalman_em,exact,2022:Q1:pre_advance:exact,2022-04-27,pre_advance,2022:Q1,T,T,3.3780387554016285,4.440892098500626e-16,0.0672238487008563,13.625873851239376,True,3,0.02
indicator_revision_only_dfm_kalman_em,pseudo,2022:Q1:pre_advance:pseudo,2022-04-30,pre_advance,2022:Q1,A,A,2.855281245589421,0.0,0.06688544820364092,11.322758854228933,True,3,0.02
indicator_revision_only_dfm_kalman_em,pseudo,2022:Q1:pre_advance:pseudo,2022-04-30,pre_advance,2022:Q1,A,M,2.4539387855938095,0.0,0.06688544820364092,11.322758854228933,True,3,0.02
indicator_revision_only_dfm_kalman_em,pseudo,2022:Q1:pre_advance:pseudo,2022-04-30,pre_advance,2022:Q1,A,S,2.4539387855938095,0.0,0.06688544820364092,11.322758854228933,True,3,0.02
indicator_revision_only_dfm_kalman_em,pseudo,2022:Q1:pre_advance:pseudo,2022-04-30,pre_advance,2022:Q1,A,T,2.4539387855938095,0.0,0.06688544820364092,11.322758854228933,True,3,0.02
indicator_revision_only_dfm_kalman_em,pseudo,2022:Q1:pre_advance:pseudo,2022-04-30,pre_advance,2022:Q1,M,A,2.4539387855938095,0.0,0.06688544820364092,11.322758854228933,True,3,0.02
indicator_revision_only_dfm_kalman_em,pseudo,2022:Q1:pre_advance:pseudo,2022-04-30,pre_advance,2022:Q1,M,M,6.539032864736955,0.0,0.06688544820364092,11.322758854228933,True,3,0.02
indicator_revision_only_dfm_kalman_em,pseudo,2022:Q1:pre_advance:pseudo,2022-04-30,pre_advance,2022:Q1,M,S,2.4539387855938095,0.0,0.06688544820364092,11.322758854228933,True,3,0.02
indicator_revision_only_dfm_kalman_em,pseudo,2022:Q1:pre_advance:pseudo,2022-04-30,pre_advance,2022:Q1,M,T,2.4539387855938095,0.0,0.06688544820364092,11.322758854228933,True,3,0.02
indicator_revision_only_dfm_kalman_em,pseudo,2022:Q1:pre_advance:pseudo,2022-04-30,pre_advance,2022:Q1,S,A,2.4539387855938095,0.0,0.06688544820364092,11.322758854228933,True,3,0.02
indicator_revision_only_dfm_kalman_em,pseudo,2022:Q1:pre_advance:pseudo,2022-04-30,pre_advance,2022:Q1,S,M,2.4539387855938095,0.0,0.06688544820364092,11.322758854228933,True,3,0.02
indicator_revision_only_dfm_kalman_em,pseudo,2022:Q1:pre_advance:pseudo,2022-04-30,pre_advance,2022:Q1,S,S,2.4704817870173694,0.0,0.06688544820364092,11.322758854228933,True,3,0.02
indicator_revision_only_dfm_kalman_em,pseudo,2022:Q1:pre_advance:pseudo,2022-04-30,pre_advance,2022:Q1,S,T,2.4539387855938095,0.0,0.06688544820364092,11.322758854228933,True,3,0.02
indicator_revision_only_dfm_kalman_em,pseudo,2022:Q1:pre_advance:pseudo,2022-04-30,pre_advance,2022:Q1,T,A,2.4539387855938095,0.0,0.06688544820364092,11.322758854228933,True,3,0.02
indicator_revision_only_dfm_kalman_em,pseudo,2022:Q1:pre_advance:pseudo,2022-04-30,pre_advance,2022:Q1,T,M,2.4539387855938095,0.0,0.06688544820364092,11.322758854228933,True,3,0.02
indicator_revision_only_dfm_kalman_em,pseudo,2022:Q1:pre_advance:pseudo,2022-04-30,pre_advance,2022:Q1,T,S,2.4539387855938095,0.0,0.06688544820364092,11.322758854228933,True,3,0.02
indicator_revision_only_dfm_kalman_em,pseudo,2022:Q1:pre_advance:pseudo,2022-04-30,pre_advance,2022:Q1,T,T,2.5824854221666143,0.0,0.06688544820364092,11.322758854228933,True,3,0.02
joint_indicator_revision_dfm_full_kalman_em,pseudo,2022:Q1:pre_advance:pseudo,2022-04-30,pre_advance,2022:Q1,A,A,2.0384123430973227,4.440892098500626e-16,0.06449342723585243,11.136746243746167,True,3,0.02
joint_indicator_revision_dfm_full_kalman_em,pseudo,2022:Q1:pre_advance:pseudo,2022-04-30,pre_advance,2022:Q1,A,M,2.1438538863776495,4.440892098500626e-16,0.06449342723585243,11.136746243746167,True,3,0.02
joint_indicator_revision_dfm_full_kalman_em,pseudo,2022:Q1:pre_advance:pseudo,2022-04-30,pre_advance,2022:Q1,A,S,2.1319765959748334,4.440892098500626e-16,0.06449342723585243,11.136746243746167,True,3,0.02
joint_indicator_revision_dfm_full_kalman_em,pseudo,2022:Q1:pre_advance:pseudo,2022-04-30,pre_advance,2022:Q1,A,T,2.139102970216523,4.440892098500626e-16,0.06449342723585243,11.136746243746167,True,3,0.02
joint_indicator_revision_dfm_full_kalman_em,pseudo,2022:Q1:pre_advance:pseudo,2022-04-30,pre_advance,2022:Q1,M,A,2.1438538863776495,4.440892098500626e-16,0.06449342723585243,11.136746243746167,True,3,0.02
joint_indicator_revision_dfm_full_kalman_em,pseudo,2022:Q1:pre_advance:pseudo,2022-04-30,pre_advance,2022:Q1,M,M,6.707809449836351,4.440892098500626e-16,0.06449342723585243,11.136746243746167,True,3,0.02
joint_indicator_revision_dfm_full_kalman_em,pseudo,2022:Q1:pre_advance:pseudo,2022-04-30,pre_advance,2022:Q1,M,S,2.5903902778543455,4.440892098500626e-16,0.06449342723585243,11.136746243746167,True,3,0.02
joint_indicator_revision_dfm_full_kalman_em,pseudo,2022:Q1:pre_advance:pseudo,2022-04-30,pre_advance,2022:Q1,M,T,2.604491427058873,4.440892098500626e-16,0.06449342723585243,11.136746243746167,True,3,0.02
joint_indicator_revision_dfm_full_kalman_em,pseudo,2022:Q1:pre_advance:pseudo,2022-04-30,pre_advance,2022:Q1,S,A,2.1319765959748334,4.440892098500626e-16,0.06449342723585243,11.136746243746167,True,3,0.02
joint_indicator_revision_dfm_full_kalman_em,pseudo,2022:Q1:pre_advance:pseudo,2022-04-30,pre_advance,2022:Q1,S,M,2.5903902778543455,4.440892098500626e-16,0.06449342723585243,11.136746243746167,True,3,0.02
joint_indicator_revision_dfm_full_kalman_em,pseudo,2022:Q1:pre_advance:pseudo,2022-04-30,pre_advance,2022:Q1,S,S,2.586908952396338,4.440892098500626e-16,0.06449342723585243,11.136746243746167,True,3,0.02
joint_indicator_revision_dfm_full_kalman_em,pseudo,2022:Q1:pre_advance:pseudo,2022-04-30,pre_advance,2022:Q1,S,T,2.5812220042167553,4.440892098500626e-16,0.06449342723585243,11.136746243746167,True,3,0.02
joint_indicator_revision_dfm_full_kalman_em,pseudo,2022:Q1:pre_advance:pseudo,2022-04-30,pre_advance,2022:Q1,T,A,2.1391029702165234,4.440892098500626e-16,0.06449342723585243,11.136746243746167,True,3,0.02
joint_indicator_revision_dfm_full_kalman_em,pseudo,2022:Q1:pre_advance:pseudo,2022-04-30,pre_advance,2022:Q1,T,M,2.604491427058873,4.440892098500626e-16,0.06449342723585243,11.136746243746167,True,3,0.02
joint_indicator_revision_dfm_full_kalman_em,pseudo,2022:Q1:pre_advance:pseudo,2022-04-30,pre_advance,2022:Q1,T,S,2.5812220042167557,4.440892098500626e-16,0.06449342723585243,11.136746243746167,True,3,0.02
joint_indicator_revision_dfm_full_kalman_em,pseudo,2022:Q1:pre_advance:pseudo,2022-04-30,pre_advance,2022:Q1,T,T,2.7172708143563242,4.440892098500626e-16,0.06449342723585243,11.136746243746167,True,3,0.02
monthly_mixed_frequency_kalman_em,pseudo,2022:Q1:pre_advance:pseudo,2022-04-30,pre_advance,2022:Q1,A,A,4.014238510924995,0.0,0.061541647913422745,16.816086312462648,True,3,0.02
monthly_mixed_frequency_kalman_em,pseudo,2022:Q1:pre_advance:pseudo,2022-04-30,pre_advance,2022:Q1,A,M,3.7213832838085144,0.0,0.061541647913422745,16.816086312462648,True,3,0.02
monthly_mixed_frequency_kalman_em,pseudo,2022:Q1:pre_advance:pseudo,2022-04-30,pre_advance,2022:Q1,A,S,3.7571999794267286,0.0,0.061541647913422745,16.816086312462648,True,3,0.02
monthly_mixed_frequency_kalman_em,pseudo,2022:Q1:pre_advance:pseudo,2022-04-30,pre_advance,2022:Q1,A,T,3.737663599998612,0.0,0.061541647913422745,16.816086312462648,True,3,0.02
monthly_mixed_frequency_kalman_em,pseudo,2022:Q1:pre_advance:pseudo,2022-04-30,pre_advance,2022:Q1,M,A,3.7213832838085144,0.0,0.061541647913422745,16.816086312462648,True,3,0.02
monthly_mixed_frequency_kalman_em,pseudo,2022:Q1:pre_advance:pseudo,2022-04-30,pre_advance,2022:Q1,M,M,8.239703162048242,0.0,0.061541647913422745,16.816086312462648,True,3,0.02
monthly_mixed_frequency_kalman_em,pseudo,2022:Q1:pre_advance:pseudo,2022-04-30,pre_advance,2022:Q1,M,S,3.9034196944970145,0.0,0.061541647913422745,16.816086312462648,True,3,0.02
monthly_mixed_frequency_kalman_em,pseudo,2022:Q1:pre_advance:pseudo,2022-04-30,pre_advance,2022:Q1,M,T,4.024777301622682,0.0,0.061541647913422745,16.816086312462648,True,3,0.02
monthly_mixed_frequency_kalman_em,pseudo,2022:Q1:pre_advance:pseudo,2022-04-30,pre_advance,2022:Q1,S,A,3.7571999794267286,0.0,0.061541647913422745,16.816086312462648,True,3,0.02
monthly_mixed_frequency_kalman_em,pseudo,2022:Q1:pre_advance:pseudo,2022-04-30,pre_advance,2022:Q1,S,M,3.9034196944970145,0.0,0.061541647913422745,16.816086312462648,True,3,0.02
monthly_mixed_frequency_kalman_em,pseudo,2022:Q1:pre_advance:pseudo,2022-04-30,pre_advance,2022:Q1,S,S,3.8748425607952006,0.0,0.061541647913422745,16.816086312462648,True,3,0.02
monthly_mixed_frequency_kalman_em,pseudo,2022:Q1:pre_advance:pseudo,2022-04-30,pre_advance,2022:Q1,S,T,3.866864765729443,0.0,0.061541647913422745,16.816086312462648,True,3,0.02
monthly_mixed_frequency_kalman_em,pseudo,2022:Q1:pre_advance:pseudo,2022-04-30,pre_advance,2022:Q1,T,A,3.737663599998612,0.0,0.061541647913422745,16.816086312462648,True,3,0.02
monthly_mixed_frequency_kalman_em,pseudo,2022:Q1:pre_advance:pseudo,2022-04-30,pre_advance,2022:Q1,T,M,4.024777301622682,0.0,0.061541647913422745,16.816086312462648,True,3,0.02
monthly_mixed_frequency_kalman_em,pseudo,2022:Q1:pre_advance:pseudo,2022-04-30,pre_advance,2022:Q1,T,S,3.866864765729443,0.0,0.061541647913422745,16.816086312462648,True,3,0.02
monthly_mixed_frequency_kalman_em,pseudo,2022:Q1:pre_advance:pseudo,2022-04-30,pre_advance,2022:Q1,T,T,4.003801623579582,0.0,0.061541647913422745,16.816086312462648,True,3,0.02
revision_dfm_kalman_em,pseudo,2022:Q1:pre_advance:pseudo,2022-04-30,pre_advance,2022:Q1,A,A,2.6688246291050923,4.440892098500626e-16,0.06722385543293057,13.625997070228674,True,3,0.02
revision_dfm_kalman_em,pseudo,2022:Q1:pre_advance:pseudo,2022-04-30,pre_advance,2022:Q1,A,M,2.7772176003489615,4.440892098500626e-16,0.06722385543293057,13.625997070228674,True,3,0.02
revision_dfm_kalman_em,pseudo,2022:Q1:pre_advance:pseudo,2022-04-30,pre_advance,2022:Q1,A,S,2.764604723640193,4.440892098500626e-16,0.06722385543293057,13.625997070228674,True,3,0.02
revision_dfm_kalman_em,pseudo,2022:Q1:pre_advance:pseudo,2022-04-30,pre_advance,2022:Q1,A,T,2.772172449665454,4.440892098500626e-16,0.06722385543293057,13.625997070228674,True,3,0.02
revision_dfm_kalman_em,pseudo,2022:Q1:pre_advance:pseudo,2022-04-30,pre_advance,2022:Q1,M,A,2.7772176003489615,4.440892098500626e-16,0.06722385543293057,13.625997070228674,True,3,0.02
revision_dfm_kalman_em,pseudo,2022:Q1:pre_advance:pseudo,2022-04-30,pre_advance,2022:Q1,M,M,7.362001997163754,4.440892098500626e-16,0.06722385543293057,13.625997070228674,True,3,0.02
revision_dfm_kalman_em,pseudo,2022:Q1:pre_advance:pseudo,2022-04-30,pre_advance,2022:Q1,M,S,3.2574257135470375,4.440892098500626e-16,0.06722385543293057,13.625997070228674,True,3,0.02
revision_dfm_kalman_em,pseudo,2022:Q1:pre_advance:pseudo,2022-04-30,pre_advance,2022:Q1,M,T,3.2725901802796082,4.440892098500626e-16,0.06722385543293057,13.625997070228674,True,3,0.02
revision_dfm_kalman_em,pseudo,2022:Q1:pre_advance:pseudo,2022-04-30,pre_advance,2022:Q1,S,A,2.7646047236401925,4.440892098500626e-16,0.06722385543293057,13.625997070228674,True,3,0.02
revision_dfm_kalman_em,pseudo,2022:Q1:pre_advance:pseudo,2022-04-30,pre_advance,2022:Q1,S,M,3.2574257135470375,4.440892098500626e-16,0.06722385543293057,13.625997070228674,True,3,0.02
revision_dfm_kalman_em,pseudo,2022:Q1:pre_advance:pseudo,2022-04-30,pre_advance,2022:Q1,S,S,3.26048705592597,4.440892098500626e-16,0.06722385543293057,13.625997070228674,True,3,0.02
revision_dfm_kalman_em,pseudo,2022:Q1:pre_advance:pseudo,2022-04-30,pre_advance,2022:Q1,S,T,3.2475692937489002,4.440892098500626e-16,0.06722385543293057,13.625997070228674,True,3,0.02
revision_dfm_kalman_em,pseudo,2022:Q1:pre_advance:pseudo,2022-04-30,pre_advance,2022:Q1,T,A,2.7721724496654536,4.440892098500626e-16,0.06722385543293057,13.625997070228674,True,3,0.02
revision_dfm_kalman_em,pseudo,2022:Q1:pre_advance:pseudo,2022-04-30,pre_advance,2022:Q1,T,M,3.2725901802796082,4.440892098500626e-16,0.06722385543293057,13.625997070228674,True,3,0.02
revision_dfm_kalman_em,pseudo,2022:Q1:pre_advance:pseudo,2022-04-30,pre_advance,2022:Q1,T,S,3.2475692937489007,4.440892098500626e-16,0.06722385543293057,13.625997070228674,True,3,0.02
revision_dfm_kalman_em,pseudo,2022:Q1:pre_advance:pseudo,2022-04-30,pre_advance,2022:Q1,T,T,3.3780907926604415,4.440892098500626e-16,0.06722385543293057,13.625997070228674,True,3,0.02
indicator_revision_only_dfm_kalman_em,exact,2022:Q1:pre_second:exact,2022-05-25,pre_second,2022:Q1,A,A,0.7583173096162638,0.0,0.06326432315848644,4.5527435475453055,True,3,0.02
indicator_revision_only_dfm_kalman_em,exact,2022:Q1:pre_second:exact,2022-05-25,pre_second,2022:Q1,A,M,0.3532564927797546,0.0,0.06326432315848644,4.5527435475453055,True,3,0.02
indicator_revision_only_dfm_kalman_em,exact,2022:Q1:pre_second:exact,2022-05-25,pre_second,2022:Q1,A,S,0.3532564927797546,0.0,0.06326432315848644,4.5527435475453055,True,3,0.02
indicator_revision_only_dfm_kalman_em,exact,2022:Q1:pre_second:exact,2022-05-25,pre_second,2022:Q1,A,T,0.3532564927797546,0.0,0.06326432315848644,4.5527435475453055,True,3,0.02
indicator_revision_only_dfm_kalman_em,exact,2022:Q1:pre_second:exact,2022-05-25,pre_second,2022:Q1,M,A,0.3532564927797546,0.0,0.06326432315848644,4.5527435475453055,True,3,0.02
indicator_revision_only_dfm_kalman_em,exact,2022:Q1:pre_second:exact,2022-05-25,pre_second,2022:Q1,M,M,4.4394154364768985,0.0,0.06326432315848644,4.5527435475453055,True,3,0.02
indicator_revision_only_dfm_kalman_em,exact,2022:Q1:pre_second:exact,2022-05-25,pre_second,2022:Q1,M,S,0.3532564927797546,0.0,0.06326432315848644,4.5527435475453055,True,3,0.02
indicator_revision_only_dfm_kalman_em,exact,2022:Q1:pre_second:exact,2022-05-25,pre_second,2022:Q1,M,T,0.3532564927797546,0.0,0.06326432315848644,4.5527435475453055,True,3,0.02
indicator_revision_only_dfm_kalman_em,exact,2022:Q1:pre_second:exact,2022-05-25,pre_second,2022:Q1,S,A,0.3532564927797546,0.0,0.06326432315848644,4.5527435475453055,True,3,0.02
indicator_revision_only_dfm_kalman_em,exact,2022:Q1:pre_second:exact,2022-05-25,pre_second,2022:Q1,S,M,0.3532564927797546,0.0,0.06326432315848644,4.5527435475453055,True,3,0.02
indicator_revision_only_dfm_kalman_em,exact,2022:Q1:pre_second:exact,2022-05-25,pre_second,2022:Q1,S,S,0.3695874505104399,0.0,0.06326432315848644,4.5527435475453055,True,3,0.02
indicator_revision_only_dfm_kalman_em,exact,2022:Q1:pre_second:exact,2022-05-25,pre_second,2022:Q1,S,T,0.3532564927797546,0.0,0.06326432315848644,4.5527435475453055,True,3,0.02
indicator_revision_only_dfm_kalman_em,exact,2022:Q1:pre_second:exact,2022-05-25,pre_second,2022:Q1,T,A,0.3532564927797546,0.0,0.06326432315848644,4.5527435475453055,True,3,0.02
indicator_revision_only_dfm_kalman_em,exact,2022:Q1:pre_second:exact,2022-05-25,pre_second,2022:Q1,T,M,0.3532564927797546,0.0,0.06326432315848644,4.5527435475453055,True,3,0.02
indicator_revision_only_dfm_kalman_em,exact,2022:Q1:pre_second:exact,2022-05-25,pre_second,2022:Q1,T,S,0.3532564927797546,0.0,0.06326432315848644,4.5527435475453055,True,3,0.02
indicator_revision_only_dfm_kalman_em,exact,2022:Q1:pre_second:exact,2022-05-25,pre_second,2022:Q1,T,T,0.48187301236368346,0.0,0.06326432315848644,4.5527435475453055,True,3,0.02
joint_indicator_revision_dfm_full_kalman_em,exact,2022:Q1:pre_second:exact,2022-05-25,pre_second,2022:Q1,A,A,0.2558914766738684,5.551115123125783e-17,0.06400826519850593,4.527546658747953,True,3,0.02
joint_indicator_revision_dfm_full_kalman_em,exact,2022:Q1:pre_second:exact,2022-05-25,pre_second,2022:Q1,A,M,0.13867199900933683,5.551115123125783e-17,0.06400826519850593,4.527546658747953,True,3,0.02
joint_indicator_revision_dfm_full_kalman_em,exact,2022:Q1:pre_second:exact,2022-05-25,pre_second,2022:Q1,A,S,0.13795275430049486,5.551115123125783e-17,0.06400826519850593,4.527546658747953,True,3,0.02
joint_indicator_revision_dfm_full_kalman_em,exact,2022:Q1:pre_second:exact,2022-05-25,pre_second,2022:Q1,A,T,0.13838430112580005,5.551115123125783e-17,0.06400826519850593,4.527546658747953,True,3,0.02
joint_indicator_revision_dfm_full_kalman_em,exact,2022:Q1:pre_second:exact,2022-05-25,pre_second,2022:Q1,M,A,0.13867199900933683,5.551115123125783e-17,0.06400826519850593,4.527546658747953,True,3,0.02
joint_indicator_revision_dfm_full_kalman_em,exact,2022:Q1:pre_second:exact,2022-05-25,pre_second,2022:Q1,M,M,4.454707677761115,5.551115123125783e-17,0.06400826519850593,4.527546658747953,True,3,0.02
joint_indicator_revision_dfm_full_kalman_em,exact,2022:Q1:pre_second:exact,2022-05-25,pre_second,2022:Q1,M,S,0.3503061605806527,5.551115123125783e-17,0.06400826519850593,4.527546658747953,True,3,0.02
joint_indicator_revision_dfm_full_kalman_em,exact,2022:Q1:pre_second:exact,2022-05-25,pre_second,2022:Q1,M,T,0.3569893446302732,5.551115123125783e-17,0.06400826519850593,4.527546658747953,True,3,0.02
joint_indicator_revision_dfm_full_kalman_em,exact,2022:Q1:pre_second:exact,2022-05-25,pre_second,2022:Q1,S,A,0.13795275430049486,5.551115123125783e-17,0.06400826519850593,4.527546658747953,True,3,0.02
joint_indicator_revision_dfm_full_kalman_em,exact,2022:Q1:pre_second:exact,2022-05-25,pre_second,2022:Q1,S,M,0.3503061605806527,5.551115123125783e-17,0.06400826519850593,4.527546658747953,True,3,0.02
joint_indicator_revision_dfm_full_kalman_em,exact,2022:Q1:pre_second:exact,2022-05-25,pre_second,2022:Q1,S,S,0.3595322426392285,5.551115123125783e-17,0.06400826519850593,4.527546658747953,True,3,0.02
joint_indicator_revision_dfm_full_kalman_em,exact,2022:Q1:pre_second:exact,2022-05-25,pre_second,2022:Q1,S,T,0.34605909245504957,5.551115123125783e-17,0.06400826519850593,4.527546658747953,True,3,0.02
joint_indicator_revision_dfm_full_kalman_em,exact,2022:Q1:pre_second:exact,2022-05-25,pre_second,2022:Q1,T,A,0.13838430112580002,5.551115123125783e-17,0.06400826519850593,4.527546658747953,True,3,0.02
joint_indicator_revision_dfm_full_kalman_em,exact,2022:Q1:pre_second:exact,2022-05-25,pre_second,2022:Q1,T,M,0.3569893446302732,5.551115123125783e-17,0.06400826519850593,4.527546658747953,True,3,0.02
joint_indicator_revision_dfm_full_kalman_em,exact,2022:Q1:pre_second:exact,2022-05-25,pre_second,2022:Q1,T,S,0.3460590924550495,5.551115123125783e-17,0.06400826519850593,4.527546658747953,True,3,0.02
joint_indicator_revision_dfm_full_kalman_em,exact,2022:Q1:pre_second:exact,2022-05-25,pre_second,2022:Q1,T,T,0.4742904627829843,5.551115123125783e-17,0.06400826519850593,4.527546658747953,True,3,0.02
monthly_mixed_frequency_kalman_em,exact,2022:Q1:pre_second:exact,2022-05-25,pre_second,2022:Q1,A,A,0.4512716337071684,0.0,0.05899837164936228,4.9320505264666235,True,3,0.02
monthly_mixed_frequency_kalman_em,exact,2022:Q1:pre_second:exact,2022-05-25,pre_second,2022:Q1,A,M,0.21525377065139734,0.0,0.05899837164936228,4.9320505264666235,True,3,0.02
monthly_mixed_frequency_kalman_em,exact,2022:Q1:pre_second:exact,2022-05-25,pre_second,2022:Q1,A,S,0.21770410997347953,0.0,0.05899837164936228,4.9320505264666235,True,3,0.02
monthly_mixed_frequency_kalman_em,exact,2022:Q1:pre_second:exact,2022-05-25,pre_second,2022:Q1,A,T,0.21636756125234383,0.0,0.05899837164936228,4.9320505264666235,True,3,0.02
monthly_mixed_frequency_kalman_em,exact,2022:Q1:pre_second:exact,2022-05-25,pre_second,2022:Q1,M,A,0.21525377065139734,0.0,0.05899837164936228,4.9320505264666235,True,3,0.02
monthly_mixed_frequency_kalman_em,exact,2022:Q1:pre_second:exact,2022-05-25,pre_second,2022:Q1,M,M,4.792683199326617,0.0,0.05899837164936228,4.9320505264666235,True,3,0.02
monthly_mixed_frequency_kalman_em,exact,2022:Q1:pre_second:exact,2022-05-25,pre_second,2022:Q1,M,S,0.42710272358633755,0.0,0.05899837164936228,4.9320505264666235,True,3,0.02
monthly_mixed_frequency_kalman_em,exact,2022:Q1:pre_second:exact,2022-05-25,pre_second,2022:Q1,M,T,0.5683353588762978,0.0,0.05899837164936228,4.9320505264666235,True,3,0.02
monthly_mixed_frequency_kalman_em,exact,2022:Q1:pre_second:exact,2022-05-25,pre_second,2022:Q1,S,A,0.21770410997347953,0.0,0.05899837164936228,4.9320505264666235,True,3,0.02
monthly_mixed_frequency_kalman_em,exact,2022:Q1:pre_second:exact,2022-05-25,pre_second,2022:Q1,S,M,0.42710272358633755,0.0,0.05899837164936228,4.9320505264666235,True,3,0.02
monthly_mixed_frequency_kalman_em,exact,2022:Q1:pre_second:exact,2022-05-25,pre_second,2022:Q1,S,S,0.3627429036452901,0.0,0.05899837164936228,4.9320505264666235,True,3,0.02
monthly_mixed_frequency_kalman_em,exact,2022:Q1:pre_second:exact,2022-05-25,pre_second,2022:Q1,S,T,0.37475307018312304,0.0,0.05899837164936228,4.9320505264666235,True,3,0.02
monthly_mixed_frequency_kalman_em,exact,2022:Q1:pre_second:exact,2022-05-25,pre_second,2022:Q1,T,A,0.21636756125234383,0.0,0.05899837164936228,4.9320505264666235,True,3,0.02
monthly_mixed_frequency_kalman_em,exact,2022:Q1:pre_second:exact,2022-05-25,pre_second,2022:Q1,T,M,0.5683353588762978,0.0,0.05899837164936228,4.9320505264666235,True,3,0.02
monthly_mixed_frequency_kalman_em,exact,2022:Q1:pre_second:exact,2022-05-25,pre_second,2022:Q1,T,S,0.37475307018312304,0.0,0.05899837164936228,4.9320505264666235,True,3,0.02
monthly_mixed_frequency_kalman_em,exact,2022:Q1:pre_second:exact,2022-05-25,pre_second,2022:Q1,T,T,0.5330187696480915,0.0,0.05899837164936228,4.9320505264666235,True,3,0.02
revision_dfm_kalman_em,exact,2022:Q1:pre_second:exact,2022-05-25,pre_second,2022:Q1,A,A,0.29012587011081187,2.7755575615628914e-17,0.06676298319677403,4.554525054629427,True,3,0.02
revision_dfm_kalman_em,exact,2022:Q1:pre_second:exact,2022-05-25,pre_second,2022:Q1,A,M,0.15492013233937144,2.7755575615628914e-17,0.06676298319677403,4.554525054629427,True,3,0.02
revision_dfm_kalman_em,exact,2022:Q1:pre_second:exact,2022-05-25,pre_second,2022:Q1,A,S,0.15425062921405583,2.7755575615628914e-17,0.06676298319677403,4.554525054629427,True,3,0.02
revision_dfm_kalman_em,exact,2022:Q1:pre_second:exact,2022-05-25,pre_second,2022:Q1,A,T,0.1546523310892452,2.7755575615628914e-17,0.06676298319677403,4.554525054629427,True,3,0.02
revision_dfm_kalman_em,exact,2022:Q1:pre_second:exact,2022-05-25,pre_second,2022:Q1,M,A,0.15492013233937144,2.7755575615628914e-17,0.06676298319677403,4.554525054629427,True,3,0.02
revision_dfm_kalman_em,exact,2022:Q1:pre_second:exact,2022-05-25,pre_second,2022:Q1,M,M,4.468455950424222,2.7755575615628914e-17,0.06676298319677403,4.554525054629427,True,3,0.02
revision_dfm_kalman_em,exact,2022:Q1:pre_second:exact,2022-05-25,pre_second,2022:Q1,M,S,0.3778462025587617,2.7755575615628914e-17,0.06676298319677403,4.554525054629427,True,3,0.02
revision_dfm_kalman_em,exact,2022:Q1:pre_second:exact,2022-05-25,pre_second,2022:Q1,M,T,0.3848859731972688,2.7755575615628914e-17,0.06676298319677403,4.554525054629427,True,3,0.02
revision_dfm_kalman_em,exact,2022:Q1:pre_second:exact,2022-05-25,pre_second,2022:Q1,S,A,0.1542506292140558,2.7755575615628914e-17,0.06676298319677403,4.554525054629427,True,3,0.02
revision_dfm_kalman_em,exact,2022:Q1:pre_second:exact,2022-05-25,pre_second,2022:Q1,S,M,0.3778462025587617,2.7755575615628914e-17,0.06676298319677403,4.554525054629427,True,3,0.02
revision_dfm_kalman_em,exact,2022:Q1:pre_second:exact,2022-05-25,pre_second,2022:Q1,S,S,0.3944150233156751,2.7755575615628914e-17,0.06676298319677403,4.554525054629427,True,3,0.02
revision_dfm_kalman_em,exact,2022:Q1:pre_second:exact,2022-05-25,pre_second,2022:Q1,S,T,0.3733742910918676,2.7755575615628914e-17,0.06676298319677403,4.554525054629427,True,3,0.02
revision_dfm_kalman_em,exact,2022:Q1:pre_second:exact,2022-05-25,pre_second,2022:Q1,T,A,0.1546523310892452,2.7755575615628914e-17,0.06676298319677403,4.554525054629427,True,3,0.02
revision_dfm_kalman_em,exact,2022:Q1:pre_second:exact,2022-05-25,pre_second,2022:Q1,T,M,0.3848859731972688,2.7755575615628914e-17,0.06676298319677403,4.554525054629427,True,3,0.02
revision_dfm_kalman_em,exact,2022:Q1:pre_second:exact,2022-05-25,pre_second,2022:Q1,T,S,0.3733742910918676,2.7755575615628914e-17,0.06676298319677403,4.554525054629427,True,3,0.02
revision_dfm_kalman_em,exact,2022:Q1:pre_second:exact,2022-05-25,pre_second,2022:Q1,T,T,0.49580330683759305,2.7755575615628914e-17,0.06676298319677403,4.554525054629427,True,3,0.02
indicator_revision_only_dfm_kalman_em,pseudo,2022:Q1:pre_second:pseudo,2022-05-31,pre_second,2022:Q1,A,A,0.7583132151270103,0.0,0.0632644475734204,4.552735025725603,True,3,0.02
indicator_revision_only_dfm_kalman_em,pseudo,2022:Q1:pre_second:pseudo,2022-05-31,pre_second,2022:Q1,A,M,0.3532519742440234,0.0,0.0632644475734204,4.552735025725603,True,3,0.02
indicator_revision_only_dfm_kalman_em,pseudo,2022:Q1:pre_second:pseudo,2022-05-31,pre_second,2022:Q1,A,S,0.3532519742440234,0.0,0.0632644475734204,4.552735025725603,True,3,0.02
indicator_revision_only_dfm_kalman_em,pseudo,2022:Q1:pre_second:pseudo,2022-05-31,pre_second,2022:Q1,A,T,0.3532519742440234,0.0,0.0632644475734204,4.552735025725603,True,3,0.02
indicator_revision_only_dfm_kalman_em,pseudo,2022:Q1:pre_second:pseudo,2022-05-31,pre_second,2022:Q1,M,A,0.3532519742440234,0.0,0.0632644475734204,4.552735025725603,True,3,0.02
indicator_revision_only_dfm_kalman_em,pseudo,2022:Q1:pre_second:pseudo,2022-05-31,pre_second,2022:Q1,M,M,4.439409980769969,0.0,0.0632644475734204,4.552735025725603,True,3,0.02
indicator_revision_only_dfm_kalman_em,pseudo,2022:Q1:pre_second:pseudo,2022-05-31,pre_second,2022:Q1,M,S,0.3532519742440234,0.0,0.0632644475734204,4.552735025725603,True,3,0.02
indicator_revision_only_dfm_kalman_em,pseudo,2022:Q1:pre_second:pseudo,2022-05-31,pre_second,2022:Q1,M,T,0.3532519742440234,0.0,0.0632644475734204,4.552735025725603,True,3,0.02
indicator_revision_only_dfm_kalman_em,pseudo,2022:Q1:pre_second:pseudo,2022-05-31,pre_second,2022:Q1,S,A,0.3532519742440234,0.0,0.0632644475734204,4.552735025725603,True,3,0.02
indicator_revision_only_dfm_kalman_em,pseudo,2022:Q1:pre_second:pseudo,2022-05-31,pre_second,2022:Q1,S,M,0.3532519742440234,0.0,0.0632644475734204,4.552735025725603,True,3,0.02
indicator_revision_only_dfm_kalman_em,pseudo,2022:Q1:pre_second:pseudo,2022-05-31,pre_second,2022:Q1,S,S,0.3695834528801085,0.0,0.0632644475734204,4.552735025725603,True,3,0.02
indicator_revision_only_dfm_kalman_em,pseudo,2022:Q1:pre_second:pseudo,2022-05-31,pre_second,2022:Q1,S,T,0.3532519742440234,0.0,0.0632644475734204,4.552735025725603,True,3,0.02
indicator_revision_only_dfm_kalman_em,pseudo,2022:Q1:pre_second:pseudo,2022-05-31,pre_second,2022:Q1,T,A,0.3532519742440234,0.0,0.0632644475734204,4.552735025725603,True,3,0.02
indicator_revision_only_dfm_kalman_em,pseudo,2022:Q1:pre_second:pseudo,2022-05-31,pre_second,2022:Q1,T,M,0.3532519742440234,0.0,0.0632644475734204,4.552735025725603,True,3,0.02
indicator_revision_only_dfm_kalman_em,pseudo,2022:Q1:pre_second:pseudo,2022-05-31,pre_second,2022:Q1,T,S,0.3532519742440234,0.0,0.0632644475734204,4.552735025725603,True,3,0.02
indicator_revision_only_dfm_kalman_em,pseudo,2022:Q1:pre_second:pseudo,2022-05-31,pre_second,2022:Q1,T,T,0.4818679934580419,0.0,0.0632644475734204,4.552735025725603,True,3,0.02
joint_indicator_revision_dfm_full_kalman_em,pseudo,2022:Q1:pre_second:pseudo,2022-05-31,pre_second,2022:Q1,A,A,0.25587159456194436,2.7755575615628914e-17,0.06400847391197395,4.52756251595728,True,3,0.02
joint_indicator_revision_dfm_full_kalman_em,pseudo,2022:Q1:pre_second:pseudo,2022-05-31,pre_second,2022:Q1,A,M,0.13865942053862607,2.7755575615628914e-17,0.06400847391197395,4.52756251595728,True,3,0.02
joint_indicator_revision_dfm_full_kalman_em,pseudo,2022:Q1:pre_second:pseudo,2022-05-31,pre_second,2022:Q1,A,S,0.13794032205947387,2.7755575615628914e-17,0.06400847391197395,4.52756251595728,True,3,0.02
joint_indicator_revision_dfm_full_kalman_em,pseudo,2022:Q1:pre_second:pseudo,2022-05-31,pre_second,2022:Q1,A,T,0.13837178114696522,2.7755575615628914e-17,0.06400847391197395,4.52756251595728,True,3,0.02
joint_indicator_revision_dfm_full_kalman_em,pseudo,2022:Q1:pre_second:pseudo,2022-05-31,pre_second,2022:Q1,M,A,0.13865942053862607,2.7755575615628914e-17,0.06400847391197395,4.52756251595728,True,3,0.02
joint_indicator_revision_dfm_full_kalman_em,pseudo,2022:Q1:pre_second:pseudo,2022-05-31,pre_second,2022:Q1,M,M,4.454721018271856,2.7755575615628914e-17,0.06400847391197395,4.52756251595728,True,3,0.02
joint_indicator_revision_dfm_full_kalman_em,pseudo,2022:Q1:pre_second:pseudo,2022-05-31,pre_second,2022:Q1,M,S,0.35031548300502213,2.7755575615628914e-17,0.06400847391197395,4.52756251595728,True,3,0.02
joint_indicator_revision_dfm_full_kalman_em,pseudo,2022:Q1:pre_second:pseudo,2022-05-31,pre_second,2022:Q1,M,T,0.3569993586618557,2.7755575615628914e-17,0.06400847391197395,4.52756251595728,True,3,0.02
joint_indicator_revision_dfm_full_kalman_em,pseudo,2022:Q1:pre_second:pseudo,2022-05-31,pre_second,2022:Q1,S,A,0.13794032205947387,2.7755575615628914e-17,0.06400847391197395,4.52756251595728,True,3,0.02
joint_indicator_revision_dfm_full_kalman_em,pseudo,2022:Q1:pre_second:pseudo,2022-05-31,pre_second,2022:Q1,S,M,0.35031548300502213,2.7755575615628914e-17,0.06400847391197395,4.52756251595728,True,3,0.02
joint_indicator_revision_dfm_full_kalman_em,pseudo,2022:Q1:pre_second:pseudo,2022-05-31,pre_second,2022:Q1,S,S,0.3595404602023047,2.7755575615628914e-17,0.06400847391197395,4.52756251595728,True,3,0.02
joint_indicator_revision_dfm_full_kalman_em,pseudo,2022:Q1:pre_second:pseudo,2022-05-31,pre_second,2022:Q1,S,T,0.3460679797861112,2.7755575615628914e-17,0.06400847391197395,4.52756251595728,True,3,0.02
joint_indicator_revision_dfm_full_kalman_em,pseudo,2022:Q1:pre_second:pseudo,2022-05-31,pre_second,2022:Q1,T,A,0.1383717811469652,2.7755575615628914e-17,0.06400847391197395,4.52756251595728,True,3,0.02
joint_indicator_revision_dfm_full_kalman_em,pseudo,2022:Q1:pre_second:pseudo,2022-05-31,pre_second,2022:Q1,T,M,0.3569993586618557,2.7755575615628914e-17,0.06400847391197395,4.52756251595728,True,3,0.02
joint_indicator_revision_dfm_full_kalman_em,pseudo,2022:Q1:pre_second:pseudo,2022-05-31,pre_second,2022:Q1,T,S,0.3460679797861112,2.7755575615628914e-17,0.06400847391197395,4.52756251595728,True,3,0.02
joint_indicator_revision_dfm_full_kalman_em,pseudo,2022:Q1:pre_second:pseudo,2022-05-31,pre_second,2022:Q1,T,T,0.47429989316631693,2.7755575615628914e-17,0.06400847391197395,4.52756251595728,True,3,0.02
monthly_mixed_frequency_kalman_em,pseudo,2022:Q1:pre_second:pseudo,2022-05-31,pre_second,2022:Q1,A,A,0.45126010839216624,0.0,0.0589981000062372,4.932061370993068,True,3,0.02
monthly_mixed_frequency_kalman_em,pseudo,2022:Q1:pre_second:pseudo,2022-05-31,pre_second,2022:Q1,A,M,0.21525089075177087,0.0,0.0589981000062372,4.932061370993068,True,3,0.02
monthly_mixed_frequency_kalman_em,pseudo,2022:Q1:pre_second:pseudo,2022-05-31,pre_second,2022:Q1,A,S,0.2176995315208373,0.0,0.0589981000062372,4.932061370993068,True,3,0.02
monthly_mixed_frequency_kalman_em,pseudo,2022:Q1:pre_second:pseudo,2022-05-31,pre_second,2022:Q1,A,T,0.21636390928316476,0.0,0.0589981000062372,4.932061370993068,True,3,0.02
monthly_mixed_frequency_kalman_em,pseudo,2022:Q1:pre_second:pseudo,2022-05-31,pre_second,2022:Q1,M,A,0.21525089075177087,0.0,0.0589981000062372,4.932061370993068,True,3,0.02
monthly_mixed_frequency_kalman_em,pseudo,2022:Q1:pre_second:pseudo,2022-05-31,pre_second,2022:Q1,M,M,4.792694143743454,0.0,0.0589981000062372,4.932061370993068,True,3,0.02
monthly_mixed_frequency_kalman_em,pseudo,2022:Q1:pre_second:pseudo,2022-05-31,pre_second,2022:Q1,M,S,0.42710315563884443,0.0,0.0589981000062372,4.932061370993068,True,3,0.02
monthly_mixed_frequency_kalman_em,pseudo,2022:Q1:pre_second:pseudo,2022-05-31,pre_second,2022:Q1,M,T,0.5683379988968935,0.0,0.0589981000062372,4.932061370993068,True,3,0.02
monthly_mixed_frequency_kalman_em,pseudo,2022:Q1:pre_second:pseudo,2022-05-31,pre_second,2022:Q1,S,A,0.2176995315208373,0.0,0.0589981000062372,4.932061370993068,True,3,0.02
monthly_mixed_frequency_kalman_em,pseudo,2022:Q1:pre_second:pseudo,2022-05-31,pre_second,2022:Q1,S,M,0.42710315563884443,0.0,0.0589981000062372,4.932061370993068,True,3,0.02
monthly_mixed_frequency_kalman_em,pseudo,2022:Q1:pre_second:pseudo,2022-05-31,pre_second,2022:Q1,S,S,0.36274099998932463,0.0,0.0589981000062372,4.932061370993068,True,3,0.02
monthly_mixed_frequency_kalman_em,pseudo,2022:Q1:pre_second:pseudo,2022-05-31,pre_second,2022:Q1,S,T,0.3747522496093427,0.0,0.0589981000062372,4.932061370993068,True,3,0.02
monthly_mixed_frequency_kalman_em,pseudo,2022:Q1:pre_second:pseudo,2022-05-31,pre_second,2022:Q1,T,A,0.21636390928316476,0.0,0.0589981000062372,4.932061370993068,True,3,0.02
monthly_mixed_frequency_kalman_em,pseudo,2022:Q1:pre_second:pseudo,2022-05-31,pre_second,2022:Q1,T,M,0.5683379988968935,0.0,0.0589981000062372,4.932061370993068,True,3,0.02
monthly_mixed_frequency_kalman_em,pseudo,2022:Q1:pre_second:pseudo,2022-05-31,pre_second,2022:Q1,T,S,0.3747522496093427,0.0,0.0589981000062372,4.932061370993068,True,3,0.02
monthly_mixed_frequency_kalman_em,pseudo,2022:Q1:pre_second:pseudo,2022-05-31,pre_second,2022:Q1,T,T,0.5330187304760466,0.0,0.0589981000062372,4.932061370993068,True,3,0.02
revision_dfm_kalman_em,pseudo,2022:Q1:pre_second:pseudo,2022-05-31,pre_second,2022:Q1,A,A,0.29010519526214174,0.0,0.0667630831042455,4.554574872726974,True,3,0.02
revision_dfm_kalman_em,pseudo,2022:Q1:pre_second:pseudo,2022-05-31,pre_second,2022:Q1,A,M,0.1549177765153886,0.0,0.0667630831042455,4.554574872726974,True,3,0.02
revision_dfm_kalman_em,pseudo,2022:Q1:pre_second:pseudo,2022-05-31,pre_second,2022:Q1,A,S,0.15424771992943206,0.0,0.0667630831042455,4.554574872726974,True,3,0.02
revision_dfm_kalman_em,pseudo,2022:Q1:pre_second:pseudo,2022-05-31,pre_second,2022:Q1,A,T,0.154649753881006,0.0,0.0667630831042455,4.554574872726974,True,3,0.02
revision_dfm_kalman_em,pseudo,2022:Q1:pre_second:pseudo,2022-05-31,pre_second,2022:Q1,M,A,0.1549177765153886,0.0,0.0667630831042455,4.554574872726974,True,3,0.02
revision_dfm_kalman_em,pseudo,2022:Q1:pre_second:pseudo,2022-05-31,pre_second,2022:Q1,M,M,4.468493431142938,0.0,0.0667630831042455,4.554574872726974,True,3,0.02
revision_dfm_kalman_em,pseudo,2022:Q1:pre_second:pseudo,2022-05-31,pre_second,2022:Q1,M,S,0.377875890365858,0.0,0.0667630831042455,4.554574872726974,True,3,0.02
revision_dfm_kalman_em,pseudo,2022:Q1:pre_second:pseudo,2022-05-31,pre_second,2022:Q1,M,T,0.3849166729085044,0.0,0.0667630831042455,4.554574872726974,True,3,0.02
revision_dfm_kalman_em,pseudo,2022:Q1:pre_second:pseudo,2022-05-31,pre_second,2022:Q1,S,A,0.15424771992943206,0.0,0.0667630831042455,4.554574872726974,True,3,0.02
revision_dfm_kalman_em,pseudo,2022:Q1:pre_second:pseudo,2022-05-31,pre_second,2022:Q1,S,M,0.377875890365858,0.0,0.0667630831042455,4.554574872726974,True,3,0.02
revision_dfm_kalman_em,pseudo,2022:Q1:pre_second:pseudo,2022-05-31,pre_second,2022:Q1,S,S,0.3944430324964695,0.0,0.0667630831042455,4.554574872726974,True,3,0.02
revision_dfm_kalman_em,pseudo,2022:Q1:pre_second:pseudo,2022-05-31,pre_second,2022:Q1,S,T,0.37340332695712947,0.0,0.0667630831042455,4.554574872726974,True,3,0.02
revision_dfm_kalman_em,pseudo,2022:Q1:pre_second:pseudo,2022-05-31,pre_second,2022:Q1,T,A,0.154649753881006,0.0,0.0667630831042455,4.554574872726974,True,3,0.02
revision_dfm_kalman_em,pseudo,2022:Q1:pre_second:pseudo,2022-05-31,pre_second,2022:Q1,T,M,0.3849166729085044,0.0,0.0667630831042455,4.554574872726974,True,3,0.02
revision_dfm_kalman_em,pseudo,2022:Q1:pre_second:pseudo,2022-05-31,pre_second,2022:Q1,T,S,0.37340332695712947,0.0,0.0667630831042455,4.554574872726974,True,3,0.02
revision_dfm_kalman_em,pseudo,2022:Q1:pre_second:pseudo,2022-05-31,pre_second,2022:Q1,T,T,0.49583298942824516,0.0,0.0667630831042455,4.554574872726974,True,3,0.02
indicator_revision_only_dfm_kalman_em,exact,2022:Q1:pre_third:exact,2022-06-28,pre_third,2022:Q1,A,A,0.41582253035896105,0.0,0.030820569585840334,4.101113880953891,True,3,0.02
indicator_revision_only_dfm_kalman_em,exact,2022:Q1:pre_third:exact,2022-06-28,pre_third,2022:Q1,A,M,0.016481358047337698,0.0,0.030820569585840334,4.101113880953891,True,3,0.02
indicator_revision_only_dfm_kalman_em,exact,2022:Q1:pre_third:exact,2022-06-28,pre_third,2022:Q1,A,S,0.016481358047337698,0.0,0.030820569585840334,4.101113880953891,True,3,0.02
indicator_revision_only_dfm_kalman_em,exact,2022:Q1:pre_third:exact,2022-06-28,pre_third,2022:Q1,A,T,0.016481358047337698,0.0,0.030820569585840334,4.101113880953891,True,3,0.02
indicator_revision_only_dfm_kalman_em,exact,2022:Q1:pre_third:exact,2022-06-28,pre_third,2022:Q1,M,A,0.016481358047337698,0.0,0.030820569585840334,4.101113880953891,True,3,0.02
indicator_revision_only_dfm_kalman_em,exact,2022:Q1:pre_third:exact,2022-06-28,pre_third,2022:Q1,M,M,4.10090295408042,0.0,0.030820569585840334,4.101113880953891,True,3,0.02
indicator_revision_only_dfm_kalman_em,exact,2022:Q1:pre_third:exact,2022-06-28,pre_third,2022:Q1,M,S,0.016481358047337698,0.0,0.030820569585840334,4.101113880953891,True,3,0.02
indicator_revision_only_dfm_kalman_em,exact,2022:Q1:pre_third:exact,2022-06-28,pre_third,2022:Q1,M,T,0.016481358047337698,0.0,0.030820569585840334,4.101113880953891,True,3,0.02
indicator_revision_only_dfm_kalman_em,exact,2022:Q1:pre_third:exact,2022-06-28,pre_third,2022:Q1,S,A,0.016481358047337698,0.0,0.030820569585840334,4.101113880953891,True,3,0.02
indicator_revision_only_dfm_kalman_em,exact,2022:Q1:pre_third:exact,2022-06-28,pre_third,2022:Q1,S,M,0.016481358047337698,0.0,0.030820569585840334,4.101113880953891,True,3,0.02
indicator_revision_only_dfm_kalman_em,exact,2022:Q1:pre_third:exact,2022-06-28,pre_third,2022:Q1,S,S,0.03377642417056495,0.0,0.030820569585840334,4.101113880953891,True,3,0.02
indicator_revision_only_dfm_kalman_em,exact,2022:Q1:pre_third:exact,2022-06-28,pre_third,2022:Q1,S,T,0.016481358047337698,0.0,0.030820569585840334,4.101113880953891,True,3,0.02
indicator_revision_only_dfm_kalman_em,exact,2022:Q1:pre_third:exact,2022-06-28,pre_third,2022:Q1,T,A,0.016481358047337698,0.0,0.030820569585840334,4.101113880953891,True,3,0.02
indicator_revision_only_dfm_kalman_em,exact,2022:Q1:pre_third:exact,2022-06-28,pre_third,2022:Q1,T,M,0.016481358047337698,0.0,0.030820569585840334,4.101113880953891,True,3,0.02
indicator_revision_only_dfm_kalman_em,exact,2022:Q1:pre_third:exact,2022-06-28,pre_third,2022:Q1,T,S,0.016481358047337698,0.0,0.030820569585840334,4.101113880953891,True,3,0.02
indicator_revision_only_dfm_kalman_em,exact,2022:Q1:pre_third:exact,2022-06-28,pre_third,2022:Q1,T,T,0.1443936159771955,0.0,0.030820569585840334,4.101113880953891,True,3,0.02
joint_indicator_revision_dfm_full_kalman_em,exact,2022:Q1:pre_third:exact,2022-06-28,pre_third,2022:Q1,A,A,0.19927427304847398,8.673617379884035e-19,0.03555341097799855,4.1140067166866725,True,3,0.02
joint_indicator_revision_dfm_full_kalman_em,exact,2022:Q1:pre_third:exact,2022-06-28,pre_third,2022:Q1,A,M,0.0044504329810809914,8.673617379884035e-19,0.03555341097799855,4.1140067166866725,True,3,0.02
joint_indicator_revision_dfm_full_kalman_em,exact,2022:Q1:pre_third:exact,2022-06-28,pre_third,2022:Q1,A,S,0.007732802341189484,8.673617379884035e-19,0.03555341097799855,4.1140067166866725,True,3,0.02
joint_indicator_revision_dfm_full_kalman_em,exact,2022:Q1:pre_third:exact,2022-06-28,pre_third,2022:Q1,A,T,0.005763380725124389,8.673617379884035e-19,0.03555341097799855,4.1140067166866725,True,3,0.02
joint_indicator_revision_dfm_full_kalman_em,exact,2022:Q1:pre_third:exact,2022-06-28,pre_third,2022:Q1,M,A,0.0044504329810809914,8.673617379884035e-19,0.03555341097799855,4.1140067166866725,True,3,0.02
joint_indicator_revision_dfm_full_kalman_em,exact,2022:Q1:pre_third:exact,2022-06-28,pre_third,2022:Q1,M,M,4.1138012039913425,8.673617379884035e-19,0.03555341097799855,4.1140067166866725,True,3,0.02
joint_indicator_revision_dfm_full_kalman_em,exact,2022:Q1:pre_third:exact,2022-06-28,pre_third,2022:Q1,M,S,0.019777132786900384,8.673617379884035e-19,0.03555341097799855,4.1140067166866725,True,3,0.02
joint_indicator_revision_dfm_full_kalman_em,exact,2022:Q1:pre_third:exact,2022-06-28,pre_third,2022:Q1,M,T,0.020261133833399947,8.673617379884035e-19,0.03555341097799855,4.1140067166866725,True,3,0.02
joint_indicator_revision_dfm_full_kalman_em,exact,2022:Q1:pre_third:exact,2022-06-28,pre_third,2022:Q1,S,A,0.007732802341189484,8.673617379884035e-19,0.03555341097799855,4.1140067166866725,True,3,0.02
joint_indicator_revision_dfm_full_kalman_em,exact,2022:Q1:pre_third:exact,2022-06-28,pre_third,2022:Q1,S,M,0.019777132786900384,8.673617379884035e-19,0.03555341097799855,4.1140067166866725,True,3,0.02
joint_indicator_revision_dfm_full_kalman_em,exact,2022:Q1:pre_third:exact,2022-06-28,pre_third,2022:Q1,S,S,0.03949920635140546,8.673617379884035e-19,0.03555341097799855,4.1140067166866725,True,3,0.02
joint_indicator_revision_dfm_full_kalman_em,exact,2022:Q1:pre_third:exact,2022-06-28,pre_third,2022:Q1,S,T,0.019536246177986168,8.673617379884035e-19,0.03555341097799855,4.1140067166866725,True,3,0.02
joint_indicator_revision_dfm_full_kalman_em,exact,2022:Q1:pre_third:exact,2022-06-28,pre_third,2022:Q1,T,A,0.00576338072512439,8.673617379884035e-19,0.03555341097799855,4.1140067166866725,True,3,0.02
joint_indicator_revision_dfm_full_kalman_em,exact,2022:Q1:pre_third:exact,2022-06-28,pre_third,2022:Q1,T,M,0.020261133833399947,8.673617379884035e-19,0.03555341097799855,4.1140067166866725,True,3,0.02
joint_indicator_revision_dfm_full_kalman_em,exact,2022:Q1:pre_third:exact,2022-06-28,pre_third,2022:Q1,T,S,0.019536246177986168,8.673617379884035e-19,0.03555341097799855,4.1140067166866725,True,3,0.02
joint_indicator_revision_dfm_full_kalman_em,exact,2022:Q1:pre_third:exact,2022-06-28,pre_third,2022:Q1,T,T,0.14122663876016234,8.673617379884035e-19,0.03555341097799855,4.1140067166866725,True,3,0.02
monthly_mixed_frequency_kalman_em,exact,2022:Q1:pre_third:exact,2022-06-28,pre_third,2022:Q1,A,A,0.3145658151381027,0.0,0.058438976592418604,4.302699992478463,True,3,0.02
monthly_mixed_frequency_kalman_em,exact,2022:Q1:pre_third:exact,2022-06-28,pre_third,2022:Q1,A,M,-0.039943094789364836,0.0,0.058438976592418604,4.302699992478463,True,3,0.02
monthly_mixed_frequency_kalman_em,exact,2022:Q1:pre_third:exact,2022-06-28,pre_third,2022:Q1,A,S,0.030644955221336354,0.0,0.058438976592418604,4.302699992478463,True,3,0.02
monthly_mixed_frequency_kalman_em,exact,2022:Q1:pre_third:exact,2022-06-28,pre_third,2022:Q1,A,T,-0.00785761751177338,0.0,0.058438976592418604,4.302699992478463,True,3,0.02
monthly_mixed_frequency_kalman_em,exact,2022:Q1:pre_third:exact,2022-06-28,pre_third,2022:Q1,M,A,-0.039943094789364836,0.0,0.058438976592418604,4.302699992478463,True,3,0.02
monthly_mixed_frequency_kalman_em,exact,2022:Q1:pre_third:exact,2022-06-28,pre_third,2022:Q1,M,M,4.297390457109615,0.0,0.058438976592418604,4.302699992478463,True,3,0.02
monthly_mixed_frequency_kalman_em,exact,2022:Q1:pre_third:exact,2022-06-28,pre_third,2022:Q1,M,S,0.06115555537634216,0.0,0.058438976592418604,4.302699992478463,True,3,0.02
monthly_mixed_frequency_kalman_em,exact,2022:Q1:pre_third:exact,2022-06-28,pre_third,2022:Q1,M,T,0.12855465548681352,0.0,0.058438976592418604,4.302699992478463,True,3,0.02
monthly_mixed_frequency_kalman_em,exact,2022:Q1:pre_third:exact,2022-06-28,pre_third,2022:Q1,S,A,0.030644955221336354,0.0,0.058438976592418604,4.302699992478463,True,3,0.02
monthly_mixed_frequency_kalman_em,exact,2022:Q1:pre_third:exact,2022-06-28,pre_third,2022:Q1,S,M,0.06115555537634216,0.0,0.058438976592418604,4.302699992478463,True,3,0.02
monthly_mixed_frequency_kalman_em,exact,2022:Q1:pre_third:exact,2022-06-28,pre_third,2022:Q1,S,S,0.09618320387502267,0.0,0.058438976592418604,4.302699992478463,True,3,0.02
monthly_mixed_frequency_kalman_em,exact,2022:Q1:pre_third:exact,2022-06-28,pre_third,2022:Q1,S,T,0.05352790533759072,0.0,0.058438976592418604,4.302699992478463,True,3,0.02
monthly_mixed_frequency_kalman_em,exact,2022:Q1:pre_third:exact,2022-06-28,pre_third,2022:Q1,T,A,-0.00785761751177338,0.0,0.058438976592418604,4.302699992478463,True,3,0.02
monthly_mixed_frequency_kalman_em,exact,2022:Q1:pre_third:exact,2022-06-28,pre_third,2022:Q1,T,M,0.12855465548681352,0.0,0.058438976592418604,4.302699992478463,True,3,0.02
monthly_mixed_frequency_kalman_em,exact,2022:Q1:pre_third:exact,2022-06-28,pre_third,2022:Q1,T,S,0.05352790533759072,0.0,0.058438976592418604,4.302699992478463,True,3,0.02
monthly_mixed_frequency_kalman_em,exact,2022:Q1:pre_third:exact,2022-06-28,pre_third,2022:Q1,T,T,0.14585643601771192,0.0,0.058438976592418604,4.302699992478463,True,3,0.02
revision_dfm_kalman_em,exact,2022:Q1:pre_third:exact,2022-06-28,pre_third,2022:Q1,A,A,0.22897499112886366,3.469446951953614e-18,0.0458489281335617,4.1069176013848665,True,3,0.02
revision_dfm_kalman_em,exact,2022:Q1:pre_third:exact,2022-06-28,pre_third,2022:Q1,A,M,0.007139457107212218,3.469446951953614e-18,0.0458489281335617,4.1069176013848665,True,3,0.02
revision_dfm_kalman_em,exact,2022:Q1:pre_third:exact,2022-06-28,pre_third,2022:Q1,A,S,0.010820876857008246,3.469446951953614e-18,0.0458489281335617,4.1069176013848665,True,3,0.02
revision_dfm_kalman_em,exact,2022:Q1:pre_third:exact,2022-06-28,pre_third,2022:Q1,A,T,0.008612025007130628,3.469446951953614e-18,0.0458489281335617,4.1069176013848665,True,3,0.02
revision_dfm_kalman_em,exact,2022:Q1:pre_third:exact,2022-06-28,pre_third,2022:Q1,M,A,0.007139457107212218,3.469446951953614e-18,0.0458489281335617,4.1069176013848665,True,3,0.02
revision_dfm_kalman_em,exact,2022:Q1:pre_third:exact,2022-06-28,pre_third,2022:Q1,M,M,4.106541898631701,3.469446951953614e-18,0.0458489281335617,4.1069176013848665,True,3,0.02
revision_dfm_kalman_em,exact,2022:Q1:pre_third:exact,2022-06-28,pre_third,2022:Q1,M,S,0.026538880336264694,3.469446951953614e-18,0.0458489281335617,4.1069176013848665,True,3,0.02
revision_dfm_kalman_em,exact,2022:Q1:pre_third:exact,2022-06-28,pre_third,2022:Q1,M,T,0.027151493701392665,3.469446951953614e-18,0.0458489281335617,4.1069176013848665,True,3,0.02
revision_dfm_kalman_em,exact,2022:Q1:pre_third:exact,2022-06-28,pre_third,2022:Q1,S,A,0.010820876857008246,3.469446951953614e-18,0.0458489281335617,4.1069176013848665,True,3,0.02
revision_dfm_kalman_em,exact,2022:Q1:pre_third:exact,2022-06-28,pre_third,2022:Q1,S,M,0.026538880336264694,3.469446951953614e-18,0.0458489281335617,4.1069176013848665,True,3,0.02
revision_dfm_kalman_em,exact,2022:Q1:pre_third:exact,2022-06-28,pre_third,2022:Q1,S,S,0.05345555249732515,3.469446951953614e-18,0.0458489281335617,4.1069176013848665,True,3,0.02
revision_dfm_kalman_em,exact,2022:Q1:pre_third:exact,2022-06-28,pre_third,2022:Q1,S,T,0.026224520266679565,3.469446951953614e-18,0.0458489281335617,4.1069176013848665,True,3,0.02
revision_dfm_kalman_em,exact,2022:Q1:pre_third:exact,2022-06-28,pre_third,2022:Q1,T,A,0.008612025007130627,3.469446951953614e-18,0.0458489281335617,4.1069176013848665,True,3,0.02
revision_dfm_kalman_em,exact,2022:Q1:pre_third:exact,2022-06-28,pre_third,2022:Q1,T,M,0.027151493701392665,3.469446951953614e-18,0.0458489281335617,4.1069176013848665,True,3,0.02
revision_dfm_kalman_em,exact,2022:Q1:pre_third:exact,2022-06-28,pre_third,2022:Q1,T,S,0.02622452026667956,3.469446951953614e-18,0.0458489281335617,4.1069176013848665,True,3,0.02
revision_dfm_kalman_em,exact,2022:Q1:pre_third:exact,2022-06-28,pre_third,2022:Q1,T,T,0.14239078464106658,3.469446951953614e-18,0.0458489281335617,4.1069176013848665,True,3,0.02
indicator_revision_only_dfm_kalman_em,pseudo,2022:Q1:pre_third:pseudo,2022-06-30,pre_third,2022:Q1,A,A,0.41582253510360256,0.0,0.030820558895112794,4.101113860616106,True,3,0.02
indicator_revision_only_dfm_kalman_em,pseudo,2022:Q1:pre_third:pseudo,2022-06-30,pre_third,2022:Q1,A,M,0.016481351434690487,0.0,0.030820558895112794,4.101113860616106,True,3,0.02
indicator_revision_only_dfm_kalman_em,pseudo,2022:Q1:pre_third:pseudo,2022-06-30,pre_third,2022:Q1,A,S,0.016481351434690487,0.0,0.030820558895112794,4.101113860616106,True,3,0.02
indicator_revision_only_dfm_kalman_em,pseudo,2022:Q1:pre_third:pseudo,2022-06-30,pre_third,2022:Q1,A,T,0.016481351434690487,0.0,0.030820558895112794,4.101113860616106,True,3,0.02
indicator_revision_only_dfm_kalman_em,pseudo,2022:Q1:pre_third:pseudo,2022-06-30,pre_third,2022:Q1,M,A,0.016481351434690487,0.0,0.030820558895112794,4.101113860616106,True,3,0.02
indicator_revision_only_dfm_kalman_em,pseudo,2022:Q1:pre_third:pseudo,2022-06-30,pre_third,2022:Q1,M,M,4.1009029339116845,0.0,0.030820558895112794,4.101113860616106,True,3,0.02
indicator_revision_only_dfm_kalman_em,pseudo,2022:Q1:pre_third:pseudo,2022-06-30,pre_third,2022:Q1,M,S,0.016481351434690487,0.0,0.030820558895112794,4.101113860616106,True,3,0.02
indicator_revision_only_dfm_kalman_em,pseudo,2022:Q1:pre_third:pseudo,2022-06-30,pre_third,2022:Q1,M,T,0.016481351434690487,0.0,0.030820558895112794,4.101113860616106,True,3,0.02
indicator_revision_only_dfm_kalman_em,pseudo,2022:Q1:pre_third:pseudo,2022-06-30,pre_third,2022:Q1,S,A,0.016481351434690487,0.0,0.030820558895112794,4.101113860616106,True,3,0.02
indicator_revision_only_dfm_kalman_em,pseudo,2022:Q1:pre_third:pseudo,2022-06-30,pre_third,2022:Q1,S,M,0.016481351434690487,0.0,0.030820558895112794,4.101113860616106,True,3,0.02
indicator_revision_only_dfm_kalman_em,pseudo,2022:Q1:pre_third:pseudo,2022-06-30,pre_third,2022:Q1,S,S,0.03377641102290472,0.0,0.030820558895112794,4.101113860616106,True,3,0.02
indicator_revision_only_dfm_kalman_em,pseudo,2022:Q1:pre_third:pseudo,2022-06-30,pre_third,2022:Q1,S,T,0.016481351434690487,0.0,0.030820558895112794,4.101113860616106,True,3,0.02
indicator_revision_only_dfm_kalman_em,pseudo,2022:Q1:pre_third:pseudo,2022-06-30,pre_third,2022:Q1,T,A,0.016481351434690487,0.0,0.030820558895112794,4.101113860616106,True,3,0.02
indicator_revision_only_dfm_kalman_em,pseudo,2022:Q1:pre_third:pseudo,2022-06-30,pre_third,2022:Q1,T,M,0.016481351434690487,0.0,0.030820558895112794,4.101113860616106,True,3,0.02
indicator_revision_only_dfm_kalman_em,pseudo,2022:Q1:pre_third:pseudo,2022-06-30,pre_third,2022:Q1,T,S,0.016481351434690487,0.0,0.030820558895112794,4.101113860616106,True,3,0.02
indicator_revision_only_dfm_kalman_em,pseudo,2022:Q1:pre_third:pseudo,2022-06-30,pre_third,2022:Q1,T,T,0.14439361248710522,0.0,0.030820558895112794,4.101113860616106,True,3,0.02
joint_indicator_revision_dfm_full_kalman_em,pseudo,2022:Q1:pre_third:pseudo,2022-06-30,pre_third,2022:Q1,A,A,0.19927652148734185,3.469446951953614e-18,0.03555344794098996,4.114006655861701,True,3,0.02
joint_indicator_revision_dfm_full_kalman_em,pseudo,2022:Q1:pre_third:pseudo,2022-06-30,pre_third,2022:Q1,A,M,0.0044505315100803865,3.469446951953614e-18,0.03555344794098996,4.114006655861701,True,3,0.02
joint_indicator_revision_dfm_full_kalman_em,pseudo,2022:Q1:pre_third:pseudo,2022-06-30,pre_third,2022:Q1,A,S,0.007732910830043083,3.469446951953614e-18,0.03555344794098996,4.114006655861701,True,3,0.02
joint_indicator_revision_dfm_full_kalman_em,pseudo,2022:Q1:pre_third:pseudo,2022-06-30,pre_third,2022:Q1,A,T,0.005763483238065465,3.469446951953614e-18,0.03555344794098996,4.114006655861701,True,3,0.02
joint_indicator_revision_dfm_full_kalman_em,pseudo,2022:Q1:pre_third:pseudo,2022-06-30,pre_third,2022:Q1,M,A,0.0044505315100803865,3.469446951953614e-18,0.03555344794098996,4.114006655861701,True,3,0.02
joint_indicator_revision_dfm_full_kalman_em,pseudo,2022:Q1:pre_third:pseudo,2022-06-30,pre_third,2022:Q1,M,M,4.11380114256215,3.469446951953614e-18,0.03555344794098996,4.114006655861701,True,3,0.02
joint_indicator_revision_dfm_full_kalman_em,pseudo,2022:Q1:pre_third:pseudo,2022-06-30,pre_third,2022:Q1,M,S,0.01977715233334988,3.469446951953614e-18,0.03555344794098996,4.114006655861701,True,3,0.02
joint_indicator_revision_dfm_full_kalman_em,pseudo,2022:Q1:pre_third:pseudo,2022-06-30,pre_third,2022:Q1,M,T,0.020261150885663656,3.469446951953614e-18,0.03555344794098996,4.114006655861701,True,3,0.02
joint_indicator_revision_dfm_full_kalman_em,pseudo,2022:Q1:pre_third:pseudo,2022-06-30,pre_third,2022:Q1,S,A,0.007732910830043085,3.469446951953614e-18,0.03555344794098996,4.114006655861701,True,3,0.02
joint_indicator_revision_dfm_full_kalman_em,pseudo,2022:Q1:pre_third:pseudo,2022-06-30,pre_third,2022:Q1,S,M,0.01977715233334988,3.469446951953614e-18,0.03555344794098996,4.114006655861701,True,3,0.02
joint_indicator_revision_dfm_full_kalman_em,pseudo,2022:Q1:pre_third:pseudo,2022-06-30,pre_third,2022:Q1,S,S,0.03949925553264026,3.469446951953614e-18,0.03555344794098996,4.114006655861701,True,3,0.02
joint_indicator_revision_dfm_full_kalman_em,pseudo,2022:Q1:pre_third:pseudo,2022-06-30,pre_third,2022:Q1,S,T,0.019536267503283748,3.469446951953614e-18,0.03555344794098996,4.114006655861701,True,3,0.02
joint_indicator_revision_dfm_full_kalman_em,pseudo,2022:Q1:pre_third:pseudo,2022-06-30,pre_third,2022:Q1,T,A,0.005763483238065466,3.469446951953614e-18,0.03555344794098996,4.114006655861701,True,3,0.02
joint_indicator_revision_dfm_full_kalman_em,pseudo,2022:Q1:pre_third:pseudo,2022-06-30,pre_third,2022:Q1,T,M,0.020261150885663656,3.469446951953614e-18,0.03555344794098996,4.114006655861701,True,3,0.02
joint_indicator_revision_dfm_full_kalman_em,pseudo,2022:Q1:pre_third:pseudo,2022-06-30,pre_third,2022:Q1,T,S,0.019536267503283744,3.469446951953614e-18,0.03555344794098996,4.114006655861701,True,3,0.02
joint_indicator_revision_dfm_full_kalman_em,pseudo,2022:Q1:pre_third:pseudo,2022-06-30,pre_third,2022:Q1,T,T,0.1412266542179388,3.469446951953614e-18,0.03555344794098996,4.114006655861701,True,3,0.02
monthly_mixed_frequency_kalman_em,pseudo,2022:Q1:pre_third:pseudo,2022-06-30,pre_third,2022:Q1,A,A,0.31456341445152036,0.0,0.05843913860877173,4.3027010064302935,True,3,0.02
monthly_mixed_frequency_kalman_em,pseudo,2022:Q1:pre_third:pseudo,2022-06-30,pre_third,2022:Q1,A,M,-0.039943084100187716,0.0,0.05843913860877173,4.3027010064302935,True,3,0.02
monthly_mixed_frequency_kalman_em,pseudo,2022:Q1:pre_third:pseudo,2022-06-30,pre_third,2022:Q1,A,S,0.030644873445386786,0.0,0.05843913860877173,4.3027010064302935,True,3,0.02
monthly_mixed_frequency_kalman_em,pseudo,2022:Q1:pre_third:pseudo,2022-06-30,pre_third,2022:Q1,A,T,-0.007857648852199304,0.0,0.05843913860877173,4.3027010064302935,True,3,0.02
monthly_mixed_frequency_kalman_em,pseudo,2022:Q1:pre_third:pseudo,2022-06-30,pre_third,2022:Q1,M,A,-0.039943084100187716,0.0,0.05843913860877173,4.3027010064302935,True,3,0.02
monthly_mixed_frequency_kalman_em,pseudo,2022:Q1:pre_third:pseudo,2022-06-30,pre_third,2022:Q1,M,M,4.297391420753654,0.0,0.05843913860877173,4.3027010064302935,True,3,0.02
monthly_mixed_frequency_kalman_em,pseudo,2022:Q1:pre_third:pseudo,2022-06-30,pre_third,2022:Q1,M,S,0.06115594138254348,0.0,0.05843913860877173,4.3027010064302935,True,3,0.02
monthly_mixed_frequency_kalman_em,pseudo,2022:Q1:pre_third:pseudo,2022-06-30,pre_third,2022:Q1,M,T,0.1285552917043643,0.0,0.05843913860877173,4.3027010064302935,True,3,0.02
monthly_mixed_frequency_kalman_em,pseudo,2022:Q1:pre_third:pseudo,2022-06-30,pre_third,2022:Q1,S,A,0.030644873445386786,0.0,0.05843913860877173,4.3027010064302935,True,3,0.02
monthly_mixed_frequency_kalman_em,pseudo,2022:Q1:pre_third:pseudo,2022-06-30,pre_third,2022:Q1,S,M,0.06115594138254348,0.0,0.05843913860877173,4.3027010064302935,True,3,0.02
monthly_mixed_frequency_kalman_em,pseudo,2022:Q1:pre_third:pseudo,2022-06-30,pre_third,2022:Q1,S,S,0.09618355394803843,0.0,0.05843913860877173,4.3027010064302935,True,3,0.02
monthly_mixed_frequency_kalman_em,pseudo,2022:Q1:pre_third:pseudo,2022-06-30,pre_third,2022:Q1,S,T,0.053528174398254316,0.0,0.05843913860877173,4.3027010064302935,True,3,0.02
monthly_mixed_frequency_kalman_em,pseudo,2022:Q1:pre_third:pseudo,2022-06-30,pre_third,2022:Q1,T,A,-0.007857648852199304,0.0,0.05843913860877173,4.3027010064302935,True,3,0.02
monthly_mixed_frequency_kalman_em,pseudo,2022:Q1:pre_third:pseudo,2022-06-30,pre_third,2022:Q1,T,M,0.1285552917043643,0.0,0.05843913860877173,4.3027010064302935,True,3,0.02
monthly_mixed_frequency_kalman_em,pseudo,2022:Q1:pre_third:pseudo,2022-06-30,pre_third,2022:Q1,T,S,0.053528174398254316,0.0,0.05843913860877173,4.3027010064302935,True,3,0.02
monthly_mixed_frequency_kalman_em,pseudo,2022:Q1:pre_third:pseudo,2022-06-30,pre_third,2022:Q1,T,T,0.14585705913390706,0.0,0.05843913860877173,4.3027010064302935,True,3,0.02
revision_dfm_kalman_em,pseudo,2022:Q1:pre_third:pseudo,2022-06-30,pre_third,2022:Q1,A,A,0.22897290519049399,3.469446951953614e-18,0.045848927268359145,4.106917934825411,True,3,0.02
revision_dfm_kalman_em,pseudo,2022:Q1:pre_third:pseudo,2022-06-30,pre_third,2022:Q1,A,M,0.007139286156927253,3.469446951953614e-18,0.045848927268359145,4.106917934825411,True,3,0.02
revision_dfm_kalman_em,pseudo,2022:Q1:pre_third:pseudo,2022-06-30,pre_third,2022:Q1,A,S,0.010820699196649899,3.469446951953614e-18,0.045848927268359145,4.106917934825411,True,3,0.02
revision_dfm_kalman_em,pseudo,2022:Q1:pre_third:pseudo,2022-06-30,pre_third,2022:Q1,A,T,0.008611851372816311,3.469446951953614e-18,0.045848927268359145,4.106917934825411,True,3,0.02
revision_dfm_kalman_em,pseudo,2022:Q1:pre_third:pseudo,2022-06-30,pre_third,2022:Q1,M,A,0.007139286156927253,3.469446951953614e-18,0.045848927268359145,4.106917934825411,True,3,0.02
revision_dfm_kalman_em,pseudo,2022:Q1:pre_third:pseudo,2022-06-30,pre_third,2022:Q1,M,M,4.106542232377305,3.469446951953614e-18,0.045848927268359145,4.106917934825411,True,3,0.02
revision_dfm_kalman_em,pseudo,2022:Q1:pre_third:pseudo,2022-06-30,pre_third,2022:Q1,M,S,0.026538891628235084,3.469446951953614e-18,0.045848927268359145,4.106917934825411,True,3,0.02
revision_dfm_kalman_em,pseudo,2022:Q1:pre_third:pseudo,2022-06-30,pre_third,2022:Q1,M,T,0.02715151074838165,3.469446951953614e-18,0.045848927268359145,4.106917934825411,True,3,0.02
revision_dfm_kalman_em,pseudo,2022:Q1:pre_third:pseudo,2022-06-30,pre_third,2022:Q1,S,A,0.010820699196649896,3.469446951953614e-18,0.045848927268359145,4.106917934825411,True,3,0.02
revision_dfm_kalman_em,pseudo,2022:Q1:pre_third:pseudo,2022-06-30,pre_third,2022:Q1,S,M,0.026538891628235084,3.469446951953614e-18,0.045848927268359145,4.106917934825411,True,3,0.02
revision_dfm_kalman_em,pseudo,2022:Q1:pre_third:pseudo,2022-06-30,pre_third,2022:Q1,S,S,0.05345554946215791,3.469446951953614e-18,0.045848927268359145,4.106917934825411,True,3,0.02
revision_dfm_kalman_em,pseudo,2022:Q1:pre_third:pseudo,2022-06-30,pre_third,2022:Q1,S,T,0.026224527779603383,3.469446951953614e-18,0.045848927268359145,4.106917934825411,True,3,0.02
revision_dfm_kalman_em,pseudo,2022:Q1:pre_third:pseudo,2022-06-30,pre_third,2022:Q1,T,A,0.00861185137281631,3.469446951953614e-18,0.045848927268359145,4.106917934825411,True,3,0.02
revision_dfm_kalman_em,pseudo,2022:Q1:pre_third:pseudo,2022-06-30,pre_third,2022:Q1,T,M,0.02715151074838165,3.469446951953614e-18,0.045848927268359145,4.106917934825411,True,3,0.02
revision_dfm_kalman_em,pseudo,2022:Q1:pre_third:pseudo,2022-06-30,pre_third,2022:Q1,T,S,0.026224527779603383,3.469446951953614e-18,0.045848927268359145,4.106917934825411,True,3,0.02
revision_dfm_kalman_em,pseudo,2022:Q1:pre_third:pseudo,2022-06-30,pre_third,2022:Q1,T,T,0.14239076389974145,3.469446951953614e-18,0.045848927268359145,4.106917934825411,True,3,0.02
indicator_revision_only_dfm_kalman_em,exact,2022:Q2:pre_advance:exact,2022-07-27,pre_advance,2022:Q2,A,A,3.229224399123041,0.0,0.06699000930479755,12.769088882387186,True,3,0.02
indicator_revision_only_dfm_kalman_em,exact,2022:Q2:pre_advance:exact,2022-07-27,pre_advance,2022:Q2,A,M,2.8299742358242272,0.0,0.06699000930479755,12.769088882387186,True,3,0.02
indicator_revision_only_dfm_kalman_em,exact,2022:Q2:pre_advance:exact,2022-07-27,pre_advance,2022:Q2,A,S,2.8299742358242272,0.0,0.06699000930479755,12.769088882387186,True,3,0.02
indicator_revision_only_dfm_kalman_em,exact,2022:Q2:pre_advance:exact,2022-07-27,pre_advance,2022:Q2,A,T,2.8299742358242272,0.0,0.06699000930479755,12.769088882387186,True,3,0.02
indicator_revision_only_dfm_kalman_em,exact,2022:Q2:pre_advance:exact,2022-07-27,pre_advance,2022:Q2,M,A,2.8299742358242272,0.0,0.06699000930479755,12.769088882387186,True,3,0.02
indicator_revision_only_dfm_kalman_em,exact,2022:Q2:pre_advance:exact,2022-07-27,pre_advance,2022:Q2,M,M,6.903014085622619,0.0,0.06699000930479755,12.769088882387186,True,3,0.02
indicator_revision_only_dfm_kalman_em,exact,2022:Q2:pre_advance:exact,2022-07-27,pre_advance,2022:Q2,M,S,2.8299742358242272,0.0,0.06699000930479755,12.769088882387186,True,3,0.02
indicator_revision_only_dfm_kalman_em,exact,2022:Q2:pre_advance:exact,2022-07-27,pre_advance,2022:Q2,M,T,2.8299742358242272,0.0,0.06699000930479755,12.769088882387186,True,3,0.02
indicator_revision_only_dfm_kalman_em,exact,2022:Q2:pre_advance:exact,2022-07-27,pre_advance,2022:Q2,S,A,2.8299742358242272,0.0,0.06699000930479755,12.769088882387186,True,3,0.02
indicator_revision_only_dfm_kalman_em,exact,2022:Q2:pre_advance:exact,2022-07-27,pre_advance,2022:Q2,S,M,2.8299742358242272,0.0,0.06699000930479755,12.769088882387186,True,3,0.02
indicator_revision_only_dfm_kalman_em,exact,2022:Q2:pre_advance:exact,2022-07-27,pre_advance,2022:Q2,S,S,2.847630654972308,0.0,0.06699000930479755,12.769088882387186,True,3,0.02
indicator_revision_only_dfm_kalman_em,exact,2022:Q2:pre_advance:exact,2022-07-27,pre_advance,2022:Q2,S,T,2.8299742358242272,0.0,0.06699000930479755,12.769088882387186,True,3,0.02
indicator_revision_only_dfm_kalman_em,exact,2022:Q2:pre_advance:exact,2022-07-27,pre_advance,2022:Q2,T,A,2.8299742358242272,0.0,0.06699000930479755,12.769088882387186,True,3,0.02
indicator_revision_only_dfm_kalman_em,exact,2022:Q2:pre_advance:exact,2022-07-27,pre_advance,2022:Q2,T,M,2.8299742358242272,0.0,0.06699000930479755,12.769088882387186,True,3,0.02
indicator_revision_only_dfm_kalman_em,exact,2022:Q2:pre_advance:exact,2022-07-27,pre_advance,2022:Q2,T,S,2.8299742358242272,0.0,0.06699000930479755,12.769088882387186,True,3,0.02
indicator_revision_only_dfm_kalman_em,exact,2022:Q2:pre_advance:exact,2022-07-27,pre_advance,2022:Q2,T,T,2.956997290779883,0.0,0.06699000930479755,12.769088882387186,True,3,0.02
joint_indicator_revision_dfm_full_kalman_em,exact,2022:Q2:pre_advance:exact,2022-07-27,pre_advance,2022:Q2,A,A,2.3524908194626803,0.0,0.06456956109113747,12.581499431502268,True,3,0.02
joint_indicator_revision_dfm_full_kalman_em,exact,2022:Q2:pre_advance:exact,2022-07-27,pre_advance,2022:Q2,A,M,2.499746212106113,0.0,0.06456956109113747,12.581499431502268,True,3,0.02
joint_indicator_revision_dfm_full_kalman_em,exact,2022:Q2:pre_advance:exact,2022-07-27,pre_advance,2022:Q2,A,S,2.4859862672287205,0.0,0.06456956109113747,12.581499431502268,True,3,0.02
joint_indicator_revision_dfm_full_kalman_em,exact,2022:Q2:pre_advance:exact,2022-07-27,pre_advance,2022:Q2,A,T,2.494242234155156,0.0,0.06456956109113747,12.581499431502268,True,3,0.02
joint_indicator_revision_dfm_full_kalman_em,exact,2022:Q2:pre_advance:exact,2022-07-27,pre_advance,2022:Q2,M,A,2.499746212106113,0.0,0.06456956109113747,12.581499431502268,True,3,0.02
joint_indicator_revision_dfm_full_kalman_em,exact,2022:Q2:pre_advance:exact,2022-07-27,pre_advance,2022:Q2,M,M,7.097321907831933,0.0,0.06456956109113747,12.581499431502268,True,3,0.02
joint_indicator_revision_dfm_full_kalman_em,exact,2022:Q2:pre_advance:exact,2022-07-27,pre_advance,2022:Q2,M,S,2.990166003600155,0.0,0.06456956109113747,12.581499431502268,True,3,0.02
joint_indicator_revision_dfm_full_kalman_em,exact,2022:Q2:pre_advance:exact,2022-07-27,pre_advance,2022:Q2,M,T,3.0056529443841775,0.0,0.06456956109113747,12.581499431502268,True,3,0.02
joint_indicator_revision_dfm_full_kalman_em,exact,2022:Q2:pre_advance:exact,2022-07-27,pre_advance,2022:Q2,S,A,2.4859862672287205,0.0,0.06456956109113747,12.581499431502268,True,3,0.02
joint_indicator_revision_dfm_full_kalman_em,exact,2022:Q2:pre_advance:exact,2022-07-27,pre_advance,2022:Q2,S,M,2.990166003600155,0.0,0.06456956109113747,12.581499431502268,True,3,0.02
joint_indicator_revision_dfm_full_kalman_em,exact,2022:Q2:pre_advance:exact,2022-07-27,pre_advance,2022:Q2,S,S,2.9858069770142843,0.0,0.06456956109113747,12.581499431502268,True,3,0.02
joint_indicator_revision_dfm_full_kalman_em,exact,2022:Q2:pre_advance:exact,2022-07-27,pre_advance,2022:Q2,S,T,2.9800824088727267,0.0,0.06456956109113747,12.581499431502268,True,3,0.02
joint_indicator_revision_dfm_full_kalman_em,exact,2022:Q2:pre_advance:exact,2022-07-27,pre_advance,2022:Q2,T,A,2.494242234155156,0.0,0.06456956109113747,12.581499431502268,True,3,0.02
joint_indicator_revision_dfm_full_kalman_em,exact,2022:Q2:pre_advance:exact,2022-07-27,pre_advance,2022:Q2,T,M,3.0056529443841775,0.0,0.06456956109113747,12.581499431502268,True,3,0.02
joint_indicator_revision_dfm_full_kalman_em,exact,2022:Q2:pre_advance:exact,2022-07-27,pre_advance,2022:Q2,T,S,2.9800824088727267,0.0,0.06456956109113747,12.581499431502268,True,3,0.02
joint_indicator_revision_dfm_full_kalman_em,exact,2022:Q2:pre_advance:exact,2022-07-27,pre_advance,2022:Q2,T,T,3.1156130588467086,0.0,0.06456956109113747,12.581499431502268,True,3,0.02
monthly_mixed_frequency_kalman_em,exact,2022:Q2:pre_advance:exact,2022-07-27,pre_advance,2022:Q2,A,A,4.4859088166037475,0.0,0.06144640494666249,18.79442962708571,True,3,0.02
monthly_mixed_frequency_kalman_em,exact,2022:Q2:pre_advance:exact,2022-07-27,pre_advance,2022:Q2,A,M,4.218813911289493,0.0,0.06144640494666249,18.79442962708571,True,3,0.02
monthly_mixed_frequency_kalman_em,exact,2022:Q2:pre_advance:exact,2022-07-27,pre_advance,2022:Q2,A,S,4.2408055894414804,0.0,0.06144640494666249,18.79442962708571,True,3,0.02
monthly_mixed_frequency_kalman_em,exact,2022:Q2:pre_advance:exact,2022-07-27,pre_advance,2022:Q2,A,T,4.228810128631306,0.0,0.06144640494666249,18.79442962708571,True,3,0.02
monthly_mixed_frequency_kalman_em,exact,2022:Q2:pre_advance:exact,2022-07-27,pre_advance,2022:Q2,M,A,4.218813911289493,0.0,0.06144640494666249,18.79442962708571,True,3,0.02
monthly_mixed_frequency_kalman_em,exact,2022:Q2:pre_advance:exact,2022-07-27,pre_advance,2022:Q2,M,M,8.758828545403793,0.0,0.06144640494666249,18.79442962708571,True,3,0.02
monthly_mixed_frequency_kalman_em,exact,2022:Q2:pre_advance:exact,2022-07-27,pre_advance,2022:Q2,M,S,4.415851767501308,0.0,0.06144640494666249,18.79442962708571,True,3,0.02
monthly_mixed_frequency_kalman_em,exact,2022:Q2:pre_advance:exact,2022-07-27,pre_advance,2022:Q2,M,T,4.547210338309185,0.0,0.06144640494666249,18.79442962708571,True,3,0.02
monthly_mixed_frequency_kalman_em,exact,2022:Q2:pre_advance:exact,2022-07-27,pre_advance,2022:Q2,S,A,4.2408055894414804,0.0,0.06144640494666249,18.79442962708571,True,3,0.02
monthly_mixed_frequency_kalman_em,exact,2022:Q2:pre_advance:exact,2022-07-27,pre_advance,2022:Q2,S,M,4.415851767501308,0.0,0.06144640494666249,18.79442962708571,True,3,0.02
monthly_mixed_frequency_kalman_em,exact,2022:Q2:pre_advance:exact,2022-07-27,pre_advance,2022:Q2,S,S,4.370824499267409,0.0,0.06144640494666249,18.79442962708571,True,3,0.02
monthly_mixed_frequency_kalman_em,exact,2022:Q2:pre_advance:exact,2022-07-27,pre_advance,2022:Q2,S,T,4.372090222986351,0.0,0.06144640494666249,18.79442962708571,True,3,0.02
monthly_mixed_frequency_kalman_em,exact,2022:Q2:pre_advance:exact,2022-07-27,pre_advance,2022:Q2,T,A,4.228810128631306,0.0,0.06144640494666249,18.79442962708571,True,3,0.02
monthly_mixed_frequency_kalman_em,exact,2022:Q2:pre_advance:exact,2022-07-27,pre_advance,2022:Q2,T,M,4.547210338309185,0.0,0.06144640494666249,18.79442962708571,True,3,0.02
monthly_mixed_frequency_kalman_em,exact,2022:Q2:pre_advance:exact,2022-07-27,pre_advance,2022:Q2,T,S,4.372090222986351,0.0,0.06144640494666249,18.79442962708571,True,3,0.02
monthly_mixed_frequency_kalman_em,exact,2022:Q2:pre_advance:exact,2022-07-27,pre_advance,2022:Q2,T,T,4.51901280242665,0.0,0.06144640494666249,18.79442962708571,True,3,0.02
revision_dfm_kalman_em,exact,2022:Q2:pre_advance:exact,2022-07-27,pre_advance,2022:Q2,A,A,2.9941526866397705,0.0,0.06761242108916678,14.913152270856497,True,3,0.02
revision_dfm_kalman_em,exact,2022:Q2:pre_advance:exact,2022-07-27,pre_advance,2022:Q2,A,M,3.1108847442992182,0.0,0.06761242108916678,14.913152270856497,True,3,0.02
revision_dfm_kalman_em,exact,2022:Q2:pre_advance:exact,2022-07-27,pre_advance,2022:Q2,A,S,3.0977483902344196,0.0,0.06761242108916678,14.913152270856497,True,3,0.02
revision_dfm_kalman_em,exact,2022:Q2:pre_advance:exact,2022-07-27,pre_advance,2022:Q2,A,T,3.105630202673299,0.0,0.06761242108916678,14.913152270856497,True,3,0.02
revision_dfm_kalman_em,exact,2022:Q2:pre_advance:exact,2022-07-27,pre_advance,2022:Q2,M,A,3.1108847442992182,0.0,0.06761242108916678,14.913152270856497,True,3,0.02
revision_dfm_kalman_em,exact,2022:Q2:pre_advance:exact,2022-07-27,pre_advance,2022:Q2,M,M,7.6819657837289945,0.0,0.06761242108916678,14.913152270856497,True,3,0.02
revision_dfm_kalman_em,exact,2022:Q2:pre_advance:exact,2022-07-27,pre_advance,2022:Q2,M,S,3.593185012931972,0.0,0.06761242108916678,14.913152270856497,True,3,0.02
revision_dfm_kalman_em,exact,2022:Q2:pre_advance:exact,2022-07-27,pre_advance,2022:Q2,M,T,3.608415547730901,0.0,0.06761242108916678,14.913152270856497,True,3,0.02
revision_dfm_kalman_em,exact,2022:Q2:pre_advance:exact,2022-07-27,pre_advance,2022:Q2,S,A,3.0977483902344196,0.0,0.06761242108916678,14.913152270856497,True,3,0.02
revision_dfm_kalman_em,exact,2022:Q2:pre_advance:exact,2022-07-27,pre_advance,2022:Q2,S,M,3.593185012931972,0.0,0.06761242108916678,14.913152270856497,True,3,0.02
revision_dfm_kalman_em,exact,2022:Q2:pre_advance:exact,2022-07-27,pre_advance,2022:Q2,S,S,3.5987494566336498,0.0,0.06761242108916678,14.913152270856497,True,3,0.02
revision_dfm_kalman_em,exact,2022:Q2:pre_advance:exact,2022-07-27,pre_advance,2022:Q2,S,T,3.583276280478021,0.0,0.06761242108916678,14.913152270856497,True,3,0.02
revision_dfm_kalman_em,exact,2022:Q2:pre_advance:exact,2022-07-27,pre_advance,2022:Q2,T,A,3.105630202673299,0.0,0.06761242108916678,14.913152270856497,True,3,0.02
revision_dfm_kalman_em,exact,2022:Q2:pre_advance:exact,2022-07-27,pre_advance,2022:Q2,T,M,3.608415547730901,0.0,0.06761242108916678,14.913152270856497,True,3,0.02
revision_dfm_kalman_em,exact,2022:Q2:pre_advance:exact,2022-07-27,pre_advance,2022:Q2,T,S,3.583276280478021,0.0,0.06761242108916678,14.913152270856497,True,3,0.02
revision_dfm_kalman_em,exact,2022:Q2:pre_advance:exact,2022-07-27,pre_advance,2022:Q2,T,T,3.711175453279927,0.0,0.06761242108916678,14.913152270856497,True,3,0.02
indicator_revision_only_dfm_kalman_em,pseudo,2022:Q2:pre_advance:pseudo,2022-07-31,pre_advance,2022:Q2,A,A,3.2292323514600545,0.0,0.06699000154862696,12.769119512450937,True,3,0.02
indicator_revision_only_dfm_kalman_em,pseudo,2022:Q2:pre_advance:pseudo,2022-07-31,pre_advance,2022:Q2,A,M,2.8299821225100796,0.0,0.06699000154862696,12.769119512450937,True,3,0.02
indicator_revision_only_dfm_kalman_em,pseudo,2022:Q2:pre_advance:pseudo,2022-07-31,pre_advance,2022:Q2,A,S,2.8299821225100796,0.0,0.06699000154862696,12.769119512450937,True,3,0.02
indicator_revision_only_dfm_kalman_em,pseudo,2022:Q2:pre_advance:pseudo,2022-07-31,pre_advance,2022:Q2,A,T,2.8299821225100796,0.0,0.06699000154862696,12.769119512450937,True,3,0.02
indicator_revision_only_dfm_kalman_em,pseudo,2022:Q2:pre_advance:pseudo,2022-07-31,pre_advance,2022:Q2,M,A,2.8299821225100796,0.0,0.06699000154862696,12.769119512450937,True,3,0.02
indicator_revision_only_dfm_kalman_em,pseudo,2022:Q2:pre_advance:pseudo,2022-07-31,pre_advance,2022:Q2,M,M,6.903021983540739,0.0,0.06699000154862696,12.769119512450937,True,3,0.02
indicator_revision_only_dfm_kalman_em,pseudo,2022:Q2:pre_advance:pseudo,2022-07-31,pre_advance,2022:Q2,M,S,2.8299821225100796,0.0,0.06699000154862696,12.769119512450937,True,3,0.02
indicator_revision_only_dfm_kalman_em,pseudo,2022:Q2:pre_advance:pseudo,2022-07-31,pre_advance,2022:Q2,M,T,2.8299821225100796,0.0,0.06699000154862696,12.769119512450937,True,3,0.02
indicator_revision_only_dfm_kalman_em,pseudo,2022:Q2:pre_advance:pseudo,2022-07-31,pre_advance,2022:Q2,S,A,2.8299821225100796,0.0,0.06699000154862696,12.769119512450937,True,3,0.02
indicator_revision_only_dfm_kalman_em,pseudo,2022:Q2:pre_advance:pseudo,2022-07-31,pre_advance,2022:Q2,S,M,2.8299821225100796,0.0,0.06699000154862696,12.769119512450937,True,3,0.02
indicator_revision_only_dfm_kalman_em,pseudo,2022:Q2:pre_advance:pseudo,2022-07-31,pre_advance,2022:Q2,S,S,2.8476385171841785,0.0,0.06699000154862696,12.769119512450937,True,3,0.02
indicator_revision_only_dfm_kalman_em,pseudo,2022:Q2:pre_advance:pseudo,2022-07-31,pre_advance,2022:Q2,S,T,2.8299821225100796,0.0,0.06699000154862696,12.769119512450937,True,3,0.02
indicator_revision_only_dfm_kalman_em,pseudo,2022:Q2:pre_advance:pseudo,2022-07-31,pre_advance,2022:Q2,T,A,2.8299821225100796,0.0,0.06699000154862696,12.769119512450937,True,3,0.02
indicator_revision_only_dfm_kalman_em,pseudo,2022:Q2:pre_advance:pseudo,2022-07-31,pre_advance,2022:Q2,T,M,2.8299821225100796,0.0,0.06699000154862696,12.769119512450937,True,3,0.02
indicator_revision_only_dfm_kalman_em,pseudo,2022:Q2:pre_advance:pseudo,2022-07-31,pre_advance,2022:Q2,T,S,2.8299821225100796,0.0,0.06699000154862696,12.769119512450937,True,3,0.02
indicator_revision_only_dfm_kalman_em,pseudo,2022:Q2:pre_advance:pseudo,2022-07-31,pre_advance,2022:Q2,T,T,2.9570051885155206,0.0,0.06699000154862696,12.769119512450937,True,3,0.02
joint_indicator_revision_dfm_full_kalman_em,pseudo,2022:Q2:pre_advance:pseudo,2022-07-31,pre_advance,2022:Q2,A,A,2.352489611698107,4.440892098500626e-16,0.06456945012987153,12.581397574777483,True,3,0.02
joint_indicator_revision_dfm_full_kalman_em,pseudo,2022:Q2:pre_advance:pseudo,2022-07-31,pre_advance,2022:Q2,A,M,2.4997305851236726,4.440892098500626e-16,0.06456945012987153,12.581397574777483,True,3,0.02
joint_indicator_revision_dfm_full_kalman_em,pseudo,2022:Q2:pre_advance:pseudo,2022-07-31,pre_advance,2022:Q2,A,S,2.485971599453253,4.440892098500626e-16,0.06456945012987153,12.581397574777483,True,3,0.02
joint_indicator_revision_dfm_full_kalman_em,pseudo,2022:Q2:pre_advance:pseudo,2022-07-31,pre_advance,2022:Q2,A,T,2.494226990855505,4.440892098500626e-16,0.06456945012987153,12.581397574777483,True,3,0.02
joint_indicator_revision_dfm_full_kalman_em,pseudo,2022:Q2:pre_advance:pseudo,2022-07-31,pre_advance,2022:Q2,M,A,2.4997305851236726,4.440892098500626e-16,0.06456945012987153,12.581397574777483,True,3,0.02
joint_indicator_revision_dfm_full_kalman_em,pseudo,2022:Q2:pre_advance:pseudo,2022-07-31,pre_advance,2022:Q2,M,M,7.097287285610398,4.440892098500626e-16,0.06456945012987153,12.581397574777483,True,3,0.02
joint_indicator_revision_dfm_full_kalman_em,pseudo,2022:Q2:pre_advance:pseudo,2022-07-31,pre_advance,2022:Q2,M,S,2.990132409648209,4.440892098500626e-16,0.06456945012987153,12.581397574777483,True,3,0.02
joint_indicator_revision_dfm_full_kalman_em,pseudo,2022:Q2:pre_advance:pseudo,2022-07-31,pre_advance,2022:Q2,M,T,3.005618783054247,4.440892098500626e-16,0.06456945012987153,12.581397574777483,True,3,0.02
joint_indicator_revision_dfm_full_kalman_em,pseudo,2022:Q2:pre_advance:pseudo,2022-07-31,pre_advance,2022:Q2,S,A,2.4859715994532534,4.440892098500626e-16,0.06456945012987153,12.581397574777483,True,3,0.02
joint_indicator_revision_dfm_full_kalman_em,pseudo,2022:Q2:pre_advance:pseudo,2022-07-31,pre_advance,2022:Q2,S,M,2.990132409648209,4.440892098500626e-16,0.06456945012987153,12.581397574777483,True,3,0.02
joint_indicator_revision_dfm_full_kalman_em,pseudo,2022:Q2:pre_advance:pseudo,2022-07-31,pre_advance,2022:Q2,S,S,2.9857741209156012,4.440892098500626e-16,0.06456945012987153,12.581397574777483,True,3,0.02
joint_indicator_revision_dfm_full_kalman_em,pseudo,2022:Q2:pre_advance:pseudo,2022-07-31,pre_advance,2022:Q2,S,T,2.98004919344431,4.440892098500626e-16,0.06456945012987153,12.581397574777483,True,3,0.02
joint_indicator_revision_dfm_full_kalman_em,pseudo,2022:Q2:pre_advance:pseudo,2022-07-31,pre_advance,2022:Q2,T,A,2.494226990855505,4.440892098500626e-16,0.06456945012987153,12.581397574777483,True,3,0.02
joint_indicator_revision_dfm_full_kalman_em,pseudo,2022:Q2:pre_advance:pseudo,2022-07-31,pre_advance,2022:Q2,T,M,3.005618783054247,4.440892098500626e-16,0.06456945012987153,12.581397574777483,True,3,0.02
joint_indicator_revision_dfm_full_kalman_em,pseudo,2022:Q2:pre_advance:pseudo,2022-07-31,pre_advance,2022:Q2,T,S,2.98004919344431,4.440892098500626e-16,0.06456945012987153,12.581397574777483,True,3,0.02
joint_indicator_revision_dfm_full_kalman_em,pseudo,2022:Q2:pre_advance:pseudo,2022-07-31,pre_advance,2022:Q2,T,T,3.1155794707223037,4.440892098500626e-16,0.06456945012987153,12.581397574777483,True,3,0.02
monthly_mixed_frequency_kalman_em,pseudo,2022:Q2:pre_advance:pseudo,2022-07-31,pre_advance,2022:Q2,A,A,4.486038734246463,0.0,0.0614465234907263,18.794781365405974,True,3,0.02
monthly_mixed_frequency_kalman_em,pseudo,2022:Q2:pre_advance:pseudo,2022-07-31,pre_advance,2022:Q2,A,M,4.2189107591414885,0.0,0.0614465234907263,18.794781365405974,True,3,0.02
monthly_mixed_frequency_kalman_em,pseudo,2022:Q2:pre_advance:pseudo,2022-07-31,pre_advance,2022:Q2,A,S,4.240920019350428,0.0,0.0614465234907263,18.794781365405974,True,3,0.02
monthly_mixed_frequency_kalman_em,pseudo,2022:Q2:pre_advance:pseudo,2022-07-31,pre_advance,2022:Q2,A,T,4.22891496832737,0.0,0.0614465234907263,18.794781365405974,True,3,0.02
monthly_mixed_frequency_kalman_em,pseudo,2022:Q2:pre_advance:pseudo,2022-07-31,pre_advance,2022:Q2,M,A,4.2189107591414885,0.0,0.0614465234907263,18.794781365405974,True,3,0.02
monthly_mixed_frequency_kalman_em,pseudo,2022:Q2:pre_advance:pseudo,2022-07-31,pre_advance,2022:Q2,M,M,8.758885549999636,0.0,0.0614465234907263,18.794781365405974,True,3,0.02
monthly_mixed_frequency_kalman_em,pseudo,2022:Q2:pre_advance:pseudo,2022-07-31,pre_advance,2022:Q2,M,S,4.41593175711748,0.0,0.0614465234907263,18.794781365405974,True,3,0.02
monthly_mixed_frequency_kalman_em,pseudo,2022:Q2:pre_advance:pseudo,2022-07-31,pre_advance,2022:Q2,M,T,4.547279089101476,0.0,0.0614465234907263,18.794781365405974,True,3,0.02
monthly_mixed_frequency_kalman_em,pseudo,2022:Q2:pre_advance:pseudo,2022-07-31,pre_advance,2022:Q2,S,A,4.240920019350428,0.0,0.0614465234907263,18.794781365405974,True,3,0.02
monthly_mixed_frequency_kalman_em,pseudo,2022:Q2:pre_advance:pseudo,2022-07-31,pre_advance,2022:Q2,S,M,4.41593175711748,0.0,0.0614465234907263,18.794781365405974,True,3,0.02
monthly_mixed_frequency_kalman_em,pseudo,2022:Q2:pre_advance:pseudo,2022-07-31,pre_advance,2022:Q2,S,S,4.370923512442082,0.0,0.0614465234907263,18.794781365405974,True,3,0.02
monthly_mixed_frequency_kalman_em,pseudo,2022:Q2:pre_advance:pseudo,2022-07-31,pre_advance,2022:Q2,S,T,4.372178822675718,0.0,0.0614465234907263,18.794781365405974,True,3,0.02
monthly_mixed_frequency_kalman_em,pseudo,2022:Q2:pre_advance:pseudo,2022-07-31,pre_advance,2022:Q2,T,A,4.22891496832737,0.0,0.0614465234907263,18.794781365405974,True,3,0.02
monthly_mixed_frequency_kalman_em,pseudo,2022:Q2:pre_advance:pseudo,2022-07-31,pre_advance,2022:Q2,T,M,4.547279089101476,0.0,0.0614465234907263,18.794781365405974,True,3,0.02
monthly_mixed_frequency_kalman_em,pseudo,2022:Q2:pre_advance:pseudo,2022-07-31,pre_advance,2022:Q2,T,S,4.372178822675718,0.0,0.0614465234907263,18.794781365405974,True,3,0.02
monthly_mixed_frequency_kalman_em,pseudo,2022:Q2:pre_advance:pseudo,2022-07-31,pre_advance,2022:Q2,T,T,4.5190907034322825,0.0,0.0614465234907263,18.794781365405974,True,3,0.02
revision_dfm_kalman_em,pseudo,2022:Q2:pre_advance:pseudo,2022-07-31,pre_advance,2022:Q2,A,A,2.9941441976477834,4.440892098500626e-16,0.06761244468972602,14.913095350012687,True,3,0.02
revision_dfm_kalman_em,pseudo,2022:Q2:pre_advance:pseudo,2022-07-31,pre_advance,2022:Q2,A,M,3.1108723545561605,4.440892098500626e-16,0.06761244468972602,14.913095350012687,True,3,0.02
revision_dfm_kalman_em,pseudo,2022:Q2:pre_advance:pseudo,2022-07-31,pre_advance,2022:Q2,A,S,3.097736106544257,4.440892098500626e-16,0.06761244468972602,14.913095350012687,True,3,0.02
revision_dfm_kalman_em,pseudo,2022:Q2:pre_advance:pseudo,2022-07-31,pre_advance,2022:Q2,A,T,3.105617855351399,4.440892098500626e-16,0.06761244468972602,14.913095350012687,True,3,0.02
revision_dfm_kalman_em,pseudo,2022:Q2:pre_advance:pseudo,2022-07-31,pre_advance,2022:Q2,M,A,3.1108723545561605,4.440892098500626e-16,0.06761244468972602,14.913095350012687,True,3,0.02
revision_dfm_kalman_em,pseudo,2022:Q2:pre_advance:pseudo,2022-07-31,pre_advance,2022:Q2,M,M,7.681949169469599,4.440892098500626e-16,0.06761244468972602,14.913095350012687,True,3,0.02
revision_dfm_kalman_em,pseudo,2022:Q2:pre_advance:pseudo,2022-07-31,pre_advance,2022:Q2,M,S,3.59316878056673,4.440892098500626e-16,0.06761244468972602,14.913095350012687,True,3,0.02
revision_dfm_kalman_em,pseudo,2022:Q2:pre_advance:pseudo,2022-07-31,pre_advance,2022:Q2,M,T,3.6083991940196953,4.440892098500626e-16,0.06761244468972602,14.913095350012687,True,3,0.02
revision_dfm_kalman_em,pseudo,2022:Q2:pre_advance:pseudo,2022-07-31,pre_advance,2022:Q2,S,A,3.0977361065442564,4.440892098500626e-16,0.06761244468972602,14.913095350012687,True,3,0.02
revision_dfm_kalman_em,pseudo,2022:Q2:pre_advance:pseudo,2022-07-31,pre_advance,2022:Q2,S,M,3.59316878056673,4.440892098500626e-16,0.06761244468972602,14.913095350012687,True,3,0.02
revision_dfm_kalman_em,pseudo,2022:Q2:pre_advance:pseudo,2022-07-31,pre_advance,2022:Q2,S,S,3.5987334143289633,4.440892098500626e-16,0.06761244468972602,14.913095350012687,True,3,0.02
revision_dfm_kalman_em,pseudo,2022:Q2:pre_advance:pseudo,2022-07-31,pre_advance,2022:Q2,S,T,3.5832601270862807,4.440892098500626e-16,0.06761244468972602,14.913095350012687,True,3,0.02
revision_dfm_kalman_em,pseudo,2022:Q2:pre_advance:pseudo,2022-07-31,pre_advance,2022:Q2,T,A,3.105617855351399,4.440892098500626e-16,0.06761244468972602,14.913095350012687,True,3,0.02
revision_dfm_kalman_em,pseudo,2022:Q2:pre_advance:pseudo,2022-07-31,pre_advance,2022:Q2,T,M,3.6083991940196953,4.440892098500626e-16,0.06761244468972602,14.913095350012687,True,3,0.02
revision_dfm_kalman_em,pseudo,2022:Q2:pre_advance:pseudo,2022-07-31,pre_advance,2022:Q2,T,S,3.5832601270862803,4.440892098500626e-16,0.06761244468972602,14.913095350012687,True,3,0.02
revision_dfm_kalman_em,pseudo,2022:Q2:pre_advance:pseudo,2022-07-31,pre_advance,2022:Q2,T,T,3.711159219975983,4.440892098500626e-16,0.06761244468972602,14.913095350012687,True,3,0.02
indicator_revision_only_dfm_kalman_em,exact,2022:Q2:pre_second:exact,2022-08-24,pre_second,2022:Q2,A,A,0.7528317976166702,0.0,0.06316616197588244,4.540014213821417,True,3,0.02
indicator_revision_only_dfm_kalman_em,exact,2022:Q2:pre_second:exact,2022-08-24,pre_second,2022:Q2,A,M,0.3522470141036468,0.0,0.06316616197588244,4.540014213821417,True,3,0.02
indicator_revision_only_dfm_kalman_em,exact,2022:Q2:pre_second:exact,2022-08-24,pre_second,2022:Q2,A,S,0.3522470141036468,0.0,0.06316616197588244,4.540014213821417,True,3,0.02
indicator_revision_only_dfm_kalman_em,exact,2022:Q2:pre_second:exact,2022-08-24,pre_second,2022:Q2,A,T,0.3522470141036468,0.0,0.06316616197588244,4.540014213821417,True,3,0.02
indicator_revision_only_dfm_kalman_em,exact,2022:Q2:pre_second:exact,2022-08-24,pre_second,2022:Q2,M,A,0.3522470141036468,0.0,0.06316616197588244,4.540014213821417,True,3,0.02
indicator_revision_only_dfm_kalman_em,exact,2022:Q2:pre_second:exact,2022-08-24,pre_second,2022:Q2,M,M,4.4270632658624205,0.0,0.06316616197588244,4.540014213821417,True,3,0.02
indicator_revision_only_dfm_kalman_em,exact,2022:Q2:pre_second:exact,2022-08-24,pre_second,2022:Q2,M,S,0.3522470141036468,0.0,0.06316616197588244,4.540014213821417,True,3,0.02
indicator_revision_only_dfm_kalman_em,exact,2022:Q2:pre_second:exact,2022-08-24,pre_second,2022:Q2,M,T,0.3522470141036468,0.0,0.06316616197588244,4.540014213821417,True,3,0.02
indicator_revision_only_dfm_kalman_em,exact,2022:Q2:pre_second:exact,2022-08-24,pre_second,2022:Q2,S,A,0.3522470141036468,0.0,0.06316616197588244,4.540014213821417,True,3,0.02
indicator_revision_only_dfm_kalman_em,exact,2022:Q2:pre_second:exact,2022-08-24,pre_second,2022:Q2,S,M,0.3522470141036468,0.0,0.06316616197588244,4.540014213821417,True,3,0.02
indicator_revision_only_dfm_kalman_em,exact,2022:Q2:pre_second:exact,2022-08-24,pre_second,2022:Q2,S,S,0.3690609683124949,0.0,0.06316616197588244,4.540014213821417,True,3,0.02
indicator_revision_only_dfm_kalman_em,exact,2022:Q2:pre_second:exact,2022-08-24,pre_second,2022:Q2,S,T,0.3522470141036468,0.0,0.06316616197588244,4.540014213821417,True,3,0.02
indicator_revision_only_dfm_kalman_em,exact,2022:Q2:pre_second:exact,2022-08-24,pre_second,2022:Q2,T,A,0.3522470141036468,0.0,0.06316616197588244,4.540014213821417,True,3,0.02
indicator_revision_only_dfm_kalman_em,exact,2022:Q2:pre_second:exact,2022-08-24,pre_second,2022:Q2,T,M,0.3522470141036468,0.0,0.06316616197588244,4.540014213821417,True,3,0.02
indicator_revision_only_dfm_kalman_em,exact,2022:Q2:pre_second:exact,2022-08-24,pre_second,2022:Q2,T,S,0.3522470141036468,0.0,0.06316616197588244,4.540014213821417,True,3,0.02
indicator_revision_only_dfm_kalman_em,exact,2022:Q2:pre_second:exact,2022-08-24,pre_second,2022:Q2,T,T,0.4798375441922171,0.0,0.06316616197588244,4.540014213821417,True,3,0.02
joint_indicator_revision_dfm_full_kalman_em,exact,2022:Q2:pre_second:exact,2022-08-24,pre_second,2022:Q2,A,A,0.251104902652327,2.7755575615628914e-17,0.06379842338336306,4.512617804062136,True,3,0.02
joint_indicator_revision_dfm_full_kalman_em,exact,2022:Q2:pre_second:exact,2022-08-24,pre_second,2022:Q2,A,M,0.1371237254826234,2.7755575615628914e-17,0.06379842338336306,4.512617804062136,True,3,0.02
joint_indicator_revision_dfm_full_kalman_em,exact,2022:Q2:pre_second:exact,2022-08-24,pre_second,2022:Q2,A,S,0.13637985374391037,2.7755575615628914e-17,0.06379842338336306,4.512617804062136,True,3,0.02
joint_indicator_revision_dfm_full_kalman_em,exact,2022:Q2:pre_second:exact,2022-08-24,pre_second,2022:Q2,A,T,0.13682617678713818,2.7755575615628914e-17,0.06379842338336306,4.512617804062136,True,3,0.02
joint_indicator_revision_dfm_full_kalman_em,exact,2022:Q2:pre_second:exact,2022-08-24,pre_second,2022:Q2,M,A,0.1371237254826234,2.7755575615628914e-17,0.06379842338336306,4.512617804062136,True,3,0.02
joint_indicator_revision_dfm_full_kalman_em,exact,2022:Q2:pre_second:exact,2022-08-24,pre_second,2022:Q2,M,M,4.4410085433663955,2.7755575615628914e-17,0.06379842338336306,4.512617804062136,True,3,0.02
joint_indicator_revision_dfm_full_kalman_em,exact,2022:Q2:pre_second:exact,2022-08-24,pre_second,2022:Q2,M,S,0.34704152848137704,2.7755575615628914e-17,0.06379842338336306,4.512617804062136,True,3,0.02
joint_indicator_revision_dfm_full_kalman_em,exact,2022:Q2:pre_second:exact,2022-08-24,pre_second,2022:Q2,M,T,0.35367051173396924,2.7755575615628914e-17,0.06379842338336306,4.512617804062136,True,3,0.02
joint_indicator_revision_dfm_full_kalman_em,exact,2022:Q2:pre_second:exact,2022-08-24,pre_second,2022:Q2,S,A,0.1363798537439104,2.7755575615628914e-17,0.06379842338336306,4.512617804062136,True,3,0.02
joint_indicator_revision_dfm_full_kalman_em,exact,2022:Q2:pre_second:exact,2022-08-24,pre_second,2022:Q2,S,M,0.34704152848137704,2.7755575615628914e-17,0.06379842338336306,4.512617804062136,True,3,0.02
joint_indicator_revision_dfm_full_kalman_em,exact,2022:Q2:pre_second:exact,2022-08-24,pre_second,2022:Q2,S,S,0.35648035000702816,2.7755575615628914e-17,0.06379842338336306,4.512617804062136,True,3,0.02
joint_indicator_revision_dfm_full_kalman_em,exact,2022:Q2:pre_second:exact,2022-08-24,pre_second,2022:Q2,S,T,0.34282829498662765,2.7755575615628914e-17,0.06379842338336306,4.512617804062136,True,3,0.02
joint_indicator_revision_dfm_full_kalman_em,exact,2022:Q2:pre_second:exact,2022-08-24,pre_second,2022:Q2,T,A,0.13682617678713818,2.7755575615628914e-17,0.06379842338336306,4.512617804062136,True,3,0.02
joint_indicator_revision_dfm_full_kalman_em,exact,2022:Q2:pre_second:exact,2022-08-24,pre_second,2022:Q2,T,M,0.35367051173396924,2.7755575615628914e-17,0.06379842338336306,4.512617804062136,True,3,0.02
joint_indicator_revision_dfm_full_kalman_em,exact,2022:Q2:pre_second:exact,2022-08-24,pre_second,2022:Q2,T,S,0.34282829498662765,2.7755575615628914e-17,0.06379842338336306,4.512617804062136,True,3,0.02
joint_indicator_revision_dfm_full_kalman_em,exact,2022:Q2:pre_second:exact,2022-08-24,pre_second,2022:Q2,T,T,0.4704411008175233,2.7755575615628914e-17,0.06379842338336306,4.512617804062136,True,3,0.02
monthly_mixed_frequency_kalman_em,exact,2022:Q2:pre_second:exact,2022-08-24,pre_second,2022:Q2,A,A,0.4439290302190231,0.0,0.058705151462253656,4.932165395742482,True,3,0.02
monthly_mixed_frequency_kalman_em,exact,2022:Q2:pre_second:exact,2022-08-24,pre_second,2022:Q2,A,M,0.21439563596140468,0.0,0.058705151462253656,4.932165395742482,True,3,0.02
monthly_mixed_frequency_kalman_em,exact,2022:Q2:pre_second:exact,2022-08-24,pre_second,2022:Q2,A,S,0.21547227861230106,0.0,0.058705151462253656,4.932165395742482,True,3,0.02
monthly_mixed_frequency_kalman_em,exact,2022:Q2:pre_second:exact,2022-08-24,pre_second,2022:Q2,A,T,0.2148850189845394,0.0,0.058705151462253656,4.932165395742482,True,3,0.02
monthly_mixed_frequency_kalman_em,exact,2022:Q2:pre_second:exact,2022-08-24,pre_second,2022:Q2,M,A,0.21439563596140468,0.0,0.058705151462253656,4.932165395742482,True,3,0.02
monthly_mixed_frequency_kalman_em,exact,2022:Q2:pre_second:exact,2022-08-24,pre_second,2022:Q2,M,M,4.791766473871251,0.0,0.058705151462253656,4.932165395742482,True,3,0.02
monthly_mixed_frequency_kalman_em,exact,2022:Q2:pre_second:exact,2022-08-24,pre_second,2022:Q2,M,S,0.42859752516828636,0.0,0.058705151462253656,4.932165395742482,True,3,0.02
monthly_mixed_frequency_kalman_em,exact,2022:Q2:pre_second:exact,2022-08-24,pre_second,2022:Q2,M,T,0.5713987846395407,0.0,0.058705151462253656,4.932165395742482,True,3,0.02
monthly_mixed_frequency_kalman_em,exact,2022:Q2:pre_second:exact,2022-08-24,pre_second,2022:Q2,S,A,0.21547227861230106,0.0,0.058705151462253656,4.932165395742482,True,3,0.02
monthly_mixed_frequency_kalman_em,exact,2022:Q2:pre_second:exact,2022-08-24,pre_second,2022:Q2,S,M,0.42859752516828636,0.0,0.058705151462253656,4.932165395742482,True,3,0.02
monthly_mixed_frequency_kalman_em,exact,2022:Q2:pre_second:exact,2022-08-24,pre_second,2022:Q2,S,S,0.3626166430203687,0.0,0.058705151462253656,4.932165395742482,True,3,0.02
monthly_mixed_frequency_kalman_em,exact,2022:Q2:pre_second:exact,2022-08-24,pre_second,2022:Q2,S,T,0.37531621352929007,0.0,0.058705151462253656,4.932165395742482,True,3,0.02
monthly_mixed_frequency_kalman_em,exact,2022:Q2:pre_second:exact,2022-08-24,pre_second,2022:Q2,T,A,0.2148850189845394,0.0,0.058705151462253656,4.932165395742482,True,3,0.02
monthly_mixed_frequency_kalman_em,exact,2022:Q2:pre_second:exact,2022-08-24,pre_second,2022:Q2,T,M,0.5713987846395407,0.0,0.058705151462253656,4.932165395742482,True,3,0.02
monthly_mixed_frequency_kalman_em,exact,2022:Q2:pre_second:exact,2022-08-24,pre_second,2022:Q2,T,S,0.37531621352929007,0.0,0.058705151462253656,4.932165395742482,True,3,0.02
monthly_mixed_frequency_kalman_em,exact,2022:Q2:pre_second:exact,2022-08-24,pre_second,2022:Q2,T,T,0.5336081423153979,0.0,0.058705151462253656,4.932165395742482,True,3,0.02
revision_dfm_kalman_em,exact,2022:Q2:pre_second:exact,2022-08-24,pre_second,2022:Q2,A,A,0.29158588956053827,2.7755575615628914e-17,0.06649274010776922,4.545049175974156,True,3,0.02
revision_dfm_kalman_em,exact,2022:Q2:pre_second:exact,2022-08-24,pre_second,2022:Q2,A,M,0.1558710154528029,2.7755575615628914e-17,0.06649274010776922,4.545049175974156,True,3,0.02
revision_dfm_kalman_em,exact,2022:Q2:pre_second:exact,2022-08-24,pre_second,2022:Q2,A,S,0.15518502449402885,2.7755575615628914e-17,0.06649274010776922,4.545049175974156,True,3,0.02
revision_dfm_kalman_em,exact,2022:Q2:pre_second:exact,2022-08-24,pre_second,2022:Q2,A,T,0.15559661906929328,2.7755575615628914e-17,0.06649274010776922,4.545049175974156,True,3,0.02
revision_dfm_kalman_em,exact,2022:Q2:pre_second:exact,2022-08-24,pre_second,2022:Q2,M,A,0.1558710154528029,2.7755575615628914e-17,0.06649274010776922,4.545049175974156,True,3,0.02
revision_dfm_kalman_em,exact,2022:Q2:pre_second:exact,2022-08-24,pre_second,2022:Q2,M,M,4.458524685865162,2.7755575615628914e-17,0.06649274010776922,4.545049175974156,True,3,0.02
revision_dfm_kalman_em,exact,2022:Q2:pre_second:exact,2022-08-24,pre_second,2022:Q2,M,S,0.3781467047339273,2.7755575615628914e-17,0.06649274010776922,4.545049175974156,True,3,0.02
revision_dfm_kalman_em,exact,2022:Q2:pre_second:exact,2022-08-24,pre_second,2022:Q2,M,T,0.38516593702701546,2.7755575615628914e-17,0.06649274010776922,4.545049175974156,True,3,0.02
revision_dfm_kalman_em,exact,2022:Q2:pre_second:exact,2022-08-24,pre_second,2022:Q2,S,A,0.15518502449402885,2.7755575615628914e-17,0.06649274010776922,4.545049175974156,True,3,0.02
revision_dfm_kalman_em,exact,2022:Q2:pre_second:exact,2022-08-24,pre_second,2022:Q2,S,M,0.3781467047339273,2.7755575615628914e-17,0.06649274010776922,4.545049175974156,True,3,0.02
revision_dfm_kalman_em,exact,2022:Q2:pre_second:exact,2022-08-24,pre_second,2022:Q2,S,S,0.39460291052993623,2.7755575615628914e-17,0.06649274010776922,4.545049175974156,True,3,0.02
revision_dfm_kalman_em,exact,2022:Q2:pre_second:exact,2022-08-24,pre_second,2022:Q2,S,T,0.37368747112912937,2.7755575615628914e-17,0.06649274010776922,4.545049175974156,True,3,0.02
revision_dfm_kalman_em,exact,2022:Q2:pre_second:exact,2022-08-24,pre_second,2022:Q2,T,A,0.15559661906929326,2.7755575615628914e-17,0.06649274010776922,4.545049175974156,True,3,0.02
revision_dfm_kalman_em,exact,2022:Q2:pre_second:exact,2022-08-24,pre_second,2022:Q2,T,M,0.38516593702701546,2.7755575615628914e-17,0.06649274010776922,4.545049175974156,True,3,0.02
revision_dfm_kalman_em,exact,2022:Q2:pre_second:exact,2022-08-24,pre_second,2022:Q2,T,S,0.37368747112912937,2.7755575615628914e-17,0.06649274010776922,4.545049175974156,True,3,0.02
revision_dfm_kalman_em,exact,2022:Q2:pre_second:exact,2022-08-24,pre_second,2022:Q2,T,T,0.495636285407438,2.7755575615628914e-17,0.06649274010776922,4.545049175974156,True,3,0.02
indicator_revision_only_dfm_kalman_em,pseudo,2022:Q2:pre_second:pseudo,2022-08-31,pre_second,2022:Q2,A,A,0.7528313917560483,0.0,0.06316616927411325,4.540013736798188,True,3,0.02
indicator_revision_only_dfm_kalman_em,pseudo,2022:Q2:pre_second:pseudo,2022-08-31,pre_second,2022:Q2,A,M,0.35224678356521033,0.0,0.06316616927411325,4.540013736798188,True,3,0.02
indicator_revision_only_dfm_kalman_em,pseudo,2022:Q2:pre_second:pseudo,2022-08-31,pre_second,2022:Q2,A,S,0.35224678356521033,0.0,0.06316616927411325,4.540013736798188,True,3,0.02
indicator_revision_only_dfm_kalman_em,pseudo,2022:Q2:pre_second:pseudo,2022-08-31,pre_second,2022:Q2,A,T,0.35224678356521033,0.0,0.06316616927411325,4.540013736798188,True,3,0.02
indicator_revision_only_dfm_kalman_em,pseudo,2022:Q2:pre_second:pseudo,2022-08-31,pre_second,2022:Q2,M,A,0.35224678356521033,0.0,0.06316616927411325,4.540013736798188,True,3,0.02
indicator_revision_only_dfm_kalman_em,pseudo,2022:Q2:pre_second:pseudo,2022-08-31,pre_second,2022:Q2,M,M,4.427062946062517,0.0,0.06316616927411325,4.540013736798188,True,3,0.02
indicator_revision_only_dfm_kalman_em,pseudo,2022:Q2:pre_second:pseudo,2022-08-31,pre_second,2022:Q2,M,S,0.35224678356521033,0.0,0.06316616927411325,4.540013736798188,True,3,0.02
indicator_revision_only_dfm_kalman_em,pseudo,2022:Q2:pre_second:pseudo,2022-08-31,pre_second,2022:Q2,M,T,0.35224678356521033,0.0,0.06316616927411325,4.540013736798188,True,3,0.02
indicator_revision_only_dfm_kalman_em,pseudo,2022:Q2:pre_second:pseudo,2022-08-31,pre_second,2022:Q2,S,A,0.35224678356521033,0.0,0.06316616927411325,4.540013736798188,True,3,0.02
indicator_revision_only_dfm_kalman_em,pseudo,2022:Q2:pre_second:pseudo,2022-08-31,pre_second,2022:Q2,S,M,0.35224678356521033,0.0,0.06316616927411325,4.540013736798188,True,3,0.02
indicator_revision_only_dfm_kalman_em,pseudo,2022:Q2:pre_second:pseudo,2022-08-31,pre_second,2022:Q2,S,S,0.36906075861643545,0.0,0.06316616927411325,4.540013736798188,True,3,0.02
indicator_revision_only_dfm_kalman_em,pseudo,2022:Q2:pre_second:pseudo,2022-08-31,pre_second,2022:Q2,S,T,0.35224678356521033,0.0,0.06316616927411325,4.540013736798188,True,3,0.02
indicator_revision_only_dfm_kalman_em,pseudo,2022:Q2:pre_second:pseudo,2022-08-31,pre_second,2022:Q2,T,A,0.35224678356521033,0.0,0.06316616927411325,4.540013736798188,True,3,0.02
indicator_revision_only_dfm_kalman_em,pseudo,2022:Q2:pre_second:pseudo,2022-08-31,pre_second,2022:Q2,T,M,0.35224678356521033,0.0,0.06316616927411325,4.540013736798188,True,3,0.02
indicator_revision_only_dfm_kalman_em,pseudo,2022:Q2:pre_second:pseudo,2022-08-31,pre_second,2022:Q2,T,S,0.35224678356521033,0.0,0.06316616927411325,4.540013736798188,True,3,0.02
indicator_revision_only_dfm_kalman_em,pseudo,2022:Q2:pre_second:pseudo,2022-08-31,pre_second,2022:Q2,T,T,0.47983730918168566,0.0,0.06316616927411325,4.540013736798188,True,3,0.02
joint_indicator_revision_dfm_full_kalman_em,pseudo,2022:Q2:pre_second:pseudo,2022-08-31,pre_second,2022:Q2,A,A,0.251226010224309,5.551115123125783e-17,0.06379845943527825,4.512614081522481,True,3,0.02
joint_indicator_revision_dfm_full_kalman_em,pseudo,2022:Q2:pre_second:pseudo,2022-08-31,pre_second,2022:Q2,A,M,0.1371929031720093,5.551115123125783e-17,0.06379845943527825,4.512614081522481,True,3,0.02
joint_indicator_revision_dfm_full_kalman_em,pseudo,2022:Q2:pre_second:pseudo,2022-08-31,pre_second,2022:Q2,A,S,0.13644843943706772,5.551115123125783e-17,0.06379845943527825,4.512614081522481,True,3,0.02
joint_indicator_revision_dfm_full_kalman_em,pseudo,2022:Q2:pre_second:pseudo,2022-08-31,pre_second,2022:Q2,A,T,0.13689511767803267,5.551115123125783e-17,0.06379845943527825,4.512614081522481,True,3,0.02
joint_indicator_revision_dfm_full_kalman_em,pseudo,2022:Q2:pre_second:pseudo,2022-08-31,pre_second,2022:Q2,M,A,0.1371929031720093,5.551115123125783e-17,0.06379845943527825,4.512614081522481,True,3,0.02
joint_indicator_revision_dfm_full_kalman_em,pseudo,2022:Q2:pre_second:pseudo,2022-08-31,pre_second,2022:Q2,M,M,4.440999437205387,5.551115123125783e-17,0.06379845943527825,4.512614081522481,True,3,0.02
joint_indicator_revision_dfm_full_kalman_em,pseudo,2022:Q2:pre_second:pseudo,2022-08-31,pre_second,2022:Q2,M,S,0.3470396580467073,5.551115123125783e-17,0.06379845943527825,4.512614081522481,True,3,0.02
joint_indicator_revision_dfm_full_kalman_em,pseudo,2022:Q2:pre_second:pseudo,2022-08-31,pre_second,2022:Q2,M,T,0.35366639767432934,5.551115123125783e-17,0.06379845943527825,4.512614081522481,True,3,0.02
joint_indicator_revision_dfm_full_kalman_em,pseudo,2022:Q2:pre_second:pseudo,2022-08-31,pre_second,2022:Q2,S,A,0.1364484394370677,5.551115123125783e-17,0.06379845943527825,4.512614081522481,True,3,0.02
joint_indicator_revision_dfm_full_kalman_em,pseudo,2022:Q2:pre_second:pseudo,2022-08-31,pre_second,2022:Q2,S,M,0.3470396580467073,5.551115123125783e-17,0.06379845943527825,4.512614081522481,True,3,0.02
joint_indicator_revision_dfm_full_kalman_em,pseudo,2022:Q2:pre_second:pseudo,2022-08-31,pre_second,2022:Q2,S,S,0.35648297130433954,5.551115123125783e-17,0.06379845943527825,4.512614081522481,True,3,0.02
joint_indicator_revision_dfm_full_kalman_em,pseudo,2022:Q2:pre_second:pseudo,2022-08-31,pre_second,2022:Q2,S,T,0.3428278336745145,5.551115123125783e-17,0.06379845943527825,4.512614081522481,True,3,0.02
joint_indicator_revision_dfm_full_kalman_em,pseudo,2022:Q2:pre_second:pseudo,2022-08-31,pre_second,2022:Q2,T,A,0.13689511767803264,5.551115123125783e-17,0.06379845943527825,4.512614081522481,True,3,0.02
joint_indicator_revision_dfm_full_kalman_em,pseudo,2022:Q2:pre_second:pseudo,2022-08-31,pre_second,2022:Q2,T,M,0.35366639767432934,5.551115123125783e-17,0.06379845943527825,4.512614081522481,True,3,0.02
joint_indicator_revision_dfm_full_kalman_em,pseudo,2022:Q2:pre_second:pseudo,2022-08-31,pre_second,2022:Q2,T,S,0.34282783367451447,5.551115123125783e-17,0.06379845943527825,4.512614081522481,True,3,0.02
joint_indicator_revision_dfm_full_kalman_em,pseudo,2022:Q2:pre_second:pseudo,2022-08-31,pre_second,2022:Q2,T,T,0.47043813256237427,5.551115123125783e-17,0.06379845943527825,4.512614081522481,True,3,0.02
monthly_mixed_frequency_kalman_em,pseudo,2022:Q2:pre_second:pseudo,2022-08-31,pre_second,2022:Q2,A,A,0.4439234804660609,0.0,0.058705207812123544,4.932167589113253,True,3,0.02
monthly_mixed_frequency_kalman_em,pseudo,2022:Q2:pre_second:pseudo,2022-08-31,pre_second,2022:Q2,A,M,0.2143935668001928,0.0,0.058705207812123544,4.932167589113253,True,3,0.02
monthly_mixed_frequency_kalman_em,pseudo,2022:Q2:pre_second:pseudo,2022-08-31,pre_second,2022:Q2,A,S,0.21546976579177188,0.0,0.058705207812123544,4.932167589113253,True,3,0.02
monthly_mixed_frequency_kalman_em,pseudo,2022:Q2:pre_second:pseudo,2022-08-31,pre_second,2022:Q2,A,T,0.21488274816000152,0.0,0.058705207812123544,4.932167589113253,True,3,0.02
monthly_mixed_frequency_kalman_em,pseudo,2022:Q2:pre_second:pseudo,2022-08-31,pre_second,2022:Q2,M,A,0.2143935668001928,0.0,0.058705207812123544,4.932167589113253,True,3,0.02
monthly_mixed_frequency_kalman_em,pseudo,2022:Q2:pre_second:pseudo,2022-08-31,pre_second,2022:Q2,M,M,4.791769406166464,0.0,0.058705207812123544,4.932167589113253,True,3,0.02
monthly_mixed_frequency_kalman_em,pseudo,2022:Q2:pre_second:pseudo,2022-08-31,pre_second,2022:Q2,M,S,0.428596602541882,0.0,0.058705207812123544,4.932167589113253,True,3,0.02
monthly_mixed_frequency_kalman_em,pseudo,2022:Q2:pre_second:pseudo,2022-08-31,pre_second,2022:Q2,M,T,0.5713986263696749,0.0,0.058705207812123544,4.932167589113253,True,3,0.02
monthly_mixed_frequency_kalman_em,pseudo,2022:Q2:pre_second:pseudo,2022-08-31,pre_second,2022:Q2,S,A,0.21546976579177188,0.0,0.058705207812123544,4.932167589113253,True,3,0.02
monthly_mixed_frequency_kalman_em,pseudo,2022:Q2:pre_second:pseudo,2022-08-31,pre_second,2022:Q2,S,M,0.428596602541882,0.0,0.058705207812123544,4.932167589113253,True,3,0.02
monthly_mixed_frequency_kalman_em,pseudo,2022:Q2:pre_second:pseudo,2022-08-31,pre_second,2022:Q2,S,S,0.3626152289767118,0.0,0.058705207812123544,4.932167589113253,True,3,0.02
monthly_mixed_frequency_kalman_em,pseudo,2022:Q2:pre_second:pseudo,2022-08-31,pre_second,2022:Q2,S,T,0.37531489335435453,0.0,0.058705207812123544,4.932167589113253,True,3,0.02
monthly_mixed_frequency_kalman_em,pseudo,2022:Q2:pre_second:pseudo,2022-08-31,pre_second,2022:Q2,T,A,0.21488274816000152,0.0,0.058705207812123544,4.932167589113253,True,3,0.02
monthly_mixed_frequency_kalman_em,pseudo,2022:Q2:pre_second:pseudo,2022-08-31,pre_second,2022:Q2,T,M,0.5713986263696749,0.0,0.058705207812123544,4.932167589113253,True,3,0.02
monthly_mixed_frequency_kalman_em,pseudo,2022:Q2:pre_second:pseudo,2022-08-31,pre_second,2022:Q2,T,S,0.37531489335435453,0.0,0.058705207812123544,4.932167589113253,True,3,0.02
monthly_mixed_frequency_kalman_em,pseudo,2022:Q2:pre_second:pseudo,2022-08-31,pre_second,2022:Q2,T,T,0.5336071076225168,0.0,0.058705207812123544,4.932167589113253,True,3,0.02
revision_dfm_kalman_em,pseudo,2022:Q2:pre_second:pseudo,2022-08-31,pre_second,2022:Q2,A,A,0.2915859311856215,2.7755575615628914e-17,0.0664927607365302,4.545050523224069,True,3,0.02
revision_dfm_kalman_em,pseudo,2022:Q2:pre_second:pseudo,2022-08-31,pre_second,2022:Q2,A,M,0.15587101074590518,2.7755575615628914e-17,0.0664927607365302,4.545050523224069,True,3,0.02
revision_dfm_kalman_em,pseudo,2022:Q2:pre_second:pseudo,2022-08-31,pre_second,2022:Q2,A,S,0.15518500243957944,2.7755575615628914e-17,0.0664927607365302,4.545050523224069,True,3,0.02
revision_dfm_kalman_em,pseudo,2022:Q2:pre_second:pseudo,2022-08-31,pre_second,2022:Q2,A,T,0.1555966074233749,2.7755575615628914e-17,0.0664927607365302,4.545050523224069,True,3,0.02
revision_dfm_kalman_em,pseudo,2022:Q2:pre_second:pseudo,2022-08-31,pre_second,2022:Q2,M,A,0.15587101074590518,2.7755575615628914e-17,0.0664927607365302,4.545050523224069,True,3,0.02
revision_dfm_kalman_em,pseudo,2022:Q2:pre_second:pseudo,2022-08-31,pre_second,2022:Q2,M,M,4.45852559139699,2.7755575615628914e-17,0.0664927607365302,4.545050523224069,True,3,0.02
revision_dfm_kalman_em,pseudo,2022:Q2:pre_second:pseudo,2022-08-31,pre_second,2022:Q2,M,S,0.3781477208407681,2.7755575615628914e-17,0.0664927607365302,4.545050523224069,True,3,0.02
revision_dfm_kalman_em,pseudo,2022:Q2:pre_second:pseudo,2022-08-31,pre_second,2022:Q2,M,T,0.3851669853700796,2.7755575615628914e-17,0.0664927607365302,4.545050523224069,True,3,0.02
revision_dfm_kalman_em,pseudo,2022:Q2:pre_second:pseudo,2022-08-31,pre_second,2022:Q2,S,A,0.15518500243957944,2.7755575615628914e-17,0.0664927607365302,4.545050523224069,True,3,0.02
revision_dfm_kalman_em,pseudo,2022:Q2:pre_second:pseudo,2022-08-31,pre_second,2022:Q2,S,M,0.3781477208407681,2.7755575615628914e-17,0.0664927607365302,4.545050523224069,True,3,0.02
revision_dfm_kalman_em,pseudo,2022:Q2:pre_second:pseudo,2022-08-31,pre_second,2022:Q2,S,S,0.3946038706692484,2.7755575615628914e-17,0.0664927607365302,4.545050523224069,True,3,0.02
revision_dfm_kalman_em,pseudo,2022:Q2:pre_second:pseudo,2022-08-31,pre_second,2022:Q2,S,T,0.37368846647274434,2.7755575615628914e-17,0.0664927607365302,4.545050523224069,True,3,0.02
revision_dfm_kalman_em,pseudo,2022:Q2:pre_second:pseudo,2022-08-31,pre_second,2022:Q2,T,A,0.15559660742337492,2.7755575615628914e-17,0.0664927607365302,4.545050523224069,True,3,0.02
revision_dfm_kalman_em,pseudo,2022:Q2:pre_second:pseudo,2022-08-31,pre_second,2022:Q2,T,M,0.3851669853700796,2.7755575615628914e-17,0.0664927607365302,4.545050523224069,True,3,0.02
revision_dfm_kalman_em,pseudo,2022:Q2:pre_second:pseudo,2022-08-31,pre_second,2022:Q2,T,S,0.37368846647274434,2.7755575615628914e-17,0.0664927607365302,4.545050523224069,True,3,0.02
revision_dfm_kalman_em,pseudo,2022:Q2:pre_second:pseudo,2022-08-31,pre_second,2022:Q2,T,T,0.4956373361964048,2.7755575615628914e-17,0.0664927607365302,4.545050523224069,True,3,0.02
indicator_revision_only_dfm_kalman_em,exact,2022:Q2:pre_third:exact,2022-09-28,pre_third,2022:Q2,A,A,0.41498435718967047,0.0,0.031211846694995236,4.09033591425262,True,3,0.02
indicator_revision_only_dfm_kalman_em,exact,2022:Q2:pre_third:exact,2022-09-28,pre_third,2022:Q2,A,M,0.016717606322635338,0.0,0.031211846694995236,4.09033591425262,True,3,0.02
indicator_revision_only_dfm_kalman_em,exact,2022:Q2:pre_third:exact,2022-09-28,pre_third,2022:Q2,A,S,0.016717606322635338,0.0,0.031211846694995236,4.09033591425262,True,3,0.02
indicator_revision_only_dfm_kalman_em,exact,2022:Q2:pre_third:exact,2022-09-28,pre_third,2022:Q2,A,T,0.016717606322635338,0.0,0.031211846694995236,4.09033591425262,True,3,0.02
indicator_revision_only_dfm_kalman_em,exact,2022:Q2:pre_third:exact,2022-09-28,pre_third,2022:Q2,M,A,0.016717606322635338,0.0,0.031211846694995236,4.09033591425262,True,3,0.02
indicator_revision_only_dfm_kalman_em,exact,2022:Q2:pre_third:exact,2022-09-28,pre_third,2022:Q2,M,M,4.090118282863745,0.0,0.031211846694995236,4.09033591425262,True,3,0.02
indicator_revision_only_dfm_kalman_em,exact,2022:Q2:pre_third:exact,2022-09-28,pre_third,2022:Q2,M,S,0.016717606322635338,0.0,0.031211846694995236,4.09033591425262,True,3,0.02
indicator_revision_only_dfm_kalman_em,exact,2022:Q2:pre_third:exact,2022-09-28,pre_third,2022:Q2,M,T,0.016717606322635338,0.0,0.031211846694995236,4.09033591425262,True,3,0.02
indicator_revision_only_dfm_kalman_em,exact,2022:Q2:pre_third:exact,2022-09-28,pre_third,2022:Q2,S,A,0.016717606322635338,0.0,0.031211846694995236,4.09033591425262,True,3,0.02
indicator_revision_only_dfm_kalman_em,exact,2022:Q2:pre_third:exact,2022-09-28,pre_third,2022:Q2,S,M,0.016717606322635338,0.0,0.031211846694995236,4.09033591425262,True,3,0.02
indicator_revision_only_dfm_kalman_em,exact,2022:Q2:pre_third:exact,2022-09-28,pre_third,2022:Q2,S,S,0.03427274530434137,0.0,0.031211846694995236,4.09033591425262,True,3,0.02
indicator_revision_only_dfm_kalman_em,exact,2022:Q2:pre_third:exact,2022-09-28,pre_third,2022:Q2,S,T,0.016717606322635338,0.0,0.031211846694995236,4.09033591425262,True,3,0.02
indicator_revision_only_dfm_kalman_em,exact,2022:Q2:pre_third:exact,2022-09-28,pre_third,2022:Q2,T,A,0.016717606322635338,0.0,0.031211846694995236,4.09033591425262,True,3,0.02
indicator_revision_only_dfm_kalman_em,exact,2022:Q2:pre_third:exact,2022-09-28,pre_third,2022:Q2,T,M,0.016717606322635338,0.0,0.031211846694995236,4.09033591425262,True,3,0.02
indicator_revision_only_dfm_kalman_em,exact,2022:Q2:pre_third:exact,2022-09-28,pre_third,2022:Q2,T,S,0.016717606322635338,0.0,0.031211846694995236,4.09033591425262,True,3,0.02
indicator_revision_only_dfm_kalman_em,exact,2022:Q2:pre_third:exact,2022-09-28,pre_third,2022:Q2,T,T,0.14375954470181956,0.0,0.031211846694995236,4.09033591425262,True,3,0.02
joint_indicator_revision_dfm_full_kalman_em,exact,2022:Q2:pre_third:exact,2022-09-28,pre_third,2022:Q2,A,A,0.19536485583577634,1.734723475976807e-18,0.03630779516949833,4.102010472819418,True,3,0.02
joint_indicator_revision_dfm_full_kalman_em,exact,2022:Q2:pre_third:exact,2022-09-28,pre_third,2022:Q2,A,M,0.004198570871818058,1.734723475976807e-18,0.03630779516949833,4.102010472819418,True,3,0.02
joint_indicator_revision_dfm_full_kalman_em,exact,2022:Q2:pre_third:exact,2022-09-28,pre_third,2022:Q2,A,S,0.007540888608320774,1.734723475976807e-18,0.03630779516949833,4.102010472819418,True,3,0.02
joint_indicator_revision_dfm_full_kalman_em,exact,2022:Q2:pre_third:exact,2022-09-28,pre_third,2022:Q2,A,T,0.005535497966419145,1.734723475976807e-18,0.03630779516949833,4.102010472819418,True,3,0.02
joint_indicator_revision_dfm_full_kalman_em,exact,2022:Q2:pre_third:exact,2022-09-28,pre_third,2022:Q2,M,A,0.004198570871818058,1.734723475976807e-18,0.03630779516949833,4.102010472819418,True,3,0.02
joint_indicator_revision_dfm_full_kalman_em,exact,2022:Q2:pre_third:exact,2022-09-28,pre_third,2022:Q2,M,M,4.101794634059895,1.734723475976807e-18,0.03630779516949833,4.102010472819418,True,3,0.02
joint_indicator_revision_dfm_full_kalman_em,exact,2022:Q2:pre_third:exact,2022-09-28,pre_third,2022:Q2,M,S,0.020269342420707104,1.734723475976807e-18,0.03630779516949833,4.102010472819418,True,3,0.02
joint_indicator_revision_dfm_full_kalman_em,exact,2022:Q2:pre_third:exact,2022-09-28,pre_third,2022:Q2,M,T,0.02077684046961939,1.734723475976807e-18,0.03630779516949833,4.102010472819418,True,3,0.02
joint_indicator_revision_dfm_full_kalman_em,exact,2022:Q2:pre_third:exact,2022-09-28,pre_third,2022:Q2,S,A,0.007540888608320773,1.734723475976807e-18,0.03630779516949833,4.102010472819418,True,3,0.02
joint_indicator_revision_dfm_full_kalman_em,exact,2022:Q2:pre_third:exact,2022-09-28,pre_third,2022:Q2,S,M,0.020269342420707104,1.734723475976807e-18,0.03630779516949833,4.102010472819418,True,3,0.02
joint_indicator_revision_dfm_full_kalman_em,exact,2022:Q2:pre_third:exact,2022-09-28,pre_third,2022:Q2,S,S,0.040474522130248,1.734723475976807e-18,0.03630779516949833,4.102010472819418,True,3,0.02
joint_indicator_revision_dfm_full_kalman_em,exact,2022:Q2:pre_third:exact,2022-09-28,pre_third,2022:Q2,S,T,0.02001477334445938,1.734723475976807e-18,0.03630779516949833,4.102010472819418,True,3,0.02
joint_indicator_revision_dfm_full_kalman_em,exact,2022:Q2:pre_third:exact,2022-09-28,pre_third,2022:Q2,T,A,0.005535497966419143,1.734723475976807e-18,0.03630779516949833,4.102010472819418,True,3,0.02
joint_indicator_revision_dfm_full_kalman_em,exact,2022:Q2:pre_third:exact,2022-09-28,pre_third,2022:Q2,T,M,0.02077684046961939,1.734723475976807e-18,0.03630779516949833,4.102010472819418,True,3,0.02
joint_indicator_revision_dfm_full_kalman_em,exact,2022:Q2:pre_third:exact,2022-09-28,pre_third,2022:Q2,T,S,0.02001477334445938,1.734723475976807e-18,0.03630779516949833,4.102010472819418,True,3,0.02
joint_indicator_revision_dfm_full_kalman_em,exact,2022:Q2:pre_third:exact,2022-09-28,pre_third,2022:Q2,T,T,0.14068279024782812,1.734723475976807e-18,0.03630779516949833,4.102010472819418,True,3,0.02
monthly_mixed_frequency_kalman_em,exact,2022:Q2:pre_third:exact,2022-09-28,pre_third,2022:Q2,A,A,0.3136490898027669,0.0,0.05807835400624522,4.291396778660963,True,3,0.02
monthly_mixed_frequency_kalman_em,exact,2022:Q2:pre_third:exact,2022-09-28,pre_third,2022:Q2,A,M,-0.039974187854380575,0.0,0.05807835400624522,4.291396778660963,True,3,0.02
monthly_mixed_frequency_kalman_em,exact,2022:Q2:pre_third:exact,2022-09-28,pre_third,2022:Q2,A,S,0.030438723586913942,0.0,0.05807835400624522,4.291396778660963,True,3,0.02
monthly_mixed_frequency_kalman_em,exact,2022:Q2:pre_third:exact,2022-09-28,pre_third,2022:Q2,A,T,-0.007968319017428527,0.0,0.05807835400624522,4.291396778660963,True,3,0.02
monthly_mixed_frequency_kalman_em,exact,2022:Q2:pre_third:exact,2022-09-28,pre_third,2022:Q2,M,A,-0.039974187854380575,0.0,0.05807835400624522,4.291396778660963,True,3,0.02
monthly_mixed_frequency_kalman_em,exact,2022:Q2:pre_third:exact,2022-09-28,pre_third,2022:Q2,M,M,4.286120266946514,0.0,0.05807835400624522,4.291396778660963,True,3,0.02
monthly_mixed_frequency_kalman_em,exact,2022:Q2:pre_third:exact,2022-09-28,pre_third,2022:Q2,M,S,0.060792600412870816,0.0,0.05807835400624522,4.291396778660963,True,3,0.02
monthly_mixed_frequency_kalman_em,exact,2022:Q2:pre_third:exact,2022-09-28,pre_third,2022:Q2,M,T,0.1279704592577051,0.0,0.05807835400624522,4.291396778660963,True,3,0.02
monthly_mixed_frequency_kalman_em,exact,2022:Q2:pre_third:exact,2022-09-28,pre_third,2022:Q2,S,A,0.030438723586913942,0.0,0.05807835400624522,4.291396778660963,True,3,0.02
monthly_mixed_frequency_kalman_em,exact,2022:Q2:pre_third:exact,2022-09-28,pre_third,2022:Q2,S,M,0.060792600412870816,0.0,0.05807835400624522,4.291396778660963,True,3,0.02
monthly_mixed_frequency_kalman_em,exact,2022:Q2:pre_third:exact,2022-09-28,pre_third,2022:Q2,S,S,0.0955218897793148,0.0,0.05807835400624522,4.291396778660963,True,3,0.02
monthly_mixed_frequency_kalman_em,exact,2022:Q2:pre_third:exact,2022-09-28,pre_third,2022:Q2,S,T,0.0532041312063816,0.0,0.05807835400624522,4.291396778660963,True,3,0.02
monthly_mixed_frequency_kalman_em,exact,2022:Q2:pre_third:exact,2022-09-28,pre_third,2022:Q2,T,A,-0.007968319017428527,0.0,0.05807835400624522,4.291396778660963,True,3,0.02
monthly_mixed_frequency_kalman_em,exact,2022:Q2:pre_third:exact,2022-09-28,pre_third,2022:Q2,T,M,0.1279704592577051,0.0,0.05807835400624522,4.291396778660963,True,3,0.02
monthly_mixed_frequency_kalman_em,exact,2022:Q2:pre_third:exact,2022-09-28,pre_third,2022:Q2,T,S,0.0532041312063816,0.0,0.05807835400624522,4.291396778660963,True,3,0.02
monthly_mixed_frequency_kalman_em,exact,2022:Q2:pre_third:exact,2022-09-28,pre_third,2022:Q2,T,T,0.1451578153924014,0.0,0.05807835400624522,4.291396778660963,True,3,0.02
revision_dfm_kalman_em,exact,2022:Q2:pre_third:exact,2022-09-28,pre_third,2022:Q2,A,A,0.2296351547302344,1.734723475976807e-18,0.045653434112904206,4.09645383181148,True,3,0.02
revision_dfm_kalman_em,exact,2022:Q2:pre_third:exact,2022-09-28,pre_third,2022:Q2,A,M,0.007139591888413879,1.734723475976807e-18,0.045653434112904206,4.09645383181148,True,3,0.02
revision_dfm_kalman_em,exact,2022:Q2:pre_third:exact,2022-09-28,pre_third,2022:Q2,A,S,0.010827731246394716,1.734723475976807e-18,0.045653434112904206,4.09645383181148,True,3,0.02
revision_dfm_kalman_em,exact,2022:Q2:pre_third:exact,2022-09-28,pre_third,2022:Q2,A,T,0.008614847631606214,1.734723475976807e-18,0.045653434112904206,4.09645383181148,True,3,0.02
revision_dfm_kalman_em,exact,2022:Q2:pre_third:exact,2022-09-28,pre_third,2022:Q2,M,A,0.007139591888413879,1.734723475976807e-18,0.045653434112904206,4.09645383181148,True,3,0.02
revision_dfm_kalman_em,exact,2022:Q2:pre_third:exact,2022-09-28,pre_third,2022:Q2,M,M,4.0960802178556035,1.734723475976807e-18,0.045653434112904206,4.09645383181148,True,3,0.02
revision_dfm_kalman_em,exact,2022:Q2:pre_third:exact,2022-09-28,pre_third,2022:Q2,M,S,0.02642826011600831,1.734723475976807e-18,0.045653434112904206,4.09645383181148,True,3,0.02
revision_dfm_kalman_em,exact,2022:Q2:pre_third:exact,2022-09-28,pre_third,2022:Q2,M,T,0.02703737595477445,1.734723475976807e-18,0.045653434112904206,4.09645383181148,True,3,0.02
revision_dfm_kalman_em,exact,2022:Q2:pre_third:exact,2022-09-28,pre_third,2022:Q2,S,A,0.010827731246394714,1.734723475976807e-18,0.045653434112904206,4.09645383181148,True,3,0.02
revision_dfm_kalman_em,exact,2022:Q2:pre_third:exact,2022-09-28,pre_third,2022:Q2,S,M,0.02642826011600831,1.734723475976807e-18,0.045653434112904206,4.09645383181148,True,3,0.02
revision_dfm_kalman_em,exact,2022:Q2:pre_third:exact,2022-09-28,pre_third,2022:Q2,S,S,0.053231042815988436,1.734723475976807e-18,0.045653434112904206,4.09645383181148,True,3,0.02
revision_dfm_kalman_em,exact,2022:Q2:pre_third:exact,2022-09-28,pre_third,2022:Q2,S,T,0.02611624953861604,1.734723475976807e-18,0.045653434112904206,4.09645383181148,True,3,0.02
revision_dfm_kalman_em,exact,2022:Q2:pre_third:exact,2022-09-28,pre_third,2022:Q2,T,A,0.008614847631606214,1.734723475976807e-18,0.045653434112904206,4.09645383181148,True,3,0.02
revision_dfm_kalman_em,exact,2022:Q2:pre_third:exact,2022-09-28,pre_third,2022:Q2,T,M,0.02703737595477445,1.734723475976807e-18,0.045653434112904206,4.09645383181148,True,3,0.02
revision_dfm_kalman_em,exact,2022:Q2:pre_third:exact,2022-09-28,pre_third,2022:Q2,T,S,0.02611624953861604,1.734723475976807e-18,0.045653434112904206,4.09645383181148,True,3,0.02
revision_dfm_kalman_em,exact,2022:Q2:pre_third:exact,2022-09-28,pre_third,2022:Q2,T,T,0.1417659827994308,1.734723475976807e-18,0.045653434112904206,4.09645383181148,True,3,0.02
indicator_revision_only_dfm_kalman_em,pseudo,2022:Q2:pre_third:pseudo,2022-09-30,pre_third,2022:Q2,A,A,0.414984140068473,0.0,0.031210275576292943,4.090337324342892,True,3,0.02
indicator_revision_only_dfm_kalman_em,pseudo,2022:Q2:pre_third:pseudo,2022-09-30,pre_third,2022:Q2,A,M,0.01671667914742703,0.0,0.031210275576292943,4.090337324342892,True,3,0.02
indicator_revision_only_dfm_kalman_em,pseudo,2022:Q2:pre_third:pseudo,2022-09-30,pre_third,2022:Q2,A,S,0.01671667914742703,0.0,0.031210275576292943,4.090337324342892,True,3,0.02
indicator_revision_only_dfm_kalman_em,pseudo,2022:Q2:pre_third:pseudo,2022-09-30,pre_third,2022:Q2,A,T,0.01671667914742703,0.0,0.031210275576292943,4.090337324342892,True,3,0.02
indicator_revision_only_dfm_kalman_em,pseudo,2022:Q2:pre_third:pseudo,2022-09-30,pre_third,2022:Q2,M,A,0.01671667914742703,0.0,0.031210275576292943,4.090337324342892,True,3,0.02
indicator_revision_only_dfm_kalman_em,pseudo,2022:Q2:pre_third:pseudo,2022-09-30,pre_third,2022:Q2,M,M,4.090119717318252,0.0,0.031210275576292943,4.090337324342892,True,3,0.02
indicator_revision_only_dfm_kalman_em,pseudo,2022:Q2:pre_third:pseudo,2022-09-30,pre_third,2022:Q2,M,S,0.01671667914742703,0.0,0.031210275576292943,4.090337324342892,True,3,0.02
indicator_revision_only_dfm_kalman_em,pseudo,2022:Q2:pre_third:pseudo,2022-09-30,pre_third,2022:Q2,M,T,0.01671667914742703,0.0,0.031210275576292943,4.090337324342892,True,3,0.02
indicator_revision_only_dfm_kalman_em,pseudo,2022:Q2:pre_third:pseudo,2022-09-30,pre_third,2022:Q2,S,A,0.01671667914742703,0.0,0.031210275576292943,4.090337324342892,True,3,0.02
indicator_revision_only_dfm_kalman_em,pseudo,2022:Q2:pre_third:pseudo,2022-09-30,pre_third,2022:Q2,S,M,0.01671667914742703,0.0,0.031210275576292943,4.090337324342892,True,3,0.02
indicator_revision_only_dfm_kalman_em,pseudo,2022:Q2:pre_third:pseudo,2022-09-30,pre_third,2022:Q2,S,S,0.0342708145004016,0.0,0.031210275576292943,4.090337324342892,True,3,0.02
indicator_revision_only_dfm_kalman_em,pseudo,2022:Q2:pre_third:pseudo,2022-09-30,pre_third,2022:Q2,S,T,0.01671667914742703,0.0,0.031210275576292943,4.090337324342892,True,3,0.02
indicator_revision_only_dfm_kalman_em,pseudo,2022:Q2:pre_third:pseudo,2022-09-30,pre_third,2022:Q2,T,A,0.01671667914742703,0.0,0.031210275576292943,4.090337324342892,True,3,0.02
indicator_revision_only_dfm_kalman_em,pseudo,2022:Q2:pre_third:pseudo,2022-09-30,pre_third,2022:Q2,T,M,0.01671667914742703,0.0,0.031210275576292943,4.090337324342892,True,3,0.02
indicator_revision_only_dfm_kalman_em,pseudo,2022:Q2:pre_third:pseudo,2022-09-30,pre_third,2022:Q2,T,S,0.01671667914742703,0.0,0.031210275576292943,4.090337324342892,True,3,0.02
indicator_revision_only_dfm_kalman_em,pseudo,2022:Q2:pre_third:pseudo,2022-09-30,pre_third,2022:Q2,T,T,0.1437594126331556,0.0,0.031210275576292943,4.090337324342892,True,3,0.02
joint_indicator_revision_dfm_full_kalman_em,pseudo,2022:Q2:pre_third:pseudo,2022-09-30,pre_third,2022:Q2,A,A,0.19546276653412928,8.673617379884035e-19,0.03677470776498928,4.101790435588674,True,3,0.02
joint_indicator_revision_dfm_full_kalman_em,pseudo,2022:Q2:pre_third:pseudo,2022-09-30,pre_third,2022:Q2,A,M,0.004324430864508621,8.673617379884035e-19,0.03677470776498928,4.101790435588674,True,3,0.02
joint_indicator_revision_dfm_full_kalman_em,pseudo,2022:Q2:pre_third:pseudo,2022-09-30,pre_third,2022:Q2,A,S,0.007660545608552783,8.673617379884035e-19,0.03677470776498928,4.101790435588674,True,3,0.02
joint_indicator_revision_dfm_full_kalman_em,pseudo,2022:Q2:pre_third:pseudo,2022-09-30,pre_third,2022:Q2,A,T,0.005658876762126286,8.673617379884035e-19,0.03677470776498928,4.101790435588674,True,3,0.02
joint_indicator_revision_dfm_full_kalman_em,pseudo,2022:Q2:pre_third:pseudo,2022-09-30,pre_third,2022:Q2,M,A,0.004324430864508621,8.673617379884035e-19,0.03677470776498928,4.101790435588674,True,3,0.02
joint_indicator_revision_dfm_full_kalman_em,pseudo,2022:Q2:pre_third:pseudo,2022-09-30,pre_third,2022:Q2,M,M,4.101568156172344,8.673617379884035e-19,0.03677470776498928,4.101790435588674,True,3,0.02
joint_indicator_revision_dfm_full_kalman_em,pseudo,2022:Q2:pre_third:pseudo,2022-09-30,pre_third,2022:Q2,M,S,0.020561636901313022,8.673617379884035e-19,0.03677470776498928,4.101790435588674,True,3,0.02
joint_indicator_revision_dfm_full_kalman_em,pseudo,2022:Q2:pre_third:pseudo,2022-09-30,pre_third,2022:Q2,M,T,0.02107439077615948,8.673617379884035e-19,0.03677470776498928,4.101790435588674,True,3,0.02
joint_indicator_revision_dfm_full_kalman_em,pseudo,2022:Q2:pre_third:pseudo,2022-09-30,pre_third,2022:Q2,S,A,0.007660545608552782,8.673617379884035e-19,0.03677470776498928,4.101790435588674,True,3,0.02
joint_indicator_revision_dfm_full_kalman_em,pseudo,2022:Q2:pre_third:pseudo,2022-09-30,pre_third,2022:Q2,S,M,0.020561636901313022,8.673617379884035e-19,0.03677470776498928,4.101790435588674,True,3,0.02
joint_indicator_revision_dfm_full_kalman_em,pseudo,2022:Q2:pre_third:pseudo,2022-09-30,pre_third,2022:Q2,S,S,0.041078324028853544,8.673617379884035e-19,0.03677470776498928,4.101790435588674,True,3,0.02
joint_indicator_revision_dfm_full_kalman_em,pseudo,2022:Q2:pre_third:pseudo,2022-09-30,pre_third,2022:Q2,S,T,0.020303615075457818,8.673617379884035e-19,0.03677470776498928,4.101790435588674,True,3,0.02
joint_indicator_revision_dfm_full_kalman_em,pseudo,2022:Q2:pre_third:pseudo,2022-09-30,pre_third,2022:Q2,T,A,0.005658876762126286,8.673617379884035e-19,0.03677470776498928,4.101790435588674,True,3,0.02
joint_indicator_revision_dfm_full_kalman_em,pseudo,2022:Q2:pre_third:pseudo,2022-09-30,pre_third,2022:Q2,T,M,0.02107439077615948,8.673617379884035e-19,0.03677470776498928,4.101790435588674,True,3,0.02
joint_indicator_revision_dfm_full_kalman_em,pseudo,2022:Q2:pre_third:pseudo,2022-09-30,pre_third,2022:Q2,T,S,0.020303615075457818,8.673617379884035e-19,0.03677470776498928,4.101790435588674,True,3,0.02
joint_indicator_revision_dfm_full_kalman_em,pseudo,2022:Q2:pre_third:pseudo,2022-09-30,pre_third,2022:Q2,T,T,0.14069679694742032,8.673617379884035e-19,0.03677470776498928,4.101790435588674,True,3,0.02
monthly_mixed_frequency_kalman_em,pseudo,2022:Q2:pre_third:pseudo,2022-09-30,pre_third,2022:Q2,A,A,0.3135625516442333,0.0,0.058084973443056624,4.29146578423669,True,3,0.02
monthly_mixed_frequency_kalman_em,pseudo,2022:Q2:pre_third:pseudo,2022-09-30,pre_third,2022:Q2,A,M,-0.039971937830628274,0.0,0.058084973443056624,4.29146578423669,True,3,0.02
monthly_mixed_frequency_kalman_em,pseudo,2022:Q2:pre_third:pseudo,2022-09-30,pre_third,2022:Q2,A,S,0.030436328197997565,0.0,0.058084973443056624,4.29146578423669,True,3,0.02
monthly_mixed_frequency_kalman_em,pseudo,2022:Q2:pre_third:pseudo,2022-09-30,pre_third,2022:Q2,A,T,-0.007968180544889254,0.0,0.058084973443056624,4.29146578423669,True,3,0.02
monthly_mixed_frequency_kalman_em,pseudo,2022:Q2:pre_third:pseudo,2022-09-30,pre_third,2022:Q2,M,A,-0.039971937830628274,0.0,0.058084973443056624,4.29146578423669,True,3,0.02
monthly_mixed_frequency_kalman_em,pseudo,2022:Q2:pre_third:pseudo,2022-09-30,pre_third,2022:Q2,M,M,4.286187398188057,0.0,0.058084973443056624,4.29146578423669,True,3,0.02
monthly_mixed_frequency_kalman_em,pseudo,2022:Q2:pre_third:pseudo,2022-09-30,pre_third,2022:Q2,M,S,0.060808159374439154,0.0,0.058084973443056624,4.29146578423669,True,3,0.02
monthly_mixed_frequency_kalman_em,pseudo,2022:Q2:pre_third:pseudo,2022-09-30,pre_third,2022:Q2,M,T,0.12799489084448412,0.0,0.058084973443056624,4.29146578423669,True,3,0.02
monthly_mixed_frequency_kalman_em,pseudo,2022:Q2:pre_third:pseudo,2022-09-30,pre_third,2022:Q2,S,A,0.030436328197997565,0.0,0.058084973443056624,4.29146578423669,True,3,0.02
monthly_mixed_frequency_kalman_em,pseudo,2022:Q2:pre_third:pseudo,2022-09-30,pre_third,2022:Q2,S,M,0.060808159374439154,0.0,0.058084973443056624,4.29146578423669,True,3,0.02
monthly_mixed_frequency_kalman_em,pseudo,2022:Q2:pre_third:pseudo,2022-09-30,pre_third,2022:Q2,S,S,0.09553664442216823,0.0,0.058084973443056624,4.29146578423669,True,3,0.02
monthly_mixed_frequency_kalman_em,pseudo,2022:Q2:pre_third:pseudo,2022-09-30,pre_third,2022:Q2,S,T,0.05321520158032877,0.0,0.058084973443056624,4.29146578423669,True,3,0.02
monthly_mixed_frequency_kalman_em,pseudo,2022:Q2:pre_third:pseudo,2022-09-30,pre_third,2022:Q2,T,A,-0.007968180544889254,0.0,0.058084973443056624,4.29146578423669,True,3,0.02
monthly_mixed_frequency_kalman_em,pseudo,2022:Q2:pre_third:pseudo,2022-09-30,pre_third,2022:Q2,T,M,0.12799489084448412,0.0,0.058084973443056624,4.29146578423669,True,3,0.02
monthly_mixed_frequency_kalman_em,pseudo,2022:Q2:pre_third:pseudo,2022-09-30,pre_third,2022:Q2,T,S,0.05321520158032877,0.0,0.058084973443056624,4.29146578423669,True,3,0.02
monthly_mixed_frequency_kalman_em,pseudo,2022:Q2:pre_third:pseudo,2022-09-30,pre_third,2022:Q2,T,T,0.14518183511123403,0.0,0.058084973443056624,4.29146578423669,True,3,0.02
revision_dfm_kalman_em,pseudo,2022:Q2:pre_third:pseudo,2022-09-30,pre_third,2022:Q2,A,A,0.22957026039544967,3.469446951953614e-18,0.04565317497190664,4.096459846178126,True,3,0.02
revision_dfm_kalman_em,pseudo,2022:Q2:pre_third:pseudo,2022-09-30,pre_third,2022:Q2,A,M,0.007132268199741256,3.469446951953614e-18,0.04565317497190664,4.096459846178126,True,3,0.02
revision_dfm_kalman_em,pseudo,2022:Q2:pre_third:pseudo,2022-09-30,pre_third,2022:Q2,A,S,0.010820817253387335,3.469446951953614e-18,0.04565317497190664,4.096459846178126,True,3,0.02
revision_dfm_kalman_em,pseudo,2022:Q2:pre_third:pseudo,2022-09-30,pre_third,2022:Q2,A,T,0.008607687821199689,3.469446951953614e-18,0.04565317497190664,4.096459846178126,True,3,0.02
revision_dfm_kalman_em,pseudo,2022:Q2:pre_third:pseudo,2022-09-30,pre_third,2022:Q2,M,A,0.007132268199741256,3.469446951953614e-18,0.04565317497190664,4.096459846178126,True,3,0.02
revision_dfm_kalman_em,pseudo,2022:Q2:pre_third:pseudo,2022-09-30,pre_third,2022:Q2,M,M,4.096086252524469,3.469446951953614e-18,0.04565317497190664,4.096459846178126,True,3,0.02
revision_dfm_kalman_em,pseudo,2022:Q2:pre_third:pseudo,2022-09-30,pre_third,2022:Q2,M,S,0.02642845180725754,3.469446951953614e-18,0.04565317497190664,4.096459846178126,True,3,0.02
revision_dfm_kalman_em,pseudo,2022:Q2:pre_third:pseudo,2022-09-30,pre_third,2022:Q2,M,T,0.027037804973810687,3.469446951953614e-18,0.04565317497190664,4.096459846178126,True,3,0.02
revision_dfm_kalman_em,pseudo,2022:Q2:pre_third:pseudo,2022-09-30,pre_third,2022:Q2,S,A,0.010820817253387335,3.469446951953614e-18,0.04565317497190664,4.096459846178126,True,3,0.02
revision_dfm_kalman_em,pseudo,2022:Q2:pre_third:pseudo,2022-09-30,pre_third,2022:Q2,S,M,0.02642845180725754,3.469446951953614e-18,0.04565317497190664,4.096459846178126,True,3,0.02
revision_dfm_kalman_em,pseudo,2022:Q2:pre_third:pseudo,2022-09-30,pre_third,2022:Q2,S,S,0.05323052865497304,3.469446951953614e-18,0.04565317497190664,4.096459846178126,True,3,0.02
revision_dfm_kalman_em,pseudo,2022:Q2:pre_third:pseudo,2022-09-30,pre_third,2022:Q2,S,T,0.026116299116180137,3.469446951953614e-18,0.04565317497190664,4.096459846178126,True,3,0.02
revision_dfm_kalman_em,pseudo,2022:Q2:pre_third:pseudo,2022-09-30,pre_third,2022:Q2,T,A,0.008607687821199686,3.469446951953614e-18,0.04565317497190664,4.096459846178126,True,3,0.02
revision_dfm_kalman_em,pseudo,2022:Q2:pre_third:pseudo,2022-09-30,pre_third,2022:Q2,T,M,0.027037804973810687,3.469446951953614e-18,0.04565317497190664,4.096459846178126,True,3,0.02
revision_dfm_kalman_em,pseudo,2022:Q2:pre_third:pseudo,2022-09-30,pre_third,2022:Q2,T,S,0.026116299116180137,3.469446951953614e-18,0.04565317497190664,4.096459846178126,True,3,0.02
revision_dfm_kalman_em,pseudo,2022:Q2:pre_third:pseudo,2022-09-30,pre_third,2022:Q2,T,T,0.1417651657251059,3.469446951953614e-18,0.04565317497190664,4.096459846178126,True,3,0.02
indicator_revision_only_dfm_kalman_em,exact,2022:Q3:pre_advance:exact,2022-10-26,pre_advance,2022:Q3,A,A,3.384279271824185,0.0,0.06992533372767847,13.386304222855895,True,3,0.02
indicator_revision_only_dfm_kalman_em,exact,2022:Q3:pre_advance:exact,2022-10-26,pre_advance,2022:Q3,A,M,2.989522880854711,0.0,0.06992533372767847,13.386304222855895,True,3,0.02
indicator_revision_only_dfm_kalman_em,exact,2022:Q3:pre_advance:exact,2022-10-26,pre_advance,2022:Q3,A,S,2.989522880854711,0.0,0.06992533372767847,13.386304222855895,True,3,0.02
indicator_revision_only_dfm_kalman_em,exact,2022:Q3:pre_advance:exact,2022-10-26,pre_advance,2022:Q3,A,T,2.989522880854711,0.0,0.06992533372767847,13.386304222855895,True,3,0.02
indicator_revision_only_dfm_kalman_em,exact,2022:Q3:pre_advance:exact,2022-10-26,pre_advance,2022:Q3,M,A,2.989522880854711,0.0,0.06992533372767847,13.386304222855895,True,3,0.02
indicator_revision_only_dfm_kalman_em,exact,2022:Q3:pre_advance:exact,2022-10-26,pre_advance,2022:Q3,M,M,7.055725258320706,0.0,0.06992533372767847,13.386304222855895,True,3,0.02
indicator_revision_only_dfm_kalman_em,exact,2022:Q3:pre_advance:exact,2022-10-26,pre_advance,2022:Q3,M,S,2.989522880854711,0.0,0.06992533372767847,13.386304222855895,True,3,0.02
indicator_revision_only_dfm_kalman_em,exact,2022:Q3:pre_advance:exact,2022-10-26,pre_advance,2022:Q3,M,T,2.989522880854711,0.0,0.06992533372767847,13.386304222855895,True,3,0.02
indicator_revision_only_dfm_kalman_em,exact,2022:Q3:pre_advance:exact,2022-10-26,pre_advance,2022:Q3,S,A,2.989522880854711,0.0,0.06992533372767847,13.386304222855895,True,3,0.02
indicator_revision_only_dfm_kalman_em,exact,2022:Q3:pre_advance:exact,2022-10-26,pre_advance,2022:Q3,S,M,2.989522880854711,0.0,0.06992533372767847,13.386304222855895,True,3,0.02
indicator_revision_only_dfm_kalman_em,exact,2022:Q3:pre_advance:exact,2022-10-26,pre_advance,2022:Q3,S,S,3.0184894784397422,0.0,0.06992533372767847,13.386304222855895,True,3,0.02
indicator_revision_only_dfm_kalman_em,exact,2022:Q3:pre_advance:exact,2022-10-26,pre_advance,2022:Q3,S,T,2.989522880854711,0.0,0.06992533372767847,13.386304222855895,True,3,0.02
indicator_revision_only_dfm_kalman_em,exact,2022:Q3:pre_advance:exact,2022-10-26,pre_advance,2022:Q3,T,A,2.989522880854711,0.0,0.06992533372767847,13.386304222855895,True,3,0.02
indicator_revision_only_dfm_kalman_em,exact,2022:Q3:pre_advance:exact,2022-10-26,pre_advance,2022:Q3,T,M,2.989522880854711,0.0,0.06992533372767847,13.386304222855895,True,3,0.02
indicator_revision_only_dfm_kalman_em,exact,2022:Q3:pre_advance:exact,2022-10-26,pre_advance,2022:Q3,T,S,2.989522880854711,0.0,0.06992533372767847,13.386304222855895,True,3,0.02
indicator_revision_only_dfm_kalman_em,exact,2022:Q3:pre_advance:exact,2022-10-26,pre_advance,2022:Q3,T,T,3.1076373673347306,0.0,0.06992533372767847,13.386304222855895,True,3,0.02
joint_indicator_revision_dfm_full_kalman_em,exact,2022:Q3:pre_advance:exact,2022-10-26,pre_advance,2022:Q3,A,A,2.426698385976016,0.0,0.06689686476332114,12.967201751593084,True,3,0.02
joint_indicator_revision_dfm_full_kalman_em,exact,2022:Q3:pre_advance:exact,2022-10-26,pre_advance,2022:Q3,A,M,2.5910004026249402,0.0,0.06689686476332114,12.967201751593084,True,3,0.02
joint_indicator_revision_dfm_full_kalman_em,exact,2022:Q3:pre_advance:exact,2022-10-26,pre_advance,2022:Q3,A,S,2.5759727771568297,0.0,0.06689686476332114,12.967201751593084,True,3,0.02
joint_indicator_revision_dfm_full_kalman_em,exact,2022:Q3:pre_advance:exact,2022-10-26,pre_advance,2022:Q3,A,T,2.584989352437696,0.0,0.06689686476332114,12.967201751593084,True,3,0.02
joint_indicator_revision_dfm_full_kalman_em,exact,2022:Q3:pre_advance:exact,2022-10-26,pre_advance,2022:Q3,M,A,2.5910004026249402,0.0,0.06689686476332114,12.967201751593084,True,3,0.02
joint_indicator_revision_dfm_full_kalman_em,exact,2022:Q3:pre_advance:exact,2022-10-26,pre_advance,2022:Q3,M,M,7.205277107661078,0.0,0.06689686476332114,12.967201751593084,True,3,0.02
joint_indicator_revision_dfm_full_kalman_em,exact,2022:Q3:pre_advance:exact,2022-10-26,pre_advance,2022:Q3,M,S,3.0975124910111793,0.0,0.06689686476332114,12.967201751593084,True,3,0.02
joint_indicator_revision_dfm_full_kalman_em,exact,2022:Q3:pre_advance:exact,2022-10-26,pre_advance,2022:Q3,M,T,3.1135076095917973,0.0,0.06689686476332114,12.967201751593084,True,3,0.02
joint_indicator_revision_dfm_full_kalman_em,exact,2022:Q3:pre_advance:exact,2022-10-26,pre_advance,2022:Q3,S,A,2.5759727771568297,0.0,0.06689686476332114,12.967201751593084,True,3,0.02
joint_indicator_revision_dfm_full_kalman_em,exact,2022:Q3:pre_advance:exact,2022-10-26,pre_advance,2022:Q3,S,M,3.0975124910111793,0.0,0.06689686476332114,12.967201751593084,True,3,0.02
joint_indicator_revision_dfm_full_kalman_em,exact,2022:Q3:pre_advance:exact,2022-10-26,pre_advance,2022:Q3,S,S,3.102167725083507,0.0,0.06689686476332114,12.967201751593084,True,3,0.02
joint_indicator_revision_dfm_full_kalman_em,exact,2022:Q3:pre_advance:exact,2022-10-26,pre_advance,2022:Q3,S,T,3.087081696734092,0.0,0.06689686476332114,12.967201751593084,True,3,0.02
joint_indicator_revision_dfm_full_kalman_em,exact,2022:Q3:pre_advance:exact,2022-10-26,pre_advance,2022:Q3,T,A,2.584989352437696,0.0,0.06689686476332114,12.967201751593084,True,3,0.02
joint_indicator_revision_dfm_full_kalman_em,exact,2022:Q3:pre_advance:exact,2022-10-26,pre_advance,2022:Q3,T,M,3.1135076095917973,0.0,0.06689686476332114,12.967201751593084,True,3,0.02
joint_indicator_revision_dfm_full_kalman_em,exact,2022:Q3:pre_advance:exact,2022-10-26,pre_advance,2022:Q3,T,S,3.087081696734092,0.0,0.06689686476332114,12.967201751593084,True,3,0.02
joint_indicator_revision_dfm_full_kalman_em,exact,2022:Q3:pre_advance:exact,2022-10-26,pre_advance,2022:Q3,T,T,3.21420937941492,0.0,0.06689686476332114,12.967201751593084,True,3,0.02
monthly_mixed_frequency_kalman_em,exact,2022:Q3:pre_advance:exact,2022-10-26,pre_advance,2022:Q3,A,A,4.601258686371198,0.0,0.061193720155007895,19.287370875067516,True,3,0.02
monthly_mixed_frequency_kalman_em,exact,2022:Q3:pre_advance:exact,2022-10-26,pre_advance,2022:Q3,A,M,4.342092693924057,0.0,0.061193720155007895,19.287370875067516,True,3,0.02
monthly_mixed_frequency_kalman_em,exact,2022:Q3:pre_advance:exact,2022-10-26,pre_advance,2022:Q3,A,S,4.3602274391386535,0.0,0.061193720155007895,19.287370875067516,True,3,0.02
monthly_mixed_frequency_kalman_em,exact,2022:Q3:pre_advance:exact,2022-10-26,pre_advance,2022:Q3,A,T,4.350335759930692,0.0,0.061193720155007895,19.287370875067516,True,3,0.02
monthly_mixed_frequency_kalman_em,exact,2022:Q3:pre_advance:exact,2022-10-26,pre_advance,2022:Q3,M,A,4.342092693924057,0.0,0.061193720155007895,19.287370875067516,True,3,0.02
monthly_mixed_frequency_kalman_em,exact,2022:Q3:pre_advance:exact,2022-10-26,pre_advance,2022:Q3,M,M,8.90005960006375,0.0,0.061193720155007895,19.287370875067516,True,3,0.02
monthly_mixed_frequency_kalman_em,exact,2022:Q3:pre_advance:exact,2022-10-26,pre_advance,2022:Q3,M,S,4.541839224997871,0.0,0.061193720155007895,19.287370875067516,True,3,0.02
monthly_mixed_frequency_kalman_em,exact,2022:Q3:pre_advance:exact,2022-10-26,pre_advance,2022:Q3,M,T,4.675003579047082,0.0,0.061193720155007895,19.287370875067516,True,3,0.02
monthly_mixed_frequency_kalman_em,exact,2022:Q3:pre_advance:exact,2022-10-26,pre_advance,2022:Q3,S,A,4.3602274391386535,0.0,0.061193720155007895,19.287370875067516,True,3,0.02
monthly_mixed_frequency_kalman_em,exact,2022:Q3:pre_advance:exact,2022-10-26,pre_advance,2022:Q3,S,M,4.541839224997871,0.0,0.061193720155007895,19.287370875067516,True,3,0.02
monthly_mixed_frequency_kalman_em,exact,2022:Q3:pre_advance:exact,2022-10-26,pre_advance,2022:Q3,S,S,4.4930591104373,0.0,0.061193720155007895,19.287370875067516,True,3,0.02
monthly_mixed_frequency_kalman_em,exact,2022:Q3:pre_advance:exact,2022-10-26,pre_advance,2022:Q3,S,T,4.496436278533067,0.0,0.061193720155007895,19.287370875067516,True,3,0.02
monthly_mixed_frequency_kalman_em,exact,2022:Q3:pre_advance:exact,2022-10-26,pre_advance,2022:Q3,T,A,4.350335759930692,0.0,0.061193720155007895,19.287370875067516,True,3,0.02
monthly_mixed_frequency_kalman_em,exact,2022:Q3:pre_advance:exact,2022-10-26,pre_advance,2022:Q3,T,M,4.675003579047082,0.0,0.061193720155007895,19.287370875067516,True,3,0.02
monthly_mixed_frequency_kalman_em,exact,2022:Q3:pre_advance:exact,2022-10-26,pre_advance,2022:Q3,T,S,4.496436278533067,0.0,0.061193720155007895,19.287370875067516,True,3,0.02
monthly_mixed_frequency_kalman_em,exact,2022:Q3:pre_advance:exact,2022-10-26,pre_advance,2022:Q3,T,T,4.644893125902858,0.0,0.061193720155007895,19.287370875067516,True,3,0.02
revision_dfm_kalman_em,exact,2022:Q3:pre_advance:exact,2022-10-26,pre_advance,2022:Q3,A,A,3.0783077902941525,4.440892098500626e-16,0.06710793047301343,15.287862693369126,True,3,0.02
revision_dfm_kalman_em,exact,2022:Q3:pre_advance:exact,2022-10-26,pre_advance,2022:Q3,A,M,3.2022943720320267,4.440892098500626e-16,0.06710793047301343,15.287862693369126,True,3,0.02
revision_dfm_kalman_em,exact,2022:Q3:pre_advance:exact,2022-10-26,pre_advance,2022:Q3,A,S,3.188734192840426,4.440892098500626e-16,0.06710793047301343,15.287862693369126,True,3,0.02
revision_dfm_kalman_em,exact,2022:Q3:pre_advance:exact,2022-10-26,pre_advance,2022:Q3,A,T,3.196870300355386,4.440892098500626e-16,0.06710793047301343,15.287862693369126,True,3,0.02
revision_dfm_kalman_em,exact,2022:Q3:pre_advance:exact,2022-10-26,pre_advance,2022:Q3,M,A,3.2022943720320267,4.440892098500626e-16,0.06710793047301343,15.287862693369126,True,3,0.02
revision_dfm_kalman_em,exact,2022:Q3:pre_advance:exact,2022-10-26,pre_advance,2022:Q3,M,M,7.794944799212172,4.440892098500626e-16,0.06710793047301343,15.287862693369126,True,3,0.02
revision_dfm_kalman_em,exact,2022:Q3:pre_advance:exact,2022-10-26,pre_advance,2022:Q3,M,S,3.690769674978659,4.440892098500626e-16,0.06710793047301343,15.287862693369126,True,3,0.02
revision_dfm_kalman_em,exact,2022:Q3:pre_advance:exact,2022-10-26,pre_advance,2022:Q3,M,T,3.706195210861184,4.440892098500626e-16,0.06710793047301343,15.287862693369126,True,3,0.02
revision_dfm_kalman_em,exact,2022:Q3:pre_advance:exact,2022-10-26,pre_advance,2022:Q3,S,A,3.1887341928404256,4.440892098500626e-16,0.06710793047301343,15.287862693369126,True,3,0.02
revision_dfm_kalman_em,exact,2022:Q3:pre_advance:exact,2022-10-26,pre_advance,2022:Q3,S,M,3.690769674978659,4.440892098500626e-16,0.06710793047301343,15.287862693369126,True,3,0.02
revision_dfm_kalman_em,exact,2022:Q3:pre_advance:exact,2022-10-26,pre_advance,2022:Q3,S,S,3.6948577597816974,4.440892098500626e-16,0.06710793047301343,15.287862693369126,True,3,0.02
revision_dfm_kalman_em,exact,2022:Q3:pre_advance:exact,2022-10-26,pre_advance,2022:Q3,S,T,3.6807289653358946,4.440892098500626e-16,0.06710793047301343,15.287862693369126,True,3,0.02
revision_dfm_kalman_em,exact,2022:Q3:pre_advance:exact,2022-10-26,pre_advance,2022:Q3,T,A,3.196870300355386,4.440892098500626e-16,0.06710793047301343,15.287862693369126,True,3,0.02
revision_dfm_kalman_em,exact,2022:Q3:pre_advance:exact,2022-10-26,pre_advance,2022:Q3,T,M,3.706195210861184,4.440892098500626e-16,0.06710793047301343,15.287862693369126,True,3,0.02
revision_dfm_kalman_em,exact,2022:Q3:pre_advance:exact,2022-10-26,pre_advance,2022:Q3,T,S,3.6807289653358946,4.440892098500626e-16,0.06710793047301343,15.287862693369126,True,3,0.02
revision_dfm_kalman_em,exact,2022:Q3:pre_advance:exact,2022-10-26,pre_advance,2022:Q3,T,T,3.809216784052814,4.440892098500626e-16,0.06710793047301343,15.287862693369126,True,3,0.02
indicator_revision_only_dfm_kalman_em,pseudo,2022:Q3:pre_advance:pseudo,2022-10-31,pre_advance,2022:Q3,A,A,3.391773632039863,0.0,0.06963834256100268,13.415528970623836,True,3,0.02
indicator_revision_only_dfm_kalman_em,pseudo,2022:Q3:pre_advance:pseudo,2022-10-31,pre_advance,2022:Q3,A,M,2.996865302108174,0.0,0.06963834256100268,13.415528970623836,True,3,0.02
indicator_revision_only_dfm_kalman_em,pseudo,2022:Q3:pre_advance:pseudo,2022-10-31,pre_advance,2022:Q3,A,S,2.996865302108174,0.0,0.06963834256100268,13.415528970623836,True,3,0.02
indicator_revision_only_dfm_kalman_em,pseudo,2022:Q3:pre_advance:pseudo,2022-10-31,pre_advance,2022:Q3,A,T,2.996865302108174,0.0,0.06963834256100268,13.415528970623836,True,3,0.02
indicator_revision_only_dfm_kalman_em,pseudo,2022:Q3:pre_advance:pseudo,2022-10-31,pre_advance,2022:Q3,M,A,2.996865302108174,0.0,0.06963834256100268,13.415528970623836,True,3,0.02
indicator_revision_only_dfm_kalman_em,pseudo,2022:Q3:pre_advance:pseudo,2022-10-31,pre_advance,2022:Q3,M,M,7.064669948811657,0.0,0.06963834256100268,13.415528970623836,True,3,0.02
indicator_revision_only_dfm_kalman_em,pseudo,2022:Q3:pre_advance:pseudo,2022-10-31,pre_advance,2022:Q3,M,S,2.996865302108174,0.0,0.06963834256100268,13.415528970623836,True,3,0.02
indicator_revision_only_dfm_kalman_em,pseudo,2022:Q3:pre_advance:pseudo,2022-10-31,pre_advance,2022:Q3,M,T,2.996865302108174,0.0,0.06963834256100268,13.415528970623836,True,3,0.02
indicator_revision_only_dfm_kalman_em,pseudo,2022:Q3:pre_advance:pseudo,2022-10-31,pre_advance,2022:Q3,S,A,2.996865302108174,0.0,0.06963834256100268,13.415528970623836,True,3,0.02
indicator_revision_only_dfm_kalman_em,pseudo,2022:Q3:pre_advance:pseudo,2022-10-31,pre_advance,2022:Q3,S,M,2.996865302108174,0.0,0.06963834256100268,13.415528970623836,True,3,0.02
indicator_revision_only_dfm_kalman_em,pseudo,2022:Q3:pre_advance:pseudo,2022-10-31,pre_advance,2022:Q3,S,S,3.0247704332449334,0.0,0.06963834256100268,13.415528970623836,True,3,0.02
indicator_revision_only_dfm_kalman_em,pseudo,2022:Q3:pre_advance:pseudo,2022-10-31,pre_advance,2022:Q3,S,T,2.996865302108174,0.0,0.06963834256100268,13.415528970623836,True,3,0.02
indicator_revision_only_dfm_kalman_em,pseudo,2022:Q3:pre_advance:pseudo,2022-10-31,pre_advance,2022:Q3,T,A,2.996865302108174,0.0,0.06963834256100268,13.415528970623836,True,3,0.02
indicator_revision_only_dfm_kalman_em,pseudo,2022:Q3:pre_advance:pseudo,2022-10-31,pre_advance,2022:Q3,T,M,2.996865302108174,0.0,0.06963834256100268,13.415528970623836,True,3,0.02
indicator_revision_only_dfm_kalman_em,pseudo,2022:Q3:pre_advance:pseudo,2022-10-31,pre_advance,2022:Q3,T,S,2.996865302108174,0.0,0.06963834256100268,13.415528970623836,True,3,0.02
indicator_revision_only_dfm_kalman_em,pseudo,2022:Q3:pre_advance:pseudo,2022-10-31,pre_advance,2022:Q3,T,T,3.115756077510888,0.0,0.06963834256100268,13.415528970623836,True,3,0.02
joint_indicator_revision_dfm_full_kalman_em,pseudo,2022:Q3:pre_advance:pseudo,2022-10-31,pre_advance,2022:Q3,A,A,2.42679998836169,4.440892098500626e-16,0.06689585402537554,12.969669898983287,True,3,0.02
joint_indicator_revision_dfm_full_kalman_em,pseudo,2022:Q3:pre_advance:pseudo,2022-10-31,pre_advance,2022:Q3,A,M,2.5914333752274445,4.440892098500626e-16,0.06689585402537554,12.969669898983287,True,3,0.02
joint_indicator_revision_dfm_full_kalman_em,pseudo,2022:Q3:pre_advance:pseudo,2022-10-31,pre_advance,2022:Q3,A,S,2.576392680067536,4.440892098500626e-16,0.06689585402537554,12.969669898983287,True,3,0.02
joint_indicator_revision_dfm_full_kalman_em,pseudo,2022:Q3:pre_advance:pseudo,2022-10-31,pre_advance,2022:Q3,A,T,2.585417097163481,4.440892098500626e-16,0.06689585402537554,12.969669898983287,True,3,0.02
joint_indicator_revision_dfm_full_kalman_em,pseudo,2022:Q3:pre_advance:pseudo,2022-10-31,pre_advance,2022:Q3,M,A,2.5914333752274445,4.440892098500626e-16,0.06689585402537554,12.969669898983287,True,3,0.02
joint_indicator_revision_dfm_full_kalman_em,pseudo,2022:Q3:pre_advance:pseudo,2022-10-31,pre_advance,2022:Q3,M,M,7.206094470280404,4.440892098500626e-16,0.06689585402537554,12.969669898983287,True,3,0.02
joint_indicator_revision_dfm_full_kalman_em,pseudo,2022:Q3:pre_advance:pseudo,2022-10-31,pre_advance,2022:Q3,M,S,3.0982892908264446,4.440892098500626e-16,0.06689585402537554,12.969669898983287,True,3,0.02
joint_indicator_revision_dfm_full_kalman_em,pseudo,2022:Q3:pre_advance:pseudo,2022-10-31,pre_advance,2022:Q3,M,T,3.1142952671085182,4.440892098500626e-16,0.06689585402537554,12.969669898983287,True,3,0.02
joint_indicator_revision_dfm_full_kalman_em,pseudo,2022:Q3:pre_advance:pseudo,2022-10-31,pre_advance,2022:Q3,S,A,2.5763926800675354,4.440892098500626e-16,0.06689585402537554,12.969669898983287,True,3,0.02
joint_indicator_revision_dfm_full_kalman_em,pseudo,2022:Q3:pre_advance:pseudo,2022-10-31,pre_advance,2022:Q3,S,M,3.0982892908264446,4.440892098500626e-16,0.06689585402537554,12.969669898983287,True,3,0.02
joint_indicator_revision_dfm_full_kalman_em,pseudo,2022:Q3:pre_advance:pseudo,2022-10-31,pre_advance,2022:Q3,S,S,3.102925532669909,4.440892098500626e-16,0.06689585402537554,12.969669898983287,True,3,0.02
joint_indicator_revision_dfm_full_kalman_em,pseudo,2022:Q3:pre_advance:pseudo,2022-10-31,pre_advance,2022:Q3,S,T,3.0878513586112666,4.440892098500626e-16,0.06689585402537554,12.969669898983287,True,3,0.02
joint_indicator_revision_dfm_full_kalman_em,pseudo,2022:Q3:pre_advance:pseudo,2022-10-31,pre_advance,2022:Q3,T,A,2.585417097163481,4.440892098500626e-16,0.06689585402537554,12.969669898983287,True,3,0.02
joint_indicator_revision_dfm_full_kalman_em,pseudo,2022:Q3:pre_advance:pseudo,2022-10-31,pre_advance,2022:Q3,T,M,3.1142952671085182,4.440892098500626e-16,0.06689585402537554,12.969669898983287,True,3,0.02
joint_indicator_revision_dfm_full_kalman_em,pseudo,2022:Q3:pre_advance:pseudo,2022-10-31,pre_advance,2022:Q3,T,S,3.0878513586112666,4.440892098500626e-16,0.06689585402537554,12.969669898983287,True,3,0.02
joint_indicator_revision_dfm_full_kalman_em,pseudo,2022:Q3:pre_advance:pseudo,2022-10-31,pre_advance,2022:Q3,T,T,3.2149906512879847,4.440892098500626e-16,0.06689585402537554,12.969669898983287,True,3,0.02
monthly_mixed_frequency_kalman_em,pseudo,2022:Q3:pre_advance:pseudo,2022-10-31,pre_advance,2022:Q3,A,A,4.601182454893564,0.0,0.06119370300008638,19.287037144842415,True,3,0.02
monthly_mixed_frequency_kalman_em,pseudo,2022:Q3:pre_advance:pseudo,2022-10-31,pre_advance,2022:Q3,A,M,4.3420108757102085,0.0,0.06119370300008638,19.287037144842415,True,3,0.02
monthly_mixed_frequency_kalman_em,pseudo,2022:Q3:pre_advance:pseudo,2022-10-31,pre_advance,2022:Q3,A,S,4.360149458815603,0.0,0.06119370300008638,19.287037144842415,True,3,0.02
monthly_mixed_frequency_kalman_em,pseudo,2022:Q3:pre_advance:pseudo,2022-10-31,pre_advance,2022:Q3,A,T,4.350255686212662,0.0,0.06119370300008638,19.287037144842415,True,3,0.02
monthly_mixed_frequency_kalman_em,pseudo,2022:Q3:pre_advance:pseudo,2022-10-31,pre_advance,2022:Q3,M,A,4.3420108757102085,0.0,0.06119370300008638,19.287037144842415,True,3,0.02
monthly_mixed_frequency_kalman_em,pseudo,2022:Q3:pre_advance:pseudo,2022-10-31,pre_advance,2022:Q3,M,M,8.899966091826968,0.0,0.06119370300008638,19.287037144842415,True,3,0.02
monthly_mixed_frequency_kalman_em,pseudo,2022:Q3:pre_advance:pseudo,2022-10-31,pre_advance,2022:Q3,M,S,4.541752106214302,0.0,0.06119370300008638,19.287037144842415,True,3,0.02
monthly_mixed_frequency_kalman_em,pseudo,2022:Q3:pre_advance:pseudo,2022-10-31,pre_advance,2022:Q3,M,T,4.674912926550364,0.0,0.06119370300008638,19.287037144842415,True,3,0.02
monthly_mixed_frequency_kalman_em,pseudo,2022:Q3:pre_advance:pseudo,2022-10-31,pre_advance,2022:Q3,S,A,4.360149458815603,0.0,0.06119370300008638,19.287037144842415,True,3,0.02
monthly_mixed_frequency_kalman_em,pseudo,2022:Q3:pre_advance:pseudo,2022-10-31,pre_advance,2022:Q3,S,M,4.541752106214302,0.0,0.06119370300008638,19.287037144842415,True,3,0.02
monthly_mixed_frequency_kalman_em,pseudo,2022:Q3:pre_advance:pseudo,2022-10-31,pre_advance,2022:Q3,S,S,4.492977204379349,0.0,0.06119370300008638,19.287037144842415,True,3,0.02
monthly_mixed_frequency_kalman_em,pseudo,2022:Q3:pre_advance:pseudo,2022-10-31,pre_advance,2022:Q3,S,T,4.4963514443646275,0.0,0.06119370300008638,19.287037144842415,True,3,0.02
monthly_mixed_frequency_kalman_em,pseudo,2022:Q3:pre_advance:pseudo,2022-10-31,pre_advance,2022:Q3,T,A,4.350255686212662,0.0,0.06119370300008638,19.287037144842415,True,3,0.02
monthly_mixed_frequency_kalman_em,pseudo,2022:Q3:pre_advance:pseudo,2022-10-31,pre_advance,2022:Q3,T,M,4.674912926550364,0.0,0.06119370300008638,19.287037144842415,True,3,0.02
monthly_mixed_frequency_kalman_em,pseudo,2022:Q3:pre_advance:pseudo,2022-10-31,pre_advance,2022:Q3,T,S,4.4963514443646275,0.0,0.06119370300008638,19.287037144842415,True,3,0.02
monthly_mixed_frequency_kalman_em,pseudo,2022:Q3:pre_advance:pseudo,2022-10-31,pre_advance,2022:Q3,T,T,4.644804986207676,0.0,0.06119370300008638,19.287037144842415,True,3,0.02
revision_dfm_kalman_em,pseudo,2022:Q3:pre_advance:pseudo,2022-10-31,pre_advance,2022:Q3,A,A,3.078320763742335,8.881784197001252e-16,0.06710787382472146,15.288062635756582,True,3,0.02
revision_dfm_kalman_em,pseudo,2022:Q3:pre_advance:pseudo,2022-10-31,pre_advance,2022:Q3,A,M,3.2023320915141658,8.881784197001252e-16,0.06710787382472146,15.288062635756582,True,3,0.02
revision_dfm_kalman_em,pseudo,2022:Q3:pre_advance:pseudo,2022-10-31,pre_advance,2022:Q3,A,S,3.1887707481847456,8.881784197001252e-16,0.06710787382472146,15.288062635756582,True,3,0.02
revision_dfm_kalman_em,pseudo,2022:Q3:pre_advance:pseudo,2022-10-31,pre_advance,2022:Q3,A,T,3.1969075541823977,8.881784197001252e-16,0.06710787382472146,15.288062635756582,True,3,0.02
revision_dfm_kalman_em,pseudo,2022:Q3:pre_advance:pseudo,2022-10-31,pre_advance,2022:Q3,M,A,3.2023320915141658,8.881784197001252e-16,0.06710787382472146,15.288062635756582,True,3,0.02
revision_dfm_kalman_em,pseudo,2022:Q3:pre_advance:pseudo,2022-10-31,pre_advance,2022:Q3,M,M,7.79500916897528,8.881784197001252e-16,0.06710787382472146,15.288062635756582,True,3,0.02
revision_dfm_kalman_em,pseudo,2022:Q3:pre_advance:pseudo,2022-10-31,pre_advance,2022:Q3,M,S,3.6908306391394476,8.881784197001252e-16,0.06710787382472146,15.288062635756582,True,3,0.02
revision_dfm_kalman_em,pseudo,2022:Q3:pre_advance:pseudo,2022-10-31,pre_advance,2022:Q3,M,T,3.7062569090644564,8.881784197001252e-16,0.06710787382472146,15.288062635756582,True,3,0.02
revision_dfm_kalman_em,pseudo,2022:Q3:pre_advance:pseudo,2022-10-31,pre_advance,2022:Q3,S,A,3.1887707481847456,8.881784197001252e-16,0.06710787382472146,15.288062635756582,True,3,0.02
revision_dfm_kalman_em,pseudo,2022:Q3:pre_advance:pseudo,2022-10-31,pre_advance,2022:Q3,S,M,3.6908306391394476,8.881784197001252e-16,0.06710787382472146,15.288062635756582,True,3,0.02
revision_dfm_kalman_em,pseudo,2022:Q3:pre_advance:pseudo,2022-10-31,pre_advance,2022:Q3,S,S,3.6949175274722186,8.881784197001252e-16,0.06710787382472146,15.288062635756582,True,3,0.02
revision_dfm_kalman_em,pseudo,2022:Q3:pre_advance:pseudo,2022-10-31,pre_advance,2022:Q3,S,T,3.680789441320354,8.881784197001252e-16,0.06710787382472146,15.288062635756582,True,3,0.02
revision_dfm_kalman_em,pseudo,2022:Q3:pre_advance:pseudo,2022-10-31,pre_advance,2022:Q3,T,A,3.1969075541823977,8.881784197001252e-16,0.06710787382472146,15.288062635756582,True,3,0.02
revision_dfm_kalman_em,pseudo,2022:Q3:pre_advance:pseudo,2022-10-31,pre_advance,2022:Q3,T,M,3.7062569090644564,8.881784197001252e-16,0.06710787382472146,15.288062635756582,True,3,0.02
revision_dfm_kalman_em,pseudo,2022:Q3:pre_advance:pseudo,2022-10-31,pre_advance,2022:Q3,T,S,3.680789441320353,8.881784197001252e-16,0.06710787382472146,15.288062635756582,True,3,0.02
revision_dfm_kalman_em,pseudo,2022:Q3:pre_advance:pseudo,2022-10-31,pre_advance,2022:Q3,T,T,3.8092778979263526,8.881784197001252e-16,0.06710787382472146,15.288062635756582,True,3,0.02
indicator_revision_only_dfm_kalman_em,exact,2022:Q3:pre_second:exact,2022-11-29,pre_second,2022:Q3,A,A,0.7426739454680988,0.0,0.06752415096032828,4.524713211506494,True,3,0.02
indicator_revision_only_dfm_kalman_em,exact,2022:Q3:pre_second:exact,2022-11-29,pre_second,2022:Q3,A,M,0.3481814211815175,0.0,0.06752415096032828,4.524713211506494,True,3,0.02
indicator_revision_only_dfm_kalman_em,exact,2022:Q3:pre_second:exact,2022-11-29,pre_second,2022:Q3,A,S,0.3481814211815175,0.0,0.06752415096032828,4.524713211506494,True,3,0.02
indicator_revision_only_dfm_kalman_em,exact,2022:Q3:pre_second:exact,2022-11-29,pre_second,2022:Q3,A,T,0.3481814211815175,0.0,0.06752415096032828,4.524713211506494,True,3,0.02
indicator_revision_only_dfm_kalman_em,exact,2022:Q3:pre_second:exact,2022-11-29,pre_second,2022:Q3,M,A,0.3481814211815175,0.0,0.06752415096032828,4.524713211506494,True,3,0.02
indicator_revision_only_dfm_kalman_em,exact,2022:Q3:pre_second:exact,2022-11-29,pre_second,2022:Q3,M,M,4.414301471142493,0.0,0.06752415096032828,4.524713211506494,True,3,0.02
indicator_revision_only_dfm_kalman_em,exact,2022:Q3:pre_second:exact,2022-11-29,pre_second,2022:Q3,M,S,0.3481814211815175,0.0,0.06752415096032828,4.524713211506494,True,3,0.02
indicator_revision_only_dfm_kalman_em,exact,2022:Q3:pre_second:exact,2022-11-29,pre_second,2022:Q3,M,T,0.3481814211815175,0.0,0.06752415096032828,4.524713211506494,True,3,0.02
indicator_revision_only_dfm_kalman_em,exact,2022:Q3:pre_second:exact,2022-11-29,pre_second,2022:Q3,S,A,0.3481814211815175,0.0,0.06752415096032828,4.524713211506494,True,3,0.02
indicator_revision_only_dfm_kalman_em,exact,2022:Q3:pre_second:exact,2022-11-29,pre_second,2022:Q3,S,M,0.3481814211815175,0.0,0.06752415096032828,4.524713211506494,True,3,0.02
indicator_revision_only_dfm_kalman_em,exact,2022:Q3:pre_second:exact,2022-11-29,pre_second,2022:Q3,S,S,0.3771561793595693,0.0,0.06752415096032828,4.524713211506494,True,3,0.02
indicator_revision_only_dfm_kalman_em,exact,2022:Q3:pre_second:exact,2022-11-29,pre_second,2022:Q3,S,T,0.3481814211815175,0.0,0.06752415096032828,4.524713211506494,True,3,0.02
indicator_revision_only_dfm_kalman_em,exact,2022:Q3:pre_second:exact,2022-11-29,pre_second,2022:Q3,T,A,0.3481814211815175,0.0,0.06752415096032828,4.524713211506494,True,3,0.02
indicator_revision_only_dfm_kalman_em,exact,2022:Q3:pre_second:exact,2022-11-29,pre_second,2022:Q3,T,M,0.3481814211815175,0.0,0.06752415096032828,4.524713211506494,True,3,0.02
indicator_revision_only_dfm_kalman_em,exact,2022:Q3:pre_second:exact,2022-11-29,pre_second,2022:Q3,T,S,0.3481814211815175,0.0,0.06752415096032828,4.524713211506494,True,3,0.02
indicator_revision_only_dfm_kalman_em,exact,2022:Q3:pre_second:exact,2022-11-29,pre_second,2022:Q3,T,T,0.4663123670292965,0.0,0.06752415096032828,4.524713211506494,True,3,0.02
joint_indicator_revision_dfm_full_kalman_em,exact,2022:Q3:pre_second:exact,2022-11-29,pre_second,2022:Q3,A,A,0.2661247206015271,5.551115123125783e-17,0.06645636907213838,4.510765421132241,True,3,0.02
joint_indicator_revision_dfm_full_kalman_em,exact,2022:Q3:pre_second:exact,2022-11-29,pre_second,2022:Q3,A,M,0.14614924966906392,5.551115123125783e-17,0.06645636907213838,4.510765421132241,True,3,0.02
joint_indicator_revision_dfm_full_kalman_em,exact,2022:Q3:pre_second:exact,2022-11-29,pre_second,2022:Q3,A,S,0.14530003621818252,5.551115123125783e-17,0.06645636907213838,4.510765421132241,True,3,0.02
joint_indicator_revision_dfm_full_kalman_em,exact,2022:Q3:pre_second:exact,2022-11-29,pre_second,2022:Q3,A,T,0.14580956428871136,5.551115123125783e-17,0.06645636907213838,4.510765421132241,True,3,0.02
joint_indicator_revision_dfm_full_kalman_em,exact,2022:Q3:pre_second:exact,2022-11-29,pre_second,2022:Q3,M,A,0.14614924966906392,5.551115123125783e-17,0.06645636907213838,4.510765421132241,True,3,0.02
joint_indicator_revision_dfm_full_kalman_em,exact,2022:Q3:pre_second:exact,2022-11-29,pre_second,2022:Q3,M,M,4.438386628268962,5.551115123125783e-17,0.06645636907213838,4.510765421132241,True,3,0.02
joint_indicator_revision_dfm_full_kalman_em,exact,2022:Q3:pre_second:exact,2022-11-29,pre_second,2022:Q3,M,S,0.346823914473571,5.551115123125783e-17,0.06645636907213838,4.510765421132241,True,3,0.02
joint_indicator_revision_dfm_full_kalman_em,exact,2022:Q3:pre_second:exact,2022-11-29,pre_second,2022:Q3,M,T,0.3531610091516081,5.551115123125783e-17,0.06645636907213838,4.510765421132241,True,3,0.02
joint_indicator_revision_dfm_full_kalman_em,exact,2022:Q3:pre_second:exact,2022-11-29,pre_second,2022:Q3,S,A,0.1453000362181825,5.551115123125783e-17,0.06645636907213838,4.510765421132241,True,3,0.02
joint_indicator_revision_dfm_full_kalman_em,exact,2022:Q3:pre_second:exact,2022-11-29,pre_second,2022:Q3,S,M,0.346823914473571,5.551115123125783e-17,0.06645636907213838,4.510765421132241,True,3,0.02
joint_indicator_revision_dfm_full_kalman_em,exact,2022:Q3:pre_second:exact,2022-11-29,pre_second,2022:Q3,S,S,0.36750257969552863,5.551115123125783e-17,0.06645636907213838,4.510765421132241,True,3,0.02
joint_indicator_revision_dfm_full_kalman_em,exact,2022:Q3:pre_second:exact,2022-11-29,pre_second,2022:Q3,S,T,0.3427934369084632,5.551115123125783e-17,0.06645636907213838,4.510765421132241,True,3,0.02
joint_indicator_revision_dfm_full_kalman_em,exact,2022:Q3:pre_second:exact,2022-11-29,pre_second,2022:Q3,T,A,0.14580956428871134,5.551115123125783e-17,0.06645636907213838,4.510765421132241,True,3,0.02
joint_indicator_revision_dfm_full_kalman_em,exact,2022:Q3:pre_second:exact,2022-11-29,pre_second,2022:Q3,T,M,0.3531610091516081,5.551115123125783e-17,0.06645636907213838,4.510765421132241,True,3,0.02
joint_indicator_revision_dfm_full_kalman_em,exact,2022:Q3:pre_second:exact,2022-11-29,pre_second,2022:Q3,T,S,0.34279343690846326,5.551115123125783e-17,0.06645636907213838,4.510765421132241,True,3,0.02
joint_indicator_revision_dfm_full_kalman_em,exact,2022:Q3:pre_second:exact,2022-11-29,pre_second,2022:Q3,T,T,0.4602736692076681,5.551115123125783e-17,0.06645636907213838,4.510765421132241,True,3,0.02
monthly_mixed_frequency_kalman_em,exact,2022:Q3:pre_second:exact,2022-11-29,pre_second,2022:Q3,A,A,0.44074850622555867,0.0,0.05848705911469023,4.941588845994179,True,3,0.02
monthly_mixed_frequency_kalman_em,exact,2022:Q3:pre_second:exact,2022-11-29,pre_second,2022:Q3,A,M,0.21322624122294725,0.0,0.05848705911469023,4.941588845994179,True,3,0.02
monthly_mixed_frequency_kalman_em,exact,2022:Q3:pre_second:exact,2022-11-29,pre_second,2022:Q3,A,S,0.21408400890207543,0.0,0.05848705911469023,4.941588845994179,True,3,0.02
monthly_mixed_frequency_kalman_em,exact,2022:Q3:pre_second:exact,2022-11-29,pre_second,2022:Q3,A,T,0.213616135622551,0.0,0.05848705911469023,4.941588845994179,True,3,0.02
monthly_mixed_frequency_kalman_em,exact,2022:Q3:pre_second:exact,2022-11-29,pre_second,2022:Q3,M,A,0.21322624122294725,0.0,0.05848705911469023,4.941588845994179,True,3,0.02
monthly_mixed_frequency_kalman_em,exact,2022:Q3:pre_second:exact,2022-11-29,pre_second,2022:Q3,M,M,4.802656138966215,0.0,0.05848705911469023,4.941588845994179,True,3,0.02
monthly_mixed_frequency_kalman_em,exact,2022:Q3:pre_second:exact,2022-11-29,pre_second,2022:Q3,M,S,0.4270532477211876,0.0,0.05848705911469023,4.941588845994179,True,3,0.02
monthly_mixed_frequency_kalman_em,exact,2022:Q3:pre_second:exact,2022-11-29,pre_second,2022:Q3,M,T,0.5696045853866811,0.0,0.05848705911469023,4.941588845994179,True,3,0.02
monthly_mixed_frequency_kalman_em,exact,2022:Q3:pre_second:exact,2022-11-29,pre_second,2022:Q3,S,A,0.21408400890207543,0.0,0.05848705911469023,4.941588845994179,True,3,0.02
monthly_mixed_frequency_kalman_em,exact,2022:Q3:pre_second:exact,2022-11-29,pre_second,2022:Q3,S,M,0.4270532477211876,0.0,0.05848705911469023,4.941588845994179,True,3,0.02
monthly_mixed_frequency_kalman_em,exact,2022:Q3:pre_second:exact,2022-11-29,pre_second,2022:Q3,S,S,0.36105149471236936,0.0,0.05848705911469023,4.941588845994179,True,3,0.02
monthly_mixed_frequency_kalman_em,exact,2022:Q3:pre_second:exact,2022-11-29,pre_second,2022:Q3,S,T,0.3738109380164096,0.0,0.05848705911469023,4.941588845994179,True,3,0.02
monthly_mixed_frequency_kalman_em,exact,2022:Q3:pre_second:exact,2022-11-29,pre_second,2022:Q3,T,A,0.213616135622551,0.0,0.05848705911469023,4.941588845994179,True,3,0.02
monthly_mixed_frequency_kalman_em,exact,2022:Q3:pre_second:exact,2022-11-29,pre_second,2022:Q3,T,M,0.5696045853866811,0.0,0.05848705911469023,4.941588845994179,True,3,0.02
monthly_mixed_frequency_kalman_em,exact,2022:Q3:pre_second:exact,2022-11-29,pre_second,2022:Q3,T,S,0.3738109380164096,0.0,0.05848705911469023,4.941588845994179,True,3,0.02
monthly_mixed_frequency_kalman_em,exact,2022:Q3:pre_second:exact,2022-11-29,pre_second,2022:Q3,T,T,0.5316603649256822,0.0,0.05848705911469023,4.941588845994179,True,3,0.02
revision_dfm_kalman_em,exact,2022:Q3:pre_second:exact,2022-11-29,pre_second,2022:Q3,A,A,0.289500376275071,0.0,0.06600781059323652,4.557517323085574,True,3,0.02
revision_dfm_kalman_em,exact,2022:Q3:pre_second:exact,2022-11-29,pre_second,2022:Q3,A,M,0.15481088376596847,0.0,0.06600781059323652,4.557517323085574,True,3,0.02
revision_dfm_kalman_em,exact,2022:Q3:pre_second:exact,2022-11-29,pre_second,2022:Q3,A,S,0.1541256971017034,0.0,0.06600781059323652,4.557517323085574,True,3,0.02
revision_dfm_kalman_em,exact,2022:Q3:pre_second:exact,2022-11-29,pre_second,2022:Q3,A,T,0.15453680910026246,0.0,0.06600781059323652,4.557517323085574,True,3,0.02
revision_dfm_kalman_em,exact,2022:Q3:pre_second:exact,2022-11-29,pre_second,2022:Q3,M,A,0.15481088376596847,0.0,0.06600781059323652,4.557517323085574,True,3,0.02
revision_dfm_kalman_em,exact,2022:Q3:pre_second:exact,2022-11-29,pre_second,2022:Q3,M,M,4.472004044889592,0.0,0.06600781059323652,4.557517323085574,True,3,0.02
revision_dfm_kalman_em,exact,2022:Q3:pre_second:exact,2022-11-29,pre_second,2022:Q3,M,S,0.37685619689041955,0.0,0.06600781059323652,4.557517323085574,True,3,0.02
revision_dfm_kalman_em,exact,2022:Q3:pre_second:exact,2022-11-29,pre_second,2022:Q3,M,T,0.3838681541469812,0.0,0.06600781059323652,4.557517323085574,True,3,0.02
revision_dfm_kalman_em,exact,2022:Q3:pre_second:exact,2022-11-29,pre_second,2022:Q3,S,A,0.1541256971017034,0.0,0.06600781059323652,4.557517323085574,True,3,0.02
revision_dfm_kalman_em,exact,2022:Q3:pre_second:exact,2022-11-29,pre_second,2022:Q3,S,M,0.37685619689041955,0.0,0.06600781059323652,4.557517323085574,True,3,0.02
revision_dfm_kalman_em,exact,2022:Q3:pre_second:exact,2022-11-29,pre_second,2022:Q3,S,S,0.3924408129637486,0.0,0.06600781059323652,4.557517323085574,True,3,0.02
revision_dfm_kalman_em,exact,2022:Q3:pre_second:exact,2022-11-29,pre_second,2022:Q3,S,T,0.37240158689464525,0.0,0.06600781059323652,4.557517323085574,True,3,0.02
revision_dfm_kalman_em,exact,2022:Q3:pre_second:exact,2022-11-29,pre_second,2022:Q3,T,A,0.15453680910026246,0.0,0.06600781059323652,4.557517323085574,True,3,0.02
revision_dfm_kalman_em,exact,2022:Q3:pre_second:exact,2022-11-29,pre_second,2022:Q3,T,M,0.3838681541469812,0.0,0.06600781059323652,4.557517323085574,True,3,0.02
revision_dfm_kalman_em,exact,2022:Q3:pre_second:exact,2022-11-29,pre_second,2022:Q3,T,S,0.37240158689464525,0.0,0.06600781059323652,4.557517323085574,True,3,0.02
revision_dfm_kalman_em,exact,2022:Q3:pre_second:exact,2022-11-29,pre_second,2022:Q3,T,T,0.4944726647160992,0.0,0.06600781059323652,4.557517323085574,True,3,0.02
indicator_revision_only_dfm_kalman_em,pseudo,2022:Q3:pre_second:pseudo,2022-11-30,pre_second,2022:Q3,A,A,0.7426739454680988,0.0,0.06752415096032828,4.524713211506494,True,3,0.02
indicator_revision_only_dfm_kalman_em,pseudo,2022:Q3:pre_second:pseudo,2022-11-30,pre_second,2022:Q3,A,M,0.3481814211815175,0.0,0.06752415096032828,4.524713211506494,True,3,0.02
indicator_revision_only_dfm_kalman_em,pseudo,2022:Q3:pre_second:pseudo,2022-11-30,pre_second,2022:Q3,A,S,0.3481814211815175,0.0,0.06752415096032828,4.524713211506494,True,3,0.02
indicator_revision_only_dfm_kalman_em,pseudo,2022:Q3:pre_second:pseudo,2022-11-30,pre_second,2022:Q3,A,T,0.3481814211815175,0.0,0.06752415096032828,4.524713211506494,True,3,0.02
indicator_revision_only_dfm_kalman_em,pseudo,2022:Q3:pre_second:pseudo,2022-11-30,pre_second,2022:Q3,M,A,0.3481814211815175,0.0,0.06752415096032828,4.524713211506494,True,3,0.02
indicator_revision_only_dfm_kalman_em,pseudo,2022:Q3:pre_second:pseudo,2022-11-30,pre_second,2022:Q3,M,M,4.414301471142493,0.0,0.06752415096032828,4.524713211506494,True,3,0.02
indicator_revision_only_dfm_kalman_em,pseudo,2022:Q3:pre_second:pseudo,2022-11-30,pre_second,2022:Q3,M,S,0.3481814211815175,0.0,0.06752415096032828,4.524713211506494,True,3,0.02
indicator_revision_only_dfm_kalman_em,pseudo,2022:Q3:pre_second:pseudo,2022-11-30,pre_second,2022:Q3,M,T,0.3481814211815175,0.0,0.06752415096032828,4.524713211506494,True,3,0.02
indicator_revision_only_dfm_kalman_em,pseudo,2022:Q3:pre_second:pseudo,2022-11-30,pre_second,2022:Q3,S,A,0.3481814211815175,0.0,0.06752415096032828,4.524713211506494,True,3,0.02
indicator_revision_only_dfm_kalman_em,pseudo,2022:Q3:pre_second:pseudo,2022-11-30,pre_second,2022:Q3,S,M,0.3481814211815175,0.0,0.06752415096032828,4.524713211506494,True,3,0.02
indicator_revision_only_dfm_kalman_em,pseudo,2022:Q3:pre_second:pseudo,2022-11-30,pre_second,2022:Q3,S,S,0.3771561793595693,0.0,0.06752415096032828,4.524713211506494,True,3,0.02
indicator_revision_only_dfm_kalman_em,pseudo,2022:Q3:pre_second:pseudo,2022-11-30,pre_second,2022:Q3,S,T,0.3481814211815175,0.0,0.06752415096032828,4.524713211506494,True,3,0.02
indicator_revision_only_dfm_kalman_em,pseudo,2022:Q3:pre_second:pseudo,2022-11-30,pre_second,2022:Q3,T,A,0.3481814211815175,0.0,0.06752415096032828,4.524713211506494,True,3,0.02
indicator_revision_only_dfm_kalman_em,pseudo,2022:Q3:pre_second:pseudo,2022-11-30,pre_second,2022:Q3,T,M,0.3481814211815175,0.0,0.06752415096032828,4.524713211506494,True,3,0.02
indicator_revision_only_dfm_kalman_em,pseudo,2022:Q3:pre_second:pseudo,2022-11-30,pre_second,2022:Q3,T,S,0.3481814211815175,0.0,0.06752415096032828,4.524713211506494,True,3,0.02
indicator_revision_only_dfm_kalman_em,pseudo,2022:Q3:pre_second:pseudo,2022-11-30,pre_second,2022:Q3,T,T,0.4663123670292965,0.0,0.06752415096032828,4.524713211506494,True,3,0.02
joint_indicator_revision_dfm_full_kalman_em,pseudo,2022:Q3:pre_second:pseudo,2022-11-30,pre_second,2022:Q3,A,A,0.2661247206015271,5.551115123125783e-17,0.06645636907213838,4.510765421132241,True,3,0.02
joint_indicator_revision_dfm_full_kalman_em,pseudo,2022:Q3:pre_second:pseudo,2022-11-30,pre_second,2022:Q3,A,M,0.14614924966906392,5.551115123125783e-17,0.06645636907213838,4.510765421132241,True,3,0.02
joint_indicator_revision_dfm_full_kalman_em,pseudo,2022:Q3:pre_second:pseudo,2022-11-30,pre_second,2022:Q3,A,S,0.14530003621818252,5.551115123125783e-17,0.06645636907213838,4.510765421132241,True,3,0.02
joint_indicator_revision_dfm_full_kalman_em,pseudo,2022:Q3:pre_second:pseudo,2022-11-30,pre_second,2022:Q3,A,T,0.14580956428871136,5.551115123125783e-17,0.06645636907213838,4.510765421132241,True,3,0.02
joint_indicator_revision_dfm_full_kalman_em,pseudo,2022:Q3:pre_second:pseudo,2022-11-30,pre_second,2022:Q3,M,A,0.14614924966906392,5.551115123125783e-17,0.06645636907213838,4.510765421132241,True,3,0.02
joint_indicator_revision_dfm_full_kalman_em,pseudo,2022:Q3:pre_second:pseudo,2022-11-30,pre_second,2022:Q3,M,M,4.438386628268962,5.551115123125783e-17,0.06645636907213838,4.510765421132241,True,3,0.02
joint_indicator_revision_dfm_full_kalman_em,pseudo,2022:Q3:pre_second:pseudo,2022-11-30,pre_second,2022:Q3,M,S,0.346823914473571,5.551115123125783e-17,0.06645636907213838,4.510765421132241,True,3,0.02
joint_indicator_revision_dfm_full_kalman_em,pseudo,2022:Q3:pre_second:pseudo,2022-11-30,pre_second,2022:Q3,M,T,0.3531610091516081,5.551115123125783e-17,0.06645636907213838,4.510765421132241,True,3,0.02
joint_indicator_revision_dfm_full_kalman_em,pseudo,2022:Q3:pre_second:pseudo,2022-11-30,pre_second,2022:Q3,S,A,0.1453000362181825,5.551115123125783e-17,0.06645636907213838,4.510765421132241,True,3,0.02
joint_indicator_revision_dfm_full_kalman_em,pseudo,2022:Q3:pre_second:pseudo,2022-11-30,pre_second,2022:Q3,S,M,0.346823914473571,5.551115123125783e-17,0.06645636907213838,4.510765421132241,True,3,0.02
joint_indicator_revision_dfm_full_kalman_em,pseudo,2022:Q3:pre_second:pseudo,2022-11-30,pre_second,2022:Q3,S,S,0.36750257969552863,5.551115123125783e-17,0.06645636907213838,4.510765421132241,True,3,0.02
joint_indicator_revision_dfm_full_kalman_em,pseudo,2022:Q3:pre_second:pseudo,2022-11-30,pre_second,2022:Q3,S,T,0.3427934369084632,5.551115123125783e-17,0.06645636907213838,4.510765421132241,True,3,0.02
joint_indicator_revision_dfm_full_kalman_em,pseudo,2022:Q3:pre_second:pseudo,2022-11-30,pre_second,2022:Q3,T,A,0.14580956428871134,5.551115123125783e-17,0.06645636907213838,4.510765421132241,True,3,0.02
joint_indicator_revision_dfm_full_kalman_em,pseudo,2022:Q3:pre_second:pseudo,2022-11-30,pre_second,2022:Q3,T,M,0.3531610091516081,5.551115123125783e-17,0.06645636907213838,4.510765421132241,True,3,0.02
joint_indicator_revision_dfm_full_kalman_em,pseudo,2022:Q3:pre_second:pseudo,2022-11-30,pre_second,2022:Q3,T,S,0.34279343690846326,5.551115123125783e-17,0.06645636907213838,4.510765421132241,True,3,0.02
joint_indicator_revision_dfm_full_kalman_em,pseudo,2022:Q3:pre_second:pseudo,2022-11-30,pre_second,2022:Q3,T,T,0.4602736692076681,5.551115123125783e-17,0.06645636907213838,4.510765421132241,True,3,0.02
monthly_mixed_frequency_kalman_em,pseudo,2022:Q3:pre_second:pseudo,2022-11-30,pre_second,2022:Q3,A,A,0.44074850622555867,0.0,0.05848705911469023,4.941588845994179,True,3,0.02
monthly_mixed_frequency_kalman_em,pseudo,2022:Q3:pre_second:pseudo,2022-11-30,pre_second,2022:Q3,A,M,0.21322624122294725,0.0,0.05848705911469023,4.941588845994179,True,3,0.02
monthly_mixed_frequency_kalman_em,pseudo,2022:Q3:pre_second:pseudo,2022-11-30,pre_second,2022:Q3,A,S,0.21408400890207543,0.0,0.05848705911469023,4.941588845994179,True,3,0.02
monthly_mixed_frequency_kalman_em,pseudo,2022:Q3:pre_second:pseudo,2022-11-30,pre_second,2022:Q3,A,T,0.213616135622551,0.0,0.05848705911469023,4.941588845994179,True,3,0.02
monthly_mixed_frequency_kalman_em,pseudo,2022:Q3:pre_second:pseudo,2022-11-30,pre_second,2022:Q3,M,A,0.21322624122294725,0.0,0.05848705911469023,4.941588845994179,True,3,0.02
monthly_mixed_frequency_kalman_em,pseudo,2022:Q3:pre_second:pseudo,2022-11-30,pre_second,2022:Q3,M,M,4.802656138966215,0.0,0.05848705911469023,4.941588845994179,True,3,0.02
monthly_mixed_frequency_kalman_em,pseudo,2022:Q3:pre_second:pseudo,2022-11-30,pre_second,2022:Q3,M,S,0.4270532477211876,0.0,0.05848705911469023,4.941588845994179,True,3,0.02
monthly_mixed_frequency_kalman_em,pseudo,2022:Q3:pre_second:pseudo,2022-11-30,pre_second,2022:Q3,M,T,0.5696045853866811,0.0,0.05848705911469023,4.941588845994179,True,3,0.02
monthly_mixed_frequency_kalman_em,pseudo,2022:Q3:pre_second:pseudo,2022-11-30,pre_second,2022:Q3,S,A,0.21408400890207543,0.0,0.05848705911469023,4.941588845994179,True,3,0.02
monthly_mixed_frequency_kalman_em,pseudo,2022:Q3:pre_second:pseudo,2022-11-30,pre_second,2022:Q3,S,M,0.4270532477211876,0.0,0.05848705911469023,4.941588845994179,True,3,0.02
monthly_mixed_frequency_kalman_em,pseudo,2022:Q3:pre_second:pseudo,2022-11-30,pre_second,2022:Q3,S,S,0.36105149471236936,0.0,0.05848705911469023,4.941588845994179,True,3,0.02
monthly_mixed_frequency_kalman_em,pseudo,2022:Q3:pre_second:pseudo,2022-11-30,pre_second,2022:Q3,S,T,0.3738109380164096,0.0,0.05848705911469023,4.941588845994179,True,3,0.02
monthly_mixed_frequency_kalman_em,pseudo,2022:Q3:pre_second:pseudo,2022-11-30,pre_second,2022:Q3,T,A,0.213616135622551,0.0,0.05848705911469023,4.941588845994179,True,3,0.02
monthly_mixed_frequency_kalman_em,pseudo,2022:Q3:pre_second:pseudo,2022-11-30,pre_second,2022:Q3,T,M,0.5696045853866811,0.0,0.05848705911469023,4.941588845994179,True,3,0.02
monthly_mixed_frequency_kalman_em,pseudo,2022:Q3:pre_second:pseudo,2022-11-30,pre_second,2022:Q3,T,S,0.3738109380164096,0.0,0.05848705911469023,4.941588845994179,True,3,0.02
monthly_mixed_frequency_kalman_em,pseudo,2022:Q3:pre_second:pseudo,2022-11-30,pre_second,2022:Q3,T,T,0.5316603649256822,0.0,0.05848705911469023,4.941588845994179,True,3,0.02
revision_dfm_kalman_em,pseudo,2022:Q3:pre_second:pseudo,2022-11-30,pre_second,2022:Q3,A,A,0.289500376275071,0.0,0.06600781059323652,4.557517323085574,True,3,0.02
revision_dfm_kalman_em,pseudo,2022:Q3:pre_second:pseudo,2022-11-30,pre_second,2022:Q3,A,M,0.15481088376596847,0.0,0.06600781059323652,4.557517323085574,True,3,0.02
revision_dfm_kalman_em,pseudo,2022:Q3:pre_second:pseudo,2022-11-30,pre_second,2022:Q3,A,S,0.1541256971017034,0.0,0.06600781059323652,4.557517323085574,True,3,0.02
revision_dfm_kalman_em,pseudo,2022:Q3:pre_second:pseudo,2022-11-30,pre_second,2022:Q3,A,T,0.15453680910026246,0.0,0.06600781059323652,4.557517323085574,True,3,0.02
revision_dfm_kalman_em,pseudo,2022:Q3:pre_second:pseudo,2022-11-30,pre_second,2022:Q3,M,A,0.15481088376596847,0.0,0.06600781059323652,4.557517323085574,True,3,0.02
revision_dfm_kalman_em,pseudo,2022:Q3:pre_second:pseudo,2022-11-30,pre_second,2022:Q3,M,M,4.472004044889592,0.0,0.06600781059323652,4.557517323085574,True,3,0.02
revision_dfm_kalman_em,pseudo,2022:Q3:pre_second:pseudo,2022-11-30,pre_second,2022:Q3,M,S,0.37685619689041955,0.0,0.06600781059323652,4.557517323085574,True,3,0.02
revision_dfm_kalman_em,pseudo,2022:Q3:pre_second:pseudo,2022-11-30,pre_second,2022:Q3,M,T,0.3838681541469812,0.0,0.06600781059323652,4.557517323085574,True,3,0.02
revision_dfm_kalman_em,pseudo,2022:Q3:pre_second:pseudo,2022-11-30,pre_second,2022:Q3,S,A,0.1541256971017034,0.0,0.06600781059323652,4.557517323085574,True,3,0.02
revision_dfm_kalman_em,pseudo,2022:Q3:pre_second:pseudo,2022-11-30,pre_second,2022:Q3,S,M,0.37685619689041955,0.0,0.06600781059323652,4.557517323085574,True,3,0.02
revision_dfm_kalman_em,pseudo,2022:Q3:pre_second:pseudo,2022-11-30,pre_second,2022:Q3,S,S,0.3924408129637486,0.0,0.06600781059323652,4.557517323085574,True,3,0.02
revision_dfm_kalman_em,pseudo,2022:Q3:pre_second:pseudo,2022-11-30,pre_second,2022:Q3,S,T,0.37240158689464525,0.0,0.06600781059323652,4.557517323085574,True,3,0.02
revision_dfm_kalman_em,pseudo,2022:Q3:pre_second:pseudo,2022-11-30,pre_second,2022:Q3,T,A,0.15453680910026246,0.0,0.06600781059323652,4.557517323085574,True,3,0.02
revision_dfm_kalman_em,pseudo,2022:Q3:pre_second:pseudo,2022-11-30,pre_second,2022:Q3,T,M,0.3838681541469812,0.0,0.06600781059323652,4.557517323085574,True,3,0.02
revision_dfm_kalman_em,pseudo,2022:Q3:pre_second:pseudo,2022-11-30,pre_second,2022:Q3,T,S,0.37240158689464525,0.0,0.06600781059323652,4.557517323085574,True,3,0.02
revision_dfm_kalman_em,pseudo,2022:Q3:pre_second:pseudo,2022-11-30,pre_second,2022:Q3,T,T,0.4944726647160992,0.0,0.06600781059323652,4.557517323085574,True,3,0.02
indicator_revision_only_dfm_kalman_em,exact,2022:Q3:pre_third:exact,2022-12-21,pre_third,2022:Q3,A,A,0.42019657198266863,0.0,0.047292069567247574,4.0933989158869934,True,3,0.02
indicator_revision_only_dfm_kalman_em,exact,2022:Q3:pre_third:exact,2022-12-21,pre_third,2022:Q3,A,M,0.026753769586841558,0.0,0.047292069567247574,4.0933989158869934,True,3,0.02
indicator_revision_only_dfm_kalman_em,exact,2022:Q3:pre_third:exact,2022-12-21,pre_third,2022:Q3,A,S,0.026753769586841558,0.0,0.047292069567247574,4.0933989158869934,True,3,0.02
indicator_revision_only_dfm_kalman_em,exact,2022:Q3:pre_third:exact,2022-12-21,pre_third,2022:Q3,A,T,0.026753769586841558,0.0,0.047292069567247574,4.0933989158869934,True,3,0.02
indicator_revision_only_dfm_kalman_em,exact,2022:Q3:pre_third:exact,2022-12-21,pre_third,2022:Q3,M,A,0.026753769586841558,0.0,0.047292069567247574,4.0933989158869934,True,3,0.02
indicator_revision_only_dfm_kalman_em,exact,2022:Q3:pre_third:exact,2022-12-21,pre_third,2022:Q3,M,M,4.092837775805074,0.0,0.047292069567247574,4.0933989158869934,True,3,0.02
indicator_revision_only_dfm_kalman_em,exact,2022:Q3:pre_third:exact,2022-12-21,pre_third,2022:Q3,M,S,0.026753769586841558,0.0,0.047292069567247574,4.0933989158869934,True,3,0.02
indicator_revision_only_dfm_kalman_em,exact,2022:Q3:pre_third:exact,2022-12-21,pre_third,2022:Q3,M,T,0.026753769586841558,0.0,0.047292069567247574,4.0933989158869934,True,3,0.02
indicator_revision_only_dfm_kalman_em,exact,2022:Q3:pre_third:exact,2022-12-21,pre_third,2022:Q3,S,A,0.026753769586841558,0.0,0.047292069567247574,4.0933989158869934,True,3,0.02
indicator_revision_only_dfm_kalman_em,exact,2022:Q3:pre_third:exact,2022-12-21,pre_third,2022:Q3,S,M,0.026753769586841558,0.0,0.047292069567247574,4.0933989158869934,True,3,0.02
indicator_revision_only_dfm_kalman_em,exact,2022:Q3:pre_third:exact,2022-12-21,pre_third,2022:Q3,S,S,0.05574049032681944,0.0,0.047292069567247574,4.0933989158869934,True,3,0.02
indicator_revision_only_dfm_kalman_em,exact,2022:Q3:pre_third:exact,2022-12-21,pre_third,2022:Q3,S,T,0.026753769586841558,0.0,0.047292069567247574,4.0933989158869934,True,3,0.02
indicator_revision_only_dfm_kalman_em,exact,2022:Q3:pre_third:exact,2022-12-21,pre_third,2022:Q3,T,A,0.026753769586841558,0.0,0.047292069567247574,4.0933989158869934,True,3,0.02
indicator_revision_only_dfm_kalman_em,exact,2022:Q3:pre_third:exact,2022-12-21,pre_third,2022:Q3,T,M,0.026753769586841558,0.0,0.047292069567247574,4.0933989158869934,True,3,0.02
indicator_revision_only_dfm_kalman_em,exact,2022:Q3:pre_third:exact,2022-12-21,pre_third,2022:Q3,T,S,0.026753769586841558,0.0,0.047292069567247574,4.0933989158869934,True,3,0.02
indicator_revision_only_dfm_kalman_em,exact,2022:Q3:pre_third:exact,2022-12-21,pre_third,2022:Q3,T,T,0.14490156560947923,0.0,0.047292069567247574,4.0933989158869934,True,3,0.02
joint_indicator_revision_dfm_full_kalman_em,exact,2022:Q3:pre_third:exact,2022-12-21,pre_third,2022:Q3,A,A,0.20769166764479172,1.734723475976807e-18,0.04922402048847939,4.111432819095431,True,3,0.02
joint_indicator_revision_dfm_full_kalman_em,exact,2022:Q3:pre_third:exact,2022-12-21,pre_third,2022:Q3,A,M,0.009029736730995459,1.734723475976807e-18,0.04922402048847939,4.111432819095431,True,3,0.02
joint_indicator_revision_dfm_full_kalman_em,exact,2022:Q3:pre_third:exact,2022-12-21,pre_third,2022:Q3,A,S,0.012145762195746293,1.734723475976807e-18,0.04922402048847939,4.111432819095431,True,3,0.02
joint_indicator_revision_dfm_full_kalman_em,exact,2022:Q3:pre_third:exact,2022-12-21,pre_third,2022:Q3,A,T,0.010276146916895794,1.734723475976807e-18,0.04922402048847939,4.111432819095431,True,3,0.02
joint_indicator_revision_dfm_full_kalman_em,exact,2022:Q3:pre_third:exact,2022-12-21,pre_third,2022:Q3,M,A,0.009029736730995459,1.734723475976807e-18,0.04922402048847939,4.111432819095431,True,3,0.02
joint_indicator_revision_dfm_full_kalman_em,exact,2022:Q3:pre_third:exact,2022-12-21,pre_third,2022:Q3,M,M,4.110981128142668,1.734723475976807e-18,0.04922402048847939,4.111432819095431,True,3,0.02
joint_indicator_revision_dfm_full_kalman_em,exact,2022:Q3:pre_third:exact,2022-12-21,pre_third,2022:Q3,M,S,0.02894437473190612,1.734723475976807e-18,0.04922402048847939,4.111432819095431,True,3,0.02
joint_indicator_revision_dfm_full_kalman_em,exact,2022:Q3:pre_third:exact,2022-12-21,pre_third,2022:Q3,M,T,0.029573258037198038,1.734723475976807e-18,0.04922402048847939,4.111432819095431,True,3,0.02
joint_indicator_revision_dfm_full_kalman_em,exact,2022:Q3:pre_third:exact,2022-12-21,pre_third,2022:Q3,S,A,0.012145762195746292,1.734723475976807e-18,0.04922402048847939,4.111432819095431,True,3,0.02
joint_indicator_revision_dfm_full_kalman_em,exact,2022:Q3:pre_third:exact,2022-12-21,pre_third,2022:Q3,S,M,0.02894437473190612,1.734723475976807e-18,0.04922402048847939,4.111432819095431,True,3,0.02
joint_indicator_revision_dfm_full_kalman_em,exact,2022:Q3:pre_third:exact,2022-12-21,pre_third,2022:Q3,S,S,0.05878485146959469,1.734723475976807e-18,0.04922402048847939,4.111432819095431,True,3,0.02
joint_indicator_revision_dfm_full_kalman_em,exact,2022:Q3:pre_third:exact,2022-12-21,pre_third,2022:Q3,S,T,0.028608402481182925,1.734723475976807e-18,0.04922402048847939,4.111432819095431,True,3,0.02
joint_indicator_revision_dfm_full_kalman_em,exact,2022:Q3:pre_third:exact,2022-12-21,pre_third,2022:Q3,T,A,0.010276146916895794,1.734723475976807e-18,0.04922402048847939,4.111432819095431,True,3,0.02
joint_indicator_revision_dfm_full_kalman_em,exact,2022:Q3:pre_third:exact,2022-12-21,pre_third,2022:Q3,T,M,0.029573258037198038,1.734723475976807e-18,0.04922402048847939,4.111432819095431,True,3,0.02
joint_indicator_revision_dfm_full_kalman_em,exact,2022:Q3:pre_third:exact,2022-12-21,pre_third,2022:Q3,T,S,0.028608402481182925,1.734723475976807e-18,0.04922402048847939,4.111432819095431,True,3,0.02
joint_indicator_revision_dfm_full_kalman_em,exact,2022:Q3:pre_third:exact,2022-12-21,pre_third,2022:Q3,T,T,0.14054934881099065,1.734723475976807e-18,0.04922402048847939,4.111432819095431,True,3,0.02
monthly_mixed_frequency_kalman_em,exact,2022:Q3:pre_third:exact,2022-12-21,pre_third,2022:Q3,A,A,0.3112811021263704,0.0,0.05777758365943718,4.3059387223707315,True,3,0.02
monthly_mixed_frequency_kalman_em,exact,2022:Q3:pre_third:exact,2022-12-21,pre_third,2022:Q3,A,M,-0.03928622108804947,0.0,0.05777758365943718,4.3059387223707315,True,3,0.02
monthly_mixed_frequency_kalman_em,exact,2022:Q3:pre_third:exact,2022-12-21,pre_third,2022:Q3,A,S,0.030492792292328878,0.0,0.05777758365943718,4.3059387223707315,True,3,0.02
monthly_mixed_frequency_kalman_em,exact,2022:Q3:pre_third:exact,2022-12-21,pre_third,2022:Q3,A,T,-0.007568487733332041,0.0,0.05777758365943718,4.3059387223707315,True,3,0.02
monthly_mixed_frequency_kalman_em,exact,2022:Q3:pre_third:exact,2022-12-21,pre_third,2022:Q3,M,A,-0.03928622108804947,0.0,0.05777758365943718,4.3059387223707315,True,3,0.02
monthly_mixed_frequency_kalman_em,exact,2022:Q3:pre_third:exact,2022-12-21,pre_third,2022:Q3,M,M,4.300719353553988,0.0,0.05777758365943718,4.3059387223707315,True,3,0.02
monthly_mixed_frequency_kalman_em,exact,2022:Q3:pre_third:exact,2022-12-21,pre_third,2022:Q3,M,S,0.06083238303728183,0.0,0.05777758365943718,4.3059387223707315,True,3,0.02
monthly_mixed_frequency_kalman_em,exact,2022:Q3:pre_third:exact,2022-12-21,pre_third,2022:Q3,M,T,0.12757811912083605,0.0,0.05777758365943718,4.3059387223707315,True,3,0.02
monthly_mixed_frequency_kalman_em,exact,2022:Q3:pre_third:exact,2022-12-21,pre_third,2022:Q3,S,A,0.030492792292328878,0.0,0.05777758365943718,4.3059387223707315,True,3,0.02
monthly_mixed_frequency_kalman_em,exact,2022:Q3:pre_third:exact,2022-12-21,pre_third,2022:Q3,S,M,0.06083238303728183,0.0,0.05777758365943718,4.3059387223707315,True,3,0.02
monthly_mixed_frequency_kalman_em,exact,2022:Q3:pre_third:exact,2022-12-21,pre_third,2022:Q3,S,S,0.09575125490982057,0.0,0.05777758365943718,4.3059387223707315,True,3,0.02
monthly_mixed_frequency_kalman_em,exact,2022:Q3:pre_third:exact,2022-12-21,pre_third,2022:Q3,S,T,0.053247485351043594,0.0,0.05777758365943718,4.3059387223707315,True,3,0.02
monthly_mixed_frequency_kalman_em,exact,2022:Q3:pre_third:exact,2022-12-21,pre_third,2022:Q3,T,A,-0.007568487733332041,0.0,0.05777758365943718,4.3059387223707315,True,3,0.02
monthly_mixed_frequency_kalman_em,exact,2022:Q3:pre_third:exact,2022-12-21,pre_third,2022:Q3,T,M,0.12757811912083605,0.0,0.05777758365943718,4.3059387223707315,True,3,0.02
monthly_mixed_frequency_kalman_em,exact,2022:Q3:pre_third:exact,2022-12-21,pre_third,2022:Q3,T,S,0.053247485351043594,0.0,0.05777758365943718,4.3059387223707315,True,3,0.02
monthly_mixed_frequency_kalman_em,exact,2022:Q3:pre_third:exact,2022-12-21,pre_third,2022:Q3,T,T,0.14362903990523318,0.0,0.05777758365943718,4.3059387223707315,True,3,0.02
revision_dfm_kalman_em,exact,2022:Q3:pre_third:exact,2022-12-21,pre_third,2022:Q3,A,A,0.2270673463540912,6.938893903907228e-18,0.047522725339853744,4.107716455935658,True,3,0.02
revision_dfm_kalman_em,exact,2022:Q3:pre_third:exact,2022-12-21,pre_third,2022:Q3,A,M,0.007713633215608289,6.938893903907228e-18,0.047522725339853744,4.107716455935658,True,3,0.02
revision_dfm_kalman_em,exact,2022:Q3:pre_third:exact,2022-12-21,pre_third,2022:Q3,A,S,0.011348282671697464,6.938893903907228e-18,0.047522725339853744,4.107716455935658,True,3,0.02
revision_dfm_kalman_em,exact,2022:Q3:pre_third:exact,2022-12-21,pre_third,2022:Q3,A,T,0.00916749299804396,6.938893903907228e-18,0.047522725339853744,4.107716455935658,True,3,0.02
revision_dfm_kalman_em,exact,2022:Q3:pre_third:exact,2022-12-21,pre_third,2022:Q3,M,A,0.007713633215608289,6.938893903907228e-18,0.047522725339853744,4.107716455935658,True,3,0.02
revision_dfm_kalman_em,exact,2022:Q3:pre_third:exact,2022-12-21,pre_third,2022:Q3,M,M,4.107304338007816,6.938893903907228e-18,0.047522725339853744,4.107716455935658,True,3,0.02
revision_dfm_kalman_em,exact,2022:Q3:pre_third:exact,2022-12-21,pre_third,2022:Q3,M,S,0.027761716034390392,6.938893903907228e-18,0.047522725339853744,4.107716455935658,True,3,0.02
revision_dfm_kalman_em,exact,2022:Q3:pre_third:exact,2022-12-21,pre_third,2022:Q3,M,T,0.02839481338656246,6.938893903907228e-18,0.047522725339853744,4.107716455935658,True,3,0.02
revision_dfm_kalman_em,exact,2022:Q3:pre_third:exact,2022-12-21,pre_third,2022:Q3,S,A,0.011348282671697463,6.938893903907228e-18,0.047522725339853744,4.107716455935658,True,3,0.02
revision_dfm_kalman_em,exact,2022:Q3:pre_third:exact,2022-12-21,pre_third,2022:Q3,S,M,0.027761716034390392,6.938893903907228e-18,0.047522725339853744,4.107716455935658,True,3,0.02
revision_dfm_kalman_em,exact,2022:Q3:pre_third:exact,2022-12-21,pre_third,2022:Q3,S,S,0.056057390920290794,6.938893903907228e-18,0.047522725339853744,4.107716455935658,True,3,0.02
revision_dfm_kalman_em,exact,2022:Q3:pre_third:exact,2022-12-21,pre_third,2022:Q3,S,T,0.02743344736713653,6.938893903907228e-18,0.047522725339853744,4.107716455935658,True,3,0.02
revision_dfm_kalman_em,exact,2022:Q3:pre_third:exact,2022-12-21,pre_third,2022:Q3,T,A,0.009167492998043958,6.938893903907228e-18,0.047522725339853744,4.107716455935658,True,3,0.02
revision_dfm_kalman_em,exact,2022:Q3:pre_third:exact,2022-12-21,pre_third,2022:Q3,T,M,0.02839481338656246,6.938893903907228e-18,0.047522725339853744,4.107716455935658,True,3,0.02
revision_dfm_kalman_em,exact,2022:Q3:pre_third:exact,2022-12-21,pre_third,2022:Q3,T,S,0.027433447367136536,6.938893903907228e-18,0.047522725339853744,4.107716455935658,True,3,0.02
revision_dfm_kalman_em,exact,2022:Q3:pre_third:exact,2022-12-21,pre_third,2022:Q3,T,T,0.1413272597193748,6.938893903907228e-18,0.047522725339853744,4.107716455935658,True,3,0.02
indicator_revision_only_dfm_kalman_em,pseudo,2022:Q3:pre_third:pseudo,2022-12-31,pre_third,2022:Q3,A,A,0.4201967855614753,0.0,0.04729197689161898,4.093399242633709,True,3,0.02
indicator_revision_only_dfm_kalman_em,pseudo,2022:Q3:pre_third:pseudo,2022-12-31,pre_third,2022:Q3,A,M,0.026753708422839008,0.0,0.04729197689161898,4.093399242633709,True,3,0.02
indicator_revision_only_dfm_kalman_em,pseudo,2022:Q3:pre_third:pseudo,2022-12-31,pre_third,2022:Q3,A,S,0.026753708422839008,0.0,0.04729197689161898,4.093399242633709,True,3,0.02
indicator_revision_only_dfm_kalman_em,pseudo,2022:Q3:pre_third:pseudo,2022-12-31,pre_third,2022:Q3,A,T,0.026753708422839008,0.0,0.04729197689161898,4.093399242633709,True,3,0.02
indicator_revision_only_dfm_kalman_em,pseudo,2022:Q3:pre_third:pseudo,2022-12-31,pre_third,2022:Q3,M,A,0.026753708422839008,0.0,0.04729197689161898,4.093399242633709,True,3,0.02
indicator_revision_only_dfm_kalman_em,pseudo,2022:Q3:pre_third:pseudo,2022-12-31,pre_third,2022:Q3,M,M,4.092838105181115,0.0,0.04729197689161898,4.093399242633709,True,3,0.02
indicator_revision_only_dfm_kalman_em,pseudo,2022:Q3:pre_third:pseudo,2022-12-31,pre_third,2022:Q3,M,S,0.026753708422839008,0.0,0.04729197689161898,4.093399242633709,True,3,0.02
indicator_revision_only_dfm_kalman_em,pseudo,2022:Q3:pre_third:pseudo,2022-12-31,pre_third,2022:Q3,M,T,0.026753708422839008,0.0,0.04729197689161898,4.093399242633709,True,3,0.02
indicator_revision_only_dfm_kalman_em,pseudo,2022:Q3:pre_third:pseudo,2022-12-31,pre_third,2022:Q3,S,A,0.026753708422839008,0.0,0.04729197689161898,4.093399242633709,True,3,0.02
indicator_revision_only_dfm_kalman_em,pseudo,2022:Q3:pre_third:pseudo,2022-12-31,pre_third,2022:Q3,S,M,0.026753708422839008,0.0,0.04729197689161898,4.093399242633709,True,3,0.02
indicator_revision_only_dfm_kalman_em,pseudo,2022:Q3:pre_third:pseudo,2022-12-31,pre_third,2022:Q3,S,S,0.05574035857147637,0.0,0.04729197689161898,4.093399242633709,True,3,0.02
indicator_revision_only_dfm_kalman_em,pseudo,2022:Q3:pre_third:pseudo,2022-12-31,pre_third,2022:Q3,S,T,0.026753708422839008,0.0,0.04729197689161898,4.093399242633709,True,3,0.02
indicator_revision_only_dfm_kalman_em,pseudo,2022:Q3:pre_third:pseudo,2022-12-31,pre_third,2022:Q3,T,A,0.026753708422839008,0.0,0.04729197689161898,4.093399242633709,True,3,0.02
indicator_revision_only_dfm_kalman_em,pseudo,2022:Q3:pre_third:pseudo,2022-12-31,pre_third,2022:Q3,T,M,0.026753708422839008,0.0,0.04729197689161898,4.093399242633709,True,3,0.02
indicator_revision_only_dfm_kalman_em,pseudo,2022:Q3:pre_third:pseudo,2022-12-31,pre_third,2022:Q3,T,S,0.026753708422839008,0.0,0.04729197689161898,4.093399242633709,True,3,0.02
indicator_revision_only_dfm_kalman_em,pseudo,2022:Q3:pre_third:pseudo,2022-12-31,pre_third,2022:Q3,T,T,0.14490149435846972,0.0,0.04729197689161898,4.093399242633709,True,3,0.02
joint_indicator_revision_dfm_full_kalman_em,pseudo,2022:Q3:pre_third:pseudo,2022-12-31,pre_third,2022:Q3,A,A,0.20769871517473235,1.734723475976807e-18,0.04922414038429223,4.1114311917500475,True,3,0.02
joint_indicator_revision_dfm_full_kalman_em,pseudo,2022:Q3:pre_third:pseudo,2022-12-31,pre_third,2022:Q3,A,M,0.009030142977124483,1.734723475976807e-18,0.04922414038429223,4.1114311917500475,True,3,0.02
joint_indicator_revision_dfm_full_kalman_em,pseudo,2022:Q3:pre_third:pseudo,2022-12-31,pre_third,2022:Q3,A,S,0.012146213027079314,1.734723475976807e-18,0.04922414038429223,4.1114311917500475,True,3,0.02
joint_indicator_revision_dfm_full_kalman_em,pseudo,2022:Q3:pre_third:pseudo,2022-12-31,pre_third,2022:Q3,A,T,0.010276570997106415,1.734723475976807e-18,0.04922414038429223,4.1114311917500475,True,3,0.02
joint_indicator_revision_dfm_full_kalman_em,pseudo,2022:Q3:pre_third:pseudo,2022-12-31,pre_third,2022:Q3,M,A,0.009030142977124483,1.734723475976807e-18,0.04922414038429223,4.1114311917500475,True,3,0.02
joint_indicator_revision_dfm_full_kalman_em,pseudo,2022:Q3:pre_third:pseudo,2022-12-31,pre_third,2022:Q3,M,M,4.11097949677454,1.734723475976807e-18,0.04922414038429223,4.1114311917500475,True,3,0.02
joint_indicator_revision_dfm_full_kalman_em,pseudo,2022:Q3:pre_third:pseudo,2022-12-31,pre_third,2022:Q3,M,S,0.028944442625198658,1.734723475976807e-18,0.04922414038429223,4.1114311917500475,True,3,0.02
joint_indicator_revision_dfm_full_kalman_em,pseudo,2022:Q3:pre_third:pseudo,2022-12-31,pre_third,2022:Q3,M,T,0.029573315245664155,1.734723475976807e-18,0.04922414038429223,4.1114311917500475,True,3,0.02
joint_indicator_revision_dfm_full_kalman_em,pseudo,2022:Q3:pre_third:pseudo,2022-12-31,pre_third,2022:Q3,S,A,0.012146213027079316,1.734723475976807e-18,0.04922414038429223,4.1114311917500475,True,3,0.02
joint_indicator_revision_dfm_full_kalman_em,pseudo,2022:Q3:pre_third:pseudo,2022-12-31,pre_third,2022:Q3,S,M,0.028944442625198658,1.734723475976807e-18,0.04922414038429223,4.1114311917500475,True,3,0.02
joint_indicator_revision_dfm_full_kalman_em,pseudo,2022:Q3:pre_third:pseudo,2022-12-31,pre_third,2022:Q3,S,S,0.05878504364127491,1.734723475976807e-18,0.04922414038429223,4.1114311917500475,True,3,0.02
joint_indicator_revision_dfm_full_kalman_em,pseudo,2022:Q3:pre_third:pseudo,2022-12-31,pre_third,2022:Q3,S,T,0.02860847803323627,1.734723475976807e-18,0.04922414038429223,4.1114311917500475,True,3,0.02
joint_indicator_revision_dfm_full_kalman_em,pseudo,2022:Q3:pre_third:pseudo,2022-12-31,pre_third,2022:Q3,T,A,0.010276570997106414,1.734723475976807e-18,0.04922414038429223,4.1114311917500475,True,3,0.02
joint_indicator_revision_dfm_full_kalman_em,pseudo,2022:Q3:pre_third:pseudo,2022-12-31,pre_third,2022:Q3,T,M,0.029573315245664155,1.734723475976807e-18,0.04922414038429223,4.1114311917500475,True,3,0.02
joint_indicator_revision_dfm_full_kalman_em,pseudo,2022:Q3:pre_third:pseudo,2022-12-31,pre_third,2022:Q3,T,S,0.02860847803323627,1.734723475976807e-18,0.04922414038429223,4.1114311917500475,True,3,0.02
joint_indicator_revision_dfm_full_kalman_em,pseudo,2022:Q3:pre_third:pseudo,2022-12-31,pre_third,2022:Q3,T,T,0.14054934377603423,1.734723475976807e-18,0.04922414038429223,4.1114311917500475,True,3,0.02
monthly_mixed_frequency_kalman_em,pseudo,2022:Q3:pre_third:pseudo,2022-12-31,pre_third,2022:Q3,A,A,0.31128289315474966,0.0,0.0577775934623849,4.305936170646495,True,3,0.02
monthly_mixed_frequency_kalman_em,pseudo,2022:Q3:pre_third:pseudo,2022-12-31,pre_third,2022:Q3,A,M,-0.03928656727594219,0.0,0.0577775934623849,4.305936170646495,True,3,0.02
monthly_mixed_frequency_kalman_em,pseudo,2022:Q3:pre_third:pseudo,2022-12-31,pre_third,2022:Q3,A,S,0.0304927468363738,0.0,0.0577775934623849,4.305936170646495,True,3,0.02
monthly_mixed_frequency_kalman_em,pseudo,2022:Q3:pre_third:pseudo,2022-12-31,pre_third,2022:Q3,A,T,-0.007568697224889465,0.0,0.0577775934623849,4.305936170646495,True,3,0.02
monthly_mixed_frequency_kalman_em,pseudo,2022:Q3:pre_third:pseudo,2022-12-31,pre_third,2022:Q3,M,A,-0.03928656727594219,0.0,0.0577775934623849,4.305936170646495,True,3,0.02
monthly_mixed_frequency_kalman_em,pseudo,2022:Q3:pre_third:pseudo,2022-12-31,pre_third,2022:Q3,M,M,4.300716819295617,0.0,0.0577775934623849,4.305936170646495,True,3,0.02
monthly_mixed_frequency_kalman_em,pseudo,2022:Q3:pre_third:pseudo,2022-12-31,pre_third,2022:Q3,M,S,0.06083206626863323,0.0,0.0577775934623849,4.305936170646495,True,3,0.02
monthly_mixed_frequency_kalman_em,pseudo,2022:Q3:pre_third:pseudo,2022-12-31,pre_third,2022:Q3,M,T,0.12757782196501685,0.0,0.0577775934623849,4.305936170646495,True,3,0.02
monthly_mixed_frequency_kalman_em,pseudo,2022:Q3:pre_third:pseudo,2022-12-31,pre_third,2022:Q3,S,A,0.0304927468363738,0.0,0.0577775934623849,4.305936170646495,True,3,0.02
monthly_mixed_frequency_kalman_em,pseudo,2022:Q3:pre_third:pseudo,2022-12-31,pre_third,2022:Q3,S,M,0.06083206626863323,0.0,0.0577775934623849,4.305936170646495,True,3,0.02
monthly_mixed_frequency_kalman_em,pseudo,2022:Q3:pre_third:pseudo,2022-12-31,pre_third,2022:Q3,S,S,0.09575084232876437,0.0,0.0577775934623849,4.305936170646495,True,3,0.02
monthly_mixed_frequency_kalman_em,pseudo,2022:Q3:pre_third:pseudo,2022-12-31,pre_third,2022:Q3,S,T,0.053247236410568374,0.0,0.0577775934623849,4.305936170646495,True,3,0.02
monthly_mixed_frequency_kalman_em,pseudo,2022:Q3:pre_third:pseudo,2022-12-31,pre_third,2022:Q3,T,A,-0.007568697224889465,0.0,0.0577775934623849,4.305936170646495,True,3,0.02
monthly_mixed_frequency_kalman_em,pseudo,2022:Q3:pre_third:pseudo,2022-12-31,pre_third,2022:Q3,T,M,0.12757782196501685,0.0,0.0577775934623849,4.305936170646495,True,3,0.02
monthly_mixed_frequency_kalman_em,pseudo,2022:Q3:pre_third:pseudo,2022-12-31,pre_third,2022:Q3,T,S,0.053247236410568374,0.0,0.0577775934623849,4.305936170646495,True,3,0.02
monthly_mixed_frequency_kalman_em,pseudo,2022:Q3:pre_third:pseudo,2022-12-31,pre_third,2022:Q3,T,T,0.14362928481570966,0.0,0.0577775934623849,4.305936170646495,True,3,0.02
revision_dfm_kalman_em,pseudo,2022:Q3:pre_third:pseudo,2022-12-31,pre_third,2022:Q3,A,A,0.22706742298422686,1.734723475976807e-18,0.04752267782442122,4.107716362047603,True,3,0.02
revision_dfm_kalman_em,pseudo,2022:Q3:pre_third:pseudo,2022-12-31,pre_third,2022:Q3,A,M,0.007713632622645248,1.734723475976807e-18,0.04752267782442122,4.107716362047603,True,3,0.02
revision_dfm_kalman_em,pseudo,2022:Q3:pre_third:pseudo,2022-12-31,pre_third,2022:Q3,A,S,0.011348285241012475,1.734723475976807e-18,0.04752267782442122,4.107716362047603,True,3,0.02
revision_dfm_kalman_em,pseudo,2022:Q3:pre_third:pseudo,2022-12-31,pre_third,2022:Q3,A,T,0.009167493669992137,1.734723475976807e-18,0.04752267782442122,4.107716362047603,True,3,0.02
revision_dfm_kalman_em,pseudo,2022:Q3:pre_third:pseudo,2022-12-31,pre_third,2022:Q3,M,A,0.007713632622645248,1.734723475976807e-18,0.04752267782442122,4.107716362047603,True,3,0.02
revision_dfm_kalman_em,pseudo,2022:Q3:pre_third:pseudo,2022-12-31,pre_third,2022:Q3,M,M,4.10730424523949,1.734723475976807e-18,0.04752267782442122,4.107716362047603,True,3,0.02
revision_dfm_kalman_em,pseudo,2022:Q3:pre_third:pseudo,2022-12-31,pre_third,2022:Q3,M,S,0.02776167695529799,1.734723475976807e-18,0.04752267782442122,4.107716362047603,True,3,0.02
revision_dfm_kalman_em,pseudo,2022:Q3:pre_third:pseudo,2022-12-31,pre_third,2022:Q3,M,T,0.028394773092118603,1.734723475976807e-18,0.04752267782442122,4.107716362047603,True,3,0.02
revision_dfm_kalman_em,pseudo,2022:Q3:pre_third:pseudo,2022-12-31,pre_third,2022:Q3,S,A,0.011348285241012473,1.734723475976807e-18,0.04752267782442122,4.107716362047603,True,3,0.02
revision_dfm_kalman_em,pseudo,2022:Q3:pre_third:pseudo,2022-12-31,pre_third,2022:Q3,S,M,0.02776167695529799,1.734723475976807e-18,0.04752267782442122,4.107716362047603,True,3,0.02
revision_dfm_kalman_em,pseudo,2022:Q3:pre_third:pseudo,2022-12-31,pre_third,2022:Q3,S,S,0.05605731594801308,1.734723475976807e-18,0.04752267782442122,4.107716362047603,True,3,0.02
revision_dfm_kalman_em,pseudo,2022:Q3:pre_third:pseudo,2022-12-31,pre_third,2022:Q3,S,T,0.02743340912101228,1.734723475976807e-18,0.04752267782442122,4.107716362047603,True,3,0.02
revision_dfm_kalman_em,pseudo,2022:Q3:pre_third:pseudo,2022-12-31,pre_third,2022:Q3,T,A,0.009167493669992137,1.734723475976807e-18,0.04752267782442122,4.107716362047603,True,3,0.02
revision_dfm_kalman_em,pseudo,2022:Q3:pre_third:pseudo,2022-12-31,pre_third,2022:Q3,T,M,0.028394773092118603,1.734723475976807e-18,0.04752267782442122,4.107716362047603,True,3,0.02
revision_dfm_kalman_em,pseudo,2022:Q3:pre_third:pseudo,2022-12-31,pre_third,2022:Q3,T,S,0.02743340912101228,1.734723475976807e-18,0.04752267782442122,4.107716362047603,True,3,0.02
revision_dfm_kalman_em,pseudo,2022:Q3:pre_third:pseudo,2022-12-31,pre_third,2022:Q3,T,T,0.14132727610436,1.734723475976807e-18,0.04752267782442122,4.107716362047603,True,3,0.02
indicator_revision_only_dfm_kalman_em,exact,2022:Q4:pre_advance:exact,2023-01-25,pre_advance,2022:Q4,A,A,4.181767657744128,0.0,0.06606936215225313,16.501209488025168,True,3,0.02
indicator_revision_only_dfm_kalman_em,exact,2022:Q4:pre_advance:exact,2023-01-25,pre_advance,2022:Q4,A,M,3.7834778952185717,0.0,0.06606936215225313,16.501209488025168,True,3,0.02
indicator_revision_only_dfm_kalman_em,exact,2022:Q4:pre_advance:exact,2023-01-25,pre_advance,2022:Q4,A,S,3.7834778952185717,0.0,0.06606936215225313,16.501209488025168,True,3,0.02
indicator_revision_only_dfm_kalman_em,exact,2022:Q4:pre_advance:exact,2023-01-25,pre_advance,2022:Q4,A,T,3.7834778952185717,0.0,0.06606936215225313,16.501209488025168,True,3,0.02
indicator_revision_only_dfm_kalman_em,exact,2022:Q4:pre_advance:exact,2023-01-25,pre_advance,2022:Q4,M,A,3.7834778952185717,0.0,0.06606936215225313,16.501209488025168,True,3,0.02
indicator_revision_only_dfm_kalman_em,exact,2022:Q4:pre_advance:exact,2023-01-25,pre_advance,2022:Q4,M,M,7.8582235211099105,0.0,0.06606936215225313,16.501209488025168,True,3,0.02
indicator_revision_only_dfm_kalman_em,exact,2022:Q4:pre_advance:exact,2023-01-25,pre_advance,2022:Q4,M,S,3.7834778952185717,0.0,0.06606936215225313,16.501209488025168,True,3,0.02
indicator_revision_only_dfm_kalman_em,exact,2022:Q4:pre_advance:exact,2023-01-25,pre_advance,2022:Q4,M,T,3.7834778952185717,0.0,0.06606936215225313,16.501209488025168,True,3,0.02
indicator_revision_only_dfm_kalman_em,exact,2022:Q4:pre_advance:exact,2023-01-25,pre_advance,2022:Q4,S,A,3.7834778952185717,0.0,0.06606936215225313,16.501209488025168,True,3,0.02
indicator_revision_only_dfm_kalman_em,exact,2022:Q4:pre_advance:exact,2023-01-25,pre_advance,2022:Q4,S,M,3.7834778952185717,0.0,0.06606936215225313,16.501209488025168,True,3,0.02
indicator_revision_only_dfm_kalman_em,exact,2022:Q4:pre_advance:exact,2023-01-25,pre_advance,2022:Q4,S,S,3.7986400078227525,0.0,0.06606936215225313,16.501209488025168,True,3,0.02
indicator_revision_only_dfm_kalman_em,exact,2022:Q4:pre_advance:exact,2023-01-25,pre_advance,2022:Q4,S,T,3.7834778952185717,0.0,0.06606936215225313,16.501209488025168,True,3,0.02
indicator_revision_only_dfm_kalman_em,exact,2022:Q4:pre_advance:exact,2023-01-25,pre_advance,2022:Q4,T,A,3.7834778952185717,0.0,0.06606936215225313,16.501209488025168,True,3,0.02
indicator_revision_only_dfm_kalman_em,exact,2022:Q4:pre_advance:exact,2023-01-25,pre_advance,2022:Q4,T,M,3.7834778952185717,0.0,0.06606936215225313,16.501209488025168,True,3,0.02
indicator_revision_only_dfm_kalman_em,exact,2022:Q4:pre_advance:exact,2023-01-25,pre_advance,2022:Q4,T,S,3.7834778952185717,0.0,0.06606936215225313,16.501209488025168,True,3,0.02
indicator_revision_only_dfm_kalman_em,exact,2022:Q4:pre_advance:exact,2023-01-25,pre_advance,2022:Q4,T,T,3.911582952364382,0.0,0.06606936215225313,16.501209488025168,True,3,0.02
joint_indicator_revision_dfm_full_kalman_em,exact,2022:Q4:pre_advance:exact,2023-01-25,pre_advance,2022:Q4,A,A,3.1562253285335666,0.0,0.06409896888790989,16.471553000688875,True,3,0.02
joint_indicator_revision_dfm_full_kalman_em,exact,2022:Q4:pre_advance:exact,2023-01-25,pre_advance,2022:Q4,A,M,3.431420864898667,0.0,0.06409896888790989,16.471553000688875,True,3,0.02
joint_indicator_revision_dfm_full_kalman_em,exact,2022:Q4:pre_advance:exact,2023-01-25,pre_advance,2022:Q4,A,S,3.409950851640668,0.0,0.06409896888790989,16.471553000688875,True,3,0.02
joint_indicator_revision_dfm_full_kalman_em,exact,2022:Q4:pre_advance:exact,2023-01-25,pre_advance,2022:Q4,A,T,3.4228328595954673,0.0,0.06409896888790989,16.471553000688875,True,3,0.02
joint_indicator_revision_dfm_full_kalman_em,exact,2022:Q4:pre_advance:exact,2023-01-25,pre_advance,2022:Q4,M,A,3.431420864898667,0.0,0.06409896888790989,16.471553000688875,True,3,0.02
joint_indicator_revision_dfm_full_kalman_em,exact,2022:Q4:pre_advance:exact,2023-01-25,pre_advance,2022:Q4,M,M,8.164080024734389,0.0,0.06409896888790989,16.471553000688875,True,3,0.02
joint_indicator_revision_dfm_full_kalman_em,exact,2022:Q4:pre_advance:exact,2023-01-25,pre_advance,2022:Q4,M,S,4.049515745578154,0.0,0.06409896888790989,16.471553000688875,True,3,0.02
joint_indicator_revision_dfm_full_kalman_em,exact,2022:Q4:pre_advance:exact,2023-01-25,pre_advance,2022:Q4,M,T,4.069034531283822,0.0,0.06409896888790989,16.471553000688875,True,3,0.02
joint_indicator_revision_dfm_full_kalman_em,exact,2022:Q4:pre_advance:exact,2023-01-25,pre_advance,2022:Q4,S,A,3.409950851640668,0.0,0.06409896888790989,16.471553000688875,True,3,0.02
joint_indicator_revision_dfm_full_kalman_em,exact,2022:Q4:pre_advance:exact,2023-01-25,pre_advance,2022:Q4,S,M,4.049515745578154,0.0,0.06409896888790989,16.471553000688875,True,3,0.02
joint_indicator_revision_dfm_full_kalman_em,exact,2022:Q4:pre_advance:exact,2023-01-25,pre_advance,2022:Q4,S,S,4.036958201679004,0.0,0.06409896888790989,16.471553000688875,True,3,0.02
joint_indicator_revision_dfm_full_kalman_em,exact,2022:Q4:pre_advance:exact,2023-01-25,pre_advance,2022:Q4,S,T,4.036724447699404,0.0,0.06409896888790989,16.471553000688875,True,3,0.02
joint_indicator_revision_dfm_full_kalman_em,exact,2022:Q4:pre_advance:exact,2023-01-25,pre_advance,2022:Q4,T,A,3.4228328595954673,0.0,0.06409896888790989,16.471553000688875,True,3,0.02
joint_indicator_revision_dfm_full_kalman_em,exact,2022:Q4:pre_advance:exact,2023-01-25,pre_advance,2022:Q4,T,M,4.069034531283822,0.0,0.06409896888790989,16.471553000688875,True,3,0.02
joint_indicator_revision_dfm_full_kalman_em,exact,2022:Q4:pre_advance:exact,2023-01-25,pre_advance,2022:Q4,T,S,4.036724447699404,0.0,0.06409896888790989,16.471553000688875,True,3,0.02
joint_indicator_revision_dfm_full_kalman_em,exact,2022:Q4:pre_advance:exact,2023-01-25,pre_advance,2022:Q4,T,T,4.177166950362595,0.0,0.06409896888790989,16.471553000688875,True,3,0.02
monthly_mixed_frequency_kalman_em,exact,2022:Q4:pre_advance:exact,2023-01-25,pre_advance,2022:Q4,A,A,4.399386799866057,0.0,0.06075597627449337,18.3851089653649,True,3,0.02
monthly_mixed_frequency_kalman_em,exact,2022:Q4:pre_advance:exact,2023-01-25,pre_advance,2022:Q4,A,M,4.119714300155862,0.0,0.06075597627449337,18.3851089653649,True,3,0.02
monthly_mixed_frequency_kalman_em,exact,2022:Q4:pre_advance:exact,2023-01-25,pre_advance,2022:Q4,A,S,4.150093675254507,0.0,0.06075597627449337,18.3851089653649,True,3,0.02
monthly_mixed_frequency_kalman_em,exact,2022:Q4:pre_advance:exact,2023-01-25,pre_advance,2022:Q4,A,T,4.133523107018883,0.0,0.06075597627449337,18.3851089653649,True,3,0.02
monthly_mixed_frequency_kalman_em,exact,2022:Q4:pre_advance:exact,2023-01-25,pre_advance,2022:Q4,M,A,4.119714300155862,0.0,0.06075597627449337,18.3851089653649,True,3,0.02
monthly_mixed_frequency_kalman_em,exact,2022:Q4:pre_advance:exact,2023-01-25,pre_advance,2022:Q4,M,M,8.63674351909546,0.0,0.06075597627449337,18.3851089653649,True,3,0.02
monthly_mixed_frequency_kalman_em,exact,2022:Q4:pre_advance:exact,2023-01-25,pre_advance,2022:Q4,M,S,4.307486042548918,0.0,0.06075597627449337,18.3851089653649,True,3,0.02
monthly_mixed_frequency_kalman_em,exact,2022:Q4:pre_advance:exact,2023-01-25,pre_advance,2022:Q4,M,T,4.43266720414429,0.0,0.06075597627449337,18.3851089653649,True,3,0.02
monthly_mixed_frequency_kalman_em,exact,2022:Q4:pre_advance:exact,2023-01-25,pre_advance,2022:Q4,S,A,4.150093675254507,0.0,0.06075597627449337,18.3851089653649,True,3,0.02
monthly_mixed_frequency_kalman_em,exact,2022:Q4:pre_advance:exact,2023-01-25,pre_advance,2022:Q4,S,M,4.307486042548918,0.0,0.06075597627449337,18.3851089653649,True,3,0.02
monthly_mixed_frequency_kalman_em,exact,2022:Q4:pre_advance:exact,2023-01-25,pre_advance,2022:Q4,S,S,4.272147192989954,0.0,0.06075597627449337,18.3851089653649,True,3,0.02
monthly_mixed_frequency_kalman_em,exact,2022:Q4:pre_advance:exact,2023-01-25,pre_advance,2022:Q4,S,T,4.268137950725315,0.0,0.06075597627449337,18.3851089653649,True,3,0.02
monthly_mixed_frequency_kalman_em,exact,2022:Q4:pre_advance:exact,2023-01-25,pre_advance,2022:Q4,T,A,4.133523107018883,0.0,0.06075597627449337,18.3851089653649,True,3,0.02
monthly_mixed_frequency_kalman_em,exact,2022:Q4:pre_advance:exact,2023-01-25,pre_advance,2022:Q4,T,M,4.43266720414429,0.0,0.06075597627449337,18.3851089653649,True,3,0.02
monthly_mixed_frequency_kalman_em,exact,2022:Q4:pre_advance:exact,2023-01-25,pre_advance,2022:Q4,T,S,4.268137950725315,0.0,0.06075597627449337,18.3851089653649,True,3,0.02
monthly_mixed_frequency_kalman_em,exact,2022:Q4:pre_advance:exact,2023-01-25,pre_advance,2022:Q4,T,T,4.407744303300119,0.0,0.06075597627449337,18.3851089653649,True,3,0.02
revision_dfm_kalman_em,exact,2022:Q4:pre_advance:exact,2023-01-25,pre_advance,2022:Q4,A,A,3.0517931569714327,8.881784197001252e-16,0.06697419823098065,15.1673354946102,True,3,0.02
revision_dfm_kalman_em,exact,2022:Q4:pre_advance:exact,2023-01-25,pre_advance,2022:Q4,A,M,3.1748337340615964,8.881784197001252e-16,0.06697419823098065,15.1673354946102,True,3,0.02
revision_dfm_kalman_em,exact,2022:Q4:pre_advance:exact,2023-01-25,pre_advance,2022:Q4,A,S,3.16141112545956,8.881784197001252e-16,0.06697419823098065,15.1673354946102,True,3,0.02
revision_dfm_kalman_em,exact,2022:Q4:pre_advance:exact,2023-01-25,pre_advance,2022:Q4,A,T,3.169464690620782,8.881784197001252e-16,0.06697419823098065,15.1673354946102,True,3,0.02
revision_dfm_kalman_em,exact,2022:Q4:pre_advance:exact,2023-01-25,pre_advance,2022:Q4,M,A,3.1748337340615964,8.881784197001252e-16,0.06697419823098065,15.1673354946102,True,3,0.02
revision_dfm_kalman_em,exact,2022:Q4:pre_advance:exact,2023-01-25,pre_advance,2022:Q4,M,M,7.747537647776313,8.881784197001252e-16,0.06697419823098065,15.1673354946102,True,3,0.02
revision_dfm_kalman_em,exact,2022:Q4:pre_advance:exact,2023-01-25,pre_advance,2022:Q4,M,S,3.6603720360652834,8.881784197001252e-16,0.06697419823098065,15.1673354946102,True,3,0.02
revision_dfm_kalman_em,exact,2022:Q4:pre_advance:exact,2023-01-25,pre_advance,2022:Q4,M,T,3.6757048245496104,8.881784197001252e-16,0.06697419823098065,15.1673354946102,True,3,0.02
revision_dfm_kalman_em,exact,2022:Q4:pre_advance:exact,2023-01-25,pre_advance,2022:Q4,S,A,3.1614111254595607,8.881784197001252e-16,0.06697419823098065,15.1673354946102,True,3,0.02
revision_dfm_kalman_em,exact,2022:Q4:pre_advance:exact,2023-01-25,pre_advance,2022:Q4,S,M,3.6603720360652834,8.881784197001252e-16,0.06697419823098065,15.1673354946102,True,3,0.02
revision_dfm_kalman_em,exact,2022:Q4:pre_advance:exact,2023-01-25,pre_advance,2022:Q4,S,S,3.664496831182737,8.881784197001252e-16,0.06697419823098065,15.1673354946102,True,3,0.02
revision_dfm_kalman_em,exact,2022:Q4:pre_advance:exact,2023-01-25,pre_advance,2022:Q4,S,T,3.650392817853169,8.881784197001252e-16,0.06697419823098065,15.1673354946102,True,3,0.02
revision_dfm_kalman_em,exact,2022:Q4:pre_advance:exact,2023-01-25,pre_advance,2022:Q4,T,A,3.169464690620782,8.881784197001252e-16,0.06697419823098065,15.1673354946102,True,3,0.02
revision_dfm_kalman_em,exact,2022:Q4:pre_advance:exact,2023-01-25,pre_advance,2022:Q4,T,M,3.6757048245496104,8.881784197001252e-16,0.06697419823098065,15.1673354946102,True,3,0.02
revision_dfm_kalman_em,exact,2022:Q4:pre_advance:exact,2023-01-25,pre_advance,2022:Q4,T,S,3.650392817853169,8.881784197001252e-16,0.06697419823098065,15.1673354946102,True,3,0.02
revision_dfm_kalman_em,exact,2022:Q4:pre_advance:exact,2023-01-25,pre_advance,2022:Q4,T,T,3.778693839386268,8.881784197001252e-16,0.06697419823098065,15.1673354946102,True,3,0.02
indicator_revision_only_dfm_kalman_em,pseudo,2022:Q4:pre_advance:pseudo,2023-01-31,pre_advance,2022:Q4,A,A,3.303288219241305,0.0,0.06625267589418814,13.06155058821522,True,3,0.02
indicator_revision_only_dfm_kalman_em,pseudo,2022:Q4:pre_advance:pseudo,2023-01-31,pre_advance,2022:Q4,A,M,2.9054489435673463,0.0,0.06625267589418814,13.06155058821522,True,3,0.02
indicator_revision_only_dfm_kalman_em,pseudo,2022:Q4:pre_advance:pseudo,2023-01-31,pre_advance,2022:Q4,A,S,2.9054489435673463,0.0,0.06625267589418814,13.06155058821522,True,3,0.02
indicator_revision_only_dfm_kalman_em,pseudo,2022:Q4:pre_advance:pseudo,2023-01-31,pre_advance,2022:Q4,A,T,2.9054489435673463,0.0,0.06625267589418814,13.06155058821522,True,3,0.02
indicator_revision_only_dfm_kalman_em,pseudo,2022:Q4:pre_advance:pseudo,2023-01-31,pre_advance,2022:Q4,M,A,2.9054489435673463,0.0,0.06625267589418814,13.06155058821522,True,3,0.02
indicator_revision_only_dfm_kalman_em,pseudo,2022:Q4:pre_advance:pseudo,2023-01-31,pre_advance,2022:Q4,M,M,6.977851684021374,0.0,0.06625267589418814,13.06155058821522,True,3,0.02
indicator_revision_only_dfm_kalman_em,pseudo,2022:Q4:pre_advance:pseudo,2023-01-31,pre_advance,2022:Q4,M,S,2.9054489435673463,0.0,0.06625267589418814,13.06155058821522,True,3,0.02
indicator_revision_only_dfm_kalman_em,pseudo,2022:Q4:pre_advance:pseudo,2023-01-31,pre_advance,2022:Q4,M,T,2.9054489435673463,0.0,0.06625267589418814,13.06155058821522,True,3,0.02
indicator_revision_only_dfm_kalman_em,pseudo,2022:Q4:pre_advance:pseudo,2023-01-31,pre_advance,2022:Q4,S,A,2.9054489435673463,0.0,0.06625267589418814,13.06155058821522,True,3,0.02
indicator_revision_only_dfm_kalman_em,pseudo,2022:Q4:pre_advance:pseudo,2023-01-31,pre_advance,2022:Q4,S,M,2.9054489435673463,0.0,0.06625267589418814,13.06155058821522,True,3,0.02
indicator_revision_only_dfm_kalman_em,pseudo,2022:Q4:pre_advance:pseudo,2023-01-31,pre_advance,2022:Q4,S,S,2.9217067540173614,0.0,0.06625267589418814,13.06155058821522,True,3,0.02
indicator_revision_only_dfm_kalman_em,pseudo,2022:Q4:pre_advance:pseudo,2023-01-31,pre_advance,2022:Q4,S,T,2.9054489435673463,0.0,0.06625267589418814,13.06155058821522,True,3,0.02
indicator_revision_only_dfm_kalman_em,pseudo,2022:Q4:pre_advance:pseudo,2023-01-31,pre_advance,2022:Q4,T,A,2.9054489435673463,0.0,0.06625267589418814,13.06155058821522,True,3,0.02
indicator_revision_only_dfm_kalman_em,pseudo,2022:Q4:pre_advance:pseudo,2023-01-31,pre_advance,2022:Q4,T,M,2.9054489435673463,0.0,0.06625267589418814,13.06155058821522,True,3,0.02
indicator_revision_only_dfm_kalman_em,pseudo,2022:Q4:pre_advance:pseudo,2023-01-31,pre_advance,2022:Q4,T,S,2.9054489435673463,0.0,0.06625267589418814,13.06155058821522,True,3,0.02
indicator_revision_only_dfm_kalman_em,pseudo,2022:Q4:pre_advance:pseudo,2023-01-31,pre_advance,2022:Q4,T,T,3.032705300142075,0.0,0.06625267589418814,13.06155058821522,True,3,0.02
joint_indicator_revision_dfm_full_kalman_em,pseudo,2022:Q4:pre_advance:pseudo,2023-01-31,pre_advance,2022:Q4,A,A,3.175972792046714,0.0,0.06422791562295126,16.532471105356237,True,3,0.02
joint_indicator_revision_dfm_full_kalman_em,pseudo,2022:Q4:pre_advance:pseudo,2023-01-31,pre_advance,2022:Q4,A,M,3.4483840072402727,0.0,0.06422791562295126,16.532471105356237,True,3,0.02
joint_indicator_revision_dfm_full_kalman_em,pseudo,2022:Q4:pre_advance:pseudo,2023-01-31,pre_advance,2022:Q4,A,S,3.427670974174854,0.0,0.06422791562295126,16.532471105356237,True,3,0.02
joint_indicator_revision_dfm_full_kalman_em,pseudo,2022:Q4:pre_advance:pseudo,2023-01-31,pre_advance,2022:Q4,A,T,3.4400987940141055,0.0,0.06422791562295126,16.532471105356237,True,3,0.02
joint_indicator_revision_dfm_full_kalman_em,pseudo,2022:Q4:pre_advance:pseudo,2023-01-31,pre_advance,2022:Q4,M,A,3.4483840072402727,0.0,0.06422791562295126,16.532471105356237,True,3,0.02
joint_indicator_revision_dfm_full_kalman_em,pseudo,2022:Q4:pre_advance:pseudo,2023-01-31,pre_advance,2022:Q4,M,M,8.177268916513318,0.0,0.06422791562295126,16.532471105356237,True,3,0.02
joint_indicator_revision_dfm_full_kalman_em,pseudo,2022:Q4:pre_advance:pseudo,2023-01-31,pre_advance,2022:Q4,M,S,4.06430103768363,0.0,0.06422791562295126,16.532471105356237,True,3,0.02
joint_indicator_revision_dfm_full_kalman_em,pseudo,2022:Q4:pre_advance:pseudo,2023-01-31,pre_advance,2022:Q4,M,T,4.083751049171315,0.0,0.06422791562295126,16.532471105356237,True,3,0.02
joint_indicator_revision_dfm_full_kalman_em,pseudo,2022:Q4:pre_advance:pseudo,2023-01-31,pre_advance,2022:Q4,S,A,3.427670974174854,0.0,0.06422791562295126,16.532471105356237,True,3,0.02
joint_indicator_revision_dfm_full_kalman_em,pseudo,2022:Q4:pre_advance:pseudo,2023-01-31,pre_advance,2022:Q4,S,M,4.06430103768363,0.0,0.06422791562295126,16.532471105356237,True,3,0.02
joint_indicator_revision_dfm_full_kalman_em,pseudo,2022:Q4:pre_advance:pseudo,2023-01-31,pre_advance,2022:Q4,S,S,4.052767267294883,0.0,0.06422791562295126,16.532471105356237,True,3,0.02
joint_indicator_revision_dfm_full_kalman_em,pseudo,2022:Q4:pre_advance:pseudo,2023-01-31,pre_advance,2022:Q4,S,T,4.051568436413454,0.0,0.06422791562295126,16.532471105356237,True,3,0.02
joint_indicator_revision_dfm_full_kalman_em,pseudo,2022:Q4:pre_advance:pseudo,2023-01-31,pre_advance,2022:Q4,T,A,3.4400987940141055,0.0,0.06422791562295126,16.532471105356237,True,3,0.02
joint_indicator_revision_dfm_full_kalman_em,pseudo,2022:Q4:pre_advance:pseudo,2023-01-31,pre_advance,2022:Q4,T,M,4.083751049171315,0.0,0.06422791562295126,16.532471105356237,True,3,0.02
joint_indicator_revision_dfm_full_kalman_em,pseudo,2022:Q4:pre_advance:pseudo,2023-01-31,pre_advance,2022:Q4,T,S,4.051568436413454,0.0,0.06422791562295126,16.532471105356237,True,3,0.02
joint_indicator_revision_dfm_full_kalman_em,pseudo,2022:Q4:pre_advance:pseudo,2023-01-31,pre_advance,2022:Q4,T,T,4.191101359608716,0.0,0.06422791562295126,16.532471105356237,True,3,0.02
monthly_mixed_frequency_kalman_em,pseudo,2022:Q4:pre_advance:pseudo,2023-01-31,pre_advance,2022:Q4,A,A,4.398240760021314,0.0,0.06075514815851014,18.38174183865454,True,3,0.02
monthly_mixed_frequency_kalman_em,pseudo,2022:Q4:pre_advance:pseudo,2023-01-31,pre_advance,2022:Q4,A,M,4.118795774192021,0.0,0.06075514815851014,18.38174183865454,True,3,0.02
monthly_mixed_frequency_kalman_em,pseudo,2022:Q4:pre_advance:pseudo,2023-01-31,pre_advance,2022:Q4,A,S,4.149050581181028,0.0,0.06075514815851014,18.38174183865454,True,3,0.02
monthly_mixed_frequency_kalman_em,pseudo,2022:Q4:pre_advance:pseudo,2023-01-31,pre_advance,2022:Q4,A,T,4.132547959187024,0.0,0.06075514815851014,18.38174183865454,True,3,0.02
monthly_mixed_frequency_kalman_em,pseudo,2022:Q4:pre_advance:pseudo,2023-01-31,pre_advance,2022:Q4,M,A,4.118795774192021,0.0,0.06075514815851014,18.38174183865454,True,3,0.02
monthly_mixed_frequency_kalman_em,pseudo,2022:Q4:pre_advance:pseudo,2023-01-31,pre_advance,2022:Q4,M,M,8.636144801147202,0.0,0.06075514815851014,18.38174183865454,True,3,0.02
monthly_mixed_frequency_kalman_em,pseudo,2022:Q4:pre_advance:pseudo,2023-01-31,pre_advance,2022:Q4,M,S,4.306697289187473,0.0,0.06075514815851014,18.38174183865454,True,3,0.02
monthly_mixed_frequency_kalman_em,pseudo,2022:Q4:pre_advance:pseudo,2023-01-31,pre_advance,2022:Q4,M,T,4.431964965851107,0.0,0.06075514815851014,18.38174183865454,True,3,0.02
monthly_mixed_frequency_kalman_em,pseudo,2022:Q4:pre_advance:pseudo,2023-01-31,pre_advance,2022:Q4,S,A,4.149050581181028,0.0,0.06075514815851014,18.38174183865454,True,3,0.02
monthly_mixed_frequency_kalman_em,pseudo,2022:Q4:pre_advance:pseudo,2023-01-31,pre_advance,2022:Q4,S,M,4.306697289187473,0.0,0.06075514815851014,18.38174183865454,True,3,0.02
monthly_mixed_frequency_kalman_em,pseudo,2022:Q4:pre_advance:pseudo,2023-01-31,pre_advance,2022:Q4,S,S,4.271219378882035,0.0,0.06075514815851014,18.38174183865454,True,3,0.02
monthly_mixed_frequency_kalman_em,pseudo,2022:Q4:pre_advance:pseudo,2023-01-31,pre_advance,2022:Q4,S,T,4.267285612185862,0.0,0.06075514815851014,18.38174183865454,True,3,0.02
monthly_mixed_frequency_kalman_em,pseudo,2022:Q4:pre_advance:pseudo,2023-01-31,pre_advance,2022:Q4,T,A,4.132547959187024,0.0,0.06075514815851014,18.38174183865454,True,3,0.02
monthly_mixed_frequency_kalman_em,pseudo,2022:Q4:pre_advance:pseudo,2023-01-31,pre_advance,2022:Q4,T,M,4.431964965851107,0.0,0.06075514815851014,18.38174183865454,True,3,0.02
monthly_mixed_frequency_kalman_em,pseudo,2022:Q4:pre_advance:pseudo,2023-01-31,pre_advance,2022:Q4,T,S,4.267285612185862,0.0,0.06075514815851014,18.38174183865454,True,3,0.02
monthly_mixed_frequency_kalman_em,pseudo,2022:Q4:pre_advance:pseudo,2023-01-31,pre_advance,2022:Q4,T,T,4.406969408052814,0.0,0.06075514815851014,18.38174183865454,True,3,0.02
revision_dfm_kalman_em,pseudo,2022:Q4:pre_advance:pseudo,2023-01-31,pre_advance,2022:Q4,A,A,3.0492728539611273,4.440892098500626e-16,0.066974524070587,15.158154702200033,True,3,0.02
revision_dfm_kalman_em,pseudo,2022:Q4:pre_advance:pseudo,2023-01-31,pre_advance,2022:Q4,A,M,3.1724094359465957,4.440892098500626e-16,0.066974524070587,15.158154702200033,True,3,0.02
revision_dfm_kalman_em,pseudo,2022:Q4:pre_advance:pseudo,2023-01-31,pre_advance,2022:Q4,A,S,3.15898061438023,4.440892098500626e-16,0.066974524070587,15.158154702200033,True,3,0.02
revision_dfm_kalman_em,pseudo,2022:Q4:pre_advance:pseudo,2023-01-31,pre_advance,2022:Q4,A,T,3.1670379073200494,4.440892098500626e-16,0.066974524070587,15.158154702200033,True,3,0.02
revision_dfm_kalman_em,pseudo,2022:Q4:pre_advance:pseudo,2023-01-31,pre_advance,2022:Q4,M,A,3.1724094359465957,4.440892098500626e-16,0.066974524070587,15.158154702200033,True,3,0.02
revision_dfm_kalman_em,pseudo,2022:Q4:pre_advance:pseudo,2023-01-31,pre_advance,2022:Q4,M,M,7.745225599032027,4.440892098500626e-16,0.066974524070587,15.158154702200033,True,3,0.02
revision_dfm_kalman_em,pseudo,2022:Q4:pre_advance:pseudo,2023-01-31,pre_advance,2022:Q4,M,S,3.658052076678972,4.440892098500626e-16,0.066974524070587,15.158154702200033,True,3,0.02
revision_dfm_kalman_em,pseudo,2022:Q4:pre_advance:pseudo,2023-01-31,pre_advance,2022:Q4,M,T,3.673388160070521,4.440892098500626e-16,0.066974524070587,15.158154702200033,True,3,0.02
revision_dfm_kalman_em,pseudo,2022:Q4:pre_advance:pseudo,2023-01-31,pre_advance,2022:Q4,S,A,3.1589806143802295,4.440892098500626e-16,0.066974524070587,15.158154702200033,True,3,0.02
revision_dfm_kalman_em,pseudo,2022:Q4:pre_advance:pseudo,2023-01-31,pre_advance,2022:Q4,S,M,3.658052076678972,4.440892098500626e-16,0.066974524070587,15.158154702200033,True,3,0.02
revision_dfm_kalman_em,pseudo,2022:Q4:pre_advance:pseudo,2023-01-31,pre_advance,2022:Q4,S,S,3.6621725097640607,4.440892098500626e-16,0.066974524070587,15.158154702200033,True,3,0.02
revision_dfm_kalman_em,pseudo,2022:Q4:pre_advance:pseudo,2023-01-31,pre_advance,2022:Q4,S,T,3.648070647432997,4.440892098500626e-16,0.066974524070587,15.158154702200033,True,3,0.02
revision_dfm_kalman_em,pseudo,2022:Q4:pre_advance:pseudo,2023-01-31,pre_advance,2022:Q4,T,A,3.1670379073200494,4.440892098500626e-16,0.066974524070587,15.158154702200033,True,3,0.02
revision_dfm_kalman_em,pseudo,2022:Q4:pre_advance:pseudo,2023-01-31,pre_advance,2022:Q4,T,M,3.673388160070521,4.440892098500626e-16,0.066974524070587,15.158154702200033,True,3,0.02
revision_dfm_kalman_em,pseudo,2022:Q4:pre_advance:pseudo,2023-01-31,pre_advance,2022:Q4,T,S,3.6480706474329976,4.440892098500626e-16,0.066974524070587,15.158154702200033,True,3,0.02
revision_dfm_kalman_em,pseudo,2022:Q4:pre_advance:pseudo,2023-01-31,pre_advance,2022:Q4,T,T,3.7763738380634386,4.440892098500626e-16,0.066974524070587,15.158154702200033,True,3,0.02
indicator_revision_only_dfm_kalman_em,exact,2022:Q4:pre_second:exact,2023-02-22,pre_second,2022:Q4,A,A,0.758512722901112,0.0,0.06232969821681611,4.553497756694504,True,3,0.02
indicator_revision_only_dfm_kalman_em,exact,2022:Q4:pre_second:exact,2023-02-22,pre_second,2022:Q4,A,M,0.3602837354277809,0.0,0.06232969821681611,4.553497756694504,True,3,0.02
indicator_revision_only_dfm_kalman_em,exact,2022:Q4:pre_second:exact,2023-02-22,pre_second,2022:Q4,A,S,0.3602837354277809,0.0,0.06232969821681611,4.553497756694504,True,3,0.02
indicator_revision_only_dfm_kalman_em,exact,2022:Q4:pre_second:exact,2023-02-22,pre_second,2022:Q4,A,T,0.3602837354277809,0.0,0.06232969821681611,4.553497756694504,True,3,0.02
indicator_revision_only_dfm_kalman_em,exact,2022:Q4:pre_second:exact,2023-02-22,pre_second,2022:Q4,M,A,0.3602837354277809,0.0,0.06232969821681611,4.553497756694504,True,3,0.02
indicator_revision_only_dfm_kalman_em,exact,2022:Q4:pre_second:exact,2023-02-22,pre_second,2022:Q4,M,M,4.434996005285373,0.0,0.06232969821681611,4.553497756694504,True,3,0.02
indicator_revision_only_dfm_kalman_em,exact,2022:Q4:pre_second:exact,2023-02-22,pre_second,2022:Q4,M,S,0.3602837354277809,0.0,0.06232969821681611,4.553497756694504,True,3,0.02
indicator_revision_only_dfm_kalman_em,exact,2022:Q4:pre_second:exact,2023-02-22,pre_second,2022:Q4,M,T,0.3602837354277809,0.0,0.06232969821681611,4.553497756694504,True,3,0.02
indicator_revision_only_dfm_kalman_em,exact,2022:Q4:pre_second:exact,2023-02-22,pre_second,2022:Q4,S,A,0.3602837354277809,0.0,0.06232969821681611,4.553497756694504,True,3,0.02
indicator_revision_only_dfm_kalman_em,exact,2022:Q4:pre_second:exact,2023-02-22,pre_second,2022:Q4,S,M,0.3602837354277809,0.0,0.06232969821681611,4.553497756694504,True,3,0.02
indicator_revision_only_dfm_kalman_em,exact,2022:Q4:pre_second:exact,2023-02-22,pre_second,2022:Q4,S,S,0.37546210716602296,0.0,0.06232969821681611,4.553497756694504,True,3,0.02
indicator_revision_only_dfm_kalman_em,exact,2022:Q4:pre_second:exact,2023-02-22,pre_second,2022:Q4,S,T,0.3602837354277809,0.0,0.06232969821681611,4.553497756694504,True,3,0.02
indicator_revision_only_dfm_kalman_em,exact,2022:Q4:pre_second:exact,2023-02-22,pre_second,2022:Q4,T,A,0.3602837354277809,0.0,0.06232969821681611,4.553497756694504,True,3,0.02
indicator_revision_only_dfm_kalman_em,exact,2022:Q4:pre_second:exact,2023-02-22,pre_second,2022:Q4,T,M,0.3602837354277809,0.0,0.06232969821681611,4.553497756694504,True,3,0.02
indicator_revision_only_dfm_kalman_em,exact,2022:Q4:pre_second:exact,2023-02-22,pre_second,2022:Q4,T,S,0.3602837354277809,0.0,0.06232969821681611,4.553497756694504,True,3,0.02
indicator_revision_only_dfm_kalman_em,exact,2022:Q4:pre_second:exact,2023-02-22,pre_second,2022:Q4,T,T,0.4883751765915953,0.0,0.06232969821681611,4.553497756694504,True,3,0.02
joint_indicator_revision_dfm_full_kalman_em,exact,2022:Q4:pre_second:exact,2023-02-22,pre_second,2022:Q4,A,A,0.31774129630353015,5.551115123125783e-17,0.06296588992402875,4.508038252828136,True,3,0.02
joint_indicator_revision_dfm_full_kalman_em,exact,2022:Q4:pre_second:exact,2023-02-22,pre_second,2022:Q4,A,M,0.17742317171487929,5.551115123125783e-17,0.06296588992402875,4.508038252828136,True,3,0.02
joint_indicator_revision_dfm_full_kalman_em,exact,2022:Q4:pre_second:exact,2023-02-22,pre_second,2022:Q4,A,S,0.17628210821531692,5.551115123125783e-17,0.06296588992402875,4.508038252828136,True,3,0.02
joint_indicator_revision_dfm_full_kalman_em,exact,2022:Q4:pre_second:exact,2023-02-22,pre_second,2022:Q4,A,T,0.17696674631505435,5.551115123125783e-17,0.06296588992402875,4.508038252828136,True,3,0.02
joint_indicator_revision_dfm_full_kalman_em,exact,2022:Q4:pre_second:exact,2023-02-22,pre_second,2022:Q4,M,A,0.17742317171487929,5.551115123125783e-17,0.06296588992402875,4.508038252828136,True,3,0.02
joint_indicator_revision_dfm_full_kalman_em,exact,2022:Q4:pre_second:exact,2023-02-22,pre_second,2022:Q4,M,M,4.433940565021338,5.551115123125783e-17,0.06296588992402875,4.508038252828136,True,3,0.02
joint_indicator_revision_dfm_full_kalman_em,exact,2022:Q4:pre_second:exact,2023-02-22,pre_second,2022:Q4,M,S,0.3428771298406359,5.551115123125783e-17,0.06296588992402875,4.508038252828136,True,3,0.02
joint_indicator_revision_dfm_full_kalman_em,exact,2022:Q4:pre_second:exact,2023-02-22,pre_second,2022:Q4,M,T,0.3481019916761861,5.551115123125783e-17,0.06296588992402875,4.508038252828136,True,3,0.02
joint_indicator_revision_dfm_full_kalman_em,exact,2022:Q4:pre_second:exact,2023-02-22,pre_second,2022:Q4,S,A,0.17628210821531695,5.551115123125783e-17,0.06296588992402875,4.508038252828136,True,3,0.02
joint_indicator_revision_dfm_full_kalman_em,exact,2022:Q4:pre_second:exact,2023-02-22,pre_second,2022:Q4,S,M,0.3428771298406359,5.551115123125783e-17,0.06296588992402875,4.508038252828136,True,3,0.02
joint_indicator_revision_dfm_full_kalman_em,exact,2022:Q4:pre_second:exact,2023-02-22,pre_second,2022:Q4,S,S,0.3537284296139356,5.551115123125783e-17,0.06296588992402875,4.508038252828136,True,3,0.02
joint_indicator_revision_dfm_full_kalman_em,exact,2022:Q4:pre_second:exact,2023-02-22,pre_second,2022:Q4,S,T,0.33954522940812953,5.551115123125783e-17,0.06296588992402875,4.508038252828136,True,3,0.02
joint_indicator_revision_dfm_full_kalman_em,exact,2022:Q4:pre_second:exact,2023-02-22,pre_second,2022:Q4,T,A,0.17696674631505435,5.551115123125783e-17,0.06296588992402875,4.508038252828136,True,3,0.02
joint_indicator_revision_dfm_full_kalman_em,exact,2022:Q4:pre_second:exact,2023-02-22,pre_second,2022:Q4,T,M,0.3481019916761861,5.551115123125783e-17,0.06296588992402875,4.508038252828136,True,3,0.02
joint_indicator_revision_dfm_full_kalman_em,exact,2022:Q4:pre_second:exact,2023-02-22,pre_second,2022:Q4,T,S,0.3395452294081295,5.551115123125783e-17,0.06296588992402875,4.508038252828136,True,3,0.02
joint_indicator_revision_dfm_full_kalman_em,exact,2022:Q4:pre_second:exact,2023-02-22,pre_second,2022:Q4,T,T,0.4659787415997284,5.551115123125783e-17,0.06296588992402875,4.508038252828136,True,3,0.02
monthly_mixed_frequency_kalman_em,exact,2022:Q4:pre_second:exact,2023-02-22,pre_second,2022:Q4,A,A,0.43704376609621043,0.0,0.05810192631476541,4.915177265734492,True,3,0.02
monthly_mixed_frequency_kalman_em,exact,2022:Q4:pre_second:exact,2023-02-22,pre_second,2022:Q4,A,M,0.20999778943562242,0.0,0.05810192631476541,4.915177265734492,True,3,0.02
monthly_mixed_frequency_kalman_em,exact,2022:Q4:pre_second:exact,2023-02-22,pre_second,2022:Q4,A,S,0.21153280656902074,0.0,0.05810192631476541,4.915177265734492,True,3,0.02
monthly_mixed_frequency_kalman_em,exact,2022:Q4:pre_second:exact,2023-02-22,pre_second,2022:Q4,A,T,0.210695524496258,0.0,0.05810192631476541,4.915177265734492,True,3,0.02
monthly_mixed_frequency_kalman_em,exact,2022:Q4:pre_second:exact,2023-02-22,pre_second,2022:Q4,M,A,0.20999778943562242,0.0,0.05810192631476541,4.915177265734492,True,3,0.02
monthly_mixed_frequency_kalman_em,exact,2022:Q4:pre_second:exact,2023-02-22,pre_second,2022:Q4,M,M,4.779522070156964,0.0,0.05810192631476541,4.915177265734492,True,3,0.02
monthly_mixed_frequency_kalman_em,exact,2022:Q4:pre_second:exact,2023-02-22,pre_second,2022:Q4,M,S,0.4212209482596769,0.0,0.05810192631476541,4.915177265734492,True,3,0.02
monthly_mixed_frequency_kalman_em,exact,2022:Q4:pre_second:exact,2023-02-22,pre_second,2022:Q4,M,T,0.5620363874757132,0.0,0.05810192631476541,4.915177265734492,True,3,0.02
monthly_mixed_frequency_kalman_em,exact,2022:Q4:pre_second:exact,2023-02-22,pre_second,2022:Q4,S,A,0.21153280656902074,0.0,0.05810192631476541,4.915177265734492,True,3,0.02
monthly_mixed_frequency_kalman_em,exact,2022:Q4:pre_second:exact,2023-02-22,pre_second,2022:Q4,S,M,0.4212209482596769,0.0,0.05810192631476541,4.915177265734492,True,3,0.02
monthly_mixed_frequency_kalman_em,exact,2022:Q4:pre_second:exact,2023-02-22,pre_second,2022:Q4,S,S,0.3571370125954549,0.0,0.05810192631476541,4.915177265734492,True,3,0.02
monthly_mixed_frequency_kalman_em,exact,2022:Q4:pre_second:exact,2023-02-22,pre_second,2022:Q4,S,T,0.3687989128370128,0.0,0.05810192631476541,4.915177265734492,True,3,0.02
monthly_mixed_frequency_kalman_em,exact,2022:Q4:pre_second:exact,2023-02-22,pre_second,2022:Q4,T,A,0.210695524496258,0.0,0.05810192631476541,4.915177265734492,True,3,0.02
monthly_mixed_frequency_kalman_em,exact,2022:Q4:pre_second:exact,2023-02-22,pre_second,2022:Q4,T,M,0.5620363874757132,0.0,0.05810192631476541,4.915177265734492,True,3,0.02
monthly_mixed_frequency_kalman_em,exact,2022:Q4:pre_second:exact,2023-02-22,pre_second,2022:Q4,T,S,0.3687989128370128,0.0,0.05810192631476541,4.915177265734492,True,3,0.02
monthly_mixed_frequency_kalman_em,exact,2022:Q4:pre_second:exact,2023-02-22,pre_second,2022:Q4,T,T,0.524057023231754,0.0,0.05810192631476541,4.915177265734492,True,3,0.02
revision_dfm_kalman_em,exact,2022:Q4:pre_second:exact,2023-02-22,pre_second,2022:Q4,A,A,0.2849398856575505,5.551115123125783e-17,0.06607009310482377,4.536493766420937,True,3,0.02
revision_dfm_kalman_em,exact,2022:Q4:pre_second:exact,2023-02-22,pre_second,2022:Q4,A,M,0.1522029988147192,5.551115123125783e-17,0.06607009310482377,4.536493766420937,True,3,0.02
revision_dfm_kalman_em,exact,2022:Q4:pre_second:exact,2023-02-22,pre_second,2022:Q4,A,S,0.15154117434175313,5.551115123125783e-17,0.06607009310482377,4.536493766420937,True,3,0.02
revision_dfm_kalman_em,exact,2022:Q4:pre_second:exact,2023-02-22,pre_second,2022:Q4,A,T,0.15193826902553276,5.551115123125783e-17,0.06607009310482377,4.536493766420937,True,3,0.02
revision_dfm_kalman_em,exact,2022:Q4:pre_second:exact,2023-02-22,pre_second,2022:Q4,M,A,0.1522029988147192,5.551115123125783e-17,0.06607009310482377,4.536493766420937,True,3,0.02
revision_dfm_kalman_em,exact,2022:Q4:pre_second:exact,2023-02-22,pre_second,2022:Q4,M,M,4.451764298638719,5.551115123125783e-17,0.06607009310482377,4.536493766420937,True,3,0.02
revision_dfm_kalman_em,exact,2022:Q4:pre_second:exact,2023-02-22,pre_second,2022:Q4,M,S,0.3746822918881342,5.551115123125783e-17,0.06607009310482377,4.536493766420937,True,3,0.02
revision_dfm_kalman_em,exact,2022:Q4:pre_second:exact,2023-02-22,pre_second,2022:Q4,M,T,0.38170795377466304,5.551115123125783e-17,0.06607009310482377,4.536493766420937,True,3,0.02
revision_dfm_kalman_em,exact,2022:Q4:pre_second:exact,2023-02-22,pre_second,2022:Q4,S,A,0.15154117434175313,5.551115123125783e-17,0.06607009310482377,4.536493766420937,True,3,0.02
revision_dfm_kalman_em,exact,2022:Q4:pre_second:exact,2023-02-22,pre_second,2022:Q4,S,M,0.3746822918881342,5.551115123125783e-17,0.06607009310482377,4.536493766420937,True,3,0.02
revision_dfm_kalman_em,exact,2022:Q4:pre_second:exact,2023-02-22,pre_second,2022:Q4,S,S,0.3908889193861327,5.551115123125783e-17,0.06607009310482377,4.536493766420937,True,3,0.02
revision_dfm_kalman_em,exact,2022:Q4:pre_second:exact,2023-02-22,pre_second,2022:Q4,S,T,0.3702194695372066,5.551115123125783e-17,0.06607009310482377,4.536493766420937,True,3,0.02
revision_dfm_kalman_em,exact,2022:Q4:pre_second:exact,2023-02-22,pre_second,2022:Q4,T,A,0.15193826902553276,5.551115123125783e-17,0.06607009310482377,4.536493766420937,True,3,0.02
revision_dfm_kalman_em,exact,2022:Q4:pre_second:exact,2023-02-22,pre_second,2022:Q4,T,M,0.38170795377466304,5.551115123125783e-17,0.06607009310482377,4.536493766420937,True,3,0.02
revision_dfm_kalman_em,exact,2022:Q4:pre_second:exact,2023-02-22,pre_second,2022:Q4,T,S,0.3702194695372065,5.551115123125783e-17,0.06607009310482377,4.536493766420937,True,3,0.02
revision_dfm_kalman_em,exact,2022:Q4:pre_second:exact,2023-02-22,pre_second,2022:Q4,T,T,0.49154726577167074,5.551115123125783e-17,0.06607009310482377,4.536493766420937,True,3,0.02
indicator_revision_only_dfm_kalman_em,pseudo,2022:Q4:pre_second:pseudo,2023-02-28,pre_second,2022:Q4,A,A,0.7585995362878574,0.0,0.062331404059041605,4.553637613198906,True,3,0.02
indicator_revision_only_dfm_kalman_em,pseudo,2022:Q4:pre_second:pseudo,2023-02-28,pre_second,2022:Q4,A,M,0.3603665407043428,0.0,0.062331404059041605,4.553637613198906,True,3,0.02
indicator_revision_only_dfm_kalman_em,pseudo,2022:Q4:pre_second:pseudo,2023-02-28,pre_second,2022:Q4,A,S,0.3603665407043428,0.0,0.062331404059041605,4.553637613198906,True,3,0.02
indicator_revision_only_dfm_kalman_em,pseudo,2022:Q4:pre_second:pseudo,2023-02-28,pre_second,2022:Q4,A,T,0.3603665407043428,0.0,0.062331404059041605,4.553637613198906,True,3,0.02
indicator_revision_only_dfm_kalman_em,pseudo,2022:Q4:pre_second:pseudo,2023-02-28,pre_second,2022:Q4,M,A,0.3603665407043428,0.0,0.062331404059041605,4.553637613198906,True,3,0.02
indicator_revision_only_dfm_kalman_em,pseudo,2022:Q4:pre_second:pseudo,2023-02-28,pre_second,2022:Q4,M,M,4.435077437118613,0.0,0.062331404059041605,4.553637613198906,True,3,0.02
indicator_revision_only_dfm_kalman_em,pseudo,2022:Q4:pre_second:pseudo,2023-02-28,pre_second,2022:Q4,M,S,0.3603665407043428,0.0,0.062331404059041605,4.553637613198906,True,3,0.02
indicator_revision_only_dfm_kalman_em,pseudo,2022:Q4:pre_second:pseudo,2023-02-28,pre_second,2022:Q4,M,T,0.3603665407043428,0.0,0.062331404059041605,4.553637613198906,True,3,0.02
indicator_revision_only_dfm_kalman_em,pseudo,2022:Q4:pre_second:pseudo,2023-02-28,pre_second,2022:Q4,S,A,0.3603665407043428,0.0,0.062331404059041605,4.553637613198906,True,3,0.02
indicator_revision_only_dfm_kalman_em,pseudo,2022:Q4:pre_second:pseudo,2023-02-28,pre_second,2022:Q4,S,M,0.3603665407043428,0.0,0.062331404059041605,4.553637613198906,True,3,0.02
indicator_revision_only_dfm_kalman_em,pseudo,2022:Q4:pre_second:pseudo,2023-02-28,pre_second,2022:Q4,S,S,0.3755484622935386,0.0,0.062331404059041605,4.553637613198906,True,3,0.02
indicator_revision_only_dfm_kalman_em,pseudo,2022:Q4:pre_second:pseudo,2023-02-28,pre_second,2022:Q4,S,T,0.3603665407043428,0.0,0.062331404059041605,4.553637613198906,True,3,0.02
indicator_revision_only_dfm_kalman_em,pseudo,2022:Q4:pre_second:pseudo,2023-02-28,pre_second,2022:Q4,T,A,0.3603665407043428,0.0,0.062331404059041605,4.553637613198906,True,3,0.02
indicator_revision_only_dfm_kalman_em,pseudo,2022:Q4:pre_second:pseudo,2023-02-28,pre_second,2022:Q4,T,M,0.3603665407043428,0.0,0.062331404059041605,4.553637613198906,True,3,0.02
indicator_revision_only_dfm_kalman_em,pseudo,2022:Q4:pre_second:pseudo,2023-02-28,pre_second,2022:Q4,T,S,0.3603665407043428,0.0,0.062331404059041605,4.553637613198906,True,3,0.02
indicator_revision_only_dfm_kalman_em,pseudo,2022:Q4:pre_second:pseudo,2023-02-28,pre_second,2022:Q4,T,T,0.4884532557274859,0.0,0.062331404059041605,4.553637613198906,True,3,0.02
joint_indicator_revision_dfm_full_kalman_em,pseudo,2022:Q4:pre_second:pseudo,2023-02-28,pre_second,2022:Q4,A,A,0.31326197629207925,2.7755575615628914e-17,0.06299155118576516,4.507922037097466,True,3,0.02
joint_indicator_revision_dfm_full_kalman_em,pseudo,2022:Q4:pre_second:pseudo,2023-02-28,pre_second,2022:Q4,A,M,0.17474345453223447,2.7755575615628914e-17,0.06299155118576516,4.507922037097466,True,3,0.02
joint_indicator_revision_dfm_full_kalman_em,pseudo,2022:Q4:pre_second:pseudo,2023-02-28,pre_second,2022:Q4,A,S,0.17363134683262824,2.7755575615628914e-17,0.06299155118576516,4.507922037097466,True,3,0.02
joint_indicator_revision_dfm_full_kalman_em,pseudo,2022:Q4:pre_second:pseudo,2023-02-28,pre_second,2022:Q4,A,T,0.17429861145239198,2.7755575615628914e-17,0.06299155118576516,4.507922037097466,True,3,0.02
joint_indicator_revision_dfm_full_kalman_em,pseudo,2022:Q4:pre_second:pseudo,2023-02-28,pre_second,2022:Q4,M,A,0.17474345453223447,2.7755575615628914e-17,0.06299155118576516,4.507922037097466,True,3,0.02
joint_indicator_revision_dfm_full_kalman_em,pseudo,2022:Q4:pre_second:pseudo,2023-02-28,pre_second,2022:Q4,M,M,4.434104775355706,2.7755575615628914e-17,0.06299155118576516,4.507922037097466,True,3,0.02
joint_indicator_revision_dfm_full_kalman_em,pseudo,2022:Q4:pre_second:pseudo,2023-02-28,pre_second,2022:Q4,M,S,0.34295216783475724,2.7755575615628914e-17,0.06299155118576516,4.507922037097466,True,3,0.02
joint_indicator_revision_dfm_full_kalman_em,pseudo,2022:Q4:pre_second:pseudo,2023-02-28,pre_second,2022:Q4,M,T,0.3482640219390475,2.7755575615628914e-17,0.06299155118576516,4.507922037097466,True,3,0.02
joint_indicator_revision_dfm_full_kalman_em,pseudo,2022:Q4:pre_second:pseudo,2023-02-28,pre_second,2022:Q4,S,A,0.17363134683262824,2.7755575615628914e-17,0.06299155118576516,4.507922037097466,True,3,0.02
joint_indicator_revision_dfm_full_kalman_em,pseudo,2022:Q4:pre_second:pseudo,2023-02-28,pre_second,2022:Q4,S,M,0.34295216783475724,2.7755575615628914e-17,0.06299155118576516,4.507922037097466,True,3,0.02
joint_indicator_revision_dfm_full_kalman_em,pseudo,2022:Q4:pre_second:pseudo,2023-02-28,pre_second,2022:Q4,S,S,0.3536762789023506,2.7755575615628914e-17,0.06299155118576516,4.507922037097466,True,3,0.02
joint_indicator_revision_dfm_full_kalman_em,pseudo,2022:Q4:pre_second:pseudo,2023-02-28,pre_second,2022:Q4,S,T,0.3395657514147147,2.7755575615628914e-17,0.06299155118576516,4.507922037097466,True,3,0.02
joint_indicator_revision_dfm_full_kalman_em,pseudo,2022:Q4:pre_second:pseudo,2023-02-28,pre_second,2022:Q4,T,A,0.174298611452392,2.7755575615628914e-17,0.06299155118576516,4.507922037097466,True,3,0.02
joint_indicator_revision_dfm_full_kalman_em,pseudo,2022:Q4:pre_second:pseudo,2023-02-28,pre_second,2022:Q4,T,M,0.3482640219390475,2.7755575615628914e-17,0.06299155118576516,4.507922037097466,True,3,0.02
joint_indicator_revision_dfm_full_kalman_em,pseudo,2022:Q4:pre_second:pseudo,2023-02-28,pre_second,2022:Q4,T,S,0.3395657514147147,2.7755575615628914e-17,0.06299155118576516,4.507922037097466,True,3,0.02
joint_indicator_revision_dfm_full_kalman_em,pseudo,2022:Q4:pre_second:pseudo,2023-02-28,pre_second,2022:Q4,T,T,0.46606792618902704,2.7755575615628914e-17,0.06299155118576516,4.507922037097466,True,3,0.02
monthly_mixed_frequency_kalman_em,pseudo,2022:Q4:pre_second:pseudo,2023-02-28,pre_second,2022:Q4,A,A,0.4370454277285625,0.0,0.05810230530819166,4.915087556207565,True,3,0.02
monthly_mixed_frequency_kalman_em,pseudo,2022:Q4:pre_second:pseudo,2023-02-28,pre_second,2022:Q4,A,M,0.2099933305290803,0.0,0.05810230530819166,4.915087556207565,True,3,0.02
monthly_mixed_frequency_kalman_em,pseudo,2022:Q4:pre_second:pseudo,2023-02-28,pre_second,2022:Q4,A,S,0.2115317369397166,0.0,0.05810230530819166,4.915087556207565,True,3,0.02
monthly_mixed_frequency_kalman_em,pseudo,2022:Q4:pre_second:pseudo,2023-02-28,pre_second,2022:Q4,A,T,0.21069260617027863,0.0,0.05810230530819166,4.915087556207565,True,3,0.02
monthly_mixed_frequency_kalman_em,pseudo,2022:Q4:pre_second:pseudo,2023-02-28,pre_second,2022:Q4,M,A,0.2099933305290803,0.0,0.05810230530819166,4.915087556207565,True,3,0.02
monthly_mixed_frequency_kalman_em,pseudo,2022:Q4:pre_second:pseudo,2023-02-28,pre_second,2022:Q4,M,M,4.7794488218525935,0.0,0.05810230530819166,4.915087556207565,True,3,0.02
monthly_mixed_frequency_kalman_em,pseudo,2022:Q4:pre_second:pseudo,2023-02-28,pre_second,2022:Q4,M,S,0.42119379379280086,0.0,0.05810230530819166,4.915087556207565,True,3,0.02
monthly_mixed_frequency_kalman_em,pseudo,2022:Q4:pre_second:pseudo,2023-02-28,pre_second,2022:Q4,M,T,0.5619941026352813,0.0,0.05810230530819166,4.915087556207565,True,3,0.02
monthly_mixed_frequency_kalman_em,pseudo,2022:Q4:pre_second:pseudo,2023-02-28,pre_second,2022:Q4,S,A,0.2115317369397166,0.0,0.05810230530819166,4.915087556207565,True,3,0.02
monthly_mixed_frequency_kalman_em,pseudo,2022:Q4:pre_second:pseudo,2023-02-28,pre_second,2022:Q4,S,M,0.42119379379280086,0.0,0.05810230530819166,4.915087556207565,True,3,0.02
monthly_mixed_frequency_kalman_em,pseudo,2022:Q4:pre_second:pseudo,2023-02-28,pre_second,2022:Q4,S,S,0.35712414382203106,0.0,0.05810230530819166,4.915087556207565,True,3,0.02
monthly_mixed_frequency_kalman_em,pseudo,2022:Q4:pre_second:pseudo,2023-02-28,pre_second,2022:Q4,S,T,0.3687782795795298,0.0,0.05810230530819166,4.915087556207565,True,3,0.02
monthly_mixed_frequency_kalman_em,pseudo,2022:Q4:pre_second:pseudo,2023-02-28,pre_second,2022:Q4,T,A,0.21069260617027863,0.0,0.05810230530819166,4.915087556207565,True,3,0.02
monthly_mixed_frequency_kalman_em,pseudo,2022:Q4:pre_second:pseudo,2023-02-28,pre_second,2022:Q4,T,M,0.5619941026352813,0.0,0.05810230530819166,4.915087556207565,True,3,0.02
monthly_mixed_frequency_kalman_em,pseudo,2022:Q4:pre_second:pseudo,2023-02-28,pre_second,2022:Q4,T,S,0.3687782795795298,0.0,0.05810230530819166,4.915087556207565,True,3,0.02
monthly_mixed_frequency_kalman_em,pseudo,2022:Q4:pre_second:pseudo,2023-02-28,pre_second,2022:Q4,T,T,0.5240261919584438,0.0,0.05810230530819166,4.915087556207565,True,3,0.02
revision_dfm_kalman_em,pseudo,2022:Q4:pre_second:pseudo,2023-02-28,pre_second,2022:Q4,A,A,0.2849491618472571,5.551115123125783e-17,0.0660704321863066,4.536525082664713,True,3,0.02
revision_dfm_kalman_em,pseudo,2022:Q4:pre_second:pseudo,2023-02-28,pre_second,2022:Q4,A,M,0.15220740640154481,5.551115123125783e-17,0.0660704321863066,4.536525082664713,True,3,0.02
revision_dfm_kalman_em,pseudo,2022:Q4:pre_second:pseudo,2023-02-28,pre_second,2022:Q4,A,S,0.1515455328795228,5.551115123125783e-17,0.0660704321863066,4.536525082664713,True,3,0.02
revision_dfm_kalman_em,pseudo,2022:Q4:pre_second:pseudo,2023-02-28,pre_second,2022:Q4,A,T,0.151942656992736,5.551115123125783e-17,0.0660704321863066,4.536525082664713,True,3,0.02
revision_dfm_kalman_em,pseudo,2022:Q4:pre_second:pseudo,2023-02-28,pre_second,2022:Q4,M,A,0.15220740640154481,5.551115123125783e-17,0.0660704321863066,4.536525082664713,True,3,0.02
revision_dfm_kalman_em,pseudo,2022:Q4:pre_second:pseudo,2023-02-28,pre_second,2022:Q4,M,M,4.451786282108586,5.551115123125783e-17,0.0660704321863066,4.536525082664713,True,3,0.02
revision_dfm_kalman_em,pseudo,2022:Q4:pre_second:pseudo,2023-02-28,pre_second,2022:Q4,M,S,0.37470309540272784,5.551115123125783e-17,0.0660704321863066,4.536525082664713,True,3,0.02
revision_dfm_kalman_em,pseudo,2022:Q4:pre_second:pseudo,2023-02-28,pre_second,2022:Q4,M,T,0.3817292750553967,5.551115123125783e-17,0.0660704321863066,4.536525082664713,True,3,0.02
revision_dfm_kalman_em,pseudo,2022:Q4:pre_second:pseudo,2023-02-28,pre_second,2022:Q4,S,A,0.1515455328795228,5.551115123125783e-17,0.0660704321863066,4.536525082664713,True,3,0.02
revision_dfm_kalman_em,pseudo,2022:Q4:pre_second:pseudo,2023-02-28,pre_second,2022:Q4,S,M,0.37470309540272784,5.551115123125783e-17,0.0660704321863066,4.536525082664713,True,3,0.02
revision_dfm_kalman_em,pseudo,2022:Q4:pre_second:pseudo,2023-02-28,pre_second,2022:Q4,S,S,0.39090885779910095,5.551115123125783e-17,0.0660704321863066,4.536525082664713,True,3,0.02
revision_dfm_kalman_em,pseudo,2022:Q4:pre_second:pseudo,2023-02-28,pre_second,2022:Q4,S,T,0.37023994415226374,5.551115123125783e-17,0.0660704321863066,4.536525082664713,True,3,0.02
revision_dfm_kalman_em,pseudo,2022:Q4:pre_second:pseudo,2023-02-28,pre_second,2022:Q4,T,A,0.15194265699273599,5.551115123125783e-17,0.0660704321863066,4.536525082664713,True,3,0.02
revision_dfm_kalman_em,pseudo,2022:Q4:pre_second:pseudo,2023-02-28,pre_second,2022:Q4,T,M,0.3817292750553967,5.551115123125783e-17,0.0660704321863066,4.536525082664713,True,3,0.02
revision_dfm_kalman_em,pseudo,2022:Q4:pre_second:pseudo,2023-02-28,pre_second,2022:Q4,T,S,0.3702399441522637,5.551115123125783e-17,0.0660704321863066,4.536525082664713,True,3,0.02
revision_dfm_kalman_em,pseudo,2022:Q4:pre_second:pseudo,2023-02-28,pre_second,2022:Q4,T,T,0.49156855469741484,5.551115123125783e-17,0.0660704321863066,4.536525082664713,True,3,0.02
indicator_revision_only_dfm_kalman_em,exact,2022:Q4:pre_third:exact,2023-03-29,pre_third,2022:Q4,A,A,0.4120856085084023,0.0,0.030343272559436137,4.087325574052648,True,3,0.02
indicator_revision_only_dfm_kalman_em,exact,2022:Q4:pre_third:exact,2023-03-29,pre_third,2022:Q4,A,M,0.01621938344325507,0.0,0.030343272559436137,4.087325574052648,True,3,0.02
indicator_revision_only_dfm_kalman_em,exact,2022:Q4:pre_third:exact,2023-03-29,pre_third,2022:Q4,A,S,0.01621938344325507,0.0,0.030343272559436137,4.087325574052648,True,3,0.02
indicator_revision_only_dfm_kalman_em,exact,2022:Q4:pre_third:exact,2023-03-29,pre_third,2022:Q4,A,T,0.01621938344325507,0.0,0.030343272559436137,4.087325574052648,True,3,0.02
indicator_revision_only_dfm_kalman_em,exact,2022:Q4:pre_third:exact,2023-03-29,pre_third,2022:Q4,M,A,0.01621938344325507,0.0,0.030343272559436137,4.087325574052648,True,3,0.02
indicator_revision_only_dfm_kalman_em,exact,2022:Q4:pre_third:exact,2023-03-29,pre_third,2022:Q4,M,M,4.087120702519867,0.0,0.030343272559436137,4.087325574052648,True,3,0.02
indicator_revision_only_dfm_kalman_em,exact,2022:Q4:pre_third:exact,2023-03-29,pre_third,2022:Q4,M,S,0.01621938344325507,0.0,0.030343272559436137,4.087325574052648,True,3,0.02
indicator_revision_only_dfm_kalman_em,exact,2022:Q4:pre_third:exact,2023-03-29,pre_third,2022:Q4,M,T,0.01621938344325507,0.0,0.030343272559436137,4.087325574052648,True,3,0.02
indicator_revision_only_dfm_kalman_em,exact,2022:Q4:pre_third:exact,2023-03-29,pre_third,2022:Q4,S,A,0.01621938344325507,0.0,0.030343272559436137,4.087325574052648,True,3,0.02
indicator_revision_only_dfm_kalman_em,exact,2022:Q4:pre_third:exact,2023-03-29,pre_third,2022:Q4,S,M,0.01621938344325507,0.0,0.030343272559436137,4.087325574052648,True,3,0.02
indicator_revision_only_dfm_kalman_em,exact,2022:Q4:pre_third:exact,2023-03-29,pre_third,2022:Q4,S,S,0.03323213208400504,0.0,0.030343272559436137,4.087325574052648,True,3,0.02
indicator_revision_only_dfm_kalman_em,exact,2022:Q4:pre_third:exact,2023-03-29,pre_third,2022:Q4,S,T,0.01621938344325507,0.0,0.030343272559436137,4.087325574052648,True,3,0.02
indicator_revision_only_dfm_kalman_em,exact,2022:Q4:pre_third:exact,2023-03-29,pre_third,2022:Q4,T,A,0.01621938344325507,0.0,0.030343272559436137,4.087325574052648,True,3,0.02
indicator_revision_only_dfm_kalman_em,exact,2022:Q4:pre_third:exact,2023-03-29,pre_third,2022:Q4,T,M,0.01621938344325507,0.0,0.030343272559436137,4.087325574052648,True,3,0.02
indicator_revision_only_dfm_kalman_em,exact,2022:Q4:pre_third:exact,2023-03-29,pre_third,2022:Q4,T,S,0.01621938344325507,0.0,0.030343272559436137,4.087325574052648,True,3,0.02
indicator_revision_only_dfm_kalman_em,exact,2022:Q4:pre_third:exact,2023-03-29,pre_third,2022:Q4,T,T,0.14292140669469044,0.0,0.030343272559436137,4.087325574052648,True,3,0.02
joint_indicator_revision_dfm_full_kalman_em,exact,2022:Q4:pre_third:exact,2023-03-29,pre_third,2022:Q4,A,A,0.20521536851860797,8.673617379884035e-19,0.03642746827099814,4.100531845261835,True,3,0.02
joint_indicator_revision_dfm_full_kalman_em,exact,2022:Q4:pre_third:exact,2023-03-29,pre_third,2022:Q4,A,M,0.005532568573270664,8.673617379884035e-19,0.03642746827099814,4.100531845261835,True,3,0.02
joint_indicator_revision_dfm_full_kalman_em,exact,2022:Q4:pre_third:exact,2023-03-29,pre_third,2022:Q4,A,S,0.008718861163982803,8.673617379884035e-19,0.03642746827099814,4.100531845261835,True,3,0.02
joint_indicator_revision_dfm_full_kalman_em,exact,2022:Q4:pre_third:exact,2023-03-29,pre_third,2022:Q4,A,T,0.00680708560955552,8.673617379884035e-19,0.03642746827099814,4.100531845261835,True,3,0.02
joint_indicator_revision_dfm_full_kalman_em,exact,2022:Q4:pre_third:exact,2023-03-29,pre_third,2022:Q4,M,A,0.005532568573270664,8.673617379884035e-19,0.03642746827099814,4.100531845261835,True,3,0.02
joint_indicator_revision_dfm_full_kalman_em,exact,2022:Q4:pre_third:exact,2023-03-29,pre_third,2022:Q4,M,M,4.100312163815007,8.673617379884035e-19,0.03642746827099814,4.100531845261835,True,3,0.02
joint_indicator_revision_dfm_full_kalman_em,exact,2022:Q4:pre_third:exact,2023-03-29,pre_third,2022:Q4,M,S,0.020306977788087016,8.673617379884035e-19,0.03642746827099814,4.100531845261835,True,3,0.02
joint_indicator_revision_dfm_full_kalman_em,exact,2022:Q4:pre_third:exact,2023-03-29,pre_third,2022:Q4,M,T,0.020773538079081215,8.673617379884035e-19,0.03642746827099814,4.100531845261835,True,3,0.02
joint_indicator_revision_dfm_full_kalman_em,exact,2022:Q4:pre_third:exact,2023-03-29,pre_third,2022:Q4,S,A,0.008718861163982803,8.673617379884035e-19,0.03642746827099814,4.100531845261835,True,3,0.02
joint_indicator_revision_dfm_full_kalman_em,exact,2022:Q4:pre_third:exact,2023-03-29,pre_third,2022:Q4,S,M,0.020306977788087016,8.673617379884035e-19,0.03642746827099814,4.100531845261835,True,3,0.02
joint_indicator_revision_dfm_full_kalman_em,exact,2022:Q4:pre_third:exact,2023-03-29,pre_third,2022:Q4,S,S,0.04070448716574449,8.673617379884035e-19,0.03642746827099814,4.100531845261835,True,3,0.02
joint_indicator_revision_dfm_full_kalman_em,exact,2022:Q4:pre_third:exact,2023-03-29,pre_third,2022:Q4,S,T,0.02007521545560493,8.673617379884035e-19,0.03642746827099814,4.100531845261835,True,3,0.02
joint_indicator_revision_dfm_full_kalman_em,exact,2022:Q4:pre_third:exact,2023-03-29,pre_third,2022:Q4,T,A,0.006807085609555519,8.673617379884035e-19,0.03642746827099814,4.100531845261835,True,3,0.02
joint_indicator_revision_dfm_full_kalman_em,exact,2022:Q4:pre_third:exact,2023-03-29,pre_third,2022:Q4,T,M,0.020773538079081215,8.673617379884035e-19,0.03642746827099814,4.100531845261835,True,3,0.02
joint_indicator_revision_dfm_full_kalman_em,exact,2022:Q4:pre_third:exact,2023-03-29,pre_third,2022:Q4,T,S,0.02007521545560493,8.673617379884035e-19,0.03642746827099814,4.100531845261835,True,3,0.02
joint_indicator_revision_dfm_full_kalman_em,exact,2022:Q4:pre_third:exact,2023-03-29,pre_third,2022:Q4,T,T,0.1400882236128815,8.673617379884035e-19,0.03642746827099814,4.100531845261835,True,3,0.02
monthly_mixed_frequency_kalman_em,exact,2022:Q4:pre_third:exact,2023-03-29,pre_third,2022:Q4,A,A,0.3105647257473231,0.0,0.057596045320935554,4.286937933986682,True,3,0.02
monthly_mixed_frequency_kalman_em,exact,2022:Q4:pre_third:exact,2023-03-29,pre_third,2022:Q4,A,M,-0.03942156045292983,0.0,0.057596045320935554,4.286937933986682,True,3,0.02
monthly_mixed_frequency_kalman_em,exact,2022:Q4:pre_third:exact,2023-03-29,pre_third,2022:Q4,A,S,0.030329141136078156,0.0,0.057596045320935554,4.286937933986682,True,3,0.02
monthly_mixed_frequency_kalman_em,exact,2022:Q4:pre_third:exact,2023-03-29,pre_third,2022:Q4,A,T,-0.0077166960942898245,0.0,0.057596045320935554,4.286937933986682,True,3,0.02
monthly_mixed_frequency_kalman_em,exact,2022:Q4:pre_third:exact,2023-03-29,pre_third,2022:Q4,M,A,-0.03942156045292983,0.0,0.057596045320935554,4.286937933986682,True,3,0.02
monthly_mixed_frequency_kalman_em,exact,2022:Q4:pre_third:exact,2023-03-29,pre_third,2022:Q4,M,M,4.28173413309987,0.0,0.057596045320935554,4.286937933986682,True,3,0.02
monthly_mixed_frequency_kalman_em,exact,2022:Q4:pre_third:exact,2023-03-29,pre_third,2022:Q4,M,S,0.06047508809072502,0.0,0.057596045320935554,4.286937933986682,True,3,0.02
monthly_mixed_frequency_kalman_em,exact,2022:Q4:pre_third:exact,2023-03-29,pre_third,2022:Q4,M,T,0.12707285378649494,0.0,0.057596045320935554,4.286937933986682,True,3,0.02
monthly_mixed_frequency_kalman_em,exact,2022:Q4:pre_third:exact,2023-03-29,pre_third,2022:Q4,S,A,0.030329141136078156,0.0,0.057596045320935554,4.286937933986682,True,3,0.02
monthly_mixed_frequency_kalman_em,exact,2022:Q4:pre_third:exact,2023-03-29,pre_third,2022:Q4,S,M,0.06047508809072502,0.0,0.057596045320935554,4.286937933986682,True,3,0.02
monthly_mixed_frequency_kalman_em,exact,2022:Q4:pre_third:exact,2023-03-29,pre_third,2022:Q4,S,S,0.09519124827931007,0.0,0.057596045320935554,4.286937933986682,True,3,0.02
monthly_mixed_frequency_kalman_em,exact,2022:Q4:pre_third:exact,2023-03-29,pre_third,2022:Q4,S,T,0.052938601352063304,0.0,0.057596045320935554,4.286937933986682,True,3,0.02
monthly_mixed_frequency_kalman_em,exact,2022:Q4:pre_third:exact,2023-03-29,pre_third,2022:Q4,T,A,-0.0077166960942898245,0.0,0.057596045320935554,4.286937933986682,True,3,0.02
monthly_mixed_frequency_kalman_em,exact,2022:Q4:pre_third:exact,2023-03-29,pre_third,2022:Q4,T,M,0.12707285378649494,0.0,0.057596045320935554,4.286937933986682,True,3,0.02
monthly_mixed_frequency_kalman_em,exact,2022:Q4:pre_third:exact,2023-03-29,pre_third,2022:Q4,T,S,0.052938601352063304,0.0,0.057596045320935554,4.286937933986682,True,3,0.02
monthly_mixed_frequency_kalman_em,exact,2022:Q4:pre_third:exact,2023-03-29,pre_third,2022:Q4,T,T,0.1433902841872763,0.0,0.057596045320935554,4.286937933986682,True,3,0.02
revision_dfm_kalman_em,exact,2022:Q4:pre_third:exact,2023-03-29,pre_third,2022:Q4,A,A,0.22556226835397014,3.469446951953614e-18,0.044242464461872716,4.093271993683523,True,3,0.02
revision_dfm_kalman_em,exact,2022:Q4:pre_third:exact,2023-03-29,pre_third,2022:Q4,A,M,0.006683902630230481,3.469446951953614e-18,0.044242464461872716,4.093271993683523,True,3,0.02
revision_dfm_kalman_em,exact,2022:Q4:pre_third:exact,2023-03-29,pre_third,2022:Q4,A,S,0.010337270737078358,3.469446951953614e-18,0.044242464461872716,4.093271993683523,True,3,0.02
revision_dfm_kalman_em,exact,2022:Q4:pre_third:exact,2023-03-29,pre_third,2022:Q4,A,T,0.00814524987296963,3.469446951953614e-18,0.044242464461872716,4.093271993683523,True,3,0.02
revision_dfm_kalman_em,exact,2022:Q4:pre_third:exact,2023-03-29,pre_third,2022:Q4,M,A,0.006683902630230481,3.469446951953614e-18,0.044242464461872716,4.093271993683523,True,3,0.02
revision_dfm_kalman_em,exact,2022:Q4:pre_third:exact,2023-03-29,pre_third,2022:Q4,M,M,4.092925318461391,3.469446951953614e-18,0.044242464461872716,4.093271993683523,True,3,0.02
revision_dfm_kalman_em,exact,2022:Q4:pre_third:exact,2023-03-29,pre_third,2022:Q4,M,S,0.02547895701407847,3.469446951953614e-18,0.044242464461872716,4.093271993683523,True,3,0.02
revision_dfm_kalman_em,exact,2022:Q4:pre_third:exact,2023-03-29,pre_third,2022:Q4,M,T,0.026072485047252618,3.469446951953614e-18,0.044242464461872716,4.093271993683523,True,3,0.02
revision_dfm_kalman_em,exact,2022:Q4:pre_third:exact,2023-03-29,pre_third,2022:Q4,S,A,0.010337270737078356,3.469446951953614e-18,0.044242464461872716,4.093271993683523,True,3,0.02
revision_dfm_kalman_em,exact,2022:Q4:pre_third:exact,2023-03-29,pre_third,2022:Q4,S,M,0.02547895701407847,3.469446951953614e-18,0.044242464461872716,4.093271993683523,True,3,0.02
revision_dfm_kalman_em,exact,2022:Q4:pre_third:exact,2023-03-29,pre_third,2022:Q4,S,S,0.051256258744599596,3.469446951953614e-18,0.044242464461872716,4.093271993683523,True,3,0.02
revision_dfm_kalman_em,exact,2022:Q4:pre_third:exact,2023-03-29,pre_third,2022:Q4,S,T,0.02517612328853847,3.469446951953614e-18,0.044242464461872716,4.093271993683523,True,3,0.02
revision_dfm_kalman_em,exact,2022:Q4:pre_third:exact,2023-03-29,pre_third,2022:Q4,T,A,0.008145249872969627,3.469446951953614e-18,0.044242464461872716,4.093271993683523,True,3,0.02
revision_dfm_kalman_em,exact,2022:Q4:pre_third:exact,2023-03-29,pre_third,2022:Q4,T,M,0.026072485047252618,3.469446951953614e-18,0.044242464461872716,4.093271993683523,True,3,0.02
revision_dfm_kalman_em,exact,2022:Q4:pre_third:exact,2023-03-29,pre_third,2022:Q4,T,S,0.025176123288538466,3.469446951953614e-18,0.044242464461872716,4.093271993683523,True,3,0.02
revision_dfm_kalman_em,exact,2022:Q4:pre_third:exact,2023-03-29,pre_third,2022:Q4,T,T,0.14093019778231364,3.469446951953614e-18,0.044242464461872716,4.093271993683523,True,3,0.02
indicator_revision_only_dfm_kalman_em,pseudo,2022:Q4:pre_third:pseudo,2023-03-31,pre_third,2022:Q4,A,A,0.4120856050858553,0.0,0.03034307593932274,4.087325364079142,True,3,0.02
indicator_revision_only_dfm_kalman_em,pseudo,2022:Q4:pre_third:pseudo,2023-03-31,pre_third,2022:Q4,A,M,0.016219263880173473,0.0,0.03034307593932274,4.087325364079142,True,3,0.02
indicator_revision_only_dfm_kalman_em,pseudo,2022:Q4:pre_third:pseudo,2023-03-31,pre_third,2022:Q4,A,S,0.016219263880173473,0.0,0.03034307593932274,4.087325364079142,True,3,0.02
indicator_revision_only_dfm_kalman_em,pseudo,2022:Q4:pre_third:pseudo,2023-03-31,pre_third,2022:Q4,A,T,0.016219263880173473,0.0,0.03034307593932274,4.087325364079142,True,3,0.02
indicator_revision_only_dfm_kalman_em,pseudo,2022:Q4:pre_third:pseudo,2023-03-31,pre_third,2022:Q4,M,A,0.016219263880173473,0.0,0.03034307593932274,4.087325364079142,True,3,0.02
indicator_revision_only_dfm_kalman_em,pseudo,2022:Q4:pre_third:pseudo,2023-03-31,pre_third,2022:Q4,M,M,4.087120495572822,0.0,0.03034307593932274,4.087325364079142,True,3,0.02
indicator_revision_only_dfm_kalman_em,pseudo,2022:Q4:pre_third:pseudo,2023-03-31,pre_third,2022:Q4,M,S,0.016219263880173473,0.0,0.03034307593932274,4.087325364079142,True,3,0.02
indicator_revision_only_dfm_kalman_em,pseudo,2022:Q4:pre_third:pseudo,2023-03-31,pre_third,2022:Q4,M,T,0.016219263880173473,0.0,0.03034307593932274,4.087325364079142,True,3,0.02
indicator_revision_only_dfm_kalman_em,pseudo,2022:Q4:pre_third:pseudo,2023-03-31,pre_third,2022:Q4,S,A,0.016219263880173473,0.0,0.03034307593932274,4.087325364079142,True,3,0.02
indicator_revision_only_dfm_kalman_em,pseudo,2022:Q4:pre_third:pseudo,2023-03-31,pre_third,2022:Q4,S,M,0.016219263880173473,0.0,0.03034307593932274,4.087325364079142,True,3,0.02
indicator_revision_only_dfm_kalman_em,pseudo,2022:Q4:pre_third:pseudo,2023-03-31,pre_third,2022:Q4,S,S,0.033231890740125385,0.0,0.03034307593932274,4.087325364079142,True,3,0.02
indicator_revision_only_dfm_kalman_em,pseudo,2022:Q4:pre_third:pseudo,2023-03-31,pre_third,2022:Q4,S,T,0.016219263880173473,0.0,0.03034307593932274,4.087325364079142,True,3,0.02
indicator_revision_only_dfm_kalman_em,pseudo,2022:Q4:pre_third:pseudo,2023-03-31,pre_third,2022:Q4,T,A,0.016219263880173473,0.0,0.03034307593932274,4.087325364079142,True,3,0.02
indicator_revision_only_dfm_kalman_em,pseudo,2022:Q4:pre_third:pseudo,2023-03-31,pre_third,2022:Q4,T,M,0.016219263880173473,0.0,0.03034307593932274,4.087325364079142,True,3,0.02
indicator_revision_only_dfm_kalman_em,pseudo,2022:Q4:pre_third:pseudo,2023-03-31,pre_third,2022:Q4,T,S,0.016219263880173473,0.0,0.03034307593932274,4.087325364079142,True,3,0.02
indicator_revision_only_dfm_kalman_em,pseudo,2022:Q4:pre_third:pseudo,2023-03-31,pre_third,2022:Q4,T,T,0.14292137833895235,0.0,0.03034307593932274,4.087325364079142,True,3,0.02
joint_indicator_revision_dfm_full_kalman_em,pseudo,2022:Q4:pre_third:pseudo,2023-03-31,pre_third,2022:Q4,A,A,0.20513880625667294,1.734723475976807e-18,0.03643089005037108,4.100525725029099,True,3,0.02
joint_indicator_revision_dfm_full_kalman_em,pseudo,2022:Q4:pre_third:pseudo,2023-03-31,pre_third,2022:Q4,A,M,0.005527323502717056,1.734723475976807e-18,0.03643089005037108,4.100525725029099,True,3,0.02
joint_indicator_revision_dfm_full_kalman_em,pseudo,2022:Q4:pre_third:pseudo,2023-03-31,pre_third,2022:Q4,A,S,0.00871414583140941,1.734723475976807e-18,0.03643089005037108,4.100525725029099,True,3,0.02
joint_indicator_revision_dfm_full_kalman_em,pseudo,2022:Q4:pre_third:pseudo,2023-03-31,pre_third,2022:Q4,A,T,0.006802052434193997,1.734723475976807e-18,0.03643089005037108,4.100525725029099,True,3,0.02
joint_indicator_revision_dfm_full_kalman_em,pseudo,2022:Q4:pre_third:pseudo,2023-03-31,pre_third,2022:Q4,M,A,0.005527323502717056,1.734723475976807e-18,0.03643089005037108,4.100525725029099,True,3,0.02
joint_indicator_revision_dfm_full_kalman_em,pseudo,2022:Q4:pre_third:pseudo,2023-03-31,pre_third,2022:Q4,M,M,4.10030600782929,1.734723475976807e-18,0.03643089005037108,4.100525725029099,True,3,0.02
joint_indicator_revision_dfm_full_kalman_em,pseudo,2022:Q4:pre_third:pseudo,2023-03-31,pre_third,2022:Q4,M,S,0.020309312011481607,1.734723475976807e-18,0.03643089005037108,4.100525725029099,True,3,0.02
joint_indicator_revision_dfm_full_kalman_em,pseudo,2022:Q4:pre_third:pseudo,2023-03-31,pre_third,2022:Q4,M,T,0.020776111648600486,1.734723475976807e-18,0.03643089005037108,4.100525725029099,True,3,0.02
joint_indicator_revision_dfm_full_kalman_em,pseudo,2022:Q4:pre_third:pseudo,2023-03-31,pre_third,2022:Q4,S,A,0.008714145831409408,1.734723475976807e-18,0.03643089005037108,4.100525725029099,True,3,0.02
joint_indicator_revision_dfm_full_kalman_em,pseudo,2022:Q4:pre_third:pseudo,2023-03-31,pre_third,2022:Q4,S,M,0.020309312011481607,1.734723475976807e-18,0.03643089005037108,4.100525725029099,True,3,0.02
joint_indicator_revision_dfm_full_kalman_em,pseudo,2022:Q4:pre_third:pseudo,2023-03-31,pre_third,2022:Q4,S,S,0.0407087472315873,1.734723475976807e-18,0.03643089005037108,4.100525725029099,True,3,0.02
joint_indicator_revision_dfm_full_kalman_em,pseudo,2022:Q4:pre_third:pseudo,2023-03-31,pre_third,2022:Q4,S,T,0.02007740868788016,1.734723475976807e-18,0.03643089005037108,4.100525725029099,True,3,0.02
joint_indicator_revision_dfm_full_kalman_em,pseudo,2022:Q4:pre_third:pseudo,2023-03-31,pre_third,2022:Q4,T,A,0.006802052434193995,1.734723475976807e-18,0.03643089005037108,4.100525725029099,True,3,0.02
joint_indicator_revision_dfm_full_kalman_em,pseudo,2022:Q4:pre_third:pseudo,2023-03-31,pre_third,2022:Q4,T,M,0.020776111648600486,1.734723475976807e-18,0.03643089005037108,4.100525725029099,True,3,0.02
joint_indicator_revision_dfm_full_kalman_em,pseudo,2022:Q4:pre_third:pseudo,2023-03-31,pre_third,2022:Q4,T,S,0.02007740868788016,1.734723475976807e-18,0.03643089005037108,4.100525725029099,True,3,0.02
joint_indicator_revision_dfm_full_kalman_em,pseudo,2022:Q4:pre_third:pseudo,2023-03-31,pre_third,2022:Q4,T,T,0.14008709963410154,1.734723475976807e-18,0.03643089005037108,4.100525725029099,True,3,0.02
monthly_mixed_frequency_kalman_em,pseudo,2022:Q4:pre_third:pseudo,2023-03-31,pre_third,2022:Q4,A,A,0.31056368764904607,0.0,0.05759611747319892,4.286939972714816,True,3,0.02
monthly_mixed_frequency_kalman_em,pseudo,2022:Q4:pre_third:pseudo,2023-03-31,pre_third,2022:Q4,A,M,-0.039421418554881245,0.0,0.05759611747319892,4.286939972714816,True,3,0.02
monthly_mixed_frequency_kalman_em,pseudo,2022:Q4:pre_third:pseudo,2023-03-31,pre_third,2022:Q4,A,S,0.030329169113418094,0.0,0.05759611747319892,4.286939972714816,True,3,0.02
monthly_mixed_frequency_kalman_em,pseudo,2022:Q4:pre_third:pseudo,2023-03-31,pre_third,2022:Q4,A,T,-0.00771660597838154,0.0,0.05759611747319892,4.286939972714816,True,3,0.02
monthly_mixed_frequency_kalman_em,pseudo,2022:Q4:pre_third:pseudo,2023-03-31,pre_third,2022:Q4,M,A,-0.039421418554881245,0.0,0.05759611747319892,4.286939972714816,True,3,0.02
monthly_mixed_frequency_kalman_em,pseudo,2022:Q4:pre_third:pseudo,2023-03-31,pre_third,2022:Q4,M,M,4.281736136169666,0.0,0.05759611747319892,4.286939972714816,True,3,0.02
monthly_mixed_frequency_kalman_em,pseudo,2022:Q4:pre_third:pseudo,2023-03-31,pre_third,2022:Q4,M,S,0.06047544018468916,0.0,0.05759611747319892,4.286939972714816,True,3,0.02
monthly_mixed_frequency_kalman_em,pseudo,2022:Q4:pre_third:pseudo,2023-03-31,pre_third,2022:Q4,M,T,0.12707334601106945,0.0,0.05759611747319892,4.286939972714816,True,3,0.02
monthly_mixed_frequency_kalman_em,pseudo,2022:Q4:pre_third:pseudo,2023-03-31,pre_third,2022:Q4,S,A,0.030329169113418094,0.0,0.05759611747319892,4.286939972714816,True,3,0.02
monthly_mixed_frequency_kalman_em,pseudo,2022:Q4:pre_third:pseudo,2023-03-31,pre_third,2022:Q4,S,M,0.06047544018468916,0.0,0.05759611747319892,4.286939972714816,True,3,0.02
monthly_mixed_frequency_kalman_em,pseudo,2022:Q4:pre_third:pseudo,2023-03-31,pre_third,2022:Q4,S,S,0.09519166886741247,0.0,0.05759611747319892,4.286939972714816,True,3,0.02
monthly_mixed_frequency_kalman_em,pseudo,2022:Q4:pre_third:pseudo,2023-03-31,pre_third,2022:Q4,S,T,0.0529388724168714,0.0,0.05759611747319892,4.286939972714816,True,3,0.02
monthly_mixed_frequency_kalman_em,pseudo,2022:Q4:pre_third:pseudo,2023-03-31,pre_third,2022:Q4,T,A,-0.00771660597838154,0.0,0.05759611747319892,4.286939972714816,True,3,0.02
monthly_mixed_frequency_kalman_em,pseudo,2022:Q4:pre_third:pseudo,2023-03-31,pre_third,2022:Q4,T,M,0.12707334601106945,0.0,0.05759611747319892,4.286939972714816,True,3,0.02
monthly_mixed_frequency_kalman_em,pseudo,2022:Q4:pre_third:pseudo,2023-03-31,pre_third,2022:Q4,T,S,0.0529388724168714,0.0,0.05759611747319892,4.286939972714816,True,3,0.02
monthly_mixed_frequency_kalman_em,pseudo,2022:Q4:pre_third:pseudo,2023-03-31,pre_third,2022:Q4,T,T,0.1433903780235785,0.0,0.05759611747319892,4.286939972714816,True,3,0.02
revision_dfm_kalman_em,pseudo,2022:Q4:pre_third:pseudo,2023-03-31,pre_third,2022:Q4,A,A,0.22556064394605366,1.734723475976807e-18,0.04424253274673336,4.093272388039258,True,3,0.02
revision_dfm_kalman_em,pseudo,2022:Q4:pre_third:pseudo,2023-03-31,pre_third,2022:Q4,A,M,0.006683905323444028,1.734723475976807e-18,0.04424253274673336,4.093272388039258,True,3,0.02
revision_dfm_kalman_em,pseudo,2022:Q4:pre_third:pseudo,2023-03-31,pre_third,2022:Q4,A,S,0.010337237748672479,1.734723475976807e-18,0.04424253274673336,4.093272388039258,True,3,0.02
revision_dfm_kalman_em,pseudo,2022:Q4:pre_third:pseudo,2023-03-31,pre_third,2022:Q4,A,T,0.008145238293535409,1.734723475976807e-18,0.04424253274673336,4.093272388039258,True,3,0.02
revision_dfm_kalman_em,pseudo,2022:Q4:pre_third:pseudo,2023-03-31,pre_third,2022:Q4,M,A,0.006683905323444028,1.734723475976807e-18,0.04424253274673336,4.093272388039258,True,3,0.02
revision_dfm_kalman_em,pseudo,2022:Q4:pre_third:pseudo,2023-03-31,pre_third,2022:Q4,M,M,4.092925711402873,1.734723475976807e-18,0.04424253274673336,4.093272388039258,True,3,0.02
revision_dfm_kalman_em,pseudo,2022:Q4:pre_third:pseudo,2023-03-31,pre_third,2022:Q4,M,S,0.025479011548452432,1.734723475976807e-18,0.04424253274673336,4.093272388039258,True,3,0.02
revision_dfm_kalman_em,pseudo,2022:Q4:pre_third:pseudo,2023-03-31,pre_third,2022:Q4,M,T,0.026072541218715856,1.734723475976807e-18,0.04424253274673336,4.093272388039258,True,3,0.02
revision_dfm_kalman_em,pseudo,2022:Q4:pre_third:pseudo,2023-03-31,pre_third,2022:Q4,S,A,0.010337237748672479,1.734723475976807e-18,0.04424253274673336,4.093272388039258,True,3,0.02
revision_dfm_kalman_em,pseudo,2022:Q4:pre_third:pseudo,2023-03-31,pre_third,2022:Q4,S,M,0.025479011548452432,1.734723475976807e-18,0.04424253274673336,4.093272388039258,True,3,0.02
revision_dfm_kalman_em,pseudo,2022:Q4:pre_third:pseudo,2023-03-31,pre_third,2022:Q4,S,S,0.05125636232086478,1.734723475976807e-18,0.04424253274673336,4.093272388039258,True,3,0.02
revision_dfm_kalman_em,pseudo,2022:Q4:pre_third:pseudo,2023-03-31,pre_third,2022:Q4,S,T,0.025176176072456834,1.734723475976807e-18,0.04424253274673336,4.093272388039258,True,3,0.02
revision_dfm_kalman_em,pseudo,2022:Q4:pre_third:pseudo,2023-03-31,pre_third,2022:Q4,T,A,0.008145238293535407,1.734723475976807e-18,0.04424253274673336,4.093272388039258,True,3,0.02
revision_dfm_kalman_em,pseudo,2022:Q4:pre_third:pseudo,2023-03-31,pre_third,2022:Q4,T,M,0.026072541218715856,1.734723475976807e-18,0.04424253274673336,4.093272388039258,True,3,0.02
revision_dfm_kalman_em,pseudo,2022:Q4:pre_third:pseudo,2023-03-31,pre_third,2022:Q4,T,S,0.025176176072456834,1.734723475976807e-18,0.04424253274673336,4.093272388039258,True,3,0.02
revision_dfm_kalman_em,pseudo,2022:Q4:pre_third:pseudo,2023-03-31,pre_third,2022:Q4,T,T,0.14093015535919842,1.734723475976807e-18,0.04424253274673336,4.093272388039258,True,3,0.02
indicator_revision_only_dfm_kalman_em,exact,2023:Q1:pre_advance:exact,2023-04-26,pre_advance,2023:Q1,A,A,4.166516704362928,0.0,0.06580123080253696,16.43988156553869,True,3,0.02
indicator_revision_only_dfm_kalman_em,exact,2023:Q1:pre_advance:exact,2023-04-26,pre_advance,2023:Q1,A,M,3.769731870858884,0.0,0.06580123080253696,16.43988156553869,True,3,0.02
indicator_revision_only_dfm_kalman_em,exact,2023:Q1:pre_advance:exact,2023-04-26,pre_advance,2023:Q1,A,S,3.769731870858884,0.0,0.06580123080253696,16.43988156553869,True,3,0.02
indicator_revision_only_dfm_kalman_em,exact,2023:Q1:pre_advance:exact,2023-04-26,pre_advance,2023:Q1,A,T,3.769731870858884,0.0,0.06580123080253696,16.43988156553869,True,3,0.02
indicator_revision_only_dfm_kalman_em,exact,2023:Q1:pre_advance:exact,2023-04-26,pre_advance,2023:Q1,M,A,3.769731870858884,0.0,0.06580123080253696,16.43988156553869,True,3,0.02
indicator_revision_only_dfm_kalman_em,exact,2023:Q1:pre_advance:exact,2023-04-26,pre_advance,2023:Q1,M,M,7.825973480024541,0.0,0.06580123080253696,16.43988156553869,True,3,0.02
indicator_revision_only_dfm_kalman_em,exact,2023:Q1:pre_advance:exact,2023-04-26,pre_advance,2023:Q1,M,S,3.769731870858884,0.0,0.06580123080253696,16.43988156553869,True,3,0.02
indicator_revision_only_dfm_kalman_em,exact,2023:Q1:pre_advance:exact,2023-04-26,pre_advance,2023:Q1,M,T,3.769731870858884,0.0,0.06580123080253696,16.43988156553869,True,3,0.02
indicator_revision_only_dfm_kalman_em,exact,2023:Q1:pre_advance:exact,2023-04-26,pre_advance,2023:Q1,S,A,3.769731870858884,0.0,0.06580123080253696,16.43988156553869,True,3,0.02
indicator_revision_only_dfm_kalman_em,exact,2023:Q1:pre_advance:exact,2023-04-26,pre_advance,2023:Q1,S,M,3.769731870858884,0.0,0.06580123080253696,16.43988156553869,True,3,0.02
indicator_revision_only_dfm_kalman_em,exact,2023:Q1:pre_advance:exact,2023-04-26,pre_advance,2023:Q1,S,S,3.7848306019935594,0.0,0.06580123080253696,16.43988156553869,True,3,0.02
indicator_revision_only_dfm_kalman_em,exact,2023:Q1:pre_advance:exact,2023-04-26,pre_advance,2023:Q1,S,T,3.769731870858884,0.0,0.06580123080253696,16.43988156553869,True,3,0.02
indicator_revision_only_dfm_kalman_em,exact,2023:Q1:pre_advance:exact,2023-04-26,pre_advance,2023:Q1,T,A,3.769731870858884,0.0,0.06580123080253696,16.43988156553869,True,3,0.02
indicator_revision_only_dfm_kalman_em,exact,2023:Q1:pre_advance:exact,2023-04-26,pre_advance,2023:Q1,T,M,3.769731870858884,0.0,0.06580123080253696,16.43988156553869,True,3,0.02
indicator_revision_only_dfm_kalman_em,exact,2023:Q1:pre_advance:exact,2023-04-26,pre_advance,2023:Q1,T,S,3.769731870858884,0.0,0.06580123080253696,16.43988156553869,True,3,0.02
indicator_revision_only_dfm_kalman_em,exact,2023:Q1:pre_advance:exact,2023-04-26,pre_advance,2023:Q1,T,T,3.8973159342377435,0.0,0.06580123080253696,16.43988156553869,True,3,0.02
joint_indicator_revision_dfm_full_kalman_em,exact,2023:Q1:pre_advance:exact,2023-04-26,pre_advance,2023:Q1,A,A,3.1036074277260544,0.0,0.06385416299514794,16.215193322340227,True,3,0.02
joint_indicator_revision_dfm_full_kalman_em,exact,2023:Q1:pre_advance:exact,2023-04-26,pre_advance,2023:Q1,A,M,3.3725206138732933,0.0,0.06385416299514794,16.215193322340227,True,3,0.02
joint_indicator_revision_dfm_full_kalman_em,exact,2023:Q1:pre_advance:exact,2023-04-26,pre_advance,2023:Q1,A,S,3.3505269564954543,0.0,0.06385416299514794,16.215193322340227,True,3,0.02
joint_indicator_revision_dfm_full_kalman_em,exact,2023:Q1:pre_advance:exact,2023-04-26,pre_advance,2023:Q1,A,T,3.3637231509221577,0.0,0.06385416299514794,16.215193322340227,True,3,0.02
joint_indicator_revision_dfm_full_kalman_em,exact,2023:Q1:pre_advance:exact,2023-04-26,pre_advance,2023:Q1,M,A,3.3725206138732933,0.0,0.06385416299514794,16.215193322340227,True,3,0.02
joint_indicator_revision_dfm_full_kalman_em,exact,2023:Q1:pre_advance:exact,2023-04-26,pre_advance,2023:Q1,M,M,8.078539124470973,0.0,0.06385416299514794,16.215193322340227,True,3,0.02
joint_indicator_revision_dfm_full_kalman_em,exact,2023:Q1:pre_advance:exact,2023-04-26,pre_advance,2023:Q1,M,S,3.9822636797412985,0.0,0.06385416299514794,16.215193322340227,True,3,0.02
joint_indicator_revision_dfm_full_kalman_em,exact,2023:Q1:pre_advance:exact,2023-04-26,pre_advance,2023:Q1,M,T,4.001518723926604,0.0,0.06385416299514794,16.215193322340227,True,3,0.02
joint_indicator_revision_dfm_full_kalman_em,exact,2023:Q1:pre_advance:exact,2023-04-26,pre_advance,2023:Q1,S,A,3.3505269564954543,0.0,0.06385416299514794,16.215193322340227,True,3,0.02
joint_indicator_revision_dfm_full_kalman_em,exact,2023:Q1:pre_advance:exact,2023-04-26,pre_advance,2023:Q1,S,M,3.9822636797412985,0.0,0.06385416299514794,16.215193322340227,True,3,0.02
joint_indicator_revision_dfm_full_kalman_em,exact,2023:Q1:pre_advance:exact,2023-04-26,pre_advance,2023:Q1,S,S,3.969464829029507,0.0,0.06385416299514794,16.215193322340227,True,3,0.02
joint_indicator_revision_dfm_full_kalman_em,exact,2023:Q1:pre_advance:exact,2023-04-26,pre_advance,2023:Q1,S,T,3.9696289452763818,0.0,0.06385416299514794,16.215193322340227,True,3,0.02
joint_indicator_revision_dfm_full_kalman_em,exact,2023:Q1:pre_advance:exact,2023-04-26,pre_advance,2023:Q1,T,A,3.3637231509221577,0.0,0.06385416299514794,16.215193322340227,True,3,0.02
joint_indicator_revision_dfm_full_kalman_em,exact,2023:Q1:pre_advance:exact,2023-04-26,pre_advance,2023:Q1,T,M,4.001518723926604,0.0,0.06385416299514794,16.215193322340227,True,3,0.02
joint_indicator_revision_dfm_full_kalman_em,exact,2023:Q1:pre_advance:exact,2023-04-26,pre_advance,2023:Q1,T,S,3.9696289452763818,0.0,0.06385416299514794,16.215193322340227,True,3,0.02
joint_indicator_revision_dfm_full_kalman_em,exact,2023:Q1:pre_advance:exact,2023-04-26,pre_advance,2023:Q1,T,T,4.109900378082624,0.0,0.06385416299514794,16.215193322340227,True,3,0.02
monthly_mixed_frequency_kalman_em,exact,2023:Q1:pre_advance:exact,2023-04-26,pre_advance,2023:Q1,A,A,4.569839209824656,0.0,0.06079298584638282,19.045879124677676,True,3,0.02
monthly_mixed_frequency_kalman_em,exact,2023:Q1:pre_advance:exact,2023-04-26,pre_advance,2023:Q1,A,M,4.28771594301019,0.0,0.06079298584638282,19.045879124677676,True,3,0.02
monthly_mixed_frequency_kalman_em,exact,2023:Q1:pre_advance:exact,2023-04-26,pre_advance,2023:Q1,A,S,4.319687938278402,0.0,0.06079298584638282,19.045879124677676,True,3,0.02
monthly_mixed_frequency_kalman_em,exact,2023:Q1:pre_advance:exact,2023-04-26,pre_advance,2023:Q1,A,T,4.302248668132104,0.0,0.06079298584638282,19.045879124677676,True,3,0.02
monthly_mixed_frequency_kalman_em,exact,2023:Q1:pre_advance:exact,2023-04-26,pre_advance,2023:Q1,M,A,4.28771594301019,0.0,0.06079298584638282,19.045879124677676,True,3,0.02
monthly_mixed_frequency_kalman_em,exact,2023:Q1:pre_advance:exact,2023-04-26,pre_advance,2023:Q1,M,M,8.786175720066458,0.0,0.06079298584638282,19.045879124677676,True,3,0.02
monthly_mixed_frequency_kalman_em,exact,2023:Q1:pre_advance:exact,2023-04-26,pre_advance,2023:Q1,M,S,4.477304222894799,0.0,0.06079298584638282,19.045879124677676,True,3,0.02
monthly_mixed_frequency_kalman_em,exact,2023:Q1:pre_advance:exact,2023-04-26,pre_advance,2023:Q1,M,T,4.603696409484537,0.0,0.06079298584638282,19.045879124677676,True,3,0.02
monthly_mixed_frequency_kalman_em,exact,2023:Q1:pre_advance:exact,2023-04-26,pre_advance,2023:Q1,S,A,4.319687938278402,0.0,0.06079298584638282,19.045879124677676,True,3,0.02
monthly_mixed_frequency_kalman_em,exact,2023:Q1:pre_advance:exact,2023-04-26,pre_advance,2023:Q1,S,M,4.477304222894799,0.0,0.06079298584638282,19.045879124677676,True,3,0.02
monthly_mixed_frequency_kalman_em,exact,2023:Q1:pre_advance:exact,2023-04-26,pre_advance,2023:Q1,S,S,4.441059929758004,0.0,0.06079298584638282,19.045879124677676,True,3,0.02
monthly_mixed_frequency_kalman_em,exact,2023:Q1:pre_advance:exact,2023-04-26,pre_advance,2023:Q1,S,T,4.4379001517407,0.0,0.06079298584638282,19.045879124677676,True,3,0.02
monthly_mixed_frequency_kalman_em,exact,2023:Q1:pre_advance:exact,2023-04-26,pre_advance,2023:Q1,T,A,4.302248668132104,0.0,0.06079298584638282,19.045879124677676,True,3,0.02
monthly_mixed_frequency_kalman_em,exact,2023:Q1:pre_advance:exact,2023-04-26,pre_advance,2023:Q1,T,M,4.603696409484537,0.0,0.06079298584638282,19.045879124677676,True,3,0.02
monthly_mixed_frequency_kalman_em,exact,2023:Q1:pre_advance:exact,2023-04-26,pre_advance,2023:Q1,T,S,4.4379001517407,0.0,0.06079298584638282,19.045879124677676,True,3,0.02
monthly_mixed_frequency_kalman_em,exact,2023:Q1:pre_advance:exact,2023-04-26,pre_advance,2023:Q1,T,T,4.579443663464689,0.0,0.06079298584638282,19.045879124677676,True,3,0.02
revision_dfm_kalman_em,exact,2023:Q1:pre_advance:exact,2023-04-26,pre_advance,2023:Q1,A,A,3.015985279792313,0.0,0.0661042093350121,15.0429163334919,True,3,0.02
revision_dfm_kalman_em,exact,2023:Q1:pre_advance:exact,2023-04-26,pre_advance,2023:Q1,A,M,3.1417256196924255,0.0,0.0661042093350121,15.0429163334919,True,3,0.02
revision_dfm_kalman_em,exact,2023:Q1:pre_advance:exact,2023-04-26,pre_advance,2023:Q1,A,S,3.1281500074594644,0.0,0.0661042093350121,15.0429163334919,True,3,0.02
revision_dfm_kalman_em,exact,2023:Q1:pre_advance:exact,2023-04-26,pre_advance,2023:Q1,A,T,3.136295374799241,0.0,0.0661042093350121,15.0429163334919,True,3,0.02
revision_dfm_kalman_em,exact,2023:Q1:pre_advance:exact,2023-04-26,pre_advance,2023:Q1,M,A,3.1417256196924255,0.0,0.0661042093350121,15.0429163334919,True,3,0.02
revision_dfm_kalman_em,exact,2023:Q1:pre_advance:exact,2023-04-26,pre_advance,2023:Q1,M,M,7.705190581911367,0.0,0.0661042093350121,15.0429163334919,True,3,0.02
revision_dfm_kalman_em,exact,2023:Q1:pre_advance:exact,2023-04-26,pre_advance,2023:Q1,M,S,3.631501765626078,0.0,0.0661042093350121,15.0429163334919,True,3,0.02
revision_dfm_kalman_em,exact,2023:Q1:pre_advance:exact,2023-04-26,pre_advance,2023:Q1,M,T,3.646968380760825,0.0,0.0661042093350121,15.0429163334919,True,3,0.02
revision_dfm_kalman_em,exact,2023:Q1:pre_advance:exact,2023-04-26,pre_advance,2023:Q1,S,A,3.1281500074594644,0.0,0.0661042093350121,15.0429163334919,True,3,0.02
revision_dfm_kalman_em,exact,2023:Q1:pre_advance:exact,2023-04-26,pre_advance,2023:Q1,S,M,3.631501765626078,0.0,0.0661042093350121,15.0429163334919,True,3,0.02
revision_dfm_kalman_em,exact,2023:Q1:pre_advance:exact,2023-04-26,pre_advance,2023:Q1,S,S,3.6326970076816605,0.0,0.0661042093350121,15.0429163334919,True,3,0.02
revision_dfm_kalman_em,exact,2023:Q1:pre_advance:exact,2023-04-26,pre_advance,2023:Q1,S,T,3.6214347304627457,0.0,0.0661042093350121,15.0429163334919,True,3,0.02
revision_dfm_kalman_em,exact,2023:Q1:pre_advance:exact,2023-04-26,pre_advance,2023:Q1,T,A,3.136295374799241,0.0,0.0661042093350121,15.0429163334919,True,3,0.02
revision_dfm_kalman_em,exact,2023:Q1:pre_advance:exact,2023-04-26,pre_advance,2023:Q1,T,M,3.646968380760825,0.0,0.0661042093350121,15.0429163334919,True,3,0.02
revision_dfm_kalman_em,exact,2023:Q1:pre_advance:exact,2023-04-26,pre_advance,2023:Q1,T,S,3.6214347304627457,0.0,0.0661042093350121,15.0429163334919,True,3,0.02
revision_dfm_kalman_em,exact,2023:Q1:pre_advance:exact,2023-04-26,pre_advance,2023:Q1,T,T,3.7515681182374974,0.0,0.0661042093350121,15.0429163334919,True,3,0.02
indicator_revision_only_dfm_kalman_em,pseudo,2023:Q1:pre_advance:pseudo,2023-04-30,pre_advance,2023:Q1,A,A,4.166581555168716,0.0,0.06580121413923364,16.44013650832849,True,3,0.02
indicator_revision_only_dfm_kalman_em,pseudo,2023:Q1:pre_advance:pseudo,2023-04-30,pre_advance,2023:Q1,A,M,3.7697965993558014,0.0,0.06580121413923364,16.44013650832849,True,3,0.02
indicator_revision_only_dfm_kalman_em,pseudo,2023:Q1:pre_advance:pseudo,2023-04-30,pre_advance,2023:Q1,A,S,3.7697965993558014,0.0,0.06580121413923364,16.44013650832849,True,3,0.02
indicator_revision_only_dfm_kalman_em,pseudo,2023:Q1:pre_advance:pseudo,2023-04-30,pre_advance,2023:Q1,A,T,3.7697965993558014,0.0,0.06580121413923364,16.44013650832849,True,3,0.02
indicator_revision_only_dfm_kalman_em,pseudo,2023:Q1:pre_advance:pseudo,2023-04-30,pre_advance,2023:Q1,M,A,3.7697965993558014,0.0,0.06580121413923364,16.44013650832849,True,3,0.02
indicator_revision_only_dfm_kalman_em,pseudo,2023:Q1:pre_advance:pseudo,2023-04-30,pre_advance,2023:Q1,M,M,7.826038353044283,0.0,0.06580121413923364,16.44013650832849,True,3,0.02
indicator_revision_only_dfm_kalman_em,pseudo,2023:Q1:pre_advance:pseudo,2023-04-30,pre_advance,2023:Q1,M,S,3.7697965993558014,0.0,0.06580121413923364,16.44013650832849,True,3,0.02
indicator_revision_only_dfm_kalman_em,pseudo,2023:Q1:pre_advance:pseudo,2023-04-30,pre_advance,2023:Q1,M,T,3.7697965993558014,0.0,0.06580121413923364,16.44013650832849,True,3,0.02
indicator_revision_only_dfm_kalman_em,pseudo,2023:Q1:pre_advance:pseudo,2023-04-30,pre_advance,2023:Q1,S,A,3.7697965993558014,0.0,0.06580121413923364,16.44013650832849,True,3,0.02
indicator_revision_only_dfm_kalman_em,pseudo,2023:Q1:pre_advance:pseudo,2023-04-30,pre_advance,2023:Q1,S,M,3.7697965993558014,0.0,0.06580121413923364,16.44013650832849,True,3,0.02
indicator_revision_only_dfm_kalman_em,pseudo,2023:Q1:pre_advance:pseudo,2023-04-30,pre_advance,2023:Q1,S,S,3.784895297768119,0.0,0.06580121413923364,16.44013650832849,True,3,0.02
indicator_revision_only_dfm_kalman_em,pseudo,2023:Q1:pre_advance:pseudo,2023-04-30,pre_advance,2023:Q1,S,T,3.7697965993558014,0.0,0.06580121413923364,16.44013650832849,True,3,0.02
indicator_revision_only_dfm_kalman_em,pseudo,2023:Q1:pre_advance:pseudo,2023-04-30,pre_advance,2023:Q1,T,A,3.7697965993558014,0.0,0.06580121413923364,16.44013650832849,True,3,0.02
indicator_revision_only_dfm_kalman_em,pseudo,2023:Q1:pre_advance:pseudo,2023-04-30,pre_advance,2023:Q1,T,M,3.7697965993558014,0.0,0.06580121413923364,16.44013650832849,True,3,0.02
indicator_revision_only_dfm_kalman_em,pseudo,2023:Q1:pre_advance:pseudo,2023-04-30,pre_advance,2023:Q1,T,S,3.7697965993558014,0.0,0.06580121413923364,16.44013650832849,True,3,0.02
indicator_revision_only_dfm_kalman_em,pseudo,2023:Q1:pre_advance:pseudo,2023-04-30,pre_advance,2023:Q1,T,T,3.8973806476492765,0.0,0.06580121413923364,16.44013650832849,True,3,0.02
joint_indicator_revision_dfm_full_kalman_em,pseudo,2023:Q1:pre_advance:pseudo,2023-04-30,pre_advance,2023:Q1,A,A,3.103932760845586,0.0,0.06385414200131183,16.21636729141429,True,3,0.02
joint_indicator_revision_dfm_full_kalman_em,pseudo,2023:Q1:pre_advance:pseudo,2023-04-30,pre_advance,2023:Q1,A,M,3.372830844672926,0.0,0.06385414200131183,16.21636729141429,True,3,0.02
joint_indicator_revision_dfm_full_kalman_em,pseudo,2023:Q1:pre_advance:pseudo,2023-04-30,pre_advance,2023:Q1,A,S,3.3508391886557387,0.0,0.06385414200131183,16.21636729141429,True,3,0.02
joint_indicator_revision_dfm_full_kalman_em,pseudo,2023:Q1:pre_advance:pseudo,2023-04-30,pre_advance,2023:Q1,A,T,3.364034182266051,0.0,0.06385414200131183,16.21636729141429,True,3,0.02
joint_indicator_revision_dfm_full_kalman_em,pseudo,2023:Q1:pre_advance:pseudo,2023-04-30,pre_advance,2023:Q1,M,A,3.372830844672926,0.0,0.06385414200131183,16.21636729141429,True,3,0.02
joint_indicator_revision_dfm_full_kalman_em,pseudo,2023:Q1:pre_advance:pseudo,2023-04-30,pre_advance,2023:Q1,M,M,8.078832721598417,0.0,0.06385414200131183,16.21636729141429,True,3,0.02
joint_indicator_revision_dfm_full_kalman_em,pseudo,2023:Q1:pre_advance:pseudo,2023-04-30,pre_advance,2023:Q1,M,S,3.9825595498208526,0.0,0.06385414200131183,16.21636729141429,True,3,0.02
joint_indicator_revision_dfm_full_kalman_em,pseudo,2023:Q1:pre_advance:pseudo,2023-04-30,pre_advance,2023:Q1,M,T,4.001814140509734,0.0,0.06385414200131183,16.21636729141429,True,3,0.02
joint_indicator_revision_dfm_full_kalman_em,pseudo,2023:Q1:pre_advance:pseudo,2023-04-30,pre_advance,2023:Q1,S,A,3.3508391886557387,0.0,0.06385414200131183,16.21636729141429,True,3,0.02
joint_indicator_revision_dfm_full_kalman_em,pseudo,2023:Q1:pre_advance:pseudo,2023-04-30,pre_advance,2023:Q1,S,M,3.9825595498208526,0.0,0.06385414200131183,16.21636729141429,True,3,0.02
joint_indicator_revision_dfm_full_kalman_em,pseudo,2023:Q1:pre_advance:pseudo,2023-04-30,pre_advance,2023:Q1,S,S,3.9697618371189374,0.0,0.06385414200131183,16.21636729141429,True,3,0.02
joint_indicator_revision_dfm_full_kalman_em,pseudo,2023:Q1:pre_advance:pseudo,2023-04-30,pre_advance,2023:Q1,S,T,3.9699251425975506,0.0,0.06385414200131183,16.21636729141429,True,3,0.02
joint_indicator_revision_dfm_full_kalman_em,pseudo,2023:Q1:pre_advance:pseudo,2023-04-30,pre_advance,2023:Q1,T,A,3.364034182266051,0.0,0.06385414200131183,16.21636729141429,True,3,0.02
joint_indicator_revision_dfm_full_kalman_em,pseudo,2023:Q1:pre_advance:pseudo,2023-04-30,pre_advance,2023:Q1,T,M,4.001814140509734,0.0,0.06385414200131183,16.21636729141429,True,3,0.02
joint_indicator_revision_dfm_full_kalman_em,pseudo,2023:Q1:pre_advance:pseudo,2023-04-30,pre_advance,2023:Q1,T,S,3.9699251425975506,0.0,0.06385414200131183,16.21636729141429,True,3,0.02
joint_indicator_revision_dfm_full_kalman_em,pseudo,2023:Q1:pre_advance:pseudo,2023-04-30,pre_advance,2023:Q1,T,T,4.110195808123522,0.0,0.06385414200131183,16.21636729141429,True,3,0.02
monthly_mixed_frequency_kalman_em,pseudo,2023:Q1:pre_advance:pseudo,2023-04-30,pre_advance,2023:Q1,A,A,4.56972071804468,0.0,0.06079305375872911,19.045459804393182,True,3,0.02
monthly_mixed_frequency_kalman_em,pseudo,2023:Q1:pre_advance:pseudo,2023-04-30,pre_advance,2023:Q1,A,M,4.28760777378106,0.0,0.06079305375872911,19.045459804393182,True,3,0.02
monthly_mixed_frequency_kalman_em,pseudo,2023:Q1:pre_advance:pseudo,2023-04-30,pre_advance,2023:Q1,A,S,4.319575375764099,0.0,0.06079305375872911,19.045459804393182,True,3,0.02
monthly_mixed_frequency_kalman_em,pseudo,2023:Q1:pre_advance:pseudo,2023-04-30,pre_advance,2023:Q1,A,T,4.302138501955168,0.0,0.06079305375872911,19.045459804393182,True,3,0.02
monthly_mixed_frequency_kalman_em,pseudo,2023:Q1:pre_advance:pseudo,2023-04-30,pre_advance,2023:Q1,M,A,4.28760777378106,0.0,0.06079305375872911,19.045459804393182,True,3,0.02
monthly_mixed_frequency_kalman_em,pseudo,2023:Q1:pre_advance:pseudo,2023-04-30,pre_advance,2023:Q1,M,M,8.786078044537703,0.0,0.06079305375872911,19.045459804393182,True,3,0.02
monthly_mixed_frequency_kalman_em,pseudo,2023:Q1:pre_advance:pseudo,2023-04-30,pre_advance,2023:Q1,M,S,4.477200195399176,0.0,0.06079305375872911,19.045459804393182,True,3,0.02
monthly_mixed_frequency_kalman_em,pseudo,2023:Q1:pre_advance:pseudo,2023-04-30,pre_advance,2023:Q1,M,T,4.6035951431445845,0.0,0.06079305375872911,19.045459804393182,True,3,0.02
monthly_mixed_frequency_kalman_em,pseudo,2023:Q1:pre_advance:pseudo,2023-04-30,pre_advance,2023:Q1,S,A,4.319575375764099,0.0,0.06079305375872911,19.045459804393182,True,3,0.02
monthly_mixed_frequency_kalman_em,pseudo,2023:Q1:pre_advance:pseudo,2023-04-30,pre_advance,2023:Q1,S,M,4.477200195399176,0.0,0.06079305375872911,19.045459804393182,True,3,0.02
monthly_mixed_frequency_kalman_em,pseudo,2023:Q1:pre_advance:pseudo,2023-04-30,pre_advance,2023:Q1,S,S,4.440951522275423,0.0,0.06079305375872911,19.045459804393182,True,3,0.02
monthly_mixed_frequency_kalman_em,pseudo,2023:Q1:pre_advance:pseudo,2023-04-30,pre_advance,2023:Q1,S,T,4.437793990490406,0.0,0.06079305375872911,19.045459804393182,True,3,0.02
monthly_mixed_frequency_kalman_em,pseudo,2023:Q1:pre_advance:pseudo,2023-04-30,pre_advance,2023:Q1,T,A,4.302138501955168,0.0,0.06079305375872911,19.045459804393182,True,3,0.02
monthly_mixed_frequency_kalman_em,pseudo,2023:Q1:pre_advance:pseudo,2023-04-30,pre_advance,2023:Q1,T,M,4.6035951431445845,0.0,0.06079305375872911,19.045459804393182,True,3,0.02
monthly_mixed_frequency_kalman_em,pseudo,2023:Q1:pre_advance:pseudo,2023-04-30,pre_advance,2023:Q1,T,S,4.437793990490406,0.0,0.06079305375872911,19.045459804393182,True,3,0.02
monthly_mixed_frequency_kalman_em,pseudo,2023:Q1:pre_advance:pseudo,2023-04-30,pre_advance,2023:Q1,T,T,4.579340035511766,0.0,0.06079305375872911,19.045459804393182,True,3,0.02
revision_dfm_kalman_em,pseudo,2023:Q1:pre_advance:pseudo,2023-04-30,pre_advance,2023:Q1,A,A,3.015963788027246,4.440892098500626e-16,0.06610421350148059,15.042836496239955,True,3,0.02
revision_dfm_kalman_em,pseudo,2023:Q1:pre_advance:pseudo,2023-04-30,pre_advance,2023:Q1,A,M,3.1417046553132124,4.440892098500626e-16,0.06610421350148059,15.042836496239955,True,3,0.02
revision_dfm_kalman_em,pseudo,2023:Q1:pre_advance:pseudo,2023-04-30,pre_advance,2023:Q1,A,S,3.1281289934487226,4.440892098500626e-16,0.06610421350148059,15.042836496239955,True,3,0.02
revision_dfm_kalman_em,pseudo,2023:Q1:pre_advance:pseudo,2023-04-30,pre_advance,2023:Q1,A,T,3.1362743905674164,4.440892098500626e-16,0.06610421350148059,15.042836496239955,True,3,0.02
revision_dfm_kalman_em,pseudo,2023:Q1:pre_advance:pseudo,2023-04-30,pre_advance,2023:Q1,M,A,3.1417046553132124,4.440892098500626e-16,0.06610421350148059,15.042836496239955,True,3,0.02
revision_dfm_kalman_em,pseudo,2023:Q1:pre_advance:pseudo,2023-04-30,pre_advance,2023:Q1,M,M,7.705170365255432,4.440892098500626e-16,0.06610421350148059,15.042836496239955,True,3,0.02
revision_dfm_kalman_em,pseudo,2023:Q1:pre_advance:pseudo,2023-04-30,pre_advance,2023:Q1,M,S,3.6314814825776867,4.440892098500626e-16,0.06610421350148059,15.042836496239955,True,3,0.02
revision_dfm_kalman_em,pseudo,2023:Q1:pre_advance:pseudo,2023-04-30,pre_advance,2023:Q1,M,T,3.646948119228144,4.440892098500626e-16,0.06610421350148059,15.042836496239955,True,3,0.02
revision_dfm_kalman_em,pseudo,2023:Q1:pre_advance:pseudo,2023-04-30,pre_advance,2023:Q1,S,A,3.128128993448722,4.440892098500626e-16,0.06610421350148059,15.042836496239955,True,3,0.02
revision_dfm_kalman_em,pseudo,2023:Q1:pre_advance:pseudo,2023-04-30,pre_advance,2023:Q1,S,M,3.6314814825776867,4.440892098500626e-16,0.06610421350148059,15.042836496239955,True,3,0.02
revision_dfm_kalman_em,pseudo,2023:Q1:pre_advance:pseudo,2023-04-30,pre_advance,2023:Q1,S,S,3.632676674863681,4.440892098500626e-16,0.06610421350148059,15.042836496239955,True,3,0.02
revision_dfm_kalman_em,pseudo,2023:Q1:pre_advance:pseudo,2023-04-30,pre_advance,2023:Q1,S,T,3.6214144327951074,4.440892098500626e-16,0.06610421350148059,15.042836496239955,True,3,0.02
revision_dfm_kalman_em,pseudo,2023:Q1:pre_advance:pseudo,2023-04-30,pre_advance,2023:Q1,T,A,3.136274390567416,4.440892098500626e-16,0.06610421350148059,15.042836496239955,True,3,0.02
revision_dfm_kalman_em,pseudo,2023:Q1:pre_advance:pseudo,2023-04-30,pre_advance,2023:Q1,T,M,3.646948119228144,4.440892098500626e-16,0.06610421350148059,15.042836496239955,True,3,0.02
revision_dfm_kalman_em,pseudo,2023:Q1:pre_advance:pseudo,2023-04-30,pre_advance,2023:Q1,T,S,3.6214144327951074,4.440892098500626e-16,0.06610421350148059,15.042836496239955,True,3,0.02
revision_dfm_kalman_em,pseudo,2023:Q1:pre_advance:pseudo,2023-04-30,pre_advance,2023:Q1,T,T,3.751547863805198,4.440892098500626e-16,0.06610421350148059,15.042836496239955,True,3,0.02
indicator_revision_only_dfm_kalman_em,exact,2023:Q1:pre_second:exact,2023-05-24,pre_second,2023:Q1,A,A,0.7553984323295408,0.0,0.06207151991643968,4.5330167569144155,True,3,0.02
indicator_revision_only_dfm_kalman_em,exact,2023:Q1:pre_second:exact,2023-05-24,pre_second,2023:Q1,A,M,0.35875964626863194,0.0,0.06207151991643968,4.5330167569144155,True,3,0.02
indicator_revision_only_dfm_kalman_em,exact,2023:Q1:pre_second:exact,2023-05-24,pre_second,2023:Q1,A,S,0.35875964626863194,0.0,0.06207151991643968,4.5330167569144155,True,3,0.02
indicator_revision_only_dfm_kalman_em,exact,2023:Q1:pre_second:exact,2023-05-24,pre_second,2023:Q1,A,T,0.35875964626863194,0.0,0.06207151991643968,4.5330167569144155,True,3,0.02
indicator_revision_only_dfm_kalman_em,exact,2023:Q1:pre_second:exact,2023-05-24,pre_second,2023:Q1,M,A,0.35875964626863194,0.0,0.06207151991643968,4.5330167569144155,True,3,0.02
indicator_revision_only_dfm_kalman_em,exact,2023:Q1:pre_second:exact,2023-05-24,pre_second,2023:Q1,M,M,4.41497059332403,0.0,0.06207151991643968,4.5330167569144155,True,3,0.02
indicator_revision_only_dfm_kalman_em,exact,2023:Q1:pre_second:exact,2023-05-24,pre_second,2023:Q1,M,S,0.35875964626863194,0.0,0.06207151991643968,4.5330167569144155,True,3,0.02
indicator_revision_only_dfm_kalman_em,exact,2023:Q1:pre_second:exact,2023-05-24,pre_second,2023:Q1,M,T,0.35875964626863194,0.0,0.06207151991643968,4.5330167569144155,True,3,0.02
indicator_revision_only_dfm_kalman_em,exact,2023:Q1:pre_second:exact,2023-05-24,pre_second,2023:Q1,S,A,0.35875964626863194,0.0,0.06207151991643968,4.5330167569144155,True,3,0.02
indicator_revision_only_dfm_kalman_em,exact,2023:Q1:pre_second:exact,2023-05-24,pre_second,2023:Q1,S,M,0.35875964626863194,0.0,0.06207151991643968,4.5330167569144155,True,3,0.02
indicator_revision_only_dfm_kalman_em,exact,2023:Q1:pre_second:exact,2023-05-24,pre_second,2023:Q1,S,S,0.3738502346180612,0.0,0.06207151991643968,4.5330167569144155,True,3,0.02
indicator_revision_only_dfm_kalman_em,exact,2023:Q1:pre_second:exact,2023-05-24,pre_second,2023:Q1,S,T,0.35875964626863194,0.0,0.06207151991643968,4.5330167569144155,True,3,0.02
indicator_revision_only_dfm_kalman_em,exact,2023:Q1:pre_second:exact,2023-05-24,pre_second,2023:Q1,T,A,0.35875964626863194,0.0,0.06207151991643968,4.5330167569144155,True,3,0.02
indicator_revision_only_dfm_kalman_em,exact,2023:Q1:pre_second:exact,2023-05-24,pre_second,2023:Q1,T,M,0.35875964626863194,0.0,0.06207151991643968,4.5330167569144155,True,3,0.02
indicator_revision_only_dfm_kalman_em,exact,2023:Q1:pre_second:exact,2023-05-24,pre_second,2023:Q1,T,S,0.35875964626863194,0.0,0.06207151991643968,4.5330167569144155,True,3,0.02
indicator_revision_only_dfm_kalman_em,exact,2023:Q1:pre_second:exact,2023-05-24,pre_second,2023:Q1,T,T,0.4863682036150392,0.0,0.06207151991643968,4.5330167569144155,True,3,0.02
joint_indicator_revision_dfm_full_kalman_em,exact,2023:Q1:pre_second:exact,2023-05-24,pre_second,2023:Q1,A,A,0.35492747477155046,0.0,0.062371707082736254,4.4925964507736715,True,3,0.02
joint_indicator_revision_dfm_full_kalman_em,exact,2023:Q1:pre_second:exact,2023-05-24,pre_second,2023:Q1,A,M,0.19939014956372628,0.0,0.062371707082736254,4.4925964507736715,True,3,0.02
joint_indicator_revision_dfm_full_kalman_em,exact,2023:Q1:pre_second:exact,2023-05-24,pre_second,2023:Q1,A,S,0.19801470000315627,0.0,0.062371707082736254,4.4925964507736715,True,3,0.02
joint_indicator_revision_dfm_full_kalman_em,exact,2023:Q1:pre_second:exact,2023-05-24,pre_second,2023:Q1,A,T,0.19883996973949827,0.0,0.062371707082736254,4.4925964507736715,True,3,0.02
joint_indicator_revision_dfm_full_kalman_em,exact,2023:Q1:pre_second:exact,2023-05-24,pre_second,2023:Q1,M,A,0.19939014956372628,0.0,0.062371707082736254,4.4925964507736715,True,3,0.02
joint_indicator_revision_dfm_full_kalman_em,exact,2023:Q1:pre_second:exact,2023-05-24,pre_second,2023:Q1,M,M,4.4153851088721385,0.0,0.062371707082736254,4.4925964507736715,True,3,0.02
joint_indicator_revision_dfm_full_kalman_em,exact,2023:Q1:pre_second:exact,2023-05-24,pre_second,2023:Q1,M,S,0.34287562557323864,0.0,0.062371707082736254,4.4925964507736715,True,3,0.02
joint_indicator_revision_dfm_full_kalman_em,exact,2023:Q1:pre_second:exact,2023-05-24,pre_second,2023:Q1,M,T,0.3474067458682759,0.0,0.062371707082736254,4.4925964507736715,True,3,0.02
joint_indicator_revision_dfm_full_kalman_em,exact,2023:Q1:pre_second:exact,2023-05-24,pre_second,2023:Q1,S,A,0.19801470000315627,0.0,0.062371707082736254,4.4925964507736715,True,3,0.02
joint_indicator_revision_dfm_full_kalman_em,exact,2023:Q1:pre_second:exact,2023-05-24,pre_second,2023:Q1,S,M,0.34287562557323864,0.0,0.062371707082736254,4.4925964507736715,True,3,0.02
joint_indicator_revision_dfm_full_kalman_em,exact,2023:Q1:pre_second:exact,2023-05-24,pre_second,2023:Q1,S,S,0.3541420565438089,0.0,0.062371707082736254,4.4925964507736715,True,3,0.02
joint_indicator_revision_dfm_full_kalman_em,exact,2023:Q1:pre_second:exact,2023-05-24,pre_second,2023:Q1,S,T,0.339978407061837,0.0,0.062371707082736254,4.4925964507736715,True,3,0.02
joint_indicator_revision_dfm_full_kalman_em,exact,2023:Q1:pre_second:exact,2023-05-24,pre_second,2023:Q1,T,A,0.19883996973949827,0.0,0.062371707082736254,4.4925964507736715,True,3,0.02
joint_indicator_revision_dfm_full_kalman_em,exact,2023:Q1:pre_second:exact,2023-05-24,pre_second,2023:Q1,T,M,0.3474067458682759,0.0,0.062371707082736254,4.4925964507736715,True,3,0.02
joint_indicator_revision_dfm_full_kalman_em,exact,2023:Q1:pre_second:exact,2023-05-24,pre_second,2023:Q1,T,S,0.339978407061837,0.0,0.062371707082736254,4.4925964507736715,True,3,0.02
joint_indicator_revision_dfm_full_kalman_em,exact,2023:Q1:pre_second:exact,2023-05-24,pre_second,2023:Q1,T,T,0.46583172676568957,0.0,0.062371707082736254,4.4925964507736715,True,3,0.02
monthly_mixed_frequency_kalman_em,exact,2023:Q1:pre_second:exact,2023-05-24,pre_second,2023:Q1,A,A,0.43653160130569924,0.0,0.05805571584017618,4.901184582442516,True,3,0.02
monthly_mixed_frequency_kalman_em,exact,2023:Q1:pre_second:exact,2023-05-24,pre_second,2023:Q1,A,M,0.20988010326971787,0.0,0.05805571584017618,4.901184582442516,True,3,0.02
monthly_mixed_frequency_kalman_em,exact,2023:Q1:pre_second:exact,2023-05-24,pre_second,2023:Q1,A,S,0.2114558709990651,0.0,0.05805571584017618,4.901184582442516,True,3,0.02
monthly_mixed_frequency_kalman_em,exact,2023:Q1:pre_second:exact,2023-05-24,pre_second,2023:Q1,A,T,0.21059636132851206,0.0,0.05805571584017618,4.901184582442516,True,3,0.02
monthly_mixed_frequency_kalman_em,exact,2023:Q1:pre_second:exact,2023-05-24,pre_second,2023:Q1,M,A,0.20988010326971787,0.0,0.05805571584017618,4.901184582442516,True,3,0.02
monthly_mixed_frequency_kalman_em,exact,2023:Q1:pre_second:exact,2023-05-24,pre_second,2023:Q1,M,M,4.762957528334707,0.0,0.05805571584017618,4.901184582442516,True,3,0.02
monthly_mixed_frequency_kalman_em,exact,2023:Q1:pre_second:exact,2023-05-24,pre_second,2023:Q1,M,S,0.42403096332775086,0.0,0.05805571584017618,4.901184582442516,True,3,0.02
monthly_mixed_frequency_kalman_em,exact,2023:Q1:pre_second:exact,2023-05-24,pre_second,2023:Q1,M,T,0.5667982033664396,0.0,0.05805571584017618,4.901184582442516,True,3,0.02
monthly_mixed_frequency_kalman_em,exact,2023:Q1:pre_second:exact,2023-05-24,pre_second,2023:Q1,S,A,0.2114558709990651,0.0,0.05805571584017618,4.901184582442516,True,3,0.02
monthly_mixed_frequency_kalman_em,exact,2023:Q1:pre_second:exact,2023-05-24,pre_second,2023:Q1,S,M,0.42403096332775086,0.0,0.05805571584017618,4.901184582442516,True,3,0.02
monthly_mixed_frequency_kalman_em,exact,2023:Q1:pre_second:exact,2023-05-24,pre_second,2023:Q1,S,S,0.35757114357673675,0.0,0.05805571584017618,4.901184582442516,True,3,0.02
monthly_mixed_frequency_kalman_em,exact,2023:Q1:pre_second:exact,2023-05-24,pre_second,2023:Q1,S,T,0.3708871902455794,0.0,0.05805571584017618,4.901184582442516,True,3,0.02
monthly_mixed_frequency_kalman_em,exact,2023:Q1:pre_second:exact,2023-05-24,pre_second,2023:Q1,T,A,0.21059636132851206,0.0,0.05805571584017618,4.901184582442516,True,3,0.02
monthly_mixed_frequency_kalman_em,exact,2023:Q1:pre_second:exact,2023-05-24,pre_second,2023:Q1,T,M,0.5667982033664396,0.0,0.05805571584017618,4.901184582442516,True,3,0.02
monthly_mixed_frequency_kalman_em,exact,2023:Q1:pre_second:exact,2023-05-24,pre_second,2023:Q1,T,S,0.3708871902455794,0.0,0.05805571584017618,4.901184582442516,True,3,0.02
monthly_mixed_frequency_kalman_em,exact,2023:Q1:pre_second:exact,2023-05-24,pre_second,2023:Q1,T,T,0.5288968803650633,0.0,0.05805571584017618,4.901184582442516,True,3,0.02
revision_dfm_kalman_em,exact,2023:Q1:pre_second:exact,2023-05-24,pre_second,2023:Q1,A,A,0.28317583742889435,2.7755575615628914e-17,0.06625367695391225,4.507810478530926,True,3,0.02
revision_dfm_kalman_em,exact,2023:Q1:pre_second:exact,2023-05-24,pre_second,2023:Q1,A,M,0.1507034424434599,2.7755575615628914e-17,0.06625367695391225,4.507810478530926,True,3,0.02
revision_dfm_kalman_em,exact,2023:Q1:pre_second:exact,2023-05-24,pre_second,2023:Q1,A,S,0.15007306244124016,2.7755575615628914e-17,0.06625367695391225,4.507810478530926,True,3,0.02
revision_dfm_kalman_em,exact,2023:Q1:pre_second:exact,2023-05-24,pre_second,2023:Q1,A,T,0.15045129044257202,2.7755575615628914e-17,0.06625367695391225,4.507810478530926,True,3,0.02
revision_dfm_kalman_em,exact,2023:Q1:pre_second:exact,2023-05-24,pre_second,2023:Q1,M,A,0.1507034424434599,2.7755575615628914e-17,0.06625367695391225,4.507810478530926,True,3,0.02
revision_dfm_kalman_em,exact,2023:Q1:pre_second:exact,2023-05-24,pre_second,2023:Q1,M,M,4.424681136212345,2.7755575615628914e-17,0.06625367695391225,4.507810478530926,True,3,0.02
revision_dfm_kalman_em,exact,2023:Q1:pre_second:exact,2023-05-24,pre_second,2023:Q1,M,S,0.3700976319481902,2.7755575615628914e-17,0.06625367695391225,4.507810478530926,True,3,0.02
revision_dfm_kalman_em,exact,2023:Q1:pre_second:exact,2023-05-24,pre_second,2023:Q1,M,T,0.37702586951149747,2.7755575615628914e-17,0.06625367695391225,4.507810478530926,True,3,0.02
revision_dfm_kalman_em,exact,2023:Q1:pre_second:exact,2023-05-24,pre_second,2023:Q1,S,A,0.15007306244124016,2.7755575615628914e-17,0.06625367695391225,4.507810478530926,True,3,0.02
revision_dfm_kalman_em,exact,2023:Q1:pre_second:exact,2023-05-24,pre_second,2023:Q1,S,M,0.3700976319481902,2.7755575615628914e-17,0.06625367695391225,4.507810478530926,True,3,0.02
revision_dfm_kalman_em,exact,2023:Q1:pre_second:exact,2023-05-24,pre_second,2023:Q1,S,S,0.3879282252976454,2.7755575615628914e-17,0.06625367695391225,4.507810478530926,True,3,0.02
revision_dfm_kalman_em,exact,2023:Q1:pre_second:exact,2023-05-24,pre_second,2023:Q1,S,T,0.3656971405580512,2.7755575615628914e-17,0.06625367695391225,4.507810478530926,True,3,0.02
revision_dfm_kalman_em,exact,2023:Q1:pre_second:exact,2023-05-24,pre_second,2023:Q1,T,A,0.150451290442572,2.7755575615628914e-17,0.06625367695391225,4.507810478530926,True,3,0.02
revision_dfm_kalman_em,exact,2023:Q1:pre_second:exact,2023-05-24,pre_second,2023:Q1,T,M,0.37702586951149747,2.7755575615628914e-17,0.06625367695391225,4.507810478530926,True,3,0.02
revision_dfm_kalman_em,exact,2023:Q1:pre_second:exact,2023-05-24,pre_second,2023:Q1,T,S,0.3656971405580512,2.7755575615628914e-17,0.06625367695391225,4.507810478530926,True,3,0.02
revision_dfm_kalman_em,exact,2023:Q1:pre_second:exact,2023-05-24,pre_second,2023:Q1,T,T,0.48532047856897537,2.7755575615628914e-17,0.06625367695391225,4.507810478530926,True,3,0.02
indicator_revision_only_dfm_kalman_em,pseudo,2023:Q1:pre_second:pseudo,2023-05-31,pre_second,2023:Q1,A,A,0.755302226221996,0.0,0.062070666944430475,4.532847073777573,True,3,0.02
indicator_revision_only_dfm_kalman_em,pseudo,2023:Q1:pre_second:pseudo,2023-05-31,pre_second,2023:Q1,A,M,0.35867127913231295,0.0,0.062070666944430475,4.532847073777573,True,3,0.02
indicator_revision_only_dfm_kalman_em,pseudo,2023:Q1:pre_second:pseudo,2023-05-31,pre_second,2023:Q1,A,S,0.35867127913231295,0.0,0.062070666944430475,4.532847073777573,True,3,0.02
indicator_revision_only_dfm_kalman_em,pseudo,2023:Q1:pre_second:pseudo,2023-05-31,pre_second,2023:Q1,A,T,0.35867127913231295,0.0,0.062070666944430475,4.532847073777573,True,3,0.02
indicator_revision_only_dfm_kalman_em,pseudo,2023:Q1:pre_second:pseudo,2023-05-31,pre_second,2023:Q1,M,A,0.35867127913231295,0.0,0.062070666944430475,4.532847073777573,True,3,0.02
indicator_revision_only_dfm_kalman_em,pseudo,2023:Q1:pre_second:pseudo,2023-05-31,pre_second,2023:Q1,M,M,4.414862538009681,0.0,0.062070666944430475,4.532847073777573,True,3,0.02
indicator_revision_only_dfm_kalman_em,pseudo,2023:Q1:pre_second:pseudo,2023-05-31,pre_second,2023:Q1,M,S,0.35867127913231295,0.0,0.062070666944430475,4.532847073777573,True,3,0.02
indicator_revision_only_dfm_kalman_em,pseudo,2023:Q1:pre_second:pseudo,2023-05-31,pre_second,2023:Q1,M,T,0.35867127913231295,0.0,0.062070666944430475,4.532847073777573,True,3,0.02
indicator_revision_only_dfm_kalman_em,pseudo,2023:Q1:pre_second:pseudo,2023-05-31,pre_second,2023:Q1,S,A,0.35867127913231295,0.0,0.062070666944430475,4.532847073777573,True,3,0.02
indicator_revision_only_dfm_kalman_em,pseudo,2023:Q1:pre_second:pseudo,2023-05-31,pre_second,2023:Q1,S,M,0.35867127913231295,0.0,0.062070666944430475,4.532847073777573,True,3,0.02
indicator_revision_only_dfm_kalman_em,pseudo,2023:Q1:pre_second:pseudo,2023-05-31,pre_second,2023:Q1,S,S,0.37375786994254273,0.0,0.062070666944430475,4.532847073777573,True,3,0.02
indicator_revision_only_dfm_kalman_em,pseudo,2023:Q1:pre_second:pseudo,2023-05-31,pre_second,2023:Q1,S,T,0.35867127913231295,0.0,0.062070666944430475,4.532847073777573,True,3,0.02
indicator_revision_only_dfm_kalman_em,pseudo,2023:Q1:pre_second:pseudo,2023-05-31,pre_second,2023:Q1,T,A,0.35867127913231295,0.0,0.062070666944430475,4.532847073777573,True,3,0.02
indicator_revision_only_dfm_kalman_em,pseudo,2023:Q1:pre_second:pseudo,2023-05-31,pre_second,2023:Q1,T,M,0.35867127913231295,0.0,0.062070666944430475,4.532847073777573,True,3,0.02
indicator_revision_only_dfm_kalman_em,pseudo,2023:Q1:pre_second:pseudo,2023-05-31,pre_second,2023:Q1,T,S,0.35867127913231295,0.0,0.062070666944430475,4.532847073777573,True,3,0.02
indicator_revision_only_dfm_kalman_em,pseudo,2023:Q1:pre_second:pseudo,2023-05-31,pre_second,2023:Q1,T,T,0.4862883263268621,0.0,0.062070666944430475,4.532847073777573,True,3,0.02
joint_indicator_revision_dfm_full_kalman_em,pseudo,2023:Q1:pre_second:pseudo,2023-05-31,pre_second,2023:Q1,A,A,0.35651640532284123,5.551115123125783e-17,0.06235638653997807,4.4931963471834635,True,3,0.02
joint_indicator_revision_dfm_full_kalman_em,pseudo,2023:Q1:pre_second:pseudo,2023-05-31,pre_second,2023:Q1,A,M,0.2005576584866279,5.551115123125783e-17,0.06235638653997807,4.4931963471834635,True,3,0.02
joint_indicator_revision_dfm_full_kalman_em,pseudo,2023:Q1:pre_second:pseudo,2023-05-31,pre_second,2023:Q1,A,S,0.19915831612442264,5.551115123125783e-17,0.06235638653997807,4.4931963471834635,True,3,0.02
joint_indicator_revision_dfm_full_kalman_em,pseudo,2023:Q1:pre_second:pseudo,2023-05-31,pre_second,2023:Q1,A,T,0.19999792154174578,5.551115123125783e-17,0.06235638653997807,4.4931963471834635,True,3,0.02
joint_indicator_revision_dfm_full_kalman_em,pseudo,2023:Q1:pre_second:pseudo,2023-05-31,pre_second,2023:Q1,M,A,0.2005576584866279,5.551115123125783e-17,0.06235638653997807,4.4931963471834635,True,3,0.02
joint_indicator_revision_dfm_full_kalman_em,pseudo,2023:Q1:pre_second:pseudo,2023-05-31,pre_second,2023:Q1,M,M,4.415726163827256,5.551115123125783e-17,0.06235638653997807,4.4931963471834635,True,3,0.02
joint_indicator_revision_dfm_full_kalman_em,pseudo,2023:Q1:pre_second:pseudo,2023-05-31,pre_second,2023:Q1,M,S,0.34314365068254027,5.551115123125783e-17,0.06235638653997807,4.4931963471834635,True,3,0.02
joint_indicator_revision_dfm_full_kalman_em,pseudo,2023:Q1:pre_second:pseudo,2023-05-31,pre_second,2023:Q1,M,T,0.3476463662255691,5.551115123125783e-17,0.06235638653997807,4.4931963471834635,True,3,0.02
joint_indicator_revision_dfm_full_kalman_em,pseudo,2023:Q1:pre_second:pseudo,2023-05-31,pre_second,2023:Q1,S,A,0.19915831612442267,5.551115123125783e-17,0.06235638653997807,4.4931963471834635,True,3,0.02
joint_indicator_revision_dfm_full_kalman_em,pseudo,2023:Q1:pre_second:pseudo,2023-05-31,pre_second,2023:Q1,S,M,0.34314365068254027,5.551115123125783e-17,0.06235638653997807,4.4931963471834635,True,3,0.02
joint_indicator_revision_dfm_full_kalman_em,pseudo,2023:Q1:pre_second:pseudo,2023-05-31,pre_second,2023:Q1,S,S,0.3544457640067528,5.551115123125783e-17,0.06235638653997807,4.4931963471834635,True,3,0.02
joint_indicator_revision_dfm_full_kalman_em,pseudo,2023:Q1:pre_second:pseudo,2023-05-31,pre_second,2023:Q1,S,T,0.3402639439913779,5.551115123125783e-17,0.06235638653997807,4.4931963471834635,True,3,0.02
joint_indicator_revision_dfm_full_kalman_em,pseudo,2023:Q1:pre_second:pseudo,2023-05-31,pre_second,2023:Q1,T,A,0.19999792154174584,5.551115123125783e-17,0.06235638653997807,4.4931963471834635,True,3,0.02
joint_indicator_revision_dfm_full_kalman_em,pseudo,2023:Q1:pre_second:pseudo,2023-05-31,pre_second,2023:Q1,T,M,0.3476463662255691,5.551115123125783e-17,0.06235638653997807,4.4931963471834635,True,3,0.02
joint_indicator_revision_dfm_full_kalman_em,pseudo,2023:Q1:pre_second:pseudo,2023-05-31,pre_second,2023:Q1,T,S,0.3402639439913779,5.551115123125783e-17,0.06235638653997807,4.4931963471834635,True,3,0.02
joint_indicator_revision_dfm_full_kalman_em,pseudo,2023:Q1:pre_second:pseudo,2023-05-31,pre_second,2023:Q1,T,T,0.46608770642220454,5.551115123125783e-17,0.06235638653997807,4.4931963471834635,True,3,0.02
monthly_mixed_frequency_kalman_em,pseudo,2023:Q1:pre_second:pseudo,2023-05-31,pre_second,2023:Q1,A,A,0.4365489844145453,0.0,0.058056311275998,4.901130903440304,True,3,0.02
monthly_mixed_frequency_kalman_em,pseudo,2023:Q1:pre_second:pseudo,2023-05-31,pre_second,2023:Q1,A,M,0.20988152028598242,0.0,0.058056311275998,4.901130903440304,True,3,0.02
monthly_mixed_frequency_kalman_em,pseudo,2023:Q1:pre_second:pseudo,2023-05-31,pre_second,2023:Q1,A,S,0.21146147841193194,0.0,0.058056311275998,4.901130903440304,True,3,0.02
monthly_mixed_frequency_kalman_em,pseudo,2023:Q1:pre_second:pseudo,2023-05-31,pre_second,2023:Q1,A,T,0.21059968307050494,0.0,0.058056311275998,4.901130903440304,True,3,0.02
monthly_mixed_frequency_kalman_em,pseudo,2023:Q1:pre_second:pseudo,2023-05-31,pre_second,2023:Q1,M,A,0.20988152028598242,0.0,0.058056311275998,4.901130903440304,True,3,0.02
monthly_mixed_frequency_kalman_em,pseudo,2023:Q1:pre_second:pseudo,2023-05-31,pre_second,2023:Q1,M,M,4.762912861399966,0.0,0.058056311275998,4.901130903440304,True,3,0.02
monthly_mixed_frequency_kalman_em,pseudo,2023:Q1:pre_second:pseudo,2023-05-31,pre_second,2023:Q1,M,S,0.42401597682399683,0.0,0.058056311275998,4.901130903440304,True,3,0.02
monthly_mixed_frequency_kalman_em,pseudo,2023:Q1:pre_second:pseudo,2023-05-31,pre_second,2023:Q1,M,T,0.5667722811826732,0.0,0.058056311275998,4.901130903440304,True,3,0.02
monthly_mixed_frequency_kalman_em,pseudo,2023:Q1:pre_second:pseudo,2023-05-31,pre_second,2023:Q1,S,A,0.21146147841193194,0.0,0.058056311275998,4.901130903440304,True,3,0.02
monthly_mixed_frequency_kalman_em,pseudo,2023:Q1:pre_second:pseudo,2023-05-31,pre_second,2023:Q1,S,M,0.42401597682399683,0.0,0.058056311275998,4.901130903440304,True,3,0.02
monthly_mixed_frequency_kalman_em,pseudo,2023:Q1:pre_second:pseudo,2023-05-31,pre_second,2023:Q1,S,S,0.3575671408335176,0.0,0.058056311275998,4.901130903440304,True,3,0.02
monthly_mixed_frequency_kalman_em,pseudo,2023:Q1:pre_second:pseudo,2023-05-31,pre_second,2023:Q1,S,T,0.3708773522209806,0.0,0.058056311275998,4.901130903440304,True,3,0.02
monthly_mixed_frequency_kalman_em,pseudo,2023:Q1:pre_second:pseudo,2023-05-31,pre_second,2023:Q1,T,A,0.21059968307050494,0.0,0.058056311275998,4.901130903440304,True,3,0.02
monthly_mixed_frequency_kalman_em,pseudo,2023:Q1:pre_second:pseudo,2023-05-31,pre_second,2023:Q1,T,M,0.5667722811826732,0.0,0.058056311275998,4.901130903440304,True,3,0.02
monthly_mixed_frequency_kalman_em,pseudo,2023:Q1:pre_second:pseudo,2023-05-31,pre_second,2023:Q1,T,S,0.3708773522209806,0.0,0.058056311275998,4.901130903440304,True,3,0.02
monthly_mixed_frequency_kalman_em,pseudo,2023:Q1:pre_second:pseudo,2023-05-31,pre_second,2023:Q1,T,T,0.5288801305349601,0.0,0.058056311275998,4.901130903440304,True,3,0.02
revision_dfm_kalman_em,pseudo,2023:Q1:pre_second:pseudo,2023-05-31,pre_second,2023:Q1,A,A,0.2832133958874037,0.0,0.06625374452892704,4.507777497755953,True,3,0.02
revision_dfm_kalman_em,pseudo,2023:Q1:pre_second:pseudo,2023-05-31,pre_second,2023:Q1,A,M,0.15070549974171074,0.0,0.06625374452892704,4.507777497755953,True,3,0.02
revision_dfm_kalman_em,pseudo,2023:Q1:pre_second:pseudo,2023-05-31,pre_second,2023:Q1,A,S,0.1500761397538054,0.0,0.06625374452892704,4.507777497755953,True,3,0.02
revision_dfm_kalman_em,pseudo,2023:Q1:pre_second:pseudo,2023-05-31,pre_second,2023:Q1,A,T,0.1504537557465486,0.0,0.06625374452892704,4.507777497755953,True,3,0.02
revision_dfm_kalman_em,pseudo,2023:Q1:pre_second:pseudo,2023-05-31,pre_second,2023:Q1,M,A,0.15070549974171074,0.0,0.06625374452892704,4.507777497755953,True,3,0.02
revision_dfm_kalman_em,pseudo,2023:Q1:pre_second:pseudo,2023-05-31,pre_second,2023:Q1,M,M,4.42465543977521,0.0,0.06625374452892704,4.507777497755953,True,3,0.02
revision_dfm_kalman_em,pseudo,2023:Q1:pre_second:pseudo,2023-05-31,pre_second,2023:Q1,M,S,0.3700794403683536,0.0,0.06625374452892704,4.507777497755953,True,3,0.02
revision_dfm_kalman_em,pseudo,2023:Q1:pre_second:pseudo,2023-05-31,pre_second,2023:Q1,M,T,0.3770070384934055,0.0,0.06625374452892704,4.507777497755953,True,3,0.02
revision_dfm_kalman_em,pseudo,2023:Q1:pre_second:pseudo,2023-05-31,pre_second,2023:Q1,S,A,0.1500761397538054,0.0,0.06625374452892704,4.507777497755953,True,3,0.02
revision_dfm_kalman_em,pseudo,2023:Q1:pre_second:pseudo,2023-05-31,pre_second,2023:Q1,S,M,0.3700794403683536,0.0,0.06625374452892704,4.507777497755953,True,3,0.02
revision_dfm_kalman_em,pseudo,2023:Q1:pre_second:pseudo,2023-05-31,pre_second,2023:Q1,S,S,0.38790958077252474,0.0,0.06625374452892704,4.507777497755953,True,3,0.02
revision_dfm_kalman_em,pseudo,2023:Q1:pre_second:pseudo,2023-05-31,pre_second,2023:Q1,S,T,0.3656793743560627,0.0,0.06625374452892704,4.507777497755953,True,3,0.02
revision_dfm_kalman_em,pseudo,2023:Q1:pre_second:pseudo,2023-05-31,pre_second,2023:Q1,T,A,0.1504537557465486,0.0,0.06625374452892704,4.507777497755953,True,3,0.02
revision_dfm_kalman_em,pseudo,2023:Q1:pre_second:pseudo,2023-05-31,pre_second,2023:Q1,T,M,0.3770070384934055,0.0,0.06625374452892704,4.507777497755953,True,3,0.02
revision_dfm_kalman_em,pseudo,2023:Q1:pre_second:pseudo,2023-05-31,pre_second,2023:Q1,T,S,0.3656793743560627,0.0,0.06625374452892704,4.507777497755953,True,3,0.02
revision_dfm_kalman_em,pseudo,2023:Q1:pre_second:pseudo,2023-05-31,pre_second,2023:Q1,T,T,0.48530455036282893,0.0,0.06625374452892704,4.507777497755953,True,3,0.02
indicator_revision_only_dfm_kalman_em,exact,2023:Q1:pre_third:exact,2023-06-28,pre_third,2023:Q1,A,A,0.409655828901048,0.0,0.02724659773444067,4.07087627759798,True,3,0.02
indicator_revision_only_dfm_kalman_em,exact,2023:Q1:pre_third:exact,2023-06-28,pre_third,2023:Q1,A,M,0.01445694839479097,0.0,0.02724659773444067,4.07087627759798,True,3,0.02
indicator_revision_only_dfm_kalman_em,exact,2023:Q1:pre_third:exact,2023-06-28,pre_third,2023:Q1,A,S,0.01445694839479097,0.0,0.02724659773444067,4.07087627759798,True,3,0.02
indicator_revision_only_dfm_kalman_em,exact,2023:Q1:pre_third:exact,2023-06-28,pre_third,2023:Q1,A,T,0.01445694839479097,0.0,0.02724659773444067,4.07087627759798,True,3,0.02
indicator_revision_only_dfm_kalman_em,exact,2023:Q1:pre_third:exact,2023-06-28,pre_third,2023:Q1,M,A,0.01445694839479097,0.0,0.02724659773444067,4.07087627759798,True,3,0.02
indicator_revision_only_dfm_kalman_em,exact,2023:Q1:pre_third:exact,2023-06-28,pre_third,2023:Q1,M,M,4.070713059478878,0.0,0.02724659773444067,4.07087627759798,True,3,0.02
indicator_revision_only_dfm_kalman_em,exact,2023:Q1:pre_third:exact,2023-06-28,pre_third,2023:Q1,M,S,0.01445694839479097,0.0,0.02724659773444067,4.07087627759798,True,3,0.02
indicator_revision_only_dfm_kalman_em,exact,2023:Q1:pre_third:exact,2023-06-28,pre_third,2023:Q1,M,T,0.01445694839479097,0.0,0.02724659773444067,4.07087627759798,True,3,0.02
indicator_revision_only_dfm_kalman_em,exact,2023:Q1:pre_third:exact,2023-06-28,pre_third,2023:Q1,S,A,0.01445694839479097,0.0,0.02724659773444067,4.07087627759798,True,3,0.02
indicator_revision_only_dfm_kalman_em,exact,2023:Q1:pre_third:exact,2023-06-28,pre_third,2023:Q1,S,M,0.01445694839479097,0.0,0.02724659773444067,4.07087627759798,True,3,0.02
indicator_revision_only_dfm_kalman_em,exact,2023:Q1:pre_third:exact,2023-06-28,pre_third,2023:Q1,S,S,0.029522986440194143,0.0,0.02724659773444067,4.07087627759798,True,3,0.02
indicator_revision_only_dfm_kalman_em,exact,2023:Q1:pre_third:exact,2023-06-28,pre_third,2023:Q1,S,T,0.01445694839479097,0.0,0.02724659773444067,4.07087627759798,True,3,0.02
indicator_revision_only_dfm_kalman_em,exact,2023:Q1:pre_third:exact,2023-06-28,pre_third,2023:Q1,T,A,0.01445694839479097,0.0,0.02724659773444067,4.07087627759798,True,3,0.02
indicator_revision_only_dfm_kalman_em,exact,2023:Q1:pre_third:exact,2023-06-28,pre_third,2023:Q1,T,M,0.01445694839479097,0.0,0.02724659773444067,4.07087627759798,True,3,0.02
indicator_revision_only_dfm_kalman_em,exact,2023:Q1:pre_third:exact,2023-06-28,pre_third,2023:Q1,T,S,0.01445694839479097,0.0,0.02724659773444067,4.07087627759798,True,3,0.02
indicator_revision_only_dfm_kalman_em,exact,2023:Q1:pre_third:exact,2023-06-28,pre_third,2023:Q1,T,T,0.14209306589404316,0.0,0.02724659773444067,4.07087627759798,True,3,0.02
joint_indicator_revision_dfm_full_kalman_em,exact,2023:Q1:pre_third:exact,2023-06-28,pre_third,2023:Q1,A,A,0.242508352895279,6.938893903907228e-18,0.032663678740779765,4.083253195915562,True,3,0.02
joint_indicator_revision_dfm_full_kalman_em,exact,2023:Q1:pre_third:exact,2023-06-28,pre_third,2023:Q1,A,M,0.007406207394042739,6.938893903907228e-18,0.032663678740779765,4.083253195915562,True,3,0.02
joint_indicator_revision_dfm_full_kalman_em,exact,2023:Q1:pre_third:exact,2023-06-28,pre_third,2023:Q1,A,S,0.01016329050261651,6.938893903907228e-18,0.032663678740779765,4.083253195915562,True,3,0.02
joint_indicator_revision_dfm_full_kalman_em,exact,2023:Q1:pre_third:exact,2023-06-28,pre_third,2023:Q1,A,T,0.008509040637472248,6.938893903907228e-18,0.032663678740779765,4.083253195915562,True,3,0.02
joint_indicator_revision_dfm_full_kalman_em,exact,2023:Q1:pre_third:exact,2023-06-28,pre_third,2023:Q1,M,A,0.007406207394042739,6.938893903907228e-18,0.032663678740779765,4.083253195915562,True,3,0.02
joint_indicator_revision_dfm_full_kalman_em,exact,2023:Q1:pre_third:exact,2023-06-28,pre_third,2023:Q1,M,M,4.083073983602691,6.938893903907228e-18,0.032663678740779765,4.083253195915562,True,3,0.02
joint_indicator_revision_dfm_full_kalman_em,exact,2023:Q1:pre_third:exact,2023-06-28,pre_third,2023:Q1,M,S,0.017922905690655452,6.938893903907228e-18,0.032663678740779765,4.083253195915562,True,3,0.02
joint_indicator_revision_dfm_full_kalman_em,exact,2023:Q1:pre_third:exact,2023-06-28,pre_third,2023:Q1,M,T,0.018255011952653753,6.938893903907228e-18,0.032663678740779765,4.083253195915562,True,3,0.02
joint_indicator_revision_dfm_full_kalman_em,exact,2023:Q1:pre_third:exact,2023-06-28,pre_third,2023:Q1,S,A,0.010163290502616508,6.938893903907228e-18,0.032663678740779765,4.083253195915562,True,3,0.02
joint_indicator_revision_dfm_full_kalman_em,exact,2023:Q1:pre_third:exact,2023-06-28,pre_third,2023:Q1,S,M,0.017922905690655452,6.938893903907228e-18,0.032663678740779765,4.083253195915562,True,3,0.02
joint_indicator_revision_dfm_full_kalman_em,exact,2023:Q1:pre_third:exact,2023-06-28,pre_third,2023:Q1,S,S,0.03603772639881868,6.938893903907228e-18,0.032663678740779765,4.083253195915562,True,3,0.02
joint_indicator_revision_dfm_full_kalman_em,exact,2023:Q1:pre_third:exact,2023-06-28,pre_third,2023:Q1,S,T,0.017767713386894673,6.938893903907228e-18,0.032663678740779765,4.083253195915562,True,3,0.02
joint_indicator_revision_dfm_full_kalman_em,exact,2023:Q1:pre_third:exact,2023-06-28,pre_third,2023:Q1,T,A,0.008509040637472248,6.938893903907228e-18,0.032663678740779765,4.083253195915562,True,3,0.02
joint_indicator_revision_dfm_full_kalman_em,exact,2023:Q1:pre_third:exact,2023-06-28,pre_third,2023:Q1,T,M,0.018255011952653753,6.938893903907228e-18,0.032663678740779765,4.083253195915562,True,3,0.02
joint_indicator_revision_dfm_full_kalman_em,exact,2023:Q1:pre_third:exact,2023-06-28,pre_third,2023:Q1,T,S,0.01776771338689468,6.938893903907228e-18,0.032663678740779765,4.083253195915562,True,3,0.02
joint_indicator_revision_dfm_full_kalman_em,exact,2023:Q1:pre_third:exact,2023-06-28,pre_third,2023:Q1,T,T,0.13948816844225367,6.938893903907228e-18,0.032663678740779765,4.083253195915562,True,3,0.02
monthly_mixed_frequency_kalman_em,exact,2023:Q1:pre_third:exact,2023-06-28,pre_third,2023:Q1,A,A,0.3091764588508917,0.0,0.057308107523174036,4.267760739469899,True,3,0.02
monthly_mixed_frequency_kalman_em,exact,2023:Q1:pre_third:exact,2023-06-28,pre_third,2023:Q1,A,M,-0.040272095511850986,0.0,0.057308107523174036,4.267760739469899,True,3,0.02
monthly_mixed_frequency_kalman_em,exact,2023:Q1:pre_third:exact,2023-06-28,pre_third,2023:Q1,A,S,0.02997818118075735,0.0,0.057308107523174036,4.267760739469899,True,3,0.02
monthly_mixed_frequency_kalman_em,exact,2023:Q1:pre_third:exact,2023-06-28,pre_third,2023:Q1,A,T,-0.008340151560665391,0.0,0.057308107523174036,4.267760739469899,True,3,0.02
monthly_mixed_frequency_kalman_em,exact,2023:Q1:pre_third:exact,2023-06-28,pre_third,2023:Q1,M,A,-0.040272095511850986,0.0,0.057308107523174036,4.267760739469899,True,3,0.02
monthly_mixed_frequency_kalman_em,exact,2023:Q1:pre_third:exact,2023-06-28,pre_third,2023:Q1,M,M,4.262525008700585,0.0,0.057308107523174036,4.267760739469899,True,3,0.02
monthly_mixed_frequency_kalman_em,exact,2023:Q1:pre_third:exact,2023-06-28,pre_third,2023:Q1,M,S,0.0601400357902843,0.0,0.057308107523174036,4.267760739469899,True,3,0.02
monthly_mixed_frequency_kalman_em,exact,2023:Q1:pre_third:exact,2023-06-28,pre_third,2023:Q1,M,T,0.1270814566583745,0.0,0.057308107523174036,4.267760739469899,True,3,0.02
monthly_mixed_frequency_kalman_em,exact,2023:Q1:pre_third:exact,2023-06-28,pre_third,2023:Q1,S,A,0.02997818118075735,0.0,0.057308107523174036,4.267760739469899,True,3,0.02
monthly_mixed_frequency_kalman_em,exact,2023:Q1:pre_third:exact,2023-06-28,pre_third,2023:Q1,S,M,0.0601400357902843,0.0,0.057308107523174036,4.267760739469899,True,3,0.02
monthly_mixed_frequency_kalman_em,exact,2023:Q1:pre_third:exact,2023-06-28,pre_third,2023:Q1,S,S,0.0944142527767935,0.0,0.057308107523174036,4.267760739469899,True,3,0.02
monthly_mixed_frequency_kalman_em,exact,2023:Q1:pre_third:exact,2023-06-28,pre_third,2023:Q1,S,T,0.05259957213790256,0.0,0.057308107523174036,4.267760739469899,True,3,0.02
monthly_mixed_frequency_kalman_em,exact,2023:Q1:pre_third:exact,2023-06-28,pre_third,2023:Q1,T,A,-0.008340151560665391,0.0,0.057308107523174036,4.267760739469899,True,3,0.02
monthly_mixed_frequency_kalman_em,exact,2023:Q1:pre_third:exact,2023-06-28,pre_third,2023:Q1,T,M,0.1270814566583745,0.0,0.057308107523174036,4.267760739469899,True,3,0.02
monthly_mixed_frequency_kalman_em,exact,2023:Q1:pre_third:exact,2023-06-28,pre_third,2023:Q1,T,S,0.05259957213790256,0.0,0.057308107523174036,4.267760739469899,True,3,0.02
monthly_mixed_frequency_kalman_em,exact,2023:Q1:pre_third:exact,2023-06-28,pre_third,2023:Q1,T,T,0.14334089355876176,0.0,0.057308107523174036,4.267760739469899,True,3,0.02
revision_dfm_kalman_em,exact,2023:Q1:pre_third:exact,2023-06-28,pre_third,2023:Q1,A,A,0.22450753455555406,1.734723475976807e-18,0.04706543108658017,4.071847123675953,True,3,0.02
revision_dfm_kalman_em,exact,2023:Q1:pre_third:exact,2023-06-28,pre_third,2023:Q1,A,M,0.007529366885953564,1.734723475976807e-18,0.04706543108658017,4.071847123675953,True,3,0.02
revision_dfm_kalman_em,exact,2023:Q1:pre_third:exact,2023-06-28,pre_third,2023:Q1,A,S,0.01114473412483413,1.734723475976807e-18,0.04706543108658017,4.071847123675953,True,3,0.02
revision_dfm_kalman_em,exact,2023:Q1:pre_third:exact,2023-06-28,pre_third,2023:Q1,A,T,0.00897551378150579,1.734723475976807e-18,0.04706543108658017,4.071847123675953,True,3,0.02
revision_dfm_kalman_em,exact,2023:Q1:pre_third:exact,2023-06-28,pre_third,2023:Q1,M,A,0.007529366885953564,1.734723475976807e-18,0.04706543108658017,4.071847123675953,True,3,0.02
revision_dfm_kalman_em,exact,2023:Q1:pre_third:exact,2023-06-28,pre_third,2023:Q1,M,M,4.071440570276001,1.734723475976807e-18,0.04706543108658017,4.071847123675953,True,3,0.02
revision_dfm_kalman_em,exact,2023:Q1:pre_third:exact,2023-06-28,pre_third,2023:Q1,M,S,0.027465028775517018,1.734723475976807e-18,0.04706543108658017,4.071847123675953,True,3,0.02
revision_dfm_kalman_em,exact,2023:Q1:pre_third:exact,2023-06-28,pre_third,2023:Q1,M,T,0.02809457599308218,1.734723475976807e-18,0.04706543108658017,4.071847123675953,True,3,0.02
revision_dfm_kalman_em,exact,2023:Q1:pre_third:exact,2023-06-28,pre_third,2023:Q1,S,A,0.011144734124834129,1.734723475976807e-18,0.04706543108658017,4.071847123675953,True,3,0.02
revision_dfm_kalman_em,exact,2023:Q1:pre_third:exact,2023-06-28,pre_third,2023:Q1,S,M,0.027465028775517018,1.734723475976807e-18,0.04706543108658017,4.071847123675953,True,3,0.02
revision_dfm_kalman_em,exact,2023:Q1:pre_third:exact,2023-06-28,pre_third,2023:Q1,S,S,0.055443525214875736,1.734723475976807e-18,0.04706543108658017,4.071847123675953,True,3,0.02
revision_dfm_kalman_em,exact,2023:Q1:pre_third:exact,2023-06-28,pre_third,2023:Q1,S,T,0.02713862288250336,1.734723475976807e-18,0.04706543108658017,4.071847123675953,True,3,0.02
revision_dfm_kalman_em,exact,2023:Q1:pre_third:exact,2023-06-28,pre_third,2023:Q1,T,A,0.00897551378150579,1.734723475976807e-18,0.04706543108658017,4.071847123675953,True,3,0.02
revision_dfm_kalman_em,exact,2023:Q1:pre_third:exact,2023-06-28,pre_third,2023:Q1,T,M,0.02809457599308218,1.734723475976807e-18,0.04706543108658017,4.071847123675953,True,3,0.02
revision_dfm_kalman_em,exact,2023:Q1:pre_third:exact,2023-06-28,pre_third,2023:Q1,T,S,0.02713862288250336,1.734723475976807e-18,0.04706543108658017,4.071847123675953,True,3,0.02
revision_dfm_kalman_em,exact,2023:Q1:pre_third:exact,2023-06-28,pre_third,2023:Q1,T,T,0.14059721503728467,1.734723475976807e-18,0.04706543108658017,4.071847123675953,True,3,0.02
indicator_revision_only_dfm_kalman_em,pseudo,2023:Q1:pre_third:pseudo,2023-06-30,pre_third,2023:Q1,A,A,0.40965717935997276,0.0,0.027247191831568575,4.070878045723654,True,3,0.02
indicator_revision_only_dfm_kalman_em,pseudo,2023:Q1:pre_third:pseudo,2023-06-30,pre_third,2023:Q1,A,M,0.014457298163108678,0.0,0.027247191831568575,4.070878045723654,True,3,0.02
indicator_revision_only_dfm_kalman_em,pseudo,2023:Q1:pre_third:pseudo,2023-06-30,pre_third,2023:Q1,A,S,0.014457298163108678,0.0,0.027247191831568575,4.070878045723654,True,3,0.02
indicator_revision_only_dfm_kalman_em,pseudo,2023:Q1:pre_third:pseudo,2023-06-30,pre_third,2023:Q1,A,T,0.014457298163108678,0.0,0.027247191831568575,4.070878045723654,True,3,0.02
indicator_revision_only_dfm_kalman_em,pseudo,2023:Q1:pre_third:pseudo,2023-06-30,pre_third,2023:Q1,M,A,0.014457298163108678,0.0,0.027247191831568575,4.070878045723654,True,3,0.02
indicator_revision_only_dfm_kalman_em,pseudo,2023:Q1:pre_third:pseudo,2023-06-30,pre_third,2023:Q1,M,M,4.070714819727902,0.0,0.027247191831568575,4.070878045723654,True,3,0.02
indicator_revision_only_dfm_kalman_em,pseudo,2023:Q1:pre_third:pseudo,2023-06-30,pre_third,2023:Q1,M,S,0.014457298163108678,0.0,0.027247191831568575,4.070878045723654,True,3,0.02
indicator_revision_only_dfm_kalman_em,pseudo,2023:Q1:pre_third:pseudo,2023-06-30,pre_third,2023:Q1,M,T,0.014457298163108678,0.0,0.027247191831568575,4.070878045723654,True,3,0.02
indicator_revision_only_dfm_kalman_em,pseudo,2023:Q1:pre_third:pseudo,2023-06-30,pre_third,2023:Q1,S,A,0.014457298163108678,0.0,0.027247191831568575,4.070878045723654,True,3,0.02
indicator_revision_only_dfm_kalman_em,pseudo,2023:Q1:pre_third:pseudo,2023-06-30,pre_third,2023:Q1,S,M,0.014457298163108678,0.0,0.027247191831568575,4.070878045723654,True,3,0.02
indicator_revision_only_dfm_kalman_em,pseudo,2023:Q1:pre_third:pseudo,2023-06-30,pre_third,2023:Q1,S,S,0.029523702183814775,0.0,0.027247191831568575,4.070878045723654,True,3,0.02
indicator_revision_only_dfm_kalman_em,pseudo,2023:Q1:pre_third:pseudo,2023-06-30,pre_third,2023:Q1,S,T,0.014457298163108678,0.0,0.027247191831568575,4.070878045723654,True,3,0.02
indicator_revision_only_dfm_kalman_em,pseudo,2023:Q1:pre_third:pseudo,2023-06-30,pre_third,2023:Q1,T,A,0.014457298163108678,0.0,0.027247191831568575,4.070878045723654,True,3,0.02
indicator_revision_only_dfm_kalman_em,pseudo,2023:Q1:pre_third:pseudo,2023-06-30,pre_third,2023:Q1,T,M,0.014457298163108678,0.0,0.027247191831568575,4.070878045723654,True,3,0.02
indicator_revision_only_dfm_kalman_em,pseudo,2023:Q1:pre_third:pseudo,2023-06-30,pre_third,2023:Q1,T,S,0.014457298163108678,0.0,0.027247191831568575,4.070878045723654,True,3,0.02
indicator_revision_only_dfm_kalman_em,pseudo,2023:Q1:pre_third:pseudo,2023-06-30,pre_third,2023:Q1,T,T,0.14209260906524726,0.0,0.027247191831568575,4.070878045723654,True,3,0.02
joint_indicator_revision_dfm_full_kalman_em,pseudo,2023:Q1:pre_third:pseudo,2023-06-30,pre_third,2023:Q1,A,A,0.24238238123513436,3.469446951953614e-18,0.03266572768451803,4.083242734090717,True,3,0.02
joint_indicator_revision_dfm_full_kalman_em,pseudo,2023:Q1:pre_third:pseudo,2023-06-30,pre_third,2023:Q1,A,M,0.007389507418808973,3.469446951953614e-18,0.03266572768451803,4.083242734090717,True,3,0.02
joint_indicator_revision_dfm_full_kalman_em,pseudo,2023:Q1:pre_third:pseudo,2023-06-30,pre_third,2023:Q1,A,S,0.010151771698909198,3.469446951953614e-18,0.03266572768451803,4.083242734090717,True,3,0.02
joint_indicator_revision_dfm_full_kalman_em,pseudo,2023:Q1:pre_third:pseudo,2023-06-30,pre_third,2023:Q1,A,T,0.008494413130849062,3.469446951953614e-18,0.03266572768451803,4.083242734090717,True,3,0.02
joint_indicator_revision_dfm_full_kalman_em,pseudo,2023:Q1:pre_third:pseudo,2023-06-30,pre_third,2023:Q1,M,A,0.007389507418808973,3.469446951953614e-18,0.03266572768451803,4.083242734090717,True,3,0.02
joint_indicator_revision_dfm_full_kalman_em,pseudo,2023:Q1:pre_third:pseudo,2023-06-30,pre_third,2023:Q1,M,M,4.083063554015491,3.469446951953614e-18,0.03266572768451803,4.083242734090717,True,3,0.02
joint_indicator_revision_dfm_full_kalman_em,pseudo,2023:Q1:pre_third:pseudo,2023-06-30,pre_third,2023:Q1,M,S,0.017924433273544274,3.469446951953614e-18,0.03266572768451803,4.083242734090717,True,3,0.02
joint_indicator_revision_dfm_full_kalman_em,pseudo,2023:Q1:pre_third:pseudo,2023-06-30,pre_third,2023:Q1,M,T,0.01825711514264118,3.469446951953614e-18,0.03266572768451803,4.083242734090717,True,3,0.02
joint_indicator_revision_dfm_full_kalman_em,pseudo,2023:Q1:pre_third:pseudo,2023-06-30,pre_third,2023:Q1,S,A,0.010151771698909197,3.469446951953614e-18,0.03266572768451803,4.083242734090717,True,3,0.02
joint_indicator_revision_dfm_full_kalman_em,pseudo,2023:Q1:pre_third:pseudo,2023-06-30,pre_third,2023:Q1,S,M,0.017924433273544274,3.469446951953614e-18,0.03266572768451803,4.083242734090717,True,3,0.02
joint_indicator_revision_dfm_full_kalman_em,pseudo,2023:Q1:pre_third:pseudo,2023-06-30,pre_third,2023:Q1,S,S,0.03603967923628277,3.469446951953614e-18,0.03266572768451803,4.083242734090717,True,3,0.02
joint_indicator_revision_dfm_full_kalman_em,pseudo,2023:Q1:pre_third:pseudo,2023-06-30,pre_third,2023:Q1,S,T,0.01776898004205157,3.469446951953614e-18,0.03266572768451803,4.083242734090717,True,3,0.02
joint_indicator_revision_dfm_full_kalman_em,pseudo,2023:Q1:pre_third:pseudo,2023-06-30,pre_third,2023:Q1,T,A,0.008494413130849065,3.469446951953614e-18,0.03266572768451803,4.083242734090717,True,3,0.02
joint_indicator_revision_dfm_full_kalman_em,pseudo,2023:Q1:pre_third:pseudo,2023-06-30,pre_third,2023:Q1,T,M,0.01825711514264118,3.469446951953614e-18,0.03266572768451803,4.083242734090717,True,3,0.02
joint_indicator_revision_dfm_full_kalman_em,pseudo,2023:Q1:pre_third:pseudo,2023-06-30,pre_third,2023:Q1,T,S,0.017768980042051574,3.469446951953614e-18,0.03266572768451803,4.083242734090717,True,3,0.02
joint_indicator_revision_dfm_full_kalman_em,pseudo,2023:Q1:pre_third:pseudo,2023-06-30,pre_third,2023:Q1,T,T,0.13948950675219465,3.469446951953614e-18,0.03266572768451803,4.083242734090717,True,3,0.02
monthly_mixed_frequency_kalman_em,pseudo,2023:Q1:pre_third:pseudo,2023-06-30,pre_third,2023:Q1,A,A,0.3093242626084358,0.0,0.057355590657234515,4.26724206717318,True,3,0.02
monthly_mixed_frequency_kalman_em,pseudo,2023:Q1:pre_third:pseudo,2023-06-30,pre_third,2023:Q1,A,M,-0.03927951539640482,0.0,0.057355590657234515,4.26724206717318,True,3,0.02
monthly_mixed_frequency_kalman_em,pseudo,2023:Q1:pre_third:pseudo,2023-06-30,pre_third,2023:Q1,A,S,0.030201288833875083,0.0,0.057355590657234515,4.26724206717318,True,3,0.02
monthly_mixed_frequency_kalman_em,pseudo,2023:Q1:pre_third:pseudo,2023-06-30,pre_third,2023:Q1,A,T,-0.007697331655368491,0.0,0.057355590657234515,4.26724206717318,True,3,0.02
monthly_mixed_frequency_kalman_em,pseudo,2023:Q1:pre_third:pseudo,2023-06-30,pre_third,2023:Q1,M,A,-0.03927951539640482,0.0,0.057355590657234515,4.26724206717318,True,3,0.02
monthly_mixed_frequency_kalman_em,pseudo,2023:Q1:pre_third:pseudo,2023-06-30,pre_third,2023:Q1,M,M,4.262058590663412,0.0,0.057355590657234515,4.26724206717318,True,3,0.02
monthly_mixed_frequency_kalman_em,pseudo,2023:Q1:pre_third:pseudo,2023-06-30,pre_third,2023:Q1,M,S,0.06020558571011993,0.0,0.057355590657234515,4.26724206717318,True,3,0.02
monthly_mixed_frequency_kalman_em,pseudo,2023:Q1:pre_third:pseudo,2023-06-30,pre_third,2023:Q1,M,T,0.1265289864478031,0.0,0.057355590657234515,4.26724206717318,True,3,0.02
monthly_mixed_frequency_kalman_em,pseudo,2023:Q1:pre_third:pseudo,2023-06-30,pre_third,2023:Q1,S,A,0.030201288833875083,0.0,0.057355590657234515,4.26724206717318,True,3,0.02
monthly_mixed_frequency_kalman_em,pseudo,2023:Q1:pre_third:pseudo,2023-06-30,pre_third,2023:Q1,S,M,0.06020558571011993,0.0,0.057355590657234515,4.26724206717318,True,3,0.02
monthly_mixed_frequency_kalman_em,pseudo,2023:Q1:pre_third:pseudo,2023-06-30,pre_third,2023:Q1,S,S,0.09477644137729034,0.0,0.057355590657234515,4.26724206717318,True,3,0.02
monthly_mixed_frequency_kalman_em,pseudo,2023:Q1:pre_third:pseudo,2023-06-30,pre_third,2023:Q1,S,T,0.05270451149105873,0.0,0.057355590657234515,4.26724206717318,True,3,0.02
monthly_mixed_frequency_kalman_em,pseudo,2023:Q1:pre_third:pseudo,2023-06-30,pre_third,2023:Q1,T,A,-0.007697331655368491,0.0,0.057355590657234515,4.26724206717318,True,3,0.02
monthly_mixed_frequency_kalman_em,pseudo,2023:Q1:pre_third:pseudo,2023-06-30,pre_third,2023:Q1,T,M,0.1265289864478031,0.0,0.057355590657234515,4.26724206717318,True,3,0.02
monthly_mixed_frequency_kalman_em,pseudo,2023:Q1:pre_third:pseudo,2023-06-30,pre_third,2023:Q1,T,S,0.05270451149105873,0.0,0.057355590657234515,4.26724206717318,True,3,0.02
monthly_mixed_frequency_kalman_em,pseudo,2023:Q1:pre_third:pseudo,2023-06-30,pre_third,2023:Q1,T,T,0.14279587010236708,0.0,0.057355590657234515,4.26724206717318,True,3,0.02
revision_dfm_kalman_em,pseudo,2023:Q1:pre_third:pseudo,2023-06-30,pre_third,2023:Q1,A,A,0.22451510902203764,1.734723475976807e-18,0.04706541557615246,4.071846247761228,True,3,0.02
revision_dfm_kalman_em,pseudo,2023:Q1:pre_third:pseudo,2023-06-30,pre_third,2023:Q1,A,M,0.007529850389919814,1.734723475976807e-18,0.04706541557615246,4.071846247761228,True,3,0.02
revision_dfm_kalman_em,pseudo,2023:Q1:pre_third:pseudo,2023-06-30,pre_third,2023:Q1,A,S,0.011145239123677158,1.734723475976807e-18,0.04706541557615246,4.071846247761228,True,3,0.02
revision_dfm_kalman_em,pseudo,2023:Q1:pre_third:pseudo,2023-06-30,pre_third,2023:Q1,A,T,0.008976005883422752,1.734723475976807e-18,0.04706541557615246,4.071846247761228,True,3,0.02
revision_dfm_kalman_em,pseudo,2023:Q1:pre_third:pseudo,2023-06-30,pre_third,2023:Q1,M,A,0.007529850389919814,1.734723475976807e-18,0.04706541557615246,4.071846247761228,True,3,0.02
revision_dfm_kalman_em,pseudo,2023:Q1:pre_third:pseudo,2023-06-30,pre_third,2023:Q1,M,M,4.071439693654048,1.734723475976807e-18,0.04706541557615246,4.071846247761228,True,3,0.02
revision_dfm_kalman_em,pseudo,2023:Q1:pre_third:pseudo,2023-06-30,pre_third,2023:Q1,M,S,0.02746498859291794,1.734723475976807e-18,0.04706541557615246,4.071846247761228,True,3,0.02
revision_dfm_kalman_em,pseudo,2023:Q1:pre_third:pseudo,2023-06-30,pre_third,2023:Q1,M,T,0.02809451927301262,1.734723475976807e-18,0.04706541557615246,4.071846247761228,True,3,0.02
revision_dfm_kalman_em,pseudo,2023:Q1:pre_third:pseudo,2023-06-30,pre_third,2023:Q1,S,A,0.011145239123677157,1.734723475976807e-18,0.04706541557615246,4.071846247761228,True,3,0.02
revision_dfm_kalman_em,pseudo,2023:Q1:pre_third:pseudo,2023-06-30,pre_third,2023:Q1,S,M,0.02746498859291794,1.734723475976807e-18,0.04706541557615246,4.071846247761228,True,3,0.02
revision_dfm_kalman_em,pseudo,2023:Q1:pre_third:pseudo,2023-06-30,pre_third,2023:Q1,S,S,0.055443500973422905,1.734723475976807e-18,0.04706541557615246,4.071846247761228,True,3,0.02
revision_dfm_kalman_em,pseudo,2023:Q1:pre_third:pseudo,2023-06-30,pre_third,2023:Q1,S,T,0.027138593603533125,1.734723475976807e-18,0.04706541557615246,4.071846247761228,True,3,0.02
revision_dfm_kalman_em,pseudo,2023:Q1:pre_third:pseudo,2023-06-30,pre_third,2023:Q1,T,A,0.008976005883422752,1.734723475976807e-18,0.04706541557615246,4.071846247761228,True,3,0.02
revision_dfm_kalman_em,pseudo,2023:Q1:pre_third:pseudo,2023-06-30,pre_third,2023:Q1,T,M,0.02809451927301262,1.734723475976807e-18,0.04706541557615246,4.071846247761228,True,3,0.02
revision_dfm_kalman_em,pseudo,2023:Q1:pre_third:pseudo,2023-06-30,pre_third,2023:Q1,T,S,0.027138593603533125,1.734723475976807e-18,0.04706541557615246,4.071846247761228,True,3,0.02
revision_dfm_kalman_em,pseudo,2023:Q1:pre_third:pseudo,2023-06-30,pre_third,2023:Q1,T,T,0.140597313950082,1.734723475976807e-18,0.04706541557615246,4.071846247761228,True,3,0.02
indicator_revision_only_dfm_kalman_em,exact,2023:Q2:pre_advance:exact,2023-07-26,pre_advance,2023:Q2,A,A,4.207052884767778,0.0,0.06647719616176788,16.62126397566262,True,3,0.02
indicator_revision_only_dfm_kalman_em,exact,2023:Q2:pre_advance:exact,2023-07-26,pre_advance,2023:Q2,A,M,3.8116566339685103,0.0,0.06647719616176788,16.62126397566262,True,3,0.02
indicator_revision_only_dfm_kalman_em,exact,2023:Q2:pre_advance:exact,2023-07-26,pre_advance,2023:Q2,A,S,3.8116566339685103,0.0,0.06647719616176788,16.62126397566262,True,3,0.02
indicator_revision_only_dfm_kalman_em,exact,2023:Q2:pre_advance:exact,2023-07-26,pre_advance,2023:Q2,A,T,3.8116566339685103,0.0,0.06647719616176788,16.62126397566262,True,3,0.02
indicator_revision_only_dfm_kalman_em,exact,2023:Q2:pre_advance:exact,2023-07-26,pre_advance,2023:Q2,M,A,3.8116566339685103,0.0,0.06647719616176788,16.62126397566262,True,3,0.02
indicator_revision_only_dfm_kalman_em,exact,2023:Q2:pre_advance:exact,2023-07-26,pre_advance,2023:Q2,M,M,7.912418889908952,0.0,0.06647719616176788,16.62126397566262,True,3,0.02
indicator_revision_only_dfm_kalman_em,exact,2023:Q2:pre_advance:exact,2023-07-26,pre_advance,2023:Q2,M,S,3.8116566339685103,0.0,0.06647719616176788,16.62126397566262,True,3,0.02
indicator_revision_only_dfm_kalman_em,exact,2023:Q2:pre_advance:exact,2023-07-26,pre_advance,2023:Q2,M,T,3.8116566339685103,0.0,0.06647719616176788,16.62126397566262,True,3,0.02
indicator_revision_only_dfm_kalman_em,exact,2023:Q2:pre_advance:exact,2023-07-26,pre_advance,2023:Q2,S,A,3.8116566339685103,0.0,0.06647719616176788,16.62126397566262,True,3,0.02
indicator_revision_only_dfm_kalman_em,exact,2023:Q2:pre_advance:exact,2023-07-26,pre_advance,2023:Q2,S,M,3.8116566339685103,0.0,0.06647719616176788,16.62126397566262,True,3,0.02
indicator_revision_only_dfm_kalman_em,exact,2023:Q2:pre_advance:exact,2023-07-26,pre_advance,2023:Q2,S,S,3.826826879679385,0.0,0.06647719616176788,16.62126397566262,True,3,0.02
indicator_revision_only_dfm_kalman_em,exact,2023:Q2:pre_advance:exact,2023-07-26,pre_advance,2023:Q2,S,T,3.8116566339685103,0.0,0.06647719616176788,16.62126397566262,True,3,0.02
indicator_revision_only_dfm_kalman_em,exact,2023:Q2:pre_advance:exact,2023-07-26,pre_advance,2023:Q2,T,A,3.8116566339685103,0.0,0.06647719616176788,16.62126397566262,True,3,0.02
indicator_revision_only_dfm_kalman_em,exact,2023:Q2:pre_advance:exact,2023-07-26,pre_advance,2023:Q2,T,M,3.8116566339685103,0.0,0.06647719616176788,16.62126397566262,True,3,0.02
indicator_revision_only_dfm_kalman_em,exact,2023:Q2:pre_advance:exact,2023-07-26,pre_advance,2023:Q2,T,S,3.8116566339685103,0.0,0.06647719616176788,16.62126397566262,True,3,0.02
indicator_revision_only_dfm_kalman_em,exact,2023:Q2:pre_advance:exact,2023-07-26,pre_advance,2023:Q2,T,T,3.9408689043859075,0.0,0.06647719616176788,16.62126397566262,True,3,0.02
joint_indicator_revision_dfm_full_kalman_em,exact,2023:Q2:pre_advance:exact,2023-07-26,pre_advance,2023:Q2,A,A,3.125211362914793,0.0,0.06453418442101827,16.28669218462383,True,3,0.02
joint_indicator_revision_dfm_full_kalman_em,exact,2023:Q2:pre_advance:exact,2023-07-26,pre_advance,2023:Q2,A,M,3.3888635146106996,0.0,0.06453418442101827,16.28669218462383,True,3,0.02
joint_indicator_revision_dfm_full_kalman_em,exact,2023:Q2:pre_advance:exact,2023-07-26,pre_advance,2023:Q2,A,S,3.368409401184222,0.0,0.06453418442101827,16.28669218462383,True,3,0.02
joint_indicator_revision_dfm_full_kalman_em,exact,2023:Q2:pre_advance:exact,2023-07-26,pre_advance,2023:Q2,A,T,3.3806818692401084,0.0,0.06453418442101827,16.28669218462383,True,3,0.02
joint_indicator_revision_dfm_full_kalman_em,exact,2023:Q2:pre_advance:exact,2023-07-26,pre_advance,2023:Q2,M,A,3.3888635146106996,0.0,0.06453418442101827,16.28669218462383,True,3,0.02
joint_indicator_revision_dfm_full_kalman_em,exact,2023:Q2:pre_advance:exact,2023-07-26,pre_advance,2023:Q2,M,M,8.130274501545715,0.0,0.06453418442101827,16.28669218462383,True,3,0.02
joint_indicator_revision_dfm_full_kalman_em,exact,2023:Q2:pre_advance:exact,2023-07-26,pre_advance,2023:Q2,M,S,3.9946687294117202,0.0,0.06453418442101827,16.28669218462383,True,3,0.02
joint_indicator_revision_dfm_full_kalman_em,exact,2023:Q2:pre_advance:exact,2023-07-26,pre_advance,2023:Q2,M,T,4.013799420405436,0.0,0.06453418442101827,16.28669218462383,True,3,0.02
joint_indicator_revision_dfm_full_kalman_em,exact,2023:Q2:pre_advance:exact,2023-07-26,pre_advance,2023:Q2,S,A,3.368409401184222,0.0,0.06453418442101827,16.28669218462383,True,3,0.02
joint_indicator_revision_dfm_full_kalman_em,exact,2023:Q2:pre_advance:exact,2023-07-26,pre_advance,2023:Q2,S,M,3.9946687294117202,0.0,0.06453418442101827,16.28669218462383,True,3,0.02
joint_indicator_revision_dfm_full_kalman_em,exact,2023:Q2:pre_advance:exact,2023-07-26,pre_advance,2023:Q2,S,S,3.9829661046644973,0.0,0.06453418442101827,16.28669218462383,True,3,0.02
joint_indicator_revision_dfm_full_kalman_em,exact,2023:Q2:pre_advance:exact,2023-07-26,pre_advance,2023:Q2,S,T,3.9821435428471705,0.0,0.06453418442101827,16.28669218462383,True,3,0.02
joint_indicator_revision_dfm_full_kalman_em,exact,2023:Q2:pre_advance:exact,2023-07-26,pre_advance,2023:Q2,T,A,3.3806818692401084,0.0,0.06453418442101827,16.28669218462383,True,3,0.02
joint_indicator_revision_dfm_full_kalman_em,exact,2023:Q2:pre_advance:exact,2023-07-26,pre_advance,2023:Q2,T,M,4.013799420405436,0.0,0.06453418442101827,16.28669218462383,True,3,0.02
joint_indicator_revision_dfm_full_kalman_em,exact,2023:Q2:pre_advance:exact,2023-07-26,pre_advance,2023:Q2,T,S,3.9821435428471705,0.0,0.06453418442101827,16.28669218462383,True,3,0.02
joint_indicator_revision_dfm_full_kalman_em,exact,2023:Q2:pre_advance:exact,2023-07-26,pre_advance,2023:Q2,T,T,4.123192944884381,0.0,0.06453418442101827,16.28669218462383,True,3,0.02
monthly_mixed_frequency_kalman_em,exact,2023:Q2:pre_advance:exact,2023-07-26,pre_advance,2023:Q2,A,A,4.372574229196063,0.0,0.06116997024326004,18.14248827865256,True,3,0.02
monthly_mixed_frequency_kalman_em,exact,2023:Q2:pre_advance:exact,2023-07-26,pre_advance,2023:Q2,A,M,4.060164082099548,0.0,0.06116997024326004,18.14248827865256,True,3,0.02
monthly_mixed_frequency_kalman_em,exact,2023:Q2:pre_advance:exact,2023-07-26,pre_advance,2023:Q2,A,S,4.111074187917682,0.0,0.06116997024326004,18.14248827865256,True,3,0.02
monthly_mixed_frequency_kalman_em,exact,2023:Q2:pre_advance:exact,2023-07-26,pre_advance,2023:Q2,A,T,4.083305039289609,0.0,0.06116997024326004,18.14248827865256,True,3,0.02
monthly_mixed_frequency_kalman_em,exact,2023:Q2:pre_advance:exact,2023-07-26,pre_advance,2023:Q2,M,A,4.060164082099548,0.0,0.06116997024326004,18.14248827865256,True,3,0.02
monthly_mixed_frequency_kalman_em,exact,2023:Q2:pre_advance:exact,2023-07-26,pre_advance,2023:Q2,M,M,8.556820198805243,0.0,0.06116997024326004,18.14248827865256,True,3,0.02
monthly_mixed_frequency_kalman_em,exact,2023:Q2:pre_advance:exact,2023-07-26,pre_advance,2023:Q2,M,S,4.236341650908137,0.0,0.06116997024326004,18.14248827865256,True,3,0.02
monthly_mixed_frequency_kalman_em,exact,2023:Q2:pre_advance:exact,2023-07-26,pre_advance,2023:Q2,M,T,4.353793363447196,0.0,0.06116997024326004,18.14248827865256,True,3,0.02
monthly_mixed_frequency_kalman_em,exact,2023:Q2:pre_advance:exact,2023-07-26,pre_advance,2023:Q2,S,A,4.111074187917682,0.0,0.06116997024326004,18.14248827865256,True,3,0.02
monthly_mixed_frequency_kalman_em,exact,2023:Q2:pre_advance:exact,2023-07-26,pre_advance,2023:Q2,S,M,4.236341650908137,0.0,0.06116997024326004,18.14248827865256,True,3,0.02
monthly_mixed_frequency_kalman_em,exact,2023:Q2:pre_advance:exact,2023-07-26,pre_advance,2023:Q2,S,S,4.218771640812273,0.0,0.06116997024326004,18.14248827865256,True,3,0.02
monthly_mixed_frequency_kalman_em,exact,2023:Q2:pre_advance:exact,2023-07-26,pre_advance,2023:Q2,S,T,4.205024785160523,0.0,0.06116997024326004,18.14248827865256,True,3,0.02
monthly_mixed_frequency_kalman_em,exact,2023:Q2:pre_advance:exact,2023-07-26,pre_advance,2023:Q2,T,A,4.083305039289609,0.0,0.06116997024326004,18.14248827865256,True,3,0.02
monthly_mixed_frequency_kalman_em,exact,2023:Q2:pre_advance:exact,2023-07-26,pre_advance,2023:Q2,T,M,4.353793363447196,0.0,0.06116997024326004,18.14248827865256,True,3,0.02
monthly_mixed_frequency_kalman_em,exact,2023:Q2:pre_advance:exact,2023-07-26,pre_advance,2023:Q2,T,S,4.205024785160523,0.0,0.06116997024326004,18.14248827865256,True,3,0.02
monthly_mixed_frequency_kalman_em,exact,2023:Q2:pre_advance:exact,2023-07-26,pre_advance,2023:Q2,T,T,4.337008136027705,0.0,0.06116997024326004,18.14248827865256,True,3,0.02
revision_dfm_kalman_em,exact,2023:Q2:pre_advance:exact,2023-07-26,pre_advance,2023:Q2,A,A,2.9791421988282987,4.440892098500626e-16,0.06659114929298288,14.899663675272507,True,3,0.02
revision_dfm_kalman_em,exact,2023:Q2:pre_advance:exact,2023-07-26,pre_advance,2023:Q2,A,M,3.101969685845905,4.440892098500626e-16,0.06659114929298288,14.899663675272507,True,3,0.02
revision_dfm_kalman_em,exact,2023:Q2:pre_advance:exact,2023-07-26,pre_advance,2023:Q2,A,S,3.088535077929953,4.440892098500626e-16,0.06659114929298288,14.899663675272507,True,3,0.02
revision_dfm_kalman_em,exact,2023:Q2:pre_advance:exact,2023-07-26,pre_advance,2023:Q2,A,T,3.096595842679524,4.440892098500626e-16,0.06659114929298288,14.899663675272507,True,3,0.02
revision_dfm_kalman_em,exact,2023:Q2:pre_advance:exact,2023-07-26,pre_advance,2023:Q2,M,A,3.101969685845905,4.440892098500626e-16,0.06659114929298288,14.899663675272507,True,3,0.02
revision_dfm_kalman_em,exact,2023:Q2:pre_advance:exact,2023-07-26,pre_advance,2023:Q2,M,M,7.705556186580789,4.440892098500626e-16,0.06659114929298288,14.899663675272507,True,3,0.02
revision_dfm_kalman_em,exact,2023:Q2:pre_advance:exact,2023-07-26,pre_advance,2023:Q2,M,S,3.5887520110255915,4.440892098500626e-16,0.06659114929298288,14.899663675272507,True,3,0.02
revision_dfm_kalman_em,exact,2023:Q2:pre_advance:exact,2023-07-26,pre_advance,2023:Q2,M,T,3.6041240844523186,4.440892098500626e-16,0.06659114929298288,14.899663675272507,True,3,0.02
revision_dfm_kalman_em,exact,2023:Q2:pre_advance:exact,2023-07-26,pre_advance,2023:Q2,S,A,3.0885350779299525,4.440892098500626e-16,0.06659114929298288,14.899663675272507,True,3,0.02
revision_dfm_kalman_em,exact,2023:Q2:pre_advance:exact,2023-07-26,pre_advance,2023:Q2,S,M,3.5887520110255915,4.440892098500626e-16,0.06659114929298288,14.899663675272507,True,3,0.02
revision_dfm_kalman_em,exact,2023:Q2:pre_advance:exact,2023-07-26,pre_advance,2023:Q2,S,S,3.5892507718892928,4.440892098500626e-16,0.06659114929298288,14.899663675272507,True,3,0.02
revision_dfm_kalman_em,exact,2023:Q2:pre_advance:exact,2023-07-26,pre_advance,2023:Q2,S,T,3.5787476723636784,4.440892098500626e-16,0.06659114929298288,14.899663675272507,True,3,0.02
revision_dfm_kalman_em,exact,2023:Q2:pre_advance:exact,2023-07-26,pre_advance,2023:Q2,T,A,3.096595842679524,4.440892098500626e-16,0.06659114929298288,14.899663675272507,True,3,0.02
revision_dfm_kalman_em,exact,2023:Q2:pre_advance:exact,2023-07-26,pre_advance,2023:Q2,T,M,3.6041240844523186,4.440892098500626e-16,0.06659114929298288,14.899663675272507,True,3,0.02
revision_dfm_kalman_em,exact,2023:Q2:pre_advance:exact,2023-07-26,pre_advance,2023:Q2,T,S,3.578747672363679,4.440892098500626e-16,0.06659114929298288,14.899663675272507,True,3,0.02
revision_dfm_kalman_em,exact,2023:Q2:pre_advance:exact,2023-07-26,pre_advance,2023:Q2,T,T,3.711227781536728,4.440892098500626e-16,0.06659114929298288,14.899663675272507,True,3,0.02
indicator_revision_only_dfm_kalman_em,pseudo,2023:Q2:pre_advance:pseudo,2023-07-31,pre_advance,2023:Q2,A,A,4.207287444448883,0.0,0.06647806511253146,16.622181013230033,True,3,0.02
indicator_revision_only_dfm_kalman_em,pseudo,2023:Q2:pre_advance:pseudo,2023-07-31,pre_advance,2023:Q2,A,M,3.8118906348703,0.0,0.06647806511253146,16.622181013230033,True,3,0.02
indicator_revision_only_dfm_kalman_em,pseudo,2023:Q2:pre_advance:pseudo,2023-07-31,pre_advance,2023:Q2,A,S,3.8118906348703,0.0,0.06647806511253146,16.622181013230033,True,3,0.02
indicator_revision_only_dfm_kalman_em,pseudo,2023:Q2:pre_advance:pseudo,2023-07-31,pre_advance,2023:Q2,A,T,3.8118906348703,0.0,0.06647806511253146,16.622181013230033,True,3,0.02
indicator_revision_only_dfm_kalman_em,pseudo,2023:Q2:pre_advance:pseudo,2023-07-31,pre_advance,2023:Q2,M,A,3.8118906348703,0.0,0.06647806511253146,16.622181013230033,True,3,0.02
indicator_revision_only_dfm_kalman_em,pseudo,2023:Q2:pre_advance:pseudo,2023-07-31,pre_advance,2023:Q2,M,M,7.91264084555798,0.0,0.06647806511253146,16.622181013230033,True,3,0.02
indicator_revision_only_dfm_kalman_em,pseudo,2023:Q2:pre_advance:pseudo,2023-07-31,pre_advance,2023:Q2,M,S,3.8118906348703,0.0,0.06647806511253146,16.622181013230033,True,3,0.02
indicator_revision_only_dfm_kalman_em,pseudo,2023:Q2:pre_advance:pseudo,2023-07-31,pre_advance,2023:Q2,M,T,3.8118906348703,0.0,0.06647806511253146,16.622181013230033,True,3,0.02
indicator_revision_only_dfm_kalman_em,pseudo,2023:Q2:pre_advance:pseudo,2023-07-31,pre_advance,2023:Q2,S,A,3.8118906348703,0.0,0.06647806511253146,16.622181013230033,True,3,0.02
indicator_revision_only_dfm_kalman_em,pseudo,2023:Q2:pre_advance:pseudo,2023-07-31,pre_advance,2023:Q2,S,M,3.8118906348703,0.0,0.06647806511253146,16.622181013230033,True,3,0.02
indicator_revision_only_dfm_kalman_em,pseudo,2023:Q2:pre_advance:pseudo,2023-07-31,pre_advance,2023:Q2,S,S,3.8270657591614476,0.0,0.06647806511253146,16.622181013230033,True,3,0.02
indicator_revision_only_dfm_kalman_em,pseudo,2023:Q2:pre_advance:pseudo,2023-07-31,pre_advance,2023:Q2,S,T,3.8118906348703,0.0,0.06647806511253146,16.622181013230033,True,3,0.02
indicator_revision_only_dfm_kalman_em,pseudo,2023:Q2:pre_advance:pseudo,2023-07-31,pre_advance,2023:Q2,T,A,3.8118906348703,0.0,0.06647806511253146,16.622181013230033,True,3,0.02
indicator_revision_only_dfm_kalman_em,pseudo,2023:Q2:pre_advance:pseudo,2023-07-31,pre_advance,2023:Q2,T,M,3.8118906348703,0.0,0.06647806511253146,16.622181013230033,True,3,0.02
indicator_revision_only_dfm_kalman_em,pseudo,2023:Q2:pre_advance:pseudo,2023-07-31,pre_advance,2023:Q2,T,S,3.8118906348703,0.0,0.06647806511253146,16.622181013230033,True,3,0.02
indicator_revision_only_dfm_kalman_em,pseudo,2023:Q2:pre_advance:pseudo,2023-07-31,pre_advance,2023:Q2,T,T,3.9410977306019146,0.0,0.06647806511253146,16.622181013230033,True,3,0.02
joint_indicator_revision_dfm_full_kalman_em,pseudo,2023:Q2:pre_advance:pseudo,2023-07-31,pre_advance,2023:Q2,A,A,3.1251640283867497,4.440892098500626e-16,0.06465319877666068,16.27994288429199,True,3,0.02
joint_indicator_revision_dfm_full_kalman_em,pseudo,2023:Q2:pre_advance:pseudo,2023-07-31,pre_advance,2023:Q2,A,M,3.3875863702572055,4.440892098500626e-16,0.06465319877666068,16.27994288429199,True,3,0.02
joint_indicator_revision_dfm_full_kalman_em,pseudo,2023:Q2:pre_advance:pseudo,2023-07-31,pre_advance,2023:Q2,A,S,3.3674237034562493,4.440892098500626e-16,0.06465319877666068,16.27994288429199,True,3,0.02
joint_indicator_revision_dfm_full_kalman_em,pseudo,2023:Q2:pre_advance:pseudo,2023-07-31,pre_advance,2023:Q2,A,T,3.379521303536823,4.440892098500626e-16,0.06465319877666068,16.27994288429199,True,3,0.02
joint_indicator_revision_dfm_full_kalman_em,pseudo,2023:Q2:pre_advance:pseudo,2023-07-31,pre_advance,2023:Q2,M,A,3.3875863702572055,4.440892098500626e-16,0.06465319877666068,16.27994288429199,True,3,0.02
joint_indicator_revision_dfm_full_kalman_em,pseudo,2023:Q2:pre_advance:pseudo,2023-07-31,pre_advance,2023:Q2,M,M,8.127294383153735,4.440892098500626e-16,0.06465319877666068,16.27994288429199,True,3,0.02
joint_indicator_revision_dfm_full_kalman_em,pseudo,2023:Q2:pre_advance:pseudo,2023-07-31,pre_advance,2023:Q2,M,S,3.9926780187341584,4.440892098500626e-16,0.06465319877666068,16.27994288429199,True,3,0.02
joint_indicator_revision_dfm_full_kalman_em,pseudo,2023:Q2:pre_advance:pseudo,2023-07-31,pre_advance,2023:Q2,M,T,4.011786176054484,4.440892098500626e-16,0.06465319877666068,16.27994288429199,True,3,0.02
joint_indicator_revision_dfm_full_kalman_em,pseudo,2023:Q2:pre_advance:pseudo,2023-07-31,pre_advance,2023:Q2,S,A,3.367423703456249,4.440892098500626e-16,0.06465319877666068,16.27994288429199,True,3,0.02
joint_indicator_revision_dfm_full_kalman_em,pseudo,2023:Q2:pre_advance:pseudo,2023-07-31,pre_advance,2023:Q2,S,M,3.9926780187341584,4.440892098500626e-16,0.06465319877666068,16.27994288429199,True,3,0.02
joint_indicator_revision_dfm_full_kalman_em,pseudo,2023:Q2:pre_advance:pseudo,2023-07-31,pre_advance,2023:Q2,S,S,3.9816108330865623,4.440892098500626e-16,0.06465319877666068,16.27994288429199,True,3,0.02
joint_indicator_revision_dfm_full_kalman_em,pseudo,2023:Q2:pre_advance:pseudo,2023-07-31,pre_advance,2023:Q2,S,T,3.9801729324286,4.440892098500626e-16,0.06465319877666068,16.27994288429199,True,3,0.02
joint_indicator_revision_dfm_full_kalman_em,pseudo,2023:Q2:pre_advance:pseudo,2023-07-31,pre_advance,2023:Q2,T,A,3.379521303536823,4.440892098500626e-16,0.06465319877666068,16.27994288429199,True,3,0.02
joint_indicator_revision_dfm_full_kalman_em,pseudo,2023:Q2:pre_advance:pseudo,2023-07-31,pre_advance,2023:Q2,T,M,4.011786176054484,4.440892098500626e-16,0.06465319877666068,16.27994288429199,True,3,0.02
joint_indicator_revision_dfm_full_kalman_em,pseudo,2023:Q2:pre_advance:pseudo,2023-07-31,pre_advance,2023:Q2,T,S,3.9801729324286006,4.440892098500626e-16,0.06465319877666068,16.27994288429199,True,3,0.02
joint_indicator_revision_dfm_full_kalman_em,pseudo,2023:Q2:pre_advance:pseudo,2023-07-31,pre_advance,2023:Q2,T,T,4.120655848706865,4.440892098500626e-16,0.06465319877666068,16.27994288429199,True,3,0.02
monthly_mixed_frequency_kalman_em,pseudo,2023:Q2:pre_advance:pseudo,2023-07-31,pre_advance,2023:Q2,A,A,4.371676752172048,0.0,0.06116953021674197,18.139589761575056,True,3,0.02
monthly_mixed_frequency_kalman_em,pseudo,2023:Q2:pre_advance:pseudo,2023-07-31,pre_advance,2023:Q2,A,M,4.059390608404542,0.0,0.06116953021674197,18.139589761575056,True,3,0.02
monthly_mixed_frequency_kalman_em,pseudo,2023:Q2:pre_advance:pseudo,2023-07-31,pre_advance,2023:Q2,A,S,4.110234323659143,0.0,0.06116953021674197,18.139589761575056,True,3,0.02
monthly_mixed_frequency_kalman_em,pseudo,2023:Q2:pre_advance:pseudo,2023-07-31,pre_advance,2023:Q2,A,T,4.082501388065724,0.0,0.06116953021674197,18.139589761575056,True,3,0.02
monthly_mixed_frequency_kalman_em,pseudo,2023:Q2:pre_advance:pseudo,2023-07-31,pre_advance,2023:Q2,M,A,4.059390608404542,0.0,0.06116953021674197,18.139589761575056,True,3,0.02
monthly_mixed_frequency_kalman_em,pseudo,2023:Q2:pre_advance:pseudo,2023-07-31,pre_advance,2023:Q2,M,M,8.556230152332208,0.0,0.06116953021674197,18.139589761575056,True,3,0.02
monthly_mixed_frequency_kalman_em,pseudo,2023:Q2:pre_advance:pseudo,2023-07-31,pre_advance,2023:Q2,M,S,4.235641734345355,0.0,0.06116953021674197,18.139589761575056,True,3,0.02
monthly_mixed_frequency_kalman_em,pseudo,2023:Q2:pre_advance:pseudo,2023-07-31,pre_advance,2023:Q2,M,T,4.353142484972565,0.0,0.06116953021674197,18.139589761575056,True,3,0.02
monthly_mixed_frequency_kalman_em,pseudo,2023:Q2:pre_advance:pseudo,2023-07-31,pre_advance,2023:Q2,S,A,4.110234323659143,0.0,0.06116953021674197,18.139589761575056,True,3,0.02
monthly_mixed_frequency_kalman_em,pseudo,2023:Q2:pre_advance:pseudo,2023-07-31,pre_advance,2023:Q2,S,M,4.235641734345355,0.0,0.06116953021674197,18.139589761575056,True,3,0.02
monthly_mixed_frequency_kalman_em,pseudo,2023:Q2:pre_advance:pseudo,2023-07-31,pre_advance,2023:Q2,S,S,4.217995789894103,0.0,0.06116953021674197,18.139589761575056,True,3,0.02
monthly_mixed_frequency_kalman_em,pseudo,2023:Q2:pre_advance:pseudo,2023-07-31,pre_advance,2023:Q2,S,T,4.204289881673803,0.0,0.06116953021674197,18.139589761575056,True,3,0.02
monthly_mixed_frequency_kalman_em,pseudo,2023:Q2:pre_advance:pseudo,2023-07-31,pre_advance,2023:Q2,T,A,4.082501388065724,0.0,0.06116953021674197,18.139589761575056,True,3,0.02
monthly_mixed_frequency_kalman_em,pseudo,2023:Q2:pre_advance:pseudo,2023-07-31,pre_advance,2023:Q2,T,M,4.353142484972565,0.0,0.06116953021674197,18.139589761575056,True,3,0.02
monthly_mixed_frequency_kalman_em,pseudo,2023:Q2:pre_advance:pseudo,2023-07-31,pre_advance,2023:Q2,T,S,4.204289881673803,0.0,0.06116953021674197,18.139589761575056,True,3,0.02
monthly_mixed_frequency_kalman_em,pseudo,2023:Q2:pre_advance:pseudo,2023-07-31,pre_advance,2023:Q2,T,T,4.336315677416302,0.0,0.06116953021674197,18.139589761575056,True,3,0.02
revision_dfm_kalman_em,pseudo,2023:Q2:pre_advance:pseudo,2023-07-31,pre_advance,2023:Q2,A,A,2.975280521562204,4.440892098500626e-16,0.06659091899968463,14.88598970769049,True,3,0.02
revision_dfm_kalman_em,pseudo,2023:Q2:pre_advance:pseudo,2023-07-31,pre_advance,2023:Q2,A,M,3.098299518357106,4.440892098500626e-16,0.06659091899968463,14.88598970769049,True,3,0.02
revision_dfm_kalman_em,pseudo,2023:Q2:pre_advance:pseudo,2023-07-31,pre_advance,2023:Q2,A,S,3.0848576463848794,4.440892098500626e-16,0.06659091899968463,14.88598970769049,True,3,0.02
revision_dfm_kalman_em,pseudo,2023:Q2:pre_advance:pseudo,2023-07-31,pre_advance,2023:Q2,A,T,3.0929227695682155,4.440892098500626e-16,0.06659091899968463,14.88598970769049,True,3,0.02
revision_dfm_kalman_em,pseudo,2023:Q2:pre_advance:pseudo,2023-07-31,pre_advance,2023:Q2,M,A,3.098299518357106,4.440892098500626e-16,0.06659091899968463,14.88598970769049,True,3,0.02
revision_dfm_kalman_em,pseudo,2023:Q2:pre_advance:pseudo,2023-07-31,pre_advance,2023:Q2,M,M,7.702146607795156,4.440892098500626e-16,0.06659091899968463,14.88598970769049,True,3,0.02
revision_dfm_kalman_em,pseudo,2023:Q2:pre_advance:pseudo,2023-07-31,pre_advance,2023:Q2,M,S,3.585322458048578,4.440892098500626e-16,0.06659091899968463,14.88598970769049,True,3,0.02
revision_dfm_kalman_em,pseudo,2023:Q2:pre_advance:pseudo,2023-07-31,pre_advance,2023:Q2,M,T,3.6007021298283086,4.440892098500626e-16,0.06659091899968463,14.88598970769049,True,3,0.02
revision_dfm_kalman_em,pseudo,2023:Q2:pre_advance:pseudo,2023-07-31,pre_advance,2023:Q2,S,A,3.0848576463848794,4.440892098500626e-16,0.06659091899968463,14.88598970769049,True,3,0.02
revision_dfm_kalman_em,pseudo,2023:Q2:pre_advance:pseudo,2023-07-31,pre_advance,2023:Q2,S,M,3.585322458048578,4.440892098500626e-16,0.06659091899968463,14.88598970769049,True,3,0.02
revision_dfm_kalman_em,pseudo,2023:Q2:pre_advance:pseudo,2023-07-31,pre_advance,2023:Q2,S,S,3.5858138127394934,4.440892098500626e-16,0.06659091899968463,14.88598970769049,True,3,0.02
revision_dfm_kalman_em,pseudo,2023:Q2:pre_advance:pseudo,2023-07-31,pre_advance,2023:Q2,S,T,3.5753131618153042,4.440892098500626e-16,0.06659091899968463,14.88598970769049,True,3,0.02
revision_dfm_kalman_em,pseudo,2023:Q2:pre_advance:pseudo,2023-07-31,pre_advance,2023:Q2,T,A,3.092922769568215,4.440892098500626e-16,0.06659091899968463,14.88598970769049,True,3,0.02
revision_dfm_kalman_em,pseudo,2023:Q2:pre_advance:pseudo,2023-07-31,pre_advance,2023:Q2,T,M,3.6007021298283086,4.440892098500626e-16,0.06659091899968463,14.88598970769049,True,3,0.02
revision_dfm_kalman_em,pseudo,2023:Q2:pre_advance:pseudo,2023-07-31,pre_advance,2023:Q2,T,S,3.5753131618153042,4.440892098500626e-16,0.06659091899968463,14.88598970769049,True,3,0.02
revision_dfm_kalman_em,pseudo,2023:Q2:pre_advance:pseudo,2023-07-31,pre_advance,2023:Q2,T,T,3.707793007169293,4.440892098500626e-16,0.06659091899968463,14.88598970769049,True,3,0.02
indicator_revision_only_dfm_kalman_em,exact,2023:Q2:pre_second:exact,2023-08-29,pre_second,2023:Q2,A,A,0.7529972438044236,0.0,0.06264231029305985,4.5743520309483685,True,3,0.02
indicator_revision_only_dfm_kalman_em,exact,2023:Q2:pre_second:exact,2023-08-29,pre_second,2023:Q2,A,M,0.35780264542518225,0.0,0.06264231029305985,4.5743520309483685,True,3,0.02
indicator_revision_only_dfm_kalman_em,exact,2023:Q2:pre_second:exact,2023-08-29,pre_second,2023:Q2,A,S,0.35780264542518225,0.0,0.06264231029305985,4.5743520309483685,True,3,0.02
indicator_revision_only_dfm_kalman_em,exact,2023:Q2:pre_second:exact,2023-08-29,pre_second,2023:Q2,A,T,0.35780264542518225,0.0,0.06264231029305985,4.5743520309483685,True,3,0.02
indicator_revision_only_dfm_kalman_em,exact,2023:Q2:pre_second:exact,2023-08-29,pre_second,2023:Q2,M,A,0.35780264542518225,0.0,0.06264231029305985,4.5743520309483685,True,3,0.02
indicator_revision_only_dfm_kalman_em,exact,2023:Q2:pre_second:exact,2023-08-29,pre_second,2023:Q2,M,M,4.458501875709093,0.0,0.06264231029305985,4.5743520309483685,True,3,0.02
indicator_revision_only_dfm_kalman_em,exact,2023:Q2:pre_second:exact,2023-08-29,pre_second,2023:Q2,M,S,0.35780264542518225,0.0,0.06264231029305985,4.5743520309483685,True,3,0.02
indicator_revision_only_dfm_kalman_em,exact,2023:Q2:pre_second:exact,2023-08-29,pre_second,2023:Q2,M,T,0.35780264542518225,0.0,0.06264231029305985,4.5743520309483685,True,3,0.02
indicator_revision_only_dfm_kalman_em,exact,2023:Q2:pre_second:exact,2023-08-29,pre_second,2023:Q2,S,A,0.35780264542518225,0.0,0.06264231029305985,4.5743520309483685,True,3,0.02
indicator_revision_only_dfm_kalman_em,exact,2023:Q2:pre_second:exact,2023-08-29,pre_second,2023:Q2,S,M,0.35780264542518225,0.0,0.06264231029305985,4.5743520309483685,True,3,0.02
indicator_revision_only_dfm_kalman_em,exact,2023:Q2:pre_second:exact,2023-08-29,pre_second,2023:Q2,S,S,0.37298865268353765,0.0,0.06264231029305985,4.5743520309483685,True,3,0.02
indicator_revision_only_dfm_kalman_em,exact,2023:Q2:pre_second:exact,2023-08-29,pre_second,2023:Q2,S,T,0.35780264542518225,0.0,0.06264231029305985,4.5743520309483685,True,3,0.02
indicator_revision_only_dfm_kalman_em,exact,2023:Q2:pre_second:exact,2023-08-29,pre_second,2023:Q2,T,A,0.35780264542518225,0.0,0.06264231029305985,4.5743520309483685,True,3,0.02
indicator_revision_only_dfm_kalman_em,exact,2023:Q2:pre_second:exact,2023-08-29,pre_second,2023:Q2,T,M,0.35780264542518225,0.0,0.06264231029305985,4.5743520309483685,True,3,0.02
indicator_revision_only_dfm_kalman_em,exact,2023:Q2:pre_second:exact,2023-08-29,pre_second,2023:Q2,T,S,0.35780264542518225,0.0,0.06264231029305985,4.5743520309483685,True,3,0.02
indicator_revision_only_dfm_kalman_em,exact,2023:Q2:pre_second:exact,2023-08-29,pre_second,2023:Q2,T,T,0.4870118168557524,0.0,0.06264231029305985,4.5743520309483685,True,3,0.02
joint_indicator_revision_dfm_full_kalman_em,exact,2023:Q2:pre_second:exact,2023-08-29,pre_second,2023:Q2,A,A,0.27862177074551414,0.0,0.06385543098714307,4.526441693220481,True,3,0.02
joint_indicator_revision_dfm_full_kalman_em,exact,2023:Q2:pre_second:exact,2023-08-29,pre_second,2023:Q2,A,M,0.15459029566862006,0.0,0.06385543098714307,4.526441693220481,True,3,0.02
joint_indicator_revision_dfm_full_kalman_em,exact,2023:Q2:pre_second:exact,2023-08-29,pre_second,2023:Q2,A,S,0.1536621662771462,0.0,0.06385543098714307,4.526441693220481,True,3,0.02
joint_indicator_revision_dfm_full_kalman_em,exact,2023:Q2:pre_second:exact,2023-08-29,pre_second,2023:Q2,A,T,0.1542190439120305,0.0,0.06385543098714307,4.526441693220481,True,3,0.02
joint_indicator_revision_dfm_full_kalman_em,exact,2023:Q2:pre_second:exact,2023-08-29,pre_second,2023:Q2,M,A,0.15459029566862006,0.0,0.06385543098714307,4.526441693220481,True,3,0.02
joint_indicator_revision_dfm_full_kalman_em,exact,2023:Q2:pre_second:exact,2023-08-29,pre_second,2023:Q2,M,M,4.455294174086325,0.0,0.06385543098714307,4.526441693220481,True,3,0.02
joint_indicator_revision_dfm_full_kalman_em,exact,2023:Q2:pre_second:exact,2023-08-29,pre_second,2023:Q2,M,S,0.34262757169521363,0.0,0.06385543098714307,4.526441693220481,True,3,0.02
joint_indicator_revision_dfm_full_kalman_em,exact,2023:Q2:pre_second:exact,2023-08-29,pre_second,2023:Q2,M,T,0.3485655909381587,0.0,0.06385543098714307,4.526441693220481,True,3,0.02
joint_indicator_revision_dfm_full_kalman_em,exact,2023:Q2:pre_second:exact,2023-08-29,pre_second,2023:Q2,S,A,0.1536621662771462,0.0,0.06385543098714307,4.526441693220481,True,3,0.02
joint_indicator_revision_dfm_full_kalman_em,exact,2023:Q2:pre_second:exact,2023-08-29,pre_second,2023:Q2,S,M,0.34262757169521363,0.0,0.06385543098714307,4.526441693220481,True,3,0.02
joint_indicator_revision_dfm_full_kalman_em,exact,2023:Q2:pre_second:exact,2023-08-29,pre_second,2023:Q2,S,S,0.35336279415899413,0.0,0.06385543098714307,4.526441693220481,True,3,0.02
joint_indicator_revision_dfm_full_kalman_em,exact,2023:Q2:pre_second:exact,2023-08-29,pre_second,2023:Q2,S,T,0.33884826358685227,0.0,0.06385543098714307,4.526441693220481,True,3,0.02
joint_indicator_revision_dfm_full_kalman_em,exact,2023:Q2:pre_second:exact,2023-08-29,pre_second,2023:Q2,T,A,0.1542190439120305,0.0,0.06385543098714307,4.526441693220481,True,3,0.02
joint_indicator_revision_dfm_full_kalman_em,exact,2023:Q2:pre_second:exact,2023-08-29,pre_second,2023:Q2,T,M,0.3485655909381587,0.0,0.06385543098714307,4.526441693220481,True,3,0.02
joint_indicator_revision_dfm_full_kalman_em,exact,2023:Q2:pre_second:exact,2023-08-29,pre_second,2023:Q2,T,S,0.33884826358685227,0.0,0.06385543098714307,4.526441693220481,True,3,0.02
joint_indicator_revision_dfm_full_kalman_em,exact,2023:Q2:pre_second:exact,2023-08-29,pre_second,2023:Q2,T,T,0.46622241897552424,0.0,0.06385543098714307,4.526441693220481,True,3,0.02
monthly_mixed_frequency_kalman_em,exact,2023:Q2:pre_second:exact,2023-08-29,pre_second,2023:Q2,A,A,0.42884457598962106,0.0,0.05858209996535051,4.925000613199408,True,3,0.02
monthly_mixed_frequency_kalman_em,exact,2023:Q2:pre_second:exact,2023-08-29,pre_second,2023:Q2,A,M,0.20558926735494326,0.0,0.05858209996535051,4.925000613199408,True,3,0.02
monthly_mixed_frequency_kalman_em,exact,2023:Q2:pre_second:exact,2023-08-29,pre_second,2023:Q2,A,S,0.2074910906226701,0.0,0.05858209996535051,4.925000613199408,True,3,0.02
monthly_mixed_frequency_kalman_em,exact,2023:Q2:pre_second:exact,2023-08-29,pre_second,2023:Q2,A,T,0.20645373247663726,0.0,0.05858209996535051,4.925000613199408,True,3,0.02
monthly_mixed_frequency_kalman_em,exact,2023:Q2:pre_second:exact,2023-08-29,pre_second,2023:Q2,M,A,0.20558926735494326,0.0,0.05858209996535051,4.925000613199408,True,3,0.02
monthly_mixed_frequency_kalman_em,exact,2023:Q2:pre_second:exact,2023-08-29,pre_second,2023:Q2,M,M,4.789373384255549,0.0,0.05858209996535051,4.925000613199408,True,3,0.02
monthly_mixed_frequency_kalman_em,exact,2023:Q2:pre_second:exact,2023-08-29,pre_second,2023:Q2,M,S,0.42141613230738223,0.0,0.05858209996535051,4.925000613199408,True,3,0.02
monthly_mixed_frequency_kalman_em,exact,2023:Q2:pre_second:exact,2023-08-29,pre_second,2023:Q2,M,T,0.5653007089423417,0.0,0.05858209996535051,4.925000613199408,True,3,0.02
monthly_mixed_frequency_kalman_em,exact,2023:Q2:pre_second:exact,2023-08-29,pre_second,2023:Q2,S,A,0.2074910906226701,0.0,0.05858209996535051,4.925000613199408,True,3,0.02
monthly_mixed_frequency_kalman_em,exact,2023:Q2:pre_second:exact,2023-08-29,pre_second,2023:Q2,S,M,0.42141613230738223,0.0,0.05858209996535051,4.925000613199408,True,3,0.02
monthly_mixed_frequency_kalman_em,exact,2023:Q2:pre_second:exact,2023-08-29,pre_second,2023:Q2,S,S,0.3549966945122124,0.0,0.05858209996535051,4.925000613199408,True,3,0.02
monthly_mixed_frequency_kalman_em,exact,2023:Q2:pre_second:exact,2023-08-29,pre_second,2023:Q2,S,T,0.3679348718862042,0.0,0.05858209996535051,4.925000613199408,True,3,0.02
monthly_mixed_frequency_kalman_em,exact,2023:Q2:pre_second:exact,2023-08-29,pre_second,2023:Q2,T,A,0.20645373247663726,0.0,0.05858209996535051,4.925000613199408,True,3,0.02
monthly_mixed_frequency_kalman_em,exact,2023:Q2:pre_second:exact,2023-08-29,pre_second,2023:Q2,T,M,0.5653007089423417,0.0,0.05858209996535051,4.925000613199408,True,3,0.02
monthly_mixed_frequency_kalman_em,exact,2023:Q2:pre_second:exact,2023-08-29,pre_second,2023:Q2,T,S,0.3679348718862042,0.0,0.05858209996535051,4.925000613199408,True,3,0.02
monthly_mixed_frequency_kalman_em,exact,2023:Q2:pre_second:exact,2023-08-29,pre_second,2023:Q2,T,T,0.5270163222387775,0.0,0.05858209996535051,4.925000613199408,True,3,0.02
revision_dfm_kalman_em,exact,2023:Q2:pre_second:exact,2023-08-29,pre_second,2023:Q2,A,A,0.2845094899263239,0.0,0.06709272026336129,4.546916199799592,True,3,0.02
revision_dfm_kalman_em,exact,2023:Q2:pre_second:exact,2023-08-29,pre_second,2023:Q2,A,M,0.15125075736702429,0.0,0.06709272026336129,4.546916199799592,True,3,0.02
revision_dfm_kalman_em,exact,2023:Q2:pre_second:exact,2023-08-29,pre_second,2023:Q2,A,S,0.15062282875537195,0.0,0.06709272026336129,4.546916199799592,True,3,0.02
revision_dfm_kalman_em,exact,2023:Q2:pre_second:exact,2023-08-29,pre_second,2023:Q2,A,T,0.15099958592236332,0.0,0.06709272026336129,4.546916199799592,True,3,0.02
revision_dfm_kalman_em,exact,2023:Q2:pre_second:exact,2023-08-29,pre_second,2023:Q2,M,A,0.15125075736702429,0.0,0.06709272026336129,4.546916199799592,True,3,0.02
revision_dfm_kalman_em,exact,2023:Q2:pre_second:exact,2023-08-29,pre_second,2023:Q2,M,M,4.464834236346633,0.0,0.06709272026336129,4.546916199799592,True,3,0.02
revision_dfm_kalman_em,exact,2023:Q2:pre_second:exact,2023-08-29,pre_second,2023:Q2,M,S,0.3695765559331188,0.0,0.06709272026336129,4.546916199799592,True,3,0.02
revision_dfm_kalman_em,exact,2023:Q2:pre_second:exact,2023-08-29,pre_second,2023:Q2,M,T,0.37647105483520593,0.0,0.06709272026336129,4.546916199799592,True,3,0.02
revision_dfm_kalman_em,exact,2023:Q2:pre_second:exact,2023-08-29,pre_second,2023:Q2,S,A,0.15062282875537195,0.0,0.06709272026336129,4.546916199799592,True,3,0.02
revision_dfm_kalman_em,exact,2023:Q2:pre_second:exact,2023-08-29,pre_second,2023:Q2,S,M,0.3695765559331188,0.0,0.06709272026336129,4.546916199799592,True,3,0.02
revision_dfm_kalman_em,exact,2023:Q2:pre_second:exact,2023-08-29,pre_second,2023:Q2,S,S,0.3880446380013223,0.0,0.06709272026336129,4.546916199799592,True,3,0.02
revision_dfm_kalman_em,exact,2023:Q2:pre_second:exact,2023-08-29,pre_second,2023:Q2,S,T,0.3651974813895638,0.0,0.06709272026336129,4.546916199799592,True,3,0.02
revision_dfm_kalman_em,exact,2023:Q2:pre_second:exact,2023-08-29,pre_second,2023:Q2,T,A,0.15099958592236332,0.0,0.06709272026336129,4.546916199799592,True,3,0.02
revision_dfm_kalman_em,exact,2023:Q2:pre_second:exact,2023-08-29,pre_second,2023:Q2,T,M,0.37647105483520593,0.0,0.06709272026336129,4.546916199799592,True,3,0.02
revision_dfm_kalman_em,exact,2023:Q2:pre_second:exact,2023-08-29,pre_second,2023:Q2,T,S,0.3651974813895638,0.0,0.06709272026336129,4.546916199799592,True,3,0.02
revision_dfm_kalman_em,exact,2023:Q2:pre_second:exact,2023-08-29,pre_second,2023:Q2,T,T,0.48602801787688693,0.0,0.06709272026336129,4.546916199799592,True,3,0.02
indicator_revision_only_dfm_kalman_em,pseudo,2023:Q2:pre_second:pseudo,2023-08-31,pre_second,2023:Q2,A,A,0.7529971668415738,0.0,0.06264230524700995,4.574351905155732,True,3,0.02
indicator_revision_only_dfm_kalman_em,pseudo,2023:Q2:pre_second:pseudo,2023-08-31,pre_second,2023:Q2,A,M,0.3578025680204102,0.0,0.06264230524700995,4.574351905155732,True,3,0.02
indicator_revision_only_dfm_kalman_em,pseudo,2023:Q2:pre_second:pseudo,2023-08-31,pre_second,2023:Q2,A,S,0.3578025680204102,0.0,0.06264230524700995,4.574351905155732,True,3,0.02
indicator_revision_only_dfm_kalman_em,pseudo,2023:Q2:pre_second:pseudo,2023-08-31,pre_second,2023:Q2,A,T,0.3578025680204102,0.0,0.06264230524700995,4.574351905155732,True,3,0.02
indicator_revision_only_dfm_kalman_em,pseudo,2023:Q2:pre_second:pseudo,2023-08-31,pre_second,2023:Q2,M,A,0.3578025680204102,0.0,0.06264230524700995,4.574351905155732,True,3,0.02
indicator_revision_only_dfm_kalman_em,pseudo,2023:Q2:pre_second:pseudo,2023-08-31,pre_second,2023:Q2,M,M,4.4585018037727195,0.0,0.06264230524700995,4.574351905155732,True,3,0.02
indicator_revision_only_dfm_kalman_em,pseudo,2023:Q2:pre_second:pseudo,2023-08-31,pre_second,2023:Q2,M,S,0.3578025680204102,0.0,0.06264230524700995,4.574351905155732,True,3,0.02
indicator_revision_only_dfm_kalman_em,pseudo,2023:Q2:pre_second:pseudo,2023-08-31,pre_second,2023:Q2,M,T,0.3578025680204102,0.0,0.06264230524700995,4.574351905155732,True,3,0.02
indicator_revision_only_dfm_kalman_em,pseudo,2023:Q2:pre_second:pseudo,2023-08-31,pre_second,2023:Q2,S,A,0.3578025680204102,0.0,0.06264230524700995,4.574351905155732,True,3,0.02
indicator_revision_only_dfm_kalman_em,pseudo,2023:Q2:pre_second:pseudo,2023-08-31,pre_second,2023:Q2,S,M,0.3578025680204102,0.0,0.06264230524700995,4.574351905155732,True,3,0.02
indicator_revision_only_dfm_kalman_em,pseudo,2023:Q2:pre_second:pseudo,2023-08-31,pre_second,2023:Q2,S,S,0.37298856508476974,0.0,0.06264230524700995,4.574351905155732,True,3,0.02
indicator_revision_only_dfm_kalman_em,pseudo,2023:Q2:pre_second:pseudo,2023-08-31,pre_second,2023:Q2,S,T,0.3578025680204102,0.0,0.06264230524700995,4.574351905155732,True,3,0.02
indicator_revision_only_dfm_kalman_em,pseudo,2023:Q2:pre_second:pseudo,2023-08-31,pre_second,2023:Q2,T,A,0.3578025680204102,0.0,0.06264230524700995,4.574351905155732,True,3,0.02
indicator_revision_only_dfm_kalman_em,pseudo,2023:Q2:pre_second:pseudo,2023-08-31,pre_second,2023:Q2,T,M,0.3578025680204102,0.0,0.06264230524700995,4.574351905155732,True,3,0.02
indicator_revision_only_dfm_kalman_em,pseudo,2023:Q2:pre_second:pseudo,2023-08-31,pre_second,2023:Q2,T,S,0.3578025680204102,0.0,0.06264230524700995,4.574351905155732,True,3,0.02
indicator_revision_only_dfm_kalman_em,pseudo,2023:Q2:pre_second:pseudo,2023-08-31,pre_second,2023:Q2,T,T,0.48701174699023186,0.0,0.06264230524700995,4.574351905155732,True,3,0.02
joint_indicator_revision_dfm_full_kalman_em,pseudo,2023:Q2:pre_second:pseudo,2023-08-31,pre_second,2023:Q2,A,A,0.2786221382478508,2.7755575615628914e-17,0.0638554384366059,4.526441496106093,True,3,0.02
joint_indicator_revision_dfm_full_kalman_em,pseudo,2023:Q2:pre_second:pseudo,2023-08-31,pre_second,2023:Q2,A,M,0.15459034646278166,2.7755575615628914e-17,0.0638554384366059,4.526441496106093,True,3,0.02
joint_indicator_revision_dfm_full_kalman_em,pseudo,2023:Q2:pre_second:pseudo,2023-08-31,pre_second,2023:Q2,A,S,0.15366222433048873,2.7755575615628914e-17,0.0638554384366059,4.526441496106093,True,3,0.02
joint_indicator_revision_dfm_full_kalman_em,pseudo,2023:Q2:pre_second:pseudo,2023-08-31,pre_second,2023:Q2,A,T,0.1542190976098645,2.7755575615628914e-17,0.0638554384366059,4.526441496106093,True,3,0.02
joint_indicator_revision_dfm_full_kalman_em,pseudo,2023:Q2:pre_second:pseudo,2023-08-31,pre_second,2023:Q2,M,A,0.15459034646278166,2.7755575615628914e-17,0.0638554384366059,4.526441496106093,True,3,0.02
joint_indicator_revision_dfm_full_kalman_em,pseudo,2023:Q2:pre_second:pseudo,2023-08-31,pre_second,2023:Q2,M,M,4.455294000218894,2.7755575615628914e-17,0.0638554384366059,4.526441496106093,True,3,0.02
joint_indicator_revision_dfm_full_kalman_em,pseudo,2023:Q2:pre_second:pseudo,2023-08-31,pre_second,2023:Q2,M,S,0.3426274924378565,2.7755575615628914e-17,0.0638554384366059,4.526441496106093,True,3,0.02
joint_indicator_revision_dfm_full_kalman_em,pseudo,2023:Q2:pre_second:pseudo,2023-08-31,pre_second,2023:Q2,M,T,0.3485655075739115,2.7755575615628914e-17,0.0638554384366059,4.526441496106093,True,3,0.02
joint_indicator_revision_dfm_full_kalman_em,pseudo,2023:Q2:pre_second:pseudo,2023-08-31,pre_second,2023:Q2,S,A,0.15366222433048876,2.7755575615628914e-17,0.0638554384366059,4.526441496106093,True,3,0.02
joint_indicator_revision_dfm_full_kalman_em,pseudo,2023:Q2:pre_second:pseudo,2023-08-31,pre_second,2023:Q2,S,M,0.3426274924378565,2.7755575615628914e-17,0.0638554384366059,4.526441496106093,True,3,0.02
joint_indicator_revision_dfm_full_kalman_em,pseudo,2023:Q2:pre_second:pseudo,2023-08-31,pre_second,2023:Q2,S,S,0.3533627446922291,2.7755575615628914e-17,0.0638554384366059,4.526441496106093,True,3,0.02
joint_indicator_revision_dfm_full_kalman_em,pseudo,2023:Q2:pre_second:pseudo,2023-08-31,pre_second,2023:Q2,S,T,0.3388481870757092,2.7755575615628914e-17,0.0638554384366059,4.526441496106093,True,3,0.02
joint_indicator_revision_dfm_full_kalman_em,pseudo,2023:Q2:pre_second:pseudo,2023-08-31,pre_second,2023:Q2,T,A,0.15421909760986452,2.7755575615628914e-17,0.0638554384366059,4.526441496106093,True,3,0.02
joint_indicator_revision_dfm_full_kalman_em,pseudo,2023:Q2:pre_second:pseudo,2023-08-31,pre_second,2023:Q2,T,M,0.3485655075739115,2.7755575615628914e-17,0.0638554384366059,4.526441496106093,True,3,0.02
joint_indicator_revision_dfm_full_kalman_em,pseudo,2023:Q2:pre_second:pseudo,2023-08-31,pre_second,2023:Q2,T,S,0.3388481870757092,2.7755575615628914e-17,0.0638554384366059,4.526441496106093,True,3,0.02
joint_indicator_revision_dfm_full_kalman_em,pseudo,2023:Q2:pre_second:pseudo,2023-08-31,pre_second,2023:Q2,T,T,0.46622231749735366,2.7755575615628914e-17,0.0638554384366059,4.526441496106093,True,3,0.02
monthly_mixed_frequency_kalman_em,pseudo,2023:Q2:pre_second:pseudo,2023-08-31,pre_second,2023:Q2,A,A,0.42883396037326904,0.0,0.05858234267597699,4.925004376858317,True,3,0.02
monthly_mixed_frequency_kalman_em,pseudo,2023:Q2:pre_second:pseudo,2023-08-31,pre_second,2023:Q2,A,M,0.20558501552731467,0.0,0.05858234267597699,4.925004376858317,True,3,0.02
monthly_mixed_frequency_kalman_em,pseudo,2023:Q2:pre_second:pseudo,2023-08-31,pre_second,2023:Q2,A,S,0.20748621634592904,0.0,0.05858234267597699,4.925004376858317,True,3,0.02
monthly_mixed_frequency_kalman_em,pseudo,2023:Q2:pre_second:pseudo,2023-08-31,pre_second,2023:Q2,A,T,0.2064491977175939,0.0,0.05858234267597699,4.925004376858317,True,3,0.02
monthly_mixed_frequency_kalman_em,pseudo,2023:Q2:pre_second:pseudo,2023-08-31,pre_second,2023:Q2,M,A,0.20558501552731467,0.0,0.05858234267597699,4.925004376858317,True,3,0.02
monthly_mixed_frequency_kalman_em,pseudo,2023:Q2:pre_second:pseudo,2023-08-31,pre_second,2023:Q2,M,M,4.789377711698972,0.0,0.05858234267597699,4.925004376858317,True,3,0.02
monthly_mixed_frequency_kalman_em,pseudo,2023:Q2:pre_second:pseudo,2023-08-31,pre_second,2023:Q2,M,S,0.4214153955435088,0.0,0.05858234267597699,4.925004376858317,True,3,0.02
monthly_mixed_frequency_kalman_em,pseudo,2023:Q2:pre_second:pseudo,2023-08-31,pre_second,2023:Q2,M,T,0.565302315554305,0.0,0.05858234267597699,4.925004376858317,True,3,0.02
monthly_mixed_frequency_kalman_em,pseudo,2023:Q2:pre_second:pseudo,2023-08-31,pre_second,2023:Q2,S,A,0.20748621634592904,0.0,0.05858234267597699,4.925004376858317,True,3,0.02
monthly_mixed_frequency_kalman_em,pseudo,2023:Q2:pre_second:pseudo,2023-08-31,pre_second,2023:Q2,S,M,0.4214153955435088,0.0,0.05858234267597699,4.925004376858317,True,3,0.02
monthly_mixed_frequency_kalman_em,pseudo,2023:Q2:pre_second:pseudo,2023-08-31,pre_second,2023:Q2,S,S,0.3549942202045279,0.0,0.05858234267597699,4.925004376858317,True,3,0.02
monthly_mixed_frequency_kalman_em,pseudo,2023:Q2:pre_second:pseudo,2023-08-31,pre_second,2023:Q2,S,T,0.36793310074411384,0.0,0.05858234267597699,4.925004376858317,True,3,0.02
monthly_mixed_frequency_kalman_em,pseudo,2023:Q2:pre_second:pseudo,2023-08-31,pre_second,2023:Q2,T,A,0.2064491977175939,0.0,0.05858234267597699,4.925004376858317,True,3,0.02
monthly_mixed_frequency_kalman_em,pseudo,2023:Q2:pre_second:pseudo,2023-08-31,pre_second,2023:Q2,T,M,0.565302315554305,0.0,0.05858234267597699,4.925004376858317,True,3,0.02
monthly_mixed_frequency_kalman_em,pseudo,2023:Q2:pre_second:pseudo,2023-08-31,pre_second,2023:Q2,T,S,0.36793310074411384,0.0,0.05858234267597699,4.925004376858317,True,3,0.02
monthly_mixed_frequency_kalman_em,pseudo,2023:Q2:pre_second:pseudo,2023-08-31,pre_second,2023:Q2,T,T,0.5270164521263039,0.0,0.05858234267597699,4.925004376858317,True,3,0.02
revision_dfm_kalman_em,pseudo,2023:Q2:pre_second:pseudo,2023-08-31,pre_second,2023:Q2,A,A,0.28450993528318563,2.7755575615628914e-17,0.06709271541892235,4.546916037841715,True,3,0.02
revision_dfm_kalman_em,pseudo,2023:Q2:pre_second:pseudo,2023-08-31,pre_second,2023:Q2,A,M,0.1512510123066675,2.7755575615628914e-17,0.06709271541892235,4.546916037841715,True,3,0.02
revision_dfm_kalman_em,pseudo,2023:Q2:pre_second:pseudo,2023-08-31,pre_second,2023:Q2,A,S,0.15062308277303418,2.7755575615628914e-17,0.06709271541892235,4.546916037841715,True,3,0.02
revision_dfm_kalman_em,pseudo,2023:Q2:pre_second:pseudo,2023-08-31,pre_second,2023:Q2,A,T,0.15099984049321413,2.7755575615628914e-17,0.06709271541892235,4.546916037841715,True,3,0.02
revision_dfm_kalman_em,pseudo,2023:Q2:pre_second:pseudo,2023-08-31,pre_second,2023:Q2,M,A,0.1512510123066675,2.7755575615628914e-17,0.06709271541892235,4.546916037841715,True,3,0.02
revision_dfm_kalman_em,pseudo,2023:Q2:pre_second:pseudo,2023-08-31,pre_second,2023:Q2,M,M,4.4648341354702525,2.7755575615628914e-17,0.06709271541892235,4.546916037841715,True,3,0.02
revision_dfm_kalman_em,pseudo,2023:Q2:pre_second:pseudo,2023-08-31,pre_second,2023:Q2,M,S,0.36957635606784484,2.7755575615628914e-17,0.06709271541892235,4.546916037841715,True,3,0.02
revision_dfm_kalman_em,pseudo,2023:Q2:pre_second:pseudo,2023-08-31,pre_second,2023:Q2,M,T,0.37647084060767144,2.7755575615628914e-17,0.06709271541892235,4.546916037841715,True,3,0.02
revision_dfm_kalman_em,pseudo,2023:Q2:pre_second:pseudo,2023-08-31,pre_second,2023:Q2,S,A,0.15062308277303416,2.7755575615628914e-17,0.06709271541892235,4.546916037841715,True,3,0.02
revision_dfm_kalman_em,pseudo,2023:Q2:pre_second:pseudo,2023-08-31,pre_second,2023:Q2,S,M,0.36957635606784484,2.7755575615628914e-17,0.06709271541892235,4.546916037841715,True,3,0.02
revision_dfm_kalman_em,pseudo,2023:Q2:pre_second:pseudo,2023-08-31,pre_second,2023:Q2,S,S,0.3880444214863273,2.7755575615628914e-17,0.06709271541892235,4.546916037841715,True,3,0.02
revision_dfm_kalman_em,pseudo,2023:Q2:pre_second:pseudo,2023-08-31,pre_second,2023:Q2,S,T,0.3651972906019486,2.7755575615628914e-17,0.06709271541892235,4.546916037841715,True,3,0.02
revision_dfm_kalman_em,pseudo,2023:Q2:pre_second:pseudo,2023-08-31,pre_second,2023:Q2,T,A,0.15099984049321413,2.7755575615628914e-17,0.06709271541892235,4.546916037841715,True,3,0.02
revision_dfm_kalman_em,pseudo,2023:Q2:pre_second:pseudo,2023-08-31,pre_second,2023:Q2,T,M,0.37647084060767144,2.7755575615628914e-17,0.06709271541892235,4.546916037841715,True,3,0.02
revision_dfm_kalman_em,pseudo,2023:Q2:pre_second:pseudo,2023-08-31,pre_second,2023:Q2,T,S,0.3651972906019486,2.7755575615628914e-17,0.06709271541892235,4.546916037841715,True,3,0.02
revision_dfm_kalman_em,pseudo,2023:Q2:pre_second:pseudo,2023-08-31,pre_second,2023:Q2,T,T,0.4860278671902301,2.7755575615628914e-17,0.06709271541892235,4.546916037841715,True,3,0.02
indicator_revision_only_dfm_kalman_em,exact,2023:Q2:pre_third:exact,2023-09-27,pre_third,2023:Q2,A,A,0.4152647584340067,0.0,0.04548719012916168,4.10372493979978,True,3,0.02
indicator_revision_only_dfm_kalman_em,exact,2023:Q2:pre_third:exact,2023-09-27,pre_third,2023:Q2,A,M,0.025504504259000704,0.0,0.04548719012916168,4.10372493979978,True,3,0.02
indicator_revision_only_dfm_kalman_em,exact,2023:Q2:pre_third:exact,2023-09-27,pre_third,2023:Q2,A,S,0.025504504259000704,0.0,0.04548719012916168,4.10372493979978,True,3,0.02
indicator_revision_only_dfm_kalman_em,exact,2023:Q2:pre_third:exact,2023-09-27,pre_third,2023:Q2,A,T,0.025504504259000704,0.0,0.04548719012916168,4.10372493979978,True,3,0.02
indicator_revision_only_dfm_kalman_em,exact,2023:Q2:pre_third:exact,2023-09-27,pre_third,2023:Q2,M,A,0.025504504259000704,0.0,0.04548719012916168,4.10372493979978,True,3,0.02
indicator_revision_only_dfm_kalman_em,exact,2023:Q2:pre_third:exact,2023-09-27,pre_third,2023:Q2,M,M,4.103217003157218,0.0,0.04548719012916168,4.10372493979978,True,3,0.02
indicator_revision_only_dfm_kalman_em,exact,2023:Q2:pre_third:exact,2023-09-27,pre_third,2023:Q2,M,S,0.025504504259000704,0.0,0.04548719012916168,4.10372493979978,True,3,0.02
indicator_revision_only_dfm_kalman_em,exact,2023:Q2:pre_third:exact,2023-09-27,pre_third,2023:Q2,M,T,0.025504504259000704,0.0,0.04548719012916168,4.10372493979978,True,3,0.02
indicator_revision_only_dfm_kalman_em,exact,2023:Q2:pre_third:exact,2023-09-27,pre_third,2023:Q2,S,A,0.025504504259000704,0.0,0.04548719012916168,4.10372493979978,True,3,0.02
indicator_revision_only_dfm_kalman_em,exact,2023:Q2:pre_third:exact,2023-09-27,pre_third,2023:Q2,S,M,0.025504504259000704,0.0,0.04548719012916168,4.10372493979978,True,3,0.02
indicator_revision_only_dfm_kalman_em,exact,2023:Q2:pre_third:exact,2023-09-27,pre_third,2023:Q2,S,S,0.05305220649041334,0.0,0.04548719012916168,4.10372493979978,True,3,0.02
indicator_revision_only_dfm_kalman_em,exact,2023:Q2:pre_third:exact,2023-09-27,pre_third,2023:Q2,S,T,0.025504504259000704,0.0,0.04548719012916168,4.10372493979978,True,3,0.02
indicator_revision_only_dfm_kalman_em,exact,2023:Q2:pre_third:exact,2023-09-27,pre_third,2023:Q2,T,A,0.025504504259000704,0.0,0.04548719012916168,4.10372493979978,True,3,0.02
indicator_revision_only_dfm_kalman_em,exact,2023:Q2:pre_third:exact,2023-09-27,pre_third,2023:Q2,T,M,0.025504504259000704,0.0,0.04548719012916168,4.10372493979978,True,3,0.02
indicator_revision_only_dfm_kalman_em,exact,2023:Q2:pre_third:exact,2023-09-27,pre_third,2023:Q2,T,S,0.025504504259000704,0.0,0.04548719012916168,4.10372493979978,True,3,0.02
indicator_revision_only_dfm_kalman_em,exact,2023:Q2:pre_third:exact,2023-09-27,pre_third,2023:Q2,T,T,0.1457216332983359,0.0,0.04548719012916168,4.10372493979978,True,3,0.02
joint_indicator_revision_dfm_full_kalman_em,exact,2023:Q2:pre_third:exact,2023-09-27,pre_third,2023:Q2,A,A,0.20522536981954087,3.469446951953614e-18,0.047035039802462805,4.116995008533731,True,3,0.02
joint_indicator_revision_dfm_full_kalman_em,exact,2023:Q2:pre_third:exact,2023-09-27,pre_third,2023:Q2,A,M,0.008218301125661917,3.469446951953614e-18,0.047035039802462805,4.116995008533731,True,3,0.02
joint_indicator_revision_dfm_full_kalman_em,exact,2023:Q2:pre_third:exact,2023-09-27,pre_third,2023:Q2,A,S,0.01133783059822225,3.469446951953614e-18,0.047035039802462805,4.116995008533731,True,3,0.02
joint_indicator_revision_dfm_full_kalman_em,exact,2023:Q2:pre_third:exact,2023-09-27,pre_third,2023:Q2,A,T,0.00946611291468605,3.469446951953614e-18,0.047035039802462805,4.116995008533731,True,3,0.02
joint_indicator_revision_dfm_full_kalman_em,exact,2023:Q2:pre_third:exact,2023-09-27,pre_third,2023:Q2,M,A,0.008218301125661917,3.469446951953614e-18,0.047035039802462805,4.116995008533731,True,3,0.02
joint_indicator_revision_dfm_full_kalman_em,exact,2023:Q2:pre_third:exact,2023-09-27,pre_third,2023:Q2,M,M,4.116595079872893,3.469446951953614e-18,0.047035039802462805,4.116995008533731,True,3,0.02
joint_indicator_revision_dfm_full_kalman_em,exact,2023:Q2:pre_third:exact,2023-09-27,pre_third,2023:Q2,M,S,0.027305422086731763,3.469446951953614e-18,0.047035039802462805,4.116995008533731,True,3,0.02
joint_indicator_revision_dfm_full_kalman_em,exact,2023:Q2:pre_third:exact,2023-09-27,pre_third,2023:Q2,M,T,0.027908173274976078,3.469446951953614e-18,0.047035039802462805,4.116995008533731,True,3,0.02
joint_indicator_revision_dfm_full_kalman_em,exact,2023:Q2:pre_third:exact,2023-09-27,pre_third,2023:Q2,S,A,0.01133783059822225,3.469446951953614e-18,0.047035039802462805,4.116995008533731,True,3,0.02
joint_indicator_revision_dfm_full_kalman_em,exact,2023:Q2:pre_third:exact,2023-09-27,pre_third,2023:Q2,S,M,0.027305422086731763,3.469446951953614e-18,0.047035039802462805,4.116995008533731,True,3,0.02
joint_indicator_revision_dfm_full_kalman_em,exact,2023:Q2:pre_third:exact,2023-09-27,pre_third,2023:Q2,S,S,0.055295972461902605,3.469446951953614e-18,0.047035039802462805,4.116995008533731,True,3,0.02
joint_indicator_revision_dfm_full_kalman_em,exact,2023:Q2:pre_third:exact,2023-09-27,pre_third,2023:Q2,S,T,0.026986070256961574,3.469446951953614e-18,0.047035039802462805,4.116995008533731,True,3,0.02
joint_indicator_revision_dfm_full_kalman_em,exact,2023:Q2:pre_third:exact,2023-09-27,pre_third,2023:Q2,T,A,0.009466112914686053,3.469446951953614e-18,0.047035039802462805,4.116995008533731,True,3,0.02
joint_indicator_revision_dfm_full_kalman_em,exact,2023:Q2:pre_third:exact,2023-09-27,pre_third,2023:Q2,T,M,0.027908173274976078,3.469446951953614e-18,0.047035039802462805,4.116995008533731,True,3,0.02
joint_indicator_revision_dfm_full_kalman_em,exact,2023:Q2:pre_third:exact,2023-09-27,pre_third,2023:Q2,T,S,0.026986070256961574,3.469446951953614e-18,0.047035039802462805,4.116995008533731,True,3,0.02
joint_indicator_revision_dfm_full_kalman_em,exact,2023:Q2:pre_third:exact,2023-09-27,pre_third,2023:Q2,T,T,0.1416484070660075,3.469446951953614e-18,0.047035039802462805,4.116995008533731,True,3,0.02
monthly_mixed_frequency_kalman_em,exact,2023:Q2:pre_third:exact,2023-09-27,pre_third,2023:Q2,A,A,0.30673119474131516,0.0,0.05794473954101374,4.294405537874023,True,3,0.02
monthly_mixed_frequency_kalman_em,exact,2023:Q2:pre_third:exact,2023-09-27,pre_third,2023:Q2,A,M,-0.04055616472603621,0.0,0.05794473954101374,4.294405537874023,True,3,0.02
monthly_mixed_frequency_kalman_em,exact,2023:Q2:pre_third:exact,2023-09-27,pre_third,2023:Q2,A,S,0.029949176669857545,0.0,0.05794473954101374,4.294405537874023,True,3,0.02
monthly_mixed_frequency_kalman_em,exact,2023:Q2:pre_third:exact,2023-09-27,pre_third,2023:Q2,A,T,-0.008508282273357228,0.0,0.05794473954101374,4.294405537874023,True,3,0.02
monthly_mixed_frequency_kalman_em,exact,2023:Q2:pre_third:exact,2023-09-27,pre_third,2023:Q2,M,A,-0.04055616472603621,0.0,0.05794473954101374,4.294405537874023,True,3,0.02
monthly_mixed_frequency_kalman_em,exact,2023:Q2:pre_third:exact,2023-09-27,pre_third,2023:Q2,M,M,4.289087665989459,0.0,0.05794473954101374,4.294405537874023,True,3,0.02
monthly_mixed_frequency_kalman_em,exact,2023:Q2:pre_third:exact,2023-09-27,pre_third,2023:Q2,M,S,0.060862082673628644,0.0,0.05794473954101374,4.294405537874023,True,3,0.02
monthly_mixed_frequency_kalman_em,exact,2023:Q2:pre_third:exact,2023-09-27,pre_third,2023:Q2,M,T,0.12847424760673856,0.0,0.05794473954101374,4.294405537874023,True,3,0.02
monthly_mixed_frequency_kalman_em,exact,2023:Q2:pre_third:exact,2023-09-27,pre_third,2023:Q2,S,A,0.029949176669857545,0.0,0.05794473954101374,4.294405537874023,True,3,0.02
monthly_mixed_frequency_kalman_em,exact,2023:Q2:pre_third:exact,2023-09-27,pre_third,2023:Q2,S,M,0.060862082673628644,0.0,0.05794473954101374,4.294405537874023,True,3,0.02
monthly_mixed_frequency_kalman_em,exact,2023:Q2:pre_third:exact,2023-09-27,pre_third,2023:Q2,S,S,0.0951480127142676,0.0,0.05794473954101374,4.294405537874023,True,3,0.02
monthly_mixed_frequency_kalman_em,exact,2023:Q2:pre_third:exact,2023-09-27,pre_third,2023:Q2,S,T,0.05313385617268588,0.0,0.05794473954101374,4.294405537874023,True,3,0.02
monthly_mixed_frequency_kalman_em,exact,2023:Q2:pre_third:exact,2023-09-27,pre_third,2023:Q2,T,A,-0.008508282273357228,0.0,0.05794473954101374,4.294405537874023,True,3,0.02
monthly_mixed_frequency_kalman_em,exact,2023:Q2:pre_third:exact,2023-09-27,pre_third,2023:Q2,T,M,0.12847424760673856,0.0,0.05794473954101374,4.294405537874023,True,3,0.02
monthly_mixed_frequency_kalman_em,exact,2023:Q2:pre_third:exact,2023-09-27,pre_third,2023:Q2,T,S,0.05313385617268588,0.0,0.05794473954101374,4.294405537874023,True,3,0.02
monthly_mixed_frequency_kalman_em,exact,2023:Q2:pre_third:exact,2023-09-27,pre_third,2023:Q2,T,T,0.14564443923137343,0.0,0.05794473954101374,4.294405537874023,True,3,0.02
revision_dfm_kalman_em,exact,2023:Q2:pre_third:exact,2023-09-27,pre_third,2023:Q2,A,A,0.22531977792849017,1.734723475976807e-18,0.04295182680554214,4.117170478058487,True,3,0.02
revision_dfm_kalman_em,exact,2023:Q2:pre_third:exact,2023-09-27,pre_third,2023:Q2,A,M,0.006304672562048652,1.734723475976807e-18,0.04295182680554214,4.117170478058487,True,3,0.02
revision_dfm_kalman_em,exact,2023:Q2:pre_third:exact,2023-09-27,pre_third,2023:Q2,A,S,0.009965933404684954,1.734723475976807e-18,0.04295182680554214,4.117170478058487,True,3,0.02
revision_dfm_kalman_em,exact,2023:Q2:pre_third:exact,2023-09-27,pre_third,2023:Q2,A,T,0.007769176899103173,1.734723475976807e-18,0.04295182680554214,4.117170478058487,True,3,0.02
revision_dfm_kalman_em,exact,2023:Q2:pre_third:exact,2023-09-27,pre_third,2023:Q2,M,A,0.006304672562048652,1.734723475976807e-18,0.04295182680554214,4.117170478058487,True,3,0.02
revision_dfm_kalman_em,exact,2023:Q2:pre_third:exact,2023-09-27,pre_third,2023:Q2,M,M,4.116850959843402,1.734723475976807e-18,0.04295182680554214,4.117170478058487,True,3,0.02
revision_dfm_kalman_em,exact,2023:Q2:pre_third:exact,2023-09-27,pre_third,2023:Q2,M,S,0.024554005002673716,1.734723475976807e-18,0.04295182680554214,4.117170478058487,True,3,0.02
revision_dfm_kalman_em,exact,2023:Q2:pre_third:exact,2023-09-27,pre_third,2023:Q2,M,T,0.025130299711325035,1.734723475976807e-18,0.04295182680554214,4.117170478058487,True,3,0.02
revision_dfm_kalman_em,exact,2023:Q2:pre_third:exact,2023-09-27,pre_third,2023:Q2,S,A,0.009965933404684955,1.734723475976807e-18,0.04295182680554214,4.117170478058487,True,3,0.02
revision_dfm_kalman_em,exact,2023:Q2:pre_third:exact,2023-09-27,pre_third,2023:Q2,S,M,0.024554005002673716,1.734723475976807e-18,0.04295182680554214,4.117170478058487,True,3,0.02
revision_dfm_kalman_em,exact,2023:Q2:pre_third:exact,2023-09-27,pre_third,2023:Q2,S,S,0.04933092324504945,1.734723475976807e-18,0.04295182680554214,4.117170478058487,True,3,0.02
revision_dfm_kalman_em,exact,2023:Q2:pre_third:exact,2023-09-27,pre_third,2023:Q2,S,T,0.02426224357071394,1.734723475976807e-18,0.04295182680554214,4.117170478058487,True,3,0.02
revision_dfm_kalman_em,exact,2023:Q2:pre_third:exact,2023-09-27,pre_third,2023:Q2,T,A,0.007769176899103174,1.734723475976807e-18,0.04295182680554214,4.117170478058487,True,3,0.02
revision_dfm_kalman_em,exact,2023:Q2:pre_third:exact,2023-09-27,pre_third,2023:Q2,T,M,0.025130299711325035,1.734723475976807e-18,0.04295182680554214,4.117170478058487,True,3,0.02
revision_dfm_kalman_em,exact,2023:Q2:pre_third:exact,2023-09-27,pre_third,2023:Q2,T,S,0.02426224357071394,1.734723475976807e-18,0.04295182680554214,4.117170478058487,True,3,0.02
revision_dfm_kalman_em,exact,2023:Q2:pre_third:exact,2023-09-27,pre_third,2023:Q2,T,T,0.14205537121615416,1.734723475976807e-18,0.04295182680554214,4.117170478058487,True,3,0.02
indicator_revision_only_dfm_kalman_em,pseudo,2023:Q2:pre_third:pseudo,2023-09-30,pre_third,2023:Q2,A,A,0.41460487931468526,0.0,0.044264224911660564,4.104332883806048,True,3,0.02
indicator_revision_only_dfm_kalman_em,pseudo,2023:Q2:pre_third:pseudo,2023-09-30,pre_third,2023:Q2,A,M,0.024706068536302674,0.0,0.044264224911660564,4.104332883806048,True,3,0.02
indicator_revision_only_dfm_kalman_em,pseudo,2023:Q2:pre_third:pseudo,2023-09-30,pre_third,2023:Q2,A,S,0.024706068536302674,0.0,0.044264224911660564,4.104332883806048,True,3,0.02
indicator_revision_only_dfm_kalman_em,pseudo,2023:Q2:pre_third:pseudo,2023-09-30,pre_third,2023:Q2,A,T,0.024706068536302674,0.0,0.044264224911660564,4.104332883806048,True,3,0.02
indicator_revision_only_dfm_kalman_em,pseudo,2023:Q2:pre_third:pseudo,2023-09-30,pre_third,2023:Q2,M,A,0.024706068536302674,0.0,0.044264224911660564,4.104332883806048,True,3,0.02
indicator_revision_only_dfm_kalman_em,pseudo,2023:Q2:pre_third:pseudo,2023-09-30,pre_third,2023:Q2,M,M,4.1038566264201854,0.0,0.044264224911660564,4.104332883806048,True,3,0.02
indicator_revision_only_dfm_kalman_em,pseudo,2023:Q2:pre_third:pseudo,2023-09-30,pre_third,2023:Q2,M,S,0.024706068536302674,0.0,0.044264224911660564,4.104332883806048,True,3,0.02
indicator_revision_only_dfm_kalman_em,pseudo,2023:Q2:pre_third:pseudo,2023-09-30,pre_third,2023:Q2,M,T,0.024706068536302674,0.0,0.044264224911660564,4.104332883806048,True,3,0.02
indicator_revision_only_dfm_kalman_em,pseudo,2023:Q2:pre_third:pseudo,2023-09-30,pre_third,2023:Q2,S,A,0.024706068536302674,0.0,0.044264224911660564,4.104332883806048,True,3,0.02
indicator_revision_only_dfm_kalman_em,pseudo,2023:Q2:pre_third:pseudo,2023-09-30,pre_third,2023:Q2,S,M,0.024706068536302674,0.0,0.044264224911660564,4.104332883806048,True,3,0.02
indicator_revision_only_dfm_kalman_em,pseudo,2023:Q2:pre_third:pseudo,2023-09-30,pre_third,2023:Q2,S,S,0.0513231912145174,0.0,0.044264224911660564,4.104332883806048,True,3,0.02
indicator_revision_only_dfm_kalman_em,pseudo,2023:Q2:pre_third:pseudo,2023-09-30,pre_third,2023:Q2,S,T,0.024706068536302674,0.0,0.044264224911660564,4.104332883806048,True,3,0.02
indicator_revision_only_dfm_kalman_em,pseudo,2023:Q2:pre_third:pseudo,2023-09-30,pre_third,2023:Q2,T,A,0.024706068536302674,0.0,0.044264224911660564,4.104332883806048,True,3,0.02
indicator_revision_only_dfm_kalman_em,pseudo,2023:Q2:pre_third:pseudo,2023-09-30,pre_third,2023:Q2,T,M,0.024706068536302674,0.0,0.044264224911660564,4.104332883806048,True,3,0.02
indicator_revision_only_dfm_kalman_em,pseudo,2023:Q2:pre_third:pseudo,2023-09-30,pre_third,2023:Q2,T,S,0.024706068536302674,0.0,0.044264224911660564,4.104332883806048,True,3,0.02
indicator_revision_only_dfm_kalman_em,pseudo,2023:Q2:pre_third:pseudo,2023-09-30,pre_third,2023:Q2,T,T,0.14560114517636608,0.0,0.044264224911660564,4.104332883806048,True,3,0.02
joint_indicator_revision_dfm_full_kalman_em,pseudo,2023:Q2:pre_third:pseudo,2023-09-30,pre_third,2023:Q2,A,A,0.2061923161737659,1.734723475976807e-18,0.04507161091491744,4.11810088122603,True,3,0.02
joint_indicator_revision_dfm_full_kalman_em,pseudo,2023:Q2:pre_third:pseudo,2023-09-30,pre_third,2023:Q2,A,M,0.007883809455544186,1.734723475976807e-18,0.04507161091491744,4.11810088122603,True,3,0.02
joint_indicator_revision_dfm_full_kalman_em,pseudo,2023:Q2:pre_third:pseudo,2023-09-30,pre_third,2023:Q2,A,S,0.010981803068573954,1.734723475976807e-18,0.04507161091491744,4.11810088122603,True,3,0.02
joint_indicator_revision_dfm_full_kalman_em,pseudo,2023:Q2:pre_third:pseudo,2023-09-30,pre_third,2023:Q2,A,T,0.009123006900756092,1.734723475976807e-18,0.04507161091491744,4.11810088122603,True,3,0.02
joint_indicator_revision_dfm_full_kalman_em,pseudo,2023:Q2:pre_third:pseudo,2023-09-30,pre_third,2023:Q2,M,A,0.007883809455544186,1.734723475976807e-18,0.04507161091491744,4.11810088122603,True,3,0.02
joint_indicator_revision_dfm_full_kalman_em,pseudo,2023:Q2:pre_third:pseudo,2023-09-30,pre_third,2023:Q2,M,M,4.117740373644925,1.734723475976807e-18,0.04507161091491744,4.11810088122603,True,3,0.02
joint_indicator_revision_dfm_full_kalman_em,pseudo,2023:Q2:pre_third:pseudo,2023-09-30,pre_third,2023:Q2,M,S,0.025926861805463015,1.734723475976807e-18,0.04507161091491744,4.11810088122603,True,3,0.02
joint_indicator_revision_dfm_full_kalman_em,pseudo,2023:Q2:pre_third:pseudo,2023-09-30,pre_third,2023:Q2,M,T,0.026496642405986766,1.734723475976807e-18,0.04507161091491744,4.11810088122603,True,3,0.02
joint_indicator_revision_dfm_full_kalman_em,pseudo,2023:Q2:pre_third:pseudo,2023-09-30,pre_third,2023:Q2,S,A,0.010981803068573956,1.734723475976807e-18,0.04507161091491744,4.11810088122603,True,3,0.02
joint_indicator_revision_dfm_full_kalman_em,pseudo,2023:Q2:pre_third:pseudo,2023-09-30,pre_third,2023:Q2,S,M,0.025926861805463015,1.734723475976807e-18,0.04507161091491744,4.11810088122603,True,3,0.02
joint_indicator_revision_dfm_full_kalman_em,pseudo,2023:Q2:pre_third:pseudo,2023-09-30,pre_third,2023:Q2,S,S,0.052416594862806386,1.734723475976807e-18,0.04507161091491744,4.11810088122603,True,3,0.02
joint_indicator_revision_dfm_full_kalman_em,pseudo,2023:Q2:pre_third:pseudo,2023-09-30,pre_third,2023:Q2,S,T,0.025627960630725234,1.734723475976807e-18,0.04507161091491744,4.11810088122603,True,3,0.02
joint_indicator_revision_dfm_full_kalman_em,pseudo,2023:Q2:pre_third:pseudo,2023-09-30,pre_third,2023:Q2,T,A,0.009123006900756092,1.734723475976807e-18,0.04507161091491744,4.11810088122603,True,3,0.02
joint_indicator_revision_dfm_full_kalman_em,pseudo,2023:Q2:pre_third:pseudo,2023-09-30,pre_third,2023:Q2,T,M,0.026496642405986766,1.734723475976807e-18,0.04507161091491744,4.11810088122603,True,3,0.02
joint_indicator_revision_dfm_full_kalman_em,pseudo,2023:Q2:pre_third:pseudo,2023-09-30,pre_third,2023:Q2,T,S,0.025627960630725234,1.734723475976807e-18,0.04507161091491744,4.11810088122603,True,3,0.02
joint_indicator_revision_dfm_full_kalman_em,pseudo,2023:Q2:pre_third:pseudo,2023-09-30,pre_third,2023:Q2,T,T,0.1416221169295925,1.734723475976807e-18,0.04507161091491744,4.11810088122603,True,3,0.02
monthly_mixed_frequency_kalman_em,pseudo,2023:Q2:pre_third:pseudo,2023-09-30,pre_third,2023:Q2,A,A,0.30661417854906003,0.0,0.05795315140692241,4.294482134038296,True,3,0.02
monthly_mixed_frequency_kalman_em,pseudo,2023:Q2:pre_third:pseudo,2023-09-30,pre_third,2023:Q2,A,M,-0.040549054470456904,0.0,0.05795315140692241,4.294482134038296,True,3,0.02
monthly_mixed_frequency_kalman_em,pseudo,2023:Q2:pre_third:pseudo,2023-09-30,pre_third,2023:Q2,A,S,0.029948231612251984,0.0,0.05795315140692241,4.294482134038296,True,3,0.02
monthly_mixed_frequency_kalman_em,pseudo,2023:Q2:pre_third:pseudo,2023-09-30,pre_third,2023:Q2,A,T,-0.008504833523771044,0.0,0.05795315140692241,4.294482134038296,True,3,0.02
monthly_mixed_frequency_kalman_em,pseudo,2023:Q2:pre_third:pseudo,2023-09-30,pre_third,2023:Q2,M,A,-0.040549054470456904,0.0,0.05795315140692241,4.294482134038296,True,3,0.02
monthly_mixed_frequency_kalman_em,pseudo,2023:Q2:pre_third:pseudo,2023-09-30,pre_third,2023:Q2,M,M,4.289161507224202,0.0,0.05795315140692241,4.294482134038296,True,3,0.02
monthly_mixed_frequency_kalman_em,pseudo,2023:Q2:pre_third:pseudo,2023-09-30,pre_third,2023:Q2,M,S,0.060886511635412144,0.0,0.05795315140692241,4.294482134038296,True,3,0.02
monthly_mixed_frequency_kalman_em,pseudo,2023:Q2:pre_third:pseudo,2023-09-30,pre_third,2023:Q2,M,T,0.1285102223726582,0.0,0.05795315140692241,4.294482134038296,True,3,0.02
monthly_mixed_frequency_kalman_em,pseudo,2023:Q2:pre_third:pseudo,2023-09-30,pre_third,2023:Q2,S,A,0.029948231612251984,0.0,0.05795315140692241,4.294482134038296,True,3,0.02
monthly_mixed_frequency_kalman_em,pseudo,2023:Q2:pre_third:pseudo,2023-09-30,pre_third,2023:Q2,S,M,0.060886511635412144,0.0,0.05795315140692241,4.294482134038296,True,3,0.02
monthly_mixed_frequency_kalman_em,pseudo,2023:Q2:pre_third:pseudo,2023-09-30,pre_third,2023:Q2,S,S,0.09517518993108175,0.0,0.05795315140692241,4.294482134038296,True,3,0.02
monthly_mixed_frequency_kalman_em,pseudo,2023:Q2:pre_third:pseudo,2023-09-30,pre_third,2023:Q2,S,T,0.053151941629622106,0.0,0.05795315140692241,4.294482134038296,True,3,0.02
monthly_mixed_frequency_kalman_em,pseudo,2023:Q2:pre_third:pseudo,2023-09-30,pre_third,2023:Q2,T,A,-0.008504833523771044,0.0,0.05795315140692241,4.294482134038296,True,3,0.02
monthly_mixed_frequency_kalman_em,pseudo,2023:Q2:pre_third:pseudo,2023-09-30,pre_third,2023:Q2,T,M,0.1285102223726582,0.0,0.05795315140692241,4.294482134038296,True,3,0.02
monthly_mixed_frequency_kalman_em,pseudo,2023:Q2:pre_third:pseudo,2023-09-30,pre_third,2023:Q2,T,S,0.053151941629622106,0.0,0.05795315140692241,4.294482134038296,True,3,0.02
monthly_mixed_frequency_kalman_em,pseudo,2023:Q2:pre_third:pseudo,2023-09-30,pre_third,2023:Q2,T,T,0.14566680028401682,0.0,0.05795315140692241,4.294482134038296,True,3,0.02
revision_dfm_kalman_em,pseudo,2023:Q2:pre_third:pseudo,2023-09-30,pre_third,2023:Q2,A,A,0.2253540267397551,0.0,0.04295026618121254,4.1171459746692065,True,3,0.02
revision_dfm_kalman_em,pseudo,2023:Q2:pre_third:pseudo,2023-09-30,pre_third,2023:Q2,A,M,0.006306670912015111,0.0,0.04295026618121254,4.1171459746692065,True,3,0.02
revision_dfm_kalman_em,pseudo,2023:Q2:pre_third:pseudo,2023-09-30,pre_third,2023:Q2,A,S,0.009967472750303928,0.0,0.04295026618121254,4.1171459746692065,True,3,0.02
revision_dfm_kalman_em,pseudo,2023:Q2:pre_third:pseudo,2023-09-30,pre_third,2023:Q2,A,T,0.0077709916473306375,0.0,0.04295026618121254,4.1171459746692065,True,3,0.02
revision_dfm_kalman_em,pseudo,2023:Q2:pre_third:pseudo,2023-09-30,pre_third,2023:Q2,M,A,0.006306670912015111,0.0,0.04295026618121254,4.1171459746692065,True,3,0.02
revision_dfm_kalman_em,pseudo,2023:Q2:pre_third:pseudo,2023-09-30,pre_third,2023:Q2,M,M,4.116826483846647,0.0,0.04295026618121254,4.1171459746692065,True,3,0.02
revision_dfm_kalman_em,pseudo,2023:Q2:pre_third:pseudo,2023-09-30,pre_third,2023:Q2,M,S,0.024552608826080492,0.0,0.04295026618121254,4.1171459746692065,True,3,0.02
revision_dfm_kalman_em,pseudo,2023:Q2:pre_third:pseudo,2023-09-30,pre_third,2023:Q2,M,T,0.02512879633915624,0.0,0.04295026618121254,4.1171459746692065,True,3,0.02
revision_dfm_kalman_em,pseudo,2023:Q2:pre_third:pseudo,2023-09-30,pre_third,2023:Q2,S,A,0.009967472750303928,0.0,0.04295026618121254,4.1171459746692065,True,3,0.02
revision_dfm_kalman_em,pseudo,2023:Q2:pre_third:pseudo,2023-09-30,pre_third,2023:Q2,S,M,0.024552608826080492,0.0,0.04295026618121254,4.1171459746692065,True,3,0.02
revision_dfm_kalman_em,pseudo,2023:Q2:pre_third:pseudo,2023-09-30,pre_third,2023:Q2,S,S,0.049328374598104824,0.0,0.04295026618121254,4.1171459746692065,True,3,0.02
revision_dfm_kalman_em,pseudo,2023:Q2:pre_third:pseudo,2023-09-30,pre_third,2023:Q2,S,T,0.024260906104564956,0.0,0.04295026618121254,4.1171459746692065,True,3,0.02
revision_dfm_kalman_em,pseudo,2023:Q2:pre_third:pseudo,2023-09-30,pre_third,2023:Q2,T,A,0.0077709916473306375,0.0,0.04295026618121254,4.1171459746692065,True,3,0.02
revision_dfm_kalman_em,pseudo,2023:Q2:pre_third:pseudo,2023-09-30,pre_third,2023:Q2,T,M,0.02512879633915624,0.0,0.04295026618121254,4.1171459746692065,True,3,0.02
revision_dfm_kalman_em,pseudo,2023:Q2:pre_third:pseudo,2023-09-30,pre_third,2023:Q2,T,S,0.024260906104564956,0.0,0.04295026618121254,4.1171459746692065,True,3,0.02
revision_dfm_kalman_em,pseudo,2023:Q2:pre_third:pseudo,2023-09-30,pre_third,2023:Q2,T,T,0.14206010994203927,0.0,0.04295026618121254,4.1171459746692065,True,3,0.02
indicator_revision_only_dfm_kalman_em,exact,2023:Q3:pre_advance:exact,2023-10-25,pre_advance,2023:Q3,A,A,3.287282255154328,0.0,0.06638214174384358,13.02335095005343,True,3,0.02
indicator_revision_only_dfm_kalman_em,exact,2023:Q3:pre_advance:exact,2023-10-25,pre_advance,2023:Q3,A,M,2.8935885813751243,0.0,0.06638214174384358,13.02335095005343,True,3,0.02
indicator_revision_only_dfm_kalman_em,exact,2023:Q3:pre_advance:exact,2023-10-25,pre_advance,2023:Q3,A,S,2.8935885813751243,0.0,0.06638214174384358,13.02335095005343,True,3,0.02
indicator_revision_only_dfm_kalman_em,exact,2023:Q3:pre_advance:exact,2023-10-25,pre_advance,2023:Q3,A,T,2.8935885813751243,0.0,0.06638214174384358,13.02335095005343,True,3,0.02
indicator_revision_only_dfm_kalman_em,exact,2023:Q3:pre_advance:exact,2023-10-25,pre_advance,2023:Q3,M,A,2.8935885813751243,0.0,0.06638214174384358,13.02335095005343,True,3,0.02
indicator_revision_only_dfm_kalman_em,exact,2023:Q3:pre_advance:exact,2023-10-25,pre_advance,2023:Q3,M,M,6.987244912198239,0.0,0.06638214174384358,13.02335095005343,True,3,0.02
indicator_revision_only_dfm_kalman_em,exact,2023:Q3:pre_advance:exact,2023-10-25,pre_advance,2023:Q3,M,S,2.8935885813751243,0.0,0.06638214174384358,13.02335095005343,True,3,0.02
indicator_revision_only_dfm_kalman_em,exact,2023:Q3:pre_advance:exact,2023-10-25,pre_advance,2023:Q3,M,T,2.8935885813751243,0.0,0.06638214174384358,13.02335095005343,True,3,0.02
indicator_revision_only_dfm_kalman_em,exact,2023:Q3:pre_advance:exact,2023-10-25,pre_advance,2023:Q3,S,A,2.8935885813751243,0.0,0.06638214174384358,13.02335095005343,True,3,0.02
indicator_revision_only_dfm_kalman_em,exact,2023:Q3:pre_advance:exact,2023-10-25,pre_advance,2023:Q3,S,M,2.8935885813751243,0.0,0.06638214174384358,13.02335095005343,True,3,0.02
indicator_revision_only_dfm_kalman_em,exact,2023:Q3:pre_advance:exact,2023-10-25,pre_advance,2023:Q3,S,S,2.9097839951181097,0.0,0.06638214174384358,13.02335095005343,True,3,0.02
indicator_revision_only_dfm_kalman_em,exact,2023:Q3:pre_advance:exact,2023-10-25,pre_advance,2023:Q3,S,T,2.8935885813751243,0.0,0.06638214174384358,13.02335095005343,True,3,0.02
indicator_revision_only_dfm_kalman_em,exact,2023:Q3:pre_advance:exact,2023-10-25,pre_advance,2023:Q3,T,A,2.8935885813751243,0.0,0.06638214174384358,13.02335095005343,True,3,0.02
indicator_revision_only_dfm_kalman_em,exact,2023:Q3:pre_advance:exact,2023-10-25,pre_advance,2023:Q3,T,M,2.8935885813751243,0.0,0.06638214174384358,13.02335095005343,True,3,0.02
indicator_revision_only_dfm_kalman_em,exact,2023:Q3:pre_advance:exact,2023-10-25,pre_advance,2023:Q3,T,S,2.8935885813751243,0.0,0.06638214174384358,13.02335095005343,True,3,0.02
indicator_revision_only_dfm_kalman_em,exact,2023:Q3:pre_advance:exact,2023-10-25,pre_advance,2023:Q3,T,T,3.0214090124187467,0.0,0.06638214174384358,13.02335095005343,True,3,0.02
joint_indicator_revision_dfm_full_kalman_em,exact,2023:Q3:pre_advance:exact,2023-10-25,pre_advance,2023:Q3,A,A,2.5092877991621316,8.881784197001252e-16,0.06428786533154567,13.096881115706866,True,3,0.02
joint_indicator_revision_dfm_full_kalman_em,exact,2023:Q3:pre_advance:exact,2023-10-25,pre_advance,2023:Q3,A,M,2.6425789411706315,8.881784197001252e-16,0.06428786533154567,13.096881115706866,True,3,0.02
joint_indicator_revision_dfm_full_kalman_em,exact,2023:Q3:pre_advance:exact,2023-10-25,pre_advance,2023:Q3,A,S,2.628150743545681,8.881784197001252e-16,0.06428786533154567,13.096881115706866,True,3,0.02
joint_indicator_revision_dfm_full_kalman_em,exact,2023:Q3:pre_advance:exact,2023-10-25,pre_advance,2023:Q3,A,T,2.636807662120651,8.881784197001252e-16,0.06428786533154567,13.096881115706866,True,3,0.02
joint_indicator_revision_dfm_full_kalman_em,exact,2023:Q3:pre_advance:exact,2023-10-25,pre_advance,2023:Q3,M,A,2.6425789411706315,8.881784197001252e-16,0.06428786533154567,13.096881115706866,True,3,0.02
joint_indicator_revision_dfm_full_kalman_em,exact,2023:Q3:pre_advance:exact,2023-10-25,pre_advance,2023:Q3,M,M,7.239314483805985,8.881784197001252e-16,0.06428786533154567,13.096881115706866,True,3,0.02
joint_indicator_revision_dfm_full_kalman_em,exact,2023:Q3:pre_advance:exact,2023-10-25,pre_advance,2023:Q3,M,S,3.117044791403362,8.881784197001252e-16,0.06428786533154567,13.096881115706866,True,3,0.02
joint_indicator_revision_dfm_full_kalman_em,exact,2023:Q3:pre_advance:exact,2023-10-25,pre_advance,2023:Q3,M,T,3.1320279235159747,8.881784197001252e-16,0.06428786533154567,13.096881115706866,True,3,0.02
joint_indicator_revision_dfm_full_kalman_em,exact,2023:Q3:pre_advance:exact,2023-10-25,pre_advance,2023:Q3,S,A,2.628150743545681,8.881784197001252e-16,0.06428786533154567,13.096881115706866,True,3,0.02
joint_indicator_revision_dfm_full_kalman_em,exact,2023:Q3:pre_advance:exact,2023-10-25,pre_advance,2023:Q3,S,M,3.117044791403362,8.881784197001252e-16,0.06428786533154567,13.096881115706866,True,3,0.02
joint_indicator_revision_dfm_full_kalman_em,exact,2023:Q3:pre_advance:exact,2023-10-25,pre_advance,2023:Q3,S,S,3.111486277189722,8.881784197001252e-16,0.06428786533154567,13.096881115706866,True,3,0.02
joint_indicator_revision_dfm_full_kalman_em,exact,2023:Q3:pre_advance:exact,2023-10-25,pre_advance,2023:Q3,S,T,3.1072669104462083,8.881784197001252e-16,0.06428786533154567,13.096881115706866,True,3,0.02
joint_indicator_revision_dfm_full_kalman_em,exact,2023:Q3:pre_advance:exact,2023-10-25,pre_advance,2023:Q3,T,A,2.6368076621206518,8.881784197001252e-16,0.06428786533154567,13.096881115706866,True,3,0.02
joint_indicator_revision_dfm_full_kalman_em,exact,2023:Q3:pre_advance:exact,2023-10-25,pre_advance,2023:Q3,T,M,3.1320279235159747,8.881784197001252e-16,0.06428786533154567,13.096881115706866,True,3,0.02
joint_indicator_revision_dfm_full_kalman_em,exact,2023:Q3:pre_advance:exact,2023-10-25,pre_advance,2023:Q3,T,S,3.1072669104462083,8.881784197001252e-16,0.06428786533154567,13.096881115706866,True,3,0.02
joint_indicator_revision_dfm_full_kalman_em,exact,2023:Q3:pre_advance:exact,2023-10-25,pre_advance,2023:Q3,T,T,3.244085586398826,8.881784197001252e-16,0.06428786533154567,13.096881115706866,True,3,0.02
monthly_mixed_frequency_kalman_em,exact,2023:Q3:pre_advance:exact,2023-10-25,pre_advance,2023:Q3,A,A,4.476689152145218,0.0,0.06120635475343457,18.644029452561405,True,3,0.02
monthly_mixed_frequency_kalman_em,exact,2023:Q3:pre_advance:exact,2023-10-25,pre_advance,2023:Q3,A,M,4.183773284695473,0.0,0.06120635475343457,18.644029452561405,True,3,0.02
monthly_mixed_frequency_kalman_em,exact,2023:Q3:pre_advance:exact,2023-10-25,pre_advance,2023:Q3,A,S,4.226237277166474,0.0,0.06120635475343457,18.644029452561405,True,3,0.02
monthly_mixed_frequency_kalman_em,exact,2023:Q3:pre_advance:exact,2023-10-25,pre_advance,2023:Q3,A,T,4.203075099455019,0.0,0.06120635475343457,18.644029452561405,True,3,0.02
monthly_mixed_frequency_kalman_em,exact,2023:Q3:pre_advance:exact,2023-10-25,pre_advance,2023:Q3,M,A,4.183773284695473,0.0,0.06120635475343457,18.644029452561405,True,3,0.02
monthly_mixed_frequency_kalman_em,exact,2023:Q3:pre_advance:exact,2023-10-25,pre_advance,2023:Q3,M,M,8.692396276481135,0.0,0.06120635475343457,18.644029452561405,True,3,0.02
monthly_mixed_frequency_kalman_em,exact,2023:Q3:pre_advance:exact,2023-10-25,pre_advance,2023:Q3,M,S,4.3699609094047185,0.0,0.06120635475343457,18.644029452561405,True,3,0.02
monthly_mixed_frequency_kalman_em,exact,2023:Q3:pre_advance:exact,2023-10-25,pre_advance,2023:Q3,M,T,4.494085992544215,0.0,0.06120635475343457,18.644029452561405,True,3,0.02
monthly_mixed_frequency_kalman_em,exact,2023:Q3:pre_advance:exact,2023-10-25,pre_advance,2023:Q3,S,A,4.226237277166474,0.0,0.06120635475343457,18.644029452561405,True,3,0.02
monthly_mixed_frequency_kalman_em,exact,2023:Q3:pre_advance:exact,2023-10-25,pre_advance,2023:Q3,S,M,4.3699609094047185,0.0,0.06120635475343457,18.644029452561405,True,3,0.02
monthly_mixed_frequency_kalman_em,exact,2023:Q3:pre_advance:exact,2023-10-25,pre_advance,2023:Q3,S,S,4.34282982439999,0.0,0.06120635475343457,18.644029452561405,True,3,0.02
monthly_mixed_frequency_kalman_em,exact,2023:Q3:pre_advance:exact,2023-10-25,pre_advance,2023:Q3,S,T,4.334030001345157,0.0,0.06120635475343457,18.644029452561405,True,3,0.02
monthly_mixed_frequency_kalman_em,exact,2023:Q3:pre_advance:exact,2023-10-25,pre_advance,2023:Q3,T,A,4.203075099455019,0.0,0.06120635475343457,18.644029452561405,True,3,0.02
monthly_mixed_frequency_kalman_em,exact,2023:Q3:pre_advance:exact,2023-10-25,pre_advance,2023:Q3,T,M,4.494085992544215,0.0,0.06120635475343457,18.644029452561405,True,3,0.02
monthly_mixed_frequency_kalman_em,exact,2023:Q3:pre_advance:exact,2023-10-25,pre_advance,2023:Q3,T,S,4.334030001345157,0.0,0.06120635475343457,18.644029452561405,True,3,0.02
monthly_mixed_frequency_kalman_em,exact,2023:Q3:pre_advance:exact,2023-10-25,pre_advance,2023:Q3,T,T,4.471510180163053,0.0,0.06120635475343457,18.644029452561405,True,3,0.02
revision_dfm_kalman_em,exact,2023:Q3:pre_advance:exact,2023-10-25,pre_advance,2023:Q3,A,A,2.9646525390615985,4.440892098500626e-16,0.06697154915431804,14.779886587154184,True,3,0.02
revision_dfm_kalman_em,exact,2023:Q3:pre_advance:exact,2023-10-25,pre_advance,2023:Q3,A,M,3.0792886726856503,4.440892098500626e-16,0.06697154915431804,14.779886587154184,True,3,0.02
revision_dfm_kalman_em,exact,2023:Q3:pre_advance:exact,2023-10-25,pre_advance,2023:Q3,A,S,3.066254364601308,4.440892098500626e-16,0.06697154915431804,14.779886587154184,True,3,0.02
revision_dfm_kalman_em,exact,2023:Q3:pre_advance:exact,2023-10-25,pre_advance,2023:Q3,A,T,3.074074949451913,4.440892098500626e-16,0.06697154915431804,14.779886587154184,True,3,0.02
revision_dfm_kalman_em,exact,2023:Q3:pre_advance:exact,2023-10-25,pre_advance,2023:Q3,M,A,3.0792886726856503,4.440892098500626e-16,0.06697154915431804,14.779886587154184,True,3,0.02
revision_dfm_kalman_em,exact,2023:Q3:pre_advance:exact,2023-10-25,pre_advance,2023:Q3,M,M,7.659632307415948,4.440892098500626e-16,0.06697154915431804,14.779886587154184,True,3,0.02
revision_dfm_kalman_em,exact,2023:Q3:pre_advance:exact,2023-10-25,pre_advance,2023:Q3,M,S,3.5543529222622947,4.440892098500626e-16,0.06697154915431804,14.779886587154184,True,3,0.02
revision_dfm_kalman_em,exact,2023:Q3:pre_advance:exact,2023-10-25,pre_advance,2023:Q3,M,T,3.569354951196294,4.440892098500626e-16,0.06697154915431804,14.779886587154184,True,3,0.02
revision_dfm_kalman_em,exact,2023:Q3:pre_advance:exact,2023-10-25,pre_advance,2023:Q3,S,A,3.066254364601308,4.440892098500626e-16,0.06697154915431804,14.779886587154184,True,3,0.02
revision_dfm_kalman_em,exact,2023:Q3:pre_advance:exact,2023-10-25,pre_advance,2023:Q3,S,M,3.5543529222622947,4.440892098500626e-16,0.06697154915431804,14.779886587154184,True,3,0.02
revision_dfm_kalman_em,exact,2023:Q3:pre_advance:exact,2023-10-25,pre_advance,2023:Q3,S,S,3.558051611993542,4.440892098500626e-16,0.06697154915431804,14.779886587154184,True,3,0.02
revision_dfm_kalman_em,exact,2023:Q3:pre_advance:exact,2023-10-25,pre_advance,2023:Q3,S,T,3.544590951109075,4.440892098500626e-16,0.06697154915431804,14.779886587154184,True,3,0.02
revision_dfm_kalman_em,exact,2023:Q3:pre_advance:exact,2023-10-25,pre_advance,2023:Q3,T,A,3.0740749494519135,4.440892098500626e-16,0.06697154915431804,14.779886587154184,True,3,0.02
revision_dfm_kalman_em,exact,2023:Q3:pre_advance:exact,2023-10-25,pre_advance,2023:Q3,T,M,3.569354951196294,4.440892098500626e-16,0.06697154915431804,14.779886587154184,True,3,0.02
revision_dfm_kalman_em,exact,2023:Q3:pre_advance:exact,2023-10-25,pre_advance,2023:Q3,T,S,3.544590951109075,4.440892098500626e-16,0.06697154915431804,14.779886587154184,True,3,0.02
revision_dfm_kalman_em,exact,2023:Q3:pre_advance:exact,2023-10-25,pre_advance,2023:Q3,T,T,3.6739695535339374,4.440892098500626e-16,0.06697154915431804,14.779886587154184,True,3,0.02
indicator_revision_only_dfm_kalman_em,pseudo,2023:Q3:pre_advance:pseudo,2023-10-31,pre_advance,2023:Q3,A,A,3.279915076281963,0.0,0.06644759011812837,12.994970966952529,True,3,0.02
indicator_revision_only_dfm_kalman_em,pseudo,2023:Q3:pre_advance:pseudo,2023-10-31,pre_advance,2023:Q3,A,M,2.8863364906464866,0.0,0.06644759011812837,12.994970966952529,True,3,0.02
indicator_revision_only_dfm_kalman_em,pseudo,2023:Q3:pre_advance:pseudo,2023-10-31,pre_advance,2023:Q3,A,S,2.8863364906464866,0.0,0.06644759011812837,12.994970966952529,True,3,0.02
indicator_revision_only_dfm_kalman_em,pseudo,2023:Q3:pre_advance:pseudo,2023-10-31,pre_advance,2023:Q3,A,T,2.8863364906464866,0.0,0.06644759011812837,12.994970966952529,True,3,0.02
indicator_revision_only_dfm_kalman_em,pseudo,2023:Q3:pre_advance:pseudo,2023-10-31,pre_advance,2023:Q3,M,A,2.8863364906464866,0.0,0.06644759011812837,12.994970966952529,True,3,0.02
indicator_revision_only_dfm_kalman_em,pseudo,2023:Q3:pre_advance:pseudo,2023-10-31,pre_advance,2023:Q3,M,M,6.9795343490702235,0.0,0.06644759011812837,12.994970966952529,True,3,0.02
indicator_revision_only_dfm_kalman_em,pseudo,2023:Q3:pre_advance:pseudo,2023-10-31,pre_advance,2023:Q3,M,S,2.8863364906464866,0.0,0.06644759011812837,12.994970966952529,True,3,0.02
indicator_revision_only_dfm_kalman_em,pseudo,2023:Q3:pre_advance:pseudo,2023-10-31,pre_advance,2023:Q3,M,T,2.8863364906464866,0.0,0.06644759011812837,12.994970966952529,True,3,0.02
indicator_revision_only_dfm_kalman_em,pseudo,2023:Q3:pre_advance:pseudo,2023-10-31,pre_advance,2023:Q3,S,A,2.8863364906464866,0.0,0.06644759011812837,12.994970966952529,True,3,0.02
indicator_revision_only_dfm_kalman_em,pseudo,2023:Q3:pre_advance:pseudo,2023-10-31,pre_advance,2023:Q3,S,M,2.8863364906464866,0.0,0.06644759011812837,12.994970966952529,True,3,0.02
indicator_revision_only_dfm_kalman_em,pseudo,2023:Q3:pre_advance:pseudo,2023-10-31,pre_advance,2023:Q3,S,S,2.9027667292119883,0.0,0.06644759011812837,12.994970966952529,True,3,0.02
indicator_revision_only_dfm_kalman_em,pseudo,2023:Q3:pre_advance:pseudo,2023-10-31,pre_advance,2023:Q3,S,T,2.8863364906464866,0.0,0.06644759011812837,12.994970966952529,True,3,0.02
indicator_revision_only_dfm_kalman_em,pseudo,2023:Q3:pre_advance:pseudo,2023-10-31,pre_advance,2023:Q3,T,A,2.8863364906464866,0.0,0.06644759011812837,12.994970966952529,True,3,0.02
indicator_revision_only_dfm_kalman_em,pseudo,2023:Q3:pre_advance:pseudo,2023-10-31,pre_advance,2023:Q3,T,M,2.8863364906464866,0.0,0.06644759011812837,12.994970966952529,True,3,0.02
indicator_revision_only_dfm_kalman_em,pseudo,2023:Q3:pre_advance:pseudo,2023-10-31,pre_advance,2023:Q3,T,S,2.8863364906464866,0.0,0.06644759011812837,12.994970966952529,True,3,0.02
indicator_revision_only_dfm_kalman_em,pseudo,2023:Q3:pre_advance:pseudo,2023-10-31,pre_advance,2023:Q3,T,T,3.0139784109054006,0.0,0.06644759011812837,12.994970966952529,True,3,0.02
joint_indicator_revision_dfm_full_kalman_em,pseudo,2023:Q3:pre_advance:pseudo,2023-10-31,pre_advance,2023:Q3,A,A,2.506561855265147,4.440892098500626e-16,0.0644407291170391,13.096746937820708,True,3,0.02
joint_indicator_revision_dfm_full_kalman_em,pseudo,2023:Q3:pre_advance:pseudo,2023-10-31,pre_advance,2023:Q3,A,M,2.6415835727405184,4.440892098500626e-16,0.0644407291170391,13.096746937820708,True,3,0.02
joint_indicator_revision_dfm_full_kalman_em,pseudo,2023:Q3:pre_advance:pseudo,2023-10-31,pre_advance,2023:Q3,A,S,2.6271977672873867,4.440892098500626e-16,0.0644407291170391,13.096746937820708,True,3,0.02
joint_indicator_revision_dfm_full_kalman_em,pseudo,2023:Q3:pre_advance:pseudo,2023-10-31,pre_advance,2023:Q3,A,T,2.6358292505592655,4.440892098500626e-16,0.0644407291170391,13.096746937820708,True,3,0.02
joint_indicator_revision_dfm_full_kalman_em,pseudo,2023:Q3:pre_advance:pseudo,2023-10-31,pre_advance,2023:Q3,M,A,2.6415835727405184,4.440892098500626e-16,0.0644407291170391,13.096746937820708,True,3,0.02
joint_indicator_revision_dfm_full_kalman_em,pseudo,2023:Q3:pre_advance:pseudo,2023-10-31,pre_advance,2023:Q3,M,M,7.239001526780952,4.440892098500626e-16,0.0644407291170391,13.096746937820708,True,3,0.02
joint_indicator_revision_dfm_full_kalman_em,pseudo,2023:Q3:pre_advance:pseudo,2023-10-31,pre_advance,2023:Q3,M,S,3.1178344375785767,4.440892098500626e-16,0.0644407291170391,13.096746937820708,True,3,0.02
joint_indicator_revision_dfm_full_kalman_em,pseudo,2023:Q3:pre_advance:pseudo,2023-10-31,pre_advance,2023:Q3,M,T,3.1328739385734625,4.440892098500626e-16,0.0644407291170391,13.096746937820708,True,3,0.02
joint_indicator_revision_dfm_full_kalman_em,pseudo,2023:Q3:pre_advance:pseudo,2023-10-31,pre_advance,2023:Q3,S,A,2.6271977672873867,4.440892098500626e-16,0.0644407291170391,13.096746937820708,True,3,0.02
joint_indicator_revision_dfm_full_kalman_em,pseudo,2023:Q3:pre_advance:pseudo,2023-10-31,pre_advance,2023:Q3,S,M,3.1178344375785767,4.440892098500626e-16,0.0644407291170391,13.096746937820708,True,3,0.02
joint_indicator_revision_dfm_full_kalman_em,pseudo,2023:Q3:pre_advance:pseudo,2023-10-31,pre_advance,2023:Q3,S,S,3.112874802742894,4.440892098500626e-16,0.0644407291170391,13.096746937820708,True,3,0.02
joint_indicator_revision_dfm_full_kalman_em,pseudo,2023:Q3:pre_advance:pseudo,2023-10-31,pre_advance,2023:Q3,S,T,3.108021704172753,4.440892098500626e-16,0.0644407291170391,13.096746937820708,True,3,0.02
joint_indicator_revision_dfm_full_kalman_em,pseudo,2023:Q3:pre_advance:pseudo,2023-10-31,pre_advance,2023:Q3,T,A,2.6358292505592655,4.440892098500626e-16,0.0644407291170391,13.096746937820708,True,3,0.02
joint_indicator_revision_dfm_full_kalman_em,pseudo,2023:Q3:pre_advance:pseudo,2023-10-31,pre_advance,2023:Q3,T,M,3.1328739385734625,4.440892098500626e-16,0.0644407291170391,13.096746937820708,True,3,0.02
joint_indicator_revision_dfm_full_kalman_em,pseudo,2023:Q3:pre_advance:pseudo,2023-10-31,pre_advance,2023:Q3,T,S,3.1080217041727525,4.440892098500626e-16,0.0644407291170391,13.096746937820708,True,3,0.02
joint_indicator_revision_dfm_full_kalman_em,pseudo,2023:Q3:pre_advance:pseudo,2023-10-31,pre_advance,2023:Q3,T,T,3.24428352336071,4.440892098500626e-16,0.0644407291170391,13.096746937820708,True,3,0.02
monthly_mixed_frequency_kalman_em,pseudo,2023:Q3:pre_advance:pseudo,2023-10-31,pre_advance,2023:Q3,A,A,4.476584072820231,0.0,0.06120644536756081,18.643507101679106,True,3,0.02
monthly_mixed_frequency_kalman_em,pseudo,2023:Q3:pre_advance:pseudo,2023-10-31,pre_advance,2023:Q3,A,M,4.183646678263769,0.0,0.06120644536756081,18.643507101679106,True,3,0.02
monthly_mixed_frequency_kalman_em,pseudo,2023:Q3:pre_advance:pseudo,2023-10-31,pre_advance,2023:Q3,A,S,4.226122704612388,0.0,0.06120644536756081,18.643507101679106,True,3,0.02
monthly_mixed_frequency_kalman_em,pseudo,2023:Q3:pre_advance:pseudo,2023-10-31,pre_advance,2023:Q3,A,T,4.202953962967687,0.0,0.06120644536756081,18.643507101679106,True,3,0.02
monthly_mixed_frequency_kalman_em,pseudo,2023:Q3:pre_advance:pseudo,2023-10-31,pre_advance,2023:Q3,M,A,4.183646678263769,0.0,0.06120644536756081,18.643507101679106,True,3,0.02
monthly_mixed_frequency_kalman_em,pseudo,2023:Q3:pre_advance:pseudo,2023-10-31,pre_advance,2023:Q3,M,M,8.692240289945651,0.0,0.06120644536756081,18.643507101679106,True,3,0.02
monthly_mixed_frequency_kalman_em,pseudo,2023:Q3:pre_advance:pseudo,2023-10-31,pre_advance,2023:Q3,M,S,4.369821523677525,0.0,0.06120644536756081,18.643507101679106,True,3,0.02
monthly_mixed_frequency_kalman_em,pseudo,2023:Q3:pre_advance:pseudo,2023-10-31,pre_advance,2023:Q3,M,T,4.493938087286697,0.0,0.06120644536756081,18.643507101679106,True,3,0.02
monthly_mixed_frequency_kalman_em,pseudo,2023:Q3:pre_advance:pseudo,2023-10-31,pre_advance,2023:Q3,S,A,4.226122704612388,0.0,0.06120644536756081,18.643507101679106,True,3,0.02
monthly_mixed_frequency_kalman_em,pseudo,2023:Q3:pre_advance:pseudo,2023-10-31,pre_advance,2023:Q3,S,M,4.369821523677525,0.0,0.06120644536756081,18.643507101679106,True,3,0.02
monthly_mixed_frequency_kalman_em,pseudo,2023:Q3:pre_advance:pseudo,2023-10-31,pre_advance,2023:Q3,S,S,4.342704182981247,0.0,0.06120644536756081,18.643507101679106,True,3,0.02
monthly_mixed_frequency_kalman_em,pseudo,2023:Q3:pre_advance:pseudo,2023-10-31,pre_advance,2023:Q3,S,T,4.333896818911241,0.0,0.06120644536756081,18.643507101679106,True,3,0.02
monthly_mixed_frequency_kalman_em,pseudo,2023:Q3:pre_advance:pseudo,2023-10-31,pre_advance,2023:Q3,T,A,4.202953962967687,0.0,0.06120644536756081,18.643507101679106,True,3,0.02
monthly_mixed_frequency_kalman_em,pseudo,2023:Q3:pre_advance:pseudo,2023-10-31,pre_advance,2023:Q3,T,M,4.493938087286697,0.0,0.06120644536756081,18.643507101679106,True,3,0.02
monthly_mixed_frequency_kalman_em,pseudo,2023:Q3:pre_advance:pseudo,2023-10-31,pre_advance,2023:Q3,T,S,4.333896818911241,0.0,0.06120644536756081,18.643507101679106,True,3,0.02
monthly_mixed_frequency_kalman_em,pseudo,2023:Q3:pre_advance:pseudo,2023-10-31,pre_advance,2023:Q3,T,T,4.471369197110702,0.0,0.06120644536756081,18.643507101679106,True,3,0.02
revision_dfm_kalman_em,pseudo,2023:Q3:pre_advance:pseudo,2023-10-31,pre_advance,2023:Q3,A,A,2.9666027920000615,8.881784197001252e-16,0.06697160633122323,14.786930693052472,True,3,0.02
revision_dfm_kalman_em,pseudo,2023:Q3:pre_advance:pseudo,2023-10-31,pre_advance,2023:Q3,A,M,3.0811608386595677,8.881784197001252e-16,0.06697160633122323,14.786930693052472,True,3,0.02
revision_dfm_kalman_em,pseudo,2023:Q3:pre_advance:pseudo,2023-10-31,pre_advance,2023:Q3,A,S,3.0681298408539424,8.881784197001252e-16,0.06697160633122323,14.786930693052472,True,3,0.02
revision_dfm_kalman_em,pseudo,2023:Q3:pre_advance:pseudo,2023-10-31,pre_advance,2023:Q3,A,T,3.0759484395373176,8.881784197001252e-16,0.06697160633122323,14.786930693052472,True,3,0.02
revision_dfm_kalman_em,pseudo,2023:Q3:pre_advance:pseudo,2023-10-31,pre_advance,2023:Q3,M,A,3.0811608386595677,8.881784197001252e-16,0.06697160633122323,14.786930693052472,True,3,0.02
revision_dfm_kalman_em,pseudo,2023:Q3:pre_advance:pseudo,2023-10-31,pre_advance,2023:Q3,M,M,7.661403997723238,8.881784197001252e-16,0.06697160633122323,14.786930693052472,True,3,0.02
revision_dfm_kalman_em,pseudo,2023:Q3:pre_advance:pseudo,2023-10-31,pre_advance,2023:Q3,M,S,3.5561316218976797,8.881784197001252e-16,0.06697160633122323,14.786930693052472,True,3,0.02
revision_dfm_kalman_em,pseudo,2023:Q3:pre_advance:pseudo,2023-10-31,pre_advance,2023:Q3,M,T,3.571130699263094,8.881784197001252e-16,0.06697160633122323,14.786930693052472,True,3,0.02
revision_dfm_kalman_em,pseudo,2023:Q3:pre_advance:pseudo,2023-10-31,pre_advance,2023:Q3,S,A,3.0681298408539415,8.881784197001252e-16,0.06697160633122323,14.786930693052472,True,3,0.02
revision_dfm_kalman_em,pseudo,2023:Q3:pre_advance:pseudo,2023-10-31,pre_advance,2023:Q3,S,M,3.5561316218976797,8.881784197001252e-16,0.06697160633122323,14.786930693052472,True,3,0.02
revision_dfm_kalman_em,pseudo,2023:Q3:pre_advance:pseudo,2023-10-31,pre_advance,2023:Q3,S,S,3.5598341180559134,8.881784197001252e-16,0.06697160633122323,14.786930693052472,True,3,0.02
revision_dfm_kalman_em,pseudo,2023:Q3:pre_advance:pseudo,2023-10-31,pre_advance,2023:Q3,S,T,3.5463715862768055,8.881784197001252e-16,0.06697160633122323,14.786930693052472,True,3,0.02
revision_dfm_kalman_em,pseudo,2023:Q3:pre_advance:pseudo,2023-10-31,pre_advance,2023:Q3,T,A,3.075948439537317,8.881784197001252e-16,0.06697160633122323,14.786930693052472,True,3,0.02
revision_dfm_kalman_em,pseudo,2023:Q3:pre_advance:pseudo,2023-10-31,pre_advance,2023:Q3,T,M,3.571130699263094,8.881784197001252e-16,0.06697160633122323,14.786930693052472,True,3,0.02
revision_dfm_kalman_em,pseudo,2023:Q3:pre_advance:pseudo,2023-10-31,pre_advance,2023:Q3,T,S,3.5463715862768055,8.881784197001252e-16,0.06697160633122323,14.786930693052472,True,3,0.02
revision_dfm_kalman_em,pseudo,2023:Q3:pre_advance:pseudo,2023-10-31,pre_advance,2023:Q3,T,T,3.675748837222104,8.881784197001252e-16,0.06697160633122323,14.786930693052472,True,3,0.02
indicator_revision_only_dfm_kalman_em,exact,2023:Q3:pre_second:exact,2023-11-28,pre_second,2023:Q3,A,A,0.7412001031486697,0.0,0.06260313835489688,4.550065745261398,True,3,0.02
indicator_revision_only_dfm_kalman_em,exact,2023:Q3:pre_second:exact,2023-11-28,pre_second,2023:Q3,A,M,0.347135062913803,0.0,0.06260313835489688,4.550065745261398,True,3,0.02
indicator_revision_only_dfm_kalman_em,exact,2023:Q3:pre_second:exact,2023-11-28,pre_second,2023:Q3,A,S,0.347135062913803,0.0,0.06260313835489688,4.550065745261398,True,3,0.02
indicator_revision_only_dfm_kalman_em,exact,2023:Q3:pre_second:exact,2023-11-28,pre_second,2023:Q3,A,T,0.347135062913803,0.0,0.06260313835489688,4.550065745261398,True,3,0.02
indicator_revision_only_dfm_kalman_em,exact,2023:Q3:pre_second:exact,2023-11-28,pre_second,2023:Q3,M,A,0.347135062913803,0.0,0.06260313835489688,4.550065745261398,True,3,0.02
indicator_revision_only_dfm_kalman_em,exact,2023:Q3:pre_second:exact,2023-11-28,pre_second,2023:Q3,M,M,4.44129143935536,0.0,0.06260313835489688,4.550065745261398,True,3,0.02
indicator_revision_only_dfm_kalman_em,exact,2023:Q3:pre_second:exact,2023-11-28,pre_second,2023:Q3,M,S,0.347135062913803,0.0,0.06260313835489688,4.550065745261398,True,3,0.02
indicator_revision_only_dfm_kalman_em,exact,2023:Q3:pre_second:exact,2023-11-28,pre_second,2023:Q3,M,T,0.347135062913803,0.0,0.06260313835489688,4.550065745261398,True,3,0.02
indicator_revision_only_dfm_kalman_em,exact,2023:Q3:pre_second:exact,2023-11-28,pre_second,2023:Q3,S,A,0.347135062913803,0.0,0.06260313835489688,4.550065745261398,True,3,0.02
indicator_revision_only_dfm_kalman_em,exact,2023:Q3:pre_second:exact,2023-11-28,pre_second,2023:Q3,S,M,0.347135062913803,0.0,0.06260313835489688,4.550065745261398,True,3,0.02
indicator_revision_only_dfm_kalman_em,exact,2023:Q3:pre_second:exact,2023-11-28,pre_second,2023:Q3,S,S,0.3630951816410823,0.0,0.06260313835489688,4.550065745261398,True,3,0.02
indicator_revision_only_dfm_kalman_em,exact,2023:Q3:pre_second:exact,2023-11-28,pre_second,2023:Q3,S,T,0.347135062913803,0.0,0.06260313835489688,4.550065745261398,True,3,0.02
indicator_revision_only_dfm_kalman_em,exact,2023:Q3:pre_second:exact,2023-11-28,pre_second,2023:Q3,T,A,0.347135062913803,0.0,0.06260313835489688,4.550065745261398,True,3,0.02
indicator_revision_only_dfm_kalman_em,exact,2023:Q3:pre_second:exact,2023-11-28,pre_second,2023:Q3,T,M,0.347135062913803,0.0,0.06260313835489688,4.550065745261398,True,3,0.02
indicator_revision_only_dfm_kalman_em,exact,2023:Q3:pre_second:exact,2023-11-28,pre_second,2023:Q3,T,S,0.347135062913803,0.0,0.06260313835489688,4.550065745261398,True,3,0.02
indicator_revision_only_dfm_kalman_em,exact,2023:Q3:pre_second:exact,2023-11-28,pre_second,2023:Q3,T,T,0.475124470450881,0.0,0.06260313835489688,4.550065745261398,True,3,0.02
joint_indicator_revision_dfm_full_kalman_em,exact,2023:Q3:pre_second:exact,2023-11-28,pre_second,2023:Q3,A,A,0.29400618276220747,2.7755575615628914e-17,0.06330433944831179,4.524295092586595,True,3,0.02
joint_indicator_revision_dfm_full_kalman_em,exact,2023:Q3:pre_second:exact,2023-11-28,pre_second,2023:Q3,A,M,0.15928224606613378,2.7755575615628914e-17,0.06330433944831179,4.524295092586595,True,3,0.02
joint_indicator_revision_dfm_full_kalman_em,exact,2023:Q3:pre_second:exact,2023-11-28,pre_second,2023:Q3,A,S,0.15845171171147723,2.7755575615628914e-17,0.06330433944831179,4.524295092586595,True,3,0.02
joint_indicator_revision_dfm_full_kalman_em,exact,2023:Q3:pre_second:exact,2023-11-28,pre_second,2023:Q3,A,T,0.15895003232427118,2.7755575615628914e-17,0.06330433944831179,4.524295092586595,True,3,0.02
joint_indicator_revision_dfm_full_kalman_em,exact,2023:Q3:pre_second:exact,2023-11-28,pre_second,2023:Q3,M,A,0.15928224606613378,2.7755575615628914e-17,0.06330433944831179,4.524295092586595,True,3,0.02
joint_indicator_revision_dfm_full_kalman_em,exact,2023:Q3:pre_second:exact,2023-11-28,pre_second,2023:Q3,M,M,4.451460156075675,2.7755575615628914e-17,0.06330433944831179,4.524295092586595,True,3,0.02
joint_indicator_revision_dfm_full_kalman_em,exact,2023:Q3:pre_second:exact,2023-11-28,pre_second,2023:Q3,M,S,0.34541331676990916,2.7755575615628914e-17,0.06330433944831179,4.524295092586595,True,3,0.02
joint_indicator_revision_dfm_full_kalman_em,exact,2023:Q3:pre_second:exact,2023-11-28,pre_second,2023:Q3,M,T,0.35129114005529155,2.7755575615628914e-17,0.06330433944831179,4.524295092586595,True,3,0.02
joint_indicator_revision_dfm_full_kalman_em,exact,2023:Q3:pre_second:exact,2023-11-28,pre_second,2023:Q3,S,A,0.15845171171147723,2.7755575615628914e-17,0.06330433944831179,4.524295092586595,True,3,0.02
joint_indicator_revision_dfm_full_kalman_em,exact,2023:Q3:pre_second:exact,2023-11-28,pre_second,2023:Q3,S,M,0.34541331676990916,2.7755575615628914e-17,0.06330433944831179,4.524295092586595,True,3,0.02
joint_indicator_revision_dfm_full_kalman_em,exact,2023:Q3:pre_second:exact,2023-11-28,pre_second,2023:Q3,S,S,0.355015171338801,2.7755575615628914e-17,0.06330433944831179,4.524295092586595,True,3,0.02
joint_indicator_revision_dfm_full_kalman_em,exact,2023:Q3:pre_second:exact,2023-11-28,pre_second,2023:Q3,S,T,0.34167408466874055,2.7755575615628914e-17,0.06330433944831179,4.524295092586595,True,3,0.02
joint_indicator_revision_dfm_full_kalman_em,exact,2023:Q3:pre_second:exact,2023-11-28,pre_second,2023:Q3,T,A,0.15895003232427116,2.7755575615628914e-17,0.06330433944831179,4.524295092586595,True,3,0.02
joint_indicator_revision_dfm_full_kalman_em,exact,2023:Q3:pre_second:exact,2023-11-28,pre_second,2023:Q3,T,M,0.35129114005529155,2.7755575615628914e-17,0.06330433944831179,4.524295092586595,True,3,0.02
joint_indicator_revision_dfm_full_kalman_em,exact,2023:Q3:pre_second:exact,2023-11-28,pre_second,2023:Q3,T,S,0.34167408466874055,2.7755575615628914e-17,0.06330433944831179,4.524295092586595,True,3,0.02
joint_indicator_revision_dfm_full_kalman_em,exact,2023:Q3:pre_second:exact,2023-11-28,pre_second,2023:Q3,T,T,0.469267640217412,2.7755575615628914e-17,0.06330433944831179,4.524295092586595,True,3,0.02
monthly_mixed_frequency_kalman_em,exact,2023:Q3:pre_second:exact,2023-11-28,pre_second,2023:Q3,A,A,0.4221751772612595,0.0,0.058499649794284264,4.9161396418884955,True,3,0.02
monthly_mixed_frequency_kalman_em,exact,2023:Q3:pre_second:exact,2023-11-28,pre_second,2023:Q3,A,M,0.20207933503776862,0.0,0.058499649794284264,4.9161396418884955,True,3,0.02
monthly_mixed_frequency_kalman_em,exact,2023:Q3:pre_second:exact,2023-11-28,pre_second,2023:Q3,A,S,0.20416936803913543,0.0,0.058499649794284264,4.9161396418884955,True,3,0.02
monthly_mixed_frequency_kalman_em,exact,2023:Q3:pre_second:exact,2023-11-28,pre_second,2023:Q3,A,T,0.2030293500383899,0.0,0.058499649794284264,4.9161396418884955,True,3,0.02
monthly_mixed_frequency_kalman_em,exact,2023:Q3:pre_second:exact,2023-11-28,pre_second,2023:Q3,M,A,0.20207933503776862,0.0,0.058499649794284264,4.9161396418884955,True,3,0.02
monthly_mixed_frequency_kalman_em,exact,2023:Q3:pre_second:exact,2023-11-28,pre_second,2023:Q3,M,M,4.781030806496022,0.0,0.058499649794284264,4.9161396418884955,True,3,0.02
monthly_mixed_frequency_kalman_em,exact,2023:Q3:pre_second:exact,2023-11-28,pre_second,2023:Q3,M,S,0.4201566530956039,0.0,0.058499649794284264,4.9161396418884955,True,3,0.02
monthly_mixed_frequency_kalman_em,exact,2023:Q3:pre_second:exact,2023-11-28,pre_second,2023:Q3,M,T,0.5655415318008276,0.0,0.058499649794284264,4.9161396418884955,True,3,0.02
monthly_mixed_frequency_kalman_em,exact,2023:Q3:pre_second:exact,2023-11-28,pre_second,2023:Q3,S,A,0.20416936803913543,0.0,0.058499649794284264,4.9161396418884955,True,3,0.02
monthly_mixed_frequency_kalman_em,exact,2023:Q3:pre_second:exact,2023-11-28,pre_second,2023:Q3,S,M,0.4201566530956039,0.0,0.058499649794284264,4.9161396418884955,True,3,0.02
monthly_mixed_frequency_kalman_em,exact,2023:Q3:pre_second:exact,2023-11-28,pre_second,2023:Q3,S,S,0.35312873698720865,0.0,0.058499649794284264,4.9161396418884955,True,3,0.02
monthly_mixed_frequency_kalman_em,exact,2023:Q3:pre_second:exact,2023-11-28,pre_second,2023:Q3,S,T,0.3661598318314868,0.0,0.058499649794284264,4.9161396418884955,True,3,0.02
monthly_mixed_frequency_kalman_em,exact,2023:Q3:pre_second:exact,2023-11-28,pre_second,2023:Q3,T,A,0.2030293500383899,0.0,0.058499649794284264,4.9161396418884955,True,3,0.02
monthly_mixed_frequency_kalman_em,exact,2023:Q3:pre_second:exact,2023-11-28,pre_second,2023:Q3,T,M,0.5655415318008276,0.0,0.058499649794284264,4.9161396418884955,True,3,0.02
monthly_mixed_frequency_kalman_em,exact,2023:Q3:pre_second:exact,2023-11-28,pre_second,2023:Q3,T,S,0.3661598318314868,0.0,0.058499649794284264,4.9161396418884955,True,3,0.02
monthly_mixed_frequency_kalman_em,exact,2023:Q3:pre_second:exact,2023-11-28,pre_second,2023:Q3,T,T,0.52525935727787,0.0,0.058499649794284264,4.9161396418884955,True,3,0.02
revision_dfm_kalman_em,exact,2023:Q3:pre_second:exact,2023-11-28,pre_second,2023:Q3,A,A,0.2859194064029421,5.551115123125783e-17,0.06529490464681983,4.557326417895733,True,3,0.02
revision_dfm_kalman_em,exact,2023:Q3:pre_second:exact,2023-11-28,pre_second,2023:Q3,A,M,0.15282677387990684,5.551115123125783e-17,0.06529490464681983,4.557326417895733,True,3,0.02
revision_dfm_kalman_em,exact,2023:Q3:pre_second:exact,2023-11-28,pre_second,2023:Q3,A,S,0.1521519412248692,5.551115123125783e-17,0.06529490464681983,4.557326417895733,True,3,0.02
revision_dfm_kalman_em,exact,2023:Q3:pre_second:exact,2023-11-28,pre_second,2023:Q3,A,T,0.1525568408178918,5.551115123125783e-17,0.06529490464681983,4.557326417895733,True,3,0.02
revision_dfm_kalman_em,exact,2023:Q3:pre_second:exact,2023-11-28,pre_second,2023:Q3,M,A,0.15282677387990684,5.551115123125783e-17,0.06529490464681983,4.557326417895733,True,3,0.02
revision_dfm_kalman_em,exact,2023:Q3:pre_second:exact,2023-11-28,pre_second,2023:Q3,M,M,4.473705489011332,5.551115123125783e-17,0.06529490464681983,4.557326417895733,True,3,0.02
revision_dfm_kalman_em,exact,2023:Q3:pre_second:exact,2023-11-28,pre_second,2023:Q3,M,S,0.3731671179676874,5.551115123125783e-17,0.06529490464681983,4.557326417895733,True,3,0.02
revision_dfm_kalman_em,exact,2023:Q3:pre_second:exact,2023-11-28,pre_second,2023:Q3,M,T,0.3801252340967752,5.551115123125783e-17,0.06529490464681983,4.557326417895733,True,3,0.02
revision_dfm_kalman_em,exact,2023:Q3:pre_second:exact,2023-11-28,pre_second,2023:Q3,S,A,0.15215194122486922,5.551115123125783e-17,0.06529490464681983,4.557326417895733,True,3,0.02
revision_dfm_kalman_em,exact,2023:Q3:pre_second:exact,2023-11-28,pre_second,2023:Q3,S,M,0.3731671179676874,5.551115123125783e-17,0.06529490464681983,4.557326417895733,True,3,0.02
revision_dfm_kalman_em,exact,2023:Q3:pre_second:exact,2023-11-28,pre_second,2023:Q3,S,S,0.3856978320400587,5.551115123125783e-17,0.06529490464681983,4.557326417895733,True,3,0.02
revision_dfm_kalman_em,exact,2023:Q3:pre_second:exact,2023-11-28,pre_second,2023:Q3,S,T,0.3687468144328311,5.551115123125783e-17,0.06529490464681983,4.557326417895733,True,3,0.02
revision_dfm_kalman_em,exact,2023:Q3:pre_second:exact,2023-11-28,pre_second,2023:Q3,T,A,0.15255684081789178,5.551115123125783e-17,0.06529490464681983,4.557326417895733,True,3,0.02
revision_dfm_kalman_em,exact,2023:Q3:pre_second:exact,2023-11-28,pre_second,2023:Q3,T,M,0.3801252340967752,5.551115123125783e-17,0.06529490464681983,4.557326417895733,True,3,0.02
revision_dfm_kalman_em,exact,2023:Q3:pre_second:exact,2023-11-28,pre_second,2023:Q3,T,S,0.368746814432831,5.551115123125783e-17,0.06529490464681983,4.557326417895733,True,3,0.02
revision_dfm_kalman_em,exact,2023:Q3:pre_second:exact,2023-11-28,pre_second,2023:Q3,T,T,0.4938169643916205,5.551115123125783e-17,0.06529490464681983,4.557326417895733,True,3,0.02
indicator_revision_only_dfm_kalman_em,pseudo,2023:Q3:pre_second:pseudo,2023-11-30,pre_second,2023:Q3,A,A,0.7411923132950606,0.0,0.06260297189854047,4.5500525346856495,True,3,0.02
indicator_revision_only_dfm_kalman_em,pseudo,2023:Q3:pre_second:pseudo,2023-11-30,pre_second,2023:Q3,A,M,0.34712729875920634,0.0,0.06260297189854047,4.5500525346856495,True,3,0.02
indicator_revision_only_dfm_kalman_em,pseudo,2023:Q3:pre_second:pseudo,2023-11-30,pre_second,2023:Q3,A,S,0.34712729875920634,0.0,0.06260297189854047,4.5500525346856495,True,3,0.02
indicator_revision_only_dfm_kalman_em,pseudo,2023:Q3:pre_second:pseudo,2023-11-30,pre_second,2023:Q3,A,T,0.34712729875920634,0.0,0.06260297189854047,4.5500525346856495,True,3,0.02
indicator_revision_only_dfm_kalman_em,pseudo,2023:Q3:pre_second:pseudo,2023-11-30,pre_second,2023:Q3,M,A,0.34712729875920634,0.0,0.06260297189854047,4.5500525346856495,True,3,0.02
indicator_revision_only_dfm_kalman_em,pseudo,2023:Q3:pre_second:pseudo,2023-11-30,pre_second,2023:Q3,M,M,4.441283423897187,0.0,0.06260297189854047,4.5500525346856495,True,3,0.02
indicator_revision_only_dfm_kalman_em,pseudo,2023:Q3:pre_second:pseudo,2023-11-30,pre_second,2023:Q3,M,S,0.34712729875920634,0.0,0.06260297189854047,4.5500525346856495,True,3,0.02
indicator_revision_only_dfm_kalman_em,pseudo,2023:Q3:pre_second:pseudo,2023-11-30,pre_second,2023:Q3,M,T,0.34712729875920634,0.0,0.06260297189854047,4.5500525346856495,True,3,0.02
indicator_revision_only_dfm_kalman_em,pseudo,2023:Q3:pre_second:pseudo,2023-11-30,pre_second,2023:Q3,S,A,0.34712729875920634,0.0,0.06260297189854047,4.5500525346856495,True,3,0.02
indicator_revision_only_dfm_kalman_em,pseudo,2023:Q3:pre_second:pseudo,2023-11-30,pre_second,2023:Q3,S,M,0.34712729875920634,0.0,0.06260297189854047,4.5500525346856495,True,3,0.02
indicator_revision_only_dfm_kalman_em,pseudo,2023:Q3:pre_second:pseudo,2023-11-30,pre_second,2023:Q3,S,S,0.3630871711463552,0.0,0.06260297189854047,4.5500525346856495,True,3,0.02
indicator_revision_only_dfm_kalman_em,pseudo,2023:Q3:pre_second:pseudo,2023-11-30,pre_second,2023:Q3,S,T,0.34712729875920634,0.0,0.06260297189854047,4.5500525346856495,True,3,0.02
indicator_revision_only_dfm_kalman_em,pseudo,2023:Q3:pre_second:pseudo,2023-11-30,pre_second,2023:Q3,T,A,0.34712729875920634,0.0,0.06260297189854047,4.5500525346856495,True,3,0.02
indicator_revision_only_dfm_kalman_em,pseudo,2023:Q3:pre_second:pseudo,2023-11-30,pre_second,2023:Q3,T,M,0.34712729875920634,0.0,0.06260297189854047,4.5500525346856495,True,3,0.02
indicator_revision_only_dfm_kalman_em,pseudo,2023:Q3:pre_second:pseudo,2023-11-30,pre_second,2023:Q3,T,S,0.34712729875920634,0.0,0.06260297189854047,4.5500525346856495,True,3,0.02
indicator_revision_only_dfm_kalman_em,pseudo,2023:Q3:pre_second:pseudo,2023-11-30,pre_second,2023:Q3,T,T,0.47511696684605126,0.0,0.06260297189854047,4.5500525346856495,True,3,0.02
joint_indicator_revision_dfm_full_kalman_em,pseudo,2023:Q3:pre_second:pseudo,2023-11-30,pre_second,2023:Q3,A,A,0.29420866566462295,1.1102230246251565e-16,0.06330642829210585,4.524459304195686,True,3,0.02
joint_indicator_revision_dfm_full_kalman_em,pseudo,2023:Q3:pre_second:pseudo,2023-11-30,pre_second,2023:Q3,A,M,0.1594001228480503,1.1102230246251565e-16,0.06330642829210585,4.524459304195686,True,3,0.02
joint_indicator_revision_dfm_full_kalman_em,pseudo,2023:Q3:pre_second:pseudo,2023-11-30,pre_second,2023:Q3,A,S,0.15856818980673265,1.1102230246251565e-16,0.06330642829210585,4.524459304195686,True,3,0.02
joint_indicator_revision_dfm_full_kalman_em,pseudo,2023:Q3:pre_second:pseudo,2023-11-30,pre_second,2023:Q3,A,T,0.15906734963152322,1.1102230246251565e-16,0.06330642829210585,4.524459304195686,True,3,0.02
joint_indicator_revision_dfm_full_kalman_em,pseudo,2023:Q3:pre_second:pseudo,2023-11-30,pre_second,2023:Q3,M,A,0.1594001228480503,1.1102230246251565e-16,0.06330642829210585,4.524459304195686,True,3,0.02
joint_indicator_revision_dfm_full_kalman_em,pseudo,2023:Q3:pre_second:pseudo,2023-11-30,pre_second,2023:Q3,M,M,4.451576244568218,1.1102230246251565e-16,0.06330642829210585,4.524459304195686,True,3,0.02
joint_indicator_revision_dfm_full_kalman_em,pseudo,2023:Q3:pre_second:pseudo,2023-11-30,pre_second,2023:Q3,M,S,0.3455067181330445,1.1102230246251565e-16,0.06330642829210585,4.524459304195686,True,3,0.02
joint_indicator_revision_dfm_full_kalman_em,pseudo,2023:Q3:pre_second:pseudo,2023-11-30,pre_second,2023:Q3,M,T,0.3513837685104653,1.1102230246251565e-16,0.06330642829210585,4.524459304195686,True,3,0.02
joint_indicator_revision_dfm_full_kalman_em,pseudo,2023:Q3:pre_second:pseudo,2023-11-30,pre_second,2023:Q3,S,A,0.15856818980673268,1.1102230246251565e-16,0.06330642829210585,4.524459304195686,True,3,0.02
joint_indicator_revision_dfm_full_kalman_em,pseudo,2023:Q3:pre_second:pseudo,2023-11-30,pre_second,2023:Q3,S,M,0.3455067181330445,1.1102230246251565e-16,0.06330642829210585,4.524459304195686,True,3,0.02
joint_indicator_revision_dfm_full_kalman_em,pseudo,2023:Q3:pre_second:pseudo,2023-11-30,pre_second,2023:Q3,S,S,0.355110477532496,1.1102230246251565e-16,0.06330642829210585,4.524459304195686,True,3,0.02
joint_indicator_revision_dfm_full_kalman_em,pseudo,2023:Q3:pre_second:pseudo,2023-11-30,pre_second,2023:Q3,S,T,0.3417679475665183,1.1102230246251565e-16,0.06330642829210585,4.524459304195686,True,3,0.02
joint_indicator_revision_dfm_full_kalman_em,pseudo,2023:Q3:pre_second:pseudo,2023-11-30,pre_second,2023:Q3,T,A,0.15906734963152322,1.1102230246251565e-16,0.06330642829210585,4.524459304195686,True,3,0.02
joint_indicator_revision_dfm_full_kalman_em,pseudo,2023:Q3:pre_second:pseudo,2023-11-30,pre_second,2023:Q3,T,M,0.3513837685104653,1.1102230246251565e-16,0.06330642829210585,4.524459304195686,True,3,0.02
joint_indicator_revision_dfm_full_kalman_em,pseudo,2023:Q3:pre_second:pseudo,2023-11-30,pre_second,2023:Q3,T,S,0.3417679475665182,1.1102230246251565e-16,0.06330642829210585,4.524459304195686,True,3,0.02
joint_indicator_revision_dfm_full_kalman_em,pseudo,2023:Q3:pre_second:pseudo,2023-11-30,pre_second,2023:Q3,T,T,0.4693622280342568,1.1102230246251565e-16,0.06330642829210585,4.524459304195686,True,3,0.02
monthly_mixed_frequency_kalman_em,pseudo,2023:Q3:pre_second:pseudo,2023-11-30,pre_second,2023:Q3,A,A,0.4221542798940682,0.0,0.058500165848596866,4.9161469694274995,True,3,0.02
monthly_mixed_frequency_kalman_em,pseudo,2023:Q3:pre_second:pseudo,2023-11-30,pre_second,2023:Q3,A,M,0.2020706602200957,0.0,0.058500165848596866,4.9161469694274995,True,3,0.02
monthly_mixed_frequency_kalman_em,pseudo,2023:Q3:pre_second:pseudo,2023-11-30,pre_second,2023:Q3,A,S,0.2041596447924522,0.0,0.058500165848596866,4.9161469694274995,True,3,0.02
monthly_mixed_frequency_kalman_em,pseudo,2023:Q3:pre_second:pseudo,2023-11-30,pre_second,2023:Q3,A,T,0.20302019866207593,0.0,0.058500165848596866,4.9161469694274995,True,3,0.02
monthly_mixed_frequency_kalman_em,pseudo,2023:Q3:pre_second:pseudo,2023-11-30,pre_second,2023:Q3,M,A,0.2020706602200957,0.0,0.058500165848596866,4.9161469694274995,True,3,0.02
monthly_mixed_frequency_kalman_em,pseudo,2023:Q3:pre_second:pseudo,2023-11-30,pre_second,2023:Q3,M,M,4.781040099524165,0.0,0.058500165848596866,4.9161469694274995,True,3,0.02
monthly_mixed_frequency_kalman_em,pseudo,2023:Q3:pre_second:pseudo,2023-11-30,pre_second,2023:Q3,M,S,0.42015398067911114,0.0,0.058500165848596866,4.9161469694274995,True,3,0.02
monthly_mixed_frequency_kalman_em,pseudo,2023:Q3:pre_second:pseudo,2023-11-30,pre_second,2023:Q3,M,T,0.5655428609851215,0.0,0.058500165848596866,4.9161469694274995,True,3,0.02
monthly_mixed_frequency_kalman_em,pseudo,2023:Q3:pre_second:pseudo,2023-11-30,pre_second,2023:Q3,S,A,0.2041596447924522,0.0,0.058500165848596866,4.9161469694274995,True,3,0.02
monthly_mixed_frequency_kalman_em,pseudo,2023:Q3:pre_second:pseudo,2023-11-30,pre_second,2023:Q3,S,M,0.42015398067911114,0.0,0.058500165848596866,4.9161469694274995,True,3,0.02
monthly_mixed_frequency_kalman_em,pseudo,2023:Q3:pre_second:pseudo,2023-11-30,pre_second,2023:Q3,S,S,0.3531236494765777,0.0,0.058500165848596866,4.9161469694274995,True,3,0.02
monthly_mixed_frequency_kalman_em,pseudo,2023:Q3:pre_second:pseudo,2023-11-30,pre_second,2023:Q3,S,T,0.3661553967074464,0.0,0.058500165848596866,4.9161469694274995,True,3,0.02
monthly_mixed_frequency_kalman_em,pseudo,2023:Q3:pre_second:pseudo,2023-11-30,pre_second,2023:Q3,T,A,0.20302019866207593,0.0,0.058500165848596866,4.9161469694274995,True,3,0.02
monthly_mixed_frequency_kalman_em,pseudo,2023:Q3:pre_second:pseudo,2023-11-30,pre_second,2023:Q3,T,M,0.5655428609851215,0.0,0.058500165848596866,4.9161469694274995,True,3,0.02
monthly_mixed_frequency_kalman_em,pseudo,2023:Q3:pre_second:pseudo,2023-11-30,pre_second,2023:Q3,T,S,0.3661553967074464,0.0,0.058500165848596866,4.9161469694274995,True,3,0.02
monthly_mixed_frequency_kalman_em,pseudo,2023:Q3:pre_second:pseudo,2023-11-30,pre_second,2023:Q3,T,T,0.5252575291326929,0.0,0.058500165848596866,4.9161469694274995,True,3,0.02
revision_dfm_kalman_em,pseudo,2023:Q3:pre_second:pseudo,2023-11-30,pre_second,2023:Q3,A,A,0.28593541499224984,0.0,0.06529494995557633,4.557331207355821,True,3,0.02
revision_dfm_kalman_em,pseudo,2023:Q3:pre_second:pseudo,2023-11-30,pre_second,2023:Q3,A,M,0.15283445317289046,0.0,0.06529494995557633,4.557331207355821,True,3,0.02
revision_dfm_kalman_em,pseudo,2023:Q3:pre_second:pseudo,2023-11-30,pre_second,2023:Q3,A,S,0.15215958101217383,0.0,0.06529494995557633,4.557331207355821,True,3,0.02
revision_dfm_kalman_em,pseudo,2023:Q3:pre_second:pseudo,2023-11-30,pre_second,2023:Q3,A,T,0.1525645043086038,0.0,0.06529494995557633,4.557331207355821,True,3,0.02
revision_dfm_kalman_em,pseudo,2023:Q3:pre_second:pseudo,2023-11-30,pre_second,2023:Q3,M,A,0.15283445317289046,0.0,0.06529494995557633,4.557331207355821,True,3,0.02
revision_dfm_kalman_em,pseudo,2023:Q3:pre_second:pseudo,2023-11-30,pre_second,2023:Q3,M,M,4.47370825810323,0.0,0.06529494995557633,4.557331207355821,True,3,0.02
revision_dfm_kalman_em,pseudo,2023:Q3:pre_second:pseudo,2023-11-30,pre_second,2023:Q3,M,S,0.3731700630470124,0.0,0.06529494995557633,4.557331207355821,True,3,0.02
revision_dfm_kalman_em,pseudo,2023:Q3:pre_second:pseudo,2023-11-30,pre_second,2023:Q3,M,T,0.38012802967461623,0.0,0.06529494995557633,4.557331207355821,True,3,0.02
revision_dfm_kalman_em,pseudo,2023:Q3:pre_second:pseudo,2023-11-30,pre_second,2023:Q3,S,A,0.15215958101217383,0.0,0.06529494995557633,4.557331207355821,True,3,0.02
revision_dfm_kalman_em,pseudo,2023:Q3:pre_second:pseudo,2023-11-30,pre_second,2023:Q3,S,M,0.3731700630470124,0.0,0.06529494995557633,4.557331207355821,True,3,0.02
revision_dfm_kalman_em,pseudo,2023:Q3:pre_second:pseudo,2023-11-30,pre_second,2023:Q3,S,S,0.3857006123462409,0.0,0.06529494995557633,4.557331207355821,True,3,0.02
revision_dfm_kalman_em,pseudo,2023:Q3:pre_second:pseudo,2023-11-30,pre_second,2023:Q3,S,T,0.36874985340631566,0.0,0.06529494995557633,4.557331207355821,True,3,0.02
revision_dfm_kalman_em,pseudo,2023:Q3:pre_second:pseudo,2023-11-30,pre_second,2023:Q3,T,A,0.1525645043086038,0.0,0.06529494995557633,4.557331207355821,True,3,0.02
revision_dfm_kalman_em,pseudo,2023:Q3:pre_second:pseudo,2023-11-30,pre_second,2023:Q3,T,M,0.38012802967461623,0.0,0.06529494995557633,4.557331207355821,True,3,0.02
revision_dfm_kalman_em,pseudo,2023:Q3:pre_second:pseudo,2023-11-30,pre_second,2023:Q3,T,S,0.36874985340631566,0.0,0.06529494995557633,4.557331207355821,True,3,0.02
revision_dfm_kalman_em,pseudo,2023:Q3:pre_second:pseudo,2023-11-30,pre_second,2023:Q3,T,T,0.4938205098052526,0.0,0.06529494995557633,4.557331207355821,True,3,0.02
indicator_revision_only_dfm_kalman_em,exact,2023:Q3:pre_third:exact,2023-12-20,pre_third,2023:Q3,A,A,0.4070086334144693,0.0,0.027405862720776015,4.110348227874767,True,3,0.02
indicator_revision_only_dfm_kalman_em,exact,2023:Q3:pre_third:exact,2023-12-20,pre_third,2023:Q3,A,M,0.014535715280574745,0.0,0.027405862720776015,4.110348227874767,True,3,0.02
indicator_revision_only_dfm_kalman_em,exact,2023:Q3:pre_third:exact,2023-12-20,pre_third,2023:Q3,A,S,0.014535715280574745,0.0,0.027405862720776015,4.110348227874767,True,3,0.02
indicator_revision_only_dfm_kalman_em,exact,2023:Q3:pre_third:exact,2023-12-20,pre_third,2023:Q3,A,T,0.014535715280574745,0.0,0.027405862720776015,4.110348227874767,True,3,0.02
indicator_revision_only_dfm_kalman_em,exact,2023:Q3:pre_third:exact,2023-12-20,pre_third,2023:Q3,M,A,0.014535715280574745,0.0,0.027405862720776015,4.110348227874767,True,3,0.02
indicator_revision_only_dfm_kalman_em,exact,2023:Q3:pre_third:exact,2023-12-20,pre_third,2023:Q3,M,M,4.110184924984135,0.0,0.027405862720776015,4.110348227874767,True,3,0.02
indicator_revision_only_dfm_kalman_em,exact,2023:Q3:pre_third:exact,2023-12-20,pre_third,2023:Q3,M,S,0.014535715280574745,0.0,0.027405862720776015,4.110348227874767,True,3,0.02
indicator_revision_only_dfm_kalman_em,exact,2023:Q3:pre_third:exact,2023-12-20,pre_third,2023:Q3,M,T,0.014535715280574745,0.0,0.027405862720776015,4.110348227874767,True,3,0.02
indicator_revision_only_dfm_kalman_em,exact,2023:Q3:pre_third:exact,2023-12-20,pre_third,2023:Q3,S,A,0.014535715280574745,0.0,0.027405862720776015,4.110348227874767,True,3,0.02
indicator_revision_only_dfm_kalman_em,exact,2023:Q3:pre_third:exact,2023-12-20,pre_third,2023:Q3,S,M,0.014535715280574745,0.0,0.027405862720776015,4.110348227874767,True,3,0.02
indicator_revision_only_dfm_kalman_em,exact,2023:Q3:pre_third:exact,2023-12-20,pre_third,2023:Q3,S,S,0.029695331511646453,0.0,0.027405862720776015,4.110348227874767,True,3,0.02
indicator_revision_only_dfm_kalman_em,exact,2023:Q3:pre_third:exact,2023-12-20,pre_third,2023:Q3,S,T,0.014535715280574745,0.0,0.027405862720776015,4.110348227874767,True,3,0.02
indicator_revision_only_dfm_kalman_em,exact,2023:Q3:pre_third:exact,2023-12-20,pre_third,2023:Q3,T,A,0.014535715280574745,0.0,0.027405862720776015,4.110348227874767,True,3,0.02
indicator_revision_only_dfm_kalman_em,exact,2023:Q3:pre_third:exact,2023-12-20,pre_third,2023:Q3,T,M,0.014535715280574745,0.0,0.027405862720776015,4.110348227874767,True,3,0.02
indicator_revision_only_dfm_kalman_em,exact,2023:Q3:pre_third:exact,2023-12-20,pre_third,2023:Q3,T,S,0.014535715280574745,0.0,0.027405862720776015,4.110348227874767,True,3,0.02
indicator_revision_only_dfm_kalman_em,exact,2023:Q3:pre_third:exact,2023-12-20,pre_third,2023:Q3,T,T,0.14319119585726933,0.0,0.027405862720776015,4.110348227874767,True,3,0.02
joint_indicator_revision_dfm_full_kalman_em,exact,2023:Q3:pre_third:exact,2023-12-20,pre_third,2023:Q3,A,A,0.24260019249030162,0.0,0.03192477384976764,4.119527414599012,True,3,0.02
joint_indicator_revision_dfm_full_kalman_em,exact,2023:Q3:pre_third:exact,2023-12-20,pre_third,2023:Q3,A,M,0.007416152804908043,0.0,0.03192477384976764,4.119527414599012,True,3,0.02
joint_indicator_revision_dfm_full_kalman_em,exact,2023:Q3:pre_third:exact,2023-12-20,pre_third,2023:Q3,A,S,0.010035232163518511,0.0,0.03192477384976764,4.119527414599012,True,3,0.02
joint_indicator_revision_dfm_full_kalman_em,exact,2023:Q3:pre_third:exact,2023-12-20,pre_third,2023:Q3,A,T,0.00846378454835223,0.0,0.03192477384976764,4.119527414599012,True,3,0.02
joint_indicator_revision_dfm_full_kalman_em,exact,2023:Q3:pre_third:exact,2023-12-20,pre_third,2023:Q3,M,A,0.007416152804908043,0.0,0.03192477384976764,4.119527414599012,True,3,0.02
joint_indicator_revision_dfm_full_kalman_em,exact,2023:Q3:pre_third:exact,2023-12-20,pre_third,2023:Q3,M,M,4.119358075913544,0.0,0.03192477384976764,4.119527414599012,True,3,0.02
joint_indicator_revision_dfm_full_kalman_em,exact,2023:Q3:pre_third:exact,2023-12-20,pre_third,2023:Q3,M,S,0.017466420433146383,0.0,0.03192477384976764,4.119527414599012,True,3,0.02
joint_indicator_revision_dfm_full_kalman_em,exact,2023:Q3:pre_third:exact,2023-12-20,pre_third,2023:Q3,M,T,0.01778379730561707,0.0,0.03192477384976764,4.119527414599012,True,3,0.02
joint_indicator_revision_dfm_full_kalman_em,exact,2023:Q3:pre_third:exact,2023-12-20,pre_third,2023:Q3,S,A,0.010035232163518511,0.0,0.03192477384976764,4.119527414599012,True,3,0.02
joint_indicator_revision_dfm_full_kalman_em,exact,2023:Q3:pre_third:exact,2023-12-20,pre_third,2023:Q3,S,M,0.017466420433146383,0.0,0.03192477384976764,4.119527414599012,True,3,0.02
joint_indicator_revision_dfm_full_kalman_em,exact,2023:Q3:pre_third:exact,2023-12-20,pre_third,2023:Q3,S,S,0.0350962189239368,0.0,0.03192477384976764,4.119527414599012,True,3,0.02
joint_indicator_revision_dfm_full_kalman_em,exact,2023:Q3:pre_third:exact,2023-12-20,pre_third,2023:Q3,S,T,0.017317796667753828,0.0,0.03192477384976764,4.119527414599012,True,3,0.02
joint_indicator_revision_dfm_full_kalman_em,exact,2023:Q3:pre_third:exact,2023-12-20,pre_third,2023:Q3,T,A,0.00846378454835223,0.0,0.03192477384976764,4.119527414599012,True,3,0.02
joint_indicator_revision_dfm_full_kalman_em,exact,2023:Q3:pre_third:exact,2023-12-20,pre_third,2023:Q3,T,M,0.01778379730561707,0.0,0.03192477384976764,4.119527414599012,True,3,0.02
joint_indicator_revision_dfm_full_kalman_em,exact,2023:Q3:pre_third:exact,2023-12-20,pre_third,2023:Q3,T,S,0.017317796667753828,0.0,0.03192477384976764,4.119527414599012,True,3,0.02
joint_indicator_revision_dfm_full_kalman_em,exact,2023:Q3:pre_third:exact,2023-12-20,pre_third,2023:Q3,T,T,0.1405232890001267,0.0,0.03192477384976764,4.119527414599012,True,3,0.02
monthly_mixed_frequency_kalman_em,exact,2023:Q3:pre_third:exact,2023-12-20,pre_third,2023:Q3,A,A,0.3019461746162167,0.0,0.05800136614625365,4.287083830031407,True,3,0.02
monthly_mixed_frequency_kalman_em,exact,2023:Q3:pre_third:exact,2023-12-20,pre_third,2023:Q3,A,M,-0.04050860095085415,0.0,0.05800136614625365,4.287083830031407,True,3,0.02
monthly_mixed_frequency_kalman_em,exact,2023:Q3:pre_third:exact,2023-12-20,pre_third,2023:Q3,A,S,0.029909277671164778,0.0,0.05800136614625365,4.287083830031407,True,3,0.02
monthly_mixed_frequency_kalman_em,exact,2023:Q3:pre_third:exact,2023-12-20,pre_third,2023:Q3,A,T,-0.008500474304481908,0.0,0.05800136614625365,4.287083830031407,True,3,0.02
monthly_mixed_frequency_kalman_em,exact,2023:Q3:pre_third:exact,2023-12-20,pre_third,2023:Q3,M,A,-0.04050860095085415,0.0,0.05800136614625365,4.287083830031407,True,3,0.02
monthly_mixed_frequency_kalman_em,exact,2023:Q3:pre_third:exact,2023-12-20,pre_third,2023:Q3,M,M,4.2816320864029285,0.0,0.05800136614625365,4.287083830031407,True,3,0.02
monthly_mixed_frequency_kalman_em,exact,2023:Q3:pre_third:exact,2023-12-20,pre_third,2023:Q3,M,S,0.06180474277648628,0.0,0.05800136614625365,4.287083830031407,True,3,0.02
monthly_mixed_frequency_kalman_em,exact,2023:Q3:pre_third:exact,2023-12-20,pre_third,2023:Q3,M,T,0.13001363859471327,0.0,0.05800136614625365,4.287083830031407,True,3,0.02
monthly_mixed_frequency_kalman_em,exact,2023:Q3:pre_third:exact,2023-12-20,pre_third,2023:Q3,S,A,0.029909277671164778,0.0,0.05800136614625365,4.287083830031407,True,3,0.02
monthly_mixed_frequency_kalman_em,exact,2023:Q3:pre_third:exact,2023-12-20,pre_third,2023:Q3,S,M,0.06180474277648628,0.0,0.05800136614625365,4.287083830031407,True,3,0.02
monthly_mixed_frequency_kalman_em,exact,2023:Q3:pre_third:exact,2023-12-20,pre_third,2023:Q3,S,S,0.09619328963644103,0.0,0.05800136614625365,4.287083830031407,True,3,0.02
monthly_mixed_frequency_kalman_em,exact,2023:Q3:pre_third:exact,2023-12-20,pre_third,2023:Q3,S,T,0.05383087650015591,0.0,0.05800136614625365,4.287083830031407,True,3,0.02
monthly_mixed_frequency_kalman_em,exact,2023:Q3:pre_third:exact,2023-12-20,pre_third,2023:Q3,T,A,-0.008500474304481908,0.0,0.05800136614625365,4.287083830031407,True,3,0.02
monthly_mixed_frequency_kalman_em,exact,2023:Q3:pre_third:exact,2023-12-20,pre_third,2023:Q3,T,M,0.13001363859471327,0.0,0.05800136614625365,4.287083830031407,True,3,0.02
monthly_mixed_frequency_kalman_em,exact,2023:Q3:pre_third:exact,2023-12-20,pre_third,2023:Q3,T,S,0.05383087650015591,0.0,0.05800136614625365,4.287083830031407,True,3,0.02
monthly_mixed_frequency_kalman_em,exact,2023:Q3:pre_third:exact,2023-12-20,pre_third,2023:Q3,T,T,0.1456353512666994,0.0,0.05800136614625365,4.287083830031407,True,3,0.02
revision_dfm_kalman_em,exact,2023:Q3:pre_third:exact,2023-12-20,pre_third,2023:Q3,A,A,0.22469057225658834,1.734723475976807e-18,0.04623692166439615,4.108474123387215,True,3,0.02
revision_dfm_kalman_em,exact,2023:Q3:pre_third:exact,2023-12-20,pre_third,2023:Q3,A,M,0.007360634442341011,1.734723475976807e-18,0.04623692166439615,4.108474123387215,True,3,0.02
revision_dfm_kalman_em,exact,2023:Q3:pre_third:exact,2023-12-20,pre_third,2023:Q3,A,S,0.01096620183836436,1.734723475976807e-18,0.04623692166439615,4.108474123387215,True,3,0.02
revision_dfm_kalman_em,exact,2023:Q3:pre_third:exact,2023-12-20,pre_third,2023:Q3,A,T,0.00880286140075035,1.734723475976807e-18,0.04623692166439615,4.108474123387215,True,3,0.02
revision_dfm_kalman_em,exact,2023:Q3:pre_third:exact,2023-12-20,pre_third,2023:Q3,M,A,0.007360634442341011,1.734723475976807e-18,0.04623692166439615,4.108474123387215,True,3,0.02
revision_dfm_kalman_em,exact,2023:Q3:pre_third:exact,2023-12-20,pre_third,2023:Q3,M,M,4.108090175783237,1.734723475976807e-18,0.04623692166439615,4.108474123387215,True,3,0.02
revision_dfm_kalman_em,exact,2023:Q3:pre_third:exact,2023-12-20,pre_third,2023:Q3,M,S,0.026816063847852338,1.734723475976807e-18,0.04623692166439615,4.108474123387215,True,3,0.02
revision_dfm_kalman_em,exact,2023:Q3:pre_third:exact,2023-12-20,pre_third,2023:Q3,M,T,0.027430445829079008,1.734723475976807e-18,0.04623692166439615,4.108474123387215,True,3,0.02
revision_dfm_kalman_em,exact,2023:Q3:pre_third:exact,2023-12-20,pre_third,2023:Q3,S,A,0.010966201838364362,1.734723475976807e-18,0.04623692166439615,4.108474123387215,True,3,0.02
revision_dfm_kalman_em,exact,2023:Q3:pre_third:exact,2023-12-20,pre_third,2023:Q3,S,M,0.026816063847852338,1.734723475976807e-18,0.04623692166439615,4.108474123387215,True,3,0.02
revision_dfm_kalman_em,exact,2023:Q3:pre_third:exact,2023-12-20,pre_third,2023:Q3,S,S,0.05409557621463898,1.734723475976807e-18,0.04623692166439615,4.108474123387215,True,3,0.02
revision_dfm_kalman_em,exact,2023:Q3:pre_third:exact,2023-12-20,pre_third,2023:Q3,S,T,0.026499066607662578,1.734723475976807e-18,0.04623692166439615,4.108474123387215,True,3,0.02
revision_dfm_kalman_em,exact,2023:Q3:pre_third:exact,2023-12-20,pre_third,2023:Q3,T,A,0.00880286140075035,1.734723475976807e-18,0.04623692166439615,4.108474123387215,True,3,0.02
revision_dfm_kalman_em,exact,2023:Q3:pre_third:exact,2023-12-20,pre_third,2023:Q3,T,M,0.027430445829079008,1.734723475976807e-18,0.04623692166439615,4.108474123387215,True,3,0.02
revision_dfm_kalman_em,exact,2023:Q3:pre_third:exact,2023-12-20,pre_third,2023:Q3,T,S,0.026499066607662578,1.734723475976807e-18,0.04623692166439615,4.108474123387215,True,3,0.02
revision_dfm_kalman_em,exact,2023:Q3:pre_third:exact,2023-12-20,pre_third,2023:Q3,T,T,0.14162878308780688,1.734723475976807e-18,0.04623692166439615,4.108474123387215,True,3,0.02
indicator_revision_only_dfm_kalman_em,pseudo,2023:Q3:pre_third:pseudo,2023-12-31,pre_third,2023:Q3,A,A,0.4070089098698798,0.0,0.027405933044051155,4.110348735539759,True,3,0.02
indicator_revision_only_dfm_kalman_em,pseudo,2023:Q3:pre_third:pseudo,2023-12-31,pre_third,2023:Q3,A,M,0.014535758890295269,0.0,0.027405933044051155,4.110348735539759,True,3,0.02
indicator_revision_only_dfm_kalman_em,pseudo,2023:Q3:pre_third:pseudo,2023-12-31,pre_third,2023:Q3,A,S,0.014535758890295269,0.0,0.027405933044051155,4.110348735539759,True,3,0.02
indicator_revision_only_dfm_kalman_em,pseudo,2023:Q3:pre_third:pseudo,2023-12-31,pre_third,2023:Q3,A,T,0.014535758890295269,0.0,0.027405933044051155,4.110348735539759,True,3,0.02
indicator_revision_only_dfm_kalman_em,pseudo,2023:Q3:pre_third:pseudo,2023-12-31,pre_third,2023:Q3,M,A,0.014535758890295269,0.0,0.027405933044051155,4.110348735539759,True,3,0.02
indicator_revision_only_dfm_kalman_em,pseudo,2023:Q3:pre_third:pseudo,2023-12-31,pre_third,2023:Q3,M,M,4.110185431682547,0.0,0.027405933044051155,4.110348735539759,True,3,0.02
indicator_revision_only_dfm_kalman_em,pseudo,2023:Q3:pre_third:pseudo,2023-12-31,pre_third,2023:Q3,M,S,0.014535758890295269,0.0,0.027405933044051155,4.110348735539759,True,3,0.02
indicator_revision_only_dfm_kalman_em,pseudo,2023:Q3:pre_third:pseudo,2023-12-31,pre_third,2023:Q3,M,T,0.014535758890295269,0.0,0.027405933044051155,4.110348735539759,True,3,0.02
indicator_revision_only_dfm_kalman_em,pseudo,2023:Q3:pre_third:pseudo,2023-12-31,pre_third,2023:Q3,S,A,0.014535758890295269,0.0,0.027405933044051155,4.110348735539759,True,3,0.02
indicator_revision_only_dfm_kalman_em,pseudo,2023:Q3:pre_third:pseudo,2023-12-31,pre_third,2023:Q3,S,M,0.014535758890295269,0.0,0.027405933044051155,4.110348735539759,True,3,0.02
indicator_revision_only_dfm_kalman_em,pseudo,2023:Q3:pre_third:pseudo,2023-12-31,pre_third,2023:Q3,S,S,0.029695417037062865,0.0,0.027405933044051155,4.110348735539759,True,3,0.02
indicator_revision_only_dfm_kalman_em,pseudo,2023:Q3:pre_third:pseudo,2023-12-31,pre_third,2023:Q3,S,T,0.014535758890295269,0.0,0.027405933044051155,4.110348735539759,True,3,0.02
indicator_revision_only_dfm_kalman_em,pseudo,2023:Q3:pre_third:pseudo,2023-12-31,pre_third,2023:Q3,T,A,0.014535758890295269,0.0,0.027405933044051155,4.110348735539759,True,3,0.02
indicator_revision_only_dfm_kalman_em,pseudo,2023:Q3:pre_third:pseudo,2023-12-31,pre_third,2023:Q3,T,M,0.014535758890295269,0.0,0.027405933044051155,4.110348735539759,True,3,0.02
indicator_revision_only_dfm_kalman_em,pseudo,2023:Q3:pre_third:pseudo,2023-12-31,pre_third,2023:Q3,T,S,0.014535758890295269,0.0,0.027405933044051155,4.110348735539759,True,3,0.02
indicator_revision_only_dfm_kalman_em,pseudo,2023:Q3:pre_third:pseudo,2023-12-31,pre_third,2023:Q3,T,T,0.1431911229844961,0.0,0.027405933044051155,4.110348735539759,True,3,0.02
joint_indicator_revision_dfm_full_kalman_em,pseudo,2023:Q3:pre_third:pseudo,2023-12-31,pre_third,2023:Q3,A,A,0.24261201805199098,1.734723475976807e-18,0.031924893466128916,4.119525972187134,True,3,0.02
joint_indicator_revision_dfm_full_kalman_em,pseudo,2023:Q3:pre_third:pseudo,2023-12-31,pre_third,2023:Q3,A,M,0.0074170826865575116,1.734723475976807e-18,0.031924893466128916,4.119525972187134,True,3,0.02
joint_indicator_revision_dfm_full_kalman_em,pseudo,2023:Q3:pre_third:pseudo,2023-12-31,pre_third,2023:Q3,A,S,0.010036018876073808,1.734723475976807e-18,0.031924893466128916,4.119525972187134,True,3,0.02
joint_indicator_revision_dfm_full_kalman_em,pseudo,2023:Q3:pre_third:pseudo,2023-12-31,pre_third,2023:Q3,A,T,0.00846465716236403,1.734723475976807e-18,0.031924893466128916,4.119525972187134,True,3,0.02
joint_indicator_revision_dfm_full_kalman_em,pseudo,2023:Q3:pre_third:pseudo,2023-12-31,pre_third,2023:Q3,M,A,0.0074170826865575116,1.734723475976807e-18,0.031924893466128916,4.119525972187134,True,3,0.02
joint_indicator_revision_dfm_full_kalman_em,pseudo,2023:Q3:pre_third:pseudo,2023-12-31,pre_third,2023:Q3,M,M,4.11935662924867,1.734723475976807e-18,0.031924893466128916,4.119525972187134,True,3,0.02
joint_indicator_revision_dfm_full_kalman_em,pseudo,2023:Q3:pre_third:pseudo,2023-12-31,pre_third,2023:Q3,M,S,0.017466464056501714,1.734723475976807e-18,0.031924893466128916,4.119525972187134,True,3,0.02
joint_indicator_revision_dfm_full_kalman_em,pseudo,2023:Q3:pre_third:pseudo,2023-12-31,pre_third,2023:Q3,M,T,0.01778381294186837,1.734723475976807e-18,0.031924893466128916,4.119525972187134,True,3,0.02
joint_indicator_revision_dfm_full_kalman_em,pseudo,2023:Q3:pre_third:pseudo,2023-12-31,pre_third,2023:Q3,S,A,0.01003601887607381,1.734723475976807e-18,0.031924893466128916,4.119525972187134,True,3,0.02
joint_indicator_revision_dfm_full_kalman_em,pseudo,2023:Q3:pre_third:pseudo,2023-12-31,pre_third,2023:Q3,S,M,0.017466464056501714,1.734723475976807e-18,0.031924893466128916,4.119525972187134,True,3,0.02
joint_indicator_revision_dfm_full_kalman_em,pseudo,2023:Q3:pre_third:pseudo,2023-12-31,pre_third,2023:Q3,S,S,0.035096391625136156,1.734723475976807e-18,0.031924893466128916,4.119525972187134,True,3,0.02
joint_indicator_revision_dfm_full_kalman_em,pseudo,2023:Q3:pre_third:pseudo,2023-12-31,pre_third,2023:Q3,S,T,0.017317855152893157,1.734723475976807e-18,0.031924893466128916,4.119525972187134,True,3,0.02
joint_indicator_revision_dfm_full_kalman_em,pseudo,2023:Q3:pre_third:pseudo,2023-12-31,pre_third,2023:Q3,T,A,0.00846465716236403,1.734723475976807e-18,0.031924893466128916,4.119525972187134,True,3,0.02
joint_indicator_revision_dfm_full_kalman_em,pseudo,2023:Q3:pre_third:pseudo,2023-12-31,pre_third,2023:Q3,T,M,0.01778381294186837,1.734723475976807e-18,0.031924893466128916,4.119525972187134,True,3,0.02
joint_indicator_revision_dfm_full_kalman_em,pseudo,2023:Q3:pre_third:pseudo,2023-12-31,pre_third,2023:Q3,T,S,0.017317855152893157,1.734723475976807e-18,0.031924893466128916,4.119525972187134,True,3,0.02
joint_indicator_revision_dfm_full_kalman_em,pseudo,2023:Q3:pre_third:pseudo,2023-12-31,pre_third,2023:Q3,T,T,0.14052336504369659,1.734723475976807e-18,0.031924893466128916,4.119525972187134,True,3,0.02
monthly_mixed_frequency_kalman_em,pseudo,2023:Q3:pre_third:pseudo,2023-12-31,pre_third,2023:Q3,A,A,0.30193742227973697,0.0,0.058002113291817106,4.287087474629171,True,3,0.02
monthly_mixed_frequency_kalman_em,pseudo,2023:Q3:pre_third:pseudo,2023-12-31,pre_third,2023:Q3,A,M,-0.04050747383768549,0.0,0.058002113291817106,4.287087474629171,True,3,0.02
monthly_mixed_frequency_kalman_em,pseudo,2023:Q3:pre_third:pseudo,2023-12-31,pre_third,2023:Q3,A,S,0.029909308051857687,0.0,0.058002113291817106,4.287087474629171,True,3,0.02
monthly_mixed_frequency_kalman_em,pseudo,2023:Q3:pre_third:pseudo,2023-12-31,pre_third,2023:Q3,A,T,-0.008499845706074958,0.0,0.058002113291817106,4.287087474629171,True,3,0.02
monthly_mixed_frequency_kalman_em,pseudo,2023:Q3:pre_third:pseudo,2023-12-31,pre_third,2023:Q3,M,A,-0.04050747383768549,0.0,0.058002113291817106,4.287087474629171,True,3,0.02
monthly_mixed_frequency_kalman_em,pseudo,2023:Q3:pre_third:pseudo,2023-12-31,pre_third,2023:Q3,M,M,4.281635576230133,0.0,0.058002113291817106,4.287087474629171,True,3,0.02
monthly_mixed_frequency_kalman_em,pseudo,2023:Q3:pre_third:pseudo,2023-12-31,pre_third,2023:Q3,M,S,0.06180642339968675,0.0,0.058002113291817106,4.287087474629171,True,3,0.02
monthly_mixed_frequency_kalman_em,pseudo,2023:Q3:pre_third:pseudo,2023-12-31,pre_third,2023:Q3,M,T,0.1300156882246016,0.0,0.058002113291817106,4.287087474629171,True,3,0.02
monthly_mixed_frequency_kalman_em,pseudo,2023:Q3:pre_third:pseudo,2023-12-31,pre_third,2023:Q3,S,A,0.029909308051857687,0.0,0.058002113291817106,4.287087474629171,True,3,0.02
monthly_mixed_frequency_kalman_em,pseudo,2023:Q3:pre_third:pseudo,2023-12-31,pre_third,2023:Q3,S,M,0.06180642339968675,0.0,0.058002113291817106,4.287087474629171,True,3,0.02
monthly_mixed_frequency_kalman_em,pseudo,2023:Q3:pre_third:pseudo,2023-12-31,pre_third,2023:Q3,S,S,0.09619531312590154,0.0,0.058002113291817106,4.287087474629171,True,3,0.02
monthly_mixed_frequency_kalman_em,pseudo,2023:Q3:pre_third:pseudo,2023-12-31,pre_third,2023:Q3,S,T,0.05383214456272949,0.0,0.058002113291817106,4.287087474629171,True,3,0.02
monthly_mixed_frequency_kalman_em,pseudo,2023:Q3:pre_third:pseudo,2023-12-31,pre_third,2023:Q3,T,A,-0.008499845706074958,0.0,0.058002113291817106,4.287087474629171,True,3,0.02
monthly_mixed_frequency_kalman_em,pseudo,2023:Q3:pre_third:pseudo,2023-12-31,pre_third,2023:Q3,T,M,0.1300156882246016,0.0,0.058002113291817106,4.287087474629171,True,3,0.02
monthly_mixed_frequency_kalman_em,pseudo,2023:Q3:pre_third:pseudo,2023-12-31,pre_third,2023:Q3,T,S,0.05383214456272949,0.0,0.058002113291817106,4.287087474629171,True,3,0.02
monthly_mixed_frequency_kalman_em,pseudo,2023:Q3:pre_third:pseudo,2023-12-31,pre_third,2023:Q3,T,T,0.1456371446802226,0.0,0.058002113291817106,4.287087474629171,True,3,0.02
revision_dfm_kalman_em,pseudo,2023:Q3:pre_third:pseudo,2023-12-31,pre_third,2023:Q3,A,A,0.22469059103780112,0.0,0.04623697932199915,4.108473948662336,True,3,0.02
revision_dfm_kalman_em,pseudo,2023:Q3:pre_third:pseudo,2023-12-31,pre_third,2023:Q3,A,M,0.007360661265309996,0.0,0.04623697932199915,4.108473948662336,True,3,0.02
revision_dfm_kalman_em,pseudo,2023:Q3:pre_third:pseudo,2023-12-31,pre_third,2023:Q3,A,S,0.01096623943988666,0.0,0.04623697932199915,4.108473948662336,True,3,0.02
revision_dfm_kalman_em,pseudo,2023:Q3:pre_third:pseudo,2023-12-31,pre_third,2023:Q3,A,T,0.008802892535140662,0.0,0.04623697932199915,4.108473948662336,True,3,0.02
revision_dfm_kalman_em,pseudo,2023:Q3:pre_third:pseudo,2023-12-31,pre_third,2023:Q3,M,A,0.007360661265309996,0.0,0.04623697932199915,4.108473948662336,True,3,0.02
revision_dfm_kalman_em,pseudo,2023:Q3:pre_third:pseudo,2023-12-31,pre_third,2023:Q3,M,M,4.108089999892786,0.0,0.04623697932199915,4.108473948662336,True,3,0.02
revision_dfm_kalman_em,pseudo,2023:Q3:pre_third:pseudo,2023-12-31,pre_third,2023:Q3,M,S,0.026816101722942826,0.0,0.04623697932199915,4.108473948662336,True,3,0.02
revision_dfm_kalman_em,pseudo,2023:Q3:pre_third:pseudo,2023-12-31,pre_third,2023:Q3,M,T,0.02743048405318386,0.0,0.04623697932199915,4.108473948662336,True,3,0.02
revision_dfm_kalman_em,pseudo,2023:Q3:pre_third:pseudo,2023-12-31,pre_third,2023:Q3,S,A,0.01096623943988666,0.0,0.04623697932199915,4.108473948662336,True,3,0.02
revision_dfm_kalman_em,pseudo,2023:Q3:pre_third:pseudo,2023-12-31,pre_third,2023:Q3,S,M,0.026816101722942826,0.0,0.04623697932199915,4.108473948662336,True,3,0.02
revision_dfm_kalman_em,pseudo,2023:Q3:pre_third:pseudo,2023-12-31,pre_third,2023:Q3,S,S,0.054095663935396464,0.0,0.04623697932199915,4.108473948662336,True,3,0.02
revision_dfm_kalman_em,pseudo,2023:Q3:pre_third:pseudo,2023-12-31,pre_third,2023:Q3,S,T,0.026499104477281703,0.0,0.04623697932199915,4.108473948662336,True,3,0.02
revision_dfm_kalman_em,pseudo,2023:Q3:pre_third:pseudo,2023-12-31,pre_third,2023:Q3,T,A,0.008802892535140662,0.0,0.04623697932199915,4.108473948662336,True,3,0.02
revision_dfm_kalman_em,pseudo,2023:Q3:pre_third:pseudo,2023-12-31,pre_third,2023:Q3,T,M,0.02743048405318386,0.0,0.04623697932199915,4.108473948662336,True,3,0.02
revision_dfm_kalman_em,pseudo,2023:Q3:pre_third:pseudo,2023-12-31,pre_third,2023:Q3,T,S,0.026499104477281703,0.0,0.04623697932199915,4.108473948662336,True,3,0.02
revision_dfm_kalman_em,pseudo,2023:Q3:pre_third:pseudo,2023-12-31,pre_third,2023:Q3,T,T,0.1416287551636512,0.0,0.04623697932199915,4.108473948662336,True,3,0.02
indicator_revision_only_dfm_kalman_em,exact,2023:Q4:pre_advance:exact,2024-01-24,pre_advance,2023:Q4,A,A,3.954900520845464,0.0,0.06610685292052838,15.632172724083315,True,3,0.02
indicator_revision_only_dfm_kalman_em,exact,2023:Q4:pre_advance:exact,2024-01-24,pre_advance,2023:Q4,A,M,3.5625398372733135,0.0,0.06610685292052838,15.632172724083315,True,3,0.02
indicator_revision_only_dfm_kalman_em,exact,2023:Q4:pre_advance:exact,2024-01-24,pre_advance,2023:Q4,A,S,3.5625398372733135,0.0,0.06610685292052838,15.632172724083315,True,3,0.02
indicator_revision_only_dfm_kalman_em,exact,2023:Q4:pre_advance:exact,2024-01-24,pre_advance,2023:Q4,A,T,3.5625398372733135,0.0,0.06610685292052838,15.632172724083315,True,3,0.02
indicator_revision_only_dfm_kalman_em,exact,2023:Q4:pre_advance:exact,2024-01-24,pre_advance,2023:Q4,M,A,3.5625398372733135,0.0,0.06610685292052838,15.632172724083315,True,3,0.02
indicator_revision_only_dfm_kalman_em,exact,2023:Q4:pre_advance:exact,2024-01-24,pre_advance,2023:Q4,M,M,7.640428221810944,0.0,0.06610685292052838,15.632172724083315,True,3,0.02
indicator_revision_only_dfm_kalman_em,exact,2023:Q4:pre_advance:exact,2024-01-24,pre_advance,2023:Q4,M,S,3.5625398372733135,0.0,0.06610685292052838,15.632172724083315,True,3,0.02
indicator_revision_only_dfm_kalman_em,exact,2023:Q4:pre_advance:exact,2024-01-24,pre_advance,2023:Q4,M,T,3.5625398372733135,0.0,0.06610685292052838,15.632172724083315,True,3,0.02
indicator_revision_only_dfm_kalman_em,exact,2023:Q4:pre_advance:exact,2024-01-24,pre_advance,2023:Q4,S,A,3.5625398372733135,0.0,0.06610685292052838,15.632172724083315,True,3,0.02
indicator_revision_only_dfm_kalman_em,exact,2023:Q4:pre_advance:exact,2024-01-24,pre_advance,2023:Q4,S,M,3.5625398372733135,0.0,0.06610685292052838,15.632172724083315,True,3,0.02
indicator_revision_only_dfm_kalman_em,exact,2023:Q4:pre_advance:exact,2024-01-24,pre_advance,2023:Q4,S,S,3.577914967484776,0.0,0.06610685292052838,15.632172724083315,True,3,0.02
indicator_revision_only_dfm_kalman_em,exact,2023:Q4:pre_advance:exact,2024-01-24,pre_advance,2023:Q4,S,T,3.5625398372733135,0.0,0.06610685292052838,15.632172724083315,True,3,0.02
indicator_revision_only_dfm_kalman_em,exact,2023:Q4:pre_advance:exact,2024-01-24,pre_advance,2023:Q4,T,A,3.5625398372733135,0.0,0.06610685292052838,15.632172724083315,True,3,0.02
indicator_revision_only_dfm_kalman_em,exact,2023:Q4:pre_advance:exact,2024-01-24,pre_advance,2023:Q4,T,M,3.5625398372733135,0.0,0.06610685292052838,15.632172724083315,True,3,0.02
indicator_revision_only_dfm_kalman_em,exact,2023:Q4:pre_advance:exact,2024-01-24,pre_advance,2023:Q4,T,S,3.5625398372733135,0.0,0.06610685292052838,15.632172724083315,True,3,0.02
indicator_revision_only_dfm_kalman_em,exact,2023:Q4:pre_advance:exact,2024-01-24,pre_advance,2023:Q4,T,T,3.6906950173926822,0.0,0.06610685292052838,15.632172724083315,True,3,0.02
joint_indicator_revision_dfm_full_kalman_em,exact,2023:Q4:pre_advance:exact,2024-01-24,pre_advance,2023:Q4,A,A,2.9072890599188197,0.0,0.06416025522309284,15.517483133280798,True,3,0.02
joint_indicator_revision_dfm_full_kalman_em,exact,2023:Q4:pre_advance:exact,2024-01-24,pre_advance,2023:Q4,A,M,3.183195950561603,0.0,0.06416025522309284,15.517483133280798,True,3,0.02
joint_indicator_revision_dfm_full_kalman_em,exact,2023:Q4:pre_advance:exact,2024-01-24,pre_advance,2023:Q4,A,S,3.160201712440827,0.0,0.06416025522309284,15.517483133280798,True,3,0.02
joint_indicator_revision_dfm_full_kalman_em,exact,2023:Q4:pre_advance:exact,2024-01-24,pre_advance,2023:Q4,A,T,3.1739982553132933,0.0,0.06416025522309284,15.517483133280798,True,3,0.02
joint_indicator_revision_dfm_full_kalman_em,exact,2023:Q4:pre_advance:exact,2024-01-24,pre_advance,2023:Q4,M,A,3.183195950561603,0.0,0.06416025522309284,15.517483133280798,True,3,0.02
joint_indicator_revision_dfm_full_kalman_em,exact,2023:Q4:pre_advance:exact,2024-01-24,pre_advance,2023:Q4,M,M,7.921683609597895,0.0,0.06416025522309284,15.517483133280798,True,3,0.02
joint_indicator_revision_dfm_full_kalman_em,exact,2023:Q4:pre_advance:exact,2024-01-24,pre_advance,2023:Q4,M,S,3.805429292548273,0.0,0.06416025522309284,15.517483133280798,True,3,0.02
joint_indicator_revision_dfm_full_kalman_em,exact,2023:Q4:pre_advance:exact,2024-01-24,pre_advance,2023:Q4,M,T,3.825078766505747,0.0,0.06416025522309284,15.517483133280798,True,3,0.02
joint_indicator_revision_dfm_full_kalman_em,exact,2023:Q4:pre_advance:exact,2024-01-24,pre_advance,2023:Q4,S,A,3.160201712440827,0.0,0.06416025522309284,15.517483133280798,True,3,0.02
joint_indicator_revision_dfm_full_kalman_em,exact,2023:Q4:pre_advance:exact,2024-01-24,pre_advance,2023:Q4,S,M,3.805429292548273,0.0,0.06416025522309284,15.517483133280798,True,3,0.02
joint_indicator_revision_dfm_full_kalman_em,exact,2023:Q4:pre_advance:exact,2024-01-24,pre_advance,2023:Q4,S,S,3.7912799133159343,0.0,0.06416025522309284,15.517483133280798,True,3,0.02
joint_indicator_revision_dfm_full_kalman_em,exact,2023:Q4:pre_advance:exact,2024-01-24,pre_advance,2023:Q4,S,T,3.7925247409461242,0.0,0.06416025522309284,15.517483133280798,True,3,0.02
joint_indicator_revision_dfm_full_kalman_em,exact,2023:Q4:pre_advance:exact,2024-01-24,pre_advance,2023:Q4,T,A,3.1739982553132933,0.0,0.06416025522309284,15.517483133280798,True,3,0.02
joint_indicator_revision_dfm_full_kalman_em,exact,2023:Q4:pre_advance:exact,2024-01-24,pre_advance,2023:Q4,T,M,3.825078766505747,0.0,0.06416025522309284,15.517483133280798,True,3,0.02
joint_indicator_revision_dfm_full_kalman_em,exact,2023:Q4:pre_advance:exact,2024-01-24,pre_advance,2023:Q4,T,S,3.7925247409461242,0.0,0.06416025522309284,15.517483133280798,True,3,0.02
joint_indicator_revision_dfm_full_kalman_em,exact,2023:Q4:pre_advance:exact,2024-01-24,pre_advance,2023:Q4,T,T,3.934700201024481,0.0,0.06416025522309284,15.517483133280798,True,3,0.02
monthly_mixed_frequency_kalman_em,exact,2023:Q4:pre_advance:exact,2024-01-24,pre_advance,2023:Q4,A,A,4.348259817846876,0.0,0.06098935558766661,18.069568248794507,True,3,0.02
monthly_mixed_frequency_kalman_em,exact,2023:Q4:pre_advance:exact,2024-01-24,pre_advance,2023:Q4,A,M,4.043990397452953,0.0,0.06098935558766661,18.069568248794507,True,3,0.02
monthly_mixed_frequency_kalman_em,exact,2023:Q4:pre_advance:exact,2024-01-24,pre_advance,2023:Q4,A,S,4.09193606277562,0.0,0.06098935558766661,18.069568248794507,True,3,0.02
monthly_mixed_frequency_kalman_em,exact,2023:Q4:pre_advance:exact,2024-01-24,pre_advance,2023:Q4,A,T,4.065783881690528,0.0,0.06098935558766661,18.069568248794507,True,3,0.02
monthly_mixed_frequency_kalman_em,exact,2023:Q4:pre_advance:exact,2024-01-24,pre_advance,2023:Q4,M,A,4.043990397452953,0.0,0.06098935558766661,18.069568248794507,True,3,0.02
monthly_mixed_frequency_kalman_em,exact,2023:Q4:pre_advance:exact,2024-01-24,pre_advance,2023:Q4,M,M,8.516294907004095,0.0,0.06098935558766661,18.069568248794507,True,3,0.02
monthly_mixed_frequency_kalman_em,exact,2023:Q4:pre_advance:exact,2024-01-24,pre_advance,2023:Q4,M,S,4.222019689338312,0.0,0.06098935558766661,18.069568248794507,True,3,0.02
monthly_mixed_frequency_kalman_em,exact,2023:Q4:pre_advance:exact,2024-01-24,pre_advance,2023:Q4,M,T,4.3407058839285515,0.0,0.06098935558766661,18.069568248794507,True,3,0.02
monthly_mixed_frequency_kalman_em,exact,2023:Q4:pre_advance:exact,2024-01-24,pre_advance,2023:Q4,S,A,4.09193606277562,0.0,0.06098935558766661,18.069568248794507,True,3,0.02
monthly_mixed_frequency_kalman_em,exact,2023:Q4:pre_advance:exact,2024-01-24,pre_advance,2023:Q4,S,M,4.222019689338312,0.0,0.06098935558766661,18.069568248794507,True,3,0.02
monthly_mixed_frequency_kalman_em,exact,2023:Q4:pre_advance:exact,2024-01-24,pre_advance,2023:Q4,S,S,4.202554999681111,0.0,0.06098935558766661,18.069568248794507,True,3,0.02
monthly_mixed_frequency_kalman_em,exact,2023:Q4:pre_advance:exact,2024-01-24,pre_advance,2023:Q4,S,T,4.189498782697639,0.0,0.06098935558766661,18.069568248794507,True,3,0.02
monthly_mixed_frequency_kalman_em,exact,2023:Q4:pre_advance:exact,2024-01-24,pre_advance,2023:Q4,T,A,4.065783881690528,0.0,0.06098935558766661,18.069568248794507,True,3,0.02
monthly_mixed_frequency_kalman_em,exact,2023:Q4:pre_advance:exact,2024-01-24,pre_advance,2023:Q4,T,M,4.3407058839285515,0.0,0.06098935558766661,18.069568248794507,True,3,0.02
monthly_mixed_frequency_kalman_em,exact,2023:Q4:pre_advance:exact,2024-01-24,pre_advance,2023:Q4,T,S,4.189498782697639,0.0,0.06098935558766661,18.069568248794507,True,3,0.02
monthly_mixed_frequency_kalman_em,exact,2023:Q4:pre_advance:exact,2024-01-24,pre_advance,2023:Q4,T,T,4.321332233499973,0.0,0.06098935558766661,18.069568248794507,True,3,0.02
revision_dfm_kalman_em,exact,2023:Q4:pre_advance:exact,2024-01-24,pre_advance,2023:Q4,A,A,2.9666057982692777,0.0,0.06575065358686363,14.858031761877136,True,3,0.02
revision_dfm_kalman_em,exact,2023:Q4:pre_advance:exact,2024-01-24,pre_advance,2023:Q4,A,M,3.0924494201256025,0.0,0.06575065358686363,14.858031761877136,True,3,0.02
revision_dfm_kalman_em,exact,2023:Q4:pre_advance:exact,2024-01-24,pre_advance,2023:Q4,A,S,3.078907057464794,0.0,0.06575065358686363,14.858031761877136,True,3,0.02
revision_dfm_kalman_em,exact,2023:Q4:pre_advance:exact,2024-01-24,pre_advance,2023:Q4,A,T,3.0870324750612794,0.0,0.06575065358686363,14.858031761877136,True,3,0.02
revision_dfm_kalman_em,exact,2023:Q4:pre_advance:exact,2024-01-24,pre_advance,2023:Q4,M,A,3.0924494201256025,0.0,0.06575065358686363,14.858031761877136,True,3,0.02
revision_dfm_kalman_em,exact,2023:Q4:pre_advance:exact,2024-01-24,pre_advance,2023:Q4,M,M,7.678099588791633,0.0,0.06575065358686363,14.858031761877136,True,3,0.02
revision_dfm_kalman_em,exact,2023:Q4:pre_advance:exact,2024-01-24,pre_advance,2023:Q4,M,S,3.5808921181201985,0.0,0.06575065358686363,14.858031761877136,True,3,0.02
revision_dfm_kalman_em,exact,2023:Q4:pre_advance:exact,2024-01-24,pre_advance,2023:Q4,M,T,3.596316624372659,0.0,0.06575065358686363,14.858031761877136,True,3,0.02
revision_dfm_kalman_em,exact,2023:Q4:pre_advance:exact,2024-01-24,pre_advance,2023:Q4,S,A,3.078907057464794,0.0,0.06575065358686363,14.858031761877136,True,3,0.02
revision_dfm_kalman_em,exact,2023:Q4:pre_advance:exact,2024-01-24,pre_advance,2023:Q4,S,M,3.5808921181201985,0.0,0.06575065358686363,14.858031761877136,True,3,0.02
revision_dfm_kalman_em,exact,2023:Q4:pre_advance:exact,2024-01-24,pre_advance,2023:Q4,S,S,3.579388131883473,0.0,0.06575065358686363,14.858031761877136,True,3,0.02
revision_dfm_kalman_em,exact,2023:Q4:pre_advance:exact,2024-01-24,pre_advance,2023:Q4,S,T,3.57085241690709,0.0,0.06575065358686363,14.858031761877136,True,3,0.02
revision_dfm_kalman_em,exact,2023:Q4:pre_advance:exact,2024-01-24,pre_advance,2023:Q4,T,A,3.0870324750612794,0.0,0.06575065358686363,14.858031761877136,True,3,0.02
revision_dfm_kalman_em,exact,2023:Q4:pre_advance:exact,2024-01-24,pre_advance,2023:Q4,T,M,3.596316624372659,0.0,0.06575065358686363,14.858031761877136,True,3,0.02
revision_dfm_kalman_em,exact,2023:Q4:pre_advance:exact,2024-01-24,pre_advance,2023:Q4,T,S,3.57085241690709,0.0,0.06575065358686363,14.858031761877136,True,3,0.02
revision_dfm_kalman_em,exact,2023:Q4:pre_advance:exact,2024-01-24,pre_advance,2023:Q4,T,T,3.704139941842983,0.0,0.06575065358686363,14.858031761877136,True,3,0.02
indicator_revision_only_dfm_kalman_em,pseudo,2023:Q4:pre_advance:pseudo,2024-01-31,pre_advance,2023:Q4,A,A,3.9649300651248325,0.0,0.06610787590520267,15.671544669550151,True,3,0.02
indicator_revision_only_dfm_kalman_em,pseudo,2023:Q4:pre_advance:pseudo,2024-01-31,pre_advance,2023:Q4,A,M,3.5725602024135963,0.0,0.06610787590520267,15.671544669550151,True,3,0.02
indicator_revision_only_dfm_kalman_em,pseudo,2023:Q4:pre_advance:pseudo,2024-01-31,pre_advance,2023:Q4,A,S,3.5725602024135963,0.0,0.06610787590520267,15.671544669550151,True,3,0.02
indicator_revision_only_dfm_kalman_em,pseudo,2023:Q4:pre_advance:pseudo,2024-01-31,pre_advance,2023:Q4,A,T,3.5725602024135963,0.0,0.06610787590520267,15.671544669550151,True,3,0.02
indicator_revision_only_dfm_kalman_em,pseudo,2023:Q4:pre_advance:pseudo,2024-01-31,pre_advance,2023:Q4,M,A,3.5725602024135963,0.0,0.06610787590520267,15.671544669550151,True,3,0.02
indicator_revision_only_dfm_kalman_em,pseudo,2023:Q4:pre_advance:pseudo,2024-01-31,pre_advance,2023:Q4,M,M,7.65045894300731,0.0,0.06610787590520267,15.671544669550151,True,3,0.02
indicator_revision_only_dfm_kalman_em,pseudo,2023:Q4:pre_advance:pseudo,2024-01-31,pre_advance,2023:Q4,M,S,3.5725602024135963,0.0,0.06610787590520267,15.671544669550151,True,3,0.02
indicator_revision_only_dfm_kalman_em,pseudo,2023:Q4:pre_advance:pseudo,2024-01-31,pre_advance,2023:Q4,M,T,3.5725602024135963,0.0,0.06610787590520267,15.671544669550151,True,3,0.02
indicator_revision_only_dfm_kalman_em,pseudo,2023:Q4:pre_advance:pseudo,2024-01-31,pre_advance,2023:Q4,S,A,3.5725602024135963,0.0,0.06610787590520267,15.671544669550151,True,3,0.02
indicator_revision_only_dfm_kalman_em,pseudo,2023:Q4:pre_advance:pseudo,2024-01-31,pre_advance,2023:Q4,S,M,3.5725602024135963,0.0,0.06610787590520267,15.671544669550151,True,3,0.02
indicator_revision_only_dfm_kalman_em,pseudo,2023:Q4:pre_advance:pseudo,2024-01-31,pre_advance,2023:Q4,S,S,3.5879392713626452,0.0,0.06610787590520267,15.671544669550151,True,3,0.02
indicator_revision_only_dfm_kalman_em,pseudo,2023:Q4:pre_advance:pseudo,2024-01-31,pre_advance,2023:Q4,S,T,3.5725602024135963,0.0,0.06610787590520267,15.671544669550151,True,3,0.02
indicator_revision_only_dfm_kalman_em,pseudo,2023:Q4:pre_advance:pseudo,2024-01-31,pre_advance,2023:Q4,T,A,3.5725602024135963,0.0,0.06610787590520267,15.671544669550151,True,3,0.02
indicator_revision_only_dfm_kalman_em,pseudo,2023:Q4:pre_advance:pseudo,2024-01-31,pre_advance,2023:Q4,T,M,3.5725602024135963,0.0,0.06610787590520267,15.671544669550151,True,3,0.02
indicator_revision_only_dfm_kalman_em,pseudo,2023:Q4:pre_advance:pseudo,2024-01-31,pre_advance,2023:Q4,T,S,3.5725602024135963,0.0,0.06610787590520267,15.671544669550151,True,3,0.02
indicator_revision_only_dfm_kalman_em,pseudo,2023:Q4:pre_advance:pseudo,2024-01-31,pre_advance,2023:Q4,T,T,3.7007087161989376,0.0,0.06610787590520267,15.671544669550151,True,3,0.02
joint_indicator_revision_dfm_full_kalman_em,pseudo,2023:Q4:pre_advance:pseudo,2024-01-31,pre_advance,2023:Q4,A,A,2.9348310466556398,8.881784197001252e-16,0.06416871364338347,15.624089631419999,True,3,0.02
joint_indicator_revision_dfm_full_kalman_em,pseudo,2023:Q4:pre_advance:pseudo,2024-01-31,pre_advance,2023:Q4,A,M,3.2108915615977316,8.881784197001252e-16,0.06416871364338347,15.624089631419999,True,3,0.02
joint_indicator_revision_dfm_full_kalman_em,pseudo,2023:Q4:pre_advance:pseudo,2024-01-31,pre_advance,2023:Q4,A,S,3.187857824549879,8.881784197001252e-16,0.06416871364338347,15.624089631419999,True,3,0.02
joint_indicator_revision_dfm_full_kalman_em,pseudo,2023:Q4:pre_advance:pseudo,2024-01-31,pre_advance,2023:Q4,A,T,3.201678066778591,8.881784197001252e-16,0.06416871364338347,15.624089631419999,True,3,0.02
joint_indicator_revision_dfm_full_kalman_em,pseudo,2023:Q4:pre_advance:pseudo,2024-01-31,pre_advance,2023:Q4,M,A,3.2108915615977316,8.881784197001252e-16,0.06416871364338347,15.624089631419999,True,3,0.02
joint_indicator_revision_dfm_full_kalman_em,pseudo,2023:Q4:pre_advance:pseudo,2024-01-31,pre_advance,2023:Q4,M,M,7.949012078973964,8.881784197001252e-16,0.06416871364338347,15.624089631419999,True,3,0.02
joint_indicator_revision_dfm_full_kalman_em,pseudo,2023:Q4:pre_advance:pseudo,2024-01-31,pre_advance,2023:Q4,M,S,3.832856445838325,8.881784197001252e-16,0.06416871364338347,15.624089631419999,True,3,0.02
joint_indicator_revision_dfm_full_kalman_em,pseudo,2023:Q4:pre_advance:pseudo,2024-01-31,pre_advance,2023:Q4,M,T,3.852497442182765,8.881784197001252e-16,0.06416871364338347,15.624089631419999,True,3,0.02
joint_indicator_revision_dfm_full_kalman_em,pseudo,2023:Q4:pre_advance:pseudo,2024-01-31,pre_advance,2023:Q4,S,A,3.1878578245498788,8.881784197001252e-16,0.06416871364338347,15.624089631419999,True,3,0.02
joint_indicator_revision_dfm_full_kalman_em,pseudo,2023:Q4:pre_advance:pseudo,2024-01-31,pre_advance,2023:Q4,S,M,3.832856445838325,8.881784197001252e-16,0.06416871364338347,15.624089631419999,True,3,0.02
joint_indicator_revision_dfm_full_kalman_em,pseudo,2023:Q4:pre_advance:pseudo,2024-01-31,pre_advance,2023:Q4,S,S,3.81872399962007,8.881784197001252e-16,0.06416871364338347,15.624089631419999,True,3,0.02
joint_indicator_revision_dfm_full_kalman_em,pseudo,2023:Q4:pre_advance:pseudo,2024-01-31,pre_advance,2023:Q4,S,T,3.8199564734125557,8.881784197001252e-16,0.06416871364338347,15.624089631419999,True,3,0.02
joint_indicator_revision_dfm_full_kalman_em,pseudo,2023:Q4:pre_advance:pseudo,2024-01-31,pre_advance,2023:Q4,T,A,3.201678066778591,8.881784197001252e-16,0.06416871364338347,15.624089631419999,True,3,0.02
joint_indicator_revision_dfm_full_kalman_em,pseudo,2023:Q4:pre_advance:pseudo,2024-01-31,pre_advance,2023:Q4,T,M,3.852497442182765,8.881784197001252e-16,0.06416871364338347,15.624089631419999,True,3,0.02
joint_indicator_revision_dfm_full_kalman_em,pseudo,2023:Q4:pre_advance:pseudo,2024-01-31,pre_advance,2023:Q4,T,S,3.8199564734125566,8.881784197001252e-16,0.06416871364338347,15.624089631419999,True,3,0.02
joint_indicator_revision_dfm_full_kalman_em,pseudo,2023:Q4:pre_advance:pseudo,2024-01-31,pre_advance,2023:Q4,T,T,3.9621301526989066,8.881784197001252e-16,0.06416871364338347,15.624089631419999,True,3,0.02
monthly_mixed_frequency_kalman_em,pseudo,2023:Q4:pre_advance:pseudo,2024-01-31,pre_advance,2023:Q4,A,A,4.348126073691428,0.0,0.06098939884249349,18.069023051495762,True,3,0.02
monthly_mixed_frequency_kalman_em,pseudo,2023:Q4:pre_advance:pseudo,2024-01-31,pre_advance,2023:Q4,A,M,4.043852870655039,0.0,0.06098939884249349,18.069023051495762,True,3,0.02
monthly_mixed_frequency_kalman_em,pseudo,2023:Q4:pre_advance:pseudo,2024-01-31,pre_advance,2023:Q4,A,S,4.091800798871322,0.0,0.06098939884249349,18.069023051495762,True,3,0.02
monthly_mixed_frequency_kalman_em,pseudo,2023:Q4:pre_advance:pseudo,2024-01-31,pre_advance,2023:Q4,A,T,4.065647383480623,0.0,0.06098939884249349,18.069023051495762,True,3,0.02
monthly_mixed_frequency_kalman_em,pseudo,2023:Q4:pre_advance:pseudo,2024-01-31,pre_advance,2023:Q4,M,A,4.043852870655039,0.0,0.06098939884249349,18.069023051495762,True,3,0.02
monthly_mixed_frequency_kalman_em,pseudo,2023:Q4:pre_advance:pseudo,2024-01-31,pre_advance,2023:Q4,M,M,8.516152716417837,0.0,0.06098939884249349,18.069023051495762,True,3,0.02
monthly_mixed_frequency_kalman_em,pseudo,2023:Q4:pre_advance:pseudo,2024-01-31,pre_advance,2023:Q4,M,S,4.221879850787235,0.0,0.06098939884249349,18.069023051495762,True,3,0.02
monthly_mixed_frequency_kalman_em,pseudo,2023:Q4:pre_advance:pseudo,2024-01-31,pre_advance,2023:Q4,M,T,4.340564504208699,0.0,0.06098939884249349,18.069023051495762,True,3,0.02
monthly_mixed_frequency_kalman_em,pseudo,2023:Q4:pre_advance:pseudo,2024-01-31,pre_advance,2023:Q4,S,A,4.091800798871322,0.0,0.06098939884249349,18.069023051495762,True,3,0.02
monthly_mixed_frequency_kalman_em,pseudo,2023:Q4:pre_advance:pseudo,2024-01-31,pre_advance,2023:Q4,S,M,4.221879850787235,0.0,0.06098939884249349,18.069023051495762,True,3,0.02
monthly_mixed_frequency_kalman_em,pseudo,2023:Q4:pre_advance:pseudo,2024-01-31,pre_advance,2023:Q4,S,S,4.202417877469907,0.0,0.06098939884249349,18.069023051495762,True,3,0.02
monthly_mixed_frequency_kalman_em,pseudo,2023:Q4:pre_advance:pseudo,2024-01-31,pre_advance,2023:Q4,S,T,4.189360087808256,0.0,0.06098939884249349,18.069023051495762,True,3,0.02
monthly_mixed_frequency_kalman_em,pseudo,2023:Q4:pre_advance:pseudo,2024-01-31,pre_advance,2023:Q4,T,A,4.065647383480623,0.0,0.06098939884249349,18.069023051495762,True,3,0.02
monthly_mixed_frequency_kalman_em,pseudo,2023:Q4:pre_advance:pseudo,2024-01-31,pre_advance,2023:Q4,T,M,4.340564504208699,0.0,0.06098939884249349,18.069023051495762,True,3,0.02
monthly_mixed_frequency_kalman_em,pseudo,2023:Q4:pre_advance:pseudo,2024-01-31,pre_advance,2023:Q4,T,S,4.189360087808256,0.0,0.06098939884249349,18.069023051495762,True,3,0.02
monthly_mixed_frequency_kalman_em,pseudo,2023:Q4:pre_advance:pseudo,2024-01-31,pre_advance,2023:Q4,T,T,4.321191910013589,0.0,0.06098939884249349,18.069023051495762,True,3,0.02
revision_dfm_kalman_em,pseudo,2023:Q4:pre_advance:pseudo,2024-01-31,pre_advance,2023:Q4,A,A,2.964534779106529,4.440892098500626e-16,0.0657510547551746,14.85028326824293,True,3,0.02
revision_dfm_kalman_em,pseudo,2023:Q4:pre_advance:pseudo,2024-01-31,pre_advance,2023:Q4,A,M,3.0904011055182012,4.440892098500626e-16,0.0657510547551746,14.85028326824293,True,3,0.02
revision_dfm_kalman_em,pseudo,2023:Q4:pre_advance:pseudo,2024-01-31,pre_advance,2023:Q4,A,S,3.0768570718187487,4.440892098500626e-16,0.0657510547551746,14.85028326824293,True,3,0.02
revision_dfm_kalman_em,pseudo,2023:Q4:pre_advance:pseudo,2024-01-31,pre_advance,2023:Q4,A,T,3.08498349203842,4.440892098500626e-16,0.0657510547551746,14.85028326824293,True,3,0.02
revision_dfm_kalman_em,pseudo,2023:Q4:pre_advance:pseudo,2024-01-31,pre_advance,2023:Q4,M,A,3.0904011055182012,4.440892098500626e-16,0.0657510547551746,14.85028326824293,True,3,0.02
revision_dfm_kalman_em,pseudo,2023:Q4:pre_advance:pseudo,2024-01-31,pre_advance,2023:Q4,M,M,7.676143922530125,4.440892098500626e-16,0.0657510547551746,14.85028326824293,True,3,0.02
revision_dfm_kalman_em,pseudo,2023:Q4:pre_advance:pseudo,2024-01-31,pre_advance,2023:Q4,M,S,3.5789238733530904,4.440892098500626e-16,0.0657510547551746,14.85028326824293,True,3,0.02
revision_dfm_kalman_em,pseudo,2023:Q4:pre_advance:pseudo,2024-01-31,pre_advance,2023:Q4,M,T,3.5943509081268235,4.440892098500626e-16,0.0657510547551746,14.85028326824293,True,3,0.02
revision_dfm_kalman_em,pseudo,2023:Q4:pre_advance:pseudo,2024-01-31,pre_advance,2023:Q4,S,A,3.0768570718187482,4.440892098500626e-16,0.0657510547551746,14.85028326824293,True,3,0.02
revision_dfm_kalman_em,pseudo,2023:Q4:pre_advance:pseudo,2024-01-31,pre_advance,2023:Q4,S,M,3.5789238733530904,4.440892098500626e-16,0.0657510547551746,14.85028326824293,True,3,0.02
revision_dfm_kalman_em,pseudo,2023:Q4:pre_advance:pseudo,2024-01-31,pre_advance,2023:Q4,S,S,3.577416441301336,4.440892098500626e-16,0.0657510547551746,14.85028326824293,True,3,0.02
revision_dfm_kalman_em,pseudo,2023:Q4:pre_advance:pseudo,2024-01-31,pre_advance,2023:Q4,S,T,3.568882537322404,4.440892098500626e-16,0.0657510547551746,14.85028326824293,True,3,0.02
revision_dfm_kalman_em,pseudo,2023:Q4:pre_advance:pseudo,2024-01-31,pre_advance,2023:Q4,T,A,3.08498349203842,4.440892098500626e-16,0.0657510547551746,14.85028326824293,True,3,0.02
revision_dfm_kalman_em,pseudo,2023:Q4:pre_advance:pseudo,2024-01-31,pre_advance,2023:Q4,T,M,3.5943509081268235,4.440892098500626e-16,0.0657510547551746,14.85028326824293,True,3,0.02
revision_dfm_kalman_em,pseudo,2023:Q4:pre_advance:pseudo,2024-01-31,pre_advance,2023:Q4,T,S,3.5688825373224033,4.440892098500626e-16,0.0657510547551746,14.85028326824293,True,3,0.02
revision_dfm_kalman_em,pseudo,2023:Q4:pre_advance:pseudo,2024-01-31,pre_advance,2023:Q4,T,T,3.702171138485428,4.440892098500626e-16,0.0657510547551746,14.85028326824293,True,3,0.02
indicator_revision_only_dfm_kalman_em,exact,2023:Q4:pre_second:exact,2024-02-27,pre_second,2023:Q4,A,A,0.7455911264381397,0.0,0.062331625280683735,4.544738805297852,True,3,0.02
indicator_revision_only_dfm_kalman_em,exact,2023:Q4:pre_second:exact,2024-02-27,pre_second,2023:Q4,A,M,0.35337420803036784,0.0,0.062331625280683735,4.544738805297852,True,3,0.02
indicator_revision_only_dfm_kalman_em,exact,2023:Q4:pre_second:exact,2024-02-27,pre_second,2023:Q4,A,S,0.35337420803036784,0.0,0.062331625280683735,4.544738805297852,True,3,0.02
indicator_revision_only_dfm_kalman_em,exact,2023:Q4:pre_second:exact,2024-02-27,pre_second,2023:Q4,A,T,0.35337420803036784,0.0,0.062331625280683735,4.544738805297852,True,3,0.02
indicator_revision_only_dfm_kalman_em,exact,2023:Q4:pre_second:exact,2024-02-27,pre_second,2023:Q4,M,A,0.35337420803036784,0.0,0.062331625280683735,4.544738805297852,True,3,0.02
indicator_revision_only_dfm_kalman_em,exact,2023:Q4:pre_second:exact,2024-02-27,pre_second,2023:Q4,M,M,4.431225343043816,0.0,0.062331625280683735,4.544738805297852,True,3,0.02
indicator_revision_only_dfm_kalman_em,exact,2023:Q4:pre_second:exact,2024-02-27,pre_second,2023:Q4,M,S,0.35337420803036784,0.0,0.062331625280683735,4.544738805297852,True,3,0.02
indicator_revision_only_dfm_kalman_em,exact,2023:Q4:pre_second:exact,2024-02-27,pre_second,2023:Q4,M,T,0.35337420803036784,0.0,0.062331625280683735,4.544738805297852,True,3,0.02
indicator_revision_only_dfm_kalman_em,exact,2023:Q4:pre_second:exact,2024-02-27,pre_second,2023:Q4,S,A,0.35337420803036784,0.0,0.062331625280683735,4.544738805297852,True,3,0.02
indicator_revision_only_dfm_kalman_em,exact,2023:Q4:pre_second:exact,2024-02-27,pre_second,2023:Q4,S,M,0.35337420803036784,0.0,0.062331625280683735,4.544738805297852,True,3,0.02
indicator_revision_only_dfm_kalman_em,exact,2023:Q4:pre_second:exact,2024-02-27,pre_second,2023:Q4,S,S,0.3687739096264241,0.0,0.062331625280683735,4.544738805297852,True,3,0.02
indicator_revision_only_dfm_kalman_em,exact,2023:Q4:pre_second:exact,2024-02-27,pre_second,2023:Q4,S,T,0.35337420803036784,0.0,0.062331625280683735,4.544738805297852,True,3,0.02
indicator_revision_only_dfm_kalman_em,exact,2023:Q4:pre_second:exact,2024-02-27,pre_second,2023:Q4,T,A,0.35337420803036784,0.0,0.062331625280683735,4.544738805297852,True,3,0.02
indicator_revision_only_dfm_kalman_em,exact,2023:Q4:pre_second:exact,2024-02-27,pre_second,2023:Q4,T,M,0.35337420803036784,0.0,0.062331625280683735,4.544738805297852,True,3,0.02
indicator_revision_only_dfm_kalman_em,exact,2023:Q4:pre_second:exact,2024-02-27,pre_second,2023:Q4,T,S,0.35337420803036784,0.0,0.062331625280683735,4.544738805297852,True,3,0.02
indicator_revision_only_dfm_kalman_em,exact,2023:Q4:pre_second:exact,2024-02-27,pre_second,2023:Q4,T,T,0.48150740087766686,0.0,0.062331625280683735,4.544738805297852,True,3,0.02
joint_indicator_revision_dfm_full_kalman_em,exact,2023:Q4:pre_second:exact,2024-02-27,pre_second,2023:Q4,A,A,0.36215906437041756,5.551115123125783e-17,0.06259534372040114,4.515144610311214,True,3,0.02
joint_indicator_revision_dfm_full_kalman_em,exact,2023:Q4:pre_second:exact,2024-02-27,pre_second,2023:Q4,A,M,0.20423848646458884,5.551115123125783e-17,0.06259534372040114,4.515144610311214,True,3,0.02
joint_indicator_revision_dfm_full_kalman_em,exact,2023:Q4:pre_second:exact,2024-02-27,pre_second,2023:Q4,A,S,0.20278558695123622,5.551115123125783e-17,0.06259534372040114,4.515144610311214,True,3,0.02
joint_indicator_revision_dfm_full_kalman_em,exact,2023:Q4:pre_second:exact,2024-02-27,pre_second,2023:Q4,A,T,0.20365732665924777,5.551115123125783e-17,0.06259534372040114,4.515144610311214,True,3,0.02
joint_indicator_revision_dfm_full_kalman_em,exact,2023:Q4:pre_second:exact,2024-02-27,pre_second,2023:Q4,M,A,0.20423848646458884,5.551115123125783e-17,0.06259534372040114,4.515144610311214,True,3,0.02
joint_indicator_revision_dfm_full_kalman_em,exact,2023:Q4:pre_second:exact,2024-02-27,pre_second,2023:Q4,M,M,4.4365034989091425,5.551115123125783e-17,0.06259534372040114,4.515144610311214,True,3,0.02
joint_indicator_revision_dfm_full_kalman_em,exact,2023:Q4:pre_second:exact,2024-02-27,pre_second,2023:Q4,M,S,0.34580579105887077,5.551115123125783e-17,0.06259534372040114,4.515144610311214,True,3,0.02
joint_indicator_revision_dfm_full_kalman_em,exact,2023:Q4:pre_second:exact,2024-02-27,pre_second,2023:Q4,M,T,0.35027633751974285,5.551115123125783e-17,0.06259534372040114,4.515144610311214,True,3,0.02
joint_indicator_revision_dfm_full_kalman_em,exact,2023:Q4:pre_second:exact,2024-02-27,pre_second,2023:Q4,S,A,0.20278558695123622,5.551115123125783e-17,0.06259534372040114,4.515144610311214,True,3,0.02
joint_indicator_revision_dfm_full_kalman_em,exact,2023:Q4:pre_second:exact,2024-02-27,pre_second,2023:Q4,S,M,0.34580579105887077,5.551115123125783e-17,0.06259534372040114,4.515144610311214,True,3,0.02
joint_indicator_revision_dfm_full_kalman_em,exact,2023:Q4:pre_second:exact,2024-02-27,pre_second,2023:Q4,S,S,0.3567520369828818,5.551115123125783e-17,0.06259534372040114,4.515144610311214,True,3,0.02
joint_indicator_revision_dfm_full_kalman_em,exact,2023:Q4:pre_second:exact,2024-02-27,pre_second,2023:Q4,S,T,0.34294538697671806,5.551115123125783e-17,0.06259534372040114,4.515144610311214,True,3,0.02
joint_indicator_revision_dfm_full_kalman_em,exact,2023:Q4:pre_second:exact,2024-02-27,pre_second,2023:Q4,T,A,0.20365732665924782,5.551115123125783e-17,0.06259534372040114,4.515144610311214,True,3,0.02
joint_indicator_revision_dfm_full_kalman_em,exact,2023:Q4:pre_second:exact,2024-02-27,pre_second,2023:Q4,T,M,0.35027633751974285,5.551115123125783e-17,0.06259534372040114,4.515144610311214,True,3,0.02
joint_indicator_revision_dfm_full_kalman_em,exact,2023:Q4:pre_second:exact,2024-02-27,pre_second,2023:Q4,T,S,0.3429453869767181,5.551115123125783e-17,0.06259534372040114,4.515144610311214,True,3,0.02
joint_indicator_revision_dfm_full_kalman_em,exact,2023:Q4:pre_second:exact,2024-02-27,pre_second,2023:Q4,T,T,0.4700454456880645,5.551115123125783e-17,0.06259534372040114,4.515144610311214,True,3,0.02
monthly_mixed_frequency_kalman_em,exact,2023:Q4:pre_second:exact,2024-02-27,pre_second,2023:Q4,A,A,0.4195226720127854,0.0,0.058593292546946674,4.893005923596823,True,3,0.02
monthly_mixed_frequency_kalman_em,exact,2023:Q4:pre_second:exact,2024-02-27,pre_second,2023:Q4,A,M,0.20072385525309855,0.0,0.058593292546946674,4.893005923596823,True,3,0.02
monthly_mixed_frequency_kalman_em,exact,2023:Q4:pre_second:exact,2024-02-27,pre_second,2023:Q4,A,S,0.2028913327871667,0.0,0.058593292546946674,4.893005923596823,True,3,0.02
monthly_mixed_frequency_kalman_em,exact,2023:Q4:pre_second:exact,2024-02-27,pre_second,2023:Q4,A,T,0.2017090723140386,0.0,0.058593292546946674,4.893005923596823,True,3,0.02
monthly_mixed_frequency_kalman_em,exact,2023:Q4:pre_second:exact,2024-02-27,pre_second,2023:Q4,M,A,0.20072385525309855,0.0,0.058593292546946674,4.893005923596823,True,3,0.02
monthly_mixed_frequency_kalman_em,exact,2023:Q4:pre_second:exact,2024-02-27,pre_second,2023:Q4,M,M,4.758825944393336,0.0,0.058593292546946674,4.893005923596823,True,3,0.02
monthly_mixed_frequency_kalman_em,exact,2023:Q4:pre_second:exact,2024-02-27,pre_second,2023:Q4,M,S,0.4177455876266378,0.0,0.058593292546946674,4.893005923596823,True,3,0.02
monthly_mixed_frequency_kalman_em,exact,2023:Q4:pre_second:exact,2024-02-27,pre_second,2023:Q4,M,T,0.5624267425423306,0.0,0.058593292546946674,4.893005923596823,True,3,0.02
monthly_mixed_frequency_kalman_em,exact,2023:Q4:pre_second:exact,2024-02-27,pre_second,2023:Q4,S,A,0.2028913327871667,0.0,0.058593292546946674,4.893005923596823,True,3,0.02
monthly_mixed_frequency_kalman_em,exact,2023:Q4:pre_second:exact,2024-02-27,pre_second,2023:Q4,S,M,0.4177455876266378,0.0,0.058593292546946674,4.893005923596823,True,3,0.02
monthly_mixed_frequency_kalman_em,exact,2023:Q4:pre_second:exact,2024-02-27,pre_second,2023:Q4,S,S,0.3516436933322253,0.0,0.058593292546946674,4.893005923596823,True,3,0.02
monthly_mixed_frequency_kalman_em,exact,2023:Q4:pre_second:exact,2024-02-27,pre_second,2023:Q4,S,T,0.36403202391677,0.0,0.058593292546946674,4.893005923596823,True,3,0.02
monthly_mixed_frequency_kalman_em,exact,2023:Q4:pre_second:exact,2024-02-27,pre_second,2023:Q4,T,A,0.2017090723140386,0.0,0.058593292546946674,4.893005923596823,True,3,0.02
monthly_mixed_frequency_kalman_em,exact,2023:Q4:pre_second:exact,2024-02-27,pre_second,2023:Q4,T,M,0.5624267425423306,0.0,0.058593292546946674,4.893005923596823,True,3,0.02
monthly_mixed_frequency_kalman_em,exact,2023:Q4:pre_second:exact,2024-02-27,pre_second,2023:Q4,T,S,0.36403202391677,0.0,0.058593292546946674,4.893005923596823,True,3,0.02
monthly_mixed_frequency_kalman_em,exact,2023:Q4:pre_second:exact,2024-02-27,pre_second,2023:Q4,T,T,0.5224214737573495,0.0,0.058593292546946674,4.893005923596823,True,3,0.02
revision_dfm_kalman_em,exact,2023:Q4:pre_second:exact,2024-02-27,pre_second,2023:Q4,A,A,0.2838481780023614,2.7755575615628914e-17,0.06638502170392936,4.523707346446989,True,3,0.02
revision_dfm_kalman_em,exact,2023:Q4:pre_second:exact,2024-02-27,pre_second,2023:Q4,A,M,0.15102128555973676,2.7755575615628914e-17,0.06638502170392936,4.523707346446989,True,3,0.02
revision_dfm_kalman_em,exact,2023:Q4:pre_second:exact,2024-02-27,pre_second,2023:Q4,A,S,0.15039070989447864,2.7755575615628914e-17,0.06638502170392936,4.523707346446989,True,3,0.02
revision_dfm_kalman_em,exact,2023:Q4:pre_second:exact,2024-02-27,pre_second,2023:Q4,A,T,0.1507690552936335,2.7755575615628914e-17,0.06638502170392936,4.523707346446989,True,3,0.02
revision_dfm_kalman_em,exact,2023:Q4:pre_second:exact,2024-02-27,pre_second,2023:Q4,M,A,0.15102128555973676,2.7755575615628914e-17,0.06638502170392936,4.523707346446989,True,3,0.02
revision_dfm_kalman_em,exact,2023:Q4:pre_second:exact,2024-02-27,pre_second,2023:Q4,M,M,4.441974058641955,2.7755575615628914e-17,0.06638502170392936,4.523707346446989,True,3,0.02
revision_dfm_kalman_em,exact,2023:Q4:pre_second:exact,2024-02-27,pre_second,2023:Q4,M,S,0.3677320192554486,2.7755575615628914e-17,0.06638502170392936,4.523707346446989,True,3,0.02
revision_dfm_kalman_em,exact,2023:Q4:pre_second:exact,2024-02-27,pre_second,2023:Q4,M,T,0.3745755161089974,2.7755575615628914e-17,0.06638502170392936,4.523707346446989,True,3,0.02
revision_dfm_kalman_em,exact,2023:Q4:pre_second:exact,2024-02-27,pre_second,2023:Q4,S,A,0.1503907098944786,2.7755575615628914e-17,0.06638502170392936,4.523707346446989,True,3,0.02
revision_dfm_kalman_em,exact,2023:Q4:pre_second:exact,2024-02-27,pre_second,2023:Q4,S,M,0.3677320192554486,2.7755575615628914e-17,0.06638502170392936,4.523707346446989,True,3,0.02
revision_dfm_kalman_em,exact,2023:Q4:pre_second:exact,2024-02-27,pre_second,2023:Q4,S,S,0.38495698971046344,2.7755575615628914e-17,0.06638502170392936,4.523707346446989,True,3,0.02
revision_dfm_kalman_em,exact,2023:Q4:pre_second:exact,2024-02-27,pre_second,2023:Q4,S,T,0.3633851930682292,2.7755575615628914e-17,0.06638502170392936,4.523707346446989,True,3,0.02
revision_dfm_kalman_em,exact,2023:Q4:pre_second:exact,2024-02-27,pre_second,2023:Q4,T,A,0.1507690552936335,2.7755575615628914e-17,0.06638502170392936,4.523707346446989,True,3,0.02
revision_dfm_kalman_em,exact,2023:Q4:pre_second:exact,2024-02-27,pre_second,2023:Q4,T,M,0.3745755161089974,2.7755575615628914e-17,0.06638502170392936,4.523707346446989,True,3,0.02
revision_dfm_kalman_em,exact,2023:Q4:pre_second:exact,2024-02-27,pre_second,2023:Q4,T,S,0.3633851930682292,2.7755575615628914e-17,0.06638502170392936,4.523707346446989,True,3,0.02
revision_dfm_kalman_em,exact,2023:Q4:pre_second:exact,2024-02-27,pre_second,2023:Q4,T,T,0.4844203521004339,2.7755575615628914e-17,0.06638502170392936,4.523707346446989,True,3,0.02
indicator_revision_only_dfm_kalman_em,pseudo,2023:Q4:pre_second:pseudo,2024-02-29,pre_second,2023:Q4,A,A,0.7455878083988386,0.0,0.062331542100997984,4.544733406951652,True,3,0.02
indicator_revision_only_dfm_kalman_em,pseudo,2023:Q4:pre_second:pseudo,2024-02-29,pre_second,2023:Q4,A,M,0.35337106293190634,0.0,0.062331542100997984,4.544733406951652,True,3,0.02
indicator_revision_only_dfm_kalman_em,pseudo,2023:Q4:pre_second:pseudo,2024-02-29,pre_second,2023:Q4,A,S,0.35337106293190634,0.0,0.062331542100997984,4.544733406951652,True,3,0.02
indicator_revision_only_dfm_kalman_em,pseudo,2023:Q4:pre_second:pseudo,2024-02-29,pre_second,2023:Q4,A,T,0.35337106293190634,0.0,0.062331542100997984,4.544733406951652,True,3,0.02
indicator_revision_only_dfm_kalman_em,pseudo,2023:Q4:pre_second:pseudo,2024-02-29,pre_second,2023:Q4,M,A,0.35337106293190634,0.0,0.062331542100997984,4.544733406951652,True,3,0.02
indicator_revision_only_dfm_kalman_em,pseudo,2023:Q4:pre_second:pseudo,2024-02-29,pre_second,2023:Q4,M,M,4.431222105001046,0.0,0.062331542100997984,4.544733406951652,True,3,0.02
indicator_revision_only_dfm_kalman_em,pseudo,2023:Q4:pre_second:pseudo,2024-02-29,pre_second,2023:Q4,M,S,0.35337106293190634,0.0,0.062331542100997984,4.544733406951652,True,3,0.02
indicator_revision_only_dfm_kalman_em,pseudo,2023:Q4:pre_second:pseudo,2024-02-29,pre_second,2023:Q4,M,T,0.35337106293190634,0.0,0.062331542100997984,4.544733406951652,True,3,0.02
indicator_revision_only_dfm_kalman_em,pseudo,2023:Q4:pre_second:pseudo,2024-02-29,pre_second,2023:Q4,S,A,0.35337106293190634,0.0,0.062331542100997984,4.544733406951652,True,3,0.02
indicator_revision_only_dfm_kalman_em,pseudo,2023:Q4:pre_second:pseudo,2024-02-29,pre_second,2023:Q4,S,M,0.35337106293190634,0.0,0.062331542100997984,4.544733406951652,True,3,0.02
indicator_revision_only_dfm_kalman_em,pseudo,2023:Q4:pre_second:pseudo,2024-02-29,pre_second,2023:Q4,S,S,0.3687705392599132,0.0,0.062331542100997984,4.544733406951652,True,3,0.02
indicator_revision_only_dfm_kalman_em,pseudo,2023:Q4:pre_second:pseudo,2024-02-29,pre_second,2023:Q4,S,T,0.35337106293190634,0.0,0.062331542100997984,4.544733406951652,True,3,0.02
indicator_revision_only_dfm_kalman_em,pseudo,2023:Q4:pre_second:pseudo,2024-02-29,pre_second,2023:Q4,T,A,0.35337106293190634,0.0,0.062331542100997984,4.544733406951652,True,3,0.02
indicator_revision_only_dfm_kalman_em,pseudo,2023:Q4:pre_second:pseudo,2024-02-29,pre_second,2023:Q4,T,M,0.35337106293190634,0.0,0.062331542100997984,4.544733406951652,True,3,0.02
indicator_revision_only_dfm_kalman_em,pseudo,2023:Q4:pre_second:pseudo,2024-02-29,pre_second,2023:Q4,T,S,0.35337106293190634,0.0,0.062331542100997984,4.544733406951652,True,3,0.02
indicator_revision_only_dfm_kalman_em,pseudo,2023:Q4:pre_second:pseudo,2024-02-29,pre_second,2023:Q4,T,T,0.48150456454384105,0.0,0.062331542100997984,4.544733406951652,True,3,0.02
joint_indicator_revision_dfm_full_kalman_em,pseudo,2023:Q4:pre_second:pseudo,2024-02-29,pre_second,2023:Q4,A,A,0.3621233092292148,5.551115123125783e-17,0.06259533073571867,4.515155688180249,True,3,0.02
joint_indicator_revision_dfm_full_kalman_em,pseudo,2023:Q4:pre_second:pseudo,2024-02-29,pre_second,2023:Q4,A,M,0.20422538393852205,5.551115123125783e-17,0.06259533073571867,4.515155688180249,True,3,0.02
joint_indicator_revision_dfm_full_kalman_em,pseudo,2023:Q4:pre_second:pseudo,2024-02-29,pre_second,2023:Q4,A,S,0.20277221726240643,5.551115123125783e-17,0.06259533073571867,4.515155688180249,True,3,0.02
joint_indicator_revision_dfm_full_kalman_em,pseudo,2023:Q4:pre_second:pseudo,2024-02-29,pre_second,2023:Q4,A,T,0.2036441172680758,5.551115123125783e-17,0.06259533073571867,4.515155688180249,True,3,0.02
joint_indicator_revision_dfm_full_kalman_em,pseudo,2023:Q4:pre_second:pseudo,2024-02-29,pre_second,2023:Q4,M,A,0.20422538393852205,5.551115123125783e-17,0.06259533073571867,4.515155688180249,True,3,0.02
joint_indicator_revision_dfm_full_kalman_em,pseudo,2023:Q4:pre_second:pseudo,2024-02-29,pre_second,2023:Q4,M,M,4.436513944270603,5.551115123125783e-17,0.06259533073571867,4.515155688180249,True,3,0.02
joint_indicator_revision_dfm_full_kalman_em,pseudo,2023:Q4:pre_second:pseudo,2024-02-29,pre_second,2023:Q4,M,S,0.34581228217931825,5.551115123125783e-17,0.06259533073571867,4.515155688180249,True,3,0.02
joint_indicator_revision_dfm_full_kalman_em,pseudo,2023:Q4:pre_second:pseudo,2024-02-29,pre_second,2023:Q4,M,T,0.3502834473869223,5.551115123125783e-17,0.06259533073571867,4.515155688180249,True,3,0.02
joint_indicator_revision_dfm_full_kalman_em,pseudo,2023:Q4:pre_second:pseudo,2024-02-29,pre_second,2023:Q4,S,A,0.20277221726240646,5.551115123125783e-17,0.06259533073571867,4.515155688180249,True,3,0.02
joint_indicator_revision_dfm_full_kalman_em,pseudo,2023:Q4:pre_second:pseudo,2024-02-29,pre_second,2023:Q4,S,M,0.34581228217931825,5.551115123125783e-17,0.06259533073571867,4.515155688180249,True,3,0.02
joint_indicator_revision_dfm_full_kalman_em,pseudo,2023:Q4:pre_second:pseudo,2024-02-29,pre_second,2023:Q4,S,S,0.3567573645539121,5.551115123125783e-17,0.06259533073571867,4.515155688180249,True,3,0.02
joint_indicator_revision_dfm_full_kalman_em,pseudo,2023:Q4:pre_second:pseudo,2024-02-29,pre_second,2023:Q4,S,T,0.34295148088098004,5.551115123125783e-17,0.06259533073571867,4.515155688180249,True,3,0.02
joint_indicator_revision_dfm_full_kalman_em,pseudo,2023:Q4:pre_second:pseudo,2024-02-29,pre_second,2023:Q4,T,A,0.2036441172680758,5.551115123125783e-17,0.06259533073571867,4.515155688180249,True,3,0.02
joint_indicator_revision_dfm_full_kalman_em,pseudo,2023:Q4:pre_second:pseudo,2024-02-29,pre_second,2023:Q4,T,M,0.3502834473869223,5.551115123125783e-17,0.06259533073571867,4.515155688180249,True,3,0.02
joint_indicator_revision_dfm_full_kalman_em,pseudo,2023:Q4:pre_second:pseudo,2024-02-29,pre_second,2023:Q4,T,S,0.34295148088098,5.551115123125783e-17,0.06259533073571867,4.515155688180249,True,3,0.02
joint_indicator_revision_dfm_full_kalman_em,pseudo,2023:Q4:pre_second:pseudo,2024-02-29,pre_second,2023:Q4,T,T,0.4700519882396532,5.551115123125783e-17,0.06259533073571867,4.515155688180249,True,3,0.02
monthly_mixed_frequency_kalman_em,pseudo,2023:Q4:pre_second:pseudo,2024-02-29,pre_second,2023:Q4,A,A,0.41951504915078325,0.0,0.058593485196685745,4.893009980990943,True,3,0.02
monthly_mixed_frequency_kalman_em,pseudo,2023:Q4:pre_second:pseudo,2024-02-29,pre_second,2023:Q4,A,M,0.200720588153623,0.0,0.058593485196685745,4.893009980990943,True,3,0.02
monthly_mixed_frequency_kalman_em,pseudo,2023:Q4:pre_second:pseudo,2024-02-29,pre_second,2023:Q4,A,S,0.20288778459507242,0.0,0.058593485196685745,4.893009980990943,True,3,0.02
monthly_mixed_frequency_kalman_em,pseudo,2023:Q4:pre_second:pseudo,2024-02-29,pre_second,2023:Q4,A,T,0.2017056774451909,0.0,0.058593485196685745,4.893009980990943,True,3,0.02
monthly_mixed_frequency_kalman_em,pseudo,2023:Q4:pre_second:pseudo,2024-02-29,pre_second,2023:Q4,M,A,0.200720588153623,0.0,0.058593485196685745,4.893009980990943,True,3,0.02
monthly_mixed_frequency_kalman_em,pseudo,2023:Q4:pre_second:pseudo,2024-02-29,pre_second,2023:Q4,M,M,4.758830289595078,0.0,0.058593485196685745,4.893009980990943,True,3,0.02
monthly_mixed_frequency_kalman_em,pseudo,2023:Q4:pre_second:pseudo,2024-02-29,pre_second,2023:Q4,M,S,0.4177452488129617,0.0,0.058593485196685745,4.893009980990943,True,3,0.02
monthly_mixed_frequency_kalman_em,pseudo,2023:Q4:pre_second:pseudo,2024-02-29,pre_second,2023:Q4,M,T,0.5624283559191875,0.0,0.058593485196685745,4.893009980990943,True,3,0.02
monthly_mixed_frequency_kalman_em,pseudo,2023:Q4:pre_second:pseudo,2024-02-29,pre_second,2023:Q4,S,A,0.20288778459507242,0.0,0.058593485196685745,4.893009980990943,True,3,0.02
monthly_mixed_frequency_kalman_em,pseudo,2023:Q4:pre_second:pseudo,2024-02-29,pre_second,2023:Q4,S,M,0.4177452488129617,0.0,0.058593485196685745,4.893009980990943,True,3,0.02
monthly_mixed_frequency_kalman_em,pseudo,2023:Q4:pre_second:pseudo,2024-02-29,pre_second,2023:Q4,S,S,0.35164201504750914,0.0,0.058593485196685745,4.893009980990943,True,3,0.02
monthly_mixed_frequency_kalman_em,pseudo,2023:Q4:pre_second:pseudo,2024-02-29,pre_second,2023:Q4,S,T,0.3640308827584893,0.0,0.058593485196685745,4.893009980990943,True,3,0.02
monthly_mixed_frequency_kalman_em,pseudo,2023:Q4:pre_second:pseudo,2024-02-29,pre_second,2023:Q4,T,A,0.2017056774451909,0.0,0.058593485196685745,4.893009980990943,True,3,0.02
monthly_mixed_frequency_kalman_em,pseudo,2023:Q4:pre_second:pseudo,2024-02-29,pre_second,2023:Q4,T,M,0.5624283559191875,0.0,0.058593485196685745,4.893009980990943,True,3,0.02
monthly_mixed_frequency_kalman_em,pseudo,2023:Q4:pre_second:pseudo,2024-02-29,pre_second,2023:Q4,T,S,0.3640308827584893,0.0,0.058593485196685745,4.893009980990943,True,3,0.02
monthly_mixed_frequency_kalman_em,pseudo,2023:Q4:pre_second:pseudo,2024-02-29,pre_second,2023:Q4,T,T,0.5224218291712387,0.0,0.058593485196685745,4.893009980990943,True,3,0.02
revision_dfm_kalman_em,pseudo,2023:Q4:pre_second:pseudo,2024-02-29,pre_second,2023:Q4,A,A,0.2838478511323939,5.551115123125783e-17,0.06638495703700915,4.523706260934952,True,3,0.02
revision_dfm_kalman_em,pseudo,2023:Q4:pre_second:pseudo,2024-02-29,pre_second,2023:Q4,A,M,0.1510215382404817,5.551115123125783e-17,0.06638495703700915,4.523706260934952,True,3,0.02
revision_dfm_kalman_em,pseudo,2023:Q4:pre_second:pseudo,2024-02-29,pre_second,2023:Q4,A,S,0.15039093532022804,5.551115123125783e-17,0.06638495703700915,4.523706260934952,True,3,0.02
revision_dfm_kalman_em,pseudo,2023:Q4:pre_second:pseudo,2024-02-29,pre_second,2023:Q4,A,T,0.15076929707238024,5.551115123125783e-17,0.06638495703700915,4.523706260934952,True,3,0.02
revision_dfm_kalman_em,pseudo,2023:Q4:pre_second:pseudo,2024-02-29,pre_second,2023:Q4,M,A,0.1510215382404817,5.551115123125783e-17,0.06638495703700915,4.523706260934952,True,3,0.02
revision_dfm_kalman_em,pseudo,2023:Q4:pre_second:pseudo,2024-02-29,pre_second,2023:Q4,M,M,4.441973412901669,5.551115123125783e-17,0.06638495703700915,4.523706260934952,True,3,0.02
revision_dfm_kalman_em,pseudo,2023:Q4:pre_second:pseudo,2024-02-29,pre_second,2023:Q4,M,S,0.3677309432003215,5.551115123125783e-17,0.06638495703700915,4.523706260934952,True,3,0.02
revision_dfm_kalman_em,pseudo,2023:Q4:pre_second:pseudo,2024-02-29,pre_second,2023:Q4,M,T,0.3745743980937901,5.551115123125783e-17,0.06638495703700915,4.523706260934952,True,3,0.02
revision_dfm_kalman_em,pseudo,2023:Q4:pre_second:pseudo,2024-02-29,pre_second,2023:Q4,S,A,0.15039093532022804,5.551115123125783e-17,0.06638495703700915,4.523706260934952,True,3,0.02
revision_dfm_kalman_em,pseudo,2023:Q4:pre_second:pseudo,2024-02-29,pre_second,2023:Q4,S,M,0.3677309432003215,5.551115123125783e-17,0.06638495703700915,4.523706260934952,True,3,0.02
revision_dfm_kalman_em,pseudo,2023:Q4:pre_second:pseudo,2024-02-29,pre_second,2023:Q4,S,S,0.38495592856980604,5.551115123125783e-17,0.06638495703700915,4.523706260934952,True,3,0.02
revision_dfm_kalman_em,pseudo,2023:Q4:pre_second:pseudo,2024-02-29,pre_second,2023:Q4,S,T,0.36338414304271965,5.551115123125783e-17,0.06638495703700915,4.523706260934952,True,3,0.02
revision_dfm_kalman_em,pseudo,2023:Q4:pre_second:pseudo,2024-02-29,pre_second,2023:Q4,T,A,0.15076929707238024,5.551115123125783e-17,0.06638495703700915,4.523706260934952,True,3,0.02
revision_dfm_kalman_em,pseudo,2023:Q4:pre_second:pseudo,2024-02-29,pre_second,2023:Q4,T,M,0.3745743980937901,5.551115123125783e-17,0.06638495703700915,4.523706260934952,True,3,0.02
revision_dfm_kalman_em,pseudo,2023:Q4:pre_second:pseudo,2024-02-29,pre_second,2023:Q4,T,S,0.3633841430427196,5.551115123125783e-17,0.06638495703700915,4.523706260934952,True,3,0.02
revision_dfm_kalman_em,pseudo,2023:Q4:pre_second:pseudo,2024-02-29,pre_second,2023:Q4,T,T,0.484419218913715,5.551115123125783e-17,0.06638495703700915,4.523706260934952,True,3,0.02
indicator_revision_only_dfm_kalman_em,exact,2023:Q4:pre_third:exact,2024-03-27,pre_third,2023:Q4,A,A,0.4053805753285563,0.0,0.027735192917416676,4.092785787059301,True,3,0.02
indicator_revision_only_dfm_kalman_em,exact,2023:Q4:pre_third:exact,2024-03-27,pre_third,2023:Q4,A,M,0.014726118908959885,0.0,0.027735192917416676,4.092785787059301,True,3,0.02
indicator_revision_only_dfm_kalman_em,exact,2023:Q4:pre_third:exact,2024-03-27,pre_third,2023:Q4,A,S,0.014726118908959885,0.0,0.027735192917416676,4.092785787059301,True,3,0.02
indicator_revision_only_dfm_kalman_em,exact,2023:Q4:pre_third:exact,2024-03-27,pre_third,2023:Q4,A,T,0.014726118908959885,0.0,0.027735192917416676,4.092785787059301,True,3,0.02
indicator_revision_only_dfm_kalman_em,exact,2023:Q4:pre_third:exact,2024-03-27,pre_third,2023:Q4,M,A,0.014726118908959885,0.0,0.027735192917416676,4.092785787059301,True,3,0.02
indicator_revision_only_dfm_kalman_em,exact,2023:Q4:pre_third:exact,2024-03-27,pre_third,2023:Q4,M,M,4.092617423406288,0.0,0.027735192917416676,4.092785787059301,True,3,0.02
indicator_revision_only_dfm_kalman_em,exact,2023:Q4:pre_third:exact,2024-03-27,pre_third,2023:Q4,M,S,0.014726118908959885,0.0,0.027735192917416676,4.092785787059301,True,3,0.02
indicator_revision_only_dfm_kalman_em,exact,2023:Q4:pre_third:exact,2024-03-27,pre_third,2023:Q4,M,T,0.014726118908959885,0.0,0.027735192917416676,4.092785787059301,True,3,0.02
indicator_revision_only_dfm_kalman_em,exact,2023:Q4:pre_third:exact,2024-03-27,pre_third,2023:Q4,S,A,0.014726118908959885,0.0,0.027735192917416676,4.092785787059301,True,3,0.02
indicator_revision_only_dfm_kalman_em,exact,2023:Q4:pre_third:exact,2024-03-27,pre_third,2023:Q4,S,M,0.014726118908959885,0.0,0.027735192917416676,4.092785787059301,True,3,0.02
indicator_revision_only_dfm_kalman_em,exact,2023:Q4:pre_third:exact,2024-03-27,pre_third,2023:Q4,S,S,0.03009508066320584,0.0,0.027735192917416676,4.092785787059301,True,3,0.02
indicator_revision_only_dfm_kalman_em,exact,2023:Q4:pre_third:exact,2024-03-27,pre_third,2023:Q4,S,T,0.014726118908959885,0.0,0.027735192917416676,4.092785787059301,True,3,0.02
indicator_revision_only_dfm_kalman_em,exact,2023:Q4:pre_third:exact,2024-03-27,pre_third,2023:Q4,T,A,0.014726118908959885,0.0,0.027735192917416676,4.092785787059301,True,3,0.02
indicator_revision_only_dfm_kalman_em,exact,2023:Q4:pre_third:exact,2024-03-27,pre_third,2023:Q4,T,M,0.014726118908959885,0.0,0.027735192917416676,4.092785787059301,True,3,0.02
indicator_revision_only_dfm_kalman_em,exact,2023:Q4:pre_third:exact,2024-03-27,pre_third,2023:Q4,T,S,0.014726118908959885,0.0,0.027735192917416676,4.092785787059301,True,3,0.02
indicator_revision_only_dfm_kalman_em,exact,2023:Q4:pre_third:exact,2024-03-27,pre_third,2023:Q4,T,T,0.14289832492939877,0.0,0.027735192917416676,4.092785787059301,True,3,0.02
joint_indicator_revision_dfm_full_kalman_em,exact,2023:Q4:pre_third:exact,2024-03-27,pre_third,2023:Q4,A,A,0.24533366496460016,3.469446951953614e-18,0.0319821660042413,4.1015136446388984,True,3,0.02
joint_indicator_revision_dfm_full_kalman_em,exact,2023:Q4:pre_third:exact,2024-03-27,pre_third,2023:Q4,A,M,0.0076428778745024125,3.469446951953614e-18,0.0319821660042413,4.1015136446388984,True,3,0.02
joint_indicator_revision_dfm_full_kalman_em,exact,2023:Q4:pre_third:exact,2024-03-27,pre_third,2023:Q4,A,S,0.01024513133042568,3.469446951953614e-18,0.0319821660042413,4.1015136446388984,True,3,0.02
joint_indicator_revision_dfm_full_kalman_em,exact,2023:Q4:pre_third:exact,2024-03-27,pre_third,2023:Q4,A,T,0.00868377925687172,3.469446951953614e-18,0.0319821660042413,4.1015136446388984,True,3,0.02
joint_indicator_revision_dfm_full_kalman_em,exact,2023:Q4:pre_third:exact,2024-03-27,pre_third,2023:Q4,M,A,0.0076428778745024125,3.469446951953614e-18,0.0319821660042413,4.1015136446388984,True,3,0.02
joint_indicator_revision_dfm_full_kalman_em,exact,2023:Q4:pre_third:exact,2024-03-27,pre_third,2023:Q4,M,M,4.101342225364929,3.469446951953614e-18,0.0319821660042413,4.1015136446388984,True,3,0.02
joint_indicator_revision_dfm_full_kalman_em,exact,2023:Q4:pre_third:exact,2024-03-27,pre_third,2023:Q4,M,S,0.01749231767856659,3.469446951953614e-18,0.0319821660042413,4.1015136446388984,True,3,0.02
joint_indicator_revision_dfm_full_kalman_em,exact,2023:Q4:pre_third:exact,2024-03-27,pre_third,2023:Q4,M,T,0.01780335261974756,3.469446951953614e-18,0.0319821660042413,4.1015136446388984,True,3,0.02
joint_indicator_revision_dfm_full_kalman_em,exact,2023:Q4:pre_third:exact,2024-03-27,pre_third,2023:Q4,S,A,0.010245131330425683,3.469446951953614e-18,0.0319821660042413,4.1015136446388984,True,3,0.02
joint_indicator_revision_dfm_full_kalman_em,exact,2023:Q4:pre_third:exact,2024-03-27,pre_third,2023:Q4,S,M,0.01749231767856659,3.469446951953614e-18,0.0319821660042413,4.1015136446388984,True,3,0.02
joint_indicator_revision_dfm_full_kalman_em,exact,2023:Q4:pre_third:exact,2024-03-27,pre_third,2023:Q4,S,S,0.035178037443602664,3.469446951953614e-18,0.0319821660042413,4.1015136446388984,True,3,0.02
joint_indicator_revision_dfm_full_kalman_em,exact,2023:Q4:pre_third:exact,2024-03-27,pre_third,2023:Q4,S,T,0.017347373951603767,3.469446951953614e-18,0.0319821660042413,4.1015136446388984,True,3,0.02
joint_indicator_revision_dfm_full_kalman_em,exact,2023:Q4:pre_third:exact,2024-03-27,pre_third,2023:Q4,T,A,0.00868377925687172,3.469446951953614e-18,0.0319821660042413,4.1015136446388984,True,3,0.02
joint_indicator_revision_dfm_full_kalman_em,exact,2023:Q4:pre_third:exact,2024-03-27,pre_third,2023:Q4,T,M,0.01780335261974756,3.469446951953614e-18,0.0319821660042413,4.1015136446388984,True,3,0.02
joint_indicator_revision_dfm_full_kalman_em,exact,2023:Q4:pre_third:exact,2024-03-27,pre_third,2023:Q4,T,S,0.017347373951603767,3.469446951953614e-18,0.0319821660042413,4.1015136446388984,True,3,0.02
joint_indicator_revision_dfm_full_kalman_em,exact,2023:Q4:pre_third:exact,2024-03-27,pre_third,2023:Q4,T,T,0.14037779780480888,3.469446951953614e-18,0.0319821660042413,4.1015136446388984,True,3,0.02
monthly_mixed_frequency_kalman_em,exact,2023:Q4:pre_third:exact,2024-03-27,pre_third,2023:Q4,A,A,0.30056954757606696,0.0,0.058096884886507896,4.268165151248062,True,3,0.02
monthly_mixed_frequency_kalman_em,exact,2023:Q4:pre_third:exact,2024-03-27,pre_third,2023:Q4,A,M,-0.04007505530065316,0.0,0.058096884886507896,4.268165151248062,True,3,0.02
monthly_mixed_frequency_kalman_em,exact,2023:Q4:pre_third:exact,2024-03-27,pre_third,2023:Q4,A,S,0.029994238065618316,0.0,0.058096884886507896,4.268165151248062,True,3,0.02
monthly_mixed_frequency_kalman_em,exact,2023:Q4:pre_third:exact,2024-03-27,pre_third,2023:Q4,A,T,-0.008225376497802498,0.0,0.058096884886507896,4.268165151248062,True,3,0.02
monthly_mixed_frequency_kalman_em,exact,2023:Q4:pre_third:exact,2024-03-27,pre_third,2023:Q4,M,A,-0.04007505530065316,0.0,0.058096884886507896,4.268165151248062,True,3,0.02
monthly_mixed_frequency_kalman_em,exact,2023:Q4:pre_third:exact,2024-03-27,pre_third,2023:Q4,M,M,4.262694795190651,0.0,0.058096884886507896,4.268165151248062,True,3,0.02
monthly_mixed_frequency_kalman_em,exact,2023:Q4:pre_third:exact,2024-03-27,pre_third,2023:Q4,M,S,0.06195644029990464,0.0,0.058096884886507896,4.268165151248062,True,3,0.02
monthly_mixed_frequency_kalman_em,exact,2023:Q4:pre_third:exact,2024-03-27,pre_third,2023:Q4,M,T,0.12997743736694317,0.0,0.058096884886507896,4.268165151248062,True,3,0.02
monthly_mixed_frequency_kalman_em,exact,2023:Q4:pre_third:exact,2024-03-27,pre_third,2023:Q4,S,A,0.029994238065618316,0.0,0.058096884886507896,4.268165151248062,True,3,0.02
monthly_mixed_frequency_kalman_em,exact,2023:Q4:pre_third:exact,2024-03-27,pre_third,2023:Q4,S,M,0.06195644029990464,0.0,0.058096884886507896,4.268165151248062,True,3,0.02
monthly_mixed_frequency_kalman_em,exact,2023:Q4:pre_third:exact,2024-03-27,pre_third,2023:Q4,S,S,0.09652210419386655,0.0,0.058096884886507896,4.268165151248062,True,3,0.02
monthly_mixed_frequency_kalman_em,exact,2023:Q4:pre_third:exact,2024-03-27,pre_third,2023:Q4,S,T,0.05396588974133305,0.0,0.058096884886507896,4.268165151248062,True,3,0.02
monthly_mixed_frequency_kalman_em,exact,2023:Q4:pre_third:exact,2024-03-27,pre_third,2023:Q4,T,A,-0.008225376497802498,0.0,0.058096884886507896,4.268165151248062,True,3,0.02
monthly_mixed_frequency_kalman_em,exact,2023:Q4:pre_third:exact,2024-03-27,pre_third,2023:Q4,T,M,0.12997743736694317,0.0,0.058096884886507896,4.268165151248062,True,3,0.02
monthly_mixed_frequency_kalman_em,exact,2023:Q4:pre_third:exact,2024-03-27,pre_third,2023:Q4,T,S,0.05396588974133305,0.0,0.058096884886507896,4.268165151248062,True,3,0.02
monthly_mixed_frequency_kalman_em,exact,2023:Q4:pre_third:exact,2024-03-27,pre_third,2023:Q4,T,T,0.14558759951287534,0.0,0.058096884886507896,4.268165151248062,True,3,0.02
revision_dfm_kalman_em,exact,2023:Q4:pre_third:exact,2024-03-27,pre_third,2023:Q4,A,A,0.2244093276246538,0.0,0.04616489453466416,4.09097822612531,True,3,0.02
revision_dfm_kalman_em,exact,2023:Q4:pre_third:exact,2024-03-27,pre_third,2023:Q4,A,M,0.007358207514942838,0.0,0.04616489453466416,4.09097822612531,True,3,0.02
revision_dfm_kalman_em,exact,2023:Q4:pre_third:exact,2024-03-27,pre_third,2023:Q4,A,S,0.010960400615008538,0.0,0.04616489453466416,4.09097822612531,True,3,0.02
revision_dfm_kalman_em,exact,2023:Q4:pre_third:exact,2024-03-27,pre_third,2023:Q4,A,T,0.008799084754969117,0.0,0.04616489453466416,4.09097822612531,True,3,0.02
revision_dfm_kalman_em,exact,2023:Q4:pre_third:exact,2024-03-27,pre_third,2023:Q4,M,A,0.007358207514942838,0.0,0.04616489453466416,4.09097822612531,True,3,0.02
revision_dfm_kalman_em,exact,2023:Q4:pre_third:exact,2024-03-27,pre_third,2023:Q4,M,M,4.090593898216322,0.0,0.04616489453466416,4.09097822612531,True,3,0.02
revision_dfm_kalman_em,exact,2023:Q4:pre_third:exact,2024-03-27,pre_third,2023:Q4,M,S,0.026769637975653068,0.0,0.04616489453466416,4.09097822612531,True,3,0.02
revision_dfm_kalman_em,exact,2023:Q4:pre_third:exact,2024-03-27,pre_third,2023:Q4,M,T,0.0273826305165176,0.0,0.04616489453466416,4.09097822612531,True,3,0.02
revision_dfm_kalman_em,exact,2023:Q4:pre_third:exact,2024-03-27,pre_third,2023:Q4,S,A,0.010960400615008538,0.0,0.04616489453466416,4.09097822612531,True,3,0.02
revision_dfm_kalman_em,exact,2023:Q4:pre_third:exact,2024-03-27,pre_third,2023:Q4,S,M,0.026769637975653068,0.0,0.04616489453466416,4.09097822612531,True,3,0.02
revision_dfm_kalman_em,exact,2023:Q4:pre_third:exact,2024-03-27,pre_third,2023:Q4,S,S,0.05400825873073265,0.0,0.04616489453466416,4.09097822612531,True,3,0.02
revision_dfm_kalman_em,exact,2023:Q4:pre_third:exact,2024-03-27,pre_third,2023:Q4,S,T,0.026453453228440175,0.0,0.04616489453466416,4.09097822612531,True,3,0.02
revision_dfm_kalman_em,exact,2023:Q4:pre_third:exact,2024-03-27,pre_third,2023:Q4,T,A,0.008799084754969117,0.0,0.04616489453466416,4.09097822612531,True,3,0.02
revision_dfm_kalman_em,exact,2023:Q4:pre_third:exact,2024-03-27,pre_third,2023:Q4,T,M,0.0273826305165176,0.0,0.04616489453466416,4.09097822612531,True,3,0.02
revision_dfm_kalman_em,exact,2023:Q4:pre_third:exact,2024-03-27,pre_third,2023:Q4,T,S,0.026453453228440175,0.0,0.04616489453466416,4.09097822612531,True,3,0.02
revision_dfm_kalman_em,exact,2023:Q4:pre_third:exact,2024-03-27,pre_third,2023:Q4,T,T,0.14142929343675953,0.0,0.04616489453466416,4.09097822612531,True,3,0.02
indicator_revision_only_dfm_kalman_em,pseudo,2023:Q4:pre_third:pseudo,2024-03-31,pre_third,2023:Q4,A,A,0.4053805368934061,0.0,0.027735166970254847,4.0927857602507665,True,3,0.02
indicator_revision_only_dfm_kalman_em,pseudo,2023:Q4:pre_third:pseudo,2024-03-31,pre_third,2023:Q4,A,M,0.014726103755049095,0.0,0.027735166970254847,4.0927857602507665,True,3,0.02
indicator_revision_only_dfm_kalman_em,pseudo,2023:Q4:pre_third:pseudo,2024-03-31,pre_third,2023:Q4,A,S,0.014726103755049095,0.0,0.027735166970254847,4.0927857602507665,True,3,0.02
indicator_revision_only_dfm_kalman_em,pseudo,2023:Q4:pre_third:pseudo,2024-03-31,pre_third,2023:Q4,A,T,0.014726103755049095,0.0,0.027735166970254847,4.0927857602507665,True,3,0.02
indicator_revision_only_dfm_kalman_em,pseudo,2023:Q4:pre_third:pseudo,2024-03-31,pre_third,2023:Q4,M,A,0.014726103755049095,0.0,0.027735166970254847,4.0927857602507665,True,3,0.02
indicator_revision_only_dfm_kalman_em,pseudo,2023:Q4:pre_third:pseudo,2024-03-31,pre_third,2023:Q4,M,M,4.09261739694534,0.0,0.027735166970254847,4.0927857602507665,True,3,0.02
indicator_revision_only_dfm_kalman_em,pseudo,2023:Q4:pre_third:pseudo,2024-03-31,pre_third,2023:Q4,M,S,0.014726103755049095,0.0,0.027735166970254847,4.0927857602507665,True,3,0.02
indicator_revision_only_dfm_kalman_em,pseudo,2023:Q4:pre_third:pseudo,2024-03-31,pre_third,2023:Q4,M,T,0.014726103755049095,0.0,0.027735166970254847,4.0927857602507665,True,3,0.02
indicator_revision_only_dfm_kalman_em,pseudo,2023:Q4:pre_third:pseudo,2024-03-31,pre_third,2023:Q4,S,A,0.014726103755049095,0.0,0.027735166970254847,4.0927857602507665,True,3,0.02
indicator_revision_only_dfm_kalman_em,pseudo,2023:Q4:pre_third:pseudo,2024-03-31,pre_third,2023:Q4,S,M,0.014726103755049095,0.0,0.027735166970254847,4.0927857602507665,True,3,0.02
indicator_revision_only_dfm_kalman_em,pseudo,2023:Q4:pre_third:pseudo,2024-03-31,pre_third,2023:Q4,S,S,0.030095049503884606,0.0,0.027735166970254847,4.0927857602507665,True,3,0.02
indicator_revision_only_dfm_kalman_em,pseudo,2023:Q4:pre_third:pseudo,2024-03-31,pre_third,2023:Q4,S,T,0.014726103755049095,0.0,0.027735166970254847,4.0927857602507665,True,3,0.02
indicator_revision_only_dfm_kalman_em,pseudo,2023:Q4:pre_third:pseudo,2024-03-31,pre_third,2023:Q4,T,A,0.014726103755049095,0.0,0.027735166970254847,4.0927857602507665,True,3,0.02
indicator_revision_only_dfm_kalman_em,pseudo,2023:Q4:pre_third:pseudo,2024-03-31,pre_third,2023:Q4,T,M,0.014726103755049095,0.0,0.027735166970254847,4.0927857602507665,True,3,0.02
indicator_revision_only_dfm_kalman_em,pseudo,2023:Q4:pre_third:pseudo,2024-03-31,pre_third,2023:Q4,T,S,0.014726103755049095,0.0,0.027735166970254847,4.0927857602507665,True,3,0.02
indicator_revision_only_dfm_kalman_em,pseudo,2023:Q4:pre_third:pseudo,2024-03-31,pre_third,2023:Q4,T,T,0.1428983327220975,0.0,0.027735166970254847,4.0927857602507665,True,3,0.02
joint_indicator_revision_dfm_full_kalman_em,pseudo,2023:Q4:pre_third:pseudo,2024-03-31,pre_third,2023:Q4,A,A,0.24533139767034207,1.734723475976807e-18,0.03198210978404894,4.101513976888168,True,3,0.02
joint_indicator_revision_dfm_full_kalman_em,pseudo,2023:Q4:pre_third:pseudo,2024-03-31,pre_third,2023:Q4,A,M,0.00764277345626965,1.734723475976807e-18,0.03198210978404894,4.101513976888168,True,3,0.02
joint_indicator_revision_dfm_full_kalman_em,pseudo,2023:Q4:pre_third:pseudo,2024-03-31,pre_third,2023:Q4,A,S,0.010245017541244517,1.734723475976807e-18,0.03198210978404894,4.101513976888168,True,3,0.02
joint_indicator_revision_dfm_full_kalman_em,pseudo,2023:Q4:pre_third:pseudo,2024-03-31,pre_third,2023:Q4,A,T,0.008683671090259597,1.734723475976807e-18,0.03198210978404894,4.101513976888168,True,3,0.02
joint_indicator_revision_dfm_full_kalman_em,pseudo,2023:Q4:pre_third:pseudo,2024-03-31,pre_third,2023:Q4,M,A,0.00764277345626965,1.734723475976807e-18,0.03198210978404894,4.101513976888168,True,3,0.02
joint_indicator_revision_dfm_full_kalman_em,pseudo,2023:Q4:pre_third:pseudo,2024-03-31,pre_third,2023:Q4,M,M,4.101342558537924,1.734723475976807e-18,0.03198210978404894,4.101513976888168,True,3,0.02
joint_indicator_revision_dfm_full_kalman_em,pseudo,2023:Q4:pre_third:pseudo,2024-03-31,pre_third,2023:Q4,M,S,0.017492289607593026,1.734723475976807e-18,0.03198210978404894,4.101513976888168,True,3,0.02
joint_indicator_revision_dfm_full_kalman_em,pseudo,2023:Q4:pre_third:pseudo,2024-03-31,pre_third,2023:Q4,M,T,0.01780332695974008,1.734723475976807e-18,0.03198210978404894,4.101513976888168,True,3,0.02
joint_indicator_revision_dfm_full_kalman_em,pseudo,2023:Q4:pre_third:pseudo,2024-03-31,pre_third,2023:Q4,S,A,0.010245017541244518,1.734723475976807e-18,0.03198210978404894,4.101513976888168,True,3,0.02
joint_indicator_revision_dfm_full_kalman_em,pseudo,2023:Q4:pre_third:pseudo,2024-03-31,pre_third,2023:Q4,S,M,0.017492289607593026,1.734723475976807e-18,0.03198210978404894,4.101513976888168,True,3,0.02
joint_indicator_revision_dfm_full_kalman_em,pseudo,2023:Q4:pre_third:pseudo,2024-03-31,pre_third,2023:Q4,S,S,0.03517796702907543,1.734723475976807e-18,0.03198210978404894,4.101513976888168,True,3,0.02
joint_indicator_revision_dfm_full_kalman_em,pseudo,2023:Q4:pre_third:pseudo,2024-03-31,pre_third,2023:Q4,S,T,0.017347344166266057,1.734723475976807e-18,0.03198210978404894,4.101513976888168,True,3,0.02
joint_indicator_revision_dfm_full_kalman_em,pseudo,2023:Q4:pre_third:pseudo,2024-03-31,pre_third,2023:Q4,T,A,0.008683671090259597,1.734723475976807e-18,0.03198210978404894,4.101513976888168,True,3,0.02
joint_indicator_revision_dfm_full_kalman_em,pseudo,2023:Q4:pre_third:pseudo,2024-03-31,pre_third,2023:Q4,T,M,0.01780332695974008,1.734723475976807e-18,0.03198210978404894,4.101513976888168,True,3,0.02
joint_indicator_revision_dfm_full_kalman_em,pseudo,2023:Q4:pre_third:pseudo,2024-03-31,pre_third,2023:Q4,T,S,0.017347344166266057,1.734723475976807e-18,0.03198210978404894,4.101513976888168,True,3,0.02
joint_indicator_revision_dfm_full_kalman_em,pseudo,2023:Q4:pre_third:pseudo,2024-03-31,pre_third,2023:Q4,T,T,0.14037776267178975,1.734723475976807e-18,0.03198210978404894,4.101513976888168,True,3,0.02
monthly_mixed_frequency_kalman_em,pseudo,2023:Q4:pre_third:pseudo,2024-03-31,pre_third,2023:Q4,A,A,0.3005700658152404,0.0,0.058096877393519104,4.26816499110573,True,3,0.02
monthly_mixed_frequency_kalman_em,pseudo,2023:Q4:pre_third:pseudo,2024-03-31,pre_third,2023:Q4,A,M,-0.04007487867455824,0.0,0.058096877393519104,4.26816499110573,True,3,0.02
monthly_mixed_frequency_kalman_em,pseudo,2023:Q4:pre_third:pseudo,2024-03-31,pre_third,2023:Q4,A,S,0.029994328421565266,0.0,0.058096877393519104,4.26816499110573,True,3,0.02
monthly_mixed_frequency_kalman_em,pseudo,2023:Q4:pre_third:pseudo,2024-03-31,pre_third,2023:Q4,A,T,-0.008225239085411186,0.0,0.058096877393519104,4.26816499110573,True,3,0.02
monthly_mixed_frequency_kalman_em,pseudo,2023:Q4:pre_third:pseudo,2024-03-31,pre_third,2023:Q4,M,A,-0.04007487867455824,0.0,0.058096877393519104,4.26816499110573,True,3,0.02
monthly_mixed_frequency_kalman_em,pseudo,2023:Q4:pre_third:pseudo,2024-03-31,pre_third,2023:Q4,M,M,4.262694653039471,0.0,0.058096877393519104,4.26816499110573,True,3,0.02
monthly_mixed_frequency_kalman_em,pseudo,2023:Q4:pre_third:pseudo,2024-03-31,pre_third,2023:Q4,M,S,0.06195639005153736,0.0,0.058096877393519104,4.26816499110573,True,3,0.02
monthly_mixed_frequency_kalman_em,pseudo,2023:Q4:pre_third:pseudo,2024-03-31,pre_third,2023:Q4,M,T,0.12997723586893445,0.0,0.058096877393519104,4.26816499110573,True,3,0.02
monthly_mixed_frequency_kalman_em,pseudo,2023:Q4:pre_third:pseudo,2024-03-31,pre_third,2023:Q4,S,A,0.029994328421565266,0.0,0.058096877393519104,4.26816499110573,True,3,0.02
monthly_mixed_frequency_kalman_em,pseudo,2023:Q4:pre_third:pseudo,2024-03-31,pre_third,2023:Q4,S,M,0.06195639005153736,0.0,0.058096877393519104,4.26816499110573,True,3,0.02
monthly_mixed_frequency_kalman_em,pseudo,2023:Q4:pre_third:pseudo,2024-03-31,pre_third,2023:Q4,S,S,0.09652217339544915,0.0,0.058096877393519104,4.26816499110573,True,3,0.02
monthly_mixed_frequency_kalman_em,pseudo,2023:Q4:pre_third:pseudo,2024-03-31,pre_third,2023:Q4,S,T,0.053965874644044336,0.0,0.058096877393519104,4.26816499110573,True,3,0.02
monthly_mixed_frequency_kalman_em,pseudo,2023:Q4:pre_third:pseudo,2024-03-31,pre_third,2023:Q4,T,A,-0.008225239085411186,0.0,0.058096877393519104,4.26816499110573,True,3,0.02
monthly_mixed_frequency_kalman_em,pseudo,2023:Q4:pre_third:pseudo,2024-03-31,pre_third,2023:Q4,T,M,0.12997723586893445,0.0,0.058096877393519104,4.26816499110573,True,3,0.02
monthly_mixed_frequency_kalman_em,pseudo,2023:Q4:pre_third:pseudo,2024-03-31,pre_third,2023:Q4,T,S,0.053965874644044336,0.0,0.058096877393519104,4.26816499110573,True,3,0.02
monthly_mixed_frequency_kalman_em,pseudo,2023:Q4:pre_third:pseudo,2024-03-31,pre_third,2023:Q4,T,T,0.14558732872815344,0.0,0.058096877393519104,4.26816499110573,True,3,0.02
revision_dfm_kalman_em,pseudo,2023:Q4:pre_third:pseudo,2024-03-31,pre_third,2023:Q4,A,A,0.22440950150035346,1.734723475976807e-18,0.04616490334781228,4.090978185849577,True,3,0.02
revision_dfm_kalman_em,pseudo,2023:Q4:pre_third:pseudo,2024-03-31,pre_third,2023:Q4,A,M,0.007358213193081107,1.734723475976807e-18,0.04616490334781228,4.090978185849577,True,3,0.02
revision_dfm_kalman_em,pseudo,2023:Q4:pre_third:pseudo,2024-03-31,pre_third,2023:Q4,A,S,0.01096041152829511,1.734723475976807e-18,0.04616490334781228,4.090978185849577,True,3,0.02
revision_dfm_kalman_em,pseudo,2023:Q4:pre_third:pseudo,2024-03-31,pre_third,2023:Q4,A,T,0.00879909252716671,1.734723475976807e-18,0.04616490334781228,4.090978185849577,True,3,0.02
revision_dfm_kalman_em,pseudo,2023:Q4:pre_third:pseudo,2024-03-31,pre_third,2023:Q4,M,A,0.007358213193081107,1.734723475976807e-18,0.04616490334781228,4.090978185849577,True,3,0.02
revision_dfm_kalman_em,pseudo,2023:Q4:pre_third:pseudo,2024-03-31,pre_third,2023:Q4,M,M,4.090593857766403,1.734723475976807e-18,0.04616490334781228,4.090978185849577,True,3,0.02
revision_dfm_kalman_em,pseudo,2023:Q4:pre_third:pseudo,2024-03-31,pre_third,2023:Q4,M,S,0.02676964333381492,1.734723475976807e-18,0.04616490334781228,4.090978185849577,True,3,0.02
revision_dfm_kalman_em,pseudo,2023:Q4:pre_third:pseudo,2024-03-31,pre_third,2023:Q4,M,T,0.027382635864574935,1.734723475976807e-18,0.04616490334781228,4.090978185849577,True,3,0.02
revision_dfm_kalman_em,pseudo,2023:Q4:pre_third:pseudo,2024-03-31,pre_third,2023:Q4,S,A,0.010960411528295112,1.734723475976807e-18,0.04616490334781228,4.090978185849577,True,3,0.02
revision_dfm_kalman_em,pseudo,2023:Q4:pre_third:pseudo,2024-03-31,pre_third,2023:Q4,S,M,0.02676964333381492,1.734723475976807e-18,0.04616490334781228,4.090978185849577,True,3,0.02
revision_dfm_kalman_em,pseudo,2023:Q4:pre_third:pseudo,2024-03-31,pre_third,2023:Q4,S,S,0.0540082720891418,1.734723475976807e-18,0.04616490334781228,4.090978185849577,True,3,0.02
revision_dfm_kalman_em,pseudo,2023:Q4:pre_third:pseudo,2024-03-31,pre_third,2023:Q4,S,T,0.026453458697704522,1.734723475976807e-18,0.04616490334781228,4.090978185849577,True,3,0.02
revision_dfm_kalman_em,pseudo,2023:Q4:pre_third:pseudo,2024-03-31,pre_third,2023:Q4,T,A,0.00879909252716671,1.734723475976807e-18,0.04616490334781228,4.090978185849577,True,3,0.02
revision_dfm_kalman_em,pseudo,2023:Q4:pre_third:pseudo,2024-03-31,pre_third,2023:Q4,T,M,0.027382635864574935,1.734723475976807e-18,0.04616490334781228,4.090978185849577,True,3,0.02
revision_dfm_kalman_em,pseudo,2023:Q4:pre_third:pseudo,2024-03-31,pre_third,2023:Q4,T,S,0.026453458697704522,1.734723475976807e-18,0.04616490334781228,4.090978185849577,True,3,0.02
revision_dfm_kalman_em,pseudo,2023:Q4:pre_third:pseudo,2024-03-31,pre_third,2023:Q4,T,T,0.1414292877580067,1.734723475976807e-18,0.04616490334781228,4.090978185849577,True,3,0.02
indicator_revision_only_dfm_kalman_em,exact,2024:Q1:pre_advance:exact,2024-04-24,pre_advance,2024:Q1,A,A,3.2884462481461467,0.0,0.0662883696700028,13.026591268730698,True,3,0.02
indicator_revision_only_dfm_kalman_em,exact,2024:Q1:pre_advance:exact,2024-04-24,pre_advance,2024:Q1,A,M,2.898355949099822,0.0,0.0662883696700028,13.026591268730698,True,3,0.02
indicator_revision_only_dfm_kalman_em,exact,2024:Q1:pre_advance:exact,2024-04-24,pre_advance,2024:Q1,A,S,2.898355949099822,0.0,0.0662883696700028,13.026591268730698,True,3,0.02
indicator_revision_only_dfm_kalman_em,exact,2024:Q1:pre_advance:exact,2024-04-24,pre_advance,2024:Q1,A,T,2.898355949099822,0.0,0.0662883696700028,13.026591268730698,True,3,0.02
indicator_revision_only_dfm_kalman_em,exact,2024:Q1:pre_advance:exact,2024-04-24,pre_advance,2024:Q1,M,A,2.898355949099822,0.0,0.0662883696700028,13.026591268730698,True,3,0.02
indicator_revision_only_dfm_kalman_em,exact,2024:Q1:pre_advance:exact,2024-04-24,pre_advance,2024:Q1,M,M,6.956531516660836,0.0,0.0662883696700028,13.026591268730698,True,3,0.02
indicator_revision_only_dfm_kalman_em,exact,2024:Q1:pre_advance:exact,2024-04-24,pre_advance,2024:Q1,M,S,2.898355949099822,0.0,0.0662883696700028,13.026591268730698,True,3,0.02
indicator_revision_only_dfm_kalman_em,exact,2024:Q1:pre_advance:exact,2024-04-24,pre_advance,2024:Q1,M,T,2.898355949099822,0.0,0.0662883696700028,13.026591268730698,True,3,0.02
indicator_revision_only_dfm_kalman_em,exact,2024:Q1:pre_advance:exact,2024-04-24,pre_advance,2024:Q1,S,A,2.898355949099822,0.0,0.0662883696700028,13.026591268730698,True,3,0.02
indicator_revision_only_dfm_kalman_em,exact,2024:Q1:pre_advance:exact,2024-04-24,pre_advance,2024:Q1,S,M,2.898355949099822,0.0,0.0662883696700028,13.026591268730698,True,3,0.02
indicator_revision_only_dfm_kalman_em,exact,2024:Q1:pre_advance:exact,2024-04-24,pre_advance,2024:Q1,S,S,2.915462496480401,0.0,0.0662883696700028,13.026591268730698,True,3,0.02
indicator_revision_only_dfm_kalman_em,exact,2024:Q1:pre_advance:exact,2024-04-24,pre_advance,2024:Q1,S,T,2.898355949099822,0.0,0.0662883696700028,13.026591268730698,True,3,0.02
indicator_revision_only_dfm_kalman_em,exact,2024:Q1:pre_advance:exact,2024-04-24,pre_advance,2024:Q1,T,A,2.898355949099822,0.0,0.0662883696700028,13.026591268730698,True,3,0.02
indicator_revision_only_dfm_kalman_em,exact,2024:Q1:pre_advance:exact,2024-04-24,pre_advance,2024:Q1,T,M,2.898355949099822,0.0,0.0662883696700028,13.026591268730698,True,3,0.02
indicator_revision_only_dfm_kalman_em,exact,2024:Q1:pre_advance:exact,2024-04-24,pre_advance,2024:Q1,T,S,2.898355949099822,0.0,0.0662883696700028,13.026591268730698,True,3,0.02
indicator_revision_only_dfm_kalman_em,exact,2024:Q1:pre_advance:exact,2024-04-24,pre_advance,2024:Q1,T,T,3.024708431799442,0.0,0.0662883696700028,13.026591268730698,True,3,0.02
joint_indicator_revision_dfm_full_kalman_em,exact,2024:Q1:pre_advance:exact,2024-04-24,pre_advance,2024:Q1,A,A,2.520004972699293,8.881784197001252e-16,0.06422211670360622,13.117413911882675,True,3,0.02
joint_indicator_revision_dfm_full_kalman_em,exact,2024:Q1:pre_advance:exact,2024-04-24,pre_advance,2024:Q1,A,M,2.653842987089205,8.881784197001252e-16,0.06422211670360622,13.117413911882675,True,3,0.02
joint_indicator_revision_dfm_full_kalman_em,exact,2024:Q1:pre_advance:exact,2024-04-24,pre_advance,2024:Q1,A,S,2.639697358014376,8.881784197001252e-16,0.06422211670360622,13.117413911882675,True,3,0.02
joint_indicator_revision_dfm_full_kalman_em,exact,2024:Q1:pre_advance:exact,2024-04-24,pre_advance,2024:Q1,A,T,2.648184735459273,8.881784197001252e-16,0.06422211670360622,13.117413911882675,True,3,0.02
joint_indicator_revision_dfm_full_kalman_em,exact,2024:Q1:pre_advance:exact,2024-04-24,pre_advance,2024:Q1,M,A,2.653842987089205,8.881784197001252e-16,0.06422211670360622,13.117413911882675,True,3,0.02
joint_indicator_revision_dfm_full_kalman_em,exact,2024:Q1:pre_advance:exact,2024-04-24,pre_advance,2024:Q1,M,M,7.2121875525177,8.881784197001252e-16,0.06422211670360622,13.117413911882675,True,3,0.02
joint_indicator_revision_dfm_full_kalman_em,exact,2024:Q1:pre_advance:exact,2024-04-24,pre_advance,2024:Q1,M,S,3.1253779653242515,8.881784197001252e-16,0.06422211670360622,13.117413911882675,True,3,0.02
joint_indicator_revision_dfm_full_kalman_em,exact,2024:Q1:pre_advance:exact,2024-04-24,pre_advance,2024:Q1,M,T,3.1402685435843054,8.881784197001252e-16,0.06422211670360622,13.117413911882675,True,3,0.02
joint_indicator_revision_dfm_full_kalman_em,exact,2024:Q1:pre_advance:exact,2024-04-24,pre_advance,2024:Q1,S,A,2.6396973580143763,8.881784197001252e-16,0.06422211670360622,13.117413911882675,True,3,0.02
joint_indicator_revision_dfm_full_kalman_em,exact,2024:Q1:pre_advance:exact,2024-04-24,pre_advance,2024:Q1,S,M,3.1253779653242515,8.881784197001252e-16,0.06422211670360622,13.117413911882675,True,3,0.02
joint_indicator_revision_dfm_full_kalman_em,exact,2024:Q1:pre_advance:exact,2024-04-24,pre_advance,2024:Q1,S,S,3.12109230978273,8.881784197001252e-16,0.06422211670360622,13.117413911882675,True,3,0.02
joint_indicator_revision_dfm_full_kalman_em,exact,2024:Q1:pre_advance:exact,2024-04-24,pre_advance,2024:Q1,S,T,3.115664353178054,8.881784197001252e-16,0.06422211670360622,13.117413911882675,True,3,0.02
joint_indicator_revision_dfm_full_kalman_em,exact,2024:Q1:pre_advance:exact,2024-04-24,pre_advance,2024:Q1,T,A,2.648184735459274,8.881784197001252e-16,0.06422211670360622,13.117413911882675,True,3,0.02
joint_indicator_revision_dfm_full_kalman_em,exact,2024:Q1:pre_advance:exact,2024-04-24,pre_advance,2024:Q1,T,M,3.1402685435843054,8.881784197001252e-16,0.06422211670360622,13.117413911882675,True,3,0.02
joint_indicator_revision_dfm_full_kalman_em,exact,2024:Q1:pre_advance:exact,2024-04-24,pre_advance,2024:Q1,T,S,3.115664353178054,8.881784197001252e-16,0.06422211670360622,13.117413911882675,True,3,0.02
joint_indicator_revision_dfm_full_kalman_em,exact,2024:Q1:pre_advance:exact,2024-04-24,pre_advance,2024:Q1,T,T,3.250747098322186,8.881784197001252e-16,0.06422211670360622,13.117413911882675,True,3,0.02
monthly_mixed_frequency_kalman_em,exact,2024:Q1:pre_advance:exact,2024-04-24,pre_advance,2024:Q1,A,A,4.386101357625438,0.0,0.060821278412107674,18.151141583822575,True,3,0.02
monthly_mixed_frequency_kalman_em,exact,2024:Q1:pre_advance:exact,2024-04-24,pre_advance,2024:Q1,A,M,4.067550571409951,0.0,0.060821278412107674,18.151141583822575,True,3,0.02
monthly_mixed_frequency_kalman_em,exact,2024:Q1:pre_advance:exact,2024-04-24,pre_advance,2024:Q1,A,S,4.124322949174544,0.0,0.060821278412107674,18.151141583822575,True,3,0.02
monthly_mixed_frequency_kalman_em,exact,2024:Q1:pre_advance:exact,2024-04-24,pre_advance,2024:Q1,A,T,4.0933561976665835,0.0,0.060821278412107674,18.151141583822575,True,3,0.02
monthly_mixed_frequency_kalman_em,exact,2024:Q1:pre_advance:exact,2024-04-24,pre_advance,2024:Q1,M,A,4.067550571409951,0.0,0.060821278412107674,18.151141583822575,True,3,0.02
monthly_mixed_frequency_kalman_em,exact,2024:Q1:pre_advance:exact,2024-04-24,pre_advance,2024:Q1,M,M,8.5128234304194,0.0,0.060821278412107674,18.151141583822575,True,3,0.02
monthly_mixed_frequency_kalman_em,exact,2024:Q1:pre_advance:exact,2024-04-24,pre_advance,2024:Q1,M,S,4.240208777822881,0.0,0.060821278412107674,18.151141583822575,True,3,0.02
monthly_mixed_frequency_kalman_em,exact,2024:Q1:pre_advance:exact,2024-04-24,pre_advance,2024:Q1,M,T,4.3553142487648335,0.0,0.060821278412107674,18.151141583822575,True,3,0.02
monthly_mixed_frequency_kalman_em,exact,2024:Q1:pre_advance:exact,2024-04-24,pre_advance,2024:Q1,S,A,4.124322949174544,0.0,0.060821278412107674,18.151141583822575,True,3,0.02
monthly_mixed_frequency_kalman_em,exact,2024:Q1:pre_advance:exact,2024-04-24,pre_advance,2024:Q1,S,M,4.240208777822881,0.0,0.060821278412107674,18.151141583822575,True,3,0.02
monthly_mixed_frequency_kalman_em,exact,2024:Q1:pre_advance:exact,2024-04-24,pre_advance,2024:Q1,S,S,4.228226841858069,0.0,0.060821278412107674,18.151141583822575,True,3,0.02
monthly_mixed_frequency_kalman_em,exact,2024:Q1:pre_advance:exact,2024-04-24,pre_advance,2024:Q1,S,T,4.211237320660796,0.0,0.060821278412107674,18.151141583822575,True,3,0.02
monthly_mixed_frequency_kalman_em,exact,2024:Q1:pre_advance:exact,2024-04-24,pre_advance,2024:Q1,T,A,4.0933561976665835,0.0,0.060821278412107674,18.151141583822575,True,3,0.02
monthly_mixed_frequency_kalman_em,exact,2024:Q1:pre_advance:exact,2024-04-24,pre_advance,2024:Q1,T,M,4.3553142487648335,0.0,0.060821278412107674,18.151141583822575,True,3,0.02
monthly_mixed_frequency_kalman_em,exact,2024:Q1:pre_advance:exact,2024-04-24,pre_advance,2024:Q1,T,S,4.211237320660796,0.0,0.060821278412107674,18.151141583822575,True,3,0.02
monthly_mixed_frequency_kalman_em,exact,2024:Q1:pre_advance:exact,2024-04-24,pre_advance,2024:Q1,T,T,4.339280753270125,0.0,0.060821278412107674,18.151141583822575,True,3,0.02
revision_dfm_kalman_em,exact,2024:Q1:pre_advance:exact,2024-04-24,pre_advance,2024:Q1,A,A,3.009314423190848,0.0,0.06664135379978946,14.930823046665836,True,3,0.02
revision_dfm_kalman_em,exact,2024:Q1:pre_advance:exact,2024-04-24,pre_advance,2024:Q1,A,M,3.1238864915191122,0.0,0.06664135379978946,14.930823046665836,True,3,0.02
revision_dfm_kalman_em,exact,2024:Q1:pre_advance:exact,2024-04-24,pre_advance,2024:Q1,A,S,3.11092479951738,0.0,0.06664135379978946,14.930823046665836,True,3,0.02
revision_dfm_kalman_em,exact,2024:Q1:pre_advance:exact,2024-04-24,pre_advance,2024:Q1,A,T,3.1187018147184196,0.0,0.06664135379978946,14.930823046665836,True,3,0.02
revision_dfm_kalman_em,exact,2024:Q1:pre_advance:exact,2024-04-24,pre_advance,2024:Q1,M,A,3.1238864915191122,0.0,0.06664135379978946,14.930823046665836,True,3,0.02
revision_dfm_kalman_em,exact,2024:Q1:pre_advance:exact,2024-04-24,pre_advance,2024:Q1,M,M,7.667282099822249,0.0,0.06664135379978946,14.930823046665836,True,3,0.02
revision_dfm_kalman_em,exact,2024:Q1:pre_advance:exact,2024-04-24,pre_advance,2024:Q1,M,S,3.595487662894187,0.0,0.06664135379978946,14.930823046665836,True,3,0.02
revision_dfm_kalman_em,exact,2024:Q1:pre_advance:exact,2024-04-24,pre_advance,2024:Q1,M,T,3.6103803314639262,0.0,0.06664135379978946,14.930823046665836,True,3,0.02
revision_dfm_kalman_em,exact,2024:Q1:pre_advance:exact,2024-04-24,pre_advance,2024:Q1,S,A,3.11092479951738,0.0,0.06664135379978946,14.930823046665836,True,3,0.02
revision_dfm_kalman_em,exact,2024:Q1:pre_advance:exact,2024-04-24,pre_advance,2024:Q1,S,M,3.595487662894187,0.0,0.06664135379978946,14.930823046665836,True,3,0.02
revision_dfm_kalman_em,exact,2024:Q1:pre_advance:exact,2024-04-24,pre_advance,2024:Q1,S,S,3.599273764041361,0.0,0.06664135379978946,14.930823046665836,True,3,0.02
revision_dfm_kalman_em,exact,2024:Q1:pre_advance:exact,2024-04-24,pre_advance,2024:Q1,S,T,3.5857964056266507,0.0,0.06664135379978946,14.930823046665836,True,3,0.02
revision_dfm_kalman_em,exact,2024:Q1:pre_advance:exact,2024-04-24,pre_advance,2024:Q1,T,A,3.1187018147184196,0.0,0.06664135379978946,14.930823046665836,True,3,0.02
revision_dfm_kalman_em,exact,2024:Q1:pre_advance:exact,2024-04-24,pre_advance,2024:Q1,T,M,3.6103803314639262,0.0,0.06664135379978946,14.930823046665836,True,3,0.02
revision_dfm_kalman_em,exact,2024:Q1:pre_advance:exact,2024-04-24,pre_advance,2024:Q1,T,S,3.5857964056266507,0.0,0.06664135379978946,14.930823046665836,True,3,0.02
revision_dfm_kalman_em,exact,2024:Q1:pre_advance:exact,2024-04-24,pre_advance,2024:Q1,T,T,3.7144763126028644,0.0,0.06664135379978946,14.930823046665836,True,3,0.02
indicator_revision_only_dfm_kalman_em,pseudo,2024:Q1:pre_advance:pseudo,2024-04-30,pre_advance,2024:Q1,A,A,3.2878886508607237,0.0,0.06628820645093636,13.02442185118929,True,3,0.02
indicator_revision_only_dfm_kalman_em,pseudo,2024:Q1:pre_advance:pseudo,2024-04-30,pre_advance,2024:Q1,A,M,2.8977980756042228,0.0,0.06628820645093636,13.02442185118929,True,3,0.02
indicator_revision_only_dfm_kalman_em,pseudo,2024:Q1:pre_advance:pseudo,2024-04-30,pre_advance,2024:Q1,A,S,2.8977980756042228,0.0,0.06628820645093636,13.02442185118929,True,3,0.02
indicator_revision_only_dfm_kalman_em,pseudo,2024:Q1:pre_advance:pseudo,2024-04-30,pre_advance,2024:Q1,A,T,2.8977980756042228,0.0,0.06628820645093636,13.02442185118929,True,3,0.02
indicator_revision_only_dfm_kalman_em,pseudo,2024:Q1:pre_advance:pseudo,2024-04-30,pre_advance,2024:Q1,M,A,2.8977980756042228,0.0,0.06628820645093636,13.02442185118929,True,3,0.02
indicator_revision_only_dfm_kalman_em,pseudo,2024:Q1:pre_advance:pseudo,2024-04-30,pre_advance,2024:Q1,M,M,6.9559733156845525,0.0,0.06628820645093636,13.02442185118929,True,3,0.02
indicator_revision_only_dfm_kalman_em,pseudo,2024:Q1:pre_advance:pseudo,2024-04-30,pre_advance,2024:Q1,M,S,2.8977980756042228,0.0,0.06628820645093636,13.02442185118929,True,3,0.02
indicator_revision_only_dfm_kalman_em,pseudo,2024:Q1:pre_advance:pseudo,2024-04-30,pre_advance,2024:Q1,M,T,2.8977980756042228,0.0,0.06628820645093636,13.02442185118929,True,3,0.02
indicator_revision_only_dfm_kalman_em,pseudo,2024:Q1:pre_advance:pseudo,2024-04-30,pre_advance,2024:Q1,S,A,2.8977980756042228,0.0,0.06628820645093636,13.02442185118929,True,3,0.02
indicator_revision_only_dfm_kalman_em,pseudo,2024:Q1:pre_advance:pseudo,2024-04-30,pre_advance,2024:Q1,S,M,2.8977980756042228,0.0,0.06628820645093636,13.02442185118929,True,3,0.02
indicator_revision_only_dfm_kalman_em,pseudo,2024:Q1:pre_advance:pseudo,2024-04-30,pre_advance,2024:Q1,S,S,2.9149043511401476,0.0,0.06628820645093636,13.02442185118929,True,3,0.02
indicator_revision_only_dfm_kalman_em,pseudo,2024:Q1:pre_advance:pseudo,2024-04-30,pre_advance,2024:Q1,S,T,2.8977980756042228,0.0,0.06628820645093636,13.02442185118929,True,3,0.02
indicator_revision_only_dfm_kalman_em,pseudo,2024:Q1:pre_advance:pseudo,2024-04-30,pre_advance,2024:Q1,T,A,2.8977980756042228,0.0,0.06628820645093636,13.02442185118929,True,3,0.02
indicator_revision_only_dfm_kalman_em,pseudo,2024:Q1:pre_advance:pseudo,2024-04-30,pre_advance,2024:Q1,T,M,2.8977980756042228,0.0,0.06628820645093636,13.02442185118929,True,3,0.02
indicator_revision_only_dfm_kalman_em,pseudo,2024:Q1:pre_advance:pseudo,2024-04-30,pre_advance,2024:Q1,T,S,2.8977980756042228,0.0,0.06628820645093636,13.02442185118929,True,3,0.02
indicator_revision_only_dfm_kalman_em,pseudo,2024:Q1:pre_advance:pseudo,2024-04-30,pre_advance,2024:Q1,T,T,3.024150781650673,0.0,0.06628820645093636,13.02442185118929,True,3,0.02
joint_indicator_revision_dfm_full_kalman_em,pseudo,2024:Q1:pre_advance:pseudo,2024-04-30,pre_advance,2024:Q1,A,A,2.519132190808661,8.881784197001252e-16,0.06422199793686628,13.113825640994277,True,3,0.02
joint_indicator_revision_dfm_full_kalman_em,pseudo,2024:Q1:pre_advance:pseudo,2024-04-30,pre_advance,2024:Q1,A,M,2.6529170480923647,8.881784197001252e-16,0.06422199793686628,13.113825640994277,True,3,0.02
joint_indicator_revision_dfm_full_kalman_em,pseudo,2024:Q1:pre_advance:pseudo,2024-04-30,pre_advance,2024:Q1,A,S,2.6387749112945977,8.881784197001252e-16,0.06422199793686628,13.113825640994277,True,3,0.02
joint_indicator_revision_dfm_full_kalman_em,pseudo,2024:Q1:pre_advance:pseudo,2024-04-30,pre_advance,2024:Q1,A,T,2.6472601933732585,8.881784197001252e-16,0.06422199793686628,13.113825640994277,True,3,0.02
joint_indicator_revision_dfm_full_kalman_em,pseudo,2024:Q1:pre_advance:pseudo,2024-04-30,pre_advance,2024:Q1,M,A,2.6529170480923647,8.881784197001252e-16,0.06422199793686628,13.113825640994277,True,3,0.02
joint_indicator_revision_dfm_full_kalman_em,pseudo,2024:Q1:pre_advance:pseudo,2024-04-30,pre_advance,2024:Q1,M,M,7.2112521385515524,8.881784197001252e-16,0.06422199793686628,13.113825640994277,True,3,0.02
joint_indicator_revision_dfm_full_kalman_em,pseudo,2024:Q1:pre_advance:pseudo,2024-04-30,pre_advance,2024:Q1,M,S,3.1244320388920777,8.881784197001252e-16,0.06422199793686628,13.113825640994277,True,3,0.02
joint_indicator_revision_dfm_full_kalman_em,pseudo,2024:Q1:pre_advance:pseudo,2024-04-30,pre_advance,2024:Q1,M,T,3.1393219859699633,8.881784197001252e-16,0.06422199793686628,13.113825640994277,True,3,0.02
joint_indicator_revision_dfm_full_kalman_em,pseudo,2024:Q1:pre_advance:pseudo,2024-04-30,pre_advance,2024:Q1,S,A,2.6387749112945986,8.881784197001252e-16,0.06422199793686628,13.113825640994277,True,3,0.02
joint_indicator_revision_dfm_full_kalman_em,pseudo,2024:Q1:pre_advance:pseudo,2024-04-30,pre_advance,2024:Q1,S,M,3.1244320388920777,8.881784197001252e-16,0.06422199793686628,13.113825640994277,True,3,0.02
joint_indicator_revision_dfm_full_kalman_em,pseudo,2024:Q1:pre_advance:pseudo,2024-04-30,pre_advance,2024:Q1,S,S,3.120145574613008,8.881784197001252e-16,0.06422199793686628,13.113825640994277,True,3,0.02
joint_indicator_revision_dfm_full_kalman_em,pseudo,2024:Q1:pre_advance:pseudo,2024-04-30,pre_advance,2024:Q1,S,T,3.114718896340128,8.881784197001252e-16,0.06422199793686628,13.113825640994277,True,3,0.02
joint_indicator_revision_dfm_full_kalman_em,pseudo,2024:Q1:pre_advance:pseudo,2024-04-30,pre_advance,2024:Q1,T,A,2.647260193373258,8.881784197001252e-16,0.06422199793686628,13.113825640994277,True,3,0.02
joint_indicator_revision_dfm_full_kalman_em,pseudo,2024:Q1:pre_advance:pseudo,2024-04-30,pre_advance,2024:Q1,T,M,3.1393219859699633,8.881784197001252e-16,0.06422199793686628,13.113825640994277,True,3,0.02
joint_indicator_revision_dfm_full_kalman_em,pseudo,2024:Q1:pre_advance:pseudo,2024-04-30,pre_advance,2024:Q1,T,S,3.1147188963401278,8.881784197001252e-16,0.06422199793686628,13.113825640994277,True,3,0.02
joint_indicator_revision_dfm_full_kalman_em,pseudo,2024:Q1:pre_advance:pseudo,2024-04-30,pre_advance,2024:Q1,T,T,3.249802811088915,8.881784197001252e-16,0.06422199793686628,13.113825640994277,True,3,0.02
monthly_mixed_frequency_kalman_em,pseudo,2024:Q1:pre_advance:pseudo,2024-04-30,pre_advance,2024:Q1,A,A,4.3859414688820415,0.0,0.0608212828204773,18.150572748954367,True,3,0.02
monthly_mixed_frequency_kalman_em,pseudo,2024:Q1:pre_advance:pseudo,2024-04-30,pre_advance,2024:Q1,A,M,4.067402867929982,0.0,0.0608212828204773,18.150572748954367,True,3,0.02
monthly_mixed_frequency_kalman_em,pseudo,2024:Q1:pre_advance:pseudo,2024-04-30,pre_advance,2024:Q1,A,S,4.12416899205866,0.0,0.0608212828204773,18.150572748954367,True,3,0.02
monthly_mixed_frequency_kalman_em,pseudo,2024:Q1:pre_advance:pseudo,2024-04-30,pre_advance,2024:Q1,A,T,4.093205651624836,0.0,0.0608212828204773,18.150572748954367,True,3,0.02
monthly_mixed_frequency_kalman_em,pseudo,2024:Q1:pre_advance:pseudo,2024-04-30,pre_advance,2024:Q1,M,A,4.067402867929982,0.0,0.0608212828204773,18.150572748954367,True,3,0.02
monthly_mixed_frequency_kalman_em,pseudo,2024:Q1:pre_advance:pseudo,2024-04-30,pre_advance,2024:Q1,M,M,8.512692723707538,0.0,0.0608212828204773,18.150572748954367,True,3,0.02
monthly_mixed_frequency_kalman_em,pseudo,2024:Q1:pre_advance:pseudo,2024-04-30,pre_advance,2024:Q1,M,S,4.240067677321146,0.0,0.0608212828204773,18.150572748954367,True,3,0.02
monthly_mixed_frequency_kalman_em,pseudo,2024:Q1:pre_advance:pseudo,2024-04-30,pre_advance,2024:Q1,M,T,4.355177550248589,0.0,0.0608212828204773,18.150572748954367,True,3,0.02
monthly_mixed_frequency_kalman_em,pseudo,2024:Q1:pre_advance:pseudo,2024-04-30,pre_advance,2024:Q1,S,A,4.12416899205866,0.0,0.0608212828204773,18.150572748954367,True,3,0.02
monthly_mixed_frequency_kalman_em,pseudo,2024:Q1:pre_advance:pseudo,2024-04-30,pre_advance,2024:Q1,S,M,4.240067677321146,0.0,0.0608212828204773,18.150572748954367,True,3,0.02
monthly_mixed_frequency_kalman_em,pseudo,2024:Q1:pre_advance:pseudo,2024-04-30,pre_advance,2024:Q1,S,S,4.2280788965908425,0.0,0.0608212828204773,18.150572748954367,True,3,0.02
monthly_mixed_frequency_kalman_em,pseudo,2024:Q1:pre_advance:pseudo,2024-04-30,pre_advance,2024:Q1,S,T,4.211093006005525,0.0,0.0608212828204773,18.150572748954367,True,3,0.02
monthly_mixed_frequency_kalman_em,pseudo,2024:Q1:pre_advance:pseudo,2024-04-30,pre_advance,2024:Q1,T,A,4.093205651624836,0.0,0.0608212828204773,18.150572748954367,True,3,0.02
monthly_mixed_frequency_kalman_em,pseudo,2024:Q1:pre_advance:pseudo,2024-04-30,pre_advance,2024:Q1,T,M,4.355177550248589,0.0,0.0608212828204773,18.150572748954367,True,3,0.02
monthly_mixed_frequency_kalman_em,pseudo,2024:Q1:pre_advance:pseudo,2024-04-30,pre_advance,2024:Q1,T,S,4.211093006005525,0.0,0.0608212828204773,18.150572748954367,True,3,0.02
monthly_mixed_frequency_kalman_em,pseudo,2024:Q1:pre_advance:pseudo,2024-04-30,pre_advance,2024:Q1,T,T,4.3391402488596045,0.0,0.0608212828204773,18.150572748954367,True,3,0.02
revision_dfm_kalman_em,pseudo,2024:Q1:pre_advance:pseudo,2024-04-30,pre_advance,2024:Q1,A,A,3.009229084839395,8.881784197001252e-16,0.06664137542887787,14.930489510729675,True,3,0.02
revision_dfm_kalman_em,pseudo,2024:Q1:pre_advance:pseudo,2024-04-30,pre_advance,2024:Q1,A,M,3.1238001610624635,8.881784197001252e-16,0.06664137542887787,14.930489510729675,True,3,0.02
revision_dfm_kalman_em,pseudo,2024:Q1:pre_advance:pseudo,2024-04-30,pre_advance,2024:Q1,A,S,3.1108384735354964,8.881784197001252e-16,0.06664137542887787,14.930489510729675,True,3,0.02
revision_dfm_kalman_em,pseudo,2024:Q1:pre_advance:pseudo,2024-04-30,pre_advance,2024:Q1,A,T,3.1186154860516764,8.881784197001252e-16,0.06664137542887787,14.930489510729675,True,3,0.02
revision_dfm_kalman_em,pseudo,2024:Q1:pre_advance:pseudo,2024-04-30,pre_advance,2024:Q1,M,A,3.1238001610624635,8.881784197001252e-16,0.06664137542887787,14.930489510729675,True,3,0.02
revision_dfm_kalman_em,pseudo,2024:Q1:pre_advance:pseudo,2024-04-30,pre_advance,2024:Q1,M,M,7.667196534051201,8.881784197001252e-16,0.06664137542887787,14.930489510729675,True,3,0.02
revision_dfm_kalman_em,pseudo,2024:Q1:pre_advance:pseudo,2024-04-30,pre_advance,2024:Q1,M,S,3.595401943478858,8.881784197001252e-16,0.06664137542887787,14.930489510729675,True,3,0.02
revision_dfm_kalman_em,pseudo,2024:Q1:pre_advance:pseudo,2024-04-30,pre_advance,2024:Q1,M,T,3.610294631344639,8.881784197001252e-16,0.06664137542887787,14.930489510729675,True,3,0.02
revision_dfm_kalman_em,pseudo,2024:Q1:pre_advance:pseudo,2024-04-30,pre_advance,2024:Q1,S,A,3.110838473535496,8.881784197001252e-16,0.06664137542887787,14.930489510729675,True,3,0.02
revision_dfm_kalman_em,pseudo,2024:Q1:pre_advance:pseudo,2024-04-30,pre_advance,2024:Q1,S,M,3.595401943478858,8.881784197001252e-16,0.06664137542887787,14.930489510729675,True,3,0.02
revision_dfm_kalman_em,pseudo,2024:Q1:pre_advance:pseudo,2024-04-30,pre_advance,2024:Q1,S,S,3.5991881130362033,8.881784197001252e-16,0.06664137542887787,14.930489510729675,True,3,0.02
revision_dfm_kalman_em,pseudo,2024:Q1:pre_advance:pseudo,2024-04-30,pre_advance,2024:Q1,S,T,3.5857106740799902,8.881784197001252e-16,0.06664137542887787,14.930489510729675,True,3,0.02
revision_dfm_kalman_em,pseudo,2024:Q1:pre_advance:pseudo,2024-04-30,pre_advance,2024:Q1,T,A,3.1186154860516764,8.881784197001252e-16,0.06664137542887787,14.930489510729675,True,3,0.02
revision_dfm_kalman_em,pseudo,2024:Q1:pre_advance:pseudo,2024-04-30,pre_advance,2024:Q1,T,M,3.610294631344639,8.881784197001252e-16,0.06664137542887787,14.930489510729675,True,3,0.02
revision_dfm_kalman_em,pseudo,2024:Q1:pre_advance:pseudo,2024-04-30,pre_advance,2024:Q1,T,S,3.585710674079991,8.881784197001252e-16,0.06664137542887787,14.930489510729675,True,3,0.02
revision_dfm_kalman_em,pseudo,2024:Q1:pre_advance:pseudo,2024-04-30,pre_advance,2024:Q1,T,T,3.714390466804021,8.881784197001252e-16,0.06664137542887787,14.930489510729675,True,3,0.02
indicator_revision_only_dfm_kalman_em,exact,2024:Q1:pre_second:exact,2024-05-29,pre_second,2024:Q1,A,A,0.7417592928469139,0.0,0.06211386480339156,4.525493333648129,True,3,0.02
indicator_revision_only_dfm_kalman_em,exact,2024:Q1:pre_second:exact,2024-05-29,pre_second,2024:Q1,A,M,0.3512880139733758,0.0,0.06211386480339156,4.525493333648129,True,3,0.02
indicator_revision_only_dfm_kalman_em,exact,2024:Q1:pre_second:exact,2024-05-29,pre_second,2024:Q1,A,S,0.3512880139733758,0.0,0.06211386480339156,4.525493333648129,True,3,0.02
indicator_revision_only_dfm_kalman_em,exact,2024:Q1:pre_second:exact,2024-05-29,pre_second,2024:Q1,A,T,0.3512880139733758,0.0,0.06211386480339156,4.525493333648129,True,3,0.02
indicator_revision_only_dfm_kalman_em,exact,2024:Q1:pre_second:exact,2024-05-29,pre_second,2024:Q1,M,A,0.3512880139733758,0.0,0.06211386480339156,4.525493333648129,True,3,0.02
indicator_revision_only_dfm_kalman_em,exact,2024:Q1:pre_second:exact,2024-05-29,pre_second,2024:Q1,M,M,4.412899003354879,0.0,0.06211386480339156,4.525493333648129,True,3,0.02
indicator_revision_only_dfm_kalman_em,exact,2024:Q1:pre_second:exact,2024-05-29,pre_second,2024:Q1,M,S,0.3512880139733758,0.0,0.06211386480339156,4.525493333648129,True,3,0.02
indicator_revision_only_dfm_kalman_em,exact,2024:Q1:pre_second:exact,2024-05-29,pre_second,2024:Q1,M,T,0.3512880139733758,0.0,0.06211386480339156,4.525493333648129,True,3,0.02
indicator_revision_only_dfm_kalman_em,exact,2024:Q1:pre_second:exact,2024-05-29,pre_second,2024:Q1,S,A,0.3512880139733758,0.0,0.06211386480339156,4.525493333648129,True,3,0.02
indicator_revision_only_dfm_kalman_em,exact,2024:Q1:pre_second:exact,2024-05-29,pre_second,2024:Q1,S,M,0.3512880139733758,0.0,0.06211386480339156,4.525493333648129,True,3,0.02
indicator_revision_only_dfm_kalman_em,exact,2024:Q1:pre_second:exact,2024-05-29,pre_second,2024:Q1,S,S,0.36662059137455727,0.0,0.06211386480339156,4.525493333648129,True,3,0.02
indicator_revision_only_dfm_kalman_em,exact,2024:Q1:pre_second:exact,2024-05-29,pre_second,2024:Q1,S,T,0.3512880139733758,0.0,0.06211386480339156,4.525493333648129,True,3,0.02
indicator_revision_only_dfm_kalman_em,exact,2024:Q1:pre_second:exact,2024-05-29,pre_second,2024:Q1,T,A,0.3512880139733758,0.0,0.06211386480339156,4.525493333648129,True,3,0.02
indicator_revision_only_dfm_kalman_em,exact,2024:Q1:pre_second:exact,2024-05-29,pre_second,2024:Q1,T,M,0.3512880139733758,0.0,0.06211386480339156,4.525493333648129,True,3,0.02
indicator_revision_only_dfm_kalman_em,exact,2024:Q1:pre_second:exact,2024-05-29,pre_second,2024:Q1,T,S,0.3512880139733758,0.0,0.06211386480339156,4.525493333648129,True,3,0.02
indicator_revision_only_dfm_kalman_em,exact,2024:Q1:pre_second:exact,2024-05-29,pre_second,2024:Q1,T,T,0.4790449164326454,0.0,0.06211386480339156,4.525493333648129,True,3,0.02
joint_indicator_revision_dfm_full_kalman_em,exact,2024:Q1:pre_second:exact,2024-05-29,pre_second,2024:Q1,A,A,0.35488267678355345,0.0,0.062378374452746424,4.4983755441760875,True,3,0.02
joint_indicator_revision_dfm_full_kalman_em,exact,2024:Q1:pre_second:exact,2024-05-29,pre_second,2024:Q1,A,M,0.20083723566341524,0.0,0.062378374452746424,4.4983755441760875,True,3,0.02
joint_indicator_revision_dfm_full_kalman_em,exact,2024:Q1:pre_second:exact,2024-05-29,pre_second,2024:Q1,A,S,0.19937076489560399,0.0,0.062378374452746424,4.4983755441760875,True,3,0.02
joint_indicator_revision_dfm_full_kalman_em,exact,2024:Q1:pre_second:exact,2024-05-29,pre_second,2024:Q1,A,T,0.20025064735629072,0.0,0.062378374452746424,4.4983755441760875,True,3,0.02
joint_indicator_revision_dfm_full_kalman_em,exact,2024:Q1:pre_second:exact,2024-05-29,pre_second,2024:Q1,M,A,0.20083723566341524,0.0,0.062378374452746424,4.4983755441760875,True,3,0.02
joint_indicator_revision_dfm_full_kalman_em,exact,2024:Q1:pre_second:exact,2024-05-29,pre_second,2024:Q1,M,M,4.420305130996105,0.0,0.062378374452746424,4.4983755441760875,True,3,0.02
joint_indicator_revision_dfm_full_kalman_em,exact,2024:Q1:pre_second:exact,2024-05-29,pre_second,2024:Q1,M,S,0.34474053227142637,0.0,0.062378374452746424,4.4983755441760875,True,3,0.02
joint_indicator_revision_dfm_full_kalman_em,exact,2024:Q1:pre_second:exact,2024-05-29,pre_second,2024:Q1,M,T,0.349284846901153,0.0,0.062378374452746424,4.4983755441760875,True,3,0.02
joint_indicator_revision_dfm_full_kalman_em,exact,2024:Q1:pre_second:exact,2024-05-29,pre_second,2024:Q1,S,A,0.19937076489560399,0.0,0.062378374452746424,4.4983755441760875,True,3,0.02
joint_indicator_revision_dfm_full_kalman_em,exact,2024:Q1:pre_second:exact,2024-05-29,pre_second,2024:Q1,S,M,0.34474053227142637,0.0,0.062378374452746424,4.4983755441760875,True,3,0.02
joint_indicator_revision_dfm_full_kalman_em,exact,2024:Q1:pre_second:exact,2024-05-29,pre_second,2024:Q1,S,S,0.35546488176259955,0.0,0.062378374452746424,4.4983755441760875,True,3,0.02
joint_indicator_revision_dfm_full_kalman_em,exact,2024:Q1:pre_second:exact,2024-05-29,pre_second,2024:Q1,S,T,0.34183313692390993,0.0,0.062378374452746424,4.4983755441760875,True,3,0.02
joint_indicator_revision_dfm_full_kalman_em,exact,2024:Q1:pre_second:exact,2024-05-29,pre_second,2024:Q1,T,A,0.20025064735629072,0.0,0.062378374452746424,4.4983755441760875,True,3,0.02
joint_indicator_revision_dfm_full_kalman_em,exact,2024:Q1:pre_second:exact,2024-05-29,pre_second,2024:Q1,T,M,0.349284846901153,0.0,0.062378374452746424,4.4983755441760875,True,3,0.02
joint_indicator_revision_dfm_full_kalman_em,exact,2024:Q1:pre_second:exact,2024-05-29,pre_second,2024:Q1,T,S,0.34183313692390993,0.0,0.062378374452746424,4.4983755441760875,True,3,0.02
joint_indicator_revision_dfm_full_kalman_em,exact,2024:Q1:pre_second:exact,2024-05-29,pre_second,2024:Q1,T,T,0.4686115963464526,0.0,0.062378374452746424,4.4983755441760875,True,3,0.02
monthly_mixed_frequency_kalman_em,exact,2024:Q1:pre_second:exact,2024-05-29,pre_second,2024:Q1,A,A,0.4197105487597309,0.0,0.05816920552096775,4.873492781972455,True,3,0.02
monthly_mixed_frequency_kalman_em,exact,2024:Q1:pre_second:exact,2024-05-29,pre_second,2024:Q1,A,M,0.19948808669998622,0.0,0.05816920552096775,4.873492781972455,True,3,0.02
monthly_mixed_frequency_kalman_em,exact,2024:Q1:pre_second:exact,2024-05-29,pre_second,2024:Q1,A,S,0.2022721598732788,0.0,0.05816920552096775,4.873492781972455,True,3,0.02
monthly_mixed_frequency_kalman_em,exact,2024:Q1:pre_second:exact,2024-05-29,pre_second,2024:Q1,A,T,0.2007535745060283,0.0,0.05816920552096775,4.873492781972455,True,3,0.02
monthly_mixed_frequency_kalman_em,exact,2024:Q1:pre_second:exact,2024-05-29,pre_second,2024:Q1,M,A,0.19948808669998622,0.0,0.05816920552096775,4.873492781972455,True,3,0.02
monthly_mixed_frequency_kalman_em,exact,2024:Q1:pre_second:exact,2024-05-29,pre_second,2024:Q1,M,M,4.740499841211781,0.0,0.05816920552096775,4.873492781972455,True,3,0.02
monthly_mixed_frequency_kalman_em,exact,2024:Q1:pre_second:exact,2024-05-29,pre_second,2024:Q1,M,S,0.4151401280267476,0.0,0.05816920552096775,4.873492781972455,True,3,0.02
monthly_mixed_frequency_kalman_em,exact,2024:Q1:pre_second:exact,2024-05-29,pre_second,2024:Q1,M,T,0.558908155577922,0.0,0.05816920552096775,4.873492781972455,True,3,0.02
monthly_mixed_frequency_kalman_em,exact,2024:Q1:pre_second:exact,2024-05-29,pre_second,2024:Q1,S,A,0.2022721598732788,0.0,0.05816920552096775,4.873492781972455,True,3,0.02
monthly_mixed_frequency_kalman_em,exact,2024:Q1:pre_second:exact,2024-05-29,pre_second,2024:Q1,S,M,0.4151401280267476,0.0,0.05816920552096775,4.873492781972455,True,3,0.02
monthly_mixed_frequency_kalman_em,exact,2024:Q1:pre_second:exact,2024-05-29,pre_second,2024:Q1,S,S,0.34983679215394026,0.0,0.05816920552096775,4.873492781972455,True,3,0.02
monthly_mixed_frequency_kalman_em,exact,2024:Q1:pre_second:exact,2024-05-29,pre_second,2024:Q1,S,T,0.36192313598838044,0.0,0.05816920552096775,4.873492781972455,True,3,0.02
monthly_mixed_frequency_kalman_em,exact,2024:Q1:pre_second:exact,2024-05-29,pre_second,2024:Q1,T,A,0.2007535745060283,0.0,0.05816920552096775,4.873492781972455,True,3,0.02
monthly_mixed_frequency_kalman_em,exact,2024:Q1:pre_second:exact,2024-05-29,pre_second,2024:Q1,T,M,0.558908155577922,0.0,0.05816920552096775,4.873492781972455,True,3,0.02
monthly_mixed_frequency_kalman_em,exact,2024:Q1:pre_second:exact,2024-05-29,pre_second,2024:Q1,T,S,0.36192313598838044,0.0,0.05816920552096775,4.873492781972455,True,3,0.02
monthly_mixed_frequency_kalman_em,exact,2024:Q1:pre_second:exact,2024-05-29,pre_second,2024:Q1,T,T,0.5188169886525178,0.0,0.05816920552096775,4.873492781972455,True,3,0.02
revision_dfm_kalman_em,exact,2024:Q1:pre_second:exact,2024-05-29,pre_second,2024:Q1,A,A,0.283474154027726,5.551115123125783e-17,0.06617023002650498,4.506157770155061,True,3,0.02
revision_dfm_kalman_em,exact,2024:Q1:pre_second:exact,2024-05-29,pre_second,2024:Q1,A,M,0.1507922302944352,5.551115123125783e-17,0.06617023002650498,4.506157770155061,True,3,0.02
revision_dfm_kalman_em,exact,2024:Q1:pre_second:exact,2024-05-29,pre_second,2024:Q1,A,S,0.15016266993962968,5.551115123125783e-17,0.06617023002650498,4.506157770155061,True,3,0.02
revision_dfm_kalman_em,exact,2024:Q1:pre_second:exact,2024-05-29,pre_second,2024:Q1,A,T,0.150540406152513,5.551115123125783e-17,0.06617023002650498,4.506157770155061,True,3,0.02
revision_dfm_kalman_em,exact,2024:Q1:pre_second:exact,2024-05-29,pre_second,2024:Q1,M,A,0.1507922302944352,5.551115123125783e-17,0.06617023002650498,4.506157770155061,True,3,0.02
revision_dfm_kalman_em,exact,2024:Q1:pre_second:exact,2024-05-29,pre_second,2024:Q1,M,M,4.424688137778545,5.551115123125783e-17,0.06617023002650498,4.506157770155061,True,3,0.02
revision_dfm_kalman_em,exact,2024:Q1:pre_second:exact,2024-05-29,pre_second,2024:Q1,M,S,0.3663416727574286,5.551115123125783e-17,0.06617023002650498,4.506157770155061,True,3,0.02
revision_dfm_kalman_em,exact,2024:Q1:pre_second:exact,2024-05-29,pre_second,2024:Q1,M,T,0.37314849725626,5.551115123125783e-17,0.06617023002650498,4.506157770155061,True,3,0.02
revision_dfm_kalman_em,exact,2024:Q1:pre_second:exact,2024-05-29,pre_second,2024:Q1,S,A,0.15016266993962968,5.551115123125783e-17,0.06617023002650498,4.506157770155061,True,3,0.02
revision_dfm_kalman_em,exact,2024:Q1:pre_second:exact,2024-05-29,pre_second,2024:Q1,S,M,0.3663416727574286,5.551115123125783e-17,0.06617023002650498,4.506157770155061,True,3,0.02
revision_dfm_kalman_em,exact,2024:Q1:pre_second:exact,2024-05-29,pre_second,2024:Q1,S,S,0.3835489791669257,5.551115123125783e-17,0.06617023002650498,4.506157770155061,True,3,0.02
revision_dfm_kalman_em,exact,2024:Q1:pre_second:exact,2024-05-29,pre_second,2024:Q1,S,T,0.36201809270107266,5.551115123125783e-17,0.06617023002650498,4.506157770155061,True,3,0.02
revision_dfm_kalman_em,exact,2024:Q1:pre_second:exact,2024-05-29,pre_second,2024:Q1,T,A,0.15054040615251296,5.551115123125783e-17,0.06617023002650498,4.506157770155061,True,3,0.02
revision_dfm_kalman_em,exact,2024:Q1:pre_second:exact,2024-05-29,pre_second,2024:Q1,T,M,0.37314849725626,5.551115123125783e-17,0.06617023002650498,4.506157770155061,True,3,0.02
revision_dfm_kalman_em,exact,2024:Q1:pre_second:exact,2024-05-29,pre_second,2024:Q1,T,S,0.3620180927010726,5.551115123125783e-17,0.06617023002650498,4.506157770155061,True,3,0.02
revision_dfm_kalman_em,exact,2024:Q1:pre_second:exact,2024-05-29,pre_second,2024:Q1,T,T,0.48263185684538834,5.551115123125783e-17,0.06617023002650498,4.506157770155061,True,3,0.02
indicator_revision_only_dfm_kalman_em,pseudo,2024:Q1:pre_second:pseudo,2024-05-31,pre_second,2024:Q1,A,A,0.741706652627255,0.0,0.06211285164069354,4.52540606253646,True,3,0.02
indicator_revision_only_dfm_kalman_em,pseudo,2024:Q1:pre_second:pseudo,2024-05-31,pre_second,2024:Q1,A,M,0.3512389076402077,0.0,0.06211285164069354,4.52540606253646,True,3,0.02
indicator_revision_only_dfm_kalman_em,pseudo,2024:Q1:pre_second:pseudo,2024-05-31,pre_second,2024:Q1,A,S,0.3512389076402077,0.0,0.06211285164069354,4.52540606253646,True,3,0.02
indicator_revision_only_dfm_kalman_em,pseudo,2024:Q1:pre_second:pseudo,2024-05-31,pre_second,2024:Q1,A,T,0.3512389076402077,0.0,0.06211285164069354,4.52540606253646,True,3,0.02
indicator_revision_only_dfm_kalman_em,pseudo,2024:Q1:pre_second:pseudo,2024-05-31,pre_second,2024:Q1,M,A,0.3512389076402077,0.0,0.06211285164069354,4.52540606253646,True,3,0.02
indicator_revision_only_dfm_kalman_em,pseudo,2024:Q1:pre_second:pseudo,2024-05-31,pre_second,2024:Q1,M,M,4.412845292339977,0.0,0.06211285164069354,4.52540606253646,True,3,0.02
indicator_revision_only_dfm_kalman_em,pseudo,2024:Q1:pre_second:pseudo,2024-05-31,pre_second,2024:Q1,M,S,0.3512389076402077,0.0,0.06211285164069354,4.52540606253646,True,3,0.02
indicator_revision_only_dfm_kalman_em,pseudo,2024:Q1:pre_second:pseudo,2024-05-31,pre_second,2024:Q1,M,T,0.3512389076402077,0.0,0.06211285164069354,4.52540606253646,True,3,0.02
indicator_revision_only_dfm_kalman_em,pseudo,2024:Q1:pre_second:pseudo,2024-05-31,pre_second,2024:Q1,S,A,0.3512389076402077,0.0,0.06211285164069354,4.52540606253646,True,3,0.02
indicator_revision_only_dfm_kalman_em,pseudo,2024:Q1:pre_second:pseudo,2024-05-31,pre_second,2024:Q1,S,M,0.3512389076402077,0.0,0.06211285164069354,4.52540606253646,True,3,0.02
indicator_revision_only_dfm_kalman_em,pseudo,2024:Q1:pre_second:pseudo,2024-05-31,pre_second,2024:Q1,S,S,0.36656918688429907,0.0,0.06211285164069354,4.52540606253646,True,3,0.02
indicator_revision_only_dfm_kalman_em,pseudo,2024:Q1:pre_second:pseudo,2024-05-31,pre_second,2024:Q1,S,T,0.3512389076402077,0.0,0.06211285164069354,4.52540606253646,True,3,0.02
indicator_revision_only_dfm_kalman_em,pseudo,2024:Q1:pre_second:pseudo,2024-05-31,pre_second,2024:Q1,T,A,0.3512389076402077,0.0,0.06211285164069354,4.52540606253646,True,3,0.02
indicator_revision_only_dfm_kalman_em,pseudo,2024:Q1:pre_second:pseudo,2024-05-31,pre_second,2024:Q1,T,M,0.3512389076402077,0.0,0.06211285164069354,4.52540606253646,True,3,0.02
indicator_revision_only_dfm_kalman_em,pseudo,2024:Q1:pre_second:pseudo,2024-05-31,pre_second,2024:Q1,T,S,0.3512389076402077,0.0,0.06211285164069354,4.52540606253646,True,3,0.02
indicator_revision_only_dfm_kalman_em,pseudo,2024:Q1:pre_second:pseudo,2024-05-31,pre_second,2024:Q1,T,T,0.478999143884762,0.0,0.06211285164069354,4.52540606253646,True,3,0.02
joint_indicator_revision_dfm_full_kalman_em,pseudo,2024:Q1:pre_second:pseudo,2024-05-31,pre_second,2024:Q1,A,A,0.3542444967360098,2.7755575615628914e-17,0.062379727960998624,4.498480459476479,True,3,0.02
joint_indicator_revision_dfm_full_kalman_em,pseudo,2024:Q1:pre_second:pseudo,2024-05-31,pre_second,2024:Q1,A,M,0.20053711162213342,2.7755575615628914e-17,0.062379727960998624,4.498480459476479,True,3,0.02
joint_indicator_revision_dfm_full_kalman_em,pseudo,2024:Q1:pre_second:pseudo,2024-05-31,pre_second,2024:Q1,A,S,0.19906958153416157,2.7755575615628914e-17,0.062379727960998624,4.498480459476479,True,3,0.02
joint_indicator_revision_dfm_full_kalman_em,pseudo,2024:Q1:pre_second:pseudo,2024-05-31,pre_second,2024:Q1,A,T,0.19995009958694468,2.7755575615628914e-17,0.062379727960998624,4.498480459476479,True,3,0.02
joint_indicator_revision_dfm_full_kalman_em,pseudo,2024:Q1:pre_second:pseudo,2024-05-31,pre_second,2024:Q1,M,A,0.20053711162213342,2.7755575615628914e-17,0.062379727960998624,4.498480459476479,True,3,0.02
joint_indicator_revision_dfm_full_kalman_em,pseudo,2024:Q1:pre_second:pseudo,2024-05-31,pre_second,2024:Q1,M,M,4.420424759506111,2.7755575615628914e-17,0.062379727960998624,4.498480459476479,True,3,0.02
joint_indicator_revision_dfm_full_kalman_em,pseudo,2024:Q1:pre_second:pseudo,2024-05-31,pre_second,2024:Q1,M,S,0.344809537051572,2.7755575615628914e-17,0.062379727960998624,4.498480459476479,True,3,0.02
joint_indicator_revision_dfm_full_kalman_em,pseudo,2024:Q1:pre_second:pseudo,2024-05-31,pre_second,2024:Q1,M,T,0.34936550838092273,2.7755575615628914e-17,0.062379727960998624,4.498480459476479,True,3,0.02
joint_indicator_revision_dfm_full_kalman_em,pseudo,2024:Q1:pre_second:pseudo,2024-05-31,pre_second,2024:Q1,S,A,0.19906958153416154,2.7755575615628914e-17,0.062379727960998624,4.498480459476479,True,3,0.02
joint_indicator_revision_dfm_full_kalman_em,pseudo,2024:Q1:pre_second:pseudo,2024-05-31,pre_second,2024:Q1,S,M,0.344809537051572,2.7755575615628914e-17,0.062379727960998624,4.498480459476479,True,3,0.02
joint_indicator_revision_dfm_full_kalman_em,pseudo,2024:Q1:pre_second:pseudo,2024-05-31,pre_second,2024:Q1,S,S,0.35551366416552455,2.7755575615628914e-17,0.062379727960998624,4.498480459476479,True,3,0.02
joint_indicator_revision_dfm_full_kalman_em,pseudo,2024:Q1:pre_second:pseudo,2024-05-31,pre_second,2024:Q1,S,T,0.3418947379412238,2.7755575615628914e-17,0.062379727960998624,4.498480459476479,True,3,0.02
joint_indicator_revision_dfm_full_kalman_em,pseudo,2024:Q1:pre_second:pseudo,2024-05-31,pre_second,2024:Q1,T,A,0.1999500995869447,2.7755575615628914e-17,0.062379727960998624,4.498480459476479,True,3,0.02
joint_indicator_revision_dfm_full_kalman_em,pseudo,2024:Q1:pre_second:pseudo,2024-05-31,pre_second,2024:Q1,T,M,0.34936550838092273,2.7755575615628914e-17,0.062379727960998624,4.498480459476479,True,3,0.02
joint_indicator_revision_dfm_full_kalman_em,pseudo,2024:Q1:pre_second:pseudo,2024-05-31,pre_second,2024:Q1,T,S,0.3418947379412238,2.7755575615628914e-17,0.062379727960998624,4.498480459476479,True,3,0.02
joint_indicator_revision_dfm_full_kalman_em,pseudo,2024:Q1:pre_second:pseudo,2024-05-31,pre_second,2024:Q1,T,T,0.4686817268387043,2.7755575615628914e-17,0.062379727960998624,4.498480459476479,True,3,0.02
monthly_mixed_frequency_kalman_em,pseudo,2024:Q1:pre_second:pseudo,2024-05-31,pre_second,2024:Q1,A,A,0.4197116209801056,0.0,0.05816921825447042,4.8734838793480115,True,3,0.02
monthly_mixed_frequency_kalman_em,pseudo,2024:Q1:pre_second:pseudo,2024-05-31,pre_second,2024:Q1,A,M,0.19948865334864643,0.0,0.05816921825447042,4.8734838793480115,True,3,0.02
monthly_mixed_frequency_kalman_em,pseudo,2024:Q1:pre_second:pseudo,2024-05-31,pre_second,2024:Q1,A,S,0.20227289718318975,0.0,0.05816921825447042,4.8734838793480115,True,3,0.02
monthly_mixed_frequency_kalman_em,pseudo,2024:Q1:pre_second:pseudo,2024-05-31,pre_second,2024:Q1,A,T,0.20075421872798427,0.0,0.05816921825447042,4.8734838793480115,True,3,0.02
monthly_mixed_frequency_kalman_em,pseudo,2024:Q1:pre_second:pseudo,2024-05-31,pre_second,2024:Q1,M,A,0.19948865334864643,0.0,0.05816921825447042,4.8734838793480115,True,3,0.02
monthly_mixed_frequency_kalman_em,pseudo,2024:Q1:pre_second:pseudo,2024-05-31,pre_second,2024:Q1,M,M,4.740492383177925,0.0,0.05816921825447042,4.8734838793480115,True,3,0.02
monthly_mixed_frequency_kalman_em,pseudo,2024:Q1:pre_second:pseudo,2024-05-31,pre_second,2024:Q1,M,S,0.4151377480438709,0.0,0.05816921825447042,4.8734838793480115,True,3,0.02
monthly_mixed_frequency_kalman_em,pseudo,2024:Q1:pre_second:pseudo,2024-05-31,pre_second,2024:Q1,M,T,0.5589038111740205,0.0,0.05816921825447042,4.8734838793480115,True,3,0.02
monthly_mixed_frequency_kalman_em,pseudo,2024:Q1:pre_second:pseudo,2024-05-31,pre_second,2024:Q1,S,A,0.20227289718318975,0.0,0.05816921825447042,4.8734838793480115,True,3,0.02
monthly_mixed_frequency_kalman_em,pseudo,2024:Q1:pre_second:pseudo,2024-05-31,pre_second,2024:Q1,S,M,0.4151377480438709,0.0,0.05816921825447042,4.8734838793480115,True,3,0.02
monthly_mixed_frequency_kalman_em,pseudo,2024:Q1:pre_second:pseudo,2024-05-31,pre_second,2024:Q1,S,S,0.3498361809828611,0.0,0.05816921825447042,4.8734838793480115,True,3,0.02
monthly_mixed_frequency_kalman_em,pseudo,2024:Q1:pre_second:pseudo,2024-05-31,pre_second,2024:Q1,S,T,0.3619215353287005,0.0,0.05816921825447042,4.8734838793480115,True,3,0.02
monthly_mixed_frequency_kalman_em,pseudo,2024:Q1:pre_second:pseudo,2024-05-31,pre_second,2024:Q1,T,A,0.20075421872798427,0.0,0.05816921825447042,4.8734838793480115,True,3,0.02
monthly_mixed_frequency_kalman_em,pseudo,2024:Q1:pre_second:pseudo,2024-05-31,pre_second,2024:Q1,T,M,0.5589038111740205,0.0,0.05816921825447042,4.8734838793480115,True,3,0.02
monthly_mixed_frequency_kalman_em,pseudo,2024:Q1:pre_second:pseudo,2024-05-31,pre_second,2024:Q1,T,S,0.3619215353287005,0.0,0.05816921825447042,4.8734838793480115,True,3,0.02
monthly_mixed_frequency_kalman_em,pseudo,2024:Q1:pre_second:pseudo,2024-05-31,pre_second,2024:Q1,T,T,0.5188138659716046,0.0,0.05816921825447042,4.8734838793480115,True,3,0.02
revision_dfm_kalman_em,pseudo,2024:Q1:pre_second:pseudo,2024-05-31,pre_second,2024:Q1,A,A,0.28347540096196633,2.7755575615628914e-17,0.06617007795789981,4.506142792738056,True,3,0.02
revision_dfm_kalman_em,pseudo,2024:Q1:pre_second:pseudo,2024-05-31,pre_second,2024:Q1,A,M,0.15078951383384676,2.7755575615628914e-17,0.06617007795789981,4.506142792738056,True,3,0.02
revision_dfm_kalman_em,pseudo,2024:Q1:pre_second:pseudo,2024-05-31,pre_second,2024:Q1,A,S,0.1501602216661335,2.7755575615628914e-17,0.06617007795789981,4.506142792738056,True,3,0.02
revision_dfm_kalman_em,pseudo,2024:Q1:pre_second:pseudo,2024-05-31,pre_second,2024:Q1,A,T,0.15053779696676145,2.7755575615628914e-17,0.06617007795789981,4.506142792738056,True,3,0.02
revision_dfm_kalman_em,pseudo,2024:Q1:pre_second:pseudo,2024-05-31,pre_second,2024:Q1,M,A,0.15078951383384676,2.7755575615628914e-17,0.06617007795789981,4.506142792738056,True,3,0.02
revision_dfm_kalman_em,pseudo,2024:Q1:pre_second:pseudo,2024-05-31,pre_second,2024:Q1,M,M,4.424677199811857,2.7755575615628914e-17,0.06617007795789981,4.506142792738056,True,3,0.02
revision_dfm_kalman_em,pseudo,2024:Q1:pre_second:pseudo,2024-05-31,pre_second,2024:Q1,M,S,0.36633258205062386,2.7755575615628914e-17,0.06617007795789981,4.506142792738056,True,3,0.02
revision_dfm_kalman_em,pseudo,2024:Q1:pre_second:pseudo,2024-05-31,pre_second,2024:Q1,M,T,0.37313920525746946,2.7755575615628914e-17,0.06617007795789981,4.506142792738056,True,3,0.02
revision_dfm_kalman_em,pseudo,2024:Q1:pre_second:pseudo,2024-05-31,pre_second,2024:Q1,S,A,0.15016022166613346,2.7755575615628914e-17,0.06617007795789981,4.506142792738056,True,3,0.02
revision_dfm_kalman_em,pseudo,2024:Q1:pre_second:pseudo,2024-05-31,pre_second,2024:Q1,S,M,0.36633258205062386,2.7755575615628914e-17,0.06617007795789981,4.506142792738056,True,3,0.02
revision_dfm_kalman_em,pseudo,2024:Q1:pre_second:pseudo,2024-05-31,pre_second,2024:Q1,S,S,0.3835403399711498,2.7755575615628914e-17,0.06617007795789981,4.506142792738056,True,3,0.02
revision_dfm_kalman_em,pseudo,2024:Q1:pre_second:pseudo,2024-05-31,pre_second,2024:Q1,S,T,0.36200913484293407,2.7755575615628914e-17,0.06617007795789981,4.506142792738056,True,3,0.02
revision_dfm_kalman_em,pseudo,2024:Q1:pre_second:pseudo,2024-05-31,pre_second,2024:Q1,T,A,0.15053779696676145,2.7755575615628914e-17,0.06617007795789981,4.506142792738056,True,3,0.02
revision_dfm_kalman_em,pseudo,2024:Q1:pre_second:pseudo,2024-05-31,pre_second,2024:Q1,T,M,0.37313920525746946,2.7755575615628914e-17,0.06617007795789981,4.506142792738056,True,3,0.02
revision_dfm_kalman_em,pseudo,2024:Q1:pre_second:pseudo,2024-05-31,pre_second,2024:Q1,T,S,0.36200913484293407,2.7755575615628914e-17,0.06617007795789981,4.506142792738056,True,3,0.02
revision_dfm_kalman_em,pseudo,2024:Q1:pre_second:pseudo,2024-05-31,pre_second,2024:Q1,T,T,0.4826223147970846,2.7755575615628914e-17,0.06617007795789981,4.506142792738056,True,3,0.02
indicator_revision_only_dfm_kalman_em,exact,2024:Q1:pre_third:exact,2024-06-26,pre_third,2024:Q1,A,A,0.4051175055895234,0.0,0.03046707063589577,4.074609042298402,True,3,0.02
indicator_revision_only_dfm_kalman_em,exact,2024:Q1:pre_third:exact,2024-06-26,pre_third,2024:Q1,A,M,0.01629204695133573,0.0,0.03046707063589577,4.074609042298402,True,3,0.02
indicator_revision_only_dfm_kalman_em,exact,2024:Q1:pre_third:exact,2024-06-26,pre_third,2024:Q1,A,S,0.01629204695133573,0.0,0.03046707063589577,4.074609042298402,True,3,0.02
indicator_revision_only_dfm_kalman_em,exact,2024:Q1:pre_third:exact,2024-06-26,pre_third,2024:Q1,A,T,0.01629204695133573,0.0,0.03046707063589577,4.074609042298402,True,3,0.02
indicator_revision_only_dfm_kalman_em,exact,2024:Q1:pre_third:exact,2024-06-26,pre_third,2024:Q1,M,A,0.01629204695133573,0.0,0.03046707063589577,4.074609042298402,True,3,0.02
indicator_revision_only_dfm_kalman_em,exact,2024:Q1:pre_third:exact,2024-06-26,pre_third,2024:Q1,M,M,4.074401778894065,0.0,0.03046707063589577,4.074609042298402,True,3,0.02
indicator_revision_only_dfm_kalman_em,exact,2024:Q1:pre_third:exact,2024-06-26,pre_third,2024:Q1,M,S,0.01629204695133573,0.0,0.03046707063589577,4.074609042298402,True,3,0.02
indicator_revision_only_dfm_kalman_em,exact,2024:Q1:pre_third:exact,2024-06-26,pre_third,2024:Q1,M,T,0.01629204695133573,0.0,0.03046707063589577,4.074609042298402,True,3,0.02
indicator_revision_only_dfm_kalman_em,exact,2024:Q1:pre_third:exact,2024-06-26,pre_third,2024:Q1,S,A,0.01629204695133573,0.0,0.03046707063589577,4.074609042298402,True,3,0.02
indicator_revision_only_dfm_kalman_em,exact,2024:Q1:pre_third:exact,2024-06-26,pre_third,2024:Q1,S,M,0.01629204695133573,0.0,0.03046707063589577,4.074609042298402,True,3,0.02
indicator_revision_only_dfm_kalman_em,exact,2024:Q1:pre_third:exact,2024-06-26,pre_third,2024:Q1,S,S,0.03339816847774512,0.0,0.03046707063589577,4.074609042298402,True,3,0.02
indicator_revision_only_dfm_kalman_em,exact,2024:Q1:pre_third:exact,2024-06-26,pre_third,2024:Q1,S,T,0.01629204695133573,0.0,0.03046707063589577,4.074609042298402,True,3,0.02
indicator_revision_only_dfm_kalman_em,exact,2024:Q1:pre_third:exact,2024-06-26,pre_third,2024:Q1,T,A,0.01629204695133573,0.0,0.03046707063589577,4.074609042298402,True,3,0.02
indicator_revision_only_dfm_kalman_em,exact,2024:Q1:pre_third:exact,2024-06-26,pre_third,2024:Q1,T,M,0.01629204695133573,0.0,0.03046707063589577,4.074609042298402,True,3,0.02
indicator_revision_only_dfm_kalman_em,exact,2024:Q1:pre_third:exact,2024-06-26,pre_third,2024:Q1,T,S,0.01629204695133573,0.0,0.03046707063589577,4.074609042298402,True,3,0.02
indicator_revision_only_dfm_kalman_em,exact,2024:Q1:pre_third:exact,2024-06-26,pre_third,2024:Q1,T,T,0.14266808097386394,0.0,0.03046707063589577,4.074609042298402,True,3,0.02
joint_indicator_revision_dfm_full_kalman_em,exact,2024:Q1:pre_third:exact,2024-06-26,pre_third,2024:Q1,A,A,0.21899470320726638,0.0,0.035674209917137156,4.082011283931077,True,3,0.02
joint_indicator_revision_dfm_full_kalman_em,exact,2024:Q1:pre_third:exact,2024-06-26,pre_third,2024:Q1,A,M,0.005637917624721879,0.0,0.035674209917137156,4.082011283931077,True,3,0.02
joint_indicator_revision_dfm_full_kalman_em,exact,2024:Q1:pre_third:exact,2024-06-26,pre_third,2024:Q1,A,S,0.008926019442240852,0.0,0.035674209917137156,4.082011283931077,True,3,0.02
joint_indicator_revision_dfm_full_kalman_em,exact,2024:Q1:pre_third:exact,2024-06-26,pre_third,2024:Q1,A,T,0.0069531583517294685,0.0,0.035674209917137156,4.082011283931077,True,3,0.02
joint_indicator_revision_dfm_full_kalman_em,exact,2024:Q1:pre_third:exact,2024-06-26,pre_third,2024:Q1,M,A,0.005637917624721879,0.0,0.035674209917137156,4.082011283931077,True,3,0.02
joint_indicator_revision_dfm_full_kalman_em,exact,2024:Q1:pre_third:exact,2024-06-26,pre_third,2024:Q1,M,M,4.081800338458703,0.0,0.035674209917137156,4.082011283931077,True,3,0.02
joint_indicator_revision_dfm_full_kalman_em,exact,2024:Q1:pre_third:exact,2024-06-26,pre_third,2024:Q1,M,S,0.01982496440744412,0.0,0.035674209917137156,4.082011283931077,True,3,0.02
joint_indicator_revision_dfm_full_kalman_em,exact,2024:Q1:pre_third:exact,2024-06-26,pre_third,2024:Q1,M,T,0.020272976411109034,0.0,0.035674209917137156,4.082011283931077,True,3,0.02
joint_indicator_revision_dfm_full_kalman_em,exact,2024:Q1:pre_third:exact,2024-06-26,pre_third,2024:Q1,S,A,0.008926019442240852,0.0,0.035674209917137156,4.082011283931077,True,3,0.02
joint_indicator_revision_dfm_full_kalman_em,exact,2024:Q1:pre_third:exact,2024-06-26,pre_third,2024:Q1,S,M,0.01982496440744412,0.0,0.035674209917137156,4.082011283931077,True,3,0.02
joint_indicator_revision_dfm_full_kalman_em,exact,2024:Q1:pre_third:exact,2024-06-26,pre_third,2024:Q1,S,S,0.03974058717157514,0.0,0.035674209917137156,4.082011283931077,True,3,0.02
joint_indicator_revision_dfm_full_kalman_em,exact,2024:Q1:pre_third:exact,2024-06-26,pre_third,2024:Q1,S,T,0.019606985508140055,0.0,0.035674209917137156,4.082011283931077,True,3,0.02
joint_indicator_revision_dfm_full_kalman_em,exact,2024:Q1:pre_third:exact,2024-06-26,pre_third,2024:Q1,T,A,0.0069531583517294685,0.0,0.035674209917137156,4.082011283931077,True,3,0.02
joint_indicator_revision_dfm_full_kalman_em,exact,2024:Q1:pre_third:exact,2024-06-26,pre_third,2024:Q1,T,M,0.020272976411109034,0.0,0.035674209917137156,4.082011283931077,True,3,0.02
joint_indicator_revision_dfm_full_kalman_em,exact,2024:Q1:pre_third:exact,2024-06-26,pre_third,2024:Q1,T,S,0.019606985508140055,0.0,0.035674209917137156,4.082011283931077,True,3,0.02
joint_indicator_revision_dfm_full_kalman_em,exact,2024:Q1:pre_third:exact,2024-06-26,pre_third,2024:Q1,T,T,0.13994355622771557,0.0,0.035674209917137156,4.082011283931077,True,3,0.02
monthly_mixed_frequency_kalman_em,exact,2024:Q1:pre_third:exact,2024-06-26,pre_third,2024:Q1,A,A,0.2997106275388874,0.0,0.057836012100020366,4.253722105078502,True,3,0.02
monthly_mixed_frequency_kalman_em,exact,2024:Q1:pre_third:exact,2024-06-26,pre_third,2024:Q1,A,M,-0.040990649189373445,0.0,0.057836012100020366,4.253722105078502,True,3,0.02
monthly_mixed_frequency_kalman_em,exact,2024:Q1:pre_third:exact,2024-06-26,pre_third,2024:Q1,A,S,0.029669166328489975,0.0,0.057836012100020366,4.253722105078502,True,3,0.02
monthly_mixed_frequency_kalman_em,exact,2024:Q1:pre_third:exact,2024-06-26,pre_third,2024:Q1,A,T,-0.008872551226708263,0.0,0.057836012100020366,4.253722105078502,True,3,0.02
monthly_mixed_frequency_kalman_em,exact,2024:Q1:pre_third:exact,2024-06-26,pre_third,2024:Q1,M,A,-0.040990649189373445,0.0,0.057836012100020366,4.253722105078502,True,3,0.02
monthly_mixed_frequency_kalman_em,exact,2024:Q1:pre_third:exact,2024-06-26,pre_third,2024:Q1,M,M,4.24821237935053,0.0,0.057836012100020366,4.253722105078502,True,3,0.02
monthly_mixed_frequency_kalman_em,exact,2024:Q1:pre_third:exact,2024-06-26,pre_third,2024:Q1,M,S,0.061680809008802844,0.0,0.057836012100020366,4.253722105078502,True,3,0.02
monthly_mixed_frequency_kalman_em,exact,2024:Q1:pre_third:exact,2024-06-26,pre_third,2024:Q1,M,T,0.13012844780758706,0.0,0.057836012100020366,4.253722105078502,True,3,0.02
monthly_mixed_frequency_kalman_em,exact,2024:Q1:pre_third:exact,2024-06-26,pre_third,2024:Q1,S,A,0.029669166328489975,0.0,0.057836012100020366,4.253722105078502,True,3,0.02
monthly_mixed_frequency_kalman_em,exact,2024:Q1:pre_third:exact,2024-06-26,pre_third,2024:Q1,S,M,0.061680809008802844,0.0,0.057836012100020366,4.253722105078502,True,3,0.02
monthly_mixed_frequency_kalman_em,exact,2024:Q1:pre_third:exact,2024-06-26,pre_third,2024:Q1,S,S,0.09581974998372515,0.0,0.057836012100020366,4.253722105078502,True,3,0.02
monthly_mixed_frequency_kalman_em,exact,2024:Q1:pre_third:exact,2024-06-26,pre_third,2024:Q1,S,T,0.05367789833872462,0.0,0.057836012100020366,4.253722105078502,True,3,0.02
monthly_mixed_frequency_kalman_em,exact,2024:Q1:pre_third:exact,2024-06-26,pre_third,2024:Q1,T,A,-0.008872551226708263,0.0,0.057836012100020366,4.253722105078502,True,3,0.02
monthly_mixed_frequency_kalman_em,exact,2024:Q1:pre_third:exact,2024-06-26,pre_third,2024:Q1,T,M,0.13012844780758706,0.0,0.057836012100020366,4.253722105078502,True,3,0.02
monthly_mixed_frequency_kalman_em,exact,2024:Q1:pre_third:exact,2024-06-26,pre_third,2024:Q1,T,S,0.05367789833872462,0.0,0.057836012100020366,4.253722105078502,True,3,0.02
monthly_mixed_frequency_kalman_em,exact,2024:Q1:pre_third:exact,2024-06-26,pre_third,2024:Q1,T,T,0.1456148389049731,0.0,0.057836012100020366,4.253722105078502,True,3,0.02
revision_dfm_kalman_em,exact,2024:Q1:pre_third:exact,2024-06-26,pre_third,2024:Q1,A,A,0.2240701204964556,2.6020852139652106e-18,0.040785467807033876,4.078999878563379,True,3,0.02
revision_dfm_kalman_em,exact,2024:Q1:pre_third:exact,2024-06-26,pre_third,2024:Q1,A,M,0.005828284477001883,2.6020852139652106e-18,0.040785467807033876,4.078999878563379,True,3,0.02
revision_dfm_kalman_em,exact,2024:Q1:pre_third:exact,2024-06-26,pre_third,2024:Q1,A,S,0.009471954220114508,2.6020852139652106e-18,0.040785467807033876,4.078999878563379,True,3,0.02
revision_dfm_kalman_em,exact,2024:Q1:pre_third:exact,2024-06-26,pre_third,2024:Q1,A,T,0.007285752374246932,2.6020852139652106e-18,0.040785467807033876,4.078999878563379,True,3,0.02
revision_dfm_kalman_em,exact,2024:Q1:pre_third:exact,2024-06-26,pre_third,2024:Q1,M,A,0.005828284477001883,2.6020852139652106e-18,0.040785467807033876,4.078999878563379,True,3,0.02
revision_dfm_kalman_em,exact,2024:Q1:pre_third:exact,2024-06-26,pre_third,2024:Q1,M,M,4.078713778250542,2.6020852139652106e-18,0.040785467807033876,4.078999878563379,True,3,0.02
revision_dfm_kalman_em,exact,2024:Q1:pre_third:exact,2024-06-26,pre_third,2024:Q1,M,S,0.02314640965094186,2.6020852139652106e-18,0.040785467807033876,4.078999878563379,True,3,0.02
revision_dfm_kalman_em,exact,2024:Q1:pre_third:exact,2024-06-26,pre_third,2024:Q1,M,T,0.023693297814329436,2.6020852139652106e-18,0.040785467807033876,4.078999878563379,True,3,0.02
revision_dfm_kalman_em,exact,2024:Q1:pre_third:exact,2024-06-26,pre_third,2024:Q1,S,A,0.009471954220114508,2.6020852139652106e-18,0.040785467807033876,4.078999878563379,True,3,0.02
revision_dfm_kalman_em,exact,2024:Q1:pre_third:exact,2024-06-26,pre_third,2024:Q1,S,M,0.02314640965094186,2.6020852139652106e-18,0.040785467807033876,4.078999878563379,True,3,0.02
revision_dfm_kalman_em,exact,2024:Q1:pre_third:exact,2024-06-26,pre_third,2024:Q1,S,S,0.046432284369460654,2.6020852139652106e-18,0.040785467807033876,4.078999878563379,True,3,0.02
revision_dfm_kalman_em,exact,2024:Q1:pre_third:exact,2024-06-26,pre_third,2024:Q1,S,T,0.02287292054232531,2.6020852139652106e-18,0.040785467807033876,4.078999878563379,True,3,0.02
revision_dfm_kalman_em,exact,2024:Q1:pre_third:exact,2024-06-26,pre_third,2024:Q1,T,A,0.00728575237424693,2.6020852139652106e-18,0.040785467807033876,4.078999878563379,True,3,0.02
revision_dfm_kalman_em,exact,2024:Q1:pre_third:exact,2024-06-26,pre_third,2024:Q1,T,M,0.023693297814329436,2.6020852139652106e-18,0.040785467807033876,4.078999878563379,True,3,0.02
revision_dfm_kalman_em,exact,2024:Q1:pre_third:exact,2024-06-26,pre_third,2024:Q1,T,S,0.02287292054232531,2.6020852139652106e-18,0.040785467807033876,4.078999878563379,True,3,0.02
revision_dfm_kalman_em,exact,2024:Q1:pre_third:exact,2024-06-26,pre_third,2024:Q1,T,T,0.1406798248928225,2.6020852139652106e-18,0.040785467807033876,4.078999878563379,True,3,0.02
indicator_revision_only_dfm_kalman_em,pseudo,2024:Q1:pre_third:pseudo,2024-06-30,pre_third,2024:Q1,A,A,0.4052439191150458,0.0,0.03090194956748701,4.074347388988059,True,3,0.02
indicator_revision_only_dfm_kalman_em,pseudo,2024:Q1:pre_third:pseudo,2024-06-30,pre_third,2024:Q1,A,M,0.01654497567704934,0.0,0.03090194956748701,4.074347388988059,True,3,0.02
indicator_revision_only_dfm_kalman_em,pseudo,2024:Q1:pre_third:pseudo,2024-06-30,pre_third,2024:Q1,A,S,0.01654497567704934,0.0,0.03090194956748701,4.074347388988059,True,3,0.02
indicator_revision_only_dfm_kalman_em,pseudo,2024:Q1:pre_third:pseudo,2024-06-30,pre_third,2024:Q1,A,T,0.01654497567704934,0.0,0.03090194956748701,4.074347388988059,True,3,0.02
indicator_revision_only_dfm_kalman_em,pseudo,2024:Q1:pre_third:pseudo,2024-06-30,pre_third,2024:Q1,M,A,0.01654497567704934,0.0,0.03090194956748701,4.074347388988059,True,3,0.02
indicator_revision_only_dfm_kalman_em,pseudo,2024:Q1:pre_third:pseudo,2024-06-30,pre_third,2024:Q1,M,M,4.074133585129439,0.0,0.03090194956748701,4.074347388988059,True,3,0.02
indicator_revision_only_dfm_kalman_em,pseudo,2024:Q1:pre_third:pseudo,2024-06-30,pre_third,2024:Q1,M,S,0.01654497567704934,0.0,0.03090194956748701,4.074347388988059,True,3,0.02
indicator_revision_only_dfm_kalman_em,pseudo,2024:Q1:pre_third:pseudo,2024-06-30,pre_third,2024:Q1,M,T,0.01654497567704934,0.0,0.03090194956748701,4.074347388988059,True,3,0.02
indicator_revision_only_dfm_kalman_em,pseudo,2024:Q1:pre_third:pseudo,2024-06-30,pre_third,2024:Q1,S,A,0.01654497567704934,0.0,0.03090194956748701,4.074347388988059,True,3,0.02
indicator_revision_only_dfm_kalman_em,pseudo,2024:Q1:pre_third:pseudo,2024-06-30,pre_third,2024:Q1,S,M,0.01654497567704934,0.0,0.03090194956748701,4.074347388988059,True,3,0.02
indicator_revision_only_dfm_kalman_em,pseudo,2024:Q1:pre_third:pseudo,2024-06-30,pre_third,2024:Q1,S,S,0.03393013824639968,0.0,0.03090194956748701,4.074347388988059,True,3,0.02
indicator_revision_only_dfm_kalman_em,pseudo,2024:Q1:pre_third:pseudo,2024-06-30,pre_third,2024:Q1,S,T,0.01654497567704934,0.0,0.03090194956748701,4.074347388988059,True,3,0.02
indicator_revision_only_dfm_kalman_em,pseudo,2024:Q1:pre_third:pseudo,2024-06-30,pre_third,2024:Q1,T,A,0.01654497567704934,0.0,0.03090194956748701,4.074347388988059,True,3,0.02
indicator_revision_only_dfm_kalman_em,pseudo,2024:Q1:pre_third:pseudo,2024-06-30,pre_third,2024:Q1,T,M,0.01654497567704934,0.0,0.03090194956748701,4.074347388988059,True,3,0.02
indicator_revision_only_dfm_kalman_em,pseudo,2024:Q1:pre_third:pseudo,2024-06-30,pre_third,2024:Q1,T,S,0.01654497567704934,0.0,0.03090194956748701,4.074347388988059,True,3,0.02
indicator_revision_only_dfm_kalman_em,pseudo,2024:Q1:pre_third:pseudo,2024-06-30,pre_third,2024:Q1,T,T,0.14270729426548776,0.0,0.03090194956748701,4.074347388988059,True,3,0.02
joint_indicator_revision_dfm_full_kalman_em,pseudo,2024:Q1:pre_third:pseudo,2024-06-30,pre_third,2024:Q1,A,A,0.2194192969331758,1.734723475976807e-18,0.035682997494588434,4.081994135569914,True,3,0.02
joint_indicator_revision_dfm_full_kalman_em,pseudo,2024:Q1:pre_third:pseudo,2024-06-30,pre_third,2024:Q1,A,M,0.005656015334442715,1.734723475976807e-18,0.035682997494588434,4.081994135569914,True,3,0.02
joint_indicator_revision_dfm_full_kalman_em,pseudo,2024:Q1:pre_third:pseudo,2024-06-30,pre_third,2024:Q1,A,S,0.008945493243658962,1.734723475976807e-18,0.035682997494588434,4.081994135569914,True,3,0.02
joint_indicator_revision_dfm_full_kalman_em,pseudo,2024:Q1:pre_third:pseudo,2024-06-30,pre_third,2024:Q1,A,T,0.006971806498129214,1.734723475976807e-18,0.035682997494588434,4.081994135569914,True,3,0.02
joint_indicator_revision_dfm_full_kalman_em,pseudo,2024:Q1:pre_third:pseudo,2024-06-30,pre_third,2024:Q1,M,A,0.005656015334442715,1.734723475976807e-18,0.035682997494588434,4.081994135569914,True,3,0.02
joint_indicator_revision_dfm_full_kalman_em,pseudo,2024:Q1:pre_third:pseudo,2024-06-30,pre_third,2024:Q1,M,M,4.081783037233784,1.734723475976807e-18,0.035682997494588434,4.081994135569914,True,3,0.02
joint_indicator_revision_dfm_full_kalman_em,pseudo,2024:Q1:pre_third:pseudo,2024-06-30,pre_third,2024:Q1,M,S,0.019829937125720797,1.734723475976807e-18,0.035682997494588434,4.081994135569914,True,3,0.02
joint_indicator_revision_dfm_full_kalman_em,pseudo,2024:Q1:pre_third:pseudo,2024-06-30,pre_third,2024:Q1,M,T,0.020277534655971683,1.734723475976807e-18,0.035682997494588434,4.081994135569914,True,3,0.02
joint_indicator_revision_dfm_full_kalman_em,pseudo,2024:Q1:pre_third:pseudo,2024-06-30,pre_third,2024:Q1,S,A,0.008945493243658963,1.734723475976807e-18,0.035682997494588434,4.081994135569914,True,3,0.02
joint_indicator_revision_dfm_full_kalman_em,pseudo,2024:Q1:pre_third:pseudo,2024-06-30,pre_third,2024:Q1,S,M,0.019829937125720797,1.734723475976807e-18,0.035682997494588434,4.081994135569914,True,3,0.02
joint_indicator_revision_dfm_full_kalman_em,pseudo,2024:Q1:pre_third:pseudo,2024-06-30,pre_third,2024:Q1,S,S,0.03975222057312148,1.734723475976807e-18,0.035682997494588434,4.081994135569914,True,3,0.02
joint_indicator_revision_dfm_full_kalman_em,pseudo,2024:Q1:pre_third:pseudo,2024-06-30,pre_third,2024:Q1,S,T,0.01961224824807956,1.734723475976807e-18,0.035682997494588434,4.081994135569914,True,3,0.02
joint_indicator_revision_dfm_full_kalman_em,pseudo,2024:Q1:pre_third:pseudo,2024-06-30,pre_third,2024:Q1,T,A,0.006971806498129214,1.734723475976807e-18,0.035682997494588434,4.081994135569914,True,3,0.02
joint_indicator_revision_dfm_full_kalman_em,pseudo,2024:Q1:pre_third:pseudo,2024-06-30,pre_third,2024:Q1,T,M,0.020277534655971683,1.734723475976807e-18,0.035682997494588434,4.081994135569914,True,3,0.02
joint_indicator_revision_dfm_full_kalman_em,pseudo,2024:Q1:pre_third:pseudo,2024-06-30,pre_third,2024:Q1,T,S,0.01961224824807956,1.734723475976807e-18,0.035682997494588434,4.081994135569914,True,3,0.02
joint_indicator_revision_dfm_full_kalman_em,pseudo,2024:Q1:pre_third:pseudo,2024-06-30,pre_third,2024:Q1,T,T,0.1399446441731239,1.734723475976807e-18,0.035682997494588434,4.081994135569914,True,3,0.02
monthly_mixed_frequency_kalman_em,pseudo,2024:Q1:pre_third:pseudo,2024-06-30,pre_third,2024:Q1,A,A,0.2997557271905836,0.0,0.057885434899172104,4.253922310172373,True,3,0.02
monthly_mixed_frequency_kalman_em,pseudo,2024:Q1:pre_third:pseudo,2024-06-30,pre_third,2024:Q1,A,M,-0.04004652936653829,0.0,0.057885434899172104,4.253922310172373,True,3,0.02
monthly_mixed_frequency_kalman_em,pseudo,2024:Q1:pre_third:pseudo,2024-06-30,pre_third,2024:Q1,A,S,0.029885476597323418,0.0,0.057885434899172104,4.253922310172373,True,3,0.02
monthly_mixed_frequency_kalman_em,pseudo,2024:Q1:pre_third:pseudo,2024-06-30,pre_third,2024:Q1,A,T,-0.008259253928419337,0.0,0.057885434899172104,4.253922310172373,True,3,0.02
monthly_mixed_frequency_kalman_em,pseudo,2024:Q1:pre_third:pseudo,2024-06-30,pre_third,2024:Q1,M,A,-0.04004652936653829,0.0,0.057885434899172104,4.253922310172373,True,3,0.02
monthly_mixed_frequency_kalman_em,pseudo,2024:Q1:pre_third:pseudo,2024-06-30,pre_third,2024:Q1,M,M,4.248453658744761,0.0,0.057885434899172104,4.253922310172373,True,3,0.02
monthly_mixed_frequency_kalman_em,pseudo,2024:Q1:pre_third:pseudo,2024-06-30,pre_third,2024:Q1,M,S,0.06182202544923393,0.0,0.057885434899172104,4.253922310172373,True,3,0.02
monthly_mixed_frequency_kalman_em,pseudo,2024:Q1:pre_third:pseudo,2024-06-30,pre_third,2024:Q1,M,T,0.12973439532641542,0.0,0.057885434899172104,4.253922310172373,True,3,0.02
monthly_mixed_frequency_kalman_em,pseudo,2024:Q1:pre_third:pseudo,2024-06-30,pre_third,2024:Q1,S,A,0.029885476597323418,0.0,0.057885434899172104,4.253922310172373,True,3,0.02
monthly_mixed_frequency_kalman_em,pseudo,2024:Q1:pre_third:pseudo,2024-06-30,pre_third,2024:Q1,S,M,0.06182202544923393,0.0,0.057885434899172104,4.253922310172373,True,3,0.02
monthly_mixed_frequency_kalman_em,pseudo,2024:Q1:pre_third:pseudo,2024-06-30,pre_third,2024:Q1,S,S,0.09624872487908823,0.0,0.057885434899172104,4.253922310172373,True,3,0.02
monthly_mixed_frequency_kalman_em,pseudo,2024:Q1:pre_third:pseudo,2024-06-30,pre_third,2024:Q1,S,T,0.05383788823625631,0.0,0.057885434899172104,4.253922310172373,True,3,0.02
monthly_mixed_frequency_kalman_em,pseudo,2024:Q1:pre_third:pseudo,2024-06-30,pre_third,2024:Q1,T,A,-0.008259253928419337,0.0,0.057885434899172104,4.253922310172373,True,3,0.02
monthly_mixed_frequency_kalman_em,pseudo,2024:Q1:pre_third:pseudo,2024-06-30,pre_third,2024:Q1,T,M,0.12973439532641542,0.0,0.057885434899172104,4.253922310172373,True,3,0.02
monthly_mixed_frequency_kalman_em,pseudo,2024:Q1:pre_third:pseudo,2024-06-30,pre_third,2024:Q1,T,S,0.05383788823625631,0.0,0.057885434899172104,4.253922310172373,True,3,0.02
monthly_mixed_frequency_kalman_em,pseudo,2024:Q1:pre_third:pseudo,2024-06-30,pre_third,2024:Q1,T,T,0.14509567105884083,0.0,0.057885434899172104,4.253922310172373,True,3,0.02
revision_dfm_kalman_em,pseudo,2024:Q1:pre_third:pseudo,2024-06-30,pre_third,2024:Q1,A,A,0.22338890532810227,3.469446951953614e-18,0.0408258388897749,4.0790840216477795,True,3,0.02
revision_dfm_kalman_em,pseudo,2024:Q1:pre_third:pseudo,2024-06-30,pre_third,2024:Q1,A,M,0.0057740837540884785,3.469446951953614e-18,0.0408258388897749,4.0790840216477795,True,3,0.02
revision_dfm_kalman_em,pseudo,2024:Q1:pre_third:pseudo,2024-06-30,pre_third,2024:Q1,A,S,0.00942083214113978,3.469446951953614e-18,0.0408258388897749,4.0790840216477795,True,3,0.02
revision_dfm_kalman_em,pseudo,2024:Q1:pre_third:pseudo,2024-06-30,pre_third,2024:Q1,A,T,0.007232783108908999,3.469446951953614e-18,0.0408258388897749,4.0790840216477795,True,3,0.02
revision_dfm_kalman_em,pseudo,2024:Q1:pre_third:pseudo,2024-06-30,pre_third,2024:Q1,M,A,0.0057740837540884785,3.469446951953614e-18,0.0408258388897749,4.0790840216477795,True,3,0.02
revision_dfm_kalman_em,pseudo,2024:Q1:pre_third:pseudo,2024-06-30,pre_third,2024:Q1,M,M,4.078797321967099,3.469446951953614e-18,0.0408258388897749,4.0790840216477795,True,3,0.02
revision_dfm_kalman_em,pseudo,2024:Q1:pre_third:pseudo,2024-06-30,pre_third,2024:Q1,M,S,0.02317761931033529,3.469446951953614e-18,0.0408258388897749,4.0790840216477795,True,3,0.02
revision_dfm_kalman_em,pseudo,2024:Q1:pre_third:pseudo,2024-06-30,pre_third,2024:Q1,M,T,0.023727204643690446,3.469446951953614e-18,0.0408258388897749,4.0790840216477795,True,3,0.02
revision_dfm_kalman_em,pseudo,2024:Q1:pre_third:pseudo,2024-06-30,pre_third,2024:Q1,S,A,0.009420832141139781,3.469446951953614e-18,0.0408258388897749,4.0790840216477795,True,3,0.02
revision_dfm_kalman_em,pseudo,2024:Q1:pre_third:pseudo,2024-06-30,pre_third,2024:Q1,S,M,0.02317761931033529,3.469446951953614e-18,0.0408258388897749,4.0790840216477795,True,3,0.02
revision_dfm_kalman_em,pseudo,2024:Q1:pre_third:pseudo,2024-06-30,pre_third,2024:Q1,S,S,0.046487155021247686,3.469446951953614e-18,0.0408258388897749,4.0790840216477795,True,3,0.02
revision_dfm_kalman_em,pseudo,2024:Q1:pre_third:pseudo,2024-06-30,pre_third,2024:Q1,S,T,0.02290248356695138,3.469446951953614e-18,0.0408258388897749,4.0790840216477795,True,3,0.02
revision_dfm_kalman_em,pseudo,2024:Q1:pre_third:pseudo,2024-06-30,pre_third,2024:Q1,T,A,0.007232783108908998,3.469446951953614e-18,0.0408258388897749,4.0790840216477795,True,3,0.02
revision_dfm_kalman_em,pseudo,2024:Q1:pre_third:pseudo,2024-06-30,pre_third,2024:Q1,T,M,0.023727204643690446,3.469446951953614e-18,0.0408258388897749,4.0790840216477795,True,3,0.02
revision_dfm_kalman_em,pseudo,2024:Q1:pre_third:pseudo,2024-06-30,pre_third,2024:Q1,T,S,0.022902483566951376,3.469446951953614e-18,0.0408258388897749,4.0790840216477795,True,3,0.02
revision_dfm_kalman_em,pseudo,2024:Q1:pre_third:pseudo,2024-06-30,pre_third,2024:Q1,T,T,0.1406610053516419,3.469446951953614e-18,0.0408258388897749,4.0790840216477795,True,3,0.02
indicator_revision_only_dfm_kalman_em,exact,2024:Q2:pre_advance:exact,2024-07-24,pre_advance,2024:Q2,A,A,3.9299289541791986,0.0,0.06568102650257096,15.532340274623648,True,3,0.02
indicator_revision_only_dfm_kalman_em,exact,2024:Q2:pre_advance:exact,2024-07-24,pre_advance,2024:Q2,A,M,3.5405480197842794,0.0,0.06568102650257096,15.532340274623648,True,3,0.02
indicator_revision_only_dfm_kalman_em,exact,2024:Q2:pre_advance:exact,2024-07-24,pre_advance,2024:Q2,A,S,3.5405480197842794,0.0,0.06568102650257096,15.532340274623648,True,3,0.02
indicator_revision_only_dfm_kalman_em,exact,2024:Q2:pre_advance:exact,2024-07-24,pre_advance,2024:Q2,A,T,3.5405480197842794,0.0,0.06568102650257096,15.532340274623648,True,3,0.02
indicator_revision_only_dfm_kalman_em,exact,2024:Q2:pre_advance:exact,2024-07-24,pre_advance,2024:Q2,M,A,3.5405480197842794,0.0,0.06568102650257096,15.532340274623648,True,3,0.02
indicator_revision_only_dfm_kalman_em,exact,2024:Q2:pre_advance:exact,2024-07-24,pre_advance,2024:Q2,M,M,7.584695991416533,0.0,0.06568102650257096,15.532340274623648,True,3,0.02
indicator_revision_only_dfm_kalman_em,exact,2024:Q2:pre_advance:exact,2024-07-24,pre_advance,2024:Q2,M,S,3.5405480197842794,0.0,0.06568102650257096,15.532340274623648,True,3,0.02
indicator_revision_only_dfm_kalman_em,exact,2024:Q2:pre_advance:exact,2024-07-24,pre_advance,2024:Q2,M,T,3.5405480197842794,0.0,0.06568102650257096,15.532340274623648,True,3,0.02
indicator_revision_only_dfm_kalman_em,exact,2024:Q2:pre_advance:exact,2024-07-24,pre_advance,2024:Q2,S,A,3.5405480197842794,0.0,0.06568102650257096,15.532340274623648,True,3,0.02
indicator_revision_only_dfm_kalman_em,exact,2024:Q2:pre_advance:exact,2024-07-24,pre_advance,2024:Q2,S,M,3.5405480197842794,0.0,0.06568102650257096,15.532340274623648,True,3,0.02
indicator_revision_only_dfm_kalman_em,exact,2024:Q2:pre_advance:exact,2024-07-24,pre_advance,2024:Q2,S,S,3.555933569119499,0.0,0.06568102650257096,15.532340274623648,True,3,0.02
indicator_revision_only_dfm_kalman_em,exact,2024:Q2:pre_advance:exact,2024-07-24,pre_advance,2024:Q2,S,T,3.5405480197842794,0.0,0.06568102650257096,15.532340274623648,True,3,0.02
indicator_revision_only_dfm_kalman_em,exact,2024:Q2:pre_advance:exact,2024-07-24,pre_advance,2024:Q2,T,A,3.5405480197842794,0.0,0.06568102650257096,15.532340274623648,True,3,0.02
indicator_revision_only_dfm_kalman_em,exact,2024:Q2:pre_advance:exact,2024-07-24,pre_advance,2024:Q2,T,M,3.5405480197842794,0.0,0.06568102650257096,15.532340274623648,True,3,0.02
indicator_revision_only_dfm_kalman_em,exact,2024:Q2:pre_advance:exact,2024-07-24,pre_advance,2024:Q2,T,S,3.5405480197842794,0.0,0.06568102650257096,15.532340274623648,True,3,0.02
indicator_revision_only_dfm_kalman_em,exact,2024:Q2:pre_advance:exact,2024-07-24,pre_advance,2024:Q2,T,T,3.6677318280534394,0.0,0.06568102650257096,15.532340274623648,True,3,0.02
joint_indicator_revision_dfm_full_kalman_em,exact,2024:Q2:pre_advance:exact,2024-07-24,pre_advance,2024:Q2,A,A,2.9359416088008996,0.0,0.06376890525200818,15.579594500853613,True,3,0.02
joint_indicator_revision_dfm_full_kalman_em,exact,2024:Q2:pre_advance:exact,2024-07-24,pre_advance,2024:Q2,A,M,3.2075930211764088,0.0,0.06376890525200818,15.579594500853613,True,3,0.02
joint_indicator_revision_dfm_full_kalman_em,exact,2024:Q2:pre_advance:exact,2024-07-24,pre_advance,2024:Q2,A,S,3.184746516065466,0.0,0.06376890525200818,15.579594500853613,True,3,0.02
joint_indicator_revision_dfm_full_kalman_em,exact,2024:Q2:pre_advance:exact,2024-07-24,pre_advance,2024:Q2,A,T,3.1984544191320317,0.0,0.06376890525200818,15.579594500853613,True,3,0.02
joint_indicator_revision_dfm_full_kalman_em,exact,2024:Q2:pre_advance:exact,2024-07-24,pre_advance,2024:Q2,M,A,3.2075930211764088,0.0,0.06376890525200818,15.579594500853613,True,3,0.02
joint_indicator_revision_dfm_full_kalman_em,exact,2024:Q2:pre_advance:exact,2024-07-24,pre_advance,2024:Q2,M,M,7.904416327792266,0.0,0.06376890525200818,15.579594500853613,True,3,0.02
joint_indicator_revision_dfm_full_kalman_em,exact,2024:Q2:pre_advance:exact,2024-07-24,pre_advance,2024:Q2,M,S,3.8219945819523984,0.0,0.06376890525200818,15.579594500853613,True,3,0.02
joint_indicator_revision_dfm_full_kalman_em,exact,2024:Q2:pre_advance:exact,2024-07-24,pre_advance,2024:Q2,M,T,3.8413967365032193,0.0,0.06376890525200818,15.579594500853613,True,3,0.02
joint_indicator_revision_dfm_full_kalman_em,exact,2024:Q2:pre_advance:exact,2024-07-24,pre_advance,2024:Q2,S,A,3.184746516065466,0.0,0.06376890525200818,15.579594500853613,True,3,0.02
joint_indicator_revision_dfm_full_kalman_em,exact,2024:Q2:pre_advance:exact,2024-07-24,pre_advance,2024:Q2,S,M,3.8219945819523984,0.0,0.06376890525200818,15.579594500853613,True,3,0.02
joint_indicator_revision_dfm_full_kalman_em,exact,2024:Q2:pre_advance:exact,2024-07-24,pre_advance,2024:Q2,S,S,3.8081620177078426,0.0,0.06376890525200818,15.579594500853613,True,3,0.02
joint_indicator_revision_dfm_full_kalman_em,exact,2024:Q2:pre_advance:exact,2024-07-24,pre_advance,2024:Q2,S,T,3.8092496206346595,0.0,0.06376890525200818,15.579594500853613,True,3,0.02
joint_indicator_revision_dfm_full_kalman_em,exact,2024:Q2:pre_advance:exact,2024-07-24,pre_advance,2024:Q2,T,A,3.1984544191320317,0.0,0.06376890525200818,15.579594500853613,True,3,0.02
joint_indicator_revision_dfm_full_kalman_em,exact,2024:Q2:pre_advance:exact,2024-07-24,pre_advance,2024:Q2,T,M,3.8413967365032193,0.0,0.06376890525200818,15.579594500853613,True,3,0.02
joint_indicator_revision_dfm_full_kalman_em,exact,2024:Q2:pre_advance:exact,2024-07-24,pre_advance,2024:Q2,T,S,3.8092496206346595,0.0,0.06376890525200818,15.579594500853613,True,3,0.02
joint_indicator_revision_dfm_full_kalman_em,exact,2024:Q2:pre_advance:exact,2024-07-24,pre_advance,2024:Q2,T,T,3.9503628433347107,0.0,0.06376890525200818,15.579594500853613,True,3,0.02
monthly_mixed_frequency_kalman_em,exact,2024:Q2:pre_advance:exact,2024-07-24,pre_advance,2024:Q2,A,A,4.506653910650042,0.0,0.06085173465675799,18.73351397744992,True,3,0.02
monthly_mixed_frequency_kalman_em,exact,2024:Q2:pre_advance:exact,2024-07-24,pre_advance,2024:Q2,A,M,4.21396243808086,0.0,0.06085173465675799,18.73351397744992,True,3,0.02
monthly_mixed_frequency_kalman_em,exact,2024:Q2:pre_advance:exact,2024-07-24,pre_advance,2024:Q2,A,S,4.257525936979976,0.0,0.06085173465675799,18.73351397744992,True,3,0.02
monthly_mixed_frequency_kalman_em,exact,2024:Q2:pre_advance:exact,2024-07-24,pre_advance,2024:Q2,A,T,4.233764028489549,0.0,0.06085173465675799,18.73351397744992,True,3,0.02
monthly_mixed_frequency_kalman_em,exact,2024:Q2:pre_advance:exact,2024-07-24,pre_advance,2024:Q2,M,A,4.21396243808086,0.0,0.06085173465675799,18.73351397744992,True,3,0.02
monthly_mixed_frequency_kalman_em,exact,2024:Q2:pre_advance:exact,2024-07-24,pre_advance,2024:Q2,M,M,8.662547855017952,0.0,0.06085173465675799,18.73351397744992,True,3,0.02
monthly_mixed_frequency_kalman_em,exact,2024:Q2:pre_advance:exact,2024-07-24,pre_advance,2024:Q2,M,S,4.3962921826165555,0.0,0.06085173465675799,18.73351397744992,True,3,0.02
monthly_mixed_frequency_kalman_em,exact,2024:Q2:pre_advance:exact,2024-07-24,pre_advance,2024:Q2,M,T,4.517845345640353,0.0,0.06085173465675799,18.73351397744992,True,3,0.02
monthly_mixed_frequency_kalman_em,exact,2024:Q2:pre_advance:exact,2024-07-24,pre_advance,2024:Q2,S,A,4.257525936979976,0.0,0.06085173465675799,18.73351397744992,True,3,0.02
monthly_mixed_frequency_kalman_em,exact,2024:Q2:pre_advance:exact,2024-07-24,pre_advance,2024:Q2,S,M,4.3962921826165555,0.0,0.06085173465675799,18.73351397744992,True,3,0.02
monthly_mixed_frequency_kalman_em,exact,2024:Q2:pre_advance:exact,2024-07-24,pre_advance,2024:Q2,S,S,4.37177276005579,0.0,0.06085173465675799,18.73351397744992,True,3,0.02
monthly_mixed_frequency_kalman_em,exact,2024:Q2:pre_advance:exact,2024-07-24,pre_advance,2024:Q2,S,T,4.361600621207411,0.0,0.06085173465675799,18.73351397744992,True,3,0.02
monthly_mixed_frequency_kalman_em,exact,2024:Q2:pre_advance:exact,2024-07-24,pre_advance,2024:Q2,T,A,4.233764028489549,0.0,0.06085173465675799,18.73351397744992,True,3,0.02
monthly_mixed_frequency_kalman_em,exact,2024:Q2:pre_advance:exact,2024-07-24,pre_advance,2024:Q2,T,M,4.517845345640353,0.0,0.06085173465675799,18.73351397744992,True,3,0.02
monthly_mixed_frequency_kalman_em,exact,2024:Q2:pre_advance:exact,2024-07-24,pre_advance,2024:Q2,T,S,4.361600621207411,0.0,0.06085173465675799,18.73351397744992,True,3,0.02
monthly_mixed_frequency_kalman_em,exact,2024:Q2:pre_advance:exact,2024-07-24,pre_advance,2024:Q2,T,T,4.496567353902712,0.0,0.06085173465675799,18.73351397744992,True,3,0.02
revision_dfm_kalman_em,exact,2024:Q2:pre_advance:exact,2024-07-24,pre_advance,2024:Q2,A,A,2.954178758553222,4.440892098500626e-16,0.06546019917025535,14.755730391161851,True,3,0.02
revision_dfm_kalman_em,exact,2024:Q2:pre_advance:exact,2024-07-24,pre_advance,2024:Q2,A,M,3.0744717257664136,4.440892098500626e-16,0.06546019917025535,14.755730391161851,True,3,0.02
revision_dfm_kalman_em,exact,2024:Q2:pre_advance:exact,2024-07-24,pre_advance,2024:Q2,A,S,3.061244504838301,4.440892098500626e-16,0.06546019917025535,14.755730391161851,True,3,0.02
revision_dfm_kalman_em,exact,2024:Q2:pre_advance:exact,2024-07-24,pre_advance,2024:Q2,A,T,3.0691808373951686,4.440892098500626e-16,0.06546019917025535,14.755730391161851,True,3,0.02
revision_dfm_kalman_em,exact,2024:Q2:pre_advance:exact,2024-07-24,pre_advance,2024:Q2,M,A,3.0744717257664136,4.440892098500626e-16,0.06546019917025535,14.755730391161851,True,3,0.02
revision_dfm_kalman_em,exact,2024:Q2:pre_advance:exact,2024-07-24,pre_advance,2024:Q2,M,M,7.617424251156466,4.440892098500626e-16,0.06546019917025535,14.755730391161851,True,3,0.02
revision_dfm_kalman_em,exact,2024:Q2:pre_advance:exact,2024-07-24,pre_advance,2024:Q2,M,S,3.5550156838982763,4.440892098500626e-16,0.06546019917025535,14.755730391161851,True,3,0.02
revision_dfm_kalman_em,exact,2024:Q2:pre_advance:exact,2024-07-24,pre_advance,2024:Q2,M,T,3.5701907562603354,4.440892098500626e-16,0.06546019917025535,14.755730391161851,True,3,0.02
revision_dfm_kalman_em,exact,2024:Q2:pre_advance:exact,2024-07-24,pre_advance,2024:Q2,S,A,3.061244504838301,4.440892098500626e-16,0.06546019917025535,14.755730391161851,True,3,0.02
revision_dfm_kalman_em,exact,2024:Q2:pre_advance:exact,2024-07-24,pre_advance,2024:Q2,S,M,3.5550156838982763,4.440892098500626e-16,0.06546019917025535,14.755730391161851,True,3,0.02
revision_dfm_kalman_em,exact,2024:Q2:pre_advance:exact,2024-07-24,pre_advance,2024:Q2,S,S,3.5543786394077714,4.440892098500626e-16,0.06546019917025535,14.755730391161851,True,3,0.02
revision_dfm_kalman_em,exact,2024:Q2:pre_advance:exact,2024-07-24,pre_advance,2024:Q2,S,T,3.545140260317077,4.440892098500626e-16,0.06546019917025535,14.755730391161851,True,3,0.02
revision_dfm_kalman_em,exact,2024:Q2:pre_advance:exact,2024-07-24,pre_advance,2024:Q2,T,A,3.069180837395169,4.440892098500626e-16,0.06546019917025535,14.755730391161851,True,3,0.02
revision_dfm_kalman_em,exact,2024:Q2:pre_advance:exact,2024-07-24,pre_advance,2024:Q2,T,M,3.5701907562603354,4.440892098500626e-16,0.06546019917025535,14.755730391161851,True,3,0.02
revision_dfm_kalman_em,exact,2024:Q2:pre_advance:exact,2024-07-24,pre_advance,2024:Q2,T,S,3.545140260317077,4.440892098500626e-16,0.06546019917025535,14.755730391161851,True,3,0.02
revision_dfm_kalman_em,exact,2024:Q2:pre_advance:exact,2024-07-24,pre_advance,2024:Q2,T,T,3.6768505582177755,4.440892098500626e-16,0.06546019917025535,14.755730391161851,True,3,0.02
indicator_revision_only_dfm_kalman_em,pseudo,2024:Q2:pre_advance:pseudo,2024-07-31,pre_advance,2024:Q2,A,A,3.9427848880827963,0.0,0.06568259130835234,15.582808567045785,True,3,0.02
indicator_revision_only_dfm_kalman_em,pseudo,2024:Q2:pre_advance:pseudo,2024-07-31,pre_advance,2024:Q2,A,M,3.553391616730537,0.0,0.06568259130835234,15.582808567045785,True,3,0.02
indicator_revision_only_dfm_kalman_em,pseudo,2024:Q2:pre_advance:pseudo,2024-07-31,pre_advance,2024:Q2,A,S,3.553391616730537,0.0,0.06568259130835234,15.582808567045785,True,3,0.02
indicator_revision_only_dfm_kalman_em,pseudo,2024:Q2:pre_advance:pseudo,2024-07-31,pre_advance,2024:Q2,A,T,3.553391616730537,0.0,0.06568259130835234,15.582808567045785,True,3,0.02
indicator_revision_only_dfm_kalman_em,pseudo,2024:Q2:pre_advance:pseudo,2024-07-31,pre_advance,2024:Q2,M,A,3.553391616730537,0.0,0.06568259130835234,15.582808567045785,True,3,0.02
indicator_revision_only_dfm_kalman_em,pseudo,2024:Q2:pre_advance:pseudo,2024-07-31,pre_advance,2024:Q2,M,M,7.5975477396551945,0.0,0.06568259130835234,15.582808567045785,True,3,0.02
indicator_revision_only_dfm_kalman_em,pseudo,2024:Q2:pre_advance:pseudo,2024-07-31,pre_advance,2024:Q2,M,S,3.553391616730537,0.0,0.06568259130835234,15.582808567045785,True,3,0.02
indicator_revision_only_dfm_kalman_em,pseudo,2024:Q2:pre_advance:pseudo,2024-07-31,pre_advance,2024:Q2,M,T,3.553391616730537,0.0,0.06568259130835234,15.582808567045785,True,3,0.02
indicator_revision_only_dfm_kalman_em,pseudo,2024:Q2:pre_advance:pseudo,2024-07-31,pre_advance,2024:Q2,S,A,3.553391616730537,0.0,0.06568259130835234,15.582808567045785,True,3,0.02
indicator_revision_only_dfm_kalman_em,pseudo,2024:Q2:pre_advance:pseudo,2024-07-31,pre_advance,2024:Q2,S,M,3.553391616730537,0.0,0.06568259130835234,15.582808567045785,True,3,0.02
indicator_revision_only_dfm_kalman_em,pseudo,2024:Q2:pre_advance:pseudo,2024-07-31,pre_advance,2024:Q2,S,S,3.5687836409068496,0.0,0.06568259130835234,15.582808567045785,True,3,0.02
indicator_revision_only_dfm_kalman_em,pseudo,2024:Q2:pre_advance:pseudo,2024-07-31,pre_advance,2024:Q2,S,T,3.553391616730537,0.0,0.06568259130835234,15.582808567045785,True,3,0.02
indicator_revision_only_dfm_kalman_em,pseudo,2024:Q2:pre_advance:pseudo,2024-07-31,pre_advance,2024:Q2,T,A,3.553391616730537,0.0,0.06568259130835234,15.582808567045785,True,3,0.02
indicator_revision_only_dfm_kalman_em,pseudo,2024:Q2:pre_advance:pseudo,2024-07-31,pre_advance,2024:Q2,T,M,3.553391616730537,0.0,0.06568259130835234,15.582808567045785,True,3,0.02
indicator_revision_only_dfm_kalman_em,pseudo,2024:Q2:pre_advance:pseudo,2024-07-31,pre_advance,2024:Q2,T,S,3.553391616730537,0.0,0.06568259130835234,15.582808567045785,True,3,0.02
indicator_revision_only_dfm_kalman_em,pseudo,2024:Q2:pre_advance:pseudo,2024-07-31,pre_advance,2024:Q2,T,T,3.680565397250433,0.0,0.06568259130835234,15.582808567045785,True,3,0.02
joint_indicator_revision_dfm_full_kalman_em,pseudo,2024:Q2:pre_advance:pseudo,2024-07-31,pre_advance,2024:Q2,A,A,2.9779028729286785,4.440892098500626e-16,0.06378004349689069,15.727940294365172,True,3,0.02
joint_indicator_revision_dfm_full_kalman_em,pseudo,2024:Q2:pre_advance:pseudo,2024-07-31,pre_advance,2024:Q2,A,M,3.2476491152308355,4.440892098500626e-16,0.06378004349689069,15.727940294365172,True,3,0.02
joint_indicator_revision_dfm_full_kalman_em,pseudo,2024:Q2:pre_advance:pseudo,2024-07-31,pre_advance,2024:Q2,A,S,3.224860746729832,4.440892098500626e-16,0.06378004349689069,15.727940294365172,True,3,0.02
joint_indicator_revision_dfm_full_kalman_em,pseudo,2024:Q2:pre_advance:pseudo,2024-07-31,pre_advance,2024:Q2,A,T,3.2385337678304342,4.440892098500626e-16,0.06378004349689069,15.727940294365172,True,3,0.02
joint_indicator_revision_dfm_full_kalman_em,pseudo,2024:Q2:pre_advance:pseudo,2024-07-31,pre_advance,2024:Q2,M,A,3.2476491152308355,4.440892098500626e-16,0.06378004349689069,15.727940294365172,True,3,0.02
joint_indicator_revision_dfm_full_kalman_em,pseudo,2024:Q2:pre_advance:pseudo,2024-07-31,pre_advance,2024:Q2,M,M,7.941216866546419,4.440892098500626e-16,0.06378004349689069,15.727940294365172,True,3,0.02
joint_indicator_revision_dfm_full_kalman_em,pseudo,2024:Q2:pre_advance:pseudo,2024-07-31,pre_advance,2024:Q2,M,S,3.8590918504401244,4.440892098500626e-16,0.06378004349689069,15.727940294365172,True,3,0.02
joint_indicator_revision_dfm_full_kalman_em,pseudo,2024:Q2:pre_advance:pseudo,2024-07-31,pre_advance,2024:Q2,M,T,3.8784005683941016,4.440892098500626e-16,0.06378004349689069,15.727940294365172,True,3,0.02
joint_indicator_revision_dfm_full_kalman_em,pseudo,2024:Q2:pre_advance:pseudo,2024-07-31,pre_advance,2024:Q2,S,A,3.2248607467298314,4.440892098500626e-16,0.06378004349689069,15.727940294365172,True,3,0.02
joint_indicator_revision_dfm_full_kalman_em,pseudo,2024:Q2:pre_advance:pseudo,2024-07-31,pre_advance,2024:Q2,S,M,3.8590918504401244,4.440892098500626e-16,0.06378004349689069,15.727940294365172,True,3,0.02
joint_indicator_revision_dfm_full_kalman_em,pseudo,2024:Q2:pre_advance:pseudo,2024-07-31,pre_advance,2024:Q2,S,S,3.845421599200963,4.440892098500626e-16,0.06378004349689069,15.727940294365172,True,3,0.02
joint_indicator_revision_dfm_full_kalman_em,pseudo,2024:Q2:pre_advance:pseudo,2024-07-31,pre_advance,2024:Q2,S,T,3.8464072283659183,4.440892098500626e-16,0.06378004349689069,15.727940294365172,True,3,0.02
joint_indicator_revision_dfm_full_kalman_em,pseudo,2024:Q2:pre_advance:pseudo,2024-07-31,pre_advance,2024:Q2,T,A,3.238533767830434,4.440892098500626e-16,0.06378004349689069,15.727940294365172,True,3,0.02
joint_indicator_revision_dfm_full_kalman_em,pseudo,2024:Q2:pre_advance:pseudo,2024-07-31,pre_advance,2024:Q2,T,M,3.8784005683941016,4.440892098500626e-16,0.06378004349689069,15.727940294365172,True,3,0.02
joint_indicator_revision_dfm_full_kalman_em,pseudo,2024:Q2:pre_advance:pseudo,2024-07-31,pre_advance,2024:Q2,T,S,3.8464072283659183,4.440892098500626e-16,0.06378004349689069,15.727940294365172,True,3,0.02
joint_indicator_revision_dfm_full_kalman_em,pseudo,2024:Q2:pre_advance:pseudo,2024-07-31,pre_advance,2024:Q2,T,T,3.9874370686667335,4.440892098500626e-16,0.06378004349689069,15.727940294365172,True,3,0.02
monthly_mixed_frequency_kalman_em,pseudo,2024:Q2:pre_advance:pseudo,2024-07-31,pre_advance,2024:Q2,A,A,4.505708584166486,0.0,0.06085239455590514,18.730810001379393,True,3,0.02
monthly_mixed_frequency_kalman_em,pseudo,2024:Q2:pre_advance:pseudo,2024-07-31,pre_advance,2024:Q2,A,M,4.213232868982284,0.0,0.06085239455590514,18.730810001379393,True,3,0.02
monthly_mixed_frequency_kalman_em,pseudo,2024:Q2:pre_advance:pseudo,2024-07-31,pre_advance,2024:Q2,A,S,4.256693988498184,0.0,0.06085239455590514,18.730810001379393,True,3,0.02
monthly_mixed_frequency_kalman_em,pseudo,2024:Q2:pre_advance:pseudo,2024-07-31,pre_advance,2024:Q2,A,T,4.232987923307692,0.0,0.06085239455590514,18.730810001379393,True,3,0.02
monthly_mixed_frequency_kalman_em,pseudo,2024:Q2:pre_advance:pseudo,2024-07-31,pre_advance,2024:Q2,M,A,4.213232868982284,0.0,0.06085239455590514,18.730810001379393,True,3,0.02
monthly_mixed_frequency_kalman_em,pseudo,2024:Q2:pre_advance:pseudo,2024-07-31,pre_advance,2024:Q2,M,M,8.662052404702003,0.0,0.06085239455590514,18.730810001379393,True,3,0.02
monthly_mixed_frequency_kalman_em,pseudo,2024:Q2:pre_advance:pseudo,2024-07-31,pre_advance,2024:Q2,M,S,4.395662904894262,0.0,0.06085239455590514,18.730810001379393,True,3,0.02
monthly_mixed_frequency_kalman_em,pseudo,2024:Q2:pre_advance:pseudo,2024-07-31,pre_advance,2024:Q2,M,T,4.517282928835581,0.0,0.06085239455590514,18.730810001379393,True,3,0.02
monthly_mixed_frequency_kalman_em,pseudo,2024:Q2:pre_advance:pseudo,2024-07-31,pre_advance,2024:Q2,S,A,4.256693988498184,0.0,0.06085239455590514,18.730810001379393,True,3,0.02
monthly_mixed_frequency_kalman_em,pseudo,2024:Q2:pre_advance:pseudo,2024-07-31,pre_advance,2024:Q2,S,M,4.395662904894262,0.0,0.06085239455590514,18.730810001379393,True,3,0.02
monthly_mixed_frequency_kalman_em,pseudo,2024:Q2:pre_advance:pseudo,2024-07-31,pre_advance,2024:Q2,S,S,4.371035406534678,0.0,0.06085239455590514,18.730810001379393,True,3,0.02
monthly_mixed_frequency_kalman_em,pseudo,2024:Q2:pre_advance:pseudo,2024-07-31,pre_advance,2024:Q2,S,T,4.360920675795243,0.0,0.06085239455590514,18.730810001379393,True,3,0.02
monthly_mixed_frequency_kalman_em,pseudo,2024:Q2:pre_advance:pseudo,2024-07-31,pre_advance,2024:Q2,T,A,4.232987923307692,0.0,0.06085239455590514,18.730810001379393,True,3,0.02
monthly_mixed_frequency_kalman_em,pseudo,2024:Q2:pre_advance:pseudo,2024-07-31,pre_advance,2024:Q2,T,M,4.517282928835581,0.0,0.06085239455590514,18.730810001379393,True,3,0.02
monthly_mixed_frequency_kalman_em,pseudo,2024:Q2:pre_advance:pseudo,2024-07-31,pre_advance,2024:Q2,T,S,4.360920675795243,0.0,0.06085239455590514,18.730810001379393,True,3,0.02
monthly_mixed_frequency_kalman_em,pseudo,2024:Q2:pre_advance:pseudo,2024-07-31,pre_advance,2024:Q2,T,T,4.495949920250839,0.0,0.06085239455590514,18.730810001379393,True,3,0.02
revision_dfm_kalman_em,pseudo,2024:Q2:pre_advance:pseudo,2024-07-31,pre_advance,2024:Q2,A,A,2.950518064948986,4.440892098500626e-16,0.0654605259561672,14.74238047711252,True,3,0.02
revision_dfm_kalman_em,pseudo,2024:Q2:pre_advance:pseudo,2024-07-31,pre_advance,2024:Q2,A,M,3.0709216612270693,4.440892098500626e-16,0.0654605259561672,14.74238047711252,True,3,0.02
revision_dfm_kalman_em,pseudo,2024:Q2:pre_advance:pseudo,2024-07-31,pre_advance,2024:Q2,A,S,3.057688916695632,4.440892098500626e-16,0.0654605259561672,14.74238047711252,True,3,0.02
revision_dfm_kalman_em,pseudo,2024:Q2:pre_advance:pseudo,2024-07-31,pre_advance,2024:Q2,A,T,3.065628563414494,4.440892098500626e-16,0.0654605259561672,14.74238047711252,True,3,0.02
revision_dfm_kalman_em,pseudo,2024:Q2:pre_advance:pseudo,2024-07-31,pre_advance,2024:Q2,M,A,3.0709216612270693,4.440892098500626e-16,0.0654605259561672,14.74238047711252,True,3,0.02
revision_dfm_kalman_em,pseudo,2024:Q2:pre_advance:pseudo,2024-07-31,pre_advance,2024:Q2,M,M,7.614071950984292,4.440892098500626e-16,0.0654605259561672,14.74238047711252,True,3,0.02
revision_dfm_kalman_em,pseudo,2024:Q2:pre_advance:pseudo,2024-07-31,pre_advance,2024:Q2,M,S,3.551644001550573,4.440892098500626e-16,0.0654605259561672,14.74238047711252,True,3,0.02
revision_dfm_kalman_em,pseudo,2024:Q2:pre_advance:pseudo,2024-07-31,pre_advance,2024:Q2,M,T,3.566824707034473,4.440892098500626e-16,0.0654605259561672,14.74238047711252,True,3,0.02
revision_dfm_kalman_em,pseudo,2024:Q2:pre_advance:pseudo,2024-07-31,pre_advance,2024:Q2,S,A,3.0576889166956316,4.440892098500626e-16,0.0654605259561672,14.74238047711252,True,3,0.02
revision_dfm_kalman_em,pseudo,2024:Q2:pre_advance:pseudo,2024-07-31,pre_advance,2024:Q2,S,M,3.551644001550573,4.440892098500626e-16,0.0654605259561672,14.74238047711252,True,3,0.02
revision_dfm_kalman_em,pseudo,2024:Q2:pre_advance:pseudo,2024-07-31,pre_advance,2024:Q2,S,S,3.5509995100564256,4.440892098500626e-16,0.0654605259561672,14.74238047711252,True,3,0.02
revision_dfm_kalman_em,pseudo,2024:Q2:pre_advance:pseudo,2024-07-31,pre_advance,2024:Q2,S,T,3.541764899853474,4.440892098500626e-16,0.0654605259561672,14.74238047711252,True,3,0.02
revision_dfm_kalman_em,pseudo,2024:Q2:pre_advance:pseudo,2024-07-31,pre_advance,2024:Q2,T,A,3.065628563414494,4.440892098500626e-16,0.0654605259561672,14.74238047711252,True,3,0.02
revision_dfm_kalman_em,pseudo,2024:Q2:pre_advance:pseudo,2024-07-31,pre_advance,2024:Q2,T,M,3.566824707034473,4.440892098500626e-16,0.0654605259561672,14.74238047711252,True,3,0.02
revision_dfm_kalman_em,pseudo,2024:Q2:pre_advance:pseudo,2024-07-31,pre_advance,2024:Q2,T,S,3.5417648998534745,4.440892098500626e-16,0.0654605259561672,14.74238047711252,True,3,0.02
revision_dfm_kalman_em,pseudo,2024:Q2:pre_advance:pseudo,2024-07-31,pre_advance,2024:Q2,T,T,3.6734777409023205,4.440892098500626e-16,0.0654605259561672,14.74238047711252,True,3,0.02
indicator_revision_only_dfm_kalman_em,exact,2024:Q2:pre_second:exact,2024-08-28,pre_second,2024:Q2,A,A,0.7398045236145429,0.0,0.0619414397898076,4.507324531392593,True,3,0.02
indicator_revision_only_dfm_kalman_em,exact,2024:Q2:pre_second:exact,2024-08-28,pre_second,2024:Q2,A,M,0.35057407585218614,0.0,0.0619414397898076,4.507324531392593,True,3,0.02
indicator_revision_only_dfm_kalman_em,exact,2024:Q2:pre_second:exact,2024-08-28,pre_second,2024:Q2,A,S,0.35057407585218614,0.0,0.0619414397898076,4.507324531392593,True,3,0.02
indicator_revision_only_dfm_kalman_em,exact,2024:Q2:pre_second:exact,2024-08-28,pre_second,2024:Q2,A,T,0.35057407585218614,0.0,0.0619414397898076,4.507324531392593,True,3,0.02
indicator_revision_only_dfm_kalman_em,exact,2024:Q2:pre_second:exact,2024-08-28,pre_second,2024:Q2,M,A,0.35057407585218614,0.0,0.0619414397898076,4.507324531392593,True,3,0.02
indicator_revision_only_dfm_kalman_em,exact,2024:Q2:pre_second:exact,2024-08-28,pre_second,2024:Q2,M,M,4.394658767656212,0.0,0.0619414397898076,4.507324531392593,True,3,0.02
indicator_revision_only_dfm_kalman_em,exact,2024:Q2:pre_second:exact,2024-08-28,pre_second,2024:Q2,M,S,0.35057407585218614,0.0,0.0619414397898076,4.507324531392593,True,3,0.02
indicator_revision_only_dfm_kalman_em,exact,2024:Q2:pre_second:exact,2024-08-28,pre_second,2024:Q2,M,T,0.35057407585218614,0.0,0.0619414397898076,4.507324531392593,True,3,0.02
indicator_revision_only_dfm_kalman_em,exact,2024:Q2:pre_second:exact,2024-08-28,pre_second,2024:Q2,S,A,0.35057407585218614,0.0,0.0619414397898076,4.507324531392593,True,3,0.02
indicator_revision_only_dfm_kalman_em,exact,2024:Q2:pre_second:exact,2024-08-28,pre_second,2024:Q2,S,M,0.35057407585218614,0.0,0.0619414397898076,4.507324531392593,True,3,0.02
indicator_revision_only_dfm_kalman_em,exact,2024:Q2:pre_second:exact,2024-08-28,pre_second,2024:Q2,S,S,0.3659836072443112,0.0,0.0619414397898076,4.507324531392593,True,3,0.02
indicator_revision_only_dfm_kalman_em,exact,2024:Q2:pre_second:exact,2024-08-28,pre_second,2024:Q2,S,T,0.35057407585218614,0.0,0.0619414397898076,4.507324531392593,True,3,0.02
indicator_revision_only_dfm_kalman_em,exact,2024:Q2:pre_second:exact,2024-08-28,pre_second,2024:Q2,T,A,0.35057407585218614,0.0,0.0619414397898076,4.507324531392593,True,3,0.02
indicator_revision_only_dfm_kalman_em,exact,2024:Q2:pre_second:exact,2024-08-28,pre_second,2024:Q2,T,M,0.35057407585218614,0.0,0.0619414397898076,4.507324531392593,True,3,0.02
indicator_revision_only_dfm_kalman_em,exact,2024:Q2:pre_second:exact,2024-08-28,pre_second,2024:Q2,T,S,0.35057407585218614,0.0,0.0619414397898076,4.507324531392593,True,3,0.02
indicator_revision_only_dfm_kalman_em,exact,2024:Q2:pre_second:exact,2024-08-28,pre_second,2024:Q2,T,T,0.4777401073711023,0.0,0.0619414397898076,4.507324531392593,True,3,0.02
joint_indicator_revision_dfm_full_kalman_em,exact,2024:Q2:pre_second:exact,2024-08-28,pre_second,2024:Q2,A,A,0.36084024926775715,2.7755575615628914e-17,0.062165951553828515,4.4776954986896,True,3,0.02
joint_indicator_revision_dfm_full_kalman_em,exact,2024:Q2:pre_second:exact,2024-08-28,pre_second,2024:Q2,A,M,0.20340093233882556,2.7755575615628914e-17,0.062165951553828515,4.4776954986896,True,3,0.02
joint_indicator_revision_dfm_full_kalman_em,exact,2024:Q2:pre_second:exact,2024-08-28,pre_second,2024:Q2,A,S,0.2019568491483498,2.7755575615628914e-17,0.062165951553828515,4.4776954986896,True,3,0.02
joint_indicator_revision_dfm_full_kalman_em,exact,2024:Q2:pre_second:exact,2024-08-28,pre_second,2024:Q2,A,T,0.20282329906263524,2.7755575615628914e-17,0.062165951553828515,4.4776954986896,True,3,0.02
joint_indicator_revision_dfm_full_kalman_em,exact,2024:Q2:pre_second:exact,2024-08-28,pre_second,2024:Q2,M,A,0.20340093233882556,2.7755575615628914e-17,0.062165951553828515,4.4776954986896,True,3,0.02
joint_indicator_revision_dfm_full_kalman_em,exact,2024:Q2:pre_second:exact,2024-08-28,pre_second,2024:Q2,M,M,4.399788789615828,2.7755575615628914e-17,0.062165951553828515,4.4776954986896,True,3,0.02
joint_indicator_revision_dfm_full_kalman_em,exact,2024:Q2:pre_second:exact,2024-08-28,pre_second,2024:Q2,M,S,0.3424549858313441,2.7755575615628914e-17,0.062165951553828515,4.4776954986896,True,3,0.02
joint_indicator_revision_dfm_full_kalman_em,exact,2024:Q2:pre_second:exact,2024-08-28,pre_second,2024:Q2,M,T,0.3468461664679499,2.7755575615628914e-17,0.062165951553828515,4.4776954986896,True,3,0.02
joint_indicator_revision_dfm_full_kalman_em,exact,2024:Q2:pre_second:exact,2024-08-28,pre_second,2024:Q2,S,A,0.2019568491483498,2.7755575615628914e-17,0.062165951553828515,4.4776954986896,True,3,0.02
joint_indicator_revision_dfm_full_kalman_em,exact,2024:Q2:pre_second:exact,2024-08-28,pre_second,2024:Q2,S,M,0.3424549858313441,2.7755575615628914e-17,0.062165951553828515,4.4776954986896,True,3,0.02
joint_indicator_revision_dfm_full_kalman_em,exact,2024:Q2:pre_second:exact,2024-08-28,pre_second,2024:Q2,S,S,0.353473653565573,2.7755575615628914e-17,0.062165951553828515,4.4776954986896,True,3,0.02
joint_indicator_revision_dfm_full_kalman_em,exact,2024:Q2:pre_second:exact,2024-08-28,pre_second,2024:Q2,S,T,0.3396450230976842,2.7755575615628914e-17,0.062165951553828515,4.4776954986896,True,3,0.02
joint_indicator_revision_dfm_full_kalman_em,exact,2024:Q2:pre_second:exact,2024-08-28,pre_second,2024:Q2,T,A,0.20282329906263522,2.7755575615628914e-17,0.062165951553828515,4.4776954986896,True,3,0.02
joint_indicator_revision_dfm_full_kalman_em,exact,2024:Q2:pre_second:exact,2024-08-28,pre_second,2024:Q2,T,M,0.3468461664679499,2.7755575615628914e-17,0.062165951553828515,4.4776954986896,True,3,0.02
joint_indicator_revision_dfm_full_kalman_em,exact,2024:Q2:pre_second:exact,2024-08-28,pre_second,2024:Q2,T,S,0.3396450230976842,2.7755575615628914e-17,0.062165951553828515,4.4776954986896,True,3,0.02
joint_indicator_revision_dfm_full_kalman_em,exact,2024:Q2:pre_second:exact,2024-08-28,pre_second,2024:Q2,T,T,0.46578491666963656,2.7755575615628914e-17,0.062165951553828515,4.4776954986896,True,3,0.02
monthly_mixed_frequency_kalman_em,exact,2024:Q2:pre_second:exact,2024-08-28,pre_second,2024:Q2,A,A,0.4159799334796843,0.0,0.05825001171809546,4.856036523175433,True,3,0.02
monthly_mixed_frequency_kalman_em,exact,2024:Q2:pre_second:exact,2024-08-28,pre_second,2024:Q2,A,M,0.19922769309046948,0.0,0.05825001171809546,4.856036523175433,True,3,0.02
monthly_mixed_frequency_kalman_em,exact,2024:Q2:pre_second:exact,2024-08-28,pre_second,2024:Q2,A,S,0.20126043888976186,0.0,0.05825001171809546,4.856036523175433,True,3,0.02
monthly_mixed_frequency_kalman_em,exact,2024:Q2:pre_second:exact,2024-08-28,pre_second,2024:Q2,A,T,0.20015166845378415,0.0,0.05825001171809546,4.856036523175433,True,3,0.02
monthly_mixed_frequency_kalman_em,exact,2024:Q2:pre_second:exact,2024-08-28,pre_second,2024:Q2,M,A,0.19922769309046948,0.0,0.05825001171809546,4.856036523175433,True,3,0.02
monthly_mixed_frequency_kalman_em,exact,2024:Q2:pre_second:exact,2024-08-28,pre_second,2024:Q2,M,M,4.72251118582833,0.0,0.05825001171809546,4.856036523175433,True,3,0.02
monthly_mixed_frequency_kalman_em,exact,2024:Q2:pre_second:exact,2024-08-28,pre_second,2024:Q2,M,S,0.4150876561771634,0.0,0.05825001171809546,4.856036523175433,True,3,0.02
monthly_mixed_frequency_kalman_em,exact,2024:Q2:pre_second:exact,2024-08-28,pre_second,2024:Q2,M,T,0.5589942982349595,0.0,0.05825001171809546,4.856036523175433,True,3,0.02
monthly_mixed_frequency_kalman_em,exact,2024:Q2:pre_second:exact,2024-08-28,pre_second,2024:Q2,S,A,0.20126043888976186,0.0,0.05825001171809546,4.856036523175433,True,3,0.02
monthly_mixed_frequency_kalman_em,exact,2024:Q2:pre_second:exact,2024-08-28,pre_second,2024:Q2,S,M,0.4150876561771634,0.0,0.05825001171809546,4.856036523175433,True,3,0.02
monthly_mixed_frequency_kalman_em,exact,2024:Q2:pre_second:exact,2024-08-28,pre_second,2024:Q2,S,S,0.3493432585882425,0.0,0.05825001171809546,4.856036523175433,True,3,0.02
monthly_mixed_frequency_kalman_em,exact,2024:Q2:pre_second:exact,2024-08-28,pre_second,2024:Q2,S,T,0.3616308518553131,0.0,0.05825001171809546,4.856036523175433,True,3,0.02
monthly_mixed_frequency_kalman_em,exact,2024:Q2:pre_second:exact,2024-08-28,pre_second,2024:Q2,T,A,0.20015166845378415,0.0,0.05825001171809546,4.856036523175433,True,3,0.02
monthly_mixed_frequency_kalman_em,exact,2024:Q2:pre_second:exact,2024-08-28,pre_second,2024:Q2,T,M,0.5589942982349595,0.0,0.05825001171809546,4.856036523175433,True,3,0.02
monthly_mixed_frequency_kalman_em,exact,2024:Q2:pre_second:exact,2024-08-28,pre_second,2024:Q2,T,S,0.3616308518553131,0.0,0.05825001171809546,4.856036523175433,True,3,0.02
monthly_mixed_frequency_kalman_em,exact,2024:Q2:pre_second:exact,2024-08-28,pre_second,2024:Q2,T,T,0.5190273431374353,0.0,0.05825001171809546,4.856036523175433,True,3,0.02
revision_dfm_kalman_em,exact,2024:Q2:pre_second:exact,2024-08-28,pre_second,2024:Q2,A,A,0.2824173832182617,5.551115123125783e-17,0.06491796853042198,4.500562789423447,True,3,0.02
revision_dfm_kalman_em,exact,2024:Q2:pre_second:exact,2024-08-28,pre_second,2024:Q2,A,M,0.15069455352883954,5.551115123125783e-17,0.06491796853042198,4.500562789423447,True,3,0.02
revision_dfm_kalman_em,exact,2024:Q2:pre_second:exact,2024-08-28,pre_second,2024:Q2,A,S,0.15004128000773959,5.551115123125783e-17,0.06491796853042198,4.500562789423447,True,3,0.02
revision_dfm_kalman_em,exact,2024:Q2:pre_second:exact,2024-08-28,pre_second,2024:Q2,A,T,0.15043324412039957,5.551115123125783e-17,0.06491796853042198,4.500562789423447,True,3,0.02
revision_dfm_kalman_em,exact,2024:Q2:pre_second:exact,2024-08-28,pre_second,2024:Q2,M,A,0.15069455352883954,5.551115123125783e-17,0.06491796853042198,4.500562789423447,True,3,0.02
revision_dfm_kalman_em,exact,2024:Q2:pre_second:exact,2024-08-28,pre_second,2024:Q2,M,M,4.41773631697494,5.551115123125783e-17,0.06491796853042198,4.500562789423447,True,3,0.02
revision_dfm_kalman_em,exact,2024:Q2:pre_second:exact,2024-08-28,pre_second,2024:Q2,M,S,0.36909314868812015,5.551115123125783e-17,0.06491796853042198,4.500562789423447,True,3,0.02
revision_dfm_kalman_em,exact,2024:Q2:pre_second:exact,2024-08-28,pre_second,2024:Q2,M,T,0.3759899464299921,5.551115123125783e-17,0.06491796853042198,4.500562789423447,True,3,0.02
revision_dfm_kalman_em,exact,2024:Q2:pre_second:exact,2024-08-28,pre_second,2024:Q2,S,A,0.15004128000773964,5.551115123125783e-17,0.06491796853042198,4.500562789423447,True,3,0.02
revision_dfm_kalman_em,exact,2024:Q2:pre_second:exact,2024-08-28,pre_second,2024:Q2,S,M,0.36909314868812015,5.551115123125783e-17,0.06491796853042198,4.500562789423447,True,3,0.02
revision_dfm_kalman_em,exact,2024:Q2:pre_second:exact,2024-08-28,pre_second,2024:Q2,S,S,0.38217967926747026,5.551115123125783e-17,0.06491796853042198,4.500562789423447,True,3,0.02
revision_dfm_kalman_em,exact,2024:Q2:pre_second:exact,2024-08-28,pre_second,2024:Q2,S,T,0.36471211131451253,5.551115123125783e-17,0.06491796853042198,4.500562789423447,True,3,0.02
revision_dfm_kalman_em,exact,2024:Q2:pre_second:exact,2024-08-28,pre_second,2024:Q2,T,A,0.15043324412039955,5.551115123125783e-17,0.06491796853042198,4.500562789423447,True,3,0.02
revision_dfm_kalman_em,exact,2024:Q2:pre_second:exact,2024-08-28,pre_second,2024:Q2,T,M,0.3759899464299921,5.551115123125783e-17,0.06491796853042198,4.500562789423447,True,3,0.02
revision_dfm_kalman_em,exact,2024:Q2:pre_second:exact,2024-08-28,pre_second,2024:Q2,T,S,0.3647121113145125,5.551115123125783e-17,0.06491796853042198,4.500562789423447,True,3,0.02
revision_dfm_kalman_em,exact,2024:Q2:pre_second:exact,2024-08-28,pre_second,2024:Q2,T,T,0.48818180517100535,5.551115123125783e-17,0.06491796853042198,4.500562789423447,True,3,0.02
indicator_revision_only_dfm_kalman_em,pseudo,2024:Q2:pre_second:pseudo,2024-08-31,pre_second,2024:Q2,A,A,0.7398040759823303,0.0,0.06194143666104403,4.507323825656755,True,3,0.02
indicator_revision_only_dfm_kalman_em,pseudo,2024:Q2:pre_second:pseudo,2024-08-31,pre_second,2024:Q2,A,M,0.3505736794432123,0.0,0.06194143666104403,4.507323825656755,True,3,0.02
indicator_revision_only_dfm_kalman_em,pseudo,2024:Q2:pre_second:pseudo,2024-08-31,pre_second,2024:Q2,A,S,0.3505736794432123,0.0,0.06194143666104403,4.507323825656755,True,3,0.02
indicator_revision_only_dfm_kalman_em,pseudo,2024:Q2:pre_second:pseudo,2024-08-31,pre_second,2024:Q2,A,T,0.3505736794432123,0.0,0.06194143666104403,4.507323825656755,True,3,0.02
indicator_revision_only_dfm_kalman_em,pseudo,2024:Q2:pre_second:pseudo,2024-08-31,pre_second,2024:Q2,M,A,0.3505736794432123,0.0,0.06194143666104403,4.507323825656755,True,3,0.02
indicator_revision_only_dfm_kalman_em,pseudo,2024:Q2:pre_second:pseudo,2024-08-31,pre_second,2024:Q2,M,M,4.394658333825311,0.0,0.06194143666104403,4.507323825656755,True,3,0.02
indicator_revision_only_dfm_kalman_em,pseudo,2024:Q2:pre_second:pseudo,2024-08-31,pre_second,2024:Q2,M,S,0.3505736794432123,0.0,0.06194143666104403,4.507323825656755,True,3,0.02
indicator_revision_only_dfm_kalman_em,pseudo,2024:Q2:pre_second:pseudo,2024-08-31,pre_second,2024:Q2,M,T,0.3505736794432123,0.0,0.06194143666104403,4.507323825656755,True,3,0.02
indicator_revision_only_dfm_kalman_em,pseudo,2024:Q2:pre_second:pseudo,2024-08-31,pre_second,2024:Q2,S,A,0.3505736794432123,0.0,0.06194143666104403,4.507323825656755,True,3,0.02
indicator_revision_only_dfm_kalman_em,pseudo,2024:Q2:pre_second:pseudo,2024-08-31,pre_second,2024:Q2,S,M,0.3505736794432123,0.0,0.06194143666104403,4.507323825656755,True,3,0.02
indicator_revision_only_dfm_kalman_em,pseudo,2024:Q2:pre_second:pseudo,2024-08-31,pre_second,2024:Q2,S,S,0.3659832041194029,0.0,0.06194143666104403,4.507323825656755,True,3,0.02
indicator_revision_only_dfm_kalman_em,pseudo,2024:Q2:pre_second:pseudo,2024-08-31,pre_second,2024:Q2,S,T,0.3505736794432123,0.0,0.06194143666104403,4.507323825656755,True,3,0.02
indicator_revision_only_dfm_kalman_em,pseudo,2024:Q2:pre_second:pseudo,2024-08-31,pre_second,2024:Q2,T,A,0.3505736794432123,0.0,0.06194143666104403,4.507323825656755,True,3,0.02
indicator_revision_only_dfm_kalman_em,pseudo,2024:Q2:pre_second:pseudo,2024-08-31,pre_second,2024:Q2,T,M,0.3505736794432123,0.0,0.06194143666104403,4.507323825656755,True,3,0.02
indicator_revision_only_dfm_kalman_em,pseudo,2024:Q2:pre_second:pseudo,2024-08-31,pre_second,2024:Q2,T,S,0.3505736794432123,0.0,0.06194143666104403,4.507323825656755,True,3,0.02
indicator_revision_only_dfm_kalman_em,pseudo,2024:Q2:pre_second:pseudo,2024-08-31,pre_second,2024:Q2,T,T,0.47773973052245955,0.0,0.06194143666104403,4.507323825656755,True,3,0.02
joint_indicator_revision_dfm_full_kalman_em,pseudo,2024:Q2:pre_second:pseudo,2024-08-31,pre_second,2024:Q2,A,A,0.3608358411484385,2.7755575615628914e-17,0.062165948949801625,4.4776970462232155,True,3,0.02
joint_indicator_revision_dfm_full_kalman_em,pseudo,2024:Q2:pre_second:pseudo,2024-08-31,pre_second,2024:Q2,A,M,0.20339937502562846,2.7755575615628914e-17,0.062165948949801625,4.4776970462232155,True,3,0.02
joint_indicator_revision_dfm_full_kalman_em,pseudo,2024:Q2:pre_second:pseudo,2024-08-31,pre_second,2024:Q2,A,S,0.20195525567282577,2.7755575615628914e-17,0.062165948949801625,4.4776970462232155,True,3,0.02
joint_indicator_revision_dfm_full_kalman_em,pseudo,2024:Q2:pre_second:pseudo,2024-08-31,pre_second,2024:Q2,A,T,0.2028217272845074,2.7755575615628914e-17,0.062165948949801625,4.4776970462232155,True,3,0.02
joint_indicator_revision_dfm_full_kalman_em,pseudo,2024:Q2:pre_second:pseudo,2024-08-31,pre_second,2024:Q2,M,A,0.20339937502562846,2.7755575615628914e-17,0.062165948949801625,4.4776970462232155,True,3,0.02
joint_indicator_revision_dfm_full_kalman_em,pseudo,2024:Q2:pre_second:pseudo,2024-08-31,pre_second,2024:Q2,M,M,4.399790196752959,2.7755575615628914e-17,0.062165948949801625,4.4776970462232155,True,3,0.02
joint_indicator_revision_dfm_full_kalman_em,pseudo,2024:Q2:pre_second:pseudo,2024-08-31,pre_second,2024:Q2,M,S,0.3424559278258394,2.7755575615628914e-17,0.062165948949801625,4.4776970462232155,True,3,0.02
joint_indicator_revision_dfm_full_kalman_em,pseudo,2024:Q2:pre_second:pseudo,2024-08-31,pre_second,2024:Q2,M,T,0.3468471873879513,2.7755575615628914e-17,0.062165948949801625,4.4776970462232155,True,3,0.02
joint_indicator_revision_dfm_full_kalman_em,pseudo,2024:Q2:pre_second:pseudo,2024-08-31,pre_second,2024:Q2,S,A,0.20195525567282577,2.7755575615628914e-17,0.062165948949801625,4.4776970462232155,True,3,0.02
joint_indicator_revision_dfm_full_kalman_em,pseudo,2024:Q2:pre_second:pseudo,2024-08-31,pre_second,2024:Q2,S,M,0.3424559278258394,2.7755575615628914e-17,0.062165948949801625,4.4776970462232155,True,3,0.02
joint_indicator_revision_dfm_full_kalman_em,pseudo,2024:Q2:pre_second:pseudo,2024-08-31,pre_second,2024:Q2,S,S,0.35347443780114174,2.7755575615628914e-17,0.062165948949801625,4.4776970462232155,True,3,0.02
joint_indicator_revision_dfm_full_kalman_em,pseudo,2024:Q2:pre_second:pseudo,2024-08-31,pre_second,2024:Q2,S,T,0.33964591438277913,2.7755575615628914e-17,0.062165948949801625,4.4776970462232155,True,3,0.02
joint_indicator_revision_dfm_full_kalman_em,pseudo,2024:Q2:pre_second:pseudo,2024-08-31,pre_second,2024:Q2,T,A,0.20282172728450742,2.7755575615628914e-17,0.062165948949801625,4.4776970462232155,True,3,0.02
joint_indicator_revision_dfm_full_kalman_em,pseudo,2024:Q2:pre_second:pseudo,2024-08-31,pre_second,2024:Q2,T,M,0.3468471873879513,2.7755575615628914e-17,0.062165948949801625,4.4776970462232155,True,3,0.02
joint_indicator_revision_dfm_full_kalman_em,pseudo,2024:Q2:pre_second:pseudo,2024-08-31,pre_second,2024:Q2,T,S,0.33964591438277913,2.7755575615628914e-17,0.062165948949801625,4.4776970462232155,True,3,0.02
joint_indicator_revision_dfm_full_kalman_em,pseudo,2024:Q2:pre_second:pseudo,2024-08-31,pre_second,2024:Q2,T,T,0.4657858744644173,2.7755575615628914e-17,0.062165948949801625,4.4776970462232155,True,3,0.02
monthly_mixed_frequency_kalman_em,pseudo,2024:Q2:pre_second:pseudo,2024-08-31,pre_second,2024:Q2,A,A,0.41597022657642485,0.0,0.05825025114727763,4.856036264858666,True,3,0.02
monthly_mixed_frequency_kalman_em,pseudo,2024:Q2:pre_second:pseudo,2024-08-31,pre_second,2024:Q2,A,M,0.19922357680519567,0.0,0.05825025114727763,4.856036264858666,True,3,0.02
monthly_mixed_frequency_kalman_em,pseudo,2024:Q2:pre_second:pseudo,2024-08-31,pre_second,2024:Q2,A,S,0.20125591036790313,0.0,0.05825025114727763,4.856036264858666,True,3,0.02
monthly_mixed_frequency_kalman_em,pseudo,2024:Q2:pre_second:pseudo,2024-08-31,pre_second,2024:Q2,A,T,0.2001473647882445,0.0,0.05825025114727763,4.856036264858666,True,3,0.02
monthly_mixed_frequency_kalman_em,pseudo,2024:Q2:pre_second:pseudo,2024-08-31,pre_second,2024:Q2,M,A,0.19922357680519567,0.0,0.05825025114727763,4.856036264858666,True,3,0.02
monthly_mixed_frequency_kalman_em,pseudo,2024:Q2:pre_second:pseudo,2024-08-31,pre_second,2024:Q2,M,M,4.722512312955774,0.0,0.05825025114727763,4.856036264858666,True,3,0.02
monthly_mixed_frequency_kalman_em,pseudo,2024:Q2:pre_second:pseudo,2024-08-31,pre_second,2024:Q2,M,S,0.4150855864396881,0.0,0.05825025114727763,4.856036264858666,True,3,0.02
monthly_mixed_frequency_kalman_em,pseudo,2024:Q2:pre_second:pseudo,2024-08-31,pre_second,2024:Q2,M,T,0.5589935928626831,0.0,0.05825025114727763,4.856036264858666,True,3,0.02
monthly_mixed_frequency_kalman_em,pseudo,2024:Q2:pre_second:pseudo,2024-08-31,pre_second,2024:Q2,S,A,0.20125591036790313,0.0,0.05825025114727763,4.856036264858666,True,3,0.02
monthly_mixed_frequency_kalman_em,pseudo,2024:Q2:pre_second:pseudo,2024-08-31,pre_second,2024:Q2,S,M,0.4150855864396881,0.0,0.05825025114727763,4.856036264858666,True,3,0.02
monthly_mixed_frequency_kalman_em,pseudo,2024:Q2:pre_second:pseudo,2024-08-31,pre_second,2024:Q2,S,S,0.3493404677010055,0.0,0.05825025114727763,4.856036264858666,True,3,0.02
monthly_mixed_frequency_kalman_em,pseudo,2024:Q2:pre_second:pseudo,2024-08-31,pre_second,2024:Q2,S,T,0.3616281674217419,0.0,0.05825025114727763,4.856036264858666,True,3,0.02
monthly_mixed_frequency_kalman_em,pseudo,2024:Q2:pre_second:pseudo,2024-08-31,pre_second,2024:Q2,T,A,0.2001473647882445,0.0,0.05825025114727763,4.856036264858666,True,3,0.02
monthly_mixed_frequency_kalman_em,pseudo,2024:Q2:pre_second:pseudo,2024-08-31,pre_second,2024:Q2,T,M,0.5589935928626831,0.0,0.05825025114727763,4.856036264858666,True,3,0.02
monthly_mixed_frequency_kalman_em,pseudo,2024:Q2:pre_second:pseudo,2024-08-31,pre_second,2024:Q2,T,S,0.3616281674217419,0.0,0.05825025114727763,4.856036264858666,True,3,0.02
monthly_mixed_frequency_kalman_em,pseudo,2024:Q2:pre_second:pseudo,2024-08-31,pre_second,2024:Q2,T,T,0.5190255973213262,0.0,0.05825025114727763,4.856036264858666,True,3,0.02
revision_dfm_kalman_em,pseudo,2024:Q2:pre_second:pseudo,2024-08-31,pre_second,2024:Q2,A,A,0.2824176222670878,5.551115123125783e-17,0.06491796265504222,4.500561995749328,True,3,0.02
revision_dfm_kalman_em,pseudo,2024:Q2:pre_second:pseudo,2024-08-31,pre_second,2024:Q2,A,M,0.1506946685604562,5.551115123125783e-17,0.06491796265504222,4.500561995749328,True,3,0.02
revision_dfm_kalman_em,pseudo,2024:Q2:pre_second:pseudo,2024-08-31,pre_second,2024:Q2,A,S,0.1500413963061598,5.551115123125783e-17,0.06491796265504222,4.500561995749328,True,3,0.02
revision_dfm_kalman_em,pseudo,2024:Q2:pre_second:pseudo,2024-08-31,pre_second,2024:Q2,A,T,0.15043335965873766,5.551115123125783e-17,0.06491796265504222,4.500561995749328,True,3,0.02
revision_dfm_kalman_em,pseudo,2024:Q2:pre_second:pseudo,2024-08-31,pre_second,2024:Q2,M,A,0.1506946685604562,5.551115123125783e-17,0.06491796265504222,4.500561995749328,True,3,0.02
revision_dfm_kalman_em,pseudo,2024:Q2:pre_second:pseudo,2024-08-31,pre_second,2024:Q2,M,M,4.4177357334935445,5.551115123125783e-17,0.06491796265504222,4.500561995749328,True,3,0.02
revision_dfm_kalman_em,pseudo,2024:Q2:pre_second:pseudo,2024-08-31,pre_second,2024:Q2,M,S,0.3690926237697488,5.551115123125783e-17,0.06491796265504222,4.500561995749328,True,3,0.02
revision_dfm_kalman_em,pseudo,2024:Q2:pre_second:pseudo,2024-08-31,pre_second,2024:Q2,M,T,0.3759894013026738,5.551115123125783e-17,0.06491796265504222,4.500561995749328,True,3,0.02
revision_dfm_kalman_em,pseudo,2024:Q2:pre_second:pseudo,2024-08-31,pre_second,2024:Q2,S,A,0.15004139630615984,5.551115123125783e-17,0.06491796265504222,4.500561995749328,True,3,0.02
revision_dfm_kalman_em,pseudo,2024:Q2:pre_second:pseudo,2024-08-31,pre_second,2024:Q2,S,M,0.3690926237697488,5.551115123125783e-17,0.06491796265504222,4.500561995749328,True,3,0.02
revision_dfm_kalman_em,pseudo,2024:Q2:pre_second:pseudo,2024-08-31,pre_second,2024:Q2,S,S,0.3821791737255022,5.551115123125783e-17,0.06491796265504222,4.500561995749328,True,3,0.02
revision_dfm_kalman_em,pseudo,2024:Q2:pre_second:pseudo,2024-08-31,pre_second,2024:Q2,S,T,0.36471159922047697,5.551115123125783e-17,0.06491796265504222,4.500561995749328,True,3,0.02
revision_dfm_kalman_em,pseudo,2024:Q2:pre_second:pseudo,2024-08-31,pre_second,2024:Q2,T,A,0.15043335965873764,5.551115123125783e-17,0.06491796265504222,4.500561995749328,True,3,0.02
revision_dfm_kalman_em,pseudo,2024:Q2:pre_second:pseudo,2024-08-31,pre_second,2024:Q2,T,M,0.3759894013026738,5.551115123125783e-17,0.06491796265504222,4.500561995749328,True,3,0.02
revision_dfm_kalman_em,pseudo,2024:Q2:pre_second:pseudo,2024-08-31,pre_second,2024:Q2,T,S,0.3647115992204769,5.551115123125783e-17,0.06491796265504222,4.500561995749328,True,3,0.02
revision_dfm_kalman_em,pseudo,2024:Q2:pre_second:pseudo,2024-08-31,pre_second,2024:Q2,T,T,0.4881812967999793,5.551115123125783e-17,0.06491796265504222,4.500561995749328,True,3,0.02
indicator_revision_only_dfm_kalman_em,exact,2024:Q2:pre_third:exact,2024-09-25,pre_third,2024:Q2,A,A,0.4036791711984585,0.0,0.03134093401017115,4.056593227517743,True,3,0.02
indicator_revision_only_dfm_kalman_em,exact,2024:Q2:pre_third:exact,2024-09-25,pre_third,2024:Q2,A,M,0.01680611407998779,0.0,0.03134093401017115,4.056593227517743,True,3,0.02
indicator_revision_only_dfm_kalman_em,exact,2024:Q2:pre_third:exact,2024-09-25,pre_third,2024:Q2,A,S,0.01680611407998779,0.0,0.03134093401017115,4.056593227517743,True,3,0.02
indicator_revision_only_dfm_kalman_em,exact,2024:Q2:pre_third:exact,2024-09-25,pre_third,2024:Q2,A,T,0.01680611407998779,0.0,0.03134093401017115,4.056593227517743,True,3,0.02
indicator_revision_only_dfm_kalman_em,exact,2024:Q2:pre_third:exact,2024-09-25,pre_third,2024:Q2,M,A,0.01680611407998779,0.0,0.03134093401017115,4.056593227517743,True,3,0.02
indicator_revision_only_dfm_kalman_em,exact,2024:Q2:pre_third:exact,2024-09-25,pre_third,2024:Q2,M,M,4.056371597517042,0.0,0.03134093401017115,4.056593227517743,True,3,0.02
indicator_revision_only_dfm_kalman_em,exact,2024:Q2:pre_third:exact,2024-09-25,pre_third,2024:Q2,M,S,0.01680611407998779,0.0,0.03134093401017115,4.056593227517743,True,3,0.02
indicator_revision_only_dfm_kalman_em,exact,2024:Q2:pre_third:exact,2024-09-25,pre_third,2024:Q2,M,T,0.01680611407998779,0.0,0.03134093401017115,4.056593227517743,True,3,0.02
indicator_revision_only_dfm_kalman_em,exact,2024:Q2:pre_third:exact,2024-09-25,pre_third,2024:Q2,S,A,0.01680611407998779,0.0,0.03134093401017115,4.056593227517743,True,3,0.02
indicator_revision_only_dfm_kalman_em,exact,2024:Q2:pre_third:exact,2024-09-25,pre_third,2024:Q2,S,M,0.01680611407998779,0.0,0.03134093401017115,4.056593227517743,True,3,0.02
indicator_revision_only_dfm_kalman_em,exact,2024:Q2:pre_third:exact,2024-09-25,pre_third,2024:Q2,S,S,0.0344844805018609,0.0,0.03134093401017115,4.056593227517743,True,3,0.02
indicator_revision_only_dfm_kalman_em,exact,2024:Q2:pre_third:exact,2024-09-25,pre_third,2024:Q2,S,T,0.01680611407998779,0.0,0.03134093401017115,4.056593227517743,True,3,0.02
indicator_revision_only_dfm_kalman_em,exact,2024:Q2:pre_third:exact,2024-09-25,pre_third,2024:Q2,T,A,0.01680611407998779,0.0,0.03134093401017115,4.056593227517743,True,3,0.02
indicator_revision_only_dfm_kalman_em,exact,2024:Q2:pre_third:exact,2024-09-25,pre_third,2024:Q2,T,M,0.01680611407998779,0.0,0.03134093401017115,4.056593227517743,True,3,0.02
indicator_revision_only_dfm_kalman_em,exact,2024:Q2:pre_third:exact,2024-09-25,pre_third,2024:Q2,T,S,0.01680611407998779,0.0,0.03134093401017115,4.056593227517743,True,3,0.02
indicator_revision_only_dfm_kalman_em,exact,2024:Q2:pre_third:exact,2024-09-25,pre_third,2024:Q2,T,T,0.14223496351351417,0.0,0.03134093401017115,4.056593227517743,True,3,0.02
joint_indicator_revision_dfm_full_kalman_em,exact,2024:Q2:pre_third:exact,2024-09-25,pre_third,2024:Q2,A,A,0.21468394468464216,3.469446951953614e-18,0.03653452361909722,4.064127678398139,True,3,0.02
joint_indicator_revision_dfm_full_kalman_em,exact,2024:Q2:pre_third:exact,2024-09-25,pre_third,2024:Q2,A,M,0.005664072032706092,3.469446951953614e-18,0.03653452361909722,4.064127678398139,True,3,0.02
joint_indicator_revision_dfm_full_kalman_em,exact,2024:Q2:pre_third:exact,2024-09-25,pre_third,2024:Q2,A,S,0.008945152999330058,3.469446951953614e-18,0.03653452361909722,4.064127678398139,True,3,0.02
joint_indicator_revision_dfm_full_kalman_em,exact,2024:Q2:pre_third:exact,2024-09-25,pre_third,2024:Q2,A,T,0.006976504419355678,3.469446951953614e-18,0.03653452361909722,4.064127678398139,True,3,0.02
joint_indicator_revision_dfm_full_kalman_em,exact,2024:Q2:pre_third:exact,2024-09-25,pre_third,2024:Q2,M,A,0.005664072032706092,3.469446951953614e-18,0.03653452361909722,4.064127678398139,True,3,0.02
joint_indicator_revision_dfm_full_kalman_em,exact,2024:Q2:pre_third:exact,2024-09-25,pre_third,2024:Q2,M,M,4.063904092989814,3.469446951953614e-18,0.03653452361909722,4.064127678398139,True,3,0.02
joint_indicator_revision_dfm_full_kalman_em,exact,2024:Q2:pre_third:exact,2024-09-25,pre_third,2024:Q2,M,S,0.020378581249235993,3.469446951953614e-18,0.03653452361909722,4.064127678398139,True,3,0.02
joint_indicator_revision_dfm_full_kalman_em,exact,2024:Q2:pre_third:exact,2024-09-25,pre_third,2024:Q2,M,T,0.020843249961336935,3.469446951953614e-18,0.03653452361909722,4.064127678398139,True,3,0.02
joint_indicator_revision_dfm_full_kalman_em,exact,2024:Q2:pre_third:exact,2024-09-25,pre_third,2024:Q2,S,A,0.008945152999330058,3.469446951953614e-18,0.03653452361909722,4.064127678398139,True,3,0.02
joint_indicator_revision_dfm_full_kalman_em,exact,2024:Q2:pre_third:exact,2024-09-25,pre_third,2024:Q2,S,M,0.020378581249235993,3.469446951953614e-18,0.03653452361909722,4.064127678398139,True,3,0.02
joint_indicator_revision_dfm_full_kalman_em,exact,2024:Q2:pre_third:exact,2024-09-25,pre_third,2024:Q2,S,S,0.0408674263870065,3.469446951953614e-18,0.03653452361909722,4.064127678398139,True,3,0.02
joint_indicator_revision_dfm_full_kalman_em,exact,2024:Q2:pre_third:exact,2024-09-25,pre_third,2024:Q2,S,T,0.020149912684237874,3.469446951953614e-18,0.03653452361909722,4.064127678398139,True,3,0.02
joint_indicator_revision_dfm_full_kalman_em,exact,2024:Q2:pre_third:exact,2024-09-25,pre_third,2024:Q2,T,A,0.006976504419355677,3.469446951953614e-18,0.03653452361909722,4.064127678398139,True,3,0.02
joint_indicator_revision_dfm_full_kalman_em,exact,2024:Q2:pre_third:exact,2024-09-25,pre_third,2024:Q2,T,M,0.020843249961336935,3.469446951953614e-18,0.03653452361909722,4.064127678398139,True,3,0.02
joint_indicator_revision_dfm_full_kalman_em,exact,2024:Q2:pre_third:exact,2024-09-25,pre_third,2024:Q2,T,S,0.02014991268423787,3.469446951953614e-18,0.03653452361909722,4.064127678398139,True,3,0.02
joint_indicator_revision_dfm_full_kalman_em,exact,2024:Q2:pre_third:exact,2024-09-25,pre_third,2024:Q2,T,T,0.13945374559264315,3.469446951953614e-18,0.03653452361909722,4.064127678398139,True,3,0.02
monthly_mixed_frequency_kalman_em,exact,2024:Q2:pre_third:exact,2024-09-25,pre_third,2024:Q2,A,A,0.3002475458938765,0.0,0.05753491720927773,4.235470779343016,True,3,0.02
monthly_mixed_frequency_kalman_em,exact,2024:Q2:pre_third:exact,2024-09-25,pre_third,2024:Q2,A,M,-0.040134845537573696,0.0,0.05753491720927773,4.235470779343016,True,3,0.02
monthly_mixed_frequency_kalman_em,exact,2024:Q2:pre_third:exact,2024-09-25,pre_third,2024:Q2,A,S,0.029845874650428785,0.0,0.05753491720927773,4.235470779343016,True,3,0.02
monthly_mixed_frequency_kalman_em,exact,2024:Q2:pre_third:exact,2024-09-25,pre_third,2024:Q2,A,T,-0.00832542727029984,0.0,0.05753491720927773,4.235470779343016,True,3,0.02
monthly_mixed_frequency_kalman_em,exact,2024:Q2:pre_third:exact,2024-09-25,pre_third,2024:Q2,M,A,-0.040134845537573696,0.0,0.05753491720927773,4.235470779343016,True,3,0.02
monthly_mixed_frequency_kalman_em,exact,2024:Q2:pre_third:exact,2024-09-25,pre_third,2024:Q2,M,M,4.23003032087882,0.0,0.05753491720927773,4.235470779343016,True,3,0.02
monthly_mixed_frequency_kalman_em,exact,2024:Q2:pre_third:exact,2024-09-25,pre_third,2024:Q2,M,S,0.06140388179854482,0.0,0.05753491720927773,4.235470779343016,True,3,0.02
monthly_mixed_frequency_kalman_em,exact,2024:Q2:pre_third:exact,2024-09-25,pre_third,2024:Q2,M,T,0.12909636668929053,0.0,0.05753491720927773,4.235470779343016,True,3,0.02
monthly_mixed_frequency_kalman_em,exact,2024:Q2:pre_third:exact,2024-09-25,pre_third,2024:Q2,S,A,0.029845874650428785,0.0,0.05753491720927773,4.235470779343016,True,3,0.02
monthly_mixed_frequency_kalman_em,exact,2024:Q2:pre_third:exact,2024-09-25,pre_third,2024:Q2,S,M,0.06140388179854482,0.0,0.05753491720927773,4.235470779343016,True,3,0.02
monthly_mixed_frequency_kalman_em,exact,2024:Q2:pre_third:exact,2024-09-25,pre_third,2024:Q2,S,S,0.0958074073956082,0.0,0.05753491720927773,4.235470779343016,True,3,0.02
monthly_mixed_frequency_kalman_em,exact,2024:Q2:pre_third:exact,2024-09-25,pre_third,2024:Q2,S,T,0.05351438001151582,0.0,0.05753491720927773,4.235470779343016,True,3,0.02
monthly_mixed_frequency_kalman_em,exact,2024:Q2:pre_third:exact,2024-09-25,pre_third,2024:Q2,T,A,-0.00832542727029984,0.0,0.05753491720927773,4.235470779343016,True,3,0.02
monthly_mixed_frequency_kalman_em,exact,2024:Q2:pre_third:exact,2024-09-25,pre_third,2024:Q2,T,M,0.12909636668929053,0.0,0.05753491720927773,4.235470779343016,True,3,0.02
monthly_mixed_frequency_kalman_em,exact,2024:Q2:pre_third:exact,2024-09-25,pre_third,2024:Q2,T,S,0.05351438001151582,0.0,0.05753491720927773,4.235470779343016,True,3,0.02
monthly_mixed_frequency_kalman_em,exact,2024:Q2:pre_third:exact,2024-09-25,pre_third,2024:Q2,T,T,0.14391290439210666,0.0,0.05753491720927773,4.235470779343016,True,3,0.02
revision_dfm_kalman_em,exact,2024:Q2:pre_third:exact,2024-09-25,pre_third,2024:Q2,A,A,0.2224783512517062,3.469446951953614e-18,0.04078138608731669,4.061525405411904,True,3,0.02
revision_dfm_kalman_em,exact,2024:Q2:pre_third:exact,2024-09-25,pre_third,2024:Q2,A,M,0.005789749226240038,3.469446951953614e-18,0.04078138608731669,4.061525405411904,True,3,0.02
revision_dfm_kalman_em,exact,2024:Q2:pre_third:exact,2024-09-25,pre_third,2024:Q2,A,S,0.009418766916090851,3.469446951953614e-18,0.04078138608731669,4.061525405411904,True,3,0.02
revision_dfm_kalman_em,exact,2024:Q2:pre_third:exact,2024-09-25,pre_third,2024:Q2,A,T,0.007241356302180363,3.469446951953614e-18,0.04078138608731669,4.061525405411904,True,3,0.02
revision_dfm_kalman_em,exact,2024:Q2:pre_third:exact,2024-09-25,pre_third,2024:Q2,M,A,0.005789749226240038,3.469446951953614e-18,0.04078138608731669,4.061525405411904,True,3,0.02
revision_dfm_kalman_em,exact,2024:Q2:pre_third:exact,2024-09-25,pre_third,2024:Q2,M,M,4.061237811587721,3.469446951953614e-18,0.04078138608731669,4.061525405411904,True,3,0.02
revision_dfm_kalman_em,exact,2024:Q2:pre_third:exact,2024-09-25,pre_third,2024:Q2,M,S,0.023160899733255375,3.469446951953614e-18,0.04078138608731669,4.061525405411904,True,3,0.02
revision_dfm_kalman_em,exact,2024:Q2:pre_third:exact,2024-09-25,pre_third,2024:Q2,M,T,0.023709462380845335,3.469446951953614e-18,0.04078138608731669,4.061525405411904,True,3,0.02
revision_dfm_kalman_em,exact,2024:Q2:pre_third:exact,2024-09-25,pre_third,2024:Q2,S,A,0.009418766916090848,3.469446951953614e-18,0.04078138608731669,4.061525405411904,True,3,0.02
revision_dfm_kalman_em,exact,2024:Q2:pre_third:exact,2024-09-25,pre_third,2024:Q2,S,M,0.023160899733255375,3.469446951953614e-18,0.04078138608731669,4.061525405411904,True,3,0.02
revision_dfm_kalman_em,exact,2024:Q2:pre_third:exact,2024-09-25,pre_third,2024:Q2,S,S,0.04646026914831011,3.469446951953614e-18,0.04078138608731669,4.061525405411904,True,3,0.02
revision_dfm_kalman_em,exact,2024:Q2:pre_third:exact,2024-09-25,pre_third,2024:Q2,S,T,0.022886057076912082,3.469446951953614e-18,0.04078138608731669,4.061525405411904,True,3,0.02
revision_dfm_kalman_em,exact,2024:Q2:pre_third:exact,2024-09-25,pre_third,2024:Q2,T,A,0.007241356302180363,3.469446951953614e-18,0.04078138608731669,4.061525405411904,True,3,0.02
revision_dfm_kalman_em,exact,2024:Q2:pre_third:exact,2024-09-25,pre_third,2024:Q2,T,M,0.023709462380845335,3.469446951953614e-18,0.04078138608731669,4.061525405411904,True,3,0.02
revision_dfm_kalman_em,exact,2024:Q2:pre_third:exact,2024-09-25,pre_third,2024:Q2,T,S,0.022886057076912086,3.469446951953614e-18,0.04078138608731669,4.061525405411904,True,3,0.02
revision_dfm_kalman_em,exact,2024:Q2:pre_third:exact,2024-09-25,pre_third,2024:Q2,T,T,0.14015463091444677,3.469446951953614e-18,0.04078138608731669,4.061525405411904,True,3,0.02
indicator_revision_only_dfm_kalman_em,pseudo,2024:Q2:pre_third:pseudo,2024-09-30,pre_third,2024:Q2,A,A,0.403679899066622,0.0,0.03134082780761953,4.056587501222257,True,3,0.02
indicator_revision_only_dfm_kalman_em,pseudo,2024:Q2:pre_third:pseudo,2024-09-30,pre_third,2024:Q2,A,M,0.016805973047445154,0.0,0.03134082780761953,4.056587501222257,True,3,0.02
indicator_revision_only_dfm_kalman_em,pseudo,2024:Q2:pre_third:pseudo,2024-09-30,pre_third,2024:Q2,A,S,0.016805973047445154,0.0,0.03134082780761953,4.056587501222257,True,3,0.02
indicator_revision_only_dfm_kalman_em,pseudo,2024:Q2:pre_third:pseudo,2024-09-30,pre_third,2024:Q2,A,T,0.016805973047445154,0.0,0.03134082780761953,4.056587501222257,True,3,0.02
indicator_revision_only_dfm_kalman_em,pseudo,2024:Q2:pre_third:pseudo,2024-09-30,pre_third,2024:Q2,M,A,0.016805973047445154,0.0,0.03134082780761953,4.056587501222257,True,3,0.02
indicator_revision_only_dfm_kalman_em,pseudo,2024:Q2:pre_third:pseudo,2024-09-30,pre_third,2024:Q2,M,M,4.0563658746157865,0.0,0.03134082780761953,4.056587501222257,True,3,0.02
indicator_revision_only_dfm_kalman_em,pseudo,2024:Q2:pre_third:pseudo,2024-09-30,pre_third,2024:Q2,M,S,0.016805973047445154,0.0,0.03134082780761953,4.056587501222257,True,3,0.02
indicator_revision_only_dfm_kalman_em,pseudo,2024:Q2:pre_third:pseudo,2024-09-30,pre_third,2024:Q2,M,T,0.016805973047445154,0.0,0.03134082780761953,4.056587501222257,True,3,0.02
indicator_revision_only_dfm_kalman_em,pseudo,2024:Q2:pre_third:pseudo,2024-09-30,pre_third,2024:Q2,S,A,0.016805973047445154,0.0,0.03134082780761953,4.056587501222257,True,3,0.02
indicator_revision_only_dfm_kalman_em,pseudo,2024:Q2:pre_third:pseudo,2024-09-30,pre_third,2024:Q2,S,M,0.016805973047445154,0.0,0.03134082780761953,4.056587501222257,True,3,0.02
indicator_revision_only_dfm_kalman_em,pseudo,2024:Q2:pre_third:pseudo,2024-09-30,pre_third,2024:Q2,S,S,0.034484323898172874,0.0,0.03134082780761953,4.056587501222257,True,3,0.02
indicator_revision_only_dfm_kalman_em,pseudo,2024:Q2:pre_third:pseudo,2024-09-30,pre_third,2024:Q2,S,T,0.016805973047445154,0.0,0.03134082780761953,4.056587501222257,True,3,0.02
indicator_revision_only_dfm_kalman_em,pseudo,2024:Q2:pre_third:pseudo,2024-09-30,pre_third,2024:Q2,T,A,0.016805973047445154,0.0,0.03134082780761953,4.056587501222257,True,3,0.02
indicator_revision_only_dfm_kalman_em,pseudo,2024:Q2:pre_third:pseudo,2024-09-30,pre_third,2024:Q2,T,M,0.016805973047445154,0.0,0.03134082780761953,4.056587501222257,True,3,0.02
indicator_revision_only_dfm_kalman_em,pseudo,2024:Q2:pre_third:pseudo,2024-09-30,pre_third,2024:Q2,T,S,0.016805973047445154,0.0,0.03134082780761953,4.056587501222257,True,3,0.02
indicator_revision_only_dfm_kalman_em,pseudo,2024:Q2:pre_third:pseudo,2024-09-30,pre_third,2024:Q2,T,T,0.14223477316874814,0.0,0.03134082780761953,4.056587501222257,True,3,0.02
joint_indicator_revision_dfm_full_kalman_em,pseudo,2024:Q2:pre_third:pseudo,2024-09-30,pre_third,2024:Q2,A,A,0.2143118285138128,1.734723475976807e-18,0.036513668024134124,4.064195171383212,True,3,0.02
joint_indicator_revision_dfm_full_kalman_em,pseudo,2024:Q2:pre_third:pseudo,2024-09-30,pre_third,2024:Q2,A,M,0.005624506602359078,1.734723475976807e-18,0.036513668024134124,4.064195171383212,True,3,0.02
joint_indicator_revision_dfm_full_kalman_em,pseudo,2024:Q2:pre_third:pseudo,2024-09-30,pre_third,2024:Q2,A,S,0.008908788560368187,1.734723475976807e-18,0.036513668024134124,4.064195171383212,True,3,0.02
joint_indicator_revision_dfm_full_kalman_em,pseudo,2024:Q2:pre_third:pseudo,2024-09-30,pre_third,2024:Q2,A,T,0.0069382193855627204,1.734723475976807e-18,0.036513668024134124,4.064195171383212,True,3,0.02
joint_indicator_revision_dfm_full_kalman_em,pseudo,2024:Q2:pre_third:pseudo,2024-09-30,pre_third,2024:Q2,M,A,0.005624506602359078,1.734723475976807e-18,0.036513668024134124,4.064195171383212,True,3,0.02
joint_indicator_revision_dfm_full_kalman_em,pseudo,2024:Q2:pre_third:pseudo,2024-09-30,pre_third,2024:Q2,M,M,4.06397194397673,1.734723475976807e-18,0.036513668024134124,4.064195171383212,True,3,0.02
joint_indicator_revision_dfm_full_kalman_em,pseudo,2024:Q2:pre_third:pseudo,2024-09-30,pre_third,2024:Q2,M,S,0.02036695869419346,1.734723475976807e-18,0.036513668024134124,4.064195171383212,True,3,0.02
joint_indicator_revision_dfm_full_kalman_em,pseudo,2024:Q2:pre_third:pseudo,2024-09-30,pre_third,2024:Q2,M,T,0.02083250981288297,1.734723475976807e-18,0.036513668024134124,4.064195171383212,True,3,0.02
joint_indicator_revision_dfm_full_kalman_em,pseudo,2024:Q2:pre_third:pseudo,2024-09-30,pre_third,2024:Q2,S,A,0.008908788560368185,1.734723475976807e-18,0.036513668024134124,4.064195171383212,True,3,0.02
joint_indicator_revision_dfm_full_kalman_em,pseudo,2024:Q2:pre_third:pseudo,2024-09-30,pre_third,2024:Q2,S,M,0.02036695869419346,1.734723475976807e-18,0.036513668024134124,4.064195171383212,True,3,0.02
joint_indicator_revision_dfm_full_kalman_em,pseudo,2024:Q2:pre_third:pseudo,2024-09-30,pre_third,2024:Q2,S,S,0.040839274766187955,1.734723475976807e-18,0.036513668024134124,4.064195171383212,True,3,0.02
joint_indicator_revision_dfm_full_kalman_em,pseudo,2024:Q2:pre_third:pseudo,2024-09-30,pre_third,2024:Q2,S,T,0.020137795291516956,1.734723475976807e-18,0.036513668024134124,4.064195171383212,True,3,0.02
joint_indicator_revision_dfm_full_kalman_em,pseudo,2024:Q2:pre_third:pseudo,2024-09-30,pre_third,2024:Q2,T,A,0.0069382193855627204,1.734723475976807e-18,0.036513668024134124,4.064195171383212,True,3,0.02
joint_indicator_revision_dfm_full_kalman_em,pseudo,2024:Q2:pre_third:pseudo,2024-09-30,pre_third,2024:Q2,T,M,0.02083250981288297,1.734723475976807e-18,0.036513668024134124,4.064195171383212,True,3,0.02
joint_indicator_revision_dfm_full_kalman_em,pseudo,2024:Q2:pre_third:pseudo,2024-09-30,pre_third,2024:Q2,T,S,0.020137795291516956,1.734723475976807e-18,0.036513668024134124,4.064195171383212,True,3,0.02
joint_indicator_revision_dfm_full_kalman_em,pseudo,2024:Q2:pre_third:pseudo,2024-09-30,pre_third,2024:Q2,T,T,0.13945311071301167,1.734723475976807e-18,0.036513668024134124,4.064195171383212,True,3,0.02
monthly_mixed_frequency_kalman_em,pseudo,2024:Q2:pre_third:pseudo,2024-09-30,pre_third,2024:Q2,A,A,0.3002457246077155,0.0,0.05753512956046018,4.235506557060572,True,3,0.02
monthly_mixed_frequency_kalman_em,pseudo,2024:Q2:pre_third:pseudo,2024-09-30,pre_third,2024:Q2,A,M,-0.04013973363583269,0.0,0.05753512956046018,4.235506557060572,True,3,0.02
monthly_mixed_frequency_kalman_em,pseudo,2024:Q2:pre_third:pseudo,2024-09-30,pre_third,2024:Q2,A,S,0.029845047166495164,0.0,0.05753512956046018,4.235506557060572,True,3,0.02
monthly_mixed_frequency_kalman_em,pseudo,2024:Q2:pre_third:pseudo,2024-09-30,pre_third,2024:Q2,A,T,-0.008328469634774587,0.0,0.05753512956046018,4.235506557060572,True,3,0.02
monthly_mixed_frequency_kalman_em,pseudo,2024:Q2:pre_third:pseudo,2024-09-30,pre_third,2024:Q2,M,A,-0.04013973363583269,0.0,0.05753512956046018,4.235506557060572,True,3,0.02
monthly_mixed_frequency_kalman_em,pseudo,2024:Q2:pre_third:pseudo,2024-09-30,pre_third,2024:Q2,M,M,4.230065279612097,0.0,0.05753512956046018,4.235506557060572,True,3,0.02
monthly_mixed_frequency_kalman_em,pseudo,2024:Q2:pre_third:pseudo,2024-09-30,pre_third,2024:Q2,M,S,0.061407933761784654,0.0,0.05753512956046018,4.235506557060572,True,3,0.02
monthly_mixed_frequency_kalman_em,pseudo,2024:Q2:pre_third:pseudo,2024-09-30,pre_third,2024:Q2,M,T,0.12910637869352956,0.0,0.05753512956046018,4.235506557060572,True,3,0.02
monthly_mixed_frequency_kalman_em,pseudo,2024:Q2:pre_third:pseudo,2024-09-30,pre_third,2024:Q2,S,A,0.029845047166495164,0.0,0.05753512956046018,4.235506557060572,True,3,0.02
monthly_mixed_frequency_kalman_em,pseudo,2024:Q2:pre_third:pseudo,2024-09-30,pre_third,2024:Q2,S,M,0.061407933761784654,0.0,0.05753512956046018,4.235506557060572,True,3,0.02
monthly_mixed_frequency_kalman_em,pseudo,2024:Q2:pre_third:pseudo,2024-09-30,pre_third,2024:Q2,S,S,0.09581041701601258,0.0,0.05753512956046018,4.235506557060572,True,3,0.02
monthly_mixed_frequency_kalman_em,pseudo,2024:Q2:pre_third:pseudo,2024-09-30,pre_third,2024:Q2,S,T,0.05351721211296227,0.0,0.05753512956046018,4.235506557060572,True,3,0.02
monthly_mixed_frequency_kalman_em,pseudo,2024:Q2:pre_third:pseudo,2024-09-30,pre_third,2024:Q2,T,A,-0.008328469634774587,0.0,0.05753512956046018,4.235506557060572,True,3,0.02
monthly_mixed_frequency_kalman_em,pseudo,2024:Q2:pre_third:pseudo,2024-09-30,pre_third,2024:Q2,T,M,0.12910637869352956,0.0,0.05753512956046018,4.235506557060572,True,3,0.02
monthly_mixed_frequency_kalman_em,pseudo,2024:Q2:pre_third:pseudo,2024-09-30,pre_third,2024:Q2,T,S,0.05351721211296227,0.0,0.05753512956046018,4.235506557060572,True,3,0.02
monthly_mixed_frequency_kalman_em,pseudo,2024:Q2:pre_third:pseudo,2024-09-30,pre_third,2024:Q2,T,T,0.14391605082308861,0.0,0.05753512956046018,4.235506557060572,True,3,0.02
revision_dfm_kalman_em,pseudo,2024:Q2:pre_third:pseudo,2024-09-30,pre_third,2024:Q2,A,A,0.2224055402505681,3.469446951953614e-18,0.0407885897455025,4.061552648190801,True,3,0.02
revision_dfm_kalman_em,pseudo,2024:Q2:pre_third:pseudo,2024-09-30,pre_third,2024:Q2,A,M,0.005787745279659882,3.469446951953614e-18,0.0407885897455025,4.061552648190801,True,3,0.02
revision_dfm_kalman_em,pseudo,2024:Q2:pre_third:pseudo,2024-09-30,pre_third,2024:Q2,A,S,0.009416042373954,3.469446951953614e-18,0.0407885897455025,4.061552648190801,True,3,0.02
revision_dfm_kalman_em,pseudo,2024:Q2:pre_third:pseudo,2024-09-30,pre_third,2024:Q2,A,T,0.007239064117377529,3.469446951953614e-18,0.0407885897455025,4.061552648190801,True,3,0.02
revision_dfm_kalman_em,pseudo,2024:Q2:pre_third:pseudo,2024-09-30,pre_third,2024:Q2,M,A,0.005787745279659882,3.469446951953614e-18,0.0407885897455025,4.061552648190801,True,3,0.02
revision_dfm_kalman_em,pseudo,2024:Q2:pre_third:pseudo,2024-09-30,pre_third,2024:Q2,M,M,4.061264933519304,3.469446951953614e-18,0.0407885897455025,4.061552648190801,True,3,0.02
revision_dfm_kalman_em,pseudo,2024:Q2:pre_third:pseudo,2024-09-30,pre_third,2024:Q2,M,S,0.023166192000438485,3.469446951953614e-18,0.0407885897455025,4.061552648190801,True,3,0.02
revision_dfm_kalman_em,pseudo,2024:Q2:pre_third:pseudo,2024-09-30,pre_third,2024:Q2,M,T,0.023714985054778863,3.469446951953614e-18,0.0407885897455025,4.061552648190801,True,3,0.02
revision_dfm_kalman_em,pseudo,2024:Q2:pre_third:pseudo,2024-09-30,pre_third,2024:Q2,S,A,0.009416042373953997,3.469446951953614e-18,0.0407885897455025,4.061552648190801,True,3,0.02
revision_dfm_kalman_em,pseudo,2024:Q2:pre_third:pseudo,2024-09-30,pre_third,2024:Q2,S,M,0.023166192000438485,3.469446951953614e-18,0.0407885897455025,4.061552648190801,True,3,0.02
revision_dfm_kalman_em,pseudo,2024:Q2:pre_third:pseudo,2024-09-30,pre_third,2024:Q2,S,S,0.04647032049743172,3.469446951953614e-18,0.0407885897455025,4.061552648190801,True,3,0.02
revision_dfm_kalman_em,pseudo,2024:Q2:pre_third:pseudo,2024-09-30,pre_third,2024:Q2,S,T,0.02289118900790879,3.469446951953614e-18,0.0407885897455025,4.061552648190801,True,3,0.02
revision_dfm_kalman_em,pseudo,2024:Q2:pre_third:pseudo,2024-09-30,pre_third,2024:Q2,T,A,0.007239064117377528,3.469446951953614e-18,0.0407885897455025,4.061552648190801,True,3,0.02
revision_dfm_kalman_em,pseudo,2024:Q2:pre_third:pseudo,2024-09-30,pre_third,2024:Q2,T,M,0.023714985054778863,3.469446951953614e-18,0.0407885897455025,4.061552648190801,True,3,0.02
revision_dfm_kalman_em,pseudo,2024:Q2:pre_third:pseudo,2024-09-30,pre_third,2024:Q2,T,S,0.022891189007908794,3.469446951953614e-18,0.0407885897455025,4.061552648190801,True,3,0.02
revision_dfm_kalman_em,pseudo,2024:Q2:pre_third:pseudo,2024-09-30,pre_third,2024:Q2,T,T,0.14015141705877676,3.469446951953614e-18,0.0407885897455025,4.061552648190801,True,3,0.02
indicator_revision_only_dfm_kalman_em,exact,2024:Q3:pre_advance:exact,2024-10-29,pre_advance,2024:Q3,A,A,3.9350926564533566,0.0,0.06541761914880458,15.554095684574374,True,3,0.02
indicator_revision_only_dfm_kalman_em,exact,2024:Q3:pre_advance:exact,2024-10-29,pre_advance,2024:Q3,A,M,3.547315376823107,0.0,0.06541761914880458,15.554095684574374,True,3,0.02
indicator_revision_only_dfm_kalman_em,exact,2024:Q3:pre_advance:exact,2024-10-29,pre_advance,2024:Q3,A,S,3.547315376823107,0.0,0.06541761914880458,15.554095684574374,True,3,0.02
indicator_revision_only_dfm_kalman_em,exact,2024:Q3:pre_advance:exact,2024-10-29,pre_advance,2024:Q3,A,T,3.547315376823107,0.0,0.06541761914880458,15.554095684574374,True,3,0.02
indicator_revision_only_dfm_kalman_em,exact,2024:Q3:pre_advance:exact,2024-10-29,pre_advance,2024:Q3,M,A,3.547315376823107,0.0,0.06541761914880458,15.554095684574374,True,3,0.02
indicator_revision_only_dfm_kalman_em,exact,2024:Q3:pre_advance:exact,2024-10-29,pre_advance,2024:Q3,M,M,7.579756120807693,0.0,0.06541761914880458,15.554095684574374,True,3,0.02
indicator_revision_only_dfm_kalman_em,exact,2024:Q3:pre_advance:exact,2024-10-29,pre_advance,2024:Q3,M,S,3.547315376823107,0.0,0.06541761914880458,15.554095684574374,True,3,0.02
indicator_revision_only_dfm_kalman_em,exact,2024:Q3:pre_advance:exact,2024-10-29,pre_advance,2024:Q3,M,T,3.547315376823107,0.0,0.06541761914880458,15.554095684574374,True,3,0.02
indicator_revision_only_dfm_kalman_em,exact,2024:Q3:pre_advance:exact,2024-10-29,pre_advance,2024:Q3,S,A,3.547315376823107,0.0,0.06541761914880458,15.554095684574374,True,3,0.02
indicator_revision_only_dfm_kalman_em,exact,2024:Q3:pre_advance:exact,2024-10-29,pre_advance,2024:Q3,S,M,3.547315376823107,0.0,0.06541761914880458,15.554095684574374,True,3,0.02
indicator_revision_only_dfm_kalman_em,exact,2024:Q3:pre_advance:exact,2024-10-29,pre_advance,2024:Q3,S,S,3.562691576128288,0.0,0.06541761914880458,15.554095684574374,True,3,0.02
indicator_revision_only_dfm_kalman_em,exact,2024:Q3:pre_advance:exact,2024-10-29,pre_advance,2024:Q3,S,T,3.547315376823107,0.0,0.06541761914880458,15.554095684574374,True,3,0.02
indicator_revision_only_dfm_kalman_em,exact,2024:Q3:pre_advance:exact,2024-10-29,pre_advance,2024:Q3,T,A,3.547315376823107,0.0,0.06541761914880458,15.554095684574374,True,3,0.02
indicator_revision_only_dfm_kalman_em,exact,2024:Q3:pre_advance:exact,2024-10-29,pre_advance,2024:Q3,T,M,3.547315376823107,0.0,0.06541761914880458,15.554095684574374,True,3,0.02
indicator_revision_only_dfm_kalman_em,exact,2024:Q3:pre_advance:exact,2024-10-29,pre_advance,2024:Q3,T,S,3.547315376823107,0.0,0.06541761914880458,15.554095684574374,True,3,0.02
indicator_revision_only_dfm_kalman_em,exact,2024:Q3:pre_advance:exact,2024-10-29,pre_advance,2024:Q3,T,T,3.673905030830705,0.0,0.06541761914880458,15.554095684574374,True,3,0.02
joint_indicator_revision_dfm_full_kalman_em,exact,2024:Q3:pre_advance:exact,2024-10-29,pre_advance,2024:Q3,A,A,2.998184247158772,4.440892098500626e-16,0.06351985928127679,15.784543634788722,True,3,0.02
joint_indicator_revision_dfm_full_kalman_em,exact,2024:Q3:pre_advance:exact,2024-10-29,pre_advance,2024:Q3,A,M,3.2659474355818356,4.440892098500626e-16,0.06351985928127679,15.784543634788722,True,3,0.02
joint_indicator_revision_dfm_full_kalman_em,exact,2024:Q3:pre_advance:exact,2024-10-29,pre_advance,2024:Q3,A,S,3.2433073886067376,4.440892098500626e-16,0.06351985928127679,15.784543634788722,True,3,0.02
joint_indicator_revision_dfm_full_kalman_em,exact,2024:Q3:pre_advance:exact,2024-10-29,pre_advance,2024:Q3,A,T,3.2568914167917966,4.440892098500626e-16,0.06351985928127679,15.784543634788722,True,3,0.02
joint_indicator_revision_dfm_full_kalman_em,exact,2024:Q3:pre_advance:exact,2024-10-29,pre_advance,2024:Q3,M,A,3.2659474355818356,4.440892098500626e-16,0.06351985928127679,15.784543634788722,True,3,0.02
joint_indicator_revision_dfm_full_kalman_em,exact,2024:Q3:pre_advance:exact,2024-10-29,pre_advance,2024:Q3,M,M,7.943786740741331,4.440892098500626e-16,0.06351985928127679,15.784543634788722,True,3,0.02
joint_indicator_revision_dfm_full_kalman_em,exact,2024:Q3:pre_advance:exact,2024-10-29,pre_advance,2024:Q3,M,S,3.8733178476439503,4.440892098500626e-16,0.06351985928127679,15.784543634788722,True,3,0.02
joint_indicator_revision_dfm_full_kalman_em,exact,2024:Q3:pre_advance:exact,2024-10-29,pre_advance,2024:Q3,M,T,3.8924979659195964,4.440892098500626e-16,0.06351985928127679,15.784543634788722,True,3,0.02
joint_indicator_revision_dfm_full_kalman_em,exact,2024:Q3:pre_advance:exact,2024-10-29,pre_advance,2024:Q3,S,A,3.2433073886067376,4.440892098500626e-16,0.06351985928127679,15.784543634788722,True,3,0.02
joint_indicator_revision_dfm_full_kalman_em,exact,2024:Q3:pre_advance:exact,2024-10-29,pre_advance,2024:Q3,S,M,3.8733178476439503,4.440892098500626e-16,0.06351985928127679,15.784543634788722,True,3,0.02
joint_indicator_revision_dfm_full_kalman_em,exact,2024:Q3:pre_advance:exact,2024-10-29,pre_advance,2024:Q3,S,S,3.859841471327634,4.440892098500626e-16,0.06351985928127679,15.784543634788722,True,3,0.02
joint_indicator_revision_dfm_full_kalman_em,exact,2024:Q3:pre_advance:exact,2024-10-29,pre_advance,2024:Q3,S,T,3.860717638463206,4.440892098500626e-16,0.06351985928127679,15.784543634788722,True,3,0.02
joint_indicator_revision_dfm_full_kalman_em,exact,2024:Q3:pre_advance:exact,2024-10-29,pre_advance,2024:Q3,T,A,3.2568914167917966,4.440892098500626e-16,0.06351985928127679,15.784543634788722,True,3,0.02
joint_indicator_revision_dfm_full_kalman_em,exact,2024:Q3:pre_advance:exact,2024-10-29,pre_advance,2024:Q3,T,M,3.8924979659195964,4.440892098500626e-16,0.06351985928127679,15.784543634788722,True,3,0.02
joint_indicator_revision_dfm_full_kalman_em,exact,2024:Q3:pre_advance:exact,2024-10-29,pre_advance,2024:Q3,T,S,3.8607176384632065,4.440892098500626e-16,0.06351985928127679,15.784543634788722,True,3,0.02
joint_indicator_revision_dfm_full_kalman_em,exact,2024:Q3:pre_advance:exact,2024-10-29,pre_advance,2024:Q3,T,T,4.001046718940795,4.440892098500626e-16,0.06351985928127679,15.784543634788722,True,3,0.02
monthly_mixed_frequency_kalman_em,exact,2024:Q3:pre_advance:exact,2024-10-29,pre_advance,2024:Q3,A,A,4.476113283856048,0.0,0.06060646833797471,18.61330771538359,True,3,0.02
monthly_mixed_frequency_kalman_em,exact,2024:Q3:pre_advance:exact,2024-10-29,pre_advance,2024:Q3,A,M,4.185228612578048,0.0,0.06060646833797471,18.61330771538359,True,3,0.02
monthly_mixed_frequency_kalman_em,exact,2024:Q3:pre_advance:exact,2024-10-29,pre_advance,2024:Q3,A,S,4.228444300233514,0.0,0.06060646833797471,18.61330771538359,True,3,0.02
monthly_mixed_frequency_kalman_em,exact,2024:Q3:pre_advance:exact,2024-10-29,pre_advance,2024:Q3,A,T,4.204872106966897,0.0,0.06060646833797471,18.61330771538359,True,3,0.02
monthly_mixed_frequency_kalman_em,exact,2024:Q3:pre_advance:exact,2024-10-29,pre_advance,2024:Q3,M,A,4.185228612578048,0.0,0.06060646833797471,18.61330771538359,True,3,0.02
monthly_mixed_frequency_kalman_em,exact,2024:Q3:pre_advance:exact,2024-10-29,pre_advance,2024:Q3,M,M,8.619449068720964,0.0,0.06060646833797471,18.61330771538359,True,3,0.02
monthly_mixed_frequency_kalman_em,exact,2024:Q3:pre_advance:exact,2024-10-29,pre_advance,2024:Q3,M,S,4.367092315454751,0.0,0.06060646833797471,18.61330771538359,True,3,0.02
monthly_mixed_frequency_kalman_em,exact,2024:Q3:pre_advance:exact,2024-10-29,pre_advance,2024:Q3,M,T,4.488334784039219,0.0,0.06060646833797471,18.61330771538359,True,3,0.02
monthly_mixed_frequency_kalman_em,exact,2024:Q3:pre_advance:exact,2024-10-29,pre_advance,2024:Q3,S,A,4.228444300233514,0.0,0.06060646833797471,18.61330771538359,True,3,0.02
monthly_mixed_frequency_kalman_em,exact,2024:Q3:pre_advance:exact,2024-10-29,pre_advance,2024:Q3,S,M,4.367092315454751,0.0,0.06060646833797471,18.61330771538359,True,3,0.02
monthly_mixed_frequency_kalman_em,exact,2024:Q3:pre_advance:exact,2024-10-29,pre_advance,2024:Q3,S,S,4.342468406863531,0.0,0.06060646833797471,18.61330771538359,True,3,0.02
monthly_mixed_frequency_kalman_em,exact,2024:Q3:pre_advance:exact,2024-10-29,pre_advance,2024:Q3,S,T,4.332430311649442,0.0,0.06060646833797471,18.61330771538359,True,3,0.02
monthly_mixed_frequency_kalman_em,exact,2024:Q3:pre_advance:exact,2024-10-29,pre_advance,2024:Q3,T,A,4.204872106966897,0.0,0.06060646833797471,18.61330771538359,True,3,0.02
monthly_mixed_frequency_kalman_em,exact,2024:Q3:pre_advance:exact,2024-10-29,pre_advance,2024:Q3,T,M,4.488334784039219,0.0,0.06060646833797471,18.61330771538359,True,3,0.02
monthly_mixed_frequency_kalman_em,exact,2024:Q3:pre_advance:exact,2024-10-29,pre_advance,2024:Q3,T,S,4.332430311649442,0.0,0.06060646833797471,18.61330771538359,True,3,0.02
monthly_mixed_frequency_kalman_em,exact,2024:Q3:pre_advance:exact,2024-10-29,pre_advance,2024:Q3,T,T,4.466967424539955,0.0,0.06060646833797471,18.61330771538359,True,3,0.02
revision_dfm_kalman_em,exact,2024:Q3:pre_advance:exact,2024-10-29,pre_advance,2024:Q3,A,A,2.9219065851707775,0.0,0.06518836681044929,14.624080302502186,True,3,0.02
revision_dfm_kalman_em,exact,2024:Q3:pre_advance:exact,2024-10-29,pre_advance,2024:Q3,A,M,3.0425803720853577,0.0,0.06518836681044929,14.624080302502186,True,3,0.02
revision_dfm_kalman_em,exact,2024:Q3:pre_advance:exact,2024-10-29,pre_advance,2024:Q3,A,S,3.0293559493820252,0.0,0.06518836681044929,14.624080302502186,True,3,0.02
revision_dfm_kalman_em,exact,2024:Q3:pre_advance:exact,2024-10-29,pre_advance,2024:Q3,A,T,3.0372906030040245,0.0,0.06518836681044929,14.624080302502186,True,3,0.02
revision_dfm_kalman_em,exact,2024:Q3:pre_advance:exact,2024-10-29,pre_advance,2024:Q3,M,A,3.0425803720853577,0.0,0.06518836681044929,14.624080302502186,True,3,0.02
revision_dfm_kalman_em,exact,2024:Q3:pre_advance:exact,2024-10-29,pre_advance,2024:Q3,M,M,7.572634417424098,0.0,0.06518836681044929,14.624080302502186,True,3,0.02
revision_dfm_kalman_em,exact,2024:Q3:pre_advance:exact,2024-10-29,pre_advance,2024:Q3,M,S,3.521889690368643,0.0,0.06518836681044929,14.624080302502186,True,3,0.02
revision_dfm_kalman_em,exact,2024:Q3:pre_advance:exact,2024-10-29,pre_advance,2024:Q3,M,T,3.5370257741039044,0.0,0.06518836681044929,14.624080302502186,True,3,0.02
revision_dfm_kalman_em,exact,2024:Q3:pre_advance:exact,2024-10-29,pre_advance,2024:Q3,S,A,3.0293559493820252,0.0,0.06518836681044929,14.624080302502186,True,3,0.02
revision_dfm_kalman_em,exact,2024:Q3:pre_advance:exact,2024-10-29,pre_advance,2024:Q3,S,M,3.521889690368643,0.0,0.06518836681044929,14.624080302502186,True,3,0.02
revision_dfm_kalman_em,exact,2024:Q3:pre_advance:exact,2024-10-29,pre_advance,2024:Q3,S,S,3.521238275331461,0.0,0.06518836681044929,14.624080302502186,True,3,0.02
revision_dfm_kalman_em,exact,2024:Q3:pre_advance:exact,2024-10-29,pre_advance,2024:Q3,S,T,3.5120390155489107,0.0,0.06518836681044929,14.624080302502186,True,3,0.02
revision_dfm_kalman_em,exact,2024:Q3:pre_advance:exact,2024-10-29,pre_advance,2024:Q3,T,A,3.0372906030040245,0.0,0.06518836681044929,14.624080302502186,True,3,0.02
revision_dfm_kalman_em,exact,2024:Q3:pre_advance:exact,2024-10-29,pre_advance,2024:Q3,T,M,3.5370257741039044,0.0,0.06518836681044929,14.624080302502186,True,3,0.02
revision_dfm_kalman_em,exact,2024:Q3:pre_advance:exact,2024-10-29,pre_advance,2024:Q3,T,S,3.5120390155489107,0.0,0.06518836681044929,14.624080302502186,True,3,0.02
revision_dfm_kalman_em,exact,2024:Q3:pre_advance:exact,2024-10-29,pre_advance,2024:Q3,T,T,3.6431946684128738,0.0,0.06518836681044929,14.624080302502186,True,3,0.02
indicator_revision_only_dfm_kalman_em,pseudo,2024:Q3:pre_advance:pseudo,2024-10-31,pre_advance,2024:Q3,A,A,3.9352810456987206,0.0,0.06541767624011956,15.554836606804283,True,3,0.02
indicator_revision_only_dfm_kalman_em,pseudo,2024:Q3:pre_advance:pseudo,2024-10-31,pre_advance,2024:Q3,A,M,3.5475039277710563,0.0,0.06541767624011956,15.554836606804283,True,3,0.02
indicator_revision_only_dfm_kalman_em,pseudo,2024:Q3:pre_advance:pseudo,2024-10-31,pre_advance,2024:Q3,A,S,3.5475039277710563,0.0,0.06541767624011956,15.554836606804283,True,3,0.02
indicator_revision_only_dfm_kalman_em,pseudo,2024:Q3:pre_advance:pseudo,2024-10-31,pre_advance,2024:Q3,A,T,3.5475039277710563,0.0,0.06541767624011956,15.554836606804283,True,3,0.02
indicator_revision_only_dfm_kalman_em,pseudo,2024:Q3:pre_advance:pseudo,2024-10-31,pre_advance,2024:Q3,M,A,3.5475039277710563,0.0,0.06541767624011956,15.554836606804283,True,3,0.02
indicator_revision_only_dfm_kalman_em,pseudo,2024:Q3:pre_advance:pseudo,2024-10-31,pre_advance,2024:Q3,M,M,7.579944746473017,0.0,0.06541767624011956,15.554836606804283,True,3,0.02
indicator_revision_only_dfm_kalman_em,pseudo,2024:Q3:pre_advance:pseudo,2024-10-31,pre_advance,2024:Q3,M,S,3.5475039277710563,0.0,0.06541767624011956,15.554836606804283,True,3,0.02
indicator_revision_only_dfm_kalman_em,pseudo,2024:Q3:pre_advance:pseudo,2024-10-31,pre_advance,2024:Q3,M,T,3.5475039277710563,0.0,0.06541767624011956,15.554836606804283,True,3,0.02
indicator_revision_only_dfm_kalman_em,pseudo,2024:Q3:pre_advance:pseudo,2024-10-31,pre_advance,2024:Q3,S,A,3.5475039277710563,0.0,0.06541767624011956,15.554836606804283,True,3,0.02
indicator_revision_only_dfm_kalman_em,pseudo,2024:Q3:pre_advance:pseudo,2024-10-31,pre_advance,2024:Q3,S,M,3.5475039277710563,0.0,0.06541767624011956,15.554836606804283,True,3,0.02
indicator_revision_only_dfm_kalman_em,pseudo,2024:Q3:pre_advance:pseudo,2024-10-31,pre_advance,2024:Q3,S,S,3.5628801894181144,0.0,0.06541767624011956,15.554836606804283,True,3,0.02
indicator_revision_only_dfm_kalman_em,pseudo,2024:Q3:pre_advance:pseudo,2024-10-31,pre_advance,2024:Q3,S,T,3.5475039277710563,0.0,0.06541767624011956,15.554836606804283,True,3,0.02
indicator_revision_only_dfm_kalman_em,pseudo,2024:Q3:pre_advance:pseudo,2024-10-31,pre_advance,2024:Q3,T,A,3.5475039277710563,0.0,0.06541767624011956,15.554836606804283,True,3,0.02
indicator_revision_only_dfm_kalman_em,pseudo,2024:Q3:pre_advance:pseudo,2024-10-31,pre_advance,2024:Q3,T,M,3.5475039277710563,0.0,0.06541767624011956,15.554836606804283,True,3,0.02
indicator_revision_only_dfm_kalman_em,pseudo,2024:Q3:pre_advance:pseudo,2024-10-31,pre_advance,2024:Q3,T,S,3.5475039277710563,0.0,0.06541767624011956,15.554836606804283,True,3,0.02
indicator_revision_only_dfm_kalman_em,pseudo,2024:Q3:pre_advance:pseudo,2024-10-31,pre_advance,2024:Q3,T,T,3.674093582830959,0.0,0.06541767624011956,15.554836606804283,True,3,0.02
joint_indicator_revision_dfm_full_kalman_em,pseudo,2024:Q3:pre_advance:pseudo,2024-10-31,pre_advance,2024:Q3,A,A,2.9983431342312254,0.0,0.06351984603083559,15.785009552312088,True,3,0.02
joint_indicator_revision_dfm_full_kalman_em,pseudo,2024:Q3:pre_advance:pseudo,2024-10-31,pre_advance,2024:Q3,A,M,3.26608522776271,0.0,0.06351984603083559,15.785009552312088,True,3,0.02
joint_indicator_revision_dfm_full_kalman_em,pseudo,2024:Q3:pre_advance:pseudo,2024-10-31,pre_advance,2024:Q3,A,S,3.2434469027752586,0.0,0.06351984603083559,15.785009552312088,True,3,0.02
joint_indicator_revision_dfm_full_kalman_em,pseudo,2024:Q3:pre_advance:pseudo,2024-10-31,pre_advance,2024:Q3,A,T,3.257029897767729,0.0,0.06351984603083559,15.785009552312088,True,3,0.02
joint_indicator_revision_dfm_full_kalman_em,pseudo,2024:Q3:pre_advance:pseudo,2024-10-31,pre_advance,2024:Q3,M,A,3.26608522776271,0.0,0.06351984603083559,15.785009552312088,True,3,0.02
joint_indicator_revision_dfm_full_kalman_em,pseudo,2024:Q3:pre_advance:pseudo,2024-10-31,pre_advance,2024:Q3,M,M,7.94389461335618,0.0,0.06351984603083559,15.785009552312088,True,3,0.02
joint_indicator_revision_dfm_full_kalman_em,pseudo,2024:Q3:pre_advance:pseudo,2024-10-31,pre_advance,2024:Q3,M,S,3.8734258155437034,0.0,0.06351984603083559,15.785009552312088,True,3,0.02
joint_indicator_revision_dfm_full_kalman_em,pseudo,2024:Q3:pre_advance:pseudo,2024-10-31,pre_advance,2024:Q3,M,T,3.8926049919999453,0.0,0.06351984603083559,15.785009552312088,True,3,0.02
joint_indicator_revision_dfm_full_kalman_em,pseudo,2024:Q3:pre_advance:pseudo,2024-10-31,pre_advance,2024:Q3,S,A,3.2434469027752586,0.0,0.06351984603083559,15.785009552312088,True,3,0.02
joint_indicator_revision_dfm_full_kalman_em,pseudo,2024:Q3:pre_advance:pseudo,2024-10-31,pre_advance,2024:Q3,S,M,3.8734258155437034,0.0,0.06351984603083559,15.785009552312088,True,3,0.02
joint_indicator_revision_dfm_full_kalman_em,pseudo,2024:Q3:pre_advance:pseudo,2024-10-31,pre_advance,2024:Q3,S,S,3.8599510856025465,0.0,0.06351984603083559,15.785009552312088,True,3,0.02
joint_indicator_revision_dfm_full_kalman_em,pseudo,2024:Q3:pre_advance:pseudo,2024-10-31,pre_advance,2024:Q3,S,T,3.860826237288334,0.0,0.06351984603083559,15.785009552312088,True,3,0.02
joint_indicator_revision_dfm_full_kalman_em,pseudo,2024:Q3:pre_advance:pseudo,2024-10-31,pre_advance,2024:Q3,T,A,3.257029897767729,0.0,0.06351984603083559,15.785009552312088,True,3,0.02
joint_indicator_revision_dfm_full_kalman_em,pseudo,2024:Q3:pre_advance:pseudo,2024-10-31,pre_advance,2024:Q3,T,M,3.8926049919999453,0.0,0.06351984603083559,15.785009552312088,True,3,0.02
joint_indicator_revision_dfm_full_kalman_em,pseudo,2024:Q3:pre_advance:pseudo,2024-10-31,pre_advance,2024:Q3,T,S,3.860826237288334,0.0,0.06351984603083559,15.785009552312088,True,3,0.02
joint_indicator_revision_dfm_full_kalman_em,pseudo,2024:Q3:pre_advance:pseudo,2024-10-31,pre_advance,2024:Q3,T,T,4.001154656824487,0.0,0.06351984603083559,15.785009552312088,True,3,0.02
monthly_mixed_frequency_kalman_em,pseudo,2024:Q3:pre_advance:pseudo,2024-10-31,pre_advance,2024:Q3,A,A,4.475974318155211,0.0,0.06060657652983404,18.61276816829324,True,3,0.02
monthly_mixed_frequency_kalman_em,pseudo,2024:Q3:pre_advance:pseudo,2024-10-31,pre_advance,2024:Q3,A,M,4.185092051644876,0.0,0.06060657652983404,18.61276816829324,True,3,0.02
monthly_mixed_frequency_kalman_em,pseudo,2024:Q3:pre_advance:pseudo,2024-10-31,pre_advance,2024:Q3,A,S,4.228307763319012,0.0,0.06060657652983404,18.61276816829324,True,3,0.02
monthly_mixed_frequency_kalman_em,pseudo,2024:Q3:pre_advance:pseudo,2024-10-31,pre_advance,2024:Q3,A,T,4.204735556951301,0.0,0.06060657652983404,18.61276816829324,True,3,0.02
monthly_mixed_frequency_kalman_em,pseudo,2024:Q3:pre_advance:pseudo,2024-10-31,pre_advance,2024:Q3,M,A,4.185092051644876,0.0,0.06060657652983404,18.61276816829324,True,3,0.02
monthly_mixed_frequency_kalman_em,pseudo,2024:Q3:pre_advance:pseudo,2024-10-31,pre_advance,2024:Q3,M,M,8.619311976691149,0.0,0.06060657652983404,18.61276816829324,True,3,0.02
monthly_mixed_frequency_kalman_em,pseudo,2024:Q3:pre_advance:pseudo,2024-10-31,pre_advance,2024:Q3,M,S,4.366955364410088,0.0,0.06060657652983404,18.61276816829324,True,3,0.02
monthly_mixed_frequency_kalman_em,pseudo,2024:Q3:pre_advance:pseudo,2024-10-31,pre_advance,2024:Q3,M,T,4.488197572920228,0.0,0.06060657652983404,18.61276816829324,True,3,0.02
monthly_mixed_frequency_kalman_em,pseudo,2024:Q3:pre_advance:pseudo,2024-10-31,pre_advance,2024:Q3,S,A,4.228307763319012,0.0,0.06060657652983404,18.61276816829324,True,3,0.02
monthly_mixed_frequency_kalman_em,pseudo,2024:Q3:pre_advance:pseudo,2024-10-31,pre_advance,2024:Q3,S,M,4.366955364410088,0.0,0.06060657652983404,18.61276816829324,True,3,0.02
monthly_mixed_frequency_kalman_em,pseudo,2024:Q3:pre_advance:pseudo,2024-10-31,pre_advance,2024:Q3,S,S,4.342332067529463,0.0,0.06060657652983404,18.61276816829324,True,3,0.02
monthly_mixed_frequency_kalman_em,pseudo,2024:Q3:pre_advance:pseudo,2024-10-31,pre_advance,2024:Q3,S,T,4.332293464137319,0.0,0.06060657652983404,18.61276816829324,True,3,0.02
monthly_mixed_frequency_kalman_em,pseudo,2024:Q3:pre_advance:pseudo,2024-10-31,pre_advance,2024:Q3,T,A,4.204735556951301,0.0,0.06060657652983404,18.61276816829324,True,3,0.02
monthly_mixed_frequency_kalman_em,pseudo,2024:Q3:pre_advance:pseudo,2024-10-31,pre_advance,2024:Q3,T,M,4.488197572920228,0.0,0.06060657652983404,18.61276816829324,True,3,0.02
monthly_mixed_frequency_kalman_em,pseudo,2024:Q3:pre_advance:pseudo,2024-10-31,pre_advance,2024:Q3,T,S,4.332293464137319,0.0,0.06060657652983404,18.61276816829324,True,3,0.02
monthly_mixed_frequency_kalman_em,pseudo,2024:Q3:pre_advance:pseudo,2024-10-31,pre_advance,2024:Q3,T,T,4.466830281255707,0.0,0.06060657652983404,18.61276816829324,True,3,0.02
revision_dfm_kalman_em,pseudo,2024:Q3:pre_advance:pseudo,2024-10-31,pre_advance,2024:Q3,A,A,2.9218864722499696,4.440892098500626e-16,0.06518837242149142,14.623994977326863,True,3,0.02
revision_dfm_kalman_em,pseudo,2024:Q3:pre_advance:pseudo,2024-10-31,pre_advance,2024:Q3,A,M,3.0425588103015526,4.440892098500626e-16,0.06518837242149142,14.623994977326863,True,3,0.02
revision_dfm_kalman_em,pseudo,2024:Q3:pre_advance:pseudo,2024-10-31,pre_advance,2024:Q3,A,S,3.029334464126414,4.440892098500626e-16,0.06518837242149142,14.623994977326863,True,3,0.02
revision_dfm_kalman_em,pseudo,2024:Q3:pre_advance:pseudo,2024-10-31,pre_advance,2024:Q3,A,T,3.0372690718314974,4.440892098500626e-16,0.06518837242149142,14.623994977326863,True,3,0.02
revision_dfm_kalman_em,pseudo,2024:Q3:pre_advance:pseudo,2024-10-31,pre_advance,2024:Q3,M,A,3.0425588103015526,4.440892098500626e-16,0.06518837242149142,14.623994977326863,True,3,0.02
revision_dfm_kalman_em,pseudo,2024:Q3:pre_advance:pseudo,2024-10-31,pre_advance,2024:Q3,M,M,7.572612056227668,4.440892098500626e-16,0.06518837242149142,14.623994977326863,True,3,0.02
revision_dfm_kalman_em,pseudo,2024:Q3:pre_advance:pseudo,2024-10-31,pre_advance,2024:Q3,M,S,3.521867311434198,4.440892098500626e-16,0.06518837242149142,14.623994977326863,True,3,0.02
revision_dfm_kalman_em,pseudo,2024:Q3:pre_advance:pseudo,2024-10-31,pre_advance,2024:Q3,M,T,3.5370033693647023,4.440892098500626e-16,0.06518837242149142,14.623994977326863,True,3,0.02
revision_dfm_kalman_em,pseudo,2024:Q3:pre_advance:pseudo,2024-10-31,pre_advance,2024:Q3,S,A,3.0293344641264146,4.440892098500626e-16,0.06518837242149142,14.623994977326863,True,3,0.02
revision_dfm_kalman_em,pseudo,2024:Q3:pre_advance:pseudo,2024-10-31,pre_advance,2024:Q3,S,M,3.521867311434198,4.440892098500626e-16,0.06518837242149142,14.623994977326863,True,3,0.02
revision_dfm_kalman_em,pseudo,2024:Q3:pre_advance:pseudo,2024-10-31,pre_advance,2024:Q3,S,S,3.5212159486771766,4.440892098500626e-16,0.06518837242149142,14.623994977326863,True,3,0.02
revision_dfm_kalman_em,pseudo,2024:Q3:pre_advance:pseudo,2024-10-31,pre_advance,2024:Q3,S,T,3.512016654488042,4.440892098500626e-16,0.06518837242149142,14.623994977326863,True,3,0.02
revision_dfm_kalman_em,pseudo,2024:Q3:pre_advance:pseudo,2024-10-31,pre_advance,2024:Q3,T,A,3.0372690718314974,4.440892098500626e-16,0.06518837242149142,14.623994977326863,True,3,0.02
revision_dfm_kalman_em,pseudo,2024:Q3:pre_advance:pseudo,2024-10-31,pre_advance,2024:Q3,T,M,3.5370033693647023,4.440892098500626e-16,0.06518837242149142,14.623994977326863,True,3,0.02
revision_dfm_kalman_em,pseudo,2024:Q3:pre_advance:pseudo,2024-10-31,pre_advance,2024:Q3,T,S,3.512016654488042,4.440892098500626e-16,0.06518837242149142,14.623994977326863,True,3,0.02
revision_dfm_kalman_em,pseudo,2024:Q3:pre_advance:pseudo,2024-10-31,pre_advance,2024:Q3,T,T,3.6431722682201952,4.440892098500626e-16,0.06518837242149142,14.623994977326863,True,3,0.02
indicator_revision_only_dfm_kalman_em,exact,2024:Q3:pre_second:exact,2024-11-26,pre_second,2024:Q3,A,A,0.7367796368383852,0.0,0.06169812734107413,4.493653225223038,True,3,0.02
indicator_revision_only_dfm_kalman_em,exact,2024:Q3:pre_second:exact,2024-11-26,pre_second,2024:Q3,A,M,0.3491945708466255,0.0,0.06169812734107413,4.493653225223038,True,3,0.02
indicator_revision_only_dfm_kalman_em,exact,2024:Q3:pre_second:exact,2024-11-26,pre_second,2024:Q3,A,S,0.3491945708466255,0.0,0.06169812734107413,4.493653225223038,True,3,0.02
indicator_revision_only_dfm_kalman_em,exact,2024:Q3:pre_second:exact,2024-11-26,pre_second,2024:Q3,A,T,0.3491945708466255,0.0,0.06169812734107413,4.493653225223038,True,3,0.02
indicator_revision_only_dfm_kalman_em,exact,2024:Q3:pre_second:exact,2024-11-26,pre_second,2024:Q3,M,A,0.3491945708466255,0.0,0.06169812734107413,4.493653225223038,True,3,0.02
indicator_revision_only_dfm_kalman_em,exact,2024:Q3:pre_second:exact,2024-11-26,pre_second,2024:Q3,M,M,4.381572654504962,0.0,0.06169812734107413,4.493653225223038,True,3,0.02
indicator_revision_only_dfm_kalman_em,exact,2024:Q3:pre_second:exact,2024-11-26,pre_second,2024:Q3,M,S,0.3491945708466255,0.0,0.06169812734107413,4.493653225223038,True,3,0.02
indicator_revision_only_dfm_kalman_em,exact,2024:Q3:pre_second:exact,2024-11-26,pre_second,2024:Q3,M,T,0.3491945708466255,0.0,0.06169812734107413,4.493653225223038,True,3,0.02
indicator_revision_only_dfm_kalman_em,exact,2024:Q3:pre_second:exact,2024-11-26,pre_second,2024:Q3,S,A,0.3491945708466255,0.0,0.06169812734107413,4.493653225223038,True,3,0.02
indicator_revision_only_dfm_kalman_em,exact,2024:Q3:pre_second:exact,2024-11-26,pre_second,2024:Q3,S,M,0.3491945708466255,0.0,0.06169812734107413,4.493653225223038,True,3,0.02
indicator_revision_only_dfm_kalman_em,exact,2024:Q3:pre_second:exact,2024-11-26,pre_second,2024:Q3,S,S,0.3645886234601998,0.0,0.06169812734107413,4.493653225223038,True,3,0.02
indicator_revision_only_dfm_kalman_em,exact,2024:Q3:pre_second:exact,2024-11-26,pre_second,2024:Q3,S,T,0.3491945708466255,0.0,0.06169812734107413,4.493653225223038,True,3,0.02
indicator_revision_only_dfm_kalman_em,exact,2024:Q3:pre_second:exact,2024-11-26,pre_second,2024:Q3,T,A,0.3491945708466255,0.0,0.06169812734107413,4.493653225223038,True,3,0.02
indicator_revision_only_dfm_kalman_em,exact,2024:Q3:pre_second:exact,2024-11-26,pre_second,2024:Q3,T,M,0.3491945708466255,0.0,0.06169812734107413,4.493653225223038,True,3,0.02
indicator_revision_only_dfm_kalman_em,exact,2024:Q3:pre_second:exact,2024-11-26,pre_second,2024:Q3,T,S,0.3491945708466255,0.0,0.06169812734107413,4.493653225223038,True,3,0.02
indicator_revision_only_dfm_kalman_em,exact,2024:Q3:pre_second:exact,2024-11-26,pre_second,2024:Q3,T,T,0.475776178067661,0.0,0.06169812734107413,4.493653225223038,True,3,0.02
joint_indicator_revision_dfm_full_kalman_em,exact,2024:Q3:pre_second:exact,2024-11-26,pre_second,2024:Q3,A,A,0.3604430653599861,2.7755575615628914e-17,0.0619331370149479,4.463695889809818,True,3,0.02
joint_indicator_revision_dfm_full_kalman_em,exact,2024:Q3:pre_second:exact,2024-11-26,pre_second,2024:Q3,A,M,0.20249897786299068,2.7755575615628914e-17,0.0619331370149479,4.463695889809818,True,3,0.02
joint_indicator_revision_dfm_full_kalman_em,exact,2024:Q3:pre_second:exact,2024-11-26,pre_second,2024:Q3,A,S,0.20109525490596059,2.7755575615628914e-17,0.0619331370149479,4.463695889809818,True,3,0.02
joint_indicator_revision_dfm_full_kalman_em,exact,2024:Q3:pre_second:exact,2024-11-26,pre_second,2024:Q3,A,T,0.20193748868017863,2.7755575615628914e-17,0.0619331370149479,4.463695889809818,True,3,0.02
joint_indicator_revision_dfm_full_kalman_em,exact,2024:Q3:pre_second:exact,2024-11-26,pre_second,2024:Q3,M,A,0.20249897786299068,2.7755575615628914e-17,0.0619331370149479,4.463695889809818,True,3,0.02
joint_indicator_revision_dfm_full_kalman_em,exact,2024:Q3:pre_second:exact,2024-11-26,pre_second,2024:Q3,M,M,4.386381448069955,2.7755575615628914e-17,0.0619331370149479,4.463695889809818,True,3,0.02
joint_indicator_revision_dfm_full_kalman_em,exact,2024:Q3:pre_second:exact,2024-11-26,pre_second,2024:Q3,M,S,0.3406420583772977,2.7755575615628914e-17,0.0619331370149479,4.463695889809818,True,3,0.02
joint_indicator_revision_dfm_full_kalman_em,exact,2024:Q3:pre_second:exact,2024-11-26,pre_second,2024:Q3,M,T,0.3450044714461705,2.7755575615628914e-17,0.0619331370149479,4.463695889809818,True,3,0.02
joint_indicator_revision_dfm_full_kalman_em,exact,2024:Q3:pre_second:exact,2024-11-26,pre_second,2024:Q3,S,A,0.2010952549059606,2.7755575615628914e-17,0.0619331370149479,4.463695889809818,True,3,0.02
joint_indicator_revision_dfm_full_kalman_em,exact,2024:Q3:pre_second:exact,2024-11-26,pre_second,2024:Q3,S,M,0.3406420583772977,2.7755575615628914e-17,0.0619331370149479,4.463695889809818,True,3,0.02
joint_indicator_revision_dfm_full_kalman_em,exact,2024:Q3:pre_second:exact,2024-11-26,pre_second,2024:Q3,S,S,0.3516895981030954,2.7755575615628914e-17,0.0619331370149479,4.463695889809818,True,3,0.02
joint_indicator_revision_dfm_full_kalman_em,exact,2024:Q3:pre_second:exact,2024-11-26,pre_second,2024:Q3,S,T,0.33785112230787095,2.7755575615628914e-17,0.0619331370149479,4.463695889809818,True,3,0.02
joint_indicator_revision_dfm_full_kalman_em,exact,2024:Q3:pre_second:exact,2024-11-26,pre_second,2024:Q3,T,A,0.2019374886801786,2.7755575615628914e-17,0.0619331370149479,4.463695889809818,True,3,0.02
joint_indicator_revision_dfm_full_kalman_em,exact,2024:Q3:pre_second:exact,2024-11-26,pre_second,2024:Q3,T,M,0.3450044714461705,2.7755575615628914e-17,0.0619331370149479,4.463695889809818,True,3,0.02
joint_indicator_revision_dfm_full_kalman_em,exact,2024:Q3:pre_second:exact,2024-11-26,pre_second,2024:Q3,T,S,0.33785112230787095,2.7755575615628914e-17,0.0619331370149479,4.463695889809818,True,3,0.02
joint_indicator_revision_dfm_full_kalman_em,exact,2024:Q3:pre_second:exact,2024-11-26,pre_second,2024:Q3,T,T,0.46341428929630574,2.7755575615628914e-17,0.0619331370149479,4.463695889809818,True,3,0.02
monthly_mixed_frequency_kalman_em,exact,2024:Q3:pre_second:exact,2024-11-26,pre_second,2024:Q3,A,A,0.41407670989700046,0.0,0.05799669563286019,4.8392357874295975,True,3,0.02
monthly_mixed_frequency_kalman_em,exact,2024:Q3:pre_second:exact,2024-11-26,pre_second,2024:Q3,A,M,0.19830499381815836,0.0,0.05799669563286019,4.8392357874295975,True,3,0.02
monthly_mixed_frequency_kalman_em,exact,2024:Q3:pre_second:exact,2024-11-26,pre_second,2024:Q3,A,S,0.20033286853741697,0.0,0.05799669563286019,4.8392357874295975,True,3,0.02
monthly_mixed_frequency_kalman_em,exact,2024:Q3:pre_second:exact,2024-11-26,pre_second,2024:Q3,A,T,0.19922675505418502,0.0,0.05799669563286019,4.8392357874295975,True,3,0.02
monthly_mixed_frequency_kalman_em,exact,2024:Q3:pre_second:exact,2024-11-26,pre_second,2024:Q3,M,A,0.19830499381815836,0.0,0.05799669563286019,4.8392357874295975,True,3,0.02
monthly_mixed_frequency_kalman_em,exact,2024:Q3:pre_second:exact,2024-11-26,pre_second,2024:Q3,M,M,4.7064292240219086,0.0,0.05799669563286019,4.8392357874295975,True,3,0.02
monthly_mixed_frequency_kalman_em,exact,2024:Q3:pre_second:exact,2024-11-26,pre_second,2024:Q3,M,S,0.41329235840736406,0.0,0.05799669563286019,4.8392357874295975,True,3,0.02
monthly_mixed_frequency_kalman_em,exact,2024:Q3:pre_second:exact,2024-11-26,pre_second,2024:Q3,M,T,0.5566172681335012,0.0,0.05799669563286019,4.8392357874295975,True,3,0.02
monthly_mixed_frequency_kalman_em,exact,2024:Q3:pre_second:exact,2024-11-26,pre_second,2024:Q3,S,A,0.20033286853741697,0.0,0.05799669563286019,4.8392357874295975,True,3,0.02
monthly_mixed_frequency_kalman_em,exact,2024:Q3:pre_second:exact,2024-11-26,pre_second,2024:Q3,S,M,0.41329235840736406,0.0,0.05799669563286019,4.8392357874295975,True,3,0.02
monthly_mixed_frequency_kalman_em,exact,2024:Q3:pre_second:exact,2024-11-26,pre_second,2024:Q3,S,S,0.3478221062026544,0.0,0.05799669563286019,4.8392357874295975,True,3,0.02
monthly_mixed_frequency_kalman_em,exact,2024:Q3:pre_second:exact,2024-11-26,pre_second,2024:Q3,S,T,0.3600524859398773,0.0,0.05799669563286019,4.8392357874295975,True,3,0.02
monthly_mixed_frequency_kalman_em,exact,2024:Q3:pre_second:exact,2024-11-26,pre_second,2024:Q3,T,A,0.19922675505418502,0.0,0.05799669563286019,4.8392357874295975,True,3,0.02
monthly_mixed_frequency_kalman_em,exact,2024:Q3:pre_second:exact,2024-11-26,pre_second,2024:Q3,T,M,0.5566172681335012,0.0,0.05799669563286019,4.8392357874295975,True,3,0.02
monthly_mixed_frequency_kalman_em,exact,2024:Q3:pre_second:exact,2024-11-26,pre_second,2024:Q3,T,S,0.3600524859398773,0.0,0.05799669563286019,4.8392357874295975,True,3,0.02
monthly_mixed_frequency_kalman_em,exact,2024:Q3:pre_second:exact,2024-11-26,pre_second,2024:Q3,T,T,0.5167547938294659,0.0,0.05799669563286019,4.8392357874295975,True,3,0.02
revision_dfm_kalman_em,exact,2024:Q3:pre_second:exact,2024-11-26,pre_second,2024:Q3,A,A,0.28110936246771406,2.7755575615628914e-17,0.06464693317836175,4.4867958142312325,True,3,0.02
revision_dfm_kalman_em,exact,2024:Q3:pre_second:exact,2024-11-26,pre_second,2024:Q3,A,M,0.15007382815571066,2.7755575615628914e-17,0.06464693317836175,4.4867958142312325,True,3,0.02
revision_dfm_kalman_em,exact,2024:Q3:pre_second:exact,2024-11-26,pre_second,2024:Q3,A,S,0.14941924070798873,2.7755575615628914e-17,0.06464693317836175,4.4867958142312325,True,3,0.02
revision_dfm_kalman_em,exact,2024:Q3:pre_second:exact,2024-11-26,pre_second,2024:Q3,A,T,0.14981199317662186,2.7755575615628914e-17,0.06464693317836175,4.4867958142312325,True,3,0.02
revision_dfm_kalman_em,exact,2024:Q3:pre_second:exact,2024-11-26,pre_second,2024:Q3,M,A,0.15007382815571066,2.7755575615628914e-17,0.06464693317836175,4.4867958142312325,True,3,0.02
revision_dfm_kalman_em,exact,2024:Q3:pre_second:exact,2024-11-26,pre_second,2024:Q3,M,M,4.4044643329572475,2.7755575615628914e-17,0.06464693317836175,4.4867958142312325,True,3,0.02
revision_dfm_kalman_em,exact,2024:Q3:pre_second:exact,2024-11-26,pre_second,2024:Q3,M,S,0.3674756573512386,2.7755575615628914e-17,0.06464693317836175,4.4867958142312325,True,3,0.02
revision_dfm_kalman_em,exact,2024:Q3:pre_second:exact,2024-11-26,pre_second,2024:Q3,M,T,0.3743409782732027,2.7755575615628914e-17,0.06464693317836175,4.4867958142312325,True,3,0.02
revision_dfm_kalman_em,exact,2024:Q3:pre_second:exact,2024-11-26,pre_second,2024:Q3,S,A,0.14941924070798873,2.7755575615628914e-17,0.06464693317836175,4.4867958142312325,True,3,0.02
revision_dfm_kalman_em,exact,2024:Q3:pre_second:exact,2024-11-26,pre_second,2024:Q3,S,M,0.3674756573512386,2.7755575615628914e-17,0.06464693317836175,4.4867958142312325,True,3,0.02
revision_dfm_kalman_em,exact,2024:Q3:pre_second:exact,2024-11-26,pre_second,2024:Q3,S,S,0.3805428593600497,2.7755575615628914e-17,0.06464693317836175,4.4867958142312325,True,3,0.02
revision_dfm_kalman_em,exact,2024:Q3:pre_second:exact,2024-11-26,pre_second,2024:Q3,S,T,0.3631145290183736,2.7755575615628914e-17,0.06464693317836175,4.4867958142312325,True,3,0.02
revision_dfm_kalman_em,exact,2024:Q3:pre_second:exact,2024-11-26,pre_second,2024:Q3,T,A,0.1498119931766219,2.7755575615628914e-17,0.06464693317836175,4.4867958142312325,True,3,0.02
revision_dfm_kalman_em,exact,2024:Q3:pre_second:exact,2024-11-26,pre_second,2024:Q3,T,M,0.3743409782732027,2.7755575615628914e-17,0.06464693317836175,4.4867958142312325,True,3,0.02
revision_dfm_kalman_em,exact,2024:Q3:pre_second:exact,2024-11-26,pre_second,2024:Q3,T,S,0.3631145290183736,2.7755575615628914e-17,0.06464693317836175,4.4867958142312325,True,3,0.02
revision_dfm_kalman_em,exact,2024:Q3:pre_second:exact,2024-11-26,pre_second,2024:Q3,T,T,0.48602261509340566,2.7755575615628914e-17,0.06464693317836175,4.4867958142312325,True,3,0.02
indicator_revision_only_dfm_kalman_em,pseudo,2024:Q3:pre_second:pseudo,2024-11-30,pre_second,2024:Q3,A,A,0.7367900239853871,0.0,0.06169821806440221,4.493669462313656,True,3,0.02
indicator_revision_only_dfm_kalman_em,pseudo,2024:Q3:pre_second:pseudo,2024-11-30,pre_second,2024:Q3,A,M,0.3492040086988038,0.0,0.06169821806440221,4.493669462313656,True,3,0.02
indicator_revision_only_dfm_kalman_em,pseudo,2024:Q3:pre_second:pseudo,2024-11-30,pre_second,2024:Q3,A,S,0.3492040086988038,0.0,0.06169821806440221,4.493669462313656,True,3,0.02
indicator_revision_only_dfm_kalman_em,pseudo,2024:Q3:pre_second:pseudo,2024-11-30,pre_second,2024:Q3,A,T,0.3492040086988038,0.0,0.06169821806440221,4.493669462313656,True,3,0.02
indicator_revision_only_dfm_kalman_em,pseudo,2024:Q3:pre_second:pseudo,2024-11-30,pre_second,2024:Q3,M,A,0.3492040086988038,0.0,0.06169821806440221,4.493669462313656,True,3,0.02
indicator_revision_only_dfm_kalman_em,pseudo,2024:Q3:pre_second:pseudo,2024-11-30,pre_second,2024:Q3,M,M,4.381582410751623,0.0,0.06169821806440221,4.493669462313656,True,3,0.02
indicator_revision_only_dfm_kalman_em,pseudo,2024:Q3:pre_second:pseudo,2024-11-30,pre_second,2024:Q3,M,S,0.3492040086988038,0.0,0.06169821806440221,4.493669462313656,True,3,0.02
indicator_revision_only_dfm_kalman_em,pseudo,2024:Q3:pre_second:pseudo,2024-11-30,pre_second,2024:Q3,M,T,0.3492040086988038,0.0,0.06169821806440221,4.493669462313656,True,3,0.02
indicator_revision_only_dfm_kalman_em,pseudo,2024:Q3:pre_second:pseudo,2024-11-30,pre_second,2024:Q3,S,A,0.3492040086988038,0.0,0.06169821806440221,4.493669462313656,True,3,0.02
indicator_revision_only_dfm_kalman_em,pseudo,2024:Q3:pre_second:pseudo,2024-11-30,pre_second,2024:Q3,S,M,0.3492040086988038,0.0,0.06169821806440221,4.493669462313656,True,3,0.02
indicator_revision_only_dfm_kalman_em,pseudo,2024:Q3:pre_second:pseudo,2024-11-30,pre_second,2024:Q3,S,S,0.3645982999763857,0.0,0.06169821806440221,4.493669462313656,True,3,0.02
indicator_revision_only_dfm_kalman_em,pseudo,2024:Q3:pre_second:pseudo,2024-11-30,pre_second,2024:Q3,S,T,0.3492040086988038,0.0,0.06169821806440221,4.493669462313656,True,3,0.02
indicator_revision_only_dfm_kalman_em,pseudo,2024:Q3:pre_second:pseudo,2024-11-30,pre_second,2024:Q3,T,A,0.3492040086988038,0.0,0.06169821806440221,4.493669462313656,True,3,0.02
indicator_revision_only_dfm_kalman_em,pseudo,2024:Q3:pre_second:pseudo,2024-11-30,pre_second,2024:Q3,T,M,0.3492040086988038,0.0,0.06169821806440221,4.493669462313656,True,3,0.02
indicator_revision_only_dfm_kalman_em,pseudo,2024:Q3:pre_second:pseudo,2024-11-30,pre_second,2024:Q3,T,S,0.3492040086988038,0.0,0.06169821806440221,4.493669462313656,True,3,0.02
indicator_revision_only_dfm_kalman_em,pseudo,2024:Q3:pre_second:pseudo,2024-11-30,pre_second,2024:Q3,T,T,0.47578505624065887,0.0,0.06169821806440221,4.493669462313656,True,3,0.02
joint_indicator_revision_dfm_full_kalman_em,pseudo,2024:Q3:pre_second:pseudo,2024-11-30,pre_second,2024:Q3,A,A,0.3604450944294621,2.7755575615628914e-17,0.06193413042249922,4.463625255992275,True,3,0.02
joint_indicator_revision_dfm_full_kalman_em,pseudo,2024:Q3:pre_second:pseudo,2024-11-30,pre_second,2024:Q3,A,M,0.2024624431142026,2.7755575615628914e-17,0.06193413042249922,4.463625255992275,True,3,0.02
joint_indicator_revision_dfm_full_kalman_em,pseudo,2024:Q3:pre_second:pseudo,2024-11-30,pre_second,2024:Q3,A,S,0.20106090721465925,2.7755575615628914e-17,0.06193413042249922,4.463625255992275,True,3,0.02
joint_indicator_revision_dfm_full_kalman_em,pseudo,2024:Q3:pre_second:pseudo,2024-11-30,pre_second,2024:Q3,A,T,0.20190182875438528,2.7755575615628914e-17,0.06193413042249922,4.463625255992275,True,3,0.02
joint_indicator_revision_dfm_full_kalman_em,pseudo,2024:Q3:pre_second:pseudo,2024-11-30,pre_second,2024:Q3,M,A,0.2024624431142026,2.7755575615628914e-17,0.06193413042249922,4.463625255992275,True,3,0.02
joint_indicator_revision_dfm_full_kalman_em,pseudo,2024:Q3:pre_second:pseudo,2024-11-30,pre_second,2024:Q3,M,M,4.386331330901041,2.7755575615628914e-17,0.06193413042249922,4.463625255992275,True,3,0.02
joint_indicator_revision_dfm_full_kalman_em,pseudo,2024:Q3:pre_second:pseudo,2024-11-30,pre_second,2024:Q3,M,S,0.34060146178822004,2.7755575615628914e-17,0.06193413042249922,4.463625255992275,True,3,0.02
joint_indicator_revision_dfm_full_kalman_em,pseudo,2024:Q3:pre_second:pseudo,2024-11-30,pre_second,2024:Q3,M,T,0.34496374658845225,2.7755575615628914e-17,0.06193413042249922,4.463625255992275,True,3,0.02
joint_indicator_revision_dfm_full_kalman_em,pseudo,2024:Q3:pre_second:pseudo,2024-11-30,pre_second,2024:Q3,S,A,0.20106090721465927,2.7755575615628914e-17,0.06193413042249922,4.463625255992275,True,3,0.02
joint_indicator_revision_dfm_full_kalman_em,pseudo,2024:Q3:pre_second:pseudo,2024-11-30,pre_second,2024:Q3,S,M,0.34060146178822004,2.7755575615628914e-17,0.06193413042249922,4.463625255992275,True,3,0.02
joint_indicator_revision_dfm_full_kalman_em,pseudo,2024:Q3:pre_second:pseudo,2024-11-30,pre_second,2024:Q3,S,S,0.3516509296953926,2.7755575615628914e-17,0.06193413042249922,4.463625255992275,True,3,0.02
joint_indicator_revision_dfm_full_kalman_em,pseudo,2024:Q3:pre_second:pseudo,2024-11-30,pre_second,2024:Q3,S,T,0.33781065069674887,2.7755575615628914e-17,0.06193413042249922,4.463625255992275,True,3,0.02
joint_indicator_revision_dfm_full_kalman_em,pseudo,2024:Q3:pre_second:pseudo,2024-11-30,pre_second,2024:Q3,T,A,0.2019018287543853,2.7755575615628914e-17,0.06193413042249922,4.463625255992275,True,3,0.02
joint_indicator_revision_dfm_full_kalman_em,pseudo,2024:Q3:pre_second:pseudo,2024-11-30,pre_second,2024:Q3,T,M,0.34496374658845225,2.7755575615628914e-17,0.06193413042249922,4.463625255992275,True,3,0.02
joint_indicator_revision_dfm_full_kalman_em,pseudo,2024:Q3:pre_second:pseudo,2024-11-30,pre_second,2024:Q3,T,S,0.33781065069674887,2.7755575615628914e-17,0.06193413042249922,4.463625255992275,True,3,0.02
joint_indicator_revision_dfm_full_kalman_em,pseudo,2024:Q3:pre_second:pseudo,2024-11-30,pre_second,2024:Q3,T,T,0.463373396539492,2.7755575615628914e-17,0.06193413042249922,4.463625255992275,True,3,0.02
monthly_mixed_frequency_kalman_em,pseudo,2024:Q3:pre_second:pseudo,2024-11-30,pre_second,2024:Q3,A,A,0.41406186171981885,0.0,0.05799697678170794,4.839234054782613,True,3,0.02
monthly_mixed_frequency_kalman_em,pseudo,2024:Q3:pre_second:pseudo,2024-11-30,pre_second,2024:Q3,A,M,0.19829902723009038,0.0,0.05799697678170794,4.839234054782613,True,3,0.02
monthly_mixed_frequency_kalman_em,pseudo,2024:Q3:pre_second:pseudo,2024-11-30,pre_second,2024:Q3,A,S,0.20032608786789202,0.0,0.05799697678170794,4.839234054782613,True,3,0.02
monthly_mixed_frequency_kalman_em,pseudo,2024:Q3:pre_second:pseudo,2024-11-30,pre_second,2024:Q3,A,T,0.19922041842909113,0.0,0.05799697678170794,4.839234054782613,True,3,0.02
monthly_mixed_frequency_kalman_em,pseudo,2024:Q3:pre_second:pseudo,2024-11-30,pre_second,2024:Q3,M,A,0.19829902723009038,0.0,0.05799697678170794,4.839234054782613,True,3,0.02
monthly_mixed_frequency_kalman_em,pseudo,2024:Q3:pre_second:pseudo,2024-11-30,pre_second,2024:Q3,M,M,4.706429800002199,0.0,0.05799697678170794,4.839234054782613,True,3,0.02
monthly_mixed_frequency_kalman_em,pseudo,2024:Q3:pre_second:pseudo,2024-11-30,pre_second,2024:Q3,M,S,0.4132888915582752,0.0,0.05799697678170794,4.839234054782613,True,3,0.02
monthly_mixed_frequency_kalman_em,pseudo,2024:Q3:pre_second:pseudo,2024-11-30,pre_second,2024:Q3,M,T,0.5566154677770652,0.0,0.05799697678170794,4.839234054782613,True,3,0.02
monthly_mixed_frequency_kalman_em,pseudo,2024:Q3:pre_second:pseudo,2024-11-30,pre_second,2024:Q3,S,A,0.20032608786789202,0.0,0.05799697678170794,4.839234054782613,True,3,0.02
monthly_mixed_frequency_kalman_em,pseudo,2024:Q3:pre_second:pseudo,2024-11-30,pre_second,2024:Q3,S,M,0.4132888915582752,0.0,0.05799697678170794,4.839234054782613,True,3,0.02
monthly_mixed_frequency_kalman_em,pseudo,2024:Q3:pre_second:pseudo,2024-11-30,pre_second,2024:Q3,S,S,0.3478175838375527,0.0,0.05799697678170794,4.839234054782613,True,3,0.02
monthly_mixed_frequency_kalman_em,pseudo,2024:Q3:pre_second:pseudo,2024-11-30,pre_second,2024:Q3,S,T,0.3600481906356794,0.0,0.05799697678170794,4.839234054782613,True,3,0.02
monthly_mixed_frequency_kalman_em,pseudo,2024:Q3:pre_second:pseudo,2024-11-30,pre_second,2024:Q3,T,A,0.19922041842909113,0.0,0.05799697678170794,4.839234054782613,True,3,0.02
monthly_mixed_frequency_kalman_em,pseudo,2024:Q3:pre_second:pseudo,2024-11-30,pre_second,2024:Q3,T,M,0.5566154677770652,0.0,0.05799697678170794,4.839234054782613,True,3,0.02
monthly_mixed_frequency_kalman_em,pseudo,2024:Q3:pre_second:pseudo,2024-11-30,pre_second,2024:Q3,T,S,0.3600481906356794,0.0,0.05799697678170794,4.839234054782613,True,3,0.02
monthly_mixed_frequency_kalman_em,pseudo,2024:Q3:pre_second:pseudo,2024-11-30,pre_second,2024:Q3,T,T,0.5167518111423337,0.0,0.05799697678170794,4.839234054782613,True,3,0.02
revision_dfm_kalman_em,pseudo,2024:Q3:pre_second:pseudo,2024-11-30,pre_second,2024:Q3,A,A,0.2810889808849739,5.551115123125783e-17,0.06464710484319114,4.486824784884286,True,3,0.02
revision_dfm_kalman_em,pseudo,2024:Q3:pre_second:pseudo,2024-11-30,pre_second,2024:Q3,A,M,0.15006514490112058,5.551115123125783e-17,0.06464710484319114,4.486824784884286,True,3,0.02
revision_dfm_kalman_em,pseudo,2024:Q3:pre_second:pseudo,2024-11-30,pre_second,2024:Q3,A,S,0.1494104621691868,5.551115123125783e-17,0.06464710484319114,4.486824784884286,True,3,0.02
revision_dfm_kalman_em,pseudo,2024:Q3:pre_second:pseudo,2024-11-30,pre_second,2024:Q3,A,T,0.14980327180834707,5.551115123125783e-17,0.06464710484319114,4.486824784884286,True,3,0.02
revision_dfm_kalman_em,pseudo,2024:Q3:pre_second:pseudo,2024-11-30,pre_second,2024:Q3,M,A,0.15006514490112058,5.551115123125783e-17,0.06464710484319114,4.486824784884286,True,3,0.02
revision_dfm_kalman_em,pseudo,2024:Q3:pre_second:pseudo,2024-11-30,pre_second,2024:Q3,M,M,4.404486314781464,5.551115123125783e-17,0.06464710484319114,4.486824784884286,True,3,0.02
revision_dfm_kalman_em,pseudo,2024:Q3:pre_second:pseudo,2024-11-30,pre_second,2024:Q3,M,S,0.3674943604117263,5.551115123125783e-17,0.06464710484319114,4.486824784884286,True,3,0.02
revision_dfm_kalman_em,pseudo,2024:Q3:pre_second:pseudo,2024-11-30,pre_second,2024:Q3,M,T,0.3743605461646928,5.551115123125783e-17,0.06464710484319114,4.486824784884286,True,3,0.02
revision_dfm_kalman_em,pseudo,2024:Q3:pre_second:pseudo,2024-11-30,pre_second,2024:Q3,S,A,0.14941046216918677,5.551115123125783e-17,0.06464710484319114,4.486824784884286,True,3,0.02
revision_dfm_kalman_em,pseudo,2024:Q3:pre_second:pseudo,2024-11-30,pre_second,2024:Q3,S,M,0.3674943604117263,5.551115123125783e-17,0.06464710484319114,4.486824784884286,True,3,0.02
revision_dfm_kalman_em,pseudo,2024:Q3:pre_second:pseudo,2024-11-30,pre_second,2024:Q3,S,S,0.38056082000627434,5.551115123125783e-17,0.06464710484319114,4.486824784884286,True,3,0.02
revision_dfm_kalman_em,pseudo,2024:Q3:pre_second:pseudo,2024-11-30,pre_second,2024:Q3,S,T,0.36313268244687547,5.551115123125783e-17,0.06464710484319114,4.486824784884286,True,3,0.02
revision_dfm_kalman_em,pseudo,2024:Q3:pre_second:pseudo,2024-11-30,pre_second,2024:Q3,T,A,0.14980327180834707,5.551115123125783e-17,0.06464710484319114,4.486824784884286,True,3,0.02
revision_dfm_kalman_em,pseudo,2024:Q3:pre_second:pseudo,2024-11-30,pre_second,2024:Q3,T,M,0.3743605461646928,5.551115123125783e-17,0.06464710484319114,4.486824784884286,True,3,0.02
revision_dfm_kalman_em,pseudo,2024:Q3:pre_second:pseudo,2024-11-30,pre_second,2024:Q3,T,S,0.3631326824468755,5.551115123125783e-17,0.06464710484319114,4.486824784884286,True,3,0.02
revision_dfm_kalman_em,pseudo,2024:Q3:pre_second:pseudo,2024-11-30,pre_second,2024:Q3,T,T,0.48604042957928983,5.551115123125783e-17,0.06464710484319114,4.486824784884286,True,3,0.02
indicator_revision_only_dfm_kalman_em,exact,2024:Q3:pre_third:exact,2024-12-18,pre_third,2024:Q3,A,A,0.4007823544261327,0.0,0.0276942484976689,4.047304165874404,True,3,0.02
indicator_revision_only_dfm_kalman_em,exact,2024:Q3:pre_third:exact,2024-12-18,pre_third,2024:Q3,A,M,0.014715008304976246,0.0,0.0276942484976689,4.047304165874404,True,3,0.02
indicator_revision_only_dfm_kalman_em,exact,2024:Q3:pre_third:exact,2024-12-18,pre_third,2024:Q3,A,S,0.014715008304976246,0.0,0.0276942484976689,4.047304165874404,True,3,0.02
indicator_revision_only_dfm_kalman_em,exact,2024:Q3:pre_third:exact,2024-12-18,pre_third,2024:Q3,A,T,0.014715008304976246,0.0,0.0276942484976689,4.047304165874404,True,3,0.02
indicator_revision_only_dfm_kalman_em,exact,2024:Q3:pre_third:exact,2024-12-18,pre_third,2024:Q3,M,A,0.014715008304976246,0.0,0.0276942484976689,4.047304165874404,True,3,0.02
indicator_revision_only_dfm_kalman_em,exact,2024:Q3:pre_third:exact,2024-12-18,pre_third,2024:Q3,M,M,4.047134150345881,0.0,0.0276942484976689,4.047304165874404,True,3,0.02
indicator_revision_only_dfm_kalman_em,exact,2024:Q3:pre_third:exact,2024-12-18,pre_third,2024:Q3,M,S,0.014715008304976246,0.0,0.0276942484976689,4.047304165874404,True,3,0.02
indicator_revision_only_dfm_kalman_em,exact,2024:Q3:pre_third:exact,2024-12-18,pre_third,2024:Q3,M,T,0.014715008304976246,0.0,0.0276942484976689,4.047304165874404,True,3,0.02
indicator_revision_only_dfm_kalman_em,exact,2024:Q3:pre_third:exact,2024-12-18,pre_third,2024:Q3,S,A,0.014715008304976246,0.0,0.0276942484976689,4.047304165874404,True,3,0.02
indicator_revision_only_dfm_kalman_em,exact,2024:Q3:pre_third:exact,2024-12-18,pre_third,2024:Q3,S,M,0.014715008304976246,0.0,0.0276942484976689,4.047304165874404,True,3,0.02
indicator_revision_only_dfm_kalman_em,exact,2024:Q3:pre_third:exact,2024-12-18,pre_third,2024:Q3,S,S,0.030079815774927562,0.0,0.0276942484976689,4.047304165874404,True,3,0.02
indicator_revision_only_dfm_kalman_em,exact,2024:Q3:pre_third:exact,2024-12-18,pre_third,2024:Q3,S,T,0.014715008304976246,0.0,0.0276942484976689,4.047304165874404,True,3,0.02
indicator_revision_only_dfm_kalman_em,exact,2024:Q3:pre_third:exact,2024-12-18,pre_third,2024:Q3,T,A,0.014715008304976246,0.0,0.0276942484976689,4.047304165874404,True,3,0.02
indicator_revision_only_dfm_kalman_em,exact,2024:Q3:pre_third:exact,2024-12-18,pre_third,2024:Q3,T,M,0.014715008304976246,0.0,0.0276942484976689,4.047304165874404,True,3,0.02
indicator_revision_only_dfm_kalman_em,exact,2024:Q3:pre_third:exact,2024-12-18,pre_third,2024:Q3,T,S,0.014715008304976246,0.0,0.0276942484976689,4.047304165874404,True,3,0.02
indicator_revision_only_dfm_kalman_em,exact,2024:Q3:pre_third:exact,2024-12-18,pre_third,2024:Q3,T,T,0.14133338868808276,0.0,0.0276942484976689,4.047304165874404,True,3,0.02
joint_indicator_revision_dfm_full_kalman_em,exact,2024:Q3:pre_third:exact,2024-12-18,pre_third,2024:Q3,A,A,0.2442187938134516,0.0,0.03180376138163881,4.056664051930996,True,3,0.02
joint_indicator_revision_dfm_full_kalman_em,exact,2024:Q3:pre_third:exact,2024-12-18,pre_third,2024:Q3,A,M,0.007669615835141058,0.0,0.03180376138163881,4.056664051930996,True,3,0.02
joint_indicator_revision_dfm_full_kalman_em,exact,2024:Q3:pre_third:exact,2024-12-18,pre_third,2024:Q3,A,S,0.01025437619759351,0.0,0.03180376138163881,4.056664051930996,True,3,0.02
joint_indicator_revision_dfm_full_kalman_em,exact,2024:Q3:pre_third:exact,2024-12-18,pre_third,2024:Q3,A,T,0.008703519980122039,0.0,0.03180376138163881,4.056664051930996,True,3,0.02
joint_indicator_revision_dfm_full_kalman_em,exact,2024:Q3:pre_third:exact,2024-12-18,pre_third,2024:Q3,M,A,0.007669615835141058,0.0,0.03180376138163881,4.056664051930996,True,3,0.02
joint_indicator_revision_dfm_full_kalman_em,exact,2024:Q3:pre_third:exact,2024-12-18,pre_third,2024:Q3,M,M,4.056492305220683,0.0,0.03180376138163881,4.056664051930996,True,3,0.02
joint_indicator_revision_dfm_full_kalman_em,exact,2024:Q3:pre_third:exact,2024-12-18,pre_third,2024:Q3,M,S,0.017399187715542042,0.0,0.03180376138163881,4.056664051930996,True,3,0.02
joint_indicator_revision_dfm_full_kalman_em,exact,2024:Q3:pre_third:exact,2024-12-18,pre_third,2024:Q3,M,T,0.017706437353870494,0.0,0.03180376138163881,4.056664051930996,True,3,0.02
joint_indicator_revision_dfm_full_kalman_em,exact,2024:Q3:pre_third:exact,2024-12-18,pre_third,2024:Q3,S,A,0.01025437619759351,0.0,0.03180376138163881,4.056664051930996,True,3,0.02
joint_indicator_revision_dfm_full_kalman_em,exact,2024:Q3:pre_third:exact,2024-12-18,pre_third,2024:Q3,S,M,0.017399187715542042,0.0,0.03180376138163881,4.056664051930996,True,3,0.02
joint_indicator_revision_dfm_full_kalman_em,exact,2024:Q3:pre_third:exact,2024-12-18,pre_third,2024:Q3,S,S,0.0350058501743746,0.0,0.03180376138163881,4.056664051930996,True,3,0.02
joint_indicator_revision_dfm_full_kalman_em,exact,2024:Q3:pre_third:exact,2024-12-18,pre_third,2024:Q3,S,T,0.01725629148518307,0.0,0.03180376138163881,4.056664051930996,True,3,0.02
joint_indicator_revision_dfm_full_kalman_em,exact,2024:Q3:pre_third:exact,2024-12-18,pre_third,2024:Q3,T,A,0.008703519980122039,0.0,0.03180376138163881,4.056664051930996,True,3,0.02
joint_indicator_revision_dfm_full_kalman_em,exact,2024:Q3:pre_third:exact,2024-12-18,pre_third,2024:Q3,T,M,0.017706437353870494,0.0,0.03180376138163881,4.056664051930996,True,3,0.02
joint_indicator_revision_dfm_full_kalman_em,exact,2024:Q3:pre_third:exact,2024-12-18,pre_third,2024:Q3,T,S,0.01725629148518307,0.0,0.03180376138163881,4.056664051930996,True,3,0.02
joint_indicator_revision_dfm_full_kalman_em,exact,2024:Q3:pre_third:exact,2024-12-18,pre_third,2024:Q3,T,T,0.138870268533624,0.0,0.03180376138163881,4.056664051930996,True,3,0.02
monthly_mixed_frequency_kalman_em,exact,2024:Q3:pre_third:exact,2024-12-18,pre_third,2024:Q3,A,A,0.2969035940403595,0.0,0.057520787816607875,4.220872709260482,True,3,0.02
monthly_mixed_frequency_kalman_em,exact,2024:Q3:pre_third:exact,2024-12-18,pre_third,2024:Q3,A,M,-0.03952107896176342,0.0,0.057520787816607875,4.220872709260482,True,3,0.02
monthly_mixed_frequency_kalman_em,exact,2024:Q3:pre_third:exact,2024-12-18,pre_third,2024:Q3,A,S,0.029707139462532818,0.0,0.057520787816607875,4.220872709260482,True,3,0.02
monthly_mixed_frequency_kalman_em,exact,2024:Q3:pre_third:exact,2024-12-18,pre_third,2024:Q3,A,T,-0.008053706950719693,0.0,0.057520787816607875,4.220872709260482,True,3,0.02
monthly_mixed_frequency_kalman_em,exact,2024:Q3:pre_third:exact,2024-12-18,pre_third,2024:Q3,M,A,-0.03952107896176342,0.0,0.057520787816607875,4.220872709260482,True,3,0.02
monthly_mixed_frequency_kalman_em,exact,2024:Q3:pre_third:exact,2024-12-18,pre_third,2024:Q3,M,M,4.215441497794814,0.0,0.057520787816607875,4.220872709260482,True,3,0.02
monthly_mixed_frequency_kalman_em,exact,2024:Q3:pre_third:exact,2024-12-18,pre_third,2024:Q3,M,S,0.06147618939140789,0.0,0.057520787816607875,4.220872709260482,True,3,0.02
monthly_mixed_frequency_kalman_em,exact,2024:Q3:pre_third:exact,2024-12-18,pre_third,2024:Q3,M,T,0.12880770162685545,0.0,0.057520787816607875,4.220872709260482,True,3,0.02
monthly_mixed_frequency_kalman_em,exact,2024:Q3:pre_third:exact,2024-12-18,pre_third,2024:Q3,S,A,0.029707139462532818,0.0,0.057520787816607875,4.220872709260482,True,3,0.02
monthly_mixed_frequency_kalman_em,exact,2024:Q3:pre_third:exact,2024-12-18,pre_third,2024:Q3,S,M,0.06147618939140789,0.0,0.057520787816607875,4.220872709260482,True,3,0.02
monthly_mixed_frequency_kalman_em,exact,2024:Q3:pre_third:exact,2024-12-18,pre_third,2024:Q3,S,S,0.09573284599979731,0.0,0.057520787816607875,4.220872709260482,True,3,0.02
monthly_mixed_frequency_kalman_em,exact,2024:Q3:pre_third:exact,2024-12-18,pre_third,2024:Q3,S,T,0.053533926909189095,0.0,0.057520787816607875,4.220872709260482,True,3,0.02
monthly_mixed_frequency_kalman_em,exact,2024:Q3:pre_third:exact,2024-12-18,pre_third,2024:Q3,T,A,-0.008053706950719693,0.0,0.057520787816607875,4.220872709260482,True,3,0.02
monthly_mixed_frequency_kalman_em,exact,2024:Q3:pre_third:exact,2024-12-18,pre_third,2024:Q3,T,M,0.12880770162685545,0.0,0.057520787816607875,4.220872709260482,True,3,0.02
monthly_mixed_frequency_kalman_em,exact,2024:Q3:pre_third:exact,2024-12-18,pre_third,2024:Q3,T,S,0.053533926909189095,0.0,0.057520787816607875,4.220872709260482,True,3,0.02
monthly_mixed_frequency_kalman_em,exact,2024:Q3:pre_third:exact,2024-12-18,pre_third,2024:Q3,T,T,0.14405520555614038,0.0,0.057520787816607875,4.220872709260482,True,3,0.02
revision_dfm_kalman_em,exact,2024:Q3:pre_third:exact,2024-12-18,pre_third,2024:Q3,A,A,0.22197834360366958,1.734723475976807e-18,0.045822641301177046,4.04588304494342,True,3,0.02
revision_dfm_kalman_em,exact,2024:Q3:pre_third:exact,2024-12-18,pre_third,2024:Q3,A,M,0.0073160354667891545,1.734723475976807e-18,0.045822641301177046,4.04588304494342,True,3,0.02
revision_dfm_kalman_em,exact,2024:Q3:pre_third:exact,2024-12-18,pre_third,2024:Q3,A,S,0.010877863258164132,1.734723475976807e-18,0.045822641301177046,4.04588304494342,True,3,0.02
revision_dfm_kalman_em,exact,2024:Q3:pre_third:exact,2024-12-18,pre_third,2024:Q3,A,T,0.008740766583339147,1.734723475976807e-18,0.045822641301177046,4.04588304494342,True,3,0.02
revision_dfm_kalman_em,exact,2024:Q3:pre_third:exact,2024-12-18,pre_third,2024:Q3,M,A,0.0073160354667891545,1.734723475976807e-18,0.045822641301177046,4.04588304494342,True,3,0.02
revision_dfm_kalman_em,exact,2024:Q3:pre_third:exact,2024-12-18,pre_third,2024:Q3,M,M,4.0454994643407485,1.734723475976807e-18,0.045822641301177046,4.04588304494342,True,3,0.02
revision_dfm_kalman_em,exact,2024:Q3:pre_third:exact,2024-12-18,pre_third,2024:Q3,M,S,0.026594251835883823,1.734723475976807e-18,0.045822641301177046,4.04588304494342,True,3,0.02
revision_dfm_kalman_em,exact,2024:Q3:pre_third:exact,2024-12-18,pre_third,2024:Q3,M,T,0.027203037615960497,1.734723475976807e-18,0.045822641301177046,4.04588304494342,True,3,0.02
revision_dfm_kalman_em,exact,2024:Q3:pre_third:exact,2024-12-18,pre_third,2024:Q3,S,A,0.010877863258164132,1.734723475976807e-18,0.045822641301177046,4.04588304494342,True,3,0.02
revision_dfm_kalman_em,exact,2024:Q3:pre_third:exact,2024-12-18,pre_third,2024:Q3,S,M,0.026594251835883823,1.734723475976807e-18,0.045822641301177046,4.04588304494342,True,3,0.02
revision_dfm_kalman_em,exact,2024:Q3:pre_third:exact,2024-12-18,pre_third,2024:Q3,S,S,0.05366152989583218,1.734723475976807e-18,0.045822641301177046,4.04588304494342,True,3,0.02
revision_dfm_kalman_em,exact,2024:Q3:pre_third:exact,2024-12-18,pre_third,2024:Q3,S,T,0.026279924064329427,1.734723475976807e-18,0.045822641301177046,4.04588304494342,True,3,0.02
revision_dfm_kalman_em,exact,2024:Q3:pre_third:exact,2024-12-18,pre_third,2024:Q3,T,A,0.008740766583339145,1.734723475976807e-18,0.045822641301177046,4.04588304494342,True,3,0.02
revision_dfm_kalman_em,exact,2024:Q3:pre_third:exact,2024-12-18,pre_third,2024:Q3,T,M,0.027203037615960497,1.734723475976807e-18,0.045822641301177046,4.04588304494342,True,3,0.02
revision_dfm_kalman_em,exact,2024:Q3:pre_third:exact,2024-12-18,pre_third,2024:Q3,T,S,0.026279924064329427,1.734723475976807e-18,0.045822641301177046,4.04588304494342,True,3,0.02
revision_dfm_kalman_em,exact,2024:Q3:pre_third:exact,2024-12-18,pre_third,2024:Q3,T,T,0.13985113615652428,1.734723475976807e-18,0.045822641301177046,4.04588304494342,True,3,0.02
indicator_revision_only_dfm_kalman_em,pseudo,2024:Q3:pre_third:pseudo,2024-12-31,pre_third,2024:Q3,A,A,0.40078263625700883,0.0,0.02769448755322479,4.0473041686260585,True,3,0.02
indicator_revision_only_dfm_kalman_em,pseudo,2024:Q3:pre_third:pseudo,2024-12-31,pre_third,2024:Q3,A,M,0.014715147516739526,0.0,0.02769448755322479,4.0473041686260585,True,3,0.02
indicator_revision_only_dfm_kalman_em,pseudo,2024:Q3:pre_third:pseudo,2024-12-31,pre_third,2024:Q3,A,S,0.014715147516739526,0.0,0.02769448755322479,4.0473041686260585,True,3,0.02
indicator_revision_only_dfm_kalman_em,pseudo,2024:Q3:pre_third:pseudo,2024-12-31,pre_third,2024:Q3,A,T,0.014715147516739526,0.0,0.02769448755322479,4.0473041686260585,True,3,0.02
indicator_revision_only_dfm_kalman_em,pseudo,2024:Q3:pre_third:pseudo,2024-12-31,pre_third,2024:Q3,M,A,0.014715147516739526,0.0,0.02769448755322479,4.0473041686260585,True,3,0.02
indicator_revision_only_dfm_kalman_em,pseudo,2024:Q3:pre_third:pseudo,2024-12-31,pre_third,2024:Q3,M,M,4.04713414986061,0.0,0.02769448755322479,4.0473041686260585,True,3,0.02
indicator_revision_only_dfm_kalman_em,pseudo,2024:Q3:pre_third:pseudo,2024-12-31,pre_third,2024:Q3,M,S,0.014715147516739526,0.0,0.02769448755322479,4.0473041686260585,True,3,0.02
indicator_revision_only_dfm_kalman_em,pseudo,2024:Q3:pre_third:pseudo,2024-12-31,pre_third,2024:Q3,M,T,0.014715147516739526,0.0,0.02769448755322479,4.0473041686260585,True,3,0.02
indicator_revision_only_dfm_kalman_em,pseudo,2024:Q3:pre_third:pseudo,2024-12-31,pre_third,2024:Q3,S,A,0.014715147516739526,0.0,0.02769448755322479,4.0473041686260585,True,3,0.02
indicator_revision_only_dfm_kalman_em,pseudo,2024:Q3:pre_third:pseudo,2024-12-31,pre_third,2024:Q3,S,M,0.014715147516739526,0.0,0.02769448755322479,4.0473041686260585,True,3,0.02
indicator_revision_only_dfm_kalman_em,pseudo,2024:Q3:pre_third:pseudo,2024-12-31,pre_third,2024:Q3,S,S,0.03008010316066129,0.0,0.02769448755322479,4.0473041686260585,True,3,0.02
indicator_revision_only_dfm_kalman_em,pseudo,2024:Q3:pre_third:pseudo,2024-12-31,pre_third,2024:Q3,S,T,0.014715147516739526,0.0,0.02769448755322479,4.0473041686260585,True,3,0.02
indicator_revision_only_dfm_kalman_em,pseudo,2024:Q3:pre_third:pseudo,2024-12-31,pre_third,2024:Q3,T,A,0.014715147516739526,0.0,0.02769448755322479,4.0473041686260585,True,3,0.02
indicator_revision_only_dfm_kalman_em,pseudo,2024:Q3:pre_third:pseudo,2024-12-31,pre_third,2024:Q3,T,M,0.014715147516739526,0.0,0.02769448755322479,4.0473041686260585,True,3,0.02
indicator_revision_only_dfm_kalman_em,pseudo,2024:Q3:pre_third:pseudo,2024-12-31,pre_third,2024:Q3,T,S,0.014715147516739526,0.0,0.02769448755322479,4.0473041686260585,True,3,0.02
indicator_revision_only_dfm_kalman_em,pseudo,2024:Q3:pre_third:pseudo,2024-12-31,pre_third,2024:Q3,T,T,0.14133333348599283,0.0,0.02769448755322479,4.0473041686260585,True,3,0.02
joint_indicator_revision_dfm_full_kalman_em,pseudo,2024:Q3:pre_third:pseudo,2024-12-31,pre_third,2024:Q3,A,A,0.24421945084826227,3.469446951953614e-18,0.03180456831008337,4.056662267026276,True,3,0.02
joint_indicator_revision_dfm_full_kalman_em,pseudo,2024:Q3:pre_third:pseudo,2024-12-31,pre_third,2024:Q3,A,M,0.007668607292774974,3.469446951953614e-18,0.03180456831008337,4.056662267026276,True,3,0.02
joint_indicator_revision_dfm_full_kalman_em,pseudo,2024:Q3:pre_third:pseudo,2024-12-31,pre_third,2024:Q3,A,S,0.010254009810223275,3.469446951953614e-18,0.03180456831008337,4.056662267026276,True,3,0.02
joint_indicator_revision_dfm_full_kalman_em,pseudo,2024:Q3:pre_third:pseudo,2024-12-31,pre_third,2024:Q3,A,T,0.008702768299754296,3.469446951953614e-18,0.03180456831008337,4.056662267026276,True,3,0.02
joint_indicator_revision_dfm_full_kalman_em,pseudo,2024:Q3:pre_third:pseudo,2024-12-31,pre_third,2024:Q3,M,A,0.007668607292774974,3.469446951953614e-18,0.03180456831008337,4.056662267026276,True,3,0.02
joint_indicator_revision_dfm_full_kalman_em,pseudo,2024:Q3:pre_third:pseudo,2024-12-31,pre_third,2024:Q3,M,M,4.056490515504814,3.469446951953614e-18,0.03180456831008337,4.056662267026276,True,3,0.02
joint_indicator_revision_dfm_full_kalman_em,pseudo,2024:Q3:pre_third:pseudo,2024-12-31,pre_third,2024:Q3,M,S,0.01739965910144346,3.469446951953614e-18,0.03180456831008337,4.056662267026276,True,3,0.02
joint_indicator_revision_dfm_full_kalman_em,pseudo,2024:Q3:pre_third:pseudo,2024-12-31,pre_third,2024:Q3,M,T,0.017706955474348782,3.469446951953614e-18,0.03180456831008337,4.056662267026276,True,3,0.02
joint_indicator_revision_dfm_full_kalman_em,pseudo,2024:Q3:pre_third:pseudo,2024-12-31,pre_third,2024:Q3,S,A,0.010254009810223274,3.469446951953614e-18,0.03180456831008337,4.056662267026276,True,3,0.02
joint_indicator_revision_dfm_full_kalman_em,pseudo,2024:Q3:pre_third:pseudo,2024-12-31,pre_third,2024:Q3,S,M,0.01739965910144346,3.469446951953614e-18,0.03180456831008337,4.056662267026276,True,3,0.02
joint_indicator_revision_dfm_full_kalman_em,pseudo,2024:Q3:pre_third:pseudo,2024-12-31,pre_third,2024:Q3,S,S,0.03500679421251219,3.469446951953614e-18,0.03180456831008337,4.056662267026276,True,3,0.02
joint_indicator_revision_dfm_full_kalman_em,pseudo,2024:Q3:pre_third:pseudo,2024-12-31,pre_third,2024:Q3,S,T,0.017256746115619056,3.469446951953614e-18,0.03180456831008337,4.056662267026276,True,3,0.02
joint_indicator_revision_dfm_full_kalman_em,pseudo,2024:Q3:pre_third:pseudo,2024-12-31,pre_third,2024:Q3,T,A,0.008702768299754296,3.469446951953614e-18,0.03180456831008337,4.056662267026276,True,3,0.02
joint_indicator_revision_dfm_full_kalman_em,pseudo,2024:Q3:pre_third:pseudo,2024-12-31,pre_third,2024:Q3,T,M,0.017706955474348782,3.469446951953614e-18,0.03180456831008337,4.056662267026276,True,3,0.02
joint_indicator_revision_dfm_full_kalman_em,pseudo,2024:Q3:pre_third:pseudo,2024-12-31,pre_third,2024:Q3,T,S,0.01725674611561906,3.469446951953614e-18,0.03180456831008337,4.056662267026276,True,3,0.02
joint_indicator_revision_dfm_full_kalman_em,pseudo,2024:Q3:pre_third:pseudo,2024-12-31,pre_third,2024:Q3,T,T,0.13887060938836118,3.469446951953614e-18,0.03180456831008337,4.056662267026276,True,3,0.02
monthly_mixed_frequency_kalman_em,pseudo,2024:Q3:pre_third:pseudo,2024-12-31,pre_third,2024:Q3,A,A,0.2969001763296824,0.0,0.057521007058020525,4.220872953364196,True,3,0.02
monthly_mixed_frequency_kalman_em,pseudo,2024:Q3:pre_third:pseudo,2024-12-31,pre_third,2024:Q3,A,M,-0.03952055004415077,0.0,0.057521007058020525,4.220872953364196,True,3,0.02
monthly_mixed_frequency_kalman_em,pseudo,2024:Q3:pre_third:pseudo,2024-12-31,pre_third,2024:Q3,A,S,0.029707135022909555,0.0,0.057521007058020525,4.220872953364196,True,3,0.02
monthly_mixed_frequency_kalman_em,pseudo,2024:Q3:pre_third:pseudo,2024-12-31,pre_third,2024:Q3,A,T,-0.008053420468214265,0.0,0.057521007058020525,4.220872953364196,True,3,0.02
monthly_mixed_frequency_kalman_em,pseudo,2024:Q3:pre_third:pseudo,2024-12-31,pre_third,2024:Q3,M,A,-0.03952055004415077,0.0,0.057521007058020525,4.220872953364196,True,3,0.02
monthly_mixed_frequency_kalman_em,pseudo,2024:Q3:pre_third:pseudo,2024-12-31,pre_third,2024:Q3,M,M,4.215441706907312,0.0,0.057521007058020525,4.220872953364196,True,3,0.02
monthly_mixed_frequency_kalman_em,pseudo,2024:Q3:pre_third:pseudo,2024-12-31,pre_third,2024:Q3,M,S,0.06147668677866463,0.0,0.057521007058020525,4.220872953364196,True,3,0.02
monthly_mixed_frequency_kalman_em,pseudo,2024:Q3:pre_third:pseudo,2024-12-31,pre_third,2024:Q3,M,T,0.1288081779938749,0.0,0.057521007058020525,4.220872953364196,True,3,0.02
monthly_mixed_frequency_kalman_em,pseudo,2024:Q3:pre_third:pseudo,2024-12-31,pre_third,2024:Q3,S,A,0.029707135022909555,0.0,0.057521007058020525,4.220872953364196,True,3,0.02
monthly_mixed_frequency_kalman_em,pseudo,2024:Q3:pre_third:pseudo,2024-12-31,pre_third,2024:Q3,S,M,0.06147668677866463,0.0,0.057521007058020525,4.220872953364196,True,3,0.02
monthly_mixed_frequency_kalman_em,pseudo,2024:Q3:pre_third:pseudo,2024-12-31,pre_third,2024:Q3,S,S,0.09573346286987851,0.0,0.057521007058020525,4.220872953364196,True,3,0.02
monthly_mixed_frequency_kalman_em,pseudo,2024:Q3:pre_third:pseudo,2024-12-31,pre_third,2024:Q3,S,T,0.05353429883972586,0.0,0.057521007058020525,4.220872953364196,True,3,0.02
monthly_mixed_frequency_kalman_em,pseudo,2024:Q3:pre_third:pseudo,2024-12-31,pre_third,2024:Q3,T,A,-0.008053420468214265,0.0,0.057521007058020525,4.220872953364196,True,3,0.02
monthly_mixed_frequency_kalman_em,pseudo,2024:Q3:pre_third:pseudo,2024-12-31,pre_third,2024:Q3,T,M,0.1288081779938749,0.0,0.057521007058020525,4.220872953364196,True,3,0.02
monthly_mixed_frequency_kalman_em,pseudo,2024:Q3:pre_third:pseudo,2024-12-31,pre_third,2024:Q3,T,S,0.05353429883972586,0.0,0.057521007058020525,4.220872953364196,True,3,0.02
monthly_mixed_frequency_kalman_em,pseudo,2024:Q3:pre_third:pseudo,2024-12-31,pre_third,2024:Q3,T,T,0.14405566573531642,0.0,0.057521007058020525,4.220872953364196,True,3,0.02
revision_dfm_kalman_em,pseudo,2024:Q3:pre_third:pseudo,2024-12-31,pre_third,2024:Q3,A,A,0.22197352299248455,1.734723475976807e-18,0.04582276950640626,4.0458837849936415,True,3,0.02
revision_dfm_kalman_em,pseudo,2024:Q3:pre_third:pseudo,2024-12-31,pre_third,2024:Q3,A,M,0.007315985436088124,1.734723475976807e-18,0.04582276950640626,4.0458837849936415,True,3,0.02
revision_dfm_kalman_em,pseudo,2024:Q3:pre_third:pseudo,2024-12-31,pre_third,2024:Q3,A,S,0.01087772681136009,1.734723475976807e-18,0.04582276950640626,4.0458837849936415,True,3,0.02
revision_dfm_kalman_em,pseudo,2024:Q3:pre_third:pseudo,2024-12-31,pre_third,2024:Q3,A,T,0.00874068198619691,1.734723475976807e-18,0.04582276950640626,4.0458837849936415,True,3,0.02
revision_dfm_kalman_em,pseudo,2024:Q3:pre_third:pseudo,2024-12-31,pre_third,2024:Q3,M,A,0.007315985436088124,1.734723475976807e-18,0.04582276950640626,4.0458837849936415,True,3,0.02
revision_dfm_kalman_em,pseudo,2024:Q3:pre_third:pseudo,2024-12-31,pre_third,2024:Q3,M,M,4.045500201644209,1.734723475976807e-18,0.04582276950640626,4.0458837849936415,True,3,0.02
revision_dfm_kalman_em,pseudo,2024:Q3:pre_third:pseudo,2024-12-31,pre_third,2024:Q3,M,S,0.02659435942326919,1.734723475976807e-18,0.04582276950640626,4.0458837849936415,True,3,0.02
revision_dfm_kalman_em,pseudo,2024:Q3:pre_third:pseudo,2024-12-31,pre_third,2024:Q3,M,T,0.02720315018075912,1.734723475976807e-18,0.04582276950640626,4.0458837849936415,True,3,0.02
revision_dfm_kalman_em,pseudo,2024:Q3:pre_third:pseudo,2024-12-31,pre_third,2024:Q3,S,A,0.010877726811360091,1.734723475976807e-18,0.04582276950640626,4.0458837849936415,True,3,0.02
revision_dfm_kalman_em,pseudo,2024:Q3:pre_third:pseudo,2024-12-31,pre_third,2024:Q3,S,M,0.02659435942326919,1.734723475976807e-18,0.04582276950640626,4.0458837849936415,True,3,0.02
revision_dfm_kalman_em,pseudo,2024:Q3:pre_third:pseudo,2024-12-31,pre_third,2024:Q3,S,S,0.053661730921255854,1.734723475976807e-18,0.04582276950640626,4.0458837849936415,True,3,0.02
revision_dfm_kalman_em,pseudo,2024:Q3:pre_third:pseudo,2024-12-31,pre_third,2024:Q3,S,T,0.026280026771031008,1.734723475976807e-18,0.04582276950640626,4.0458837849936415,True,3,0.02
revision_dfm_kalman_em,pseudo,2024:Q3:pre_third:pseudo,2024-12-31,pre_third,2024:Q3,T,A,0.008740681986196912,1.734723475976807e-18,0.04582276950640626,4.0458837849936415,True,3,0.02
revision_dfm_kalman_em,pseudo,2024:Q3:pre_third:pseudo,2024-12-31,pre_third,2024:Q3,T,M,0.02720315018075912,1.734723475976807e-18,0.04582276950640626,4.0458837849936415,True,3,0.02
revision_dfm_kalman_em,pseudo,2024:Q3:pre_third:pseudo,2024-12-31,pre_third,2024:Q3,T,S,0.026280026771031008,1.734723475976807e-18,0.04582276950640626,4.0458837849936415,True,3,0.02
revision_dfm_kalman_em,pseudo,2024:Q3:pre_third:pseudo,2024-12-31,pre_third,2024:Q3,T,T,0.13985105935918535,1.734723475976807e-18,0.04582276950640626,4.0458837849936415,True,3,0.02
indicator_revision_only_dfm_kalman_em,exact,2024:Q4:pre_advance:exact,2025-01-29,pre_advance,2024:Q4,A,A,3.9395313481890395,0.0,0.06523997300683776,15.570950521459181,True,3,0.02
indicator_revision_only_dfm_kalman_em,exact,2024:Q4:pre_advance:exact,2025-01-29,pre_advance,2024:Q4,A,M,3.5533963604776813,0.0,0.06523997300683776,15.570950521459181,True,3,0.02
indicator_revision_only_dfm_kalman_em,exact,2024:Q4:pre_advance:exact,2025-01-29,pre_advance,2024:Q4,A,S,3.5533963604776813,0.0,0.06523997300683776,15.570950521459181,True,3,0.02
indicator_revision_only_dfm_kalman_em,exact,2024:Q4:pre_advance:exact,2025-01-29,pre_advance,2024:Q4,A,T,3.5533963604776813,0.0,0.06523997300683776,15.570950521459181,True,3,0.02
indicator_revision_only_dfm_kalman_em,exact,2024:Q4:pre_advance:exact,2025-01-29,pre_advance,2024:Q4,M,A,3.5533963604776813,0.0,0.06523997300683776,15.570950521459181,True,3,0.02
indicator_revision_only_dfm_kalman_em,exact,2024:Q4:pre_advance:exact,2025-01-29,pre_advance,2024:Q4,M,M,7.568053145355929,0.0,0.06523997300683776,15.570950521459181,True,3,0.02
indicator_revision_only_dfm_kalman_em,exact,2024:Q4:pre_advance:exact,2025-01-29,pre_advance,2024:Q4,M,S,3.5533963604776813,0.0,0.06523997300683776,15.570950521459181,True,3,0.02
indicator_revision_only_dfm_kalman_em,exact,2024:Q4:pre_advance:exact,2025-01-29,pre_advance,2024:Q4,M,T,3.5533963604776813,0.0,0.06523997300683776,15.570950521459181,True,3,0.02
indicator_revision_only_dfm_kalman_em,exact,2024:Q4:pre_advance:exact,2025-01-29,pre_advance,2024:Q4,S,A,3.5533963604776813,0.0,0.06523997300683776,15.570950521459181,True,3,0.02
indicator_revision_only_dfm_kalman_em,exact,2024:Q4:pre_advance:exact,2025-01-29,pre_advance,2024:Q4,S,M,3.5533963604776813,0.0,0.06523997300683776,15.570950521459181,True,3,0.02
indicator_revision_only_dfm_kalman_em,exact,2024:Q4:pre_advance:exact,2025-01-29,pre_advance,2024:Q4,S,S,3.5687060828408046,0.0,0.06523997300683776,15.570950521459181,True,3,0.02
indicator_revision_only_dfm_kalman_em,exact,2024:Q4:pre_advance:exact,2025-01-29,pre_advance,2024:Q4,S,T,3.5533963604776813,0.0,0.06523997300683776,15.570950521459181,True,3,0.02
indicator_revision_only_dfm_kalman_em,exact,2024:Q4:pre_advance:exact,2025-01-29,pre_advance,2024:Q4,T,A,3.5533963604776813,0.0,0.06523997300683776,15.570950521459181,True,3,0.02
indicator_revision_only_dfm_kalman_em,exact,2024:Q4:pre_advance:exact,2025-01-29,pre_advance,2024:Q4,T,M,3.5533963604776813,0.0,0.06523997300683776,15.570950521459181,True,3,0.02
indicator_revision_only_dfm_kalman_em,exact,2024:Q4:pre_advance:exact,2025-01-29,pre_advance,2024:Q4,T,S,3.5533963604776813,0.0,0.06523997300683776,15.570950521459181,True,3,0.02
indicator_revision_only_dfm_kalman_em,exact,2024:Q4:pre_advance:exact,2025-01-29,pre_advance,2024:Q4,T,T,3.6796974590608844,0.0,0.06523997300683776,15.570950521459181,True,3,0.02
joint_indicator_revision_dfm_full_kalman_em,exact,2024:Q4:pre_advance:exact,2025-01-29,pre_advance,2024:Q4,A,A,3.0328554411657587,4.440892098500626e-16,0.06332847657892737,15.888401975882932,True,3,0.02
joint_indicator_revision_dfm_full_kalman_em,exact,2024:Q4:pre_advance:exact,2025-01-29,pre_advance,2024:Q4,A,M,3.298094379188446,4.440892098500626e-16,0.06332847657892737,15.888401975882932,True,3,0.02
joint_indicator_revision_dfm_full_kalman_em,exact,2024:Q4:pre_advance:exact,2025-01-29,pre_advance,2024:Q4,A,S,3.275715496021909,4.440892098500626e-16,0.06332847657892737,15.888401975882932,True,3,0.02
joint_indicator_revision_dfm_full_kalman_em,exact,2024:Q4:pre_advance:exact,2025-01-29,pre_advance,2024:Q4,A,T,3.289142825921831,4.440892098500626e-16,0.06332847657892737,15.888401975882932,True,3,0.02
joint_indicator_revision_dfm_full_kalman_em,exact,2024:Q4:pre_advance:exact,2025-01-29,pre_advance,2024:Q4,M,A,3.298094379188446,4.440892098500626e-16,0.06332847657892737,15.888401975882932,True,3,0.02
joint_indicator_revision_dfm_full_kalman_em,exact,2024:Q4:pre_advance:exact,2025-01-29,pre_advance,2024:Q4,M,M,7.951846851353684,4.440892098500626e-16,0.06332847657892737,15.888401975882932,True,3,0.02
joint_indicator_revision_dfm_full_kalman_em,exact,2024:Q4:pre_advance:exact,2025-01-29,pre_advance,2024:Q4,M,S,3.8996943116892506,4.440892098500626e-16,0.06332847657892737,15.888401975882932,True,3,0.02
joint_indicator_revision_dfm_full_kalman_em,exact,2024:Q4:pre_advance:exact,2025-01-29,pre_advance,2024:Q4,M,T,3.918692204294539,4.440892098500626e-16,0.06332847657892737,15.888401975882932,True,3,0.02
joint_indicator_revision_dfm_full_kalman_em,exact,2024:Q4:pre_advance:exact,2025-01-29,pre_advance,2024:Q4,S,A,3.275715496021909,4.440892098500626e-16,0.06332847657892737,15.888401975882932,True,3,0.02
joint_indicator_revision_dfm_full_kalman_em,exact,2024:Q4:pre_advance:exact,2025-01-29,pre_advance,2024:Q4,S,M,3.8996943116892506,4.440892098500626e-16,0.06332847657892737,15.888401975882932,True,3,0.02
joint_indicator_revision_dfm_full_kalman_em,exact,2024:Q4:pre_advance:exact,2025-01-29,pre_advance,2024:Q4,S,S,3.886510288033393,4.440892098500626e-16,0.06332847657892737,15.888401975882932,True,3,0.02
joint_indicator_revision_dfm_full_kalman_em,exact,2024:Q4:pre_advance:exact,2025-01-29,pre_advance,2024:Q4,S,T,3.887214735375904,4.440892098500626e-16,0.06332847657892737,15.888401975882932,True,3,0.02
joint_indicator_revision_dfm_full_kalman_em,exact,2024:Q4:pre_advance:exact,2025-01-29,pre_advance,2024:Q4,T,A,3.2891428259218305,4.440892098500626e-16,0.06332847657892737,15.888401975882932,True,3,0.02
joint_indicator_revision_dfm_full_kalman_em,exact,2024:Q4:pre_advance:exact,2025-01-29,pre_advance,2024:Q4,T,M,3.918692204294539,4.440892098500626e-16,0.06332847657892737,15.888401975882932,True,3,0.02
joint_indicator_revision_dfm_full_kalman_em,exact,2024:Q4:pre_advance:exact,2025-01-29,pre_advance,2024:Q4,T,S,3.887214735375904,4.440892098500626e-16,0.06332847657892737,15.888401975882932,True,3,0.02
joint_indicator_revision_dfm_full_kalman_em,exact,2024:Q4:pre_advance:exact,2025-01-29,pre_advance,2024:Q4,T,T,4.02703176477385,4.440892098500626e-16,0.06332847657892737,15.888401975882932,True,3,0.02
monthly_mixed_frequency_kalman_em,exact,2024:Q4:pre_advance:exact,2025-01-29,pre_advance,2024:Q4,A,A,4.458831516590061,0.0,0.0604256008828082,18.550942960252026,True,3,0.02
monthly_mixed_frequency_kalman_em,exact,2024:Q4:pre_advance:exact,2025-01-29,pre_advance,2024:Q4,A,M,4.171279437429214,0.0,0.0604256008828082,18.550942960252026,True,3,0.02
monthly_mixed_frequency_kalman_em,exact,2024:Q4:pre_advance:exact,2025-01-29,pre_advance,2024:Q4,A,S,4.213258103797974,0.0,0.0604256008828082,18.550942960252026,True,3,0.02
monthly_mixed_frequency_kalman_em,exact,2024:Q4:pre_advance:exact,2025-01-29,pre_advance,2024:Q4,A,T,4.190360649415014,0.0,0.0604256008828082,18.550942960252026,True,3,0.02
monthly_mixed_frequency_kalman_em,exact,2024:Q4:pre_advance:exact,2025-01-29,pre_advance,2024:Q4,M,A,4.171279437429214,0.0,0.0604256008828082,18.550942960252026,True,3,0.02
monthly_mixed_frequency_kalman_em,exact,2024:Q4:pre_advance:exact,2025-01-29,pre_advance,2024:Q4,M,M,8.588196082879154,0.0,0.0604256008828082,18.550942960252026,True,3,0.02
monthly_mixed_frequency_kalman_em,exact,2024:Q4:pre_advance:exact,2025-01-29,pre_advance,2024:Q4,M,S,4.3534512327887445,0.0,0.0604256008828082,18.550942960252026,True,3,0.02
monthly_mixed_frequency_kalman_em,exact,2024:Q4:pre_advance:exact,2025-01-29,pre_advance,2024:Q4,M,T,4.474899096361765,0.0,0.0604256008828082,18.550942960252026,True,3,0.02
monthly_mixed_frequency_kalman_em,exact,2024:Q4:pre_advance:exact,2025-01-29,pre_advance,2024:Q4,S,A,4.213258103797974,0.0,0.0604256008828082,18.550942960252026,True,3,0.02
monthly_mixed_frequency_kalman_em,exact,2024:Q4:pre_advance:exact,2025-01-29,pre_advance,2024:Q4,S,M,4.3534512327887445,0.0,0.0604256008828082,18.550942960252026,True,3,0.02
monthly_mixed_frequency_kalman_em,exact,2024:Q4:pre_advance:exact,2025-01-29,pre_advance,2024:Q4,S,S,4.3278040316421045,0.0,0.0604256008828082,18.550942960252026,True,3,0.02
monthly_mixed_frequency_kalman_em,exact,2024:Q4:pre_advance:exact,2025-01-29,pre_advance,2024:Q4,S,T,4.318402950541053,0.0,0.0604256008828082,18.550942960252026,True,3,0.02
monthly_mixed_frequency_kalman_em,exact,2024:Q4:pre_advance:exact,2025-01-29,pre_advance,2024:Q4,T,A,4.190360649415014,0.0,0.0604256008828082,18.550942960252026,True,3,0.02
monthly_mixed_frequency_kalman_em,exact,2024:Q4:pre_advance:exact,2025-01-29,pre_advance,2024:Q4,T,M,4.474899096361765,0.0,0.0604256008828082,18.550942960252026,True,3,0.02
monthly_mixed_frequency_kalman_em,exact,2024:Q4:pre_advance:exact,2025-01-29,pre_advance,2024:Q4,T,S,4.318402950541053,0.0,0.0604256008828082,18.550942960252026,True,3,0.02
monthly_mixed_frequency_kalman_em,exact,2024:Q4:pre_advance:exact,2025-01-29,pre_advance,2024:Q4,T,T,4.453197814386204,0.0,0.0604256008828082,18.550942960252026,True,3,0.02
revision_dfm_kalman_em,exact,2024:Q4:pre_advance:exact,2025-01-29,pre_advance,2024:Q4,A,A,2.9113704959792805,8.881784197001252e-16,0.06501427511513622,14.56942200608814,True,3,0.02
revision_dfm_kalman_em,exact,2024:Q4:pre_advance:exact,2025-01-29,pre_advance,2024:Q4,A,M,3.0316919047585342,8.881784197001252e-16,0.06501427511513622,14.56942200608814,True,3,0.02
revision_dfm_kalman_em,exact,2024:Q4:pre_advance:exact,2025-01-29,pre_advance,2024:Q4,A,S,3.0185125955172607,8.881784197001252e-16,0.06501427511513622,14.56942200608814,True,3,0.02
revision_dfm_kalman_em,exact,2024:Q4:pre_advance:exact,2025-01-29,pre_advance,2024:Q4,A,T,3.026420181062025,8.881784197001252e-16,0.06501427511513622,14.56942200608814,True,3,0.02
revision_dfm_kalman_em,exact,2024:Q4:pre_advance:exact,2025-01-29,pre_advance,2024:Q4,M,A,3.0316919047585342,8.881784197001252e-16,0.06501427511513622,14.56942200608814,True,3,0.02
revision_dfm_kalman_em,exact,2024:Q4:pre_advance:exact,2025-01-29,pre_advance,2024:Q4,M,M,7.541662089991938,8.881784197001252e-16,0.06501427511513622,14.56942200608814,True,3,0.02
revision_dfm_kalman_em,exact,2024:Q4:pre_advance:exact,2025-01-29,pre_advance,2024:Q4,M,S,3.508911595090686,8.881784197001252e-16,0.06501427511513622,14.56942200608814,True,3,0.02
revision_dfm_kalman_em,exact,2024:Q4:pre_advance:exact,2025-01-29,pre_advance,2024:Q4,M,T,3.5239816905748587,8.881784197001252e-16,0.06501427511513622,14.56942200608814,True,3,0.02
revision_dfm_kalman_em,exact,2024:Q4:pre_advance:exact,2025-01-29,pre_advance,2024:Q4,S,A,3.0185125955172616,8.881784197001252e-16,0.06501427511513622,14.56942200608814,True,3,0.02
revision_dfm_kalman_em,exact,2024:Q4:pre_advance:exact,2025-01-29,pre_advance,2024:Q4,S,M,3.508911595090686,8.881784197001252e-16,0.06501427511513622,14.56942200608814,True,3,0.02
revision_dfm_kalman_em,exact,2024:Q4:pre_advance:exact,2025-01-29,pre_advance,2024:Q4,S,S,3.5083164423822693,8.881784197001252e-16,0.06501427511513622,14.56942200608814,True,3,0.02
revision_dfm_kalman_em,exact,2024:Q4:pre_advance:exact,2025-01-29,pre_advance,2024:Q4,S,T,3.499103615099217,8.881784197001252e-16,0.06501427511513622,14.56942200608814,True,3,0.02
revision_dfm_kalman_em,exact,2024:Q4:pre_advance:exact,2025-01-29,pre_advance,2024:Q4,T,A,3.026420181062025,8.881784197001252e-16,0.06501427511513622,14.56942200608814,True,3,0.02
revision_dfm_kalman_em,exact,2024:Q4:pre_advance:exact,2025-01-29,pre_advance,2024:Q4,T,M,3.5239816905748587,8.881784197001252e-16,0.06501427511513622,14.56942200608814,True,3,0.02
revision_dfm_kalman_em,exact,2024:Q4:pre_advance:exact,2025-01-29,pre_advance,2024:Q4,T,S,3.4991036150992167,8.881784197001252e-16,0.06501427511513622,14.56942200608814,True,3,0.02
revision_dfm_kalman_em,exact,2024:Q4:pre_advance:exact,2025-01-29,pre_advance,2024:Q4,T,T,3.629888273837134,8.881784197001252e-16,0.06501427511513622,14.56942200608814,True,3,0.02
indicator_revision_only_dfm_kalman_em,pseudo,2024:Q4:pre_advance:pseudo,2025-01-31,pre_advance,2024:Q4,A,A,3.9396342668062503,0.0,0.0652400112001474,15.571355164285613,True,3,0.02
indicator_revision_only_dfm_kalman_em,pseudo,2024:Q4:pre_advance:pseudo,2025-01-31,pre_advance,2024:Q4,A,M,3.553499333185606,0.0,0.0652400112001474,15.571355164285613,True,3,0.02
indicator_revision_only_dfm_kalman_em,pseudo,2024:Q4:pre_advance:pseudo,2025-01-31,pre_advance,2024:Q4,A,S,3.553499333185606,0.0,0.0652400112001474,15.571355164285613,True,3,0.02
indicator_revision_only_dfm_kalman_em,pseudo,2024:Q4:pre_advance:pseudo,2025-01-31,pre_advance,2024:Q4,A,T,3.553499333185606,0.0,0.0652400112001474,15.571355164285613,True,3,0.02
indicator_revision_only_dfm_kalman_em,pseudo,2024:Q4:pre_advance:pseudo,2025-01-31,pre_advance,2024:Q4,M,A,3.553499333185606,0.0,0.0652400112001474,15.571355164285613,True,3,0.02
indicator_revision_only_dfm_kalman_em,pseudo,2024:Q4:pre_advance:pseudo,2025-01-31,pre_advance,2024:Q4,M,M,7.568155907401637,0.0,0.0652400112001474,15.571355164285613,True,3,0.02
indicator_revision_only_dfm_kalman_em,pseudo,2024:Q4:pre_advance:pseudo,2025-01-31,pre_advance,2024:Q4,M,S,3.553499333185606,0.0,0.0652400112001474,15.571355164285613,True,3,0.02
indicator_revision_only_dfm_kalman_em,pseudo,2024:Q4:pre_advance:pseudo,2025-01-31,pre_advance,2024:Q4,M,T,3.553499333185606,0.0,0.0652400112001474,15.571355164285613,True,3,0.02
indicator_revision_only_dfm_kalman_em,pseudo,2024:Q4:pre_advance:pseudo,2025-01-31,pre_advance,2024:Q4,S,A,3.553499333185606,0.0,0.0652400112001474,15.571355164285613,True,3,0.02
indicator_revision_only_dfm_kalman_em,pseudo,2024:Q4:pre_advance:pseudo,2025-01-31,pre_advance,2024:Q4,S,M,3.553499333185606,0.0,0.0652400112001474,15.571355164285613,True,3,0.02
indicator_revision_only_dfm_kalman_em,pseudo,2024:Q4:pre_advance:pseudo,2025-01-31,pre_advance,2024:Q4,S,S,3.5688091750215745,0.0,0.0652400112001474,15.571355164285613,True,3,0.02
indicator_revision_only_dfm_kalman_em,pseudo,2024:Q4:pre_advance:pseudo,2025-01-31,pre_advance,2024:Q4,S,T,3.553499333185606,0.0,0.0652400112001474,15.571355164285613,True,3,0.02
indicator_revision_only_dfm_kalman_em,pseudo,2024:Q4:pre_advance:pseudo,2025-01-31,pre_advance,2024:Q4,T,A,3.553499333185606,0.0,0.0652400112001474,15.571355164285613,True,3,0.02
indicator_revision_only_dfm_kalman_em,pseudo,2024:Q4:pre_advance:pseudo,2025-01-31,pre_advance,2024:Q4,T,M,3.553499333185606,0.0,0.0652400112001474,15.571355164285613,True,3,0.02
indicator_revision_only_dfm_kalman_em,pseudo,2024:Q4:pre_advance:pseudo,2025-01-31,pre_advance,2024:Q4,T,S,3.553499333185606,0.0,0.0652400112001474,15.571355164285613,True,3,0.02
indicator_revision_only_dfm_kalman_em,pseudo,2024:Q4:pre_advance:pseudo,2025-01-31,pre_advance,2024:Q4,T,T,3.679800321399766,0.0,0.0652400112001474,15.571355164285613,True,3,0.02
joint_indicator_revision_dfm_full_kalman_em,pseudo,2024:Q4:pre_advance:pseudo,2025-01-31,pre_advance,2024:Q4,A,A,3.033244866504256,4.440892098500626e-16,0.06332850845104974,15.8896976499294,True,3,0.02
joint_indicator_revision_dfm_full_kalman_em,pseudo,2024:Q4:pre_advance:pseudo,2025-01-31,pre_advance,2024:Q4,A,M,3.2984524647738587,4.440892098500626e-16,0.06332850845104974,15.8896976499294,True,3,0.02
joint_indicator_revision_dfm_full_kalman_em,pseudo,2024:Q4:pre_advance:pseudo,2025-01-31,pre_advance,2024:Q4,A,S,3.2760758677505506,4.440892098500626e-16,0.06332850845104974,15.8896976499294,True,3,0.02
joint_indicator_revision_dfm_full_kalman_em,pseudo,2024:Q4:pre_advance:pseudo,2025-01-31,pre_advance,2024:Q4,A,T,3.2895018259645354,4.440892098500626e-16,0.06332850845104974,15.8896976499294,True,3,0.02
joint_indicator_revision_dfm_full_kalman_em,pseudo,2024:Q4:pre_advance:pseudo,2025-01-31,pre_advance,2024:Q4,M,A,3.2984524647738587,4.440892098500626e-16,0.06332850845104974,15.8896976499294,True,3,0.02
joint_indicator_revision_dfm_full_kalman_em,pseudo,2024:Q4:pre_advance:pseudo,2025-01-31,pre_advance,2024:Q4,M,M,7.952160784411625,4.440892098500626e-16,0.06332850845104974,15.8896976499294,True,3,0.02
joint_indicator_revision_dfm_full_kalman_em,pseudo,2024:Q4:pre_advance:pseudo,2025-01-31,pre_advance,2024:Q4,M,S,3.900011250249222,4.440892098500626e-16,0.06332850845104974,15.8896976499294,True,3,0.02
joint_indicator_revision_dfm_full_kalman_em,pseudo,2024:Q4:pre_advance:pseudo,2025-01-31,pre_advance,2024:Q4,M,T,3.9190078434747595,4.440892098500626e-16,0.06332850845104974,15.8896976499294,True,3,0.02
joint_indicator_revision_dfm_full_kalman_em,pseudo,2024:Q4:pre_advance:pseudo,2025-01-31,pre_advance,2024:Q4,S,A,3.276075867750551,4.440892098500626e-16,0.06332850845104974,15.8896976499294,True,3,0.02
joint_indicator_revision_dfm_full_kalman_em,pseudo,2024:Q4:pre_advance:pseudo,2025-01-31,pre_advance,2024:Q4,S,M,3.900011250249222,4.440892098500626e-16,0.06332850845104974,15.8896976499294,True,3,0.02
joint_indicator_revision_dfm_full_kalman_em,pseudo,2024:Q4:pre_advance:pseudo,2025-01-31,pre_advance,2024:Q4,S,S,3.886829835720039,4.440892098500626e-16,0.06332850845104974,15.8896976499294,True,3,0.02
joint_indicator_revision_dfm_full_kalman_em,pseudo,2024:Q4:pre_advance:pseudo,2025-01-31,pre_advance,2024:Q4,S,T,3.887532542599249,4.440892098500626e-16,0.06332850845104974,15.8896976499294,True,3,0.02
joint_indicator_revision_dfm_full_kalman_em,pseudo,2024:Q4:pre_advance:pseudo,2025-01-31,pre_advance,2024:Q4,T,A,3.2895018259645354,4.440892098500626e-16,0.06332850845104974,15.8896976499294,True,3,0.02
joint_indicator_revision_dfm_full_kalman_em,pseudo,2024:Q4:pre_advance:pseudo,2025-01-31,pre_advance,2024:Q4,T,M,3.9190078434747595,4.440892098500626e-16,0.06332850845104974,15.8896976499294,True,3,0.02
joint_indicator_revision_dfm_full_kalman_em,pseudo,2024:Q4:pre_advance:pseudo,2025-01-31,pre_advance,2024:Q4,T,S,3.887532542599249,4.440892098500626e-16,0.06332850845104974,15.8896976499294,True,3,0.02
joint_indicator_revision_dfm_full_kalman_em,pseudo,2024:Q4:pre_advance:pseudo,2025-01-31,pre_advance,2024:Q4,T,T,4.027348018325639,4.440892098500626e-16,0.06332850845104974,15.8896976499294,True,3,0.02
monthly_mixed_frequency_kalman_em,pseudo,2024:Q4:pre_advance:pseudo,2025-01-31,pre_advance,2024:Q4,A,A,4.458536809355601,0.0,0.06042581459253904,18.54995861393381,True,3,0.02
monthly_mixed_frequency_kalman_em,pseudo,2024:Q4:pre_advance:pseudo,2025-01-31,pre_advance,2024:Q4,A,M,4.171022994122971,0.0,0.06042581459253904,18.54995861393381,True,3,0.02
monthly_mixed_frequency_kalman_em,pseudo,2024:Q4:pre_advance:pseudo,2025-01-31,pre_advance,2024:Q4,A,S,4.212984510343531,0.0,0.06042581459253904,18.54995861393381,True,3,0.02
monthly_mixed_frequency_kalman_em,pseudo,2024:Q4:pre_advance:pseudo,2025-01-31,pre_advance,2024:Q4,A,T,4.190096410586862,0.0,0.06042581459253904,18.54995861393381,True,3,0.02
monthly_mixed_frequency_kalman_em,pseudo,2024:Q4:pre_advance:pseudo,2025-01-31,pre_advance,2024:Q4,M,A,4.171022994122971,0.0,0.06042581459253904,18.54995861393381,True,3,0.02
monthly_mixed_frequency_kalman_em,pseudo,2024:Q4:pre_advance:pseudo,2025-01-31,pre_advance,2024:Q4,M,M,8.58797704762899,0.0,0.06042581459253904,18.54995861393381,True,3,0.02
monthly_mixed_frequency_kalman_em,pseudo,2024:Q4:pre_advance:pseudo,2025-01-31,pre_advance,2024:Q4,M,S,4.353210869551366,0.0,0.06042581459253904,18.54995861393381,True,3,0.02
monthly_mixed_frequency_kalman_em,pseudo,2024:Q4:pre_advance:pseudo,2025-01-31,pre_advance,2024:Q4,M,T,4.4746694531702955,0.0,0.06042581459253904,18.54995861393381,True,3,0.02
monthly_mixed_frequency_kalman_em,pseudo,2024:Q4:pre_advance:pseudo,2025-01-31,pre_advance,2024:Q4,S,A,4.212984510343531,0.0,0.06042581459253904,18.54995861393381,True,3,0.02
monthly_mixed_frequency_kalman_em,pseudo,2024:Q4:pre_advance:pseudo,2025-01-31,pre_advance,2024:Q4,S,M,4.353210869551366,0.0,0.06042581459253904,18.54995861393381,True,3,0.02
monthly_mixed_frequency_kalman_em,pseudo,2024:Q4:pre_advance:pseudo,2025-01-31,pre_advance,2024:Q4,S,S,4.327546207223846,0.0,0.06042581459253904,18.54995861393381,True,3,0.02
monthly_mixed_frequency_kalman_em,pseudo,2024:Q4:pre_advance:pseudo,2025-01-31,pre_advance,2024:Q4,S,T,4.318154279749407,0.0,0.06042581459253904,18.54995861393381,True,3,0.02
monthly_mixed_frequency_kalman_em,pseudo,2024:Q4:pre_advance:pseudo,2025-01-31,pre_advance,2024:Q4,T,A,4.190096410586862,0.0,0.06042581459253904,18.54995861393381,True,3,0.02
monthly_mixed_frequency_kalman_em,pseudo,2024:Q4:pre_advance:pseudo,2025-01-31,pre_advance,2024:Q4,T,M,4.4746694531702955,0.0,0.06042581459253904,18.54995861393381,True,3,0.02
monthly_mixed_frequency_kalman_em,pseudo,2024:Q4:pre_advance:pseudo,2025-01-31,pre_advance,2024:Q4,T,S,4.318154279749407,0.0,0.06042581459253904,18.54995861393381,True,3,0.02
monthly_mixed_frequency_kalman_em,pseudo,2024:Q4:pre_advance:pseudo,2025-01-31,pre_advance,2024:Q4,T,T,4.452959368811601,0.0,0.06042581459253904,18.54995861393381,True,3,0.02
revision_dfm_kalman_em,pseudo,2024:Q4:pre_advance:pseudo,2025-01-31,pre_advance,2024:Q4,A,A,2.9112606562964607,4.440892098500626e-16,0.06501432434206869,14.568976707322303,True,3,0.02
revision_dfm_kalman_em,pseudo,2024:Q4:pre_advance:pseudo,2025-01-31,pre_advance,2024:Q4,A,M,3.0315775448370204,4.440892098500626e-16,0.06501432434206869,14.568976707322303,True,3,0.02
revision_dfm_kalman_em,pseudo,2024:Q4:pre_advance:pseudo,2025-01-31,pre_advance,2024:Q4,A,S,3.0183983679907,4.440892098500626e-16,0.06501432434206869,14.568976707322303,True,3,0.02
revision_dfm_kalman_em,pseudo,2024:Q4:pre_advance:pseudo,2025-01-31,pre_advance,2024:Q4,A,T,3.026305874098492,4.440892098500626e-16,0.06501432434206869,14.568976707322303,True,3,0.02
revision_dfm_kalman_em,pseudo,2024:Q4:pre_advance:pseudo,2025-01-31,pre_advance,2024:Q4,M,A,3.0315775448370204,4.440892098500626e-16,0.06501432434206869,14.568976707322303,True,3,0.02
revision_dfm_kalman_em,pseudo,2024:Q4:pre_advance:pseudo,2025-01-31,pre_advance,2024:Q4,M,M,7.54154684591507,4.440892098500626e-16,0.06501432434206869,14.568976707322303,True,3,0.02
revision_dfm_kalman_em,pseudo,2024:Q4:pre_advance:pseudo,2025-01-31,pre_advance,2024:Q4,M,S,3.5087961295174446,4.440892098500626e-16,0.06501432434206869,14.568976707322303,True,3,0.02
revision_dfm_kalman_em,pseudo,2024:Q4:pre_advance:pseudo,2025-01-31,pre_advance,2024:Q4,M,T,3.5238661900863,4.440892098500626e-16,0.06501432434206869,14.568976707322303,True,3,0.02
revision_dfm_kalman_em,pseudo,2024:Q4:pre_advance:pseudo,2025-01-31,pre_advance,2024:Q4,S,A,3.0183983679907005,4.440892098500626e-16,0.06501432434206869,14.568976707322303,True,3,0.02
revision_dfm_kalman_em,pseudo,2024:Q4:pre_advance:pseudo,2025-01-31,pre_advance,2024:Q4,S,M,3.5087961295174446,4.440892098500626e-16,0.06501432434206869,14.568976707322303,True,3,0.02
revision_dfm_kalman_em,pseudo,2024:Q4:pre_advance:pseudo,2025-01-31,pre_advance,2024:Q4,S,S,3.508201168506558,4.440892098500626e-16,0.06501432434206869,14.568976707322303,True,3,0.02
revision_dfm_kalman_em,pseudo,2024:Q4:pre_advance:pseudo,2025-01-31,pre_advance,2024:Q4,S,T,3.4989881742869096,4.440892098500626e-16,0.06501432434206869,14.568976707322303,True,3,0.02
revision_dfm_kalman_em,pseudo,2024:Q4:pre_advance:pseudo,2025-01-31,pre_advance,2024:Q4,T,A,3.0263058740984925,4.440892098500626e-16,0.06501432434206869,14.568976707322303,True,3,0.02
revision_dfm_kalman_em,pseudo,2024:Q4:pre_advance:pseudo,2025-01-31,pre_advance,2024:Q4,T,M,3.5238661900863,4.440892098500626e-16,0.06501432434206869,14.568976707322303,True,3,0.02
revision_dfm_kalman_em,pseudo,2024:Q4:pre_advance:pseudo,2025-01-31,pre_advance,2024:Q4,T,S,3.4989881742869096,4.440892098500626e-16,0.06501432434206869,14.568976707322303,True,3,0.02
revision_dfm_kalman_em,pseudo,2024:Q4:pre_advance:pseudo,2025-01-31,pre_advance,2024:Q4,T,T,3.6297726141709616,4.440892098500626e-16,0.06501432434206869,14.568976707322303,True,3,0.02
indicator_revision_only_dfm_kalman_em,exact,2024:Q4:pre_second:exact,2025-02-26,pre_second,2024:Q4,A,A,0.7339045906739544,0.0,0.06152176307849991,4.474330468277248,True,3,0.02
indicator_revision_only_dfm_kalman_em,exact,2024:Q4:pre_second:exact,2025-02-26,pre_second,2024:Q4,A,M,0.3479452287278832,0.0,0.06152176307849991,4.474330468277248,True,3,0.02
indicator_revision_only_dfm_kalman_em,exact,2024:Q4:pre_second:exact,2025-02-26,pre_second,2024:Q4,A,S,0.3479452287278832,0.0,0.06152176307849991,4.474330468277248,True,3,0.02
indicator_revision_only_dfm_kalman_em,exact,2024:Q4:pre_second:exact,2025-02-26,pre_second,2024:Q4,A,T,0.3479452287278832,0.0,0.06152176307849991,4.474330468277248,True,3,0.02
indicator_revision_only_dfm_kalman_em,exact,2024:Q4:pre_second:exact,2025-02-26,pre_second,2024:Q4,M,A,0.3479452287278832,0.0,0.06152176307849991,4.474330468277248,True,3,0.02
indicator_revision_only_dfm_kalman_em,exact,2024:Q4:pre_second:exact,2025-02-26,pre_second,2024:Q4,M,M,4.3625404681021385,0.0,0.06152176307849991,4.474330468277248,True,3,0.02
indicator_revision_only_dfm_kalman_em,exact,2024:Q4:pre_second:exact,2025-02-26,pre_second,2024:Q4,M,S,0.3479452287278832,0.0,0.06152176307849991,4.474330468277248,True,3,0.02
indicator_revision_only_dfm_kalman_em,exact,2024:Q4:pre_second:exact,2025-02-26,pre_second,2024:Q4,M,T,0.3479452287278832,0.0,0.06152176307849991,4.474330468277248,True,3,0.02
indicator_revision_only_dfm_kalman_em,exact,2024:Q4:pre_second:exact,2025-02-26,pre_second,2024:Q4,S,A,0.3479452287278832,0.0,0.06152176307849991,4.474330468277248,True,3,0.02
indicator_revision_only_dfm_kalman_em,exact,2024:Q4:pre_second:exact,2025-02-26,pre_second,2024:Q4,S,M,0.3479452287278832,0.0,0.06152176307849991,4.474330468277248,True,3,0.02
indicator_revision_only_dfm_kalman_em,exact,2024:Q4:pre_second:exact,2025-02-26,pre_second,2024:Q4,S,S,0.3632724836676299,0.0,0.06152176307849991,4.474330468277248,True,3,0.02
indicator_revision_only_dfm_kalman_em,exact,2024:Q4:pre_second:exact,2025-02-26,pre_second,2024:Q4,S,T,0.3479452287278832,0.0,0.06152176307849991,4.474330468277248,True,3,0.02
indicator_revision_only_dfm_kalman_em,exact,2024:Q4:pre_second:exact,2025-02-26,pre_second,2024:Q4,T,A,0.3479452287278832,0.0,0.06152176307849991,4.474330468277248,True,3,0.02
indicator_revision_only_dfm_kalman_em,exact,2024:Q4:pre_second:exact,2025-02-26,pre_second,2024:Q4,T,M,0.3479452287278832,0.0,0.06152176307849991,4.474330468277248,True,3,0.02
indicator_revision_only_dfm_kalman_em,exact,2024:Q4:pre_second:exact,2025-02-26,pre_second,2024:Q4,T,S,0.3479452287278832,0.0,0.06152176307849991,4.474330468277248,True,3,0.02
indicator_revision_only_dfm_kalman_em,exact,2024:Q4:pre_second:exact,2025-02-26,pre_second,2024:Q4,T,T,0.47424073297930575,0.0,0.06152176307849991,4.474330468277248,True,3,0.02
joint_indicator_revision_dfm_full_kalman_em,exact,2024:Q4:pre_second:exact,2025-02-26,pre_second,2024:Q4,A,A,0.3433825554114514,2.7755575615628914e-17,0.06195026035560545,4.4386600278337225,True,3,0.02
joint_indicator_revision_dfm_full_kalman_em,exact,2024:Q4:pre_second:exact,2025-02-26,pre_second,2024:Q4,A,M,0.19235289931103017,2.7755575615628914e-17,0.06195026035560545,4.4386600278337225,True,3,0.02
joint_indicator_revision_dfm_full_kalman_em,exact,2024:Q4:pre_second:exact,2025-02-26,pre_second,2024:Q4,A,S,0.19106102076235576,2.7755575615628914e-17,0.06195026035560545,4.4386600278337225,True,3,0.02
joint_indicator_revision_dfm_full_kalman_em,exact,2024:Q4:pre_second:exact,2025-02-26,pre_second,2024:Q4,A,T,0.1918361478915604,2.7755575615628914e-17,0.06195026035560545,4.4386600278337225,True,3,0.02
joint_indicator_revision_dfm_full_kalman_em,exact,2024:Q4:pre_second:exact,2025-02-26,pre_second,2024:Q4,M,A,0.19235289931103017,2.7755575615628914e-17,0.06195026035560545,4.4386600278337225,True,3,0.02
joint_indicator_revision_dfm_full_kalman_em,exact,2024:Q4:pre_second:exact,2025-02-26,pre_second,2024:Q4,M,M,4.363901858491081,2.7755575615628914e-17,0.06195026035560545,4.4386600278337225,True,3,0.02
joint_indicator_revision_dfm_full_kalman_em,exact,2024:Q4:pre_second:exact,2025-02-26,pre_second,2024:Q4,M,S,0.33659458029049943,2.7755575615628914e-17,0.06195026035560545,4.4386600278337225,True,3,0.02
joint_indicator_revision_dfm_full_kalman_em,exact,2024:Q4:pre_second:exact,2025-02-26,pre_second,2024:Q4,M,T,0.3411495807424827,2.7755575615628914e-17,0.06195026035560545,4.4386600278337225,True,3,0.02
joint_indicator_revision_dfm_full_kalman_em,exact,2024:Q4:pre_second:exact,2025-02-26,pre_second,2024:Q4,S,A,0.19106102076235576,2.7755575615628914e-17,0.06195026035560545,4.4386600278337225,True,3,0.02
joint_indicator_revision_dfm_full_kalman_em,exact,2024:Q4:pre_second:exact,2025-02-26,pre_second,2024:Q4,S,M,0.33659458029049943,2.7755575615628914e-17,0.06195026035560545,4.4386600278337225,True,3,0.02
joint_indicator_revision_dfm_full_kalman_em,exact,2024:Q4:pre_second:exact,2025-02-26,pre_second,2024:Q4,S,S,0.3478139540557356,2.7755575615628914e-17,0.06195026035560545,4.4386600278337225,True,3,0.02
joint_indicator_revision_dfm_full_kalman_em,exact,2024:Q4:pre_second:exact,2025-02-26,pre_second,2024:Q4,S,T,0.3336839090999366,2.7755575615628914e-17,0.06195026035560545,4.4386600278337225,True,3,0.02
joint_indicator_revision_dfm_full_kalman_em,exact,2024:Q4:pre_second:exact,2025-02-26,pre_second,2024:Q4,T,A,0.19183614789156042,2.7755575615628914e-17,0.06195026035560545,4.4386600278337225,True,3,0.02
joint_indicator_revision_dfm_full_kalman_em,exact,2024:Q4:pre_second:exact,2025-02-26,pre_second,2024:Q4,T,M,0.3411495807424827,2.7755575615628914e-17,0.06195026035560545,4.4386600278337225,True,3,0.02
joint_indicator_revision_dfm_full_kalman_em,exact,2024:Q4:pre_second:exact,2025-02-26,pre_second,2024:Q4,T,S,0.3336839090999366,2.7755575615628914e-17,0.06195026035560545,4.4386600278337225,True,3,0.02
joint_indicator_revision_dfm_full_kalman_em,exact,2024:Q4:pre_second:exact,2025-02-26,pre_second,2024:Q4,T,T,0.45865410830998293,2.7755575615628914e-17,0.06195026035560545,4.4386600278337225,True,3,0.02
monthly_mixed_frequency_kalman_em,exact,2024:Q4:pre_second:exact,2025-02-26,pre_second,2024:Q4,A,A,0.41507989029114456,0.0,0.05756990993305832,4.817644727310182,True,3,0.02
monthly_mixed_frequency_kalman_em,exact,2024:Q4:pre_second:exact,2025-02-26,pre_second,2024:Q4,A,M,0.1974123910226534,0.0,0.05756990993305832,4.817644727310182,True,3,0.02
monthly_mixed_frequency_kalman_em,exact,2024:Q4:pre_second:exact,2025-02-26,pre_second,2024:Q4,A,S,0.20007927956550586,0.0,0.05756990993305832,4.817644727310182,True,3,0.02
monthly_mixed_frequency_kalman_em,exact,2024:Q4:pre_second:exact,2025-02-26,pre_second,2024:Q4,A,T,0.19862461308758636,0.0,0.05756990993305832,4.817644727310182,True,3,0.02
monthly_mixed_frequency_kalman_em,exact,2024:Q4:pre_second:exact,2025-02-26,pre_second,2024:Q4,M,A,0.1974123910226534,0.0,0.05756990993305832,4.817644727310182,True,3,0.02
monthly_mixed_frequency_kalman_em,exact,2024:Q4:pre_second:exact,2025-02-26,pre_second,2024:Q4,M,M,4.685586992064865,0.0,0.05756990993305832,4.817644727310182,True,3,0.02
monthly_mixed_frequency_kalman_em,exact,2024:Q4:pre_second:exact,2025-02-26,pre_second,2024:Q4,M,S,0.41120420969613525,0.0,0.05756990993305832,4.817644727310182,True,3,0.02
monthly_mixed_frequency_kalman_em,exact,2024:Q4:pre_second:exact,2025-02-26,pre_second,2024:Q4,M,T,0.55373208881179,0.0,0.05756990993305832,4.817644727310182,True,3,0.02
monthly_mixed_frequency_kalman_em,exact,2024:Q4:pre_second:exact,2025-02-26,pre_second,2024:Q4,S,A,0.20007927956550586,0.0,0.05756990993305832,4.817644727310182,True,3,0.02
monthly_mixed_frequency_kalman_em,exact,2024:Q4:pre_second:exact,2025-02-26,pre_second,2024:Q4,S,M,0.41120420969613525,0.0,0.05756990993305832,4.817644727310182,True,3,0.02
monthly_mixed_frequency_kalman_em,exact,2024:Q4:pre_second:exact,2025-02-26,pre_second,2024:Q4,S,S,0.34637900065441035,0.0,0.05756990993305832,4.817644727310182,True,3,0.02
monthly_mixed_frequency_kalman_em,exact,2024:Q4:pre_second:exact,2025-02-26,pre_second,2024:Q4,S,T,0.35842297716347793,0.0,0.05756990993305832,4.817644727310182,True,3,0.02
monthly_mixed_frequency_kalman_em,exact,2024:Q4:pre_second:exact,2025-02-26,pre_second,2024:Q4,T,A,0.19862461308758636,0.0,0.05756990993305832,4.817644727310182,True,3,0.02
monthly_mixed_frequency_kalman_em,exact,2024:Q4:pre_second:exact,2025-02-26,pre_second,2024:Q4,T,M,0.55373208881179,0.0,0.05756990993305832,4.817644727310182,True,3,0.02
monthly_mixed_frequency_kalman_em,exact,2024:Q4:pre_second:exact,2025-02-26,pre_second,2024:Q4,T,S,0.35842297716347793,0.0,0.05756990993305832,4.817644727310182,True,3,0.02
monthly_mixed_frequency_kalman_em,exact,2024:Q4:pre_second:exact,2025-02-26,pre_second,2024:Q4,T,T,0.5138004852869817,0.0,0.05756990993305832,4.817644727310182,True,3,0.02
revision_dfm_kalman_em,exact,2024:Q4:pre_second:exact,2025-02-26,pre_second,2024:Q4,A,A,0.2795090318515044,1.1102230246251565e-16,0.0655092920859639,4.4544865202845045,True,3,0.02
revision_dfm_kalman_em,exact,2024:Q4:pre_second:exact,2025-02-26,pre_second,2024:Q4,A,M,0.14877587502362266,1.1102230246251565e-16,0.0655092920859639,4.4544865202845045,True,3,0.02
revision_dfm_kalman_em,exact,2024:Q4:pre_second:exact,2025-02-26,pre_second,2024:Q4,A,S,0.1481471741751652,1.1102230246251565e-16,0.0655092920859639,4.4544865202845045,True,3,0.02
revision_dfm_kalman_em,exact,2024:Q4:pre_second:exact,2025-02-26,pre_second,2024:Q4,A,T,0.14852439468423967,1.1102230246251565e-16,0.0655092920859639,4.4544865202845045,True,3,0.02
revision_dfm_kalman_em,exact,2024:Q4:pre_second:exact,2025-02-26,pre_second,2024:Q4,M,A,0.14877587502362266,1.1102230246251565e-16,0.0655092920859639,4.4544865202845045,True,3,0.02
revision_dfm_kalman_em,exact,2024:Q4:pre_second:exact,2025-02-26,pre_second,2024:Q4,M,M,4.373815243342676,1.1102230246251565e-16,0.0655092920859639,4.4544865202845045,True,3,0.02
revision_dfm_kalman_em,exact,2024:Q4:pre_second:exact,2025-02-26,pre_second,2024:Q4,M,S,0.3625025219220369,1.1102230246251565e-16,0.0655092920859639,4.4544865202845045,True,3,0.02
revision_dfm_kalman_em,exact,2024:Q4:pre_second:exact,2025-02-26,pre_second,2024:Q4,M,T,0.36925178445567103,1.1102230246251565e-16,0.0655092920859639,4.4544865202845045,True,3,0.02
revision_dfm_kalman_em,exact,2024:Q4:pre_second:exact,2025-02-26,pre_second,2024:Q4,S,A,0.14814717417516524,1.1102230246251565e-16,0.0655092920859639,4.4544865202845045,True,3,0.02
revision_dfm_kalman_em,exact,2024:Q4:pre_second:exact,2025-02-26,pre_second,2024:Q4,S,M,0.3625025219220369,1.1102230246251565e-16,0.0655092920859639,4.4544865202845045,True,3,0.02
revision_dfm_kalman_em,exact,2024:Q4:pre_second:exact,2025-02-26,pre_second,2024:Q4,S,S,0.3796453168094941,1.1102230246251565e-16,0.0655092920859639,4.4544865202845045,True,3,0.02
revision_dfm_kalman_em,exact,2024:Q4:pre_second:exact,2025-02-26,pre_second,2024:Q4,S,T,0.3582154149670995,1.1102230246251565e-16,0.0655092920859639,4.4544865202845045,True,3,0.02
revision_dfm_kalman_em,exact,2024:Q4:pre_second:exact,2025-02-26,pre_second,2024:Q4,T,A,0.14852439468423967,1.1102230246251565e-16,0.0655092920859639,4.4544865202845045,True,3,0.02
revision_dfm_kalman_em,exact,2024:Q4:pre_second:exact,2025-02-26,pre_second,2024:Q4,T,M,0.36925178445567103,1.1102230246251565e-16,0.0655092920859639,4.4544865202845045,True,3,0.02
revision_dfm_kalman_em,exact,2024:Q4:pre_second:exact,2025-02-26,pre_second,2024:Q4,T,S,0.3582154149670994,1.1102230246251565e-16,0.0655092920859639,4.4544865202845045,True,3,0.02
revision_dfm_kalman_em,exact,2024:Q4:pre_second:exact,2025-02-26,pre_second,2024:Q4,T,T,0.4774542750291774,1.1102230246251565e-16,0.0655092920859639,4.4544865202845045,True,3,0.02
indicator_revision_only_dfm_kalman_em,pseudo,2024:Q4:pre_second:pseudo,2025-02-28,pre_second,2024:Q4,A,A,0.7339048715648016,0.0,0.06152159812784934,4.474331437144292,True,3,0.02
indicator_revision_only_dfm_kalman_em,pseudo,2024:Q4:pre_second:pseudo,2025-02-28,pre_second,2024:Q4,A,M,0.34794522574534553,0.0,0.06152159812784934,4.474331437144292,True,3,0.02
indicator_revision_only_dfm_kalman_em,pseudo,2024:Q4:pre_second:pseudo,2025-02-28,pre_second,2024:Q4,A,S,0.34794522574534553,0.0,0.06152159812784934,4.474331437144292,True,3,0.02
indicator_revision_only_dfm_kalman_em,pseudo,2024:Q4:pre_second:pseudo,2025-02-28,pre_second,2024:Q4,A,T,0.34794522574534553,0.0,0.06152159812784934,4.474331437144292,True,3,0.02
indicator_revision_only_dfm_kalman_em,pseudo,2024:Q4:pre_second:pseudo,2025-02-28,pre_second,2024:Q4,M,A,0.34794522574534553,0.0,0.06152159812784934,4.474331437144292,True,3,0.02
indicator_revision_only_dfm_kalman_em,pseudo,2024:Q4:pre_second:pseudo,2025-02-28,pre_second,2024:Q4,M,M,4.362541469564753,0.0,0.06152159812784934,4.474331437144292,True,3,0.02
indicator_revision_only_dfm_kalman_em,pseudo,2024:Q4:pre_second:pseudo,2025-02-28,pre_second,2024:Q4,M,S,0.34794522574534553,0.0,0.06152159812784934,4.474331437144292,True,3,0.02
indicator_revision_only_dfm_kalman_em,pseudo,2024:Q4:pre_second:pseudo,2025-02-28,pre_second,2024:Q4,M,T,0.34794522574534553,0.0,0.06152159812784934,4.474331437144292,True,3,0.02
indicator_revision_only_dfm_kalman_em,pseudo,2024:Q4:pre_second:pseudo,2025-02-28,pre_second,2024:Q4,S,A,0.34794522574534553,0.0,0.06152159812784934,4.474331437144292,True,3,0.02
indicator_revision_only_dfm_kalman_em,pseudo,2024:Q4:pre_second:pseudo,2025-02-28,pre_second,2024:Q4,S,M,0.34794522574534553,0.0,0.06152159812784934,4.474331437144292,True,3,0.02
indicator_revision_only_dfm_kalman_em,pseudo,2024:Q4:pre_second:pseudo,2025-02-28,pre_second,2024:Q4,S,S,0.3632720319486319,0.0,0.06152159812784934,4.474331437144292,True,3,0.02
indicator_revision_only_dfm_kalman_em,pseudo,2024:Q4:pre_second:pseudo,2025-02-28,pre_second,2024:Q4,S,T,0.34794522574534553,0.0,0.06152159812784934,4.474331437144292,True,3,0.02
indicator_revision_only_dfm_kalman_em,pseudo,2024:Q4:pre_second:pseudo,2025-02-28,pre_second,2024:Q4,T,A,0.34794522574534553,0.0,0.06152159812784934,4.474331437144292,True,3,0.02
indicator_revision_only_dfm_kalman_em,pseudo,2024:Q4:pre_second:pseudo,2025-02-28,pre_second,2024:Q4,T,M,0.34794522574534553,0.0,0.06152159812784934,4.474331437144292,True,3,0.02
indicator_revision_only_dfm_kalman_em,pseudo,2024:Q4:pre_second:pseudo,2025-02-28,pre_second,2024:Q4,T,S,0.34794522574534553,0.0,0.06152159812784934,4.474331437144292,True,3,0.02
indicator_revision_only_dfm_kalman_em,pseudo,2024:Q4:pre_second:pseudo,2025-02-28,pre_second,2024:Q4,T,T,0.47424110491281724,0.0,0.06152159812784934,4.474331437144292,True,3,0.02
joint_indicator_revision_dfm_full_kalman_em,pseudo,2024:Q4:pre_second:pseudo,2025-02-28,pre_second,2024:Q4,A,A,0.3434301218841153,0.0,0.06194981789897624,4.438671204231199,True,3,0.02
joint_indicator_revision_dfm_full_kalman_em,pseudo,2024:Q4:pre_second:pseudo,2025-02-28,pre_second,2024:Q4,A,M,0.19238584513252854,0.0,0.06194981789897624,4.438671204231199,True,3,0.02
joint_indicator_revision_dfm_full_kalman_em,pseudo,2024:Q4:pre_second:pseudo,2025-02-28,pre_second,2024:Q4,A,S,0.19109339488827687,0.0,0.06194981789897624,4.438671204231199,True,3,0.02
joint_indicator_revision_dfm_full_kalman_em,pseudo,2024:Q4:pre_second:pseudo,2025-02-28,pre_second,2024:Q4,A,T,0.19186886503482786,0.0,0.06194981789897624,4.438671204231199,True,3,0.02
joint_indicator_revision_dfm_full_kalman_em,pseudo,2024:Q4:pre_second:pseudo,2025-02-28,pre_second,2024:Q4,M,A,0.19238584513252854,0.0,0.06194981789897624,4.438671204231199,True,3,0.02
joint_indicator_revision_dfm_full_kalman_em,pseudo,2024:Q4:pre_second:pseudo,2025-02-28,pre_second,2024:Q4,M,M,4.363906701786939,0.0,0.06194981789897624,4.438671204231199,True,3,0.02
joint_indicator_revision_dfm_full_kalman_em,pseudo,2024:Q4:pre_second:pseudo,2025-02-28,pre_second,2024:Q4,M,S,0.3365999157182942,0.0,0.06194981789897624,4.438671204231199,True,3,0.02
joint_indicator_revision_dfm_full_kalman_em,pseudo,2024:Q4:pre_second:pseudo,2025-02-28,pre_second,2024:Q4,M,T,0.3411540442631078,0.0,0.06194981789897624,4.438671204231199,True,3,0.02
joint_indicator_revision_dfm_full_kalman_em,pseudo,2024:Q4:pre_second:pseudo,2025-02-28,pre_second,2024:Q4,S,A,0.19109339488827687,0.0,0.06194981789897624,4.438671204231199,True,3,0.02
joint_indicator_revision_dfm_full_kalman_em,pseudo,2024:Q4:pre_second:pseudo,2025-02-28,pre_second,2024:Q4,S,M,0.3365999157182942,0.0,0.06194981789897624,4.438671204231199,True,3,0.02
joint_indicator_revision_dfm_full_kalman_em,pseudo,2024:Q4:pre_second:pseudo,2025-02-28,pre_second,2024:Q4,S,S,0.34782030783867957,0.0,0.06194981789897624,4.438671204231199,True,3,0.02
joint_indicator_revision_dfm_full_kalman_em,pseudo,2024:Q4:pre_second:pseudo,2025-02-28,pre_second,2024:Q4,S,T,0.3336897853016938,0.0,0.06194981789897624,4.438671204231199,True,3,0.02
joint_indicator_revision_dfm_full_kalman_em,pseudo,2024:Q4:pre_second:pseudo,2025-02-28,pre_second,2024:Q4,T,A,0.19186886503482786,0.0,0.06194981789897624,4.438671204231199,True,3,0.02
joint_indicator_revision_dfm_full_kalman_em,pseudo,2024:Q4:pre_second:pseudo,2025-02-28,pre_second,2024:Q4,T,M,0.3411540442631078,0.0,0.06194981789897624,4.438671204231199,True,3,0.02
joint_indicator_revision_dfm_full_kalman_em,pseudo,2024:Q4:pre_second:pseudo,2025-02-28,pre_second,2024:Q4,T,S,0.3336897853016938,0.0,0.06194981789897624,4.438671204231199,True,3,0.02
joint_indicator_revision_dfm_full_kalman_em,pseudo,2024:Q4:pre_second:pseudo,2025-02-28,pre_second,2024:Q4,T,T,0.4586593188004611,0.0,0.06194981789897624,4.438671204231199,True,3,0.02
monthly_mixed_frequency_kalman_em,pseudo,2024:Q4:pre_second:pseudo,2025-02-28,pre_second,2024:Q4,A,A,0.4150826723500478,0.0,0.05757001844992503,4.817611982240464,True,3,0.02
monthly_mixed_frequency_kalman_em,pseudo,2024:Q4:pre_second:pseudo,2025-02-28,pre_second,2024:Q4,A,M,0.19741277935758722,0.0,0.05757001844992503,4.817611982240464,True,3,0.02
monthly_mixed_frequency_kalman_em,pseudo,2024:Q4:pre_second:pseudo,2025-02-28,pre_second,2024:Q4,A,S,0.20008055905630698,0.0,0.05757001844992503,4.817611982240464,True,3,0.02
monthly_mixed_frequency_kalman_em,pseudo,2024:Q4:pre_second:pseudo,2025-02-28,pre_second,2024:Q4,A,T,0.19862540649336896,0.0,0.05757001844992503,4.817611982240464,True,3,0.02
monthly_mixed_frequency_kalman_em,pseudo,2024:Q4:pre_second:pseudo,2025-02-28,pre_second,2024:Q4,M,A,0.19741277935758722,0.0,0.05757001844992503,4.817611982240464,True,3,0.02
monthly_mixed_frequency_kalman_em,pseudo,2024:Q4:pre_second:pseudo,2025-02-28,pre_second,2024:Q4,M,M,4.685559985576209,0.0,0.05757001844992503,4.817611982240464,True,3,0.02
monthly_mixed_frequency_kalman_em,pseudo,2024:Q4:pre_second:pseudo,2025-02-28,pre_second,2024:Q4,M,S,0.4111947772280631,0.0,0.05757001844992503,4.817611982240464,True,3,0.02
monthly_mixed_frequency_kalman_em,pseudo,2024:Q4:pre_second:pseudo,2025-02-28,pre_second,2024:Q4,M,T,0.5537161091417139,0.0,0.05757001844992503,4.817611982240464,True,3,0.02
monthly_mixed_frequency_kalman_em,pseudo,2024:Q4:pre_second:pseudo,2025-02-28,pre_second,2024:Q4,S,A,0.20008055905630698,0.0,0.05757001844992503,4.817611982240464,True,3,0.02
monthly_mixed_frequency_kalman_em,pseudo,2024:Q4:pre_second:pseudo,2025-02-28,pre_second,2024:Q4,S,M,0.4111947772280631,0.0,0.05757001844992503,4.817611982240464,True,3,0.02
monthly_mixed_frequency_kalman_em,pseudo,2024:Q4:pre_second:pseudo,2025-02-28,pre_second,2024:Q4,S,S,0.34637536208857733,0.0,0.05757001844992503,4.817611982240464,True,3,0.02
monthly_mixed_frequency_kalman_em,pseudo,2024:Q4:pre_second:pseudo,2025-02-28,pre_second,2024:Q4,S,T,0.35841622268512413,0.0,0.05757001844992503,4.817611982240464,True,3,0.02
monthly_mixed_frequency_kalman_em,pseudo,2024:Q4:pre_second:pseudo,2025-02-28,pre_second,2024:Q4,T,A,0.19862540649336896,0.0,0.05757001844992503,4.817611982240464,True,3,0.02
monthly_mixed_frequency_kalman_em,pseudo,2024:Q4:pre_second:pseudo,2025-02-28,pre_second,2024:Q4,T,M,0.5537161091417139,0.0,0.05757001844992503,4.817611982240464,True,3,0.02
monthly_mixed_frequency_kalman_em,pseudo,2024:Q4:pre_second:pseudo,2025-02-28,pre_second,2024:Q4,T,S,0.35841622268512413,0.0,0.05757001844992503,4.817611982240464,True,3,0.02
monthly_mixed_frequency_kalman_em,pseudo,2024:Q4:pre_second:pseudo,2025-02-28,pre_second,2024:Q4,T,T,0.5137893361455282,0.0,0.05757001844992503,4.817611982240464,True,3,0.02
revision_dfm_kalman_em,pseudo,2024:Q4:pre_second:pseudo,2025-02-28,pre_second,2024:Q4,A,A,0.27951960849868274,0.0,0.06550921550642766,4.454482545371601,True,3,0.02
revision_dfm_kalman_em,pseudo,2024:Q4:pre_second:pseudo,2025-02-28,pre_second,2024:Q4,A,M,0.14877946899250966,0.0,0.06550921550642766,4.454482545371601,True,3,0.02
revision_dfm_kalman_em,pseudo,2024:Q4:pre_second:pseudo,2025-02-28,pre_second,2024:Q4,A,S,0.14815088293466197,0.0,0.06550921550642766,4.454482545371601,True,3,0.02
revision_dfm_kalman_em,pseudo,2024:Q4:pre_second:pseudo,2025-02-28,pre_second,2024:Q4,A,T,0.14852803456937058,0.0,0.06550921550642766,4.454482545371601,True,3,0.02
revision_dfm_kalman_em,pseudo,2024:Q4:pre_second:pseudo,2025-02-28,pre_second,2024:Q4,M,A,0.14877946899250966,0.0,0.06550921550642766,4.454482545371601,True,3,0.02
revision_dfm_kalman_em,pseudo,2024:Q4:pre_second:pseudo,2025-02-28,pre_second,2024:Q4,M,M,4.373811909002187,0.0,0.06550921550642766,4.454482545371601,True,3,0.02
revision_dfm_kalman_em,pseudo,2024:Q4:pre_second:pseudo,2025-02-28,pre_second,2024:Q4,M,S,0.3625000959070427,0.0,0.06550921550642766,4.454482545371601,True,3,0.02
revision_dfm_kalman_em,pseudo,2024:Q4:pre_second:pseudo,2025-02-28,pre_second,2024:Q4,M,T,0.3692491683359227,0.0,0.06550921550642766,4.454482545371601,True,3,0.02
revision_dfm_kalman_em,pseudo,2024:Q4:pre_second:pseudo,2025-02-28,pre_second,2024:Q4,S,A,0.14815088293466197,0.0,0.06550921550642766,4.454482545371601,True,3,0.02
revision_dfm_kalman_em,pseudo,2024:Q4:pre_second:pseudo,2025-02-28,pre_second,2024:Q4,S,M,0.3625000959070427,0.0,0.06550921550642766,4.454482545371601,True,3,0.02
revision_dfm_kalman_em,pseudo,2024:Q4:pre_second:pseudo,2025-02-28,pre_second,2024:Q4,S,S,0.3796432026119956,0.0,0.06550921550642766,4.454482545371601,True,3,0.02
revision_dfm_kalman_em,pseudo,2024:Q4:pre_second:pseudo,2025-02-28,pre_second,2024:Q4,S,T,0.3582131116475951,0.0,0.06550921550642766,4.454482545371601,True,3,0.02
revision_dfm_kalman_em,pseudo,2024:Q4:pre_second:pseudo,2025-02-28,pre_second,2024:Q4,T,A,0.14852803456937058,0.0,0.06550921550642766,4.454482545371601,True,3,0.02
revision_dfm_kalman_em,pseudo,2024:Q4:pre_second:pseudo,2025-02-28,pre_second,2024:Q4,T,M,0.3692491683359227,0.0,0.06550921550642766,4.454482545371601,True,3,0.02
revision_dfm_kalman_em,pseudo,2024:Q4:pre_second:pseudo,2025-02-28,pre_second,2024:Q4,T,S,0.3582131116475951,0.0,0.06550921550642766,4.454482545371601,True,3,0.02
revision_dfm_kalman_em,pseudo,2024:Q4:pre_second:pseudo,2025-02-28,pre_second,2024:Q4,T,T,0.47745162808863284,0.0,0.06550921550642766,4.454482545371601,True,3,0.02
indicator_revision_only_dfm_kalman_em,exact,2024:Q4:pre_third:exact,2025-03-26,pre_third,2024:Q4,A,A,0.3991268027521477,0.0,0.02757578942092002,4.029457925776283,True,3,0.02
indicator_revision_only_dfm_kalman_em,exact,2024:Q4:pre_third:exact,2025-03-26,pre_third,2024:Q4,A,M,0.014650082520509302,0.0,0.02757578942092002,4.029457925776283,True,3,0.02
indicator_revision_only_dfm_kalman_em,exact,2024:Q4:pre_third:exact,2025-03-26,pre_third,2024:Q4,A,S,0.014650082520509302,0.0,0.02757578942092002,4.029457925776283,True,3,0.02
indicator_revision_only_dfm_kalman_em,exact,2024:Q4:pre_third:exact,2025-03-26,pre_third,2024:Q4,A,T,0.014650082520509302,0.0,0.02757578942092002,4.029457925776283,True,3,0.02
indicator_revision_only_dfm_kalman_em,exact,2024:Q4:pre_third:exact,2025-03-26,pre_third,2024:Q4,M,A,0.014650082520509302,0.0,0.02757578942092002,4.029457925776283,True,3,0.02
indicator_revision_only_dfm_kalman_em,exact,2024:Q4:pre_third:exact,2025-03-26,pre_third,2024:Q4,M,M,4.029288655092147,0.0,0.02757578942092002,4.029457925776283,True,3,0.02
indicator_revision_only_dfm_kalman_em,exact,2024:Q4:pre_third:exact,2025-03-26,pre_third,2024:Q4,M,S,0.014650082520509302,0.0,0.02757578942092002,4.029457925776283,True,3,0.02
indicator_revision_only_dfm_kalman_em,exact,2024:Q4:pre_third:exact,2025-03-26,pre_third,2024:Q4,M,T,0.014650082520509302,0.0,0.02757578942092002,4.029457925776283,True,3,0.02
indicator_revision_only_dfm_kalman_em,exact,2024:Q4:pre_third:exact,2025-03-26,pre_third,2024:Q4,S,A,0.014650082520509302,0.0,0.02757578942092002,4.029457925776283,True,3,0.02
indicator_revision_only_dfm_kalman_em,exact,2024:Q4:pre_third:exact,2025-03-26,pre_third,2024:Q4,S,M,0.014650082520509302,0.0,0.02757578942092002,4.029457925776283,True,3,0.02
indicator_revision_only_dfm_kalman_em,exact,2024:Q4:pre_third:exact,2025-03-26,pre_third,2024:Q4,S,S,0.029946513497698904,0.0,0.02757578942092002,4.029457925776283,True,3,0.02
indicator_revision_only_dfm_kalman_em,exact,2024:Q4:pre_third:exact,2025-03-26,pre_third,2024:Q4,S,T,0.014650082520509302,0.0,0.02757578942092002,4.029457925776283,True,3,0.02
indicator_revision_only_dfm_kalman_em,exact,2024:Q4:pre_third:exact,2025-03-26,pre_third,2024:Q4,T,A,0.014650082520509302,0.0,0.02757578942092002,4.029457925776283,True,3,0.02
indicator_revision_only_dfm_kalman_em,exact,2024:Q4:pre_third:exact,2025-03-26,pre_third,2024:Q4,T,M,0.014650082520509302,0.0,0.02757578942092002,4.029457925776283,True,3,0.02
indicator_revision_only_dfm_kalman_em,exact,2024:Q4:pre_third:exact,2025-03-26,pre_third,2024:Q4,T,S,0.014650082520509302,0.0,0.02757578942092002,4.029457925776283,True,3,0.02
indicator_revision_only_dfm_kalman_em,exact,2024:Q4:pre_third:exact,2025-03-26,pre_third,2024:Q4,T,T,0.14098380320792098,0.0,0.02757578942092002,4.029457925776283,True,3,0.02
joint_indicator_revision_dfm_full_kalman_em,exact,2024:Q4:pre_third:exact,2025-03-26,pre_third,2024:Q4,A,A,0.23937100502699446,1.734723475976807e-18,0.03219025636368825,4.0384518915301255,True,3,0.02
joint_indicator_revision_dfm_full_kalman_em,exact,2024:Q4:pre_third:exact,2025-03-26,pre_third,2024:Q4,A,M,0.007490114973226348,1.734723475976807e-18,0.03219025636368825,4.0384518915301255,True,3,0.02
joint_indicator_revision_dfm_full_kalman_em,exact,2024:Q4:pre_third:exact,2025-03-26,pre_third,2024:Q4,A,S,0.010149408653494722,1.734723475976807e-18,0.03219025636368825,4.0384518915301255,True,3,0.02
joint_indicator_revision_dfm_full_kalman_em,exact,2024:Q4:pre_third:exact,2025-03-26,pre_third,2024:Q4,A,T,0.008553832445333698,1.734723475976807e-18,0.03219025636368825,4.0384518915301255,True,3,0.02
joint_indicator_revision_dfm_full_kalman_em,exact,2024:Q4:pre_third:exact,2025-03-26,pre_third,2024:Q4,M,A,0.007490114973226348,1.734723475976807e-18,0.03219025636368825,4.0384518915301255,True,3,0.02
joint_indicator_revision_dfm_full_kalman_em,exact,2024:Q4:pre_third:exact,2025-03-26,pre_third,2024:Q4,M,M,4.038275629682565,1.734723475976807e-18,0.03219025636368825,4.0384518915301255,True,3,0.02
joint_indicator_revision_dfm_full_kalman_em,exact,2024:Q4:pre_third:exact,2025-03-26,pre_third,2024:Q4,M,S,0.017639843153708718,1.734723475976807e-18,0.03219025636368825,4.0384518915301255,True,3,0.02
joint_indicator_revision_dfm_full_kalman_em,exact,2024:Q4:pre_third:exact,2025-03-26,pre_third,2024:Q4,M,T,0.01796036088572395,1.734723475976807e-18,0.03219025636368825,4.0384518915301255,True,3,0.02
joint_indicator_revision_dfm_full_kalman_em,exact,2024:Q4:pre_third:exact,2025-03-26,pre_third,2024:Q4,S,A,0.010149408653494722,1.734723475976807e-18,0.03219025636368825,4.0384518915301255,True,3,0.02
joint_indicator_revision_dfm_full_kalman_em,exact,2024:Q4:pre_third:exact,2025-03-26,pre_third,2024:Q4,S,M,0.017639843153708718,1.734723475976807e-18,0.03219025636368825,4.0384518915301255,True,3,0.02
joint_indicator_revision_dfm_full_kalman_em,exact,2024:Q4:pre_third:exact,2025-03-26,pre_third,2024:Q4,S,S,0.035489254517151465,1.734723475976807e-18,0.03219025636368825,4.0384518915301255,True,3,0.02
joint_indicator_revision_dfm_full_kalman_em,exact,2024:Q4:pre_third:exact,2025-03-26,pre_third,2024:Q4,S,T,0.017490034463704437,1.734723475976807e-18,0.03219025636368825,4.0384518915301255,True,3,0.02
joint_indicator_revision_dfm_full_kalman_em,exact,2024:Q4:pre_third:exact,2025-03-26,pre_third,2024:Q4,T,A,0.008553832445333696,1.734723475976807e-18,0.03219025636368825,4.0384518915301255,True,3,0.02
joint_indicator_revision_dfm_full_kalman_em,exact,2024:Q4:pre_third:exact,2025-03-26,pre_third,2024:Q4,T,M,0.01796036088572395,1.734723475976807e-18,0.03219025636368825,4.0384518915301255,True,3,0.02
joint_indicator_revision_dfm_full_kalman_em,exact,2024:Q4:pre_third:exact,2025-03-26,pre_third,2024:Q4,T,S,0.017490034463704437,1.734723475976807e-18,0.03219025636368825,4.0384518915301255,True,3,0.02
joint_indicator_revision_dfm_full_kalman_em,exact,2024:Q4:pre_third:exact,2025-03-26,pre_third,2024:Q4,T,T,0.13852241030602,1.734723475976807e-18,0.03219025636368825,4.0384518915301255,True,3,0.02
monthly_mixed_frequency_kalman_em,exact,2024:Q4:pre_third:exact,2025-03-26,pre_third,2024:Q4,A,A,0.29562611953810664,0.0,0.05733960951009765,4.202123629214131,True,3,0.02
monthly_mixed_frequency_kalman_em,exact,2024:Q4:pre_third:exact,2025-03-26,pre_third,2024:Q4,A,M,-0.03940911573906608,0.0,0.05733960951009765,4.202123629214131,True,3,0.02
monthly_mixed_frequency_kalman_em,exact,2024:Q4:pre_third:exact,2025-03-26,pre_third,2024:Q4,A,S,0.02957370048366777,0.0,0.05733960951009765,4.202123629214131,True,3,0.02
monthly_mixed_frequency_kalman_em,exact,2024:Q4:pre_third:exact,2025-03-26,pre_third,2024:Q4,A,T,-0.008053290183277974,0.0,0.05733960951009765,4.202123629214131,True,3,0.02
monthly_mixed_frequency_kalman_em,exact,2024:Q4:pre_third:exact,2025-03-26,pre_third,2024:Q4,M,A,-0.03940911573906608,0.0,0.05733960951009765,4.202123629214131,True,3,0.02
monthly_mixed_frequency_kalman_em,exact,2024:Q4:pre_third:exact,2025-03-26,pre_third,2024:Q4,M,M,4.196704252855104,0.0,0.05733960951009765,4.202123629214131,True,3,0.02
monthly_mixed_frequency_kalman_em,exact,2024:Q4:pre_third:exact,2025-03-26,pre_third,2024:Q4,M,S,0.06126132620575639,0.0,0.05733960951009765,4.202123629214131,True,3,0.02
monthly_mixed_frequency_kalman_em,exact,2024:Q4:pre_third:exact,2025-03-26,pre_third,2024:Q4,M,T,0.1283749541689714,0.0,0.05733960951009765,4.202123629214131,True,3,0.02
monthly_mixed_frequency_kalman_em,exact,2024:Q4:pre_third:exact,2025-03-26,pre_third,2024:Q4,S,A,0.02957370048366777,0.0,0.05733960951009765,4.202123629214131,True,3,0.02
monthly_mixed_frequency_kalman_em,exact,2024:Q4:pre_third:exact,2025-03-26,pre_third,2024:Q4,S,M,0.06126132620575639,0.0,0.05733960951009765,4.202123629214131,True,3,0.02
monthly_mixed_frequency_kalman_em,exact,2024:Q4:pre_third:exact,2025-03-26,pre_third,2024:Q4,S,S,0.09536164427890212,0.0,0.05733960951009765,4.202123629214131,True,3,0.02
monthly_mixed_frequency_kalman_em,exact,2024:Q4:pre_third:exact,2025-03-26,pre_third,2024:Q4,S,T,0.05333941977523423,0.0,0.05733960951009765,4.202123629214131,True,3,0.02
monthly_mixed_frequency_kalman_em,exact,2024:Q4:pre_third:exact,2025-03-26,pre_third,2024:Q4,T,A,-0.008053290183277974,0.0,0.05733960951009765,4.202123629214131,True,3,0.02
monthly_mixed_frequency_kalman_em,exact,2024:Q4:pre_third:exact,2025-03-26,pre_third,2024:Q4,T,M,0.1283749541689714,0.0,0.05733960951009765,4.202123629214131,True,3,0.02
monthly_mixed_frequency_kalman_em,exact,2024:Q4:pre_third:exact,2025-03-26,pre_third,2024:Q4,T,S,0.05333941977523423,0.0,0.05733960951009765,4.202123629214131,True,3,0.02
monthly_mixed_frequency_kalman_em,exact,2024:Q4:pre_third:exact,2025-03-26,pre_third,2024:Q4,T,T,0.14369268390096826,0.0,0.05733960951009765,4.202123629214131,True,3,0.02
revision_dfm_kalman_em,exact,2024:Q4:pre_third:exact,2025-03-26,pre_third,2024:Q4,A,A,0.2205639691601781,3.469446951953614e-18,0.04058991264771408,4.031973252473092,True,3,0.02
revision_dfm_kalman_em,exact,2024:Q4:pre_third:exact,2025-03-26,pre_third,2024:Q4,A,M,0.0057938292706054455,3.469446951953614e-18,0.04058991264771408,4.031973252473092,True,3,0.02
revision_dfm_kalman_em,exact,2024:Q4:pre_third:exact,2025-03-26,pre_third,2024:Q4,A,S,0.009383490677334794,3.469446951953614e-18,0.04058991264771408,4.031973252473092,True,3,0.02
revision_dfm_kalman_em,exact,2024:Q4:pre_third:exact,2025-03-26,pre_third,2024:Q4,A,T,0.0072296938332971844,3.469446951953614e-18,0.04058991264771408,4.031973252473092,True,3,0.02
revision_dfm_kalman_em,exact,2024:Q4:pre_third:exact,2025-03-26,pre_third,2024:Q4,M,A,0.0057938292706054455,3.469446951953614e-18,0.04058991264771408,4.031973252473092,True,3,0.02
revision_dfm_kalman_em,exact,2024:Q4:pre_third:exact,2025-03-26,pre_third,2024:Q4,M,M,4.031685981779016,3.469446951953614e-18,0.04058991264771408,4.031973252473092,True,3,0.02
revision_dfm_kalman_em,exact,2024:Q4:pre_third:exact,2025-03-26,pre_third,2024:Q4,M,S,0.023059852941923295,3.469446951953614e-18,0.04058991264771408,4.031973252473092,True,3,0.02
revision_dfm_kalman_em,exact,2024:Q4:pre_third:exact,2025-03-26,pre_third,2024:Q4,M,T,0.023605095794701755,3.469446951953614e-18,0.04058991264771408,4.031973252473092,True,3,0.02
revision_dfm_kalman_em,exact,2024:Q4:pre_third:exact,2025-03-26,pre_third,2024:Q4,S,A,0.00938349067733479,3.469446951953614e-18,0.04058991264771408,4.031973252473092,True,3,0.02
revision_dfm_kalman_em,exact,2024:Q4:pre_third:exact,2025-03-26,pre_third,2024:Q4,S,M,0.023059852941923295,3.469446951953614e-18,0.04058991264771408,4.031973252473092,True,3,0.02
revision_dfm_kalman_em,exact,2024:Q4:pre_third:exact,2025-03-26,pre_third,2024:Q4,S,S,0.046263770829353144,3.469446951953614e-18,0.04058991264771408,4.031973252473092,True,3,0.02
revision_dfm_kalman_em,exact,2024:Q4:pre_third:exact,2025-03-26,pre_third,2024:Q4,S,T,0.02278632569663153,3.469446951953614e-18,0.04058991264771408,4.031973252473092,True,3,0.02
revision_dfm_kalman_em,exact,2024:Q4:pre_third:exact,2025-03-26,pre_third,2024:Q4,T,A,0.007229693833297185,3.469446951953614e-18,0.04058991264771408,4.031973252473092,True,3,0.02
revision_dfm_kalman_em,exact,2024:Q4:pre_third:exact,2025-03-26,pre_third,2024:Q4,T,M,0.023605095794701755,3.469446951953614e-18,0.04058991264771408,4.031973252473092,True,3,0.02
revision_dfm_kalman_em,exact,2024:Q4:pre_third:exact,2025-03-26,pre_third,2024:Q4,T,S,0.02278632569663153,3.469446951953614e-18,0.04058991264771408,4.031973252473092,True,3,0.02
revision_dfm_kalman_em,exact,2024:Q4:pre_third:exact,2025-03-26,pre_third,2024:Q4,T,T,0.13918532877155226,3.469446951953614e-18,0.04058991264771408,4.031973252473092,True,3,0.02
indicator_revision_only_dfm_kalman_em,pseudo,2024:Q4:pre_third:pseudo,2025-03-31,pre_third,2024:Q4,A,A,0.39912676768335814,0.0,0.027575765565147237,4.029457940226637,True,3,0.02
indicator_revision_only_dfm_kalman_em,pseudo,2024:Q4:pre_third:pseudo,2025-03-31,pre_third,2024:Q4,A,M,0.014650068524362942,0.0,0.027575765565147237,4.029457940226637,True,3,0.02
indicator_revision_only_dfm_kalman_em,pseudo,2024:Q4:pre_third:pseudo,2025-03-31,pre_third,2024:Q4,A,S,0.014650068524362942,0.0,0.027575765565147237,4.029457940226637,True,3,0.02
indicator_revision_only_dfm_kalman_em,pseudo,2024:Q4:pre_third:pseudo,2025-03-31,pre_third,2024:Q4,A,T,0.014650068524362942,0.0,0.027575765565147237,4.029457940226637,True,3,0.02
indicator_revision_only_dfm_kalman_em,pseudo,2024:Q4:pre_third:pseudo,2025-03-31,pre_third,2024:Q4,M,A,0.014650068524362942,0.0,0.027575765565147237,4.029457940226637,True,3,0.02
indicator_revision_only_dfm_kalman_em,pseudo,2024:Q4:pre_third:pseudo,2025-03-31,pre_third,2024:Q4,M,M,4.029288669868665,0.0,0.027575765565147237,4.029457940226637,True,3,0.02
indicator_revision_only_dfm_kalman_em,pseudo,2024:Q4:pre_third:pseudo,2025-03-31,pre_third,2024:Q4,M,S,0.014650068524362942,0.0,0.027575765565147237,4.029457940226637,True,3,0.02
indicator_revision_only_dfm_kalman_em,pseudo,2024:Q4:pre_third:pseudo,2025-03-31,pre_third,2024:Q4,M,T,0.014650068524362942,0.0,0.027575765565147237,4.029457940226637,True,3,0.02
indicator_revision_only_dfm_kalman_em,pseudo,2024:Q4:pre_third:pseudo,2025-03-31,pre_third,2024:Q4,S,A,0.014650068524362942,0.0,0.027575765565147237,4.029457940226637,True,3,0.02
indicator_revision_only_dfm_kalman_em,pseudo,2024:Q4:pre_third:pseudo,2025-03-31,pre_third,2024:Q4,S,M,0.014650068524362942,0.0,0.027575765565147237,4.029457940226637,True,3,0.02
indicator_revision_only_dfm_kalman_em,pseudo,2024:Q4:pre_third:pseudo,2025-03-31,pre_third,2024:Q4,S,S,0.02994648475390113,0.0,0.027575765565147237,4.029457940226637,True,3,0.02
indicator_revision_only_dfm_kalman_em,pseudo,2024:Q4:pre_third:pseudo,2025-03-31,pre_third,2024:Q4,S,T,0.014650068524362942,0.0,0.027575765565147237,4.029457940226637,True,3,0.02
indicator_revision_only_dfm_kalman_em,pseudo,2024:Q4:pre_third:pseudo,2025-03-31,pre_third,2024:Q4,T,A,0.014650068524362942,0.0,0.027575765565147237,4.029457940226637,True,3,0.02
indicator_revision_only_dfm_kalman_em,pseudo,2024:Q4:pre_third:pseudo,2025-03-31,pre_third,2024:Q4,T,M,0.014650068524362942,0.0,0.027575765565147237,4.029457940226637,True,3,0.02
indicator_revision_only_dfm_kalman_em,pseudo,2024:Q4:pre_third:pseudo,2025-03-31,pre_third,2024:Q4,T,S,0.014650068524362942,0.0,0.027575765565147237,4.029457940226637,True,3,0.02
indicator_revision_only_dfm_kalman_em,pseudo,2024:Q4:pre_third:pseudo,2025-03-31,pre_third,2024:Q4,T,T,0.14098381198908883,0.0,0.027575765565147237,4.029457940226637,True,3,0.02
joint_indicator_revision_dfm_full_kalman_em,pseudo,2024:Q4:pre_third:pseudo,2025-03-31,pre_third,2024:Q4,A,A,0.239374723659737,1.734723475976807e-18,0.03218999367832021,4.0384522258632805,True,3,0.02
joint_indicator_revision_dfm_full_kalman_em,pseudo,2024:Q4:pre_third:pseudo,2025-03-31,pre_third,2024:Q4,A,M,0.007490693851789811,1.734723475976807e-18,0.03218999367832021,4.0384522258632805,True,3,0.02
joint_indicator_revision_dfm_full_kalman_em,pseudo,2024:Q4:pre_third:pseudo,2025-03-31,pre_third,2024:Q4,A,S,0.010149761589808164,1.734723475976807e-18,0.03218999367832021,4.0384522258632805,True,3,0.02
joint_indicator_revision_dfm_full_kalman_em,pseudo,2024:Q4:pre_third:pseudo,2025-03-31,pre_third,2024:Q4,A,T,0.008554320946997153,1.734723475976807e-18,0.03218999367832021,4.0384522258632805,True,3,0.02
joint_indicator_revision_dfm_full_kalman_em,pseudo,2024:Q4:pre_third:pseudo,2025-03-31,pre_third,2024:Q4,M,A,0.007490693851789811,1.734723475976807e-18,0.03218999367832021,4.0384522258632805,True,3,0.02
joint_indicator_revision_dfm_full_kalman_em,pseudo,2024:Q4:pre_third:pseudo,2025-03-31,pre_third,2024:Q4,M,M,4.038275964918187,1.734723475976807e-18,0.03218999367832021,4.0384522258632805,True,3,0.02
joint_indicator_revision_dfm_full_kalman_em,pseudo,2024:Q4:pre_third:pseudo,2025-03-31,pre_third,2024:Q4,M,S,0.017639677909167487,1.734723475976807e-18,0.03218999367832021,4.0384522258632805,True,3,0.02
joint_indicator_revision_dfm_full_kalman_em,pseudo,2024:Q4:pre_third:pseudo,2025-03-31,pre_third,2024:Q4,M,T,0.01796017214255836,1.734723475976807e-18,0.03218999367832021,4.0384522258632805,True,3,0.02
joint_indicator_revision_dfm_full_kalman_em,pseudo,2024:Q4:pre_third:pseudo,2025-03-31,pre_third,2024:Q4,S,A,0.010149761589808163,1.734723475976807e-18,0.03218999367832021,4.0384522258632805,True,3,0.02
joint_indicator_revision_dfm_full_kalman_em,pseudo,2024:Q4:pre_third:pseudo,2025-03-31,pre_third,2024:Q4,S,M,0.017639677909167487,1.734723475976807e-18,0.03218999367832021,4.0384522258632805,True,3,0.02
joint_indicator_revision_dfm_full_kalman_em,pseudo,2024:Q4:pre_third:pseudo,2025-03-31,pre_third,2024:Q4,S,S,0.03548895184991969,1.734723475976807e-18,0.03218999367832021,4.0384522258632805,True,3,0.02
joint_indicator_revision_dfm_full_kalman_em,pseudo,2024:Q4:pre_third:pseudo,2025-03-31,pre_third,2024:Q4,S,T,0.0174898795827803,1.734723475976807e-18,0.03218999367832021,4.0384522258632805,True,3,0.02
joint_indicator_revision_dfm_full_kalman_em,pseudo,2024:Q4:pre_third:pseudo,2025-03-31,pre_third,2024:Q4,T,A,0.008554320946997152,1.734723475976807e-18,0.03218999367832021,4.0384522258632805,True,3,0.02
joint_indicator_revision_dfm_full_kalman_em,pseudo,2024:Q4:pre_third:pseudo,2025-03-31,pre_third,2024:Q4,T,M,0.01796017214255836,1.734723475976807e-18,0.03218999367832021,4.0384522258632805,True,3,0.02
joint_indicator_revision_dfm_full_kalman_em,pseudo,2024:Q4:pre_third:pseudo,2025-03-31,pre_third,2024:Q4,T,S,0.0174898795827803,1.734723475976807e-18,0.03218999367832021,4.0384522258632805,True,3,0.02
joint_indicator_revision_dfm_full_kalman_em,pseudo,2024:Q4:pre_third:pseudo,2025-03-31,pre_third,2024:Q4,T,T,0.13852234966359295,1.734723475976807e-18,0.03218999367832021,4.0384522258632805,True,3,0.02
monthly_mixed_frequency_kalman_em,pseudo,2024:Q4:pre_third:pseudo,2025-03-31,pre_third,2024:Q4,A,A,0.29561128778430634,0.0,0.057340349915162465,4.20212982635801,True,3,0.02
monthly_mixed_frequency_kalman_em,pseudo,2024:Q4:pre_third:pseudo,2025-03-31,pre_third,2024:Q4,A,M,-0.03940795321295671,0.0,0.057340349915162465,4.20212982635801,True,3,0.02
monthly_mixed_frequency_kalman_em,pseudo,2024:Q4:pre_third:pseudo,2025-03-31,pre_third,2024:Q4,A,S,0.029573353189357977,0.0,0.057340349915162465,4.20212982635801,True,3,0.02
monthly_mixed_frequency_kalman_em,pseudo,2024:Q4:pre_third:pseudo,2025-03-31,pre_third,2024:Q4,A,T,-0.008052813939177308,0.0,0.057340349915162465,4.20212982635801,True,3,0.02
monthly_mixed_frequency_kalman_em,pseudo,2024:Q4:pre_third:pseudo,2025-03-31,pre_third,2024:Q4,M,A,-0.03940795321295671,0.0,0.057340349915162465,4.20212982635801,True,3,0.02
monthly_mixed_frequency_kalman_em,pseudo,2024:Q4:pre_third:pseudo,2025-03-31,pre_third,2024:Q4,M,M,4.196710177914756,0.0,0.057340349915162465,4.20212982635801,True,3,0.02
monthly_mixed_frequency_kalman_em,pseudo,2024:Q4:pre_third:pseudo,2025-03-31,pre_third,2024:Q4,M,S,0.06126388656919876,0.0,0.057340349915162465,4.20212982635801,True,3,0.02
monthly_mixed_frequency_kalman_em,pseudo,2024:Q4:pre_third:pseudo,2025-03-31,pre_third,2024:Q4,M,T,0.1283784464239691,0.0,0.057340349915162465,4.20212982635801,True,3,0.02
monthly_mixed_frequency_kalman_em,pseudo,2024:Q4:pre_third:pseudo,2025-03-31,pre_third,2024:Q4,S,A,0.029573353189357977,0.0,0.057340349915162465,4.20212982635801,True,3,0.02
monthly_mixed_frequency_kalman_em,pseudo,2024:Q4:pre_third:pseudo,2025-03-31,pre_third,2024:Q4,S,M,0.06126388656919876,0.0,0.057340349915162465,4.20212982635801,True,3,0.02
monthly_mixed_frequency_kalman_em,pseudo,2024:Q4:pre_third:pseudo,2025-03-31,pre_third,2024:Q4,S,S,0.09536416151603015,0.0,0.057340349915162465,4.20212982635801,True,3,0.02
monthly_mixed_frequency_kalman_em,pseudo,2024:Q4:pre_third:pseudo,2025-03-31,pre_third,2024:Q4,S,T,0.05334125322423856,0.0,0.057340349915162465,4.20212982635801,True,3,0.02
monthly_mixed_frequency_kalman_em,pseudo,2024:Q4:pre_third:pseudo,2025-03-31,pre_third,2024:Q4,T,A,-0.008052813939177308,0.0,0.057340349915162465,4.20212982635801,True,3,0.02
monthly_mixed_frequency_kalman_em,pseudo,2024:Q4:pre_third:pseudo,2025-03-31,pre_third,2024:Q4,T,M,0.1283784464239691,0.0,0.057340349915162465,4.20212982635801,True,3,0.02
monthly_mixed_frequency_kalman_em,pseudo,2024:Q4:pre_third:pseudo,2025-03-31,pre_third,2024:Q4,T,S,0.05334125322423856,0.0,0.057340349915162465,4.20212982635801,True,3,0.02
monthly_mixed_frequency_kalman_em,pseudo,2024:Q4:pre_third:pseudo,2025-03-31,pre_third,2024:Q4,T,T,0.14369513929056066,0.0,0.057340349915162465,4.20212982635801,True,3,0.02
revision_dfm_kalman_em,pseudo,2024:Q4:pre_third:pseudo,2025-03-31,pre_third,2024:Q4,A,A,0.22056249892142818,6.938893903907228e-18,0.040589789940170436,4.03197306790382,True,3,0.02
revision_dfm_kalman_em,pseudo,2024:Q4:pre_third:pseudo,2025-03-31,pre_third,2024:Q4,A,M,0.005793770394521262,6.938893903907228e-18,0.040589789940170436,4.03197306790382,True,3,0.02
revision_dfm_kalman_em,pseudo,2024:Q4:pre_third:pseudo,2025-03-31,pre_third,2024:Q4,A,S,0.009383426886505803,6.938893903907228e-18,0.040589789940170436,4.03197306790382,True,3,0.02
revision_dfm_kalman_em,pseudo,2024:Q4:pre_third:pseudo,2025-03-31,pre_third,2024:Q4,A,T,0.007229632991315079,6.938893903907228e-18,0.040589789940170436,4.03197306790382,True,3,0.02
revision_dfm_kalman_em,pseudo,2024:Q4:pre_third:pseudo,2025-03-31,pre_third,2024:Q4,M,A,0.005793770394521262,6.938893903907228e-18,0.040589789940170436,4.03197306790382,True,3,0.02
revision_dfm_kalman_em,pseudo,2024:Q4:pre_third:pseudo,2025-03-31,pre_third,2024:Q4,M,M,4.031685799467162,6.938893903907228e-18,0.040589789940170436,4.03197306790382,True,3,0.02
revision_dfm_kalman_em,pseudo,2024:Q4:pre_third:pseudo,2025-03-31,pre_third,2024:Q4,M,S,0.0230597664834109,6.938893903907228e-18,0.040589789940170436,4.03197306790382,True,3,0.02
revision_dfm_kalman_em,pseudo,2024:Q4:pre_third:pseudo,2025-03-31,pre_third,2024:Q4,M,T,0.023605008465165313,6.938893903907228e-18,0.040589789940170436,4.03197306790382,True,3,0.02
revision_dfm_kalman_em,pseudo,2024:Q4:pre_third:pseudo,2025-03-31,pre_third,2024:Q4,S,A,0.009383426886505803,6.938893903907228e-18,0.040589789940170436,4.03197306790382,True,3,0.02
revision_dfm_kalman_em,pseudo,2024:Q4:pre_third:pseudo,2025-03-31,pre_third,2024:Q4,S,M,0.0230597664834109,6.938893903907228e-18,0.040589789940170436,4.03197306790382,True,3,0.02
revision_dfm_kalman_em,pseudo,2024:Q4:pre_third:pseudo,2025-03-31,pre_third,2024:Q4,S,S,0.04626359836049479,6.938893903907228e-18,0.040589789940170436,4.03197306790382,True,3,0.02
revision_dfm_kalman_em,pseudo,2024:Q4:pre_third:pseudo,2025-03-31,pre_third,2024:Q4,S,T,0.022786239691472795,6.938893903907228e-18,0.040589789940170436,4.03197306790382,True,3,0.02
revision_dfm_kalman_em,pseudo,2024:Q4:pre_third:pseudo,2025-03-31,pre_third,2024:Q4,T,A,0.00722963299131508,6.938893903907228e-18,0.040589789940170436,4.03197306790382,True,3,0.02
revision_dfm_kalman_em,pseudo,2024:Q4:pre_third:pseudo,2025-03-31,pre_third,2024:Q4,T,M,0.023605008465165313,6.938893903907228e-18,0.040589789940170436,4.03197306790382,True,3,0.02
revision_dfm_kalman_em,pseudo,2024:Q4:pre_third:pseudo,2025-03-31,pre_third,2024:Q4,T,S,0.022786239691472802,6.938893903907228e-18,0.040589789940170436,4.03197306790382,True,3,0.02
revision_dfm_kalman_em,pseudo,2024:Q4:pre_third:pseudo,2025-03-31,pre_third,2024:Q4,T,T,0.13918536843150917,6.938893903907228e-18,0.040589789940170436,4.03197306790382,True,3,0.02
