model_id,timing_mode,forecast_origin,forecast_origin_date,checkpoint_id,target_quarter,row_release,column_release,covariance,matrix_max_asymmetry,matrix_min_eigenvalue,matrix_max_eigenvalue,matrix_psd_flag,initialization_seed,initialization_jitter
indicator_revision_only_dfm_kalman_em,exact,2022:Q1:pre_advance:exact,2022-04-27,pre_advance,2022:Q1,A,A,2.8554245520566397,0.0,0.06688276315416875,11.323293894159852,True,5,0.02
indicator_revision_only_dfm_kalman_em,exact,2022:Q1:pre_advance:exact,2022-04-27,pre_advance,2022:Q1,A,M,2.4540760792386918,0.0,0.06688276315416875,11.323293894159852,True,5,0.02
indicator_revision_only_dfm_kalman_em,exact,2022:Q1:pre_advance:exact,2022-04-27,pre_advance,2022:Q1,A,S,2.4540760792386918,0.0,0.06688276315416875,11.323293894159852,True,5,0.02
indicator_revision_only_dfm_kalman_em,exact,2022:Q1:pre_advance:exact,2022-04-27,pre_advance,2022:Q1,A,T,2.4540760792386918,0.0,0.06688276315416875,11.323293894159852,True,5,0.02
indicator_revision_only_dfm_kalman_em,exact,2022:Q1:pre_advance:exact,2022-04-27,pre_advance,2022:Q1,M,A,2.4540760792386918,0.0,0.06688276315416875,11.323293894159852,True,5,0.02
indicator_revision_only_dfm_kalman_em,exact,2022:Q1:pre_advance:exact,2022-04-27,pre_advance,2022:Q1,M,M,6.539187479403225,0.0,0.06688276315416875,11.323293894159852,True,5,0.02
indicator_revision_only_dfm_kalman_em,exact,2022:Q1:pre_advance:exact,2022-04-27,pre_advance,2022:Q1,M,S,2.4540760792386918,0.0,0.06688276315416875,11.323293894159852,True,5,0.02
indicator_revision_only_dfm_kalman_em,exact,2022:Q1:pre_advance:exact,2022-04-27,pre_advance,2022:Q1,M,T,2.4540760792386918,0.0,0.06688276315416875,11.323293894159852,True,5,0.02
indicator_revision_only_dfm_kalman_em,exact,2022:Q1:pre_advance:exact,2022-04-27,pre_advance,2022:Q1,S,A,2.4540760792386918,0.0,0.06688276315416875,11.323293894159852,True,5,0.02
indicator_revision_only_dfm_kalman_em,exact,2022:Q1:pre_advance:exact,2022-04-27,pre_advance,2022:Q1,S,M,2.4540760792386918,0.0,0.06688276315416875,11.323293894159852,True,5,0.02
indicator_revision_only_dfm_kalman_em,exact,2022:Q1:pre_advance:exact,2022-04-27,pre_advance,2022:Q1,S,S,2.4706116214315674,0.0,0.06688276315416875,11.323293894159852,True,5,0.02
indicator_revision_only_dfm_kalman_em,exact,2022:Q1:pre_advance:exact,2022-04-27,pre_advance,2022:Q1,S,T,2.4540760792386918,0.0,0.06688276315416875,11.323293894159852,True,5,0.02
indicator_revision_only_dfm_kalman_em,exact,2022:Q1:pre_advance:exact,2022-04-27,pre_advance,2022:Q1,T,A,2.4540760792386918,0.0,0.06688276315416875,11.323293894159852,True,5,0.02
indicator_revision_only_dfm_kalman_em,exact,2022:Q1:pre_advance:exact,2022-04-27,pre_advance,2022:Q1,T,M,2.4540760792386918,0.0,0.06688276315416875,11.323293894159852,True,5,0.02
indicator_revision_only_dfm_kalman_em,exact,2022:Q1:pre_advance:exact,2022-04-27,pre_advance,2022:Q1,T,S,2.4540760792386918,0.0,0.06688276315416875,11.323293894159852,True,5,0.02
indicator_revision_only_dfm_kalman_em,exact,2022:Q1:pre_advance:exact,2022-04-27,pre_advance,2022:Q1,T,T,2.5826268061332374,0.0,0.06688276315416875,11.323293894159852,True,5,0.02
joint_indicator_revision_dfm_full_kalman_em,exact,2022:Q1:pre_advance:exact,2022-04-27,pre_advance,2022:Q1,A,A,2.038828709073886,0.0,0.0644882125386439,11.13841730091784,True,5,0.02
joint_indicator_revision_dfm_full_kalman_em,exact,2022:Q1:pre_advance:exact,2022-04-27,pre_advance,2022:Q1,A,M,2.1441388157322074,0.0,0.0644882125386439,11.13841730091784,True,5,0.02
joint_indicator_revision_dfm_full_kalman_em,exact,2022:Q1:pre_advance:exact,2022-04-27,pre_advance,2022:Q1,A,S,2.1322781597033336,0.0,0.0644882125386439,11.13841730091784,True,5,0.02
joint_indicator_revision_dfm_full_kalman_em,exact,2022:Q1:pre_advance:exact,2022-04-27,pre_advance,2022:Q1,A,T,2.1393945533206575,0.0,0.0644882125386439,11.13841730091784,True,5,0.02
joint_indicator_revision_dfm_full_kalman_em,exact,2022:Q1:pre_advance:exact,2022-04-27,pre_advance,2022:Q1,M,A,2.1441388157322074,0.0,0.0644882125386439,11.13841730091784,True,5,0.02
joint_indicator_revision_dfm_full_kalman_em,exact,2022:Q1:pre_advance:exact,2022-04-27,pre_advance,2022:Q1,M,M,6.708460325849778,0.0,0.0644882125386439,11.13841730091784,True,5,0.02
joint_indicator_revision_dfm_full_kalman_em,exact,2022:Q1:pre_advance:exact,2022-04-27,pre_advance,2022:Q1,M,S,2.590877204062435,0.0,0.0644882125386439,11.13841730091784,True,5,0.02
joint_indicator_revision_dfm_full_kalman_em,exact,2022:Q1:pre_advance:exact,2022-04-27,pre_advance,2022:Q1,M,T,2.6049847321149686,0.0,0.0644882125386439,11.13841730091784,True,5,0.02
joint_indicator_revision_dfm_full_kalman_em,exact,2022:Q1:pre_advance:exact,2022-04-27,pre_advance,2022:Q1,S,A,2.1322781597033336,0.0,0.0644882125386439,11.13841730091784,True,5,0.02
joint_indicator_revision_dfm_full_kalman_em,exact,2022:Q1:pre_advance:exact,2022-04-27,pre_advance,2022:Q1,S,M,2.590877204062435,0.0,0.0644882125386439,11.13841730091784,True,5,0.02
joint_indicator_revision_dfm_full_kalman_em,exact,2022:Q1:pre_advance:exact,2022-04-27,pre_advance,2022:Q1,S,S,2.5873620517922,0.0,0.0644882125386439,11.13841730091784,True,5,0.02
joint_indicator_revision_dfm_full_kalman_em,exact,2022:Q1:pre_advance:exact,2022-04-27,pre_advance,2022:Q1,S,T,2.581705223175253,0.0,0.0644882125386439,11.13841730091784,True,5,0.02
joint_indicator_revision_dfm_full_kalman_em,exact,2022:Q1:pre_advance:exact,2022-04-27,pre_advance,2022:Q1,T,A,2.1393945533206575,0.0,0.0644882125386439,11.13841730091784,True,5,0.02
joint_indicator_revision_dfm_full_kalman_em,exact,2022:Q1:pre_advance:exact,2022-04-27,pre_advance,2022:Q1,T,M,2.6049847321149686,0.0,0.0644882125386439,11.13841730091784,True,5,0.02
joint_indicator_revision_dfm_full_kalman_em,exact,2022:Q1:pre_advance:exact,2022-04-27,pre_advance,2022:Q1,T,S,2.581705223175253,0.0,0.0644882125386439,11.13841730091784,True,5,0.02
joint_indicator_revision_dfm_full_kalman_em,exact,2022:Q1:pre_advance:exact,2022-04-27,pre_advance,2022:Q1,T,T,2.7177749332666794,0.0,0.0644882125386439,11.13841730091784,True,5,0.02
monthly_mixed_frequency_kalman_em,exact,2022:Q1:pre_advance:exact,2022-04-27,pre_advance,2022:Q1,A,A,4.014426515724943,0.0,0.061541977127380486,16.81658684154338,True,5,0.02
monthly_mixed_frequency_kalman_em,exact,2022:Q1:pre_advance:exact,2022-04-27,pre_advance,2022:Q1,A,M,3.7215243046610493,0.0,0.061541977127380486,16.81658684154338,True,5,0.02
monthly_mixed_frequency_kalman_em,exact,2022:Q1:pre_advance:exact,2022-04-27,pre_advance,2022:Q1,A,S,3.757366719318494,0.0,0.061541977127380486,16.81658684154338,True,5,0.02
monthly_mixed_frequency_kalman_em,exact,2022:Q1:pre_advance:exact,2022-04-27,pre_advance,2022:Q1,A,T,3.737816311323524,0.0,0.061541977127380486,16.81658684154338,True,5,0.02
monthly_mixed_frequency_kalman_em,exact,2022:Q1:pre_advance:exact,2022-04-27,pre_advance,2022:Q1,M,A,3.7215243046610493,0.0,0.061541977127380486,16.81658684154338,True,5,0.02
monthly_mixed_frequency_kalman_em,exact,2022:Q1:pre_advance:exact,2022-04-27,pre_advance,2022:Q1,M,M,8.239777308263966,0.0,0.061541977127380486,16.81658684154338,True,5,0.02
monthly_mixed_frequency_kalman_em,exact,2022:Q1:pre_advance:exact,2022-04-27,pre_advance,2022:Q1,M,S,3.9035341710006874,0.0,0.061541977127380486,16.81658684154338,True,5,0.02
monthly_mixed_frequency_kalman_em,exact,2022:Q1:pre_advance:exact,2022-04-27,pre_advance,2022:Q1,M,T,4.024874081893779,0.0,0.061541977127380486,16.81658684154338,True,5,0.02
monthly_mixed_frequency_kalman_em,exact,2022:Q1:pre_advance:exact,2022-04-27,pre_advance,2022:Q1,S,A,3.757366719318494,0.0,0.061541977127380486,16.81658684154338,True,5,0.02
monthly_mixed_frequency_kalman_em,exact,2022:Q1:pre_advance:exact,2022-04-27,pre_advance,2022:Q1,S,M,3.9035341710006874,0.0,0.061541977127380486,16.81658684154338,True,5,0.02
monthly_mixed_frequency_kalman_em,exact,2022:Q1:pre_advance:exact,2022-04-27,pre_advance,2022:Q1,S,S,3.8749855954055654,0.0,0.061541977127380486,16.81658684154338,True,5,0.02
monthly_mixed_frequency_kalman_em,exact,2022:Q1:pre_advance:exact,2022-04-27,pre_advance,2022:Q1,S,T,3.866992308080139,0.0,0.061541977127380486,16.81658684154338,True,5,0.02
monthly_mixed_frequency_kalman_em,exact,2022:Q1:pre_advance:exact,2022-04-27,pre_advance,2022:Q1,T,A,3.737816311323524,0.0,0.061541977127380486,16.81658684154338,True,5,0.02
monthly_mixed_frequency_kalman_em,exact,2022:Q1:pre_advance:exact,2022-04-27,pre_advance,2022:Q1,T,M,4.024874081893779,0.0,0.061541977127380486,16.81658684154338,True,5,0.02
monthly_mixed_frequency_kalman_em,exact,2022:Q1:pre_advance:exact,2022-04-27,pre_advance,2022:Q1,T,S,3.866992308080139,0.0,0.061541977127380486,16.81658684154338,True,5,0.02
monthly_mixed_frequency_kalman_em,exact,2022:Q1:pre_advance:exact,2022-04-27,pre_advance,2022:Q1,T,T,4.003913740543081,0.0,0.061541977127380486,16.81658684154338,True,5,0.02
revision_dfm_kalman_em,exact,2022:Q1:pre_advance:exact,2022-04-27,pre_advance,2022:Q1,A,A,2.6667561493726253,0.0,0.06727273496744984,13.624124071310785,True,5,0.02
revision_dfm_kalman_em,exact,2022:Q1:pre_advance:exact,2022-04-27,pre_advance,2022:Q1,A,M,2.7758896930932035,0.0,0.06727273496744984,13.624124071310785,True,5,0.02
revision_dfm_kalman_em,exact,2022:Q1:pre_advance:exact,2022-04-27,pre_advance,2022:Q1,A,S,2.763205550696003,0.0,0.06727273496744984,13.624124071310785,True,5,0.02
revision_dfm_kalman_em,exact,2022:Q1:pre_advance:exact,2022-04-27,pre_advance,2022:Q1,A,T,2.7708160361343235,0.0,0.06727273496744984,13.624124071310785,True,5,0.02
revision_dfm_kalman_em,exact,2022:Q1:pre_advance:exact,2022-04-27,pre_advance,2022:Q1,M,A,2.7758896930932035,0.0,0.06727273496744984,13.624124071310785,True,5,0.02
revision_dfm_kalman_em,exact,2022:Q1:pre_advance:exact,2022-04-27,pre_advance,2022:Q1,M,M,7.361973792258874,0.0,0.06727273496744984,13.624124071310785,True,5,0.02
revision_dfm_kalman_em,exact,2022:Q1:pre_advance:exact,2022-04-27,pre_advance,2022:Q1,M,S,3.2574966998673784,0.0,0.06727273496744984,13.624124071310785,True,5,0.02
revision_dfm_kalman_em,exact,2022:Q1:pre_advance:exact,2022-04-27,pre_advance,2022:Q1,M,T,3.272705342186563,0.0,0.06727273496744984,13.624124071310785,True,5,0.02
revision_dfm_kalman_em,exact,2022:Q1:pre_advance:exact,2022-04-27,pre_advance,2022:Q1,S,A,2.763205550696003,0.0,0.06727273496744984,13.624124071310785,True,5,0.02
revision_dfm_kalman_em,exact,2022:Q1:pre_advance:exact,2022-04-27,pre_advance,2022:Q1,S,M,3.2574966998673784,0.0,0.06727273496744984,13.624124071310785,True,5,0.02
revision_dfm_kalman_em,exact,2022:Q1:pre_advance:exact,2022-04-27,pre_advance,2022:Q1,S,S,3.260688374560031,0.0,0.06727273496744984,13.624124071310785,True,5,0.02
revision_dfm_kalman_em,exact,2022:Q1:pre_advance:exact,2022-04-27,pre_advance,2022:Q1,S,T,3.247610876883951,0.0,0.06727273496744984,13.624124071310785,True,5,0.02
revision_dfm_kalman_em,exact,2022:Q1:pre_advance:exact,2022-04-27,pre_advance,2022:Q1,T,A,2.7708160361343235,0.0,0.06727273496744984,13.624124071310785,True,5,0.02
revision_dfm_kalman_em,exact,2022:Q1:pre_advance:exact,2022-04-27,pre_advance,2022:Q1,T,M,3.272705342186563,0.0,0.06727273496744984,13.624124071310785,True,5,0.02
revision_dfm_kalman_em,exact,2022:Q1:pre_advance:exact,2022-04-27,pre_advance,2022:Q1,T,S,3.247610876883951,0.0,0.06727273496744984,13.624124071310785,True,5,0.02
revision_dfm_kalman_em,exact,2022:Q1:pre_advance:exact,2022-04-27,pre_advance,2022:Q1,T,T,3.3779834948790395,0.0,0.06727273496744984,13.624124071310785,True,5,0.02
indicator_revision_only_dfm_kalman_em,pseudo,2022:Q1:pre_advance:pseudo,2022-04-30,pre_advance,2022:Q1,A,A,2.855255756542507,0.0,0.0668828432572047,11.322648244848835,True,5,0.02
indicator_revision_only_dfm_kalman_em,pseudo,2022:Q1:pre_advance:pseudo,2022-04-30,pre_advance,2022:Q1,A,M,2.4539079641156034,0.0,0.0668828432572047,11.322648244848835,True,5,0.02
indicator_revision_only_dfm_kalman_em,pseudo,2022:Q1:pre_advance:pseudo,2022-04-30,pre_advance,2022:Q1,A,S,2.4539079641156034,0.0,0.0668828432572047,11.322648244848835,True,5,0.02
indicator_revision_only_dfm_kalman_em,pseudo,2022:Q1:pre_advance:pseudo,2022-04-30,pre_advance,2022:Q1,A,T,2.4539079641156034,0.0,0.0668828432572047,11.322648244848835,True,5,0.02
indicator_revision_only_dfm_kalman_em,pseudo,2022:Q1:pre_advance:pseudo,2022-04-30,pre_advance,2022:Q1,M,A,2.4539079641156034,0.0,0.0668828432572047,11.322648244848835,True,5,0.02
indicator_revision_only_dfm_kalman_em,pseudo,2022:Q1:pre_advance:pseudo,2022-04-30,pre_advance,2022:Q1,M,M,6.539018325367351,0.0,0.0668828432572047,11.322648244848835,True,5,0.02
indicator_revision_only_dfm_kalman_em,pseudo,2022:Q1:pre_advance:pseudo,2022-04-30,pre_advance,2022:Q1,M,S,2.4539079641156034,0.0,0.0668828432572047,11.322648244848835,True,5,0.02
indicator_revision_only_dfm_kalman_em,pseudo,2022:Q1:pre_advance:pseudo,2022-04-30,pre_advance,2022:Q1,M,T,2.4539079641156034,0.0,0.0668828432572047,11.322648244848835,True,5,0.02
indicator_revision_only_dfm_kalman_em,pseudo,2022:Q1:pre_advance:pseudo,2022-04-30,pre_advance,2022:Q1,S,A,2.4539079641156034,0.0,0.0668828432572047,11.322648244848835,True,5,0.02
indicator_revision_only_dfm_kalman_em,pseudo,2022:Q1:pre_advance:pseudo,2022-04-30,pre_advance,2022:Q1,S,M,2.4539079641156034,0.0,0.0668828432572047,11.322648244848835,True,5,0.02
indicator_revision_only_dfm_kalman_em,pseudo,2022:Q1:pre_advance:pseudo,2022-04-30,pre_advance,2022:Q1,S,S,2.4704437443597613,0.0,0.0668828432572047,11.322648244848835,True,5,0.02
indicator_revision_only_dfm_kalman_em,pseudo,2022:Q1:pre_advance:pseudo,2022-04-30,pre_advance,2022:Q1,S,T,2.4539079641156034,0.0,0.0668828432572047,11.322648244848835,True,5,0.02
indicator_revision_only_dfm_kalman_em,pseudo,2022:Q1:pre_advance:pseudo,2022-04-30,pre_advance,2022:Q1,T,A,2.4539079641156034,0.0,0.0668828432572047,11.322648244848835,True,5,0.02
indicator_revision_only_dfm_kalman_em,pseudo,2022:Q1:pre_advance:pseudo,2022-04-30,pre_advance,2022:Q1,T,M,2.4539079641156034,0.0,0.0668828432572047,11.322648244848835,True,5,0.02
indicator_revision_only_dfm_kalman_em,pseudo,2022:Q1:pre_advance:pseudo,2022-04-30,pre_advance,2022:Q1,T,S,2.4539079641156034,0.0,0.0668828432572047,11.322648244848835,True,5,0.02
indicator_revision_only_dfm_kalman_em,pseudo,2022:Q1:pre_advance:pseudo,2022-04-30,pre_advance,2022:Q1,T,T,2.582458666429539,0.0,0.0668828432572047,11.322648244848835,True,5,0.02
joint_indicator_revision_dfm_full_kalman_em,pseudo,2022:Q1:pre_advance:pseudo,2022-04-30,pre_advance,2022:Q1,A,A,2.038574002835454,4.440892098500626e-16,0.06448739503369279,11.137560077049319,True,5,0.02
joint_indicator_revision_dfm_full_kalman_em,pseudo,2022:Q1:pre_advance:pseudo,2022-04-30,pre_advance,2022:Q1,A,M,2.143903964466147,4.440892098500626e-16,0.06448739503369279,11.137560077049319,True,5,0.02
joint_indicator_revision_dfm_full_kalman_em,pseudo,2022:Q1:pre_advance:pseudo,2022-04-30,pre_advance,2022:Q1,A,S,2.132044672417808,4.440892098500626e-16,0.06448739503369279,11.137560077049319,True,5,0.02
joint_indicator_revision_dfm_full_kalman_em,pseudo,2022:Q1:pre_advance:pseudo,2022-04-30,pre_advance,2022:Q1,A,T,2.139160247646812,4.440892098500626e-16,0.06448739503369279,11.137560077049319,True,5,0.02
joint_indicator_revision_dfm_full_kalman_em,pseudo,2022:Q1:pre_advance:pseudo,2022-04-30,pre_advance,2022:Q1,M,A,2.143903964466147,4.440892098500626e-16,0.06448739503369279,11.137560077049319,True,5,0.02
joint_indicator_revision_dfm_full_kalman_em,pseudo,2022:Q1:pre_advance:pseudo,2022-04-30,pre_advance,2022:Q1,M,M,6.708238155596271,4.440892098500626e-16,0.06448739503369279,11.137560077049319,True,5,0.02
joint_indicator_revision_dfm_full_kalman_em,pseudo,2022:Q1:pre_advance:pseudo,2022-04-30,pre_advance,2022:Q1,M,S,2.5906529029999863,4.440892098500626e-16,0.06448739503369279,11.137560077049319,True,5,0.02
joint_indicator_revision_dfm_full_kalman_em,pseudo,2022:Q1:pre_advance:pseudo,2022-04-30,pre_advance,2022:Q1,M,T,2.604760764216844,4.440892098500626e-16,0.06448739503369279,11.137560077049319,True,5,0.02
joint_indicator_revision_dfm_full_kalman_em,pseudo,2022:Q1:pre_advance:pseudo,2022-04-30,pre_advance,2022:Q1,S,A,2.1320446724178086,4.440892098500626e-16,0.06448739503369279,11.137560077049319,True,5,0.02
joint_indicator_revision_dfm_full_kalman_em,pseudo,2022:Q1:pre_advance:pseudo,2022-04-30,pre_advance,2022:Q1,S,M,2.5906529029999863,4.440892098500626e-16,0.06448739503369279,11.137560077049319,True,5,0.02
joint_indicator_revision_dfm_full_kalman_em,pseudo,2022:Q1:pre_advance:pseudo,2022-04-30,pre_advance,2022:Q1,S,S,2.58713672410243,4.440892098500626e-16,0.06448739503369279,11.137560077049319,True,5,0.02
joint_indicator_revision_dfm_full_kalman_em,pseudo,2022:Q1:pre_advance:pseudo,2022-04-30,pre_advance,2022:Q1,S,T,2.5814807383883425,4.440892098500626e-16,0.06448739503369279,11.137560077049319,True,5,0.02
joint_indicator_revision_dfm_full_kalman_em,pseudo,2022:Q1:pre_advance:pseudo,2022-04-30,pre_advance,2022:Q1,T,A,2.139160247646812,4.440892098500626e-16,0.06448739503369279,11.137560077049319,True,5,0.02
joint_indicator_revision_dfm_full_kalman_em,pseudo,2022:Q1:pre_advance:pseudo,2022-04-30,pre_advance,2022:Q1,T,M,2.604760764216844,4.440892098500626e-16,0.06448739503369279,11.137560077049319,True,5,0.02
joint_indicator_revision_dfm_full_kalman_em,pseudo,2022:Q1:pre_advance:pseudo,2022-04-30,pre_advance,2022:Q1,T,S,2.5814807383883425,4.440892098500626e-16,0.06448739503369279,11.137560077049319,True,5,0.02
joint_indicator_revision_dfm_full_kalman_em,pseudo,2022:Q1:pre_advance:pseudo,2022-04-30,pre_advance,2022:Q1,T,T,2.7175509234731514,4.440892098500626e-16,0.06448739503369279,11.137560077049319,True,5,0.02
monthly_mixed_frequency_kalman_em,pseudo,2022:Q1:pre_advance:pseudo,2022-04-30,pre_advance,2022:Q1,A,A,4.014238510924995,0.0,0.061541647913422745,16.816086312462648,True,5,0.02
monthly_mixed_frequency_kalman_em,pseudo,2022:Q1:pre_advance:pseudo,2022-04-30,pre_advance,2022:Q1,A,M,3.7213832838085144,0.0,0.061541647913422745,16.816086312462648,True,5,0.02
monthly_mixed_frequency_kalman_em,pseudo,2022:Q1:pre_advance:pseudo,2022-04-30,pre_advance,2022:Q1,A,S,3.7571999794267286,0.0,0.061541647913422745,16.816086312462648,True,5,0.02
monthly_mixed_frequency_kalman_em,pseudo,2022:Q1:pre_advance:pseudo,2022-04-30,pre_advance,2022:Q1,A,T,3.737663599998612,0.0,0.061541647913422745,16.816086312462648,True,5,0.02
monthly_mixed_frequency_kalman_em,pseudo,2022:Q1:pre_advance:pseudo,2022-04-30,pre_advance,2022:Q1,M,A,3.7213832838085144,0.0,0.061541647913422745,16.816086312462648,True,5,0.02
monthly_mixed_frequency_kalman_em,pseudo,2022:Q1:pre_advance:pseudo,2022-04-30,pre_advance,2022:Q1,M,M,8.239703162048242,0.0,0.061541647913422745,16.816086312462648,True,5,0.02
monthly_mixed_frequency_kalman_em,pseudo,2022:Q1:pre_advance:pseudo,2022-04-30,pre_advance,2022:Q1,M,S,3.9034196944970145,0.0,0.061541647913422745,16.816086312462648,True,5,0.02
monthly_mixed_frequency_kalman_em,pseudo,2022:Q1:pre_advance:pseudo,2022-04-30,pre_advance,2022:Q1,M,T,4.024777301622682,0.0,0.061541647913422745,16.816086312462648,True,5,0.02
monthly_mixed_frequency_kalman_em,pseudo,2022:Q1:pre_advance:pseudo,2022-04-30,pre_advance,2022:Q1,S,A,3.7571999794267286,0.0,0.061541647913422745,16.816086312462648,True,5,0.02
monthly_mixed_frequency_kalman_em,pseudo,2022:Q1:pre_advance:pseudo,2022-04-30,pre_advance,2022:Q1,S,M,3.9034196944970145,0.0,0.061541647913422745,16.816086312462648,True,5,0.02
monthly_mixed_frequency_kalman_em,pseudo,2022:Q1:pre_advance:pseudo,2022-04-30,pre_advance,2022:Q1,S,S,3.8748425607952006,0.0,0.061541647913422745,16.816086312462648,True,5,0.02
monthly_mixed_frequency_kalman_em,pseudo,2022:Q1:pre_advance:pseudo,2022-04-30,pre_advance,2022:Q1,S,T,3.866864765729443,0.0,0.061541647913422745,16.816086312462648,True,5,0.02
monthly_mixed_frequency_kalman_em,pseudo,2022:Q1:pre_advance:pseudo,2022-04-30,pre_advance,2022:Q1,T,A,3.737663599998612,0.0,0.061541647913422745,16.816086312462648,True,5,0.02
monthly_mixed_frequency_kalman_em,pseudo,2022:Q1:pre_advance:pseudo,2022-04-30,pre_advance,2022:Q1,T,M,4.024777301622682,0.0,0.061541647913422745,16.816086312462648,True,5,0.02
monthly_mixed_frequency_kalman_em,pseudo,2022:Q1:pre_advance:pseudo,2022-04-30,pre_advance,2022:Q1,T,S,3.866864765729443,0.0,0.061541647913422745,16.816086312462648,True,5,0.02
monthly_mixed_frequency_kalman_em,pseudo,2022:Q1:pre_advance:pseudo,2022-04-30,pre_advance,2022:Q1,T,T,4.003801623579582,0.0,0.061541647913422745,16.816086312462648,True,5,0.02
revision_dfm_kalman_em,pseudo,2022:Q1:pre_advance:pseudo,2022-04-30,pre_advance,2022:Q1,A,A,2.6667034450566995,4.440892098500626e-16,0.0672727575977167,13.624233819952112,True,5,0.02
revision_dfm_kalman_em,pseudo,2022:Q1:pre_advance:pseudo,2022-04-30,pre_advance,2022:Q1,A,M,2.7758905971802426,4.440892098500626e-16,0.0672727575977167,13.624233819952112,True,5,0.02
revision_dfm_kalman_em,pseudo,2022:Q1:pre_advance:pseudo,2022-04-30,pre_advance,2022:Q1,A,S,2.763203529790463,4.440892098500626e-16,0.0672727575977167,13.624233819952112,True,5,0.02
revision_dfm_kalman_em,pseudo,2022:Q1:pre_advance:pseudo,2022-04-30,pre_advance,2022:Q1,A,T,2.770815770224331,4.440892098500626e-16,0.0672727575977167,13.624233819952112,True,5,0.02
revision_dfm_kalman_em,pseudo,2022:Q1:pre_advance:pseudo,2022-04-30,pre_advance,2022:Q1,M,A,2.7758905971802426,4.440892098500626e-16,0.0672727575977167,13.624233819952112,True,5,0.02
revision_dfm_kalman_em,pseudo,2022:Q1:pre_advance:pseudo,2022-04-30,pre_advance,2022:Q1,M,M,7.362023232565533,4.440892098500626e-16,0.0672727575977167,13.624233819952112,True,5,0.02
revision_dfm_kalman_em,pseudo,2022:Q1:pre_advance:pseudo,2022-04-30,pre_advance,2022:Q1,M,S,3.2575446389924827,4.440892098500626e-16,0.0672727575977167,13.624233819952112,True,5,0.02
revision_dfm_kalman_em,pseudo,2022:Q1:pre_advance:pseudo,2022-04-30,pre_advance,2022:Q1,M,T,3.2727547666286587,4.440892098500626e-16,0.0672727575977167,13.624233819952112,True,5,0.02
revision_dfm_kalman_em,pseudo,2022:Q1:pre_advance:pseudo,2022-04-30,pre_advance,2022:Q1,S,A,2.763203529790463,4.440892098500626e-16,0.0672727575977167,13.624233819952112,True,5,0.02
revision_dfm_kalman_em,pseudo,2022:Q1:pre_advance:pseudo,2022-04-30,pre_advance,2022:Q1,S,M,3.2575446389924827,4.440892098500626e-16,0.0672727575977167,13.624233819952112,True,5,0.02
revision_dfm_kalman_em,pseudo,2022:Q1:pre_advance:pseudo,2022-04-30,pre_advance,2022:Q1,S,S,3.2607335555616315,4.440892098500626e-16,0.0672727575977167,13.624233819952112,True,5,0.02
revision_dfm_kalman_em,pseudo,2022:Q1:pre_advance:pseudo,2022-04-30,pre_advance,2022:Q1,S,T,3.247657816808442,4.440892098500626e-16,0.0672727575977167,13.624233819952112,True,5,0.02
revision_dfm_kalman_em,pseudo,2022:Q1:pre_advance:pseudo,2022-04-30,pre_advance,2022:Q1,T,A,2.770815770224331,4.440892098500626e-16,0.0672727575977167,13.624233819952112,True,5,0.02
revision_dfm_kalman_em,pseudo,2022:Q1:pre_advance:pseudo,2022-04-30,pre_advance,2022:Q1,T,M,3.2727547666286587,4.440892098500626e-16,0.0672727575977167,13.624233819952112,True,5,0.02
revision_dfm_kalman_em,pseudo,2022:Q1:pre_advance:pseudo,2022-04-30,pre_advance,2022:Q1,T,S,3.2476578168084425,4.440892098500626e-16,0.0672727575977167,13.624233819952112,True,5,0.02
revision_dfm_kalman_em,pseudo,2022:Q1:pre_advance:pseudo,2022-04-30,pre_advance,2022:Q1,T,T,3.378032503326364,4.440892098500626e-16,0.0672727575977167,13.624233819952112,True,5,0.02
indicator_revision_only_dfm_kalman_em,exact,2022:Q1:pre_second:exact,2022-05-25,pre_second,2022:Q1,A,A,0.7580911519052145,0.0,0.06335392287434542,4.55213011388649,True,5,0.02
indicator_revision_only_dfm_kalman_em,exact,2022:Q1:pre_second:exact,2022-05-25,pre_second,2022:Q1,A,M,0.35315551249855903,0.0,0.06335392287434542,4.55213011388649,True,5,0.02
indicator_revision_only_dfm_kalman_em,exact,2022:Q1:pre_second:exact,2022-05-25,pre_second,2022:Q1,A,S,0.35315551249855903,0.0,0.06335392287434542,4.55213011388649,True,5,0.02
indicator_revision_only_dfm_kalman_em,exact,2022:Q1:pre_second:exact,2022-05-25,pre_second,2022:Q1,A,T,0.35315551249855903,0.0,0.06335392287434542,4.55213011388649,True,5,0.02
indicator_revision_only_dfm_kalman_em,exact,2022:Q1:pre_second:exact,2022-05-25,pre_second,2022:Q1,M,A,0.35315551249855903,0.0,0.06335392287434542,4.55213011388649,True,5,0.02
indicator_revision_only_dfm_kalman_em,exact,2022:Q1:pre_second:exact,2022-05-25,pre_second,2022:Q1,M,M,4.438857210569176,0.0,0.06335392287434542,4.55213011388649,True,5,0.02
indicator_revision_only_dfm_kalman_em,exact,2022:Q1:pre_second:exact,2022-05-25,pre_second,2022:Q1,M,S,0.35315551249855903,0.0,0.06335392287434542,4.55213011388649,True,5,0.02
indicator_revision_only_dfm_kalman_em,exact,2022:Q1:pre_second:exact,2022-05-25,pre_second,2022:Q1,M,T,0.35315551249855903,0.0,0.06335392287434542,4.55213011388649,True,5,0.02
indicator_revision_only_dfm_kalman_em,exact,2022:Q1:pre_second:exact,2022-05-25,pre_second,2022:Q1,S,A,0.35315551249855903,0.0,0.06335392287434542,4.55213011388649,True,5,0.02
indicator_revision_only_dfm_kalman_em,exact,2022:Q1:pre_second:exact,2022-05-25,pre_second,2022:Q1,S,M,0.35315551249855903,0.0,0.06335392287434542,4.55213011388649,True,5,0.02
indicator_revision_only_dfm_kalman_em,exact,2022:Q1:pre_second:exact,2022-05-25,pre_second,2022:Q1,S,S,0.36972120044423196,0.0,0.06335392287434542,4.55213011388649,True,5,0.02
indicator_revision_only_dfm_kalman_em,exact,2022:Q1:pre_second:exact,2022-05-25,pre_second,2022:Q1,S,T,0.35315551249855903,0.0,0.06335392287434542,4.55213011388649,True,5,0.02
indicator_revision_only_dfm_kalman_em,exact,2022:Q1:pre_second:exact,2022-05-25,pre_second,2022:Q1,T,A,0.35315551249855903,0.0,0.06335392287434542,4.55213011388649,True,5,0.02
indicator_revision_only_dfm_kalman_em,exact,2022:Q1:pre_second:exact,2022-05-25,pre_second,2022:Q1,T,M,0.35315551249855903,0.0,0.06335392287434542,4.55213011388649,True,5,0.02
indicator_revision_only_dfm_kalman_em,exact,2022:Q1:pre_second:exact,2022-05-25,pre_second,2022:Q1,T,S,0.35315551249855903,0.0,0.06335392287434542,4.55213011388649,True,5,0.02
indicator_revision_only_dfm_kalman_em,exact,2022:Q1:pre_second:exact,2022-05-25,pre_second,2022:Q1,T,T,0.4815919401230457,0.0,0.06335392287434542,4.55213011388649,True,5,0.02
joint_indicator_revision_dfm_full_kalman_em,exact,2022:Q1:pre_second:exact,2022-05-25,pre_second,2022:Q1,A,A,0.25540041513908973,5.551115123125783e-17,0.06400569138389658,4.528121796858565,True,5,0.02
joint_indicator_revision_dfm_full_kalman_em,exact,2022:Q1:pre_second:exact,2022-05-25,pre_second,2022:Q1,A,M,0.1384080994829277,5.551115123125783e-17,0.06400569138389658,4.528121796858565,True,5,0.02
joint_indicator_revision_dfm_full_kalman_em,exact,2022:Q1:pre_second:exact,2022-05-25,pre_second,2022:Q1,A,S,0.13769057031756404,5.551115123125783e-17,0.06400569138389658,4.528121796858565,True,5,0.02
joint_indicator_revision_dfm_full_kalman_em,exact,2022:Q1:pre_second:exact,2022-05-25,pre_second,2022:Q1,A,T,0.13812108781678226,5.551115123125783e-17,0.06400569138389658,4.528121796858565,True,5,0.02
joint_indicator_revision_dfm_full_kalman_em,exact,2022:Q1:pre_second:exact,2022-05-25,pre_second,2022:Q1,M,A,0.1384080994829277,5.551115123125783e-17,0.06400569138389658,4.528121796858565,True,5,0.02
joint_indicator_revision_dfm_full_kalman_em,exact,2022:Q1:pre_second:exact,2022-05-25,pre_second,2022:Q1,M,M,4.455189355488181,5.551115123125783e-17,0.06400569138389658,4.528121796858565,True,5,0.02
joint_indicator_revision_dfm_full_kalman_em,exact,2022:Q1:pre_second:exact,2022-05-25,pre_second,2022:Q1,M,S,0.3506092468340484,5.551115123125783e-17,0.06400569138389658,4.528121796858565,True,5,0.02
joint_indicator_revision_dfm_full_kalman_em,exact,2022:Q1:pre_second:exact,2022-05-25,pre_second,2022:Q1,M,T,0.3573103356977681,5.551115123125783e-17,0.06400569138389658,4.528121796858565,True,5,0.02
joint_indicator_revision_dfm_full_kalman_em,exact,2022:Q1:pre_second:exact,2022-05-25,pre_second,2022:Q1,S,A,0.13769057031756401,5.551115123125783e-17,0.06400569138389658,4.528121796858565,True,5,0.02
joint_indicator_revision_dfm_full_kalman_em,exact,2022:Q1:pre_second:exact,2022-05-25,pre_second,2022:Q1,S,M,0.3506092468340484,5.551115123125783e-17,0.06400569138389658,4.528121796858565,True,5,0.02
joint_indicator_revision_dfm_full_kalman_em,exact,2022:Q1:pre_second:exact,2022-05-25,pre_second,2022:Q1,S,S,0.3597801149280487,5.551115123125783e-17,0.06400569138389658,4.528121796858565,True,5,0.02
joint_indicator_revision_dfm_full_kalman_em,exact,2022:Q1:pre_second:exact,2022-05-25,pre_second,2022:Q1,S,T,0.3463508733037187,5.551115123125783e-17,0.06400569138389658,4.528121796858565,True,5,0.02
joint_indicator_revision_dfm_full_kalman_em,exact,2022:Q1:pre_second:exact,2022-05-25,pre_second,2022:Q1,T,A,0.13812108781678226,5.551115123125783e-17,0.06400569138389658,4.528121796858565,True,5,0.02
joint_indicator_revision_dfm_full_kalman_em,exact,2022:Q1:pre_second:exact,2022-05-25,pre_second,2022:Q1,T,M,0.3573103356977681,5.551115123125783e-17,0.06400569138389658,4.528121796858565,True,5,0.02
joint_indicator_revision_dfm_full_kalman_em,exact,2022:Q1:pre_second:exact,2022-05-25,pre_second,2022:Q1,T,S,0.3463508733037188,5.551115123125783e-17,0.06400569138389658,4.528121796858565,True,5,0.02
joint_indicator_revision_dfm_full_kalman_em,exact,2022:Q1:pre_second:exact,2022-05-25,pre_second,2022:Q1,T,T,0.4746185275728018,5.551115123125783e-17,0.06400569138389658,4.528121796858565,True,5,0.02
monthly_mixed_frequency_kalman_em,exact,2022:Q1:pre_second:exact,2022-05-25,pre_second,2022:Q1,A,A,0.4512716337071684,0.0,0.05899837164936228,4.9320505264666235,True,5,0.02
monthly_mixed_frequency_kalman_em,exact,2022:Q1:pre_second:exact,2022-05-25,pre_second,2022:Q1,A,M,0.21525377065139734,0.0,0.05899837164936228,4.9320505264666235,True,5,0.02
monthly_mixed_frequency_kalman_em,exact,2022:Q1:pre_second:exact,2022-05-25,pre_second,2022:Q1,A,S,0.21770410997347953,0.0,0.05899837164936228,4.9320505264666235,True,5,0.02
monthly_mixed_frequency_kalman_em,exact,2022:Q1:pre_second:exact,2022-05-25,pre_second,2022:Q1,A,T,0.21636756125234383,0.0,0.05899837164936228,4.9320505264666235,True,5,0.02
monthly_mixed_frequency_kalman_em,exact,2022:Q1:pre_second:exact,2022-05-25,pre_second,2022:Q1,M,A,0.21525377065139734,0.0,0.05899837164936228,4.9320505264666235,True,5,0.02
monthly_mixed_frequency_kalman_em,exact,2022:Q1:pre_second:exact,2022-05-25,pre_second,2022:Q1,M,M,4.792683199326617,0.0,0.05899837164936228,4.9320505264666235,True,5,0.02
monthly_mixed_frequency_kalman_em,exact,2022:Q1:pre_second:exact,2022-05-25,pre_second,2022:Q1,M,S,0.42710272358633755,0.0,0.05899837164936228,4.9320505264666235,True,5,0.02
monthly_mixed_frequency_kalman_em,exact,2022:Q1:pre_second:exact,2022-05-25,pre_second,2022:Q1,M,T,0.5683353588762978,0.0,0.05899837164936228,4.9320505264666235,True,5,0.02
monthly_mixed_frequency_kalman_em,exact,2022:Q1:pre_second:exact,2022-05-25,pre_second,2022:Q1,S,A,0.21770410997347953,0.0,0.05899837164936228,4.9320505264666235,True,5,0.02
monthly_mixed_frequency_kalman_em,exact,2022:Q1:pre_second:exact,2022-05-25,pre_second,2022:Q1,S,M,0.42710272358633755,0.0,0.05899837164936228,4.9320505264666235,True,5,0.02
monthly_mixed_frequency_kalman_em,exact,2022:Q1:pre_second:exact,2022-05-25,pre_second,2022:Q1,S,S,0.3627429036452901,0.0,0.05899837164936228,4.9320505264666235,True,5,0.02
monthly_mixed_frequency_kalman_em,exact,2022:Q1:pre_second:exact,2022-05-25,pre_second,2022:Q1,S,T,0.37475307018312304,0.0,0.05899837164936228,4.9320505264666235,True,5,0.02
monthly_mixed_frequency_kalman_em,exact,2022:Q1:pre_second:exact,2022-05-25,pre_second,2022:Q1,T,A,0.21636756125234383,0.0,0.05899837164936228,4.9320505264666235,True,5,0.02
monthly_mixed_frequency_kalman_em,exact,2022:Q1:pre_second:exact,2022-05-25,pre_second,2022:Q1,T,M,0.5683353588762978,0.0,0.05899837164936228,4.9320505264666235,True,5,0.02
monthly_mixed_frequency_kalman_em,exact,2022:Q1:pre_second:exact,2022-05-25,pre_second,2022:Q1,T,S,0.37475307018312304,0.0,0.05899837164936228,4.9320505264666235,True,5,0.02
monthly_mixed_frequency_kalman_em,exact,2022:Q1:pre_second:exact,2022-05-25,pre_second,2022:Q1,T,T,0.5330187696480915,0.0,0.05899837164936228,4.9320505264666235,True,5,0.02
revision_dfm_kalman_em,exact,2022:Q1:pre_second:exact,2022-05-25,pre_second,2022:Q1,A,A,0.29192950956085734,0.0,0.06661006560532037,4.5557480567170145,True,5,0.02
revision_dfm_kalman_em,exact,2022:Q1:pre_second:exact,2022-05-25,pre_second,2022:Q1,A,M,0.15602637744665668,0.0,0.06661006560532037,4.5557480567170145,True,5,0.02
revision_dfm_kalman_em,exact,2022:Q1:pre_second:exact,2022-05-25,pre_second,2022:Q1,A,S,0.15534437388188777,0.0,0.06661006560532037,4.5557480567170145,True,5,0.02
revision_dfm_kalman_em,exact,2022:Q1:pre_second:exact,2022-05-25,pre_second,2022:Q1,A,T,0.1557535760207491,0.0,0.06661006560532037,4.5557480567170145,True,5,0.02
revision_dfm_kalman_em,exact,2022:Q1:pre_second:exact,2022-05-25,pre_second,2022:Q1,M,A,0.15602637744665668,0.0,0.06661006560532037,4.5557480567170145,True,5,0.02
revision_dfm_kalman_em,exact,2022:Q1:pre_second:exact,2022-05-25,pre_second,2022:Q1,M,M,4.469540144696773,0.0,0.06661006560532037,4.5557480567170145,True,5,0.02
revision_dfm_kalman_em,exact,2022:Q1:pre_second:exact,2022-05-25,pre_second,2022:Q1,M,S,0.377961508966617,0.0,0.06661006560532037,4.5557480567170145,True,5,0.02
revision_dfm_kalman_em,exact,2022:Q1:pre_second:exact,2022-05-25,pre_second,2022:Q1,M,T,0.38496998680408945,0.0,0.06661006560532037,4.5557480567170145,True,5,0.02
revision_dfm_kalman_em,exact,2022:Q1:pre_second:exact,2022-05-25,pre_second,2022:Q1,S,A,0.15534437388188777,0.0,0.06661006560532037,4.5557480567170145,True,5,0.02
revision_dfm_kalman_em,exact,2022:Q1:pre_second:exact,2022-05-25,pre_second,2022:Q1,S,M,0.377961508966617,0.0,0.06661006560532037,4.5557480567170145,True,5,0.02
revision_dfm_kalman_em,exact,2022:Q1:pre_second:exact,2022-05-25,pre_second,2022:Q1,S,S,0.39398601596935934,0.0,0.06661006560532037,4.5557480567170145,True,5,0.02
revision_dfm_kalman_em,exact,2022:Q1:pre_second:exact,2022-05-25,pre_second,2022:Q1,S,T,0.3735091662649225,0.0,0.06661006560532037,4.5557480567170145,True,5,0.02
revision_dfm_kalman_em,exact,2022:Q1:pre_second:exact,2022-05-25,pre_second,2022:Q1,T,A,0.1557535760207491,0.0,0.06661006560532037,4.5557480567170145,True,5,0.02
revision_dfm_kalman_em,exact,2022:Q1:pre_second:exact,2022-05-25,pre_second,2022:Q1,T,M,0.38496998680408945,0.0,0.06661006560532037,4.5557480567170145,True,5,0.02
revision_dfm_kalman_em,exact,2022:Q1:pre_second:exact,2022-05-25,pre_second,2022:Q1,T,S,0.3735091662649225,0.0,0.06661006560532037,4.5557480567170145,True,5,0.02
revision_dfm_kalman_em,exact,2022:Q1:pre_second:exact,2022-05-25,pre_second,2022:Q1,T,T,0.49641699059638605,0.0,0.06661006560532037,4.5557480567170145,True,5,0.02
indicator_revision_only_dfm_kalman_em,pseudo,2022:Q1:pre_second:pseudo,2022-05-31,pre_second,2022:Q1,A,A,0.7580870427514015,0.0,0.06335404624999919,4.552121568088385,True,5,0.02
indicator_revision_only_dfm_kalman_em,pseudo,2022:Q1:pre_second:pseudo,2022-05-31,pre_second,2022:Q1,A,M,0.35315094909901207,0.0,0.06335404624999919,4.552121568088385,True,5,0.02
indicator_revision_only_dfm_kalman_em,pseudo,2022:Q1:pre_second:pseudo,2022-05-31,pre_second,2022:Q1,A,S,0.35315094909901207,0.0,0.06335404624999919,4.552121568088385,True,5,0.02
indicator_revision_only_dfm_kalman_em,pseudo,2022:Q1:pre_second:pseudo,2022-05-31,pre_second,2022:Q1,A,T,0.35315094909901207,0.0,0.06335404624999919,4.552121568088385,True,5,0.02
indicator_revision_only_dfm_kalman_em,pseudo,2022:Q1:pre_second:pseudo,2022-05-31,pre_second,2022:Q1,M,A,0.35315094909901207,0.0,0.06335404624999919,4.552121568088385,True,5,0.02
indicator_revision_only_dfm_kalman_em,pseudo,2022:Q1:pre_second:pseudo,2022-05-31,pre_second,2022:Q1,M,M,4.4388517624992385,0.0,0.06335404624999919,4.552121568088385,True,5,0.02
indicator_revision_only_dfm_kalman_em,pseudo,2022:Q1:pre_second:pseudo,2022-05-31,pre_second,2022:Q1,M,S,0.35315094909901207,0.0,0.06335404624999919,4.552121568088385,True,5,0.02
indicator_revision_only_dfm_kalman_em,pseudo,2022:Q1:pre_second:pseudo,2022-05-31,pre_second,2022:Q1,M,T,0.35315094909901207,0.0,0.06335404624999919,4.552121568088385,True,5,0.02
indicator_revision_only_dfm_kalman_em,pseudo,2022:Q1:pre_second:pseudo,2022-05-31,pre_second,2022:Q1,S,A,0.35315094909901207,0.0,0.06335404624999919,4.552121568088385,True,5,0.02
indicator_revision_only_dfm_kalman_em,pseudo,2022:Q1:pre_second:pseudo,2022-05-31,pre_second,2022:Q1,S,M,0.35315094909901207,0.0,0.06335404624999919,4.552121568088385,True,5,0.02
indicator_revision_only_dfm_kalman_em,pseudo,2022:Q1:pre_second:pseudo,2022-05-31,pre_second,2022:Q1,S,S,0.3697171628132826,0.0,0.06335404624999919,4.552121568088385,True,5,0.02
indicator_revision_only_dfm_kalman_em,pseudo,2022:Q1:pre_second:pseudo,2022-05-31,pre_second,2022:Q1,S,T,0.35315094909901207,0.0,0.06335404624999919,4.552121568088385,True,5,0.02
indicator_revision_only_dfm_kalman_em,pseudo,2022:Q1:pre_second:pseudo,2022-05-31,pre_second,2022:Q1,T,A,0.35315094909901207,0.0,0.06335404624999919,4.552121568088385,True,5,0.02
indicator_revision_only_dfm_kalman_em,pseudo,2022:Q1:pre_second:pseudo,2022-05-31,pre_second,2022:Q1,T,M,0.35315094909901207,0.0,0.06335404624999919,4.552121568088385,True,5,0.02
indicator_revision_only_dfm_kalman_em,pseudo,2022:Q1:pre_second:pseudo,2022-05-31,pre_second,2022:Q1,T,S,0.35315094909901207,0.0,0.06335404624999919,4.552121568088385,True,5,0.02
indicator_revision_only_dfm_kalman_em,pseudo,2022:Q1:pre_second:pseudo,2022-05-31,pre_second,2022:Q1,T,T,0.4815868647523022,0.0,0.06335404624999919,4.552121568088385,True,5,0.02
joint_indicator_revision_dfm_full_kalman_em,pseudo,2022:Q1:pre_second:pseudo,2022-05-31,pre_second,2022:Q1,A,A,0.25538088648399676,0.0,0.06400588529193461,4.528137452422182,True,5,0.02
joint_indicator_revision_dfm_full_kalman_em,pseudo,2022:Q1:pre_second:pseudo,2022-05-31,pre_second,2022:Q1,A,M,0.13839607807384072,0.0,0.06400588529193461,4.528137452422182,True,5,0.02
joint_indicator_revision_dfm_full_kalman_em,pseudo,2022:Q1:pre_second:pseudo,2022-05-31,pre_second,2022:Q1,A,S,0.1376786756267754,0.0,0.06400588529193461,4.528137452422182,True,5,0.02
joint_indicator_revision_dfm_full_kalman_em,pseudo,2022:Q1:pre_second:pseudo,2022-05-31,pre_second,2022:Q1,A,T,0.13810911709501458,0.0,0.06400588529193461,4.528137452422182,True,5,0.02
joint_indicator_revision_dfm_full_kalman_em,pseudo,2022:Q1:pre_second:pseudo,2022-05-31,pre_second,2022:Q1,M,A,0.13839607807384072,0.0,0.06400588529193461,4.528137452422182,True,5,0.02
joint_indicator_revision_dfm_full_kalman_em,pseudo,2022:Q1:pre_second:pseudo,2022-05-31,pre_second,2022:Q1,M,M,4.455202548045542,0.0,0.06400588529193461,4.528137452422182,True,5,0.02
joint_indicator_revision_dfm_full_kalman_em,pseudo,2022:Q1:pre_second:pseudo,2022-05-31,pre_second,2022:Q1,M,S,0.3506183052965662,0.0,0.06400588529193461,4.528137452422182,True,5,0.02
joint_indicator_revision_dfm_full_kalman_em,pseudo,2022:Q1:pre_second:pseudo,2022-05-31,pre_second,2022:Q1,M,T,0.35732005984044174,0.0,0.06400588529193461,4.528137452422182,True,5,0.02
joint_indicator_revision_dfm_full_kalman_em,pseudo,2022:Q1:pre_second:pseudo,2022-05-31,pre_second,2022:Q1,S,A,0.1376786756267754,0.0,0.06400588529193461,4.528137452422182,True,5,0.02
joint_indicator_revision_dfm_full_kalman_em,pseudo,2022:Q1:pre_second:pseudo,2022-05-31,pre_second,2022:Q1,S,M,0.3506183052965662,0.0,0.06400588529193461,4.528137452422182,True,5,0.02
joint_indicator_revision_dfm_full_kalman_em,pseudo,2022:Q1:pre_second:pseudo,2022-05-31,pre_second,2022:Q1,S,S,0.3597880634759772,0.0,0.06400588529193461,4.528137452422182,True,5,0.02
joint_indicator_revision_dfm_full_kalman_em,pseudo,2022:Q1:pre_second:pseudo,2022-05-31,pre_second,2022:Q1,S,T,0.34635951270317034,0.0,0.06400588529193461,4.528137452422182,True,5,0.02
joint_indicator_revision_dfm_full_kalman_em,pseudo,2022:Q1:pre_second:pseudo,2022-05-31,pre_second,2022:Q1,T,A,0.13810911709501458,0.0,0.06400588529193461,4.528137452422182,True,5,0.02
joint_indicator_revision_dfm_full_kalman_em,pseudo,2022:Q1:pre_second:pseudo,2022-05-31,pre_second,2022:Q1,T,M,0.35732005984044174,0.0,0.06400588529193461,4.528137452422182,True,5,0.02
joint_indicator_revision_dfm_full_kalman_em,pseudo,2022:Q1:pre_second:pseudo,2022-05-31,pre_second,2022:Q1,T,S,0.34635951270317034,0.0,0.06400588529193461,4.528137452422182,True,5,0.02
joint_indicator_revision_dfm_full_kalman_em,pseudo,2022:Q1:pre_second:pseudo,2022-05-31,pre_second,2022:Q1,T,T,0.4746277590590777,0.0,0.06400588529193461,4.528137452422182,True,5,0.02
monthly_mixed_frequency_kalman_em,pseudo,2022:Q1:pre_second:pseudo,2022-05-31,pre_second,2022:Q1,A,A,0.45126010839216624,0.0,0.0589981000062372,4.932061370993068,True,5,0.02
monthly_mixed_frequency_kalman_em,pseudo,2022:Q1:pre_second:pseudo,2022-05-31,pre_second,2022:Q1,A,M,0.21525089075177087,0.0,0.0589981000062372,4.932061370993068,True,5,0.02
monthly_mixed_frequency_kalman_em,pseudo,2022:Q1:pre_second:pseudo,2022-05-31,pre_second,2022:Q1,A,S,0.2176995315208373,0.0,0.0589981000062372,4.932061370993068,True,5,0.02
monthly_mixed_frequency_kalman_em,pseudo,2022:Q1:pre_second:pseudo,2022-05-31,pre_second,2022:Q1,A,T,0.21636390928316476,0.0,0.0589981000062372,4.932061370993068,True,5,0.02
monthly_mixed_frequency_kalman_em,pseudo,2022:Q1:pre_second:pseudo,2022-05-31,pre_second,2022:Q1,M,A,0.21525089075177087,0.0,0.0589981000062372,4.932061370993068,True,5,0.02
monthly_mixed_frequency_kalman_em,pseudo,2022:Q1:pre_second:pseudo,2022-05-31,pre_second,2022:Q1,M,M,4.792694143743454,0.0,0.0589981000062372,4.932061370993068,True,5,0.02
monthly_mixed_frequency_kalman_em,pseudo,2022:Q1:pre_second:pseudo,2022-05-31,pre_second,2022:Q1,M,S,0.42710315563884443,0.0,0.0589981000062372,4.932061370993068,True,5,0.02
monthly_mixed_frequency_kalman_em,pseudo,2022:Q1:pre_second:pseudo,2022-05-31,pre_second,2022:Q1,M,T,0.5683379988968935,0.0,0.0589981000062372,4.932061370993068,True,5,0.02
monthly_mixed_frequency_kalman_em,pseudo,2022:Q1:pre_second:pseudo,2022-05-31,pre_second,2022:Q1,S,A,0.2176995315208373,0.0,0.0589981000062372,4.932061370993068,True,5,0.02
monthly_mixed_frequency_kalman_em,pseudo,2022:Q1:pre_second:pseudo,2022-05-31,pre_second,2022:Q1,S,M,0.42710315563884443,0.0,0.0589981000062372,4.932061370993068,True,5,0.02
monthly_mixed_frequency_kalman_em,pseudo,2022:Q1:pre_second:pseudo,2022-05-31,pre_second,2022:Q1,S,S,0.36274099998932463,0.0,0.0589981000062372,4.932061370993068,True,5,0.02
monthly_mixed_frequency_kalman_em,pseudo,2022:Q1:pre_second:pseudo,2022-05-31,pre_second,2022:Q1,S,T,0.3747522496093427,0.0,0.0589981000062372,4.932061370993068,True,5,0.02
monthly_mixed_frequency_kalman_em,pseudo,2022:Q1:pre_second:pseudo,2022-05-31,pre_second,2022:Q1,T,A,0.21636390928316476,0.0,0.0589981000062372,4.932061370993068,True,5,0.02
monthly_mixed_frequency_kalman_em,pseudo,2022:Q1:pre_second:pseudo,2022-05-31,pre_second,2022:Q1,T,M,0.5683379988968935,0.0,0.0589981000062372,4.932061370993068,True,5,0.02
monthly_mixed_frequency_kalman_em,pseudo,2022:Q1:pre_second:pseudo,2022-05-31,pre_second,2022:Q1,T,S,0.3747522496093427,0.0,0.0589981000062372,4.932061370993068,True,5,0.02
monthly_mixed_frequency_kalman_em,pseudo,2022:Q1:pre_second:pseudo,2022-05-31,pre_second,2022:Q1,T,T,0.5330187304760466,0.0,0.0589981000062372,4.932061370993068,True,5,0.02
revision_dfm_kalman_em,pseudo,2022:Q1:pre_second:pseudo,2022-05-31,pre_second,2022:Q1,A,A,0.2919065361741925,2.7755575615628914e-17,0.06661021338913646,4.555803579201046,True,5,0.02
revision_dfm_kalman_em,pseudo,2022:Q1:pre_second:pseudo,2022-05-31,pre_second,2022:Q1,A,M,0.15602291881594035,2.7755575615628914e-17,0.06661021338913646,4.555803579201046,True,5,0.02
revision_dfm_kalman_em,pseudo,2022:Q1:pre_second:pseudo,2022-05-31,pre_second,2022:Q1,A,S,0.15534035851988465,2.7755575615628914e-17,0.06661021338913646,4.555803579201046,True,5,0.02
revision_dfm_kalman_em,pseudo,2022:Q1:pre_second:pseudo,2022-05-31,pre_second,2022:Q1,A,T,0.15574989469751807,2.7755575615628914e-17,0.06661021338913646,4.555803579201046,True,5,0.02
revision_dfm_kalman_em,pseudo,2022:Q1:pre_second:pseudo,2022-05-31,pre_second,2022:Q1,M,A,0.15602291881594035,2.7755575615628914e-17,0.06661021338913646,4.555803579201046,True,5,0.02
revision_dfm_kalman_em,pseudo,2022:Q1:pre_second:pseudo,2022-05-31,pre_second,2022:Q1,M,M,4.4695818870720405,2.7755575615628914e-17,0.06661021338913646,4.555803579201046,True,5,0.02
revision_dfm_kalman_em,pseudo,2022:Q1:pre_second:pseudo,2022-05-31,pre_second,2022:Q1,M,S,0.37799484233638925,2.7755575615628914e-17,0.06661021338913646,4.555803579201046,True,5,0.02
revision_dfm_kalman_em,pseudo,2022:Q1:pre_second:pseudo,2022-05-31,pre_second,2022:Q1,M,T,0.38500448202650867,2.7755575615628914e-17,0.06661021338913646,4.555803579201046,True,5,0.02
revision_dfm_kalman_em,pseudo,2022:Q1:pre_second:pseudo,2022-05-31,pre_second,2022:Q1,S,A,0.15534035851988467,2.7755575615628914e-17,0.06661021338913646,4.555803579201046,True,5,0.02
revision_dfm_kalman_em,pseudo,2022:Q1:pre_second:pseudo,2022-05-31,pre_second,2022:Q1,S,M,0.37799484233638925,2.7755575615628914e-17,0.06661021338913646,4.555803579201046,True,5,0.02
revision_dfm_kalman_em,pseudo,2022:Q1:pre_second:pseudo,2022-05-31,pre_second,2022:Q1,S,S,0.3940175858259899,2.7755575615628914e-17,0.06661021338913646,4.555803579201046,True,5,0.02
revision_dfm_kalman_em,pseudo,2022:Q1:pre_second:pseudo,2022-05-31,pre_second,2022:Q1,S,T,0.3735417526600591,2.7755575615628914e-17,0.06661021338913646,4.555803579201046,True,5,0.02
revision_dfm_kalman_em,pseudo,2022:Q1:pre_second:pseudo,2022-05-31,pre_second,2022:Q1,T,A,0.15574989469751807,2.7755575615628914e-17,0.06661021338913646,4.555803579201046,True,5,0.02
revision_dfm_kalman_em,pseudo,2022:Q1:pre_second:pseudo,2022-05-31,pre_second,2022:Q1,T,M,0.38500448202650867,2.7755575615628914e-17,0.06661021338913646,4.555803579201046,True,5,0.02
revision_dfm_kalman_em,pseudo,2022:Q1:pre_second:pseudo,2022-05-31,pre_second,2022:Q1,T,S,0.3735417526600591,2.7755575615628914e-17,0.06661021338913646,4.555803579201046,True,5,0.02
revision_dfm_kalman_em,pseudo,2022:Q1:pre_second:pseudo,2022-05-31,pre_second,2022:Q1,T,T,0.4964501263747471,2.7755575615628914e-17,0.06661021338913646,4.555803579201046,True,5,0.02
indicator_revision_only_dfm_kalman_em,exact,2022:Q1:pre_third:exact,2022-06-28,pre_third,2022:Q1,A,A,0.4158203915950605,0.0,0.030805972960734708,4.101124558559598,True,5,0.02
indicator_revision_only_dfm_kalman_em,exact,2022:Q1:pre_third:exact,2022-06-28,pre_third,2022:Q1,A,M,0.016472895106305115,0.0,0.030805972960734708,4.101124558559598,True,5,0.02
indicator_revision_only_dfm_kalman_em,exact,2022:Q1:pre_third:exact,2022-06-28,pre_third,2022:Q1,A,S,0.016472895106305115,0.0,0.030805972960734708,4.101124558559598,True,5,0.02
indicator_revision_only_dfm_kalman_em,exact,2022:Q1:pre_third:exact,2022-06-28,pre_third,2022:Q1,A,T,0.016472895106305115,0.0,0.030805972960734708,4.101124558559598,True,5,0.02
indicator_revision_only_dfm_kalman_em,exact,2022:Q1:pre_third:exact,2022-06-28,pre_third,2022:Q1,M,A,0.016472895106305115,0.0,0.030805972960734708,4.101124558559598,True,5,0.02
indicator_revision_only_dfm_kalman_em,exact,2022:Q1:pre_third:exact,2022-06-28,pre_third,2022:Q1,M,M,4.100913850135689,0.0,0.030805972960734708,4.101124558559598,True,5,0.02
indicator_revision_only_dfm_kalman_em,exact,2022:Q1:pre_third:exact,2022-06-28,pre_third,2022:Q1,M,S,0.016472895106305115,0.0,0.030805972960734708,4.101124558559598,True,5,0.02
indicator_revision_only_dfm_kalman_em,exact,2022:Q1:pre_third:exact,2022-06-28,pre_third,2022:Q1,M,T,0.016472895106305115,0.0,0.030805972960734708,4.101124558559598,True,5,0.02
indicator_revision_only_dfm_kalman_em,exact,2022:Q1:pre_third:exact,2022-06-28,pre_third,2022:Q1,S,A,0.016472895106305115,0.0,0.030805972960734708,4.101124558559598,True,5,0.02
indicator_revision_only_dfm_kalman_em,exact,2022:Q1:pre_third:exact,2022-06-28,pre_third,2022:Q1,S,M,0.016472895106305115,0.0,0.030805972960734708,4.101124558559598,True,5,0.02
indicator_revision_only_dfm_kalman_em,exact,2022:Q1:pre_third:exact,2022-06-28,pre_third,2022:Q1,S,S,0.03375863677857715,0.0,0.030805972960734708,4.101124558559598,True,5,0.02
indicator_revision_only_dfm_kalman_em,exact,2022:Q1:pre_third:exact,2022-06-28,pre_third,2022:Q1,S,T,0.016472895106305115,0.0,0.030805972960734708,4.101124558559598,True,5,0.02
indicator_revision_only_dfm_kalman_em,exact,2022:Q1:pre_third:exact,2022-06-28,pre_third,2022:Q1,T,A,0.016472895106305115,0.0,0.030805972960734708,4.101124558559598,True,5,0.02
indicator_revision_only_dfm_kalman_em,exact,2022:Q1:pre_third:exact,2022-06-28,pre_third,2022:Q1,T,M,0.016472895106305115,0.0,0.030805972960734708,4.101124558559598,True,5,0.02
indicator_revision_only_dfm_kalman_em,exact,2022:Q1:pre_third:exact,2022-06-28,pre_third,2022:Q1,T,S,0.016472895106305115,0.0,0.030805972960734708,4.101124558559598,True,5,0.02
indicator_revision_only_dfm_kalman_em,exact,2022:Q1:pre_third:exact,2022-06-28,pre_third,2022:Q1,T,T,0.14439115779502829,0.0,0.030805972960734708,4.101124558559598,True,5,0.02
joint_indicator_revision_dfm_full_kalman_em,exact,2022:Q1:pre_third:exact,2022-06-28,pre_third,2022:Q1,A,A,0.19839344373214438,3.469446951953614e-18,0.03593659508455859,4.113947221688356,True,5,0.02
joint_indicator_revision_dfm_full_kalman_em,exact,2022:Q1:pre_third:exact,2022-06-28,pre_third,2022:Q1,A,M,0.004500882083266469,3.469446951953614e-18,0.03593659508455859,4.113947221688356,True,5,0.02
joint_indicator_revision_dfm_full_kalman_em,exact,2022:Q1:pre_third:exact,2022-06-28,pre_third,2022:Q1,A,S,0.007777340939890855,3.469446951953614e-18,0.03593659508455859,4.113947221688356,True,5,0.02
joint_indicator_revision_dfm_full_kalman_em,exact,2022:Q1:pre_third:exact,2022-06-28,pre_third,2022:Q1,A,T,0.0058114656259162225,3.469446951953614e-18,0.03593659508455859,4.113947221688356,True,5,0.02
joint_indicator_revision_dfm_full_kalman_em,exact,2022:Q1:pre_third:exact,2022-06-28,pre_third,2022:Q1,M,A,0.004500882083266469,3.469446951953614e-18,0.03593659508455859,4.113947221688356,True,5,0.02
joint_indicator_revision_dfm_full_kalman_em,exact,2022:Q1:pre_third:exact,2022-06-28,pre_third,2022:Q1,M,M,4.113736666476952,3.469446951953614e-18,0.03593659508455859,4.113947221688356,True,5,0.02
joint_indicator_revision_dfm_full_kalman_em,exact,2022:Q1:pre_third:exact,2022-06-28,pre_third,2022:Q1,M,S,0.020017337820352553,3.469446951953614e-18,0.03593659508455859,4.113947221688356,True,5,0.02
joint_indicator_revision_dfm_full_kalman_em,exact,2022:Q1:pre_third:exact,2022-06-28,pre_third,2022:Q1,M,T,0.02050733115941843,3.469446951953614e-18,0.03593659508455859,4.113947221688356,True,5,0.02
joint_indicator_revision_dfm_full_kalman_em,exact,2022:Q1:pre_third:exact,2022-06-28,pre_third,2022:Q1,S,A,0.007777340939890855,3.469446951953614e-18,0.03593659508455859,4.113947221688356,True,5,0.02
joint_indicator_revision_dfm_full_kalman_em,exact,2022:Q1:pre_third:exact,2022-06-28,pre_third,2022:Q1,S,M,0.020017337820352553,3.469446951953614e-18,0.03593659508455859,4.113947221688356,True,5,0.02
joint_indicator_revision_dfm_full_kalman_em,exact,2022:Q1:pre_third:exact,2022-06-28,pre_third,2022:Q1,S,S,0.03998820524555542,3.469446951953614e-18,0.03593659508455859,4.113947221688356,True,5,0.02
joint_indicator_revision_dfm_full_kalman_em,exact,2022:Q1:pre_third:exact,2022-06-28,pre_third,2022:Q1,S,T,0.01977253788274332,3.469446951953614e-18,0.03593659508455859,4.113947221688356,True,5,0.02
joint_indicator_revision_dfm_full_kalman_em,exact,2022:Q1:pre_third:exact,2022-06-28,pre_third,2022:Q1,T,A,0.005811465625916224,3.469446951953614e-18,0.03593659508455859,4.113947221688356,True,5,0.02
joint_indicator_revision_dfm_full_kalman_em,exact,2022:Q1:pre_third:exact,2022-06-28,pre_third,2022:Q1,T,M,0.02050733115941843,3.469446951953614e-18,0.03593659508455859,4.113947221688356,True,5,0.02
joint_indicator_revision_dfm_full_kalman_em,exact,2022:Q1:pre_third:exact,2022-06-28,pre_third,2022:Q1,T,S,0.019772537882743323,3.469446951953614e-18,0.03593659508455859,4.113947221688356,True,5,0.02
joint_indicator_revision_dfm_full_kalman_em,exact,2022:Q1:pre_third:exact,2022-06-28,pre_third,2022:Q1,T,T,0.14123437308922454,3.469446951953614e-18,0.03593659508455859,4.113947221688356,True,5,0.02
monthly_mixed_frequency_kalman_em,exact,2022:Q1:pre_third:exact,2022-06-28,pre_third,2022:Q1,A,A,0.3145658151381027,0.0,0.058438976592418604,4.302699992478463,True,5,0.02
monthly_mixed_frequency_kalman_em,exact,2022:Q1:pre_third:exact,2022-06-28,pre_third,2022:Q1,A,M,-0.039943094789364836,0.0,0.058438976592418604,4.302699992478463,True,5,0.02
monthly_mixed_frequency_kalman_em,exact,2022:Q1:pre_third:exact,2022-06-28,pre_third,2022:Q1,A,S,0.030644955221336354,0.0,0.058438976592418604,4.302699992478463,True,5,0.02
monthly_mixed_frequency_kalman_em,exact,2022:Q1:pre_third:exact,2022-06-28,pre_third,2022:Q1,A,T,-0.00785761751177338,0.0,0.058438976592418604,4.302699992478463,True,5,0.02
monthly_mixed_frequency_kalman_em,exact,2022:Q1:pre_third:exact,2022-06-28,pre_third,2022:Q1,M,A,-0.039943094789364836,0.0,0.058438976592418604,4.302699992478463,True,5,0.02
monthly_mixed_frequency_kalman_em,exact,2022:Q1:pre_third:exact,2022-06-28,pre_third,2022:Q1,M,M,4.297390457109615,0.0,0.058438976592418604,4.302699992478463,True,5,0.02
monthly_mixed_frequency_kalman_em,exact,2022:Q1:pre_third:exact,2022-06-28,pre_third,2022:Q1,M,S,0.06115555537634216,0.0,0.058438976592418604,4.302699992478463,True,5,0.02
monthly_mixed_frequency_kalman_em,exact,2022:Q1:pre_third:exact,2022-06-28,pre_third,2022:Q1,M,T,0.12855465548681352,0.0,0.058438976592418604,4.302699992478463,True,5,0.02
monthly_mixed_frequency_kalman_em,exact,2022:Q1:pre_third:exact,2022-06-28,pre_third,2022:Q1,S,A,0.030644955221336354,0.0,0.058438976592418604,4.302699992478463,True,5,0.02
monthly_mixed_frequency_kalman_em,exact,2022:Q1:pre_third:exact,2022-06-28,pre_third,2022:Q1,S,M,0.06115555537634216,0.0,0.058438976592418604,4.302699992478463,True,5,0.02
monthly_mixed_frequency_kalman_em,exact,2022:Q1:pre_third:exact,2022-06-28,pre_third,2022:Q1,S,S,0.09618320387502267,0.0,0.058438976592418604,4.302699992478463,True,5,0.02
monthly_mixed_frequency_kalman_em,exact,2022:Q1:pre_third:exact,2022-06-28,pre_third,2022:Q1,S,T,0.05352790533759072,0.0,0.058438976592418604,4.302699992478463,True,5,0.02
monthly_mixed_frequency_kalman_em,exact,2022:Q1:pre_third:exact,2022-06-28,pre_third,2022:Q1,T,A,-0.00785761751177338,0.0,0.058438976592418604,4.302699992478463,True,5,0.02
monthly_mixed_frequency_kalman_em,exact,2022:Q1:pre_third:exact,2022-06-28,pre_third,2022:Q1,T,M,0.12855465548681352,0.0,0.058438976592418604,4.302699992478463,True,5,0.02
monthly_mixed_frequency_kalman_em,exact,2022:Q1:pre_third:exact,2022-06-28,pre_third,2022:Q1,T,S,0.05352790533759072,0.0,0.058438976592418604,4.302699992478463,True,5,0.02
monthly_mixed_frequency_kalman_em,exact,2022:Q1:pre_third:exact,2022-06-28,pre_third,2022:Q1,T,T,0.14585643601771192,0.0,0.058438976592418604,4.302699992478463,True,5,0.02
revision_dfm_kalman_em,exact,2022:Q1:pre_third:exact,2022-06-28,pre_third,2022:Q1,A,A,0.22983470468959705,1.734723475976807e-18,0.04611247606556552,4.106962708112505,True,5,0.02
revision_dfm_kalman_em,exact,2022:Q1:pre_third:exact,2022-06-28,pre_third,2022:Q1,A,M,0.007244922784541207,1.734723475976807e-18,0.04611247606556552,4.106962708112505,True,5,0.02
revision_dfm_kalman_em,exact,2022:Q1:pre_third:exact,2022-06-28,pre_third,2022:Q1,A,S,0.010929315659697797,1.734723475976807e-18,0.04611247606556552,4.106962708112505,True,5,0.02
revision_dfm_kalman_em,exact,2022:Q1:pre_third:exact,2022-06-28,pre_third,2022:Q1,A,T,0.008718679934603844,1.734723475976807e-18,0.04611247606556552,4.106962708112505,True,5,0.02
revision_dfm_kalman_em,exact,2022:Q1:pre_third:exact,2022-06-28,pre_third,2022:Q1,M,A,0.007244922784541207,1.734723475976807e-18,0.04611247606556552,4.106962708112505,True,5,0.02
revision_dfm_kalman_em,exact,2022:Q1:pre_third:exact,2022-06-28,pre_third,2022:Q1,M,M,4.106581485940749,1.734723475976807e-18,0.04611247606556552,4.106962708112505,True,5,0.02
revision_dfm_kalman_em,exact,2022:Q1:pre_third:exact,2022-06-28,pre_third,2022:Q1,M,S,0.026725271443182336,1.734723475976807e-18,0.04611247606556552,4.106962708112505,True,5,0.02
revision_dfm_kalman_em,exact,2022:Q1:pre_third:exact,2022-06-28,pre_third,2022:Q1,M,T,0.027340440348192056,1.734723475976807e-18,0.04611247606556552,4.106962708112505,True,5,0.02
revision_dfm_kalman_em,exact,2022:Q1:pre_third:exact,2022-06-28,pre_third,2022:Q1,S,A,0.010929315659697795,1.734723475976807e-18,0.04611247606556552,4.106962708112505,True,5,0.02
revision_dfm_kalman_em,exact,2022:Q1:pre_third:exact,2022-06-28,pre_third,2022:Q1,S,M,0.026725271443182336,1.734723475976807e-18,0.04611247606556552,4.106962708112505,True,5,0.02
revision_dfm_kalman_em,exact,2022:Q1:pre_third:exact,2022-06-28,pre_third,2022:Q1,S,S,0.05384491252819794,1.734723475976807e-18,0.04611247606556552,4.106962708112505,True,5,0.02
revision_dfm_kalman_em,exact,2022:Q1:pre_third:exact,2022-06-28,pre_third,2022:Q1,S,T,0.026409352327512646,1.734723475976807e-18,0.04611247606556552,4.106962708112505,True,5,0.02
revision_dfm_kalman_em,exact,2022:Q1:pre_third:exact,2022-06-28,pre_third,2022:Q1,T,A,0.008718679934603842,1.734723475976807e-18,0.04611247606556552,4.106962708112505,True,5,0.02
revision_dfm_kalman_em,exact,2022:Q1:pre_third:exact,2022-06-28,pre_third,2022:Q1,T,M,0.027340440348192056,1.734723475976807e-18,0.04611247606556552,4.106962708112505,True,5,0.02
revision_dfm_kalman_em,exact,2022:Q1:pre_third:exact,2022-06-28,pre_third,2022:Q1,T,S,0.026409352327512646,1.734723475976807e-18,0.04611247606556552,4.106962708112505,True,5,0.02
revision_dfm_kalman_em,exact,2022:Q1:pre_third:exact,2022-06-28,pre_third,2022:Q1,T,T,0.14238091118323776,1.734723475976807e-18,0.04611247606556552,4.106962708112505,True,5,0.02
indicator_revision_only_dfm_kalman_em,pseudo,2022:Q1:pre_third:pseudo,2022-06-30,pre_third,2022:Q1,A,A,0.41582039663373993,0.0,0.030805962499449946,4.101124536498418,True,5,0.02
indicator_revision_only_dfm_kalman_em,pseudo,2022:Q1:pre_third:pseudo,2022-06-30,pre_third,2022:Q1,A,M,0.016472888634777236,0.0,0.030805962499449946,4.101124536498418,True,5,0.02
indicator_revision_only_dfm_kalman_em,pseudo,2022:Q1:pre_third:pseudo,2022-06-30,pre_third,2022:Q1,A,S,0.016472888634777236,0.0,0.030805962499449946,4.101124536498418,True,5,0.02
indicator_revision_only_dfm_kalman_em,pseudo,2022:Q1:pre_third:pseudo,2022-06-30,pre_third,2022:Q1,A,T,0.016472888634777236,0.0,0.030805962499449946,4.101124536498418,True,5,0.02
indicator_revision_only_dfm_kalman_em,pseudo,2022:Q1:pre_third:pseudo,2022-06-30,pre_third,2022:Q1,M,A,0.016472888634777236,0.0,0.030805962499449946,4.101124536498418,True,5,0.02
indicator_revision_only_dfm_kalman_em,pseudo,2022:Q1:pre_third:pseudo,2022-06-30,pre_third,2022:Q1,M,M,4.100913828239738,0.0,0.030805962499449946,4.101124536498418,True,5,0.02
indicator_revision_only_dfm_kalman_em,pseudo,2022:Q1:pre_third:pseudo,2022-06-30,pre_third,2022:Q1,M,S,0.016472888634777236,0.0,0.030805962499449946,4.101124536498418,True,5,0.02
indicator_revision_only_dfm_kalman_em,pseudo,2022:Q1:pre_third:pseudo,2022-06-30,pre_third,2022:Q1,M,T,0.016472888634777236,0.0,0.030805962499449946,4.101124536498418,True,5,0.02
indicator_revision_only_dfm_kalman_em,pseudo,2022:Q1:pre_third:pseudo,2022-06-30,pre_third,2022:Q1,S,A,0.016472888634777236,0.0,0.030805962499449946,4.101124536498418,True,5,0.02
indicator_revision_only_dfm_kalman_em,pseudo,2022:Q1:pre_third:pseudo,2022-06-30,pre_third,2022:Q1,S,M,0.016472888634777236,0.0,0.030805962499449946,4.101124536498418,True,5,0.02
indicator_revision_only_dfm_kalman_em,pseudo,2022:Q1:pre_third:pseudo,2022-06-30,pre_third,2022:Q1,S,S,0.03375862391370927,0.0,0.030805962499449946,4.101124536498418,True,5,0.02
indicator_revision_only_dfm_kalman_em,pseudo,2022:Q1:pre_third:pseudo,2022-06-30,pre_third,2022:Q1,S,T,0.016472888634777236,0.0,0.030805962499449946,4.101124536498418,True,5,0.02
indicator_revision_only_dfm_kalman_em,pseudo,2022:Q1:pre_third:pseudo,2022-06-30,pre_third,2022:Q1,T,A,0.016472888634777236,0.0,0.030805962499449946,4.101124536498418,True,5,0.02
indicator_revision_only_dfm_kalman_em,pseudo,2022:Q1:pre_third:pseudo,2022-06-30,pre_third,2022:Q1,T,M,0.016472888634777236,0.0,0.030805962499449946,4.101124536498418,True,5,0.02
indicator_revision_only_dfm_kalman_em,pseudo,2022:Q1:pre_third:pseudo,2022-06-30,pre_third,2022:Q1,T,S,0.016472888634777236,0.0,0.030805962499449946,4.101124536498418,True,5,0.02
indicator_revision_only_dfm_kalman_em,pseudo,2022:Q1:pre_third:pseudo,2022-06-30,pre_third,2022:Q1,T,T,0.14439115438054317,0.0,0.030805962499449946,4.101124536498418,True,5,0.02
joint_indicator_revision_dfm_full_kalman_em,pseudo,2022:Q1:pre_third:pseudo,2022-06-30,pre_third,2022:Q1,A,A,0.19839581448399862,8.673617379884035e-19,0.035936632856332196,4.113947131646416,True,5,0.02
joint_indicator_revision_dfm_full_kalman_em,pseudo,2022:Q1:pre_third:pseudo,2022-06-30,pre_third,2022:Q1,A,M,0.004500986499220202,8.673617379884035e-19,0.035936632856332196,4.113947131646416,True,5,0.02
joint_indicator_revision_dfm_full_kalman_em,pseudo,2022:Q1:pre_third:pseudo,2022-06-30,pre_third,2022:Q1,A,S,0.007777456345888296,8.673617379884035e-19,0.035936632856332196,4.113947131646416,True,5,0.02
joint_indicator_revision_dfm_full_kalman_em,pseudo,2022:Q1:pre_third:pseudo,2022-06-30,pre_third,2022:Q1,A,T,0.00581157443788744,8.673617379884035e-19,0.035936632856332196,4.113947131646416,True,5,0.02
joint_indicator_revision_dfm_full_kalman_em,pseudo,2022:Q1:pre_third:pseudo,2022-06-30,pre_third,2022:Q1,M,A,0.004500986499220202,8.673617379884035e-19,0.035936632856332196,4.113947131646416,True,5,0.02
joint_indicator_revision_dfm_full_kalman_em,pseudo,2022:Q1:pre_third:pseudo,2022-06-30,pre_third,2022:Q1,M,M,4.113736575804357,8.673617379884035e-19,0.035936632856332196,4.113947131646416,True,5,0.02
joint_indicator_revision_dfm_full_kalman_em,pseudo,2022:Q1:pre_third:pseudo,2022-06-30,pre_third,2022:Q1,M,S,0.02001735762783322,8.673617379884035e-19,0.035936632856332196,4.113947131646416,True,5,0.02
joint_indicator_revision_dfm_full_kalman_em,pseudo,2022:Q1:pre_third:pseudo,2022-06-30,pre_third,2022:Q1,M,T,0.020507348295052578,8.673617379884035e-19,0.035936632856332196,4.113947131646416,True,5,0.02
joint_indicator_revision_dfm_full_kalman_em,pseudo,2022:Q1:pre_third:pseudo,2022-06-30,pre_third,2022:Q1,S,A,0.007777456345888297,8.673617379884035e-19,0.035936632856332196,4.113947131646416,True,5,0.02
joint_indicator_revision_dfm_full_kalman_em,pseudo,2022:Q1:pre_third:pseudo,2022-06-30,pre_third,2022:Q1,S,M,0.02001735762783322,8.673617379884035e-19,0.035936632856332196,4.113947131646416,True,5,0.02
joint_indicator_revision_dfm_full_kalman_em,pseudo,2022:Q1:pre_third:pseudo,2022-06-30,pre_third,2022:Q1,S,S,0.03998825577681155,8.673617379884035e-19,0.035936632856332196,4.113947131646416,True,5,0.02
joint_indicator_revision_dfm_full_kalman_em,pseudo,2022:Q1:pre_third:pseudo,2022-06-30,pre_third,2022:Q1,S,T,0.01977255960219432,8.673617379884035e-19,0.035936632856332196,4.113947131646416,True,5,0.02
joint_indicator_revision_dfm_full_kalman_em,pseudo,2022:Q1:pre_third:pseudo,2022-06-30,pre_third,2022:Q1,T,A,0.005811574437887441,8.673617379884035e-19,0.035936632856332196,4.113947131646416,True,5,0.02
joint_indicator_revision_dfm_full_kalman_em,pseudo,2022:Q1:pre_third:pseudo,2022-06-30,pre_third,2022:Q1,T,M,0.020507348295052578,8.673617379884035e-19,0.035936632856332196,4.113947131646416,True,5,0.02
joint_indicator_revision_dfm_full_kalman_em,pseudo,2022:Q1:pre_third:pseudo,2022-06-30,pre_third,2022:Q1,T,S,0.01977255960219432,8.673617379884035e-19,0.035936632856332196,4.113947131646416,True,5,0.02
joint_indicator_revision_dfm_full_kalman_em,pseudo,2022:Q1:pre_third:pseudo,2022-06-30,pre_third,2022:Q1,T,T,0.1412343891071257,8.673617379884035e-19,0.035936632856332196,4.113947131646416,True,5,0.02
monthly_mixed_frequency_kalman_em,pseudo,2022:Q1:pre_third:pseudo,2022-06-30,pre_third,2022:Q1,A,A,0.31456341445152036,0.0,0.05843913860877173,4.3027010064302935,True,5,0.02
monthly_mixed_frequency_kalman_em,pseudo,2022:Q1:pre_third:pseudo,2022-06-30,pre_third,2022:Q1,A,M,-0.039943084100187716,0.0,0.05843913860877173,4.3027010064302935,True,5,0.02
monthly_mixed_frequency_kalman_em,pseudo,2022:Q1:pre_third:pseudo,2022-06-30,pre_third,2022:Q1,A,S,0.030644873445386786,0.0,0.05843913860877173,4.3027010064302935,True,5,0.02
monthly_mixed_frequency_kalman_em,pseudo,2022:Q1:pre_third:pseudo,2022-06-30,pre_third,2022:Q1,A,T,-0.007857648852199304,0.0,0.05843913860877173,4.3027010064302935,True,5,0.02
monthly_mixed_frequency_kalman_em,pseudo,2022:Q1:pre_third:pseudo,2022-06-30,pre_third,2022:Q1,M,A,-0.039943084100187716,0.0,0.05843913860877173,4.3027010064302935,True,5,0.02
monthly_mixed_frequency_kalman_em,pseudo,2022:Q1:pre_third:pseudo,2022-06-30,pre_third,2022:Q1,M,M,4.297391420753654,0.0,0.05843913860877173,4.3027010064302935,True,5,0.02
monthly_mixed_frequency_kalman_em,pseudo,2022:Q1:pre_third:pseudo,2022-06-30,pre_third,2022:Q1,M,S,0.06115594138254348,0.0,0.05843913860877173,4.3027010064302935,True,5,0.02
monthly_mixed_frequency_kalman_em,pseudo,2022:Q1:pre_third:pseudo,2022-06-30,pre_third,2022:Q1,M,T,0.1285552917043643,0.0,0.05843913860877173,4.3027010064302935,True,5,0.02
monthly_mixed_frequency_kalman_em,pseudo,2022:Q1:pre_third:pseudo,2022-06-30,pre_third,2022:Q1,S,A,0.030644873445386786,0.0,0.05843913860877173,4.3027010064302935,True,5,0.02
monthly_mixed_frequency_kalman_em,pseudo,2022:Q1:pre_third:pseudo,2022-06-30,pre_third,2022:Q1,S,M,0.06115594138254348,0.0,0.05843913860877173,4.3027010064302935,True,5,0.02
monthly_mixed_frequency_kalman_em,pseudo,2022:Q1:pre_third:pseudo,2022-06-30,pre_third,2022:Q1,S,S,0.09618355394803843,0.0,0.05843913860877173,4.3027010064302935,True,5,0.02
monthly_mixed_frequency_kalman_em,pseudo,2022:Q1:pre_third:pseudo,2022-06-30,pre_third,2022:Q1,S,T,0.053528174398254316,0.0,0.05843913860877173,4.3027010064302935,True,5,0.02
monthly_mixed_frequency_kalman_em,pseudo,2022:Q1:pre_third:pseudo,2022-06-30,pre_third,2022:Q1,T,A,-0.007857648852199304,0.0,0.05843913860877173,4.3027010064302935,True,5,0.02
monthly_mixed_frequency_kalman_em,pseudo,2022:Q1:pre_third:pseudo,2022-06-30,pre_third,2022:Q1,T,M,0.1285552917043643,0.0,0.05843913860877173,4.3027010064302935,True,5,0.02
monthly_mixed_frequency_kalman_em,pseudo,2022:Q1:pre_third:pseudo,2022-06-30,pre_third,2022:Q1,T,S,0.053528174398254316,0.0,0.05843913860877173,4.3027010064302935,True,5,0.02
monthly_mixed_frequency_kalman_em,pseudo,2022:Q1:pre_third:pseudo,2022-06-30,pre_third,2022:Q1,T,T,0.14585705913390706,0.0,0.05843913860877173,4.3027010064302935,True,5,0.02
revision_dfm_kalman_em,pseudo,2022:Q1:pre_third:pseudo,2022-06-30,pre_third,2022:Q1,A,A,0.229832573243253,1.734723475976807e-18,0.046112469474243085,4.106963025051564,True,5,0.02
revision_dfm_kalman_em,pseudo,2022:Q1:pre_third:pseudo,2022-06-30,pre_third,2022:Q1,A,M,0.007244748049840348,1.734723475976807e-18,0.046112469474243085,4.106963025051564,True,5,0.02
revision_dfm_kalman_em,pseudo,2022:Q1:pre_third:pseudo,2022-06-30,pre_third,2022:Q1,A,S,0.01092913402058656,1.734723475976807e-18,0.046112469474243085,4.106963025051564,True,5,0.02
revision_dfm_kalman_em,pseudo,2022:Q1:pre_third:pseudo,2022-06-30,pre_third,2022:Q1,A,T,0.008718502438138834,1.734723475976807e-18,0.046112469474243085,4.106963025051564,True,5,0.02
revision_dfm_kalman_em,pseudo,2022:Q1:pre_third:pseudo,2022-06-30,pre_third,2022:Q1,M,A,0.007244748049840348,1.734723475976807e-18,0.046112469474243085,4.106963025051564,True,5,0.02
revision_dfm_kalman_em,pseudo,2022:Q1:pre_third:pseudo,2022-06-30,pre_third,2022:Q1,M,M,4.106581803317831,1.734723475976807e-18,0.046112469474243085,4.106963025051564,True,5,0.02
revision_dfm_kalman_em,pseudo,2022:Q1:pre_third:pseudo,2022-06-30,pre_third,2022:Q1,M,S,0.02672527864667521,1.734723475976807e-18,0.046112469474243085,4.106963025051564,True,5,0.02
revision_dfm_kalman_em,pseudo,2022:Q1:pre_third:pseudo,2022-06-30,pre_third,2022:Q1,M,T,0.027340453297101573,1.734723475976807e-18,0.046112469474243085,4.106963025051564,True,5,0.02
revision_dfm_kalman_em,pseudo,2022:Q1:pre_third:pseudo,2022-06-30,pre_third,2022:Q1,S,A,0.01092913402058656,1.734723475976807e-18,0.046112469474243085,4.106963025051564,True,5,0.02
revision_dfm_kalman_em,pseudo,2022:Q1:pre_third:pseudo,2022-06-30,pre_third,2022:Q1,S,M,0.02672527864667521,1.734723475976807e-18,0.046112469474243085,4.106963025051564,True,5,0.02
revision_dfm_kalman_em,pseudo,2022:Q1:pre_third:pseudo,2022-06-30,pre_third,2022:Q1,S,S,0.05384490096277901,1.734723475976807e-18,0.046112469474243085,4.106963025051564,True,5,0.02
revision_dfm_kalman_em,pseudo,2022:Q1:pre_third:pseudo,2022-06-30,pre_third,2022:Q1,S,T,0.026409355754153437,1.734723475976807e-18,0.046112469474243085,4.106963025051564,True,5,0.02
revision_dfm_kalman_em,pseudo,2022:Q1:pre_third:pseudo,2022-06-30,pre_third,2022:Q1,T,A,0.008718502438138832,1.734723475976807e-18,0.046112469474243085,4.106963025051564,True,5,0.02
revision_dfm_kalman_em,pseudo,2022:Q1:pre_third:pseudo,2022-06-30,pre_third,2022:Q1,T,M,0.027340453297101573,1.734723475976807e-18,0.046112469474243085,4.106963025051564,True,5,0.02
revision_dfm_kalman_em,pseudo,2022:Q1:pre_third:pseudo,2022-06-30,pre_third,2022:Q1,T,S,0.026409355754153437,1.734723475976807e-18,0.046112469474243085,4.106963025051564,True,5,0.02
revision_dfm_kalman_em,pseudo,2022:Q1:pre_third:pseudo,2022-06-30,pre_third,2022:Q1,T,T,0.142380891521332,1.734723475976807e-18,0.046112469474243085,4.106963025051564,True,5,0.02
indicator_revision_only_dfm_kalman_em,exact,2022:Q2:pre_advance:exact,2022-07-27,pre_advance,2022:Q2,A,A,3.2290940479024073,0.0,0.06698662716743793,12.768564353502159,True,5,0.02
indicator_revision_only_dfm_kalman_em,exact,2022:Q2:pre_advance:exact,2022-07-27,pre_advance,2022:Q2,A,M,2.8298365899699314,0.0,0.06698662716743793,12.768564353502159,True,5,0.02
indicator_revision_only_dfm_kalman_em,exact,2022:Q2:pre_advance:exact,2022-07-27,pre_advance,2022:Q2,A,S,2.8298365899699314,0.0,0.06698662716743793,12.768564353502159,True,5,0.02
indicator_revision_only_dfm_kalman_em,exact,2022:Q2:pre_advance:exact,2022-07-27,pre_advance,2022:Q2,A,T,2.8298365899699314,0.0,0.06698662716743793,12.768564353502159,True,5,0.02
indicator_revision_only_dfm_kalman_em,exact,2022:Q2:pre_advance:exact,2022-07-27,pre_advance,2022:Q2,M,A,2.8298365899699314,0.0,0.06698662716743793,12.768564353502159,True,5,0.02
indicator_revision_only_dfm_kalman_em,exact,2022:Q2:pre_advance:exact,2022-07-27,pre_advance,2022:Q2,M,M,6.902898236729861,0.0,0.06698662716743793,12.768564353502159,True,5,0.02
indicator_revision_only_dfm_kalman_em,exact,2022:Q2:pre_advance:exact,2022-07-27,pre_advance,2022:Q2,M,S,2.8298365899699314,0.0,0.06698662716743793,12.768564353502159,True,5,0.02
indicator_revision_only_dfm_kalman_em,exact,2022:Q2:pre_advance:exact,2022-07-27,pre_advance,2022:Q2,M,T,2.8298365899699314,0.0,0.06698662716743793,12.768564353502159,True,5,0.02
indicator_revision_only_dfm_kalman_em,exact,2022:Q2:pre_advance:exact,2022-07-27,pre_advance,2022:Q2,S,A,2.8298365899699314,0.0,0.06698662716743793,12.768564353502159,True,5,0.02
indicator_revision_only_dfm_kalman_em,exact,2022:Q2:pre_advance:exact,2022-07-27,pre_advance,2022:Q2,S,M,2.8298365899699314,0.0,0.06698662716743793,12.768564353502159,True,5,0.02
indicator_revision_only_dfm_kalman_em,exact,2022:Q2:pre_advance:exact,2022-07-27,pre_advance,2022:Q2,S,S,2.847482360084234,0.0,0.06698662716743793,12.768564353502159,True,5,0.02
indicator_revision_only_dfm_kalman_em,exact,2022:Q2:pre_advance:exact,2022-07-27,pre_advance,2022:Q2,S,T,2.8298365899699314,0.0,0.06698662716743793,12.768564353502159,True,5,0.02
indicator_revision_only_dfm_kalman_em,exact,2022:Q2:pre_advance:exact,2022-07-27,pre_advance,2022:Q2,T,A,2.8298365899699314,0.0,0.06698662716743793,12.768564353502159,True,5,0.02
indicator_revision_only_dfm_kalman_em,exact,2022:Q2:pre_advance:exact,2022-07-27,pre_advance,2022:Q2,T,M,2.8298365899699314,0.0,0.06698662716743793,12.768564353502159,True,5,0.02
indicator_revision_only_dfm_kalman_em,exact,2022:Q2:pre_advance:exact,2022-07-27,pre_advance,2022:Q2,T,S,2.8298365899699314,0.0,0.06698662716743793,12.768564353502159,True,5,0.02
indicator_revision_only_dfm_kalman_em,exact,2022:Q2:pre_advance:exact,2022-07-27,pre_advance,2022:Q2,T,T,2.956866731573411,0.0,0.06698662716743793,12.768564353502159,True,5,0.02
joint_indicator_revision_dfm_full_kalman_em,exact,2022:Q2:pre_advance:exact,2022-07-27,pre_advance,2022:Q2,A,A,2.3520276579588484,4.440892098500626e-16,0.0646388353788326,12.588278475398264,True,5,0.02
joint_indicator_revision_dfm_full_kalman_em,exact,2022:Q2:pre_advance:exact,2022-07-27,pre_advance,2022:Q2,A,M,2.5005448884066306,4.440892098500626e-16,0.0646388353788326,12.588278475398264,True,5,0.02
joint_indicator_revision_dfm_full_kalman_em,exact,2022:Q2:pre_advance:exact,2022-07-27,pre_advance,2022:Q2,A,S,2.4867486301474666,4.440892098500626e-16,0.0646388353788326,12.588278475398264,True,5,0.02
joint_indicator_revision_dfm_full_kalman_em,exact,2022:Q2:pre_advance:exact,2022-07-27,pre_advance,2022:Q2,A,T,2.495026385102965,4.440892098500626e-16,0.0646388353788326,12.588278475398264,True,5,0.02
joint_indicator_revision_dfm_full_kalman_em,exact,2022:Q2:pre_advance:exact,2022-07-27,pre_advance,2022:Q2,M,A,2.5005448884066306,4.440892098500626e-16,0.0646388353788326,12.588278475398264,True,5,0.02
joint_indicator_revision_dfm_full_kalman_em,exact,2022:Q2:pre_advance:exact,2022-07-27,pre_advance,2022:Q2,M,M,7.099491845721096,4.440892098500626e-16,0.0646388353788326,12.588278475398264,True,5,0.02
joint_indicator_revision_dfm_full_kalman_em,exact,2022:Q2:pre_advance:exact,2022-07-27,pre_advance,2022:Q2,M,S,2.9926048649709682,4.440892098500626e-16,0.0646388353788326,12.588278475398264,True,5,0.02
joint_indicator_revision_dfm_full_kalman_em,exact,2022:Q2:pre_advance:exact,2022-07-27,pre_advance,2022:Q2,M,T,3.0081436010730003,4.440892098500626e-16,0.0646388353788326,12.588278475398264,True,5,0.02
joint_indicator_revision_dfm_full_kalman_em,exact,2022:Q2:pre_advance:exact,2022-07-27,pre_advance,2022:Q2,S,A,2.4867486301474666,4.440892098500626e-16,0.0646388353788326,12.588278475398264,True,5,0.02
joint_indicator_revision_dfm_full_kalman_em,exact,2022:Q2:pre_advance:exact,2022-07-27,pre_advance,2022:Q2,S,M,2.9926048649709682,4.440892098500626e-16,0.0646388353788326,12.588278475398264,True,5,0.02
joint_indicator_revision_dfm_full_kalman_em,exact,2022:Q2:pre_advance:exact,2022-07-27,pre_advance,2022:Q2,S,S,2.988445010859783,4.440892098500626e-16,0.0646388353788326,12.588278475398264,True,5,0.02
joint_indicator_revision_dfm_full_kalman_em,exact,2022:Q2:pre_advance:exact,2022-07-27,pre_advance,2022:Q2,S,T,2.982487740274498,4.440892098500626e-16,0.0646388353788326,12.588278475398264,True,5,0.02
joint_indicator_revision_dfm_full_kalman_em,exact,2022:Q2:pre_advance:exact,2022-07-27,pre_advance,2022:Q2,T,A,2.495026385102965,4.440892098500626e-16,0.0646388353788326,12.588278475398264,True,5,0.02
joint_indicator_revision_dfm_full_kalman_em,exact,2022:Q2:pre_advance:exact,2022-07-27,pre_advance,2022:Q2,T,M,3.0081436010730003,4.440892098500626e-16,0.0646388353788326,12.588278475398264,True,5,0.02
joint_indicator_revision_dfm_full_kalman_em,exact,2022:Q2:pre_advance:exact,2022-07-27,pre_advance,2022:Q2,T,S,2.9824877402744985,4.440892098500626e-16,0.0646388353788326,12.588278475398264,True,5,0.02
joint_indicator_revision_dfm_full_kalman_em,exact,2022:Q2:pre_advance:exact,2022-07-27,pre_advance,2022:Q2,T,T,3.117814279543024,4.440892098500626e-16,0.0646388353788326,12.588278475398264,True,5,0.02
monthly_mixed_frequency_kalman_em,exact,2022:Q2:pre_advance:exact,2022-07-27,pre_advance,2022:Q2,A,A,4.4859088166037475,0.0,0.06144640494666249,18.79442962708571,True,5,0.02
monthly_mixed_frequency_kalman_em,exact,2022:Q2:pre_advance:exact,2022-07-27,pre_advance,2022:Q2,A,M,4.218813911289493,0.0,0.06144640494666249,18.79442962708571,True,5,0.02
monthly_mixed_frequency_kalman_em,exact,2022:Q2:pre_advance:exact,2022-07-27,pre_advance,2022:Q2,A,S,4.2408055894414804,0.0,0.06144640494666249,18.79442962708571,True,5,0.02
monthly_mixed_frequency_kalman_em,exact,2022:Q2:pre_advance:exact,2022-07-27,pre_advance,2022:Q2,A,T,4.228810128631306,0.0,0.06144640494666249,18.79442962708571,True,5,0.02
monthly_mixed_frequency_kalman_em,exact,2022:Q2:pre_advance:exact,2022-07-27,pre_advance,2022:Q2,M,A,4.218813911289493,0.0,0.06144640494666249,18.79442962708571,True,5,0.02
monthly_mixed_frequency_kalman_em,exact,2022:Q2:pre_advance:exact,2022-07-27,pre_advance,2022:Q2,M,M,8.758828545403793,0.0,0.06144640494666249,18.79442962708571,True,5,0.02
monthly_mixed_frequency_kalman_em,exact,2022:Q2:pre_advance:exact,2022-07-27,pre_advance,2022:Q2,M,S,4.415851767501308,0.0,0.06144640494666249,18.79442962708571,True,5,0.02
monthly_mixed_frequency_kalman_em,exact,2022:Q2:pre_advance:exact,2022-07-27,pre_advance,2022:Q2,M,T,4.547210338309185,0.0,0.06144640494666249,18.79442962708571,True,5,0.02
monthly_mixed_frequency_kalman_em,exact,2022:Q2:pre_advance:exact,2022-07-27,pre_advance,2022:Q2,S,A,4.2408055894414804,0.0,0.06144640494666249,18.79442962708571,True,5,0.02
monthly_mixed_frequency_kalman_em,exact,2022:Q2:pre_advance:exact,2022-07-27,pre_advance,2022:Q2,S,M,4.415851767501308,0.0,0.06144640494666249,18.79442962708571,True,5,0.02
monthly_mixed_frequency_kalman_em,exact,2022:Q2:pre_advance:exact,2022-07-27,pre_advance,2022:Q2,S,S,4.370824499267409,0.0,0.06144640494666249,18.79442962708571,True,5,0.02
monthly_mixed_frequency_kalman_em,exact,2022:Q2:pre_advance:exact,2022-07-27,pre_advance,2022:Q2,S,T,4.372090222986351,0.0,0.06144640494666249,18.79442962708571,True,5,0.02
monthly_mixed_frequency_kalman_em,exact,2022:Q2:pre_advance:exact,2022-07-27,pre_advance,2022:Q2,T,A,4.228810128631306,0.0,0.06144640494666249,18.79442962708571,True,5,0.02
monthly_mixed_frequency_kalman_em,exact,2022:Q2:pre_advance:exact,2022-07-27,pre_advance,2022:Q2,T,M,4.547210338309185,0.0,0.06144640494666249,18.79442962708571,True,5,0.02
monthly_mixed_frequency_kalman_em,exact,2022:Q2:pre_advance:exact,2022-07-27,pre_advance,2022:Q2,T,S,4.372090222986351,0.0,0.06144640494666249,18.79442962708571,True,5,0.02
monthly_mixed_frequency_kalman_em,exact,2022:Q2:pre_advance:exact,2022-07-27,pre_advance,2022:Q2,T,T,4.51901280242665,0.0,0.06144640494666249,18.79442962708571,True,5,0.02
revision_dfm_kalman_em,exact,2022:Q2:pre_advance:exact,2022-07-27,pre_advance,2022:Q2,A,A,2.995518251771447,4.440892098500626e-16,0.06744052118485658,14.919052665511082,True,5,0.02
revision_dfm_kalman_em,exact,2022:Q2:pre_advance:exact,2022-07-27,pre_advance,2022:Q2,A,M,3.112544308164231,4.440892098500626e-16,0.06744052118485658,14.919052665511082,True,5,0.02
revision_dfm_kalman_em,exact,2022:Q2:pre_advance:exact,2022-07-27,pre_advance,2022:Q2,A,S,3.0994202014878955,4.440892098500626e-16,0.06744052118485658,14.919052665511082,True,5,0.02
revision_dfm_kalman_em,exact,2022:Q2:pre_advance:exact,2022-07-27,pre_advance,2022:Q2,A,T,3.107294665493697,4.440892098500626e-16,0.06744052118485658,14.919052665511082,True,5,0.02
revision_dfm_kalman_em,exact,2022:Q2:pre_advance:exact,2022-07-27,pre_advance,2022:Q2,M,A,3.112544308164231,4.440892098500626e-16,0.06744052118485658,14.919052665511082,True,5,0.02
revision_dfm_kalman_em,exact,2022:Q2:pre_advance:exact,2022-07-27,pre_advance,2022:Q2,M,M,7.684199591357424,4.440892098500626e-16,0.06744052118485658,14.919052665511082,True,5,0.02
revision_dfm_kalman_em,exact,2022:Q2:pre_advance:exact,2022-07-27,pre_advance,2022:Q2,M,S,3.5944929048065415,4.440892098500626e-16,0.06744052118485658,14.919052665511082,True,5,0.02
revision_dfm_kalman_em,exact,2022:Q2:pre_advance:exact,2022-07-27,pre_advance,2022:Q2,M,T,3.6097123341741937,4.440892098500626e-16,0.06744052118485658,14.919052665511082,True,5,0.02
revision_dfm_kalman_em,exact,2022:Q2:pre_advance:exact,2022-07-27,pre_advance,2022:Q2,S,A,3.0994202014878955,4.440892098500626e-16,0.06744052118485658,14.919052665511082,True,5,0.02
revision_dfm_kalman_em,exact,2022:Q2:pre_advance:exact,2022-07-27,pre_advance,2022:Q2,S,M,3.5944929048065415,4.440892098500626e-16,0.06744052118485658,14.919052665511082,True,5,0.02
revision_dfm_kalman_em,exact,2022:Q2:pre_advance:exact,2022-07-27,pre_advance,2022:Q2,S,S,3.5992984781014266,4.440892098500626e-16,0.06744052118485658,14.919052665511082,True,5,0.02
revision_dfm_kalman_em,exact,2022:Q2:pre_advance:exact,2022-07-27,pre_advance,2022:Q2,S,T,3.584591450740169,4.440892098500626e-16,0.06744052118485658,14.919052665511082,True,5,0.02
revision_dfm_kalman_em,exact,2022:Q2:pre_advance:exact,2022-07-27,pre_advance,2022:Q2,T,A,3.1072946654936966,4.440892098500626e-16,0.06744052118485658,14.919052665511082,True,5,0.02
revision_dfm_kalman_em,exact,2022:Q2:pre_advance:exact,2022-07-27,pre_advance,2022:Q2,T,M,3.6097123341741937,4.440892098500626e-16,0.06744052118485658,14.919052665511082,True,5,0.02
revision_dfm_kalman_em,exact,2022:Q2:pre_advance:exact,2022-07-27,pre_advance,2022:Q2,T,S,3.584591450740169,4.440892098500626e-16,0.06744052118485658,14.919052665511082,True,5,0.02
revision_dfm_kalman_em,exact,2022:Q2:pre_advance:exact,2022-07-27,pre_advance,2022:Q2,T,T,3.713177512862332,4.440892098500626e-16,0.06744052118485658,14.919052665511082,True,5,0.02
indicator_revision_only_dfm_kalman_em,pseudo,2022:Q2:pre_advance:pseudo,2022-07-31,pre_advance,2022:Q2,A,A,3.229102826700364,0.0,0.06698661928360186,12.7685981873577,True,5,0.02
indicator_revision_only_dfm_kalman_em,pseudo,2022:Q2:pre_advance:pseudo,2022-07-31,pre_advance,2022:Q2,A,M,2.8298453020878656,0.0,0.06698661928360186,12.7685981873577,True,5,0.02
indicator_revision_only_dfm_kalman_em,pseudo,2022:Q2:pre_advance:pseudo,2022-07-31,pre_advance,2022:Q2,A,S,2.8298453020878656,0.0,0.06698661928360186,12.7685981873577,True,5,0.02
indicator_revision_only_dfm_kalman_em,pseudo,2022:Q2:pre_advance:pseudo,2022-07-31,pre_advance,2022:Q2,A,T,2.8298453020878656,0.0,0.06698661928360186,12.7685981873577,True,5,0.02
indicator_revision_only_dfm_kalman_em,pseudo,2022:Q2:pre_advance:pseudo,2022-07-31,pre_advance,2022:Q2,M,A,2.8298453020878656,0.0,0.06698661928360186,12.7685981873577,True,5,0.02
indicator_revision_only_dfm_kalman_em,pseudo,2022:Q2:pre_advance:pseudo,2022-07-31,pre_advance,2022:Q2,M,M,6.9029069590302,0.0,0.06698661928360186,12.7685981873577,True,5,0.02
indicator_revision_only_dfm_kalman_em,pseudo,2022:Q2:pre_advance:pseudo,2022-07-31,pre_advance,2022:Q2,M,S,2.8298453020878656,0.0,0.06698661928360186,12.7685981873577,True,5,0.02
indicator_revision_only_dfm_kalman_em,pseudo,2022:Q2:pre_advance:pseudo,2022-07-31,pre_advance,2022:Q2,M,T,2.8298453020878656,0.0,0.06698661928360186,12.7685981873577,True,5,0.02
indicator_revision_only_dfm_kalman_em,pseudo,2022:Q2:pre_advance:pseudo,2022-07-31,pre_advance,2022:Q2,S,A,2.8298453020878656,0.0,0.06698661928360186,12.7685981873577,True,5,0.02
indicator_revision_only_dfm_kalman_em,pseudo,2022:Q2:pre_advance:pseudo,2022-07-31,pre_advance,2022:Q2,S,M,2.8298453020878656,0.0,0.06698661928360186,12.7685981873577,True,5,0.02
indicator_revision_only_dfm_kalman_em,pseudo,2022:Q2:pre_advance:pseudo,2022-07-31,pre_advance,2022:Q2,S,S,2.847491046643108,0.0,0.06698661928360186,12.7685981873577,True,5,0.02
indicator_revision_only_dfm_kalman_em,pseudo,2022:Q2:pre_advance:pseudo,2022-07-31,pre_advance,2022:Q2,S,T,2.8298453020878656,0.0,0.06698661928360186,12.7685981873577,True,5,0.02
indicator_revision_only_dfm_kalman_em,pseudo,2022:Q2:pre_advance:pseudo,2022-07-31,pre_advance,2022:Q2,T,A,2.8298453020878656,0.0,0.06698661928360186,12.7685981873577,True,5,0.02
indicator_revision_only_dfm_kalman_em,pseudo,2022:Q2:pre_advance:pseudo,2022-07-31,pre_advance,2022:Q2,T,M,2.8298453020878656,0.0,0.06698661928360186,12.7685981873577,True,5,0.02
indicator_revision_only_dfm_kalman_em,pseudo,2022:Q2:pre_advance:pseudo,2022-07-31,pre_advance,2022:Q2,T,S,2.8298453020878656,0.0,0.06698661928360186,12.7685981873577,True,5,0.02
indicator_revision_only_dfm_kalman_em,pseudo,2022:Q2:pre_advance:pseudo,2022-07-31,pre_advance,2022:Q2,T,T,2.9568754556211823,0.0,0.06698661928360186,12.7685981873577,True,5,0.02
joint_indicator_revision_dfm_full_kalman_em,pseudo,2022:Q2:pre_advance:pseudo,2022-07-31,pre_advance,2022:Q2,A,A,2.352029339904426,4.440892098500626e-16,0.06463875479563047,12.588204072899556,True,5,0.02
joint_indicator_revision_dfm_full_kalman_em,pseudo,2022:Q2:pre_advance:pseudo,2022-07-31,pre_advance,2022:Q2,A,M,2.5005344054950274,4.440892098500626e-16,0.06463875479563047,12.588204072899556,True,5,0.02
joint_indicator_revision_dfm_full_kalman_em,pseudo,2022:Q2:pre_advance:pseudo,2022-07-31,pre_advance,2022:Q2,A,S,2.486738919850392,4.440892098500626e-16,0.06463875479563047,12.588204072899556,True,5,0.02
joint_indicator_revision_dfm_full_kalman_em,pseudo,2022:Q2:pre_advance:pseudo,2022-07-31,pre_advance,2022:Q2,A,T,2.4950162112371737,4.440892098500626e-16,0.06463875479563047,12.588204072899556,True,5,0.02
joint_indicator_revision_dfm_full_kalman_em,pseudo,2022:Q2:pre_advance:pseudo,2022-07-31,pre_advance,2022:Q2,M,A,2.5005344054950274,4.440892098500626e-16,0.06463875479563047,12.588204072899556,True,5,0.02
joint_indicator_revision_dfm_full_kalman_em,pseudo,2022:Q2:pre_advance:pseudo,2022-07-31,pre_advance,2022:Q2,M,M,7.0994659502091215,4.440892098500626e-16,0.06463875479563047,12.588204072899556,True,5,0.02
joint_indicator_revision_dfm_full_kalman_em,pseudo,2022:Q2:pre_advance:pseudo,2022-07-31,pre_advance,2022:Q2,M,S,2.9925797070034594,4.440892098500626e-16,0.06463875479563047,12.588204072899556,True,5,0.02
joint_indicator_revision_dfm_full_kalman_em,pseudo,2022:Q2:pre_advance:pseudo,2022-07-31,pre_advance,2022:Q2,M,T,3.0081179796826736,4.440892098500626e-16,0.06463875479563047,12.588204072899556,True,5,0.02
joint_indicator_revision_dfm_full_kalman_em,pseudo,2022:Q2:pre_advance:pseudo,2022-07-31,pre_advance,2022:Q2,S,A,2.486738919850392,4.440892098500626e-16,0.06463875479563047,12.588204072899556,True,5,0.02
joint_indicator_revision_dfm_full_kalman_em,pseudo,2022:Q2:pre_advance:pseudo,2022-07-31,pre_advance,2022:Q2,S,M,2.9925797070034594,4.440892098500626e-16,0.06463875479563047,12.588204072899556,True,5,0.02
joint_indicator_revision_dfm_full_kalman_em,pseudo,2022:Q2:pre_advance:pseudo,2022-07-31,pre_advance,2022:Q2,S,S,2.9884204529110017,4.440892098500626e-16,0.06463875479563047,12.588204072899556,True,5,0.02
joint_indicator_revision_dfm_full_kalman_em,pseudo,2022:Q2:pre_advance:pseudo,2022-07-31,pre_advance,2022:Q2,S,T,2.9824628912603983,4.440892098500626e-16,0.06463875479563047,12.588204072899556,True,5,0.02
joint_indicator_revision_dfm_full_kalman_em,pseudo,2022:Q2:pre_advance:pseudo,2022-07-31,pre_advance,2022:Q2,T,A,2.4950162112371737,4.440892098500626e-16,0.06463875479563047,12.588204072899556,True,5,0.02
joint_indicator_revision_dfm_full_kalman_em,pseudo,2022:Q2:pre_advance:pseudo,2022-07-31,pre_advance,2022:Q2,T,M,3.0081179796826736,4.440892098500626e-16,0.06463875479563047,12.588204072899556,True,5,0.02
joint_indicator_revision_dfm_full_kalman_em,pseudo,2022:Q2:pre_advance:pseudo,2022-07-31,pre_advance,2022:Q2,T,S,2.9824628912603988,4.440892098500626e-16,0.06463875479563047,12.588204072899556,True,5,0.02
joint_indicator_revision_dfm_full_kalman_em,pseudo,2022:Q2:pre_advance:pseudo,2022-07-31,pre_advance,2022:Q2,T,T,3.1177891257568398,4.440892098500626e-16,0.06463875479563047,12.588204072899556,True,5,0.02
monthly_mixed_frequency_kalman_em,pseudo,2022:Q2:pre_advance:pseudo,2022-07-31,pre_advance,2022:Q2,A,A,4.486038734246463,0.0,0.0614465234907263,18.794781365405974,True,5,0.02
monthly_mixed_frequency_kalman_em,pseudo,2022:Q2:pre_advance:pseudo,2022-07-31,pre_advance,2022:Q2,A,M,4.2189107591414885,0.0,0.0614465234907263,18.794781365405974,True,5,0.02
monthly_mixed_frequency_kalman_em,pseudo,2022:Q2:pre_advance:pseudo,2022-07-31,pre_advance,2022:Q2,A,S,4.240920019350428,0.0,0.0614465234907263,18.794781365405974,True,5,0.02
monthly_mixed_frequency_kalman_em,pseudo,2022:Q2:pre_advance:pseudo,2022-07-31,pre_advance,2022:Q2,A,T,4.22891496832737,0.0,0.0614465234907263,18.794781365405974,True,5,0.02
monthly_mixed_frequency_kalman_em,pseudo,2022:Q2:pre_advance:pseudo,2022-07-31,pre_advance,2022:Q2,M,A,4.2189107591414885,0.0,0.0614465234907263,18.794781365405974,True,5,0.02
monthly_mixed_frequency_kalman_em,pseudo,2022:Q2:pre_advance:pseudo,2022-07-31,pre_advance,2022:Q2,M,M,8.758885549999636,0.0,0.0614465234907263,18.794781365405974,True,5,0.02
monthly_mixed_frequency_kalman_em,pseudo,2022:Q2:pre_advance:pseudo,2022-07-31,pre_advance,2022:Q2,M,S,4.41593175711748,0.0,0.0614465234907263,18.794781365405974,True,5,0.02
monthly_mixed_frequency_kalman_em,pseudo,2022:Q2:pre_advance:pseudo,2022-07-31,pre_advance,2022:Q2,M,T,4.547279089101476,0.0,0.0614465234907263,18.794781365405974,True,5,0.02
monthly_mixed_frequency_kalman_em,pseudo,2022:Q2:pre_advance:pseudo,2022-07-31,pre_advance,2022:Q2,S,A,4.240920019350428,0.0,0.0614465234907263,18.794781365405974,True,5,0.02
monthly_mixed_frequency_kalman_em,pseudo,2022:Q2:pre_advance:pseudo,2022-07-31,pre_advance,2022:Q2,S,M,4.41593175711748,0.0,0.0614465234907263,18.794781365405974,True,5,0.02
monthly_mixed_frequency_kalman_em,pseudo,2022:Q2:pre_advance:pseudo,2022-07-31,pre_advance,2022:Q2,S,S,4.370923512442082,0.0,0.0614465234907263,18.794781365405974,True,5,0.02
monthly_mixed_frequency_kalman_em,pseudo,2022:Q2:pre_advance:pseudo,2022-07-31,pre_advance,2022:Q2,S,T,4.372178822675718,0.0,0.0614465234907263,18.794781365405974,True,5,0.02
monthly_mixed_frequency_kalman_em,pseudo,2022:Q2:pre_advance:pseudo,2022-07-31,pre_advance,2022:Q2,T,A,4.22891496832737,0.0,0.0614465234907263,18.794781365405974,True,5,0.02
monthly_mixed_frequency_kalman_em,pseudo,2022:Q2:pre_advance:pseudo,2022-07-31,pre_advance,2022:Q2,T,M,4.547279089101476,0.0,0.0614465234907263,18.794781365405974,True,5,0.02
monthly_mixed_frequency_kalman_em,pseudo,2022:Q2:pre_advance:pseudo,2022-07-31,pre_advance,2022:Q2,T,S,4.372178822675718,0.0,0.0614465234907263,18.794781365405974,True,5,0.02
monthly_mixed_frequency_kalman_em,pseudo,2022:Q2:pre_advance:pseudo,2022-07-31,pre_advance,2022:Q2,T,T,4.5190907034322825,0.0,0.0614465234907263,18.794781365405974,True,5,0.02
revision_dfm_kalman_em,pseudo,2022:Q2:pre_advance:pseudo,2022-07-31,pre_advance,2022:Q2,A,A,2.9955096071462455,0.0,0.06744054673257016,14.918995594967086,True,5,0.02
revision_dfm_kalman_em,pseudo,2022:Q2:pre_advance:pseudo,2022-07-31,pre_advance,2022:Q2,A,M,3.1125318544553995,0.0,0.06744054673257016,14.918995594967086,True,5,0.02
revision_dfm_kalman_em,pseudo,2022:Q2:pre_advance:pseudo,2022-07-31,pre_advance,2022:Q2,A,S,3.099407838183081,0.0,0.06744054673257016,14.918995594967086,True,5,0.02
revision_dfm_kalman_em,pseudo,2022:Q2:pre_advance:pseudo,2022-07-31,pre_advance,2022:Q2,A,T,3.1072822479464723,0.0,0.06744054673257016,14.918995594967086,True,5,0.02
revision_dfm_kalman_em,pseudo,2022:Q2:pre_advance:pseudo,2022-07-31,pre_advance,2022:Q2,M,A,3.1125318544553995,0.0,0.06744054673257016,14.918995594967086,True,5,0.02
revision_dfm_kalman_em,pseudo,2022:Q2:pre_advance:pseudo,2022-07-31,pre_advance,2022:Q2,M,M,7.684182970277276,0.0,0.06744054673257016,14.918995594967086,True,5,0.02
revision_dfm_kalman_em,pseudo,2022:Q2:pre_advance:pseudo,2022-07-31,pre_advance,2022:Q2,M,S,3.594476657079133,0.0,0.06744054673257016,14.918995594967086,True,5,0.02
revision_dfm_kalman_em,pseudo,2022:Q2:pre_advance:pseudo,2022-07-31,pre_advance,2022:Q2,M,T,3.6096959666356723,0.0,0.06744054673257016,14.918995594967086,True,5,0.02
revision_dfm_kalman_em,pseudo,2022:Q2:pre_advance:pseudo,2022-07-31,pre_advance,2022:Q2,S,A,3.099407838183081,0.0,0.06744054673257016,14.918995594967086,True,5,0.02
revision_dfm_kalman_em,pseudo,2022:Q2:pre_advance:pseudo,2022-07-31,pre_advance,2022:Q2,S,M,3.594476657079133,0.0,0.06744054673257016,14.918995594967086,True,5,0.02
revision_dfm_kalman_em,pseudo,2022:Q2:pre_advance:pseudo,2022-07-31,pre_advance,2022:Q2,S,S,3.599282417576768,0.0,0.06744054673257016,14.918995594967086,True,5,0.02
revision_dfm_kalman_em,pseudo,2022:Q2:pre_advance:pseudo,2022-07-31,pre_advance,2022:Q2,S,T,3.584575280701212,0.0,0.06744054673257016,14.918995594967086,True,5,0.02
revision_dfm_kalman_em,pseudo,2022:Q2:pre_advance:pseudo,2022-07-31,pre_advance,2022:Q2,T,A,3.1072822479464723,0.0,0.06744054673257016,14.918995594967086,True,5,0.02
revision_dfm_kalman_em,pseudo,2022:Q2:pre_advance:pseudo,2022-07-31,pre_advance,2022:Q2,T,M,3.6096959666356723,0.0,0.06744054673257016,14.918995594967086,True,5,0.02
revision_dfm_kalman_em,pseudo,2022:Q2:pre_advance:pseudo,2022-07-31,pre_advance,2022:Q2,T,S,3.584575280701212,0.0,0.06744054673257016,14.918995594967086,True,5,0.02
revision_dfm_kalman_em,pseudo,2022:Q2:pre_advance:pseudo,2022-07-31,pre_advance,2022:Q2,T,T,3.713161266416755,0.0,0.06744054673257016,14.918995594967086,True,5,0.02
indicator_revision_only_dfm_kalman_em,exact,2022:Q2:pre_second:exact,2022-08-24,pre_second,2022:Q2,A,A,0.759362055534979,0.0,0.0627735767176341,4.55355319788853,True,5,0.02
indicator_revision_only_dfm_kalman_em,exact,2022:Q2:pre_second:exact,2022-08-24,pre_second,2022:Q2,A,M,0.3590654155136969,0.0,0.0627735767176341,4.55355319788853,True,5,0.02
indicator_revision_only_dfm_kalman_em,exact,2022:Q2:pre_second:exact,2022-08-24,pre_second,2022:Q2,A,S,0.3590654155136969,0.0,0.0627735767176341,4.55355319788853,True,5,0.02
indicator_revision_only_dfm_kalman_em,exact,2022:Q2:pre_second:exact,2022-08-24,pre_second,2022:Q2,A,T,0.3590654155136969,0.0,0.0627735767176341,4.55355319788853,True,5,0.02
indicator_revision_only_dfm_kalman_em,exact,2022:Q2:pre_second:exact,2022-08-24,pre_second,2022:Q2,M,A,0.3590654155136969,0.0,0.0627735767176341,4.55355319788853,True,5,0.02
indicator_revision_only_dfm_kalman_em,exact,2022:Q2:pre_second:exact,2022-08-24,pre_second,2022:Q2,M,M,4.4359465941701774,0.0,0.0627735767176341,4.55355319788853,True,5,0.02
indicator_revision_only_dfm_kalman_em,exact,2022:Q2:pre_second:exact,2022-08-24,pre_second,2022:Q2,M,S,0.3590654155136969,0.0,0.0627735767176341,4.55355319788853,True,5,0.02
indicator_revision_only_dfm_kalman_em,exact,2022:Q2:pre_second:exact,2022-08-24,pre_second,2022:Q2,M,T,0.3590654155136969,0.0,0.0627735767176341,4.55355319788853,True,5,0.02
indicator_revision_only_dfm_kalman_em,exact,2022:Q2:pre_second:exact,2022-08-24,pre_second,2022:Q2,S,A,0.3590654155136969,0.0,0.0627735767176341,4.55355319788853,True,5,0.02
indicator_revision_only_dfm_kalman_em,exact,2022:Q2:pre_second:exact,2022-08-24,pre_second,2022:Q2,S,M,0.3590654155136969,0.0,0.0627735767176341,4.55355319788853,True,5,0.02
indicator_revision_only_dfm_kalman_em,exact,2022:Q2:pre_second:exact,2022-08-24,pre_second,2022:Q2,S,S,0.3746292805481419,0.0,0.0627735767176341,4.55355319788853,True,5,0.02
indicator_revision_only_dfm_kalman_em,exact,2022:Q2:pre_second:exact,2022-08-24,pre_second,2022:Q2,S,T,0.3590654155136969,0.0,0.0627735767176341,4.55355319788853,True,5,0.02
indicator_revision_only_dfm_kalman_em,exact,2022:Q2:pre_second:exact,2022-08-24,pre_second,2022:Q2,T,A,0.3590654155136969,0.0,0.0627735767176341,4.55355319788853,True,5,0.02
indicator_revision_only_dfm_kalman_em,exact,2022:Q2:pre_second:exact,2022-08-24,pre_second,2022:Q2,T,M,0.3590654155136969,0.0,0.0627735767176341,4.55355319788853,True,5,0.02
indicator_revision_only_dfm_kalman_em,exact,2022:Q2:pre_second:exact,2022-08-24,pre_second,2022:Q2,T,S,0.3590654155136969,0.0,0.0627735767176341,4.55355319788853,True,5,0.02
indicator_revision_only_dfm_kalman_em,exact,2022:Q2:pre_second:exact,2022-08-24,pre_second,2022:Q2,T,T,0.4876926185446604,0.0,0.0627735767176341,4.55355319788853,True,5,0.02
joint_indicator_revision_dfm_full_kalman_em,exact,2022:Q2:pre_second:exact,2022-08-24,pre_second,2022:Q2,A,A,0.2656706343154533,5.551115123125783e-17,0.06646415412240098,4.497845875007396,True,5,0.02
joint_indicator_revision_dfm_full_kalman_em,exact,2022:Q2:pre_second:exact,2022-08-24,pre_second,2022:Q2,A,M,0.1464283379636919,5.551115123125783e-17,0.06646415412240098,4.497845875007396,True,5,0.02
joint_indicator_revision_dfm_full_kalman_em,exact,2022:Q2:pre_second:exact,2022-08-24,pre_second,2022:Q2,A,S,0.14555685766818827,5.551115123125783e-17,0.06646415412240098,4.497845875007396,True,5,0.02
joint_indicator_revision_dfm_full_kalman_em,exact,2022:Q2:pre_second:exact,2022-08-24,pre_second,2022:Q2,A,T,0.14607974584549047,5.551115123125783e-17,0.06646415412240098,4.497845875007396,True,5,0.02
joint_indicator_revision_dfm_full_kalman_em,exact,2022:Q2:pre_second:exact,2022-08-24,pre_second,2022:Q2,M,A,0.1464283379636919,5.551115123125783e-17,0.06646415412240098,4.497845875007396,True,5,0.02
joint_indicator_revision_dfm_full_kalman_em,exact,2022:Q2:pre_second:exact,2022-08-24,pre_second,2022:Q2,M,M,4.425597382910403,5.551115123125783e-17,0.06646415412240098,4.497845875007396,True,5,0.02
joint_indicator_revision_dfm_full_kalman_em,exact,2022:Q2:pre_second:exact,2022-08-24,pre_second,2022:Q2,M,S,0.3458374471746598,5.551115123125783e-17,0.06646415412240098,4.497845875007396,True,5,0.02
joint_indicator_revision_dfm_full_kalman_em,exact,2022:Q2:pre_second:exact,2022-08-24,pre_second,2022:Q2,M,T,0.3521345769392167,5.551115123125783e-17,0.06646415412240098,4.497845875007396,True,5,0.02
joint_indicator_revision_dfm_full_kalman_em,exact,2022:Q2:pre_second:exact,2022-08-24,pre_second,2022:Q2,S,A,0.1455568576681883,5.551115123125783e-17,0.06646415412240098,4.497845875007396,True,5,0.02
joint_indicator_revision_dfm_full_kalman_em,exact,2022:Q2:pre_second:exact,2022-08-24,pre_second,2022:Q2,S,M,0.3458374471746598,5.551115123125783e-17,0.06646415412240098,4.497845875007396,True,5,0.02
joint_indicator_revision_dfm_full_kalman_em,exact,2022:Q2:pre_second:exact,2022-08-24,pre_second,2022:Q2,S,S,0.36564107939492174,5.551115123125783e-17,0.06646415412240098,4.497845875007396,True,5,0.02
joint_indicator_revision_dfm_full_kalman_em,exact,2022:Q2:pre_second:exact,2022-08-24,pre_second,2022:Q2,S,T,0.3418318353845304,5.551115123125783e-17,0.06646415412240098,4.497845875007396,True,5,0.02
joint_indicator_revision_dfm_full_kalman_em,exact,2022:Q2:pre_second:exact,2022-08-24,pre_second,2022:Q2,T,A,0.14607974584549044,5.551115123125783e-17,0.06646415412240098,4.497845875007396,True,5,0.02
joint_indicator_revision_dfm_full_kalman_em,exact,2022:Q2:pre_second:exact,2022-08-24,pre_second,2022:Q2,T,M,0.3521345769392167,5.551115123125783e-17,0.06646415412240098,4.497845875007396,True,5,0.02
joint_indicator_revision_dfm_full_kalman_em,exact,2022:Q2:pre_second:exact,2022-08-24,pre_second,2022:Q2,T,S,0.3418318353845303,5.551115123125783e-17,0.06646415412240098,4.497845875007396,True,5,0.02
joint_indicator_revision_dfm_full_kalman_em,exact,2022:Q2:pre_second:exact,2022-08-24,pre_second,2022:Q2,T,T,0.4607653521000461,5.551115123125783e-17,0.06646415412240098,4.497845875007396,True,5,0.02
monthly_mixed_frequency_kalman_em,exact,2022:Q2:pre_second:exact,2022-08-24,pre_second,2022:Q2,A,A,0.4439290302190231,0.0,0.058705151462253656,4.932165395742482,True,5,0.02
monthly_mixed_frequency_kalman_em,exact,2022:Q2:pre_second:exact,2022-08-24,pre_second,2022:Q2,A,M,0.21439563596140468,0.0,0.058705151462253656,4.932165395742482,True,5,0.02
monthly_mixed_frequency_kalman_em,exact,2022:Q2:pre_second:exact,2022-08-24,pre_second,2022:Q2,A,S,0.21547227861230106,0.0,0.058705151462253656,4.932165395742482,True,5,0.02
monthly_mixed_frequency_kalman_em,exact,2022:Q2:pre_second:exact,2022-08-24,pre_second,2022:Q2,A,T,0.2148850189845394,0.0,0.058705151462253656,4.932165395742482,True,5,0.02
monthly_mixed_frequency_kalman_em,exact,2022:Q2:pre_second:exact,2022-08-24,pre_second,2022:Q2,M,A,0.21439563596140468,0.0,0.058705151462253656,4.932165395742482,True,5,0.02
monthly_mixed_frequency_kalman_em,exact,2022:Q2:pre_second:exact,2022-08-24,pre_second,2022:Q2,M,M,4.791766473871251,0.0,0.058705151462253656,4.932165395742482,True,5,0.02
monthly_mixed_frequency_kalman_em,exact,2022:Q2:pre_second:exact,2022-08-24,pre_second,2022:Q2,M,S,0.42859752516828636,0.0,0.058705151462253656,4.932165395742482,True,5,0.02
monthly_mixed_frequency_kalman_em,exact,2022:Q2:pre_second:exact,2022-08-24,pre_second,2022:Q2,M,T,0.5713987846395407,0.0,0.058705151462253656,4.932165395742482,True,5,0.02
monthly_mixed_frequency_kalman_em,exact,2022:Q2:pre_second:exact,2022-08-24,pre_second,2022:Q2,S,A,0.21547227861230106,0.0,0.058705151462253656,4.932165395742482,True,5,0.02
monthly_mixed_frequency_kalman_em,exact,2022:Q2:pre_second:exact,2022-08-24,pre_second,2022:Q2,S,M,0.42859752516828636,0.0,0.058705151462253656,4.932165395742482,True,5,0.02
monthly_mixed_frequency_kalman_em,exact,2022:Q2:pre_second:exact,2022-08-24,pre_second,2022:Q2,S,S,0.3626166430203687,0.0,0.058705151462253656,4.932165395742482,True,5,0.02
monthly_mixed_frequency_kalman_em,exact,2022:Q2:pre_second:exact,2022-08-24,pre_second,2022:Q2,S,T,0.37531621352929007,0.0,0.058705151462253656,4.932165395742482,True,5,0.02
monthly_mixed_frequency_kalman_em,exact,2022:Q2:pre_second:exact,2022-08-24,pre_second,2022:Q2,T,A,0.2148850189845394,0.0,0.058705151462253656,4.932165395742482,True,5,0.02
monthly_mixed_frequency_kalman_em,exact,2022:Q2:pre_second:exact,2022-08-24,pre_second,2022:Q2,T,M,0.5713987846395407,0.0,0.058705151462253656,4.932165395742482,True,5,0.02
monthly_mixed_frequency_kalman_em,exact,2022:Q2:pre_second:exact,2022-08-24,pre_second,2022:Q2,T,S,0.37531621352929007,0.0,0.058705151462253656,4.932165395742482,True,5,0.02
monthly_mixed_frequency_kalman_em,exact,2022:Q2:pre_second:exact,2022-08-24,pre_second,2022:Q2,T,T,0.5336081423153979,0.0,0.058705151462253656,4.932165395742482,True,5,0.02
revision_dfm_kalman_em,exact,2022:Q2:pre_second:exact,2022-08-24,pre_second,2022:Q2,A,A,0.29275507362094233,2.7755575615628914e-17,0.06654211950406234,4.546137186441518,True,5,0.02
revision_dfm_kalman_em,exact,2022:Q2:pre_second:exact,2022-08-24,pre_second,2022:Q2,A,M,0.15657450764219713,2.7755575615628914e-17,0.06654211950406234,4.546137186441518,True,5,0.02
revision_dfm_kalman_em,exact,2022:Q2:pre_second:exact,2022-08-24,pre_second,2022:Q2,A,S,0.1558808719649193,2.7755575615628914e-17,0.06654211950406234,4.546137186441518,True,5,0.02
revision_dfm_kalman_em,exact,2022:Q2:pre_second:exact,2022-08-24,pre_second,2022:Q2,A,T,0.156297053371286,2.7755575615628914e-17,0.06654211950406234,4.546137186441518,True,5,0.02
revision_dfm_kalman_em,exact,2022:Q2:pre_second:exact,2022-08-24,pre_second,2022:Q2,M,A,0.15657450764219713,2.7755575615628914e-17,0.06654211950406234,4.546137186441518,True,5,0.02
revision_dfm_kalman_em,exact,2022:Q2:pre_second:exact,2022-08-24,pre_second,2022:Q2,M,M,4.459193754963031,2.7755575615628914e-17,0.06654211950406234,4.546137186441518,True,5,0.02
revision_dfm_kalman_em,exact,2022:Q2:pre_second:exact,2022-08-24,pre_second,2022:Q2,M,S,0.3789416282861755,2.7755575615628914e-17,0.06654211950406234,4.546137186441518,True,5,0.02
revision_dfm_kalman_em,exact,2022:Q2:pre_second:exact,2022-08-24,pre_second,2022:Q2,M,T,0.38596374788545906,2.7755575615628914e-17,0.06654211950406234,4.546137186441518,True,5,0.02
revision_dfm_kalman_em,exact,2022:Q2:pre_second:exact,2022-08-24,pre_second,2022:Q2,S,A,0.15588087196491926,2.7755575615628914e-17,0.06654211950406234,4.546137186441518,True,5,0.02
revision_dfm_kalman_em,exact,2022:Q2:pre_second:exact,2022-08-24,pre_second,2022:Q2,S,M,0.3789416282861755,2.7755575615628914e-17,0.06654211950406234,4.546137186441518,True,5,0.02
revision_dfm_kalman_em,exact,2022:Q2:pre_second:exact,2022-08-24,pre_second,2022:Q2,S,S,0.39559751673359134,2.7755575615628914e-17,0.06654211950406234,4.546137186441518,True,5,0.02
revision_dfm_kalman_em,exact,2022:Q2:pre_second:exact,2022-08-24,pre_second,2022:Q2,S,T,0.3744804131597504,2.7755575615628914e-17,0.06654211950406234,4.546137186441518,True,5,0.02
revision_dfm_kalman_em,exact,2022:Q2:pre_second:exact,2022-08-24,pre_second,2022:Q2,T,A,0.15629705337128597,2.7755575615628914e-17,0.06654211950406234,4.546137186441518,True,5,0.02
revision_dfm_kalman_em,exact,2022:Q2:pre_second:exact,2022-08-24,pre_second,2022:Q2,T,M,0.38596374788545906,2.7755575615628914e-17,0.06654211950406234,4.546137186441518,True,5,0.02
revision_dfm_kalman_em,exact,2022:Q2:pre_second:exact,2022-08-24,pre_second,2022:Q2,T,S,0.3744804131597504,2.7755575615628914e-17,0.06654211950406234,4.546137186441518,True,5,0.02
revision_dfm_kalman_em,exact,2022:Q2:pre_second:exact,2022-08-24,pre_second,2022:Q2,T,T,0.49623524554476456,2.7755575615628914e-17,0.06654211950406234,4.546137186441518,True,5,0.02
indicator_revision_only_dfm_kalman_em,pseudo,2022:Q2:pre_second:pseudo,2022-08-31,pre_second,2022:Q2,A,A,0.7593528391105983,0.0,0.0627734501220658,4.553537352747332,True,5,0.02
indicator_revision_only_dfm_kalman_em,pseudo,2022:Q2:pre_second:pseudo,2022-08-31,pre_second,2022:Q2,A,M,0.3590566899997187,0.0,0.0627734501220658,4.553537352747332,True,5,0.02
indicator_revision_only_dfm_kalman_em,pseudo,2022:Q2:pre_second:pseudo,2022-08-31,pre_second,2022:Q2,A,S,0.3590566899997187,0.0,0.0627734501220658,4.553537352747332,True,5,0.02
indicator_revision_only_dfm_kalman_em,pseudo,2022:Q2:pre_second:pseudo,2022-08-31,pre_second,2022:Q2,A,T,0.3590566899997187,0.0,0.0627734501220658,4.553537352747332,True,5,0.02
indicator_revision_only_dfm_kalman_em,pseudo,2022:Q2:pre_second:pseudo,2022-08-31,pre_second,2022:Q2,M,A,0.3590566899997187,0.0,0.0627734501220658,4.553537352747332,True,5,0.02
indicator_revision_only_dfm_kalman_em,pseudo,2022:Q2:pre_second:pseudo,2022-08-31,pre_second,2022:Q2,M,M,4.435936837318044,0.0,0.0627734501220658,4.553537352747332,True,5,0.02
indicator_revision_only_dfm_kalman_em,pseudo,2022:Q2:pre_second:pseudo,2022-08-31,pre_second,2022:Q2,M,S,0.3590566899997187,0.0,0.0627734501220658,4.553537352747332,True,5,0.02
indicator_revision_only_dfm_kalman_em,pseudo,2022:Q2:pre_second:pseudo,2022-08-31,pre_second,2022:Q2,M,T,0.3590566899997187,0.0,0.0627734501220658,4.553537352747332,True,5,0.02
indicator_revision_only_dfm_kalman_em,pseudo,2022:Q2:pre_second:pseudo,2022-08-31,pre_second,2022:Q2,S,A,0.3590566899997187,0.0,0.0627734501220658,4.553537352747332,True,5,0.02
indicator_revision_only_dfm_kalman_em,pseudo,2022:Q2:pre_second:pseudo,2022-08-31,pre_second,2022:Q2,S,M,0.3590566899997187,0.0,0.0627734501220658,4.553537352747332,True,5,0.02
indicator_revision_only_dfm_kalman_em,pseudo,2022:Q2:pre_second:pseudo,2022-08-31,pre_second,2022:Q2,S,S,0.3746202672620143,0.0,0.0627734501220658,4.553537352747332,True,5,0.02
indicator_revision_only_dfm_kalman_em,pseudo,2022:Q2:pre_second:pseudo,2022-08-31,pre_second,2022:Q2,S,T,0.3590566899997187,0.0,0.0627734501220658,4.553537352747332,True,5,0.02
indicator_revision_only_dfm_kalman_em,pseudo,2022:Q2:pre_second:pseudo,2022-08-31,pre_second,2022:Q2,T,A,0.3590566899997187,0.0,0.0627734501220658,4.553537352747332,True,5,0.02
indicator_revision_only_dfm_kalman_em,pseudo,2022:Q2:pre_second:pseudo,2022-08-31,pre_second,2022:Q2,T,M,0.3590566899997187,0.0,0.0627734501220658,4.553537352747332,True,5,0.02
indicator_revision_only_dfm_kalman_em,pseudo,2022:Q2:pre_second:pseudo,2022-08-31,pre_second,2022:Q2,T,S,0.3590566899997187,0.0,0.0627734501220658,4.553537352747332,True,5,0.02
indicator_revision_only_dfm_kalman_em,pseudo,2022:Q2:pre_second:pseudo,2022-08-31,pre_second,2022:Q2,T,T,0.4876843876720754,0.0,0.0627734501220658,4.553537352747332,True,5,0.02
joint_indicator_revision_dfm_full_kalman_em,pseudo,2022:Q2:pre_second:pseudo,2022-08-31,pre_second,2022:Q2,A,A,0.2657017998182432,2.7755575615628914e-17,0.06646420453498969,4.497842529503657,True,5,0.02
joint_indicator_revision_dfm_full_kalman_em,pseudo,2022:Q2:pre_second:pseudo,2022-08-31,pre_second,2022:Q2,A,M,0.14644309464892288,2.7755575615628914e-17,0.06646420453498969,4.497842529503657,True,5,0.02
joint_indicator_revision_dfm_full_kalman_em,pseudo,2022:Q2:pre_second:pseudo,2022-08-31,pre_second,2022:Q2,A,S,0.14557159325306918,2.7755575615628914e-17,0.06646420453498969,4.497842529503657,True,5,0.02
joint_indicator_revision_dfm_full_kalman_em,pseudo,2022:Q2:pre_second:pseudo,2022-08-31,pre_second,2022:Q2,A,T,0.14609449409058142,2.7755575615628914e-17,0.06646420453498969,4.497842529503657,True,5,0.02
joint_indicator_revision_dfm_full_kalman_em,pseudo,2022:Q2:pre_second:pseudo,2022-08-31,pre_second,2022:Q2,M,A,0.14644309464892288,2.7755575615628914e-17,0.06646420453498969,4.497842529503657,True,5,0.02
joint_indicator_revision_dfm_full_kalman_em,pseudo,2022:Q2:pre_second:pseudo,2022-08-31,pre_second,2022:Q2,M,M,4.425592671333263,2.7755575615628914e-17,0.06646420453498969,4.497842529503657,True,5,0.02
joint_indicator_revision_dfm_full_kalman_em,pseudo,2022:Q2:pre_second:pseudo,2022-08-31,pre_second,2022:Q2,M,S,0.34583716793928165,2.7755575615628914e-17,0.06646420453498969,4.497842529503657,True,5,0.02
joint_indicator_revision_dfm_full_kalman_em,pseudo,2022:Q2:pre_second:pseudo,2022-08-31,pre_second,2022:Q2,M,T,0.352133822885293,2.7755575615628914e-17,0.06646420453498969,4.497842529503657,True,5,0.02
joint_indicator_revision_dfm_full_kalman_em,pseudo,2022:Q2:pre_second:pseudo,2022-08-31,pre_second,2022:Q2,S,A,0.1455715932530692,2.7755575615628914e-17,0.06646420453498969,4.497842529503657,True,5,0.02
joint_indicator_revision_dfm_full_kalman_em,pseudo,2022:Q2:pre_second:pseudo,2022-08-31,pre_second,2022:Q2,S,M,0.34583716793928165,2.7755575615628914e-17,0.06646420453498969,4.497842529503657,True,5,0.02
joint_indicator_revision_dfm_full_kalman_em,pseudo,2022:Q2:pre_second:pseudo,2022-08-31,pre_second,2022:Q2,S,S,0.3656417305280176,2.7755575615628914e-17,0.06646420453498969,4.497842529503657,True,5,0.02
joint_indicator_revision_dfm_full_kalman_em,pseudo,2022:Q2:pre_second:pseudo,2022-08-31,pre_second,2022:Q2,S,T,0.3418318564455574,2.7755575615628914e-17,0.06646420453498969,4.497842529503657,True,5,0.02
joint_indicator_revision_dfm_full_kalman_em,pseudo,2022:Q2:pre_second:pseudo,2022-08-31,pre_second,2022:Q2,T,A,0.14609449409058142,2.7755575615628914e-17,0.06646420453498969,4.497842529503657,True,5,0.02
joint_indicator_revision_dfm_full_kalman_em,pseudo,2022:Q2:pre_second:pseudo,2022-08-31,pre_second,2022:Q2,T,M,0.352133822885293,2.7755575615628914e-17,0.06646420453498969,4.497842529503657,True,5,0.02
joint_indicator_revision_dfm_full_kalman_em,pseudo,2022:Q2:pre_second:pseudo,2022-08-31,pre_second,2022:Q2,T,S,0.3418318564455574,2.7755575615628914e-17,0.06646420453498969,4.497842529503657,True,5,0.02
joint_indicator_revision_dfm_full_kalman_em,pseudo,2022:Q2:pre_second:pseudo,2022-08-31,pre_second,2022:Q2,T,T,0.4607647981596927,2.7755575615628914e-17,0.06646420453498969,4.497842529503657,True,5,0.02
monthly_mixed_frequency_kalman_em,pseudo,2022:Q2:pre_second:pseudo,2022-08-31,pre_second,2022:Q2,A,A,0.4439234804660609,0.0,0.058705207812123544,4.932167589113253,True,5,0.02
monthly_mixed_frequency_kalman_em,pseudo,2022:Q2:pre_second:pseudo,2022-08-31,pre_second,2022:Q2,A,M,0.2143935668001928,0.0,0.058705207812123544,4.932167589113253,True,5,0.02
monthly_mixed_frequency_kalman_em,pseudo,2022:Q2:pre_second:pseudo,2022-08-31,pre_second,2022:Q2,A,S,0.21546976579177188,0.0,0.058705207812123544,4.932167589113253,True,5,0.02
monthly_mixed_frequency_kalman_em,pseudo,2022:Q2:pre_second:pseudo,2022-08-31,pre_second,2022:Q2,A,T,0.21488274816000152,0.0,0.058705207812123544,4.932167589113253,True,5,0.02
monthly_mixed_frequency_kalman_em,pseudo,2022:Q2:pre_second:pseudo,2022-08-31,pre_second,2022:Q2,M,A,0.2143935668001928,0.0,0.058705207812123544,4.932167589113253,True,5,0.02
monthly_mixed_frequency_kalman_em,pseudo,2022:Q2:pre_second:pseudo,2022-08-31,pre_second,2022:Q2,M,M,4.791769406166464,0.0,0.058705207812123544,4.932167589113253,True,5,0.02
monthly_mixed_frequency_kalman_em,pseudo,2022:Q2:pre_second:pseudo,2022-08-31,pre_second,2022:Q2,M,S,0.428596602541882,0.0,0.058705207812123544,4.932167589113253,True,5,0.02
monthly_mixed_frequency_kalman_em,pseudo,2022:Q2:pre_second:pseudo,2022-08-31,pre_second,2022:Q2,M,T,0.5713986263696749,0.0,0.058705207812123544,4.932167589113253,True,5,0.02
monthly_mixed_frequency_kalman_em,pseudo,2022:Q2:pre_second:pseudo,2022-08-31,pre_second,2022:Q2,S,A,0.21546976579177188,0.0,0.058705207812123544,4.932167589113253,True,5,0.02
monthly_mixed_frequency_kalman_em,pseudo,2022:Q2:pre_second:pseudo,2022-08-31,pre_second,2022:Q2,S,M,0.428596602541882,0.0,0.058705207812123544,4.932167589113253,True,5,0.02
monthly_mixed_frequency_kalman_em,pseudo,2022:Q2:pre_second:pseudo,2022-08-31,pre_second,2022:Q2,S,S,0.3626152289767118,0.0,0.058705207812123544,4.932167589113253,True,5,0.02
monthly_mixed_frequency_kalman_em,pseudo,2022:Q2:pre_second:pseudo,2022-08-31,pre_second,2022:Q2,S,T,0.37531489335435453,0.0,0.058705207812123544,4.932167589113253,True,5,0.02
monthly_mixed_frequency_kalman_em,pseudo,2022:Q2:pre_second:pseudo,2022-08-31,pre_second,2022:Q2,T,A,0.21488274816000152,0.0,0.058705207812123544,4.932167589113253,True,5,0.02
monthly_mixed_frequency_kalman_em,pseudo,2022:Q2:pre_second:pseudo,2022-08-31,pre_second,2022:Q2,T,M,0.5713986263696749,0.0,0.058705207812123544,4.932167589113253,True,5,0.02
monthly_mixed_frequency_kalman_em,pseudo,2022:Q2:pre_second:pseudo,2022-08-31,pre_second,2022:Q2,T,S,0.37531489335435453,0.0,0.058705207812123544,4.932167589113253,True,5,0.02
monthly_mixed_frequency_kalman_em,pseudo,2022:Q2:pre_second:pseudo,2022-08-31,pre_second,2022:Q2,T,T,0.5336071076225168,0.0,0.058705207812123544,4.932167589113253,True,5,0.02
revision_dfm_kalman_em,pseudo,2022:Q2:pre_second:pseudo,2022-08-31,pre_second,2022:Q2,A,A,0.2927553141739837,5.551115123125783e-17,0.06654213828319039,4.546138424734533,True,5,0.02
revision_dfm_kalman_em,pseudo,2022:Q2:pre_second:pseudo,2022-08-31,pre_second,2022:Q2,A,M,0.15657459675792498,5.551115123125783e-17,0.06654213828319039,4.546138424734533,True,5,0.02
revision_dfm_kalman_em,pseudo,2022:Q2:pre_second:pseudo,2022-08-31,pre_second,2022:Q2,A,S,0.15588094366783536,5.551115123125783e-17,0.06654213828319039,4.546138424734533,True,5,0.02
revision_dfm_kalman_em,pseudo,2022:Q2:pre_second:pseudo,2022-08-31,pre_second,2022:Q2,A,T,0.15629713552188912,5.551115123125783e-17,0.06654213828319039,4.546138424734533,True,5,0.02
revision_dfm_kalman_em,pseudo,2022:Q2:pre_second:pseudo,2022-08-31,pre_second,2022:Q2,M,A,0.15657459675792498,5.551115123125783e-17,0.06654213828319039,4.546138424734533,True,5,0.02
revision_dfm_kalman_em,pseudo,2022:Q2:pre_second:pseudo,2022-08-31,pre_second,2022:Q2,M,M,4.459194569901567,5.551115123125783e-17,0.06654213828319039,4.546138424734533,True,5,0.02
revision_dfm_kalman_em,pseudo,2022:Q2:pre_second:pseudo,2022-08-31,pre_second,2022:Q2,M,S,0.37894257600282927,5.551115123125783e-17,0.06654213828319039,4.546138424734533,True,5,0.02
revision_dfm_kalman_em,pseudo,2022:Q2:pre_second:pseudo,2022-08-31,pre_second,2022:Q2,M,T,0.38596472271582627,5.551115123125783e-17,0.06654213828319039,4.546138424734533,True,5,0.02
revision_dfm_kalman_em,pseudo,2022:Q2:pre_second:pseudo,2022-08-31,pre_second,2022:Q2,S,A,0.15588094366783534,5.551115123125783e-17,0.06654213828319039,4.546138424734533,True,5,0.02
revision_dfm_kalman_em,pseudo,2022:Q2:pre_second:pseudo,2022-08-31,pre_second,2022:Q2,S,M,0.37894257600282927,5.551115123125783e-17,0.06654213828319039,4.546138424734533,True,5,0.02
revision_dfm_kalman_em,pseudo,2022:Q2:pre_second:pseudo,2022-08-31,pre_second,2022:Q2,S,S,0.3955984054153517,5.551115123125783e-17,0.06654213828319039,4.546138424734533,True,5,0.02
revision_dfm_kalman_em,pseudo,2022:Q2:pre_second:pseudo,2022-08-31,pre_second,2022:Q2,S,T,0.37448134335612937,5.551115123125783e-17,0.06654213828319039,4.546138424734533,True,5,0.02
revision_dfm_kalman_em,pseudo,2022:Q2:pre_second:pseudo,2022-08-31,pre_second,2022:Q2,T,A,0.15629713552188912,5.551115123125783e-17,0.06654213828319039,4.546138424734533,True,5,0.02
revision_dfm_kalman_em,pseudo,2022:Q2:pre_second:pseudo,2022-08-31,pre_second,2022:Q2,T,M,0.38596472271582627,5.551115123125783e-17,0.06654213828319039,4.546138424734533,True,5,0.02
revision_dfm_kalman_em,pseudo,2022:Q2:pre_second:pseudo,2022-08-31,pre_second,2022:Q2,T,S,0.3744813433561294,5.551115123125783e-17,0.06654213828319039,4.546138424734533,True,5,0.02
revision_dfm_kalman_em,pseudo,2022:Q2:pre_second:pseudo,2022-08-31,pre_second,2022:Q2,T,T,0.49623624068243255,5.551115123125783e-17,0.06654213828319039,4.546138424734533,True,5,0.02
indicator_revision_only_dfm_kalman_em,exact,2022:Q2:pre_third:exact,2022-09-28,pre_third,2022:Q2,A,A,0.4149815387024847,0.0,0.031194781531026772,4.09034786337914,True,5,0.02
indicator_revision_only_dfm_kalman_em,exact,2022:Q2:pre_third:exact,2022-09-28,pre_third,2022:Q2,A,M,0.01670766946049558,0.0,0.031194781531026772,4.09034786337914,True,5,0.02
indicator_revision_only_dfm_kalman_em,exact,2022:Q2:pre_third:exact,2022-09-28,pre_third,2022:Q2,A,S,0.01670766946049558,0.0,0.031194781531026772,4.09034786337914,True,5,0.02
indicator_revision_only_dfm_kalman_em,exact,2022:Q2:pre_third:exact,2022-09-28,pre_third,2022:Q2,A,T,0.01670766946049558,0.0,0.031194781531026772,4.09034786337914,True,5,0.02
indicator_revision_only_dfm_kalman_em,exact,2022:Q2:pre_third:exact,2022-09-28,pre_third,2022:Q2,M,A,0.01670766946049558,0.0,0.031194781531026772,4.09034786337914,True,5,0.02
indicator_revision_only_dfm_kalman_em,exact,2022:Q2:pre_third:exact,2022-09-28,pre_third,2022:Q2,M,M,4.09013049289388,0.0,0.031194781531026772,4.09034786337914,True,5,0.02
indicator_revision_only_dfm_kalman_em,exact,2022:Q2:pre_third:exact,2022-09-28,pre_third,2022:Q2,M,S,0.01670766946049558,0.0,0.031194781531026772,4.09034786337914,True,5,0.02
indicator_revision_only_dfm_kalman_em,exact,2022:Q2:pre_third:exact,2022-09-28,pre_third,2022:Q2,M,T,0.01670766946049558,0.0,0.031194781531026772,4.09034786337914,True,5,0.02
indicator_revision_only_dfm_kalman_em,exact,2022:Q2:pre_third:exact,2022-09-28,pre_third,2022:Q2,S,A,0.01670766946049558,0.0,0.031194781531026772,4.09034786337914,True,5,0.02
indicator_revision_only_dfm_kalman_em,exact,2022:Q2:pre_third:exact,2022-09-28,pre_third,2022:Q2,S,M,0.01670766946049558,0.0,0.031194781531026772,4.09034786337914,True,5,0.02
indicator_revision_only_dfm_kalman_em,exact,2022:Q2:pre_third:exact,2022-09-28,pre_third,2022:Q2,S,S,0.03425184541162761,0.0,0.031194781531026772,4.09034786337914,True,5,0.02
indicator_revision_only_dfm_kalman_em,exact,2022:Q2:pre_third:exact,2022-09-28,pre_third,2022:Q2,S,T,0.01670766946049558,0.0,0.031194781531026772,4.09034786337914,True,5,0.02
indicator_revision_only_dfm_kalman_em,exact,2022:Q2:pre_third:exact,2022-09-28,pre_third,2022:Q2,T,A,0.01670766946049558,0.0,0.031194781531026772,4.09034786337914,True,5,0.02
indicator_revision_only_dfm_kalman_em,exact,2022:Q2:pre_third:exact,2022-09-28,pre_third,2022:Q2,T,M,0.01670766946049558,0.0,0.031194781531026772,4.09034786337914,True,5,0.02
indicator_revision_only_dfm_kalman_em,exact,2022:Q2:pre_third:exact,2022-09-28,pre_third,2022:Q2,T,S,0.01670766946049558,0.0,0.031194781531026772,4.09034786337914,True,5,0.02
indicator_revision_only_dfm_kalman_em,exact,2022:Q2:pre_third:exact,2022-09-28,pre_third,2022:Q2,T,T,0.14375699006509665,0.0,0.031194781531026772,4.09034786337914,True,5,0.02
joint_indicator_revision_dfm_full_kalman_em,exact,2022:Q2:pre_third:exact,2022-09-28,pre_third,2022:Q2,A,A,0.19522299451878183,8.673617379884035e-19,0.036710529408278555,4.101901317768534,True,5,0.02
joint_indicator_revision_dfm_full_kalman_em,exact,2022:Q2:pre_third:exact,2022-09-28,pre_third,2022:Q2,A,M,0.0042920176908669665,8.673617379884035e-19,0.036710529408278555,4.101901317768534,True,5,0.02
joint_indicator_revision_dfm_full_kalman_em,exact,2022:Q2:pre_third:exact,2022-09-28,pre_third,2022:Q2,A,S,0.007628785205024575,8.673617379884035e-19,0.036710529408278555,4.101901317768534,True,5,0.02
joint_indicator_revision_dfm_full_kalman_em,exact,2022:Q2:pre_third:exact,2022-09-28,pre_third,2022:Q2,A,T,0.00562672469653001,8.673617379884035e-19,0.036710529408278555,4.101901317768534,True,5,0.02
joint_indicator_revision_dfm_full_kalman_em,exact,2022:Q2:pre_third:exact,2022-09-28,pre_third,2022:Q2,M,A,0.0042920176908669665,8.673617379884035e-19,0.036710529408278555,4.101901317768534,True,5,0.02
joint_indicator_revision_dfm_full_kalman_em,exact,2022:Q2:pre_third:exact,2022-09-28,pre_third,2022:Q2,M,M,4.101679946181467,8.673617379884035e-19,0.036710529408278555,4.101901317768534,True,5,0.02
joint_indicator_revision_dfm_full_kalman_em,exact,2022:Q2:pre_third:exact,2022-09-28,pre_third,2022:Q2,M,S,0.020522267049249025,8.673617379884035e-19,0.036710529408278555,4.101901317768534,True,5,0.02
joint_indicator_revision_dfm_full_kalman_em,exact,2022:Q2:pre_third:exact,2022-09-28,pre_third,2022:Q2,M,T,0.02103480123951372,8.673617379884035e-19,0.036710529408278555,4.101901317768534,True,5,0.02
joint_indicator_revision_dfm_full_kalman_em,exact,2022:Q2:pre_third:exact,2022-09-28,pre_third,2022:Q2,S,A,0.0076287852050245745,8.673617379884035e-19,0.036710529408278555,4.101901317768534,True,5,0.02
joint_indicator_revision_dfm_full_kalman_em,exact,2022:Q2:pre_third:exact,2022-09-28,pre_third,2022:Q2,S,M,0.020522267049249025,8.673617379884035e-19,0.036710529408278555,4.101901317768534,True,5,0.02
joint_indicator_revision_dfm_full_kalman_em,exact,2022:Q2:pre_third:exact,2022-09-28,pre_third,2022:Q2,S,S,0.04099471244801091,8.673617379884035e-19,0.036710529408278555,4.101901317768534,True,5,0.02
joint_indicator_revision_dfm_full_kalman_em,exact,2022:Q2:pre_third:exact,2022-09-28,pre_third,2022:Q2,S,T,0.020264397412364535,8.673617379884035e-19,0.036710529408278555,4.101901317768534,True,5,0.02
joint_indicator_revision_dfm_full_kalman_em,exact,2022:Q2:pre_third:exact,2022-09-28,pre_third,2022:Q2,T,A,0.00562672469653001,8.673617379884035e-19,0.036710529408278555,4.101901317768534,True,5,0.02
joint_indicator_revision_dfm_full_kalman_em,exact,2022:Q2:pre_third:exact,2022-09-28,pre_third,2022:Q2,T,M,0.02103480123951372,8.673617379884035e-19,0.036710529408278555,4.101901317768534,True,5,0.02
joint_indicator_revision_dfm_full_kalman_em,exact,2022:Q2:pre_third:exact,2022-09-28,pre_third,2022:Q2,T,S,0.020264397412364535,8.673617379884035e-19,0.036710529408278555,4.101901317768534,True,5,0.02
joint_indicator_revision_dfm_full_kalman_em,exact,2022:Q2:pre_third:exact,2022-09-28,pre_third,2022:Q2,T,T,0.1406951918137467,8.673617379884035e-19,0.036710529408278555,4.101901317768534,True,5,0.02
monthly_mixed_frequency_kalman_em,exact,2022:Q2:pre_third:exact,2022-09-28,pre_third,2022:Q2,A,A,0.3136490898027669,0.0,0.05807835400624522,4.291396778660963,True,5,0.02
monthly_mixed_frequency_kalman_em,exact,2022:Q2:pre_third:exact,2022-09-28,pre_third,2022:Q2,A,M,-0.039974187854380575,0.0,0.05807835400624522,4.291396778660963,True,5,0.02
monthly_mixed_frequency_kalman_em,exact,2022:Q2:pre_third:exact,2022-09-28,pre_third,2022:Q2,A,S,0.030438723586913942,0.0,0.05807835400624522,4.291396778660963,True,5,0.02
monthly_mixed_frequency_kalman_em,exact,2022:Q2:pre_third:exact,2022-09-28,pre_third,2022:Q2,A,T,-0.007968319017428527,0.0,0.05807835400624522,4.291396778660963,True,5,0.02
monthly_mixed_frequency_kalman_em,exact,2022:Q2:pre_third:exact,2022-09-28,pre_third,2022:Q2,M,A,-0.039974187854380575,0.0,0.05807835400624522,4.291396778660963,True,5,0.02
monthly_mixed_frequency_kalman_em,exact,2022:Q2:pre_third:exact,2022-09-28,pre_third,2022:Q2,M,M,4.286120266946514,0.0,0.05807835400624522,4.291396778660963,True,5,0.02
monthly_mixed_frequency_kalman_em,exact,2022:Q2:pre_third:exact,2022-09-28,pre_third,2022:Q2,M,S,0.060792600412870816,0.0,0.05807835400624522,4.291396778660963,True,5,0.02
monthly_mixed_frequency_kalman_em,exact,2022:Q2:pre_third:exact,2022-09-28,pre_third,2022:Q2,M,T,0.1279704592577051,0.0,0.05807835400624522,4.291396778660963,True,5,0.02
monthly_mixed_frequency_kalman_em,exact,2022:Q2:pre_third:exact,2022-09-28,pre_third,2022:Q2,S,A,0.030438723586913942,0.0,0.05807835400624522,4.291396778660963,True,5,0.02
monthly_mixed_frequency_kalman_em,exact,2022:Q2:pre_third:exact,2022-09-28,pre_third,2022:Q2,S,M,0.060792600412870816,0.0,0.05807835400624522,4.291396778660963,True,5,0.02
monthly_mixed_frequency_kalman_em,exact,2022:Q2:pre_third:exact,2022-09-28,pre_third,2022:Q2,S,S,0.0955218897793148,0.0,0.05807835400624522,4.291396778660963,True,5,0.02
monthly_mixed_frequency_kalman_em,exact,2022:Q2:pre_third:exact,2022-09-28,pre_third,2022:Q2,S,T,0.0532041312063816,0.0,0.05807835400624522,4.291396778660963,True,5,0.02
monthly_mixed_frequency_kalman_em,exact,2022:Q2:pre_third:exact,2022-09-28,pre_third,2022:Q2,T,A,-0.007968319017428527,0.0,0.05807835400624522,4.291396778660963,True,5,0.02
monthly_mixed_frequency_kalman_em,exact,2022:Q2:pre_third:exact,2022-09-28,pre_third,2022:Q2,T,M,0.1279704592577051,0.0,0.05807835400624522,4.291396778660963,True,5,0.02
monthly_mixed_frequency_kalman_em,exact,2022:Q2:pre_third:exact,2022-09-28,pre_third,2022:Q2,T,S,0.0532041312063816,0.0,0.05807835400624522,4.291396778660963,True,5,0.02
monthly_mixed_frequency_kalman_em,exact,2022:Q2:pre_third:exact,2022-09-28,pre_third,2022:Q2,T,T,0.1451578153924014,0.0,0.05807835400624522,4.291396778660963,True,5,0.02
revision_dfm_kalman_em,exact,2022:Q2:pre_third:exact,2022-09-28,pre_third,2022:Q2,A,A,0.2306415384950216,3.469446951953614e-18,0.04488854459925706,4.0968828176340155,True,5,0.02
revision_dfm_kalman_em,exact,2022:Q2:pre_third:exact,2022-09-28,pre_third,2022:Q2,A,M,0.0069882214349814235,3.469446951953614e-18,0.04488854459925706,4.0968828176340155,True,5,0.02
revision_dfm_kalman_em,exact,2022:Q2:pre_third:exact,2022-09-28,pre_third,2022:Q2,A,S,0.010682538163564364,3.469446951953614e-18,0.04488854459925706,4.0968828176340155,True,5,0.02
revision_dfm_kalman_em,exact,2022:Q2:pre_third:exact,2022-09-28,pre_third,2022:Q2,A,T,0.008465948126414598,3.469446951953614e-18,0.04488854459925706,4.0968828176340155,True,5,0.02
revision_dfm_kalman_em,exact,2022:Q2:pre_third:exact,2022-09-28,pre_third,2022:Q2,M,A,0.0069882214349814235,3.469446951953614e-18,0.04488854459925706,4.0968828176340155,True,5,0.02
revision_dfm_kalman_em,exact,2022:Q2:pre_third:exact,2022-09-28,pre_third,2022:Q2,M,M,4.096524294025824,3.469446951953614e-18,0.04488854459925706,4.0968828176340155,True,5,0.02
revision_dfm_kalman_em,exact,2022:Q2:pre_third:exact,2022-09-28,pre_third,2022:Q2,M,S,0.025894787500555523,3.469446951953614e-18,0.04488854459925706,4.0968828176340155,True,5,0.02
revision_dfm_kalman_em,exact,2022:Q2:pre_third:exact,2022-09-28,pre_third,2022:Q2,M,T,0.026491836955257867,3.469446951953614e-18,0.04488854459925706,4.0968828176340155,True,5,0.02
revision_dfm_kalman_em,exact,2022:Q2:pre_third:exact,2022-09-28,pre_third,2022:Q2,S,A,0.010682538163564364,3.469446951953614e-18,0.04488854459925706,4.0968828176340155,True,5,0.02
revision_dfm_kalman_em,exact,2022:Q2:pre_third:exact,2022-09-28,pre_third,2022:Q2,S,M,0.025894787500555523,3.469446951953614e-18,0.04488854459925706,4.0968828176340155,True,5,0.02
revision_dfm_kalman_em,exact,2022:Q2:pre_third:exact,2022-09-28,pre_third,2022:Q2,S,S,0.05212204074535986,3.469446951953614e-18,0.04488854459925706,4.0968828176340155,True,5,0.02
revision_dfm_kalman_em,exact,2022:Q2:pre_third:exact,2022-09-28,pre_third,2022:Q2,S,T,0.0255905425138157,3.469446951953614e-18,0.04488854459925706,4.0968828176340155,True,5,0.02
revision_dfm_kalman_em,exact,2022:Q2:pre_third:exact,2022-09-28,pre_third,2022:Q2,T,A,0.0084659481264146,3.469446951953614e-18,0.04488854459925706,4.0968828176340155,True,5,0.02
revision_dfm_kalman_em,exact,2022:Q2:pre_third:exact,2022-09-28,pre_third,2022:Q2,T,M,0.026491836955257867,3.469446951953614e-18,0.04488854459925706,4.0968828176340155,True,5,0.02
revision_dfm_kalman_em,exact,2022:Q2:pre_third:exact,2022-09-28,pre_third,2022:Q2,T,S,0.025590542513815703,3.469446951953614e-18,0.04488854459925706,4.0968828176340155,True,5,0.02
revision_dfm_kalman_em,exact,2022:Q2:pre_third:exact,2022-09-28,pre_third,2022:Q2,T,T,0.1417397827832171,3.469446951953614e-18,0.04488854459925706,4.0968828176340155,True,5,0.02
indicator_revision_only_dfm_kalman_em,pseudo,2022:Q2:pre_third:pseudo,2022-09-30,pre_third,2022:Q2,A,A,0.4149813748855742,0.0,0.031193233107801976,4.090349181790123,True,5,0.02
indicator_revision_only_dfm_kalman_em,pseudo,2022:Q2:pre_third:pseudo,2022-09-30,pre_third,2022:Q2,A,M,0.016706755784167315,0.0,0.031193233107801976,4.090349181790123,True,5,0.02
indicator_revision_only_dfm_kalman_em,pseudo,2022:Q2:pre_third:pseudo,2022-09-30,pre_third,2022:Q2,A,S,0.016706755784167315,0.0,0.031193233107801976,4.090349181790123,True,5,0.02
indicator_revision_only_dfm_kalman_em,pseudo,2022:Q2:pre_third:pseudo,2022-09-30,pre_third,2022:Q2,A,T,0.016706755784167315,0.0,0.031193233107801976,4.090349181790123,True,5,0.02
indicator_revision_only_dfm_kalman_em,pseudo,2022:Q2:pre_third:pseudo,2022-09-30,pre_third,2022:Q2,M,A,0.016706755784167315,0.0,0.031193233107801976,4.090349181790123,True,5,0.02
indicator_revision_only_dfm_kalman_em,pseudo,2022:Q2:pre_third:pseudo,2022-09-30,pre_third,2022:Q2,M,M,4.090131835294843,0.0,0.031193233107801976,4.090349181790123,True,5,0.02
indicator_revision_only_dfm_kalman_em,pseudo,2022:Q2:pre_third:pseudo,2022-09-30,pre_third,2022:Q2,M,S,0.016706755784167315,0.0,0.031193233107801976,4.090349181790123,True,5,0.02
indicator_revision_only_dfm_kalman_em,pseudo,2022:Q2:pre_third:pseudo,2022-09-30,pre_third,2022:Q2,M,T,0.016706755784167315,0.0,0.031193233107801976,4.090349181790123,True,5,0.02
indicator_revision_only_dfm_kalman_em,pseudo,2022:Q2:pre_third:pseudo,2022-09-30,pre_third,2022:Q2,S,A,0.016706755784167315,0.0,0.031193233107801976,4.090349181790123,True,5,0.02
indicator_revision_only_dfm_kalman_em,pseudo,2022:Q2:pre_third:pseudo,2022-09-30,pre_third,2022:Q2,S,M,0.016706755784167315,0.0,0.031193233107801976,4.090349181790123,True,5,0.02
indicator_revision_only_dfm_kalman_em,pseudo,2022:Q2:pre_third:pseudo,2022-09-30,pre_third,2022:Q2,S,S,0.03424994292728553,0.0,0.031193233107801976,4.090349181790123,True,5,0.02
indicator_revision_only_dfm_kalman_em,pseudo,2022:Q2:pre_third:pseudo,2022-09-30,pre_third,2022:Q2,S,T,0.016706755784167315,0.0,0.031193233107801976,4.090349181790123,True,5,0.02
indicator_revision_only_dfm_kalman_em,pseudo,2022:Q2:pre_third:pseudo,2022-09-30,pre_third,2022:Q2,T,A,0.016706755784167315,0.0,0.031193233107801976,4.090349181790123,True,5,0.02
indicator_revision_only_dfm_kalman_em,pseudo,2022:Q2:pre_third:pseudo,2022-09-30,pre_third,2022:Q2,T,M,0.016706755784167315,0.0,0.031193233107801976,4.090349181790123,True,5,0.02
indicator_revision_only_dfm_kalman_em,pseudo,2022:Q2:pre_third:pseudo,2022-09-30,pre_third,2022:Q2,T,S,0.016706755784167315,0.0,0.031193233107801976,4.090349181790123,True,5,0.02
indicator_revision_only_dfm_kalman_em,pseudo,2022:Q2:pre_third:pseudo,2022-09-30,pre_third,2022:Q2,T,T,0.14375684955176235,0.0,0.031193233107801976,4.090349181790123,True,5,0.02
joint_indicator_revision_dfm_full_kalman_em,pseudo,2022:Q2:pre_third:pseudo,2022-09-30,pre_third,2022:Q2,A,A,0.19543582541120225,3.469446951953614e-18,0.03671541169606143,4.101897348214716,True,5,0.02
joint_indicator_revision_dfm_full_kalman_em,pseudo,2022:Q2:pre_third:pseudo,2022-09-30,pre_third,2022:Q2,A,M,0.004302678919487643,3.469446951953614e-18,0.03671541169606143,4.101897348214716,True,5,0.02
joint_indicator_revision_dfm_full_kalman_em,pseudo,2022:Q2:pre_third:pseudo,2022-09-30,pre_third,2022:Q2,A,S,0.007640427932401293,3.469446951953614e-18,0.03671541169606143,4.101897348214716,True,5,0.02
joint_indicator_revision_dfm_full_kalman_em,pseudo,2022:Q2:pre_third:pseudo,2022-09-30,pre_third,2022:Q2,A,T,0.005637778524653103,3.469446951953614e-18,0.03671541169606143,4.101897348214716,True,5,0.02
joint_indicator_revision_dfm_full_kalman_em,pseudo,2022:Q2:pre_third:pseudo,2022-09-30,pre_third,2022:Q2,M,A,0.004302678919487643,3.469446951953614e-18,0.03671541169606143,4.101897348214716,True,5,0.02
joint_indicator_revision_dfm_full_kalman_em,pseudo,2022:Q2:pre_third:pseudo,2022-09-30,pre_third,2022:Q2,M,M,4.101675897900535,3.469446951953614e-18,0.03671541169606143,4.101897348214716,True,5,0.02
joint_indicator_revision_dfm_full_kalman_em,pseudo,2022:Q2:pre_third:pseudo,2022-09-30,pre_third,2022:Q2,M,S,0.020524976138226344,3.469446951953614e-18,0.03671541169606143,4.101897348214716,True,5,0.02
joint_indicator_revision_dfm_full_kalman_em,pseudo,2022:Q2:pre_third:pseudo,2022-09-30,pre_third,2022:Q2,M,T,0.021037259208291772,3.469446951953614e-18,0.03671541169606143,4.101897348214716,True,5,0.02
joint_indicator_revision_dfm_full_kalman_em,pseudo,2022:Q2:pre_third:pseudo,2022-09-30,pre_third,2022:Q2,S,A,0.007640427932401296,3.469446951953614e-18,0.03671541169606143,4.101897348214716,True,5,0.02
joint_indicator_revision_dfm_full_kalman_em,pseudo,2022:Q2:pre_third:pseudo,2022-09-30,pre_third,2022:Q2,S,M,0.020524976138226344,3.469446951953614e-18,0.03671541169606143,4.101897348214716,True,5,0.02
joint_indicator_revision_dfm_full_kalman_em,pseudo,2022:Q2:pre_third:pseudo,2022-09-30,pre_third,2022:Q2,S,S,0.04100127954498125,3.469446951953614e-18,0.03671541169606143,4.101897348214716,True,5,0.02
joint_indicator_revision_dfm_full_kalman_em,pseudo,2022:Q2:pre_third:pseudo,2022-09-30,pre_third,2022:Q2,S,T,0.020267285174109844,3.469446951953614e-18,0.03671541169606143,4.101897348214716,True,5,0.02
joint_indicator_revision_dfm_full_kalman_em,pseudo,2022:Q2:pre_third:pseudo,2022-09-30,pre_third,2022:Q2,T,A,0.005637778524653101,3.469446951953614e-18,0.03671541169606143,4.101897348214716,True,5,0.02
joint_indicator_revision_dfm_full_kalman_em,pseudo,2022:Q2:pre_third:pseudo,2022-09-30,pre_third,2022:Q2,T,M,0.021037259208291772,3.469446951953614e-18,0.03671541169606143,4.101897348214716,True,5,0.02
joint_indicator_revision_dfm_full_kalman_em,pseudo,2022:Q2:pre_third:pseudo,2022-09-30,pre_third,2022:Q2,T,S,0.02026728517410984,3.469446951953614e-18,0.03671541169606143,4.101897348214716,True,5,0.02
joint_indicator_revision_dfm_full_kalman_em,pseudo,2022:Q2:pre_third:pseudo,2022-09-30,pre_third,2022:Q2,T,T,0.14069652770000055,3.469446951953614e-18,0.03671541169606143,4.101897348214716,True,5,0.02
monthly_mixed_frequency_kalman_em,pseudo,2022:Q2:pre_third:pseudo,2022-09-30,pre_third,2022:Q2,A,A,0.3135625516442333,0.0,0.058084973443056624,4.29146578423669,True,5,0.02
monthly_mixed_frequency_kalman_em,pseudo,2022:Q2:pre_third:pseudo,2022-09-30,pre_third,2022:Q2,A,M,-0.039971937830628274,0.0,0.058084973443056624,4.29146578423669,True,5,0.02
monthly_mixed_frequency_kalman_em,pseudo,2022:Q2:pre_third:pseudo,2022-09-30,pre_third,2022:Q2,A,S,0.030436328197997565,0.0,0.058084973443056624,4.29146578423669,True,5,0.02
monthly_mixed_frequency_kalman_em,pseudo,2022:Q2:pre_third:pseudo,2022-09-30,pre_third,2022:Q2,A,T,-0.007968180544889254,0.0,0.058084973443056624,4.29146578423669,True,5,0.02
monthly_mixed_frequency_kalman_em,pseudo,2022:Q2:pre_third:pseudo,2022-09-30,pre_third,2022:Q2,M,A,-0.039971937830628274,0.0,0.058084973443056624,4.29146578423669,True,5,0.02
monthly_mixed_frequency_kalman_em,pseudo,2022:Q2:pre_third:pseudo,2022-09-30,pre_third,2022:Q2,M,M,4.286187398188057,0.0,0.058084973443056624,4.29146578423669,True,5,0.02
monthly_mixed_frequency_kalman_em,pseudo,2022:Q2:pre_third:pseudo,2022-09-30,pre_third,2022:Q2,M,S,0.060808159374439154,0.0,0.058084973443056624,4.29146578423669,True,5,0.02
monthly_mixed_frequency_kalman_em,pseudo,2022:Q2:pre_third:pseudo,2022-09-30,pre_third,2022:Q2,M,T,0.12799489084448412,0.0,0.058084973443056624,4.29146578423669,True,5,0.02
monthly_mixed_frequency_kalman_em,pseudo,2022:Q2:pre_third:pseudo,2022-09-30,pre_third,2022:Q2,S,A,0.030436328197997565,0.0,0.058084973443056624,4.29146578423669,True,5,0.02
monthly_mixed_frequency_kalman_em,pseudo,2022:Q2:pre_third:pseudo,2022-09-30,pre_third,2022:Q2,S,M,0.060808159374439154,0.0,0.058084973443056624,4.29146578423669,True,5,0.02
monthly_mixed_frequency_kalman_em,pseudo,2022:Q2:pre_third:pseudo,2022-09-30,pre_third,2022:Q2,S,S,0.09553664442216823,0.0,0.058084973443056624,4.29146578423669,True,5,0.02
monthly_mixed_frequency_kalman_em,pseudo,2022:Q2:pre_third:pseudo,2022-09-30,pre_third,2022:Q2,S,T,0.05321520158032877,0.0,0.058084973443056624,4.29146578423669,True,5,0.02
monthly_mixed_frequency_kalman_em,pseudo,2022:Q2:pre_third:pseudo,2022-09-30,pre_third,2022:Q2,T,A,-0.007968180544889254,0.0,0.058084973443056624,4.29146578423669,True,5,0.02
monthly_mixed_frequency_kalman_em,pseudo,2022:Q2:pre_third:pseudo,2022-09-30,pre_third,2022:Q2,T,M,0.12799489084448412,0.0,0.058084973443056624,4.29146578423669,True,5,0.02
monthly_mixed_frequency_kalman_em,pseudo,2022:Q2:pre_third:pseudo,2022-09-30,pre_third,2022:Q2,T,S,0.05321520158032877,0.0,0.058084973443056624,4.29146578423669,True,5,0.02
monthly_mixed_frequency_kalman_em,pseudo,2022:Q2:pre_third:pseudo,2022-09-30,pre_third,2022:Q2,T,T,0.14518183511123403,0.0,0.058084973443056624,4.29146578423669,True,5,0.02
revision_dfm_kalman_em,pseudo,2022:Q2:pre_third:pseudo,2022-09-30,pre_third,2022:Q2,A,A,0.23056949470456445,3.469446951953614e-18,0.04488783349090613,4.0968881643308155,True,5,0.02
revision_dfm_kalman_em,pseudo,2022:Q2:pre_third:pseudo,2022-09-30,pre_third,2022:Q2,A,M,0.006980607613097068,3.469446951953614e-18,0.04488783349090613,4.0968881643308155,True,5,0.02
revision_dfm_kalman_em,pseudo,2022:Q2:pre_third:pseudo,2022-09-30,pre_third,2022:Q2,A,S,0.010675310376040898,3.469446951953614e-18,0.04488783349090613,4.0968881643308155,True,5,0.02
revision_dfm_kalman_em,pseudo,2022:Q2:pre_third:pseudo,2022-09-30,pre_third,2022:Q2,A,T,0.0084584887182746,3.469446951953614e-18,0.04488783349090613,4.0968881643308155,True,5,0.02
revision_dfm_kalman_em,pseudo,2022:Q2:pre_third:pseudo,2022-09-30,pre_third,2022:Q2,M,A,0.006980607613097068,3.469446951953614e-18,0.04488783349090613,4.0968881643308155,True,5,0.02
revision_dfm_kalman_em,pseudo,2022:Q2:pre_third:pseudo,2022-09-30,pre_third,2022:Q2,M,M,4.0965296704183345,3.469446951953614e-18,0.04488783349090613,4.0968881643308155,True,5,0.02
revision_dfm_kalman_em,pseudo,2022:Q2:pre_third:pseudo,2022-09-30,pre_third,2022:Q2,M,S,0.025894647860676013,3.469446951953614e-18,0.04488783349090613,4.0968881643308155,True,5,0.02
revision_dfm_kalman_em,pseudo,2022:Q2:pre_third:pseudo,2022-09-30,pre_third,2022:Q2,M,T,0.026491933342178507,3.469446951953614e-18,0.04488783349090613,4.0968881643308155,True,5,0.02
revision_dfm_kalman_em,pseudo,2022:Q2:pre_third:pseudo,2022-09-30,pre_third,2022:Q2,S,A,0.010675310376040897,3.469446951953614e-18,0.04488783349090613,4.0968881643308155,True,5,0.02
revision_dfm_kalman_em,pseudo,2022:Q2:pre_third:pseudo,2022-09-30,pre_third,2022:Q2,S,M,0.025894647860676013,3.469446951953614e-18,0.04488783349090613,4.0968881643308155,True,5,0.02
revision_dfm_kalman_em,pseudo,2022:Q2:pre_third:pseudo,2022-09-30,pre_third,2022:Q2,S,S,0.05212085060902269,3.469446951953614e-18,0.04488783349090613,4.0968881643308155,True,5,0.02
revision_dfm_kalman_em,pseudo,2022:Q2:pre_third:pseudo,2022-09-30,pre_third,2022:Q2,S,T,0.02559026111098331,3.469446951953614e-18,0.04488783349090613,4.0968881643308155,True,5,0.02
revision_dfm_kalman_em,pseudo,2022:Q2:pre_third:pseudo,2022-09-30,pre_third,2022:Q2,T,A,0.008458488718274596,3.469446951953614e-18,0.04488783349090613,4.0968881643308155,True,5,0.02
revision_dfm_kalman_em,pseudo,2022:Q2:pre_third:pseudo,2022-09-30,pre_third,2022:Q2,T,M,0.026491933342178507,3.469446951953614e-18,0.04488783349090613,4.0968881643308155,True,5,0.02
revision_dfm_kalman_em,pseudo,2022:Q2:pre_third:pseudo,2022-09-30,pre_third,2022:Q2,T,S,0.02559026111098331,3.469446951953614e-18,0.04488783349090613,4.0968881643308155,True,5,0.02
revision_dfm_kalman_em,pseudo,2022:Q2:pre_third:pseudo,2022-09-30,pre_third,2022:Q2,T,T,0.14173907853785858,3.469446951953614e-18,0.04488783349090613,4.0968881643308155,True,5,0.02
indicator_revision_only_dfm_kalman_em,exact,2022:Q3:pre_advance:exact,2022-10-26,pre_advance,2022:Q3,A,A,3.370611688842058,0.0,0.07022481179164167,13.332707719255698,True,5,0.02
indicator_revision_only_dfm_kalman_em,exact,2022:Q3:pre_advance:exact,2022-10-26,pre_advance,2022:Q3,A,M,2.975918408361984,0.0,0.07022481179164167,13.332707719255698,True,5,0.02
indicator_revision_only_dfm_kalman_em,exact,2022:Q3:pre_advance:exact,2022-10-26,pre_advance,2022:Q3,A,S,2.975918408361984,0.0,0.07022481179164167,13.332707719255698,True,5,0.02
indicator_revision_only_dfm_kalman_em,exact,2022:Q3:pre_advance:exact,2022-10-26,pre_advance,2022:Q3,A,T,2.975918408361984,0.0,0.07022481179164167,13.332707719255698,True,5,0.02
indicator_revision_only_dfm_kalman_em,exact,2022:Q3:pre_advance:exact,2022-10-26,pre_advance,2022:Q3,M,A,2.975918408361984,0.0,0.07022481179164167,13.332707719255698,True,5,0.02
indicator_revision_only_dfm_kalman_em,exact,2022:Q3:pre_advance:exact,2022-10-26,pre_advance,2022:Q3,M,M,7.040509787098156,0.0,0.07022481179164167,13.332707719255698,True,5,0.02
indicator_revision_only_dfm_kalman_em,exact,2022:Q3:pre_advance:exact,2022-10-26,pre_advance,2022:Q3,M,S,2.975918408361984,0.0,0.07022481179164167,13.332707719255698,True,5,0.02
indicator_revision_only_dfm_kalman_em,exact,2022:Q3:pre_advance:exact,2022-10-26,pre_advance,2022:Q3,M,T,2.975918408361984,0.0,0.07022481179164167,13.332707719255698,True,5,0.02
indicator_revision_only_dfm_kalman_em,exact,2022:Q3:pre_advance:exact,2022-10-26,pre_advance,2022:Q3,S,A,2.975918408361984,0.0,0.07022481179164167,13.332707719255698,True,5,0.02
indicator_revision_only_dfm_kalman_em,exact,2022:Q3:pre_advance:exact,2022-10-26,pre_advance,2022:Q3,S,M,2.975918408361984,0.0,0.07022481179164167,13.332707719255698,True,5,0.02
indicator_revision_only_dfm_kalman_em,exact,2022:Q3:pre_advance:exact,2022-10-26,pre_advance,2022:Q3,S,S,3.006028608986872,0.0,0.07022481179164167,13.332707719255698,True,5,0.02
indicator_revision_only_dfm_kalman_em,exact,2022:Q3:pre_advance:exact,2022-10-26,pre_advance,2022:Q3,S,T,2.975918408361984,0.0,0.07022481179164167,13.332707719255698,True,5,0.02
indicator_revision_only_dfm_kalman_em,exact,2022:Q3:pre_advance:exact,2022-10-26,pre_advance,2022:Q3,T,A,2.975918408361984,0.0,0.07022481179164167,13.332707719255698,True,5,0.02
indicator_revision_only_dfm_kalman_em,exact,2022:Q3:pre_advance:exact,2022-10-26,pre_advance,2022:Q3,T,M,2.975918408361984,0.0,0.07022481179164167,13.332707719255698,True,5,0.02
indicator_revision_only_dfm_kalman_em,exact,2022:Q3:pre_advance:exact,2022-10-26,pre_advance,2022:Q3,T,S,2.975918408361984,0.0,0.07022481179164167,13.332707719255698,True,5,0.02
indicator_revision_only_dfm_kalman_em,exact,2022:Q3:pre_advance:exact,2022-10-26,pre_advance,2022:Q3,T,T,3.093179409191498,0.0,0.07022481179164167,13.332707719255698,True,5,0.02
joint_indicator_revision_dfm_full_kalman_em,exact,2022:Q3:pre_advance:exact,2022-10-26,pre_advance,2022:Q3,A,A,2.427485011032073,4.440892098500626e-16,0.06689590465428683,12.938439966221331,True,5,0.02
joint_indicator_revision_dfm_full_kalman_em,exact,2022:Q3:pre_advance:exact,2022-10-26,pre_advance,2022:Q3,A,M,2.5869153040864803,4.440892098500626e-16,0.06689590465428683,12.938439966221331,True,5,0.02
joint_indicator_revision_dfm_full_kalman_em,exact,2022:Q3:pre_advance:exact,2022-10-26,pre_advance,2022:Q3,A,S,2.572039571922033,4.440892098500626e-16,0.06689590465428683,12.938439966221331,True,5,0.02
joint_indicator_revision_dfm_full_kalman_em,exact,2022:Q3:pre_advance:exact,2022-10-26,pre_advance,2022:Q3,A,T,2.580965011220701,4.440892098500626e-16,0.06689590465428683,12.938439966221331,True,5,0.02
joint_indicator_revision_dfm_full_kalman_em,exact,2022:Q3:pre_advance:exact,2022-10-26,pre_advance,2022:Q3,M,A,2.5869153040864803,4.440892098500626e-16,0.06689590465428683,12.938439966221331,True,5,0.02
joint_indicator_revision_dfm_full_kalman_em,exact,2022:Q3:pre_advance:exact,2022-10-26,pre_advance,2022:Q3,M,M,7.195070455251672,4.440892098500626e-16,0.06689590465428683,12.938439966221331,True,5,0.02
joint_indicator_revision_dfm_full_kalman_em,exact,2022:Q3:pre_advance:exact,2022-10-26,pre_advance,2022:Q3,M,S,3.0878910511817885,4.440892098500626e-16,0.06689590465428683,12.938439966221331,True,5,0.02
joint_indicator_revision_dfm_full_kalman_em,exact,2022:Q3:pre_advance:exact,2022-10-26,pre_advance,2022:Q3,M,T,3.103711337932167,4.440892098500626e-16,0.06689590465428683,12.938439966221331,True,5,0.02
joint_indicator_revision_dfm_full_kalman_em,exact,2022:Q3:pre_advance:exact,2022-10-26,pre_advance,2022:Q3,S,A,2.572039571922033,4.440892098500626e-16,0.06689590465428683,12.938439966221331,True,5,0.02
joint_indicator_revision_dfm_full_kalman_em,exact,2022:Q3:pre_advance:exact,2022-10-26,pre_advance,2022:Q3,S,M,3.0878910511817885,4.440892098500626e-16,0.06689590465428683,12.938439966221331,True,5,0.02
joint_indicator_revision_dfm_full_kalman_em,exact,2022:Q3:pre_advance:exact,2022-10-26,pre_advance,2022:Q3,S,S,3.0927705920718456,4.440892098500626e-16,0.06689590465428683,12.938439966221331,True,5,0.02
joint_indicator_revision_dfm_full_kalman_em,exact,2022:Q3:pre_advance:exact,2022-10-26,pre_advance,2022:Q3,S,T,3.077574021596593,4.440892098500626e-16,0.06689590465428683,12.938439966221331,True,5,0.02
joint_indicator_revision_dfm_full_kalman_em,exact,2022:Q3:pre_advance:exact,2022-10-26,pre_advance,2022:Q3,T,A,2.580965011220701,4.440892098500626e-16,0.06689590465428683,12.938439966221331,True,5,0.02
joint_indicator_revision_dfm_full_kalman_em,exact,2022:Q3:pre_advance:exact,2022-10-26,pre_advance,2022:Q3,T,M,3.103711337932167,4.440892098500626e-16,0.06689590465428683,12.938439966221331,True,5,0.02
joint_indicator_revision_dfm_full_kalman_em,exact,2022:Q3:pre_advance:exact,2022-10-26,pre_advance,2022:Q3,T,S,3.0775740215965937,4.440892098500626e-16,0.06689590465428683,12.938439966221331,True,5,0.02
joint_indicator_revision_dfm_full_kalman_em,exact,2022:Q3:pre_advance:exact,2022-10-26,pre_advance,2022:Q3,T,T,3.204587847828634,4.440892098500626e-16,0.06689590465428683,12.938439966221331,True,5,0.02
monthly_mixed_frequency_kalman_em,exact,2022:Q3:pre_advance:exact,2022-10-26,pre_advance,2022:Q3,A,A,4.601258686371198,0.0,0.061193720155007895,19.287370875067516,True,5,0.02
monthly_mixed_frequency_kalman_em,exact,2022:Q3:pre_advance:exact,2022-10-26,pre_advance,2022:Q3,A,M,4.342092693924057,0.0,0.061193720155007895,19.287370875067516,True,5,0.02
monthly_mixed_frequency_kalman_em,exact,2022:Q3:pre_advance:exact,2022-10-26,pre_advance,2022:Q3,A,S,4.3602274391386535,0.0,0.061193720155007895,19.287370875067516,True,5,0.02
monthly_mixed_frequency_kalman_em,exact,2022:Q3:pre_advance:exact,2022-10-26,pre_advance,2022:Q3,A,T,4.350335759930692,0.0,0.061193720155007895,19.287370875067516,True,5,0.02
monthly_mixed_frequency_kalman_em,exact,2022:Q3:pre_advance:exact,2022-10-26,pre_advance,2022:Q3,M,A,4.342092693924057,0.0,0.061193720155007895,19.287370875067516,True,5,0.02
monthly_mixed_frequency_kalman_em,exact,2022:Q3:pre_advance:exact,2022-10-26,pre_advance,2022:Q3,M,M,8.90005960006375,0.0,0.061193720155007895,19.287370875067516,True,5,0.02
monthly_mixed_frequency_kalman_em,exact,2022:Q3:pre_advance:exact,2022-10-26,pre_advance,2022:Q3,M,S,4.541839224997871,0.0,0.061193720155007895,19.287370875067516,True,5,0.02
monthly_mixed_frequency_kalman_em,exact,2022:Q3:pre_advance:exact,2022-10-26,pre_advance,2022:Q3,M,T,4.675003579047082,0.0,0.061193720155007895,19.287370875067516,True,5,0.02
monthly_mixed_frequency_kalman_em,exact,2022:Q3:pre_advance:exact,2022-10-26,pre_advance,2022:Q3,S,A,4.3602274391386535,0.0,0.061193720155007895,19.287370875067516,True,5,0.02
monthly_mixed_frequency_kalman_em,exact,2022:Q3:pre_advance:exact,2022-10-26,pre_advance,2022:Q3,S,M,4.541839224997871,0.0,0.061193720155007895,19.287370875067516,True,5,0.02
monthly_mixed_frequency_kalman_em,exact,2022:Q3:pre_advance:exact,2022-10-26,pre_advance,2022:Q3,S,S,4.4930591104373,0.0,0.061193720155007895,19.287370875067516,True,5,0.02
monthly_mixed_frequency_kalman_em,exact,2022:Q3:pre_advance:exact,2022-10-26,pre_advance,2022:Q3,S,T,4.496436278533067,0.0,0.061193720155007895,19.287370875067516,True,5,0.02
monthly_mixed_frequency_kalman_em,exact,2022:Q3:pre_advance:exact,2022-10-26,pre_advance,2022:Q3,T,A,4.350335759930692,0.0,0.061193720155007895,19.287370875067516,True,5,0.02
monthly_mixed_frequency_kalman_em,exact,2022:Q3:pre_advance:exact,2022-10-26,pre_advance,2022:Q3,T,M,4.675003579047082,0.0,0.061193720155007895,19.287370875067516,True,5,0.02
monthly_mixed_frequency_kalman_em,exact,2022:Q3:pre_advance:exact,2022-10-26,pre_advance,2022:Q3,T,S,4.496436278533067,0.0,0.061193720155007895,19.287370875067516,True,5,0.02
monthly_mixed_frequency_kalman_em,exact,2022:Q3:pre_advance:exact,2022-10-26,pre_advance,2022:Q3,T,T,4.644893125902858,0.0,0.061193720155007895,19.287370875067516,True,5,0.02
revision_dfm_kalman_em,exact,2022:Q3:pre_advance:exact,2022-10-26,pre_advance,2022:Q3,A,A,3.082291614958277,0.0,0.0671665526180348,15.292805782509049,True,5,0.02
revision_dfm_kalman_em,exact,2022:Q3:pre_advance:exact,2022-10-26,pre_advance,2022:Q3,A,M,3.204767028970153,0.0,0.0671665526180348,15.292805782509049,True,5,0.02
revision_dfm_kalman_em,exact,2022:Q3:pre_advance:exact,2022-10-26,pre_advance,2022:Q3,A,S,3.1912936002206376,0.0,0.0671665526180348,15.292805782509049,True,5,0.02
revision_dfm_kalman_em,exact,2022:Q3:pre_advance:exact,2022-10-26,pre_advance,2022:Q3,A,T,3.199377657470347,0.0,0.0671665526180348,15.292805782509049,True,5,0.02
revision_dfm_kalman_em,exact,2022:Q3:pre_advance:exact,2022-10-26,pre_advance,2022:Q3,M,A,3.204767028970153,0.0,0.0671665526180348,15.292805782509049,True,5,0.02
revision_dfm_kalman_em,exact,2022:Q3:pre_advance:exact,2022-10-26,pre_advance,2022:Q3,M,M,7.7948081353697365,0.0,0.0671665526180348,15.292805782509049,True,5,0.02
revision_dfm_kalman_em,exact,2022:Q3:pre_advance:exact,2022-10-26,pre_advance,2022:Q3,M,S,3.6913157815843,0.0,0.0671665526180348,15.292805782509049,True,5,0.02
revision_dfm_kalman_em,exact,2022:Q3:pre_advance:exact,2022-10-26,pre_advance,2022:Q3,M,T,3.706680479035273,0.0,0.0671665526180348,15.292805782509049,True,5,0.02
revision_dfm_kalman_em,exact,2022:Q3:pre_advance:exact,2022-10-26,pre_advance,2022:Q3,S,A,3.1912936002206376,0.0,0.0671665526180348,15.292805782509049,True,5,0.02
revision_dfm_kalman_em,exact,2022:Q3:pre_advance:exact,2022-10-26,pre_advance,2022:Q3,S,M,3.6913157815843,0.0,0.0671665526180348,15.292805782509049,True,5,0.02
revision_dfm_kalman_em,exact,2022:Q3:pre_advance:exact,2022-10-26,pre_advance,2022:Q3,S,S,3.695738013942508,0.0,0.0671665526180348,15.292805782509049,True,5,0.02
revision_dfm_kalman_em,exact,2022:Q3:pre_advance:exact,2022-10-26,pre_advance,2022:Q3,S,T,3.681315337957027,0.0,0.0671665526180348,15.292805782509049,True,5,0.02
revision_dfm_kalman_em,exact,2022:Q3:pre_advance:exact,2022-10-26,pre_advance,2022:Q3,T,A,3.199377657470347,0.0,0.0671665526180348,15.292805782509049,True,5,0.02
revision_dfm_kalman_em,exact,2022:Q3:pre_advance:exact,2022-10-26,pre_advance,2022:Q3,T,M,3.706680479035273,0.0,0.0671665526180348,15.292805782509049,True,5,0.02
revision_dfm_kalman_em,exact,2022:Q3:pre_advance:exact,2022-10-26,pre_advance,2022:Q3,T,S,3.681315337957027,0.0,0.0671665526180348,15.292805782509049,True,5,0.02
revision_dfm_kalman_em,exact,2022:Q3:pre_advance:exact,2022-10-26,pre_advance,2022:Q3,T,T,3.809564948143191,0.0,0.0671665526180348,15.292805782509049,True,5,0.02
indicator_revision_only_dfm_kalman_em,pseudo,2022:Q3:pre_advance:pseudo,2022-10-31,pre_advance,2022:Q3,A,A,3.370944979297548,0.0,0.07022531127607473,13.334014246093394,True,5,0.02
indicator_revision_only_dfm_kalman_em,pseudo,2022:Q3:pre_advance:pseudo,2022-10-31,pre_advance,2022:Q3,A,M,2.97625432993383,0.0,0.07022531127607473,13.334014246093394,True,5,0.02
indicator_revision_only_dfm_kalman_em,pseudo,2022:Q3:pre_advance:pseudo,2022-10-31,pre_advance,2022:Q3,A,S,2.97625432993383,0.0,0.07022531127607473,13.334014246093394,True,5,0.02
indicator_revision_only_dfm_kalman_em,pseudo,2022:Q3:pre_advance:pseudo,2022-10-31,pre_advance,2022:Q3,A,T,2.97625432993383,0.0,0.07022531127607473,13.334014246093394,True,5,0.02
indicator_revision_only_dfm_kalman_em,pseudo,2022:Q3:pre_advance:pseudo,2022-10-31,pre_advance,2022:Q3,M,A,2.97625432993383,0.0,0.07022531127607473,13.334014246093394,True,5,0.02
indicator_revision_only_dfm_kalman_em,pseudo,2022:Q3:pre_advance:pseudo,2022-10-31,pre_advance,2022:Q3,M,M,7.040842235782044,0.0,0.07022531127607473,13.334014246093394,True,5,0.02
indicator_revision_only_dfm_kalman_em,pseudo,2022:Q3:pre_advance:pseudo,2022-10-31,pre_advance,2022:Q3,M,S,2.97625432993383,0.0,0.07022531127607473,13.334014246093394,True,5,0.02
indicator_revision_only_dfm_kalman_em,pseudo,2022:Q3:pre_advance:pseudo,2022-10-31,pre_advance,2022:Q3,M,T,2.97625432993383,0.0,0.07022531127607473,13.334014246093394,True,5,0.02
indicator_revision_only_dfm_kalman_em,pseudo,2022:Q3:pre_advance:pseudo,2022-10-31,pre_advance,2022:Q3,S,A,2.97625432993383,0.0,0.07022531127607473,13.334014246093394,True,5,0.02
indicator_revision_only_dfm_kalman_em,pseudo,2022:Q3:pre_advance:pseudo,2022-10-31,pre_advance,2022:Q3,S,M,2.97625432993383,0.0,0.07022531127607473,13.334014246093394,True,5,0.02
indicator_revision_only_dfm_kalman_em,pseudo,2022:Q3:pre_advance:pseudo,2022-10-31,pre_advance,2022:Q3,S,S,3.0063655581262485,0.0,0.07022531127607473,13.334014246093394,True,5,0.02
indicator_revision_only_dfm_kalman_em,pseudo,2022:Q3:pre_advance:pseudo,2022-10-31,pre_advance,2022:Q3,S,T,2.97625432993383,0.0,0.07022531127607473,13.334014246093394,True,5,0.02
indicator_revision_only_dfm_kalman_em,pseudo,2022:Q3:pre_advance:pseudo,2022-10-31,pre_advance,2022:Q3,T,A,2.97625432993383,0.0,0.07022531127607473,13.334014246093394,True,5,0.02
indicator_revision_only_dfm_kalman_em,pseudo,2022:Q3:pre_advance:pseudo,2022-10-31,pre_advance,2022:Q3,T,M,2.97625432993383,0.0,0.07022531127607473,13.334014246093394,True,5,0.02
indicator_revision_only_dfm_kalman_em,pseudo,2022:Q3:pre_advance:pseudo,2022-10-31,pre_advance,2022:Q3,T,S,2.97625432993383,0.0,0.07022531127607473,13.334014246093394,True,5,0.02
indicator_revision_only_dfm_kalman_em,pseudo,2022:Q3:pre_advance:pseudo,2022-10-31,pre_advance,2022:Q3,T,T,3.093515086638658,0.0,0.07022531127607473,13.334014246093394,True,5,0.02
joint_indicator_revision_dfm_full_kalman_em,pseudo,2022:Q3:pre_advance:pseudo,2022-10-31,pre_advance,2022:Q3,A,A,2.427437307827404,4.440892098500626e-16,0.06689510610772012,12.939575535503884,True,5,0.02
joint_indicator_revision_dfm_full_kalman_em,pseudo,2022:Q3:pre_advance:pseudo,2022-10-31,pre_advance,2022:Q3,A,M,2.5870817402899196,4.440892098500626e-16,0.06689510610772012,12.939575535503884,True,5,0.02
joint_indicator_revision_dfm_full_kalman_em,pseudo,2022:Q3:pre_advance:pseudo,2022-10-31,pre_advance,2022:Q3,A,S,2.572197537505183,4.440892098500626e-16,0.06689510610772012,12.939575535503884,True,5,0.02
joint_indicator_revision_dfm_full_kalman_em,pseudo,2022:Q3:pre_advance:pseudo,2022-10-31,pre_advance,2022:Q3,A,T,2.5811280591760246,4.440892098500626e-16,0.06689510610772012,12.939575535503884,True,5,0.02
joint_indicator_revision_dfm_full_kalman_em,pseudo,2022:Q3:pre_advance:pseudo,2022-10-31,pre_advance,2022:Q3,M,A,2.5870817402899196,4.440892098500626e-16,0.06689510610772012,12.939575535503884,True,5,0.02
joint_indicator_revision_dfm_full_kalman_em,pseudo,2022:Q3:pre_advance:pseudo,2022-10-31,pre_advance,2022:Q3,M,M,7.195476641717427,4.440892098500626e-16,0.06689510610772012,12.939575535503884,True,5,0.02
joint_indicator_revision_dfm_full_kalman_em,pseudo,2022:Q3:pre_advance:pseudo,2022-10-31,pre_advance,2022:Q3,M,S,3.0882690899067513,4.440892098500626e-16,0.06689510610772012,12.939575535503884,True,5,0.02
joint_indicator_revision_dfm_full_kalman_em,pseudo,2022:Q3:pre_advance:pseudo,2022-10-31,pre_advance,2022:Q3,M,T,3.1040960588420194,4.440892098500626e-16,0.06689510610772012,12.939575535503884,True,5,0.02
joint_indicator_revision_dfm_full_kalman_em,pseudo,2022:Q3:pre_advance:pseudo,2022-10-31,pre_advance,2022:Q3,S,A,2.572197537505183,4.440892098500626e-16,0.06689510610772012,12.939575535503884,True,5,0.02
joint_indicator_revision_dfm_full_kalman_em,pseudo,2022:Q3:pre_advance:pseudo,2022-10-31,pre_advance,2022:Q3,S,M,3.0882690899067513,4.440892098500626e-16,0.06689510610772012,12.939575535503884,True,5,0.02
joint_indicator_revision_dfm_full_kalman_em,pseudo,2022:Q3:pre_advance:pseudo,2022-10-31,pre_advance,2022:Q3,S,S,3.0931363190341297,4.440892098500626e-16,0.06689510610772012,12.939575535503884,True,5,0.02
joint_indicator_revision_dfm_full_kalman_em,pseudo,2022:Q3:pre_advance:pseudo,2022-10-31,pre_advance,2022:Q3,S,T,3.07794765885872,4.440892098500626e-16,0.06689510610772012,12.939575535503884,True,5,0.02
joint_indicator_revision_dfm_full_kalman_em,pseudo,2022:Q3:pre_advance:pseudo,2022-10-31,pre_advance,2022:Q3,T,A,2.581128059176025,4.440892098500626e-16,0.06689510610772012,12.939575535503884,True,5,0.02
joint_indicator_revision_dfm_full_kalman_em,pseudo,2022:Q3:pre_advance:pseudo,2022-10-31,pre_advance,2022:Q3,T,M,3.1040960588420194,4.440892098500626e-16,0.06689510610772012,12.939575535503884,True,5,0.02
joint_indicator_revision_dfm_full_kalman_em,pseudo,2022:Q3:pre_advance:pseudo,2022-10-31,pre_advance,2022:Q3,T,S,3.07794765885872,4.440892098500626e-16,0.06689510610772012,12.939575535503884,True,5,0.02
joint_indicator_revision_dfm_full_kalman_em,pseudo,2022:Q3:pre_advance:pseudo,2022-10-31,pre_advance,2022:Q3,T,T,3.2049693564874917,4.440892098500626e-16,0.06689510610772012,12.939575535503884,True,5,0.02
monthly_mixed_frequency_kalman_em,pseudo,2022:Q3:pre_advance:pseudo,2022-10-31,pre_advance,2022:Q3,A,A,4.601182454893564,0.0,0.06119370300008638,19.287037144842415,True,5,0.02
monthly_mixed_frequency_kalman_em,pseudo,2022:Q3:pre_advance:pseudo,2022-10-31,pre_advance,2022:Q3,A,M,4.3420108757102085,0.0,0.06119370300008638,19.287037144842415,True,5,0.02
monthly_mixed_frequency_kalman_em,pseudo,2022:Q3:pre_advance:pseudo,2022-10-31,pre_advance,2022:Q3,A,S,4.360149458815603,0.0,0.06119370300008638,19.287037144842415,True,5,0.02
monthly_mixed_frequency_kalman_em,pseudo,2022:Q3:pre_advance:pseudo,2022-10-31,pre_advance,2022:Q3,A,T,4.350255686212662,0.0,0.06119370300008638,19.287037144842415,True,5,0.02
monthly_mixed_frequency_kalman_em,pseudo,2022:Q3:pre_advance:pseudo,2022-10-31,pre_advance,2022:Q3,M,A,4.3420108757102085,0.0,0.06119370300008638,19.287037144842415,True,5,0.02
monthly_mixed_frequency_kalman_em,pseudo,2022:Q3:pre_advance:pseudo,2022-10-31,pre_advance,2022:Q3,M,M,8.899966091826968,0.0,0.06119370300008638,19.287037144842415,True,5,0.02
monthly_mixed_frequency_kalman_em,pseudo,2022:Q3:pre_advance:pseudo,2022-10-31,pre_advance,2022:Q3,M,S,4.541752106214302,0.0,0.06119370300008638,19.287037144842415,True,5,0.02
monthly_mixed_frequency_kalman_em,pseudo,2022:Q3:pre_advance:pseudo,2022-10-31,pre_advance,2022:Q3,M,T,4.674912926550364,0.0,0.06119370300008638,19.287037144842415,True,5,0.02
monthly_mixed_frequency_kalman_em,pseudo,2022:Q3:pre_advance:pseudo,2022-10-31,pre_advance,2022:Q3,S,A,4.360149458815603,0.0,0.06119370300008638,19.287037144842415,True,5,0.02
monthly_mixed_frequency_kalman_em,pseudo,2022:Q3:pre_advance:pseudo,2022-10-31,pre_advance,2022:Q3,S,M,4.541752106214302,0.0,0.06119370300008638,19.287037144842415,True,5,0.02
monthly_mixed_frequency_kalman_em,pseudo,2022:Q3:pre_advance:pseudo,2022-10-31,pre_advance,2022:Q3,S,S,4.492977204379349,0.0,0.06119370300008638,19.287037144842415,True,5,0.02
monthly_mixed_frequency_kalman_em,pseudo,2022:Q3:pre_advance:pseudo,2022-10-31,pre_advance,2022:Q3,S,T,4.4963514443646275,0.0,0.06119370300008638,19.287037144842415,True,5,0.02
monthly_mixed_frequency_kalman_em,pseudo,2022:Q3:pre_advance:pseudo,2022-10-31,pre_advance,2022:Q3,T,A,4.350255686212662,0.0,0.06119370300008638,19.287037144842415,True,5,0.02
monthly_mixed_frequency_kalman_em,pseudo,2022:Q3:pre_advance:pseudo,2022-10-31,pre_advance,2022:Q3,T,M,4.674912926550364,0.0,0.06119370300008638,19.287037144842415,True,5,0.02
monthly_mixed_frequency_kalman_em,pseudo,2022:Q3:pre_advance:pseudo,2022-10-31,pre_advance,2022:Q3,T,S,4.4963514443646275,0.0,0.06119370300008638,19.287037144842415,True,5,0.02
monthly_mixed_frequency_kalman_em,pseudo,2022:Q3:pre_advance:pseudo,2022-10-31,pre_advance,2022:Q3,T,T,4.644804986207676,0.0,0.06119370300008638,19.287037144842415,True,5,0.02
revision_dfm_kalman_em,pseudo,2022:Q3:pre_advance:pseudo,2022-10-31,pre_advance,2022:Q3,A,A,3.0823046070186235,0.0,0.06716648924101869,15.292999909529087,True,5,0.02
revision_dfm_kalman_em,pseudo,2022:Q3:pre_advance:pseudo,2022-10-31,pre_advance,2022:Q3,A,M,3.2048037115605905,0.0,0.06716648924101869,15.292999909529087,True,5,0.02
revision_dfm_kalman_em,pseudo,2022:Q3:pre_advance:pseudo,2022-10-31,pre_advance,2022:Q3,A,S,3.191329224282399,0.0,0.06716648924101869,15.292999909529087,True,5,0.02
revision_dfm_kalman_em,pseudo,2022:Q3:pre_advance:pseudo,2022-10-31,pre_advance,2022:Q3,A,T,3.199413916649314,0.0,0.06716648924101869,15.292999909529087,True,5,0.02
revision_dfm_kalman_em,pseudo,2022:Q3:pre_advance:pseudo,2022-10-31,pre_advance,2022:Q3,M,A,3.2048037115605905,0.0,0.06716648924101869,15.292999909529087,True,5,0.02
revision_dfm_kalman_em,pseudo,2022:Q3:pre_advance:pseudo,2022-10-31,pre_advance,2022:Q3,M,M,7.794870573052923,0.0,0.06716648924101869,15.292999909529087,True,5,0.02
revision_dfm_kalman_em,pseudo,2022:Q3:pre_advance:pseudo,2022-10-31,pre_advance,2022:Q3,M,S,3.6913748993728848,0.0,0.06716648924101869,15.292999909529087,True,5,0.02
revision_dfm_kalman_em,pseudo,2022:Q3:pre_advance:pseudo,2022-10-31,pre_advance,2022:Q3,M,T,3.706740305303799,0.0,0.06716648924101869,15.292999909529087,True,5,0.02
revision_dfm_kalman_em,pseudo,2022:Q3:pre_advance:pseudo,2022-10-31,pre_advance,2022:Q3,S,A,3.191329224282399,0.0,0.06716648924101869,15.292999909529087,True,5,0.02
revision_dfm_kalman_em,pseudo,2022:Q3:pre_advance:pseudo,2022-10-31,pre_advance,2022:Q3,S,M,3.6913748993728848,0.0,0.06716648924101869,15.292999909529087,True,5,0.02
revision_dfm_kalman_em,pseudo,2022:Q3:pre_advance:pseudo,2022-10-31,pre_advance,2022:Q3,S,S,3.695795989164124,0.0,0.06716648924101869,15.292999909529087,True,5,0.02
revision_dfm_kalman_em,pseudo,2022:Q3:pre_advance:pseudo,2022-10-31,pre_advance,2022:Q3,S,T,3.681373985871075,0.0,0.06716648924101869,15.292999909529087,True,5,0.02
revision_dfm_kalman_em,pseudo,2022:Q3:pre_advance:pseudo,2022-10-31,pre_advance,2022:Q3,T,A,3.199413916649314,0.0,0.06716648924101869,15.292999909529087,True,5,0.02
revision_dfm_kalman_em,pseudo,2022:Q3:pre_advance:pseudo,2022-10-31,pre_advance,2022:Q3,T,M,3.706740305303799,0.0,0.06716648924101869,15.292999909529087,True,5,0.02
revision_dfm_kalman_em,pseudo,2022:Q3:pre_advance:pseudo,2022-10-31,pre_advance,2022:Q3,T,S,3.681373985871075,0.0,0.06716648924101869,15.292999909529087,True,5,0.02
revision_dfm_kalman_em,pseudo,2022:Q3:pre_advance:pseudo,2022-10-31,pre_advance,2022:Q3,T,T,3.8096241863847466,0.0,0.06716648924101869,15.292999909529087,True,5,0.02
indicator_revision_only_dfm_kalman_em,exact,2022:Q3:pre_second:exact,2022-11-29,pre_second,2022:Q3,A,A,0.7423668049314915,0.0,0.06792660656945611,4.522752122497745,True,5,0.02
indicator_revision_only_dfm_kalman_em,exact,2022:Q3:pre_second:exact,2022-11-29,pre_second,2022:Q3,A,M,0.34794424189914197,0.0,0.06792660656945611,4.522752122497745,True,5,0.02
indicator_revision_only_dfm_kalman_em,exact,2022:Q3:pre_second:exact,2022-11-29,pre_second,2022:Q3,A,S,0.34794424189914197,0.0,0.06792660656945611,4.522752122497745,True,5,0.02
indicator_revision_only_dfm_kalman_em,exact,2022:Q3:pre_second:exact,2022-11-29,pre_second,2022:Q3,A,T,0.34794424189914197,0.0,0.06792660656945611,4.522752122497745,True,5,0.02
indicator_revision_only_dfm_kalman_em,exact,2022:Q3:pre_second:exact,2022-11-29,pre_second,2022:Q3,M,A,0.34794424189914197,0.0,0.06792660656945611,4.522752122497745,True,5,0.02
indicator_revision_only_dfm_kalman_em,exact,2022:Q3:pre_second:exact,2022-11-29,pre_second,2022:Q3,M,M,4.412447002036771,0.0,0.06792660656945611,4.522752122497745,True,5,0.02
indicator_revision_only_dfm_kalman_em,exact,2022:Q3:pre_second:exact,2022-11-29,pre_second,2022:Q3,M,S,0.34794424189914197,0.0,0.06792660656945611,4.522752122497745,True,5,0.02
indicator_revision_only_dfm_kalman_em,exact,2022:Q3:pre_second:exact,2022-11-29,pre_second,2022:Q3,M,T,0.34794424189914197,0.0,0.06792660656945611,4.522752122497745,True,5,0.02
indicator_revision_only_dfm_kalman_em,exact,2022:Q3:pre_second:exact,2022-11-29,pre_second,2022:Q3,S,A,0.34794424189914197,0.0,0.06792660656945611,4.522752122497745,True,5,0.02
indicator_revision_only_dfm_kalman_em,exact,2022:Q3:pre_second:exact,2022-11-29,pre_second,2022:Q3,S,M,0.34794424189914197,0.0,0.06792660656945611,4.522752122497745,True,5,0.02
indicator_revision_only_dfm_kalman_em,exact,2022:Q3:pre_second:exact,2022-11-29,pre_second,2022:Q3,S,S,0.3780623838932366,0.0,0.06792660656945611,4.522752122497745,True,5,0.02
indicator_revision_only_dfm_kalman_em,exact,2022:Q3:pre_second:exact,2022-11-29,pre_second,2022:Q3,S,T,0.34794424189914197,0.0,0.06792660656945611,4.522752122497745,True,5,0.02
indicator_revision_only_dfm_kalman_em,exact,2022:Q3:pre_second:exact,2022-11-29,pre_second,2022:Q3,T,A,0.34794424189914197,0.0,0.06792660656945611,4.522752122497745,True,5,0.02
indicator_revision_only_dfm_kalman_em,exact,2022:Q3:pre_second:exact,2022-11-29,pre_second,2022:Q3,T,M,0.34794424189914197,0.0,0.06792660656945611,4.522752122497745,True,5,0.02
indicator_revision_only_dfm_kalman_em,exact,2022:Q3:pre_second:exact,2022-11-29,pre_second,2022:Q3,T,S,0.34794424189914197,0.0,0.06792660656945611,4.522752122497745,True,5,0.02
indicator_revision_only_dfm_kalman_em,exact,2022:Q3:pre_second:exact,2022-11-29,pre_second,2022:Q3,T,T,0.4652242187760267,0.0,0.06792660656945611,4.522752122497745,True,5,0.02
joint_indicator_revision_dfm_full_kalman_em,exact,2022:Q3:pre_second:exact,2022-11-29,pre_second,2022:Q3,A,A,0.26795748950049836,0.0,0.06669679459351062,4.5106570185713535,True,5,0.02
joint_indicator_revision_dfm_full_kalman_em,exact,2022:Q3:pre_second:exact,2022-11-29,pre_second,2022:Q3,A,M,0.14668275576489337,0.0,0.06669679459351062,4.5106570185713535,True,5,0.02
joint_indicator_revision_dfm_full_kalman_em,exact,2022:Q3:pre_second:exact,2022-11-29,pre_second,2022:Q3,A,S,0.145850381125685,0.0,0.06669679459351062,4.5106570185713535,True,5,0.02
joint_indicator_revision_dfm_full_kalman_em,exact,2022:Q3:pre_second:exact,2022-11-29,pre_second,2022:Q3,A,T,0.14634980590921004,0.0,0.06669679459351062,4.5106570185713535,True,5,0.02
joint_indicator_revision_dfm_full_kalman_em,exact,2022:Q3:pre_second:exact,2022-11-29,pre_second,2022:Q3,M,A,0.14668275576489337,0.0,0.06669679459351062,4.5106570185713535,True,5,0.02
joint_indicator_revision_dfm_full_kalman_em,exact,2022:Q3:pre_second:exact,2022-11-29,pre_second,2022:Q3,M,M,4.437761374848641,0.0,0.06669679459351062,4.5106570185713535,True,5,0.02
joint_indicator_revision_dfm_full_kalman_em,exact,2022:Q3:pre_second:exact,2022-11-29,pre_second,2022:Q3,M,S,0.3479194974026618,0.0,0.06669679459351062,4.5106570185713535,True,5,0.02
joint_indicator_revision_dfm_full_kalman_em,exact,2022:Q3:pre_second:exact,2022-11-29,pre_second,2022:Q3,M,T,0.3542743418754335,0.0,0.06669679459351062,4.5106570185713535,True,5,0.02
joint_indicator_revision_dfm_full_kalman_em,exact,2022:Q3:pre_second:exact,2022-11-29,pre_second,2022:Q3,S,A,0.145850381125685,0.0,0.06669679459351062,4.5106570185713535,True,5,0.02
joint_indicator_revision_dfm_full_kalman_em,exact,2022:Q3:pre_second:exact,2022-11-29,pre_second,2022:Q3,S,M,0.3479194974026618,0.0,0.06669679459351062,4.5106570185713535,True,5,0.02
joint_indicator_revision_dfm_full_kalman_em,exact,2022:Q3:pre_second:exact,2022-11-29,pre_second,2022:Q3,S,S,0.369507037918806,0.0,0.06669679459351062,4.5106570185713535,True,5,0.02
joint_indicator_revision_dfm_full_kalman_em,exact,2022:Q3:pre_second:exact,2022-11-29,pre_second,2022:Q3,S,T,0.3438781150771223,0.0,0.06669679459351062,4.5106570185713535,True,5,0.02
joint_indicator_revision_dfm_full_kalman_em,exact,2022:Q3:pre_second:exact,2022-11-29,pre_second,2022:Q3,T,A,0.14634980590921004,0.0,0.06669679459351062,4.5106570185713535,True,5,0.02
joint_indicator_revision_dfm_full_kalman_em,exact,2022:Q3:pre_second:exact,2022-11-29,pre_second,2022:Q3,T,M,0.3542743418754335,0.0,0.06669679459351062,4.5106570185713535,True,5,0.02
joint_indicator_revision_dfm_full_kalman_em,exact,2022:Q3:pre_second:exact,2022-11-29,pre_second,2022:Q3,T,S,0.3438781150771223,0.0,0.06669679459351062,4.5106570185713535,True,5,0.02
joint_indicator_revision_dfm_full_kalman_em,exact,2022:Q3:pre_second:exact,2022-11-29,pre_second,2022:Q3,T,T,0.4605359795709774,0.0,0.06669679459351062,4.5106570185713535,True,5,0.02
monthly_mixed_frequency_kalman_em,exact,2022:Q3:pre_second:exact,2022-11-29,pre_second,2022:Q3,A,A,0.44074850622555867,0.0,0.05848705911469023,4.941588845994179,True,5,0.02
monthly_mixed_frequency_kalman_em,exact,2022:Q3:pre_second:exact,2022-11-29,pre_second,2022:Q3,A,M,0.21322624122294725,0.0,0.05848705911469023,4.941588845994179,True,5,0.02
monthly_mixed_frequency_kalman_em,exact,2022:Q3:pre_second:exact,2022-11-29,pre_second,2022:Q3,A,S,0.21408400890207543,0.0,0.05848705911469023,4.941588845994179,True,5,0.02
monthly_mixed_frequency_kalman_em,exact,2022:Q3:pre_second:exact,2022-11-29,pre_second,2022:Q3,A,T,0.213616135622551,0.0,0.05848705911469023,4.941588845994179,True,5,0.02
monthly_mixed_frequency_kalman_em,exact,2022:Q3:pre_second:exact,2022-11-29,pre_second,2022:Q3,M,A,0.21322624122294725,0.0,0.05848705911469023,4.941588845994179,True,5,0.02
monthly_mixed_frequency_kalman_em,exact,2022:Q3:pre_second:exact,2022-11-29,pre_second,2022:Q3,M,M,4.802656138966215,0.0,0.05848705911469023,4.941588845994179,True,5,0.02
monthly_mixed_frequency_kalman_em,exact,2022:Q3:pre_second:exact,2022-11-29,pre_second,2022:Q3,M,S,0.4270532477211876,0.0,0.05848705911469023,4.941588845994179,True,5,0.02
monthly_mixed_frequency_kalman_em,exact,2022:Q3:pre_second:exact,2022-11-29,pre_second,2022:Q3,M,T,0.5696045853866811,0.0,0.05848705911469023,4.941588845994179,True,5,0.02
monthly_mixed_frequency_kalman_em,exact,2022:Q3:pre_second:exact,2022-11-29,pre_second,2022:Q3,S,A,0.21408400890207543,0.0,0.05848705911469023,4.941588845994179,True,5,0.02
monthly_mixed_frequency_kalman_em,exact,2022:Q3:pre_second:exact,2022-11-29,pre_second,2022:Q3,S,M,0.4270532477211876,0.0,0.05848705911469023,4.941588845994179,True,5,0.02
monthly_mixed_frequency_kalman_em,exact,2022:Q3:pre_second:exact,2022-11-29,pre_second,2022:Q3,S,S,0.36105149471236936,0.0,0.05848705911469023,4.941588845994179,True,5,0.02
monthly_mixed_frequency_kalman_em,exact,2022:Q3:pre_second:exact,2022-11-29,pre_second,2022:Q3,S,T,0.3738109380164096,0.0,0.05848705911469023,4.941588845994179,True,5,0.02
monthly_mixed_frequency_kalman_em,exact,2022:Q3:pre_second:exact,2022-11-29,pre_second,2022:Q3,T,A,0.213616135622551,0.0,0.05848705911469023,4.941588845994179,True,5,0.02
monthly_mixed_frequency_kalman_em,exact,2022:Q3:pre_second:exact,2022-11-29,pre_second,2022:Q3,T,M,0.5696045853866811,0.0,0.05848705911469023,4.941588845994179,True,5,0.02
monthly_mixed_frequency_kalman_em,exact,2022:Q3:pre_second:exact,2022-11-29,pre_second,2022:Q3,T,S,0.3738109380164096,0.0,0.05848705911469023,4.941588845994179,True,5,0.02
monthly_mixed_frequency_kalman_em,exact,2022:Q3:pre_second:exact,2022-11-29,pre_second,2022:Q3,T,T,0.5316603649256822,0.0,0.05848705911469023,4.941588845994179,True,5,0.02
revision_dfm_kalman_em,exact,2022:Q3:pre_second:exact,2022-11-29,pre_second,2022:Q3,A,A,0.2907604386743228,2.7755575615628914e-17,0.06605125419953237,4.558272451662435,True,5,0.02
revision_dfm_kalman_em,exact,2022:Q3:pre_second:exact,2022-11-29,pre_second,2022:Q3,A,M,0.15554472598516642,2.7755575615628914e-17,0.06605125419953237,4.558272451662435,True,5,0.02
revision_dfm_kalman_em,exact,2022:Q3:pre_second:exact,2022-11-29,pre_second,2022:Q3,A,S,0.15485262070324124,2.7755575615628914e-17,0.06605125419953237,4.558272451662435,True,5,0.02
revision_dfm_kalman_em,exact,2022:Q3:pre_second:exact,2022-11-29,pre_second,2022:Q3,A,T,0.15526788387239635,2.7755575615628914e-17,0.06605125419953237,4.558272451662435,True,5,0.02
revision_dfm_kalman_em,exact,2022:Q3:pre_second:exact,2022-11-29,pre_second,2022:Q3,M,A,0.15554472598516642,2.7755575615628914e-17,0.06605125419953237,4.558272451662435,True,5,0.02
revision_dfm_kalman_em,exact,2022:Q3:pre_second:exact,2022-11-29,pre_second,2022:Q3,M,M,4.472430806956269,2.7755575615628914e-17,0.06605125419953237,4.558272451662435,True,5,0.02
revision_dfm_kalman_em,exact,2022:Q3:pre_second:exact,2022-11-29,pre_second,2022:Q3,M,S,0.3774398190933051,2.7755575615628914e-17,0.06605125419953237,4.558272451662435,True,5,0.02
revision_dfm_kalman_em,exact,2022:Q3:pre_second:exact,2022-11-29,pre_second,2022:Q3,M,T,0.3844470325598779,2.7755575615628914e-17,0.06605125419953237,4.558272451662435,True,5,0.02
revision_dfm_kalman_em,exact,2022:Q3:pre_second:exact,2022-11-29,pre_second,2022:Q3,S,A,0.15485262070324127,2.7755575615628914e-17,0.06605125419953237,4.558272451662435,True,5,0.02
revision_dfm_kalman_em,exact,2022:Q3:pre_second:exact,2022-11-29,pre_second,2022:Q3,S,M,0.3774398190933051,2.7755575615628914e-17,0.06605125419953237,4.558272451662435,True,5,0.02
revision_dfm_kalman_em,exact,2022:Q3:pre_second:exact,2022-11-29,pre_second,2022:Q3,S,S,0.3932053987510168,2.7755575615628914e-17,0.06605125419953237,4.558272451662435,True,5,0.02
revision_dfm_kalman_em,exact,2022:Q3:pre_second:exact,2022-11-29,pre_second,2022:Q3,S,T,0.3729880751255038,2.7755575615628914e-17,0.06605125419953237,4.558272451662435,True,5,0.02
revision_dfm_kalman_em,exact,2022:Q3:pre_second:exact,2022-11-29,pre_second,2022:Q3,T,A,0.15526788387239632,2.7755575615628914e-17,0.06605125419953237,4.558272451662435,True,5,0.02
revision_dfm_kalman_em,exact,2022:Q3:pre_second:exact,2022-11-29,pre_second,2022:Q3,T,M,0.3844470325598779,2.7755575615628914e-17,0.06605125419953237,4.558272451662435,True,5,0.02
revision_dfm_kalman_em,exact,2022:Q3:pre_second:exact,2022-11-29,pre_second,2022:Q3,T,S,0.3729880751255038,2.7755575615628914e-17,0.06605125419953237,4.558272451662435,True,5,0.02
revision_dfm_kalman_em,exact,2022:Q3:pre_second:exact,2022-11-29,pre_second,2022:Q3,T,T,0.4948932775094433,2.7755575615628914e-17,0.06605125419953237,4.558272451662435,True,5,0.02
indicator_revision_only_dfm_kalman_em,pseudo,2022:Q3:pre_second:pseudo,2022-11-30,pre_second,2022:Q3,A,A,0.7423668049314915,0.0,0.06792660656945611,4.522752122497745,True,5,0.02
indicator_revision_only_dfm_kalman_em,pseudo,2022:Q3:pre_second:pseudo,2022-11-30,pre_second,2022:Q3,A,M,0.34794424189914197,0.0,0.06792660656945611,4.522752122497745,True,5,0.02
indicator_revision_only_dfm_kalman_em,pseudo,2022:Q3:pre_second:pseudo,2022-11-30,pre_second,2022:Q3,A,S,0.34794424189914197,0.0,0.06792660656945611,4.522752122497745,True,5,0.02
indicator_revision_only_dfm_kalman_em,pseudo,2022:Q3:pre_second:pseudo,2022-11-30,pre_second,2022:Q3,A,T,0.34794424189914197,0.0,0.06792660656945611,4.522752122497745,True,5,0.02
indicator_revision_only_dfm_kalman_em,pseudo,2022:Q3:pre_second:pseudo,2022-11-30,pre_second,2022:Q3,M,A,0.34794424189914197,0.0,0.06792660656945611,4.522752122497745,True,5,0.02
indicator_revision_only_dfm_kalman_em,pseudo,2022:Q3:pre_second:pseudo,2022-11-30,pre_second,2022:Q3,M,M,4.412447002036771,0.0,0.06792660656945611,4.522752122497745,True,5,0.02
indicator_revision_only_dfm_kalman_em,pseudo,2022:Q3:pre_second:pseudo,2022-11-30,pre_second,2022:Q3,M,S,0.34794424189914197,0.0,0.06792660656945611,4.522752122497745,True,5,0.02
indicator_revision_only_dfm_kalman_em,pseudo,2022:Q3:pre_second:pseudo,2022-11-30,pre_second,2022:Q3,M,T,0.34794424189914197,0.0,0.06792660656945611,4.522752122497745,True,5,0.02
indicator_revision_only_dfm_kalman_em,pseudo,2022:Q3:pre_second:pseudo,2022-11-30,pre_second,2022:Q3,S,A,0.34794424189914197,0.0,0.06792660656945611,4.522752122497745,True,5,0.02
indicator_revision_only_dfm_kalman_em,pseudo,2022:Q3:pre_second:pseudo,2022-11-30,pre_second,2022:Q3,S,M,0.34794424189914197,0.0,0.06792660656945611,4.522752122497745,True,5,0.02
indicator_revision_only_dfm_kalman_em,pseudo,2022:Q3:pre_second:pseudo,2022-11-30,pre_second,2022:Q3,S,S,0.3780623838932366,0.0,0.06792660656945611,4.522752122497745,True,5,0.02
indicator_revision_only_dfm_kalman_em,pseudo,2022:Q3:pre_second:pseudo,2022-11-30,pre_second,2022:Q3,S,T,0.34794424189914197,0.0,0.06792660656945611,4.522752122497745,True,5,0.02
indicator_revision_only_dfm_kalman_em,pseudo,2022:Q3:pre_second:pseudo,2022-11-30,pre_second,2022:Q3,T,A,0.34794424189914197,0.0,0.06792660656945611,4.522752122497745,True,5,0.02
indicator_revision_only_dfm_kalman_em,pseudo,2022:Q3:pre_second:pseudo,2022-11-30,pre_second,2022:Q3,T,M,0.34794424189914197,0.0,0.06792660656945611,4.522752122497745,True,5,0.02
indicator_revision_only_dfm_kalman_em,pseudo,2022:Q3:pre_second:pseudo,2022-11-30,pre_second,2022:Q3,T,S,0.34794424189914197,0.0,0.06792660656945611,4.522752122497745,True,5,0.02
indicator_revision_only_dfm_kalman_em,pseudo,2022:Q3:pre_second:pseudo,2022-11-30,pre_second,2022:Q3,T,T,0.4652242187760267,0.0,0.06792660656945611,4.522752122497745,True,5,0.02
joint_indicator_revision_dfm_full_kalman_em,pseudo,2022:Q3:pre_second:pseudo,2022-11-30,pre_second,2022:Q3,A,A,0.26795748950049836,0.0,0.06669679459351062,4.5106570185713535,True,5,0.02
joint_indicator_revision_dfm_full_kalman_em,pseudo,2022:Q3:pre_second:pseudo,2022-11-30,pre_second,2022:Q3,A,M,0.14668275576489337,0.0,0.06669679459351062,4.5106570185713535,True,5,0.02
joint_indicator_revision_dfm_full_kalman_em,pseudo,2022:Q3:pre_second:pseudo,2022-11-30,pre_second,2022:Q3,A,S,0.145850381125685,0.0,0.06669679459351062,4.5106570185713535,True,5,0.02
joint_indicator_revision_dfm_full_kalman_em,pseudo,2022:Q3:pre_second:pseudo,2022-11-30,pre_second,2022:Q3,A,T,0.14634980590921004,0.0,0.06669679459351062,4.5106570185713535,True,5,0.02
joint_indicator_revision_dfm_full_kalman_em,pseudo,2022:Q3:pre_second:pseudo,2022-11-30,pre_second,2022:Q3,M,A,0.14668275576489337,0.0,0.06669679459351062,4.5106570185713535,True,5,0.02
joint_indicator_revision_dfm_full_kalman_em,pseudo,2022:Q3:pre_second:pseudo,2022-11-30,pre_second,2022:Q3,M,M,4.437761374848641,0.0,0.06669679459351062,4.5106570185713535,True,5,0.02
joint_indicator_revision_dfm_full_kalman_em,pseudo,2022:Q3:pre_second:pseudo,2022-11-30,pre_second,2022:Q3,M,S,0.3479194974026618,0.0,0.06669679459351062,4.5106570185713535,True,5,0.02
joint_indicator_revision_dfm_full_kalman_em,pseudo,2022:Q3:pre_second:pseudo,2022-11-30,pre_second,2022:Q3,M,T,0.3542743418754335,0.0,0.06669679459351062,4.5106570185713535,True,5,0.02
joint_indicator_revision_dfm_full_kalman_em,pseudo,2022:Q3:pre_second:pseudo,2022-11-30,pre_second,2022:Q3,S,A,0.145850381125685,0.0,0.06669679459351062,4.5106570185713535,True,5,0.02
joint_indicator_revision_dfm_full_kalman_em,pseudo,2022:Q3:pre_second:pseudo,2022-11-30,pre_second,2022:Q3,S,M,0.3479194974026618,0.0,0.06669679459351062,4.5106570185713535,True,5,0.02
joint_indicator_revision_dfm_full_kalman_em,pseudo,2022:Q3:pre_second:pseudo,2022-11-30,pre_second,2022:Q3,S,S,0.369507037918806,0.0,0.06669679459351062,4.5106570185713535,True,5,0.02
joint_indicator_revision_dfm_full_kalman_em,pseudo,2022:Q3:pre_second:pseudo,2022-11-30,pre_second,2022:Q3,S,T,0.3438781150771223,0.0,0.06669679459351062,4.5106570185713535,True,5,0.02
joint_indicator_revision_dfm_full_kalman_em,pseudo,2022:Q3:pre_second:pseudo,2022-11-30,pre_second,2022:Q3,T,A,0.14634980590921004,0.0,0.06669679459351062,4.5106570185713535,True,5,0.02
joint_indicator_revision_dfm_full_kalman_em,pseudo,2022:Q3:pre_second:pseudo,2022-11-30,pre_second,2022:Q3,T,M,0.3542743418754335,0.0,0.06669679459351062,4.5106570185713535,True,5,0.02
joint_indicator_revision_dfm_full_kalman_em,pseudo,2022:Q3:pre_second:pseudo,2022-11-30,pre_second,2022:Q3,T,S,0.3438781150771223,0.0,0.06669679459351062,4.5106570185713535,True,5,0.02
joint_indicator_revision_dfm_full_kalman_em,pseudo,2022:Q3:pre_second:pseudo,2022-11-30,pre_second,2022:Q3,T,T,0.4605359795709774,0.0,0.06669679459351062,4.5106570185713535,True,5,0.02
monthly_mixed_frequency_kalman_em,pseudo,2022:Q3:pre_second:pseudo,2022-11-30,pre_second,2022:Q3,A,A,0.44074850622555867,0.0,0.05848705911469023,4.941588845994179,True,5,0.02
monthly_mixed_frequency_kalman_em,pseudo,2022:Q3:pre_second:pseudo,2022-11-30,pre_second,2022:Q3,A,M,0.21322624122294725,0.0,0.05848705911469023,4.941588845994179,True,5,0.02
monthly_mixed_frequency_kalman_em,pseudo,2022:Q3:pre_second:pseudo,2022-11-30,pre_second,2022:Q3,A,S,0.21408400890207543,0.0,0.05848705911469023,4.941588845994179,True,5,0.02
monthly_mixed_frequency_kalman_em,pseudo,2022:Q3:pre_second:pseudo,2022-11-30,pre_second,2022:Q3,A,T,0.213616135622551,0.0,0.05848705911469023,4.941588845994179,True,5,0.02
monthly_mixed_frequency_kalman_em,pseudo,2022:Q3:pre_second:pseudo,2022-11-30,pre_second,2022:Q3,M,A,0.21322624122294725,0.0,0.05848705911469023,4.941588845994179,True,5,0.02
monthly_mixed_frequency_kalman_em,pseudo,2022:Q3:pre_second:pseudo,2022-11-30,pre_second,2022:Q3,M,M,4.802656138966215,0.0,0.05848705911469023,4.941588845994179,True,5,0.02
monthly_mixed_frequency_kalman_em,pseudo,2022:Q3:pre_second:pseudo,2022-11-30,pre_second,2022:Q3,M,S,0.4270532477211876,0.0,0.05848705911469023,4.941588845994179,True,5,0.02
monthly_mixed_frequency_kalman_em,pseudo,2022:Q3:pre_second:pseudo,2022-11-30,pre_second,2022:Q3,M,T,0.5696045853866811,0.0,0.05848705911469023,4.941588845994179,True,5,0.02
monthly_mixed_frequency_kalman_em,pseudo,2022:Q3:pre_second:pseudo,2022-11-30,pre_second,2022:Q3,S,A,0.21408400890207543,0.0,0.05848705911469023,4.941588845994179,True,5,0.02
monthly_mixed_frequency_kalman_em,pseudo,2022:Q3:pre_second:pseudo,2022-11-30,pre_second,2022:Q3,S,M,0.4270532477211876,0.0,0.05848705911469023,4.941588845994179,True,5,0.02
monthly_mixed_frequency_kalman_em,pseudo,2022:Q3:pre_second:pseudo,2022-11-30,pre_second,2022:Q3,S,S,0.36105149471236936,0.0,0.05848705911469023,4.941588845994179,True,5,0.02
monthly_mixed_frequency_kalman_em,pseudo,2022:Q3:pre_second:pseudo,2022-11-30,pre_second,2022:Q3,S,T,0.3738109380164096,0.0,0.05848705911469023,4.941588845994179,True,5,0.02
monthly_mixed_frequency_kalman_em,pseudo,2022:Q3:pre_second:pseudo,2022-11-30,pre_second,2022:Q3,T,A,0.213616135622551,0.0,0.05848705911469023,4.941588845994179,True,5,0.02
monthly_mixed_frequency_kalman_em,pseudo,2022:Q3:pre_second:pseudo,2022-11-30,pre_second,2022:Q3,T,M,0.5696045853866811,0.0,0.05848705911469023,4.941588845994179,True,5,0.02
monthly_mixed_frequency_kalman_em,pseudo,2022:Q3:pre_second:pseudo,2022-11-30,pre_second,2022:Q3,T,S,0.3738109380164096,0.0,0.05848705911469023,4.941588845994179,True,5,0.02
monthly_mixed_frequency_kalman_em,pseudo,2022:Q3:pre_second:pseudo,2022-11-30,pre_second,2022:Q3,T,T,0.5316603649256822,0.0,0.05848705911469023,4.941588845994179,True,5,0.02
revision_dfm_kalman_em,pseudo,2022:Q3:pre_second:pseudo,2022-11-30,pre_second,2022:Q3,A,A,0.2907604386743228,2.7755575615628914e-17,0.06605125419953237,4.558272451662435,True,5,0.02
revision_dfm_kalman_em,pseudo,2022:Q3:pre_second:pseudo,2022-11-30,pre_second,2022:Q3,A,M,0.15554472598516642,2.7755575615628914e-17,0.06605125419953237,4.558272451662435,True,5,0.02
revision_dfm_kalman_em,pseudo,2022:Q3:pre_second:pseudo,2022-11-30,pre_second,2022:Q3,A,S,0.15485262070324124,2.7755575615628914e-17,0.06605125419953237,4.558272451662435,True,5,0.02
revision_dfm_kalman_em,pseudo,2022:Q3:pre_second:pseudo,2022-11-30,pre_second,2022:Q3,A,T,0.15526788387239635,2.7755575615628914e-17,0.06605125419953237,4.558272451662435,True,5,0.02
revision_dfm_kalman_em,pseudo,2022:Q3:pre_second:pseudo,2022-11-30,pre_second,2022:Q3,M,A,0.15554472598516642,2.7755575615628914e-17,0.06605125419953237,4.558272451662435,True,5,0.02
revision_dfm_kalman_em,pseudo,2022:Q3:pre_second:pseudo,2022-11-30,pre_second,2022:Q3,M,M,4.472430806956269,2.7755575615628914e-17,0.06605125419953237,4.558272451662435,True,5,0.02
revision_dfm_kalman_em,pseudo,2022:Q3:pre_second:pseudo,2022-11-30,pre_second,2022:Q3,M,S,0.3774398190933051,2.7755575615628914e-17,0.06605125419953237,4.558272451662435,True,5,0.02
revision_dfm_kalman_em,pseudo,2022:Q3:pre_second:pseudo,2022-11-30,pre_second,2022:Q3,M,T,0.3844470325598779,2.7755575615628914e-17,0.06605125419953237,4.558272451662435,True,5,0.02
revision_dfm_kalman_em,pseudo,2022:Q3:pre_second:pseudo,2022-11-30,pre_second,2022:Q3,S,A,0.15485262070324127,2.7755575615628914e-17,0.06605125419953237,4.558272451662435,True,5,0.02
revision_dfm_kalman_em,pseudo,2022:Q3:pre_second:pseudo,2022-11-30,pre_second,2022:Q3,S,M,0.3774398190933051,2.7755575615628914e-17,0.06605125419953237,4.558272451662435,True,5,0.02
revision_dfm_kalman_em,pseudo,2022:Q3:pre_second:pseudo,2022-11-30,pre_second,2022:Q3,S,S,0.3932053987510168,2.7755575615628914e-17,0.06605125419953237,4.558272451662435,True,5,0.02
revision_dfm_kalman_em,pseudo,2022:Q3:pre_second:pseudo,2022-11-30,pre_second,2022:Q3,S,T,0.3729880751255038,2.7755575615628914e-17,0.06605125419953237,4.558272451662435,True,5,0.02
revision_dfm_kalman_em,pseudo,2022:Q3:pre_second:pseudo,2022-11-30,pre_second,2022:Q3,T,A,0.15526788387239632,2.7755575615628914e-17,0.06605125419953237,4.558272451662435,True,5,0.02
revision_dfm_kalman_em,pseudo,2022:Q3:pre_second:pseudo,2022-11-30,pre_second,2022:Q3,T,M,0.3844470325598779,2.7755575615628914e-17,0.06605125419953237,4.558272451662435,True,5,0.02
revision_dfm_kalman_em,pseudo,2022:Q3:pre_second:pseudo,2022-11-30,pre_second,2022:Q3,T,S,0.3729880751255038,2.7755575615628914e-17,0.06605125419953237,4.558272451662435,True,5,0.02
revision_dfm_kalman_em,pseudo,2022:Q3:pre_second:pseudo,2022-11-30,pre_second,2022:Q3,T,T,0.4948932775094433,2.7755575615628914e-17,0.06605125419953237,4.558272451662435,True,5,0.02
indicator_revision_only_dfm_kalman_em,exact,2022:Q3:pre_third:exact,2022-12-21,pre_third,2022:Q3,A,A,0.42109454001332897,0.0,0.04871850052255716,4.092789810909927,True,5,0.02
indicator_revision_only_dfm_kalman_em,exact,2022:Q3:pre_third:exact,2022-12-21,pre_third,2022:Q3,A,M,0.027724552549690112,0.0,0.04871850052255716,4.092789810909927,True,5,0.02
indicator_revision_only_dfm_kalman_em,exact,2022:Q3:pre_third:exact,2022-12-21,pre_third,2022:Q3,A,S,0.027724552549690112,0.0,0.04871850052255716,4.092789810909927,True,5,0.02
indicator_revision_only_dfm_kalman_em,exact,2022:Q3:pre_third:exact,2022-12-21,pre_third,2022:Q3,A,T,0.027724552549690112,0.0,0.04871850052255716,4.092789810909927,True,5,0.02
indicator_revision_only_dfm_kalman_em,exact,2022:Q3:pre_third:exact,2022-12-21,pre_third,2022:Q3,M,A,0.027724552549690112,0.0,0.04871850052255716,4.092789810909927,True,5,0.02
indicator_revision_only_dfm_kalman_em,exact,2022:Q3:pre_third:exact,2022-12-21,pre_third,2022:Q3,M,M,4.092186645685998,0.0,0.04871850052255716,4.092789810909927,True,5,0.02
indicator_revision_only_dfm_kalman_em,exact,2022:Q3:pre_third:exact,2022-12-21,pre_third,2022:Q3,M,S,0.027724552549690112,0.0,0.04871850052255716,4.092789810909927,True,5,0.02
indicator_revision_only_dfm_kalman_em,exact,2022:Q3:pre_third:exact,2022-12-21,pre_third,2022:Q3,M,T,0.027724552549690112,0.0,0.04871850052255716,4.092789810909927,True,5,0.02
indicator_revision_only_dfm_kalman_em,exact,2022:Q3:pre_third:exact,2022-12-21,pre_third,2022:Q3,S,A,0.027724552549690112,0.0,0.04871850052255716,4.092789810909927,True,5,0.02
indicator_revision_only_dfm_kalman_em,exact,2022:Q3:pre_third:exact,2022-12-21,pre_third,2022:Q3,S,M,0.027724552549690112,0.0,0.04871850052255716,4.092789810909927,True,5,0.02
indicator_revision_only_dfm_kalman_em,exact,2022:Q3:pre_third:exact,2022-12-21,pre_third,2022:Q3,S,S,0.05785610760252557,0.0,0.04871850052255716,4.092789810909927,True,5,0.02
indicator_revision_only_dfm_kalman_em,exact,2022:Q3:pre_third:exact,2022-12-21,pre_third,2022:Q3,S,T,0.027724552549690112,0.0,0.04871850052255716,4.092789810909927,True,5,0.02
indicator_revision_only_dfm_kalman_em,exact,2022:Q3:pre_third:exact,2022-12-21,pre_third,2022:Q3,T,A,0.027724552549690112,0.0,0.04871850052255716,4.092789810909927,True,5,0.02
indicator_revision_only_dfm_kalman_em,exact,2022:Q3:pre_third:exact,2022-12-21,pre_third,2022:Q3,T,M,0.027724552549690112,0.0,0.04871850052255716,4.092789810909927,True,5,0.02
indicator_revision_only_dfm_kalman_em,exact,2022:Q3:pre_third:exact,2022-12-21,pre_third,2022:Q3,T,S,0.027724552549690112,0.0,0.04871850052255716,4.092789810909927,True,5,0.02
indicator_revision_only_dfm_kalman_em,exact,2022:Q3:pre_third:exact,2022-12-21,pre_third,2022:Q3,T,T,0.14502269102045715,0.0,0.04871850052255716,4.092789810909927,True,5,0.02
joint_indicator_revision_dfm_full_kalman_em,exact,2022:Q3:pre_third:exact,2022-12-21,pre_third,2022:Q3,A,A,0.20932012413488235,3.469446951953614e-18,0.050308843278721836,4.110564989258398,True,5,0.02
joint_indicator_revision_dfm_full_kalman_em,exact,2022:Q3:pre_third:exact,2022-12-21,pre_third,2022:Q3,A,M,0.009351850539968511,3.469446951953614e-18,0.050308843278721836,4.110564989258398,True,5,0.02
joint_indicator_revision_dfm_full_kalman_em,exact,2022:Q3:pre_third:exact,2022-12-21,pre_third,2022:Q3,A,S,0.012488649342412488,3.469446951953614e-18,0.050308843278721836,4.110564989258398,True,5,0.02
joint_indicator_revision_dfm_full_kalman_em,exact,2022:Q3:pre_third:exact,2022-12-21,pre_third,2022:Q3,A,T,0.010606570060946102,3.469446951953614e-18,0.050308843278721836,4.110564989258398,True,5,0.02
joint_indicator_revision_dfm_full_kalman_em,exact,2022:Q3:pre_third:exact,2022-12-21,pre_third,2022:Q3,M,A,0.009351850539968511,3.469446951953614e-18,0.050308843278721836,4.110564989258398,True,5,0.02
joint_indicator_revision_dfm_full_kalman_em,exact,2022:Q3:pre_third:exact,2022-12-21,pre_third,2022:Q3,M,M,4.110086945099169,3.469446951953614e-18,0.050308843278721836,4.110564989258398,True,5,0.02
joint_indicator_revision_dfm_full_kalman_em,exact,2022:Q3:pre_third:exact,2022-12-21,pre_third,2022:Q3,M,S,0.029757323261097587,3.469446951953614e-18,0.050308843278721836,4.110564989258398,True,5,0.02
joint_indicator_revision_dfm_full_kalman_em,exact,2022:Q3:pre_third:exact,2022-12-21,pre_third,2022:Q3,M,T,0.03040170661018587,3.469446951953614e-18,0.050308843278721836,4.110564989258398,True,5,0.02
joint_indicator_revision_dfm_full_kalman_em,exact,2022:Q3:pre_third:exact,2022-12-21,pre_third,2022:Q3,S,A,0.012488649342412488,3.469446951953614e-18,0.050308843278721836,4.110564989258398,True,5,0.02
joint_indicator_revision_dfm_full_kalman_em,exact,2022:Q3:pre_third:exact,2022-12-21,pre_third,2022:Q3,S,M,0.029757323261097587,3.469446951953614e-18,0.050308843278721836,4.110564989258398,True,5,0.02
joint_indicator_revision_dfm_full_kalman_em,exact,2022:Q3:pre_third:exact,2022-12-21,pre_third,2022:Q3,S,S,0.06050787886414816,3.469446951953614e-18,0.050308843278721836,4.110564989258398,True,5,0.02
joint_indicator_revision_dfm_full_kalman_em,exact,2022:Q3:pre_third:exact,2022-12-21,pre_third,2022:Q3,S,T,0.029411949782723885,3.469446951953614e-18,0.050308843278721836,4.110564989258398,True,5,0.02
joint_indicator_revision_dfm_full_kalman_em,exact,2022:Q3:pre_third:exact,2022-12-21,pre_third,2022:Q3,T,A,0.0106065700609461,3.469446951953614e-18,0.050308843278721836,4.110564989258398,True,5,0.02
joint_indicator_revision_dfm_full_kalman_em,exact,2022:Q3:pre_third:exact,2022-12-21,pre_third,2022:Q3,T,M,0.03040170661018587,3.469446951953614e-18,0.050308843278721836,4.110564989258398,True,5,0.02
joint_indicator_revision_dfm_full_kalman_em,exact,2022:Q3:pre_third:exact,2022-12-21,pre_third,2022:Q3,T,S,0.029411949782723882,3.469446951953614e-18,0.050308843278721836,4.110564989258398,True,5,0.02
joint_indicator_revision_dfm_full_kalman_em,exact,2022:Q3:pre_third:exact,2022-12-21,pre_third,2022:Q3,T,T,0.14053224035982323,3.469446951953614e-18,0.050308843278721836,4.110564989258398,True,5,0.02
monthly_mixed_frequency_kalman_em,exact,2022:Q3:pre_third:exact,2022-12-21,pre_third,2022:Q3,A,A,0.3112811021263704,0.0,0.05777758365943718,4.3059387223707315,True,5,0.02
monthly_mixed_frequency_kalman_em,exact,2022:Q3:pre_third:exact,2022-12-21,pre_third,2022:Q3,A,M,-0.03928622108804947,0.0,0.05777758365943718,4.3059387223707315,True,5,0.02
monthly_mixed_frequency_kalman_em,exact,2022:Q3:pre_third:exact,2022-12-21,pre_third,2022:Q3,A,S,0.030492792292328878,0.0,0.05777758365943718,4.3059387223707315,True,5,0.02
monthly_mixed_frequency_kalman_em,exact,2022:Q3:pre_third:exact,2022-12-21,pre_third,2022:Q3,A,T,-0.007568487733332041,0.0,0.05777758365943718,4.3059387223707315,True,5,0.02
monthly_mixed_frequency_kalman_em,exact,2022:Q3:pre_third:exact,2022-12-21,pre_third,2022:Q3,M,A,-0.03928622108804947,0.0,0.05777758365943718,4.3059387223707315,True,5,0.02
monthly_mixed_frequency_kalman_em,exact,2022:Q3:pre_third:exact,2022-12-21,pre_third,2022:Q3,M,M,4.300719353553988,0.0,0.05777758365943718,4.3059387223707315,True,5,0.02
monthly_mixed_frequency_kalman_em,exact,2022:Q3:pre_third:exact,2022-12-21,pre_third,2022:Q3,M,S,0.06083238303728183,0.0,0.05777758365943718,4.3059387223707315,True,5,0.02
monthly_mixed_frequency_kalman_em,exact,2022:Q3:pre_third:exact,2022-12-21,pre_third,2022:Q3,M,T,0.12757811912083605,0.0,0.05777758365943718,4.3059387223707315,True,5,0.02
monthly_mixed_frequency_kalman_em,exact,2022:Q3:pre_third:exact,2022-12-21,pre_third,2022:Q3,S,A,0.030492792292328878,0.0,0.05777758365943718,4.3059387223707315,True,5,0.02
monthly_mixed_frequency_kalman_em,exact,2022:Q3:pre_third:exact,2022-12-21,pre_third,2022:Q3,S,M,0.06083238303728183,0.0,0.05777758365943718,4.3059387223707315,True,5,0.02
monthly_mixed_frequency_kalman_em,exact,2022:Q3:pre_third:exact,2022-12-21,pre_third,2022:Q3,S,S,0.09575125490982057,0.0,0.05777758365943718,4.3059387223707315,True,5,0.02
monthly_mixed_frequency_kalman_em,exact,2022:Q3:pre_third:exact,2022-12-21,pre_third,2022:Q3,S,T,0.053247485351043594,0.0,0.05777758365943718,4.3059387223707315,True,5,0.02
monthly_mixed_frequency_kalman_em,exact,2022:Q3:pre_third:exact,2022-12-21,pre_third,2022:Q3,T,A,-0.007568487733332041,0.0,0.05777758365943718,4.3059387223707315,True,5,0.02
monthly_mixed_frequency_kalman_em,exact,2022:Q3:pre_third:exact,2022-12-21,pre_third,2022:Q3,T,M,0.12757811912083605,0.0,0.05777758365943718,4.3059387223707315,True,5,0.02
monthly_mixed_frequency_kalman_em,exact,2022:Q3:pre_third:exact,2022-12-21,pre_third,2022:Q3,T,S,0.053247485351043594,0.0,0.05777758365943718,4.3059387223707315,True,5,0.02
monthly_mixed_frequency_kalman_em,exact,2022:Q3:pre_third:exact,2022-12-21,pre_third,2022:Q3,T,T,0.14362903990523318,0.0,0.05777758365943718,4.3059387223707315,True,5,0.02
revision_dfm_kalman_em,exact,2022:Q3:pre_third:exact,2022-12-21,pre_third,2022:Q3,A,A,0.2268239458784716,0.0,0.047809946311583175,4.107358850685671,True,5,0.02
revision_dfm_kalman_em,exact,2022:Q3:pre_third:exact,2022-12-21,pre_third,2022:Q3,A,M,0.00778441453116761,0.0,0.047809946311583175,4.107358850685671,True,5,0.02
revision_dfm_kalman_em,exact,2022:Q3:pre_third:exact,2022-12-21,pre_third,2022:Q3,A,S,0.011416632643115926,0.0,0.047809946311583175,4.107358850685671,True,5,0.02
revision_dfm_kalman_em,exact,2022:Q3:pre_third:exact,2022-12-21,pre_third,2022:Q3,A,T,0.009237301775946937,0.0,0.047809946311583175,4.107358850685671,True,5,0.02
revision_dfm_kalman_em,exact,2022:Q3:pre_third:exact,2022-12-21,pre_third,2022:Q3,M,A,0.00778441453116761,0.0,0.047809946311583175,4.107358850685671,True,5,0.02
revision_dfm_kalman_em,exact,2022:Q3:pre_third:exact,2022-12-21,pre_third,2022:Q3,M,M,4.106940483031975,0.0,0.047809946311583175,4.107358850685671,True,5,0.02
revision_dfm_kalman_em,exact,2022:Q3:pre_third:exact,2022-12-21,pre_third,2022:Q3,M,S,0.027966966506850186,0.0,0.047809946311583175,4.107358850685671,True,5,0.02
revision_dfm_kalman_em,exact,2022:Q3:pre_third:exact,2022-12-21,pre_third,2022:Q3,M,T,0.02860431025345069,0.0,0.047809946311583175,4.107358850685671,True,5,0.02
revision_dfm_kalman_em,exact,2022:Q3:pre_third:exact,2022-12-21,pre_third,2022:Q3,S,A,0.011416632643115926,0.0,0.047809946311583175,4.107358850685671,True,5,0.02
revision_dfm_kalman_em,exact,2022:Q3:pre_third:exact,2022-12-21,pre_third,2022:Q3,S,M,0.027966966506850186,0.0,0.047809946311583175,4.107358850685671,True,5,0.02
revision_dfm_kalman_em,exact,2022:Q3:pre_third:exact,2022-12-21,pre_third,2022:Q3,S,S,0.05648997221239053,0.0,0.047809946311583175,4.107358850685671,True,5,0.02
revision_dfm_kalman_em,exact,2022:Q3:pre_third:exact,2022-12-21,pre_third,2022:Q3,S,T,0.0276359598295755,0.0,0.047809946311583175,4.107358850685671,True,5,0.02
revision_dfm_kalman_em,exact,2022:Q3:pre_third:exact,2022-12-21,pre_third,2022:Q3,T,A,0.009237301775946937,0.0,0.047809946311583175,4.107358850685671,True,5,0.02
revision_dfm_kalman_em,exact,2022:Q3:pre_third:exact,2022-12-21,pre_third,2022:Q3,T,M,0.02860431025345069,0.0,0.047809946311583175,4.107358850685671,True,5,0.02
revision_dfm_kalman_em,exact,2022:Q3:pre_third:exact,2022-12-21,pre_third,2022:Q3,T,S,0.0276359598295755,0.0,0.047809946311583175,4.107358850685671,True,5,0.02
revision_dfm_kalman_em,exact,2022:Q3:pre_third:exact,2022-12-21,pre_third,2022:Q3,T,T,0.1413544087468464,0.0,0.047809946311583175,4.107358850685671,True,5,0.02
indicator_revision_only_dfm_kalman_em,pseudo,2022:Q3:pre_third:pseudo,2022-12-31,pre_third,2022:Q3,A,A,0.4210946740822545,0.0,0.04871845832862296,4.092790053440848,True,5,0.02
indicator_revision_only_dfm_kalman_em,pseudo,2022:Q3:pre_third:pseudo,2022-12-31,pre_third,2022:Q3,A,M,0.027724525780074376,0.0,0.04871845832862296,4.092790053440848,True,5,0.02
indicator_revision_only_dfm_kalman_em,pseudo,2022:Q3:pre_third:pseudo,2022-12-31,pre_third,2022:Q3,A,S,0.027724525780074376,0.0,0.04871845832862296,4.092790053440848,True,5,0.02
indicator_revision_only_dfm_kalman_em,pseudo,2022:Q3:pre_third:pseudo,2022-12-31,pre_third,2022:Q3,A,T,0.027724525780074376,0.0,0.04871845832862296,4.092790053440848,True,5,0.02
indicator_revision_only_dfm_kalman_em,pseudo,2022:Q3:pre_third:pseudo,2022-12-31,pre_third,2022:Q3,M,A,0.027724525780074376,0.0,0.04871845832862296,4.092790053440848,True,5,0.02
indicator_revision_only_dfm_kalman_em,pseudo,2022:Q3:pre_third:pseudo,2022-12-31,pre_third,2022:Q3,M,M,4.092186889425771,0.0,0.04871845832862296,4.092790053440848,True,5,0.02
indicator_revision_only_dfm_kalman_em,pseudo,2022:Q3:pre_third:pseudo,2022-12-31,pre_third,2022:Q3,M,S,0.027724525780074376,0.0,0.04871845832862296,4.092790053440848,True,5,0.02
indicator_revision_only_dfm_kalman_em,pseudo,2022:Q3:pre_third:pseudo,2022-12-31,pre_third,2022:Q3,M,T,0.027724525780074376,0.0,0.04871845832862296,4.092790053440848,True,5,0.02
indicator_revision_only_dfm_kalman_em,pseudo,2022:Q3:pre_third:pseudo,2022-12-31,pre_third,2022:Q3,S,A,0.027724525780074376,0.0,0.04871845832862296,4.092790053440848,True,5,0.02
indicator_revision_only_dfm_kalman_em,pseudo,2022:Q3:pre_third:pseudo,2022-12-31,pre_third,2022:Q3,S,M,0.027724525780074376,0.0,0.04871845832862296,4.092790053440848,True,5,0.02
indicator_revision_only_dfm_kalman_em,pseudo,2022:Q3:pre_third:pseudo,2022-12-31,pre_third,2022:Q3,S,S,0.05785604831482721,0.0,0.04871845832862296,4.092790053440848,True,5,0.02
indicator_revision_only_dfm_kalman_em,pseudo,2022:Q3:pre_third:pseudo,2022-12-31,pre_third,2022:Q3,S,T,0.027724525780074376,0.0,0.04871845832862296,4.092790053440848,True,5,0.02
indicator_revision_only_dfm_kalman_em,pseudo,2022:Q3:pre_third:pseudo,2022-12-31,pre_third,2022:Q3,T,A,0.027724525780074376,0.0,0.04871845832862296,4.092790053440848,True,5,0.02
indicator_revision_only_dfm_kalman_em,pseudo,2022:Q3:pre_third:pseudo,2022-12-31,pre_third,2022:Q3,T,M,0.027724525780074376,0.0,0.04871845832862296,4.092790053440848,True,5,0.02
indicator_revision_only_dfm_kalman_em,pseudo,2022:Q3:pre_third:pseudo,2022-12-31,pre_third,2022:Q3,T,S,0.027724525780074376,0.0,0.04871845832862296,4.092790053440848,True,5,0.02
indicator_revision_only_dfm_kalman_em,pseudo,2022:Q3:pre_third:pseudo,2022-12-31,pre_third,2022:Q3,T,T,0.1450226459993977,0.0,0.04871845832862296,4.092790053440848,True,5,0.02
joint_indicator_revision_dfm_full_kalman_em,pseudo,2022:Q3:pre_third:pseudo,2022-12-31,pre_third,2022:Q3,A,A,0.20932398564892798,1.734723475976807e-18,0.050308953113251495,4.110563944326453,True,5,0.02
joint_indicator_revision_dfm_full_kalman_em,pseudo,2022:Q3:pre_third:pseudo,2022-12-31,pre_third,2022:Q3,A,M,0.009352088293973644,1.734723475976807e-18,0.050308953113251495,4.110563944326453,True,5,0.02
joint_indicator_revision_dfm_full_kalman_em,pseudo,2022:Q3:pre_third:pseudo,2022-12-31,pre_third,2022:Q3,A,S,0.012488913826379336,1.734723475976807e-18,0.050308953113251495,4.110563944326453,True,5,0.02
joint_indicator_revision_dfm_full_kalman_em,pseudo,2022:Q3:pre_third:pseudo,2022-12-31,pre_third,2022:Q3,A,T,0.01060681850693592,1.734723475976807e-18,0.050308953113251495,4.110563944326453,True,5,0.02
joint_indicator_revision_dfm_full_kalman_em,pseudo,2022:Q3:pre_third:pseudo,2022-12-31,pre_third,2022:Q3,M,A,0.009352088293973644,1.734723475976807e-18,0.050308953113251495,4.110563944326453,True,5,0.02
joint_indicator_revision_dfm_full_kalman_em,pseudo,2022:Q3:pre_third:pseudo,2022-12-31,pre_third,2022:Q3,M,M,4.110085896763823,1.734723475976807e-18,0.050308953113251495,4.110563944326453,True,5,0.02
joint_indicator_revision_dfm_full_kalman_em,pseudo,2022:Q3:pre_third:pseudo,2022-12-31,pre_third,2022:Q3,M,S,0.029757393924171132,1.734723475976807e-18,0.050308953113251495,4.110563944326453,True,5,0.02
joint_indicator_revision_dfm_full_kalman_em,pseudo,2022:Q3:pre_third:pseudo,2022-12-31,pre_third,2022:Q3,M,T,0.030401771996703682,1.734723475976807e-18,0.050308953113251495,4.110563944326453,True,5,0.02
joint_indicator_revision_dfm_full_kalman_em,pseudo,2022:Q3:pre_third:pseudo,2022-12-31,pre_third,2022:Q3,S,A,0.012488913826379336,1.734723475976807e-18,0.050308953113251495,4.110563944326453,True,5,0.02
joint_indicator_revision_dfm_full_kalman_em,pseudo,2022:Q3:pre_third:pseudo,2022-12-31,pre_third,2022:Q3,S,M,0.029757393924171132,1.734723475976807e-18,0.050308953113251495,4.110563944326453,True,5,0.02
joint_indicator_revision_dfm_full_kalman_em,pseudo,2022:Q3:pre_third:pseudo,2022-12-31,pre_third,2022:Q3,S,S,0.06050805779124379,1.734723475976807e-18,0.050308953113251495,4.110563944326453,True,5,0.02
joint_indicator_revision_dfm_full_kalman_em,pseudo,2022:Q3:pre_third:pseudo,2022-12-31,pre_third,2022:Q3,S,T,0.029412024322215298,1.734723475976807e-18,0.050308953113251495,4.110563944326453,True,5,0.02
joint_indicator_revision_dfm_full_kalman_em,pseudo,2022:Q3:pre_third:pseudo,2022-12-31,pre_third,2022:Q3,T,A,0.010606818506935919,1.734723475976807e-18,0.050308953113251495,4.110563944326453,True,5,0.02
joint_indicator_revision_dfm_full_kalman_em,pseudo,2022:Q3:pre_third:pseudo,2022-12-31,pre_third,2022:Q3,T,M,0.030401771996703682,1.734723475976807e-18,0.050308953113251495,4.110563944326453,True,5,0.02
joint_indicator_revision_dfm_full_kalman_em,pseudo,2022:Q3:pre_third:pseudo,2022-12-31,pre_third,2022:Q3,T,S,0.029412024322215298,1.734723475976807e-18,0.050308953113251495,4.110563944326453,True,5,0.02
joint_indicator_revision_dfm_full_kalman_em,pseudo,2022:Q3:pre_third:pseudo,2022-12-31,pre_third,2022:Q3,T,T,0.14053222732628873,1.734723475976807e-18,0.050308953113251495,4.110563944326453,True,5,0.02
monthly_mixed_frequency_kalman_em,pseudo,2022:Q3:pre_third:pseudo,2022-12-31,pre_third,2022:Q3,A,A,0.31128289315474966,0.0,0.0577775934623849,4.305936170646495,True,5,0.02
monthly_mixed_frequency_kalman_em,pseudo,2022:Q3:pre_third:pseudo,2022-12-31,pre_third,2022:Q3,A,M,-0.03928656727594219,0.0,0.0577775934623849,4.305936170646495,True,5,0.02
monthly_mixed_frequency_kalman_em,pseudo,2022:Q3:pre_third:pseudo,2022-12-31,pre_third,2022:Q3,A,S,0.0304927468363738,0.0,0.0577775934623849,4.305936170646495,True,5,0.02
monthly_mixed_frequency_kalman_em,pseudo,2022:Q3:pre_third:pseudo,2022-12-31,pre_third,2022:Q3,A,T,-0.007568697224889465,0.0,0.0577775934623849,4.305936170646495,True,5,0.02
monthly_mixed_frequency_kalman_em,pseudo,2022:Q3:pre_third:pseudo,2022-12-31,pre_third,2022:Q3,M,A,-0.03928656727594219,0.0,0.0577775934623849,4.305936170646495,True,5,0.02
monthly_mixed_frequency_kalman_em,pseudo,2022:Q3:pre_third:pseudo,2022-12-31,pre_third,2022:Q3,M,M,4.300716819295617,0.0,0.0577775934623849,4.305936170646495,True,5,0.02
monthly_mixed_frequency_kalman_em,pseudo,2022:Q3:pre_third:pseudo,2022-12-31,pre_third,2022:Q3,M,S,0.06083206626863323,0.0,0.0577775934623849,4.305936170646495,True,5,0.02
monthly_mixed_frequency_kalman_em,pseudo,2022:Q3:pre_third:pseudo,2022-12-31,pre_third,2022:Q3,M,T,0.12757782196501685,0.0,0.0577775934623849,4.305936170646495,True,5,0.02
monthly_mixed_frequency_kalman_em,pseudo,2022:Q3:pre_third:pseudo,2022-12-31,pre_third,2022:Q3,S,A,0.0304927468363738,0.0,0.0577775934623849,4.305936170646495,True,5,0.02
monthly_mixed_frequency_kalman_em,pseudo,2022:Q3:pre_third:pseudo,2022-12-31,pre_third,2022:Q3,S,M,0.06083206626863323,0.0,0.0577775934623849,4.305936170646495,True,5,0.02
monthly_mixed_frequency_kalman_em,pseudo,2022:Q3:pre_third:pseudo,2022-12-31,pre_third,2022:Q3,S,S,0.09575084232876437,0.0,0.0577775934623849,4.305936170646495,True,5,0.02
monthly_mixed_frequency_kalman_em,pseudo,2022:Q3:pre_third:pseudo,2022-12-31,pre_third,2022:Q3,S,T,0.053247236410568374,0.0,0.0577775934623849,4.305936170646495,True,5,0.02
monthly_mixed_frequency_kalman_em,pseudo,2022:Q3:pre_third:pseudo,2022-12-31,pre_third,2022:Q3,T,A,-0.007568697224889465,0.0,0.0577775934623849,4.305936170646495,True,5,0.02
monthly_mixed_frequency_kalman_em,pseudo,2022:Q3:pre_third:pseudo,2022-12-31,pre_third,2022:Q3,T,M,0.12757782196501685,0.0,0.0577775934623849,4.305936170646495,True,5,0.02
monthly_mixed_frequency_kalman_em,pseudo,2022:Q3:pre_third:pseudo,2022-12-31,pre_third,2022:Q3,T,S,0.053247236410568374,0.0,0.0577775934623849,4.305936170646495,True,5,0.02
monthly_mixed_frequency_kalman_em,pseudo,2022:Q3:pre_third:pseudo,2022-12-31,pre_third,2022:Q3,T,T,0.14362928481570966,0.0,0.0577775934623849,4.305936170646495,True,5,0.02
revision_dfm_kalman_em,pseudo,2022:Q3:pre_third:pseudo,2022-12-31,pre_third,2022:Q3,A,A,0.226824029958,0.0,0.04780989708336195,4.107358766287268,True,5,0.02
revision_dfm_kalman_em,pseudo,2022:Q3:pre_third:pseudo,2022-12-31,pre_third,2022:Q3,A,M,0.0077844138487473125,0.0,0.04780989708336195,4.107358766287268,True,5,0.02
revision_dfm_kalman_em,pseudo,2022:Q3:pre_third:pseudo,2022-12-31,pre_third,2022:Q3,A,S,0.01141663508224247,0.0,0.04780989708336195,4.107358766287268,True,5,0.02
revision_dfm_kalman_em,pseudo,2022:Q3:pre_third:pseudo,2022-12-31,pre_third,2022:Q3,A,T,0.009237302342145374,0.0,0.04780989708336195,4.107358766287268,True,5,0.02
revision_dfm_kalman_em,pseudo,2022:Q3:pre_third:pseudo,2022-12-31,pre_third,2022:Q3,M,A,0.0077844138487473125,0.0,0.04780989708336195,4.107358766287268,True,5,0.02
revision_dfm_kalman_em,pseudo,2022:Q3:pre_third:pseudo,2022-12-31,pre_third,2022:Q3,M,M,4.1069403998026175,0.0,0.04780989708336195,4.107358766287268,True,5,0.02
revision_dfm_kalman_em,pseudo,2022:Q3:pre_third:pseudo,2022-12-31,pre_third,2022:Q3,M,S,0.027966926071136104,0.0,0.04780989708336195,4.107358766287268,True,5,0.02
revision_dfm_kalman_em,pseudo,2022:Q3:pre_third:pseudo,2022-12-31,pre_third,2022:Q3,M,T,0.02860426856236943,0.0,0.04780989708336195,4.107358766287268,True,5,0.02
revision_dfm_kalman_em,pseudo,2022:Q3:pre_third:pseudo,2022-12-31,pre_third,2022:Q3,S,A,0.01141663508224247,0.0,0.04780989708336195,4.107358766287268,True,5,0.02
revision_dfm_kalman_em,pseudo,2022:Q3:pre_third:pseudo,2022-12-31,pre_third,2022:Q3,S,M,0.027966926071136104,0.0,0.04780989708336195,4.107358766287268,True,5,0.02
revision_dfm_kalman_em,pseudo,2022:Q3:pre_third:pseudo,2022-12-31,pre_third,2022:Q3,S,S,0.05648989432077738,0.0,0.04780989708336195,4.107358766287268,True,5,0.02
revision_dfm_kalman_em,pseudo,2022:Q3:pre_third:pseudo,2022-12-31,pre_third,2022:Q3,S,T,0.027635920251358227,0.0,0.04780989708336195,4.107358766287268,True,5,0.02
revision_dfm_kalman_em,pseudo,2022:Q3:pre_third:pseudo,2022-12-31,pre_third,2022:Q3,T,A,0.009237302342145374,0.0,0.04780989708336195,4.107358766287268,True,5,0.02
revision_dfm_kalman_em,pseudo,2022:Q3:pre_third:pseudo,2022-12-31,pre_third,2022:Q3,T,M,0.02860426856236943,0.0,0.04780989708336195,4.107358766287268,True,5,0.02
revision_dfm_kalman_em,pseudo,2022:Q3:pre_third:pseudo,2022-12-31,pre_third,2022:Q3,T,S,0.027635920251358227,0.0,0.04780989708336195,4.107358766287268,True,5,0.02
revision_dfm_kalman_em,pseudo,2022:Q3:pre_third:pseudo,2022-12-31,pre_third,2022:Q3,T,T,0.1413544242210691,0.0,0.04780989708336195,4.107358766287268,True,5,0.02
indicator_revision_only_dfm_kalman_em,exact,2022:Q4:pre_advance:exact,2023-01-25,pre_advance,2022:Q4,A,A,3.359269613944128,0.0,0.0659579091648255,13.278174062635072,True,5,0.02
indicator_revision_only_dfm_kalman_em,exact,2022:Q4:pre_advance:exact,2023-01-25,pre_advance,2022:Q4,A,M,2.9608892358089838,0.0,0.0659579091648255,13.278174062635072,True,5,0.02
indicator_revision_only_dfm_kalman_em,exact,2022:Q4:pre_advance:exact,2023-01-25,pre_advance,2022:Q4,A,S,2.9608892358089838,0.0,0.0659579091648255,13.278174062635072,True,5,0.02
indicator_revision_only_dfm_kalman_em,exact,2022:Q4:pre_advance:exact,2023-01-25,pre_advance,2022:Q4,A,T,2.9608892358089838,0.0,0.0659579091648255,13.278174062635072,True,5,0.02
indicator_revision_only_dfm_kalman_em,exact,2022:Q4:pre_advance:exact,2023-01-25,pre_advance,2022:Q4,M,A,2.9608892358089838,0.0,0.0659579091648255,13.278174062635072,True,5,0.02
indicator_revision_only_dfm_kalman_em,exact,2022:Q4:pre_advance:exact,2023-01-25,pre_advance,2022:Q4,M,M,7.0354111630166605,0.0,0.0659579091648255,13.278174062635072,True,5,0.02
indicator_revision_only_dfm_kalman_em,exact,2022:Q4:pre_advance:exact,2023-01-25,pre_advance,2022:Q4,M,S,2.9608892358089838,0.0,0.0659579091648255,13.278174062635072,True,5,0.02
indicator_revision_only_dfm_kalman_em,exact,2022:Q4:pre_advance:exact,2023-01-25,pre_advance,2022:Q4,M,T,2.9608892358089838,0.0,0.0659579091648255,13.278174062635072,True,5,0.02
indicator_revision_only_dfm_kalman_em,exact,2022:Q4:pre_advance:exact,2023-01-25,pre_advance,2022:Q4,S,A,2.9608892358089838,0.0,0.0659579091648255,13.278174062635072,True,5,0.02
indicator_revision_only_dfm_kalman_em,exact,2022:Q4:pre_advance:exact,2023-01-25,pre_advance,2022:Q4,S,M,2.9608892358089838,0.0,0.0659579091648255,13.278174062635072,True,5,0.02
indicator_revision_only_dfm_kalman_em,exact,2022:Q4:pre_advance:exact,2023-01-25,pre_advance,2022:Q4,S,S,2.97605604035101,0.0,0.0659579091648255,13.278174062635072,True,5,0.02
indicator_revision_only_dfm_kalman_em,exact,2022:Q4:pre_advance:exact,2023-01-25,pre_advance,2022:Q4,S,T,2.9608892358089838,0.0,0.0659579091648255,13.278174062635072,True,5,0.02
indicator_revision_only_dfm_kalman_em,exact,2022:Q4:pre_advance:exact,2023-01-25,pre_advance,2022:Q4,T,A,2.9608892358089838,0.0,0.0659579091648255,13.278174062635072,True,5,0.02
indicator_revision_only_dfm_kalman_em,exact,2022:Q4:pre_advance:exact,2023-01-25,pre_advance,2022:Q4,T,M,2.9608892358089838,0.0,0.0659579091648255,13.278174062635072,True,5,0.02
indicator_revision_only_dfm_kalman_em,exact,2022:Q4:pre_advance:exact,2023-01-25,pre_advance,2022:Q4,T,S,2.9608892358089838,0.0,0.0659579091648255,13.278174062635072,True,5,0.02
indicator_revision_only_dfm_kalman_em,exact,2022:Q4:pre_advance:exact,2023-01-25,pre_advance,2022:Q4,T,T,3.0889857143184782,0.0,0.0659579091648255,13.278174062635072,True,5,0.02
joint_indicator_revision_dfm_full_kalman_em,exact,2022:Q4:pre_advance:exact,2023-01-25,pre_advance,2022:Q4,A,A,3.1741381049014494,4.440892098500626e-16,0.06422659067794825,16.530594887712255,True,5,0.02
joint_indicator_revision_dfm_full_kalman_em,exact,2022:Q4:pre_advance:exact,2023-01-25,pre_advance,2022:Q4,A,M,3.4473443979108054,4.440892098500626e-16,0.06422659067794825,16.530594887712255,True,5,0.02
joint_indicator_revision_dfm_full_kalman_em,exact,2022:Q4:pre_advance:exact,2023-01-25,pre_advance,2022:Q4,A,S,3.426532329792972,4.440892098500626e-16,0.06422659067794825,16.530594887712255,True,5,0.02
joint_indicator_revision_dfm_full_kalman_em,exact,2022:Q4:pre_advance:exact,2023-01-25,pre_advance,2022:Q4,A,T,3.4390195706636724,4.440892098500626e-16,0.06422659067794825,16.530594887712255,True,5,0.02
joint_indicator_revision_dfm_full_kalman_em,exact,2022:Q4:pre_advance:exact,2023-01-25,pre_advance,2022:Q4,M,A,3.4473443979108054,4.440892098500626e-16,0.06422659067794825,16.530594887712255,True,5,0.02
joint_indicator_revision_dfm_full_kalman_em,exact,2022:Q4:pre_advance:exact,2023-01-25,pre_advance,2022:Q4,M,M,8.177314926780983,4.440892098500626e-16,0.06422659067794825,16.530594887712255,True,5,0.02
joint_indicator_revision_dfm_full_kalman_em,exact,2022:Q4:pre_advance:exact,2023-01-25,pre_advance,2022:Q4,M,S,4.064193045692681,4.440892098500626e-16,0.06422659067794825,16.530594887712255,True,5,0.02
joint_indicator_revision_dfm_full_kalman_em,exact,2022:Q4:pre_advance:exact,2023-01-25,pre_advance,2022:Q4,M,T,4.083672476675267,4.440892098500626e-16,0.06422659067794825,16.530594887712255,True,5,0.02
joint_indicator_revision_dfm_full_kalman_em,exact,2022:Q4:pre_advance:exact,2023-01-25,pre_advance,2022:Q4,S,A,3.426532329792972,4.440892098500626e-16,0.06422659067794825,16.530594887712255,True,5,0.02
joint_indicator_revision_dfm_full_kalman_em,exact,2022:Q4:pre_advance:exact,2023-01-25,pre_advance,2022:Q4,S,M,4.064193045692681,4.440892098500626e-16,0.06422659067794825,16.530594887712255,True,5,0.02
joint_indicator_revision_dfm_full_kalman_em,exact,2022:Q4:pre_advance:exact,2023-01-25,pre_advance,2022:Q4,S,S,4.052557364146129,4.440892098500626e-16,0.06422659067794825,16.530594887712255,True,5,0.02
joint_indicator_revision_dfm_full_kalman_em,exact,2022:Q4:pre_advance:exact,2023-01-25,pre_advance,2022:Q4,S,T,4.0514398313746876,4.440892098500626e-16,0.06422659067794825,16.530594887712255,True,5,0.02
joint_indicator_revision_dfm_full_kalman_em,exact,2022:Q4:pre_advance:exact,2023-01-25,pre_advance,2022:Q4,T,A,3.439019570663672,4.440892098500626e-16,0.06422659067794825,16.530594887712255,True,5,0.02
joint_indicator_revision_dfm_full_kalman_em,exact,2022:Q4:pre_advance:exact,2023-01-25,pre_advance,2022:Q4,T,M,4.083672476675267,4.440892098500626e-16,0.06422659067794825,16.530594887712255,True,5,0.02
joint_indicator_revision_dfm_full_kalman_em,exact,2022:Q4:pre_advance:exact,2023-01-25,pre_advance,2022:Q4,T,S,4.0514398313746876,4.440892098500626e-16,0.06422659067794825,16.530594887712255,True,5,0.02
joint_indicator_revision_dfm_full_kalman_em,exact,2022:Q4:pre_advance:exact,2023-01-25,pre_advance,2022:Q4,T,T,4.19105426287083,4.440892098500626e-16,0.06422659067794825,16.530594887712255,True,5,0.02
monthly_mixed_frequency_kalman_em,exact,2022:Q4:pre_advance:exact,2023-01-25,pre_advance,2022:Q4,A,A,4.399386799866057,0.0,0.06075597627449337,18.3851089653649,True,5,0.02
monthly_mixed_frequency_kalman_em,exact,2022:Q4:pre_advance:exact,2023-01-25,pre_advance,2022:Q4,A,M,4.119714300155862,0.0,0.06075597627449337,18.3851089653649,True,5,0.02
monthly_mixed_frequency_kalman_em,exact,2022:Q4:pre_advance:exact,2023-01-25,pre_advance,2022:Q4,A,S,4.150093675254507,0.0,0.06075597627449337,18.3851089653649,True,5,0.02
monthly_mixed_frequency_kalman_em,exact,2022:Q4:pre_advance:exact,2023-01-25,pre_advance,2022:Q4,A,T,4.133523107018883,0.0,0.06075597627449337,18.3851089653649,True,5,0.02
monthly_mixed_frequency_kalman_em,exact,2022:Q4:pre_advance:exact,2023-01-25,pre_advance,2022:Q4,M,A,4.119714300155862,0.0,0.06075597627449337,18.3851089653649,True,5,0.02
monthly_mixed_frequency_kalman_em,exact,2022:Q4:pre_advance:exact,2023-01-25,pre_advance,2022:Q4,M,M,8.63674351909546,0.0,0.06075597627449337,18.3851089653649,True,5,0.02
monthly_mixed_frequency_kalman_em,exact,2022:Q4:pre_advance:exact,2023-01-25,pre_advance,2022:Q4,M,S,4.307486042548918,0.0,0.06075597627449337,18.3851089653649,True,5,0.02
monthly_mixed_frequency_kalman_em,exact,2022:Q4:pre_advance:exact,2023-01-25,pre_advance,2022:Q4,M,T,4.43266720414429,0.0,0.06075597627449337,18.3851089653649,True,5,0.02
monthly_mixed_frequency_kalman_em,exact,2022:Q4:pre_advance:exact,2023-01-25,pre_advance,2022:Q4,S,A,4.150093675254507,0.0,0.06075597627449337,18.3851089653649,True,5,0.02
monthly_mixed_frequency_kalman_em,exact,2022:Q4:pre_advance:exact,2023-01-25,pre_advance,2022:Q4,S,M,4.307486042548918,0.0,0.06075597627449337,18.3851089653649,True,5,0.02
monthly_mixed_frequency_kalman_em,exact,2022:Q4:pre_advance:exact,2023-01-25,pre_advance,2022:Q4,S,S,4.272147192989954,0.0,0.06075597627449337,18.3851089653649,True,5,0.02
monthly_mixed_frequency_kalman_em,exact,2022:Q4:pre_advance:exact,2023-01-25,pre_advance,2022:Q4,S,T,4.268137950725315,0.0,0.06075597627449337,18.3851089653649,True,5,0.02
monthly_mixed_frequency_kalman_em,exact,2022:Q4:pre_advance:exact,2023-01-25,pre_advance,2022:Q4,T,A,4.133523107018883,0.0,0.06075597627449337,18.3851089653649,True,5,0.02
monthly_mixed_frequency_kalman_em,exact,2022:Q4:pre_advance:exact,2023-01-25,pre_advance,2022:Q4,T,M,4.43266720414429,0.0,0.06075597627449337,18.3851089653649,True,5,0.02
monthly_mixed_frequency_kalman_em,exact,2022:Q4:pre_advance:exact,2023-01-25,pre_advance,2022:Q4,T,S,4.268137950725315,0.0,0.06075597627449337,18.3851089653649,True,5,0.02
monthly_mixed_frequency_kalman_em,exact,2022:Q4:pre_advance:exact,2023-01-25,pre_advance,2022:Q4,T,T,4.407744303300119,0.0,0.06075597627449337,18.3851089653649,True,5,0.02
revision_dfm_kalman_em,exact,2022:Q4:pre_advance:exact,2023-01-25,pre_advance,2022:Q4,A,A,3.055380811778031,4.440892098500626e-16,0.06703280596180383,15.170997033099036,True,5,0.02
revision_dfm_kalman_em,exact,2022:Q4:pre_advance:exact,2023-01-25,pre_advance,2022:Q4,A,M,3.176936272650642,4.440892098500626e-16,0.06703280596180383,15.170997033099036,True,5,0.02
revision_dfm_kalman_em,exact,2022:Q4:pre_advance:exact,2023-01-25,pre_advance,2022:Q4,A,S,3.163600561791209,4.440892098500626e-16,0.06703280596180383,15.170997033099036,True,5,0.02
revision_dfm_kalman_em,exact,2022:Q4:pre_advance:exact,2023-01-25,pre_advance,2022:Q4,A,T,3.1716019883068687,4.440892098500626e-16,0.06703280596180383,15.170997033099036,True,5,0.02
revision_dfm_kalman_em,exact,2022:Q4:pre_advance:exact,2023-01-25,pre_advance,2022:Q4,M,A,3.176936272650642,4.440892098500626e-16,0.06703280596180383,15.170997033099036,True,5,0.02
revision_dfm_kalman_em,exact,2022:Q4:pre_advance:exact,2023-01-25,pre_advance,2022:Q4,M,M,7.747105830889278,4.440892098500626e-16,0.06703280596180383,15.170997033099036,True,5,0.02
revision_dfm_kalman_em,exact,2022:Q4:pre_advance:exact,2023-01-25,pre_advance,2022:Q4,M,S,3.660614168798934,4.440892098500626e-16,0.06703280596180383,15.170997033099036,True,5,0.02
revision_dfm_kalman_em,exact,2022:Q4:pre_advance:exact,2023-01-25,pre_advance,2022:Q4,M,T,3.6758882076246695,4.440892098500626e-16,0.06703280596180383,15.170997033099036,True,5,0.02
revision_dfm_kalman_em,exact,2022:Q4:pre_advance:exact,2023-01-25,pre_advance,2022:Q4,S,A,3.1636005617912093,4.440892098500626e-16,0.06703280596180383,15.170997033099036,True,5,0.02
revision_dfm_kalman_em,exact,2022:Q4:pre_advance:exact,2023-01-25,pre_advance,2022:Q4,S,M,3.660614168798934,4.440892098500626e-16,0.06703280596180383,15.170997033099036,True,5,0.02
revision_dfm_kalman_em,exact,2022:Q4:pre_advance:exact,2023-01-25,pre_advance,2022:Q4,S,S,3.6650705402294035,4.440892098500626e-16,0.06703280596180383,15.170997033099036,True,5,0.02
revision_dfm_kalman_em,exact,2022:Q4:pre_advance:exact,2023-01-25,pre_advance,2022:Q4,S,T,3.65067389665878,4.440892098500626e-16,0.06703280596180383,15.170997033099036,True,5,0.02
revision_dfm_kalman_em,exact,2022:Q4:pre_advance:exact,2023-01-25,pre_advance,2022:Q4,T,A,3.1716019883068687,4.440892098500626e-16,0.06703280596180383,15.170997033099036,True,5,0.02
revision_dfm_kalman_em,exact,2022:Q4:pre_advance:exact,2023-01-25,pre_advance,2022:Q4,T,M,3.6758882076246695,4.440892098500626e-16,0.06703280596180383,15.170997033099036,True,5,0.02
revision_dfm_kalman_em,exact,2022:Q4:pre_advance:exact,2023-01-25,pre_advance,2022:Q4,T,S,3.6506738966587795,4.440892098500626e-16,0.06703280596180383,15.170997033099036,True,5,0.02
revision_dfm_kalman_em,exact,2022:Q4:pre_advance:exact,2023-01-25,pre_advance,2022:Q4,T,T,3.7787368793200593,4.440892098500626e-16,0.06703280596180383,15.170997033099036,True,5,0.02
indicator_revision_only_dfm_kalman_em,pseudo,2022:Q4:pre_advance:pseudo,2023-01-31,pre_advance,2022:Q4,A,A,3.2794058878618815,0.0,0.06645768062199803,12.969490431868156,True,5,0.02
indicator_revision_only_dfm_kalman_em,pseudo,2022:Q4:pre_advance:pseudo,2023-01-31,pre_advance,2022:Q4,A,M,2.881928447593722,0.0,0.06645768062199803,12.969490431868156,True,5,0.02
indicator_revision_only_dfm_kalman_em,pseudo,2022:Q4:pre_advance:pseudo,2023-01-31,pre_advance,2022:Q4,A,S,2.881928447593722,0.0,0.06645768062199803,12.969490431868156,True,5,0.02
indicator_revision_only_dfm_kalman_em,pseudo,2022:Q4:pre_advance:pseudo,2023-01-31,pre_advance,2022:Q4,A,T,2.881928447593722,0.0,0.06645768062199803,12.969490431868156,True,5,0.02
indicator_revision_only_dfm_kalman_em,pseudo,2022:Q4:pre_advance:pseudo,2023-01-31,pre_advance,2022:Q4,M,A,2.881928447593722,0.0,0.06645768062199803,12.969490431868156,True,5,0.02
indicator_revision_only_dfm_kalman_em,pseudo,2022:Q4:pre_advance:pseudo,2023-01-31,pre_advance,2022:Q4,M,M,6.952899211118985,0.0,0.06645768062199803,12.969490431868156,True,5,0.02
indicator_revision_only_dfm_kalman_em,pseudo,2022:Q4:pre_advance:pseudo,2023-01-31,pre_advance,2022:Q4,M,S,2.881928447593722,0.0,0.06645768062199803,12.969490431868156,True,5,0.02
indicator_revision_only_dfm_kalman_em,pseudo,2022:Q4:pre_advance:pseudo,2023-01-31,pre_advance,2022:Q4,M,T,2.881928447593722,0.0,0.06645768062199803,12.969490431868156,True,5,0.02
indicator_revision_only_dfm_kalman_em,pseudo,2022:Q4:pre_advance:pseudo,2023-01-31,pre_advance,2022:Q4,S,A,2.881928447593722,0.0,0.06645768062199803,12.969490431868156,True,5,0.02
indicator_revision_only_dfm_kalman_em,pseudo,2022:Q4:pre_advance:pseudo,2023-01-31,pre_advance,2022:Q4,S,M,2.881928447593722,0.0,0.06645768062199803,12.969490431868156,True,5,0.02
indicator_revision_only_dfm_kalman_em,pseudo,2022:Q4:pre_advance:pseudo,2023-01-31,pre_advance,2022:Q4,S,S,2.898930141455031,0.0,0.06645768062199803,12.969490431868156,True,5,0.02
indicator_revision_only_dfm_kalman_em,pseudo,2022:Q4:pre_advance:pseudo,2023-01-31,pre_advance,2022:Q4,S,T,2.881928447593722,0.0,0.06645768062199803,12.969490431868156,True,5,0.02
indicator_revision_only_dfm_kalman_em,pseudo,2022:Q4:pre_advance:pseudo,2023-01-31,pre_advance,2022:Q4,T,A,2.881928447593722,0.0,0.06645768062199803,12.969490431868156,True,5,0.02
indicator_revision_only_dfm_kalman_em,pseudo,2022:Q4:pre_advance:pseudo,2023-01-31,pre_advance,2022:Q4,T,M,2.881928447593722,0.0,0.06645768062199803,12.969490431868156,True,5,0.02
indicator_revision_only_dfm_kalman_em,pseudo,2022:Q4:pre_advance:pseudo,2023-01-31,pre_advance,2022:Q4,T,S,2.881928447593722,0.0,0.06645768062199803,12.969490431868156,True,5,0.02
indicator_revision_only_dfm_kalman_em,pseudo,2022:Q4:pre_advance:pseudo,2023-01-31,pre_advance,2022:Q4,T,T,3.0086186627082268,0.0,0.06645768062199803,12.969490431868156,True,5,0.02
joint_indicator_revision_dfm_full_kalman_em,pseudo,2022:Q4:pre_advance:pseudo,2023-01-31,pre_advance,2022:Q4,A,A,2.585968091512339,4.440892098500626e-16,0.06406689467844044,13.429069617154418,True,5,0.02
joint_indicator_revision_dfm_full_kalman_em,pseudo,2022:Q4:pre_advance:pseudo,2023-01-31,pre_advance,2022:Q4,A,M,2.728026333903684,4.440892098500626e-16,0.06406689467844044,13.429069617154418,True,5,0.02
joint_indicator_revision_dfm_full_kalman_em,pseudo,2022:Q4:pre_advance:pseudo,2023-01-31,pre_advance,2022:Q4,A,S,2.7134386174224403,4.440892098500626e-16,0.06406689467844044,13.429069617154418,True,5,0.02
joint_indicator_revision_dfm_full_kalman_em,pseudo,2022:Q4:pre_advance:pseudo,2023-01-31,pre_advance,2022:Q4,A,T,2.7221912473111867,4.440892098500626e-16,0.06406689467844044,13.429069617154418,True,5,0.02
joint_indicator_revision_dfm_full_kalman_em,pseudo,2022:Q4:pre_advance:pseudo,2023-01-31,pre_advance,2022:Q4,M,A,2.728026333903684,4.440892098500626e-16,0.06406689467844044,13.429069617154418,True,5,0.02
joint_indicator_revision_dfm_full_kalman_em,pseudo,2022:Q4:pre_advance:pseudo,2023-01-31,pre_advance,2022:Q4,M,M,7.312018860734727,4.440892098500626e-16,0.06406689467844044,13.429069617154418,True,5,0.02
joint_indicator_revision_dfm_full_kalman_em,pseudo,2022:Q4:pre_advance:pseudo,2023-01-31,pre_advance,2022:Q4,M,S,3.2080079642784987,4.440892098500626e-16,0.06406689467844044,13.429069617154418,True,5,0.02
joint_indicator_revision_dfm_full_kalman_em,pseudo,2022:Q4:pre_advance:pseudo,2023-01-31,pre_advance,2022:Q4,M,T,3.2231652789219143,4.440892098500626e-16,0.06406689467844044,13.429069617154418,True,5,0.02
joint_indicator_revision_dfm_full_kalman_em,pseudo,2022:Q4:pre_advance:pseudo,2023-01-31,pre_advance,2022:Q4,S,A,2.7134386174224403,4.440892098500626e-16,0.06406689467844044,13.429069617154418,True,5,0.02
joint_indicator_revision_dfm_full_kalman_em,pseudo,2022:Q4:pre_advance:pseudo,2023-01-31,pre_advance,2022:Q4,S,M,3.2080079642784987,4.440892098500626e-16,0.06406689467844044,13.429069617154418,True,5,0.02
joint_indicator_revision_dfm_full_kalman_em,pseudo,2022:Q4:pre_advance:pseudo,2023-01-31,pre_advance,2022:Q4,S,S,3.2025209904615783,4.440892098500626e-16,0.06406689467844044,13.429069617154418,True,5,0.02
joint_indicator_revision_dfm_full_kalman_em,pseudo,2022:Q4:pre_advance:pseudo,2023-01-31,pre_advance,2022:Q4,S,T,3.1981165773413776,4.440892098500626e-16,0.06406689467844044,13.429069617154418,True,5,0.02
joint_indicator_revision_dfm_full_kalman_em,pseudo,2022:Q4:pre_advance:pseudo,2023-01-31,pre_advance,2022:Q4,T,A,2.7221912473111867,4.440892098500626e-16,0.06406689467844044,13.429069617154418,True,5,0.02
joint_indicator_revision_dfm_full_kalman_em,pseudo,2022:Q4:pre_advance:pseudo,2023-01-31,pre_advance,2022:Q4,T,M,3.2231652789219143,4.440892098500626e-16,0.06406689467844044,13.429069617154418,True,5,0.02
joint_indicator_revision_dfm_full_kalman_em,pseudo,2022:Q4:pre_advance:pseudo,2023-01-31,pre_advance,2022:Q4,T,S,3.198116577341378,4.440892098500626e-16,0.06406689467844044,13.429069617154418,True,5,0.02
joint_indicator_revision_dfm_full_kalman_em,pseudo,2022:Q4:pre_advance:pseudo,2023-01-31,pre_advance,2022:Q4,T,T,3.3342263424359864,4.440892098500626e-16,0.06406689467844044,13.429069617154418,True,5,0.02
monthly_mixed_frequency_kalman_em,pseudo,2022:Q4:pre_advance:pseudo,2023-01-31,pre_advance,2022:Q4,A,A,4.398240760021314,0.0,0.06075514815851014,18.38174183865454,True,5,0.02
monthly_mixed_frequency_kalman_em,pseudo,2022:Q4:pre_advance:pseudo,2023-01-31,pre_advance,2022:Q4,A,M,4.118795774192021,0.0,0.06075514815851014,18.38174183865454,True,5,0.02
monthly_mixed_frequency_kalman_em,pseudo,2022:Q4:pre_advance:pseudo,2023-01-31,pre_advance,2022:Q4,A,S,4.149050581181028,0.0,0.06075514815851014,18.38174183865454,True,5,0.02
monthly_mixed_frequency_kalman_em,pseudo,2022:Q4:pre_advance:pseudo,2023-01-31,pre_advance,2022:Q4,A,T,4.132547959187024,0.0,0.06075514815851014,18.38174183865454,True,5,0.02
monthly_mixed_frequency_kalman_em,pseudo,2022:Q4:pre_advance:pseudo,2023-01-31,pre_advance,2022:Q4,M,A,4.118795774192021,0.0,0.06075514815851014,18.38174183865454,True,5,0.02
monthly_mixed_frequency_kalman_em,pseudo,2022:Q4:pre_advance:pseudo,2023-01-31,pre_advance,2022:Q4,M,M,8.636144801147202,0.0,0.06075514815851014,18.38174183865454,True,5,0.02
monthly_mixed_frequency_kalman_em,pseudo,2022:Q4:pre_advance:pseudo,2023-01-31,pre_advance,2022:Q4,M,S,4.306697289187473,0.0,0.06075514815851014,18.38174183865454,True,5,0.02
monthly_mixed_frequency_kalman_em,pseudo,2022:Q4:pre_advance:pseudo,2023-01-31,pre_advance,2022:Q4,M,T,4.431964965851107,0.0,0.06075514815851014,18.38174183865454,True,5,0.02
monthly_mixed_frequency_kalman_em,pseudo,2022:Q4:pre_advance:pseudo,2023-01-31,pre_advance,2022:Q4,S,A,4.149050581181028,0.0,0.06075514815851014,18.38174183865454,True,5,0.02
monthly_mixed_frequency_kalman_em,pseudo,2022:Q4:pre_advance:pseudo,2023-01-31,pre_advance,2022:Q4,S,M,4.306697289187473,0.0,0.06075514815851014,18.38174183865454,True,5,0.02
monthly_mixed_frequency_kalman_em,pseudo,2022:Q4:pre_advance:pseudo,2023-01-31,pre_advance,2022:Q4,S,S,4.271219378882035,0.0,0.06075514815851014,18.38174183865454,True,5,0.02
monthly_mixed_frequency_kalman_em,pseudo,2022:Q4:pre_advance:pseudo,2023-01-31,pre_advance,2022:Q4,S,T,4.267285612185862,0.0,0.06075514815851014,18.38174183865454,True,5,0.02
monthly_mixed_frequency_kalman_em,pseudo,2022:Q4:pre_advance:pseudo,2023-01-31,pre_advance,2022:Q4,T,A,4.132547959187024,0.0,0.06075514815851014,18.38174183865454,True,5,0.02
monthly_mixed_frequency_kalman_em,pseudo,2022:Q4:pre_advance:pseudo,2023-01-31,pre_advance,2022:Q4,T,M,4.431964965851107,0.0,0.06075514815851014,18.38174183865454,True,5,0.02
monthly_mixed_frequency_kalman_em,pseudo,2022:Q4:pre_advance:pseudo,2023-01-31,pre_advance,2022:Q4,T,S,4.267285612185862,0.0,0.06075514815851014,18.38174183865454,True,5,0.02
monthly_mixed_frequency_kalman_em,pseudo,2022:Q4:pre_advance:pseudo,2023-01-31,pre_advance,2022:Q4,T,T,4.406969408052814,0.0,0.06075514815851014,18.38174183865454,True,5,0.02
revision_dfm_kalman_em,pseudo,2022:Q4:pre_advance:pseudo,2023-01-31,pre_advance,2022:Q4,A,A,3.05286345054314,0.0,0.06703316623411584,15.16183319666667,True,5,0.02
revision_dfm_kalman_em,pseudo,2022:Q4:pre_advance:pseudo,2023-01-31,pre_advance,2022:Q4,A,M,3.1745163806448353,0.0,0.06703316623411584,15.16183319666667,True,5,0.02
revision_dfm_kalman_em,pseudo,2022:Q4:pre_advance:pseudo,2023-01-31,pre_advance,2022:Q4,A,S,3.1611742759972348,0.0,0.06703316623411584,15.16183319666667,True,5,0.02
revision_dfm_kalman_em,pseudo,2022:Q4:pre_advance:pseudo,2023-01-31,pre_advance,2022:Q4,A,T,3.1691795387857953,0.0,0.06703316623411584,15.16183319666667,True,5,0.02
revision_dfm_kalman_em,pseudo,2022:Q4:pre_advance:pseudo,2023-01-31,pre_advance,2022:Q4,M,A,3.1745163806448353,0.0,0.06703316623411584,15.16183319666667,True,5,0.02
revision_dfm_kalman_em,pseudo,2022:Q4:pre_advance:pseudo,2023-01-31,pre_advance,2022:Q4,M,M,7.7447985414160785,0.0,0.06703316623411584,15.16183319666667,True,5,0.02
revision_dfm_kalman_em,pseudo,2022:Q4:pre_advance:pseudo,2023-01-31,pre_advance,2022:Q4,M,S,3.658299008316011,0.0,0.06703316623411584,15.16183319666667,True,5,0.02
revision_dfm_kalman_em,pseudo,2022:Q4:pre_advance:pseudo,2023-01-31,pre_advance,2022:Q4,M,T,3.6735763544529956,0.0,0.06703316623411584,15.16183319666667,True,5,0.02
revision_dfm_kalman_em,pseudo,2022:Q4:pre_advance:pseudo,2023-01-31,pre_advance,2022:Q4,S,A,3.1611742759972348,0.0,0.06703316623411584,15.16183319666667,True,5,0.02
revision_dfm_kalman_em,pseudo,2022:Q4:pre_advance:pseudo,2023-01-31,pre_advance,2022:Q4,S,M,3.658299008316011,0.0,0.06703316623411584,15.16183319666667,True,5,0.02
revision_dfm_kalman_em,pseudo,2022:Q4:pre_advance:pseudo,2023-01-31,pre_advance,2022:Q4,S,S,3.6627510475655414,0.0,0.06703316623411584,15.16183319666667,True,5,0.02
revision_dfm_kalman_em,pseudo,2022:Q4:pre_advance:pseudo,2023-01-31,pre_advance,2022:Q4,S,T,3.6483565136696354,0.0,0.06703316623411584,15.16183319666667,True,5,0.02
revision_dfm_kalman_em,pseudo,2022:Q4:pre_advance:pseudo,2023-01-31,pre_advance,2022:Q4,T,A,3.1691795387857953,0.0,0.06703316623411584,15.16183319666667,True,5,0.02
revision_dfm_kalman_em,pseudo,2022:Q4:pre_advance:pseudo,2023-01-31,pre_advance,2022:Q4,T,M,3.6735763544529956,0.0,0.06703316623411584,15.16183319666667,True,5,0.02
revision_dfm_kalman_em,pseudo,2022:Q4:pre_advance:pseudo,2023-01-31,pre_advance,2022:Q4,T,S,3.6483565136696354,0.0,0.06703316623411584,15.16183319666667,True,5,0.02
revision_dfm_kalman_em,pseudo,2022:Q4:pre_advance:pseudo,2023-01-31,pre_advance,2022:Q4,T,T,3.776421673593025,0.0,0.06703316623411584,15.16183319666667,True,5,0.02
indicator_revision_only_dfm_kalman_em,exact,2022:Q4:pre_second:exact,2023-02-22,pre_second,2022:Q4,A,A,0.7494567044927081,0.0,0.06223314155013223,4.537969292840134,True,5,0.02
indicator_revision_only_dfm_kalman_em,exact,2022:Q4:pre_second:exact,2023-02-22,pre_second,2022:Q4,A,M,0.35126328802525747,0.0,0.06223314155013223,4.537969292840134,True,5,0.02
indicator_revision_only_dfm_kalman_em,exact,2022:Q4:pre_second:exact,2023-02-22,pre_second,2022:Q4,A,S,0.35126328802525747,0.0,0.06223314155013223,4.537969292840134,True,5,0.02
indicator_revision_only_dfm_kalman_em,exact,2022:Q4:pre_second:exact,2023-02-22,pre_second,2022:Q4,A,T,0.35126328802525747,0.0,0.06223314155013223,4.537969292840134,True,5,0.02
indicator_revision_only_dfm_kalman_em,exact,2022:Q4:pre_second:exact,2023-02-22,pre_second,2022:Q4,M,A,0.35126328802525747,0.0,0.06223314155013223,4.537969292840134,True,5,0.02
indicator_revision_only_dfm_kalman_em,exact,2022:Q4:pre_second:exact,2023-02-22,pre_second,2022:Q4,M,M,4.4257207890386905,0.0,0.06223314155013223,4.537969292840134,True,5,0.02
indicator_revision_only_dfm_kalman_em,exact,2022:Q4:pre_second:exact,2023-02-22,pre_second,2022:Q4,M,S,0.35126328802525747,0.0,0.06223314155013223,4.537969292840134,True,5,0.02
indicator_revision_only_dfm_kalman_em,exact,2022:Q4:pre_second:exact,2023-02-22,pre_second,2022:Q4,M,T,0.35126328802525747,0.0,0.06223314155013223,4.537969292840134,True,5,0.02
indicator_revision_only_dfm_kalman_em,exact,2022:Q4:pre_second:exact,2023-02-22,pre_second,2022:Q4,S,A,0.35126328802525747,0.0,0.06223314155013223,4.537969292840134,True,5,0.02
indicator_revision_only_dfm_kalman_em,exact,2022:Q4:pre_second:exact,2023-02-22,pre_second,2022:Q4,S,M,0.35126328802525747,0.0,0.06223314155013223,4.537969292840134,True,5,0.02
indicator_revision_only_dfm_kalman_em,exact,2022:Q4:pre_second:exact,2023-02-22,pre_second,2022:Q4,S,S,0.36646408772019345,0.0,0.06223314155013223,4.537969292840134,True,5,0.02
indicator_revision_only_dfm_kalman_em,exact,2022:Q4:pre_second:exact,2023-02-22,pre_second,2022:Q4,S,T,0.35126328802525747,0.0,0.06223314155013223,4.537969292840134,True,5,0.02
indicator_revision_only_dfm_kalman_em,exact,2022:Q4:pre_second:exact,2023-02-22,pre_second,2022:Q4,T,A,0.35126328802525747,0.0,0.06223314155013223,4.537969292840134,True,5,0.02
indicator_revision_only_dfm_kalman_em,exact,2022:Q4:pre_second:exact,2023-02-22,pre_second,2022:Q4,T,M,0.35126328802525747,0.0,0.06223314155013223,4.537969292840134,True,5,0.02
indicator_revision_only_dfm_kalman_em,exact,2022:Q4:pre_second:exact,2023-02-22,pre_second,2022:Q4,T,S,0.35126328802525747,0.0,0.06223314155013223,4.537969292840134,True,5,0.02
indicator_revision_only_dfm_kalman_em,exact,2022:Q4:pre_second:exact,2023-02-22,pre_second,2022:Q4,T,T,0.4793321754907537,0.0,0.06223314155013223,4.537969292840134,True,5,0.02
joint_indicator_revision_dfm_full_kalman_em,exact,2022:Q4:pre_second:exact,2023-02-22,pre_second,2022:Q4,A,A,0.2912665770391445,0.0,0.0633050698979167,4.505882808185994,True,5,0.02
joint_indicator_revision_dfm_full_kalman_em,exact,2022:Q4:pre_second:exact,2023-02-22,pre_second,2022:Q4,A,M,0.16204844224179316,0.0,0.0633050698979167,4.505882808185994,True,5,0.02
joint_indicator_revision_dfm_full_kalman_em,exact,2022:Q4:pre_second:exact,2023-02-22,pre_second,2022:Q4,A,S,0.16105096926267307,0.0,0.0633050698979167,4.505882808185994,True,5,0.02
joint_indicator_revision_dfm_full_kalman_em,exact,2022:Q4:pre_second:exact,2023-02-22,pre_second,2022:Q4,A,T,0.1616494530501451,0.0,0.0633050698979167,4.505882808185994,True,5,0.02
joint_indicator_revision_dfm_full_kalman_em,exact,2022:Q4:pre_second:exact,2023-02-22,pre_second,2022:Q4,M,A,0.16204844224179316,0.0,0.0633050698979167,4.505882808185994,True,5,0.02
joint_indicator_revision_dfm_full_kalman_em,exact,2022:Q4:pre_second:exact,2023-02-22,pre_second,2022:Q4,M,M,4.433448426410106,0.0,0.0633050698979167,4.505882808185994,True,5,0.02
joint_indicator_revision_dfm_full_kalman_em,exact,2022:Q4:pre_second:exact,2023-02-22,pre_second,2022:Q4,M,S,0.34293146599325697,0.0,0.0633050698979167,4.505882808185994,True,5,0.02
joint_indicator_revision_dfm_full_kalman_em,exact,2022:Q4:pre_second:exact,2023-02-22,pre_second,2022:Q4,M,T,0.3486435614801453,0.0,0.0633050698979167,4.505882808185994,True,5,0.02
joint_indicator_revision_dfm_full_kalman_em,exact,2022:Q4:pre_second:exact,2023-02-22,pre_second,2022:Q4,S,A,0.16105096926267307,0.0,0.0633050698979167,4.505882808185994,True,5,0.02
joint_indicator_revision_dfm_full_kalman_em,exact,2022:Q4:pre_second:exact,2023-02-22,pre_second,2022:Q4,S,M,0.34293146599325697,0.0,0.0633050698979167,4.505882808185994,True,5,0.02
joint_indicator_revision_dfm_full_kalman_em,exact,2022:Q4:pre_second:exact,2023-02-22,pre_second,2022:Q4,S,S,0.353818487220134,0.0,0.0633050698979167,4.505882808185994,True,5,0.02
joint_indicator_revision_dfm_full_kalman_em,exact,2022:Q4:pre_second:exact,2023-02-22,pre_second,2022:Q4,S,T,0.33929385605864526,0.0,0.0633050698979167,4.505882808185994,True,5,0.02
joint_indicator_revision_dfm_full_kalman_em,exact,2022:Q4:pre_second:exact,2023-02-22,pre_second,2022:Q4,T,A,0.1616494530501451,0.0,0.0633050698979167,4.505882808185994,True,5,0.02
joint_indicator_revision_dfm_full_kalman_em,exact,2022:Q4:pre_second:exact,2023-02-22,pre_second,2022:Q4,T,M,0.3486435614801453,0.0,0.0633050698979167,4.505882808185994,True,5,0.02
joint_indicator_revision_dfm_full_kalman_em,exact,2022:Q4:pre_second:exact,2023-02-22,pre_second,2022:Q4,T,S,0.33929385605864526,0.0,0.0633050698979167,4.505882808185994,True,5,0.02
joint_indicator_revision_dfm_full_kalman_em,exact,2022:Q4:pre_second:exact,2023-02-22,pre_second,2022:Q4,T,T,0.46543937615715786,0.0,0.0633050698979167,4.505882808185994,True,5,0.02
monthly_mixed_frequency_kalman_em,exact,2022:Q4:pre_second:exact,2023-02-22,pre_second,2022:Q4,A,A,0.43704376609621043,0.0,0.05810192631476541,4.915177265734492,True,5,0.02
monthly_mixed_frequency_kalman_em,exact,2022:Q4:pre_second:exact,2023-02-22,pre_second,2022:Q4,A,M,0.20999778943562242,0.0,0.05810192631476541,4.915177265734492,True,5,0.02
monthly_mixed_frequency_kalman_em,exact,2022:Q4:pre_second:exact,2023-02-22,pre_second,2022:Q4,A,S,0.21153280656902074,0.0,0.05810192631476541,4.915177265734492,True,5,0.02
monthly_mixed_frequency_kalman_em,exact,2022:Q4:pre_second:exact,2023-02-22,pre_second,2022:Q4,A,T,0.210695524496258,0.0,0.05810192631476541,4.915177265734492,True,5,0.02
monthly_mixed_frequency_kalman_em,exact,2022:Q4:pre_second:exact,2023-02-22,pre_second,2022:Q4,M,A,0.20999778943562242,0.0,0.05810192631476541,4.915177265734492,True,5,0.02
monthly_mixed_frequency_kalman_em,exact,2022:Q4:pre_second:exact,2023-02-22,pre_second,2022:Q4,M,M,4.779522070156964,0.0,0.05810192631476541,4.915177265734492,True,5,0.02
monthly_mixed_frequency_kalman_em,exact,2022:Q4:pre_second:exact,2023-02-22,pre_second,2022:Q4,M,S,0.4212209482596769,0.0,0.05810192631476541,4.915177265734492,True,5,0.02
monthly_mixed_frequency_kalman_em,exact,2022:Q4:pre_second:exact,2023-02-22,pre_second,2022:Q4,M,T,0.5620363874757132,0.0,0.05810192631476541,4.915177265734492,True,5,0.02
monthly_mixed_frequency_kalman_em,exact,2022:Q4:pre_second:exact,2023-02-22,pre_second,2022:Q4,S,A,0.21153280656902074,0.0,0.05810192631476541,4.915177265734492,True,5,0.02
monthly_mixed_frequency_kalman_em,exact,2022:Q4:pre_second:exact,2023-02-22,pre_second,2022:Q4,S,M,0.4212209482596769,0.0,0.05810192631476541,4.915177265734492,True,5,0.02
monthly_mixed_frequency_kalman_em,exact,2022:Q4:pre_second:exact,2023-02-22,pre_second,2022:Q4,S,S,0.3571370125954549,0.0,0.05810192631476541,4.915177265734492,True,5,0.02
monthly_mixed_frequency_kalman_em,exact,2022:Q4:pre_second:exact,2023-02-22,pre_second,2022:Q4,S,T,0.3687989128370128,0.0,0.05810192631476541,4.915177265734492,True,5,0.02
monthly_mixed_frequency_kalman_em,exact,2022:Q4:pre_second:exact,2023-02-22,pre_second,2022:Q4,T,A,0.210695524496258,0.0,0.05810192631476541,4.915177265734492,True,5,0.02
monthly_mixed_frequency_kalman_em,exact,2022:Q4:pre_second:exact,2023-02-22,pre_second,2022:Q4,T,M,0.5620363874757132,0.0,0.05810192631476541,4.915177265734492,True,5,0.02
monthly_mixed_frequency_kalman_em,exact,2022:Q4:pre_second:exact,2023-02-22,pre_second,2022:Q4,T,S,0.3687989128370128,0.0,0.05810192631476541,4.915177265734492,True,5,0.02
monthly_mixed_frequency_kalman_em,exact,2022:Q4:pre_second:exact,2023-02-22,pre_second,2022:Q4,T,T,0.524057023231754,0.0,0.05810192631476541,4.915177265734492,True,5,0.02
revision_dfm_kalman_em,exact,2022:Q4:pre_second:exact,2023-02-22,pre_second,2022:Q4,A,A,0.28651065969371675,2.7755575615628914e-17,0.065919024905776,4.537641516762333,True,5,0.02
revision_dfm_kalman_em,exact,2022:Q4:pre_second:exact,2023-02-22,pre_second,2022:Q4,A,M,0.15314059947353797,2.7755575615628914e-17,0.065919024905776,4.537641516762333,True,5,0.02
revision_dfm_kalman_em,exact,2022:Q4:pre_second:exact,2023-02-22,pre_second,2022:Q4,A,S,0.152469161271011,2.7755575615628914e-17,0.065919024905776,4.537641516762333,True,5,0.02
revision_dfm_kalman_em,exact,2022:Q4:pre_second:exact,2023-02-22,pre_second,2022:Q4,A,T,0.15287202419252718,2.7755575615628914e-17,0.065919024905776,4.537641516762333,True,5,0.02
revision_dfm_kalman_em,exact,2022:Q4:pre_second:exact,2023-02-22,pre_second,2022:Q4,M,A,0.15314059947353797,2.7755575615628914e-17,0.065919024905776,4.537641516762333,True,5,0.02
revision_dfm_kalman_em,exact,2022:Q4:pre_second:exact,2023-02-22,pre_second,2022:Q4,M,M,4.4527981220812896,2.7755575615628914e-17,0.065919024905776,4.537641516762333,True,5,0.02
revision_dfm_kalman_em,exact,2022:Q4:pre_second:exact,2023-02-22,pre_second,2022:Q4,M,S,0.37478115987859606,2.7755575615628914e-17,0.065919024905776,4.537641516762333,True,5,0.02
revision_dfm_kalman_em,exact,2022:Q4:pre_second:exact,2023-02-22,pre_second,2022:Q4,M,T,0.3817803354703348,2.7755575615628914e-17,0.065919024905776,4.537641516762333,True,5,0.02
revision_dfm_kalman_em,exact,2022:Q4:pre_second:exact,2023-02-22,pre_second,2022:Q4,S,A,0.152469161271011,2.7755575615628914e-17,0.065919024905776,4.537641516762333,True,5,0.02
revision_dfm_kalman_em,exact,2022:Q4:pre_second:exact,2023-02-22,pre_second,2022:Q4,S,M,0.37478115987859606,2.7755575615628914e-17,0.065919024905776,4.537641516762333,True,5,0.02
revision_dfm_kalman_em,exact,2022:Q4:pre_second:exact,2023-02-22,pre_second,2022:Q4,S,S,0.3904341026885806,2.7755575615628914e-17,0.065919024905776,4.537641516762333,True,5,0.02
revision_dfm_kalman_em,exact,2022:Q4:pre_second:exact,2023-02-22,pre_second,2022:Q4,S,T,0.3703349199064444,2.7755575615628914e-17,0.065919024905776,4.537641516762333,True,5,0.02
revision_dfm_kalman_em,exact,2022:Q4:pre_second:exact,2023-02-22,pre_second,2022:Q4,T,A,0.1528720241925272,2.7755575615628914e-17,0.065919024905776,4.537641516762333,True,5,0.02
revision_dfm_kalman_em,exact,2022:Q4:pre_second:exact,2023-02-22,pre_second,2022:Q4,T,M,0.3817803354703348,2.7755575615628914e-17,0.065919024905776,4.537641516762333,True,5,0.02
revision_dfm_kalman_em,exact,2022:Q4:pre_second:exact,2023-02-22,pre_second,2022:Q4,T,S,0.3703349199064444,2.7755575615628914e-17,0.065919024905776,4.537641516762333,True,5,0.02
revision_dfm_kalman_em,exact,2022:Q4:pre_second:exact,2023-02-22,pre_second,2022:Q4,T,T,0.492151310066859,2.7755575615628914e-17,0.065919024905776,4.537641516762333,True,5,0.02
indicator_revision_only_dfm_kalman_em,pseudo,2022:Q4:pre_second:pseudo,2023-02-28,pre_second,2022:Q4,A,A,0.7474180710646869,0.0,0.06263786179663,4.533403620317504,True,5,0.02
indicator_revision_only_dfm_kalman_em,pseudo,2022:Q4:pre_second:pseudo,2023-02-28,pre_second,2022:Q4,A,M,0.34976348430079934,0.0,0.06263786179663,4.533403620317504,True,5,0.02
indicator_revision_only_dfm_kalman_em,pseudo,2022:Q4:pre_second:pseudo,2023-02-28,pre_second,2022:Q4,A,S,0.34976348430079934,0.0,0.06263786179663,4.533403620317504,True,5,0.02
indicator_revision_only_dfm_kalman_em,pseudo,2022:Q4:pre_second:pseudo,2023-02-28,pre_second,2022:Q4,A,T,0.34976348430079934,0.0,0.06263786179663,4.533403620317504,True,5,0.02
indicator_revision_only_dfm_kalman_em,pseudo,2022:Q4:pre_second:pseudo,2023-02-28,pre_second,2022:Q4,M,A,0.34976348430079934,0.0,0.06263786179663,4.533403620317504,True,5,0.02
indicator_revision_only_dfm_kalman_em,pseudo,2022:Q4:pre_second:pseudo,2023-02-28,pre_second,2022:Q4,M,M,4.422113652627235,0.0,0.06263786179663,4.533403620317504,True,5,0.02
indicator_revision_only_dfm_kalman_em,pseudo,2022:Q4:pre_second:pseudo,2023-02-28,pre_second,2022:Q4,M,S,0.34976348430079934,0.0,0.06263786179663,4.533403620317504,True,5,0.02
indicator_revision_only_dfm_kalman_em,pseudo,2022:Q4:pre_second:pseudo,2023-02-28,pre_second,2022:Q4,M,T,0.34976348430079934,0.0,0.06263786179663,4.533403620317504,True,5,0.02
indicator_revision_only_dfm_kalman_em,pseudo,2022:Q4:pre_second:pseudo,2023-02-28,pre_second,2022:Q4,S,A,0.34976348430079934,0.0,0.06263786179663,4.533403620317504,True,5,0.02
indicator_revision_only_dfm_kalman_em,pseudo,2022:Q4:pre_second:pseudo,2023-02-28,pre_second,2022:Q4,S,M,0.34976348430079934,0.0,0.06263786179663,4.533403620317504,True,5,0.02
indicator_revision_only_dfm_kalman_em,pseudo,2022:Q4:pre_second:pseudo,2023-02-28,pre_second,2022:Q4,S,S,0.36604562311902894,0.0,0.06263786179663,4.533403620317504,True,5,0.02
indicator_revision_only_dfm_kalman_em,pseudo,2022:Q4:pre_second:pseudo,2023-02-28,pre_second,2022:Q4,S,T,0.34976348430079934,0.0,0.06263786179663,4.533403620317504,True,5,0.02
indicator_revision_only_dfm_kalman_em,pseudo,2022:Q4:pre_second:pseudo,2023-02-28,pre_second,2022:Q4,T,A,0.34976348430079934,0.0,0.06263786179663,4.533403620317504,True,5,0.02
indicator_revision_only_dfm_kalman_em,pseudo,2022:Q4:pre_second:pseudo,2023-02-28,pre_second,2022:Q4,T,M,0.34976348430079934,0.0,0.06263786179663,4.533403620317504,True,5,0.02
indicator_revision_only_dfm_kalman_em,pseudo,2022:Q4:pre_second:pseudo,2023-02-28,pre_second,2022:Q4,T,S,0.34976348430079934,0.0,0.06263786179663,4.533403620317504,True,5,0.02
indicator_revision_only_dfm_kalman_em,pseudo,2022:Q4:pre_second:pseudo,2023-02-28,pre_second,2022:Q4,T,T,0.47700535962325513,0.0,0.06263786179663,4.533403620317504,True,5,0.02
joint_indicator_revision_dfm_full_kalman_em,pseudo,2022:Q4:pre_second:pseudo,2023-02-28,pre_second,2022:Q4,A,A,0.28440695049639386,0.0,0.06341358866108844,4.505242749492216,True,5,0.02
joint_indicator_revision_dfm_full_kalman_em,pseudo,2022:Q4:pre_second:pseudo,2023-02-28,pre_second,2022:Q4,A,M,0.1581060530021893,0.0,0.06341358866108844,4.505242749492216,True,5,0.02
joint_indicator_revision_dfm_full_kalman_em,pseudo,2022:Q4:pre_second:pseudo,2023-02-28,pre_second,2022:Q4,A,S,0.1571427517994633,0.0,0.06341358866108844,4.505242749492216,True,5,0.02
joint_indicator_revision_dfm_full_kalman_em,pseudo,2022:Q4:pre_second:pseudo,2023-02-28,pre_second,2022:Q4,A,T,0.1577207325210989,0.0,0.06341358866108844,4.505242749492216,True,5,0.02
joint_indicator_revision_dfm_full_kalman_em,pseudo,2022:Q4:pre_second:pseudo,2023-02-28,pre_second,2022:Q4,M,A,0.1581060530021893,0.0,0.06341358866108844,4.505242749492216,True,5,0.02
joint_indicator_revision_dfm_full_kalman_em,pseudo,2022:Q4:pre_second:pseudo,2023-02-28,pre_second,2022:Q4,M,M,4.433200804844452,0.0,0.06341358866108844,4.505242749492216,True,5,0.02
joint_indicator_revision_dfm_full_kalman_em,pseudo,2022:Q4:pre_second:pseudo,2023-02-28,pre_second,2022:Q4,M,S,0.3429539244423435,0.0,0.06341358866108844,4.505242749492216,True,5,0.02
joint_indicator_revision_dfm_full_kalman_em,pseudo,2022:Q4:pre_second:pseudo,2023-02-28,pre_second,2022:Q4,M,T,0.3487912256457168,0.0,0.06341358866108844,4.505242749492216,True,5,0.02
joint_indicator_revision_dfm_full_kalman_em,pseudo,2022:Q4:pre_second:pseudo,2023-02-28,pre_second,2022:Q4,S,A,0.1571427517994633,0.0,0.06341358866108844,4.505242749492216,True,5,0.02
joint_indicator_revision_dfm_full_kalman_em,pseudo,2022:Q4:pre_second:pseudo,2023-02-28,pre_second,2022:Q4,S,M,0.3429539244423435,0.0,0.06341358866108844,4.505242749492216,True,5,0.02
joint_indicator_revision_dfm_full_kalman_em,pseudo,2022:Q4:pre_second:pseudo,2023-02-28,pre_second,2022:Q4,S,S,0.3539419620586876,0.0,0.06341358866108844,4.505242749492216,True,5,0.02
joint_indicator_revision_dfm_full_kalman_em,pseudo,2022:Q4:pre_second:pseudo,2023-02-28,pre_second,2022:Q4,S,T,0.3392377009894859,0.0,0.06341358866108844,4.505242749492216,True,5,0.02
joint_indicator_revision_dfm_full_kalman_em,pseudo,2022:Q4:pre_second:pseudo,2023-02-28,pre_second,2022:Q4,T,A,0.1577207325210989,0.0,0.06341358866108844,4.505242749492216,True,5,0.02
joint_indicator_revision_dfm_full_kalman_em,pseudo,2022:Q4:pre_second:pseudo,2023-02-28,pre_second,2022:Q4,T,M,0.3487912256457168,0.0,0.06341358866108844,4.505242749492216,True,5,0.02
joint_indicator_revision_dfm_full_kalman_em,pseudo,2022:Q4:pre_second:pseudo,2023-02-28,pre_second,2022:Q4,T,S,0.3392377009894859,0.0,0.06341358866108844,4.505242749492216,True,5,0.02
joint_indicator_revision_dfm_full_kalman_em,pseudo,2022:Q4:pre_second:pseudo,2023-02-28,pre_second,2022:Q4,T,T,0.4652258928739893,0.0,0.06341358866108844,4.505242749492216,True,5,0.02
monthly_mixed_frequency_kalman_em,pseudo,2022:Q4:pre_second:pseudo,2023-02-28,pre_second,2022:Q4,A,A,0.4370454277285625,0.0,0.05810230530819166,4.915087556207565,True,5,0.02
monthly_mixed_frequency_kalman_em,pseudo,2022:Q4:pre_second:pseudo,2023-02-28,pre_second,2022:Q4,A,M,0.2099933305290803,0.0,0.05810230530819166,4.915087556207565,True,5,0.02
monthly_mixed_frequency_kalman_em,pseudo,2022:Q4:pre_second:pseudo,2023-02-28,pre_second,2022:Q4,A,S,0.2115317369397166,0.0,0.05810230530819166,4.915087556207565,True,5,0.02
monthly_mixed_frequency_kalman_em,pseudo,2022:Q4:pre_second:pseudo,2023-02-28,pre_second,2022:Q4,A,T,0.21069260617027863,0.0,0.05810230530819166,4.915087556207565,True,5,0.02
monthly_mixed_frequency_kalman_em,pseudo,2022:Q4:pre_second:pseudo,2023-02-28,pre_second,2022:Q4,M,A,0.2099933305290803,0.0,0.05810230530819166,4.915087556207565,True,5,0.02
monthly_mixed_frequency_kalman_em,pseudo,2022:Q4:pre_second:pseudo,2023-02-28,pre_second,2022:Q4,M,M,4.7794488218525935,0.0,0.05810230530819166,4.915087556207565,True,5,0.02
monthly_mixed_frequency_kalman_em,pseudo,2022:Q4:pre_second:pseudo,2023-02-28,pre_second,2022:Q4,M,S,0.42119379379280086,0.0,0.05810230530819166,4.915087556207565,True,5,0.02
monthly_mixed_frequency_kalman_em,pseudo,2022:Q4:pre_second:pseudo,2023-02-28,pre_second,2022:Q4,M,T,0.5619941026352813,0.0,0.05810230530819166,4.915087556207565,True,5,0.02
monthly_mixed_frequency_kalman_em,pseudo,2022:Q4:pre_second:pseudo,2023-02-28,pre_second,2022:Q4,S,A,0.2115317369397166,0.0,0.05810230530819166,4.915087556207565,True,5,0.02
monthly_mixed_frequency_kalman_em,pseudo,2022:Q4:pre_second:pseudo,2023-02-28,pre_second,2022:Q4,S,M,0.42119379379280086,0.0,0.05810230530819166,4.915087556207565,True,5,0.02
monthly_mixed_frequency_kalman_em,pseudo,2022:Q4:pre_second:pseudo,2023-02-28,pre_second,2022:Q4,S,S,0.35712414382203106,0.0,0.05810230530819166,4.915087556207565,True,5,0.02
monthly_mixed_frequency_kalman_em,pseudo,2022:Q4:pre_second:pseudo,2023-02-28,pre_second,2022:Q4,S,T,0.3687782795795298,0.0,0.05810230530819166,4.915087556207565,True,5,0.02
monthly_mixed_frequency_kalman_em,pseudo,2022:Q4:pre_second:pseudo,2023-02-28,pre_second,2022:Q4,T,A,0.21069260617027863,0.0,0.05810230530819166,4.915087556207565,True,5,0.02
monthly_mixed_frequency_kalman_em,pseudo,2022:Q4:pre_second:pseudo,2023-02-28,pre_second,2022:Q4,T,M,0.5619941026352813,0.0,0.05810230530819166,4.915087556207565,True,5,0.02
monthly_mixed_frequency_kalman_em,pseudo,2022:Q4:pre_second:pseudo,2023-02-28,pre_second,2022:Q4,T,S,0.3687782795795298,0.0,0.05810230530819166,4.915087556207565,True,5,0.02
monthly_mixed_frequency_kalman_em,pseudo,2022:Q4:pre_second:pseudo,2023-02-28,pre_second,2022:Q4,T,T,0.5240261919584438,0.0,0.05810230530819166,4.915087556207565,True,5,0.02
revision_dfm_kalman_em,pseudo,2022:Q4:pre_second:pseudo,2023-02-28,pre_second,2022:Q4,A,A,0.2865213694003727,5.551115123125783e-17,0.06591934352400733,4.537669857327396,True,5,0.02
revision_dfm_kalman_em,pseudo,2022:Q4:pre_second:pseudo,2023-02-28,pre_second,2022:Q4,A,M,0.15314588690734676,5.551115123125783e-17,0.06591934352400733,4.537669857327396,True,5,0.02
revision_dfm_kalman_em,pseudo,2022:Q4:pre_second:pseudo,2023-02-28,pre_second,2022:Q4,A,S,0.1524743898036562,5.551115123125783e-17,0.06591934352400733,4.537669857327396,True,5,0.02
revision_dfm_kalman_em,pseudo,2022:Q4:pre_second:pseudo,2023-02-28,pre_second,2022:Q4,A,T,0.15287728806587053,5.551115123125783e-17,0.06591934352400733,4.537669857327396,True,5,0.02
revision_dfm_kalman_em,pseudo,2022:Q4:pre_second:pseudo,2023-02-28,pre_second,2022:Q4,M,A,0.15314588690734676,5.551115123125783e-17,0.06591934352400733,4.537669857327396,True,5,0.02
revision_dfm_kalman_em,pseudo,2022:Q4:pre_second:pseudo,2023-02-28,pre_second,2022:Q4,M,M,4.452817872349709,5.551115123125783e-17,0.06591934352400733,4.537669857327396,True,5,0.02
revision_dfm_kalman_em,pseudo,2022:Q4:pre_second:pseudo,2023-02-28,pre_second,2022:Q4,M,S,0.3748000016816661,5.551115123125783e-17,0.06591934352400733,4.537669857327396,True,5,0.02
revision_dfm_kalman_em,pseudo,2022:Q4:pre_second:pseudo,2023-02-28,pre_second,2022:Q4,M,T,0.38179960530611834,5.551115123125783e-17,0.06591934352400733,4.537669857327396,True,5,0.02
revision_dfm_kalman_em,pseudo,2022:Q4:pre_second:pseudo,2023-02-28,pre_second,2022:Q4,S,A,0.15247438980365619,5.551115123125783e-17,0.06591934352400733,4.537669857327396,True,5,0.02
revision_dfm_kalman_em,pseudo,2022:Q4:pre_second:pseudo,2023-02-28,pre_second,2022:Q4,S,M,0.3748000016816661,5.551115123125783e-17,0.06591934352400733,4.537669857327396,True,5,0.02
revision_dfm_kalman_em,pseudo,2022:Q4:pre_second:pseudo,2023-02-28,pre_second,2022:Q4,S,S,0.3904521151783293,5.551115123125783e-17,0.06591934352400733,4.537669857327396,True,5,0.02
revision_dfm_kalman_em,pseudo,2022:Q4:pre_second:pseudo,2023-02-28,pre_second,2022:Q4,S,T,0.3703534894441059,5.551115123125783e-17,0.06591934352400733,4.537669857327396,True,5,0.02
revision_dfm_kalman_em,pseudo,2022:Q4:pre_second:pseudo,2023-02-28,pre_second,2022:Q4,T,A,0.15287728806587056,5.551115123125783e-17,0.06591934352400733,4.537669857327396,True,5,0.02
revision_dfm_kalman_em,pseudo,2022:Q4:pre_second:pseudo,2023-02-28,pre_second,2022:Q4,T,M,0.38179960530611834,5.551115123125783e-17,0.06591934352400733,4.537669857327396,True,5,0.02
revision_dfm_kalman_em,pseudo,2022:Q4:pre_second:pseudo,2023-02-28,pre_second,2022:Q4,T,S,0.37035348944410595,5.551115123125783e-17,0.06591934352400733,4.537669857327396,True,5,0.02
revision_dfm_kalman_em,pseudo,2022:Q4:pre_second:pseudo,2023-02-28,pre_second,2022:Q4,T,T,0.4921707664872878,5.551115123125783e-17,0.06591934352400733,4.537669857327396,True,5,0.02
indicator_revision_only_dfm_kalman_em,exact,2022:Q4:pre_third:exact,2023-03-29,pre_third,2022:Q4,A,A,0.4122018158225984,0.0,0.030752046953700096,4.087065864555853,True,5,0.02
indicator_revision_only_dfm_kalman_em,exact,2022:Q4:pre_third:exact,2023-03-29,pre_third,2022:Q4,A,M,0.016456505617879685,0.0,0.030752046953700096,4.087065864555853,True,5,0.02
indicator_revision_only_dfm_kalman_em,exact,2022:Q4:pre_third:exact,2023-03-29,pre_third,2022:Q4,A,S,0.016456505617879685,0.0,0.030752046953700096,4.087065864555853,True,5,0.02
indicator_revision_only_dfm_kalman_em,exact,2022:Q4:pre_third:exact,2023-03-29,pre_third,2022:Q4,A,T,0.016456505617879685,0.0,0.030752046953700096,4.087065864555853,True,5,0.02
indicator_revision_only_dfm_kalman_em,exact,2022:Q4:pre_third:exact,2023-03-29,pre_third,2022:Q4,M,A,0.016456505617879685,0.0,0.030752046953700096,4.087065864555853,True,5,0.02
indicator_revision_only_dfm_kalman_em,exact,2022:Q4:pre_third:exact,2023-03-29,pre_third,2022:Q4,M,M,4.086854907316783,0.0,0.030752046953700096,4.087065864555853,True,5,0.02
indicator_revision_only_dfm_kalman_em,exact,2022:Q4:pre_third:exact,2023-03-29,pre_third,2022:Q4,M,S,0.016456505617879685,0.0,0.030752046953700096,4.087065864555853,True,5,0.02
indicator_revision_only_dfm_kalman_em,exact,2022:Q4:pre_third:exact,2023-03-29,pre_third,2022:Q4,M,T,0.016456505617879685,0.0,0.030752046953700096,4.087065864555853,True,5,0.02
indicator_revision_only_dfm_kalman_em,exact,2022:Q4:pre_third:exact,2023-03-29,pre_third,2022:Q4,S,A,0.016456505617879685,0.0,0.030752046953700096,4.087065864555853,True,5,0.02
indicator_revision_only_dfm_kalman_em,exact,2022:Q4:pre_third:exact,2023-03-29,pre_third,2022:Q4,S,M,0.016456505617879685,0.0,0.030752046953700096,4.087065864555853,True,5,0.02
indicator_revision_only_dfm_kalman_em,exact,2022:Q4:pre_third:exact,2023-03-29,pre_third,2022:Q4,S,S,0.03373097430338879,0.0,0.030752046953700096,4.087065864555853,True,5,0.02
indicator_revision_only_dfm_kalman_em,exact,2022:Q4:pre_third:exact,2023-03-29,pre_third,2022:Q4,S,T,0.016456505617879685,0.0,0.030752046953700096,4.087065864555853,True,5,0.02
indicator_revision_only_dfm_kalman_em,exact,2022:Q4:pre_third:exact,2023-03-29,pre_third,2022:Q4,T,A,0.016456505617879685,0.0,0.030752046953700096,4.087065864555853,True,5,0.02
indicator_revision_only_dfm_kalman_em,exact,2022:Q4:pre_third:exact,2023-03-29,pre_third,2022:Q4,T,M,0.016456505617879685,0.0,0.030752046953700096,4.087065864555853,True,5,0.02
indicator_revision_only_dfm_kalman_em,exact,2022:Q4:pre_third:exact,2023-03-29,pre_third,2022:Q4,T,S,0.016456505617879685,0.0,0.030752046953700096,4.087065864555853,True,5,0.02
indicator_revision_only_dfm_kalman_em,exact,2022:Q4:pre_third:exact,2023-03-29,pre_third,2022:Q4,T,T,0.14295968018275843,0.0,0.030752046953700096,4.087065864555853,True,5,0.02
joint_indicator_revision_dfm_full_kalman_em,exact,2022:Q4:pre_third:exact,2023-03-29,pre_third,2022:Q4,A,A,0.21653840206613859,1.734723475976807e-18,0.03587178691316314,4.097604791414836,True,5,0.02
joint_indicator_revision_dfm_full_kalman_em,exact,2022:Q4:pre_third:exact,2023-03-29,pre_third,2022:Q4,A,M,0.005463085672221952,1.734723475976807e-18,0.03587178691316314,4.097604791414836,True,5,0.02
joint_indicator_revision_dfm_full_kalman_em,exact,2022:Q4:pre_third:exact,2023-03-29,pre_third,2022:Q4,A,S,0.00877248069613118,1.734723475976807e-18,0.03587178691316314,4.097604791414836,True,5,0.02
joint_indicator_revision_dfm_full_kalman_em,exact,2022:Q4:pre_third:exact,2023-03-29,pre_third,2022:Q4,A,T,0.0067868436817856434,1.734723475976807e-18,0.03587178691316314,4.097604791414836,True,5,0.02
joint_indicator_revision_dfm_full_kalman_em,exact,2022:Q4:pre_third:exact,2023-03-29,pre_third,2022:Q4,M,A,0.005463085672221952,1.734723475976807e-18,0.03587178691316314,4.097604791414836,True,5,0.02
joint_indicator_revision_dfm_full_kalman_em,exact,2022:Q4:pre_third:exact,2023-03-29,pre_third,2022:Q4,M,M,4.097392405539985,1.734723475976807e-18,0.03587178691316314,4.097604791414836,True,5,0.02
joint_indicator_revision_dfm_full_kalman_em,exact,2022:Q4:pre_third:exact,2023-03-29,pre_third,2022:Q4,M,S,0.01995712137765648,1.734723475976807e-18,0.03587178691316314,4.097604791414836,True,5,0.02
joint_indicator_revision_dfm_full_kalman_em,exact,2022:Q4:pre_third:exact,2023-03-29,pre_third,2022:Q4,M,T,0.02041482776835441,1.734723475976807e-18,0.03587178691316314,4.097604791414836,True,5,0.02
joint_indicator_revision_dfm_full_kalman_em,exact,2022:Q4:pre_third:exact,2023-03-29,pre_third,2022:Q4,S,A,0.008772480696131178,1.734723475976807e-18,0.03587178691316314,4.097604791414836,True,5,0.02
joint_indicator_revision_dfm_full_kalman_em,exact,2022:Q4:pre_third:exact,2023-03-29,pre_third,2022:Q4,S,M,0.01995712137765648,1.734723475976807e-18,0.03587178691316314,4.097604791414836,True,5,0.02
joint_indicator_revision_dfm_full_kalman_em,exact,2022:Q4:pre_third:exact,2023-03-29,pre_third,2022:Q4,S,S,0.03998263463679074,1.734723475976807e-18,0.03587178691316314,4.097604791414836,True,5,0.02
joint_indicator_revision_dfm_full_kalman_em,exact,2022:Q4:pre_third:exact,2023-03-29,pre_third,2022:Q4,S,T,0.019733428564025973,1.734723475976807e-18,0.03587178691316314,4.097604791414836,True,5,0.02
joint_indicator_revision_dfm_full_kalman_em,exact,2022:Q4:pre_third:exact,2023-03-29,pre_third,2022:Q4,T,A,0.006786843681785642,1.734723475976807e-18,0.03587178691316314,4.097604791414836,True,5,0.02
joint_indicator_revision_dfm_full_kalman_em,exact,2022:Q4:pre_third:exact,2023-03-29,pre_third,2022:Q4,T,M,0.02041482776835441,1.734723475976807e-18,0.03587178691316314,4.097604791414836,True,5,0.02
joint_indicator_revision_dfm_full_kalman_em,exact,2022:Q4:pre_third:exact,2023-03-29,pre_third,2022:Q4,T,S,0.019733428564025973,1.734723475976807e-18,0.03587178691316314,4.097604791414836,True,5,0.02
joint_indicator_revision_dfm_full_kalman_em,exact,2022:Q4:pre_third:exact,2023-03-29,pre_third,2022:Q4,T,T,0.14006539363153786,1.734723475976807e-18,0.03587178691316314,4.097604791414836,True,5,0.02
monthly_mixed_frequency_kalman_em,exact,2022:Q4:pre_third:exact,2023-03-29,pre_third,2022:Q4,A,A,0.3105647257473231,0.0,0.057596045320935554,4.286937933986682,True,5,0.02
monthly_mixed_frequency_kalman_em,exact,2022:Q4:pre_third:exact,2023-03-29,pre_third,2022:Q4,A,M,-0.03942156045292983,0.0,0.057596045320935554,4.286937933986682,True,5,0.02
monthly_mixed_frequency_kalman_em,exact,2022:Q4:pre_third:exact,2023-03-29,pre_third,2022:Q4,A,S,0.030329141136078156,0.0,0.057596045320935554,4.286937933986682,True,5,0.02
monthly_mixed_frequency_kalman_em,exact,2022:Q4:pre_third:exact,2023-03-29,pre_third,2022:Q4,A,T,-0.0077166960942898245,0.0,0.057596045320935554,4.286937933986682,True,5,0.02
monthly_mixed_frequency_kalman_em,exact,2022:Q4:pre_third:exact,2023-03-29,pre_third,2022:Q4,M,A,-0.03942156045292983,0.0,0.057596045320935554,4.286937933986682,True,5,0.02
monthly_mixed_frequency_kalman_em,exact,2022:Q4:pre_third:exact,2023-03-29,pre_third,2022:Q4,M,M,4.28173413309987,0.0,0.057596045320935554,4.286937933986682,True,5,0.02
monthly_mixed_frequency_kalman_em,exact,2022:Q4:pre_third:exact,2023-03-29,pre_third,2022:Q4,M,S,0.06047508809072502,0.0,0.057596045320935554,4.286937933986682,True,5,0.02
monthly_mixed_frequency_kalman_em,exact,2022:Q4:pre_third:exact,2023-03-29,pre_third,2022:Q4,M,T,0.12707285378649494,0.0,0.057596045320935554,4.286937933986682,True,5,0.02
monthly_mixed_frequency_kalman_em,exact,2022:Q4:pre_third:exact,2023-03-29,pre_third,2022:Q4,S,A,0.030329141136078156,0.0,0.057596045320935554,4.286937933986682,True,5,0.02
monthly_mixed_frequency_kalman_em,exact,2022:Q4:pre_third:exact,2023-03-29,pre_third,2022:Q4,S,M,0.06047508809072502,0.0,0.057596045320935554,4.286937933986682,True,5,0.02
monthly_mixed_frequency_kalman_em,exact,2022:Q4:pre_third:exact,2023-03-29,pre_third,2022:Q4,S,S,0.09519124827931007,0.0,0.057596045320935554,4.286937933986682,True,5,0.02
monthly_mixed_frequency_kalman_em,exact,2022:Q4:pre_third:exact,2023-03-29,pre_third,2022:Q4,S,T,0.052938601352063304,0.0,0.057596045320935554,4.286937933986682,True,5,0.02
monthly_mixed_frequency_kalman_em,exact,2022:Q4:pre_third:exact,2023-03-29,pre_third,2022:Q4,T,A,-0.0077166960942898245,0.0,0.057596045320935554,4.286937933986682,True,5,0.02
monthly_mixed_frequency_kalman_em,exact,2022:Q4:pre_third:exact,2023-03-29,pre_third,2022:Q4,T,M,0.12707285378649494,0.0,0.057596045320935554,4.286937933986682,True,5,0.02
monthly_mixed_frequency_kalman_em,exact,2022:Q4:pre_third:exact,2023-03-29,pre_third,2022:Q4,T,S,0.052938601352063304,0.0,0.057596045320935554,4.286937933986682,True,5,0.02
monthly_mixed_frequency_kalman_em,exact,2022:Q4:pre_third:exact,2023-03-29,pre_third,2022:Q4,T,T,0.1433902841872763,0.0,0.057596045320935554,4.286937933986682,True,5,0.02
revision_dfm_kalman_em,exact,2022:Q4:pre_third:exact,2023-03-29,pre_third,2022:Q4,A,A,0.22634279200456164,3.469446951953614e-18,0.04447094778731785,4.093305669243292,True,5,0.02
revision_dfm_kalman_em,exact,2022:Q4:pre_third:exact,2023-03-29,pre_third,2022:Q4,A,M,0.006775337531509571,3.469446951953614e-18,0.04447094778731785,4.093305669243292,True,5,0.02
revision_dfm_kalman_em,exact,2022:Q4:pre_third:exact,2023-03-29,pre_third,2022:Q4,A,S,0.010431555990373513,3.469446951953614e-18,0.04447094778731785,4.093305669243292,True,5,0.02
revision_dfm_kalman_em,exact,2022:Q4:pre_third:exact,2023-03-29,pre_third,2022:Q4,A,T,0.008237824915055147,3.469446951953614e-18,0.04447094778731785,4.093305669243292,True,5,0.02
revision_dfm_kalman_em,exact,2022:Q4:pre_third:exact,2023-03-29,pre_third,2022:Q4,M,A,0.006775337531509571,3.469446951953614e-18,0.04447094778731785,4.093305669243292,True,5,0.02
revision_dfm_kalman_em,exact,2022:Q4:pre_third:exact,2023-03-29,pre_third,2022:Q4,M,M,4.09295448152042,3.469446951953614e-18,0.04447094778731785,4.093305669243292,True,5,0.02
revision_dfm_kalman_em,exact,2022:Q4:pre_third:exact,2023-03-29,pre_third,2022:Q4,M,S,0.025637427764389802,3.469446951953614e-18,0.04447094778731785,4.093305669243292,True,5,0.02
revision_dfm_kalman_em,exact,2022:Q4:pre_third:exact,2023-03-29,pre_third,2022:Q4,M,T,0.026233072719112335,3.469446951953614e-18,0.04447094778731785,4.093305669243292,True,5,0.02
revision_dfm_kalman_em,exact,2022:Q4:pre_third:exact,2023-03-29,pre_third,2022:Q4,S,A,0.010431555990373513,3.469446951953614e-18,0.04447094778731785,4.093305669243292,True,5,0.02
revision_dfm_kalman_em,exact,2022:Q4:pre_third:exact,2023-03-29,pre_third,2022:Q4,S,M,0.025637427764389802,3.469446951953614e-18,0.04447094778731785,4.093305669243292,True,5,0.02
revision_dfm_kalman_em,exact,2022:Q4:pre_third:exact,2023-03-29,pre_third,2022:Q4,S,S,0.051587006661074,3.469446951953614e-18,0.04447094778731785,4.093305669243292,True,5,0.02
revision_dfm_kalman_em,exact,2022:Q4:pre_third:exact,2023-03-29,pre_third,2022:Q4,S,T,0.025333310328909474,3.469446951953614e-18,0.04447094778731785,4.093305669243292,True,5,0.02
revision_dfm_kalman_em,exact,2022:Q4:pre_third:exact,2023-03-29,pre_third,2022:Q4,T,A,0.00823782491505515,3.469446951953614e-18,0.04447094778731785,4.093305669243292,True,5,0.02
revision_dfm_kalman_em,exact,2022:Q4:pre_third:exact,2023-03-29,pre_third,2022:Q4,T,M,0.026233072719112335,3.469446951953614e-18,0.04447094778731785,4.093305669243292,True,5,0.02
revision_dfm_kalman_em,exact,2022:Q4:pre_third:exact,2023-03-29,pre_third,2022:Q4,T,S,0.025333310328909477,3.469446951953614e-18,0.04447094778731785,4.093305669243292,True,5,0.02
revision_dfm_kalman_em,exact,2022:Q4:pre_third:exact,2023-03-29,pre_third,2022:Q4,T,T,0.14092537450482154,3.469446951953614e-18,0.04447094778731785,4.093305669243292,True,5,0.02
indicator_revision_only_dfm_kalman_em,pseudo,2022:Q4:pre_third:pseudo,2023-03-31,pre_third,2022:Q4,A,A,0.41220184028409257,0.0,0.030751990668657657,4.087065720501995,True,5,0.02
indicator_revision_only_dfm_kalman_em,pseudo,2022:Q4:pre_third:pseudo,2023-03-31,pre_third,2022:Q4,A,M,0.016456469898442183,0.0,0.030751990668657657,4.087065720501995,True,5,0.02
indicator_revision_only_dfm_kalman_em,pseudo,2022:Q4:pre_third:pseudo,2023-03-31,pre_third,2022:Q4,A,S,0.016456469898442183,0.0,0.030751990668657657,4.087065720501995,True,5,0.02
indicator_revision_only_dfm_kalman_em,pseudo,2022:Q4:pre_third:pseudo,2023-03-31,pre_third,2022:Q4,A,T,0.016456469898442183,0.0,0.030751990668657657,4.087065720501995,True,5,0.02
indicator_revision_only_dfm_kalman_em,pseudo,2022:Q4:pre_third:pseudo,2023-03-31,pre_third,2022:Q4,M,A,0.016456469898442183,0.0,0.030751990668657657,4.087065720501995,True,5,0.02
indicator_revision_only_dfm_kalman_em,pseudo,2022:Q4:pre_third:pseudo,2023-03-31,pre_third,2022:Q4,M,M,4.086854764175672,0.0,0.030751990668657657,4.087065720501995,True,5,0.02
indicator_revision_only_dfm_kalman_em,pseudo,2022:Q4:pre_third:pseudo,2023-03-31,pre_third,2022:Q4,M,S,0.016456469898442183,0.0,0.030751990668657657,4.087065720501995,True,5,0.02
indicator_revision_only_dfm_kalman_em,pseudo,2022:Q4:pre_third:pseudo,2023-03-31,pre_third,2022:Q4,M,T,0.016456469898442183,0.0,0.030751990668657657,4.087065720501995,True,5,0.02
indicator_revision_only_dfm_kalman_em,pseudo,2022:Q4:pre_third:pseudo,2023-03-31,pre_third,2022:Q4,S,A,0.016456469898442183,0.0,0.030751990668657657,4.087065720501995,True,5,0.02
indicator_revision_only_dfm_kalman_em,pseudo,2022:Q4:pre_third:pseudo,2023-03-31,pre_third,2022:Q4,S,M,0.016456469898442183,0.0,0.030751990668657657,4.087065720501995,True,5,0.02
indicator_revision_only_dfm_kalman_em,pseudo,2022:Q4:pre_third:pseudo,2023-03-31,pre_third,2022:Q4,S,S,0.03373090460063835,0.0,0.030751990668657657,4.087065720501995,True,5,0.02
indicator_revision_only_dfm_kalman_em,pseudo,2022:Q4:pre_third:pseudo,2023-03-31,pre_third,2022:Q4,S,T,0.016456469898442183,0.0,0.030751990668657657,4.087065720501995,True,5,0.02
indicator_revision_only_dfm_kalman_em,pseudo,2022:Q4:pre_third:pseudo,2023-03-31,pre_third,2022:Q4,T,A,0.016456469898442183,0.0,0.030751990668657657,4.087065720501995,True,5,0.02
indicator_revision_only_dfm_kalman_em,pseudo,2022:Q4:pre_third:pseudo,2023-03-31,pre_third,2022:Q4,T,M,0.016456469898442183,0.0,0.030751990668657657,4.087065720501995,True,5,0.02
indicator_revision_only_dfm_kalman_em,pseudo,2022:Q4:pre_third:pseudo,2023-03-31,pre_third,2022:Q4,T,S,0.016456469898442183,0.0,0.030751990668657657,4.087065720501995,True,5,0.02
indicator_revision_only_dfm_kalman_em,pseudo,2022:Q4:pre_third:pseudo,2023-03-31,pre_third,2022:Q4,T,T,0.14295966379750882,0.0,0.030751990668657657,4.087065720501995,True,5,0.02
joint_indicator_revision_dfm_full_kalman_em,pseudo,2022:Q4:pre_third:pseudo,2023-03-31,pre_third,2022:Q4,A,A,0.21651076152400253,8.673617379884035e-19,0.03586761783132469,4.0976120681262485,True,5,0.02
joint_indicator_revision_dfm_full_kalman_em,pseudo,2022:Q4:pre_third:pseudo,2023-03-31,pre_third,2022:Q4,A,M,0.005458948126711335,8.673617379884035e-19,0.03586761783132469,4.0976120681262485,True,5,0.02
joint_indicator_revision_dfm_full_kalman_em,pseudo,2022:Q4:pre_third:pseudo,2023-03-31,pre_third,2022:Q4,A,S,0.008768699533471088,8.673617379884035e-19,0.03586761783132469,4.0976120681262485,True,5,0.02
joint_indicator_revision_dfm_full_kalman_em,pseudo,2022:Q4:pre_third:pseudo,2023-03-31,pre_third,2022:Q4,A,T,0.006782848689415236,8.673617379884035e-19,0.03586761783132469,4.0976120681262485,True,5,0.02
joint_indicator_revision_dfm_full_kalman_em,pseudo,2022:Q4:pre_third:pseudo,2023-03-31,pre_third,2022:Q4,M,A,0.005458948126711335,8.673617379884035e-19,0.03586761783132469,4.0976120681262485,True,5,0.02
joint_indicator_revision_dfm_full_kalman_em,pseudo,2022:Q4:pre_third:pseudo,2023-03-31,pre_third,2022:Q4,M,M,4.097399744139845,8.673617379884035e-19,0.03586761783132469,4.0976120681262485,True,5,0.02
joint_indicator_revision_dfm_full_kalman_em,pseudo,2022:Q4:pre_third:pseudo,2023-03-31,pre_third,2022:Q4,M,S,0.019954663264836112,8.673617379884035e-19,0.03586761783132469,4.0976120681262485,True,5,0.02
joint_indicator_revision_dfm_full_kalman_em,pseudo,2022:Q4:pre_third:pseudo,2023-03-31,pre_third,2022:Q4,M,T,0.02041242269025058,8.673617379884035e-19,0.03586761783132469,4.0976120681262485,True,5,0.02
joint_indicator_revision_dfm_full_kalman_em,pseudo,2022:Q4:pre_third:pseudo,2023-03-31,pre_third,2022:Q4,S,A,0.008768699533471088,8.673617379884035e-19,0.03586761783132469,4.0976120681262485,True,5,0.02
joint_indicator_revision_dfm_full_kalman_em,pseudo,2022:Q4:pre_third:pseudo,2023-03-31,pre_third,2022:Q4,S,M,0.019954663264836112,8.673617379884035e-19,0.03586761783132469,4.0976120681262485,True,5,0.02
joint_indicator_revision_dfm_full_kalman_em,pseudo,2022:Q4:pre_third:pseudo,2023-03-31,pre_third,2022:Q4,S,S,0.03997717024694015,8.673617379884035e-19,0.03586761783132469,4.0976120681262485,True,5,0.02
joint_indicator_revision_dfm_full_kalman_em,pseudo,2022:Q4:pre_third:pseudo,2023-03-31,pre_third,2022:Q4,S,T,0.01973094399020881,8.673617379884035e-19,0.03586761783132469,4.0976120681262485,True,5,0.02
joint_indicator_revision_dfm_full_kalman_em,pseudo,2022:Q4:pre_third:pseudo,2023-03-31,pre_third,2022:Q4,T,A,0.006782848689415235,8.673617379884035e-19,0.03586761783132469,4.0976120681262485,True,5,0.02
joint_indicator_revision_dfm_full_kalman_em,pseudo,2022:Q4:pre_third:pseudo,2023-03-31,pre_third,2022:Q4,T,M,0.02041242269025058,8.673617379884035e-19,0.03586761783132469,4.0976120681262485,True,5,0.02
joint_indicator_revision_dfm_full_kalman_em,pseudo,2022:Q4:pre_third:pseudo,2023-03-31,pre_third,2022:Q4,T,S,0.01973094399020881,8.673617379884035e-19,0.03586761783132469,4.0976120681262485,True,5,0.02
joint_indicator_revision_dfm_full_kalman_em,pseudo,2022:Q4:pre_third:pseudo,2023-03-31,pre_third,2022:Q4,T,T,0.14006542962363278,8.673617379884035e-19,0.03586761783132469,4.0976120681262485,True,5,0.02
monthly_mixed_frequency_kalman_em,pseudo,2022:Q4:pre_third:pseudo,2023-03-31,pre_third,2022:Q4,A,A,0.31056368764904607,0.0,0.05759611747319892,4.286939972714816,True,5,0.02
monthly_mixed_frequency_kalman_em,pseudo,2022:Q4:pre_third:pseudo,2023-03-31,pre_third,2022:Q4,A,M,-0.039421418554881245,0.0,0.05759611747319892,4.286939972714816,True,5,0.02
monthly_mixed_frequency_kalman_em,pseudo,2022:Q4:pre_third:pseudo,2023-03-31,pre_third,2022:Q4,A,S,0.030329169113418094,0.0,0.05759611747319892,4.286939972714816,True,5,0.02
monthly_mixed_frequency_kalman_em,pseudo,2022:Q4:pre_third:pseudo,2023-03-31,pre_third,2022:Q4,A,T,-0.00771660597838154,0.0,0.05759611747319892,4.286939972714816,True,5,0.02
monthly_mixed_frequency_kalman_em,pseudo,2022:Q4:pre_third:pseudo,2023-03-31,pre_third,2022:Q4,M,A,-0.039421418554881245,0.0,0.05759611747319892,4.286939972714816,True,5,0.02
monthly_mixed_frequency_kalman_em,pseudo,2022:Q4:pre_third:pseudo,2023-03-31,pre_third,2022:Q4,M,M,4.281736136169666,0.0,0.05759611747319892,4.286939972714816,True,5,0.02
monthly_mixed_frequency_kalman_em,pseudo,2022:Q4:pre_third:pseudo,2023-03-31,pre_third,2022:Q4,M,S,0.06047544018468916,0.0,0.05759611747319892,4.286939972714816,True,5,0.02
monthly_mixed_frequency_kalman_em,pseudo,2022:Q4:pre_third:pseudo,2023-03-31,pre_third,2022:Q4,M,T,0.12707334601106945,0.0,0.05759611747319892,4.286939972714816,True,5,0.02
monthly_mixed_frequency_kalman_em,pseudo,2022:Q4:pre_third:pseudo,2023-03-31,pre_third,2022:Q4,S,A,0.030329169113418094,0.0,0.05759611747319892,4.286939972714816,True,5,0.02
monthly_mixed_frequency_kalman_em,pseudo,2022:Q4:pre_third:pseudo,2023-03-31,pre_third,2022:Q4,S,M,0.06047544018468916,0.0,0.05759611747319892,4.286939972714816,True,5,0.02
monthly_mixed_frequency_kalman_em,pseudo,2022:Q4:pre_third:pseudo,2023-03-31,pre_third,2022:Q4,S,S,0.09519166886741247,0.0,0.05759611747319892,4.286939972714816,True,5,0.02
monthly_mixed_frequency_kalman_em,pseudo,2022:Q4:pre_third:pseudo,2023-03-31,pre_third,2022:Q4,S,T,0.0529388724168714,0.0,0.05759611747319892,4.286939972714816,True,5,0.02
monthly_mixed_frequency_kalman_em,pseudo,2022:Q4:pre_third:pseudo,2023-03-31,pre_third,2022:Q4,T,A,-0.00771660597838154,0.0,0.05759611747319892,4.286939972714816,True,5,0.02
monthly_mixed_frequency_kalman_em,pseudo,2022:Q4:pre_third:pseudo,2023-03-31,pre_third,2022:Q4,T,M,0.12707334601106945,0.0,0.05759611747319892,4.286939972714816,True,5,0.02
monthly_mixed_frequency_kalman_em,pseudo,2022:Q4:pre_third:pseudo,2023-03-31,pre_third,2022:Q4,T,S,0.0529388724168714,0.0,0.05759611747319892,4.286939972714816,True,5,0.02
monthly_mixed_frequency_kalman_em,pseudo,2022:Q4:pre_third:pseudo,2023-03-31,pre_third,2022:Q4,T,T,0.1433903780235785,0.0,0.05759611747319892,4.286939972714816,True,5,0.02
revision_dfm_kalman_em,pseudo,2022:Q4:pre_third:pseudo,2023-03-31,pre_third,2022:Q4,A,A,0.22634117287847547,0.0,0.04447101065056086,4.093306055829424,True,5,0.02
revision_dfm_kalman_em,pseudo,2022:Q4:pre_third:pseudo,2023-03-31,pre_third,2022:Q4,A,M,0.00677534048667675,0.0,0.04447101065056086,4.093306055829424,True,5,0.02
revision_dfm_kalman_em,pseudo,2022:Q4:pre_third:pseudo,2023-03-31,pre_third,2022:Q4,A,S,0.010431523019940157,0.0,0.04447101065056086,4.093306055829424,True,5,0.02
revision_dfm_kalman_em,pseudo,2022:Q4:pre_third:pseudo,2023-03-31,pre_third,2022:Q4,A,T,0.008237813499982113,0.0,0.04447101065056086,4.093306055829424,True,5,0.02
revision_dfm_kalman_em,pseudo,2022:Q4:pre_third:pseudo,2023-03-31,pre_third,2022:Q4,M,A,0.00677534048667675,0.0,0.04447101065056086,4.093306055829424,True,5,0.02
revision_dfm_kalman_em,pseudo,2022:Q4:pre_third:pseudo,2023-03-31,pre_third,2022:Q4,M,M,4.092954866782262,0.0,0.04447101065056086,4.093306055829424,True,5,0.02
revision_dfm_kalman_em,pseudo,2022:Q4:pre_third:pseudo,2023-03-31,pre_third,2022:Q4,M,S,0.02563747855067452,0.0,0.04447101065056086,4.093306055829424,True,5,0.02
revision_dfm_kalman_em,pseudo,2022:Q4:pre_third:pseudo,2023-03-31,pre_third,2022:Q4,M,T,0.026233125015853398,0.0,0.04447101065056086,4.093306055829424,True,5,0.02
revision_dfm_kalman_em,pseudo,2022:Q4:pre_third:pseudo,2023-03-31,pre_third,2022:Q4,S,A,0.010431523019940157,0.0,0.04447101065056086,4.093306055829424,True,5,0.02
revision_dfm_kalman_em,pseudo,2022:Q4:pre_third:pseudo,2023-03-31,pre_third,2022:Q4,S,M,0.02563747855067452,0.0,0.04447101065056086,4.093306055829424,True,5,0.02
revision_dfm_kalman_em,pseudo,2022:Q4:pre_third:pseudo,2023-03-31,pre_third,2022:Q4,S,S,0.05158710278562351,0.0,0.04447101065056086,4.093306055829424,True,5,0.02
revision_dfm_kalman_em,pseudo,2022:Q4:pre_third:pseudo,2023-03-31,pre_third,2022:Q4,S,T,0.025333359440059836,0.0,0.04447101065056086,4.093306055829424,True,5,0.02
revision_dfm_kalman_em,pseudo,2022:Q4:pre_third:pseudo,2023-03-31,pre_third,2022:Q4,T,A,0.008237813499982113,0.0,0.04447101065056086,4.093306055829424,True,5,0.02
revision_dfm_kalman_em,pseudo,2022:Q4:pre_third:pseudo,2023-03-31,pre_third,2022:Q4,T,M,0.026233125015853398,0.0,0.04447101065056086,4.093306055829424,True,5,0.02
revision_dfm_kalman_em,pseudo,2022:Q4:pre_third:pseudo,2023-03-31,pre_third,2022:Q4,T,S,0.025333359440059836,0.0,0.04447101065056086,4.093306055829424,True,5,0.02
revision_dfm_kalman_em,pseudo,2022:Q4:pre_third:pseudo,2023-03-31,pre_third,2022:Q4,T,T,0.1409253335807798,0.0,0.04447101065056086,4.093306055829424,True,5,0.02
indicator_revision_only_dfm_kalman_em,exact,2023:Q1:pre_advance:exact,2023-04-26,pre_advance,2023:Q1,A,A,4.070952163977038,0.0,0.06579738374693556,16.064070892214154,True,5,0.02
indicator_revision_only_dfm_kalman_em,exact,2023:Q1:pre_advance:exact,2023-04-26,pre_advance,2023:Q1,A,M,3.6742611894727215,0.0,0.06579738374693556,16.064070892214154,True,5,0.02
indicator_revision_only_dfm_kalman_em,exact,2023:Q1:pre_advance:exact,2023-04-26,pre_advance,2023:Q1,A,S,3.6742611894727215,0.0,0.06579738374693556,16.064070892214154,True,5,0.02
indicator_revision_only_dfm_kalman_em,exact,2023:Q1:pre_advance:exact,2023-04-26,pre_advance,2023:Q1,A,T,3.6742611894727215,0.0,0.06579738374693556,16.064070892214154,True,5,0.02
indicator_revision_only_dfm_kalman_em,exact,2023:Q1:pre_advance:exact,2023-04-26,pre_advance,2023:Q1,M,A,3.6742611894727215,0.0,0.06579738374693556,16.064070892214154,True,5,0.02
indicator_revision_only_dfm_kalman_em,exact,2023:Q1:pre_advance:exact,2023-04-26,pre_advance,2023:Q1,M,M,7.730394206379707,0.0,0.06579738374693556,16.064070892214154,True,5,0.02
indicator_revision_only_dfm_kalman_em,exact,2023:Q1:pre_advance:exact,2023-04-26,pre_advance,2023:Q1,M,S,3.6742611894727215,0.0,0.06579738374693556,16.064070892214154,True,5,0.02
indicator_revision_only_dfm_kalman_em,exact,2023:Q1:pre_advance:exact,2023-04-26,pre_advance,2023:Q1,M,T,3.6742611894727215,0.0,0.06579738374693556,16.064070892214154,True,5,0.02
indicator_revision_only_dfm_kalman_em,exact,2023:Q1:pre_advance:exact,2023-04-26,pre_advance,2023:Q1,S,A,3.6742611894727215,0.0,0.06579738374693556,16.064070892214154,True,5,0.02
indicator_revision_only_dfm_kalman_em,exact,2023:Q1:pre_advance:exact,2023-04-26,pre_advance,2023:Q1,S,M,3.6742611894727215,0.0,0.06579738374693556,16.064070892214154,True,5,0.02
indicator_revision_only_dfm_kalman_em,exact,2023:Q1:pre_advance:exact,2023-04-26,pre_advance,2023:Q1,S,S,3.6893702601561706,0.0,0.06579738374693556,16.064070892214154,True,5,0.02
indicator_revision_only_dfm_kalman_em,exact,2023:Q1:pre_advance:exact,2023-04-26,pre_advance,2023:Q1,S,T,3.6742611894727215,0.0,0.06579738374693556,16.064070892214154,True,5,0.02
indicator_revision_only_dfm_kalman_em,exact,2023:Q1:pre_advance:exact,2023-04-26,pre_advance,2023:Q1,T,A,3.6742611894727215,0.0,0.06579738374693556,16.064070892214154,True,5,0.02
indicator_revision_only_dfm_kalman_em,exact,2023:Q1:pre_advance:exact,2023-04-26,pre_advance,2023:Q1,T,M,3.6742611894727215,0.0,0.06579738374693556,16.064070892214154,True,5,0.02
indicator_revision_only_dfm_kalman_em,exact,2023:Q1:pre_advance:exact,2023-04-26,pre_advance,2023:Q1,T,S,3.6742611894727215,0.0,0.06579738374693556,16.064070892214154,True,5,0.02
indicator_revision_only_dfm_kalman_em,exact,2023:Q1:pre_advance:exact,2023-04-26,pre_advance,2023:Q1,T,T,3.801849808901887,0.0,0.06579738374693556,16.064070892214154,True,5,0.02
joint_indicator_revision_dfm_full_kalman_em,exact,2023:Q1:pre_advance:exact,2023-04-26,pre_advance,2023:Q1,A,A,3.125370661229992,4.440892098500626e-16,0.06394315970815256,16.30919522338347,True,5,0.02
joint_indicator_revision_dfm_full_kalman_em,exact,2023:Q1:pre_advance:exact,2023-04-26,pre_advance,2023:Q1,A,M,3.3958170098884612,4.440892098500626e-16,0.06394315970815256,16.30919522338347,True,5,0.02
joint_indicator_revision_dfm_full_kalman_em,exact,2023:Q1:pre_advance:exact,2023-04-26,pre_advance,2023:Q1,A,S,3.3743350386328523,4.440892098500626e-16,0.06394315970815256,16.30919522338347,True,5,0.02
joint_indicator_revision_dfm_full_kalman_em,exact,2023:Q1:pre_advance:exact,2023-04-26,pre_advance,2023:Q1,A,T,3.3872242213862176,4.440892098500626e-16,0.06394315970815256,16.30919522338347,True,5,0.02
joint_indicator_revision_dfm_full_kalman_em,exact,2023:Q1:pre_advance:exact,2023-04-26,pre_advance,2023:Q1,M,A,3.3958170098884612,4.440892098500626e-16,0.06394315970815256,16.30919522338347,True,5,0.02
joint_indicator_revision_dfm_full_kalman_em,exact,2023:Q1:pre_advance:exact,2023-04-26,pre_advance,2023:Q1,M,M,8.102233991688681,4.440892098500626e-16,0.06394315970815256,16.30919522338347,True,5,0.02
joint_indicator_revision_dfm_full_kalman_em,exact,2023:Q1:pre_advance:exact,2023-04-26,pre_advance,2023:Q1,M,S,4.007091879449018,4.440892098500626e-16,0.06394315970815256,16.30919522338347,True,5,0.02
joint_indicator_revision_dfm_full_kalman_em,exact,2023:Q1:pre_advance:exact,2023-04-26,pre_advance,2023:Q1,M,T,4.02639529638251,4.440892098500626e-16,0.06394315970815256,16.30919522338347,True,5,0.02
joint_indicator_revision_dfm_full_kalman_em,exact,2023:Q1:pre_advance:exact,2023-04-26,pre_advance,2023:Q1,S,A,3.374335038632853,4.440892098500626e-16,0.06394315970815256,16.30919522338347,True,5,0.02
joint_indicator_revision_dfm_full_kalman_em,exact,2023:Q1:pre_advance:exact,2023-04-26,pre_advance,2023:Q1,S,M,4.007091879449018,4.440892098500626e-16,0.06394315970815256,16.30919522338347,True,5,0.02
joint_indicator_revision_dfm_full_kalman_em,exact,2023:Q1:pre_advance:exact,2023-04-26,pre_advance,2023:Q1,S,S,3.9949892145853507,4.440892098500626e-16,0.06394315970815256,16.30919522338347,True,5,0.02
joint_indicator_revision_dfm_full_kalman_em,exact,2023:Q1:pre_advance:exact,2023-04-26,pre_advance,2023:Q1,S,T,3.9944367426326948,4.440892098500626e-16,0.06394315970815256,16.30919522338347,True,5,0.02
joint_indicator_revision_dfm_full_kalman_em,exact,2023:Q1:pre_advance:exact,2023-04-26,pre_advance,2023:Q1,T,A,3.3872242213862176,4.440892098500626e-16,0.06394315970815256,16.30919522338347,True,5,0.02
joint_indicator_revision_dfm_full_kalman_em,exact,2023:Q1:pre_advance:exact,2023-04-26,pre_advance,2023:Q1,T,M,4.02639529638251,4.440892098500626e-16,0.06394315970815256,16.30919522338347,True,5,0.02
joint_indicator_revision_dfm_full_kalman_em,exact,2023:Q1:pre_advance:exact,2023-04-26,pre_advance,2023:Q1,T,S,3.9944367426326948,4.440892098500626e-16,0.06394315970815256,16.30919522338347,True,5,0.02
joint_indicator_revision_dfm_full_kalman_em,exact,2023:Q1:pre_advance:exact,2023-04-26,pre_advance,2023:Q1,T,T,4.134050358864915,4.440892098500626e-16,0.06394315970815256,16.30919522338347,True,5,0.02
monthly_mixed_frequency_kalman_em,exact,2023:Q1:pre_advance:exact,2023-04-26,pre_advance,2023:Q1,A,A,4.569839209824656,0.0,0.06079298584638282,19.045879124677676,True,5,0.02
monthly_mixed_frequency_kalman_em,exact,2023:Q1:pre_advance:exact,2023-04-26,pre_advance,2023:Q1,A,M,4.28771594301019,0.0,0.06079298584638282,19.045879124677676,True,5,0.02
monthly_mixed_frequency_kalman_em,exact,2023:Q1:pre_advance:exact,2023-04-26,pre_advance,2023:Q1,A,S,4.319687938278402,0.0,0.06079298584638282,19.045879124677676,True,5,0.02
monthly_mixed_frequency_kalman_em,exact,2023:Q1:pre_advance:exact,2023-04-26,pre_advance,2023:Q1,A,T,4.302248668132104,0.0,0.06079298584638282,19.045879124677676,True,5,0.02
monthly_mixed_frequency_kalman_em,exact,2023:Q1:pre_advance:exact,2023-04-26,pre_advance,2023:Q1,M,A,4.28771594301019,0.0,0.06079298584638282,19.045879124677676,True,5,0.02
monthly_mixed_frequency_kalman_em,exact,2023:Q1:pre_advance:exact,2023-04-26,pre_advance,2023:Q1,M,M,8.786175720066458,0.0,0.06079298584638282,19.045879124677676,True,5,0.02
monthly_mixed_frequency_kalman_em,exact,2023:Q1:pre_advance:exact,2023-04-26,pre_advance,2023:Q1,M,S,4.477304222894799,0.0,0.06079298584638282,19.045879124677676,True,5,0.02
monthly_mixed_frequency_kalman_em,exact,2023:Q1:pre_advance:exact,2023-04-26,pre_advance,2023:Q1,M,T,4.603696409484537,0.0,0.06079298584638282,19.045879124677676,True,5,0.02
monthly_mixed_frequency_kalman_em,exact,2023:Q1:pre_advance:exact,2023-04-26,pre_advance,2023:Q1,S,A,4.319687938278402,0.0,0.06079298584638282,19.045879124677676,True,5,0.02
monthly_mixed_frequency_kalman_em,exact,2023:Q1:pre_advance:exact,2023-04-26,pre_advance,2023:Q1,S,M,4.477304222894799,0.0,0.06079298584638282,19.045879124677676,True,5,0.02
monthly_mixed_frequency_kalman_em,exact,2023:Q1:pre_advance:exact,2023-04-26,pre_advance,2023:Q1,S,S,4.441059929758004,0.0,0.06079298584638282,19.045879124677676,True,5,0.02
monthly_mixed_frequency_kalman_em,exact,2023:Q1:pre_advance:exact,2023-04-26,pre_advance,2023:Q1,S,T,4.4379001517407,0.0,0.06079298584638282,19.045879124677676,True,5,0.02
monthly_mixed_frequency_kalman_em,exact,2023:Q1:pre_advance:exact,2023-04-26,pre_advance,2023:Q1,T,A,4.302248668132104,0.0,0.06079298584638282,19.045879124677676,True,5,0.02
monthly_mixed_frequency_kalman_em,exact,2023:Q1:pre_advance:exact,2023-04-26,pre_advance,2023:Q1,T,M,4.603696409484537,0.0,0.06079298584638282,19.045879124677676,True,5,0.02
monthly_mixed_frequency_kalman_em,exact,2023:Q1:pre_advance:exact,2023-04-26,pre_advance,2023:Q1,T,S,4.4379001517407,0.0,0.06079298584638282,19.045879124677676,True,5,0.02
monthly_mixed_frequency_kalman_em,exact,2023:Q1:pre_advance:exact,2023-04-26,pre_advance,2023:Q1,T,T,4.579443663464689,0.0,0.06079298584638282,19.045879124677676,True,5,0.02
revision_dfm_kalman_em,exact,2023:Q1:pre_advance:exact,2023-04-26,pre_advance,2023:Q1,A,A,3.013831734377885,0.0,0.06614875267844882,15.04110801545464,True,5,0.02
revision_dfm_kalman_em,exact,2023:Q1:pre_advance:exact,2023-04-26,pre_advance,2023:Q1,A,M,3.1403754945349225,0.0,0.06614875267844882,15.04110801545464,True,5,0.02
revision_dfm_kalman_em,exact,2023:Q1:pre_advance:exact,2023-04-26,pre_advance,2023:Q1,A,S,3.1267285547787305,0.0,0.06614875267844882,15.04110801545464,True,5,0.02
revision_dfm_kalman_em,exact,2023:Q1:pre_advance:exact,2023-04-26,pre_advance,2023:Q1,A,T,3.134916718632446,0.0,0.06614875267844882,15.04110801545464,True,5,0.02
revision_dfm_kalman_em,exact,2023:Q1:pre_advance:exact,2023-04-26,pre_advance,2023:Q1,M,A,3.1403754945349225,0.0,0.06614875267844882,15.04110801545464,True,5,0.02
revision_dfm_kalman_em,exact,2023:Q1:pre_advance:exact,2023-04-26,pre_advance,2023:Q1,M,M,7.705277870934024,0.0,0.06614875267844882,15.04110801545464,True,5,0.02
revision_dfm_kalman_em,exact,2023:Q1:pre_advance:exact,2023-04-26,pre_advance,2023:Q1,M,S,3.63163376542115,0.0,0.06614875267844882,15.04110801545464,True,5,0.02
revision_dfm_kalman_em,exact,2023:Q1:pre_advance:exact,2023-04-26,pre_advance,2023:Q1,M,T,3.6471471845017676,0.0,0.06614875267844882,15.04110801545464,True,5,0.02
revision_dfm_kalman_em,exact,2023:Q1:pre_advance:exact,2023-04-26,pre_advance,2023:Q1,S,A,3.1267285547787305,0.0,0.06614875267844882,15.04110801545464,True,5,0.02
revision_dfm_kalman_em,exact,2023:Q1:pre_advance:exact,2023-04-26,pre_advance,2023:Q1,S,M,3.63163376542115,0.0,0.06614875267844882,15.04110801545464,True,5,0.02
revision_dfm_kalman_em,exact,2023:Q1:pre_advance:exact,2023-04-26,pre_advance,2023:Q1,S,S,3.6329283292184833,0.0,0.06614875267844882,15.04110801545464,True,5,0.02
revision_dfm_kalman_em,exact,2023:Q1:pre_advance:exact,2023-04-26,pre_advance,2023:Q1,S,T,3.621535661208301,0.0,0.06614875267844882,15.04110801545464,True,5,0.02
revision_dfm_kalman_em,exact,2023:Q1:pre_advance:exact,2023-04-26,pre_advance,2023:Q1,T,A,3.134916718632446,0.0,0.06614875267844882,15.04110801545464,True,5,0.02
revision_dfm_kalman_em,exact,2023:Q1:pre_advance:exact,2023-04-26,pre_advance,2023:Q1,T,M,3.6471471845017676,0.0,0.06614875267844882,15.04110801545464,True,5,0.02
revision_dfm_kalman_em,exact,2023:Q1:pre_advance:exact,2023-04-26,pre_advance,2023:Q1,T,S,3.621535661208301,0.0,0.06614875267844882,15.04110801545464,True,5,0.02
revision_dfm_kalman_em,exact,2023:Q1:pre_advance:exact,2023-04-26,pre_advance,2023:Q1,T,T,3.7515484549965463,0.0,0.06614875267844882,15.04110801545464,True,5,0.02
indicator_revision_only_dfm_kalman_em,pseudo,2023:Q1:pre_advance:pseudo,2023-04-30,pre_advance,2023:Q1,A,A,4.071000032816929,0.0,0.06579737132729503,16.064258882300262,True,5,0.02
indicator_revision_only_dfm_kalman_em,pseudo,2023:Q1:pre_advance:pseudo,2023-04-30,pre_advance,2023:Q1,A,M,3.6743089645527456,0.0,0.06579737132729503,16.064258882300262,True,5,0.02
indicator_revision_only_dfm_kalman_em,pseudo,2023:Q1:pre_advance:pseudo,2023-04-30,pre_advance,2023:Q1,A,S,3.6743089645527456,0.0,0.06579737132729503,16.064258882300262,True,5,0.02
indicator_revision_only_dfm_kalman_em,pseudo,2023:Q1:pre_advance:pseudo,2023-04-30,pre_advance,2023:Q1,A,T,3.6743089645527456,0.0,0.06579737132729503,16.064258882300262,True,5,0.02
indicator_revision_only_dfm_kalman_em,pseudo,2023:Q1:pre_advance:pseudo,2023-04-30,pre_advance,2023:Q1,M,A,3.6743089645527456,0.0,0.06579737132729503,16.064258882300262,True,5,0.02
indicator_revision_only_dfm_kalman_em,pseudo,2023:Q1:pre_advance:pseudo,2023-04-30,pre_advance,2023:Q1,M,M,7.7304420641189475,0.0,0.06579737132729503,16.064258882300262,True,5,0.02
indicator_revision_only_dfm_kalman_em,pseudo,2023:Q1:pre_advance:pseudo,2023-04-30,pre_advance,2023:Q1,M,S,3.6743089645527456,0.0,0.06579737132729503,16.064258882300262,True,5,0.02
indicator_revision_only_dfm_kalman_em,pseudo,2023:Q1:pre_advance:pseudo,2023-04-30,pre_advance,2023:Q1,M,T,3.6743089645527456,0.0,0.06579737132729503,16.064258882300262,True,5,0.02
indicator_revision_only_dfm_kalman_em,pseudo,2023:Q1:pre_advance:pseudo,2023-04-30,pre_advance,2023:Q1,S,A,3.6743089645527456,0.0,0.06579737132729503,16.064258882300262,True,5,0.02
indicator_revision_only_dfm_kalman_em,pseudo,2023:Q1:pre_advance:pseudo,2023-04-30,pre_advance,2023:Q1,S,M,3.6743089645527456,0.0,0.06579737132729503,16.064258882300262,True,5,0.02
indicator_revision_only_dfm_kalman_em,pseudo,2023:Q1:pre_advance:pseudo,2023-04-30,pre_advance,2023:Q1,S,S,3.689418003506948,0.0,0.06579737132729503,16.064258882300262,True,5,0.02
indicator_revision_only_dfm_kalman_em,pseudo,2023:Q1:pre_advance:pseudo,2023-04-30,pre_advance,2023:Q1,S,T,3.6743089645527456,0.0,0.06579737132729503,16.064258882300262,True,5,0.02
indicator_revision_only_dfm_kalman_em,pseudo,2023:Q1:pre_advance:pseudo,2023-04-30,pre_advance,2023:Q1,T,A,3.6743089645527456,0.0,0.06579737132729503,16.064258882300262,True,5,0.02
indicator_revision_only_dfm_kalman_em,pseudo,2023:Q1:pre_advance:pseudo,2023-04-30,pre_advance,2023:Q1,T,M,3.6743089645527456,0.0,0.06579737132729503,16.064258882300262,True,5,0.02
indicator_revision_only_dfm_kalman_em,pseudo,2023:Q1:pre_advance:pseudo,2023-04-30,pre_advance,2023:Q1,T,S,3.6743089645527456,0.0,0.06579737132729503,16.064258882300262,True,5,0.02
indicator_revision_only_dfm_kalman_em,pseudo,2023:Q1:pre_advance:pseudo,2023-04-30,pre_advance,2023:Q1,T,T,3.8018975830204313,0.0,0.06579737132729503,16.064258882300262,True,5,0.02
joint_indicator_revision_dfm_full_kalman_em,pseudo,2023:Q1:pre_advance:pseudo,2023-04-30,pre_advance,2023:Q1,A,A,3.1256516240198424,8.881784197001252e-16,0.0639431886045902,16.310199818191254,True,5,0.02
joint_indicator_revision_dfm_full_kalman_em,pseudo,2023:Q1:pre_advance:pseudo,2023-04-30,pre_advance,2023:Q1,A,M,3.3960823432785148,8.881784197001252e-16,0.0639431886045902,16.310199818191254,True,5,0.02
joint_indicator_revision_dfm_full_kalman_em,pseudo,2023:Q1:pre_advance:pseudo,2023-04-30,pre_advance,2023:Q1,A,S,3.3746022233980066,8.881784197001252e-16,0.0639431886045902,16.310199818191254,True,5,0.02
joint_indicator_revision_dfm_full_kalman_em,pseudo,2023:Q1:pre_advance:pseudo,2023-04-30,pre_advance,2023:Q1,A,T,3.387490295326311,8.881784197001252e-16,0.0639431886045902,16.310199818191254,True,5,0.02
joint_indicator_revision_dfm_full_kalman_em,pseudo,2023:Q1:pre_advance:pseudo,2023-04-30,pre_advance,2023:Q1,M,A,3.3960823432785148,8.881784197001252e-16,0.0639431886045902,16.310199818191254,True,5,0.02
joint_indicator_revision_dfm_full_kalman_em,pseudo,2023:Q1:pre_advance:pseudo,2023-04-30,pre_advance,2023:Q1,M,M,8.102484836178377,8.881784197001252e-16,0.0639431886045902,16.310199818191254,True,5,0.02
joint_indicator_revision_dfm_full_kalman_em,pseudo,2023:Q1:pre_advance:pseudo,2023-04-30,pre_advance,2023:Q1,M,S,4.007344798020239,8.881784197001252e-16,0.0639431886045902,16.310199818191254,True,5,0.02
joint_indicator_revision_dfm_full_kalman_em,pseudo,2023:Q1:pre_advance:pseudo,2023-04-30,pre_advance,2023:Q1,M,T,4.02664782290682,8.881784197001252e-16,0.0639431886045902,16.310199818191254,True,5,0.02
joint_indicator_revision_dfm_full_kalman_em,pseudo,2023:Q1:pre_advance:pseudo,2023-04-30,pre_advance,2023:Q1,S,A,3.3746022233980066,8.881784197001252e-16,0.0639431886045902,16.310199818191254,True,5,0.02
joint_indicator_revision_dfm_full_kalman_em,pseudo,2023:Q1:pre_advance:pseudo,2023-04-30,pre_advance,2023:Q1,S,M,4.007344798020239,8.881784197001252e-16,0.0639431886045902,16.310199818191254,True,5,0.02
joint_indicator_revision_dfm_full_kalman_em,pseudo,2023:Q1:pre_advance:pseudo,2023-04-30,pre_advance,2023:Q1,S,S,3.995243203135118,8.881784197001252e-16,0.0639431886045902,16.310199818191254,True,5,0.02
joint_indicator_revision_dfm_full_kalman_em,pseudo,2023:Q1:pre_advance:pseudo,2023-04-30,pre_advance,2023:Q1,S,T,3.994689946527794,8.881784197001252e-16,0.0639431886045902,16.310199818191254,True,5,0.02
joint_indicator_revision_dfm_full_kalman_em,pseudo,2023:Q1:pre_advance:pseudo,2023-04-30,pre_advance,2023:Q1,T,A,3.387490295326312,8.881784197001252e-16,0.0639431886045902,16.310199818191254,True,5,0.02
joint_indicator_revision_dfm_full_kalman_em,pseudo,2023:Q1:pre_advance:pseudo,2023-04-30,pre_advance,2023:Q1,T,M,4.02664782290682,8.881784197001252e-16,0.0639431886045902,16.310199818191254,True,5,0.02
joint_indicator_revision_dfm_full_kalman_em,pseudo,2023:Q1:pre_advance:pseudo,2023-04-30,pre_advance,2023:Q1,T,S,3.994689946527794,8.881784197001252e-16,0.0639431886045902,16.310199818191254,True,5,0.02
joint_indicator_revision_dfm_full_kalman_em,pseudo,2023:Q1:pre_advance:pseudo,2023-04-30,pre_advance,2023:Q1,T,T,4.134302776289377,8.881784197001252e-16,0.0639431886045902,16.310199818191254,True,5,0.02
monthly_mixed_frequency_kalman_em,pseudo,2023:Q1:pre_advance:pseudo,2023-04-30,pre_advance,2023:Q1,A,A,4.56972071804468,0.0,0.06079305375872911,19.045459804393182,True,5,0.02
monthly_mixed_frequency_kalman_em,pseudo,2023:Q1:pre_advance:pseudo,2023-04-30,pre_advance,2023:Q1,A,M,4.28760777378106,0.0,0.06079305375872911,19.045459804393182,True,5,0.02
monthly_mixed_frequency_kalman_em,pseudo,2023:Q1:pre_advance:pseudo,2023-04-30,pre_advance,2023:Q1,A,S,4.319575375764099,0.0,0.06079305375872911,19.045459804393182,True,5,0.02
monthly_mixed_frequency_kalman_em,pseudo,2023:Q1:pre_advance:pseudo,2023-04-30,pre_advance,2023:Q1,A,T,4.302138501955168,0.0,0.06079305375872911,19.045459804393182,True,5,0.02
monthly_mixed_frequency_kalman_em,pseudo,2023:Q1:pre_advance:pseudo,2023-04-30,pre_advance,2023:Q1,M,A,4.28760777378106,0.0,0.06079305375872911,19.045459804393182,True,5,0.02
monthly_mixed_frequency_kalman_em,pseudo,2023:Q1:pre_advance:pseudo,2023-04-30,pre_advance,2023:Q1,M,M,8.786078044537703,0.0,0.06079305375872911,19.045459804393182,True,5,0.02
monthly_mixed_frequency_kalman_em,pseudo,2023:Q1:pre_advance:pseudo,2023-04-30,pre_advance,2023:Q1,M,S,4.477200195399176,0.0,0.06079305375872911,19.045459804393182,True,5,0.02
monthly_mixed_frequency_kalman_em,pseudo,2023:Q1:pre_advance:pseudo,2023-04-30,pre_advance,2023:Q1,M,T,4.6035951431445845,0.0,0.06079305375872911,19.045459804393182,True,5,0.02
monthly_mixed_frequency_kalman_em,pseudo,2023:Q1:pre_advance:pseudo,2023-04-30,pre_advance,2023:Q1,S,A,4.319575375764099,0.0,0.06079305375872911,19.045459804393182,True,5,0.02
monthly_mixed_frequency_kalman_em,pseudo,2023:Q1:pre_advance:pseudo,2023-04-30,pre_advance,2023:Q1,S,M,4.477200195399176,0.0,0.06079305375872911,19.045459804393182,True,5,0.02
monthly_mixed_frequency_kalman_em,pseudo,2023:Q1:pre_advance:pseudo,2023-04-30,pre_advance,2023:Q1,S,S,4.440951522275423,0.0,0.06079305375872911,19.045459804393182,True,5,0.02
monthly_mixed_frequency_kalman_em,pseudo,2023:Q1:pre_advance:pseudo,2023-04-30,pre_advance,2023:Q1,S,T,4.437793990490406,0.0,0.06079305375872911,19.045459804393182,True,5,0.02
monthly_mixed_frequency_kalman_em,pseudo,2023:Q1:pre_advance:pseudo,2023-04-30,pre_advance,2023:Q1,T,A,4.302138501955168,0.0,0.06079305375872911,19.045459804393182,True,5,0.02
monthly_mixed_frequency_kalman_em,pseudo,2023:Q1:pre_advance:pseudo,2023-04-30,pre_advance,2023:Q1,T,M,4.6035951431445845,0.0,0.06079305375872911,19.045459804393182,True,5,0.02
monthly_mixed_frequency_kalman_em,pseudo,2023:Q1:pre_advance:pseudo,2023-04-30,pre_advance,2023:Q1,T,S,4.437793990490406,0.0,0.06079305375872911,19.045459804393182,True,5,0.02
monthly_mixed_frequency_kalman_em,pseudo,2023:Q1:pre_advance:pseudo,2023-04-30,pre_advance,2023:Q1,T,T,4.579340035511766,0.0,0.06079305375872911,19.045459804393182,True,5,0.02
revision_dfm_kalman_em,pseudo,2023:Q1:pre_advance:pseudo,2023-04-30,pre_advance,2023:Q1,A,A,3.0138102783296556,0.0,0.06614875693375111,15.041028291981533,True,5,0.02
revision_dfm_kalman_em,pseudo,2023:Q1:pre_advance:pseudo,2023-04-30,pre_advance,2023:Q1,A,M,3.140354551059357,0.0,0.06614875693375111,15.041028291981533,True,5,0.02
revision_dfm_kalman_em,pseudo,2023:Q1:pre_advance:pseudo,2023-04-30,pre_advance,2023:Q1,A,S,3.126707561932613,0.0,0.06614875693375111,15.041028291981533,True,5,0.02
revision_dfm_kalman_em,pseudo,2023:Q1:pre_advance:pseudo,2023-04-30,pre_advance,2023:Q1,A,T,3.1348957554086594,0.0,0.06614875693375111,15.041028291981533,True,5,0.02
revision_dfm_kalman_em,pseudo,2023:Q1:pre_advance:pseudo,2023-04-30,pre_advance,2023:Q1,M,A,3.140354551059357,0.0,0.06614875693375111,15.041028291981533,True,5,0.02
revision_dfm_kalman_em,pseudo,2023:Q1:pre_advance:pseudo,2023-04-30,pre_advance,2023:Q1,M,M,7.705257691103103,0.0,0.06614875693375111,15.041028291981533,True,5,0.02
revision_dfm_kalman_em,pseudo,2023:Q1:pre_advance:pseudo,2023-04-30,pre_advance,2023:Q1,M,S,3.631613512924046,0.0,0.06614875693375111,15.041028291981533,True,5,0.02
revision_dfm_kalman_em,pseudo,2023:Q1:pre_advance:pseudo,2023-04-30,pre_advance,2023:Q1,M,T,3.6471269538250364,0.0,0.06614875693375111,15.041028291981533,True,5,0.02
revision_dfm_kalman_em,pseudo,2023:Q1:pre_advance:pseudo,2023-04-30,pre_advance,2023:Q1,S,A,3.126707561932613,0.0,0.06614875693375111,15.041028291981533,True,5,0.02
revision_dfm_kalman_em,pseudo,2023:Q1:pre_advance:pseudo,2023-04-30,pre_advance,2023:Q1,S,M,3.631613512924046,0.0,0.06614875693375111,15.041028291981533,True,5,0.02
revision_dfm_kalman_em,pseudo,2023:Q1:pre_advance:pseudo,2023-04-30,pre_advance,2023:Q1,S,S,3.6329080261215174,0.0,0.06614875693375111,15.041028291981533,True,5,0.02
revision_dfm_kalman_em,pseudo,2023:Q1:pre_advance:pseudo,2023-04-30,pre_advance,2023:Q1,S,T,3.6215153939042177,0.0,0.06614875693375111,15.041028291981533,True,5,0.02
revision_dfm_kalman_em,pseudo,2023:Q1:pre_advance:pseudo,2023-04-30,pre_advance,2023:Q1,T,A,3.1348957554086594,0.0,0.06614875693375111,15.041028291981533,True,5,0.02
revision_dfm_kalman_em,pseudo,2023:Q1:pre_advance:pseudo,2023-04-30,pre_advance,2023:Q1,T,M,3.6471269538250364,0.0,0.06614875693375111,15.041028291981533,True,5,0.02
revision_dfm_kalman_em,pseudo,2023:Q1:pre_advance:pseudo,2023-04-30,pre_advance,2023:Q1,T,S,3.6215153939042177,0.0,0.06614875693375111,15.041028291981533,True,5,0.02
revision_dfm_kalman_em,pseudo,2023:Q1:pre_advance:pseudo,2023-04-30,pre_advance,2023:Q1,T,T,3.75152823128572,0.0,0.06614875693375111,15.041028291981533,True,5,0.02
indicator_revision_only_dfm_kalman_em,exact,2023:Q1:pre_second:exact,2023-05-24,pre_second,2023:Q1,A,A,0.754288048839125,0.0,0.062065446905601146,4.531223576697889,True,5,0.02
indicator_revision_only_dfm_kalman_em,exact,2023:Q1:pre_second:exact,2023-05-24,pre_second,2023:Q1,A,M,0.3577516595713916,0.0,0.062065446905601146,4.531223576697889,True,5,0.02
indicator_revision_only_dfm_kalman_em,exact,2023:Q1:pre_second:exact,2023-05-24,pre_second,2023:Q1,A,S,0.3577516595713916,0.0,0.062065446905601146,4.531223576697889,True,5,0.02
indicator_revision_only_dfm_kalman_em,exact,2023:Q1:pre_second:exact,2023-05-24,pre_second,2023:Q1,A,T,0.3577516595713916,0.0,0.062065446905601146,4.531223576697889,True,5,0.02
indicator_revision_only_dfm_kalman_em,exact,2023:Q1:pre_second:exact,2023-05-24,pre_second,2023:Q1,M,A,0.3577516595713916,0.0,0.062065446905601146,4.531223576697889,True,5,0.02
indicator_revision_only_dfm_kalman_em,exact,2023:Q1:pre_second:exact,2023-05-24,pre_second,2023:Q1,M,M,4.413885140915902,0.0,0.062065446905601146,4.531223576697889,True,5,0.02
indicator_revision_only_dfm_kalman_em,exact,2023:Q1:pre_second:exact,2023-05-24,pre_second,2023:Q1,M,S,0.3577516595713916,0.0,0.062065446905601146,4.531223576697889,True,5,0.02
indicator_revision_only_dfm_kalman_em,exact,2023:Q1:pre_second:exact,2023-05-24,pre_second,2023:Q1,M,T,0.3577516595713916,0.0,0.062065446905601146,4.531223576697889,True,5,0.02
indicator_revision_only_dfm_kalman_em,exact,2023:Q1:pre_second:exact,2023-05-24,pre_second,2023:Q1,S,A,0.3577516595713916,0.0,0.062065446905601146,4.531223576697889,True,5,0.02
indicator_revision_only_dfm_kalman_em,exact,2023:Q1:pre_second:exact,2023-05-24,pre_second,2023:Q1,S,M,0.3577516595713916,0.0,0.062065446905601146,4.531223576697889,True,5,0.02
indicator_revision_only_dfm_kalman_em,exact,2023:Q1:pre_second:exact,2023-05-24,pre_second,2023:Q1,S,S,0.3728541789661593,0.0,0.062065446905601146,4.531223576697889,True,5,0.02
indicator_revision_only_dfm_kalman_em,exact,2023:Q1:pre_second:exact,2023-05-24,pre_second,2023:Q1,S,T,0.3577516595713916,0.0,0.062065446905601146,4.531223576697889,True,5,0.02
indicator_revision_only_dfm_kalman_em,exact,2023:Q1:pre_second:exact,2023-05-24,pre_second,2023:Q1,T,A,0.3577516595713916,0.0,0.062065446905601146,4.531223576697889,True,5,0.02
indicator_revision_only_dfm_kalman_em,exact,2023:Q1:pre_second:exact,2023-05-24,pre_second,2023:Q1,T,M,0.3577516595713916,0.0,0.062065446905601146,4.531223576697889,True,5,0.02
indicator_revision_only_dfm_kalman_em,exact,2023:Q1:pre_second:exact,2023-05-24,pre_second,2023:Q1,T,S,0.3577516595713916,0.0,0.062065446905601146,4.531223576697889,True,5,0.02
indicator_revision_only_dfm_kalman_em,exact,2023:Q1:pre_second:exact,2023-05-24,pre_second,2023:Q1,T,T,0.4853565441165355,0.0,0.062065446905601146,4.531223576697889,True,5,0.02
joint_indicator_revision_dfm_full_kalman_em,exact,2023:Q1:pre_second:exact,2023-05-24,pre_second,2023:Q1,A,A,0.34800590369001955,5.551115123125783e-17,0.0624213829588241,4.491443609867441,True,5,0.02
joint_indicator_revision_dfm_full_kalman_em,exact,2023:Q1:pre_second:exact,2023-05-24,pre_second,2023:Q1,A,M,0.1947958718330615,5.551115123125783e-17,0.0624213829588241,4.491443609867441,True,5,0.02
joint_indicator_revision_dfm_full_kalman_em,exact,2023:Q1:pre_second:exact,2023-05-24,pre_second,2023:Q1,A,S,0.1934937674402029,5.551115123125783e-17,0.0624213829588241,4.491443609867441,True,5,0.02
joint_indicator_revision_dfm_full_kalman_em,exact,2023:Q1:pre_second:exact,2023-05-24,pre_second,2023:Q1,A,T,0.19427503007591806,5.551115123125783e-17,0.0624213829588241,4.491443609867441,True,5,0.02
joint_indicator_revision_dfm_full_kalman_em,exact,2023:Q1:pre_second:exact,2023-05-24,pre_second,2023:Q1,M,A,0.1947958718330615,5.551115123125783e-17,0.0624213829588241,4.491443609867441,True,5,0.02
joint_indicator_revision_dfm_full_kalman_em,exact,2023:Q1:pre_second:exact,2023-05-24,pre_second,2023:Q1,M,M,4.414993256085196,5.551115123125783e-17,0.0624213829588241,4.491443609867441,True,5,0.02
joint_indicator_revision_dfm_full_kalman_em,exact,2023:Q1:pre_second:exact,2023-05-24,pre_second,2023:Q1,M,S,0.34247234453654374,5.551115123125783e-17,0.0624213829588241,4.491443609867441,True,5,0.02
joint_indicator_revision_dfm_full_kalman_em,exact,2023:Q1:pre_second:exact,2023-05-24,pre_second,2023:Q1,M,T,0.34713581209560107,5.551115123125783e-17,0.0624213829588241,4.491443609867441,True,5,0.02
joint_indicator_revision_dfm_full_kalman_em,exact,2023:Q1:pre_second:exact,2023-05-24,pre_second,2023:Q1,S,A,0.1934937674402029,5.551115123125783e-17,0.0624213829588241,4.491443609867441,True,5,0.02
joint_indicator_revision_dfm_full_kalman_em,exact,2023:Q1:pre_second:exact,2023-05-24,pre_second,2023:Q1,S,M,0.34247234453654374,5.551115123125783e-17,0.0624213829588241,4.491443609867441,True,5,0.02
joint_indicator_revision_dfm_full_kalman_em,exact,2023:Q1:pre_second:exact,2023-05-24,pre_second,2023:Q1,S,S,0.3535301987992991,5.551115123125783e-17,0.0624213829588241,4.491443609867441,True,5,0.02
joint_indicator_revision_dfm_full_kalman_em,exact,2023:Q1:pre_second:exact,2023-05-24,pre_second,2023:Q1,S,T,0.3394927729946169,5.551115123125783e-17,0.0624213829588241,4.491443609867441,True,5,0.02
joint_indicator_revision_dfm_full_kalman_em,exact,2023:Q1:pre_second:exact,2023-05-24,pre_second,2023:Q1,T,A,0.19427503007591806,5.551115123125783e-17,0.0624213829588241,4.491443609867441,True,5,0.02
joint_indicator_revision_dfm_full_kalman_em,exact,2023:Q1:pre_second:exact,2023-05-24,pre_second,2023:Q1,T,M,0.34713581209560107,5.551115123125783e-17,0.0624213829588241,4.491443609867441,True,5,0.02
joint_indicator_revision_dfm_full_kalman_em,exact,2023:Q1:pre_second:exact,2023-05-24,pre_second,2023:Q1,T,S,0.33949277299461694,5.551115123125783e-17,0.0624213829588241,4.491443609867441,True,5,0.02
joint_indicator_revision_dfm_full_kalman_em,exact,2023:Q1:pre_second:exact,2023-05-24,pre_second,2023:Q1,T,T,0.4654898210468899,5.551115123125783e-17,0.0624213829588241,4.491443609867441,True,5,0.02
monthly_mixed_frequency_kalman_em,exact,2023:Q1:pre_second:exact,2023-05-24,pre_second,2023:Q1,A,A,0.43653160130569924,0.0,0.05805571584017618,4.901184582442516,True,5,0.02
monthly_mixed_frequency_kalman_em,exact,2023:Q1:pre_second:exact,2023-05-24,pre_second,2023:Q1,A,M,0.20988010326971787,0.0,0.05805571584017618,4.901184582442516,True,5,0.02
monthly_mixed_frequency_kalman_em,exact,2023:Q1:pre_second:exact,2023-05-24,pre_second,2023:Q1,A,S,0.2114558709990651,0.0,0.05805571584017618,4.901184582442516,True,5,0.02
monthly_mixed_frequency_kalman_em,exact,2023:Q1:pre_second:exact,2023-05-24,pre_second,2023:Q1,A,T,0.21059636132851206,0.0,0.05805571584017618,4.901184582442516,True,5,0.02
monthly_mixed_frequency_kalman_em,exact,2023:Q1:pre_second:exact,2023-05-24,pre_second,2023:Q1,M,A,0.20988010326971787,0.0,0.05805571584017618,4.901184582442516,True,5,0.02
monthly_mixed_frequency_kalman_em,exact,2023:Q1:pre_second:exact,2023-05-24,pre_second,2023:Q1,M,M,4.762957528334707,0.0,0.05805571584017618,4.901184582442516,True,5,0.02
monthly_mixed_frequency_kalman_em,exact,2023:Q1:pre_second:exact,2023-05-24,pre_second,2023:Q1,M,S,0.42403096332775086,0.0,0.05805571584017618,4.901184582442516,True,5,0.02
monthly_mixed_frequency_kalman_em,exact,2023:Q1:pre_second:exact,2023-05-24,pre_second,2023:Q1,M,T,0.5667982033664396,0.0,0.05805571584017618,4.901184582442516,True,5,0.02
monthly_mixed_frequency_kalman_em,exact,2023:Q1:pre_second:exact,2023-05-24,pre_second,2023:Q1,S,A,0.2114558709990651,0.0,0.05805571584017618,4.901184582442516,True,5,0.02
monthly_mixed_frequency_kalman_em,exact,2023:Q1:pre_second:exact,2023-05-24,pre_second,2023:Q1,S,M,0.42403096332775086,0.0,0.05805571584017618,4.901184582442516,True,5,0.02
monthly_mixed_frequency_kalman_em,exact,2023:Q1:pre_second:exact,2023-05-24,pre_second,2023:Q1,S,S,0.35757114357673675,0.0,0.05805571584017618,4.901184582442516,True,5,0.02
monthly_mixed_frequency_kalman_em,exact,2023:Q1:pre_second:exact,2023-05-24,pre_second,2023:Q1,S,T,0.3708871902455794,0.0,0.05805571584017618,4.901184582442516,True,5,0.02
monthly_mixed_frequency_kalman_em,exact,2023:Q1:pre_second:exact,2023-05-24,pre_second,2023:Q1,T,A,0.21059636132851206,0.0,0.05805571584017618,4.901184582442516,True,5,0.02
monthly_mixed_frequency_kalman_em,exact,2023:Q1:pre_second:exact,2023-05-24,pre_second,2023:Q1,T,M,0.5667982033664396,0.0,0.05805571584017618,4.901184582442516,True,5,0.02
monthly_mixed_frequency_kalman_em,exact,2023:Q1:pre_second:exact,2023-05-24,pre_second,2023:Q1,T,S,0.3708871902455794,0.0,0.05805571584017618,4.901184582442516,True,5,0.02
monthly_mixed_frequency_kalman_em,exact,2023:Q1:pre_second:exact,2023-05-24,pre_second,2023:Q1,T,T,0.5288968803650633,0.0,0.05805571584017618,4.901184582442516,True,5,0.02
revision_dfm_kalman_em,exact,2023:Q1:pre_second:exact,2023-05-24,pre_second,2023:Q1,A,A,0.28269548708785547,5.551115123125783e-17,0.06631560418318116,4.506746085356626,True,5,0.02
revision_dfm_kalman_em,exact,2023:Q1:pre_second:exact,2023-05-24,pre_second,2023:Q1,A,M,0.15036402426149106,5.551115123125783e-17,0.06631560418318116,4.506746085356626,True,5,0.02
revision_dfm_kalman_em,exact,2023:Q1:pre_second:exact,2023-05-24,pre_second,2023:Q1,A,S,0.14973941243826966,5.551115123125783e-17,0.06631560418318116,4.506746085356626,True,5,0.02
revision_dfm_kalman_em,exact,2023:Q1:pre_second:exact,2023-05-24,pre_second,2023:Q1,A,T,0.1501141795322025,5.551115123125783e-17,0.06631560418318116,4.506746085356626,True,5,0.02
revision_dfm_kalman_em,exact,2023:Q1:pre_second:exact,2023-05-24,pre_second,2023:Q1,M,A,0.15036402426149106,5.551115123125783e-17,0.06631560418318116,4.506746085356626,True,5,0.02
revision_dfm_kalman_em,exact,2023:Q1:pre_second:exact,2023-05-24,pre_second,2023:Q1,M,M,4.4237827540107375,5.551115123125783e-17,0.06631560418318116,4.506746085356626,True,5,0.02
revision_dfm_kalman_em,exact,2023:Q1:pre_second:exact,2023-05-24,pre_second,2023:Q1,M,S,0.36975525827320216,5.551115123125783e-17,0.06631560418318116,4.506746085356626,True,5,0.02
revision_dfm_kalman_em,exact,2023:Q1:pre_second:exact,2023-05-24,pre_second,2023:Q1,M,T,0.3766834025051509,5.551115123125783e-17,0.06631560418318116,4.506746085356626,True,5,0.02
revision_dfm_kalman_em,exact,2023:Q1:pre_second:exact,2023-05-24,pre_second,2023:Q1,S,A,0.1497394124382697,5.551115123125783e-17,0.06631560418318116,4.506746085356626,True,5,0.02
revision_dfm_kalman_em,exact,2023:Q1:pre_second:exact,2023-05-24,pre_second,2023:Q1,S,M,0.36975525827320216,5.551115123125783e-17,0.06631560418318116,4.506746085356626,True,5,0.02
revision_dfm_kalman_em,exact,2023:Q1:pre_second:exact,2023-05-24,pre_second,2023:Q1,S,S,0.3878117243706901,5.551115123125783e-17,0.06631560418318116,4.506746085356626,True,5,0.02
revision_dfm_kalman_em,exact,2023:Q1:pre_second:exact,2023-05-24,pre_second,2023:Q1,S,T,0.36535494135650354,5.551115123125783e-17,0.06631560418318116,4.506746085356626,True,5,0.02
revision_dfm_kalman_em,exact,2023:Q1:pre_second:exact,2023-05-24,pre_second,2023:Q1,T,A,0.1501141795322025,5.551115123125783e-17,0.06631560418318116,4.506746085356626,True,5,0.02
revision_dfm_kalman_em,exact,2023:Q1:pre_second:exact,2023-05-24,pre_second,2023:Q1,T,M,0.3766834025051509,5.551115123125783e-17,0.06631560418318116,4.506746085356626,True,5,0.02
revision_dfm_kalman_em,exact,2023:Q1:pre_second:exact,2023-05-24,pre_second,2023:Q1,T,S,0.3653549413565035,5.551115123125783e-17,0.06631560418318116,4.506746085356626,True,5,0.02
revision_dfm_kalman_em,exact,2023:Q1:pre_second:exact,2023-05-24,pre_second,2023:Q1,T,T,0.48480527479021496,5.551115123125783e-17,0.06631560418318116,4.506746085356626,True,5,0.02
indicator_revision_only_dfm_kalman_em,pseudo,2023:Q1:pre_second:pseudo,2023-05-31,pre_second,2023:Q1,A,A,0.7542712601571152,0.0,0.0620646642596279,4.531195509218384,True,5,0.02
indicator_revision_only_dfm_kalman_em,pseudo,2023:Q1:pre_second:pseudo,2023-05-31,pre_second,2023:Q1,A,M,0.35773468356259663,0.0,0.0620646642596279,4.531195509218384,True,5,0.02
indicator_revision_only_dfm_kalman_em,pseudo,2023:Q1:pre_second:pseudo,2023-05-31,pre_second,2023:Q1,A,S,0.35773468356259663,0.0,0.0620646642596279,4.531195509218384,True,5,0.02
indicator_revision_only_dfm_kalman_em,pseudo,2023:Q1:pre_second:pseudo,2023-05-31,pre_second,2023:Q1,A,T,0.35773468356259663,0.0,0.0620646642596279,4.531195509218384,True,5,0.02
indicator_revision_only_dfm_kalman_em,pseudo,2023:Q1:pre_second:pseudo,2023-05-31,pre_second,2023:Q1,M,A,0.35773468356259663,0.0,0.0620646642596279,4.531195509218384,True,5,0.02
indicator_revision_only_dfm_kalman_em,pseudo,2023:Q1:pre_second:pseudo,2023-05-31,pre_second,2023:Q1,M,M,4.4138690081993275,0.0,0.0620646642596279,4.531195509218384,True,5,0.02
indicator_revision_only_dfm_kalman_em,pseudo,2023:Q1:pre_second:pseudo,2023-05-31,pre_second,2023:Q1,M,S,0.35773468356259663,0.0,0.0620646642596279,4.531195509218384,True,5,0.02
indicator_revision_only_dfm_kalman_em,pseudo,2023:Q1:pre_second:pseudo,2023-05-31,pre_second,2023:Q1,M,T,0.35773468356259663,0.0,0.0620646642596279,4.531195509218384,True,5,0.02
indicator_revision_only_dfm_kalman_em,pseudo,2023:Q1:pre_second:pseudo,2023-05-31,pre_second,2023:Q1,S,A,0.35773468356259663,0.0,0.0620646642596279,4.531195509218384,True,5,0.02
indicator_revision_only_dfm_kalman_em,pseudo,2023:Q1:pre_second:pseudo,2023-05-31,pre_second,2023:Q1,S,M,0.35773468356259663,0.0,0.0620646642596279,4.531195509218384,True,5,0.02
indicator_revision_only_dfm_kalman_em,pseudo,2023:Q1:pre_second:pseudo,2023-05-31,pre_second,2023:Q1,S,S,0.37283398895295156,0.0,0.0620646642596279,4.531195509218384,True,5,0.02
indicator_revision_only_dfm_kalman_em,pseudo,2023:Q1:pre_second:pseudo,2023-05-31,pre_second,2023:Q1,S,T,0.35773468356259663,0.0,0.0620646642596279,4.531195509218384,True,5,0.02
indicator_revision_only_dfm_kalman_em,pseudo,2023:Q1:pre_second:pseudo,2023-05-31,pre_second,2023:Q1,T,A,0.35773468356259663,0.0,0.0620646642596279,4.531195509218384,True,5,0.02
indicator_revision_only_dfm_kalman_em,pseudo,2023:Q1:pre_second:pseudo,2023-05-31,pre_second,2023:Q1,T,M,0.35773468356259663,0.0,0.0620646642596279,4.531195509218384,True,5,0.02
indicator_revision_only_dfm_kalman_em,pseudo,2023:Q1:pre_second:pseudo,2023-05-31,pre_second,2023:Q1,T,S,0.35773468356259663,0.0,0.0620646642596279,4.531195509218384,True,5,0.02
indicator_revision_only_dfm_kalman_em,pseudo,2023:Q1:pre_second:pseudo,2023-05-31,pre_second,2023:Q1,T,T,0.4853440529900932,0.0,0.0620646642596279,4.531195509218384,True,5,0.02
joint_indicator_revision_dfm_full_kalman_em,pseudo,2023:Q1:pre_second:pseudo,2023-05-31,pre_second,2023:Q1,A,A,0.3509422227006231,2.7755575615628914e-17,0.06240064351204473,4.491853184032031,True,5,0.02
joint_indicator_revision_dfm_full_kalman_em,pseudo,2023:Q1:pre_second:pseudo,2023-05-31,pre_second,2023:Q1,A,M,0.1966538202340849,2.7755575615628914e-17,0.06240064351204473,4.491853184032031,True,5,0.02
joint_indicator_revision_dfm_full_kalman_em,pseudo,2023:Q1:pre_second:pseudo,2023-05-31,pre_second,2023:Q1,A,S,0.1953261272449256,2.7755575615628914e-17,0.06240064351204473,4.491853184032031,True,5,0.02
joint_indicator_revision_dfm_full_kalman_em,pseudo,2023:Q1:pre_second:pseudo,2023-05-31,pre_second,2023:Q1,A,T,0.1961227430384212,2.7755575615628914e-17,0.06240064351204473,4.491853184032031,True,5,0.02
joint_indicator_revision_dfm_full_kalman_em,pseudo,2023:Q1:pre_second:pseudo,2023-05-31,pre_second,2023:Q1,M,A,0.1966538202340849,2.7755575615628914e-17,0.06240064351204473,4.491853184032031,True,5,0.02
joint_indicator_revision_dfm_full_kalman_em,pseudo,2023:Q1:pre_second:pseudo,2023-05-31,pre_second,2023:Q1,M,M,4.415108448776615,2.7755575615628914e-17,0.06240064351204473,4.491853184032031,True,5,0.02
joint_indicator_revision_dfm_full_kalman_em,pseudo,2023:Q1:pre_second:pseudo,2023-05-31,pre_second,2023:Q1,M,S,0.34260449635418994,2.7755575615628914e-17,0.06240064351204473,4.491853184032031,True,5,0.02
joint_indicator_revision_dfm_full_kalman_em,pseudo,2023:Q1:pre_second:pseudo,2023-05-31,pre_second,2023:Q1,M,T,0.3472134650737722,2.7755575615628914e-17,0.06240064351204473,4.491853184032031,True,5,0.02
joint_indicator_revision_dfm_full_kalman_em,pseudo,2023:Q1:pre_second:pseudo,2023-05-31,pre_second,2023:Q1,S,A,0.19532612724492562,2.7755575615628914e-17,0.06240064351204473,4.491853184032031,True,5,0.02
joint_indicator_revision_dfm_full_kalman_em,pseudo,2023:Q1:pre_second:pseudo,2023-05-31,pre_second,2023:Q1,S,M,0.34260449635418994,2.7755575615628914e-17,0.06240064351204473,4.491853184032031,True,5,0.02
joint_indicator_revision_dfm_full_kalman_em,pseudo,2023:Q1:pre_second:pseudo,2023-05-31,pre_second,2023:Q1,S,S,0.35373944161522725,2.7755575615628914e-17,0.06240064351204473,4.491853184032031,True,5,0.02
joint_indicator_revision_dfm_full_kalman_em,pseudo,2023:Q1:pre_second:pseudo,2023-05-31,pre_second,2023:Q1,S,T,0.33965892897200467,2.7755575615628914e-17,0.06240064351204473,4.491853184032031,True,5,0.02
joint_indicator_revision_dfm_full_kalman_em,pseudo,2023:Q1:pre_second:pseudo,2023-05-31,pre_second,2023:Q1,T,A,0.19612274303842123,2.7755575615628914e-17,0.06240064351204473,4.491853184032031,True,5,0.02
joint_indicator_revision_dfm_full_kalman_em,pseudo,2023:Q1:pre_second:pseudo,2023-05-31,pre_second,2023:Q1,T,M,0.3472134650737722,2.7755575615628914e-17,0.06240064351204473,4.491853184032031,True,5,0.02
joint_indicator_revision_dfm_full_kalman_em,pseudo,2023:Q1:pre_second:pseudo,2023-05-31,pre_second,2023:Q1,T,S,0.33965892897200467,2.7755575615628914e-17,0.06240064351204473,4.491853184032031,True,5,0.02
joint_indicator_revision_dfm_full_kalman_em,pseudo,2023:Q1:pre_second:pseudo,2023-05-31,pre_second,2023:Q1,T,T,0.4656082227544893,2.7755575615628914e-17,0.06240064351204473,4.491853184032031,True,5,0.02
monthly_mixed_frequency_kalman_em,pseudo,2023:Q1:pre_second:pseudo,2023-05-31,pre_second,2023:Q1,A,A,0.4365489844145453,0.0,0.058056311275998,4.901130903440304,True,5,0.02
monthly_mixed_frequency_kalman_em,pseudo,2023:Q1:pre_second:pseudo,2023-05-31,pre_second,2023:Q1,A,M,0.20988152028598242,0.0,0.058056311275998,4.901130903440304,True,5,0.02
monthly_mixed_frequency_kalman_em,pseudo,2023:Q1:pre_second:pseudo,2023-05-31,pre_second,2023:Q1,A,S,0.21146147841193194,0.0,0.058056311275998,4.901130903440304,True,5,0.02
monthly_mixed_frequency_kalman_em,pseudo,2023:Q1:pre_second:pseudo,2023-05-31,pre_second,2023:Q1,A,T,0.21059968307050494,0.0,0.058056311275998,4.901130903440304,True,5,0.02
monthly_mixed_frequency_kalman_em,pseudo,2023:Q1:pre_second:pseudo,2023-05-31,pre_second,2023:Q1,M,A,0.20988152028598242,0.0,0.058056311275998,4.901130903440304,True,5,0.02
monthly_mixed_frequency_kalman_em,pseudo,2023:Q1:pre_second:pseudo,2023-05-31,pre_second,2023:Q1,M,M,4.762912861399966,0.0,0.058056311275998,4.901130903440304,True,5,0.02
monthly_mixed_frequency_kalman_em,pseudo,2023:Q1:pre_second:pseudo,2023-05-31,pre_second,2023:Q1,M,S,0.42401597682399683,0.0,0.058056311275998,4.901130903440304,True,5,0.02
monthly_mixed_frequency_kalman_em,pseudo,2023:Q1:pre_second:pseudo,2023-05-31,pre_second,2023:Q1,M,T,0.5667722811826732,0.0,0.058056311275998,4.901130903440304,True,5,0.02
monthly_mixed_frequency_kalman_em,pseudo,2023:Q1:pre_second:pseudo,2023-05-31,pre_second,2023:Q1,S,A,0.21146147841193194,0.0,0.058056311275998,4.901130903440304,True,5,0.02
monthly_mixed_frequency_kalman_em,pseudo,2023:Q1:pre_second:pseudo,2023-05-31,pre_second,2023:Q1,S,M,0.42401597682399683,0.0,0.058056311275998,4.901130903440304,True,5,0.02
monthly_mixed_frequency_kalman_em,pseudo,2023:Q1:pre_second:pseudo,2023-05-31,pre_second,2023:Q1,S,S,0.3575671408335176,0.0,0.058056311275998,4.901130903440304,True,5,0.02
monthly_mixed_frequency_kalman_em,pseudo,2023:Q1:pre_second:pseudo,2023-05-31,pre_second,2023:Q1,S,T,0.3708773522209806,0.0,0.058056311275998,4.901130903440304,True,5,0.02
monthly_mixed_frequency_kalman_em,pseudo,2023:Q1:pre_second:pseudo,2023-05-31,pre_second,2023:Q1,T,A,0.21059968307050494,0.0,0.058056311275998,4.901130903440304,True,5,0.02
monthly_mixed_frequency_kalman_em,pseudo,2023:Q1:pre_second:pseudo,2023-05-31,pre_second,2023:Q1,T,M,0.5667722811826732,0.0,0.058056311275998,4.901130903440304,True,5,0.02
monthly_mixed_frequency_kalman_em,pseudo,2023:Q1:pre_second:pseudo,2023-05-31,pre_second,2023:Q1,T,S,0.3708773522209806,0.0,0.058056311275998,4.901130903440304,True,5,0.02
monthly_mixed_frequency_kalman_em,pseudo,2023:Q1:pre_second:pseudo,2023-05-31,pre_second,2023:Q1,T,T,0.5288801305349601,0.0,0.058056311275998,4.901130903440304,True,5,0.02
revision_dfm_kalman_em,pseudo,2023:Q1:pre_second:pseudo,2023-05-31,pre_second,2023:Q1,A,A,0.2827299622215911,2.7755575615628914e-17,0.06631566229556182,4.506715774433055,True,5,0.02
revision_dfm_kalman_em,pseudo,2023:Q1:pre_second:pseudo,2023-05-31,pre_second,2023:Q1,A,M,0.15036460479533095,2.7755575615628914e-17,0.06631566229556182,4.506715774433055,True,5,0.02
revision_dfm_kalman_em,pseudo,2023:Q1:pre_second:pseudo,2023-05-31,pre_second,2023:Q1,A,S,0.14974101152812438,2.7755575615628914e-17,0.06631566229556182,4.506715774433055,True,5,0.02
revision_dfm_kalman_em,pseudo,2023:Q1:pre_second:pseudo,2023-05-31,pre_second,2023:Q1,A,T,0.15011516748844833,2.7755575615628914e-17,0.06631566229556182,4.506715774433055,True,5,0.02
revision_dfm_kalman_em,pseudo,2023:Q1:pre_second:pseudo,2023-05-31,pre_second,2023:Q1,M,A,0.15036460479533095,2.7755575615628914e-17,0.06631566229556182,4.506715774433055,True,5,0.02
revision_dfm_kalman_em,pseudo,2023:Q1:pre_second:pseudo,2023-05-31,pre_second,2023:Q1,M,M,4.423759190290992,2.7755575615628914e-17,0.06631566229556182,4.506715774433055,True,5,0.02
revision_dfm_kalman_em,pseudo,2023:Q1:pre_second:pseudo,2023-05-31,pre_second,2023:Q1,M,S,0.36973869023493133,2.7755575615628914e-17,0.06631566229556182,4.506715774433055,True,5,0.02
revision_dfm_kalman_em,pseudo,2023:Q1:pre_second:pseudo,2023-05-31,pre_second,2023:Q1,M,T,0.376666292933024,2.7755575615628914e-17,0.06631566229556182,4.506715774433055,True,5,0.02
revision_dfm_kalman_em,pseudo,2023:Q1:pre_second:pseudo,2023-05-31,pre_second,2023:Q1,S,A,0.14974101152812436,2.7755575615628914e-17,0.06631566229556182,4.506715774433055,True,5,0.02
revision_dfm_kalman_em,pseudo,2023:Q1:pre_second:pseudo,2023-05-31,pre_second,2023:Q1,S,M,0.36973869023493133,2.7755575615628914e-17,0.06631566229556182,4.506715774433055,True,5,0.02
revision_dfm_kalman_em,pseudo,2023:Q1:pre_second:pseudo,2023-05-31,pre_second,2023:Q1,S,S,0.3877945481442328,2.7755575615628914e-17,0.06631566229556182,4.506715774433055,True,5,0.02
revision_dfm_kalman_em,pseudo,2023:Q1:pre_second:pseudo,2023-05-31,pre_second,2023:Q1,S,T,0.3653387366607952,2.7755575615628914e-17,0.06631566229556182,4.506715774433055,True,5,0.02
revision_dfm_kalman_em,pseudo,2023:Q1:pre_second:pseudo,2023-05-31,pre_second,2023:Q1,T,A,0.15011516748844833,2.7755575615628914e-17,0.06631566229556182,4.506715774433055,True,5,0.02
revision_dfm_kalman_em,pseudo,2023:Q1:pre_second:pseudo,2023-05-31,pre_second,2023:Q1,T,M,0.376666292933024,2.7755575615628914e-17,0.06631566229556182,4.506715774433055,True,5,0.02
revision_dfm_kalman_em,pseudo,2023:Q1:pre_second:pseudo,2023-05-31,pre_second,2023:Q1,T,S,0.3653387366607952,2.7755575615628914e-17,0.06631566229556182,4.506715774433055,True,5,0.02
revision_dfm_kalman_em,pseudo,2023:Q1:pre_second:pseudo,2023-05-31,pre_second,2023:Q1,T,T,0.48479092715431743,2.7755575615628914e-17,0.06631566229556182,4.506715774433055,True,5,0.02
indicator_revision_only_dfm_kalman_em,exact,2023:Q1:pre_third:exact,2023-06-28,pre_third,2023:Q1,A,A,0.4095758288409236,0.0,0.02726351494869652,4.07079069712076,True,5,0.02
indicator_revision_only_dfm_kalman_em,exact,2023:Q1:pre_third:exact,2023-06-28,pre_third,2023:Q1,A,M,0.014465547769293829,0.0,0.02726351494869652,4.07079069712076,True,5,0.02
indicator_revision_only_dfm_kalman_em,exact,2023:Q1:pre_third:exact,2023-06-28,pre_third,2023:Q1,A,S,0.014465547769293829,0.0,0.02726351494869652,4.07079069712076,True,5,0.02
indicator_revision_only_dfm_kalman_em,exact,2023:Q1:pre_third:exact,2023-06-28,pre_third,2023:Q1,A,T,0.014465547769293829,0.0,0.02726351494869652,4.07079069712076,True,5,0.02
indicator_revision_only_dfm_kalman_em,exact,2023:Q1:pre_third:exact,2023-06-28,pre_third,2023:Q1,M,A,0.014465547769293829,0.0,0.02726351494869652,4.07079069712076,True,5,0.02
indicator_revision_only_dfm_kalman_em,exact,2023:Q1:pre_third:exact,2023-06-28,pre_third,2023:Q1,M,M,4.070627281285304,0.0,0.02726351494869652,4.07079069712076,True,5,0.02
indicator_revision_only_dfm_kalman_em,exact,2023:Q1:pre_third:exact,2023-06-28,pre_third,2023:Q1,M,S,0.014465547769293829,0.0,0.02726351494869652,4.07079069712076,True,5,0.02
indicator_revision_only_dfm_kalman_em,exact,2023:Q1:pre_third:exact,2023-06-28,pre_third,2023:Q1,M,T,0.014465547769293829,0.0,0.02726351494869652,4.07079069712076,True,5,0.02
indicator_revision_only_dfm_kalman_em,exact,2023:Q1:pre_third:exact,2023-06-28,pre_third,2023:Q1,S,A,0.014465547769293829,0.0,0.02726351494869652,4.07079069712076,True,5,0.02
indicator_revision_only_dfm_kalman_em,exact,2023:Q1:pre_third:exact,2023-06-28,pre_third,2023:Q1,S,M,0.014465547769293829,0.0,0.02726351494869652,4.07079069712076,True,5,0.02
indicator_revision_only_dfm_kalman_em,exact,2023:Q1:pre_third:exact,2023-06-28,pre_third,2023:Q1,S,S,0.02954276593946793,0.0,0.02726351494869652,4.07079069712076,True,5,0.02
indicator_revision_only_dfm_kalman_em,exact,2023:Q1:pre_third:exact,2023-06-28,pre_third,2023:Q1,S,T,0.014465547769293829,0.0,0.02726351494869652,4.07079069712076,True,5,0.02
indicator_revision_only_dfm_kalman_em,exact,2023:Q1:pre_third:exact,2023-06-28,pre_third,2023:Q1,T,A,0.014465547769293829,0.0,0.02726351494869652,4.07079069712076,True,5,0.02
indicator_revision_only_dfm_kalman_em,exact,2023:Q1:pre_third:exact,2023-06-28,pre_third,2023:Q1,T,M,0.014465547769293829,0.0,0.02726351494869652,4.07079069712076,True,5,0.02
indicator_revision_only_dfm_kalman_em,exact,2023:Q1:pre_third:exact,2023-06-28,pre_third,2023:Q1,T,S,0.014465547769293829,0.0,0.02726351494869652,4.07079069712076,True,5,0.02
indicator_revision_only_dfm_kalman_em,exact,2023:Q1:pre_third:exact,2023-06-28,pre_third,2023:Q1,T,T,0.1421016190030361,0.0,0.02726351494869652,4.07079069712076,True,5,0.02
joint_indicator_revision_dfm_full_kalman_em,exact,2023:Q1:pre_third:exact,2023-06-28,pre_third,2023:Q1,A,A,0.23767996544349998,3.469446951953614e-18,0.033023240601471986,4.083026585002607,True,5,0.02
joint_indicator_revision_dfm_full_kalman_em,exact,2023:Q1:pre_third:exact,2023-06-28,pre_third,2023:Q1,A,M,0.007011214379460897,3.469446951953614e-18,0.033023240601471986,4.083026585002607,True,5,0.02
joint_indicator_revision_dfm_full_kalman_em,exact,2023:Q1:pre_third:exact,2023-06-28,pre_third,2023:Q1,A,S,0.009895917337761632,3.469446951953614e-18,0.033023240601471986,4.083026585002607,True,5,0.02
joint_indicator_revision_dfm_full_kalman_em,exact,2023:Q1:pre_third:exact,2023-06-28,pre_third,2023:Q1,A,T,0.00816509556278119,3.469446951953614e-18,0.033023240601471986,4.083026585002607,True,5,0.02
joint_indicator_revision_dfm_full_kalman_em,exact,2023:Q1:pre_third:exact,2023-06-28,pre_third,2023:Q1,M,A,0.007011214379460897,3.469446951953614e-18,0.033023240601471986,4.083026585002607,True,5,0.02
joint_indicator_revision_dfm_full_kalman_em,exact,2023:Q1:pre_third:exact,2023-06-28,pre_third,2023:Q1,M,M,4.082844501302075,3.469446951953614e-18,0.033023240601471986,4.083026585002607,True,5,0.02
joint_indicator_revision_dfm_full_kalman_em,exact,2023:Q1:pre_third:exact,2023-06-28,pre_third,2023:Q1,M,S,0.01815118703748489,3.469446951953614e-18,0.033023240601471986,4.083026585002607,True,5,0.02
joint_indicator_revision_dfm_full_kalman_em,exact,2023:Q1:pre_third:exact,2023-06-28,pre_third,2023:Q1,M,T,0.01850297564773828,3.469446951953614e-18,0.033023240601471986,4.083026585002607,True,5,0.02
joint_indicator_revision_dfm_full_kalman_em,exact,2023:Q1:pre_third:exact,2023-06-28,pre_third,2023:Q1,S,A,0.00989591733776163,3.469446951953614e-18,0.033023240601471986,4.083026585002607,True,5,0.02
joint_indicator_revision_dfm_full_kalman_em,exact,2023:Q1:pre_third:exact,2023-06-28,pre_third,2023:Q1,S,M,0.01815118703748489,3.469446951953614e-18,0.033023240601471986,4.083026585002607,True,5,0.02
joint_indicator_revision_dfm_full_kalman_em,exact,2023:Q1:pre_third:exact,2023-06-28,pre_third,2023:Q1,S,S,0.03647067314375673,3.469446951953614e-18,0.033023240601471986,4.083026585002607,True,5,0.02
joint_indicator_revision_dfm_full_kalman_em,exact,2023:Q1:pre_third:exact,2023-06-28,pre_third,2023:Q1,S,T,0.017986081643490425,3.469446951953614e-18,0.033023240601471986,4.083026585002607,True,5,0.02
joint_indicator_revision_dfm_full_kalman_em,exact,2023:Q1:pre_third:exact,2023-06-28,pre_third,2023:Q1,T,A,0.008165095562781192,3.469446951953614e-18,0.033023240601471986,4.083026585002607,True,5,0.02
joint_indicator_revision_dfm_full_kalman_em,exact,2023:Q1:pre_third:exact,2023-06-28,pre_third,2023:Q1,T,M,0.01850297564773828,3.469446951953614e-18,0.033023240601471986,4.083026585002607,True,5,0.02
joint_indicator_revision_dfm_full_kalman_em,exact,2023:Q1:pre_third:exact,2023-06-28,pre_third,2023:Q1,T,S,0.01798608164349043,3.469446951953614e-18,0.033023240601471986,4.083026585002607,True,5,0.02
joint_indicator_revision_dfm_full_kalman_em,exact,2023:Q1:pre_third:exact,2023-06-28,pre_third,2023:Q1,T,T,0.13951317940720653,3.469446951953614e-18,0.033023240601471986,4.083026585002607,True,5,0.02
monthly_mixed_frequency_kalman_em,exact,2023:Q1:pre_third:exact,2023-06-28,pre_third,2023:Q1,A,A,0.3091764588508917,0.0,0.057308107523174036,4.267760739469899,True,5,0.02
monthly_mixed_frequency_kalman_em,exact,2023:Q1:pre_third:exact,2023-06-28,pre_third,2023:Q1,A,M,-0.040272095511850986,0.0,0.057308107523174036,4.267760739469899,True,5,0.02
monthly_mixed_frequency_kalman_em,exact,2023:Q1:pre_third:exact,2023-06-28,pre_third,2023:Q1,A,S,0.02997818118075735,0.0,0.057308107523174036,4.267760739469899,True,5,0.02
monthly_mixed_frequency_kalman_em,exact,2023:Q1:pre_third:exact,2023-06-28,pre_third,2023:Q1,A,T,-0.008340151560665391,0.0,0.057308107523174036,4.267760739469899,True,5,0.02
monthly_mixed_frequency_kalman_em,exact,2023:Q1:pre_third:exact,2023-06-28,pre_third,2023:Q1,M,A,-0.040272095511850986,0.0,0.057308107523174036,4.267760739469899,True,5,0.02
monthly_mixed_frequency_kalman_em,exact,2023:Q1:pre_third:exact,2023-06-28,pre_third,2023:Q1,M,M,4.262525008700585,0.0,0.057308107523174036,4.267760739469899,True,5,0.02
monthly_mixed_frequency_kalman_em,exact,2023:Q1:pre_third:exact,2023-06-28,pre_third,2023:Q1,M,S,0.0601400357902843,0.0,0.057308107523174036,4.267760739469899,True,5,0.02
monthly_mixed_frequency_kalman_em,exact,2023:Q1:pre_third:exact,2023-06-28,pre_third,2023:Q1,M,T,0.1270814566583745,0.0,0.057308107523174036,4.267760739469899,True,5,0.02
monthly_mixed_frequency_kalman_em,exact,2023:Q1:pre_third:exact,2023-06-28,pre_third,2023:Q1,S,A,0.02997818118075735,0.0,0.057308107523174036,4.267760739469899,True,5,0.02
monthly_mixed_frequency_kalman_em,exact,2023:Q1:pre_third:exact,2023-06-28,pre_third,2023:Q1,S,M,0.0601400357902843,0.0,0.057308107523174036,4.267760739469899,True,5,0.02
monthly_mixed_frequency_kalman_em,exact,2023:Q1:pre_third:exact,2023-06-28,pre_third,2023:Q1,S,S,0.0944142527767935,0.0,0.057308107523174036,4.267760739469899,True,5,0.02
monthly_mixed_frequency_kalman_em,exact,2023:Q1:pre_third:exact,2023-06-28,pre_third,2023:Q1,S,T,0.05259957213790256,0.0,0.057308107523174036,4.267760739469899,True,5,0.02
monthly_mixed_frequency_kalman_em,exact,2023:Q1:pre_third:exact,2023-06-28,pre_third,2023:Q1,T,A,-0.008340151560665391,0.0,0.057308107523174036,4.267760739469899,True,5,0.02
monthly_mixed_frequency_kalman_em,exact,2023:Q1:pre_third:exact,2023-06-28,pre_third,2023:Q1,T,M,0.1270814566583745,0.0,0.057308107523174036,4.267760739469899,True,5,0.02
monthly_mixed_frequency_kalman_em,exact,2023:Q1:pre_third:exact,2023-06-28,pre_third,2023:Q1,T,S,0.05259957213790256,0.0,0.057308107523174036,4.267760739469899,True,5,0.02
monthly_mixed_frequency_kalman_em,exact,2023:Q1:pre_third:exact,2023-06-28,pre_third,2023:Q1,T,T,0.14334089355876176,0.0,0.057308107523174036,4.267760739469899,True,5,0.02
revision_dfm_kalman_em,exact,2023:Q1:pre_third:exact,2023-06-28,pre_third,2023:Q1,A,A,0.22425994360048068,3.469446951953614e-18,0.047343837862449646,4.07150259627408,True,5,0.02
revision_dfm_kalman_em,exact,2023:Q1:pre_third:exact,2023-06-28,pre_third,2023:Q1,A,M,0.0075970835275479265,3.469446951953614e-18,0.047343837862449646,4.07150259627408,True,5,0.02
revision_dfm_kalman_em,exact,2023:Q1:pre_third:exact,2023-06-28,pre_third,2023:Q1,A,S,0.011209863103700722,3.469446951953614e-18,0.047343837862449646,4.07150259627408,True,5,0.02
revision_dfm_kalman_em,exact,2023:Q1:pre_third:exact,2023-06-28,pre_third,2023:Q1,A,T,0.009042195358009045,3.469446951953614e-18,0.047343837862449646,4.07150259627408,True,5,0.02
revision_dfm_kalman_em,exact,2023:Q1:pre_third:exact,2023-06-28,pre_third,2023:Q1,M,A,0.0075970835275479265,3.469446951953614e-18,0.047343837862449646,4.07150259627408,True,5,0.02
revision_dfm_kalman_em,exact,2023:Q1:pre_third:exact,2023-06-28,pre_third,2023:Q1,M,M,4.071090024746985,3.469446951953614e-18,0.047343837862449646,4.07150259627408,True,5,0.02
revision_dfm_kalman_em,exact,2023:Q1:pre_third:exact,2023-06-28,pre_third,2023:Q1,M,S,0.027663279135593372,3.469446951953614e-18,0.047343837862449646,4.07150259627408,True,5,0.02
revision_dfm_kalman_em,exact,2023:Q1:pre_third:exact,2023-06-28,pre_third,2023:Q1,M,T,0.028296948470584282,3.469446951953614e-18,0.047343837862449646,4.07150259627408,True,5,0.02
revision_dfm_kalman_em,exact,2023:Q1:pre_third:exact,2023-06-28,pre_third,2023:Q1,S,A,0.011209863103700719,3.469446951953614e-18,0.047343837862449646,4.07150259627408,True,5,0.02
revision_dfm_kalman_em,exact,2023:Q1:pre_third:exact,2023-06-28,pre_third,2023:Q1,S,M,0.027663279135593372,3.469446951953614e-18,0.047343837862449646,4.07150259627408,True,5,0.02
revision_dfm_kalman_em,exact,2023:Q1:pre_third:exact,2023-06-28,pre_third,2023:Q1,S,S,0.05586115516122373,3.469446951953614e-18,0.047343837862449646,4.07150259627408,True,5,0.02
revision_dfm_kalman_em,exact,2023:Q1:pre_third:exact,2023-06-28,pre_third,2023:Q1,S,T,0.02733421081495552,3.469446951953614e-18,0.047343837862449646,4.07150259627408,True,5,0.02
revision_dfm_kalman_em,exact,2023:Q1:pre_third:exact,2023-06-28,pre_third,2023:Q1,T,A,0.009042195358009044,3.469446951953614e-18,0.047343837862449646,4.07150259627408,True,5,0.02
revision_dfm_kalman_em,exact,2023:Q1:pre_third:exact,2023-06-28,pre_third,2023:Q1,T,M,0.028296948470584282,3.469446951953614e-18,0.047343837862449646,4.07150259627408,True,5,0.02
revision_dfm_kalman_em,exact,2023:Q1:pre_third:exact,2023-06-28,pre_third,2023:Q1,T,S,0.02733421081495552,3.469446951953614e-18,0.047343837862449646,4.07150259627408,True,5,0.02
revision_dfm_kalman_em,exact,2023:Q1:pre_third:exact,2023-06-28,pre_third,2023:Q1,T,T,0.14062365598957197,3.469446951953614e-18,0.047343837862449646,4.07150259627408,True,5,0.02
indicator_revision_only_dfm_kalman_em,pseudo,2023:Q1:pre_third:pseudo,2023-06-30,pre_third,2023:Q1,A,A,0.40957629468228685,0.0,0.02726400337701631,4.070790764467809,True,5,0.02
indicator_revision_only_dfm_kalman_em,pseudo,2023:Q1:pre_third:pseudo,2023-06-30,pre_third,2023:Q1,A,M,0.014465830134238366,0.0,0.02726400337701631,4.070790764467809,True,5,0.02
indicator_revision_only_dfm_kalman_em,pseudo,2023:Q1:pre_third:pseudo,2023-06-30,pre_third,2023:Q1,A,S,0.014465830134238366,0.0,0.02726400337701631,4.070790764467809,True,5,0.02
indicator_revision_only_dfm_kalman_em,pseudo,2023:Q1:pre_third:pseudo,2023-06-30,pre_third,2023:Q1,A,T,0.014465830134238366,0.0,0.02726400337701631,4.070790764467809,True,5,0.02
indicator_revision_only_dfm_kalman_em,pseudo,2023:Q1:pre_third:pseudo,2023-06-30,pre_third,2023:Q1,M,A,0.014465830134238366,0.0,0.02726400337701631,4.070790764467809,True,5,0.02
indicator_revision_only_dfm_kalman_em,pseudo,2023:Q1:pre_third:pseudo,2023-06-30,pre_third,2023:Q1,M,M,4.070627342218707,0.0,0.02726400337701631,4.070790764467809,True,5,0.02
indicator_revision_only_dfm_kalman_em,pseudo,2023:Q1:pre_third:pseudo,2023-06-30,pre_third,2023:Q1,M,S,0.014465830134238366,0.0,0.02726400337701631,4.070790764467809,True,5,0.02
indicator_revision_only_dfm_kalman_em,pseudo,2023:Q1:pre_third:pseudo,2023-06-30,pre_third,2023:Q1,M,T,0.014465830134238366,0.0,0.02726400337701631,4.070790764467809,True,5,0.02
indicator_revision_only_dfm_kalman_em,pseudo,2023:Q1:pre_third:pseudo,2023-06-30,pre_third,2023:Q1,S,A,0.014465830134238366,0.0,0.02726400337701631,4.070790764467809,True,5,0.02
indicator_revision_only_dfm_kalman_em,pseudo,2023:Q1:pre_third:pseudo,2023-06-30,pre_third,2023:Q1,S,M,0.014465830134238366,0.0,0.02726400337701631,4.070790764467809,True,5,0.02
indicator_revision_only_dfm_kalman_em,pseudo,2023:Q1:pre_third:pseudo,2023-06-30,pre_third,2023:Q1,S,S,0.02954335043273263,0.0,0.02726400337701631,4.070790764467809,True,5,0.02
indicator_revision_only_dfm_kalman_em,pseudo,2023:Q1:pre_third:pseudo,2023-06-30,pre_third,2023:Q1,S,T,0.014465830134238366,0.0,0.02726400337701631,4.070790764467809,True,5,0.02
indicator_revision_only_dfm_kalman_em,pseudo,2023:Q1:pre_third:pseudo,2023-06-30,pre_third,2023:Q1,T,A,0.014465830134238366,0.0,0.02726400337701631,4.070790764467809,True,5,0.02
indicator_revision_only_dfm_kalman_em,pseudo,2023:Q1:pre_third:pseudo,2023-06-30,pre_third,2023:Q1,T,M,0.014465830134238366,0.0,0.02726400337701631,4.070790764467809,True,5,0.02
indicator_revision_only_dfm_kalman_em,pseudo,2023:Q1:pre_third:pseudo,2023-06-30,pre_third,2023:Q1,T,S,0.014465830134238366,0.0,0.02726400337701631,4.070790764467809,True,5,0.02
indicator_revision_only_dfm_kalman_em,pseudo,2023:Q1:pre_third:pseudo,2023-06-30,pre_third,2023:Q1,T,T,0.14210145689101755,0.0,0.02726400337701631,4.070790764467809,True,5,0.02
joint_indicator_revision_dfm_full_kalman_em,pseudo,2023:Q1:pre_third:pseudo,2023-06-30,pre_third,2023:Q1,A,A,0.23750732176904002,3.469446951953614e-18,0.033025313108808865,4.083020041542142,True,5,0.02
joint_indicator_revision_dfm_full_kalman_em,pseudo,2023:Q1:pre_third:pseudo,2023-06-30,pre_third,2023:Q1,A,M,0.00699153046219062,3.469446951953614e-18,0.033025313108808865,4.083020041542142,True,5,0.02
joint_indicator_revision_dfm_full_kalman_em,pseudo,2023:Q1:pre_third:pseudo,2023-06-30,pre_third,2023:Q1,A,S,0.00988136014171493,3.469446951953614e-18,0.033025313108808865,4.083020041542142,True,5,0.02
joint_indicator_revision_dfm_full_kalman_em,pseudo,2023:Q1:pre_third:pseudo,2023-06-30,pre_third,2023:Q1,A,T,0.008147462334000344,3.469446951953614e-18,0.033025313108808865,4.083020041542142,True,5,0.02
joint_indicator_revision_dfm_full_kalman_em,pseudo,2023:Q1:pre_third:pseudo,2023-06-30,pre_third,2023:Q1,M,A,0.00699153046219062,3.469446951953614e-18,0.033025313108808865,4.083020041542142,True,5,0.02
joint_indicator_revision_dfm_full_kalman_em,pseudo,2023:Q1:pre_third:pseudo,2023-06-30,pre_third,2023:Q1,M,M,4.082837993345113,3.469446951953614e-18,0.033025313108808865,4.083020041542142,True,5,0.02
joint_indicator_revision_dfm_full_kalman_em,pseudo,2023:Q1:pre_third:pseudo,2023-06-30,pre_third,2023:Q1,M,S,0.01815288691163327,3.469446951953614e-18,0.033025313108808865,4.083020041542142,True,5,0.02
joint_indicator_revision_dfm_full_kalman_em,pseudo,2023:Q1:pre_third:pseudo,2023-06-30,pre_third,2023:Q1,M,T,0.018505350799510406,3.469446951953614e-18,0.033025313108808865,4.083020041542142,True,5,0.02
joint_indicator_revision_dfm_full_kalman_em,pseudo,2023:Q1:pre_third:pseudo,2023-06-30,pre_third,2023:Q1,S,A,0.00988136014171493,3.469446951953614e-18,0.033025313108808865,4.083020041542142,True,5,0.02
joint_indicator_revision_dfm_full_kalman_em,pseudo,2023:Q1:pre_third:pseudo,2023-06-30,pre_third,2023:Q1,S,M,0.01815288691163327,3.469446951953614e-18,0.033025313108808865,4.083020041542142,True,5,0.02
joint_indicator_revision_dfm_full_kalman_em,pseudo,2023:Q1:pre_third:pseudo,2023-06-30,pre_third,2023:Q1,S,S,0.03647258375729464,3.469446951953614e-18,0.033025313108808865,4.083020041542142,True,5,0.02
joint_indicator_revision_dfm_full_kalman_em,pseudo,2023:Q1:pre_third:pseudo,2023-06-30,pre_third,2023:Q1,S,T,0.017987456376234907,3.469446951953614e-18,0.033025313108808865,4.083020041542142,True,5,0.02
joint_indicator_revision_dfm_full_kalman_em,pseudo,2023:Q1:pre_third:pseudo,2023-06-30,pre_third,2023:Q1,T,A,0.008147462334000344,3.469446951953614e-18,0.033025313108808865,4.083020041542142,True,5,0.02
joint_indicator_revision_dfm_full_kalman_em,pseudo,2023:Q1:pre_third:pseudo,2023-06-30,pre_third,2023:Q1,T,M,0.018505350799510406,3.469446951953614e-18,0.033025313108808865,4.083020041542142,True,5,0.02
joint_indicator_revision_dfm_full_kalman_em,pseudo,2023:Q1:pre_third:pseudo,2023-06-30,pre_third,2023:Q1,T,S,0.017987456376234903,3.469446951953614e-18,0.033025313108808865,4.083020041542142,True,5,0.02
joint_indicator_revision_dfm_full_kalman_em,pseudo,2023:Q1:pre_third:pseudo,2023-06-30,pre_third,2023:Q1,T,T,0.13951395159565205,3.469446951953614e-18,0.033025313108808865,4.083020041542142,True,5,0.02
monthly_mixed_frequency_kalman_em,pseudo,2023:Q1:pre_third:pseudo,2023-06-30,pre_third,2023:Q1,A,A,0.3093242626084358,0.0,0.057355590657234515,4.26724206717318,True,5,0.02
monthly_mixed_frequency_kalman_em,pseudo,2023:Q1:pre_third:pseudo,2023-06-30,pre_third,2023:Q1,A,M,-0.03927951539640482,0.0,0.057355590657234515,4.26724206717318,True,5,0.02
monthly_mixed_frequency_kalman_em,pseudo,2023:Q1:pre_third:pseudo,2023-06-30,pre_third,2023:Q1,A,S,0.030201288833875083,0.0,0.057355590657234515,4.26724206717318,True,5,0.02
monthly_mixed_frequency_kalman_em,pseudo,2023:Q1:pre_third:pseudo,2023-06-30,pre_third,2023:Q1,A,T,-0.007697331655368491,0.0,0.057355590657234515,4.26724206717318,True,5,0.02
monthly_mixed_frequency_kalman_em,pseudo,2023:Q1:pre_third:pseudo,2023-06-30,pre_third,2023:Q1,M,A,-0.03927951539640482,0.0,0.057355590657234515,4.26724206717318,True,5,0.02
monthly_mixed_frequency_kalman_em,pseudo,2023:Q1:pre_third:pseudo,2023-06-30,pre_third,2023:Q1,M,M,4.262058590663412,0.0,0.057355590657234515,4.26724206717318,True,5,0.02
monthly_mixed_frequency_kalman_em,pseudo,2023:Q1:pre_third:pseudo,2023-06-30,pre_third,2023:Q1,M,S,0.06020558571011993,0.0,0.057355590657234515,4.26724206717318,True,5,0.02
monthly_mixed_frequency_kalman_em,pseudo,2023:Q1:pre_third:pseudo,2023-06-30,pre_third,2023:Q1,M,T,0.1265289864478031,0.0,0.057355590657234515,4.26724206717318,True,5,0.02
monthly_mixed_frequency_kalman_em,pseudo,2023:Q1:pre_third:pseudo,2023-06-30,pre_third,2023:Q1,S,A,0.030201288833875083,0.0,0.057355590657234515,4.26724206717318,True,5,0.02
monthly_mixed_frequency_kalman_em,pseudo,2023:Q1:pre_third:pseudo,2023-06-30,pre_third,2023:Q1,S,M,0.06020558571011993,0.0,0.057355590657234515,4.26724206717318,True,5,0.02
monthly_mixed_frequency_kalman_em,pseudo,2023:Q1:pre_third:pseudo,2023-06-30,pre_third,2023:Q1,S,S,0.09477644137729034,0.0,0.057355590657234515,4.26724206717318,True,5,0.02
monthly_mixed_frequency_kalman_em,pseudo,2023:Q1:pre_third:pseudo,2023-06-30,pre_third,2023:Q1,S,T,0.05270451149105873,0.0,0.057355590657234515,4.26724206717318,True,5,0.02
monthly_mixed_frequency_kalman_em,pseudo,2023:Q1:pre_third:pseudo,2023-06-30,pre_third,2023:Q1,T,A,-0.007697331655368491,0.0,0.057355590657234515,4.26724206717318,True,5,0.02
monthly_mixed_frequency_kalman_em,pseudo,2023:Q1:pre_third:pseudo,2023-06-30,pre_third,2023:Q1,T,M,0.1265289864478031,0.0,0.057355590657234515,4.26724206717318,True,5,0.02
monthly_mixed_frequency_kalman_em,pseudo,2023:Q1:pre_third:pseudo,2023-06-30,pre_third,2023:Q1,T,S,0.05270451149105873,0.0,0.057355590657234515,4.26724206717318,True,5,0.02
monthly_mixed_frequency_kalman_em,pseudo,2023:Q1:pre_third:pseudo,2023-06-30,pre_third,2023:Q1,T,T,0.14279587010236708,0.0,0.057355590657234515,4.26724206717318,True,5,0.02
revision_dfm_kalman_em,pseudo,2023:Q1:pre_third:pseudo,2023-06-30,pre_third,2023:Q1,A,A,0.2242676575951427,1.734723475976807e-18,0.0473438287326895,4.071501717580718,True,5,0.02
revision_dfm_kalman_em,pseudo,2023:Q1:pre_third:pseudo,2023-06-30,pre_third,2023:Q1,A,M,0.0075975869131730545,1.734723475976807e-18,0.0473438287326895,4.071501717580718,True,5,0.02
revision_dfm_kalman_em,pseudo,2023:Q1:pre_third:pseudo,2023-06-30,pre_third,2023:Q1,A,S,0.011210387405026317,1.734723475976807e-18,0.0473438287326895,4.071501717580718,True,5,0.02
revision_dfm_kalman_em,pseudo,2023:Q1:pre_third:pseudo,2023-06-30,pre_third,2023:Q1,A,T,0.00904270710991436,1.734723475976807e-18,0.0473438287326895,4.071501717580718,True,5,0.02
revision_dfm_kalman_em,pseudo,2023:Q1:pre_third:pseudo,2023-06-30,pre_third,2023:Q1,M,A,0.0075975869131730545,1.734723475976807e-18,0.0473438287326895,4.071501717580718,True,5,0.02
revision_dfm_kalman_em,pseudo,2023:Q1:pre_third:pseudo,2023-06-30,pre_third,2023:Q1,M,M,4.071089145171519,1.734723475976807e-18,0.0473438287326895,4.071501717580718,True,5,0.02
revision_dfm_kalman_em,pseudo,2023:Q1:pre_third:pseudo,2023-06-30,pre_third,2023:Q1,M,S,0.027663242116963103,1.734723475976807e-18,0.0473438287326895,4.071501717580718,True,5,0.02
revision_dfm_kalman_em,pseudo,2023:Q1:pre_third:pseudo,2023-06-30,pre_third,2023:Q1,M,T,0.028296894386556474,1.734723475976807e-18,0.0473438287326895,4.071501717580718,True,5,0.02
revision_dfm_kalman_em,pseudo,2023:Q1:pre_third:pseudo,2023-06-30,pre_third,2023:Q1,S,A,0.011210387405026315,1.734723475976807e-18,0.0473438287326895,4.071501717580718,True,5,0.02
revision_dfm_kalman_em,pseudo,2023:Q1:pre_third:pseudo,2023-06-30,pre_third,2023:Q1,S,M,0.027663242116963103,1.734723475976807e-18,0.0473438287326895,4.071501717580718,True,5,0.02
revision_dfm_kalman_em,pseudo,2023:Q1:pre_third:pseudo,2023-06-30,pre_third,2023:Q1,S,S,0.055861140189946215,1.734723475976807e-18,0.0473438287326895,4.071501717580718,True,5,0.02
revision_dfm_kalman_em,pseudo,2023:Q1:pre_third:pseudo,2023-06-30,pre_third,2023:Q1,S,T,0.027334185022724364,1.734723475976807e-18,0.0473438287326895,4.071501717580718,True,5,0.02
revision_dfm_kalman_em,pseudo,2023:Q1:pre_third:pseudo,2023-06-30,pre_third,2023:Q1,T,A,0.00904270710991436,1.734723475976807e-18,0.0473438287326895,4.071501717580718,True,5,0.02
revision_dfm_kalman_em,pseudo,2023:Q1:pre_third:pseudo,2023-06-30,pre_third,2023:Q1,T,M,0.028296894386556474,1.734723475976807e-18,0.0473438287326895,4.071501717580718,True,5,0.02
revision_dfm_kalman_em,pseudo,2023:Q1:pre_third:pseudo,2023-06-30,pre_third,2023:Q1,T,S,0.027334185022724364,1.734723475976807e-18,0.0473438287326895,4.071501717580718,True,5,0.02
revision_dfm_kalman_em,pseudo,2023:Q1:pre_third:pseudo,2023-06-30,pre_third,2023:Q1,T,T,0.14062375711048666,1.734723475976807e-18,0.0473438287326895,4.071501717580718,True,5,0.02
indicator_revision_only_dfm_kalman_em,exact,2023:Q2:pre_advance:exact,2023-07-26,pre_advance,2023:Q2,A,A,4.100936457097937,0.0,0.06647199281792246,16.20391234329611,True,5,0.02
indicator_revision_only_dfm_kalman_em,exact,2023:Q2:pre_advance:exact,2023-07-26,pre_advance,2023:Q2,A,M,3.70562682531672,0.0,0.06647199281792246,16.20391234329611,True,5,0.02
indicator_revision_only_dfm_kalman_em,exact,2023:Q2:pre_advance:exact,2023-07-26,pre_advance,2023:Q2,A,S,3.70562682531672,0.0,0.06647199281792246,16.20391234329611,True,5,0.02
indicator_revision_only_dfm_kalman_em,exact,2023:Q2:pre_advance:exact,2023-07-26,pre_advance,2023:Q2,A,T,3.70562682531672,0.0,0.06647199281792246,16.20391234329611,True,5,0.02
indicator_revision_only_dfm_kalman_em,exact,2023:Q2:pre_advance:exact,2023-07-26,pre_advance,2023:Q2,M,A,3.70562682531672,0.0,0.06647199281792246,16.20391234329611,True,5,0.02
indicator_revision_only_dfm_kalman_em,exact,2023:Q2:pre_advance:exact,2023-07-26,pre_advance,2023:Q2,M,M,7.80625974721098,0.0,0.06647199281792246,16.20391234329611,True,5,0.02
indicator_revision_only_dfm_kalman_em,exact,2023:Q2:pre_advance:exact,2023-07-26,pre_advance,2023:Q2,M,S,3.70562682531672,0.0,0.06647199281792246,16.20391234329611,True,5,0.02
indicator_revision_only_dfm_kalman_em,exact,2023:Q2:pre_advance:exact,2023-07-26,pre_advance,2023:Q2,M,T,3.70562682531672,0.0,0.06647199281792246,16.20391234329611,True,5,0.02
indicator_revision_only_dfm_kalman_em,exact,2023:Q2:pre_advance:exact,2023-07-26,pre_advance,2023:Q2,S,A,3.70562682531672,0.0,0.06647199281792246,16.20391234329611,True,5,0.02
indicator_revision_only_dfm_kalman_em,exact,2023:Q2:pre_advance:exact,2023-07-26,pre_advance,2023:Q2,S,M,3.70562682531672,0.0,0.06647199281792246,16.20391234329611,True,5,0.02
indicator_revision_only_dfm_kalman_em,exact,2023:Q2:pre_advance:exact,2023-07-26,pre_advance,2023:Q2,S,S,3.7208031966977977,0.0,0.06647199281792246,16.20391234329611,True,5,0.02
indicator_revision_only_dfm_kalman_em,exact,2023:Q2:pre_advance:exact,2023-07-26,pre_advance,2023:Q2,S,T,3.70562682531672,0.0,0.06647199281792246,16.20391234329611,True,5,0.02
indicator_revision_only_dfm_kalman_em,exact,2023:Q2:pre_advance:exact,2023-07-26,pre_advance,2023:Q2,T,A,3.70562682531672,0.0,0.06647199281792246,16.20391234329611,True,5,0.02
indicator_revision_only_dfm_kalman_em,exact,2023:Q2:pre_advance:exact,2023-07-26,pre_advance,2023:Q2,T,M,3.70562682531672,0.0,0.06647199281792246,16.20391234329611,True,5,0.02
indicator_revision_only_dfm_kalman_em,exact,2023:Q2:pre_advance:exact,2023-07-26,pre_advance,2023:Q2,T,S,3.70562682531672,0.0,0.06647199281792246,16.20391234329611,True,5,0.02
indicator_revision_only_dfm_kalman_em,exact,2023:Q2:pre_advance:exact,2023-07-26,pre_advance,2023:Q2,T,T,3.8348494913828173,0.0,0.06647199281792246,16.20391234329611,True,5,0.02
joint_indicator_revision_dfm_full_kalman_em,exact,2023:Q2:pre_advance:exact,2023-07-26,pre_advance,2023:Q2,A,A,3.134347562126655,4.440892098500626e-16,0.0646498764442669,16.305894704831953,True,5,0.02
joint_indicator_revision_dfm_full_kalman_em,exact,2023:Q2:pre_advance:exact,2023-07-26,pre_advance,2023:Q2,A,M,3.395134188860642,4.440892098500626e-16,0.0646498764442669,16.305894704831953,True,5,0.02
joint_indicator_revision_dfm_full_kalman_em,exact,2023:Q2:pre_advance:exact,2023-07-26,pre_advance,2023:Q2,A,S,3.3750840608902304,4.440892098500626e-16,0.0646498764442669,16.305894704831953,True,5,0.02
joint_indicator_revision_dfm_full_kalman_em,exact,2023:Q2:pre_advance:exact,2023-07-26,pre_advance,2023:Q2,A,T,3.387114137672477,4.440892098500626e-16,0.0646498764442669,16.305894704831953,True,5,0.02
joint_indicator_revision_dfm_full_kalman_em,exact,2023:Q2:pre_advance:exact,2023-07-26,pre_advance,2023:Q2,M,A,3.395134188860642,4.440892098500626e-16,0.0646498764442669,16.305894704831953,True,5,0.02
joint_indicator_revision_dfm_full_kalman_em,exact,2023:Q2:pre_advance:exact,2023-07-26,pre_advance,2023:Q2,M,M,8.133284949872538,4.440892098500626e-16,0.0646498764442669,16.305894704831953,True,5,0.02
joint_indicator_revision_dfm_full_kalman_em,exact,2023:Q2:pre_advance:exact,2023-07-26,pre_advance,2023:Q2,M,S,3.998718076066027,4.440892098500626e-16,0.0646498764442669,16.305894704831953,True,5,0.02
joint_indicator_revision_dfm_full_kalman_em,exact,2023:Q2:pre_advance:exact,2023-07-26,pre_advance,2023:Q2,M,T,4.017778619872513,4.440892098500626e-16,0.0646498764442669,16.305894704831953,True,5,0.02
joint_indicator_revision_dfm_full_kalman_em,exact,2023:Q2:pre_advance:exact,2023-07-26,pre_advance,2023:Q2,S,A,3.37508406089023,4.440892098500626e-16,0.0646498764442669,16.305894704831953,True,5,0.02
joint_indicator_revision_dfm_full_kalman_em,exact,2023:Q2:pre_advance:exact,2023-07-26,pre_advance,2023:Q2,S,M,3.998718076066027,4.440892098500626e-16,0.0646498764442669,16.305894704831953,True,5,0.02
joint_indicator_revision_dfm_full_kalman_em,exact,2023:Q2:pre_advance:exact,2023-07-26,pre_advance,2023:Q2,S,S,3.987717563752694,4.440892098500626e-16,0.0646498764442669,16.305894704831953,True,5,0.02
joint_indicator_revision_dfm_full_kalman_em,exact,2023:Q2:pre_advance:exact,2023-07-26,pre_advance,2023:Q2,S,T,3.986245395762511,4.440892098500626e-16,0.0646498764442669,16.305894704831953,True,5,0.02
joint_indicator_revision_dfm_full_kalman_em,exact,2023:Q2:pre_advance:exact,2023-07-26,pre_advance,2023:Q2,T,A,3.387114137672477,4.440892098500626e-16,0.0646498764442669,16.305894704831953,True,5,0.02
joint_indicator_revision_dfm_full_kalman_em,exact,2023:Q2:pre_advance:exact,2023-07-26,pre_advance,2023:Q2,T,M,4.017778619872513,4.440892098500626e-16,0.0646498764442669,16.305894704831953,True,5,0.02
joint_indicator_revision_dfm_full_kalman_em,exact,2023:Q2:pre_advance:exact,2023-07-26,pre_advance,2023:Q2,T,S,3.986245395762511,4.440892098500626e-16,0.0646498764442669,16.305894704831953,True,5,0.02
joint_indicator_revision_dfm_full_kalman_em,exact,2023:Q2:pre_advance:exact,2023-07-26,pre_advance,2023:Q2,T,T,4.12668828079343,4.440892098500626e-16,0.0646498764442669,16.305894704831953,True,5,0.02
monthly_mixed_frequency_kalman_em,exact,2023:Q2:pre_advance:exact,2023-07-26,pre_advance,2023:Q2,A,A,4.372574229196063,0.0,0.06116997024326004,18.14248827865256,True,5,0.02
monthly_mixed_frequency_kalman_em,exact,2023:Q2:pre_advance:exact,2023-07-26,pre_advance,2023:Q2,A,M,4.060164082099548,0.0,0.06116997024326004,18.14248827865256,True,5,0.02
monthly_mixed_frequency_kalman_em,exact,2023:Q2:pre_advance:exact,2023-07-26,pre_advance,2023:Q2,A,S,4.111074187917682,0.0,0.06116997024326004,18.14248827865256,True,5,0.02
monthly_mixed_frequency_kalman_em,exact,2023:Q2:pre_advance:exact,2023-07-26,pre_advance,2023:Q2,A,T,4.083305039289609,0.0,0.06116997024326004,18.14248827865256,True,5,0.02
monthly_mixed_frequency_kalman_em,exact,2023:Q2:pre_advance:exact,2023-07-26,pre_advance,2023:Q2,M,A,4.060164082099548,0.0,0.06116997024326004,18.14248827865256,True,5,0.02
monthly_mixed_frequency_kalman_em,exact,2023:Q2:pre_advance:exact,2023-07-26,pre_advance,2023:Q2,M,M,8.556820198805243,0.0,0.06116997024326004,18.14248827865256,True,5,0.02
monthly_mixed_frequency_kalman_em,exact,2023:Q2:pre_advance:exact,2023-07-26,pre_advance,2023:Q2,M,S,4.236341650908137,0.0,0.06116997024326004,18.14248827865256,True,5,0.02
monthly_mixed_frequency_kalman_em,exact,2023:Q2:pre_advance:exact,2023-07-26,pre_advance,2023:Q2,M,T,4.353793363447196,0.0,0.06116997024326004,18.14248827865256,True,5,0.02
monthly_mixed_frequency_kalman_em,exact,2023:Q2:pre_advance:exact,2023-07-26,pre_advance,2023:Q2,S,A,4.111074187917682,0.0,0.06116997024326004,18.14248827865256,True,5,0.02
monthly_mixed_frequency_kalman_em,exact,2023:Q2:pre_advance:exact,2023-07-26,pre_advance,2023:Q2,S,M,4.236341650908137,0.0,0.06116997024326004,18.14248827865256,True,5,0.02
monthly_mixed_frequency_kalman_em,exact,2023:Q2:pre_advance:exact,2023-07-26,pre_advance,2023:Q2,S,S,4.218771640812273,0.0,0.06116997024326004,18.14248827865256,True,5,0.02
monthly_mixed_frequency_kalman_em,exact,2023:Q2:pre_advance:exact,2023-07-26,pre_advance,2023:Q2,S,T,4.205024785160523,0.0,0.06116997024326004,18.14248827865256,True,5,0.02
monthly_mixed_frequency_kalman_em,exact,2023:Q2:pre_advance:exact,2023-07-26,pre_advance,2023:Q2,T,A,4.083305039289609,0.0,0.06116997024326004,18.14248827865256,True,5,0.02
monthly_mixed_frequency_kalman_em,exact,2023:Q2:pre_advance:exact,2023-07-26,pre_advance,2023:Q2,T,M,4.353793363447196,0.0,0.06116997024326004,18.14248827865256,True,5,0.02
monthly_mixed_frequency_kalman_em,exact,2023:Q2:pre_advance:exact,2023-07-26,pre_advance,2023:Q2,T,S,4.205024785160523,0.0,0.06116997024326004,18.14248827865256,True,5,0.02
monthly_mixed_frequency_kalman_em,exact,2023:Q2:pre_advance:exact,2023-07-26,pre_advance,2023:Q2,T,T,4.337008136027705,0.0,0.06116997024326004,18.14248827865256,True,5,0.02
revision_dfm_kalman_em,exact,2023:Q2:pre_advance:exact,2023-07-26,pre_advance,2023:Q2,A,A,2.9808067937455838,0.0,0.0666189693930803,14.90974524712909,True,5,0.02
revision_dfm_kalman_em,exact,2023:Q2:pre_advance:exact,2023-07-26,pre_advance,2023:Q2,A,M,3.1042024527685235,0.0,0.0666189693930803,14.90974524712909,True,5,0.02
revision_dfm_kalman_em,exact,2023:Q2:pre_advance:exact,2023-07-26,pre_advance,2023:Q2,A,S,3.0906927054520517,0.0,0.0666189693930803,14.90974524712909,True,5,0.02
revision_dfm_kalman_em,exact,2023:Q2:pre_advance:exact,2023-07-26,pre_advance,2023:Q2,A,T,3.0987985538419345,0.0,0.0666189693930803,14.90974524712909,True,5,0.02
revision_dfm_kalman_em,exact,2023:Q2:pre_advance:exact,2023-07-26,pre_advance,2023:Q2,M,A,3.1042024527685235,0.0,0.0666189693930803,14.90974524712909,True,5,0.02
revision_dfm_kalman_em,exact,2023:Q2:pre_advance:exact,2023-07-26,pre_advance,2023:Q2,M,M,7.708366241751711,0.0,0.0666189693930803,14.90974524712909,True,5,0.02
revision_dfm_kalman_em,exact,2023:Q2:pre_advance:exact,2023-07-26,pre_advance,2023:Q2,M,S,3.591631050605856,0.0,0.0666189693930803,14.90974524712909,True,5,0.02
revision_dfm_kalman_em,exact,2023:Q2:pre_advance:exact,2023-07-26,pre_advance,2023:Q2,M,T,3.6070235326428244,0.0,0.0666189693930803,14.90974524712909,True,5,0.02
revision_dfm_kalman_em,exact,2023:Q2:pre_advance:exact,2023-07-26,pre_advance,2023:Q2,S,A,3.0906927054520517,0.0,0.0666189693930803,14.90974524712909,True,5,0.02
revision_dfm_kalman_em,exact,2023:Q2:pre_advance:exact,2023-07-26,pre_advance,2023:Q2,S,M,3.591631050605856,0.0,0.0666189693930803,14.90974524712909,True,5,0.02
revision_dfm_kalman_em,exact,2023:Q2:pre_advance:exact,2023-07-26,pre_advance,2023:Q2,S,S,3.592174142561355,0.0,0.0666189693930803,14.90974524712909,True,5,0.02
revision_dfm_kalman_em,exact,2023:Q2:pre_advance:exact,2023-07-26,pre_advance,2023:Q2,S,T,3.5816122837027797,0.0,0.0666189693930803,14.90974524712909,True,5,0.02
revision_dfm_kalman_em,exact,2023:Q2:pre_advance:exact,2023-07-26,pre_advance,2023:Q2,T,A,3.0987985538419345,0.0,0.0666189693930803,14.90974524712909,True,5,0.02
revision_dfm_kalman_em,exact,2023:Q2:pre_advance:exact,2023-07-26,pre_advance,2023:Q2,T,M,3.6070235326428244,0.0,0.0666189693930803,14.90974524712909,True,5,0.02
revision_dfm_kalman_em,exact,2023:Q2:pre_advance:exact,2023-07-26,pre_advance,2023:Q2,T,S,3.5816122837027797,0.0,0.0666189693930803,14.90974524712909,True,5,0.02
revision_dfm_kalman_em,exact,2023:Q2:pre_advance:exact,2023-07-26,pre_advance,2023:Q2,T,T,3.7140505899983083,0.0,0.0666189693930803,14.90974524712909,True,5,0.02
indicator_revision_only_dfm_kalman_em,pseudo,2023:Q2:pre_advance:pseudo,2023-07-31,pre_advance,2023:Q2,A,A,4.109358571918862,0.0,0.06647315484392519,16.236996904487164,True,5,0.02
indicator_revision_only_dfm_kalman_em,pseudo,2023:Q2:pre_advance:pseudo,2023-07-31,pre_advance,2023:Q2,A,M,3.7140373896200054,0.0,0.06647315484392519,16.236996904487164,True,5,0.02
indicator_revision_only_dfm_kalman_em,pseudo,2023:Q2:pre_advance:pseudo,2023-07-31,pre_advance,2023:Q2,A,S,3.7140373896200054,0.0,0.06647315484392519,16.236996904487164,True,5,0.02
indicator_revision_only_dfm_kalman_em,pseudo,2023:Q2:pre_advance:pseudo,2023-07-31,pre_advance,2023:Q2,A,T,3.7140373896200054,0.0,0.06647315484392519,16.236996904487164,True,5,0.02
indicator_revision_only_dfm_kalman_em,pseudo,2023:Q2:pre_advance:pseudo,2023-07-31,pre_advance,2023:Q2,M,A,3.7140373896200054,0.0,0.06647315484392519,16.236996904487164,True,5,0.02
indicator_revision_only_dfm_kalman_em,pseudo,2023:Q2:pre_advance:pseudo,2023-07-31,pre_advance,2023:Q2,M,M,7.814664136404892,0.0,0.06647315484392519,16.236996904487164,True,5,0.02
indicator_revision_only_dfm_kalman_em,pseudo,2023:Q2:pre_advance:pseudo,2023-07-31,pre_advance,2023:Q2,M,S,3.7140373896200054,0.0,0.06647315484392519,16.236996904487164,True,5,0.02
indicator_revision_only_dfm_kalman_em,pseudo,2023:Q2:pre_advance:pseudo,2023-07-31,pre_advance,2023:Q2,M,T,3.7140373896200054,0.0,0.06647315484392519,16.236996904487164,True,5,0.02
indicator_revision_only_dfm_kalman_em,pseudo,2023:Q2:pre_advance:pseudo,2023-07-31,pre_advance,2023:Q2,S,A,3.7140373896200054,0.0,0.06647315484392519,16.236996904487164,True,5,0.02
indicator_revision_only_dfm_kalman_em,pseudo,2023:Q2:pre_advance:pseudo,2023-07-31,pre_advance,2023:Q2,S,M,3.7140373896200054,0.0,0.06647315484392519,16.236996904487164,True,5,0.02
indicator_revision_only_dfm_kalman_em,pseudo,2023:Q2:pre_advance:pseudo,2023-07-31,pre_advance,2023:Q2,S,S,3.7292190976440804,0.0,0.06647315484392519,16.236996904487164,True,5,0.02
indicator_revision_only_dfm_kalman_em,pseudo,2023:Q2:pre_advance:pseudo,2023-07-31,pre_advance,2023:Q2,S,T,3.7140373896200054,0.0,0.06647315484392519,16.236996904487164,True,5,0.02
indicator_revision_only_dfm_kalman_em,pseudo,2023:Q2:pre_advance:pseudo,2023-07-31,pre_advance,2023:Q2,T,A,3.7140373896200054,0.0,0.06647315484392519,16.236996904487164,True,5,0.02
indicator_revision_only_dfm_kalman_em,pseudo,2023:Q2:pre_advance:pseudo,2023-07-31,pre_advance,2023:Q2,T,M,3.7140373896200054,0.0,0.06647315484392519,16.236996904487164,True,5,0.02
indicator_revision_only_dfm_kalman_em,pseudo,2023:Q2:pre_advance:pseudo,2023-07-31,pre_advance,2023:Q2,T,S,3.7140373896200054,0.0,0.06647315484392519,16.236996904487164,True,5,0.02
indicator_revision_only_dfm_kalman_em,pseudo,2023:Q2:pre_advance:pseudo,2023-07-31,pre_advance,2023:Q2,T,T,3.843252188369193,0.0,0.06647315484392519,16.236996904487164,True,5,0.02
joint_indicator_revision_dfm_full_kalman_em,pseudo,2023:Q2:pre_advance:pseudo,2023-07-31,pre_advance,2023:Q2,A,A,3.1308841028442105,0.0,0.0647861851959565,16.274846150323647,True,5,0.02
joint_indicator_revision_dfm_full_kalman_em,pseudo,2023:Q2:pre_advance:pseudo,2023-07-31,pre_advance,2023:Q2,A,M,3.388787485054036,0.0,0.0647861851959565,16.274846150323647,True,5,0.02
joint_indicator_revision_dfm_full_kalman_em,pseudo,2023:Q2:pre_advance:pseudo,2023-07-31,pre_advance,2023:Q2,A,S,3.369081017828184,0.0,0.0647861851959565,16.274846150323647,True,5,0.02
joint_indicator_revision_dfm_full_kalman_em,pseudo,2023:Q2:pre_advance:pseudo,2023-07-31,pre_advance,2023:Q2,A,T,3.3809048981636947,0.0,0.0647861851959565,16.274846150323647,True,5,0.02
joint_indicator_revision_dfm_full_kalman_em,pseudo,2023:Q2:pre_advance:pseudo,2023-07-31,pre_advance,2023:Q2,M,A,3.388787485054036,0.0,0.0647861851959565,16.274846150323647,True,5,0.02
joint_indicator_revision_dfm_full_kalman_em,pseudo,2023:Q2:pre_advance:pseudo,2023-07-31,pre_advance,2023:Q2,M,M,8.12309340220207,0.0,0.0647861851959565,16.274846150323647,True,5,0.02
joint_indicator_revision_dfm_full_kalman_em,pseudo,2023:Q2:pre_advance:pseudo,2023-07-31,pre_advance,2023:Q2,M,S,3.9897070840098436,0.0,0.0647861851959565,16.274846150323647,True,5,0.02
joint_indicator_revision_dfm_full_kalman_em,pseudo,2023:Q2:pre_advance:pseudo,2023-07-31,pre_advance,2023:Q2,M,T,4.008683492397922,0.0,0.0647861851959565,16.274846150323647,True,5,0.02
joint_indicator_revision_dfm_full_kalman_em,pseudo,2023:Q2:pre_advance:pseudo,2023-07-31,pre_advance,2023:Q2,S,A,3.369081017828184,0.0,0.0647861851959565,16.274846150323647,True,5,0.02
joint_indicator_revision_dfm_full_kalman_em,pseudo,2023:Q2:pre_advance:pseudo,2023-07-31,pre_advance,2023:Q2,S,M,3.9897070840098436,0.0,0.0647861851959565,16.274846150323647,True,5,0.02
joint_indicator_revision_dfm_full_kalman_em,pseudo,2023:Q2:pre_advance:pseudo,2023-07-31,pre_advance,2023:Q2,S,S,3.9794959744818774,0.0,0.0647861851959565,16.274846150323647,True,5,0.02
joint_indicator_revision_dfm_full_kalman_em,pseudo,2023:Q2:pre_advance:pseudo,2023-07-31,pre_advance,2023:Q2,S,T,3.9772945626862106,0.0,0.0647861851959565,16.274846150323647,True,5,0.02
joint_indicator_revision_dfm_full_kalman_em,pseudo,2023:Q2:pre_advance:pseudo,2023-07-31,pre_advance,2023:Q2,T,A,3.3809048981636947,0.0,0.0647861851959565,16.274846150323647,True,5,0.02
joint_indicator_revision_dfm_full_kalman_em,pseudo,2023:Q2:pre_advance:pseudo,2023-07-31,pre_advance,2023:Q2,T,M,4.008683492397922,0.0,0.0647861851959565,16.274846150323647,True,5,0.02
joint_indicator_revision_dfm_full_kalman_em,pseudo,2023:Q2:pre_advance:pseudo,2023-07-31,pre_advance,2023:Q2,T,S,3.9772945626862106,0.0,0.0647861851959565,16.274846150323647,True,5,0.02
joint_indicator_revision_dfm_full_kalman_em,pseudo,2023:Q2:pre_advance:pseudo,2023-07-31,pre_advance,2023:Q2,T,T,4.1170649826103185,0.0,0.0647861851959565,16.274846150323647,True,5,0.02
monthly_mixed_frequency_kalman_em,pseudo,2023:Q2:pre_advance:pseudo,2023-07-31,pre_advance,2023:Q2,A,A,4.371676752172048,0.0,0.06116953021674197,18.139589761575056,True,5,0.02
monthly_mixed_frequency_kalman_em,pseudo,2023:Q2:pre_advance:pseudo,2023-07-31,pre_advance,2023:Q2,A,M,4.059390608404542,0.0,0.06116953021674197,18.139589761575056,True,5,0.02
monthly_mixed_frequency_kalman_em,pseudo,2023:Q2:pre_advance:pseudo,2023-07-31,pre_advance,2023:Q2,A,S,4.110234323659143,0.0,0.06116953021674197,18.139589761575056,True,5,0.02
monthly_mixed_frequency_kalman_em,pseudo,2023:Q2:pre_advance:pseudo,2023-07-31,pre_advance,2023:Q2,A,T,4.082501388065724,0.0,0.06116953021674197,18.139589761575056,True,5,0.02
monthly_mixed_frequency_kalman_em,pseudo,2023:Q2:pre_advance:pseudo,2023-07-31,pre_advance,2023:Q2,M,A,4.059390608404542,0.0,0.06116953021674197,18.139589761575056,True,5,0.02
monthly_mixed_frequency_kalman_em,pseudo,2023:Q2:pre_advance:pseudo,2023-07-31,pre_advance,2023:Q2,M,M,8.556230152332208,0.0,0.06116953021674197,18.139589761575056,True,5,0.02
monthly_mixed_frequency_kalman_em,pseudo,2023:Q2:pre_advance:pseudo,2023-07-31,pre_advance,2023:Q2,M,S,4.235641734345355,0.0,0.06116953021674197,18.139589761575056,True,5,0.02
monthly_mixed_frequency_kalman_em,pseudo,2023:Q2:pre_advance:pseudo,2023-07-31,pre_advance,2023:Q2,M,T,4.353142484972565,0.0,0.06116953021674197,18.139589761575056,True,5,0.02
monthly_mixed_frequency_kalman_em,pseudo,2023:Q2:pre_advance:pseudo,2023-07-31,pre_advance,2023:Q2,S,A,4.110234323659143,0.0,0.06116953021674197,18.139589761575056,True,5,0.02
monthly_mixed_frequency_kalman_em,pseudo,2023:Q2:pre_advance:pseudo,2023-07-31,pre_advance,2023:Q2,S,M,4.235641734345355,0.0,0.06116953021674197,18.139589761575056,True,5,0.02
monthly_mixed_frequency_kalman_em,pseudo,2023:Q2:pre_advance:pseudo,2023-07-31,pre_advance,2023:Q2,S,S,4.217995789894103,0.0,0.06116953021674197,18.139589761575056,True,5,0.02
monthly_mixed_frequency_kalman_em,pseudo,2023:Q2:pre_advance:pseudo,2023-07-31,pre_advance,2023:Q2,S,T,4.204289881673803,0.0,0.06116953021674197,18.139589761575056,True,5,0.02
monthly_mixed_frequency_kalman_em,pseudo,2023:Q2:pre_advance:pseudo,2023-07-31,pre_advance,2023:Q2,T,A,4.082501388065724,0.0,0.06116953021674197,18.139589761575056,True,5,0.02
monthly_mixed_frequency_kalman_em,pseudo,2023:Q2:pre_advance:pseudo,2023-07-31,pre_advance,2023:Q2,T,M,4.353142484972565,0.0,0.06116953021674197,18.139589761575056,True,5,0.02
monthly_mixed_frequency_kalman_em,pseudo,2023:Q2:pre_advance:pseudo,2023-07-31,pre_advance,2023:Q2,T,S,4.204289881673803,0.0,0.06116953021674197,18.139589761575056,True,5,0.02
monthly_mixed_frequency_kalman_em,pseudo,2023:Q2:pre_advance:pseudo,2023-07-31,pre_advance,2023:Q2,T,T,4.336315677416302,0.0,0.06116953021674197,18.139589761575056,True,5,0.02
revision_dfm_kalman_em,pseudo,2023:Q2:pre_advance:pseudo,2023-07-31,pre_advance,2023:Q2,A,A,2.9770108481670405,4.440892098500626e-16,0.06661868297244697,14.8962870424659,True,5,0.02
revision_dfm_kalman_em,pseudo,2023:Q2:pre_advance:pseudo,2023-07-31,pre_advance,2023:Q2,A,M,3.100594713196429,4.440892098500626e-16,0.06661868297244697,14.8962870424659,True,5,0.02
revision_dfm_kalman_em,pseudo,2023:Q2:pre_advance:pseudo,2023-07-31,pre_advance,2023:Q2,A,S,3.087078019024263,4.440892098500626e-16,0.06661868297244697,14.8962870424659,True,5,0.02
revision_dfm_kalman_em,pseudo,2023:Q2:pre_advance:pseudo,2023-07-31,pre_advance,2023:Q2,A,T,3.0951880355275625,4.440892098500626e-16,0.06661868297244697,14.8962870424659,True,5,0.02
revision_dfm_kalman_em,pseudo,2023:Q2:pre_advance:pseudo,2023-07-31,pre_advance,2023:Q2,M,A,3.100594713196429,4.440892098500626e-16,0.06661868297244697,14.8962870424659,True,5,0.02
revision_dfm_kalman_em,pseudo,2023:Q2:pre_advance:pseudo,2023-07-31,pre_advance,2023:Q2,M,M,7.7050067029169576,4.440892098500626e-16,0.06661868297244697,14.8962870424659,True,5,0.02
revision_dfm_kalman_em,pseudo,2023:Q2:pre_advance:pseudo,2023-07-31,pre_advance,2023:Q2,M,S,3.588253330916134,4.440892098500626e-16,0.06661868297244697,14.8962870424659,True,5,0.02
revision_dfm_kalman_em,pseudo,2023:Q2:pre_advance:pseudo,2023-07-31,pre_advance,2023:Q2,M,T,3.603653076738862,4.440892098500626e-16,0.06661868297244697,14.8962870424659,True,5,0.02
revision_dfm_kalman_em,pseudo,2023:Q2:pre_advance:pseudo,2023-07-31,pre_advance,2023:Q2,S,A,3.0870780190242626,4.440892098500626e-16,0.06661868297244697,14.8962870424659,True,5,0.02
revision_dfm_kalman_em,pseudo,2023:Q2:pre_advance:pseudo,2023-07-31,pre_advance,2023:Q2,S,M,3.588253330916134,4.440892098500626e-16,0.06661868297244697,14.8962870424659,True,5,0.02
revision_dfm_kalman_em,pseudo,2023:Q2:pre_advance:pseudo,2023-07-31,pre_advance,2023:Q2,S,S,3.5887892787201263,4.440892098500626e-16,0.06661868297244697,14.8962870424659,True,5,0.02
revision_dfm_kalman_em,pseudo,2023:Q2:pre_advance:pseudo,2023-07-31,pre_advance,2023:Q2,S,T,3.5782298246782966,4.440892098500626e-16,0.06661868297244697,14.8962870424659,True,5,0.02
revision_dfm_kalman_em,pseudo,2023:Q2:pre_advance:pseudo,2023-07-31,pre_advance,2023:Q2,T,A,3.0951880355275625,4.440892098500626e-16,0.06661868297244697,14.8962870424659,True,5,0.02
revision_dfm_kalman_em,pseudo,2023:Q2:pre_advance:pseudo,2023-07-31,pre_advance,2023:Q2,T,M,3.603653076738862,4.440892098500626e-16,0.06661868297244697,14.8962870424659,True,5,0.02
revision_dfm_kalman_em,pseudo,2023:Q2:pre_advance:pseudo,2023-07-31,pre_advance,2023:Q2,T,S,3.578229824678297,4.440892098500626e-16,0.06661868297244697,14.8962870424659,True,5,0.02
revision_dfm_kalman_em,pseudo,2023:Q2:pre_advance:pseudo,2023-07-31,pre_advance,2023:Q2,T,T,3.7106680340594496,4.440892098500626e-16,0.06661868297244697,14.8962870424659,True,5,0.02
indicator_revision_only_dfm_kalman_em,exact,2023:Q2:pre_second:exact,2023-08-29,pre_second,2023:Q2,A,A,0.751877713729091,0.0,0.06263676058577926,4.572484201026295,True,5,0.02
indicator_revision_only_dfm_kalman_em,exact,2023:Q2:pre_second:exact,2023-08-29,pre_second,2023:Q2,A,M,0.35677457782161487,0.0,0.06263676058577926,4.572484201026295,True,5,0.02
indicator_revision_only_dfm_kalman_em,exact,2023:Q2:pre_second:exact,2023-08-29,pre_second,2023:Q2,A,S,0.35677457782161487,0.0,0.06263676058577926,4.572484201026295,True,5,0.02
indicator_revision_only_dfm_kalman_em,exact,2023:Q2:pre_second:exact,2023-08-29,pre_second,2023:Q2,A,T,0.35677457782161487,0.0,0.06263676058577926,4.572484201026295,True,5,0.02
indicator_revision_only_dfm_kalman_em,exact,2023:Q2:pre_second:exact,2023-08-29,pre_second,2023:Q2,M,A,0.35677457782161487,0.0,0.06263676058577926,4.572484201026295,True,5,0.02
indicator_revision_only_dfm_kalman_em,exact,2023:Q2:pre_second:exact,2023-08-29,pre_second,2023:Q2,M,M,4.457341975230642,0.0,0.06263676058577926,4.572484201026295,True,5,0.02
indicator_revision_only_dfm_kalman_em,exact,2023:Q2:pre_second:exact,2023-08-29,pre_second,2023:Q2,M,S,0.35677457782161487,0.0,0.06263676058577926,4.572484201026295,True,5,0.02
indicator_revision_only_dfm_kalman_em,exact,2023:Q2:pre_second:exact,2023-08-29,pre_second,2023:Q2,M,T,0.35677457782161487,0.0,0.06263676058577926,4.572484201026295,True,5,0.02
indicator_revision_only_dfm_kalman_em,exact,2023:Q2:pre_second:exact,2023-08-29,pre_second,2023:Q2,S,A,0.35677457782161487,0.0,0.06263676058577926,4.572484201026295,True,5,0.02
indicator_revision_only_dfm_kalman_em,exact,2023:Q2:pre_second:exact,2023-08-29,pre_second,2023:Q2,S,M,0.35677457782161487,0.0,0.06263676058577926,4.572484201026295,True,5,0.02
indicator_revision_only_dfm_kalman_em,exact,2023:Q2:pre_second:exact,2023-08-29,pre_second,2023:Q2,S,S,0.3719671915587449,0.0,0.06263676058577926,4.572484201026295,True,5,0.02
indicator_revision_only_dfm_kalman_em,exact,2023:Q2:pre_second:exact,2023-08-29,pre_second,2023:Q2,S,T,0.35677457782161487,0.0,0.06263676058577926,4.572484201026295,True,5,0.02
indicator_revision_only_dfm_kalman_em,exact,2023:Q2:pre_second:exact,2023-08-29,pre_second,2023:Q2,T,A,0.35677457782161487,0.0,0.06263676058577926,4.572484201026295,True,5,0.02
indicator_revision_only_dfm_kalman_em,exact,2023:Q2:pre_second:exact,2023-08-29,pre_second,2023:Q2,T,M,0.35677457782161487,0.0,0.06263676058577926,4.572484201026295,True,5,0.02
indicator_revision_only_dfm_kalman_em,exact,2023:Q2:pre_second:exact,2023-08-29,pre_second,2023:Q2,T,S,0.35677457782161487,0.0,0.06263676058577926,4.572484201026295,True,5,0.02
indicator_revision_only_dfm_kalman_em,exact,2023:Q2:pre_second:exact,2023-08-29,pre_second,2023:Q2,T,T,0.48599344261689753,0.0,0.06263676058577926,4.572484201026295,True,5,0.02
joint_indicator_revision_dfm_full_kalman_em,exact,2023:Q2:pre_second:exact,2023-08-29,pre_second,2023:Q2,A,A,0.26961446248557996,1.1102230246251565e-16,0.06407634335761016,4.526138806883879,True,5,0.02
joint_indicator_revision_dfm_full_kalman_em,exact,2023:Q2:pre_second:exact,2023-08-29,pre_second,2023:Q2,A,M,0.1492762860593508,1.1102230246251565e-16,0.06407634335761016,4.526138806883879,True,5,0.02
joint_indicator_revision_dfm_full_kalman_em,exact,2023:Q2:pre_second:exact,2023-08-29,pre_second,2023:Q2,A,S,0.14839969328628308,1.1102230246251565e-16,0.06407634335761016,4.526138806883879,True,5,0.02
joint_indicator_revision_dfm_full_kalman_em,exact,2023:Q2:pre_second:exact,2023-08-29,pre_second,2023:Q2,A,T,0.1489256489501237,1.1102230246251565e-16,0.06407634335761016,4.526138806883879,True,5,0.02
joint_indicator_revision_dfm_full_kalman_em,exact,2023:Q2:pre_second:exact,2023-08-29,pre_second,2023:Q2,M,A,0.1492762860593508,1.1102230246251565e-16,0.06407634335761016,4.526138806883879,True,5,0.02
joint_indicator_revision_dfm_full_kalman_em,exact,2023:Q2:pre_second:exact,2023-08-29,pre_second,2023:Q2,M,M,4.455244736244102,1.1102230246251565e-16,0.06407634335761016,4.526138806883879,True,5,0.02
joint_indicator_revision_dfm_full_kalman_em,exact,2023:Q2:pre_second:exact,2023-08-29,pre_second,2023:Q2,M,S,0.343261946083011,1.1102230246251565e-16,0.06407634335761016,4.526138806883879,True,5,0.02
joint_indicator_revision_dfm_full_kalman_em,exact,2023:Q2:pre_second:exact,2023-08-29,pre_second,2023:Q2,M,T,0.34938780903112665,1.1102230246251565e-16,0.06407634335761016,4.526138806883879,True,5,0.02
joint_indicator_revision_dfm_full_kalman_em,exact,2023:Q2:pre_second:exact,2023-08-29,pre_second,2023:Q2,S,A,0.14839969328628305,1.1102230246251565e-16,0.06407634335761016,4.526138806883879,True,5,0.02
joint_indicator_revision_dfm_full_kalman_em,exact,2023:Q2:pre_second:exact,2023-08-29,pre_second,2023:Q2,S,M,0.343261946083011,1.1102230246251565e-16,0.06407634335761016,4.526138806883879,True,5,0.02
joint_indicator_revision_dfm_full_kalman_em,exact,2023:Q2:pre_second:exact,2023-08-29,pre_second,2023:Q2,S,S,0.3543225372058356,1.1102230246251565e-16,0.06407634335761016,4.526138806883879,True,5,0.02
joint_indicator_revision_dfm_full_kalman_em,exact,2023:Q2:pre_second:exact,2023-08-29,pre_second,2023:Q2,S,T,0.33936470102707644,1.1102230246251565e-16,0.06407634335761016,4.526138806883879,True,5,0.02
joint_indicator_revision_dfm_full_kalman_em,exact,2023:Q2:pre_second:exact,2023-08-29,pre_second,2023:Q2,T,A,0.14892564895012375,1.1102230246251565e-16,0.06407634335761016,4.526138806883879,True,5,0.02
joint_indicator_revision_dfm_full_kalman_em,exact,2023:Q2:pre_second:exact,2023-08-29,pre_second,2023:Q2,T,M,0.34938780903112665,1.1102230246251565e-16,0.06407634335761016,4.526138806883879,True,5,0.02
joint_indicator_revision_dfm_full_kalman_em,exact,2023:Q2:pre_second:exact,2023-08-29,pre_second,2023:Q2,T,S,0.33936470102707655,1.1102230246251565e-16,0.06407634335761016,4.526138806883879,True,5,0.02
joint_indicator_revision_dfm_full_kalman_em,exact,2023:Q2:pre_second:exact,2023-08-29,pre_second,2023:Q2,T,T,0.4663490378601418,1.1102230246251565e-16,0.06407634335761016,4.526138806883879,True,5,0.02
monthly_mixed_frequency_kalman_em,exact,2023:Q2:pre_second:exact,2023-08-29,pre_second,2023:Q2,A,A,0.42884457598962106,0.0,0.05858209996535051,4.925000613199408,True,5,0.02
monthly_mixed_frequency_kalman_em,exact,2023:Q2:pre_second:exact,2023-08-29,pre_second,2023:Q2,A,M,0.20558926735494326,0.0,0.05858209996535051,4.925000613199408,True,5,0.02
monthly_mixed_frequency_kalman_em,exact,2023:Q2:pre_second:exact,2023-08-29,pre_second,2023:Q2,A,S,0.2074910906226701,0.0,0.05858209996535051,4.925000613199408,True,5,0.02
monthly_mixed_frequency_kalman_em,exact,2023:Q2:pre_second:exact,2023-08-29,pre_second,2023:Q2,A,T,0.20645373247663726,0.0,0.05858209996535051,4.925000613199408,True,5,0.02
monthly_mixed_frequency_kalman_em,exact,2023:Q2:pre_second:exact,2023-08-29,pre_second,2023:Q2,M,A,0.20558926735494326,0.0,0.05858209996535051,4.925000613199408,True,5,0.02
monthly_mixed_frequency_kalman_em,exact,2023:Q2:pre_second:exact,2023-08-29,pre_second,2023:Q2,M,M,4.789373384255549,0.0,0.05858209996535051,4.925000613199408,True,5,0.02
monthly_mixed_frequency_kalman_em,exact,2023:Q2:pre_second:exact,2023-08-29,pre_second,2023:Q2,M,S,0.42141613230738223,0.0,0.05858209996535051,4.925000613199408,True,5,0.02
monthly_mixed_frequency_kalman_em,exact,2023:Q2:pre_second:exact,2023-08-29,pre_second,2023:Q2,M,T,0.5653007089423417,0.0,0.05858209996535051,4.925000613199408,True,5,0.02
monthly_mixed_frequency_kalman_em,exact,2023:Q2:pre_second:exact,2023-08-29,pre_second,2023:Q2,S,A,0.2074910906226701,0.0,0.05858209996535051,4.925000613199408,True,5,0.02
monthly_mixed_frequency_kalman_em,exact,2023:Q2:pre_second:exact,2023-08-29,pre_second,2023:Q2,S,M,0.42141613230738223,0.0,0.05858209996535051,4.925000613199408,True,5,0.02
monthly_mixed_frequency_kalman_em,exact,2023:Q2:pre_second:exact,2023-08-29,pre_second,2023:Q2,S,S,0.3549966945122124,0.0,0.05858209996535051,4.925000613199408,True,5,0.02
monthly_mixed_frequency_kalman_em,exact,2023:Q2:pre_second:exact,2023-08-29,pre_second,2023:Q2,S,T,0.3679348718862042,0.0,0.05858209996535051,4.925000613199408,True,5,0.02
monthly_mixed_frequency_kalman_em,exact,2023:Q2:pre_second:exact,2023-08-29,pre_second,2023:Q2,T,A,0.20645373247663726,0.0,0.05858209996535051,4.925000613199408,True,5,0.02
monthly_mixed_frequency_kalman_em,exact,2023:Q2:pre_second:exact,2023-08-29,pre_second,2023:Q2,T,M,0.5653007089423417,0.0,0.05858209996535051,4.925000613199408,True,5,0.02
monthly_mixed_frequency_kalman_em,exact,2023:Q2:pre_second:exact,2023-08-29,pre_second,2023:Q2,T,S,0.3679348718862042,0.0,0.05858209996535051,4.925000613199408,True,5,0.02
monthly_mixed_frequency_kalman_em,exact,2023:Q2:pre_second:exact,2023-08-29,pre_second,2023:Q2,T,T,0.5270163222387775,0.0,0.05858209996535051,4.925000613199408,True,5,0.02
revision_dfm_kalman_em,exact,2023:Q2:pre_second:exact,2023-08-29,pre_second,2023:Q2,A,A,0.2842654229254133,5.551115123125783e-17,0.06713835670892748,4.545619739257275,True,5,0.02
revision_dfm_kalman_em,exact,2023:Q2:pre_second:exact,2023-08-29,pre_second,2023:Q2,A,M,0.15102754589951536,5.551115123125783e-17,0.06713835670892748,4.545619739257275,True,5,0.02
revision_dfm_kalman_em,exact,2023:Q2:pre_second:exact,2023-08-29,pre_second,2023:Q2,A,S,0.1504052925858897,5.551115123125783e-17,0.06713835670892748,4.545619739257275,True,5,0.02
revision_dfm_kalman_em,exact,2023:Q2:pre_second:exact,2023-08-29,pre_second,2023:Q2,A,T,0.1507786445740651,5.551115123125783e-17,0.06713835670892748,4.545619739257275,True,5,0.02
revision_dfm_kalman_em,exact,2023:Q2:pre_second:exact,2023-08-29,pre_second,2023:Q2,M,A,0.15102754589951536,5.551115123125783e-17,0.06713835670892748,4.545619739257275,True,5,0.02
revision_dfm_kalman_em,exact,2023:Q2:pre_second:exact,2023-08-29,pre_second,2023:Q2,M,M,4.463783083298828,5.551115123125783e-17,0.06713835670892748,4.545619739257275,True,5,0.02
revision_dfm_kalman_em,exact,2023:Q2:pre_second:exact,2023-08-29,pre_second,2023:Q2,M,S,0.36901726073421925,5.551115123125783e-17,0.06713835670892748,4.545619739257275,True,5,0.02
revision_dfm_kalman_em,exact,2023:Q2:pre_second:exact,2023-08-29,pre_second,2023:Q2,M,T,0.37590114646584144,5.551115123125783e-17,0.06713835670892748,4.545619739257275,True,5,0.02
revision_dfm_kalman_em,exact,2023:Q2:pre_second:exact,2023-08-29,pre_second,2023:Q2,S,A,0.15040529258588972,5.551115123125783e-17,0.06713835670892748,4.545619739257275,True,5,0.02
revision_dfm_kalman_em,exact,2023:Q2:pre_second:exact,2023-08-29,pre_second,2023:Q2,S,M,0.36901726073421925,5.551115123125783e-17,0.06713835670892748,4.545619739257275,True,5,0.02
revision_dfm_kalman_em,exact,2023:Q2:pre_second:exact,2023-08-29,pre_second,2023:Q2,S,S,0.3876554182435396,5.551115123125783e-17,0.06713835670892748,4.545619739257275,True,5,0.02
revision_dfm_kalman_em,exact,2023:Q2:pre_second:exact,2023-08-29,pre_second,2023:Q2,S,T,0.36464502137125265,5.551115123125783e-17,0.06713835670892748,4.545619739257275,True,5,0.02
revision_dfm_kalman_em,exact,2023:Q2:pre_second:exact,2023-08-29,pre_second,2023:Q2,T,A,0.15077864457406506,5.551115123125783e-17,0.06713835670892748,4.545619739257275,True,5,0.02
revision_dfm_kalman_em,exact,2023:Q2:pre_second:exact,2023-08-29,pre_second,2023:Q2,T,M,0.37590114646584144,5.551115123125783e-17,0.06713835670892748,4.545619739257275,True,5,0.02
revision_dfm_kalman_em,exact,2023:Q2:pre_second:exact,2023-08-29,pre_second,2023:Q2,T,S,0.3646450213712526,5.551115123125783e-17,0.06713835670892748,4.545619739257275,True,5,0.02
revision_dfm_kalman_em,exact,2023:Q2:pre_second:exact,2023-08-29,pre_second,2023:Q2,T,T,0.4853646582822979,5.551115123125783e-17,0.06713835670892748,4.545619739257275,True,5,0.02
indicator_revision_only_dfm_kalman_em,pseudo,2023:Q2:pre_second:pseudo,2023-08-31,pre_second,2023:Q2,A,A,0.7518777288015759,0.0,0.0626367571324139,4.572484213120969,True,5,0.02
indicator_revision_only_dfm_kalman_em,pseudo,2023:Q2:pre_second:pseudo,2023-08-31,pre_second,2023:Q2,A,M,0.35677458300993214,0.0,0.0626367571324139,4.572484213120969,True,5,0.02
indicator_revision_only_dfm_kalman_em,pseudo,2023:Q2:pre_second:pseudo,2023-08-31,pre_second,2023:Q2,A,S,0.35677458300993214,0.0,0.0626367571324139,4.572484213120969,True,5,0.02
indicator_revision_only_dfm_kalman_em,pseudo,2023:Q2:pre_second:pseudo,2023-08-31,pre_second,2023:Q2,A,T,0.35677458300993214,0.0,0.0626367571324139,4.572484213120969,True,5,0.02
indicator_revision_only_dfm_kalman_em,pseudo,2023:Q2:pre_second:pseudo,2023-08-31,pre_second,2023:Q2,M,A,0.35677458300993214,0.0,0.0626367571324139,4.572484213120969,True,5,0.02
indicator_revision_only_dfm_kalman_em,pseudo,2023:Q2:pre_second:pseudo,2023-08-31,pre_second,2023:Q2,M,M,4.457341983766315,0.0,0.0626367571324139,4.572484213120969,True,5,0.02
indicator_revision_only_dfm_kalman_em,pseudo,2023:Q2:pre_second:pseudo,2023-08-31,pre_second,2023:Q2,M,S,0.35677458300993214,0.0,0.0626367571324139,4.572484213120969,True,5,0.02
indicator_revision_only_dfm_kalman_em,pseudo,2023:Q2:pre_second:pseudo,2023-08-31,pre_second,2023:Q2,M,T,0.35677458300993214,0.0,0.0626367571324139,4.572484213120969,True,5,0.02
indicator_revision_only_dfm_kalman_em,pseudo,2023:Q2:pre_second:pseudo,2023-08-31,pre_second,2023:Q2,S,A,0.35677458300993214,0.0,0.0626367571324139,4.572484213120969,True,5,0.02
indicator_revision_only_dfm_kalman_em,pseudo,2023:Q2:pre_second:pseudo,2023-08-31,pre_second,2023:Q2,S,M,0.35677458300993214,0.0,0.0626367571324139,4.572484213120969,True,5,0.02
indicator_revision_only_dfm_kalman_em,pseudo,2023:Q2:pre_second:pseudo,2023-08-31,pre_second,2023:Q2,S,S,0.3719671891030935,0.0,0.0626367571324139,4.572484213120969,True,5,0.02
indicator_revision_only_dfm_kalman_em,pseudo,2023:Q2:pre_second:pseudo,2023-08-31,pre_second,2023:Q2,S,T,0.35677458300993214,0.0,0.0626367571324139,4.572484213120969,True,5,0.02
indicator_revision_only_dfm_kalman_em,pseudo,2023:Q2:pre_second:pseudo,2023-08-31,pre_second,2023:Q2,T,A,0.35677458300993214,0.0,0.0626367571324139,4.572484213120969,True,5,0.02
indicator_revision_only_dfm_kalman_em,pseudo,2023:Q2:pre_second:pseudo,2023-08-31,pre_second,2023:Q2,T,M,0.35677458300993214,0.0,0.0626367571324139,4.572484213120969,True,5,0.02
indicator_revision_only_dfm_kalman_em,pseudo,2023:Q2:pre_second:pseudo,2023-08-31,pre_second,2023:Q2,T,S,0.35677458300993214,0.0,0.0626367571324139,4.572484213120969,True,5,0.02
indicator_revision_only_dfm_kalman_em,pseudo,2023:Q2:pre_second:pseudo,2023-08-31,pre_second,2023:Q2,T,T,0.4859934518876466,0.0,0.0626367571324139,4.572484213120969,True,5,0.02
joint_indicator_revision_dfm_full_kalman_em,pseudo,2023:Q2:pre_second:pseudo,2023-08-31,pre_second,2023:Q2,A,A,0.2696142629389568,2.7755575615628914e-17,0.06407635338180771,4.526138428191408,True,5,0.02
joint_indicator_revision_dfm_full_kalman_em,pseudo,2023:Q2:pre_second:pseudo,2023-08-31,pre_second,2023:Q2,A,M,0.14927595729885154,2.7755575615628914e-17,0.06407635338180771,4.526138428191408,True,5,0.02
joint_indicator_revision_dfm_full_kalman_em,pseudo,2023:Q2:pre_second:pseudo,2023-08-31,pre_second,2023:Q2,A,S,0.14839937716185353,2.7755575615628914e-17,0.06407635338180771,4.526138428191408,True,5,0.02
joint_indicator_revision_dfm_full_kalman_em,pseudo,2023:Q2:pre_second:pseudo,2023-08-31,pre_second,2023:Q2,A,T,0.14892532524405233,2.7755575615628914e-17,0.06407635338180771,4.526138428191408,True,5,0.02
joint_indicator_revision_dfm_full_kalman_em,pseudo,2023:Q2:pre_second:pseudo,2023-08-31,pre_second,2023:Q2,M,A,0.14927595729885154,2.7755575615628914e-17,0.06407635338180771,4.526138428191408,True,5,0.02
joint_indicator_revision_dfm_full_kalman_em,pseudo,2023:Q2:pre_second:pseudo,2023-08-31,pre_second,2023:Q2,M,M,4.455244456315678,2.7755575615628914e-17,0.06407635338180771,4.526138428191408,True,5,0.02
joint_indicator_revision_dfm_full_kalman_em,pseudo,2023:Q2:pre_second:pseudo,2023-08-31,pre_second,2023:Q2,M,S,0.3432617645439851,2.7755575615628914e-17,0.06407635338180771,4.526138428191408,True,5,0.02
joint_indicator_revision_dfm_full_kalman_em,pseudo,2023:Q2:pre_second:pseudo,2023-08-31,pre_second,2023:Q2,M,T,0.34938763214119983,2.7755575615628914e-17,0.06407635338180771,4.526138428191408,True,5,0.02
joint_indicator_revision_dfm_full_kalman_em,pseudo,2023:Q2:pre_second:pseudo,2023-08-31,pre_second,2023:Q2,S,A,0.14839937716185353,2.7755575615628914e-17,0.06407635338180771,4.526138428191408,True,5,0.02
joint_indicator_revision_dfm_full_kalman_em,pseudo,2023:Q2:pre_second:pseudo,2023-08-31,pre_second,2023:Q2,S,M,0.3432617645439851,2.7755575615628914e-17,0.06407635338180771,4.526138428191408,True,5,0.02
joint_indicator_revision_dfm_full_kalman_em,pseudo,2023:Q2:pre_second:pseudo,2023-08-31,pre_second,2023:Q2,S,S,0.35432238039946057,2.7755575615628914e-17,0.06407635338180771,4.526138428191408,True,5,0.02
joint_indicator_revision_dfm_full_kalman_em,pseudo,2023:Q2:pre_second:pseudo,2023-08-31,pre_second,2023:Q2,S,T,0.3393645167963425,2.7755575615628914e-17,0.06407635338180771,4.526138428191408,True,5,0.02
joint_indicator_revision_dfm_full_kalman_em,pseudo,2023:Q2:pre_second:pseudo,2023-08-31,pre_second,2023:Q2,T,A,0.14892532524405236,2.7755575615628914e-17,0.06407635338180771,4.526138428191408,True,5,0.02
joint_indicator_revision_dfm_full_kalman_em,pseudo,2023:Q2:pre_second:pseudo,2023-08-31,pre_second,2023:Q2,T,M,0.34938763214119983,2.7755575615628914e-17,0.06407635338180771,4.526138428191408,True,5,0.02
joint_indicator_revision_dfm_full_kalman_em,pseudo,2023:Q2:pre_second:pseudo,2023-08-31,pre_second,2023:Q2,T,S,0.3393645167963425,2.7755575615628914e-17,0.06407635338180771,4.526138428191408,True,5,0.02
joint_indicator_revision_dfm_full_kalman_em,pseudo,2023:Q2:pre_second:pseudo,2023-08-31,pre_second,2023:Q2,T,T,0.46634882616701023,2.7755575615628914e-17,0.06407635338180771,4.526138428191408,True,5,0.02
monthly_mixed_frequency_kalman_em,pseudo,2023:Q2:pre_second:pseudo,2023-08-31,pre_second,2023:Q2,A,A,0.42883396037326904,0.0,0.05858234267597699,4.925004376858317,True,5,0.02
monthly_mixed_frequency_kalman_em,pseudo,2023:Q2:pre_second:pseudo,2023-08-31,pre_second,2023:Q2,A,M,0.20558501552731467,0.0,0.05858234267597699,4.925004376858317,True,5,0.02
monthly_mixed_frequency_kalman_em,pseudo,2023:Q2:pre_second:pseudo,2023-08-31,pre_second,2023:Q2,A,S,0.20748621634592904,0.0,0.05858234267597699,4.925004376858317,True,5,0.02
monthly_mixed_frequency_kalman_em,pseudo,2023:Q2:pre_second:pseudo,2023-08-31,pre_second,2023:Q2,A,T,0.2064491977175939,0.0,0.05858234267597699,4.925004376858317,True,5,0.02
monthly_mixed_frequency_kalman_em,pseudo,2023:Q2:pre_second:pseudo,2023-08-31,pre_second,2023:Q2,M,A,0.20558501552731467,0.0,0.05858234267597699,4.925004376858317,True,5,0.02
monthly_mixed_frequency_kalman_em,pseudo,2023:Q2:pre_second:pseudo,2023-08-31,pre_second,2023:Q2,M,M,4.789377711698972,0.0,0.05858234267597699,4.925004376858317,True,5,0.02
monthly_mixed_frequency_kalman_em,pseudo,2023:Q2:pre_second:pseudo,2023-08-31,pre_second,2023:Q2,M,S,0.4214153955435088,0.0,0.05858234267597699,4.925004376858317,True,5,0.02
monthly_mixed_frequency_kalman_em,pseudo,2023:Q2:pre_second:pseudo,2023-08-31,pre_second,2023:Q2,M,T,0.565302315554305,0.0,0.05858234267597699,4.925004376858317,True,5,0.02
monthly_mixed_frequency_kalman_em,pseudo,2023:Q2:pre_second:pseudo,2023-08-31,pre_second,2023:Q2,S,A,0.20748621634592904,0.0,0.05858234267597699,4.925004376858317,True,5,0.02
monthly_mixed_frequency_kalman_em,pseudo,2023:Q2:pre_second:pseudo,2023-08-31,pre_second,2023:Q2,S,M,0.4214153955435088,0.0,0.05858234267597699,4.925004376858317,True,5,0.02
monthly_mixed_frequency_kalman_em,pseudo,2023:Q2:pre_second:pseudo,2023-08-31,pre_second,2023:Q2,S,S,0.3549942202045279,0.0,0.05858234267597699,4.925004376858317,True,5,0.02
monthly_mixed_frequency_kalman_em,pseudo,2023:Q2:pre_second:pseudo,2023-08-31,pre_second,2023:Q2,S,T,0.36793310074411384,0.0,0.05858234267597699,4.925004376858317,True,5,0.02
monthly_mixed_frequency_kalman_em,pseudo,2023:Q2:pre_second:pseudo,2023-08-31,pre_second,2023:Q2,T,A,0.2064491977175939,0.0,0.05858234267597699,4.925004376858317,True,5,0.02
monthly_mixed_frequency_kalman_em,pseudo,2023:Q2:pre_second:pseudo,2023-08-31,pre_second,2023:Q2,T,M,0.565302315554305,0.0,0.05858234267597699,4.925004376858317,True,5,0.02
monthly_mixed_frequency_kalman_em,pseudo,2023:Q2:pre_second:pseudo,2023-08-31,pre_second,2023:Q2,T,S,0.36793310074411384,0.0,0.05858234267597699,4.925004376858317,True,5,0.02
monthly_mixed_frequency_kalman_em,pseudo,2023:Q2:pre_second:pseudo,2023-08-31,pre_second,2023:Q2,T,T,0.5270164521263039,0.0,0.05858234267597699,4.925004376858317,True,5,0.02
revision_dfm_kalman_em,pseudo,2023:Q2:pre_second:pseudo,2023-08-31,pre_second,2023:Q2,A,A,0.2842658175551282,2.7755575615628914e-17,0.0671383518206375,4.545619602879192,True,5,0.02
revision_dfm_kalman_em,pseudo,2023:Q2:pre_second:pseudo,2023-08-31,pre_second,2023:Q2,A,M,0.15102777226744188,2.7755575615628914e-17,0.0671383518206375,4.545619602879192,True,5,0.02
revision_dfm_kalman_em,pseudo,2023:Q2:pre_second:pseudo,2023-08-31,pre_second,2023:Q2,A,S,0.15040551824807344,2.7755575615628914e-17,0.0671383518206375,4.545619602879192,True,5,0.02
revision_dfm_kalman_em,pseudo,2023:Q2:pre_second:pseudo,2023-08-31,pre_second,2023:Q2,A,T,0.15077887065969447,2.7755575615628914e-17,0.0671383518206375,4.545619602879192,True,5,0.02
revision_dfm_kalman_em,pseudo,2023:Q2:pre_second:pseudo,2023-08-31,pre_second,2023:Q2,M,A,0.15102777226744188,2.7755575615628914e-17,0.0671383518206375,4.545619602879192,True,5,0.02
revision_dfm_kalman_em,pseudo,2023:Q2:pre_second:pseudo,2023-08-31,pre_second,2023:Q2,M,M,4.463783003488509,2.7755575615628914e-17,0.0671383518206375,4.545619602879192,True,5,0.02
revision_dfm_kalman_em,pseudo,2023:Q2:pre_second:pseudo,2023-08-31,pre_second,2023:Q2,M,S,0.3690170782757602,2.7755575615628914e-17,0.0671383518206375,4.545619602879192,True,5,0.02
revision_dfm_kalman_em,pseudo,2023:Q2:pre_second:pseudo,2023-08-31,pre_second,2023:Q2,M,T,0.3759009510970755,2.7755575615628914e-17,0.0671383518206375,4.545619602879192,True,5,0.02
revision_dfm_kalman_em,pseudo,2023:Q2:pre_second:pseudo,2023-08-31,pre_second,2023:Q2,S,A,0.1504055182480734,2.7755575615628914e-17,0.0671383518206375,4.545619602879192,True,5,0.02
revision_dfm_kalman_em,pseudo,2023:Q2:pre_second:pseudo,2023-08-31,pre_second,2023:Q2,S,M,0.3690170782757602,2.7755575615628914e-17,0.0671383518206375,4.545619602879192,True,5,0.02
revision_dfm_kalman_em,pseudo,2023:Q2:pre_second:pseudo,2023-08-31,pre_second,2023:Q2,S,S,0.3876552172691583,2.7755575615628914e-17,0.0671383518206375,4.545619602879192,True,5,0.02
revision_dfm_kalman_em,pseudo,2023:Q2:pre_second:pseudo,2023-08-31,pre_second,2023:Q2,S,T,0.3646448470752064,2.7755575615628914e-17,0.0671383518206375,4.545619602879192,True,5,0.02
revision_dfm_kalman_em,pseudo,2023:Q2:pre_second:pseudo,2023-08-31,pre_second,2023:Q2,T,A,0.15077887065969447,2.7755575615628914e-17,0.0671383518206375,4.545619602879192,True,5,0.02
revision_dfm_kalman_em,pseudo,2023:Q2:pre_second:pseudo,2023-08-31,pre_second,2023:Q2,T,M,0.3759009510970755,2.7755575615628914e-17,0.0671383518206375,4.545619602879192,True,5,0.02
revision_dfm_kalman_em,pseudo,2023:Q2:pre_second:pseudo,2023-08-31,pre_second,2023:Q2,T,S,0.3646448470752064,2.7755575615628914e-17,0.0671383518206375,4.545619602879192,True,5,0.02
revision_dfm_kalman_em,pseudo,2023:Q2:pre_second:pseudo,2023-08-31,pre_second,2023:Q2,T,T,0.48536452400662966,2.7755575615628914e-17,0.0671383518206375,4.545619602879192,True,5,0.02
indicator_revision_only_dfm_kalman_em,exact,2023:Q2:pre_third:exact,2023-09-27,pre_third,2023:Q2,A,A,0.4160267298744195,0.0,0.04680556243759218,4.103097199539417,True,5,0.02
indicator_revision_only_dfm_kalman_em,exact,2023:Q2:pre_third:exact,2023-09-27,pre_third,2023:Q2,A,M,0.026377073078608006,0.0,0.04680556243759218,4.103097199539417,True,5,0.02
indicator_revision_only_dfm_kalman_em,exact,2023:Q2:pre_third:exact,2023-09-27,pre_third,2023:Q2,A,S,0.026377073078608006,0.0,0.04680556243759218,4.103097199539417,True,5,0.02
indicator_revision_only_dfm_kalman_em,exact,2023:Q2:pre_third:exact,2023-09-27,pre_third,2023:Q2,A,T,0.026377073078608006,0.0,0.04680556243759218,4.103097199539417,True,5,0.02
indicator_revision_only_dfm_kalman_em,exact,2023:Q2:pre_third:exact,2023-09-27,pre_third,2023:Q2,M,A,0.026377073078608006,0.0,0.04680556243759218,4.103097199539417,True,5,0.02
indicator_revision_only_dfm_kalman_em,exact,2023:Q2:pre_third:exact,2023-09-27,pre_third,2023:Q2,M,M,4.102553448975278,0.0,0.04680556243759218,4.103097199539417,True,5,0.02
indicator_revision_only_dfm_kalman_em,exact,2023:Q2:pre_third:exact,2023-09-27,pre_third,2023:Q2,M,S,0.026377073078608006,0.0,0.04680556243759218,4.103097199539417,True,5,0.02
indicator_revision_only_dfm_kalman_em,exact,2023:Q2:pre_third:exact,2023-09-27,pre_third,2023:Q2,M,T,0.026377073078608006,0.0,0.04680556243759218,4.103097199539417,True,5,0.02
indicator_revision_only_dfm_kalman_em,exact,2023:Q2:pre_third:exact,2023-09-27,pre_third,2023:Q2,S,A,0.026377073078608006,0.0,0.04680556243759218,4.103097199539417,True,5,0.02
indicator_revision_only_dfm_kalman_em,exact,2023:Q2:pre_third:exact,2023-09-27,pre_third,2023:Q2,S,M,0.026377073078608006,0.0,0.04680556243759218,4.103097199539417,True,5,0.02
indicator_revision_only_dfm_kalman_em,exact,2023:Q2:pre_third:exact,2023-09-27,pre_third,2023:Q2,S,S,0.054947544280178694,0.0,0.04680556243759218,4.103097199539417,True,5,0.02
indicator_revision_only_dfm_kalman_em,exact,2023:Q2:pre_third:exact,2023-09-27,pre_third,2023:Q2,S,T,0.026377073078608006,0.0,0.04680556243759218,4.103097199539417,True,5,0.02
indicator_revision_only_dfm_kalman_em,exact,2023:Q2:pre_third:exact,2023-09-27,pre_third,2023:Q2,T,A,0.026377073078608006,0.0,0.04680556243759218,4.103097199539417,True,5,0.02
indicator_revision_only_dfm_kalman_em,exact,2023:Q2:pre_third:exact,2023-09-27,pre_third,2023:Q2,T,M,0.026377073078608006,0.0,0.04680556243759218,4.103097199539417,True,5,0.02
indicator_revision_only_dfm_kalman_em,exact,2023:Q2:pre_third:exact,2023-09-27,pre_third,2023:Q2,T,S,0.026377073078608006,0.0,0.04680556243759218,4.103097199539417,True,5,0.02
indicator_revision_only_dfm_kalman_em,exact,2023:Q2:pre_third:exact,2023-09-27,pre_third,2023:Q2,T,T,0.1458430482399598,0.0,0.04680556243759218,4.103097199539417,True,5,0.02
joint_indicator_revision_dfm_full_kalman_em,exact,2023:Q2:pre_third:exact,2023-09-27,pre_third,2023:Q2,A,A,0.20623805070649398,3.469446951953614e-18,0.04808055976989488,4.116188344219867,True,5,0.02
joint_indicator_revision_dfm_full_kalman_em,exact,2023:Q2:pre_third:exact,2023-09-27,pre_third,2023:Q2,A,M,0.008483069389004826,3.469446951953614e-18,0.04808055976989488,4.116188344219867,True,5,0.02
joint_indicator_revision_dfm_full_kalman_em,exact,2023:Q2:pre_third:exact,2023-09-27,pre_third,2023:Q2,A,S,0.011620091467293333,3.469446951953614e-18,0.04808055976989488,4.116188344219867,True,5,0.02
joint_indicator_revision_dfm_full_kalman_em,exact,2023:Q2:pre_third:exact,2023-09-27,pre_third,2023:Q2,A,T,0.00973787822032023,3.469446951953614e-18,0.04808055976989488,4.116188344219867,True,5,0.02
joint_indicator_revision_dfm_full_kalman_em,exact,2023:Q2:pre_third:exact,2023-09-27,pre_third,2023:Q2,M,A,0.008483069389004826,3.469446951953614e-18,0.04808055976989488,4.116188344219867,True,5,0.02
joint_indicator_revision_dfm_full_kalman_em,exact,2023:Q2:pre_third:exact,2023-09-27,pre_third,2023:Q2,M,M,4.1157657699803,3.469446951953614e-18,0.04808055976989488,4.116188344219867,True,5,0.02
joint_indicator_revision_dfm_full_kalman_em,exact,2023:Q2:pre_third:exact,2023-09-27,pre_third,2023:Q2,M,S,0.02805406712751752,3.469446951953614e-18,0.04808055976989488,4.116188344219867,True,5,0.02
joint_indicator_revision_dfm_full_kalman_em,exact,2023:Q2:pre_third:exact,2023-09-27,pre_third,2023:Q2,M,T,0.028672098635049496,3.469446951953614e-18,0.04808055976989488,4.116188344219867,True,5,0.02
joint_indicator_revision_dfm_full_kalman_em,exact,2023:Q2:pre_third:exact,2023-09-27,pre_third,2023:Q2,S,A,0.011620091467293333,3.469446951953614e-18,0.04808055976989488,4.116188344219867,True,5,0.02
joint_indicator_revision_dfm_full_kalman_em,exact,2023:Q2:pre_third:exact,2023-09-27,pre_third,2023:Q2,S,M,0.02805406712751752,3.469446951953614e-18,0.04808055976989488,4.116188344219867,True,5,0.02
joint_indicator_revision_dfm_full_kalman_em,exact,2023:Q2:pre_third:exact,2023-09-27,pre_third,2023:Q2,S,S,0.056872678520934736,3.469446951953614e-18,0.04808055976989488,4.116188344219867,True,5,0.02
joint_indicator_revision_dfm_full_kalman_em,exact,2023:Q2:pre_third:exact,2023-09-27,pre_third,2023:Q2,S,T,0.027725387614313035,3.469446951953614e-18,0.04808055976989488,4.116188344219867,True,5,0.02
joint_indicator_revision_dfm_full_kalman_em,exact,2023:Q2:pre_third:exact,2023-09-27,pre_third,2023:Q2,T,A,0.009737878220320226,3.469446951953614e-18,0.04808055976989488,4.116188344219867,True,5,0.02
joint_indicator_revision_dfm_full_kalman_em,exact,2023:Q2:pre_third:exact,2023-09-27,pre_third,2023:Q2,T,M,0.028672098635049496,3.469446951953614e-18,0.04808055976989488,4.116188344219867,True,5,0.02
joint_indicator_revision_dfm_full_kalman_em,exact,2023:Q2:pre_third:exact,2023-09-27,pre_third,2023:Q2,T,S,0.02772538761431303,3.469446951953614e-18,0.04808055976989488,4.116188344219867,True,5,0.02
joint_indicator_revision_dfm_full_kalman_em,exact,2023:Q2:pre_third:exact,2023-09-27,pre_third,2023:Q2,T,T,0.1416496715196298,3.469446951953614e-18,0.04808055976989488,4.116188344219867,True,5,0.02
monthly_mixed_frequency_kalman_em,exact,2023:Q2:pre_third:exact,2023-09-27,pre_third,2023:Q2,A,A,0.30673119474131516,0.0,0.05794473954101374,4.294405537874023,True,5,0.02
monthly_mixed_frequency_kalman_em,exact,2023:Q2:pre_third:exact,2023-09-27,pre_third,2023:Q2,A,M,-0.04055616472603621,0.0,0.05794473954101374,4.294405537874023,True,5,0.02
monthly_mixed_frequency_kalman_em,exact,2023:Q2:pre_third:exact,2023-09-27,pre_third,2023:Q2,A,S,0.029949176669857545,0.0,0.05794473954101374,4.294405537874023,True,5,0.02
monthly_mixed_frequency_kalman_em,exact,2023:Q2:pre_third:exact,2023-09-27,pre_third,2023:Q2,A,T,-0.008508282273357228,0.0,0.05794473954101374,4.294405537874023,True,5,0.02
monthly_mixed_frequency_kalman_em,exact,2023:Q2:pre_third:exact,2023-09-27,pre_third,2023:Q2,M,A,-0.04055616472603621,0.0,0.05794473954101374,4.294405537874023,True,5,0.02
monthly_mixed_frequency_kalman_em,exact,2023:Q2:pre_third:exact,2023-09-27,pre_third,2023:Q2,M,M,4.289087665989459,0.0,0.05794473954101374,4.294405537874023,True,5,0.02
monthly_mixed_frequency_kalman_em,exact,2023:Q2:pre_third:exact,2023-09-27,pre_third,2023:Q2,M,S,0.060862082673628644,0.0,0.05794473954101374,4.294405537874023,True,5,0.02
monthly_mixed_frequency_kalman_em,exact,2023:Q2:pre_third:exact,2023-09-27,pre_third,2023:Q2,M,T,0.12847424760673856,0.0,0.05794473954101374,4.294405537874023,True,5,0.02
monthly_mixed_frequency_kalman_em,exact,2023:Q2:pre_third:exact,2023-09-27,pre_third,2023:Q2,S,A,0.029949176669857545,0.0,0.05794473954101374,4.294405537874023,True,5,0.02
monthly_mixed_frequency_kalman_em,exact,2023:Q2:pre_third:exact,2023-09-27,pre_third,2023:Q2,S,M,0.060862082673628644,0.0,0.05794473954101374,4.294405537874023,True,5,0.02
monthly_mixed_frequency_kalman_em,exact,2023:Q2:pre_third:exact,2023-09-27,pre_third,2023:Q2,S,S,0.0951480127142676,0.0,0.05794473954101374,4.294405537874023,True,5,0.02
monthly_mixed_frequency_kalman_em,exact,2023:Q2:pre_third:exact,2023-09-27,pre_third,2023:Q2,S,T,0.05313385617268588,0.0,0.05794473954101374,4.294405537874023,True,5,0.02
monthly_mixed_frequency_kalman_em,exact,2023:Q2:pre_third:exact,2023-09-27,pre_third,2023:Q2,T,A,-0.008508282273357228,0.0,0.05794473954101374,4.294405537874023,True,5,0.02
monthly_mixed_frequency_kalman_em,exact,2023:Q2:pre_third:exact,2023-09-27,pre_third,2023:Q2,T,M,0.12847424760673856,0.0,0.05794473954101374,4.294405537874023,True,5,0.02
monthly_mixed_frequency_kalman_em,exact,2023:Q2:pre_third:exact,2023-09-27,pre_third,2023:Q2,T,S,0.05313385617268588,0.0,0.05794473954101374,4.294405537874023,True,5,0.02
monthly_mixed_frequency_kalman_em,exact,2023:Q2:pre_third:exact,2023-09-27,pre_third,2023:Q2,T,T,0.14564443923137343,0.0,0.05794473954101374,4.294405537874023,True,5,0.02
revision_dfm_kalman_em,exact,2023:Q2:pre_third:exact,2023-09-27,pre_third,2023:Q2,A,A,0.22635566528616574,3.469446951953614e-18,0.04305637942044425,4.11713172629498,True,5,0.02
revision_dfm_kalman_em,exact,2023:Q2:pre_third:exact,2023-09-27,pre_third,2023:Q2,A,M,0.006394574211566717,3.469446951953614e-18,0.04305637942044425,4.11713172629498,True,5,0.02
revision_dfm_kalman_em,exact,2023:Q2:pre_third:exact,2023-09-27,pre_third,2023:Q2,A,S,0.010056500311757234,3.469446951953614e-18,0.04305637942044425,4.11713172629498,True,5,0.02
revision_dfm_kalman_em,exact,2023:Q2:pre_third:exact,2023-09-27,pre_third,2023:Q2,A,T,0.007859344651642924,3.469446951953614e-18,0.04305637942044425,4.11713172629498,True,5,0.02
revision_dfm_kalman_em,exact,2023:Q2:pre_third:exact,2023-09-27,pre_third,2023:Q2,M,A,0.006394574211566717,3.469446951953614e-18,0.04305637942044425,4.11713172629498,True,5,0.02
revision_dfm_kalman_em,exact,2023:Q2:pre_third:exact,2023-09-27,pre_third,2023:Q2,M,M,4.1168102018697565,3.469446951953614e-18,0.04305637942044425,4.11713172629498,True,5,0.02
revision_dfm_kalman_em,exact,2023:Q2:pre_third:exact,2023-09-27,pre_third,2023:Q2,M,S,0.02462206257193626,3.469446951953614e-18,0.04305637942044425,4.11713172629498,True,5,0.02
revision_dfm_kalman_em,exact,2023:Q2:pre_third:exact,2023-09-27,pre_third,2023:Q2,M,T,0.025197667467526875,3.469446951953614e-18,0.04305637942044425,4.11713172629498,True,5,0.02
revision_dfm_kalman_em,exact,2023:Q2:pre_third:exact,2023-09-27,pre_third,2023:Q2,S,A,0.010056500311757236,3.469446951953614e-18,0.04305637942044425,4.11713172629498,True,5,0.02
revision_dfm_kalman_em,exact,2023:Q2:pre_third:exact,2023-09-27,pre_third,2023:Q2,S,M,0.02462206257193626,3.469446951953614e-18,0.04305637942044425,4.11713172629498,True,5,0.02
revision_dfm_kalman_em,exact,2023:Q2:pre_third:exact,2023-09-27,pre_third,2023:Q2,S,S,0.049478758162308,3.469446951953614e-18,0.04305637942044425,4.11713172629498,True,5,0.02
revision_dfm_kalman_em,exact,2023:Q2:pre_third:exact,2023-09-27,pre_third,2023:Q2,S,T,0.02433075132673268,3.469446951953614e-18,0.04305637942044425,4.11713172629498,True,5,0.02
revision_dfm_kalman_em,exact,2023:Q2:pre_third:exact,2023-09-27,pre_third,2023:Q2,T,A,0.007859344651642924,3.469446951953614e-18,0.04305637942044425,4.11713172629498,True,5,0.02
revision_dfm_kalman_em,exact,2023:Q2:pre_third:exact,2023-09-27,pre_third,2023:Q2,T,M,0.025197667467526875,3.469446951953614e-18,0.04305637942044425,4.11713172629498,True,5,0.02
revision_dfm_kalman_em,exact,2023:Q2:pre_third:exact,2023-09-27,pre_third,2023:Q2,T,S,0.024330751326732677,3.469446951953614e-18,0.04305637942044425,4.11713172629498,True,5,0.02
revision_dfm_kalman_em,exact,2023:Q2:pre_third:exact,2023-09-27,pre_third,2023:Q2,T,T,0.1420631705704756,3.469446951953614e-18,0.04305637942044425,4.11713172629498,True,5,0.02
indicator_revision_only_dfm_kalman_em,pseudo,2023:Q2:pre_third:pseudo,2023-09-30,pre_third,2023:Q2,A,A,0.4152765091968968,0.0,0.04547920603095271,4.103730987644987,True,5,0.02
indicator_revision_only_dfm_kalman_em,pseudo,2023:Q2:pre_third:pseudo,2023-09-30,pre_third,2023:Q2,A,M,0.0254989943527499,0.0,0.04547920603095271,4.103730987644987,True,5,0.02
indicator_revision_only_dfm_kalman_em,pseudo,2023:Q2:pre_third:pseudo,2023-09-30,pre_third,2023:Q2,A,S,0.0254989943527499,0.0,0.04547920603095271,4.103730987644987,True,5,0.02
indicator_revision_only_dfm_kalman_em,pseudo,2023:Q2:pre_third:pseudo,2023-09-30,pre_third,2023:Q2,A,T,0.0254989943527499,0.0,0.04547920603095271,4.103730987644987,True,5,0.02
indicator_revision_only_dfm_kalman_em,pseudo,2023:Q2:pre_third:pseudo,2023-09-30,pre_third,2023:Q2,M,A,0.0254989943527499,0.0,0.04547920603095271,4.103730987644987,True,5,0.02
indicator_revision_only_dfm_kalman_em,pseudo,2023:Q2:pre_third:pseudo,2023-09-30,pre_third,2023:Q2,M,M,4.103223272833952,0.0,0.04547920603095271,4.103730987644987,True,5,0.02
indicator_revision_only_dfm_kalman_em,pseudo,2023:Q2:pre_third:pseudo,2023-09-30,pre_third,2023:Q2,M,S,0.0254989943527499,0.0,0.04547920603095271,4.103730987644987,True,5,0.02
indicator_revision_only_dfm_kalman_em,pseudo,2023:Q2:pre_third:pseudo,2023-09-30,pre_third,2023:Q2,M,T,0.0254989943527499,0.0,0.04547920603095271,4.103730987644987,True,5,0.02
indicator_revision_only_dfm_kalman_em,pseudo,2023:Q2:pre_third:pseudo,2023-09-30,pre_third,2023:Q2,S,A,0.0254989943527499,0.0,0.04547920603095271,4.103730987644987,True,5,0.02
indicator_revision_only_dfm_kalman_em,pseudo,2023:Q2:pre_third:pseudo,2023-09-30,pre_third,2023:Q2,S,M,0.0254989943527499,0.0,0.04547920603095271,4.103730987644987,True,5,0.02
indicator_revision_only_dfm_kalman_em,pseudo,2023:Q2:pre_third:pseudo,2023-09-30,pre_third,2023:Q2,S,S,0.053040931699170187,0.0,0.04547920603095271,4.103730987644987,True,5,0.02
indicator_revision_only_dfm_kalman_em,pseudo,2023:Q2:pre_third:pseudo,2023-09-30,pre_third,2023:Q2,S,T,0.0254989943527499,0.0,0.04547920603095271,4.103730987644987,True,5,0.02
indicator_revision_only_dfm_kalman_em,pseudo,2023:Q2:pre_third:pseudo,2023-09-30,pre_third,2023:Q2,T,A,0.0254989943527499,0.0,0.04547920603095271,4.103730987644987,True,5,0.02
indicator_revision_only_dfm_kalman_em,pseudo,2023:Q2:pre_third:pseudo,2023-09-30,pre_third,2023:Q2,T,M,0.0254989943527499,0.0,0.04547920603095271,4.103730987644987,True,5,0.02
indicator_revision_only_dfm_kalman_em,pseudo,2023:Q2:pre_third:pseudo,2023-09-30,pre_third,2023:Q2,T,S,0.0254989943527499,0.0,0.04547920603095271,4.103730987644987,True,5,0.02
indicator_revision_only_dfm_kalman_em,pseudo,2023:Q2:pre_third:pseudo,2023-09-30,pre_third,2023:Q2,T,T,0.1457157440211571,0.0,0.04547920603095271,4.103730987644987,True,5,0.02
joint_indicator_revision_dfm_full_kalman_em,pseudo,2023:Q2:pre_third:pseudo,2023-09-30,pre_third,2023:Q2,A,A,0.20631597015375783,3.469446951953614e-18,0.04700804426176949,4.116813445938953,True,5,0.02
joint_indicator_revision_dfm_full_kalman_em,pseudo,2023:Q2:pre_third:pseudo,2023-09-30,pre_third,2023:Q2,A,M,0.008279143276952894,3.469446951953614e-18,0.04700804426176949,4.116813445938953,True,5,0.02
joint_indicator_revision_dfm_full_kalman_em,pseudo,2023:Q2:pre_third:pseudo,2023-09-30,pre_third,2023:Q2,A,S,0.011401704212642855,3.469446951953614e-18,0.04700804426176949,4.116813445938953,True,5,0.02
joint_indicator_revision_dfm_full_kalman_em,pseudo,2023:Q2:pre_third:pseudo,2023-09-30,pre_third,2023:Q2,A,T,0.009528167651228879,3.469446951953614e-18,0.04700804426176949,4.116813445938953,True,5,0.02
joint_indicator_revision_dfm_full_kalman_em,pseudo,2023:Q2:pre_third:pseudo,2023-09-30,pre_third,2023:Q2,M,A,0.008279143276952894,3.469446951953614e-18,0.04700804426176949,4.116813445938953,True,5,0.02
joint_indicator_revision_dfm_full_kalman_em,pseudo,2023:Q2:pre_third:pseudo,2023-09-30,pre_third,2023:Q2,M,M,4.11641387665147,3.469446951953614e-18,0.04700804426176949,4.116813445938953,True,5,0.02
joint_indicator_revision_dfm_full_kalman_em,pseudo,2023:Q2:pre_third:pseudo,2023-09-30,pre_third,2023:Q2,M,S,0.027283504108378275,3.469446951953614e-18,0.04700804426176949,4.116813445938953,True,5,0.02
joint_indicator_revision_dfm_full_kalman_em,pseudo,2023:Q2:pre_third:pseudo,2023-09-30,pre_third,2023:Q2,M,T,0.02788364181884434,3.469446951953614e-18,0.04700804426176949,4.116813445938953,True,5,0.02
joint_indicator_revision_dfm_full_kalman_em,pseudo,2023:Q2:pre_third:pseudo,2023-09-30,pre_third,2023:Q2,S,A,0.011401704212642853,3.469446951953614e-18,0.04700804426176949,4.116813445938953,True,5,0.02
joint_indicator_revision_dfm_full_kalman_em,pseudo,2023:Q2:pre_third:pseudo,2023-09-30,pre_third,2023:Q2,S,M,0.027283504108378275,3.469446951953614e-18,0.04700804426176949,4.116813445938953,True,5,0.02
joint_indicator_revision_dfm_full_kalman_em,pseudo,2023:Q2:pre_third:pseudo,2023-09-30,pre_third,2023:Q2,S,S,0.05525736247370526,3.469446951953614e-18,0.04700804426176949,4.116813445938953,True,5,0.02
joint_indicator_revision_dfm_full_kalman_em,pseudo,2023:Q2:pre_third:pseudo,2023-09-30,pre_third,2023:Q2,S,T,0.026965868110463566,3.469446951953614e-18,0.04700804426176949,4.116813445938953,True,5,0.02
joint_indicator_revision_dfm_full_kalman_em,pseudo,2023:Q2:pre_third:pseudo,2023-09-30,pre_third,2023:Q2,T,A,0.009528167651228875,3.469446951953614e-18,0.04700804426176949,4.116813445938953,True,5,0.02
joint_indicator_revision_dfm_full_kalman_em,pseudo,2023:Q2:pre_third:pseudo,2023-09-30,pre_third,2023:Q2,T,M,0.02788364181884434,3.469446951953614e-18,0.04700804426176949,4.116813445938953,True,5,0.02
joint_indicator_revision_dfm_full_kalman_em,pseudo,2023:Q2:pre_third:pseudo,2023-09-30,pre_third,2023:Q2,T,S,0.026965868110463566,3.469446951953614e-18,0.04700804426176949,4.116813445938953,True,5,0.02
joint_indicator_revision_dfm_full_kalman_em,pseudo,2023:Q2:pre_third:pseudo,2023-09-30,pre_third,2023:Q2,T,T,0.14164671712434737,3.469446951953614e-18,0.04700804426176949,4.116813445938953,True,5,0.02
monthly_mixed_frequency_kalman_em,pseudo,2023:Q2:pre_third:pseudo,2023-09-30,pre_third,2023:Q2,A,A,0.30661417854906003,0.0,0.05795315140692241,4.294482134038296,True,5,0.02
monthly_mixed_frequency_kalman_em,pseudo,2023:Q2:pre_third:pseudo,2023-09-30,pre_third,2023:Q2,A,M,-0.040549054470456904,0.0,0.05795315140692241,4.294482134038296,True,5,0.02
monthly_mixed_frequency_kalman_em,pseudo,2023:Q2:pre_third:pseudo,2023-09-30,pre_third,2023:Q2,A,S,0.029948231612251984,0.0,0.05795315140692241,4.294482134038296,True,5,0.02
monthly_mixed_frequency_kalman_em,pseudo,2023:Q2:pre_third:pseudo,2023-09-30,pre_third,2023:Q2,A,T,-0.008504833523771044,0.0,0.05795315140692241,4.294482134038296,True,5,0.02
monthly_mixed_frequency_kalman_em,pseudo,2023:Q2:pre_third:pseudo,2023-09-30,pre_third,2023:Q2,M,A,-0.040549054470456904,0.0,0.05795315140692241,4.294482134038296,True,5,0.02
monthly_mixed_frequency_kalman_em,pseudo,2023:Q2:pre_third:pseudo,2023-09-30,pre_third,2023:Q2,M,M,4.289161507224202,0.0,0.05795315140692241,4.294482134038296,True,5,0.02
monthly_mixed_frequency_kalman_em,pseudo,2023:Q2:pre_third:pseudo,2023-09-30,pre_third,2023:Q2,M,S,0.060886511635412144,0.0,0.05795315140692241,4.294482134038296,True,5,0.02
monthly_mixed_frequency_kalman_em,pseudo,2023:Q2:pre_third:pseudo,2023-09-30,pre_third,2023:Q2,M,T,0.1285102223726582,0.0,0.05795315140692241,4.294482134038296,True,5,0.02
monthly_mixed_frequency_kalman_em,pseudo,2023:Q2:pre_third:pseudo,2023-09-30,pre_third,2023:Q2,S,A,0.029948231612251984,0.0,0.05795315140692241,4.294482134038296,True,5,0.02
monthly_mixed_frequency_kalman_em,pseudo,2023:Q2:pre_third:pseudo,2023-09-30,pre_third,2023:Q2,S,M,0.060886511635412144,0.0,0.05795315140692241,4.294482134038296,True,5,0.02
monthly_mixed_frequency_kalman_em,pseudo,2023:Q2:pre_third:pseudo,2023-09-30,pre_third,2023:Q2,S,S,0.09517518993108175,0.0,0.05795315140692241,4.294482134038296,True,5,0.02
monthly_mixed_frequency_kalman_em,pseudo,2023:Q2:pre_third:pseudo,2023-09-30,pre_third,2023:Q2,S,T,0.053151941629622106,0.0,0.05795315140692241,4.294482134038296,True,5,0.02
monthly_mixed_frequency_kalman_em,pseudo,2023:Q2:pre_third:pseudo,2023-09-30,pre_third,2023:Q2,T,A,-0.008504833523771044,0.0,0.05795315140692241,4.294482134038296,True,5,0.02
monthly_mixed_frequency_kalman_em,pseudo,2023:Q2:pre_third:pseudo,2023-09-30,pre_third,2023:Q2,T,M,0.1285102223726582,0.0,0.05795315140692241,4.294482134038296,True,5,0.02
monthly_mixed_frequency_kalman_em,pseudo,2023:Q2:pre_third:pseudo,2023-09-30,pre_third,2023:Q2,T,S,0.053151941629622106,0.0,0.05795315140692241,4.294482134038296,True,5,0.02
monthly_mixed_frequency_kalman_em,pseudo,2023:Q2:pre_third:pseudo,2023-09-30,pre_third,2023:Q2,T,T,0.14566680028401682,0.0,0.05795315140692241,4.294482134038296,True,5,0.02
revision_dfm_kalman_em,pseudo,2023:Q2:pre_third:pseudo,2023-09-30,pre_third,2023:Q2,A,A,0.22640079845935232,3.469446951953614e-18,0.043053769082165634,4.117104713660824,True,5,0.02
revision_dfm_kalman_em,pseudo,2023:Q2:pre_third:pseudo,2023-09-30,pre_third,2023:Q2,A,M,0.006397468407690022,3.469446951953614e-18,0.043053769082165634,4.117104713660824,True,5,0.02
revision_dfm_kalman_em,pseudo,2023:Q2:pre_third:pseudo,2023-09-30,pre_third,2023:Q2,A,S,0.010058850075529256,3.469446951953614e-18,0.043053769082165634,4.117104713660824,True,5,0.02
revision_dfm_kalman_em,pseudo,2023:Q2:pre_third:pseudo,2023-09-30,pre_third,2023:Q2,A,T,0.007862021074825715,3.469446951953614e-18,0.043053769082165634,4.117104713660824,True,5,0.02
revision_dfm_kalman_em,pseudo,2023:Q2:pre_third:pseudo,2023-09-30,pre_third,2023:Q2,M,A,0.006397468407690022,3.469446951953614e-18,0.043053769082165634,4.117104713660824,True,5,0.02
revision_dfm_kalman_em,pseudo,2023:Q2:pre_third:pseudo,2023-09-30,pre_third,2023:Q2,M,M,4.1167832341913,3.469446951953614e-18,0.043053769082165634,4.117104713660824,True,5,0.02
revision_dfm_kalman_em,pseudo,2023:Q2:pre_third:pseudo,2023-09-30,pre_third,2023:Q2,M,S,0.024619862394888364,3.469446951953614e-18,0.043053769082165634,4.117104713660824,True,5,0.02
revision_dfm_kalman_em,pseudo,2023:Q2:pre_third:pseudo,2023-09-30,pre_third,2023:Q2,M,T,0.02519530641553673,3.469446951953614e-18,0.043053769082165634,4.117104713660824,True,5,0.02
revision_dfm_kalman_em,pseudo,2023:Q2:pre_third:pseudo,2023-09-30,pre_third,2023:Q2,S,A,0.010058850075529258,3.469446951953614e-18,0.043053769082165634,4.117104713660824,True,5,0.02
revision_dfm_kalman_em,pseudo,2023:Q2:pre_third:pseudo,2023-09-30,pre_third,2023:Q2,S,M,0.024619862394888364,3.469446951953614e-18,0.043053769082165634,4.117104713660824,True,5,0.02
revision_dfm_kalman_em,pseudo,2023:Q2:pre_third:pseudo,2023-09-30,pre_third,2023:Q2,S,S,0.04947471874430744,3.469446951953614e-18,0.043053769082165634,4.117104713660824,True,5,0.02
revision_dfm_kalman_em,pseudo,2023:Q2:pre_third:pseudo,2023-09-30,pre_third,2023:Q2,S,T,0.024328642148501185,3.469446951953614e-18,0.043053769082165634,4.117104713660824,True,5,0.02
revision_dfm_kalman_em,pseudo,2023:Q2:pre_third:pseudo,2023-09-30,pre_third,2023:Q2,T,A,0.007862021074825715,3.469446951953614e-18,0.043053769082165634,4.117104713660824,True,5,0.02
revision_dfm_kalman_em,pseudo,2023:Q2:pre_third:pseudo,2023-09-30,pre_third,2023:Q2,T,M,0.02519530641553673,3.469446951953614e-18,0.043053769082165634,4.117104713660824,True,5,0.02
revision_dfm_kalman_em,pseudo,2023:Q2:pre_third:pseudo,2023-09-30,pre_third,2023:Q2,T,S,0.02432864214850118,3.469446951953614e-18,0.043053769082165634,4.117104713660824,True,5,0.02
revision_dfm_kalman_em,pseudo,2023:Q2:pre_third:pseudo,2023-09-30,pre_third,2023:Q2,T,T,0.14206837563683167,3.469446951953614e-18,0.043053769082165634,4.117104713660824,True,5,0.02
indicator_revision_only_dfm_kalman_em,exact,2023:Q3:pre_advance:exact,2023-10-25,pre_advance,2023:Q3,A,A,3.2733833145865656,0.0,0.06658928327236971,12.970077038749228,True,5,0.02
indicator_revision_only_dfm_kalman_em,exact,2023:Q3:pre_advance:exact,2023-10-25,pre_advance,2023:Q3,A,M,2.8800393190780125,0.0,0.06658928327236971,12.970077038749228,True,5,0.02
indicator_revision_only_dfm_kalman_em,exact,2023:Q3:pre_advance:exact,2023-10-25,pre_advance,2023:Q3,A,S,2.8800393190780125,0.0,0.06658928327236971,12.970077038749228,True,5,0.02
indicator_revision_only_dfm_kalman_em,exact,2023:Q3:pre_advance:exact,2023-10-25,pre_advance,2023:Q3,A,T,2.8800393190780125,0.0,0.06658928327236971,12.970077038749228,True,5,0.02
indicator_revision_only_dfm_kalman_em,exact,2023:Q3:pre_advance:exact,2023-10-25,pre_advance,2023:Q3,M,A,2.8800393190780125,0.0,0.06658928327236971,12.970077038749228,True,5,0.02
indicator_revision_only_dfm_kalman_em,exact,2023:Q3:pre_advance:exact,2023-10-25,pre_advance,2023:Q3,M,M,6.9722532242235005,0.0,0.06658928327236971,12.970077038749228,True,5,0.02
indicator_revision_only_dfm_kalman_em,exact,2023:Q3:pre_advance:exact,2023-10-25,pre_advance,2023:Q3,M,S,2.8800393190780125,0.0,0.06658928327236971,12.970077038749228,True,5,0.02
indicator_revision_only_dfm_kalman_em,exact,2023:Q3:pre_advance:exact,2023-10-25,pre_advance,2023:Q3,M,T,2.8800393190780125,0.0,0.06658928327236971,12.970077038749228,True,5,0.02
indicator_revision_only_dfm_kalman_em,exact,2023:Q3:pre_advance:exact,2023-10-25,pre_advance,2023:Q3,S,A,2.8800393190780125,0.0,0.06658928327236971,12.970077038749228,True,5,0.02
indicator_revision_only_dfm_kalman_em,exact,2023:Q3:pre_advance:exact,2023-10-25,pre_advance,2023:Q3,S,M,2.8800393190780125,0.0,0.06658928327236971,12.970077038749228,True,5,0.02
indicator_revision_only_dfm_kalman_em,exact,2023:Q3:pre_advance:exact,2023-10-25,pre_advance,2023:Q3,S,S,2.896976161749912,0.0,0.06658928327236971,12.970077038749228,True,5,0.02
indicator_revision_only_dfm_kalman_em,exact,2023:Q3:pre_advance:exact,2023-10-25,pre_advance,2023:Q3,S,T,2.8800393190780125,0.0,0.06658928327236971,12.970077038749228,True,5,0.02
indicator_revision_only_dfm_kalman_em,exact,2023:Q3:pre_advance:exact,2023-10-25,pre_advance,2023:Q3,T,A,2.8800393190780125,0.0,0.06658928327236971,12.970077038749228,True,5,0.02
indicator_revision_only_dfm_kalman_em,exact,2023:Q3:pre_advance:exact,2023-10-25,pre_advance,2023:Q3,T,M,2.8800393190780125,0.0,0.06658928327236971,12.970077038749228,True,5,0.02
indicator_revision_only_dfm_kalman_em,exact,2023:Q3:pre_advance:exact,2023-10-25,pre_advance,2023:Q3,T,S,2.8800393190780125,0.0,0.06658928327236971,12.970077038749228,True,5,0.02
indicator_revision_only_dfm_kalman_em,exact,2023:Q3:pre_advance:exact,2023-10-25,pre_advance,2023:Q3,T,T,3.007293595730639,0.0,0.06658928327236971,12.970077038749228,True,5,0.02
joint_indicator_revision_dfm_full_kalman_em,exact,2023:Q3:pre_advance:exact,2023-10-25,pre_advance,2023:Q3,A,A,2.4934444080419493,0.0,0.06460743740352065,13.050046187856559,True,5,0.02
joint_indicator_revision_dfm_full_kalman_em,exact,2023:Q3:pre_advance:exact,2023-10-25,pre_advance,2023:Q3,A,M,2.6288844781343017,0.0,0.06460743740352065,13.050046187856559,True,5,0.02
joint_indicator_revision_dfm_full_kalman_em,exact,2023:Q3:pre_advance:exact,2023-10-25,pre_advance,2023:Q3,A,S,2.6146287109873283,0.0,0.06460743740352065,13.050046187856559,True,5,0.02
joint_indicator_revision_dfm_full_kalman_em,exact,2023:Q3:pre_advance:exact,2023-10-25,pre_advance,2023:Q3,A,T,2.6231821712755123,0.0,0.06460743740352065,13.050046187856559,True,5,0.02
joint_indicator_revision_dfm_full_kalman_em,exact,2023:Q3:pre_advance:exact,2023-10-25,pre_advance,2023:Q3,M,A,2.6288844781343017,0.0,0.06460743740352065,13.050046187856559,True,5,0.02
joint_indicator_revision_dfm_full_kalman_em,exact,2023:Q3:pre_advance:exact,2023-10-25,pre_advance,2023:Q3,M,M,7.226182387285681,0.0,0.06460743740352065,13.050046187856559,True,5,0.02
joint_indicator_revision_dfm_full_kalman_em,exact,2023:Q3:pre_advance:exact,2023-10-25,pre_advance,2023:Q3,M,S,3.10612857992832,0.0,0.06460743740352065,13.050046187856559,True,5,0.02
joint_indicator_revision_dfm_full_kalman_em,exact,2023:Q3:pre_advance:exact,2023-10-25,pre_advance,2023:Q3,M,T,3.121199446300763,0.0,0.06460743740352065,13.050046187856559,True,5,0.02
joint_indicator_revision_dfm_full_kalman_em,exact,2023:Q3:pre_advance:exact,2023-10-25,pre_advance,2023:Q3,S,A,2.6146287109873283,0.0,0.06460743740352065,13.050046187856559,True,5,0.02
joint_indicator_revision_dfm_full_kalman_em,exact,2023:Q3:pre_advance:exact,2023-10-25,pre_advance,2023:Q3,S,M,3.10612857992832,0.0,0.06460743740352065,13.050046187856559,True,5,0.02
joint_indicator_revision_dfm_full_kalman_em,exact,2023:Q3:pre_advance:exact,2023-10-25,pre_advance,2023:Q3,S,S,3.1018512620285903,0.0,0.06460743740352065,13.050046187856559,True,5,0.02
joint_indicator_revision_dfm_full_kalman_em,exact,2023:Q3:pre_advance:exact,2023-10-25,pre_advance,2023:Q3,S,T,3.0962985825495006,0.0,0.06460743740352065,13.050046187856559,True,5,0.02
joint_indicator_revision_dfm_full_kalman_em,exact,2023:Q3:pre_advance:exact,2023-10-25,pre_advance,2023:Q3,T,A,2.6231821712755123,0.0,0.06460743740352065,13.050046187856559,True,5,0.02
joint_indicator_revision_dfm_full_kalman_em,exact,2023:Q3:pre_advance:exact,2023-10-25,pre_advance,2023:Q3,T,M,3.121199446300763,0.0,0.06460743740352065,13.050046187856559,True,5,0.02
joint_indicator_revision_dfm_full_kalman_em,exact,2023:Q3:pre_advance:exact,2023-10-25,pre_advance,2023:Q3,T,S,3.0962985825495006,0.0,0.06460743740352065,13.050046187856559,True,5,0.02
joint_indicator_revision_dfm_full_kalman_em,exact,2023:Q3:pre_advance:exact,2023-10-25,pre_advance,2023:Q3,T,T,3.231942451648956,0.0,0.06460743740352065,13.050046187856559,True,5,0.02
monthly_mixed_frequency_kalman_em,exact,2023:Q3:pre_advance:exact,2023-10-25,pre_advance,2023:Q3,A,A,4.476689152145218,0.0,0.06120635475343457,18.644029452561405,True,5,0.02
monthly_mixed_frequency_kalman_em,exact,2023:Q3:pre_advance:exact,2023-10-25,pre_advance,2023:Q3,A,M,4.183773284695473,0.0,0.06120635475343457,18.644029452561405,True,5,0.02
monthly_mixed_frequency_kalman_em,exact,2023:Q3:pre_advance:exact,2023-10-25,pre_advance,2023:Q3,A,S,4.226237277166474,0.0,0.06120635475343457,18.644029452561405,True,5,0.02
monthly_mixed_frequency_kalman_em,exact,2023:Q3:pre_advance:exact,2023-10-25,pre_advance,2023:Q3,A,T,4.203075099455019,0.0,0.06120635475343457,18.644029452561405,True,5,0.02
monthly_mixed_frequency_kalman_em,exact,2023:Q3:pre_advance:exact,2023-10-25,pre_advance,2023:Q3,M,A,4.183773284695473,0.0,0.06120635475343457,18.644029452561405,True,5,0.02
monthly_mixed_frequency_kalman_em,exact,2023:Q3:pre_advance:exact,2023-10-25,pre_advance,2023:Q3,M,M,8.692396276481135,0.0,0.06120635475343457,18.644029452561405,True,5,0.02
monthly_mixed_frequency_kalman_em,exact,2023:Q3:pre_advance:exact,2023-10-25,pre_advance,2023:Q3,M,S,4.3699609094047185,0.0,0.06120635475343457,18.644029452561405,True,5,0.02
monthly_mixed_frequency_kalman_em,exact,2023:Q3:pre_advance:exact,2023-10-25,pre_advance,2023:Q3,M,T,4.494085992544215,0.0,0.06120635475343457,18.644029452561405,True,5,0.02
monthly_mixed_frequency_kalman_em,exact,2023:Q3:pre_advance:exact,2023-10-25,pre_advance,2023:Q3,S,A,4.226237277166474,0.0,0.06120635475343457,18.644029452561405,True,5,0.02
monthly_mixed_frequency_kalman_em,exact,2023:Q3:pre_advance:exact,2023-10-25,pre_advance,2023:Q3,S,M,4.3699609094047185,0.0,0.06120635475343457,18.644029452561405,True,5,0.02
monthly_mixed_frequency_kalman_em,exact,2023:Q3:pre_advance:exact,2023-10-25,pre_advance,2023:Q3,S,S,4.34282982439999,0.0,0.06120635475343457,18.644029452561405,True,5,0.02
monthly_mixed_frequency_kalman_em,exact,2023:Q3:pre_advance:exact,2023-10-25,pre_advance,2023:Q3,S,T,4.334030001345157,0.0,0.06120635475343457,18.644029452561405,True,5,0.02
monthly_mixed_frequency_kalman_em,exact,2023:Q3:pre_advance:exact,2023-10-25,pre_advance,2023:Q3,T,A,4.203075099455019,0.0,0.06120635475343457,18.644029452561405,True,5,0.02
monthly_mixed_frequency_kalman_em,exact,2023:Q3:pre_advance:exact,2023-10-25,pre_advance,2023:Q3,T,M,4.494085992544215,0.0,0.06120635475343457,18.644029452561405,True,5,0.02
monthly_mixed_frequency_kalman_em,exact,2023:Q3:pre_advance:exact,2023-10-25,pre_advance,2023:Q3,T,S,4.334030001345157,0.0,0.06120635475343457,18.644029452561405,True,5,0.02
monthly_mixed_frequency_kalman_em,exact,2023:Q3:pre_advance:exact,2023-10-25,pre_advance,2023:Q3,T,T,4.471510180163053,0.0,0.06120635475343457,18.644029452561405,True,5,0.02
revision_dfm_kalman_em,exact,2023:Q3:pre_advance:exact,2023-10-25,pre_advance,2023:Q3,A,A,2.973141821782824,4.440892098500626e-16,0.06721271445930471,14.791102393039688,True,5,0.02
revision_dfm_kalman_em,exact,2023:Q3:pre_advance:exact,2023-10-25,pre_advance,2023:Q3,A,M,3.0846303788257305,4.440892098500626e-16,0.06721271445930471,14.791102393039688,True,5,0.02
revision_dfm_kalman_em,exact,2023:Q3:pre_advance:exact,2023-10-25,pre_advance,2023:Q3,A,S,3.0717432955331168,4.440892098500626e-16,0.06721271445930471,14.791102393039688,True,5,0.02
revision_dfm_kalman_em,exact,2023:Q3:pre_advance:exact,2023-10-25,pre_advance,2023:Q3,A,T,3.079475545508685,4.440892098500626e-16,0.06721271445930471,14.791102393039688,True,5,0.02
revision_dfm_kalman_em,exact,2023:Q3:pre_advance:exact,2023-10-25,pre_advance,2023:Q3,M,A,3.0846303788257305,4.440892098500626e-16,0.06721271445930471,14.791102393039688,True,5,0.02
revision_dfm_kalman_em,exact,2023:Q3:pre_advance:exact,2023-10-25,pre_advance,2023:Q3,M,M,7.659086408443762,4.440892098500626e-16,0.06721271445930471,14.791102393039688,True,5,0.02
revision_dfm_kalman_em,exact,2023:Q3:pre_advance:exact,2023-10-25,pre_advance,2023:Q3,M,S,3.555893933506151,4.440892098500626e-16,0.06721271445930471,14.791102393039688,True,5,0.02
revision_dfm_kalman_em,exact,2023:Q3:pre_advance:exact,2023-10-25,pre_advance,2023:Q3,M,T,3.570775940496059,4.440892098500626e-16,0.06721271445930471,14.791102393039688,True,5,0.02
revision_dfm_kalman_em,exact,2023:Q3:pre_advance:exact,2023-10-25,pre_advance,2023:Q3,S,A,3.0717432955331168,4.440892098500626e-16,0.06721271445930471,14.791102393039688,True,5,0.02
revision_dfm_kalman_em,exact,2023:Q3:pre_advance:exact,2023-10-25,pre_advance,2023:Q3,S,M,3.555893933506151,4.440892098500626e-16,0.06721271445930471,14.791102393039688,True,5,0.02
revision_dfm_kalman_em,exact,2023:Q3:pre_advance:exact,2023-10-25,pre_advance,2023:Q3,S,S,3.5607825639120607,4.440892098500626e-16,0.06721271445930471,14.791102393039688,True,5,0.02
revision_dfm_kalman_em,exact,2023:Q3:pre_advance:exact,2023-10-25,pre_advance,2023:Q3,S,T,3.5462109207466903,4.440892098500626e-16,0.06721271445930471,14.791102393039688,True,5,0.02
revision_dfm_kalman_em,exact,2023:Q3:pre_advance:exact,2023-10-25,pre_advance,2023:Q3,T,A,3.0794755455086853,4.440892098500626e-16,0.06721271445930471,14.791102393039688,True,5,0.02
revision_dfm_kalman_em,exact,2023:Q3:pre_advance:exact,2023-10-25,pre_advance,2023:Q3,T,M,3.570775940496059,4.440892098500626e-16,0.06721271445930471,14.791102393039688,True,5,0.02
revision_dfm_kalman_em,exact,2023:Q3:pre_advance:exact,2023-10-25,pre_advance,2023:Q3,T,S,3.5462109207466908,4.440892098500626e-16,0.06721271445930471,14.791102393039688,True,5,0.02
revision_dfm_kalman_em,exact,2023:Q3:pre_advance:exact,2023-10-25,pre_advance,2023:Q3,T,T,3.6746526901766376,4.440892098500626e-16,0.06721271445930471,14.791102393039688,True,5,0.02
indicator_revision_only_dfm_kalman_em,pseudo,2023:Q3:pre_advance:pseudo,2023-10-31,pre_advance,2023:Q3,A,A,3.2671244869228935,0.0,0.06658692942254893,12.945763845319185,True,5,0.02
indicator_revision_only_dfm_kalman_em,pseudo,2023:Q3:pre_advance:pseudo,2023-10-31,pre_advance,2023:Q3,A,M,2.873779854706383,0.0,0.06658692942254893,12.945763845319185,True,5,0.02
indicator_revision_only_dfm_kalman_em,pseudo,2023:Q3:pre_advance:pseudo,2023-10-31,pre_advance,2023:Q3,A,S,2.873779854706383,0.0,0.06658692942254893,12.945763845319185,True,5,0.02
indicator_revision_only_dfm_kalman_em,pseudo,2023:Q3:pre_advance:pseudo,2023-10-31,pre_advance,2023:Q3,A,T,2.873779854706383,0.0,0.06658692942254893,12.945763845319185,True,5,0.02
indicator_revision_only_dfm_kalman_em,pseudo,2023:Q3:pre_advance:pseudo,2023-10-31,pre_advance,2023:Q3,M,A,2.873779854706383,0.0,0.06658692942254893,12.945763845319185,True,5,0.02
indicator_revision_only_dfm_kalman_em,pseudo,2023:Q3:pre_advance:pseudo,2023-10-31,pre_advance,2023:Q3,M,M,6.9659998834614205,0.0,0.06658692942254893,12.945763845319185,True,5,0.02
indicator_revision_only_dfm_kalman_em,pseudo,2023:Q3:pre_advance:pseudo,2023-10-31,pre_advance,2023:Q3,M,S,2.873779854706383,0.0,0.06658692942254893,12.945763845319185,True,5,0.02
indicator_revision_only_dfm_kalman_em,pseudo,2023:Q3:pre_advance:pseudo,2023-10-31,pre_advance,2023:Q3,M,T,2.873779854706383,0.0,0.06658692942254893,12.945763845319185,True,5,0.02
indicator_revision_only_dfm_kalman_em,pseudo,2023:Q3:pre_advance:pseudo,2023-10-31,pre_advance,2023:Q3,S,A,2.873779854706383,0.0,0.06658692942254893,12.945763845319185,True,5,0.02
indicator_revision_only_dfm_kalman_em,pseudo,2023:Q3:pre_advance:pseudo,2023-10-31,pre_advance,2023:Q3,S,M,2.873779854706383,0.0,0.06658692942254893,12.945763845319185,True,5,0.02
indicator_revision_only_dfm_kalman_em,pseudo,2023:Q3:pre_advance:pseudo,2023-10-31,pre_advance,2023:Q3,S,S,2.890710597360601,0.0,0.06658692942254893,12.945763845319185,True,5,0.02
indicator_revision_only_dfm_kalman_em,pseudo,2023:Q3:pre_advance:pseudo,2023-10-31,pre_advance,2023:Q3,S,T,2.873779854706383,0.0,0.06658692942254893,12.945763845319185,True,5,0.02
indicator_revision_only_dfm_kalman_em,pseudo,2023:Q3:pre_advance:pseudo,2023-10-31,pre_advance,2023:Q3,T,A,2.873779854706383,0.0,0.06658692942254893,12.945763845319185,True,5,0.02
indicator_revision_only_dfm_kalman_em,pseudo,2023:Q3:pre_advance:pseudo,2023-10-31,pre_advance,2023:Q3,T,M,2.873779854706383,0.0,0.06658692942254893,12.945763845319185,True,5,0.02
indicator_revision_only_dfm_kalman_em,pseudo,2023:Q3:pre_advance:pseudo,2023-10-31,pre_advance,2023:Q3,T,S,2.873779854706383,0.0,0.06658692942254893,12.945763845319185,True,5,0.02
indicator_revision_only_dfm_kalman_em,pseudo,2023:Q3:pre_advance:pseudo,2023-10-31,pre_advance,2023:Q3,T,T,3.001040048713522,0.0,0.06658692942254893,12.945763845319185,True,5,0.02
joint_indicator_revision_dfm_full_kalman_em,pseudo,2023:Q3:pre_advance:pseudo,2023-10-31,pre_advance,2023:Q3,A,A,2.482209568633375,8.881784197001252e-16,0.06460362306509189,13.005879380197229,True,5,0.02
joint_indicator_revision_dfm_full_kalman_em,pseudo,2023:Q3:pre_advance:pseudo,2023-10-31,pre_advance,2023:Q3,A,M,2.6173299501938536,8.881784197001252e-16,0.06460362306509189,13.005879380197229,True,5,0.02
joint_indicator_revision_dfm_full_kalman_em,pseudo,2023:Q3:pre_advance:pseudo,2023-10-31,pre_advance,2023:Q3,A,S,2.603090947550726,8.881784197001252e-16,0.06460362306509189,13.005879380197229,True,5,0.02
joint_indicator_revision_dfm_full_kalman_em,pseudo,2023:Q3:pre_advance:pseudo,2023-10-31,pre_advance,2023:Q3,A,T,2.6116343491366028,8.881784197001252e-16,0.06460362306509189,13.005879380197229,True,5,0.02
joint_indicator_revision_dfm_full_kalman_em,pseudo,2023:Q3:pre_advance:pseudo,2023-10-31,pre_advance,2023:Q3,M,A,2.6173299501938536,8.881784197001252e-16,0.06460362306509189,13.005879380197229,True,5,0.02
joint_indicator_revision_dfm_full_kalman_em,pseudo,2023:Q3:pre_advance:pseudo,2023-10-31,pre_advance,2023:Q3,M,M,7.214788194798009,8.881784197001252e-16,0.06460362306509189,13.005879380197229,True,5,0.02
joint_indicator_revision_dfm_full_kalman_em,pseudo,2023:Q3:pre_advance:pseudo,2023-10-31,pre_advance,2023:Q3,M,S,3.0945629247427298,8.881784197001252e-16,0.06460362306509189,13.005879380197229,True,5,0.02
joint_indicator_revision_dfm_full_kalman_em,pseudo,2023:Q3:pre_advance:pseudo,2023-10-31,pre_advance,2023:Q3,M,T,3.1096334397284835,8.881784197001252e-16,0.06460362306509189,13.005879380197229,True,5,0.02
joint_indicator_revision_dfm_full_kalman_em,pseudo,2023:Q3:pre_advance:pseudo,2023-10-31,pre_advance,2023:Q3,S,A,2.6030909475507267,8.881784197001252e-16,0.06460362306509189,13.005879380197229,True,5,0.02
joint_indicator_revision_dfm_full_kalman_em,pseudo,2023:Q3:pre_advance:pseudo,2023-10-31,pre_advance,2023:Q3,S,M,3.0945629247427298,8.881784197001252e-16,0.06460362306509189,13.005879380197229,True,5,0.02
joint_indicator_revision_dfm_full_kalman_em,pseudo,2023:Q3:pre_advance:pseudo,2023-10-31,pre_advance,2023:Q3,S,S,3.0902519525744925,8.881784197001252e-16,0.06460362306509189,13.005879380197229,True,5,0.02
joint_indicator_revision_dfm_full_kalman_em,pseudo,2023:Q3:pre_advance:pseudo,2023-10-31,pre_advance,2023:Q3,S,T,3.0847334851988895,8.881784197001252e-16,0.06460362306509189,13.005879380197229,True,5,0.02
joint_indicator_revision_dfm_full_kalman_em,pseudo,2023:Q3:pre_advance:pseudo,2023-10-31,pre_advance,2023:Q3,T,A,2.6116343491366028,8.881784197001252e-16,0.06460362306509189,13.005879380197229,True,5,0.02
joint_indicator_revision_dfm_full_kalman_em,pseudo,2023:Q3:pre_advance:pseudo,2023-10-31,pre_advance,2023:Q3,T,M,3.1096334397284835,8.881784197001252e-16,0.06460362306509189,13.005879380197229,True,5,0.02
joint_indicator_revision_dfm_full_kalman_em,pseudo,2023:Q3:pre_advance:pseudo,2023-10-31,pre_advance,2023:Q3,T,S,3.0847334851988895,8.881784197001252e-16,0.06460362306509189,13.005879380197229,True,5,0.02
joint_indicator_revision_dfm_full_kalman_em,pseudo,2023:Q3:pre_advance:pseudo,2023-10-31,pre_advance,2023:Q3,T,T,3.2204111009582355,8.881784197001252e-16,0.06460362306509189,13.005879380197229,True,5,0.02
monthly_mixed_frequency_kalman_em,pseudo,2023:Q3:pre_advance:pseudo,2023-10-31,pre_advance,2023:Q3,A,A,4.476584072820231,0.0,0.06120644536756081,18.643507101679106,True,5,0.02
monthly_mixed_frequency_kalman_em,pseudo,2023:Q3:pre_advance:pseudo,2023-10-31,pre_advance,2023:Q3,A,M,4.183646678263769,0.0,0.06120644536756081,18.643507101679106,True,5,0.02
monthly_mixed_frequency_kalman_em,pseudo,2023:Q3:pre_advance:pseudo,2023-10-31,pre_advance,2023:Q3,A,S,4.226122704612388,0.0,0.06120644536756081,18.643507101679106,True,5,0.02
monthly_mixed_frequency_kalman_em,pseudo,2023:Q3:pre_advance:pseudo,2023-10-31,pre_advance,2023:Q3,A,T,4.202953962967687,0.0,0.06120644536756081,18.643507101679106,True,5,0.02
monthly_mixed_frequency_kalman_em,pseudo,2023:Q3:pre_advance:pseudo,2023-10-31,pre_advance,2023:Q3,M,A,4.183646678263769,0.0,0.06120644536756081,18.643507101679106,True,5,0.02
monthly_mixed_frequency_kalman_em,pseudo,2023:Q3:pre_advance:pseudo,2023-10-31,pre_advance,2023:Q3,M,M,8.692240289945651,0.0,0.06120644536756081,18.643507101679106,True,5,0.02
monthly_mixed_frequency_kalman_em,pseudo,2023:Q3:pre_advance:pseudo,2023-10-31,pre_advance,2023:Q3,M,S,4.369821523677525,0.0,0.06120644536756081,18.643507101679106,True,5,0.02
monthly_mixed_frequency_kalman_em,pseudo,2023:Q3:pre_advance:pseudo,2023-10-31,pre_advance,2023:Q3,M,T,4.493938087286697,0.0,0.06120644536756081,18.643507101679106,True,5,0.02
monthly_mixed_frequency_kalman_em,pseudo,2023:Q3:pre_advance:pseudo,2023-10-31,pre_advance,2023:Q3,S,A,4.226122704612388,0.0,0.06120644536756081,18.643507101679106,True,5,0.02
monthly_mixed_frequency_kalman_em,pseudo,2023:Q3:pre_advance:pseudo,2023-10-31,pre_advance,2023:Q3,S,M,4.369821523677525,0.0,0.06120644536756081,18.643507101679106,True,5,0.02
monthly_mixed_frequency_kalman_em,pseudo,2023:Q3:pre_advance:pseudo,2023-10-31,pre_advance,2023:Q3,S,S,4.342704182981247,0.0,0.06120644536756081,18.643507101679106,True,5,0.02
monthly_mixed_frequency_kalman_em,pseudo,2023:Q3:pre_advance:pseudo,2023-10-31,pre_advance,2023:Q3,S,T,4.333896818911241,0.0,0.06120644536756081,18.643507101679106,True,5,0.02
monthly_mixed_frequency_kalman_em,pseudo,2023:Q3:pre_advance:pseudo,2023-10-31,pre_advance,2023:Q3,T,A,4.202953962967687,0.0,0.06120644536756081,18.643507101679106,True,5,0.02
monthly_mixed_frequency_kalman_em,pseudo,2023:Q3:pre_advance:pseudo,2023-10-31,pre_advance,2023:Q3,T,M,4.493938087286697,0.0,0.06120644536756081,18.643507101679106,True,5,0.02
monthly_mixed_frequency_kalman_em,pseudo,2023:Q3:pre_advance:pseudo,2023-10-31,pre_advance,2023:Q3,T,S,4.333896818911241,0.0,0.06120644536756081,18.643507101679106,True,5,0.02
monthly_mixed_frequency_kalman_em,pseudo,2023:Q3:pre_advance:pseudo,2023-10-31,pre_advance,2023:Q3,T,T,4.471369197110702,0.0,0.06120644536756081,18.643507101679106,True,5,0.02
revision_dfm_kalman_em,pseudo,2023:Q3:pre_advance:pseudo,2023-10-31,pre_advance,2023:Q3,A,A,2.9750528089875528,8.881784197001252e-16,0.06721278041424833,14.79802083981621,True,5,0.02
revision_dfm_kalman_em,pseudo,2023:Q3:pre_advance:pseudo,2023-10-31,pre_advance,2023:Q3,A,M,3.0864656134033375,8.881784197001252e-16,0.06721278041424833,14.79802083981621,True,5,0.02
revision_dfm_kalman_em,pseudo,2023:Q3:pre_advance:pseudo,2023-10-31,pre_advance,2023:Q3,A,S,3.073581772451878,8.881784197001252e-16,0.06721278041424833,14.79802083981621,True,5,0.02
revision_dfm_kalman_em,pseudo,2023:Q3:pre_advance:pseudo,2023-10-31,pre_advance,2023:Q3,A,T,3.081312077022753,8.881784197001252e-16,0.06721278041424833,14.79802083981621,True,5,0.02
revision_dfm_kalman_em,pseudo,2023:Q3:pre_advance:pseudo,2023-10-31,pre_advance,2023:Q3,M,A,3.0864656134033375,8.881784197001252e-16,0.06721278041424833,14.79802083981621,True,5,0.02
revision_dfm_kalman_em,pseudo,2023:Q3:pre_advance:pseudo,2023-10-31,pre_advance,2023:Q3,M,M,7.660828806062365,8.881784197001252e-16,0.06721278041424833,14.79802083981621,True,5,0.02
revision_dfm_kalman_em,pseudo,2023:Q3:pre_advance:pseudo,2023-10-31,pre_advance,2023:Q3,M,S,3.5576422839040514,8.881784197001252e-16,0.06721278041424833,14.79802083981621,True,5,0.02
revision_dfm_kalman_em,pseudo,2023:Q3:pre_advance:pseudo,2023-10-31,pre_advance,2023:Q3,M,T,3.5725215471830216,8.881784197001252e-16,0.06721278041424833,14.79802083981621,True,5,0.02
revision_dfm_kalman_em,pseudo,2023:Q3:pre_advance:pseudo,2023-10-31,pre_advance,2023:Q3,S,A,3.073581772451878,8.881784197001252e-16,0.06721278041424833,14.79802083981621,True,5,0.02
revision_dfm_kalman_em,pseudo,2023:Q3:pre_advance:pseudo,2023-10-31,pre_advance,2023:Q3,S,M,3.5576422839040514,8.881784197001252e-16,0.06721278041424833,14.79802083981621,True,5,0.02
revision_dfm_kalman_em,pseudo,2023:Q3:pre_advance:pseudo,2023-10-31,pre_advance,2023:Q3,S,S,3.56253457592395,8.881784197001252e-16,0.06721278041424833,14.79802083981621,True,5,0.02
revision_dfm_kalman_em,pseudo,2023:Q3:pre_advance:pseudo,2023-10-31,pre_advance,2023:Q3,S,T,3.547961073675008,8.881784197001252e-16,0.06721278041424833,14.79802083981621,True,5,0.02
revision_dfm_kalman_em,pseudo,2023:Q3:pre_advance:pseudo,2023-10-31,pre_advance,2023:Q3,T,A,3.081312077022754,8.881784197001252e-16,0.06721278041424833,14.79802083981621,True,5,0.02
revision_dfm_kalman_em,pseudo,2023:Q3:pre_advance:pseudo,2023-10-31,pre_advance,2023:Q3,T,M,3.5725215471830216,8.881784197001252e-16,0.06721278041424833,14.79802083981621,True,5,0.02
revision_dfm_kalman_em,pseudo,2023:Q3:pre_advance:pseudo,2023-10-31,pre_advance,2023:Q3,T,S,3.5479610736750082,8.881784197001252e-16,0.06721278041424833,14.79802083981621,True,5,0.02
revision_dfm_kalman_em,pseudo,2023:Q3:pre_advance:pseudo,2023-10-31,pre_advance,2023:Q3,T,T,3.676401375929828,8.881784197001252e-16,0.06721278041424833,14.79802083981621,True,5,0.02
indicator_revision_only_dfm_kalman_em,exact,2023:Q3:pre_second:exact,2023-11-28,pre_second,2023:Q3,A,A,0.7402288456588008,0.0,0.06297928688542458,4.547377664940935,True,5,0.02
indicator_revision_only_dfm_kalman_em,exact,2023:Q3:pre_second:exact,2023-11-28,pre_second,2023:Q3,A,M,0.3466240521526127,0.0,0.06297928688542458,4.547377664940935,True,5,0.02
indicator_revision_only_dfm_kalman_em,exact,2023:Q3:pre_second:exact,2023-11-28,pre_second,2023:Q3,A,S,0.3466240521526127,0.0,0.06297928688542458,4.547377664940935,True,5,0.02
indicator_revision_only_dfm_kalman_em,exact,2023:Q3:pre_second:exact,2023-11-28,pre_second,2023:Q3,A,T,0.3466240521526127,0.0,0.06297928688542458,4.547377664940935,True,5,0.02
indicator_revision_only_dfm_kalman_em,exact,2023:Q3:pre_second:exact,2023-11-28,pre_second,2023:Q3,M,A,0.3466240521526127,0.0,0.06297928688542458,4.547377664940935,True,5,0.02
indicator_revision_only_dfm_kalman_em,exact,2023:Q3:pre_second:exact,2023-11-28,pre_second,2023:Q3,M,M,4.4388891501828995,0.0,0.06297928688542458,4.547377664940935,True,5,0.02
indicator_revision_only_dfm_kalman_em,exact,2023:Q3:pre_second:exact,2023-11-28,pre_second,2023:Q3,M,S,0.3466240521526127,0.0,0.06297928688542458,4.547377664940935,True,5,0.02
indicator_revision_only_dfm_kalman_em,exact,2023:Q3:pre_second:exact,2023-11-28,pre_second,2023:Q3,M,T,0.3466240521526127,0.0,0.06297928688542458,4.547377664940935,True,5,0.02
indicator_revision_only_dfm_kalman_em,exact,2023:Q3:pre_second:exact,2023-11-28,pre_second,2023:Q3,S,A,0.3466240521526127,0.0,0.06297928688542458,4.547377664940935,True,5,0.02
indicator_revision_only_dfm_kalman_em,exact,2023:Q3:pre_second:exact,2023-11-28,pre_second,2023:Q3,S,M,0.3466240521526127,0.0,0.06297928688542458,4.547377664940935,True,5,0.02
indicator_revision_only_dfm_kalman_em,exact,2023:Q3:pre_second:exact,2023-11-28,pre_second,2023:Q3,S,S,0.3635605274331353,0.0,0.06297928688542458,4.547377664940935,True,5,0.02
indicator_revision_only_dfm_kalman_em,exact,2023:Q3:pre_second:exact,2023-11-28,pre_second,2023:Q3,S,T,0.3466240521526127,0.0,0.06297928688542458,4.547377664940935,True,5,0.02
indicator_revision_only_dfm_kalman_em,exact,2023:Q3:pre_second:exact,2023-11-28,pre_second,2023:Q3,T,A,0.3466240521526127,0.0,0.06297928688542458,4.547377664940935,True,5,0.02
indicator_revision_only_dfm_kalman_em,exact,2023:Q3:pre_second:exact,2023-11-28,pre_second,2023:Q3,T,M,0.3466240521526127,0.0,0.06297928688542458,4.547377664940935,True,5,0.02
indicator_revision_only_dfm_kalman_em,exact,2023:Q3:pre_second:exact,2023-11-28,pre_second,2023:Q3,T,S,0.3466240521526127,0.0,0.06297928688542458,4.547377664940935,True,5,0.02
indicator_revision_only_dfm_kalman_em,exact,2023:Q3:pre_second:exact,2023-11-28,pre_second,2023:Q3,T,T,0.47386576035834377,0.0,0.06297928688542458,4.547377664940935,True,5,0.02
joint_indicator_revision_dfm_full_kalman_em,exact,2023:Q3:pre_second:exact,2023-11-28,pre_second,2023:Q3,A,A,0.28963520678158783,5.551115123125783e-17,0.06371753396340252,4.528775727342259,True,5,0.02
joint_indicator_revision_dfm_full_kalman_em,exact,2023:Q3:pre_second:exact,2023-11-28,pre_second,2023:Q3,A,M,0.1573405211331432,5.551115123125783e-17,0.06371753396340252,4.528775727342259,True,5,0.02
joint_indicator_revision_dfm_full_kalman_em,exact,2023:Q3:pre_second:exact,2023-11-28,pre_second,2023:Q3,A,S,0.15649489819574094,5.551115123125783e-17,0.06371753396340252,4.528775727342259,True,5,0.02
joint_indicator_revision_dfm_full_kalman_em,exact,2023:Q3:pre_second:exact,2023-11-28,pre_second,2023:Q3,A,T,0.1570022719581823,5.551115123125783e-17,0.06371753396340252,4.528775727342259,True,5,0.02
joint_indicator_revision_dfm_full_kalman_em,exact,2023:Q3:pre_second:exact,2023-11-28,pre_second,2023:Q3,M,A,0.1573405211331432,5.551115123125783e-17,0.06371753396340252,4.528775727342259,True,5,0.02
joint_indicator_revision_dfm_full_kalman_em,exact,2023:Q3:pre_second:exact,2023-11-28,pre_second,2023:Q3,M,M,4.454654764949199,5.551115123125783e-17,0.06371753396340252,4.528775727342259,True,5,0.02
joint_indicator_revision_dfm_full_kalman_em,exact,2023:Q3:pre_second:exact,2023-11-28,pre_second,2023:Q3,M,S,0.3491648656934891,5.551115123125783e-17,0.06371753396340252,4.528775727342259,True,5,0.02
joint_indicator_revision_dfm_full_kalman_em,exact,2023:Q3:pre_second:exact,2023-11-28,pre_second,2023:Q3,M,T,0.3552224765743421,5.551115123125783e-17,0.06371753396340252,4.528775727342259,True,5,0.02
joint_indicator_revision_dfm_full_kalman_em,exact,2023:Q3:pre_second:exact,2023-11-28,pre_second,2023:Q3,S,A,0.156494898195741,5.551115123125783e-17,0.06371753396340252,4.528775727342259,True,5,0.02
joint_indicator_revision_dfm_full_kalman_em,exact,2023:Q3:pre_second:exact,2023-11-28,pre_second,2023:Q3,S,M,0.3491648656934891,5.551115123125783e-17,0.06371753396340252,4.528775727342259,True,5,0.02
joint_indicator_revision_dfm_full_kalman_em,exact,2023:Q3:pre_second:exact,2023-11-28,pre_second,2023:Q3,S,S,0.3595713242904002,5.551115123125783e-17,0.06371753396340252,4.528775727342259,True,5,0.02
joint_indicator_revision_dfm_full_kalman_em,exact,2023:Q3:pre_second:exact,2023-11-28,pre_second,2023:Q3,S,T,0.3453114663435341,5.551115123125783e-17,0.06371753396340252,4.528775727342259,True,5,0.02
joint_indicator_revision_dfm_full_kalman_em,exact,2023:Q3:pre_second:exact,2023-11-28,pre_second,2023:Q3,T,A,0.1570022719581823,5.551115123125783e-17,0.06371753396340252,4.528775727342259,True,5,0.02
joint_indicator_revision_dfm_full_kalman_em,exact,2023:Q3:pre_second:exact,2023-11-28,pre_second,2023:Q3,T,M,0.3552224765743421,5.551115123125783e-17,0.06371753396340252,4.528775727342259,True,5,0.02
joint_indicator_revision_dfm_full_kalman_em,exact,2023:Q3:pre_second:exact,2023-11-28,pre_second,2023:Q3,T,S,0.3453114663435341,5.551115123125783e-17,0.06371753396340252,4.528775727342259,True,5,0.02
joint_indicator_revision_dfm_full_kalman_em,exact,2023:Q3:pre_second:exact,2023-11-28,pre_second,2023:Q3,T,T,0.47217605821875824,5.551115123125783e-17,0.06371753396340252,4.528775727342259,True,5,0.02
monthly_mixed_frequency_kalman_em,exact,2023:Q3:pre_second:exact,2023-11-28,pre_second,2023:Q3,A,A,0.4221751772612595,0.0,0.058499649794284264,4.9161396418884955,True,5,0.02
monthly_mixed_frequency_kalman_em,exact,2023:Q3:pre_second:exact,2023-11-28,pre_second,2023:Q3,A,M,0.20207933503776862,0.0,0.058499649794284264,4.9161396418884955,True,5,0.02
monthly_mixed_frequency_kalman_em,exact,2023:Q3:pre_second:exact,2023-11-28,pre_second,2023:Q3,A,S,0.20416936803913543,0.0,0.058499649794284264,4.9161396418884955,True,5,0.02
monthly_mixed_frequency_kalman_em,exact,2023:Q3:pre_second:exact,2023-11-28,pre_second,2023:Q3,A,T,0.2030293500383899,0.0,0.058499649794284264,4.9161396418884955,True,5,0.02
monthly_mixed_frequency_kalman_em,exact,2023:Q3:pre_second:exact,2023-11-28,pre_second,2023:Q3,M,A,0.20207933503776862,0.0,0.058499649794284264,4.9161396418884955,True,5,0.02
monthly_mixed_frequency_kalman_em,exact,2023:Q3:pre_second:exact,2023-11-28,pre_second,2023:Q3,M,M,4.781030806496022,0.0,0.058499649794284264,4.9161396418884955,True,5,0.02
monthly_mixed_frequency_kalman_em,exact,2023:Q3:pre_second:exact,2023-11-28,pre_second,2023:Q3,M,S,0.4201566530956039,0.0,0.058499649794284264,4.9161396418884955,True,5,0.02
monthly_mixed_frequency_kalman_em,exact,2023:Q3:pre_second:exact,2023-11-28,pre_second,2023:Q3,M,T,0.5655415318008276,0.0,0.058499649794284264,4.9161396418884955,True,5,0.02
monthly_mixed_frequency_kalman_em,exact,2023:Q3:pre_second:exact,2023-11-28,pre_second,2023:Q3,S,A,0.20416936803913543,0.0,0.058499649794284264,4.9161396418884955,True,5,0.02
monthly_mixed_frequency_kalman_em,exact,2023:Q3:pre_second:exact,2023-11-28,pre_second,2023:Q3,S,M,0.4201566530956039,0.0,0.058499649794284264,4.9161396418884955,True,5,0.02
monthly_mixed_frequency_kalman_em,exact,2023:Q3:pre_second:exact,2023-11-28,pre_second,2023:Q3,S,S,0.35312873698720865,0.0,0.058499649794284264,4.9161396418884955,True,5,0.02
monthly_mixed_frequency_kalman_em,exact,2023:Q3:pre_second:exact,2023-11-28,pre_second,2023:Q3,S,T,0.3661598318314868,0.0,0.058499649794284264,4.9161396418884955,True,5,0.02
monthly_mixed_frequency_kalman_em,exact,2023:Q3:pre_second:exact,2023-11-28,pre_second,2023:Q3,T,A,0.2030293500383899,0.0,0.058499649794284264,4.9161396418884955,True,5,0.02
monthly_mixed_frequency_kalman_em,exact,2023:Q3:pre_second:exact,2023-11-28,pre_second,2023:Q3,T,M,0.5655415318008276,0.0,0.058499649794284264,4.9161396418884955,True,5,0.02
monthly_mixed_frequency_kalman_em,exact,2023:Q3:pre_second:exact,2023-11-28,pre_second,2023:Q3,T,S,0.3661598318314868,0.0,0.058499649794284264,4.9161396418884955,True,5,0.02
monthly_mixed_frequency_kalman_em,exact,2023:Q3:pre_second:exact,2023-11-28,pre_second,2023:Q3,T,T,0.52525935727787,0.0,0.058499649794284264,4.9161396418884955,True,5,0.02
revision_dfm_kalman_em,exact,2023:Q3:pre_second:exact,2023-11-28,pre_second,2023:Q3,A,A,0.2878468510117606,5.551115123125783e-17,0.06544259282507134,4.55603912444079,True,5,0.02
revision_dfm_kalman_em,exact,2023:Q3:pre_second:exact,2023-11-28,pre_second,2023:Q3,A,M,0.15387031554407252,5.551115123125783e-17,0.06544259282507134,4.55603912444079,True,5,0.02
revision_dfm_kalman_em,exact,2023:Q3:pre_second:exact,2023-11-28,pre_second,2023:Q3,A,S,0.15318923133615592,5.551115123125783e-17,0.06544259282507134,4.55603912444079,True,5,0.02
revision_dfm_kalman_em,exact,2023:Q3:pre_second:exact,2023-11-28,pre_second,2023:Q3,A,T,0.1535978818609059,5.551115123125783e-17,0.06544259282507134,4.55603912444079,True,5,0.02
revision_dfm_kalman_em,exact,2023:Q3:pre_second:exact,2023-11-28,pre_second,2023:Q3,M,A,0.15387031554407252,5.551115123125783e-17,0.06544259282507134,4.55603912444079,True,5,0.02
revision_dfm_kalman_em,exact,2023:Q3:pre_second:exact,2023-11-28,pre_second,2023:Q3,M,M,4.472388137001026,5.551115123125783e-17,0.06544259282507134,4.55603912444079,True,5,0.02
revision_dfm_kalman_em,exact,2023:Q3:pre_second:exact,2023-11-28,pre_second,2023:Q3,M,S,0.3729348803053176,5.551115123125783e-17,0.06544259282507134,4.55603912444079,True,5,0.02
revision_dfm_kalman_em,exact,2023:Q3:pre_second:exact,2023-11-28,pre_second,2023:Q3,M,T,0.379852708666199,5.551115123125783e-17,0.06544259282507134,4.55603912444079,True,5,0.02
revision_dfm_kalman_em,exact,2023:Q3:pre_second:exact,2023-11-28,pre_second,2023:Q3,S,A,0.15318923133615592,5.551115123125783e-17,0.06544259282507134,4.55603912444079,True,5,0.02
revision_dfm_kalman_em,exact,2023:Q3:pre_second:exact,2023-11-28,pre_second,2023:Q3,S,M,0.3729348803053176,5.551115123125783e-17,0.06544259282507134,4.55603912444079,True,5,0.02
revision_dfm_kalman_em,exact,2023:Q3:pre_second:exact,2023-11-28,pre_second,2023:Q3,S,S,0.38608972188512486,5.551115123125783e-17,0.06544259282507134,4.55603912444079,True,5,0.02
revision_dfm_kalman_em,exact,2023:Q3:pre_second:exact,2023-11-28,pre_second,2023:Q3,S,T,0.3685399673259343,5.551115123125783e-17,0.06544259282507134,4.55603912444079,True,5,0.02
revision_dfm_kalman_em,exact,2023:Q3:pre_second:exact,2023-11-28,pre_second,2023:Q3,T,A,0.1535978818609059,5.551115123125783e-17,0.06544259282507134,4.55603912444079,True,5,0.02
revision_dfm_kalman_em,exact,2023:Q3:pre_second:exact,2023-11-28,pre_second,2023:Q3,T,M,0.379852708666199,5.551115123125783e-17,0.06544259282507134,4.55603912444079,True,5,0.02
revision_dfm_kalman_em,exact,2023:Q3:pre_second:exact,2023-11-28,pre_second,2023:Q3,T,S,0.36853996732593436,5.551115123125783e-17,0.06544259282507134,4.55603912444079,True,5,0.02
revision_dfm_kalman_em,exact,2023:Q3:pre_second:exact,2023-11-28,pre_second,2023:Q3,T,T,0.49310604650177287,5.551115123125783e-17,0.06544259282507134,4.55603912444079,True,5,0.02
indicator_revision_only_dfm_kalman_em,pseudo,2023:Q3:pre_second:pseudo,2023-11-30,pre_second,2023:Q3,A,A,0.7402256616742658,0.0,0.06297924129638413,4.54737273373317,True,5,0.02
indicator_revision_only_dfm_kalman_em,pseudo,2023:Q3:pre_second:pseudo,2023-11-30,pre_second,2023:Q3,A,M,0.34662119022806864,0.0,0.06297924129638413,4.54737273373317,True,5,0.02
indicator_revision_only_dfm_kalman_em,pseudo,2023:Q3:pre_second:pseudo,2023-11-30,pre_second,2023:Q3,A,S,0.34662119022806864,0.0,0.06297924129638413,4.54737273373317,True,5,0.02
indicator_revision_only_dfm_kalman_em,pseudo,2023:Q3:pre_second:pseudo,2023-11-30,pre_second,2023:Q3,A,T,0.34662119022806864,0.0,0.06297924129638413,4.54737273373317,True,5,0.02
indicator_revision_only_dfm_kalman_em,pseudo,2023:Q3:pre_second:pseudo,2023-11-30,pre_second,2023:Q3,M,A,0.34662119022806864,0.0,0.06297924129638413,4.54737273373317,True,5,0.02
indicator_revision_only_dfm_kalman_em,pseudo,2023:Q3:pre_second:pseudo,2023-11-30,pre_second,2023:Q3,M,M,4.438886133168183,0.0,0.06297924129638413,4.54737273373317,True,5,0.02
indicator_revision_only_dfm_kalman_em,pseudo,2023:Q3:pre_second:pseudo,2023-11-30,pre_second,2023:Q3,M,S,0.34662119022806864,0.0,0.06297924129638413,4.54737273373317,True,5,0.02
indicator_revision_only_dfm_kalman_em,pseudo,2023:Q3:pre_second:pseudo,2023-11-30,pre_second,2023:Q3,M,T,0.34662119022806864,0.0,0.06297924129638413,4.54737273373317,True,5,0.02
indicator_revision_only_dfm_kalman_em,pseudo,2023:Q3:pre_second:pseudo,2023-11-30,pre_second,2023:Q3,S,A,0.34662119022806864,0.0,0.06297924129638413,4.54737273373317,True,5,0.02
indicator_revision_only_dfm_kalman_em,pseudo,2023:Q3:pre_second:pseudo,2023-11-30,pre_second,2023:Q3,S,M,0.34662119022806864,0.0,0.06297924129638413,4.54737273373317,True,5,0.02
indicator_revision_only_dfm_kalman_em,pseudo,2023:Q3:pre_second:pseudo,2023-11-30,pre_second,2023:Q3,S,S,0.3635576147927038,0.0,0.06297924129638413,4.54737273373317,True,5,0.02
indicator_revision_only_dfm_kalman_em,pseudo,2023:Q3:pre_second:pseudo,2023-11-30,pre_second,2023:Q3,S,T,0.34662119022806864,0.0,0.06297924129638413,4.54737273373317,True,5,0.02
indicator_revision_only_dfm_kalman_em,pseudo,2023:Q3:pre_second:pseudo,2023-11-30,pre_second,2023:Q3,T,A,0.34662119022806864,0.0,0.06297924129638413,4.54737273373317,True,5,0.02
indicator_revision_only_dfm_kalman_em,pseudo,2023:Q3:pre_second:pseudo,2023-11-30,pre_second,2023:Q3,T,M,0.34662119022806864,0.0,0.06297924129638413,4.54737273373317,True,5,0.02
indicator_revision_only_dfm_kalman_em,pseudo,2023:Q3:pre_second:pseudo,2023-11-30,pre_second,2023:Q3,T,S,0.34662119022806864,0.0,0.06297924129638413,4.54737273373317,True,5,0.02
indicator_revision_only_dfm_kalman_em,pseudo,2023:Q3:pre_second:pseudo,2023-11-30,pre_second,2023:Q3,T,T,0.4738629716736198,0.0,0.06297924129638413,4.54737273373317,True,5,0.02
joint_indicator_revision_dfm_full_kalman_em,pseudo,2023:Q3:pre_second:pseudo,2023-11-30,pre_second,2023:Q3,A,A,0.2896323890184964,0.0,0.06371751687450648,4.528790750431085,True,5,0.02
joint_indicator_revision_dfm_full_kalman_em,pseudo,2023:Q3:pre_second:pseudo,2023-11-30,pre_second,2023:Q3,A,M,0.15733957939675686,0.0,0.06371751687450648,4.528790750431085,True,5,0.02
joint_indicator_revision_dfm_full_kalman_em,pseudo,2023:Q3:pre_second:pseudo,2023-11-30,pre_second,2023:Q3,A,S,0.15649390865650717,0.0,0.06371751687450648,4.528790750431085,True,5,0.02
joint_indicator_revision_dfm_full_kalman_em,pseudo,2023:Q3:pre_second:pseudo,2023-11-30,pre_second,2023:Q3,A,T,0.157001311100657,0.0,0.06371751687450648,4.528790750431085,True,5,0.02
joint_indicator_revision_dfm_full_kalman_em,pseudo,2023:Q3:pre_second:pseudo,2023-11-30,pre_second,2023:Q3,M,A,0.15733957939675686,0.0,0.06371751687450648,4.528790750431085,True,5,0.02
joint_indicator_revision_dfm_full_kalman_em,pseudo,2023:Q3:pre_second:pseudo,2023-11-30,pre_second,2023:Q3,M,M,4.454666824749784,0.0,0.06371751687450648,4.528790750431085,True,5,0.02
joint_indicator_revision_dfm_full_kalman_em,pseudo,2023:Q3:pre_second:pseudo,2023-11-30,pre_second,2023:Q3,M,S,0.34917281780361287,0.0,0.06371751687450648,4.528790750431085,True,5,0.02
joint_indicator_revision_dfm_full_kalman_em,pseudo,2023:Q3:pre_second:pseudo,2023-11-30,pre_second,2023:Q3,M,T,0.35523070954277675,0.0,0.06371751687450648,4.528790750431085,True,5,0.02
joint_indicator_revision_dfm_full_kalman_em,pseudo,2023:Q3:pre_second:pseudo,2023-11-30,pre_second,2023:Q3,S,A,0.15649390865650717,0.0,0.06371751687450648,4.528790750431085,True,5,0.02
joint_indicator_revision_dfm_full_kalman_em,pseudo,2023:Q3:pre_second:pseudo,2023-11-30,pre_second,2023:Q3,S,M,0.34917281780361287,0.0,0.06371751687450648,4.528790750431085,True,5,0.02
joint_indicator_revision_dfm_full_kalman_em,pseudo,2023:Q3:pre_second:pseudo,2023-11-30,pre_second,2023:Q3,S,S,0.35957811099557957,0.0,0.06371751687450648,4.528790750431085,True,5,0.02
joint_indicator_revision_dfm_full_kalman_em,pseudo,2023:Q3:pre_second:pseudo,2023-11-30,pre_second,2023:Q3,S,T,0.34531923962067074,0.0,0.06371751687450648,4.528790750431085,True,5,0.02
joint_indicator_revision_dfm_full_kalman_em,pseudo,2023:Q3:pre_second:pseudo,2023-11-30,pre_second,2023:Q3,T,A,0.157001311100657,0.0,0.06371751687450648,4.528790750431085,True,5,0.02
joint_indicator_revision_dfm_full_kalman_em,pseudo,2023:Q3:pre_second:pseudo,2023-11-30,pre_second,2023:Q3,T,M,0.35523070954277675,0.0,0.06371751687450648,4.528790750431085,True,5,0.02
joint_indicator_revision_dfm_full_kalman_em,pseudo,2023:Q3:pre_second:pseudo,2023-11-30,pre_second,2023:Q3,T,S,0.34531923962067074,0.0,0.06371751687450648,4.528790750431085,True,5,0.02
joint_indicator_revision_dfm_full_kalman_em,pseudo,2023:Q3:pre_second:pseudo,2023-11-30,pre_second,2023:Q3,T,T,0.472184832473054,0.0,0.06371751687450648,4.528790750431085,True,5,0.02
monthly_mixed_frequency_kalman_em,pseudo,2023:Q3:pre_second:pseudo,2023-11-30,pre_second,2023:Q3,A,A,0.4221542798940682,0.0,0.058500165848596866,4.9161469694274995,True,5,0.02
monthly_mixed_frequency_kalman_em,pseudo,2023:Q3:pre_second:pseudo,2023-11-30,pre_second,2023:Q3,A,M,0.2020706602200957,0.0,0.058500165848596866,4.9161469694274995,True,5,0.02
monthly_mixed_frequency_kalman_em,pseudo,2023:Q3:pre_second:pseudo,2023-11-30,pre_second,2023:Q3,A,S,0.2041596447924522,0.0,0.058500165848596866,4.9161469694274995,True,5,0.02
monthly_mixed_frequency_kalman_em,pseudo,2023:Q3:pre_second:pseudo,2023-11-30,pre_second,2023:Q3,A,T,0.20302019866207593,0.0,0.058500165848596866,4.9161469694274995,True,5,0.02
monthly_mixed_frequency_kalman_em,pseudo,2023:Q3:pre_second:pseudo,2023-11-30,pre_second,2023:Q3,M,A,0.2020706602200957,0.0,0.058500165848596866,4.9161469694274995,True,5,0.02
monthly_mixed_frequency_kalman_em,pseudo,2023:Q3:pre_second:pseudo,2023-11-30,pre_second,2023:Q3,M,M,4.781040099524165,0.0,0.058500165848596866,4.9161469694274995,True,5,0.02
monthly_mixed_frequency_kalman_em,pseudo,2023:Q3:pre_second:pseudo,2023-11-30,pre_second,2023:Q3,M,S,0.42015398067911114,0.0,0.058500165848596866,4.9161469694274995,True,5,0.02
monthly_mixed_frequency_kalman_em,pseudo,2023:Q3:pre_second:pseudo,2023-11-30,pre_second,2023:Q3,M,T,0.5655428609851215,0.0,0.058500165848596866,4.9161469694274995,True,5,0.02
monthly_mixed_frequency_kalman_em,pseudo,2023:Q3:pre_second:pseudo,2023-11-30,pre_second,2023:Q3,S,A,0.2041596447924522,0.0,0.058500165848596866,4.9161469694274995,True,5,0.02
monthly_mixed_frequency_kalman_em,pseudo,2023:Q3:pre_second:pseudo,2023-11-30,pre_second,2023:Q3,S,M,0.42015398067911114,0.0,0.058500165848596866,4.9161469694274995,True,5,0.02
monthly_mixed_frequency_kalman_em,pseudo,2023:Q3:pre_second:pseudo,2023-11-30,pre_second,2023:Q3,S,S,0.3531236494765777,0.0,0.058500165848596866,4.9161469694274995,True,5,0.02
monthly_mixed_frequency_kalman_em,pseudo,2023:Q3:pre_second:pseudo,2023-11-30,pre_second,2023:Q3,S,T,0.3661553967074464,0.0,0.058500165848596866,4.9161469694274995,True,5,0.02
monthly_mixed_frequency_kalman_em,pseudo,2023:Q3:pre_second:pseudo,2023-11-30,pre_second,2023:Q3,T,A,0.20302019866207593,0.0,0.058500165848596866,4.9161469694274995,True,5,0.02
monthly_mixed_frequency_kalman_em,pseudo,2023:Q3:pre_second:pseudo,2023-11-30,pre_second,2023:Q3,T,M,0.5655428609851215,0.0,0.058500165848596866,4.9161469694274995,True,5,0.02
monthly_mixed_frequency_kalman_em,pseudo,2023:Q3:pre_second:pseudo,2023-11-30,pre_second,2023:Q3,T,S,0.3661553967074464,0.0,0.058500165848596866,4.9161469694274995,True,5,0.02
monthly_mixed_frequency_kalman_em,pseudo,2023:Q3:pre_second:pseudo,2023-11-30,pre_second,2023:Q3,T,T,0.5252575291326929,0.0,0.058500165848596866,4.9161469694274995,True,5,0.02
revision_dfm_kalman_em,pseudo,2023:Q3:pre_second:pseudo,2023-11-30,pre_second,2023:Q3,A,A,0.2878621278072818,2.7755575615628914e-17,0.06544265719860819,4.556046548451066,True,5,0.02
revision_dfm_kalman_em,pseudo,2023:Q3:pre_second:pseudo,2023-11-30,pre_second,2023:Q3,A,M,0.15387766419722368,2.7755575615628914e-17,0.06544265719860819,4.556046548451066,True,5,0.02
revision_dfm_kalman_em,pseudo,2023:Q3:pre_second:pseudo,2023-11-30,pre_second,2023:Q3,A,S,0.1531965385323905,2.7755575615628914e-17,0.06544265719860819,4.556046548451066,True,5,0.02
revision_dfm_kalman_em,pseudo,2023:Q3:pre_second:pseudo,2023-11-30,pre_second,2023:Q3,A,T,0.15360521393129042,2.7755575615628914e-17,0.06544265719860819,4.556046548451066,True,5,0.02
revision_dfm_kalman_em,pseudo,2023:Q3:pre_second:pseudo,2023-11-30,pre_second,2023:Q3,M,A,0.15387766419722368,2.7755575615628914e-17,0.06544265719860819,4.556046548451066,True,5,0.02
revision_dfm_kalman_em,pseudo,2023:Q3:pre_second:pseudo,2023-11-30,pre_second,2023:Q3,M,M,4.472392866146379,2.7755575615628914e-17,0.06544265719860819,4.556046548451066,True,5,0.02
revision_dfm_kalman_em,pseudo,2023:Q3:pre_second:pseudo,2023-11-30,pre_second,2023:Q3,M,S,0.3729394968439051,2.7755575615628914e-17,0.06544265719860819,4.556046548451066,True,5,0.02
revision_dfm_kalman_em,pseudo,2023:Q3:pre_second:pseudo,2023-11-30,pre_second,2023:Q3,M,T,0.37985723892748446,2.7755575615628914e-17,0.06544265719860819,4.556046548451066,True,5,0.02
revision_dfm_kalman_em,pseudo,2023:Q3:pre_second:pseudo,2023-11-30,pre_second,2023:Q3,S,A,0.15319653853239054,2.7755575615628914e-17,0.06544265719860819,4.556046548451066,True,5,0.02
revision_dfm_kalman_em,pseudo,2023:Q3:pre_second:pseudo,2023-11-30,pre_second,2023:Q3,S,M,0.3729394968439051,2.7755575615628914e-17,0.06544265719860819,4.556046548451066,True,5,0.02
revision_dfm_kalman_em,pseudo,2023:Q3:pre_second:pseudo,2023-11-30,pre_second,2023:Q3,S,S,0.3860941368607524,2.7755575615628914e-17,0.06544265719860819,4.556046548451066,True,5,0.02
revision_dfm_kalman_em,pseudo,2023:Q3:pre_second:pseudo,2023-11-30,pre_second,2023:Q3,S,T,0.36854463767767476,2.7755575615628914e-17,0.06544265719860819,4.556046548451066,True,5,0.02
revision_dfm_kalman_em,pseudo,2023:Q3:pre_second:pseudo,2023-11-30,pre_second,2023:Q3,T,A,0.1536052139312904,2.7755575615628914e-17,0.06544265719860819,4.556046548451066,True,5,0.02
revision_dfm_kalman_em,pseudo,2023:Q3:pre_second:pseudo,2023-11-30,pre_second,2023:Q3,T,M,0.37985723892748446,2.7755575615628914e-17,0.06544265719860819,4.556046548451066,True,5,0.02
revision_dfm_kalman_em,pseudo,2023:Q3:pre_second:pseudo,2023-11-30,pre_second,2023:Q3,T,S,0.36854463767767476,2.7755575615628914e-17,0.06544265719860819,4.556046548451066,True,5,0.02
revision_dfm_kalman_em,pseudo,2023:Q3:pre_second:pseudo,2023-11-30,pre_second,2023:Q3,T,T,0.49311117606469623,2.7755575615628914e-17,0.06544265719860819,4.556046548451066,True,5,0.02
indicator_revision_only_dfm_kalman_em,exact,2023:Q3:pre_third:exact,2023-12-20,pre_third,2023:Q3,A,A,0.41375511912971347,0.0,0.045090277926493366,4.099242002120304,True,5,0.02
indicator_revision_only_dfm_kalman_em,exact,2023:Q3:pre_third:exact,2023-12-20,pre_third,2023:Q3,A,M,0.025268283426655082,0.0,0.045090277926493366,4.099242002120304,True,5,0.02
indicator_revision_only_dfm_kalman_em,exact,2023:Q3:pre_third:exact,2023-12-20,pre_third,2023:Q3,A,S,0.025268283426655082,0.0,0.045090277926493366,4.099242002120304,True,5,0.02
indicator_revision_only_dfm_kalman_em,exact,2023:Q3:pre_third:exact,2023-12-20,pre_third,2023:Q3,A,T,0.025268283426655082,0.0,0.045090277926493366,4.099242002120304,True,5,0.02
indicator_revision_only_dfm_kalman_em,exact,2023:Q3:pre_third:exact,2023-12-20,pre_third,2023:Q3,M,A,0.025268283426655082,0.0,0.045090277926493366,4.099242002120304,True,5,0.02
indicator_revision_only_dfm_kalman_em,exact,2023:Q3:pre_third:exact,2023-12-20,pre_third,2023:Q3,M,M,4.098743032370415,0.0,0.045090277926493366,4.099242002120304,True,5,0.02
indicator_revision_only_dfm_kalman_em,exact,2023:Q3:pre_third:exact,2023-12-20,pre_third,2023:Q3,M,S,0.025268283426655082,0.0,0.045090277926493366,4.099242002120304,True,5,0.02
indicator_revision_only_dfm_kalman_em,exact,2023:Q3:pre_third:exact,2023-12-20,pre_third,2023:Q3,M,T,0.025268283426655082,0.0,0.045090277926493366,4.099242002120304,True,5,0.02
indicator_revision_only_dfm_kalman_em,exact,2023:Q3:pre_third:exact,2023-12-20,pre_third,2023:Q3,S,A,0.025268283426655082,0.0,0.045090277926493366,4.099242002120304,True,5,0.02
indicator_revision_only_dfm_kalman_em,exact,2023:Q3:pre_third:exact,2023-12-20,pre_third,2023:Q3,S,M,0.025268283426655082,0.0,0.045090277926493366,4.099242002120304,True,5,0.02
indicator_revision_only_dfm_kalman_em,exact,2023:Q3:pre_third:exact,2023-12-20,pre_third,2023:Q3,S,S,0.05254380830474668,0.0,0.045090277926493366,4.099242002120304,True,5,0.02
indicator_revision_only_dfm_kalman_em,exact,2023:Q3:pre_third:exact,2023-12-20,pre_third,2023:Q3,S,T,0.025268283426655082,0.0,0.045090277926493366,4.099242002120304,True,5,0.02
indicator_revision_only_dfm_kalman_em,exact,2023:Q3:pre_third:exact,2023-12-20,pre_third,2023:Q3,T,A,0.025268283426655082,0.0,0.045090277926493366,4.099242002120304,True,5,0.02
indicator_revision_only_dfm_kalman_em,exact,2023:Q3:pre_third:exact,2023-12-20,pre_third,2023:Q3,T,M,0.025268283426655082,0.0,0.045090277926493366,4.099242002120304,True,5,0.02
indicator_revision_only_dfm_kalman_em,exact,2023:Q3:pre_third:exact,2023-12-20,pre_third,2023:Q3,T,S,0.025268283426655082,0.0,0.045090277926493366,4.099242002120304,True,5,0.02
indicator_revision_only_dfm_kalman_em,exact,2023:Q3:pre_third:exact,2023-12-20,pre_third,2023:Q3,T,T,0.14499866667769287,0.0,0.045090277926493366,4.099242002120304,True,5,0.02
joint_indicator_revision_dfm_full_kalman_em,exact,2023:Q3:pre_third:exact,2023-12-20,pre_third,2023:Q3,A,A,0.20341024071978023,1.734723475976807e-18,0.04637021016259517,4.1113047246096635,True,5,0.02
joint_indicator_revision_dfm_full_kalman_em,exact,2023:Q3:pre_third:exact,2023-12-20,pre_third,2023:Q3,A,M,0.007979627939242217,1.734723475976807e-18,0.04637021016259517,4.1113047246096635,True,5,0.02
joint_indicator_revision_dfm_full_kalman_em,exact,2023:Q3:pre_third:exact,2023-12-20,pre_third,2023:Q3,A,S,0.011092394178431136,1.734723475976807e-18,0.04637021016259517,4.1113047246096635,True,5,0.02
joint_indicator_revision_dfm_full_kalman_em,exact,2023:Q3:pre_third:exact,2023-12-20,pre_third,2023:Q3,A,T,0.009224734434917784,1.734723475976807e-18,0.04637021016259517,4.1113047246096635,True,5,0.02
joint_indicator_revision_dfm_full_kalman_em,exact,2023:Q3:pre_third:exact,2023-12-20,pre_third,2023:Q3,M,A,0.007979627939242217,1.734723475976807e-18,0.04637021016259517,4.1113047246096635,True,5,0.02
joint_indicator_revision_dfm_full_kalman_em,exact,2023:Q3:pre_third:exact,2023-12-20,pre_third,2023:Q3,M,M,4.110917486565042,1.734723475976807e-18,0.04637021016259517,4.1113047246096635,True,5,0.02
joint_indicator_revision_dfm_full_kalman_em,exact,2023:Q3:pre_third:exact,2023-12-20,pre_third,2023:Q3,M,S,0.026868087868298935,1.734723475976807e-18,0.04637021016259517,4.1113047246096635,True,5,0.02
joint_indicator_revision_dfm_full_kalman_em,exact,2023:Q3:pre_third:exact,2023-12-20,pre_third,2023:Q3,M,T,0.027464565550269146,1.734723475976807e-18,0.04637021016259517,4.1113047246096635,True,5,0.02
joint_indicator_revision_dfm_full_kalman_em,exact,2023:Q3:pre_third:exact,2023-12-20,pre_third,2023:Q3,S,A,0.011092394178431136,1.734723475976807e-18,0.04637021016259517,4.1113047246096635,True,5,0.02
joint_indicator_revision_dfm_full_kalman_em,exact,2023:Q3:pre_third:exact,2023-12-20,pre_third,2023:Q3,S,M,0.026868087868298935,1.734723475976807e-18,0.04637021016259517,4.1113047246096635,True,5,0.02
joint_indicator_revision_dfm_full_kalman_em,exact,2023:Q3:pre_third:exact,2023-12-20,pre_third,2023:Q3,S,S,0.05437367572205629,1.734723475976807e-18,0.04637021016259517,4.1113047246096635,True,5,0.02
joint_indicator_revision_dfm_full_kalman_em,exact,2023:Q3:pre_third:exact,2023-12-20,pre_third,2023:Q3,S,T,0.026552573994501578,1.734723475976807e-18,0.04637021016259517,4.1113047246096635,True,5,0.02
joint_indicator_revision_dfm_full_kalman_em,exact,2023:Q3:pre_third:exact,2023-12-20,pre_third,2023:Q3,T,A,0.009224734434917786,1.734723475976807e-18,0.04637021016259517,4.1113047246096635,True,5,0.02
joint_indicator_revision_dfm_full_kalman_em,exact,2023:Q3:pre_third:exact,2023-12-20,pre_third,2023:Q3,T,M,0.027464565550269146,1.734723475976807e-18,0.04637021016259517,4.1113047246096635,True,5,0.02
joint_indicator_revision_dfm_full_kalman_em,exact,2023:Q3:pre_third:exact,2023-12-20,pre_third,2023:Q3,T,S,0.026552573994501578,1.734723475976807e-18,0.04637021016259517,4.1113047246096635,True,5,0.02
joint_indicator_revision_dfm_full_kalman_em,exact,2023:Q3:pre_third:exact,2023-12-20,pre_third,2023:Q3,T,T,0.14097335831323093,1.734723475976807e-18,0.04637021016259517,4.1113047246096635,True,5,0.02
monthly_mixed_frequency_kalman_em,exact,2023:Q3:pre_third:exact,2023-12-20,pre_third,2023:Q3,A,A,0.3019461746162167,0.0,0.05800136614625365,4.287083830031407,True,5,0.02
monthly_mixed_frequency_kalman_em,exact,2023:Q3:pre_third:exact,2023-12-20,pre_third,2023:Q3,A,M,-0.04050860095085415,0.0,0.05800136614625365,4.287083830031407,True,5,0.02
monthly_mixed_frequency_kalman_em,exact,2023:Q3:pre_third:exact,2023-12-20,pre_third,2023:Q3,A,S,0.029909277671164778,0.0,0.05800136614625365,4.287083830031407,True,5,0.02
monthly_mixed_frequency_kalman_em,exact,2023:Q3:pre_third:exact,2023-12-20,pre_third,2023:Q3,A,T,-0.008500474304481908,0.0,0.05800136614625365,4.287083830031407,True,5,0.02
monthly_mixed_frequency_kalman_em,exact,2023:Q3:pre_third:exact,2023-12-20,pre_third,2023:Q3,M,A,-0.04050860095085415,0.0,0.05800136614625365,4.287083830031407,True,5,0.02
monthly_mixed_frequency_kalman_em,exact,2023:Q3:pre_third:exact,2023-12-20,pre_third,2023:Q3,M,M,4.2816320864029285,0.0,0.05800136614625365,4.287083830031407,True,5,0.02
monthly_mixed_frequency_kalman_em,exact,2023:Q3:pre_third:exact,2023-12-20,pre_third,2023:Q3,M,S,0.06180474277648628,0.0,0.05800136614625365,4.287083830031407,True,5,0.02
monthly_mixed_frequency_kalman_em,exact,2023:Q3:pre_third:exact,2023-12-20,pre_third,2023:Q3,M,T,0.13001363859471327,0.0,0.05800136614625365,4.287083830031407,True,5,0.02
monthly_mixed_frequency_kalman_em,exact,2023:Q3:pre_third:exact,2023-12-20,pre_third,2023:Q3,S,A,0.029909277671164778,0.0,0.05800136614625365,4.287083830031407,True,5,0.02
monthly_mixed_frequency_kalman_em,exact,2023:Q3:pre_third:exact,2023-12-20,pre_third,2023:Q3,S,M,0.06180474277648628,0.0,0.05800136614625365,4.287083830031407,True,5,0.02
monthly_mixed_frequency_kalman_em,exact,2023:Q3:pre_third:exact,2023-12-20,pre_third,2023:Q3,S,S,0.09619328963644103,0.0,0.05800136614625365,4.287083830031407,True,5,0.02
monthly_mixed_frequency_kalman_em,exact,2023:Q3:pre_third:exact,2023-12-20,pre_third,2023:Q3,S,T,0.05383087650015591,0.0,0.05800136614625365,4.287083830031407,True,5,0.02
monthly_mixed_frequency_kalman_em,exact,2023:Q3:pre_third:exact,2023-12-20,pre_third,2023:Q3,T,A,-0.008500474304481908,0.0,0.05800136614625365,4.287083830031407,True,5,0.02
monthly_mixed_frequency_kalman_em,exact,2023:Q3:pre_third:exact,2023-12-20,pre_third,2023:Q3,T,M,0.13001363859471327,0.0,0.05800136614625365,4.287083830031407,True,5,0.02
monthly_mixed_frequency_kalman_em,exact,2023:Q3:pre_third:exact,2023-12-20,pre_third,2023:Q3,T,S,0.05383087650015591,0.0,0.05800136614625365,4.287083830031407,True,5,0.02
monthly_mixed_frequency_kalman_em,exact,2023:Q3:pre_third:exact,2023-12-20,pre_third,2023:Q3,T,T,0.1456353512666994,0.0,0.05800136614625365,4.287083830031407,True,5,0.02
revision_dfm_kalman_em,exact,2023:Q3:pre_third:exact,2023-12-20,pre_third,2023:Q3,A,A,0.22514063268195042,3.469446951953614e-18,0.047474762225590356,4.107515983329891,True,5,0.02
revision_dfm_kalman_em,exact,2023:Q3:pre_third:exact,2023-12-20,pre_third,2023:Q3,A,M,0.007746589421146047,3.469446951953614e-18,0.047474762225590356,4.107515983329891,True,5,0.02
revision_dfm_kalman_em,exact,2023:Q3:pre_third:exact,2023-12-20,pre_third,2023:Q3,A,S,0.01134475066800696,3.469446951953614e-18,0.047474762225590356,4.107515983329891,True,5,0.02
revision_dfm_kalman_em,exact,2023:Q3:pre_third:exact,2023-12-20,pre_third,2023:Q3,A,T,0.009185853919890413,3.469446951953614e-18,0.047474762225590356,4.107515983329891,True,5,0.02
revision_dfm_kalman_em,exact,2023:Q3:pre_third:exact,2023-12-20,pre_third,2023:Q3,M,A,0.007746589421146047,3.469446951953614e-18,0.047474762225590356,4.107515983329891,True,5,0.02
revision_dfm_kalman_em,exact,2023:Q3:pre_third:exact,2023-12-20,pre_third,2023:Q3,M,M,4.107105778598344,3.469446951953614e-18,0.047474762225590356,4.107515983329891,True,5,0.02
revision_dfm_kalman_em,exact,2023:Q3:pre_third:exact,2023-12-20,pre_third,2023:Q3,M,S,0.027690124654954382,3.469446951953614e-18,0.047474762225590356,4.107515983329891,True,5,0.02
revision_dfm_kalman_em,exact,2023:Q3:pre_third:exact,2023-12-20,pre_third,2023:Q3,M,T,0.028319920504443066,3.469446951953614e-18,0.047474762225590356,4.107515983329891,True,5,0.02
revision_dfm_kalman_em,exact,2023:Q3:pre_third:exact,2023-12-20,pre_third,2023:Q3,S,A,0.011344750668006961,3.469446951953614e-18,0.047474762225590356,4.107515983329891,True,5,0.02
revision_dfm_kalman_em,exact,2023:Q3:pre_third:exact,2023-12-20,pre_third,2023:Q3,S,M,0.027690124654954382,3.469446951953614e-18,0.047474762225590356,4.107515983329891,True,5,0.02
revision_dfm_kalman_em,exact,2023:Q3:pre_third:exact,2023-12-20,pre_third,2023:Q3,S,S,0.05593901910833327,3.469446951953614e-18,0.047474762225590356,4.107515983329891,True,5,0.02
revision_dfm_kalman_em,exact,2023:Q3:pre_third:exact,2023-12-20,pre_third,2023:Q3,S,T,0.027363217175215435,3.469446951953614e-18,0.047474762225590356,4.107515983329891,True,5,0.02
revision_dfm_kalman_em,exact,2023:Q3:pre_third:exact,2023-12-20,pre_third,2023:Q3,T,A,0.009185853919890411,3.469446951953614e-18,0.047474762225590356,4.107515983329891,True,5,0.02
revision_dfm_kalman_em,exact,2023:Q3:pre_third:exact,2023-12-20,pre_third,2023:Q3,T,M,0.028319920504443066,3.469446951953614e-18,0.047474762225590356,4.107515983329891,True,5,0.02
revision_dfm_kalman_em,exact,2023:Q3:pre_third:exact,2023-12-20,pre_third,2023:Q3,T,S,0.02736321717521543,3.469446951953614e-18,0.047474762225590356,4.107515983329891,True,5,0.02
revision_dfm_kalman_em,exact,2023:Q3:pre_third:exact,2023-12-20,pre_third,2023:Q3,T,T,0.1416903512311284,3.469446951953614e-18,0.047474762225590356,4.107515983329891,True,5,0.02
indicator_revision_only_dfm_kalman_em,pseudo,2023:Q3:pre_third:pseudo,2023-12-31,pre_third,2023:Q3,A,A,0.4137553449004978,0.0,0.045090391823323715,4.0992423925359205,True,5,0.02
indicator_revision_only_dfm_kalman_em,pseudo,2023:Q3:pre_third:pseudo,2023-12-31,pre_third,2023:Q3,A,M,0.025268371260604612,0.0,0.045090391823323715,4.0992423925359205,True,5,0.02
indicator_revision_only_dfm_kalman_em,pseudo,2023:Q3:pre_third:pseudo,2023-12-31,pre_third,2023:Q3,A,S,0.025268371260604612,0.0,0.045090391823323715,4.0992423925359205,True,5,0.02
indicator_revision_only_dfm_kalman_em,pseudo,2023:Q3:pre_third:pseudo,2023-12-31,pre_third,2023:Q3,A,T,0.025268371260604612,0.0,0.045090391823323715,4.0992423925359205,True,5,0.02
indicator_revision_only_dfm_kalman_em,pseudo,2023:Q3:pre_third:pseudo,2023-12-31,pre_third,2023:Q3,M,A,0.025268371260604612,0.0,0.045090391823323715,4.0992423925359205,True,5,0.02
indicator_revision_only_dfm_kalman_em,pseudo,2023:Q3:pre_third:pseudo,2023-12-31,pre_third,2023:Q3,M,M,4.098743419330316,0.0,0.045090391823323715,4.0992423925359205,True,5,0.02
indicator_revision_only_dfm_kalman_em,pseudo,2023:Q3:pre_third:pseudo,2023-12-31,pre_third,2023:Q3,M,S,0.025268371260604612,0.0,0.045090391823323715,4.0992423925359205,True,5,0.02
indicator_revision_only_dfm_kalman_em,pseudo,2023:Q3:pre_third:pseudo,2023-12-31,pre_third,2023:Q3,M,T,0.025268371260604612,0.0,0.045090391823323715,4.0992423925359205,True,5,0.02
indicator_revision_only_dfm_kalman_em,pseudo,2023:Q3:pre_third:pseudo,2023-12-31,pre_third,2023:Q3,S,A,0.025268371260604612,0.0,0.045090391823323715,4.0992423925359205,True,5,0.02
indicator_revision_only_dfm_kalman_em,pseudo,2023:Q3:pre_third:pseudo,2023-12-31,pre_third,2023:Q3,S,M,0.025268371260604612,0.0,0.045090391823323715,4.0992423925359205,True,5,0.02
indicator_revision_only_dfm_kalman_em,pseudo,2023:Q3:pre_third:pseudo,2023-12-31,pre_third,2023:Q3,S,S,0.05254398188666625,0.0,0.045090391823323715,4.0992423925359205,True,5,0.02
indicator_revision_only_dfm_kalman_em,pseudo,2023:Q3:pre_third:pseudo,2023-12-31,pre_third,2023:Q3,S,T,0.025268371260604612,0.0,0.045090391823323715,4.0992423925359205,True,5,0.02
indicator_revision_only_dfm_kalman_em,pseudo,2023:Q3:pre_third:pseudo,2023-12-31,pre_third,2023:Q3,T,A,0.025268371260604612,0.0,0.045090391823323715,4.0992423925359205,True,5,0.02
indicator_revision_only_dfm_kalman_em,pseudo,2023:Q3:pre_third:pseudo,2023-12-31,pre_third,2023:Q3,T,M,0.025268371260604612,0.0,0.045090391823323715,4.0992423925359205,True,5,0.02
indicator_revision_only_dfm_kalman_em,pseudo,2023:Q3:pre_third:pseudo,2023-12-31,pre_third,2023:Q3,T,S,0.025268371260604612,0.0,0.045090391823323715,4.0992423925359205,True,5,0.02
indicator_revision_only_dfm_kalman_em,pseudo,2023:Q3:pre_third:pseudo,2023-12-31,pre_third,2023:Q3,T,T,0.1449985949472252,0.0,0.045090391823323715,4.0992423925359205,True,5,0.02
joint_indicator_revision_dfm_full_kalman_em,pseudo,2023:Q3:pre_third:pseudo,2023-12-31,pre_third,2023:Q3,A,A,0.20341108545590308,1.734723475976807e-18,0.046370288192238845,4.111304574178674,True,5,0.02
joint_indicator_revision_dfm_full_kalman_em,pseudo,2023:Q3:pre_third:pseudo,2023-12-31,pre_third,2023:Q3,A,M,0.007979814998424014,1.734723475976807e-18,0.046370288192238845,4.111304574178674,True,5,0.02
joint_indicator_revision_dfm_full_kalman_em,pseudo,2023:Q3:pre_third:pseudo,2023-12-31,pre_third,2023:Q3,A,S,0.01109256900479612,1.734723475976807e-18,0.046370288192238845,4.111304574178674,True,5,0.02
joint_indicator_revision_dfm_full_kalman_em,pseudo,2023:Q3:pre_third:pseudo,2023-12-31,pre_third,2023:Q3,A,T,0.009224916600972856,1.734723475976807e-18,0.046370288192238845,4.111304574178674,True,5,0.02
joint_indicator_revision_dfm_full_kalman_em,pseudo,2023:Q3:pre_third:pseudo,2023-12-31,pre_third,2023:Q3,M,A,0.007979814998424014,1.734723475976807e-18,0.046370288192238845,4.111304574178674,True,5,0.02
joint_indicator_revision_dfm_full_kalman_em,pseudo,2023:Q3:pre_third:pseudo,2023-12-31,pre_third,2023:Q3,M,M,4.110917334051389,1.734723475976807e-18,0.046370288192238845,4.111304574178674,True,5,0.02
joint_indicator_revision_dfm_full_kalman_em,pseudo,2023:Q3:pre_third:pseudo,2023-12-31,pre_third,2023:Q3,M,S,0.026868136592826067,1.734723475976807e-18,0.046370288192238845,4.111304574178674,True,5,0.02
joint_indicator_revision_dfm_full_kalman_em,pseudo,2023:Q3:pre_third:pseudo,2023-12-31,pre_third,2023:Q3,M,T,0.027464609906333502,1.734723475976807e-18,0.046370288192238845,4.111304574178674,True,5,0.02
joint_indicator_revision_dfm_full_kalman_em,pseudo,2023:Q3:pre_third:pseudo,2023-12-31,pre_third,2023:Q3,S,A,0.01109256900479612,1.734723475976807e-18,0.046370288192238845,4.111304574178674,True,5,0.02
joint_indicator_revision_dfm_full_kalman_em,pseudo,2023:Q3:pre_third:pseudo,2023-12-31,pre_third,2023:Q3,S,M,0.026868136592826067,1.734723475976807e-18,0.046370288192238845,4.111304574178674,True,5,0.02
joint_indicator_revision_dfm_full_kalman_em,pseudo,2023:Q3:pre_third:pseudo,2023-12-31,pre_third,2023:Q3,S,S,0.05437380194548019,1.734723475976807e-18,0.046370288192238845,4.111304574178674,True,5,0.02
joint_indicator_revision_dfm_full_kalman_em,pseudo,2023:Q3:pre_third:pseudo,2023-12-31,pre_third,2023:Q3,S,T,0.02655262524106547,1.734723475976807e-18,0.046370288192238845,4.111304574178674,True,5,0.02
joint_indicator_revision_dfm_full_kalman_em,pseudo,2023:Q3:pre_third:pseudo,2023-12-31,pre_third,2023:Q3,T,A,0.009224916600972858,1.734723475976807e-18,0.046370288192238845,4.111304574178674,True,5,0.02
joint_indicator_revision_dfm_full_kalman_em,pseudo,2023:Q3:pre_third:pseudo,2023-12-31,pre_third,2023:Q3,T,M,0.027464609906333502,1.734723475976807e-18,0.046370288192238845,4.111304574178674,True,5,0.02
joint_indicator_revision_dfm_full_kalman_em,pseudo,2023:Q3:pre_third:pseudo,2023-12-31,pre_third,2023:Q3,T,S,0.02655262524106547,1.734723475976807e-18,0.046370288192238845,4.111304574178674,True,5,0.02
joint_indicator_revision_dfm_full_kalman_em,pseudo,2023:Q3:pre_third:pseudo,2023-12-31,pre_third,2023:Q3,T,T,0.14097332244874453,1.734723475976807e-18,0.046370288192238845,4.111304574178674,True,5,0.02
monthly_mixed_frequency_kalman_em,pseudo,2023:Q3:pre_third:pseudo,2023-12-31,pre_third,2023:Q3,A,A,0.30193742227973697,0.0,0.058002113291817106,4.287087474629171,True,5,0.02
monthly_mixed_frequency_kalman_em,pseudo,2023:Q3:pre_third:pseudo,2023-12-31,pre_third,2023:Q3,A,M,-0.04050747383768549,0.0,0.058002113291817106,4.287087474629171,True,5,0.02
monthly_mixed_frequency_kalman_em,pseudo,2023:Q3:pre_third:pseudo,2023-12-31,pre_third,2023:Q3,A,S,0.029909308051857687,0.0,0.058002113291817106,4.287087474629171,True,5,0.02
monthly_mixed_frequency_kalman_em,pseudo,2023:Q3:pre_third:pseudo,2023-12-31,pre_third,2023:Q3,A,T,-0.008499845706074958,0.0,0.058002113291817106,4.287087474629171,True,5,0.02
monthly_mixed_frequency_kalman_em,pseudo,2023:Q3:pre_third:pseudo,2023-12-31,pre_third,2023:Q3,M,A,-0.04050747383768549,0.0,0.058002113291817106,4.287087474629171,True,5,0.02
monthly_mixed_frequency_kalman_em,pseudo,2023:Q3:pre_third:pseudo,2023-12-31,pre_third,2023:Q3,M,M,4.281635576230133,0.0,0.058002113291817106,4.287087474629171,True,5,0.02
monthly_mixed_frequency_kalman_em,pseudo,2023:Q3:pre_third:pseudo,2023-12-31,pre_third,2023:Q3,M,S,0.06180642339968675,0.0,0.058002113291817106,4.287087474629171,True,5,0.02
monthly_mixed_frequency_kalman_em,pseudo,2023:Q3:pre_third:pseudo,2023-12-31,pre_third,2023:Q3,M,T,0.1300156882246016,0.0,0.058002113291817106,4.287087474629171,True,5,0.02
monthly_mixed_frequency_kalman_em,pseudo,2023:Q3:pre_third:pseudo,2023-12-31,pre_third,2023:Q3,S,A,0.029909308051857687,0.0,0.058002113291817106,4.287087474629171,True,5,0.02
monthly_mixed_frequency_kalman_em,pseudo,2023:Q3:pre_third:pseudo,2023-12-31,pre_third,2023:Q3,S,M,0.06180642339968675,0.0,0.058002113291817106,4.287087474629171,True,5,0.02
monthly_mixed_frequency_kalman_em,pseudo,2023:Q3:pre_third:pseudo,2023-12-31,pre_third,2023:Q3,S,S,0.09619531312590154,0.0,0.058002113291817106,4.287087474629171,True,5,0.02
monthly_mixed_frequency_kalman_em,pseudo,2023:Q3:pre_third:pseudo,2023-12-31,pre_third,2023:Q3,S,T,0.05383214456272949,0.0,0.058002113291817106,4.287087474629171,True,5,0.02
monthly_mixed_frequency_kalman_em,pseudo,2023:Q3:pre_third:pseudo,2023-12-31,pre_third,2023:Q3,T,A,-0.008499845706074958,0.0,0.058002113291817106,4.287087474629171,True,5,0.02
monthly_mixed_frequency_kalman_em,pseudo,2023:Q3:pre_third:pseudo,2023-12-31,pre_third,2023:Q3,T,M,0.1300156882246016,0.0,0.058002113291817106,4.287087474629171,True,5,0.02
monthly_mixed_frequency_kalman_em,pseudo,2023:Q3:pre_third:pseudo,2023-12-31,pre_third,2023:Q3,T,S,0.05383214456272949,0.0,0.058002113291817106,4.287087474629171,True,5,0.02
monthly_mixed_frequency_kalman_em,pseudo,2023:Q3:pre_third:pseudo,2023-12-31,pre_third,2023:Q3,T,T,0.1456371446802226,0.0,0.058002113291817106,4.287087474629171,True,5,0.02
revision_dfm_kalman_em,pseudo,2023:Q3:pre_third:pseudo,2023-12-31,pre_third,2023:Q3,A,A,0.22514067603213508,3.469446951953614e-18,0.047474820623244644,4.107515813506006,True,5,0.02
revision_dfm_kalman_em,pseudo,2023:Q3:pre_third:pseudo,2023-12-31,pre_third,2023:Q3,A,M,0.007746621330231723,3.469446951953614e-18,0.047474820623244644,4.107515813506006,True,5,0.02
revision_dfm_kalman_em,pseudo,2023:Q3:pre_third:pseudo,2023-12-31,pre_third,2023:Q3,A,S,0.01134479278411021,3.469446951953614e-18,0.047474820623244644,4.107515813506006,True,5,0.02
revision_dfm_kalman_em,pseudo,2023:Q3:pre_third:pseudo,2023-12-31,pre_third,2023:Q3,A,T,0.009185889911783117,3.469446951953614e-18,0.047474820623244644,4.107515813506006,True,5,0.02
revision_dfm_kalman_em,pseudo,2023:Q3:pre_third:pseudo,2023-12-31,pre_third,2023:Q3,M,A,0.007746621330231723,3.469446951953614e-18,0.047474820623244644,4.107515813506006,True,5,0.02
revision_dfm_kalman_em,pseudo,2023:Q3:pre_third:pseudo,2023-12-31,pre_third,2023:Q3,M,M,4.107105607521548,3.469446951953614e-18,0.047474820623244644,4.107515813506006,True,5,0.02
revision_dfm_kalman_em,pseudo,2023:Q3:pre_third:pseudo,2023-12-31,pre_third,2023:Q3,M,S,0.0276901634763314,3.469446951953614e-18,0.047474820623244644,4.107515813506006,True,5,0.02
revision_dfm_kalman_em,pseudo,2023:Q3:pre_third:pseudo,2023-12-31,pre_third,2023:Q3,M,T,0.02831995954410297,3.469446951953614e-18,0.047474820623244644,4.107515813506006,True,5,0.02
revision_dfm_kalman_em,pseudo,2023:Q3:pre_third:pseudo,2023-12-31,pre_third,2023:Q3,S,A,0.01134479278411021,3.469446951953614e-18,0.047474820623244644,4.107515813506006,True,5,0.02
revision_dfm_kalman_em,pseudo,2023:Q3:pre_third:pseudo,2023-12-31,pre_third,2023:Q3,S,M,0.0276901634763314,3.469446951953614e-18,0.047474820623244644,4.107515813506006,True,5,0.02
revision_dfm_kalman_em,pseudo,2023:Q3:pre_third:pseudo,2023-12-31,pre_third,2023:Q3,S,S,0.05593910996403728,3.469446951953614e-18,0.047474820623244644,4.107515813506006,True,5,0.02
revision_dfm_kalman_em,pseudo,2023:Q3:pre_third:pseudo,2023-12-31,pre_third,2023:Q3,S,T,0.02736325606248698,3.469446951953614e-18,0.047474820623244644,4.107515813506006,True,5,0.02
revision_dfm_kalman_em,pseudo,2023:Q3:pre_third:pseudo,2023-12-31,pre_third,2023:Q3,T,A,0.009185889911783115,3.469446951953614e-18,0.047474820623244644,4.107515813506006,True,5,0.02
revision_dfm_kalman_em,pseudo,2023:Q3:pre_third:pseudo,2023-12-31,pre_third,2023:Q3,T,M,0.02831995954410297,3.469446951953614e-18,0.047474820623244644,4.107515813506006,True,5,0.02
revision_dfm_kalman_em,pseudo,2023:Q3:pre_third:pseudo,2023-12-31,pre_third,2023:Q3,T,S,0.027363256062486976,3.469446951953614e-18,0.047474820623244644,4.107515813506006,True,5,0.02
revision_dfm_kalman_em,pseudo,2023:Q3:pre_third:pseudo,2023-12-31,pre_third,2023:Q3,T,T,0.14169032371723625,3.469446951953614e-18,0.047474820623244644,4.107515813506006,True,5,0.02
indicator_revision_only_dfm_kalman_em,exact,2023:Q4:pre_advance:exact,2024-01-24,pre_advance,2023:Q4,A,A,3.8647575221871424,0.0,0.06610431170971884,15.278561908941565,True,5,0.02
indicator_revision_only_dfm_kalman_em,exact,2023:Q4:pre_advance:exact,2024-01-24,pre_advance,2023:Q4,A,M,3.4724976107159575,0.0,0.06610431170971884,15.278561908941565,True,5,0.02
indicator_revision_only_dfm_kalman_em,exact,2023:Q4:pre_advance:exact,2024-01-24,pre_advance,2023:Q4,A,S,3.4724976107159575,0.0,0.06610431170971884,15.278561908941565,True,5,0.02
indicator_revision_only_dfm_kalman_em,exact,2023:Q4:pre_advance:exact,2024-01-24,pre_advance,2023:Q4,A,T,3.4724976107159575,0.0,0.06610431170971884,15.278561908941565,True,5,0.02
indicator_revision_only_dfm_kalman_em,exact,2023:Q4:pre_advance:exact,2024-01-24,pre_advance,2023:Q4,M,A,3.4724976107159575,0.0,0.06610431170971884,15.278561908941565,True,5,0.02
indicator_revision_only_dfm_kalman_em,exact,2023:Q4:pre_advance:exact,2024-01-24,pre_advance,2023:Q4,M,M,7.550250227449086,0.0,0.06610431170971884,15.278561908941565,True,5,0.02
indicator_revision_only_dfm_kalman_em,exact,2023:Q4:pre_advance:exact,2024-01-24,pre_advance,2023:Q4,M,S,3.4724976107159575,0.0,0.06610431170971884,15.278561908941565,True,5,0.02
indicator_revision_only_dfm_kalman_em,exact,2023:Q4:pre_advance:exact,2024-01-24,pre_advance,2023:Q4,M,T,3.4724976107159575,0.0,0.06610431170971884,15.278561908941565,True,5,0.02
indicator_revision_only_dfm_kalman_em,exact,2023:Q4:pre_advance:exact,2024-01-24,pre_advance,2023:Q4,S,A,3.4724976107159575,0.0,0.06610431170971884,15.278561908941565,True,5,0.02
indicator_revision_only_dfm_kalman_em,exact,2023:Q4:pre_advance:exact,2024-01-24,pre_advance,2023:Q4,S,M,3.4724976107159575,0.0,0.06610431170971884,15.278561908941565,True,5,0.02
indicator_revision_only_dfm_kalman_em,exact,2023:Q4:pre_advance:exact,2024-01-24,pre_advance,2023:Q4,S,S,3.4878772095991564,0.0,0.06610431170971884,15.278561908941565,True,5,0.02
indicator_revision_only_dfm_kalman_em,exact,2023:Q4:pre_advance:exact,2024-01-24,pre_advance,2023:Q4,S,T,3.4724976107159575,0.0,0.06610431170971884,15.278561908941565,True,5,0.02
indicator_revision_only_dfm_kalman_em,exact,2023:Q4:pre_advance:exact,2024-01-24,pre_advance,2023:Q4,T,A,3.4724976107159575,0.0,0.06610431170971884,15.278561908941565,True,5,0.02
indicator_revision_only_dfm_kalman_em,exact,2023:Q4:pre_advance:exact,2024-01-24,pre_advance,2023:Q4,T,M,3.4724976107159575,0.0,0.06610431170971884,15.278561908941565,True,5,0.02
indicator_revision_only_dfm_kalman_em,exact,2023:Q4:pre_advance:exact,2024-01-24,pre_advance,2023:Q4,T,S,3.4724976107159575,0.0,0.06610431170971884,15.278561908941565,True,5,0.02
indicator_revision_only_dfm_kalman_em,exact,2023:Q4:pre_advance:exact,2024-01-24,pre_advance,2023:Q4,T,T,3.6006713776377905,0.0,0.06610431170971884,15.278561908941565,True,5,0.02
joint_indicator_revision_dfm_full_kalman_em,exact,2023:Q4:pre_advance:exact,2024-01-24,pre_advance,2023:Q4,A,A,2.7958457324377997,4.440892098500626e-16,0.06413471358509035,15.067578467789108,True,5,0.02
joint_indicator_revision_dfm_full_kalman_em,exact,2023:Q4:pre_advance:exact,2024-01-24,pre_advance,2023:Q4,A,M,3.068085079336165,4.440892098500626e-16,0.06413471358509035,15.067578467789108,True,5,0.02
joint_indicator_revision_dfm_full_kalman_em,exact,2023:Q4:pre_advance:exact,2024-01-24,pre_advance,2023:Q4,A,S,3.0453811130413726,4.440892098500626e-16,0.06413471358509035,15.067578467789108,True,5,0.02
joint_indicator_revision_dfm_full_kalman_em,exact,2023:Q4:pre_advance:exact,2024-01-24,pre_advance,2023:Q4,A,T,3.059003492818248,4.440892098500626e-16,0.06413471358509035,15.067578467789108,True,5,0.02
joint_indicator_revision_dfm_full_kalman_em,exact,2023:Q4:pre_advance:exact,2024-01-24,pre_advance,2023:Q4,M,A,3.068085079336165,4.440892098500626e-16,0.06413471358509035,15.067578467789108,True,5,0.02
joint_indicator_revision_dfm_full_kalman_em,exact,2023:Q4:pre_advance:exact,2024-01-24,pre_advance,2023:Q4,M,M,7.804682305270101,4.440892098500626e-16,0.06413471358509035,15.067578467789108,True,5,0.02
joint_indicator_revision_dfm_full_kalman_em,exact,2023:Q4:pre_advance:exact,2024-01-24,pre_advance,2023:Q4,M,S,3.6882541470356487,4.440892098500626e-16,0.06413471358509035,15.067578467789108,True,5,0.02
joint_indicator_revision_dfm_full_kalman_em,exact,2023:Q4:pre_advance:exact,2024-01-24,pre_advance,2023:Q4,M,T,3.707838433384054,4.440892098500626e-16,0.06413471358509035,15.067578467789108,True,5,0.02
joint_indicator_revision_dfm_full_kalman_em,exact,2023:Q4:pre_advance:exact,2024-01-24,pre_advance,2023:Q4,S,A,3.0453811130413726,4.440892098500626e-16,0.06413471358509035,15.067578467789108,True,5,0.02
joint_indicator_revision_dfm_full_kalman_em,exact,2023:Q4:pre_advance:exact,2024-01-24,pre_advance,2023:Q4,S,M,3.6882541470356487,4.440892098500626e-16,0.06413471358509035,15.067578467789108,True,5,0.02
joint_indicator_revision_dfm_full_kalman_em,exact,2023:Q4:pre_advance:exact,2024-01-24,pre_advance,2023:Q4,S,S,3.6741980637288436,4.440892098500626e-16,0.06413471358509035,15.067578467789108,True,5,0.02
joint_indicator_revision_dfm_full_kalman_em,exact,2023:Q4:pre_advance:exact,2024-01-24,pre_advance,2023:Q4,S,T,3.6753966863557634,4.440892098500626e-16,0.06413471358509035,15.067578467789108,True,5,0.02
joint_indicator_revision_dfm_full_kalman_em,exact,2023:Q4:pre_advance:exact,2024-01-24,pre_advance,2023:Q4,T,A,3.0590034928182486,4.440892098500626e-16,0.06413471358509035,15.067578467789108,True,5,0.02
joint_indicator_revision_dfm_full_kalman_em,exact,2023:Q4:pre_advance:exact,2024-01-24,pre_advance,2023:Q4,T,M,3.707838433384054,4.440892098500626e-16,0.06413471358509035,15.067578467789108,True,5,0.02
joint_indicator_revision_dfm_full_kalman_em,exact,2023:Q4:pre_advance:exact,2024-01-24,pre_advance,2023:Q4,T,S,3.6753966863557634,4.440892098500626e-16,0.06413471358509035,15.067578467789108,True,5,0.02
joint_indicator_revision_dfm_full_kalman_em,exact,2023:Q4:pre_advance:exact,2024-01-24,pre_advance,2023:Q4,T,T,3.817484276046014,4.440892098500626e-16,0.06413471358509035,15.067578467789108,True,5,0.02
monthly_mixed_frequency_kalman_em,exact,2023:Q4:pre_advance:exact,2024-01-24,pre_advance,2023:Q4,A,A,4.348259817846876,0.0,0.06098935558766661,18.069568248794507,True,5,0.02
monthly_mixed_frequency_kalman_em,exact,2023:Q4:pre_advance:exact,2024-01-24,pre_advance,2023:Q4,A,M,4.043990397452953,0.0,0.06098935558766661,18.069568248794507,True,5,0.02
monthly_mixed_frequency_kalman_em,exact,2023:Q4:pre_advance:exact,2024-01-24,pre_advance,2023:Q4,A,S,4.09193606277562,0.0,0.06098935558766661,18.069568248794507,True,5,0.02
monthly_mixed_frequency_kalman_em,exact,2023:Q4:pre_advance:exact,2024-01-24,pre_advance,2023:Q4,A,T,4.065783881690528,0.0,0.06098935558766661,18.069568248794507,True,5,0.02
monthly_mixed_frequency_kalman_em,exact,2023:Q4:pre_advance:exact,2024-01-24,pre_advance,2023:Q4,M,A,4.043990397452953,0.0,0.06098935558766661,18.069568248794507,True,5,0.02
monthly_mixed_frequency_kalman_em,exact,2023:Q4:pre_advance:exact,2024-01-24,pre_advance,2023:Q4,M,M,8.516294907004095,0.0,0.06098935558766661,18.069568248794507,True,5,0.02
monthly_mixed_frequency_kalman_em,exact,2023:Q4:pre_advance:exact,2024-01-24,pre_advance,2023:Q4,M,S,4.222019689338312,0.0,0.06098935558766661,18.069568248794507,True,5,0.02
monthly_mixed_frequency_kalman_em,exact,2023:Q4:pre_advance:exact,2024-01-24,pre_advance,2023:Q4,M,T,4.3407058839285515,0.0,0.06098935558766661,18.069568248794507,True,5,0.02
monthly_mixed_frequency_kalman_em,exact,2023:Q4:pre_advance:exact,2024-01-24,pre_advance,2023:Q4,S,A,4.09193606277562,0.0,0.06098935558766661,18.069568248794507,True,5,0.02
monthly_mixed_frequency_kalman_em,exact,2023:Q4:pre_advance:exact,2024-01-24,pre_advance,2023:Q4,S,M,4.222019689338312,0.0,0.06098935558766661,18.069568248794507,True,5,0.02
monthly_mixed_frequency_kalman_em,exact,2023:Q4:pre_advance:exact,2024-01-24,pre_advance,2023:Q4,S,S,4.202554999681111,0.0,0.06098935558766661,18.069568248794507,True,5,0.02
monthly_mixed_frequency_kalman_em,exact,2023:Q4:pre_advance:exact,2024-01-24,pre_advance,2023:Q4,S,T,4.189498782697639,0.0,0.06098935558766661,18.069568248794507,True,5,0.02
monthly_mixed_frequency_kalman_em,exact,2023:Q4:pre_advance:exact,2024-01-24,pre_advance,2023:Q4,T,A,4.065783881690528,0.0,0.06098935558766661,18.069568248794507,True,5,0.02
monthly_mixed_frequency_kalman_em,exact,2023:Q4:pre_advance:exact,2024-01-24,pre_advance,2023:Q4,T,M,4.3407058839285515,0.0,0.06098935558766661,18.069568248794507,True,5,0.02
monthly_mixed_frequency_kalman_em,exact,2023:Q4:pre_advance:exact,2024-01-24,pre_advance,2023:Q4,T,S,4.189498782697639,0.0,0.06098935558766661,18.069568248794507,True,5,0.02
monthly_mixed_frequency_kalman_em,exact,2023:Q4:pre_advance:exact,2024-01-24,pre_advance,2023:Q4,T,T,4.321332233499973,0.0,0.06098935558766661,18.069568248794507,True,5,0.02
revision_dfm_kalman_em,exact,2023:Q4:pre_advance:exact,2024-01-24,pre_advance,2023:Q4,A,A,2.967817109983839,4.440892098500626e-16,0.06603782324232091,14.860823907452477,True,5,0.02
revision_dfm_kalman_em,exact,2023:Q4:pre_advance:exact,2024-01-24,pre_advance,2023:Q4,A,M,3.0933793987309293,4.440892098500626e-16,0.06603782324232091,14.860823907452477,True,5,0.02
revision_dfm_kalman_em,exact,2023:Q4:pre_advance:exact,2024-01-24,pre_advance,2023:Q4,A,S,3.0798137051025334,4.440892098500626e-16,0.06603782324232091,14.860823907452477,True,5,0.02
revision_dfm_kalman_em,exact,2023:Q4:pre_advance:exact,2024-01-24,pre_advance,2023:Q4,A,T,3.087953121279571,4.440892098500626e-16,0.06603782324232091,14.860823907452477,True,5,0.02
revision_dfm_kalman_em,exact,2023:Q4:pre_advance:exact,2024-01-24,pre_advance,2023:Q4,M,A,3.0933793987309293,4.440892098500626e-16,0.06603782324232091,14.860823907452477,True,5,0.02
revision_dfm_kalman_em,exact,2023:Q4:pre_advance:exact,2024-01-24,pre_advance,2023:Q4,M,M,7.677046748176405,4.440892098500626e-16,0.06603782324232091,14.860823907452477,True,5,0.02
revision_dfm_kalman_em,exact,2023:Q4:pre_advance:exact,2024-01-24,pre_advance,2023:Q4,M,S,3.5817865113198173,4.440892098500626e-16,0.06603782324232091,14.860823907452477,True,5,0.02
revision_dfm_kalman_em,exact,2023:Q4:pre_advance:exact,2024-01-24,pre_advance,2023:Q4,M,T,3.5972098938226242,4.440892098500626e-16,0.06603782324232091,14.860823907452477,True,5,0.02
revision_dfm_kalman_em,exact,2023:Q4:pre_advance:exact,2024-01-24,pre_advance,2023:Q4,S,A,3.079813705102534,4.440892098500626e-16,0.06603782324232091,14.860823907452477,True,5,0.02
revision_dfm_kalman_em,exact,2023:Q4:pre_advance:exact,2024-01-24,pre_advance,2023:Q4,S,M,3.5817865113198173,4.440892098500626e-16,0.06603782324232091,14.860823907452477,True,5,0.02
revision_dfm_kalman_em,exact,2023:Q4:pre_advance:exact,2024-01-24,pre_advance,2023:Q4,S,S,3.581440924891613,4.440892098500626e-16,0.06603782324232091,14.860823907452477,True,5,0.02
revision_dfm_kalman_em,exact,2023:Q4:pre_advance:exact,2024-01-24,pre_advance,2023:Q4,S,T,3.5717470551954715,4.440892098500626e-16,0.06603782324232091,14.860823907452477,True,5,0.02
revision_dfm_kalman_em,exact,2023:Q4:pre_advance:exact,2024-01-24,pre_advance,2023:Q4,T,A,3.0879531212795714,4.440892098500626e-16,0.06603782324232091,14.860823907452477,True,5,0.02
revision_dfm_kalman_em,exact,2023:Q4:pre_advance:exact,2024-01-24,pre_advance,2023:Q4,T,M,3.5972098938226242,4.440892098500626e-16,0.06603782324232091,14.860823907452477,True,5,0.02
revision_dfm_kalman_em,exact,2023:Q4:pre_advance:exact,2024-01-24,pre_advance,2023:Q4,T,S,3.5717470551954715,4.440892098500626e-16,0.06603782324232091,14.860823907452477,True,5,0.02
revision_dfm_kalman_em,exact,2023:Q4:pre_advance:exact,2024-01-24,pre_advance,2023:Q4,T,T,3.704037643615641,4.440892098500626e-16,0.06603782324232091,14.860823907452477,True,5,0.02
indicator_revision_only_dfm_kalman_em,pseudo,2023:Q4:pre_advance:pseudo,2024-01-31,pre_advance,2023:Q4,A,A,3.88258198776283,0.0,0.06610634016725854,15.348475708096462,True,5,0.02
indicator_revision_only_dfm_kalman_em,pseudo,2023:Q4:pre_advance:pseudo,2024-01-31,pre_advance,2023:Q4,A,M,3.490308431857833,0.0,0.06610634016725854,15.348475708096462,True,5,0.02
indicator_revision_only_dfm_kalman_em,pseudo,2023:Q4:pre_advance:pseudo,2024-01-31,pre_advance,2023:Q4,A,S,3.490308431857833,0.0,0.06610634016725854,15.348475708096462,True,5,0.02
indicator_revision_only_dfm_kalman_em,pseudo,2023:Q4:pre_advance:pseudo,2024-01-31,pre_advance,2023:Q4,A,T,3.490308431857833,0.0,0.06610634016725854,15.348475708096462,True,5,0.02
indicator_revision_only_dfm_kalman_em,pseudo,2023:Q4:pre_advance:pseudo,2024-01-31,pre_advance,2023:Q4,M,A,3.490308431857833,0.0,0.06610634016725854,15.348475708096462,True,5,0.02
indicator_revision_only_dfm_kalman_em,pseudo,2023:Q4:pre_advance:pseudo,2024-01-31,pre_advance,2023:Q4,M,M,7.568084389190207,0.0,0.06610634016725854,15.348475708096462,True,5,0.02
indicator_revision_only_dfm_kalman_em,pseudo,2023:Q4:pre_advance:pseudo,2024-01-31,pre_advance,2023:Q4,M,S,3.490308431857833,0.0,0.06610634016725854,15.348475708096462,True,5,0.02
indicator_revision_only_dfm_kalman_em,pseudo,2023:Q4:pre_advance:pseudo,2024-01-31,pre_advance,2023:Q4,M,T,3.490308431857833,0.0,0.06610634016725854,15.348475708096462,True,5,0.02
indicator_revision_only_dfm_kalman_em,pseudo,2023:Q4:pre_advance:pseudo,2024-01-31,pre_advance,2023:Q4,S,A,3.490308431857833,0.0,0.06610634016725854,15.348475708096462,True,5,0.02
indicator_revision_only_dfm_kalman_em,pseudo,2023:Q4:pre_advance:pseudo,2024-01-31,pre_advance,2023:Q4,S,M,3.490308431857833,0.0,0.06610634016725854,15.348475708096462,True,5,0.02
indicator_revision_only_dfm_kalman_em,pseudo,2023:Q4:pre_advance:pseudo,2024-01-31,pre_advance,2023:Q4,S,S,3.5056940893911963,0.0,0.06610634016725854,15.348475708096462,True,5,0.02
indicator_revision_only_dfm_kalman_em,pseudo,2023:Q4:pre_advance:pseudo,2024-01-31,pre_advance,2023:Q4,S,T,3.490308431857833,0.0,0.06610634016725854,15.348475708096462,True,5,0.02
indicator_revision_only_dfm_kalman_em,pseudo,2023:Q4:pre_advance:pseudo,2024-01-31,pre_advance,2023:Q4,T,A,3.490308431857833,0.0,0.06610634016725854,15.348475708096462,True,5,0.02
indicator_revision_only_dfm_kalman_em,pseudo,2023:Q4:pre_advance:pseudo,2024-01-31,pre_advance,2023:Q4,T,M,3.490308431857833,0.0,0.06610634016725854,15.348475708096462,True,5,0.02
indicator_revision_only_dfm_kalman_em,pseudo,2023:Q4:pre_advance:pseudo,2024-01-31,pre_advance,2023:Q4,T,S,3.490308431857833,0.0,0.06610634016725854,15.348475708096462,True,5,0.02
indicator_revision_only_dfm_kalman_em,pseudo,2023:Q4:pre_advance:pseudo,2024-01-31,pre_advance,2023:Q4,T,T,3.618472107298556,0.0,0.06610634016725854,15.348475708096462,True,5,0.02
joint_indicator_revision_dfm_full_kalman_em,pseudo,2023:Q4:pre_advance:pseudo,2024-01-31,pre_advance,2023:Q4,A,A,2.833047272260332,4.440892098500626e-16,0.06414681645882198,15.223011360509407,True,5,0.02
joint_indicator_revision_dfm_full_kalman_em,pseudo,2023:Q4:pre_advance:pseudo,2024-01-31,pre_advance,2023:Q4,A,M,3.1072904088436166,4.440892098500626e-16,0.06414681645882198,15.223011360509407,True,5,0.02
joint_indicator_revision_dfm_full_kalman_em,pseudo,2023:Q4:pre_advance:pseudo,2024-01-31,pre_advance,2023:Q4,A,S,3.084429380213505,4.440892098500626e-16,0.06414681645882198,15.223011360509407,True,5,0.02
joint_indicator_revision_dfm_full_kalman_em,pseudo,2023:Q4:pre_advance:pseudo,2024-01-31,pre_advance,2023:Q4,A,T,3.098145997391572,4.440892098500626e-16,0.06414681645882198,15.223011360509407,True,5,0.02
joint_indicator_revision_dfm_full_kalman_em,pseudo,2023:Q4:pre_advance:pseudo,2024-01-31,pre_advance,2023:Q4,M,A,3.1072904088436166,4.440892098500626e-16,0.06414681645882198,15.223011360509407,True,5,0.02
joint_indicator_revision_dfm_full_kalman_em,pseudo,2023:Q4:pre_advance:pseudo,2024-01-31,pre_advance,2023:Q4,M,M,7.845576614859227,4.440892098500626e-16,0.06414681645882198,15.223011360509407,True,5,0.02
joint_indicator_revision_dfm_full_kalman_em,pseudo,2023:Q4:pre_advance:pseudo,2024-01-31,pre_advance,2023:Q4,M,S,3.7291454883410986,4.440892098500626e-16,0.06414681645882198,15.223011360509407,True,5,0.02
joint_indicator_revision_dfm_full_kalman_em,pseudo,2023:Q4:pre_advance:pseudo,2024-01-31,pre_advance,2023:Q4,M,T,3.7487830171673346,4.440892098500626e-16,0.06414681645882198,15.223011360509407,True,5,0.02
joint_indicator_revision_dfm_full_kalman_em,pseudo,2023:Q4:pre_advance:pseudo,2024-01-31,pre_advance,2023:Q4,S,A,3.084429380213505,4.440892098500626e-16,0.06414681645882198,15.223011360509407,True,5,0.02
joint_indicator_revision_dfm_full_kalman_em,pseudo,2023:Q4:pre_advance:pseudo,2024-01-31,pre_advance,2023:Q4,S,M,3.7291454883410986,4.440892098500626e-16,0.06414681645882198,15.223011360509407,True,5,0.02
joint_indicator_revision_dfm_full_kalman_em,pseudo,2023:Q4:pre_advance:pseudo,2024-01-31,pre_advance,2023:Q4,S,S,3.7150018685968096,4.440892098500626e-16,0.06414681645882198,15.223011360509407,True,5,0.02
joint_indicator_revision_dfm_full_kalman_em,pseudo,2023:Q4:pre_advance:pseudo,2024-01-31,pre_advance,2023:Q4,S,T,3.7162511661785467,4.440892098500626e-16,0.06414681645882198,15.223011360509407,True,5,0.02
joint_indicator_revision_dfm_full_kalman_em,pseudo,2023:Q4:pre_advance:pseudo,2024-01-31,pre_advance,2023:Q4,T,A,3.0981459973915717,4.440892098500626e-16,0.06414681645882198,15.223011360509407,True,5,0.02
joint_indicator_revision_dfm_full_kalman_em,pseudo,2023:Q4:pre_advance:pseudo,2024-01-31,pre_advance,2023:Q4,T,M,3.7487830171673346,4.440892098500626e-16,0.06414681645882198,15.223011360509407,True,5,0.02
joint_indicator_revision_dfm_full_kalman_em,pseudo,2023:Q4:pre_advance:pseudo,2024-01-31,pre_advance,2023:Q4,T,S,3.7162511661785462,4.440892098500626e-16,0.06414681645882198,15.223011360509407,True,5,0.02
joint_indicator_revision_dfm_full_kalman_em,pseudo,2023:Q4:pre_advance:pseudo,2024-01-31,pre_advance,2023:Q4,T,T,3.858402235839111,4.440892098500626e-16,0.06414681645882198,15.223011360509407,True,5,0.02
monthly_mixed_frequency_kalman_em,pseudo,2023:Q4:pre_advance:pseudo,2024-01-31,pre_advance,2023:Q4,A,A,4.348126073691428,0.0,0.06098939884249349,18.069023051495762,True,5,0.02
monthly_mixed_frequency_kalman_em,pseudo,2023:Q4:pre_advance:pseudo,2024-01-31,pre_advance,2023:Q4,A,M,4.043852870655039,0.0,0.06098939884249349,18.069023051495762,True,5,0.02
monthly_mixed_frequency_kalman_em,pseudo,2023:Q4:pre_advance:pseudo,2024-01-31,pre_advance,2023:Q4,A,S,4.091800798871322,0.0,0.06098939884249349,18.069023051495762,True,5,0.02
monthly_mixed_frequency_kalman_em,pseudo,2023:Q4:pre_advance:pseudo,2024-01-31,pre_advance,2023:Q4,A,T,4.065647383480623,0.0,0.06098939884249349,18.069023051495762,True,5,0.02
monthly_mixed_frequency_kalman_em,pseudo,2023:Q4:pre_advance:pseudo,2024-01-31,pre_advance,2023:Q4,M,A,4.043852870655039,0.0,0.06098939884249349,18.069023051495762,True,5,0.02
monthly_mixed_frequency_kalman_em,pseudo,2023:Q4:pre_advance:pseudo,2024-01-31,pre_advance,2023:Q4,M,M,8.516152716417837,0.0,0.06098939884249349,18.069023051495762,True,5,0.02
monthly_mixed_frequency_kalman_em,pseudo,2023:Q4:pre_advance:pseudo,2024-01-31,pre_advance,2023:Q4,M,S,4.221879850787235,0.0,0.06098939884249349,18.069023051495762,True,5,0.02
monthly_mixed_frequency_kalman_em,pseudo,2023:Q4:pre_advance:pseudo,2024-01-31,pre_advance,2023:Q4,M,T,4.340564504208699,0.0,0.06098939884249349,18.069023051495762,True,5,0.02
monthly_mixed_frequency_kalman_em,pseudo,2023:Q4:pre_advance:pseudo,2024-01-31,pre_advance,2023:Q4,S,A,4.091800798871322,0.0,0.06098939884249349,18.069023051495762,True,5,0.02
monthly_mixed_frequency_kalman_em,pseudo,2023:Q4:pre_advance:pseudo,2024-01-31,pre_advance,2023:Q4,S,M,4.221879850787235,0.0,0.06098939884249349,18.069023051495762,True,5,0.02
monthly_mixed_frequency_kalman_em,pseudo,2023:Q4:pre_advance:pseudo,2024-01-31,pre_advance,2023:Q4,S,S,4.202417877469907,0.0,0.06098939884249349,18.069023051495762,True,5,0.02
monthly_mixed_frequency_kalman_em,pseudo,2023:Q4:pre_advance:pseudo,2024-01-31,pre_advance,2023:Q4,S,T,4.189360087808256,0.0,0.06098939884249349,18.069023051495762,True,5,0.02
monthly_mixed_frequency_kalman_em,pseudo,2023:Q4:pre_advance:pseudo,2024-01-31,pre_advance,2023:Q4,T,A,4.065647383480623,0.0,0.06098939884249349,18.069023051495762,True,5,0.02
monthly_mixed_frequency_kalman_em,pseudo,2023:Q4:pre_advance:pseudo,2024-01-31,pre_advance,2023:Q4,T,M,4.340564504208699,0.0,0.06098939884249349,18.069023051495762,True,5,0.02
monthly_mixed_frequency_kalman_em,pseudo,2023:Q4:pre_advance:pseudo,2024-01-31,pre_advance,2023:Q4,T,S,4.189360087808256,0.0,0.06098939884249349,18.069023051495762,True,5,0.02
monthly_mixed_frequency_kalman_em,pseudo,2023:Q4:pre_advance:pseudo,2024-01-31,pre_advance,2023:Q4,T,T,4.321191910013589,0.0,0.06098939884249349,18.069023051495762,True,5,0.02
revision_dfm_kalman_em,pseudo,2023:Q4:pre_advance:pseudo,2024-01-31,pre_advance,2023:Q4,A,A,2.9658887099158946,8.881784197001252e-16,0.06603806798367456,14.853524823875063,True,5,0.02
revision_dfm_kalman_em,pseudo,2023:Q4:pre_advance:pseudo,2024-01-31,pre_advance,2023:Q4,A,M,3.091464450263372,8.881784197001252e-16,0.06603806798367456,14.853524823875063,True,5,0.02
revision_dfm_kalman_em,pseudo,2023:Q4:pre_advance:pseudo,2024-01-31,pre_advance,2023:Q4,A,S,3.07789757750462,8.881784197001252e-16,0.06603806798367456,14.853524823875063,True,5,0.02
revision_dfm_kalman_em,pseudo,2023:Q4:pre_advance:pseudo,2024-01-31,pre_advance,2023:Q4,A,T,3.0860377011598716,8.881784197001252e-16,0.06603806798367456,14.853524823875063,True,5,0.02
revision_dfm_kalman_em,pseudo,2023:Q4:pre_advance:pseudo,2024-01-31,pre_advance,2023:Q4,M,A,3.091464450263372,8.881784197001252e-16,0.06603806798367456,14.853524823875063,True,5,0.02
revision_dfm_kalman_em,pseudo,2023:Q4:pre_advance:pseudo,2024-01-31,pre_advance,2023:Q4,M,M,7.675193159802888,8.881784197001252e-16,0.06603806798367456,14.853524823875063,True,5,0.02
revision_dfm_kalman_em,pseudo,2023:Q4:pre_advance:pseudo,2024-01-31,pre_advance,2023:Q4,M,S,3.5799238507073055,8.881784197001252e-16,0.06603806798367456,14.853524823875063,True,5,0.02
revision_dfm_kalman_em,pseudo,2023:Q4:pre_advance:pseudo,2024-01-31,pre_advance,2023:Q4,M,T,3.5953488844055355,8.881784197001252e-16,0.06603806798367456,14.853524823875063,True,5,0.02
revision_dfm_kalman_em,pseudo,2023:Q4:pre_advance:pseudo,2024-01-31,pre_advance,2023:Q4,S,A,3.07789757750462,8.881784197001252e-16,0.06603806798367456,14.853524823875063,True,5,0.02
revision_dfm_kalman_em,pseudo,2023:Q4:pre_advance:pseudo,2024-01-31,pre_advance,2023:Q4,S,M,3.5799238507073055,8.881784197001252e-16,0.06603806798367456,14.853524823875063,True,5,0.02
revision_dfm_kalman_em,pseudo,2023:Q4:pre_advance:pseudo,2024-01-31,pre_advance,2023:Q4,S,S,3.5795754782828384,8.881784197001252e-16,0.06603806798367456,14.853524823875063,True,5,0.02
revision_dfm_kalman_em,pseudo,2023:Q4:pre_advance:pseudo,2024-01-31,pre_advance,2023:Q4,S,T,3.5698833252432514,8.881784197001252e-16,0.06603806798367456,14.853524823875063,True,5,0.02
revision_dfm_kalman_em,pseudo,2023:Q4:pre_advance:pseudo,2024-01-31,pre_advance,2023:Q4,T,A,3.0860377011598716,8.881784197001252e-16,0.06603806798367456,14.853524823875063,True,5,0.02
revision_dfm_kalman_em,pseudo,2023:Q4:pre_advance:pseudo,2024-01-31,pre_advance,2023:Q4,T,M,3.5953488844055355,8.881784197001252e-16,0.06603806798367456,14.853524823875063,True,5,0.02
revision_dfm_kalman_em,pseudo,2023:Q4:pre_advance:pseudo,2024-01-31,pre_advance,2023:Q4,T,S,3.5698833252432522,8.881784197001252e-16,0.06603806798367456,14.853524823875063,True,5,0.02
revision_dfm_kalman_em,pseudo,2023:Q4:pre_advance:pseudo,2024-01-31,pre_advance,2023:Q4,T,T,3.702175363377346,8.881784197001252e-16,0.06603806798367456,14.853524823875063,True,5,0.02
indicator_revision_only_dfm_kalman_em,exact,2023:Q4:pre_second:exact,2024-02-27,pre_second,2023:Q4,A,A,0.7447801346484056,0.0,0.062332041058291654,4.543424455253394,True,5,0.02
indicator_revision_only_dfm_kalman_em,exact,2023:Q4:pre_second:exact,2024-02-27,pre_second,2023:Q4,A,M,0.35265133662957815,0.0,0.062332041058291654,4.543424455253394,True,5,0.02
indicator_revision_only_dfm_kalman_em,exact,2023:Q4:pre_second:exact,2024-02-27,pre_second,2023:Q4,A,S,0.35265133662957815,0.0,0.062332041058291654,4.543424455253394,True,5,0.02
indicator_revision_only_dfm_kalman_em,exact,2023:Q4:pre_second:exact,2024-02-27,pre_second,2023:Q4,A,T,0.35265133662957815,0.0,0.062332041058291654,4.543424455253394,True,5,0.02
indicator_revision_only_dfm_kalman_em,exact,2023:Q4:pre_second:exact,2024-02-27,pre_second,2023:Q4,M,A,0.35265133662957815,0.0,0.062332041058291654,4.543424455253394,True,5,0.02
indicator_revision_only_dfm_kalman_em,exact,2023:Q4:pre_second:exact,2024-02-27,pre_second,2023:Q4,M,M,4.430405032489628,0.0,0.062332041058291654,4.543424455253394,True,5,0.02
indicator_revision_only_dfm_kalman_em,exact,2023:Q4:pre_second:exact,2024-02-27,pre_second,2023:Q4,M,S,0.35265133662957815,0.0,0.062332041058291654,4.543424455253394,True,5,0.02
indicator_revision_only_dfm_kalman_em,exact,2023:Q4:pre_second:exact,2024-02-27,pre_second,2023:Q4,M,T,0.35265133662957815,0.0,0.062332041058291654,4.543424455253394,True,5,0.02
indicator_revision_only_dfm_kalman_em,exact,2023:Q4:pre_second:exact,2024-02-27,pre_second,2023:Q4,S,A,0.35265133662957815,0.0,0.062332041058291654,4.543424455253394,True,5,0.02
indicator_revision_only_dfm_kalman_em,exact,2023:Q4:pre_second:exact,2024-02-27,pre_second,2023:Q4,S,M,0.35265133662957815,0.0,0.062332041058291654,4.543424455253394,True,5,0.02
indicator_revision_only_dfm_kalman_em,exact,2023:Q4:pre_second:exact,2024-02-27,pre_second,2023:Q4,S,S,0.3680626955580139,0.0,0.062332041058291654,4.543424455253394,True,5,0.02
indicator_revision_only_dfm_kalman_em,exact,2023:Q4:pre_second:exact,2024-02-27,pre_second,2023:Q4,S,T,0.35265133662957815,0.0,0.062332041058291654,4.543424455253394,True,5,0.02
indicator_revision_only_dfm_kalman_em,exact,2023:Q4:pre_second:exact,2024-02-27,pre_second,2023:Q4,T,A,0.35265133662957815,0.0,0.062332041058291654,4.543424455253394,True,5,0.02
indicator_revision_only_dfm_kalman_em,exact,2023:Q4:pre_second:exact,2024-02-27,pre_second,2023:Q4,T,M,0.35265133662957815,0.0,0.062332041058291654,4.543424455253394,True,5,0.02
indicator_revision_only_dfm_kalman_em,exact,2023:Q4:pre_second:exact,2024-02-27,pre_second,2023:Q4,T,S,0.35265133662957815,0.0,0.062332041058291654,4.543424455253394,True,5,0.02
indicator_revision_only_dfm_kalman_em,exact,2023:Q4:pre_second:exact,2024-02-27,pre_second,2023:Q4,T,T,0.48079150815671845,0.0,0.062332041058291654,4.543424455253394,True,5,0.02
joint_indicator_revision_dfm_full_kalman_em,exact,2023:Q4:pre_second:exact,2024-02-27,pre_second,2023:Q4,A,A,0.36069082617130627,0.0,0.06258772018038372,4.516694933065256,True,5,0.02
joint_indicator_revision_dfm_full_kalman_em,exact,2023:Q4:pre_second:exact,2024-02-27,pre_second,2023:Q4,A,M,0.20409581414721156,0.0,0.06258772018038372,4.516694933065256,True,5,0.02
joint_indicator_revision_dfm_full_kalman_em,exact,2023:Q4:pre_second:exact,2024-02-27,pre_second,2023:Q4,A,S,0.2026072264231778,0.0,0.06258772018038372,4.516694933065256,True,5,0.02
joint_indicator_revision_dfm_full_kalman_em,exact,2023:Q4:pre_second:exact,2024-02-27,pre_second,2023:Q4,A,T,0.20350037905759807,0.0,0.06258772018038372,4.516694933065256,True,5,0.02
joint_indicator_revision_dfm_full_kalman_em,exact,2023:Q4:pre_second:exact,2024-02-27,pre_second,2023:Q4,M,A,0.20409581414721156,0.0,0.06258772018038372,4.516694933065256,True,5,0.02
joint_indicator_revision_dfm_full_kalman_em,exact,2023:Q4:pre_second:exact,2024-02-27,pre_second,2023:Q4,M,M,4.437719287123804,0.0,0.06258772018038372,4.516694933065256,True,5,0.02
joint_indicator_revision_dfm_full_kalman_em,exact,2023:Q4:pre_second:exact,2024-02-27,pre_second,2023:Q4,M,S,0.34672954642754644,0.0,0.06258772018038372,4.516694933065256,True,5,0.02
joint_indicator_revision_dfm_full_kalman_em,exact,2023:Q4:pre_second:exact,2024-02-27,pre_second,2023:Q4,M,T,0.3512337695521886,0.0,0.06258772018038372,4.516694933065256,True,5,0.02
joint_indicator_revision_dfm_full_kalman_em,exact,2023:Q4:pre_second:exact,2024-02-27,pre_second,2023:Q4,S,A,0.2026072264231778,0.0,0.06258772018038372,4.516694933065256,True,5,0.02
joint_indicator_revision_dfm_full_kalman_em,exact,2023:Q4:pre_second:exact,2024-02-27,pre_second,2023:Q4,S,M,0.34672954642754644,0.0,0.06258772018038372,4.516694933065256,True,5,0.02
joint_indicator_revision_dfm_full_kalman_em,exact,2023:Q4:pre_second:exact,2024-02-27,pre_second,2023:Q4,S,S,0.3575951227145902,0.0,0.06258772018038372,4.516694933065256,True,5,0.02
joint_indicator_revision_dfm_full_kalman_em,exact,2023:Q4:pre_second:exact,2024-02-27,pre_second,2023:Q4,S,T,0.34384710002745905,0.0,0.06258772018038372,4.516694933065256,True,5,0.02
joint_indicator_revision_dfm_full_kalman_em,exact,2023:Q4:pre_second:exact,2024-02-27,pre_second,2023:Q4,T,A,0.20350037905759807,0.0,0.06258772018038372,4.516694933065256,True,5,0.02
joint_indicator_revision_dfm_full_kalman_em,exact,2023:Q4:pre_second:exact,2024-02-27,pre_second,2023:Q4,T,M,0.3512337695521886,0.0,0.06258772018038372,4.516694933065256,True,5,0.02
joint_indicator_revision_dfm_full_kalman_em,exact,2023:Q4:pre_second:exact,2024-02-27,pre_second,2023:Q4,T,S,0.34384710002745905,0.0,0.06258772018038372,4.516694933065256,True,5,0.02
joint_indicator_revision_dfm_full_kalman_em,exact,2023:Q4:pre_second:exact,2024-02-27,pre_second,2023:Q4,T,T,0.47097193576447827,0.0,0.06258772018038372,4.516694933065256,True,5,0.02
monthly_mixed_frequency_kalman_em,exact,2023:Q4:pre_second:exact,2024-02-27,pre_second,2023:Q4,A,A,0.4195226720127854,0.0,0.058593292546946674,4.893005923596823,True,5,0.02
monthly_mixed_frequency_kalman_em,exact,2023:Q4:pre_second:exact,2024-02-27,pre_second,2023:Q4,A,M,0.20072385525309855,0.0,0.058593292546946674,4.893005923596823,True,5,0.02
monthly_mixed_frequency_kalman_em,exact,2023:Q4:pre_second:exact,2024-02-27,pre_second,2023:Q4,A,S,0.2028913327871667,0.0,0.058593292546946674,4.893005923596823,True,5,0.02
monthly_mixed_frequency_kalman_em,exact,2023:Q4:pre_second:exact,2024-02-27,pre_second,2023:Q4,A,T,0.2017090723140386,0.0,0.058593292546946674,4.893005923596823,True,5,0.02
monthly_mixed_frequency_kalman_em,exact,2023:Q4:pre_second:exact,2024-02-27,pre_second,2023:Q4,M,A,0.20072385525309855,0.0,0.058593292546946674,4.893005923596823,True,5,0.02
monthly_mixed_frequency_kalman_em,exact,2023:Q4:pre_second:exact,2024-02-27,pre_second,2023:Q4,M,M,4.758825944393336,0.0,0.058593292546946674,4.893005923596823,True,5,0.02
monthly_mixed_frequency_kalman_em,exact,2023:Q4:pre_second:exact,2024-02-27,pre_second,2023:Q4,M,S,0.4177455876266378,0.0,0.058593292546946674,4.893005923596823,True,5,0.02
monthly_mixed_frequency_kalman_em,exact,2023:Q4:pre_second:exact,2024-02-27,pre_second,2023:Q4,M,T,0.5624267425423306,0.0,0.058593292546946674,4.893005923596823,True,5,0.02
monthly_mixed_frequency_kalman_em,exact,2023:Q4:pre_second:exact,2024-02-27,pre_second,2023:Q4,S,A,0.2028913327871667,0.0,0.058593292546946674,4.893005923596823,True,5,0.02
monthly_mixed_frequency_kalman_em,exact,2023:Q4:pre_second:exact,2024-02-27,pre_second,2023:Q4,S,M,0.4177455876266378,0.0,0.058593292546946674,4.893005923596823,True,5,0.02
monthly_mixed_frequency_kalman_em,exact,2023:Q4:pre_second:exact,2024-02-27,pre_second,2023:Q4,S,S,0.3516436933322253,0.0,0.058593292546946674,4.893005923596823,True,5,0.02
monthly_mixed_frequency_kalman_em,exact,2023:Q4:pre_second:exact,2024-02-27,pre_second,2023:Q4,S,T,0.36403202391677,0.0,0.058593292546946674,4.893005923596823,True,5,0.02
monthly_mixed_frequency_kalman_em,exact,2023:Q4:pre_second:exact,2024-02-27,pre_second,2023:Q4,T,A,0.2017090723140386,0.0,0.058593292546946674,4.893005923596823,True,5,0.02
monthly_mixed_frequency_kalman_em,exact,2023:Q4:pre_second:exact,2024-02-27,pre_second,2023:Q4,T,M,0.5624267425423306,0.0,0.058593292546946674,4.893005923596823,True,5,0.02
monthly_mixed_frequency_kalman_em,exact,2023:Q4:pre_second:exact,2024-02-27,pre_second,2023:Q4,T,S,0.36403202391677,0.0,0.058593292546946674,4.893005923596823,True,5,0.02
monthly_mixed_frequency_kalman_em,exact,2023:Q4:pre_second:exact,2024-02-27,pre_second,2023:Q4,T,T,0.5224214737573495,0.0,0.058593292546946674,4.893005923596823,True,5,0.02
revision_dfm_kalman_em,exact,2023:Q4:pre_second:exact,2024-02-27,pre_second,2023:Q4,A,A,0.28436486947646755,0.0,0.06664376734006511,4.521089754037317,True,5,0.02
revision_dfm_kalman_em,exact,2023:Q4:pre_second:exact,2024-02-27,pre_second,2023:Q4,A,M,0.1511185469245227,0.0,0.06664376734006511,4.521089754037317,True,5,0.02
revision_dfm_kalman_em,exact,2023:Q4:pre_second:exact,2024-02-27,pre_second,2023:Q4,A,S,0.15049587133810238,0.0,0.06664376734006511,4.521089754037317,True,5,0.02
revision_dfm_kalman_em,exact,2023:Q4:pre_second:exact,2024-02-27,pre_second,2023:Q4,A,T,0.15086947668995457,0.0,0.06664376734006511,4.521089754037317,True,5,0.02
revision_dfm_kalman_em,exact,2023:Q4:pre_second:exact,2024-02-27,pre_second,2023:Q4,M,A,0.1511185469245227,0.0,0.06664376734006511,4.521089754037317,True,5,0.02
revision_dfm_kalman_em,exact,2023:Q4:pre_second:exact,2024-02-27,pre_second,2023:Q4,M,M,4.439526564772615,0.0,0.06664376734006511,4.521089754037317,True,5,0.02
revision_dfm_kalman_em,exact,2023:Q4:pre_second:exact,2024-02-27,pre_second,2023:Q4,M,S,0.3672005304237542,0.0,0.06664376734006511,4.521089754037317,True,5,0.02
revision_dfm_kalman_em,exact,2023:Q4:pre_second:exact,2024-02-27,pre_second,2023:Q4,M,T,0.37402417200794047,0.0,0.06664376734006511,4.521089754037317,True,5,0.02
revision_dfm_kalman_em,exact,2023:Q4:pre_second:exact,2024-02-27,pre_second,2023:Q4,S,A,0.15049587133810238,0.0,0.06664376734006511,4.521089754037317,True,5,0.02
revision_dfm_kalman_em,exact,2023:Q4:pre_second:exact,2024-02-27,pre_second,2023:Q4,S,M,0.3672005304237542,0.0,0.06664376734006511,4.521089754037317,True,5,0.02
revision_dfm_kalman_em,exact,2023:Q4:pre_second:exact,2024-02-27,pre_second,2023:Q4,S,S,0.38545001355636077,0.0,0.06664376734006511,4.521089754037317,True,5,0.02
revision_dfm_kalman_em,exact,2023:Q4:pre_second:exact,2024-02-27,pre_second,2023:Q4,S,T,0.3628664372420412,0.0,0.06664376734006511,4.521089754037317,True,5,0.02
revision_dfm_kalman_em,exact,2023:Q4:pre_second:exact,2024-02-27,pre_second,2023:Q4,T,A,0.15086947668995457,0.0,0.06664376734006511,4.521089754037317,True,5,0.02
revision_dfm_kalman_em,exact,2023:Q4:pre_second:exact,2024-02-27,pre_second,2023:Q4,T,M,0.37402417200794047,0.0,0.06664376734006511,4.521089754037317,True,5,0.02
revision_dfm_kalman_em,exact,2023:Q4:pre_second:exact,2024-02-27,pre_second,2023:Q4,T,S,0.3628664372420412,0.0,0.06664376734006511,4.521089754037317,True,5,0.02
revision_dfm_kalman_em,exact,2023:Q4:pre_second:exact,2024-02-27,pre_second,2023:Q4,T,T,0.4830641899558616,0.0,0.06664376734006511,4.521089754037317,True,5,0.02
indicator_revision_only_dfm_kalman_em,pseudo,2023:Q4:pre_second:pseudo,2024-02-29,pre_second,2023:Q4,A,A,0.7447735490703898,0.0,0.06233191323875319,4.543413458449204,True,5,0.02
indicator_revision_only_dfm_kalman_em,pseudo,2023:Q4:pre_second:pseudo,2024-02-29,pre_second,2023:Q4,A,M,0.3526451278659296,0.0,0.06233191323875319,4.543413458449204,True,5,0.02
indicator_revision_only_dfm_kalman_em,pseudo,2023:Q4:pre_second:pseudo,2024-02-29,pre_second,2023:Q4,A,S,0.3526451278659296,0.0,0.06233191323875319,4.543413458449204,True,5,0.02
indicator_revision_only_dfm_kalman_em,pseudo,2023:Q4:pre_second:pseudo,2024-02-29,pre_second,2023:Q4,A,T,0.3526451278659296,0.0,0.06233191323875319,4.543413458449204,True,5,0.02
indicator_revision_only_dfm_kalman_em,pseudo,2023:Q4:pre_second:pseudo,2024-02-29,pre_second,2023:Q4,M,A,0.3526451278659296,0.0,0.06233191323875319,4.543413458449204,True,5,0.02
indicator_revision_only_dfm_kalman_em,pseudo,2023:Q4:pre_second:pseudo,2024-02-29,pre_second,2023:Q4,M,M,4.430398278945359,0.0,0.06233191323875319,4.543413458449204,True,5,0.02
indicator_revision_only_dfm_kalman_em,pseudo,2023:Q4:pre_second:pseudo,2024-02-29,pre_second,2023:Q4,M,S,0.3526451278659296,0.0,0.06233191323875319,4.543413458449204,True,5,0.02
indicator_revision_only_dfm_kalman_em,pseudo,2023:Q4:pre_second:pseudo,2024-02-29,pre_second,2023:Q4,M,T,0.3526451278659296,0.0,0.06233191323875319,4.543413458449204,True,5,0.02
indicator_revision_only_dfm_kalman_em,pseudo,2023:Q4:pre_second:pseudo,2024-02-29,pre_second,2023:Q4,S,A,0.3526451278659296,0.0,0.06233191323875319,4.543413458449204,True,5,0.02
indicator_revision_only_dfm_kalman_em,pseudo,2023:Q4:pre_second:pseudo,2024-02-29,pre_second,2023:Q4,S,M,0.3526451278659296,0.0,0.06233191323875319,4.543413458449204,True,5,0.02
indicator_revision_only_dfm_kalman_em,pseudo,2023:Q4:pre_second:pseudo,2024-02-29,pre_second,2023:Q4,S,S,0.3680561799563459,0.0,0.06233191323875319,4.543413458449204,True,5,0.02
indicator_revision_only_dfm_kalman_em,pseudo,2023:Q4:pre_second:pseudo,2024-02-29,pre_second,2023:Q4,S,T,0.3526451278659296,0.0,0.06233191323875319,4.543413458449204,True,5,0.02
indicator_revision_only_dfm_kalman_em,pseudo,2023:Q4:pre_second:pseudo,2024-02-29,pre_second,2023:Q4,T,A,0.3526451278659296,0.0,0.06233191323875319,4.543413458449204,True,5,0.02
indicator_revision_only_dfm_kalman_em,pseudo,2023:Q4:pre_second:pseudo,2024-02-29,pre_second,2023:Q4,T,M,0.3526451278659296,0.0,0.06233191323875319,4.543413458449204,True,5,0.02
indicator_revision_only_dfm_kalman_em,pseudo,2023:Q4:pre_second:pseudo,2024-02-29,pre_second,2023:Q4,T,S,0.3526451278659296,0.0,0.06233191323875319,4.543413458449204,True,5,0.02
indicator_revision_only_dfm_kalman_em,pseudo,2023:Q4:pre_second:pseudo,2024-02-29,pre_second,2023:Q4,T,T,0.48078574996647877,0.0,0.06233191323875319,4.543413458449204,True,5,0.02
joint_indicator_revision_dfm_full_kalman_em,pseudo,2023:Q4:pre_second:pseudo,2024-02-29,pre_second,2023:Q4,A,A,0.3606234935261156,2.7755575615628914e-17,0.06258782154316835,4.516705527998438,True,5,0.02
joint_indicator_revision_dfm_full_kalman_em,pseudo,2023:Q4:pre_second:pseudo,2024-02-29,pre_second,2023:Q4,A,M,0.20406534280030245,2.7755575615628914e-17,0.06258782154316835,4.516705527998438,True,5,0.02
joint_indicator_revision_dfm_full_kalman_em,pseudo,2023:Q4:pre_second:pseudo,2024-02-29,pre_second,2023:Q4,A,S,0.202576574055501,2.7755575615628914e-17,0.06258782154316835,4.516705527998438,True,5,0.02
joint_indicator_revision_dfm_full_kalman_em,pseudo,2023:Q4:pre_second:pseudo,2024-02-29,pre_second,2023:Q4,A,T,0.20346983530238186,2.7755575615628914e-17,0.06258782154316835,4.516705527998438,True,5,0.02
joint_indicator_revision_dfm_full_kalman_em,pseudo,2023:Q4:pre_second:pseudo,2024-02-29,pre_second,2023:Q4,M,A,0.20406534280030245,2.7755575615628914e-17,0.06258782154316835,4.516705527998438,True,5,0.02
joint_indicator_revision_dfm_full_kalman_em,pseudo,2023:Q4:pre_second:pseudo,2024-02-29,pre_second,2023:Q4,M,M,4.437731715390987,2.7755575615628914e-17,0.06258782154316835,4.516705527998438,True,5,0.02
joint_indicator_revision_dfm_full_kalman_em,pseudo,2023:Q4:pre_second:pseudo,2024-02-29,pre_second,2023:Q4,M,S,0.3467359205991134,2.7755575615628914e-17,0.06258782154316835,4.516705527998438,True,5,0.02
joint_indicator_revision_dfm_full_kalman_em,pseudo,2023:Q4:pre_second:pseudo,2024-02-29,pre_second,2023:Q4,M,T,0.3512413072664443,2.7755575615628914e-17,0.06258782154316835,4.516705527998438,True,5,0.02
joint_indicator_revision_dfm_full_kalman_em,pseudo,2023:Q4:pre_second:pseudo,2024-02-29,pre_second,2023:Q4,S,A,0.202576574055501,2.7755575615628914e-17,0.06258782154316835,4.516705527998438,True,5,0.02
joint_indicator_revision_dfm_full_kalman_em,pseudo,2023:Q4:pre_second:pseudo,2024-02-29,pre_second,2023:Q4,S,M,0.3467359205991134,2.7755575615628914e-17,0.06258782154316835,4.516705527998438,True,5,0.02
joint_indicator_revision_dfm_full_kalman_em,pseudo,2023:Q4:pre_second:pseudo,2024-02-29,pre_second,2023:Q4,S,S,0.3575994991671084,2.7755575615628914e-17,0.06258782154316835,4.516705527998438,True,5,0.02
joint_indicator_revision_dfm_full_kalman_em,pseudo,2023:Q4:pre_second:pseudo,2024-02-29,pre_second,2023:Q4,S,T,0.3438527336682412,2.7755575615628914e-17,0.06258782154316835,4.516705527998438,True,5,0.02
joint_indicator_revision_dfm_full_kalman_em,pseudo,2023:Q4:pre_second:pseudo,2024-02-29,pre_second,2023:Q4,T,A,0.20346983530238189,2.7755575615628914e-17,0.06258782154316835,4.516705527998438,True,5,0.02
joint_indicator_revision_dfm_full_kalman_em,pseudo,2023:Q4:pre_second:pseudo,2024-02-29,pre_second,2023:Q4,T,M,0.3512413072664443,2.7755575615628914e-17,0.06258782154316835,4.516705527998438,True,5,0.02
joint_indicator_revision_dfm_full_kalman_em,pseudo,2023:Q4:pre_second:pseudo,2024-02-29,pre_second,2023:Q4,T,S,0.3438527336682412,2.7755575615628914e-17,0.06258782154316835,4.516705527998438,True,5,0.02
joint_indicator_revision_dfm_full_kalman_em,pseudo,2023:Q4:pre_second:pseudo,2024-02-29,pre_second,2023:Q4,T,T,0.4709783905493033,2.7755575615628914e-17,0.06258782154316835,4.516705527998438,True,5,0.02
monthly_mixed_frequency_kalman_em,pseudo,2023:Q4:pre_second:pseudo,2024-02-29,pre_second,2023:Q4,A,A,0.41951504915078325,0.0,0.058593485196685745,4.893009980990943,True,5,0.02
monthly_mixed_frequency_kalman_em,pseudo,2023:Q4:pre_second:pseudo,2024-02-29,pre_second,2023:Q4,A,M,0.200720588153623,0.0,0.058593485196685745,4.893009980990943,True,5,0.02
monthly_mixed_frequency_kalman_em,pseudo,2023:Q4:pre_second:pseudo,2024-02-29,pre_second,2023:Q4,A,S,0.20288778459507242,0.0,0.058593485196685745,4.893009980990943,True,5,0.02
monthly_mixed_frequency_kalman_em,pseudo,2023:Q4:pre_second:pseudo,2024-02-29,pre_second,2023:Q4,A,T,0.2017056774451909,0.0,0.058593485196685745,4.893009980990943,True,5,0.02
monthly_mixed_frequency_kalman_em,pseudo,2023:Q4:pre_second:pseudo,2024-02-29,pre_second,2023:Q4,M,A,0.200720588153623,0.0,0.058593485196685745,4.893009980990943,True,5,0.02
monthly_mixed_frequency_kalman_em,pseudo,2023:Q4:pre_second:pseudo,2024-02-29,pre_second,2023:Q4,M,M,4.758830289595078,0.0,0.058593485196685745,4.893009980990943,True,5,0.02
monthly_mixed_frequency_kalman_em,pseudo,2023:Q4:pre_second:pseudo,2024-02-29,pre_second,2023:Q4,M,S,0.4177452488129617,0.0,0.058593485196685745,4.893009980990943,True,5,0.02
monthly_mixed_frequency_kalman_em,pseudo,2023:Q4:pre_second:pseudo,2024-02-29,pre_second,2023:Q4,M,T,0.5624283559191875,0.0,0.058593485196685745,4.893009980990943,True,5,0.02
monthly_mixed_frequency_kalman_em,pseudo,2023:Q4:pre_second:pseudo,2024-02-29,pre_second,2023:Q4,S,A,0.20288778459507242,0.0,0.058593485196685745,4.893009980990943,True,5,0.02
monthly_mixed_frequency_kalman_em,pseudo,2023:Q4:pre_second:pseudo,2024-02-29,pre_second,2023:Q4,S,M,0.4177452488129617,0.0,0.058593485196685745,4.893009980990943,True,5,0.02
monthly_mixed_frequency_kalman_em,pseudo,2023:Q4:pre_second:pseudo,2024-02-29,pre_second,2023:Q4,S,S,0.35164201504750914,0.0,0.058593485196685745,4.893009980990943,True,5,0.02
monthly_mixed_frequency_kalman_em,pseudo,2023:Q4:pre_second:pseudo,2024-02-29,pre_second,2023:Q4,S,T,0.3640308827584893,0.0,0.058593485196685745,4.893009980990943,True,5,0.02
monthly_mixed_frequency_kalman_em,pseudo,2023:Q4:pre_second:pseudo,2024-02-29,pre_second,2023:Q4,T,A,0.2017056774451909,0.0,0.058593485196685745,4.893009980990943,True,5,0.02
monthly_mixed_frequency_kalman_em,pseudo,2023:Q4:pre_second:pseudo,2024-02-29,pre_second,2023:Q4,T,M,0.5624283559191875,0.0,0.058593485196685745,4.893009980990943,True,5,0.02
monthly_mixed_frequency_kalman_em,pseudo,2023:Q4:pre_second:pseudo,2024-02-29,pre_second,2023:Q4,T,S,0.3640308827584893,0.0,0.058593485196685745,4.893009980990943,True,5,0.02
monthly_mixed_frequency_kalman_em,pseudo,2023:Q4:pre_second:pseudo,2024-02-29,pre_second,2023:Q4,T,T,0.5224218291712387,0.0,0.058593485196685745,4.893009980990943,True,5,0.02
revision_dfm_kalman_em,pseudo,2023:Q4:pre_second:pseudo,2024-02-29,pre_second,2023:Q4,A,A,0.28436433935421757,5.551115123125783e-17,0.06664370347122972,4.521089173782555,True,5,0.02
revision_dfm_kalman_em,pseudo,2023:Q4:pre_second:pseudo,2024-02-29,pre_second,2023:Q4,A,M,0.15111867673050594,5.551115123125783e-17,0.06664370347122972,4.521089173782555,True,5,0.02
revision_dfm_kalman_em,pseudo,2023:Q4:pre_second:pseudo,2024-02-29,pre_second,2023:Q4,A,S,0.15049597508473447,5.551115123125783e-17,0.06664370347122972,4.521089173782555,True,5,0.02
revision_dfm_kalman_em,pseudo,2023:Q4:pre_second:pseudo,2024-02-29,pre_second,2023:Q4,A,T,0.15086959607219738,5.551115123125783e-17,0.06664370347122972,4.521089173782555,True,5,0.02
revision_dfm_kalman_em,pseudo,2023:Q4:pre_second:pseudo,2024-02-29,pre_second,2023:Q4,M,A,0.15111867673050594,5.551115123125783e-17,0.06664370347122972,4.521089173782555,True,5,0.02
revision_dfm_kalman_em,pseudo,2023:Q4:pre_second:pseudo,2024-02-29,pre_second,2023:Q4,M,M,4.439526304758091,5.551115123125783e-17,0.06664370347122972,4.521089173782555,True,5,0.02
revision_dfm_kalman_em,pseudo,2023:Q4:pre_second:pseudo,2024-02-29,pre_second,2023:Q4,M,S,0.36719977029499884,5.551115123125783e-17,0.06664370347122972,4.521089173782555,True,5,0.02
revision_dfm_kalman_em,pseudo,2023:Q4:pre_second:pseudo,2024-02-29,pre_second,2023:Q4,M,T,0.3740233837759828,5.551115123125783e-17,0.06664370347122972,4.521089173782555,True,5,0.02
revision_dfm_kalman_em,pseudo,2023:Q4:pre_second:pseudo,2024-02-29,pre_second,2023:Q4,S,A,0.15049597508473445,5.551115123125783e-17,0.06664370347122972,4.521089173782555,True,5,0.02
revision_dfm_kalman_em,pseudo,2023:Q4:pre_second:pseudo,2024-02-29,pre_second,2023:Q4,S,M,0.36719977029499884,5.551115123125783e-17,0.06664370347122972,4.521089173782555,True,5,0.02
revision_dfm_kalman_em,pseudo,2023:Q4:pre_second:pseudo,2024-02-29,pre_second,2023:Q4,S,S,0.38544924682017045,5.551115123125783e-17,0.06664370347122972,4.521089173782555,True,5,0.02
revision_dfm_kalman_em,pseudo,2023:Q4:pre_second:pseudo,2024-02-29,pre_second,2023:Q4,S,T,0.3628656943907935,5.551115123125783e-17,0.06664370347122972,4.521089173782555,True,5,0.02
revision_dfm_kalman_em,pseudo,2023:Q4:pre_second:pseudo,2024-02-29,pre_second,2023:Q4,T,A,0.15086959607219733,5.551115123125783e-17,0.06664370347122972,4.521089173782555,True,5,0.02
revision_dfm_kalman_em,pseudo,2023:Q4:pre_second:pseudo,2024-02-29,pre_second,2023:Q4,T,M,0.3740233837759828,5.551115123125783e-17,0.06664370347122972,4.521089173782555,True,5,0.02
revision_dfm_kalman_em,pseudo,2023:Q4:pre_second:pseudo,2024-02-29,pre_second,2023:Q4,T,S,0.3628656943907935,5.551115123125783e-17,0.06664370347122972,4.521089173782555,True,5,0.02
revision_dfm_kalman_em,pseudo,2023:Q4:pre_second:pseudo,2024-02-29,pre_second,2023:Q4,T,T,0.4830633669041338,5.551115123125783e-17,0.06664370347122972,4.521089173782555,True,5,0.02
indicator_revision_only_dfm_kalman_em,exact,2023:Q4:pre_third:exact,2024-03-27,pre_third,2023:Q4,A,A,0.405303997850673,0.0,0.027752594909737326,4.092696390217403,True,5,0.02
indicator_revision_only_dfm_kalman_em,exact,2023:Q4:pre_third:exact,2024-03-27,pre_third,2023:Q4,A,M,0.01473519419249344,0.0,0.027752594909737326,4.092696390217403,True,5,0.02
indicator_revision_only_dfm_kalman_em,exact,2023:Q4:pre_third:exact,2024-03-27,pre_third,2023:Q4,A,S,0.01473519419249344,0.0,0.027752594909737326,4.092696390217403,True,5,0.02
indicator_revision_only_dfm_kalman_em,exact,2023:Q4:pre_third:exact,2024-03-27,pre_third,2023:Q4,A,T,0.01473519419249344,0.0,0.027752594909737326,4.092696390217403,True,5,0.02
indicator_revision_only_dfm_kalman_em,exact,2023:Q4:pre_third:exact,2024-03-27,pre_third,2023:Q4,M,A,0.01473519419249344,0.0,0.027752594909737326,4.092696390217403,True,5,0.02
indicator_revision_only_dfm_kalman_em,exact,2023:Q4:pre_third:exact,2024-03-27,pre_third,2023:Q4,M,M,4.092527815022242,0.0,0.027752594909737326,4.092696390217403,True,5,0.02
indicator_revision_only_dfm_kalman_em,exact,2023:Q4:pre_third:exact,2024-03-27,pre_third,2023:Q4,M,S,0.01473519419249344,0.0,0.027752594909737326,4.092696390217403,True,5,0.02
indicator_revision_only_dfm_kalman_em,exact,2023:Q4:pre_third:exact,2024-03-27,pre_third,2023:Q4,M,T,0.01473519419249344,0.0,0.027752594909737326,4.092696390217403,True,5,0.02
indicator_revision_only_dfm_kalman_em,exact,2023:Q4:pre_third:exact,2024-03-27,pre_third,2023:Q4,S,A,0.01473519419249344,0.0,0.027752594909737326,4.092696390217403,True,5,0.02
indicator_revision_only_dfm_kalman_em,exact,2023:Q4:pre_third:exact,2024-03-27,pre_third,2023:Q4,S,M,0.01473519419249344,0.0,0.027752594909737326,4.092696390217403,True,5,0.02
indicator_revision_only_dfm_kalman_em,exact,2023:Q4:pre_third:exact,2024-03-27,pre_third,2023:Q4,S,S,0.030115429993154915,0.0,0.027752594909737326,4.092696390217403,True,5,0.02
indicator_revision_only_dfm_kalman_em,exact,2023:Q4:pre_third:exact,2024-03-27,pre_third,2023:Q4,S,T,0.01473519419249344,0.0,0.027752594909737326,4.092696390217403,True,5,0.02
indicator_revision_only_dfm_kalman_em,exact,2023:Q4:pre_third:exact,2024-03-27,pre_third,2023:Q4,T,A,0.01473519419249344,0.0,0.027752594909737326,4.092696390217403,True,5,0.02
indicator_revision_only_dfm_kalman_em,exact,2023:Q4:pre_third:exact,2024-03-27,pre_third,2023:Q4,T,M,0.01473519419249344,0.0,0.027752594909737326,4.092696390217403,True,5,0.02
indicator_revision_only_dfm_kalman_em,exact,2023:Q4:pre_third:exact,2024-03-27,pre_third,2023:Q4,T,S,0.01473519419249344,0.0,0.027752594909737326,4.092696390217403,True,5,0.02
indicator_revision_only_dfm_kalman_em,exact,2023:Q4:pre_third:exact,2024-03-27,pre_third,2023:Q4,T,T,0.14291490451529504,0.0,0.027752594909737326,4.092696390217403,True,5,0.02
joint_indicator_revision_dfm_full_kalman_em,exact,2023:Q4:pre_third:exact,2024-03-27,pre_third,2023:Q4,A,A,0.24430598820479585,0.0,0.031944237550199504,4.101734729345027,True,5,0.02
joint_indicator_revision_dfm_full_kalman_em,exact,2023:Q4:pre_third:exact,2024-03-27,pre_third,2023:Q4,A,M,0.007608562592440036,0.0,0.031944237550199504,4.101734729345027,True,5,0.02
joint_indicator_revision_dfm_full_kalman_em,exact,2023:Q4:pre_third:exact,2024-03-27,pre_third,2023:Q4,A,S,0.010194351531346513,0.0,0.031944237550199504,4.101734729345027,True,5,0.02
joint_indicator_revision_dfm_full_kalman_em,exact,2023:Q4:pre_third:exact,2024-03-27,pre_third,2023:Q4,A,T,0.008642878168002627,0.0,0.031944237550199504,4.101734729345027,True,5,0.02
joint_indicator_revision_dfm_full_kalman_em,exact,2023:Q4:pre_third:exact,2024-03-27,pre_third,2023:Q4,M,A,0.007608562592440036,0.0,0.031944237550199504,4.101734729345027,True,5,0.02
joint_indicator_revision_dfm_full_kalman_em,exact,2023:Q4:pre_third:exact,2024-03-27,pre_third,2023:Q4,M,M,4.101563801311084,0.0,0.031944237550199504,4.101734729345027,True,5,0.02
joint_indicator_revision_dfm_full_kalman_em,exact,2023:Q4:pre_third:exact,2024-03-27,pre_third,2023:Q4,M,S,0.017473034380179553,0.0,0.031944237550199504,4.101734729345027,True,5,0.02
joint_indicator_revision_dfm_full_kalman_em,exact,2023:Q4:pre_third:exact,2024-03-27,pre_third,2023:Q4,M,T,0.017784544015581855,0.0,0.031944237550199504,4.101734729345027,True,5,0.02
joint_indicator_revision_dfm_full_kalman_em,exact,2023:Q4:pre_third:exact,2024-03-27,pre_third,2023:Q4,S,A,0.010194351531346513,0.0,0.031944237550199504,4.101734729345027,True,5,0.02
joint_indicator_revision_dfm_full_kalman_em,exact,2023:Q4:pre_third:exact,2024-03-27,pre_third,2023:Q4,S,M,0.017473034380179553,0.0,0.031944237550199504,4.101734729345027,True,5,0.02
joint_indicator_revision_dfm_full_kalman_em,exact,2023:Q4:pre_third:exact,2024-03-27,pre_third,2023:Q4,S,S,0.03513156711197323,0.0,0.031944237550199504,4.101734729345027,True,5,0.02
joint_indicator_revision_dfm_full_kalman_em,exact,2023:Q4:pre_third:exact,2024-03-27,pre_third,2023:Q4,S,T,0.017327460723202893,0.0,0.031944237550199504,4.101734729345027,True,5,0.02
joint_indicator_revision_dfm_full_kalman_em,exact,2023:Q4:pre_third:exact,2024-03-27,pre_third,2023:Q4,T,A,0.008642878168002627,0.0,0.031944237550199504,4.101734729345027,True,5,0.02
joint_indicator_revision_dfm_full_kalman_em,exact,2023:Q4:pre_third:exact,2024-03-27,pre_third,2023:Q4,T,M,0.017784544015581855,0.0,0.031944237550199504,4.101734729345027,True,5,0.02
joint_indicator_revision_dfm_full_kalman_em,exact,2023:Q4:pre_third:exact,2024-03-27,pre_third,2023:Q4,T,S,0.017327460723202893,0.0,0.031944237550199504,4.101734729345027,True,5,0.02
joint_indicator_revision_dfm_full_kalman_em,exact,2023:Q4:pre_third:exact,2024-03-27,pre_third,2023:Q4,T,T,0.1403496439139579,0.0,0.031944237550199504,4.101734729345027,True,5,0.02
monthly_mixed_frequency_kalman_em,exact,2023:Q4:pre_third:exact,2024-03-27,pre_third,2023:Q4,A,A,0.30056954757606696,0.0,0.058096884886507896,4.268165151248062,True,5,0.02
monthly_mixed_frequency_kalman_em,exact,2023:Q4:pre_third:exact,2024-03-27,pre_third,2023:Q4,A,M,-0.04007505530065316,0.0,0.058096884886507896,4.268165151248062,True,5,0.02
monthly_mixed_frequency_kalman_em,exact,2023:Q4:pre_third:exact,2024-03-27,pre_third,2023:Q4,A,S,0.029994238065618316,0.0,0.058096884886507896,4.268165151248062,True,5,0.02
monthly_mixed_frequency_kalman_em,exact,2023:Q4:pre_third:exact,2024-03-27,pre_third,2023:Q4,A,T,-0.008225376497802498,0.0,0.058096884886507896,4.268165151248062,True,5,0.02
monthly_mixed_frequency_kalman_em,exact,2023:Q4:pre_third:exact,2024-03-27,pre_third,2023:Q4,M,A,-0.04007505530065316,0.0,0.058096884886507896,4.268165151248062,True,5,0.02
monthly_mixed_frequency_kalman_em,exact,2023:Q4:pre_third:exact,2024-03-27,pre_third,2023:Q4,M,M,4.262694795190651,0.0,0.058096884886507896,4.268165151248062,True,5,0.02
monthly_mixed_frequency_kalman_em,exact,2023:Q4:pre_third:exact,2024-03-27,pre_third,2023:Q4,M,S,0.06195644029990464,0.0,0.058096884886507896,4.268165151248062,True,5,0.02
monthly_mixed_frequency_kalman_em,exact,2023:Q4:pre_third:exact,2024-03-27,pre_third,2023:Q4,M,T,0.12997743736694317,0.0,0.058096884886507896,4.268165151248062,True,5,0.02
monthly_mixed_frequency_kalman_em,exact,2023:Q4:pre_third:exact,2024-03-27,pre_third,2023:Q4,S,A,0.029994238065618316,0.0,0.058096884886507896,4.268165151248062,True,5,0.02
monthly_mixed_frequency_kalman_em,exact,2023:Q4:pre_third:exact,2024-03-27,pre_third,2023:Q4,S,M,0.06195644029990464,0.0,0.058096884886507896,4.268165151248062,True,5,0.02
monthly_mixed_frequency_kalman_em,exact,2023:Q4:pre_third:exact,2024-03-27,pre_third,2023:Q4,S,S,0.09652210419386655,0.0,0.058096884886507896,4.268165151248062,True,5,0.02
monthly_mixed_frequency_kalman_em,exact,2023:Q4:pre_third:exact,2024-03-27,pre_third,2023:Q4,S,T,0.05396588974133305,0.0,0.058096884886507896,4.268165151248062,True,5,0.02
monthly_mixed_frequency_kalman_em,exact,2023:Q4:pre_third:exact,2024-03-27,pre_third,2023:Q4,T,A,-0.008225376497802498,0.0,0.058096884886507896,4.268165151248062,True,5,0.02
monthly_mixed_frequency_kalman_em,exact,2023:Q4:pre_third:exact,2024-03-27,pre_third,2023:Q4,T,M,0.12997743736694317,0.0,0.058096884886507896,4.268165151248062,True,5,0.02
monthly_mixed_frequency_kalman_em,exact,2023:Q4:pre_third:exact,2024-03-27,pre_third,2023:Q4,T,S,0.05396588974133305,0.0,0.058096884886507896,4.268165151248062,True,5,0.02
monthly_mixed_frequency_kalman_em,exact,2023:Q4:pre_third:exact,2024-03-27,pre_third,2023:Q4,T,T,0.14558759951287534,0.0,0.058096884886507896,4.268165151248062,True,5,0.02
revision_dfm_kalman_em,exact,2023:Q4:pre_third:exact,2024-03-27,pre_third,2023:Q4,A,A,0.22489494245388308,3.469446951953614e-18,0.04740300998460399,4.090021016664159,True,5,0.02
revision_dfm_kalman_em,exact,2023:Q4:pre_third:exact,2024-03-27,pre_third,2023:Q4,A,M,0.0077467240701796425,3.469446951953614e-18,0.04740300998460399,4.090021016664159,True,5,0.02
revision_dfm_kalman_em,exact,2023:Q4:pre_third:exact,2024-03-27,pre_third,2023:Q4,A,S,0.011341574563855109,3.469446951953614e-18,0.04740300998460399,4.090021016664159,True,5,0.02
revision_dfm_kalman_em,exact,2023:Q4:pre_third:exact,2024-03-27,pre_third,2023:Q4,A,T,0.009184664267649828,3.469446951953614e-18,0.04740300998460399,4.090021016664159,True,5,0.02
revision_dfm_kalman_em,exact,2023:Q4:pre_third:exact,2024-03-27,pre_third,2023:Q4,M,A,0.0077467240701796425,3.469446951953614e-18,0.04740300998460399,4.090021016664159,True,5,0.02
revision_dfm_kalman_em,exact,2023:Q4:pre_third:exact,2024-03-27,pre_third,2023:Q4,M,M,4.089610355463191,3.469446951953614e-18,0.04740300998460399,4.090021016664159,True,5,0.02
revision_dfm_kalman_em,exact,2023:Q4:pre_third:exact,2024-03-27,pre_third,2023:Q4,M,S,0.027643487081363206,3.469446951953614e-18,0.04740300998460399,4.090021016664159,True,5,0.02
revision_dfm_kalman_em,exact,2023:Q4:pre_third:exact,2024-03-27,pre_third,2023:Q4,M,T,0.02827180591329532,3.469446951953614e-18,0.04740300998460399,4.090021016664159,True,5,0.02
revision_dfm_kalman_em,exact,2023:Q4:pre_third:exact,2024-03-27,pre_third,2023:Q4,S,A,0.011341574563855109,3.469446951953614e-18,0.04740300998460399,4.090021016664159,True,5,0.02
revision_dfm_kalman_em,exact,2023:Q4:pre_third:exact,2024-03-27,pre_third,2023:Q4,S,M,0.027643487081363206,3.469446951953614e-18,0.04740300998460399,4.090021016664159,True,5,0.02
revision_dfm_kalman_em,exact,2023:Q4:pre_third:exact,2024-03-27,pre_third,2023:Q4,S,S,0.05585185042431833,3.469446951953614e-18,0.04740300998460399,4.090021016664159,True,5,0.02
revision_dfm_kalman_em,exact,2023:Q4:pre_third:exact,2024-03-27,pre_third,2023:Q4,S,T,0.02731744883101304,3.469446951953614e-18,0.04740300998460399,4.090021016664159,True,5,0.02
revision_dfm_kalman_em,exact,2023:Q4:pre_third:exact,2024-03-27,pre_third,2023:Q4,T,A,0.00918466426764983,3.469446951953614e-18,0.04740300998460399,4.090021016664159,True,5,0.02
revision_dfm_kalman_em,exact,2023:Q4:pre_third:exact,2024-03-27,pre_third,2023:Q4,T,M,0.02827180591329532,3.469446951953614e-18,0.04740300998460399,4.090021016664159,True,5,0.02
revision_dfm_kalman_em,exact,2023:Q4:pre_third:exact,2024-03-27,pre_third,2023:Q4,T,S,0.027317448831013044,3.469446951953614e-18,0.04740300998460399,4.090021016664159,True,5,0.02
revision_dfm_kalman_em,exact,2023:Q4:pre_third:exact,2024-03-27,pre_third,2023:Q4,T,T,0.14149010047881264,3.469446951953614e-18,0.04740300998460399,4.090021016664159,True,5,0.02
indicator_revision_only_dfm_kalman_em,pseudo,2023:Q4:pre_third:pseudo,2024-03-31,pre_third,2023:Q4,A,A,0.4053039244364304,0.0,0.0277525556073634,4.092696296866529,True,5,0.02
indicator_revision_only_dfm_kalman_em,pseudo,2023:Q4:pre_third:pseudo,2024-03-31,pre_third,2023:Q4,A,M,0.014735170956758008,0.0,0.0277525556073634,4.092696296866529,True,5,0.02
indicator_revision_only_dfm_kalman_em,pseudo,2023:Q4:pre_third:pseudo,2024-03-31,pre_third,2023:Q4,A,S,0.014735170956758008,0.0,0.0277525556073634,4.092696296866529,True,5,0.02
indicator_revision_only_dfm_kalman_em,pseudo,2023:Q4:pre_third:pseudo,2024-03-31,pre_third,2023:Q4,A,T,0.014735170956758008,0.0,0.0277525556073634,4.092696296866529,True,5,0.02
indicator_revision_only_dfm_kalman_em,pseudo,2023:Q4:pre_third:pseudo,2024-03-31,pre_third,2023:Q4,M,A,0.014735170956758008,0.0,0.0277525556073634,4.092696296866529,True,5,0.02
indicator_revision_only_dfm_kalman_em,pseudo,2023:Q4:pre_third:pseudo,2024-03-31,pre_third,2023:Q4,M,M,4.092527722202565,0.0,0.0277525556073634,4.092696296866529,True,5,0.02
indicator_revision_only_dfm_kalman_em,pseudo,2023:Q4:pre_third:pseudo,2024-03-31,pre_third,2023:Q4,M,S,0.014735170956758008,0.0,0.0277525556073634,4.092696296866529,True,5,0.02
indicator_revision_only_dfm_kalman_em,pseudo,2023:Q4:pre_third:pseudo,2024-03-31,pre_third,2023:Q4,M,T,0.014735170956758008,0.0,0.0277525556073634,4.092696296866529,True,5,0.02
indicator_revision_only_dfm_kalman_em,pseudo,2023:Q4:pre_third:pseudo,2024-03-31,pre_third,2023:Q4,S,A,0.014735170956758008,0.0,0.0277525556073634,4.092696296866529,True,5,0.02
indicator_revision_only_dfm_kalman_em,pseudo,2023:Q4:pre_third:pseudo,2024-03-31,pre_third,2023:Q4,S,M,0.014735170956758008,0.0,0.0277525556073634,4.092696296866529,True,5,0.02
indicator_revision_only_dfm_kalman_em,pseudo,2023:Q4:pre_third:pseudo,2024-03-31,pre_third,2023:Q4,S,S,0.030115382667228137,0.0,0.0277525556073634,4.092696296866529,True,5,0.02
indicator_revision_only_dfm_kalman_em,pseudo,2023:Q4:pre_third:pseudo,2024-03-31,pre_third,2023:Q4,S,T,0.014735170956758008,0.0,0.0277525556073634,4.092696296866529,True,5,0.02
indicator_revision_only_dfm_kalman_em,pseudo,2023:Q4:pre_third:pseudo,2024-03-31,pre_third,2023:Q4,T,A,0.014735170956758008,0.0,0.0277525556073634,4.092696296866529,True,5,0.02
indicator_revision_only_dfm_kalman_em,pseudo,2023:Q4:pre_third:pseudo,2024-03-31,pre_third,2023:Q4,T,M,0.014735170956758008,0.0,0.0277525556073634,4.092696296866529,True,5,0.02
indicator_revision_only_dfm_kalman_em,pseudo,2023:Q4:pre_third:pseudo,2024-03-31,pre_third,2023:Q4,T,S,0.014735170956758008,0.0,0.0277525556073634,4.092696296866529,True,5,0.02
indicator_revision_only_dfm_kalman_em,pseudo,2023:Q4:pre_third:pseudo,2024-03-31,pre_third,2023:Q4,T,T,0.1429149198622074,0.0,0.0277525556073634,4.092696296866529,True,5,0.02
joint_indicator_revision_dfm_full_kalman_em,pseudo,2023:Q4:pre_third:pseudo,2024-03-31,pre_third,2023:Q4,A,A,0.24430169519346334,3.469446951953614e-18,0.03194419107431305,4.101735237672631,True,5,0.02
joint_indicator_revision_dfm_full_kalman_em,pseudo,2023:Q4:pre_third:pseudo,2024-03-31,pre_third,2023:Q4,A,M,0.0076082749278968565,3.469446951953614e-18,0.03194419107431305,4.101735237672631,True,5,0.02
joint_indicator_revision_dfm_full_kalman_em,pseudo,2023:Q4:pre_third:pseudo,2024-03-31,pre_third,2023:Q4,A,S,0.010194097363361423,3.469446951953614e-18,0.03194419107431305,4.101735237672631,True,5,0.02
joint_indicator_revision_dfm_full_kalman_em,pseudo,2023:Q4:pre_third:pseudo,2024-03-31,pre_third,2023:Q4,A,T,0.008642603902082683,3.469446951953614e-18,0.03194419107431305,4.101735237672631,True,5,0.02
joint_indicator_revision_dfm_full_kalman_em,pseudo,2023:Q4:pre_third:pseudo,2024-03-31,pre_third,2023:Q4,M,A,0.0076082749278968565,3.469446951953614e-18,0.03194419107431305,4.101735237672631,True,5,0.02
joint_indicator_revision_dfm_full_kalman_em,pseudo,2023:Q4:pre_third:pseudo,2024-03-31,pre_third,2023:Q4,M,M,4.101564311072289,3.469446951953614e-18,0.03194419107431305,4.101735237672631,True,5,0.02
joint_indicator_revision_dfm_full_kalman_em,pseudo,2023:Q4:pre_third:pseudo,2024-03-31,pre_third,2023:Q4,M,S,0.01747301671299381,3.469446951953614e-18,0.03194419107431305,4.101735237672631,True,5,0.02
joint_indicator_revision_dfm_full_kalman_em,pseudo,2023:Q4:pre_third:pseudo,2024-03-31,pre_third,2023:Q4,M,T,0.01778453487462845,3.469446951953614e-18,0.03194419107431305,4.101735237672631,True,5,0.02
joint_indicator_revision_dfm_full_kalman_em,pseudo,2023:Q4:pre_third:pseudo,2024-03-31,pre_third,2023:Q4,S,A,0.010194097363361427,3.469446951953614e-18,0.03194419107431305,4.101735237672631,True,5,0.02
joint_indicator_revision_dfm_full_kalman_em,pseudo,2023:Q4:pre_third:pseudo,2024-03-31,pre_third,2023:Q4,S,M,0.01747301671299381,3.469446951953614e-18,0.03194419107431305,4.101735237672631,True,5,0.02
joint_indicator_revision_dfm_full_kalman_em,pseudo,2023:Q4:pre_third:pseudo,2024-03-31,pre_third,2023:Q4,S,S,0.03513150337415355,3.469446951953614e-18,0.03194419107431305,4.101735237672631,True,5,0.02
joint_indicator_revision_dfm_full_kalman_em,pseudo,2023:Q4:pre_third:pseudo,2024-03-31,pre_third,2023:Q4,S,T,0.017327438326001164,3.469446951953614e-18,0.03194419107431305,4.101735237672631,True,5,0.02
joint_indicator_revision_dfm_full_kalman_em,pseudo,2023:Q4:pre_third:pseudo,2024-03-31,pre_third,2023:Q4,T,A,0.008642603902082683,3.469446951953614e-18,0.03194419107431305,4.101735237672631,True,5,0.02
joint_indicator_revision_dfm_full_kalman_em,pseudo,2023:Q4:pre_third:pseudo,2024-03-31,pre_third,2023:Q4,T,M,0.01778453487462845,3.469446951953614e-18,0.03194419107431305,4.101735237672631,True,5,0.02
joint_indicator_revision_dfm_full_kalman_em,pseudo,2023:Q4:pre_third:pseudo,2024-03-31,pre_third,2023:Q4,T,S,0.017327438326001164,3.469446951953614e-18,0.03194419107431305,4.101735237672631,True,5,0.02
joint_indicator_revision_dfm_full_kalman_em,pseudo,2023:Q4:pre_third:pseudo,2024-03-31,pre_third,2023:Q4,T,T,0.1403495976234058,3.469446951953614e-18,0.03194419107431305,4.101735237672631,True,5,0.02
monthly_mixed_frequency_kalman_em,pseudo,2023:Q4:pre_third:pseudo,2024-03-31,pre_third,2023:Q4,A,A,0.3005700658152404,0.0,0.058096877393519104,4.26816499110573,True,5,0.02
monthly_mixed_frequency_kalman_em,pseudo,2023:Q4:pre_third:pseudo,2024-03-31,pre_third,2023:Q4,A,M,-0.04007487867455824,0.0,0.058096877393519104,4.26816499110573,True,5,0.02
monthly_mixed_frequency_kalman_em,pseudo,2023:Q4:pre_third:pseudo,2024-03-31,pre_third,2023:Q4,A,S,0.029994328421565266,0.0,0.058096877393519104,4.26816499110573,True,5,0.02
monthly_mixed_frequency_kalman_em,pseudo,2023:Q4:pre_third:pseudo,2024-03-31,pre_third,2023:Q4,A,T,-0.008225239085411186,0.0,0.058096877393519104,4.26816499110573,True,5,0.02
monthly_mixed_frequency_kalman_em,pseudo,2023:Q4:pre_third:pseudo,2024-03-31,pre_third,2023:Q4,M,A,-0.04007487867455824,0.0,0.058096877393519104,4.26816499110573,True,5,0.02
monthly_mixed_frequency_kalman_em,pseudo,2023:Q4:pre_third:pseudo,2024-03-31,pre_third,2023:Q4,M,M,4.262694653039471,0.0,0.058096877393519104,4.26816499110573,True,5,0.02
monthly_mixed_frequency_kalman_em,pseudo,2023:Q4:pre_third:pseudo,2024-03-31,pre_third,2023:Q4,M,S,0.06195639005153736,0.0,0.058096877393519104,4.26816499110573,True,5,0.02
monthly_mixed_frequency_kalman_em,pseudo,2023:Q4:pre_third:pseudo,2024-03-31,pre_third,2023:Q4,M,T,0.12997723586893445,0.0,0.058096877393519104,4.26816499110573,True,5,0.02
monthly_mixed_frequency_kalman_em,pseudo,2023:Q4:pre_third:pseudo,2024-03-31,pre_third,2023:Q4,S,A,0.029994328421565266,0.0,0.058096877393519104,4.26816499110573,True,5,0.02
monthly_mixed_frequency_kalman_em,pseudo,2023:Q4:pre_third:pseudo,2024-03-31,pre_third,2023:Q4,S,M,0.06195639005153736,0.0,0.058096877393519104,4.26816499110573,True,5,0.02
monthly_mixed_frequency_kalman_em,pseudo,2023:Q4:pre_third:pseudo,2024-03-31,pre_third,2023:Q4,S,S,0.09652217339544915,0.0,0.058096877393519104,4.26816499110573,True,5,0.02
monthly_mixed_frequency_kalman_em,pseudo,2023:Q4:pre_third:pseudo,2024-03-31,pre_third,2023:Q4,S,T,0.053965874644044336,0.0,0.058096877393519104,4.26816499110573,True,5,0.02
monthly_mixed_frequency_kalman_em,pseudo,2023:Q4:pre_third:pseudo,2024-03-31,pre_third,2023:Q4,T,A,-0.008225239085411186,0.0,0.058096877393519104,4.26816499110573,True,5,0.02
monthly_mixed_frequency_kalman_em,pseudo,2023:Q4:pre_third:pseudo,2024-03-31,pre_third,2023:Q4,T,M,0.12997723586893445,0.0,0.058096877393519104,4.26816499110573,True,5,0.02
monthly_mixed_frequency_kalman_em,pseudo,2023:Q4:pre_third:pseudo,2024-03-31,pre_third,2023:Q4,T,S,0.053965874644044336,0.0,0.058096877393519104,4.26816499110573,True,5,0.02
monthly_mixed_frequency_kalman_em,pseudo,2023:Q4:pre_third:pseudo,2024-03-31,pre_third,2023:Q4,T,T,0.14558732872815344,0.0,0.058096877393519104,4.26816499110573,True,5,0.02
revision_dfm_kalman_em,pseudo,2023:Q4:pre_third:pseudo,2024-03-31,pre_third,2023:Q4,A,A,0.2248951132014081,1.734723475976807e-18,0.04740302109687006,4.090020987263723,True,5,0.02
revision_dfm_kalman_em,pseudo,2023:Q4:pre_third:pseudo,2024-03-31,pre_third,2023:Q4,A,M,0.007746729795508989,1.734723475976807e-18,0.04740302109687006,4.090020987263723,True,5,0.02
revision_dfm_kalman_em,pseudo,2023:Q4:pre_third:pseudo,2024-03-31,pre_third,2023:Q4,A,S,0.01134158554455969,1.734723475976807e-18,0.04740302109687006,4.090020987263723,True,5,0.02
revision_dfm_kalman_em,pseudo,2023:Q4:pre_third:pseudo,2024-03-31,pre_third,2023:Q4,A,T,0.009184672095129269,1.734723475976807e-18,0.04740302109687006,4.090020987263723,True,5,0.02
revision_dfm_kalman_em,pseudo,2023:Q4:pre_third:pseudo,2024-03-31,pre_third,2023:Q4,M,A,0.007746729795508989,1.734723475976807e-18,0.04740302109687006,4.090020987263723,True,5,0.02
revision_dfm_kalman_em,pseudo,2023:Q4:pre_third:pseudo,2024-03-31,pre_third,2023:Q4,M,M,4.089610325826475,1.734723475976807e-18,0.04740302109687006,4.090020987263723,True,5,0.02
revision_dfm_kalman_em,pseudo,2023:Q4:pre_third:pseudo,2024-03-31,pre_third,2023:Q4,M,S,0.02764349440013761,1.734723475976807e-18,0.04740302109687006,4.090020987263723,True,5,0.02
revision_dfm_kalman_em,pseudo,2023:Q4:pre_third:pseudo,2024-03-31,pre_third,2023:Q4,M,T,0.02827181328238904,1.734723475976807e-18,0.04740302109687006,4.090020987263723,True,5,0.02
revision_dfm_kalman_em,pseudo,2023:Q4:pre_third:pseudo,2024-03-31,pre_third,2023:Q4,S,A,0.011341585544559692,1.734723475976807e-18,0.04740302109687006,4.090020987263723,True,5,0.02
revision_dfm_kalman_em,pseudo,2023:Q4:pre_third:pseudo,2024-03-31,pre_third,2023:Q4,S,M,0.02764349440013761,1.734723475976807e-18,0.04740302109687006,4.090020987263723,True,5,0.02
revision_dfm_kalman_em,pseudo,2023:Q4:pre_third:pseudo,2024-03-31,pre_third,2023:Q4,S,S,0.05585186772611075,1.734723475976807e-18,0.04740302109687006,4.090020987263723,True,5,0.02
revision_dfm_kalman_em,pseudo,2023:Q4:pre_third:pseudo,2024-03-31,pre_third,2023:Q4,S,T,0.027317456223026053,1.734723475976807e-18,0.04740302109687006,4.090020987263723,True,5,0.02
revision_dfm_kalman_em,pseudo,2023:Q4:pre_third:pseudo,2024-03-31,pre_third,2023:Q4,T,A,0.009184672095129269,1.734723475976807e-18,0.04740302109687006,4.090020987263723,True,5,0.02
revision_dfm_kalman_em,pseudo,2023:Q4:pre_third:pseudo,2024-03-31,pre_third,2023:Q4,T,M,0.02827181328238904,1.734723475976807e-18,0.04740302109687006,4.090020987263723,True,5,0.02
revision_dfm_kalman_em,pseudo,2023:Q4:pre_third:pseudo,2024-03-31,pre_third,2023:Q4,T,S,0.027317456223026053,1.734723475976807e-18,0.04740302109687006,4.090020987263723,True,5,0.02
revision_dfm_kalman_em,pseudo,2023:Q4:pre_third:pseudo,2024-03-31,pre_third,2023:Q4,T,T,0.1414900934303699,1.734723475976807e-18,0.04740302109687006,4.090020987263723,True,5,0.02
indicator_revision_only_dfm_kalman_em,exact,2024:Q1:pre_advance:exact,2024-04-24,pre_advance,2024:Q1,A,A,3.2737885132038684,0.0,0.06635843930358394,12.96982593918744,True,5,0.02
indicator_revision_only_dfm_kalman_em,exact,2024:Q1:pre_advance:exact,2024-04-24,pre_advance,2024:Q1,A,M,2.8838123439696512,0.0,0.06635843930358394,12.96982593918744,True,5,0.02
indicator_revision_only_dfm_kalman_em,exact,2024:Q1:pre_advance:exact,2024-04-24,pre_advance,2024:Q1,A,S,2.8838123439696512,0.0,0.06635843930358394,12.96982593918744,True,5,0.02
indicator_revision_only_dfm_kalman_em,exact,2024:Q1:pre_advance:exact,2024-04-24,pre_advance,2024:Q1,A,T,2.8838123439696512,0.0,0.06635843930358394,12.96982593918744,True,5,0.02
indicator_revision_only_dfm_kalman_em,exact,2024:Q1:pre_advance:exact,2024-04-24,pre_advance,2024:Q1,M,A,2.8838123439696512,0.0,0.06635843930358394,12.96982593918744,True,5,0.02
indicator_revision_only_dfm_kalman_em,exact,2024:Q1:pre_advance:exact,2024-04-24,pre_advance,2024:Q1,M,M,6.941477275140069,0.0,0.06635843930358394,12.96982593918744,True,5,0.02
indicator_revision_only_dfm_kalman_em,exact,2024:Q1:pre_advance:exact,2024-04-24,pre_advance,2024:Q1,M,S,2.8838123439696512,0.0,0.06635843930358394,12.96982593918744,True,5,0.02
indicator_revision_only_dfm_kalman_em,exact,2024:Q1:pre_advance:exact,2024-04-24,pre_advance,2024:Q1,M,T,2.8838123439696512,0.0,0.06635843930358394,12.96982593918744,True,5,0.02
indicator_revision_only_dfm_kalman_em,exact,2024:Q1:pre_advance:exact,2024-04-24,pre_advance,2024:Q1,S,A,2.8838123439696512,0.0,0.06635843930358394,12.96982593918744,True,5,0.02
indicator_revision_only_dfm_kalman_em,exact,2024:Q1:pre_advance:exact,2024-04-24,pre_advance,2024:Q1,S,M,2.8838123439696512,0.0,0.06635843930358394,12.96982593918744,True,5,0.02
indicator_revision_only_dfm_kalman_em,exact,2024:Q1:pre_advance:exact,2024-04-24,pre_advance,2024:Q1,S,S,2.9011766089485187,0.0,0.06635843930358394,12.96982593918744,True,5,0.02
indicator_revision_only_dfm_kalman_em,exact,2024:Q1:pre_advance:exact,2024-04-24,pre_advance,2024:Q1,S,T,2.8838123439696512,0.0,0.06635843930358394,12.96982593918744,True,5,0.02
indicator_revision_only_dfm_kalman_em,exact,2024:Q1:pre_advance:exact,2024-04-24,pre_advance,2024:Q1,T,A,2.8838123439696512,0.0,0.06635843930358394,12.96982593918744,True,5,0.02
indicator_revision_only_dfm_kalman_em,exact,2024:Q1:pre_advance:exact,2024-04-24,pre_advance,2024:Q1,T,M,2.8838123439696512,0.0,0.06635843930358394,12.96982593918744,True,5,0.02
indicator_revision_only_dfm_kalman_em,exact,2024:Q1:pre_advance:exact,2024-04-24,pre_advance,2024:Q1,T,S,2.8838123439696512,0.0,0.06635843930358394,12.96982593918744,True,5,0.02
indicator_revision_only_dfm_kalman_em,exact,2024:Q1:pre_advance:exact,2024-04-24,pre_advance,2024:Q1,T,T,3.0099678918355632,0.0,0.06635843930358394,12.96982593918744,True,5,0.02
joint_indicator_revision_dfm_full_kalman_em,exact,2024:Q1:pre_advance:exact,2024-04-24,pre_advance,2024:Q1,A,A,2.5165753192787004,4.440892098500626e-16,0.06440257967578843,13.110908942137122,True,5,0.02
joint_indicator_revision_dfm_full_kalman_em,exact,2024:Q1:pre_advance:exact,2024-04-24,pre_advance,2024:Q1,A,M,2.651460411476573,4.440892098500626e-16,0.06440257967578843,13.110908942137122,True,5,0.02
joint_indicator_revision_dfm_full_kalman_em,exact,2024:Q1:pre_advance:exact,2024-04-24,pre_advance,2024:Q1,A,S,2.637408746355655,4.440892098500626e-16,0.06440257967578843,13.110908942137122,True,5,0.02
joint_indicator_revision_dfm_full_kalman_em,exact,2024:Q1:pre_advance:exact,2024-04-24,pre_advance,2024:Q1,A,T,2.6458397454282054,4.440892098500626e-16,0.06440257967578843,13.110908942137122,True,5,0.02
joint_indicator_revision_dfm_full_kalman_em,exact,2024:Q1:pre_advance:exact,2024-04-24,pre_advance,2024:Q1,M,A,2.651460411476573,4.440892098500626e-16,0.06440257967578843,13.110908942137122,True,5,0.02
joint_indicator_revision_dfm_full_kalman_em,exact,2024:Q1:pre_advance:exact,2024-04-24,pre_advance,2024:Q1,M,M,7.209850999208008,4.440892098500626e-16,0.06440257967578843,13.110908942137122,True,5,0.02
joint_indicator_revision_dfm_full_kalman_em,exact,2024:Q1:pre_advance:exact,2024-04-24,pre_advance,2024:Q1,M,S,3.124336370666366,4.440892098500626e-16,0.06440257967578843,13.110908942137122,True,5,0.02
joint_indicator_revision_dfm_full_kalman_em,exact,2024:Q1:pre_advance:exact,2024-04-24,pre_advance,2024:Q1,M,T,3.139269295693412,4.440892098500626e-16,0.06440257967578843,13.110908942137122,True,5,0.02
joint_indicator_revision_dfm_full_kalman_em,exact,2024:Q1:pre_advance:exact,2024-04-24,pre_advance,2024:Q1,S,A,2.6374087463556553,4.440892098500626e-16,0.06440257967578843,13.110908942137122,True,5,0.02
joint_indicator_revision_dfm_full_kalman_em,exact,2024:Q1:pre_advance:exact,2024-04-24,pre_advance,2024:Q1,S,M,3.124336370666366,4.440892098500626e-16,0.06440257967578843,13.110908942137122,True,5,0.02
joint_indicator_revision_dfm_full_kalman_em,exact,2024:Q1:pre_advance:exact,2024-04-24,pre_advance,2024:Q1,S,S,3.120786496499677,4.440892098500626e-16,0.06440257967578843,13.110908942137122,True,5,0.02
joint_indicator_revision_dfm_full_kalman_em,exact,2024:Q1:pre_advance:exact,2024-04-24,pre_advance,2024:Q1,S,T,3.114597818180152,4.440892098500626e-16,0.06440257967578843,13.110908942137122,True,5,0.02
joint_indicator_revision_dfm_full_kalman_em,exact,2024:Q1:pre_advance:exact,2024-04-24,pre_advance,2024:Q1,T,A,2.6458397454282054,4.440892098500626e-16,0.06440257967578843,13.110908942137122,True,5,0.02
joint_indicator_revision_dfm_full_kalman_em,exact,2024:Q1:pre_advance:exact,2024-04-24,pre_advance,2024:Q1,T,M,3.139269295693412,4.440892098500626e-16,0.06440257967578843,13.110908942137122,True,5,0.02
joint_indicator_revision_dfm_full_kalman_em,exact,2024:Q1:pre_advance:exact,2024-04-24,pre_advance,2024:Q1,T,S,3.1145978181801515,4.440892098500626e-16,0.06440257967578843,13.110908942137122,True,5,0.02
joint_indicator_revision_dfm_full_kalman_em,exact,2024:Q1:pre_advance:exact,2024-04-24,pre_advance,2024:Q1,T,T,3.2490065284431036,4.440892098500626e-16,0.06440257967578843,13.110908942137122,True,5,0.02
monthly_mixed_frequency_kalman_em,exact,2024:Q1:pre_advance:exact,2024-04-24,pre_advance,2024:Q1,A,A,4.386101357625438,0.0,0.060821278412107674,18.151141583822575,True,5,0.02
monthly_mixed_frequency_kalman_em,exact,2024:Q1:pre_advance:exact,2024-04-24,pre_advance,2024:Q1,A,M,4.067550571409951,0.0,0.060821278412107674,18.151141583822575,True,5,0.02
monthly_mixed_frequency_kalman_em,exact,2024:Q1:pre_advance:exact,2024-04-24,pre_advance,2024:Q1,A,S,4.124322949174544,0.0,0.060821278412107674,18.151141583822575,True,5,0.02
monthly_mixed_frequency_kalman_em,exact,2024:Q1:pre_advance:exact,2024-04-24,pre_advance,2024:Q1,A,T,4.0933561976665835,0.0,0.060821278412107674,18.151141583822575,True,5,0.02
monthly_mixed_frequency_kalman_em,exact,2024:Q1:pre_advance:exact,2024-04-24,pre_advance,2024:Q1,M,A,4.067550571409951,0.0,0.060821278412107674,18.151141583822575,True,5,0.02
monthly_mixed_frequency_kalman_em,exact,2024:Q1:pre_advance:exact,2024-04-24,pre_advance,2024:Q1,M,M,8.5128234304194,0.0,0.060821278412107674,18.151141583822575,True,5,0.02
monthly_mixed_frequency_kalman_em,exact,2024:Q1:pre_advance:exact,2024-04-24,pre_advance,2024:Q1,M,S,4.240208777822881,0.0,0.060821278412107674,18.151141583822575,True,5,0.02
monthly_mixed_frequency_kalman_em,exact,2024:Q1:pre_advance:exact,2024-04-24,pre_advance,2024:Q1,M,T,4.3553142487648335,0.0,0.060821278412107674,18.151141583822575,True,5,0.02
monthly_mixed_frequency_kalman_em,exact,2024:Q1:pre_advance:exact,2024-04-24,pre_advance,2024:Q1,S,A,4.124322949174544,0.0,0.060821278412107674,18.151141583822575,True,5,0.02
monthly_mixed_frequency_kalman_em,exact,2024:Q1:pre_advance:exact,2024-04-24,pre_advance,2024:Q1,S,M,4.240208777822881,0.0,0.060821278412107674,18.151141583822575,True,5,0.02
monthly_mixed_frequency_kalman_em,exact,2024:Q1:pre_advance:exact,2024-04-24,pre_advance,2024:Q1,S,S,4.228226841858069,0.0,0.060821278412107674,18.151141583822575,True,5,0.02
monthly_mixed_frequency_kalman_em,exact,2024:Q1:pre_advance:exact,2024-04-24,pre_advance,2024:Q1,S,T,4.211237320660796,0.0,0.060821278412107674,18.151141583822575,True,5,0.02
monthly_mixed_frequency_kalman_em,exact,2024:Q1:pre_advance:exact,2024-04-24,pre_advance,2024:Q1,T,A,4.0933561976665835,0.0,0.060821278412107674,18.151141583822575,True,5,0.02
monthly_mixed_frequency_kalman_em,exact,2024:Q1:pre_advance:exact,2024-04-24,pre_advance,2024:Q1,T,M,4.3553142487648335,0.0,0.060821278412107674,18.151141583822575,True,5,0.02
monthly_mixed_frequency_kalman_em,exact,2024:Q1:pre_advance:exact,2024-04-24,pre_advance,2024:Q1,T,S,4.211237320660796,0.0,0.060821278412107674,18.151141583822575,True,5,0.02
monthly_mixed_frequency_kalman_em,exact,2024:Q1:pre_advance:exact,2024-04-24,pre_advance,2024:Q1,T,T,4.339280753270125,0.0,0.060821278412107674,18.151141583822575,True,5,0.02
revision_dfm_kalman_em,exact,2024:Q1:pre_advance:exact,2024-04-24,pre_advance,2024:Q1,A,A,3.0175035933246677,4.440892098500626e-16,0.06688198220490563,14.94088919221732,True,5,0.02
revision_dfm_kalman_em,exact,2024:Q1:pre_advance:exact,2024-04-24,pre_advance,2024:Q1,A,M,3.1289134518517496,4.440892098500626e-16,0.06688198220490563,14.94088919221732,True,5,0.02
revision_dfm_kalman_em,exact,2024:Q1:pre_advance:exact,2024-04-24,pre_advance,2024:Q1,A,S,3.1160975236067068,4.440892098500626e-16,0.06688198220490563,14.94088919221732,True,5,0.02
revision_dfm_kalman_em,exact,2024:Q1:pre_advance:exact,2024-04-24,pre_advance,2024:Q1,A,T,3.1237870805537327,4.440892098500626e-16,0.06688198220490563,14.94088919221732,True,5,0.02
revision_dfm_kalman_em,exact,2024:Q1:pre_advance:exact,2024-04-24,pre_advance,2024:Q1,M,A,3.1289134518517496,4.440892098500626e-16,0.06688198220490563,14.94088919221732,True,5,0.02
revision_dfm_kalman_em,exact,2024:Q1:pre_advance:exact,2024-04-24,pre_advance,2024:Q1,M,M,7.666445120503008,4.440892098500626e-16,0.06688198220490563,14.94088919221732,True,5,0.02
revision_dfm_kalman_em,exact,2024:Q1:pre_advance:exact,2024-04-24,pre_advance,2024:Q1,M,S,3.596719456061923,4.440892098500626e-16,0.06688198220490563,14.94088919221732,True,5,0.02
revision_dfm_kalman_em,exact,2024:Q1:pre_advance:exact,2024-04-24,pre_advance,2024:Q1,M,T,3.6114922772475078,4.440892098500626e-16,0.06688198220490563,14.94088919221732,True,5,0.02
revision_dfm_kalman_em,exact,2024:Q1:pre_advance:exact,2024-04-24,pre_advance,2024:Q1,S,A,3.1160975236067068,4.440892098500626e-16,0.06688198220490563,14.94088919221732,True,5,0.02
revision_dfm_kalman_em,exact,2024:Q1:pre_advance:exact,2024-04-24,pre_advance,2024:Q1,S,M,3.596719456061923,4.440892098500626e-16,0.06688198220490563,14.94088919221732,True,5,0.02
revision_dfm_kalman_em,exact,2024:Q1:pre_advance:exact,2024-04-24,pre_advance,2024:Q1,S,S,3.6016894315262076,4.440892098500626e-16,0.06688198220490563,14.94088919221732,True,5,0.02
revision_dfm_kalman_em,exact,2024:Q1:pre_advance:exact,2024-04-24,pre_advance,2024:Q1,S,T,3.587107017412819,4.440892098500626e-16,0.06688198220490563,14.94088919221732,True,5,0.02
revision_dfm_kalman_em,exact,2024:Q1:pre_advance:exact,2024-04-24,pre_advance,2024:Q1,T,A,3.123787080553732,4.440892098500626e-16,0.06688198220490563,14.94088919221732,True,5,0.02
revision_dfm_kalman_em,exact,2024:Q1:pre_advance:exact,2024-04-24,pre_advance,2024:Q1,T,M,3.6114922772475078,4.440892098500626e-16,0.06688198220490563,14.94088919221732,True,5,0.02
revision_dfm_kalman_em,exact,2024:Q1:pre_advance:exact,2024-04-24,pre_advance,2024:Q1,T,S,3.587107017412819,4.440892098500626e-16,0.06688198220490563,14.94088919221732,True,5,0.02
revision_dfm_kalman_em,exact,2024:Q1:pre_advance:exact,2024-04-24,pre_advance,2024:Q1,T,T,3.71485493731633,4.440892098500626e-16,0.06688198220490563,14.94088919221732,True,5,0.02
indicator_revision_only_dfm_kalman_em,pseudo,2024:Q1:pre_advance:pseudo,2024-04-30,pre_advance,2024:Q1,A,A,3.273498343726746,0.0,0.06635835775843868,12.968697195765142,True,5,0.02
indicator_revision_only_dfm_kalman_em,pseudo,2024:Q1:pre_advance:pseudo,2024-04-30,pre_advance,2024:Q1,A,M,2.883522004346971,0.0,0.06635835775843868,12.968697195765142,True,5,0.02
indicator_revision_only_dfm_kalman_em,pseudo,2024:Q1:pre_advance:pseudo,2024-04-30,pre_advance,2024:Q1,A,S,2.883522004346971,0.0,0.06635835775843868,12.968697195765142,True,5,0.02
indicator_revision_only_dfm_kalman_em,pseudo,2024:Q1:pre_advance:pseudo,2024-04-30,pre_advance,2024:Q1,A,T,2.883522004346971,0.0,0.06635835775843868,12.968697195765142,True,5,0.02
indicator_revision_only_dfm_kalman_em,pseudo,2024:Q1:pre_advance:pseudo,2024-04-30,pre_advance,2024:Q1,M,A,2.883522004346971,0.0,0.06635835775843868,12.968697195765142,True,5,0.02
indicator_revision_only_dfm_kalman_em,pseudo,2024:Q1:pre_advance:pseudo,2024-04-30,pre_advance,2024:Q1,M,M,6.941186657772606,0.0,0.06635835775843868,12.968697195765142,True,5,0.02
indicator_revision_only_dfm_kalman_em,pseudo,2024:Q1:pre_advance:pseudo,2024-04-30,pre_advance,2024:Q1,M,S,2.883522004346971,0.0,0.06635835775843868,12.968697195765142,True,5,0.02
indicator_revision_only_dfm_kalman_em,pseudo,2024:Q1:pre_advance:pseudo,2024-04-30,pre_advance,2024:Q1,M,T,2.883522004346971,0.0,0.06635835775843868,12.968697195765142,True,5,0.02
indicator_revision_only_dfm_kalman_em,pseudo,2024:Q1:pre_advance:pseudo,2024-04-30,pre_advance,2024:Q1,S,A,2.883522004346971,0.0,0.06635835775843868,12.968697195765142,True,5,0.02
indicator_revision_only_dfm_kalman_em,pseudo,2024:Q1:pre_advance:pseudo,2024-04-30,pre_advance,2024:Q1,S,M,2.883522004346971,0.0,0.06635835775843868,12.968697195765142,True,5,0.02
indicator_revision_only_dfm_kalman_em,pseudo,2024:Q1:pre_advance:pseudo,2024-04-30,pre_advance,2024:Q1,S,S,2.9008861566134474,0.0,0.06635835775843868,12.968697195765142,True,5,0.02
indicator_revision_only_dfm_kalman_em,pseudo,2024:Q1:pre_advance:pseudo,2024-04-30,pre_advance,2024:Q1,S,T,2.883522004346971,0.0,0.06635835775843868,12.968697195765142,True,5,0.02
indicator_revision_only_dfm_kalman_em,pseudo,2024:Q1:pre_advance:pseudo,2024-04-30,pre_advance,2024:Q1,T,A,2.883522004346971,0.0,0.06635835775843868,12.968697195765142,True,5,0.02
indicator_revision_only_dfm_kalman_em,pseudo,2024:Q1:pre_advance:pseudo,2024-04-30,pre_advance,2024:Q1,T,M,2.883522004346971,0.0,0.06635835775843868,12.968697195765142,True,5,0.02
indicator_revision_only_dfm_kalman_em,pseudo,2024:Q1:pre_advance:pseudo,2024-04-30,pre_advance,2024:Q1,T,S,2.883522004346971,0.0,0.06635835775843868,12.968697195765142,True,5,0.02
indicator_revision_only_dfm_kalman_em,pseudo,2024:Q1:pre_advance:pseudo,2024-04-30,pre_advance,2024:Q1,T,T,3.0096776333922737,0.0,0.06635835775843868,12.968697195765142,True,5,0.02
joint_indicator_revision_dfm_full_kalman_em,pseudo,2024:Q1:pre_advance:pseudo,2024-04-30,pre_advance,2024:Q1,A,A,2.516104414502539,4.440892098500626e-16,0.06440244743680525,13.108917115314828,True,5,0.02
joint_indicator_revision_dfm_full_kalman_em,pseudo,2024:Q1:pre_advance:pseudo,2024-04-30,pre_advance,2024:Q1,A,M,2.650950282588832,4.440892098500626e-16,0.06440244743680525,13.108917115314828,True,5,0.02
joint_indicator_revision_dfm_full_kalman_em,pseudo,2024:Q1:pre_advance:pseudo,2024-04-30,pre_advance,2024:Q1,A,S,2.6369013738482727,4.440892098500626e-16,0.06440244743680525,13.108917115314828,True,5,0.02
joint_indicator_revision_dfm_full_kalman_em,pseudo,2024:Q1:pre_advance:pseudo,2024-04-30,pre_advance,2024:Q1,A,T,2.645330719092608,4.440892098500626e-16,0.06440244743680525,13.108917115314828,True,5,0.02
joint_indicator_revision_dfm_full_kalman_em,pseudo,2024:Q1:pre_advance:pseudo,2024-04-30,pre_advance,2024:Q1,M,A,2.650950282588832,4.440892098500626e-16,0.06440244743680525,13.108917115314828,True,5,0.02
joint_indicator_revision_dfm_full_kalman_em,pseudo,2024:Q1:pre_advance:pseudo,2024-04-30,pre_advance,2024:Q1,M,M,7.2093286033557336,4.440892098500626e-16,0.06440244743680525,13.108917115314828,True,5,0.02
joint_indicator_revision_dfm_full_kalman_em,pseudo,2024:Q1:pre_advance:pseudo,2024-04-30,pre_advance,2024:Q1,M,S,3.1238083632861335,4.440892098500626e-16,0.06440244743680525,13.108917115314828,True,5,0.02
joint_indicator_revision_dfm_full_kalman_em,pseudo,2024:Q1:pre_advance:pseudo,2024-04-30,pre_advance,2024:Q1,M,T,3.1387407237292058,4.440892098500626e-16,0.06440244743680525,13.108917115314828,True,5,0.02
joint_indicator_revision_dfm_full_kalman_em,pseudo,2024:Q1:pre_advance:pseudo,2024-04-30,pre_advance,2024:Q1,S,A,2.636901373848273,4.440892098500626e-16,0.06440244743680525,13.108917115314828,True,5,0.02
joint_indicator_revision_dfm_full_kalman_em,pseudo,2024:Q1:pre_advance:pseudo,2024-04-30,pre_advance,2024:Q1,S,M,3.1238083632861335,4.440892098500626e-16,0.06440244743680525,13.108917115314828,True,5,0.02
joint_indicator_revision_dfm_full_kalman_em,pseudo,2024:Q1:pre_advance:pseudo,2024-04-30,pre_advance,2024:Q1,S,S,3.1202583459369473,4.440892098500626e-16,0.06440244743680525,13.108917115314828,True,5,0.02
joint_indicator_revision_dfm_full_kalman_em,pseudo,2024:Q1:pre_advance:pseudo,2024-04-30,pre_advance,2024:Q1,S,T,3.1140702234973765,4.440892098500626e-16,0.06440244743680525,13.108917115314828,True,5,0.02
joint_indicator_revision_dfm_full_kalman_em,pseudo,2024:Q1:pre_advance:pseudo,2024-04-30,pre_advance,2024:Q1,T,A,2.645330719092608,4.440892098500626e-16,0.06440244743680525,13.108917115314828,True,5,0.02
joint_indicator_revision_dfm_full_kalman_em,pseudo,2024:Q1:pre_advance:pseudo,2024-04-30,pre_advance,2024:Q1,T,M,3.1387407237292058,4.440892098500626e-16,0.06440244743680525,13.108917115314828,True,5,0.02
joint_indicator_revision_dfm_full_kalman_em,pseudo,2024:Q1:pre_advance:pseudo,2024-04-30,pre_advance,2024:Q1,T,S,3.114070223497376,4.440892098500626e-16,0.06440244743680525,13.108917115314828,True,5,0.02
joint_indicator_revision_dfm_full_kalman_em,pseudo,2024:Q1:pre_advance:pseudo,2024-04-30,pre_advance,2024:Q1,T,T,3.248479297428145,4.440892098500626e-16,0.06440244743680525,13.108917115314828,True,5,0.02
monthly_mixed_frequency_kalman_em,pseudo,2024:Q1:pre_advance:pseudo,2024-04-30,pre_advance,2024:Q1,A,A,4.3859414688820415,0.0,0.0608212828204773,18.150572748954367,True,5,0.02
monthly_mixed_frequency_kalman_em,pseudo,2024:Q1:pre_advance:pseudo,2024-04-30,pre_advance,2024:Q1,A,M,4.067402867929982,0.0,0.0608212828204773,18.150572748954367,True,5,0.02
monthly_mixed_frequency_kalman_em,pseudo,2024:Q1:pre_advance:pseudo,2024-04-30,pre_advance,2024:Q1,A,S,4.12416899205866,0.0,0.0608212828204773,18.150572748954367,True,5,0.02
monthly_mixed_frequency_kalman_em,pseudo,2024:Q1:pre_advance:pseudo,2024-04-30,pre_advance,2024:Q1,A,T,4.093205651624836,0.0,0.0608212828204773,18.150572748954367,True,5,0.02
monthly_mixed_frequency_kalman_em,pseudo,2024:Q1:pre_advance:pseudo,2024-04-30,pre_advance,2024:Q1,M,A,4.067402867929982,0.0,0.0608212828204773,18.150572748954367,True,5,0.02
monthly_mixed_frequency_kalman_em,pseudo,2024:Q1:pre_advance:pseudo,2024-04-30,pre_advance,2024:Q1,M,M,8.512692723707538,0.0,0.0608212828204773,18.150572748954367,True,5,0.02
monthly_mixed_frequency_kalman_em,pseudo,2024:Q1:pre_advance:pseudo,2024-04-30,pre_advance,2024:Q1,M,S,4.240067677321146,0.0,0.0608212828204773,18.150572748954367,True,5,0.02
monthly_mixed_frequency_kalman_em,pseudo,2024:Q1:pre_advance:pseudo,2024-04-30,pre_advance,2024:Q1,M,T,4.355177550248589,0.0,0.0608212828204773,18.150572748954367,True,5,0.02
monthly_mixed_frequency_kalman_em,pseudo,2024:Q1:pre_advance:pseudo,2024-04-30,pre_advance,2024:Q1,S,A,4.12416899205866,0.0,0.0608212828204773,18.150572748954367,True,5,0.02
monthly_mixed_frequency_kalman_em,pseudo,2024:Q1:pre_advance:pseudo,2024-04-30,pre_advance,2024:Q1,S,M,4.240067677321146,0.0,0.0608212828204773,18.150572748954367,True,5,0.02
monthly_mixed_frequency_kalman_em,pseudo,2024:Q1:pre_advance:pseudo,2024-04-30,pre_advance,2024:Q1,S,S,4.2280788965908425,0.0,0.0608212828204773,18.150572748954367,True,5,0.02
monthly_mixed_frequency_kalman_em,pseudo,2024:Q1:pre_advance:pseudo,2024-04-30,pre_advance,2024:Q1,S,T,4.211093006005525,0.0,0.0608212828204773,18.150572748954367,True,5,0.02
monthly_mixed_frequency_kalman_em,pseudo,2024:Q1:pre_advance:pseudo,2024-04-30,pre_advance,2024:Q1,T,A,4.093205651624836,0.0,0.0608212828204773,18.150572748954367,True,5,0.02
monthly_mixed_frequency_kalman_em,pseudo,2024:Q1:pre_advance:pseudo,2024-04-30,pre_advance,2024:Q1,T,M,4.355177550248589,0.0,0.0608212828204773,18.150572748954367,True,5,0.02
monthly_mixed_frequency_kalman_em,pseudo,2024:Q1:pre_advance:pseudo,2024-04-30,pre_advance,2024:Q1,T,S,4.211093006005525,0.0,0.0608212828204773,18.150572748954367,True,5,0.02
monthly_mixed_frequency_kalman_em,pseudo,2024:Q1:pre_advance:pseudo,2024-04-30,pre_advance,2024:Q1,T,T,4.3391402488596045,0.0,0.0608212828204773,18.150572748954367,True,5,0.02
revision_dfm_kalman_em,pseudo,2024:Q1:pre_advance:pseudo,2024-04-30,pre_advance,2024:Q1,A,A,3.017421871502433,0.0,0.06688200215673666,14.94056873493578,True,5,0.02
revision_dfm_kalman_em,pseudo,2024:Q1:pre_advance:pseudo,2024-04-30,pre_advance,2024:Q1,A,M,3.1288307701193174,0.0,0.06688200215673666,14.94056873493578,True,5,0.02
revision_dfm_kalman_em,pseudo,2024:Q1:pre_advance:pseudo,2024-04-30,pre_advance,2024:Q1,A,S,3.1160148388785487,0.0,0.06688200215673666,14.94056873493578,True,5,0.02
revision_dfm_kalman_em,pseudo,2024:Q1:pre_advance:pseudo,2024-04-30,pre_advance,2024:Q1,A,T,3.1237043976230097,0.0,0.06688200215673666,14.94056873493578,True,5,0.02
revision_dfm_kalman_em,pseudo,2024:Q1:pre_advance:pseudo,2024-04-30,pre_advance,2024:Q1,M,A,3.1288307701193174,0.0,0.06688200215673666,14.94056873493578,True,5,0.02
revision_dfm_kalman_em,pseudo,2024:Q1:pre_advance:pseudo,2024-04-30,pre_advance,2024:Q1,M,M,7.666362710143696,0.0,0.06688200215673666,14.94056873493578,True,5,0.02
revision_dfm_kalman_em,pseudo,2024:Q1:pre_advance:pseudo,2024-04-30,pre_advance,2024:Q1,M,S,3.596636979302363,0.0,0.06688200215673666,14.94056873493578,True,5,0.02
revision_dfm_kalman_em,pseudo,2024:Q1:pre_advance:pseudo,2024-04-30,pre_advance,2024:Q1,M,T,3.6114098069607747,0.0,0.06688200215673666,14.94056873493578,True,5,0.02
revision_dfm_kalman_em,pseudo,2024:Q1:pre_advance:pseudo,2024-04-30,pre_advance,2024:Q1,S,A,3.1160148388785487,0.0,0.06688200215673666,14.94056873493578,True,5,0.02
revision_dfm_kalman_em,pseudo,2024:Q1:pre_advance:pseudo,2024-04-30,pre_advance,2024:Q1,S,M,3.596636979302363,0.0,0.06688200215673666,14.94056873493578,True,5,0.02
revision_dfm_kalman_em,pseudo,2024:Q1:pre_advance:pseudo,2024-04-30,pre_advance,2024:Q1,S,S,3.6016070246454692,0.0,0.06688200215673666,14.94056873493578,True,5,0.02
revision_dfm_kalman_em,pseudo,2024:Q1:pre_advance:pseudo,2024-04-30,pre_advance,2024:Q1,S,T,3.5870245364938866,0.0,0.06688200215673666,14.94056873493578,True,5,0.02
revision_dfm_kalman_em,pseudo,2024:Q1:pre_advance:pseudo,2024-04-30,pre_advance,2024:Q1,T,A,3.1237043976230097,0.0,0.06688200215673666,14.94056873493578,True,5,0.02
revision_dfm_kalman_em,pseudo,2024:Q1:pre_advance:pseudo,2024-04-30,pre_advance,2024:Q1,T,M,3.6114098069607747,0.0,0.06688200215673666,14.94056873493578,True,5,0.02
revision_dfm_kalman_em,pseudo,2024:Q1:pre_advance:pseudo,2024-04-30,pre_advance,2024:Q1,T,S,3.5870245364938866,0.0,0.06688200215673666,14.94056873493578,True,5,0.02
revision_dfm_kalman_em,pseudo,2024:Q1:pre_advance:pseudo,2024-04-30,pre_advance,2024:Q1,T,T,3.714772361778432,0.0,0.06688200215673666,14.94056873493578,True,5,0.02
indicator_revision_only_dfm_kalman_em,exact,2024:Q1:pre_second:exact,2024-05-29,pre_second,2024:Q1,A,A,0.7281759719507522,0.0,0.06630211905011502,4.489201978325854,True,5,0.02
indicator_revision_only_dfm_kalman_em,exact,2024:Q1:pre_second:exact,2024-05-29,pre_second,2024:Q1,A,M,0.34157616702241966,0.0,0.06630211905011502,4.489201978325854,True,5,0.02
indicator_revision_only_dfm_kalman_em,exact,2024:Q1:pre_second:exact,2024-05-29,pre_second,2024:Q1,A,S,0.34157616702241966,0.0,0.06630211905011502,4.489201978325854,True,5,0.02
indicator_revision_only_dfm_kalman_em,exact,2024:Q1:pre_second:exact,2024-05-29,pre_second,2024:Q1,A,T,0.34157616702241966,0.0,0.06630211905011502,4.489201978325854,True,5,0.02
indicator_revision_only_dfm_kalman_em,exact,2024:Q1:pre_second:exact,2024-05-29,pre_second,2024:Q1,M,A,0.34157616702241966,0.0,0.06630211905011502,4.489201978325854,True,5,0.02
indicator_revision_only_dfm_kalman_em,exact,2024:Q1:pre_second:exact,2024-05-29,pre_second,2024:Q1,M,M,4.382534331980525,0.0,0.06630211905011502,4.489201978325854,True,5,0.02
indicator_revision_only_dfm_kalman_em,exact,2024:Q1:pre_second:exact,2024-05-29,pre_second,2024:Q1,M,S,0.34157616702241966,0.0,0.06630211905011502,4.489201978325854,True,5,0.02
indicator_revision_only_dfm_kalman_em,exact,2024:Q1:pre_second:exact,2024-05-29,pre_second,2024:Q1,M,T,0.34157616702241966,0.0,0.06630211905011502,4.489201978325854,True,5,0.02
indicator_revision_only_dfm_kalman_em,exact,2024:Q1:pre_second:exact,2024-05-29,pre_second,2024:Q1,S,A,0.34157616702241966,0.0,0.06630211905011502,4.489201978325854,True,5,0.02
indicator_revision_only_dfm_kalman_em,exact,2024:Q1:pre_second:exact,2024-05-29,pre_second,2024:Q1,S,M,0.34157616702241966,0.0,0.06630211905011502,4.489201978325854,True,5,0.02
indicator_revision_only_dfm_kalman_em,exact,2024:Q1:pre_second:exact,2024-05-29,pre_second,2024:Q1,S,S,0.3679848065281775,0.0,0.06630211905011502,4.489201978325854,True,5,0.02
indicator_revision_only_dfm_kalman_em,exact,2024:Q1:pre_second:exact,2024-05-29,pre_second,2024:Q1,S,T,0.34157616702241966,0.0,0.06630211905011502,4.489201978325854,True,5,0.02
indicator_revision_only_dfm_kalman_em,exact,2024:Q1:pre_second:exact,2024-05-29,pre_second,2024:Q1,T,A,0.34157616702241966,0.0,0.06630211905011502,4.489201978325854,True,5,0.02
indicator_revision_only_dfm_kalman_em,exact,2024:Q1:pre_second:exact,2024-05-29,pre_second,2024:Q1,T,M,0.34157616702241966,0.0,0.06630211905011502,4.489201978325854,True,5,0.02
indicator_revision_only_dfm_kalman_em,exact,2024:Q1:pre_second:exact,2024-05-29,pre_second,2024:Q1,T,S,0.34157616702241966,0.0,0.06630211905011502,4.489201978325854,True,5,0.02
indicator_revision_only_dfm_kalman_em,exact,2024:Q1:pre_second:exact,2024-05-29,pre_second,2024:Q1,T,T,0.461167684457131,0.0,0.06630211905011502,4.489201978325854,True,5,0.02
joint_indicator_revision_dfm_full_kalman_em,exact,2024:Q1:pre_second:exact,2024-05-29,pre_second,2024:Q1,A,A,0.25977193314909264,0.0,0.06525735439352778,4.473646401508594,True,5,0.02
joint_indicator_revision_dfm_full_kalman_em,exact,2024:Q1:pre_second:exact,2024-05-29,pre_second,2024:Q1,A,M,0.14339425878878345,0.0,0.06525735439352778,4.473646401508594,True,5,0.02
joint_indicator_revision_dfm_full_kalman_em,exact,2024:Q1:pre_second:exact,2024-05-29,pre_second,2024:Q1,A,S,0.14253093362889188,0.0,0.06525735439352778,4.473646401508594,True,5,0.02
joint_indicator_revision_dfm_full_kalman_em,exact,2024:Q1:pre_second:exact,2024-05-29,pre_second,2024:Q1,A,T,0.1430489287248268,0.0,0.06525735439352778,4.473646401508594,True,5,0.02
joint_indicator_revision_dfm_full_kalman_em,exact,2024:Q1:pre_second:exact,2024-05-29,pre_second,2024:Q1,M,A,0.14339425878878345,0.0,0.06525735439352778,4.473646401508594,True,5,0.02
joint_indicator_revision_dfm_full_kalman_em,exact,2024:Q1:pre_second:exact,2024-05-29,pre_second,2024:Q1,M,M,4.403421144224001,0.0,0.06525735439352778,4.473646401508594,True,5,0.02
joint_indicator_revision_dfm_full_kalman_em,exact,2024:Q1:pre_second:exact,2024-05-29,pre_second,2024:Q1,M,S,0.3405832279122086,0.0,0.06525735439352778,4.473646401508594,True,5,0.02
joint_indicator_revision_dfm_full_kalman_em,exact,2024:Q1:pre_second:exact,2024-05-29,pre_second,2024:Q1,M,T,0.34681024798979043,0.0,0.06525735439352778,4.473646401508594,True,5,0.02
joint_indicator_revision_dfm_full_kalman_em,exact,2024:Q1:pre_second:exact,2024-05-29,pre_second,2024:Q1,S,A,0.14253093362889188,0.0,0.06525735439352778,4.473646401508594,True,5,0.02
joint_indicator_revision_dfm_full_kalman_em,exact,2024:Q1:pre_second:exact,2024-05-29,pre_second,2024:Q1,S,M,0.3405832279122086,0.0,0.06525735439352778,4.473646401508594,True,5,0.02
joint_indicator_revision_dfm_full_kalman_em,exact,2024:Q1:pre_second:exact,2024-05-29,pre_second,2024:Q1,S,S,0.3574404922451993,0.0,0.06525735439352778,4.473646401508594,True,5,0.02
joint_indicator_revision_dfm_full_kalman_em,exact,2024:Q1:pre_second:exact,2024-05-29,pre_second,2024:Q1,S,T,0.33662218202654226,0.0,0.06525735439352778,4.473646401508594,True,5,0.02
joint_indicator_revision_dfm_full_kalman_em,exact,2024:Q1:pre_second:exact,2024-05-29,pre_second,2024:Q1,T,A,0.1430489287248268,0.0,0.06525735439352778,4.473646401508594,True,5,0.02
joint_indicator_revision_dfm_full_kalman_em,exact,2024:Q1:pre_second:exact,2024-05-29,pre_second,2024:Q1,T,M,0.34681024798979043,0.0,0.06525735439352778,4.473646401508594,True,5,0.02
joint_indicator_revision_dfm_full_kalman_em,exact,2024:Q1:pre_second:exact,2024-05-29,pre_second,2024:Q1,T,S,0.33662218202654226,0.0,0.06525735439352778,4.473646401508594,True,5,0.02
joint_indicator_revision_dfm_full_kalman_em,exact,2024:Q1:pre_second:exact,2024-05-29,pre_second,2024:Q1,T,T,0.4572802717649538,0.0,0.06525735439352778,4.473646401508594,True,5,0.02
monthly_mixed_frequency_kalman_em,exact,2024:Q1:pre_second:exact,2024-05-29,pre_second,2024:Q1,A,A,0.4197105487597309,0.0,0.05816920552096775,4.873492781972455,True,5,0.02
monthly_mixed_frequency_kalman_em,exact,2024:Q1:pre_second:exact,2024-05-29,pre_second,2024:Q1,A,M,0.19948808669998622,0.0,0.05816920552096775,4.873492781972455,True,5,0.02
monthly_mixed_frequency_kalman_em,exact,2024:Q1:pre_second:exact,2024-05-29,pre_second,2024:Q1,A,S,0.2022721598732788,0.0,0.05816920552096775,4.873492781972455,True,5,0.02
monthly_mixed_frequency_kalman_em,exact,2024:Q1:pre_second:exact,2024-05-29,pre_second,2024:Q1,A,T,0.2007535745060283,0.0,0.05816920552096775,4.873492781972455,True,5,0.02
monthly_mixed_frequency_kalman_em,exact,2024:Q1:pre_second:exact,2024-05-29,pre_second,2024:Q1,M,A,0.19948808669998622,0.0,0.05816920552096775,4.873492781972455,True,5,0.02
monthly_mixed_frequency_kalman_em,exact,2024:Q1:pre_second:exact,2024-05-29,pre_second,2024:Q1,M,M,4.740499841211781,0.0,0.05816920552096775,4.873492781972455,True,5,0.02
monthly_mixed_frequency_kalman_em,exact,2024:Q1:pre_second:exact,2024-05-29,pre_second,2024:Q1,M,S,0.4151401280267476,0.0,0.05816920552096775,4.873492781972455,True,5,0.02
monthly_mixed_frequency_kalman_em,exact,2024:Q1:pre_second:exact,2024-05-29,pre_second,2024:Q1,M,T,0.558908155577922,0.0,0.05816920552096775,4.873492781972455,True,5,0.02
monthly_mixed_frequency_kalman_em,exact,2024:Q1:pre_second:exact,2024-05-29,pre_second,2024:Q1,S,A,0.2022721598732788,0.0,0.05816920552096775,4.873492781972455,True,5,0.02
monthly_mixed_frequency_kalman_em,exact,2024:Q1:pre_second:exact,2024-05-29,pre_second,2024:Q1,S,M,0.4151401280267476,0.0,0.05816920552096775,4.873492781972455,True,5,0.02
monthly_mixed_frequency_kalman_em,exact,2024:Q1:pre_second:exact,2024-05-29,pre_second,2024:Q1,S,S,0.34983679215394026,0.0,0.05816920552096775,4.873492781972455,True,5,0.02
monthly_mixed_frequency_kalman_em,exact,2024:Q1:pre_second:exact,2024-05-29,pre_second,2024:Q1,S,T,0.36192313598838044,0.0,0.05816920552096775,4.873492781972455,True,5,0.02
monthly_mixed_frequency_kalman_em,exact,2024:Q1:pre_second:exact,2024-05-29,pre_second,2024:Q1,T,A,0.2007535745060283,0.0,0.05816920552096775,4.873492781972455,True,5,0.02
monthly_mixed_frequency_kalman_em,exact,2024:Q1:pre_second:exact,2024-05-29,pre_second,2024:Q1,T,M,0.558908155577922,0.0,0.05816920552096775,4.873492781972455,True,5,0.02
monthly_mixed_frequency_kalman_em,exact,2024:Q1:pre_second:exact,2024-05-29,pre_second,2024:Q1,T,S,0.36192313598838044,0.0,0.05816920552096775,4.873492781972455,True,5,0.02
monthly_mixed_frequency_kalman_em,exact,2024:Q1:pre_second:exact,2024-05-29,pre_second,2024:Q1,T,T,0.5188169886525178,0.0,0.05816920552096775,4.873492781972455,True,5,0.02
revision_dfm_kalman_em,exact,2024:Q1:pre_second:exact,2024-05-29,pre_second,2024:Q1,A,A,0.28393008997195496,0.0,0.06642735136071624,4.5034860574347455,True,5,0.02
revision_dfm_kalman_em,exact,2024:Q1:pre_second:exact,2024-05-29,pre_second,2024:Q1,A,M,0.15086393184816502,0.0,0.06642735136071624,4.5034860574347455,True,5,0.02
revision_dfm_kalman_em,exact,2024:Q1:pre_second:exact,2024-05-29,pre_second,2024:Q1,A,S,0.1502421130892573,0.0,0.06642735136071624,4.5034860574347455,True,5,0.02
revision_dfm_kalman_em,exact,2024:Q1:pre_second:exact,2024-05-29,pre_second,2024:Q1,A,T,0.1506152043446019,0.0,0.06642735136071624,4.5034860574347455,True,5,0.02
revision_dfm_kalman_em,exact,2024:Q1:pre_second:exact,2024-05-29,pre_second,2024:Q1,M,A,0.15086393184816502,0.0,0.06642735136071624,4.5034860574347455,True,5,0.02
revision_dfm_kalman_em,exact,2024:Q1:pre_second:exact,2024-05-29,pre_second,2024:Q1,M,M,4.422207290326046,0.0,0.06642735136071624,4.5034860574347455,True,5,0.02
revision_dfm_kalman_em,exact,2024:Q1:pre_second:exact,2024-05-29,pre_second,2024:Q1,M,S,0.36576726889768474,0.0,0.06642735136071624,4.5034860574347455,True,5,0.02
revision_dfm_kalman_em,exact,2024:Q1:pre_second:exact,2024-05-29,pre_second,2024:Q1,M,T,0.3725536900676695,0.0,0.06642735136071624,4.5034860574347455,True,5,0.02
revision_dfm_kalman_em,exact,2024:Q1:pre_second:exact,2024-05-29,pre_second,2024:Q1,S,A,0.1502421130892573,0.0,0.06642735136071624,4.5034860574347455,True,5,0.02
revision_dfm_kalman_em,exact,2024:Q1:pre_second:exact,2024-05-29,pre_second,2024:Q1,S,M,0.36576726889768474,0.0,0.06642735136071624,4.5034860574347455,True,5,0.02
revision_dfm_kalman_em,exact,2024:Q1:pre_second:exact,2024-05-29,pre_second,2024:Q1,S,S,0.3839943397829358,0.0,0.06642735136071624,4.5034860574347455,True,5,0.02
revision_dfm_kalman_em,exact,2024:Q1:pre_second:exact,2024-05-29,pre_second,2024:Q1,S,T,0.36145676578151614,0.0,0.06642735136071624,4.5034860574347455,True,5,0.02
revision_dfm_kalman_em,exact,2024:Q1:pre_second:exact,2024-05-29,pre_second,2024:Q1,T,A,0.1506152043446019,0.0,0.06642735136071624,4.5034860574347455,True,5,0.02
revision_dfm_kalman_em,exact,2024:Q1:pre_second:exact,2024-05-29,pre_second,2024:Q1,T,M,0.3725536900676695,0.0,0.06642735136071624,4.5034860574347455,True,5,0.02
revision_dfm_kalman_em,exact,2024:Q1:pre_second:exact,2024-05-29,pre_second,2024:Q1,T,S,0.36145676578151614,0.0,0.06642735136071624,4.5034860574347455,True,5,0.02
revision_dfm_kalman_em,exact,2024:Q1:pre_second:exact,2024-05-29,pre_second,2024:Q1,T,T,0.4812379473848083,0.0,0.06642735136071624,4.5034860574347455,True,5,0.02
indicator_revision_only_dfm_kalman_em,pseudo,2024:Q1:pre_second:pseudo,2024-05-31,pre_second,2024:Q1,A,A,0.7277904274854996,0.0,0.06663689811454333,4.48743223761454,True,5,0.02
indicator_revision_only_dfm_kalman_em,pseudo,2024:Q1:pre_second:pseudo,2024-05-31,pre_second,2024:Q1,A,M,0.3413431560334315,0.0,0.06663689811454333,4.48743223761454,True,5,0.02
indicator_revision_only_dfm_kalman_em,pseudo,2024:Q1:pre_second:pseudo,2024-05-31,pre_second,2024:Q1,A,S,0.3413431560334315,0.0,0.06663689811454333,4.48743223761454,True,5,0.02
indicator_revision_only_dfm_kalman_em,pseudo,2024:Q1:pre_second:pseudo,2024-05-31,pre_second,2024:Q1,A,T,0.3413431560334315,0.0,0.06663689811454333,4.48743223761454,True,5,0.02
indicator_revision_only_dfm_kalman_em,pseudo,2024:Q1:pre_second:pseudo,2024-05-31,pre_second,2024:Q1,M,A,0.3413431560334315,0.0,0.06663689811454333,4.48743223761454,True,5,0.02
indicator_revision_only_dfm_kalman_em,pseudo,2024:Q1:pre_second:pseudo,2024-05-31,pre_second,2024:Q1,M,M,4.380874886338512,0.0,0.06663689811454333,4.48743223761454,True,5,0.02
indicator_revision_only_dfm_kalman_em,pseudo,2024:Q1:pre_second:pseudo,2024-05-31,pre_second,2024:Q1,M,S,0.3413431560334315,0.0,0.06663689811454333,4.48743223761454,True,5,0.02
indicator_revision_only_dfm_kalman_em,pseudo,2024:Q1:pre_second:pseudo,2024-05-31,pre_second,2024:Q1,M,T,0.3413431560334315,0.0,0.06663689811454333,4.48743223761454,True,5,0.02
indicator_revision_only_dfm_kalman_em,pseudo,2024:Q1:pre_second:pseudo,2024-05-31,pre_second,2024:Q1,S,A,0.3413431560334315,0.0,0.06663689811454333,4.48743223761454,True,5,0.02
indicator_revision_only_dfm_kalman_em,pseudo,2024:Q1:pre_second:pseudo,2024-05-31,pre_second,2024:Q1,S,M,0.3413431560334315,0.0,0.06663689811454333,4.48743223761454,True,5,0.02
indicator_revision_only_dfm_kalman_em,pseudo,2024:Q1:pre_second:pseudo,2024-05-31,pre_second,2024:Q1,S,S,0.36866088374882305,0.0,0.06663689811454333,4.48743223761454,True,5,0.02
indicator_revision_only_dfm_kalman_em,pseudo,2024:Q1:pre_second:pseudo,2024-05-31,pre_second,2024:Q1,S,T,0.3413431560334315,0.0,0.06663689811454333,4.48743223761454,True,5,0.02
indicator_revision_only_dfm_kalman_em,pseudo,2024:Q1:pre_second:pseudo,2024-05-31,pre_second,2024:Q1,T,A,0.3413431560334315,0.0,0.06663689811454333,4.48743223761454,True,5,0.02
indicator_revision_only_dfm_kalman_em,pseudo,2024:Q1:pre_second:pseudo,2024-05-31,pre_second,2024:Q1,T,M,0.3413431560334315,0.0,0.06663689811454333,4.48743223761454,True,5,0.02
indicator_revision_only_dfm_kalman_em,pseudo,2024:Q1:pre_second:pseudo,2024-05-31,pre_second,2024:Q1,T,S,0.3413431560334315,0.0,0.06663689811454333,4.48743223761454,True,5,0.02
indicator_revision_only_dfm_kalman_em,pseudo,2024:Q1:pre_second:pseudo,2024-05-31,pre_second,2024:Q1,T,T,0.4602683882396364,0.0,0.06663689811454333,4.48743223761454,True,5,0.02
joint_indicator_revision_dfm_full_kalman_em,pseudo,2024:Q1:pre_second:pseudo,2024-05-31,pre_second,2024:Q1,A,A,0.2582293393538733,0.0,0.06546110859988122,4.473325600574984,True,5,0.02
joint_indicator_revision_dfm_full_kalman_em,pseudo,2024:Q1:pre_second:pseudo,2024-05-31,pre_second,2024:Q1,A,M,0.14228903986115438,0.0,0.06546110859988122,4.473325600574984,True,5,0.02
joint_indicator_revision_dfm_full_kalman_em,pseudo,2024:Q1:pre_second:pseudo,2024-05-31,pre_second,2024:Q1,A,S,0.14144473724051307,0.0,0.06546110859988122,4.473325600574984,True,5,0.02
joint_indicator_revision_dfm_full_kalman_em,pseudo,2024:Q1:pre_second:pseudo,2024-05-31,pre_second,2024:Q1,A,T,0.14195131881289783,0.0,0.06546110859988122,4.473325600574984,True,5,0.02
joint_indicator_revision_dfm_full_kalman_em,pseudo,2024:Q1:pre_second:pseudo,2024-05-31,pre_second,2024:Q1,M,A,0.14228903986115438,0.0,0.06546110859988122,4.473325600574984,True,5,0.02
joint_indicator_revision_dfm_full_kalman_em,pseudo,2024:Q1:pre_second:pseudo,2024-05-31,pre_second,2024:Q1,M,M,4.402931561634377,0.0,0.06546110859988122,4.473325600574984,True,5,0.02
joint_indicator_revision_dfm_full_kalman_em,pseudo,2024:Q1:pre_second:pseudo,2024-05-31,pre_second,2024:Q1,M,S,0.3412187616878999,0.0,0.06546110859988122,4.473325600574984,True,5,0.02
joint_indicator_revision_dfm_full_kalman_em,pseudo,2024:Q1:pre_second:pseudo,2024-05-31,pre_second,2024:Q1,M,T,0.3475007529034813,0.0,0.06546110859988122,4.473325600574984,True,5,0.02
joint_indicator_revision_dfm_full_kalman_em,pseudo,2024:Q1:pre_second:pseudo,2024-05-31,pre_second,2024:Q1,S,A,0.14144473724051307,0.0,0.06546110859988122,4.473325600574984,True,5,0.02
joint_indicator_revision_dfm_full_kalman_em,pseudo,2024:Q1:pre_second:pseudo,2024-05-31,pre_second,2024:Q1,S,M,0.3412187616878999,0.0,0.06546110859988122,4.473325600574984,True,5,0.02
joint_indicator_revision_dfm_full_kalman_em,pseudo,2024:Q1:pre_second:pseudo,2024-05-31,pre_second,2024:Q1,S,S,0.3587033078046447,0.0,0.06546110859988122,4.473325600574984,True,5,0.02
joint_indicator_revision_dfm_full_kalman_em,pseudo,2024:Q1:pre_second:pseudo,2024-05-31,pre_second,2024:Q1,S,T,0.3372232811989522,0.0,0.06546110859988122,4.473325600574984,True,5,0.02
joint_indicator_revision_dfm_full_kalman_em,pseudo,2024:Q1:pre_second:pseudo,2024-05-31,pre_second,2024:Q1,T,A,0.14195131881289783,0.0,0.06546110859988122,4.473325600574984,True,5,0.02
joint_indicator_revision_dfm_full_kalman_em,pseudo,2024:Q1:pre_second:pseudo,2024-05-31,pre_second,2024:Q1,T,M,0.3475007529034813,0.0,0.06546110859988122,4.473325600574984,True,5,0.02
joint_indicator_revision_dfm_full_kalman_em,pseudo,2024:Q1:pre_second:pseudo,2024-05-31,pre_second,2024:Q1,T,S,0.3372232811989522,0.0,0.06546110859988122,4.473325600574984,True,5,0.02
joint_indicator_revision_dfm_full_kalman_em,pseudo,2024:Q1:pre_second:pseudo,2024-05-31,pre_second,2024:Q1,T,T,0.45730495618869876,0.0,0.06546110859988122,4.473325600574984,True,5,0.02
monthly_mixed_frequency_kalman_em,pseudo,2024:Q1:pre_second:pseudo,2024-05-31,pre_second,2024:Q1,A,A,0.4197116209801056,0.0,0.05816921825447042,4.8734838793480115,True,5,0.02
monthly_mixed_frequency_kalman_em,pseudo,2024:Q1:pre_second:pseudo,2024-05-31,pre_second,2024:Q1,A,M,0.19948865334864643,0.0,0.05816921825447042,4.8734838793480115,True,5,0.02
monthly_mixed_frequency_kalman_em,pseudo,2024:Q1:pre_second:pseudo,2024-05-31,pre_second,2024:Q1,A,S,0.20227289718318975,0.0,0.05816921825447042,4.8734838793480115,True,5,0.02
monthly_mixed_frequency_kalman_em,pseudo,2024:Q1:pre_second:pseudo,2024-05-31,pre_second,2024:Q1,A,T,0.20075421872798427,0.0,0.05816921825447042,4.8734838793480115,True,5,0.02
monthly_mixed_frequency_kalman_em,pseudo,2024:Q1:pre_second:pseudo,2024-05-31,pre_second,2024:Q1,M,A,0.19948865334864643,0.0,0.05816921825447042,4.8734838793480115,True,5,0.02
monthly_mixed_frequency_kalman_em,pseudo,2024:Q1:pre_second:pseudo,2024-05-31,pre_second,2024:Q1,M,M,4.740492383177925,0.0,0.05816921825447042,4.8734838793480115,True,5,0.02
monthly_mixed_frequency_kalman_em,pseudo,2024:Q1:pre_second:pseudo,2024-05-31,pre_second,2024:Q1,M,S,0.4151377480438709,0.0,0.05816921825447042,4.8734838793480115,True,5,0.02
monthly_mixed_frequency_kalman_em,pseudo,2024:Q1:pre_second:pseudo,2024-05-31,pre_second,2024:Q1,M,T,0.5589038111740205,0.0,0.05816921825447042,4.8734838793480115,True,5,0.02
monthly_mixed_frequency_kalman_em,pseudo,2024:Q1:pre_second:pseudo,2024-05-31,pre_second,2024:Q1,S,A,0.20227289718318975,0.0,0.05816921825447042,4.8734838793480115,True,5,0.02
monthly_mixed_frequency_kalman_em,pseudo,2024:Q1:pre_second:pseudo,2024-05-31,pre_second,2024:Q1,S,M,0.4151377480438709,0.0,0.05816921825447042,4.8734838793480115,True,5,0.02
monthly_mixed_frequency_kalman_em,pseudo,2024:Q1:pre_second:pseudo,2024-05-31,pre_second,2024:Q1,S,S,0.3498361809828611,0.0,0.05816921825447042,4.8734838793480115,True,5,0.02
monthly_mixed_frequency_kalman_em,pseudo,2024:Q1:pre_second:pseudo,2024-05-31,pre_second,2024:Q1,S,T,0.3619215353287005,0.0,0.05816921825447042,4.8734838793480115,True,5,0.02
monthly_mixed_frequency_kalman_em,pseudo,2024:Q1:pre_second:pseudo,2024-05-31,pre_second,2024:Q1,T,A,0.20075421872798427,0.0,0.05816921825447042,4.8734838793480115,True,5,0.02
monthly_mixed_frequency_kalman_em,pseudo,2024:Q1:pre_second:pseudo,2024-05-31,pre_second,2024:Q1,T,M,0.5589038111740205,0.0,0.05816921825447042,4.8734838793480115,True,5,0.02
monthly_mixed_frequency_kalman_em,pseudo,2024:Q1:pre_second:pseudo,2024-05-31,pre_second,2024:Q1,T,S,0.3619215353287005,0.0,0.05816921825447042,4.8734838793480115,True,5,0.02
monthly_mixed_frequency_kalman_em,pseudo,2024:Q1:pre_second:pseudo,2024-05-31,pre_second,2024:Q1,T,T,0.5188138659716046,0.0,0.05816921825447042,4.8734838793480115,True,5,0.02
revision_dfm_kalman_em,pseudo,2024:Q1:pre_second:pseudo,2024-05-31,pre_second,2024:Q1,A,A,0.2839309512832154,0.0,0.06642719619424378,4.5034741397976745,True,5,0.02
revision_dfm_kalman_em,pseudo,2024:Q1:pre_second:pseudo,2024-05-31,pre_second,2024:Q1,A,M,0.1508612153105287,0.0,0.06642719619424378,4.5034741397976745,True,5,0.02
revision_dfm_kalman_em,pseudo,2024:Q1:pre_second:pseudo,2024-05-31,pre_second,2024:Q1,A,S,0.150239654292036,0.0,0.06642719619424378,4.5034741397976745,True,5,0.02
revision_dfm_kalman_em,pseudo,2024:Q1:pre_second:pseudo,2024-05-31,pre_second,2024:Q1,A,T,0.15061259090313164,0.0,0.06642719619424378,4.5034741397976745,True,5,0.02
revision_dfm_kalman_em,pseudo,2024:Q1:pre_second:pseudo,2024-05-31,pre_second,2024:Q1,M,A,0.1508612153105287,0.0,0.06642719619424378,4.5034741397976745,True,5,0.02
revision_dfm_kalman_em,pseudo,2024:Q1:pre_second:pseudo,2024-05-31,pre_second,2024:Q1,M,M,4.422198689787947,0.0,0.06642719619424378,4.5034741397976745,True,5,0.02
revision_dfm_kalman_em,pseudo,2024:Q1:pre_second:pseudo,2024-05-31,pre_second,2024:Q1,M,S,0.3657599225273091,0.0,0.06642719619424378,4.5034741397976745,True,5,0.02
revision_dfm_kalman_em,pseudo,2024:Q1:pre_second:pseudo,2024-05-31,pre_second,2024:Q1,M,T,0.37254619749204954,0.0,0.06642719619424378,4.5034741397976745,True,5,0.02
revision_dfm_kalman_em,pseudo,2024:Q1:pre_second:pseudo,2024-05-31,pre_second,2024:Q1,S,A,0.150239654292036,0.0,0.06642719619424378,4.5034741397976745,True,5,0.02
revision_dfm_kalman_em,pseudo,2024:Q1:pre_second:pseudo,2024-05-31,pre_second,2024:Q1,S,M,0.3657599225273091,0.0,0.06642719619424378,4.5034741397976745,True,5,0.02
revision_dfm_kalman_em,pseudo,2024:Q1:pre_second:pseudo,2024-05-31,pre_second,2024:Q1,S,S,0.3839873670087438,0.0,0.06642719619424378,4.5034741397976745,True,5,0.02
revision_dfm_kalman_em,pseudo,2024:Q1:pre_second:pseudo,2024-05-31,pre_second,2024:Q1,S,T,0.36144951716260365,0.0,0.06642719619424378,4.5034741397976745,True,5,0.02
revision_dfm_kalman_em,pseudo,2024:Q1:pre_second:pseudo,2024-05-31,pre_second,2024:Q1,T,A,0.15061259090313164,0.0,0.06642719619424378,4.5034741397976745,True,5,0.02
revision_dfm_kalman_em,pseudo,2024:Q1:pre_second:pseudo,2024-05-31,pre_second,2024:Q1,T,M,0.37254619749204954,0.0,0.06642719619424378,4.5034741397976745,True,5,0.02
revision_dfm_kalman_em,pseudo,2024:Q1:pre_second:pseudo,2024-05-31,pre_second,2024:Q1,T,S,0.36144951716260365,0.0,0.06642719619424378,4.5034741397976745,True,5,0.02
revision_dfm_kalman_em,pseudo,2024:Q1:pre_second:pseudo,2024-05-31,pre_second,2024:Q1,T,T,0.4812300973248693,0.0,0.06642719619424378,4.5034741397976745,True,5,0.02
indicator_revision_only_dfm_kalman_em,exact,2024:Q1:pre_third:exact,2024-06-26,pre_third,2024:Q1,A,A,0.40536496832367264,0.0,0.03132322843773941,4.074084567121827,True,5,0.02
indicator_revision_only_dfm_kalman_em,exact,2024:Q1:pre_third:exact,2024-06-26,pre_third,2024:Q1,A,M,0.016790510371688706,0.0,0.03132322843773941,4.074084567121827,True,5,0.02
indicator_revision_only_dfm_kalman_em,exact,2024:Q1:pre_third:exact,2024-06-26,pre_third,2024:Q1,A,S,0.016790510371688706,0.0,0.03132322843773941,4.074084567121827,True,5,0.02
indicator_revision_only_dfm_kalman_em,exact,2024:Q1:pre_third:exact,2024-06-26,pre_third,2024:Q1,A,T,0.016790510371688706,0.0,0.03132322843773941,4.074084567121827,True,5,0.02
indicator_revision_only_dfm_kalman_em,exact,2024:Q1:pre_third:exact,2024-06-26,pre_third,2024:Q1,M,A,0.016790510371688706,0.0,0.03132322843773941,4.074084567121827,True,5,0.02
indicator_revision_only_dfm_kalman_em,exact,2024:Q1:pre_third:exact,2024-06-26,pre_third,2024:Q1,M,M,4.073864314650928,0.0,0.03132322843773941,4.074084567121827,True,5,0.02
indicator_revision_only_dfm_kalman_em,exact,2024:Q1:pre_third:exact,2024-06-26,pre_third,2024:Q1,M,S,0.016790510371688706,0.0,0.03132322843773941,4.074084567121827,True,5,0.02
indicator_revision_only_dfm_kalman_em,exact,2024:Q1:pre_third:exact,2024-06-26,pre_third,2024:Q1,M,T,0.016790510371688706,0.0,0.03132322843773941,4.074084567121827,True,5,0.02
indicator_revision_only_dfm_kalman_em,exact,2024:Q1:pre_third:exact,2024-06-26,pre_third,2024:Q1,S,A,0.016790510371688706,0.0,0.03132322843773941,4.074084567121827,True,5,0.02
indicator_revision_only_dfm_kalman_em,exact,2024:Q1:pre_third:exact,2024-06-26,pre_third,2024:Q1,S,M,0.016790510371688706,0.0,0.03132322843773941,4.074084567121827,True,5,0.02
indicator_revision_only_dfm_kalman_em,exact,2024:Q1:pre_third:exact,2024-06-26,pre_third,2024:Q1,S,S,0.034447331340094776,0.0,0.03132322843773941,4.074084567121827,True,5,0.02
indicator_revision_only_dfm_kalman_em,exact,2024:Q1:pre_third:exact,2024-06-26,pre_third,2024:Q1,S,T,0.016790510371688706,0.0,0.03132322843773941,4.074084567121827,True,5,0.02
indicator_revision_only_dfm_kalman_em,exact,2024:Q1:pre_third:exact,2024-06-26,pre_third,2024:Q1,T,A,0.016790510371688706,0.0,0.03132322843773941,4.074084567121827,True,5,0.02
indicator_revision_only_dfm_kalman_em,exact,2024:Q1:pre_third:exact,2024-06-26,pre_third,2024:Q1,T,M,0.016790510371688706,0.0,0.03132322843773941,4.074084567121827,True,5,0.02
indicator_revision_only_dfm_kalman_em,exact,2024:Q1:pre_third:exact,2024-06-26,pre_third,2024:Q1,T,S,0.016790510371688706,0.0,0.03132322843773941,4.074084567121827,True,5,0.02
indicator_revision_only_dfm_kalman_em,exact,2024:Q1:pre_third:exact,2024-06-26,pre_third,2024:Q1,T,T,0.14274693069054908,0.0,0.03132322843773941,4.074084567121827,True,5,0.02
joint_indicator_revision_dfm_full_kalman_em,exact,2024:Q1:pre_third:exact,2024-06-26,pre_third,2024:Q1,A,A,0.21768760425383402,0.0,0.03600932186732842,4.081976224769475,True,5,0.02
joint_indicator_revision_dfm_full_kalman_em,exact,2024:Q1:pre_third:exact,2024-06-26,pre_third,2024:Q1,A,M,0.005624985921585682,0.0,0.03600932186732842,4.081976224769475,True,5,0.02
joint_indicator_revision_dfm_full_kalman_em,exact,2024:Q1:pre_third:exact,2024-06-26,pre_third,2024:Q1,A,S,0.008919931763581012,0.0,0.03600932186732842,4.081976224769475,True,5,0.02
joint_indicator_revision_dfm_full_kalman_em,exact,2024:Q1:pre_third:exact,2024-06-26,pre_third,2024:Q1,A,T,0.006942964258383815,0.0,0.03600932186732842,4.081976224769475,True,5,0.02
joint_indicator_revision_dfm_full_kalman_em,exact,2024:Q1:pre_third:exact,2024-06-26,pre_third,2024:Q1,M,A,0.005624985921585682,0.0,0.03600932186732842,4.081976224769475,True,5,0.02
joint_indicator_revision_dfm_full_kalman_em,exact,2024:Q1:pre_third:exact,2024-06-26,pre_third,2024:Q1,M,M,4.081760902397528,0.0,0.03600932186732842,4.081976224769475,True,5,0.02
joint_indicator_revision_dfm_full_kalman_em,exact,2024:Q1:pre_third:exact,2024-06-26,pre_third,2024:Q1,M,S,0.02003764653144888,0.0,0.03600932186732842,4.081976224769475,True,5,0.02
joint_indicator_revision_dfm_full_kalman_em,exact,2024:Q1:pre_third:exact,2024-06-26,pre_third,2024:Q1,M,T,0.020492783182286665,0.0,0.03600932186732842,4.081976224769475,True,5,0.02
joint_indicator_revision_dfm_full_kalman_em,exact,2024:Q1:pre_third:exact,2024-06-26,pre_third,2024:Q1,S,A,0.008919931763581012,0.0,0.03600932186732842,4.081976224769475,True,5,0.02
joint_indicator_revision_dfm_full_kalman_em,exact,2024:Q1:pre_third:exact,2024-06-26,pre_third,2024:Q1,S,M,0.02003764653144888,0.0,0.03600932186732842,4.081976224769475,True,5,0.02
joint_indicator_revision_dfm_full_kalman_em,exact,2024:Q1:pre_third:exact,2024-06-26,pre_third,2024:Q1,S,S,0.040168121629850596,0.0,0.03600932186732842,4.081976224769475,True,5,0.02
joint_indicator_revision_dfm_full_kalman_em,exact,2024:Q1:pre_third:exact,2024-06-26,pre_third,2024:Q1,S,T,0.019815292236091523,0.0,0.03600932186732842,4.081976224769475,True,5,0.02
joint_indicator_revision_dfm_full_kalman_em,exact,2024:Q1:pre_third:exact,2024-06-26,pre_third,2024:Q1,T,A,0.006942964258383815,0.0,0.03600932186732842,4.081976224769475,True,5,0.02
joint_indicator_revision_dfm_full_kalman_em,exact,2024:Q1:pre_third:exact,2024-06-26,pre_third,2024:Q1,T,M,0.020492783182286665,0.0,0.03600932186732842,4.081976224769475,True,5,0.02
joint_indicator_revision_dfm_full_kalman_em,exact,2024:Q1:pre_third:exact,2024-06-26,pre_third,2024:Q1,T,S,0.019815292236091523,0.0,0.03600932186732842,4.081976224769475,True,5,0.02
joint_indicator_revision_dfm_full_kalman_em,exact,2024:Q1:pre_third:exact,2024-06-26,pre_third,2024:Q1,T,T,0.13995544978639507,0.0,0.03600932186732842,4.081976224769475,True,5,0.02
monthly_mixed_frequency_kalman_em,exact,2024:Q1:pre_third:exact,2024-06-26,pre_third,2024:Q1,A,A,0.2997106275388874,0.0,0.057836012100020366,4.253722105078502,True,5,0.02
monthly_mixed_frequency_kalman_em,exact,2024:Q1:pre_third:exact,2024-06-26,pre_third,2024:Q1,A,M,-0.040990649189373445,0.0,0.057836012100020366,4.253722105078502,True,5,0.02
monthly_mixed_frequency_kalman_em,exact,2024:Q1:pre_third:exact,2024-06-26,pre_third,2024:Q1,A,S,0.029669166328489975,0.0,0.057836012100020366,4.253722105078502,True,5,0.02
monthly_mixed_frequency_kalman_em,exact,2024:Q1:pre_third:exact,2024-06-26,pre_third,2024:Q1,A,T,-0.008872551226708263,0.0,0.057836012100020366,4.253722105078502,True,5,0.02
monthly_mixed_frequency_kalman_em,exact,2024:Q1:pre_third:exact,2024-06-26,pre_third,2024:Q1,M,A,-0.040990649189373445,0.0,0.057836012100020366,4.253722105078502,True,5,0.02
monthly_mixed_frequency_kalman_em,exact,2024:Q1:pre_third:exact,2024-06-26,pre_third,2024:Q1,M,M,4.24821237935053,0.0,0.057836012100020366,4.253722105078502,True,5,0.02
monthly_mixed_frequency_kalman_em,exact,2024:Q1:pre_third:exact,2024-06-26,pre_third,2024:Q1,M,S,0.061680809008802844,0.0,0.057836012100020366,4.253722105078502,True,5,0.02
monthly_mixed_frequency_kalman_em,exact,2024:Q1:pre_third:exact,2024-06-26,pre_third,2024:Q1,M,T,0.13012844780758706,0.0,0.057836012100020366,4.253722105078502,True,5,0.02
monthly_mixed_frequency_kalman_em,exact,2024:Q1:pre_third:exact,2024-06-26,pre_third,2024:Q1,S,A,0.029669166328489975,0.0,0.057836012100020366,4.253722105078502,True,5,0.02
monthly_mixed_frequency_kalman_em,exact,2024:Q1:pre_third:exact,2024-06-26,pre_third,2024:Q1,S,M,0.061680809008802844,0.0,0.057836012100020366,4.253722105078502,True,5,0.02
monthly_mixed_frequency_kalman_em,exact,2024:Q1:pre_third:exact,2024-06-26,pre_third,2024:Q1,S,S,0.09581974998372515,0.0,0.057836012100020366,4.253722105078502,True,5,0.02
monthly_mixed_frequency_kalman_em,exact,2024:Q1:pre_third:exact,2024-06-26,pre_third,2024:Q1,S,T,0.05367789833872462,0.0,0.057836012100020366,4.253722105078502,True,5,0.02
monthly_mixed_frequency_kalman_em,exact,2024:Q1:pre_third:exact,2024-06-26,pre_third,2024:Q1,T,A,-0.008872551226708263,0.0,0.057836012100020366,4.253722105078502,True,5,0.02
monthly_mixed_frequency_kalman_em,exact,2024:Q1:pre_third:exact,2024-06-26,pre_third,2024:Q1,T,M,0.13012844780758706,0.0,0.057836012100020366,4.253722105078502,True,5,0.02
monthly_mixed_frequency_kalman_em,exact,2024:Q1:pre_third:exact,2024-06-26,pre_third,2024:Q1,T,S,0.05367789833872462,0.0,0.057836012100020366,4.253722105078502,True,5,0.02
monthly_mixed_frequency_kalman_em,exact,2024:Q1:pre_third:exact,2024-06-26,pre_third,2024:Q1,T,T,0.1456148389049731,0.0,0.057836012100020366,4.253722105078502,True,5,0.02
revision_dfm_kalman_em,exact,2024:Q1:pre_third:exact,2024-06-26,pre_third,2024:Q1,A,A,0.2252223016061827,1.734723475976807e-18,0.04162222060781292,4.078566084152416,True,5,0.02
revision_dfm_kalman_em,exact,2024:Q1:pre_third:exact,2024-06-26,pre_third,2024:Q1,A,M,0.0061152549463512,1.734723475976807e-18,0.04162222060781292,4.078566084152416,True,5,0.02
revision_dfm_kalman_em,exact,2024:Q1:pre_third:exact,2024-06-26,pre_third,2024:Q1,A,S,0.009755171226303204,1.734723475976807e-18,0.04162222060781292,4.078566084152416,True,5,0.02
revision_dfm_kalman_em,exact,2024:Q1:pre_third:exact,2024-06-26,pre_third,2024:Q1,A,T,0.007571221458332002,1.734723475976807e-18,0.04162222060781292,4.078566084152416,True,5,0.02
revision_dfm_kalman_em,exact,2024:Q1:pre_third:exact,2024-06-26,pre_third,2024:Q1,M,A,0.0061152549463512,1.734723475976807e-18,0.04162222060781292,4.078566084152416,True,5,0.02
revision_dfm_kalman_em,exact,2024:Q1:pre_third:exact,2024-06-26,pre_third,2024:Q1,M,M,4.078265657317752,1.734723475976807e-18,0.04162222060781292,4.078566084152416,True,5,0.02
revision_dfm_kalman_em,exact,2024:Q1:pre_third:exact,2024-06-26,pre_third,2024:Q1,M,S,0.023697417540720897,1.734723475976807e-18,0.04162222060781292,4.078566084152416,True,5,0.02
revision_dfm_kalman_em,exact,2024:Q1:pre_third:exact,2024-06-26,pre_third,2024:Q1,M,T,0.024252643727911513,1.734723475976807e-18,0.04162222060781292,4.078566084152416,True,5,0.02
revision_dfm_kalman_em,exact,2024:Q1:pre_third:exact,2024-06-26,pre_third,2024:Q1,S,A,0.009755171226303205,1.734723475976807e-18,0.04162222060781292,4.078566084152416,True,5,0.02
revision_dfm_kalman_em,exact,2024:Q1:pre_third:exact,2024-06-26,pre_third,2024:Q1,S,M,0.023697417540720897,1.734723475976807e-18,0.04162222060781292,4.078566084152416,True,5,0.02
revision_dfm_kalman_em,exact,2024:Q1:pre_third:exact,2024-06-26,pre_third,2024:Q1,S,S,0.047581991512721994,1.734723475976807e-18,0.04162222060781292,4.078566084152416,True,5,0.02
revision_dfm_kalman_em,exact,2024:Q1:pre_third:exact,2024-06-26,pre_third,2024:Q1,S,T,0.02341857261443254,1.734723475976807e-18,0.04162222060781292,4.078566084152416,True,5,0.02
revision_dfm_kalman_em,exact,2024:Q1:pre_third:exact,2024-06-26,pre_third,2024:Q1,T,A,0.007571221458332001,1.734723475976807e-18,0.04162222060781292,4.078566084152416,True,5,0.02
revision_dfm_kalman_em,exact,2024:Q1:pre_third:exact,2024-06-26,pre_third,2024:Q1,T,M,0.024252643727911513,1.734723475976807e-18,0.04162222060781292,4.078566084152416,True,5,0.02
revision_dfm_kalman_em,exact,2024:Q1:pre_third:exact,2024-06-26,pre_third,2024:Q1,T,S,0.02341857261443254,1.734723475976807e-18,0.04162222060781292,4.078566084152416,True,5,0.02
revision_dfm_kalman_em,exact,2024:Q1:pre_third:exact,2024-06-26,pre_third,2024:Q1,T,T,0.14071271375440617,1.734723475976807e-18,0.04162222060781292,4.078566084152416,True,5,0.02
indicator_revision_only_dfm_kalman_em,pseudo,2024:Q1:pre_third:pseudo,2024-06-30,pre_third,2024:Q1,A,A,0.4053702770552047,0.0,0.03132556941816221,4.074072721122857,True,5,0.02
indicator_revision_only_dfm_kalman_em,pseudo,2024:Q1:pre_third:pseudo,2024-06-30,pre_third,2024:Q1,A,M,0.0167917850551405,0.0,0.03132556941816221,4.074072721122857,True,5,0.02
indicator_revision_only_dfm_kalman_em,pseudo,2024:Q1:pre_third:pseudo,2024-06-30,pre_third,2024:Q1,A,S,0.0167917850551405,0.0,0.03132556941816221,4.074072721122857,True,5,0.02
indicator_revision_only_dfm_kalman_em,pseudo,2024:Q1:pre_third:pseudo,2024-06-30,pre_third,2024:Q1,A,T,0.0167917850551405,0.0,0.03132556941816221,4.074072721122857,True,5,0.02
indicator_revision_only_dfm_kalman_em,pseudo,2024:Q1:pre_third:pseudo,2024-06-30,pre_third,2024:Q1,M,A,0.0167917850551405,0.0,0.03132556941816221,4.074072721122857,True,5,0.02
indicator_revision_only_dfm_kalman_em,pseudo,2024:Q1:pre_third:pseudo,2024-06-30,pre_third,2024:Q1,M,M,4.073852434238062,0.0,0.03132556941816221,4.074072721122857,True,5,0.02
indicator_revision_only_dfm_kalman_em,pseudo,2024:Q1:pre_third:pseudo,2024-06-30,pre_third,2024:Q1,M,S,0.0167917850551405,0.0,0.03132556941816221,4.074072721122857,True,5,0.02
indicator_revision_only_dfm_kalman_em,pseudo,2024:Q1:pre_third:pseudo,2024-06-30,pre_third,2024:Q1,M,T,0.0167917850551405,0.0,0.03132556941816221,4.074072721122857,True,5,0.02
indicator_revision_only_dfm_kalman_em,pseudo,2024:Q1:pre_third:pseudo,2024-06-30,pre_third,2024:Q1,S,A,0.0167917850551405,0.0,0.03132556941816221,4.074072721122857,True,5,0.02
indicator_revision_only_dfm_kalman_em,pseudo,2024:Q1:pre_third:pseudo,2024-06-30,pre_third,2024:Q1,S,M,0.0167917850551405,0.0,0.03132556941816221,4.074072721122857,True,5,0.02
indicator_revision_only_dfm_kalman_em,pseudo,2024:Q1:pre_third:pseudo,2024-06-30,pre_third,2024:Q1,S,S,0.034450197565513596,0.0,0.03132556941816221,4.074072721122857,True,5,0.02
indicator_revision_only_dfm_kalman_em,pseudo,2024:Q1:pre_third:pseudo,2024-06-30,pre_third,2024:Q1,S,T,0.0167917850551405,0.0,0.03132556941816221,4.074072721122857,True,5,0.02
indicator_revision_only_dfm_kalman_em,pseudo,2024:Q1:pre_third:pseudo,2024-06-30,pre_third,2024:Q1,T,A,0.0167917850551405,0.0,0.03132556941816221,4.074072721122857,True,5,0.02
indicator_revision_only_dfm_kalman_em,pseudo,2024:Q1:pre_third:pseudo,2024-06-30,pre_third,2024:Q1,T,M,0.0167917850551405,0.0,0.03132556941816221,4.074072721122857,True,5,0.02
indicator_revision_only_dfm_kalman_em,pseudo,2024:Q1:pre_third:pseudo,2024-06-30,pre_third,2024:Q1,T,S,0.0167917850551405,0.0,0.03132556941816221,4.074072721122857,True,5,0.02
indicator_revision_only_dfm_kalman_em,pseudo,2024:Q1:pre_third:pseudo,2024-06-30,pre_third,2024:Q1,T,T,0.14274588088587126,0.0,0.03132556941816221,4.074072721122857,True,5,0.02
joint_indicator_revision_dfm_full_kalman_em,pseudo,2024:Q1:pre_third:pseudo,2024-06-30,pre_third,2024:Q1,A,A,0.21734041142035504,3.469446951953614e-18,0.03649795258693959,4.08161668521619,True,5,0.02
joint_indicator_revision_dfm_full_kalman_em,pseudo,2024:Q1:pre_third:pseudo,2024-06-30,pre_third,2024:Q1,A,M,0.00574691152193818,3.469446951953614e-18,0.03649795258693959,4.08161668521619,True,5,0.02
joint_indicator_revision_dfm_full_kalman_em,pseudo,2024:Q1:pre_third:pseudo,2024-06-30,pre_third,2024:Q1,A,S,0.00903804266247628,3.469446951953614e-18,0.03649795258693959,4.08161668521619,True,5,0.02
joint_indicator_revision_dfm_full_kalman_em,pseudo,2024:Q1:pre_third:pseudo,2024-06-30,pre_third,2024:Q1,A,T,0.00706336397815342,3.469446951953614e-18,0.03649795258693959,4.08161668521619,True,5,0.02
joint_indicator_revision_dfm_full_kalman_em,pseudo,2024:Q1:pre_third:pseudo,2024-06-30,pre_third,2024:Q1,M,A,0.00574691152193818,3.469446951953614e-18,0.03649795258693959,4.08161668521619,True,5,0.02
joint_indicator_revision_dfm_full_kalman_em,pseudo,2024:Q1:pre_third:pseudo,2024-06-30,pre_third,2024:Q1,M,M,4.081394595400746,3.469446951953614e-18,0.03649795258693959,4.08161668521619,True,5,0.02
joint_indicator_revision_dfm_full_kalman_em,pseudo,2024:Q1:pre_third:pseudo,2024-06-30,pre_third,2024:Q1,M,S,0.020343110484473025,3.469446951953614e-18,0.03649795258693959,4.08161668521619,True,5,0.02
joint_indicator_revision_dfm_full_kalman_em,pseudo,2024:Q1:pre_third:pseudo,2024-06-30,pre_third,2024:Q1,M,T,0.02080404308328991,3.469446951953614e-18,0.03649795258693959,4.08161668521619,True,5,0.02
joint_indicator_revision_dfm_full_kalman_em,pseudo,2024:Q1:pre_third:pseudo,2024-06-30,pre_third,2024:Q1,S,A,0.009038042662476282,3.469446951953614e-18,0.03649795258693959,4.08161668521619,True,5,0.02
joint_indicator_revision_dfm_full_kalman_em,pseudo,2024:Q1:pre_third:pseudo,2024-06-30,pre_third,2024:Q1,S,M,0.020343110484473025,3.469446951953614e-18,0.03649795258693959,4.08161668521619,True,5,0.02
joint_indicator_revision_dfm_full_kalman_em,pseudo,2024:Q1:pre_third:pseudo,2024-06-30,pre_third,2024:Q1,S,S,0.04079927256096088,3.469446951953614e-18,0.03649795258693959,4.08161668521619,True,5,0.02
joint_indicator_revision_dfm_full_kalman_em,pseudo,2024:Q1:pre_third:pseudo,2024-06-30,pre_third,2024:Q1,S,T,0.02011700912803309,3.469446951953614e-18,0.03649795258693959,4.08161668521619,True,5,0.02
joint_indicator_revision_dfm_full_kalman_em,pseudo,2024:Q1:pre_third:pseudo,2024-06-30,pre_third,2024:Q1,T,A,0.00706336397815342,3.469446951953614e-18,0.03649795258693959,4.08161668521619,True,5,0.02
joint_indicator_revision_dfm_full_kalman_em,pseudo,2024:Q1:pre_third:pseudo,2024-06-30,pre_third,2024:Q1,T,M,0.02080404308328991,3.469446951953614e-18,0.03649795258693959,4.08161668521619,True,5,0.02
joint_indicator_revision_dfm_full_kalman_em,pseudo,2024:Q1:pre_third:pseudo,2024-06-30,pre_third,2024:Q1,T,S,0.020117009128033086,3.469446951953614e-18,0.03649795258693959,4.08161668521619,True,5,0.02
joint_indicator_revision_dfm_full_kalman_em,pseudo,2024:Q1:pre_third:pseudo,2024-06-30,pre_third,2024:Q1,T,T,0.13996510019428132,3.469446951953614e-18,0.03649795258693959,4.08161668521619,True,5,0.02
monthly_mixed_frequency_kalman_em,pseudo,2024:Q1:pre_third:pseudo,2024-06-30,pre_third,2024:Q1,A,A,0.2997557271905836,0.0,0.057885434899172104,4.253922310172373,True,5,0.02
monthly_mixed_frequency_kalman_em,pseudo,2024:Q1:pre_third:pseudo,2024-06-30,pre_third,2024:Q1,A,M,-0.04004652936653829,0.0,0.057885434899172104,4.253922310172373,True,5,0.02
monthly_mixed_frequency_kalman_em,pseudo,2024:Q1:pre_third:pseudo,2024-06-30,pre_third,2024:Q1,A,S,0.029885476597323418,0.0,0.057885434899172104,4.253922310172373,True,5,0.02
monthly_mixed_frequency_kalman_em,pseudo,2024:Q1:pre_third:pseudo,2024-06-30,pre_third,2024:Q1,A,T,-0.008259253928419337,0.0,0.057885434899172104,4.253922310172373,True,5,0.02
monthly_mixed_frequency_kalman_em,pseudo,2024:Q1:pre_third:pseudo,2024-06-30,pre_third,2024:Q1,M,A,-0.04004652936653829,0.0,0.057885434899172104,4.253922310172373,True,5,0.02
monthly_mixed_frequency_kalman_em,pseudo,2024:Q1:pre_third:pseudo,2024-06-30,pre_third,2024:Q1,M,M,4.248453658744761,0.0,0.057885434899172104,4.253922310172373,True,5,0.02
monthly_mixed_frequency_kalman_em,pseudo,2024:Q1:pre_third:pseudo,2024-06-30,pre_third,2024:Q1,M,S,0.06182202544923393,0.0,0.057885434899172104,4.253922310172373,True,5,0.02
monthly_mixed_frequency_kalman_em,pseudo,2024:Q1:pre_third:pseudo,2024-06-30,pre_third,2024:Q1,M,T,0.12973439532641542,0.0,0.057885434899172104,4.253922310172373,True,5,0.02
monthly_mixed_frequency_kalman_em,pseudo,2024:Q1:pre_third:pseudo,2024-06-30,pre_third,2024:Q1,S,A,0.029885476597323418,0.0,0.057885434899172104,4.253922310172373,True,5,0.02
monthly_mixed_frequency_kalman_em,pseudo,2024:Q1:pre_third:pseudo,2024-06-30,pre_third,2024:Q1,S,M,0.06182202544923393,0.0,0.057885434899172104,4.253922310172373,True,5,0.02
monthly_mixed_frequency_kalman_em,pseudo,2024:Q1:pre_third:pseudo,2024-06-30,pre_third,2024:Q1,S,S,0.09624872487908823,0.0,0.057885434899172104,4.253922310172373,True,5,0.02
monthly_mixed_frequency_kalman_em,pseudo,2024:Q1:pre_third:pseudo,2024-06-30,pre_third,2024:Q1,S,T,0.05383788823625631,0.0,0.057885434899172104,4.253922310172373,True,5,0.02
monthly_mixed_frequency_kalman_em,pseudo,2024:Q1:pre_third:pseudo,2024-06-30,pre_third,2024:Q1,T,A,-0.008259253928419337,0.0,0.057885434899172104,4.253922310172373,True,5,0.02
monthly_mixed_frequency_kalman_em,pseudo,2024:Q1:pre_third:pseudo,2024-06-30,pre_third,2024:Q1,T,M,0.12973439532641542,0.0,0.057885434899172104,4.253922310172373,True,5,0.02
monthly_mixed_frequency_kalman_em,pseudo,2024:Q1:pre_third:pseudo,2024-06-30,pre_third,2024:Q1,T,S,0.05383788823625631,0.0,0.057885434899172104,4.253922310172373,True,5,0.02
monthly_mixed_frequency_kalman_em,pseudo,2024:Q1:pre_third:pseudo,2024-06-30,pre_third,2024:Q1,T,T,0.14509567105884083,0.0,0.057885434899172104,4.253922310172373,True,5,0.02
revision_dfm_kalman_em,pseudo,2024:Q1:pre_third:pseudo,2024-06-30,pre_third,2024:Q1,A,A,0.22457878729565756,3.469446951953614e-18,0.04165467201318455,4.0786281554805175,True,5,0.02
revision_dfm_kalman_em,pseudo,2024:Q1:pre_third:pseudo,2024-06-30,pre_third,2024:Q1,A,M,0.006063870345455317,3.469446951953614e-18,0.04165467201318455,4.0786281554805175,True,5,0.02
revision_dfm_kalman_em,pseudo,2024:Q1:pre_third:pseudo,2024-06-30,pre_third,2024:Q1,A,S,0.00970637187919712,3.469446951953614e-18,0.04165467201318455,4.0786281554805175,True,5,0.02
revision_dfm_kalman_em,pseudo,2024:Q1:pre_third:pseudo,2024-06-30,pre_third,2024:Q1,A,T,0.007520870958952037,3.469446951953614e-18,0.04165467201318455,4.0786281554805175,True,5,0.02
revision_dfm_kalman_em,pseudo,2024:Q1:pre_third:pseudo,2024-06-30,pre_third,2024:Q1,M,A,0.006063870345455317,3.469446951953614e-18,0.04165467201318455,4.0786281554805175,True,5,0.02
revision_dfm_kalman_em,pseudo,2024:Q1:pre_third:pseudo,2024-06-30,pre_third,2024:Q1,M,M,4.078327244428706,3.469446951953614e-18,0.04165467201318455,4.0786281554805175,True,5,0.02
revision_dfm_kalman_em,pseudo,2024:Q1:pre_third:pseudo,2024-06-30,pre_third,2024:Q1,M,S,0.023723185664670375,3.469446951953614e-18,0.04165467201318455,4.0786281554805175,True,5,0.02
revision_dfm_kalman_em,pseudo,2024:Q1:pre_third:pseudo,2024-06-30,pre_third,2024:Q1,M,T,0.024280848253698216,3.469446951953614e-18,0.04165467201318455,4.0786281554805175,True,5,0.02
revision_dfm_kalman_em,pseudo,2024:Q1:pre_third:pseudo,2024-06-30,pre_third,2024:Q1,S,A,0.00970637187919712,3.469446951953614e-18,0.04165467201318455,4.0786281554805175,True,5,0.02
revision_dfm_kalman_em,pseudo,2024:Q1:pre_third:pseudo,2024-06-30,pre_third,2024:Q1,S,M,0.023723185664670375,3.469446951953614e-18,0.04165467201318455,4.0786281554805175,True,5,0.02
revision_dfm_kalman_em,pseudo,2024:Q1:pre_third:pseudo,2024-06-30,pre_third,2024:Q1,S,S,0.04762654204033754,3.469446951953614e-18,0.04165467201318455,4.0786281554805175,True,5,0.02
revision_dfm_kalman_em,pseudo,2024:Q1:pre_third:pseudo,2024-06-30,pre_third,2024:Q1,S,T,0.02344284938896091,3.469446951953614e-18,0.04165467201318455,4.0786281554805175,True,5,0.02
revision_dfm_kalman_em,pseudo,2024:Q1:pre_third:pseudo,2024-06-30,pre_third,2024:Q1,T,A,0.0075208709589520365,3.469446951953614e-18,0.04165467201318455,4.0786281554805175,True,5,0.02
revision_dfm_kalman_em,pseudo,2024:Q1:pre_third:pseudo,2024-06-30,pre_third,2024:Q1,T,M,0.024280848253698216,3.469446951953614e-18,0.04165467201318455,4.0786281554805175,True,5,0.02
revision_dfm_kalman_em,pseudo,2024:Q1:pre_third:pseudo,2024-06-30,pre_third,2024:Q1,T,S,0.023442849388960907,3.469446951953614e-18,0.04165467201318455,4.0786281554805175,True,5,0.02
revision_dfm_kalman_em,pseudo,2024:Q1:pre_third:pseudo,2024-06-30,pre_third,2024:Q1,T,T,0.14069714250548512,3.469446951953614e-18,0.04165467201318455,4.0786281554805175,True,5,0.02
indicator_revision_only_dfm_kalman_em,exact,2024:Q2:pre_advance:exact,2024-07-24,pre_advance,2024:Q2,A,A,3.84833449343111,0.0,0.06567949037642681,15.212242360414653,True,5,0.02
indicator_revision_only_dfm_kalman_em,exact,2024:Q2:pre_advance:exact,2024-07-24,pre_advance,2024:Q2,A,M,3.4590497949141867,0.0,0.06567949037642681,15.212242360414653,True,5,0.02
indicator_revision_only_dfm_kalman_em,exact,2024:Q2:pre_advance:exact,2024-07-24,pre_advance,2024:Q2,A,S,3.4590497949141867,0.0,0.06567949037642681,15.212242360414653,True,5,0.02
indicator_revision_only_dfm_kalman_em,exact,2024:Q2:pre_advance:exact,2024-07-24,pre_advance,2024:Q2,A,T,3.4590497949141867,0.0,0.06567949037642681,15.212242360414653,True,5,0.02
indicator_revision_only_dfm_kalman_em,exact,2024:Q2:pre_advance:exact,2024-07-24,pre_advance,2024:Q2,M,A,3.4590497949141867,0.0,0.06567949037642681,15.212242360414653,True,5,0.02
indicator_revision_only_dfm_kalman_em,exact,2024:Q2:pre_advance:exact,2024-07-24,pre_advance,2024:Q2,M,M,7.503083776202361,0.0,0.06567949037642681,15.212242360414653,True,5,0.02
indicator_revision_only_dfm_kalman_em,exact,2024:Q2:pre_advance:exact,2024-07-24,pre_advance,2024:Q2,M,S,3.4590497949141867,0.0,0.06567949037642681,15.212242360414653,True,5,0.02
indicator_revision_only_dfm_kalman_em,exact,2024:Q2:pre_advance:exact,2024-07-24,pre_advance,2024:Q2,M,T,3.4590497949141867,0.0,0.06567949037642681,15.212242360414653,True,5,0.02
indicator_revision_only_dfm_kalman_em,exact,2024:Q2:pre_advance:exact,2024-07-24,pre_advance,2024:Q2,S,A,3.4590497949141867,0.0,0.06567949037642681,15.212242360414653,True,5,0.02
indicator_revision_only_dfm_kalman_em,exact,2024:Q2:pre_advance:exact,2024-07-24,pre_advance,2024:Q2,S,M,3.4590497949141867,0.0,0.06567949037642681,15.212242360414653,True,5,0.02
indicator_revision_only_dfm_kalman_em,exact,2024:Q2:pre_advance:exact,2024-07-24,pre_advance,2024:Q2,S,S,3.474440651245639,0.0,0.06567949037642681,15.212242360414653,True,5,0.02
indicator_revision_only_dfm_kalman_em,exact,2024:Q2:pre_advance:exact,2024-07-24,pre_advance,2024:Q2,S,T,3.4590497949141867,0.0,0.06567949037642681,15.212242360414653,True,5,0.02
indicator_revision_only_dfm_kalman_em,exact,2024:Q2:pre_advance:exact,2024-07-24,pre_advance,2024:Q2,T,A,3.4590497949141867,0.0,0.06567949037642681,15.212242360414653,True,5,0.02
indicator_revision_only_dfm_kalman_em,exact,2024:Q2:pre_advance:exact,2024-07-24,pre_advance,2024:Q2,T,M,3.4590497949141867,0.0,0.06567949037642681,15.212242360414653,True,5,0.02
indicator_revision_only_dfm_kalman_em,exact,2024:Q2:pre_advance:exact,2024-07-24,pre_advance,2024:Q2,T,S,3.4590497949141867,0.0,0.06567949037642681,15.212242360414653,True,5,0.02
indicator_revision_only_dfm_kalman_em,exact,2024:Q2:pre_advance:exact,2024-07-24,pre_advance,2024:Q2,T,T,3.586250456650128,0.0,0.06567949037642681,15.212242360414653,True,5,0.02
joint_indicator_revision_dfm_full_kalman_em,exact,2024:Q2:pre_advance:exact,2024-07-24,pre_advance,2024:Q2,A,A,2.8300504827637236,0.0,0.06374602675249752,15.17244768505359,True,5,0.02
joint_indicator_revision_dfm_full_kalman_em,exact,2024:Q2:pre_advance:exact,2024-07-24,pre_advance,2024:Q2,A,M,3.1013894775754705,0.0,0.06374602675249752,15.17244768505359,True,5,0.02
joint_indicator_revision_dfm_full_kalman_em,exact,2024:Q2:pre_advance:exact,2024-07-24,pre_advance,2024:Q2,A,S,3.0786422352679224,0.0,0.06374602675249752,15.17244768505359,True,5,0.02
joint_indicator_revision_dfm_full_kalman_em,exact,2024:Q2:pre_advance:exact,2024-07-24,pre_advance,2024:Q2,A,T,3.092290580652451,0.0,0.06374602675249752,15.17244768505359,True,5,0.02
joint_indicator_revision_dfm_full_kalman_em,exact,2024:Q2:pre_advance:exact,2024-07-24,pre_advance,2024:Q2,M,A,3.1013894775754705,0.0,0.06374602675249752,15.17244768505359,True,5,0.02
joint_indicator_revision_dfm_full_kalman_em,exact,2024:Q2:pre_advance:exact,2024-07-24,pre_advance,2024:Q2,M,M,7.800280233238426,0.0,0.06374602675249752,15.17244768505359,True,5,0.02
joint_indicator_revision_dfm_full_kalman_em,exact,2024:Q2:pre_advance:exact,2024-07-24,pre_advance,2024:Q2,M,S,3.717467458445571,0.0,0.06374602675249752,15.17244768505359,True,5,0.02
joint_indicator_revision_dfm_full_kalman_em,exact,2024:Q2:pre_advance:exact,2024-07-24,pre_advance,2024:Q2,M,T,3.736922552578311,0.0,0.06374602675249752,15.17244768505359,True,5,0.02
joint_indicator_revision_dfm_full_kalman_em,exact,2024:Q2:pre_advance:exact,2024-07-24,pre_advance,2024:Q2,S,A,3.0786422352679224,0.0,0.06374602675249752,15.17244768505359,True,5,0.02
joint_indicator_revision_dfm_full_kalman_em,exact,2024:Q2:pre_advance:exact,2024-07-24,pre_advance,2024:Q2,S,M,3.717467458445571,0.0,0.06374602675249752,15.17244768505359,True,5,0.02
joint_indicator_revision_dfm_full_kalman_em,exact,2024:Q2:pre_advance:exact,2024-07-24,pre_advance,2024:Q2,S,S,3.7035304377835727,0.0,0.06374602675249752,15.17244768505359,True,5,0.02
joint_indicator_revision_dfm_full_kalman_em,exact,2024:Q2:pre_advance:exact,2024-07-24,pre_advance,2024:Q2,S,T,3.704690953982018,0.0,0.06374602675249752,15.17244768505359,True,5,0.02
joint_indicator_revision_dfm_full_kalman_em,exact,2024:Q2:pre_advance:exact,2024-07-24,pre_advance,2024:Q2,T,A,3.092290580652451,0.0,0.06374602675249752,15.17244768505359,True,5,0.02
joint_indicator_revision_dfm_full_kalman_em,exact,2024:Q2:pre_advance:exact,2024-07-24,pre_advance,2024:Q2,T,M,3.736922552578311,0.0,0.06374602675249752,15.17244768505359,True,5,0.02
joint_indicator_revision_dfm_full_kalman_em,exact,2024:Q2:pre_advance:exact,2024-07-24,pre_advance,2024:Q2,T,S,3.704690953982018,0.0,0.06374602675249752,15.17244768505359,True,5,0.02
joint_indicator_revision_dfm_full_kalman_em,exact,2024:Q2:pre_advance:exact,2024-07-24,pre_advance,2024:Q2,T,T,3.845835413717246,0.0,0.06374602675249752,15.17244768505359,True,5,0.02
monthly_mixed_frequency_kalman_em,exact,2024:Q2:pre_advance:exact,2024-07-24,pre_advance,2024:Q2,A,A,4.506653910650042,0.0,0.06085173465675799,18.73351397744992,True,5,0.02
monthly_mixed_frequency_kalman_em,exact,2024:Q2:pre_advance:exact,2024-07-24,pre_advance,2024:Q2,A,M,4.21396243808086,0.0,0.06085173465675799,18.73351397744992,True,5,0.02
monthly_mixed_frequency_kalman_em,exact,2024:Q2:pre_advance:exact,2024-07-24,pre_advance,2024:Q2,A,S,4.257525936979976,0.0,0.06085173465675799,18.73351397744992,True,5,0.02
monthly_mixed_frequency_kalman_em,exact,2024:Q2:pre_advance:exact,2024-07-24,pre_advance,2024:Q2,A,T,4.233764028489549,0.0,0.06085173465675799,18.73351397744992,True,5,0.02
monthly_mixed_frequency_kalman_em,exact,2024:Q2:pre_advance:exact,2024-07-24,pre_advance,2024:Q2,M,A,4.21396243808086,0.0,0.06085173465675799,18.73351397744992,True,5,0.02
monthly_mixed_frequency_kalman_em,exact,2024:Q2:pre_advance:exact,2024-07-24,pre_advance,2024:Q2,M,M,8.662547855017952,0.0,0.06085173465675799,18.73351397744992,True,5,0.02
monthly_mixed_frequency_kalman_em,exact,2024:Q2:pre_advance:exact,2024-07-24,pre_advance,2024:Q2,M,S,4.3962921826165555,0.0,0.06085173465675799,18.73351397744992,True,5,0.02
monthly_mixed_frequency_kalman_em,exact,2024:Q2:pre_advance:exact,2024-07-24,pre_advance,2024:Q2,M,T,4.517845345640353,0.0,0.06085173465675799,18.73351397744992,True,5,0.02
monthly_mixed_frequency_kalman_em,exact,2024:Q2:pre_advance:exact,2024-07-24,pre_advance,2024:Q2,S,A,4.257525936979976,0.0,0.06085173465675799,18.73351397744992,True,5,0.02
monthly_mixed_frequency_kalman_em,exact,2024:Q2:pre_advance:exact,2024-07-24,pre_advance,2024:Q2,S,M,4.3962921826165555,0.0,0.06085173465675799,18.73351397744992,True,5,0.02
monthly_mixed_frequency_kalman_em,exact,2024:Q2:pre_advance:exact,2024-07-24,pre_advance,2024:Q2,S,S,4.37177276005579,0.0,0.06085173465675799,18.73351397744992,True,5,0.02
monthly_mixed_frequency_kalman_em,exact,2024:Q2:pre_advance:exact,2024-07-24,pre_advance,2024:Q2,S,T,4.361600621207411,0.0,0.06085173465675799,18.73351397744992,True,5,0.02
monthly_mixed_frequency_kalman_em,exact,2024:Q2:pre_advance:exact,2024-07-24,pre_advance,2024:Q2,T,A,4.233764028489549,0.0,0.06085173465675799,18.73351397744992,True,5,0.02
monthly_mixed_frequency_kalman_em,exact,2024:Q2:pre_advance:exact,2024-07-24,pre_advance,2024:Q2,T,M,4.517845345640353,0.0,0.06085173465675799,18.73351397744992,True,5,0.02
monthly_mixed_frequency_kalman_em,exact,2024:Q2:pre_advance:exact,2024-07-24,pre_advance,2024:Q2,T,S,4.361600621207411,0.0,0.06085173465675799,18.73351397744992,True,5,0.02
monthly_mixed_frequency_kalman_em,exact,2024:Q2:pre_advance:exact,2024-07-24,pre_advance,2024:Q2,T,T,4.496567353902712,0.0,0.06085173465675799,18.73351397744992,True,5,0.02
revision_dfm_kalman_em,exact,2024:Q2:pre_advance:exact,2024-07-24,pre_advance,2024:Q2,A,A,2.9567776047340164,4.440892098500626e-16,0.06561458990673924,14.765641718516568,True,5,0.02
revision_dfm_kalman_em,exact,2024:Q2:pre_advance:exact,2024-07-24,pre_advance,2024:Q2,A,M,3.0771170855724983,4.440892098500626e-16,0.06561458990673924,14.765641718516568,True,5,0.02
revision_dfm_kalman_em,exact,2024:Q2:pre_advance:exact,2024-07-24,pre_advance,2024:Q2,A,S,3.0638391306145403,4.440892098500626e-16,0.06561458990673924,14.765641718516568,True,5,0.02
revision_dfm_kalman_em,exact,2024:Q2:pre_advance:exact,2024-07-24,pre_advance,2024:Q2,A,T,3.0718059035893153,4.440892098500626e-16,0.06561458990673924,14.765641718516568,True,5,0.02
revision_dfm_kalman_em,exact,2024:Q2:pre_advance:exact,2024-07-24,pre_advance,2024:Q2,M,A,3.0771170855724983,4.440892098500626e-16,0.06561458990673924,14.765641718516568,True,5,0.02
revision_dfm_kalman_em,exact,2024:Q2:pre_advance:exact,2024-07-24,pre_advance,2024:Q2,M,M,7.619081839805273,4.440892098500626e-16,0.06561458990673924,14.765641718516568,True,5,0.02
revision_dfm_kalman_em,exact,2024:Q2:pre_advance:exact,2024-07-24,pre_advance,2024:Q2,M,S,3.557693821280653,4.440892098500626e-16,0.06561458990673924,14.765641718516568,True,5,0.02
revision_dfm_kalman_em,exact,2024:Q2:pre_advance:exact,2024-07-24,pre_advance,2024:Q2,M,T,3.572869928724068,4.440892098500626e-16,0.06561458990673924,14.765641718516568,True,5,0.02
revision_dfm_kalman_em,exact,2024:Q2:pre_advance:exact,2024-07-24,pre_advance,2024:Q2,S,A,3.0638391306145403,4.440892098500626e-16,0.06561458990673924,14.765641718516568,True,5,0.02
revision_dfm_kalman_em,exact,2024:Q2:pre_advance:exact,2024-07-24,pre_advance,2024:Q2,S,M,3.557693821280653,4.440892098500626e-16,0.06561458990673924,14.765641718516568,True,5,0.02
revision_dfm_kalman_em,exact,2024:Q2:pre_advance:exact,2024-07-24,pre_advance,2024:Q2,S,S,3.557655445286578,4.440892098500626e-16,0.06561458990673924,14.765641718516568,True,5,0.02
revision_dfm_kalman_em,exact,2024:Q2:pre_advance:exact,2024-07-24,pre_advance,2024:Q2,S,T,3.547816727467331,4.440892098500626e-16,0.06561458990673924,14.765641718516568,True,5,0.02
revision_dfm_kalman_em,exact,2024:Q2:pre_advance:exact,2024-07-24,pre_advance,2024:Q2,T,A,3.071805903589315,4.440892098500626e-16,0.06561458990673924,14.765641718516568,True,5,0.02
revision_dfm_kalman_em,exact,2024:Q2:pre_advance:exact,2024-07-24,pre_advance,2024:Q2,T,M,3.572869928724068,4.440892098500626e-16,0.06561458990673924,14.765641718516568,True,5,0.02
revision_dfm_kalman_em,exact,2024:Q2:pre_advance:exact,2024-07-24,pre_advance,2024:Q2,T,S,3.5478167274673305,4.440892098500626e-16,0.06561458990673924,14.765641718516568,True,5,0.02
revision_dfm_kalman_em,exact,2024:Q2:pre_advance:exact,2024-07-24,pre_advance,2024:Q2,T,T,3.6790189797190265,4.440892098500626e-16,0.06561458990673924,14.765641718516568,True,5,0.02
indicator_revision_only_dfm_kalman_em,pseudo,2024:Q2:pre_advance:pseudo,2024-07-31,pre_advance,2024:Q2,A,A,3.8767016312672387,0.0,0.06568265718728412,15.323526112665949,True,5,0.02
indicator_revision_only_dfm_kalman_em,pseudo,2024:Q2:pre_advance:pseudo,2024-07-31,pre_advance,2024:Q2,A,M,3.4873926868890988,0.0,0.06568265718728412,15.323526112665949,True,5,0.02
indicator_revision_only_dfm_kalman_em,pseudo,2024:Q2:pre_advance:pseudo,2024-07-31,pre_advance,2024:Q2,A,S,3.4873926868890988,0.0,0.06568265718728412,15.323526112665949,True,5,0.02
indicator_revision_only_dfm_kalman_em,pseudo,2024:Q2:pre_advance:pseudo,2024-07-31,pre_advance,2024:Q2,A,T,3.4873926868890988,0.0,0.06568265718728412,15.323526112665949,True,5,0.02
indicator_revision_only_dfm_kalman_em,pseudo,2024:Q2:pre_advance:pseudo,2024-07-31,pre_advance,2024:Q2,M,A,3.4873926868890988,0.0,0.06568265718728412,15.323526112665949,True,5,0.02
indicator_revision_only_dfm_kalman_em,pseudo,2024:Q2:pre_advance:pseudo,2024-07-31,pre_advance,2024:Q2,M,M,7.5314627481773755,0.0,0.06568265718728412,15.323526112665949,True,5,0.02
indicator_revision_only_dfm_kalman_em,pseudo,2024:Q2:pre_advance:pseudo,2024-07-31,pre_advance,2024:Q2,M,S,3.4873926868890988,0.0,0.06568265718728412,15.323526112665949,True,5,0.02
indicator_revision_only_dfm_kalman_em,pseudo,2024:Q2:pre_advance:pseudo,2024-07-31,pre_advance,2024:Q2,M,T,3.4873926868890988,0.0,0.06568265718728412,15.323526112665949,True,5,0.02
indicator_revision_only_dfm_kalman_em,pseudo,2024:Q2:pre_advance:pseudo,2024-07-31,pre_advance,2024:Q2,S,A,3.4873926868890988,0.0,0.06568265718728412,15.323526112665949,True,5,0.02
indicator_revision_only_dfm_kalman_em,pseudo,2024:Q2:pre_advance:pseudo,2024-07-31,pre_advance,2024:Q2,S,M,3.4873926868890988,0.0,0.06568265718728412,15.323526112665949,True,5,0.02
indicator_revision_only_dfm_kalman_em,pseudo,2024:Q2:pre_advance:pseudo,2024-07-31,pre_advance,2024:Q2,S,S,3.5027937994643197,0.0,0.06568265718728412,15.323526112665949,True,5,0.02
indicator_revision_only_dfm_kalman_em,pseudo,2024:Q2:pre_advance:pseudo,2024-07-31,pre_advance,2024:Q2,S,T,3.4873926868890988,0.0,0.06568265718728412,15.323526112665949,True,5,0.02
indicator_revision_only_dfm_kalman_em,pseudo,2024:Q2:pre_advance:pseudo,2024-07-31,pre_advance,2024:Q2,T,A,3.4873926868890988,0.0,0.06568265718728412,15.323526112665949,True,5,0.02
indicator_revision_only_dfm_kalman_em,pseudo,2024:Q2:pre_advance:pseudo,2024-07-31,pre_advance,2024:Q2,T,M,3.4873926868890988,0.0,0.06568265718728412,15.323526112665949,True,5,0.02
indicator_revision_only_dfm_kalman_em,pseudo,2024:Q2:pre_advance:pseudo,2024-07-31,pre_advance,2024:Q2,T,S,3.4873926868890988,0.0,0.06568265718728412,15.323526112665949,True,5,0.02
indicator_revision_only_dfm_kalman_em,pseudo,2024:Q2:pre_advance:pseudo,2024-07-31,pre_advance,2024:Q2,T,T,3.614576248069062,0.0,0.06568265718728412,15.323526112665949,True,5,0.02
joint_indicator_revision_dfm_full_kalman_em,pseudo,2024:Q2:pre_advance:pseudo,2024-07-31,pre_advance,2024:Q2,A,A,2.8934736916902657,4.440892098500626e-16,0.06376907154285301,15.41923500535308,True,5,0.02
joint_indicator_revision_dfm_full_kalman_em,pseudo,2024:Q2:pre_advance:pseudo,2024-07-31,pre_advance,2024:Q2,A,M,3.1654086008552875,4.440892098500626e-16,0.06376907154285301,15.41923500535308,True,5,0.02
joint_indicator_revision_dfm_full_kalman_em,pseudo,2024:Q2:pre_advance:pseudo,2024-07-31,pre_advance,2024:Q2,A,S,3.142530879520608,4.440892098500626e-16,0.06376907154285301,15.41923500535308,True,5,0.02
joint_indicator_revision_dfm_full_kalman_em,pseudo,2024:Q2:pre_advance:pseudo,2024-07-31,pre_advance,2024:Q2,A,T,3.1562575123214156,4.440892098500626e-16,0.06376907154285301,15.41923500535308,True,5,0.02
joint_indicator_revision_dfm_full_kalman_em,pseudo,2024:Q2:pre_advance:pseudo,2024-07-31,pre_advance,2024:Q2,M,A,3.1654086008552875,4.440892098500626e-16,0.06376907154285301,15.41923500535308,True,5,0.02
joint_indicator_revision_dfm_full_kalman_em,pseudo,2024:Q2:pre_advance:pseudo,2024-07-31,pre_advance,2024:Q2,M,M,7.863689178142651,4.440892098500626e-16,0.06376907154285301,15.41923500535308,True,5,0.02
joint_indicator_revision_dfm_full_kalman_em,pseudo,2024:Q2:pre_advance:pseudo,2024-07-31,pre_advance,2024:Q2,M,S,3.7811078830947253,4.440892098500626e-16,0.06376907154285301,15.41923500535308,True,5,0.02
joint_indicator_revision_dfm_full_kalman_em,pseudo,2024:Q2:pre_advance:pseudo,2024-07-31,pre_advance,2024:Q2,M,T,3.800551018323339,4.440892098500626e-16,0.06376907154285301,15.41923500535308,True,5,0.02
joint_indicator_revision_dfm_full_kalman_em,pseudo,2024:Q2:pre_advance:pseudo,2024-07-31,pre_advance,2024:Q2,S,A,3.142530879520608,4.440892098500626e-16,0.06376907154285301,15.41923500535308,True,5,0.02
joint_indicator_revision_dfm_full_kalman_em,pseudo,2024:Q2:pre_advance:pseudo,2024-07-31,pre_advance,2024:Q2,S,M,3.7811078830947253,4.440892098500626e-16,0.06376907154285301,15.41923500535308,True,5,0.02
joint_indicator_revision_dfm_full_kalman_em,pseudo,2024:Q2:pre_advance:pseudo,2024-07-31,pre_advance,2024:Q2,S,S,3.767191566828,4.440892098500626e-16,0.06376907154285301,15.41923500535308,True,5,0.02
joint_indicator_revision_dfm_full_kalman_em,pseudo,2024:Q2:pre_advance:pseudo,2024-07-31,pre_advance,2024:Q2,S,T,3.7683363430232433,4.440892098500626e-16,0.06376907154285301,15.41923500535308,True,5,0.02
joint_indicator_revision_dfm_full_kalman_em,pseudo,2024:Q2:pre_advance:pseudo,2024-07-31,pre_advance,2024:Q2,T,A,3.156257512321415,4.440892098500626e-16,0.06376907154285301,15.41923500535308,True,5,0.02
joint_indicator_revision_dfm_full_kalman_em,pseudo,2024:Q2:pre_advance:pseudo,2024-07-31,pre_advance,2024:Q2,T,M,3.800551018323339,4.440892098500626e-16,0.06376907154285301,15.41923500535308,True,5,0.02
joint_indicator_revision_dfm_full_kalman_em,pseudo,2024:Q2:pre_advance:pseudo,2024-07-31,pre_advance,2024:Q2,T,S,3.768336343023243,4.440892098500626e-16,0.06376907154285301,15.41923500535308,True,5,0.02
joint_indicator_revision_dfm_full_kalman_em,pseudo,2024:Q2:pre_advance:pseudo,2024-07-31,pre_advance,2024:Q2,T,T,3.9094911047241063,4.440892098500626e-16,0.06376907154285301,15.41923500535308,True,5,0.02
monthly_mixed_frequency_kalman_em,pseudo,2024:Q2:pre_advance:pseudo,2024-07-31,pre_advance,2024:Q2,A,A,4.505708584166486,0.0,0.06085239455590514,18.730810001379393,True,5,0.02
monthly_mixed_frequency_kalman_em,pseudo,2024:Q2:pre_advance:pseudo,2024-07-31,pre_advance,2024:Q2,A,M,4.213232868982284,0.0,0.06085239455590514,18.730810001379393,True,5,0.02
monthly_mixed_frequency_kalman_em,pseudo,2024:Q2:pre_advance:pseudo,2024-07-31,pre_advance,2024:Q2,A,S,4.256693988498184,0.0,0.06085239455590514,18.730810001379393,True,5,0.02
monthly_mixed_frequency_kalman_em,pseudo,2024:Q2:pre_advance:pseudo,2024-07-31,pre_advance,2024:Q2,A,T,4.232987923307692,0.0,0.06085239455590514,18.730810001379393,True,5,0.02
monthly_mixed_frequency_kalman_em,pseudo,2024:Q2:pre_advance:pseudo,2024-07-31,pre_advance,2024:Q2,M,A,4.213232868982284,0.0,0.06085239455590514,18.730810001379393,True,5,0.02
monthly_mixed_frequency_kalman_em,pseudo,2024:Q2:pre_advance:pseudo,2024-07-31,pre_advance,2024:Q2,M,M,8.662052404702003,0.0,0.06085239455590514,18.730810001379393,True,5,0.02
monthly_mixed_frequency_kalman_em,pseudo,2024:Q2:pre_advance:pseudo,2024-07-31,pre_advance,2024:Q2,M,S,4.395662904894262,0.0,0.06085239455590514,18.730810001379393,True,5,0.02
monthly_mixed_frequency_kalman_em,pseudo,2024:Q2:pre_advance:pseudo,2024-07-31,pre_advance,2024:Q2,M,T,4.517282928835581,0.0,0.06085239455590514,18.730810001379393,True,5,0.02
monthly_mixed_frequency_kalman_em,pseudo,2024:Q2:pre_advance:pseudo,2024-07-31,pre_advance,2024:Q2,S,A,4.256693988498184,0.0,0.06085239455590514,18.730810001379393,True,5,0.02
monthly_mixed_frequency_kalman_em,pseudo,2024:Q2:pre_advance:pseudo,2024-07-31,pre_advance,2024:Q2,S,M,4.395662904894262,0.0,0.06085239455590514,18.730810001379393,True,5,0.02
monthly_mixed_frequency_kalman_em,pseudo,2024:Q2:pre_advance:pseudo,2024-07-31,pre_advance,2024:Q2,S,S,4.371035406534678,0.0,0.06085239455590514,18.730810001379393,True,5,0.02
monthly_mixed_frequency_kalman_em,pseudo,2024:Q2:pre_advance:pseudo,2024-07-31,pre_advance,2024:Q2,S,T,4.360920675795243,0.0,0.06085239455590514,18.730810001379393,True,5,0.02
monthly_mixed_frequency_kalman_em,pseudo,2024:Q2:pre_advance:pseudo,2024-07-31,pre_advance,2024:Q2,T,A,4.232987923307692,0.0,0.06085239455590514,18.730810001379393,True,5,0.02
monthly_mixed_frequency_kalman_em,pseudo,2024:Q2:pre_advance:pseudo,2024-07-31,pre_advance,2024:Q2,T,M,4.517282928835581,0.0,0.06085239455590514,18.730810001379393,True,5,0.02
monthly_mixed_frequency_kalman_em,pseudo,2024:Q2:pre_advance:pseudo,2024-07-31,pre_advance,2024:Q2,T,S,4.360920675795243,0.0,0.06085239455590514,18.730810001379393,True,5,0.02
monthly_mixed_frequency_kalman_em,pseudo,2024:Q2:pre_advance:pseudo,2024-07-31,pre_advance,2024:Q2,T,T,4.495949920250839,0.0,0.06085239455590514,18.730810001379393,True,5,0.02
revision_dfm_kalman_em,pseudo,2024:Q2:pre_advance:pseudo,2024-07-31,pre_advance,2024:Q2,A,A,2.953262864456263,4.440892098500626e-16,0.06561478810375783,14.752759887964846,True,5,0.02
revision_dfm_kalman_em,pseudo,2024:Q2:pre_advance:pseudo,2024-07-31,pre_advance,2024:Q2,A,M,3.073705055668399,4.440892098500626e-16,0.06561478810375783,14.752759887964846,True,5,0.02
revision_dfm_kalman_em,pseudo,2024:Q2:pre_advance:pseudo,2024-07-31,pre_advance,2024:Q2,A,S,3.060421963116872,4.440892098500626e-16,0.06561478810375783,14.752759887964846,True,5,0.02
revision_dfm_kalman_em,pseudo,2024:Q2:pre_advance:pseudo,2024-07-31,pre_advance,2024:Q2,A,T,3.0683918186477883,4.440892098500626e-16,0.06561478810375783,14.752759887964846,True,5,0.02
revision_dfm_kalman_em,pseudo,2024:Q2:pre_advance:pseudo,2024-07-31,pre_advance,2024:Q2,M,A,3.073705055668399,4.440892098500626e-16,0.06561478810375783,14.752759887964846,True,5,0.02
revision_dfm_kalman_em,pseudo,2024:Q2:pre_advance:pseudo,2024-07-31,pre_advance,2024:Q2,M,M,7.6158365457051005,4.440892098500626e-16,0.06561478810375783,14.752759887964846,True,5,0.02
revision_dfm_kalman_em,pseudo,2024:Q2:pre_advance:pseudo,2024-07-31,pre_advance,2024:Q2,M,S,3.554432936915068,4.440892098500626e-16,0.06561478810375783,14.752759887964846,True,5,0.02
revision_dfm_kalman_em,pseudo,2024:Q2:pre_advance:pseudo,2024-07-31,pre_advance,2024:Q2,M,T,3.569613817375489,4.440892098500626e-16,0.06561478810375783,14.752759887964846,True,5,0.02
revision_dfm_kalman_em,pseudo,2024:Q2:pre_advance:pseudo,2024-07-31,pre_advance,2024:Q2,S,A,3.060421963116872,4.440892098500626e-16,0.06561478810375783,14.752759887964846,True,5,0.02
revision_dfm_kalman_em,pseudo,2024:Q2:pre_advance:pseudo,2024-07-31,pre_advance,2024:Q2,S,M,3.554432936915068,4.440892098500626e-16,0.06561478810375783,14.752759887964846,True,5,0.02
revision_dfm_kalman_em,pseudo,2024:Q2:pre_advance:pseudo,2024-07-31,pre_advance,2024:Q2,S,S,3.5543877249652804,4.440892098500626e-16,0.06561478810375783,14.752759887964846,True,5,0.02
revision_dfm_kalman_em,pseudo,2024:Q2:pre_advance:pseudo,2024-07-31,pre_advance,2024:Q2,S,T,3.544552717439104,4.440892098500626e-16,0.06561478810375783,14.752759887964846,True,5,0.02
revision_dfm_kalman_em,pseudo,2024:Q2:pre_advance:pseudo,2024-07-31,pre_advance,2024:Q2,T,A,3.068391818647788,4.440892098500626e-16,0.06561478810375783,14.752759887964846,True,5,0.02
revision_dfm_kalman_em,pseudo,2024:Q2:pre_advance:pseudo,2024-07-31,pre_advance,2024:Q2,T,M,3.569613817375489,4.440892098500626e-16,0.06561478810375783,14.752759887964846,True,5,0.02
revision_dfm_kalman_em,pseudo,2024:Q2:pre_advance:pseudo,2024-07-31,pre_advance,2024:Q2,T,S,3.5445527174391036,4.440892098500626e-16,0.06561478810375783,14.752759887964846,True,5,0.02
revision_dfm_kalman_em,pseudo,2024:Q2:pre_advance:pseudo,2024-07-31,pre_advance,2024:Q2,T,T,3.6757579748249976,4.440892098500626e-16,0.06561478810375783,14.752759887964846,True,5,0.02
indicator_revision_only_dfm_kalman_em,exact,2024:Q2:pre_second:exact,2024-08-28,pre_second,2024:Q2,A,A,0.7389302167876517,0.0,0.06194054649940023,4.505913003409875,True,5,0.02
indicator_revision_only_dfm_kalman_em,exact,2024:Q2:pre_second:exact,2024-08-28,pre_second,2024:Q2,A,M,0.3497926292882101,0.0,0.06194054649940023,4.505913003409875,True,5,0.02
indicator_revision_only_dfm_kalman_em,exact,2024:Q2:pre_second:exact,2024-08-28,pre_second,2024:Q2,A,S,0.3497926292882101,0.0,0.06194054649940023,4.505913003409875,True,5,0.02
indicator_revision_only_dfm_kalman_em,exact,2024:Q2:pre_second:exact,2024-08-28,pre_second,2024:Q2,A,T,0.3497926292882101,0.0,0.06194054649940023,4.505913003409875,True,5,0.02
indicator_revision_only_dfm_kalman_em,exact,2024:Q2:pre_second:exact,2024-08-28,pre_second,2024:Q2,M,A,0.3497926292882101,0.0,0.06194054649940023,4.505913003409875,True,5,0.02
indicator_revision_only_dfm_kalman_em,exact,2024:Q2:pre_second:exact,2024-08-28,pre_second,2024:Q2,M,M,4.393781798699875,0.0,0.06194054649940023,4.505913003409875,True,5,0.02
indicator_revision_only_dfm_kalman_em,exact,2024:Q2:pre_second:exact,2024-08-28,pre_second,2024:Q2,M,S,0.3497926292882101,0.0,0.06194054649940023,4.505913003409875,True,5,0.02
indicator_revision_only_dfm_kalman_em,exact,2024:Q2:pre_second:exact,2024-08-28,pre_second,2024:Q2,M,T,0.3497926292882101,0.0,0.06194054649940023,4.505913003409875,True,5,0.02
indicator_revision_only_dfm_kalman_em,exact,2024:Q2:pre_second:exact,2024-08-28,pre_second,2024:Q2,S,A,0.3497926292882101,0.0,0.06194054649940023,4.505913003409875,True,5,0.02
indicator_revision_only_dfm_kalman_em,exact,2024:Q2:pre_second:exact,2024-08-28,pre_second,2024:Q2,S,M,0.3497926292882101,0.0,0.06194054649940023,4.505913003409875,True,5,0.02
indicator_revision_only_dfm_kalman_em,exact,2024:Q2:pre_second:exact,2024-08-28,pre_second,2024:Q2,S,S,0.36521025962174364,0.0,0.06194054649940023,4.505913003409875,True,5,0.02
indicator_revision_only_dfm_kalman_em,exact,2024:Q2:pre_second:exact,2024-08-28,pre_second,2024:Q2,S,T,0.3497926292882101,0.0,0.06194054649940023,4.505913003409875,True,5,0.02
indicator_revision_only_dfm_kalman_em,exact,2024:Q2:pre_second:exact,2024-08-28,pre_second,2024:Q2,T,A,0.3497926292882101,0.0,0.06194054649940023,4.505913003409875,True,5,0.02
indicator_revision_only_dfm_kalman_em,exact,2024:Q2:pre_second:exact,2024-08-28,pre_second,2024:Q2,T,M,0.3497926292882101,0.0,0.06194054649940023,4.505913003409875,True,5,0.02
indicator_revision_only_dfm_kalman_em,exact,2024:Q2:pre_second:exact,2024-08-28,pre_second,2024:Q2,T,S,0.3497926292882101,0.0,0.06194054649940023,4.505913003409875,True,5,0.02
indicator_revision_only_dfm_kalman_em,exact,2024:Q2:pre_second:exact,2024-08-28,pre_second,2024:Q2,T,T,0.47697088775092256,0.0,0.06194054649940023,4.505913003409875,True,5,0.02
joint_indicator_revision_dfm_full_kalman_em,exact,2024:Q2:pre_second:exact,2024-08-28,pre_second,2024:Q2,A,A,0.3585937724980876,5.551115123125783e-17,0.06216234928560853,4.479561659193507,True,5,0.02
joint_indicator_revision_dfm_full_kalman_em,exact,2024:Q2:pre_second:exact,2024-08-28,pre_second,2024:Q2,A,M,0.20293565603248803,5.551115123125783e-17,0.06216234928560853,4.479561659193507,True,5,0.02
joint_indicator_revision_dfm_full_kalman_em,exact,2024:Q2:pre_second:exact,2024-08-28,pre_second,2024:Q2,A,S,0.20145221896675913,5.551115123125783e-17,0.06216234928560853,4.479561659193507,True,5,0.02
joint_indicator_revision_dfm_full_kalman_em,exact,2024:Q2:pre_second:exact,2024-08-28,pre_second,2024:Q2,A,T,0.20234228120619646,5.551115123125783e-17,0.06216234928560853,4.479561659193507,True,5,0.02
joint_indicator_revision_dfm_full_kalman_em,exact,2024:Q2:pre_second:exact,2024-08-28,pre_second,2024:Q2,M,A,0.20293565603248803,5.551115123125783e-17,0.06216234928560853,4.479561659193507,True,5,0.02
joint_indicator_revision_dfm_full_kalman_em,exact,2024:Q2:pre_second:exact,2024-08-28,pre_second,2024:Q2,M,M,4.401279675015944,5.551115123125783e-17,0.06216234928560853,4.479561659193507,True,5,0.02
joint_indicator_revision_dfm_full_kalman_em,exact,2024:Q2:pre_second:exact,2024-08-28,pre_second,2024:Q2,M,S,0.3436005379876204,5.551115123125783e-17,0.06216234928560853,4.479561659193507,True,5,0.02
joint_indicator_revision_dfm_full_kalman_em,exact,2024:Q2:pre_second:exact,2024-08-28,pre_second,2024:Q2,M,T,0.3480425868914667,5.551115123125783e-17,0.06216234928560853,4.479561659193507,True,5,0.02
joint_indicator_revision_dfm_full_kalman_em,exact,2024:Q2:pre_second:exact,2024-08-28,pre_second,2024:Q2,S,A,0.20145221896675916,5.551115123125783e-17,0.06216234928560853,4.479561659193507,True,5,0.02
joint_indicator_revision_dfm_full_kalman_em,exact,2024:Q2:pre_second:exact,2024-08-28,pre_second,2024:Q2,S,M,0.3436005379876204,5.551115123125783e-17,0.06216234928560853,4.479561659193507,True,5,0.02
joint_indicator_revision_dfm_full_kalman_em,exact,2024:Q2:pre_second:exact,2024-08-28,pre_second,2024:Q2,S,S,0.35450923743920826,5.551115123125783e-17,0.06216234928560853,4.479561659193507,True,5,0.02
joint_indicator_revision_dfm_full_kalman_em,exact,2024:Q2:pre_second:exact,2024-08-28,pre_second,2024:Q2,S,T,0.3407575716072032,5.551115123125783e-17,0.06216234928560853,4.479561659193507,True,5,0.02
joint_indicator_revision_dfm_full_kalman_em,exact,2024:Q2:pre_second:exact,2024-08-28,pre_second,2024:Q2,T,A,0.20234228120619652,5.551115123125783e-17,0.06216234928560853,4.479561659193507,True,5,0.02
joint_indicator_revision_dfm_full_kalman_em,exact,2024:Q2:pre_second:exact,2024-08-28,pre_second,2024:Q2,T,M,0.3480425868914667,5.551115123125783e-17,0.06216234928560853,4.479561659193507,True,5,0.02
joint_indicator_revision_dfm_full_kalman_em,exact,2024:Q2:pre_second:exact,2024-08-28,pre_second,2024:Q2,T,S,0.3407575716072032,5.551115123125783e-17,0.06216234928560853,4.479561659193507,True,5,0.02
joint_indicator_revision_dfm_full_kalman_em,exact,2024:Q2:pre_second:exact,2024-08-28,pre_second,2024:Q2,T,T,0.46693490396176524,5.551115123125783e-17,0.06216234928560853,4.479561659193507,True,5,0.02
monthly_mixed_frequency_kalman_em,exact,2024:Q2:pre_second:exact,2024-08-28,pre_second,2024:Q2,A,A,0.4159799334796843,0.0,0.05825001171809546,4.856036523175433,True,5,0.02
monthly_mixed_frequency_kalman_em,exact,2024:Q2:pre_second:exact,2024-08-28,pre_second,2024:Q2,A,M,0.19922769309046948,0.0,0.05825001171809546,4.856036523175433,True,5,0.02
monthly_mixed_frequency_kalman_em,exact,2024:Q2:pre_second:exact,2024-08-28,pre_second,2024:Q2,A,S,0.20126043888976186,0.0,0.05825001171809546,4.856036523175433,True,5,0.02
monthly_mixed_frequency_kalman_em,exact,2024:Q2:pre_second:exact,2024-08-28,pre_second,2024:Q2,A,T,0.20015166845378415,0.0,0.05825001171809546,4.856036523175433,True,5,0.02
monthly_mixed_frequency_kalman_em,exact,2024:Q2:pre_second:exact,2024-08-28,pre_second,2024:Q2,M,A,0.19922769309046948,0.0,0.05825001171809546,4.856036523175433,True,5,0.02
monthly_mixed_frequency_kalman_em,exact,2024:Q2:pre_second:exact,2024-08-28,pre_second,2024:Q2,M,M,4.72251118582833,0.0,0.05825001171809546,4.856036523175433,True,5,0.02
monthly_mixed_frequency_kalman_em,exact,2024:Q2:pre_second:exact,2024-08-28,pre_second,2024:Q2,M,S,0.4150876561771634,0.0,0.05825001171809546,4.856036523175433,True,5,0.02
monthly_mixed_frequency_kalman_em,exact,2024:Q2:pre_second:exact,2024-08-28,pre_second,2024:Q2,M,T,0.5589942982349595,0.0,0.05825001171809546,4.856036523175433,True,5,0.02
monthly_mixed_frequency_kalman_em,exact,2024:Q2:pre_second:exact,2024-08-28,pre_second,2024:Q2,S,A,0.20126043888976186,0.0,0.05825001171809546,4.856036523175433,True,5,0.02
monthly_mixed_frequency_kalman_em,exact,2024:Q2:pre_second:exact,2024-08-28,pre_second,2024:Q2,S,M,0.4150876561771634,0.0,0.05825001171809546,4.856036523175433,True,5,0.02
monthly_mixed_frequency_kalman_em,exact,2024:Q2:pre_second:exact,2024-08-28,pre_second,2024:Q2,S,S,0.3493432585882425,0.0,0.05825001171809546,4.856036523175433,True,5,0.02
monthly_mixed_frequency_kalman_em,exact,2024:Q2:pre_second:exact,2024-08-28,pre_second,2024:Q2,S,T,0.3616308518553131,0.0,0.05825001171809546,4.856036523175433,True,5,0.02
monthly_mixed_frequency_kalman_em,exact,2024:Q2:pre_second:exact,2024-08-28,pre_second,2024:Q2,T,A,0.20015166845378415,0.0,0.05825001171809546,4.856036523175433,True,5,0.02
monthly_mixed_frequency_kalman_em,exact,2024:Q2:pre_second:exact,2024-08-28,pre_second,2024:Q2,T,M,0.5589942982349595,0.0,0.05825001171809546,4.856036523175433,True,5,0.02
monthly_mixed_frequency_kalman_em,exact,2024:Q2:pre_second:exact,2024-08-28,pre_second,2024:Q2,T,S,0.3616308518553131,0.0,0.05825001171809546,4.856036523175433,True,5,0.02
monthly_mixed_frequency_kalman_em,exact,2024:Q2:pre_second:exact,2024-08-28,pre_second,2024:Q2,T,T,0.5190273431374353,0.0,0.05825001171809546,4.856036523175433,True,5,0.02
revision_dfm_kalman_em,exact,2024:Q2:pre_second:exact,2024-08-28,pre_second,2024:Q2,A,A,0.28424798057303347,0.0,0.06507644998041587,4.499697098519214,True,5,0.02
revision_dfm_kalman_em,exact,2024:Q2:pre_second:exact,2024-08-28,pre_second,2024:Q2,A,M,0.15169130811429773,0.0,0.06507644998041587,4.499697098519214,True,5,0.02
revision_dfm_kalman_em,exact,2024:Q2:pre_second:exact,2024-08-28,pre_second,2024:Q2,A,S,0.15103173329021566,0.0,0.06507644998041587,4.499697098519214,True,5,0.02
revision_dfm_kalman_em,exact,2024:Q2:pre_second:exact,2024-08-28,pre_second,2024:Q2,A,T,0.15142747818466493,0.0,0.06507644998041587,4.499697098519214,True,5,0.02
revision_dfm_kalman_em,exact,2024:Q2:pre_second:exact,2024-08-28,pre_second,2024:Q2,M,A,0.15169130811429773,0.0,0.06507644998041587,4.499697098519214,True,5,0.02
revision_dfm_kalman_em,exact,2024:Q2:pre_second:exact,2024-08-28,pre_second,2024:Q2,M,M,4.416722579592141,0.0,0.06507644998041587,4.499697098519214,True,5,0.02
revision_dfm_kalman_em,exact,2024:Q2:pre_second:exact,2024-08-28,pre_second,2024:Q2,M,S,0.36915092671773436,0.0,0.06507644998041587,4.499697098519214,True,5,0.02
revision_dfm_kalman_em,exact,2024:Q2:pre_second:exact,2024-08-28,pre_second,2024:Q2,M,T,0.3760180725683692,0.0,0.06507644998041587,4.499697098519214,True,5,0.02
revision_dfm_kalman_em,exact,2024:Q2:pre_second:exact,2024-08-28,pre_second,2024:Q2,S,A,0.15103173329021566,0.0,0.06507644998041587,4.499697098519214,True,5,0.02
revision_dfm_kalman_em,exact,2024:Q2:pre_second:exact,2024-08-28,pre_second,2024:Q2,S,M,0.36915092671773436,0.0,0.06507644998041587,4.499697098519214,True,5,0.02
revision_dfm_kalman_em,exact,2024:Q2:pre_second:exact,2024-08-28,pre_second,2024:Q2,S,S,0.3828878095021406,0.0,0.06507644998041587,4.499697098519214,True,5,0.02
revision_dfm_kalman_em,exact,2024:Q2:pre_second:exact,2024-08-28,pre_second,2024:Q2,S,T,0.364788542849184,0.0,0.06507644998041587,4.499697098519214,True,5,0.02
revision_dfm_kalman_em,exact,2024:Q2:pre_second:exact,2024-08-28,pre_second,2024:Q2,T,A,0.15142747818466493,0.0,0.06507644998041587,4.499697098519214,True,5,0.02
revision_dfm_kalman_em,exact,2024:Q2:pre_second:exact,2024-08-28,pre_second,2024:Q2,T,M,0.3760180725683692,0.0,0.06507644998041587,4.499697098519214,True,5,0.02
revision_dfm_kalman_em,exact,2024:Q2:pre_second:exact,2024-08-28,pre_second,2024:Q2,T,S,0.364788542849184,0.0,0.06507644998041587,4.499697098519214,True,5,0.02
revision_dfm_kalman_em,exact,2024:Q2:pre_second:exact,2024-08-28,pre_second,2024:Q2,T,T,0.48771825202733904,0.0,0.06507644998041587,4.499697098519214,True,5,0.02
indicator_revision_only_dfm_kalman_em,pseudo,2024:Q2:pre_second:pseudo,2024-08-31,pre_second,2024:Q2,A,A,0.7389292982858338,0.0,0.06194053801083979,4.505911499684813,True,5,0.02
indicator_revision_only_dfm_kalman_em,pseudo,2024:Q2:pre_second:pseudo,2024-08-31,pre_second,2024:Q2,A,M,0.349791798900592,0.0,0.06194053801083979,4.505911499684813,True,5,0.02
indicator_revision_only_dfm_kalman_em,pseudo,2024:Q2:pre_second:pseudo,2024-08-31,pre_second,2024:Q2,A,S,0.349791798900592,0.0,0.06194053801083979,4.505911499684813,True,5,0.02
indicator_revision_only_dfm_kalman_em,pseudo,2024:Q2:pre_second:pseudo,2024-08-31,pre_second,2024:Q2,A,T,0.349791798900592,0.0,0.06194053801083979,4.505911499684813,True,5,0.02
indicator_revision_only_dfm_kalman_em,pseudo,2024:Q2:pre_second:pseudo,2024-08-31,pre_second,2024:Q2,M,A,0.349791798900592,0.0,0.06194053801083979,4.505911499684813,True,5,0.02
indicator_revision_only_dfm_kalman_em,pseudo,2024:Q2:pre_second:pseudo,2024-08-31,pre_second,2024:Q2,M,M,4.393780861973873,0.0,0.06194053801083979,4.505911499684813,True,5,0.02
indicator_revision_only_dfm_kalman_em,pseudo,2024:Q2:pre_second:pseudo,2024-08-31,pre_second,2024:Q2,M,S,0.349791798900592,0.0,0.06194053801083979,4.505911499684813,True,5,0.02
indicator_revision_only_dfm_kalman_em,pseudo,2024:Q2:pre_second:pseudo,2024-08-31,pre_second,2024:Q2,M,T,0.349791798900592,0.0,0.06194053801083979,4.505911499684813,True,5,0.02
indicator_revision_only_dfm_kalman_em,pseudo,2024:Q2:pre_second:pseudo,2024-08-31,pre_second,2024:Q2,S,A,0.349791798900592,0.0,0.06194053801083979,4.505911499684813,True,5,0.02
indicator_revision_only_dfm_kalman_em,pseudo,2024:Q2:pre_second:pseudo,2024-08-31,pre_second,2024:Q2,S,M,0.349791798900592,0.0,0.06194053801083979,4.505911499684813,True,5,0.02
indicator_revision_only_dfm_kalman_em,pseudo,2024:Q2:pre_second:pseudo,2024-08-31,pre_second,2024:Q2,S,S,0.3652094139516739,0.0,0.06194053801083979,4.505911499684813,True,5,0.02
indicator_revision_only_dfm_kalman_em,pseudo,2024:Q2:pre_second:pseudo,2024-08-31,pre_second,2024:Q2,S,T,0.349791798900592,0.0,0.06194053801083979,4.505911499684813,True,5,0.02
indicator_revision_only_dfm_kalman_em,pseudo,2024:Q2:pre_second:pseudo,2024-08-31,pre_second,2024:Q2,T,A,0.349791798900592,0.0,0.06194053801083979,4.505911499684813,True,5,0.02
indicator_revision_only_dfm_kalman_em,pseudo,2024:Q2:pre_second:pseudo,2024-08-31,pre_second,2024:Q2,T,M,0.349791798900592,0.0,0.06194053801083979,4.505911499684813,True,5,0.02
indicator_revision_only_dfm_kalman_em,pseudo,2024:Q2:pre_second:pseudo,2024-08-31,pre_second,2024:Q2,T,S,0.349791798900592,0.0,0.06194053801083979,4.505911499684813,True,5,0.02
indicator_revision_only_dfm_kalman_em,pseudo,2024:Q2:pre_second:pseudo,2024-08-31,pre_second,2024:Q2,T,T,0.47697009430975834,0.0,0.06194053801083979,4.505911499684813,True,5,0.02
joint_indicator_revision_dfm_full_kalman_em,pseudo,2024:Q2:pre_second:pseudo,2024-08-31,pre_second,2024:Q2,A,A,0.35858400973841187,5.551115123125783e-17,0.06216236903206335,4.479562935451917,True,5,0.02
joint_indicator_revision_dfm_full_kalman_em,pseudo,2024:Q2:pre_second:pseudo,2024-08-31,pre_second,2024:Q2,A,M,0.20293105128248945,5.551115123125783e-17,0.06216236903206335,4.479562935451917,True,5,0.02
joint_indicator_revision_dfm_full_kalman_em,pseudo,2024:Q2:pre_second:pseudo,2024-08-31,pre_second,2024:Q2,A,S,0.20144759956854755,5.551115123125783e-17,0.06216236903206335,4.479562935451917,True,5,0.02
joint_indicator_revision_dfm_full_kalman_em,pseudo,2024:Q2:pre_second:pseudo,2024-08-31,pre_second,2024:Q2,A,T,0.20233767059691268,5.551115123125783e-17,0.06216236903206335,4.479562935451917,True,5,0.02
joint_indicator_revision_dfm_full_kalman_em,pseudo,2024:Q2:pre_second:pseudo,2024-08-31,pre_second,2024:Q2,M,A,0.20293105128248945,5.551115123125783e-17,0.06216236903206335,4.479562935451917,True,5,0.02
joint_indicator_revision_dfm_full_kalman_em,pseudo,2024:Q2:pre_second:pseudo,2024-08-31,pre_second,2024:Q2,M,M,4.401281281251121,5.551115123125783e-17,0.06216236903206335,4.479562935451917,True,5,0.02
joint_indicator_revision_dfm_full_kalman_em,pseudo,2024:Q2:pre_second:pseudo,2024-08-31,pre_second,2024:Q2,M,S,0.3436013614413595,5.551115123125783e-17,0.06216236903206335,4.479562935451917,True,5,0.02
joint_indicator_revision_dfm_full_kalman_em,pseudo,2024:Q2:pre_second:pseudo,2024-08-31,pre_second,2024:Q2,M,T,0.348043581762166,5.551115123125783e-17,0.06216236903206335,4.479562935451917,True,5,0.02
joint_indicator_revision_dfm_full_kalman_em,pseudo,2024:Q2:pre_second:pseudo,2024-08-31,pre_second,2024:Q2,S,A,0.20144759956854755,5.551115123125783e-17,0.06216236903206335,4.479562935451917,True,5,0.02
joint_indicator_revision_dfm_full_kalman_em,pseudo,2024:Q2:pre_second:pseudo,2024-08-31,pre_second,2024:Q2,S,M,0.3436013614413595,5.551115123125783e-17,0.06216236903206335,4.479562935451917,True,5,0.02
joint_indicator_revision_dfm_full_kalman_em,pseudo,2024:Q2:pre_second:pseudo,2024-08-31,pre_second,2024:Q2,S,S,0.35450976245405835,5.551115123125783e-17,0.06216236903206335,4.479562935451917,True,5,0.02
joint_indicator_revision_dfm_full_kalman_em,pseudo,2024:Q2:pre_second:pseudo,2024-08-31,pre_second,2024:Q2,S,T,0.34075828620390325,5.551115123125783e-17,0.06216236903206335,4.479562935451917,True,5,0.02
joint_indicator_revision_dfm_full_kalman_em,pseudo,2024:Q2:pre_second:pseudo,2024-08-31,pre_second,2024:Q2,T,A,0.2023376705969127,5.551115123125783e-17,0.06216236903206335,4.479562935451917,True,5,0.02
joint_indicator_revision_dfm_full_kalman_em,pseudo,2024:Q2:pre_second:pseudo,2024-08-31,pre_second,2024:Q2,T,M,0.348043581762166,5.551115123125783e-17,0.06216236903206335,4.479562935451917,True,5,0.02
joint_indicator_revision_dfm_full_kalman_em,pseudo,2024:Q2:pre_second:pseudo,2024-08-31,pre_second,2024:Q2,T,S,0.3407582862039033,5.551115123125783e-17,0.06216236903206335,4.479562935451917,True,5,0.02
joint_indicator_revision_dfm_full_kalman_em,pseudo,2024:Q2:pre_second:pseudo,2024-08-31,pre_second,2024:Q2,T,T,0.46693575372316287,5.551115123125783e-17,0.06216236903206335,4.479562935451917,True,5,0.02
monthly_mixed_frequency_kalman_em,pseudo,2024:Q2:pre_second:pseudo,2024-08-31,pre_second,2024:Q2,A,A,0.41597022657642485,0.0,0.05825025114727763,4.856036264858666,True,5,0.02
monthly_mixed_frequency_kalman_em,pseudo,2024:Q2:pre_second:pseudo,2024-08-31,pre_second,2024:Q2,A,M,0.19922357680519567,0.0,0.05825025114727763,4.856036264858666,True,5,0.02
monthly_mixed_frequency_kalman_em,pseudo,2024:Q2:pre_second:pseudo,2024-08-31,pre_second,2024:Q2,A,S,0.20125591036790313,0.0,0.05825025114727763,4.856036264858666,True,5,0.02
monthly_mixed_frequency_kalman_em,pseudo,2024:Q2:pre_second:pseudo,2024-08-31,pre_second,2024:Q2,A,T,0.2001473647882445,0.0,0.05825025114727763,4.856036264858666,True,5,0.02
monthly_mixed_frequency_kalman_em,pseudo,2024:Q2:pre_second:pseudo,2024-08-31,pre_second,2024:Q2,M,A,0.19922357680519567,0.0,0.05825025114727763,4.856036264858666,True,5,0.02
monthly_mixed_frequency_kalman_em,pseudo,2024:Q2:pre_second:pseudo,2024-08-31,pre_second,2024:Q2,M,M,4.722512312955774,0.0,0.05825025114727763,4.856036264858666,True,5,0.02
monthly_mixed_frequency_kalman_em,pseudo,2024:Q2:pre_second:pseudo,2024-08-31,pre_second,2024:Q2,M,S,0.4150855864396881,0.0,0.05825025114727763,4.856036264858666,True,5,0.02
monthly_mixed_frequency_kalman_em,pseudo,2024:Q2:pre_second:pseudo,2024-08-31,pre_second,2024:Q2,M,T,0.5589935928626831,0.0,0.05825025114727763,4.856036264858666,True,5,0.02
monthly_mixed_frequency_kalman_em,pseudo,2024:Q2:pre_second:pseudo,2024-08-31,pre_second,2024:Q2,S,A,0.20125591036790313,0.0,0.05825025114727763,4.856036264858666,True,5,0.02
monthly_mixed_frequency_kalman_em,pseudo,2024:Q2:pre_second:pseudo,2024-08-31,pre_second,2024:Q2,S,M,0.4150855864396881,0.0,0.05825025114727763,4.856036264858666,True,5,0.02
monthly_mixed_frequency_kalman_em,pseudo,2024:Q2:pre_second:pseudo,2024-08-31,pre_second,2024:Q2,S,S,0.3493404677010055,0.0,0.05825025114727763,4.856036264858666,True,5,0.02
monthly_mixed_frequency_kalman_em,pseudo,2024:Q2:pre_second:pseudo,2024-08-31,pre_second,2024:Q2,S,T,0.3616281674217419,0.0,0.05825025114727763,4.856036264858666,True,5,0.02
monthly_mixed_frequency_kalman_em,pseudo,2024:Q2:pre_second:pseudo,2024-08-31,pre_second,2024:Q2,T,A,0.2001473647882445,0.0,0.05825025114727763,4.856036264858666,True,5,0.02
monthly_mixed_frequency_kalman_em,pseudo,2024:Q2:pre_second:pseudo,2024-08-31,pre_second,2024:Q2,T,M,0.5589935928626831,0.0,0.05825025114727763,4.856036264858666,True,5,0.02
monthly_mixed_frequency_kalman_em,pseudo,2024:Q2:pre_second:pseudo,2024-08-31,pre_second,2024:Q2,T,S,0.3616281674217419,0.0,0.05825025114727763,4.856036264858666,True,5,0.02
monthly_mixed_frequency_kalman_em,pseudo,2024:Q2:pre_second:pseudo,2024-08-31,pre_second,2024:Q2,T,T,0.5190255973213262,0.0,0.05825025114727763,4.856036264858666,True,5,0.02
revision_dfm_kalman_em,pseudo,2024:Q2:pre_second:pseudo,2024-08-31,pre_second,2024:Q2,A,A,0.2842482012708439,2.7755575615628914e-17,0.06507644532713792,4.499696453298848,True,5,0.02
revision_dfm_kalman_em,pseudo,2024:Q2:pre_second:pseudo,2024-08-31,pre_second,2024:Q2,A,M,0.15169141728556257,2.7755575615628914e-17,0.06507644532713792,4.499696453298848,True,5,0.02
revision_dfm_kalman_em,pseudo,2024:Q2:pre_second:pseudo,2024-08-31,pre_second,2024:Q2,A,S,0.15103184355378377,2.7755575615628914e-17,0.06507644532713792,4.499696453298848,True,5,0.02
revision_dfm_kalman_em,pseudo,2024:Q2:pre_second:pseudo,2024-08-31,pre_second,2024:Q2,A,T,0.15142758779285104,2.7755575615628914e-17,0.06507644532713792,4.499696453298848,True,5,0.02
revision_dfm_kalman_em,pseudo,2024:Q2:pre_second:pseudo,2024-08-31,pre_second,2024:Q2,M,A,0.15169141728556257,2.7755575615628914e-17,0.06507644532713792,4.499696453298848,True,5,0.02
revision_dfm_kalman_em,pseudo,2024:Q2:pre_second:pseudo,2024-08-31,pre_second,2024:Q2,M,M,4.416722105707361,2.7755575615628914e-17,0.06507644532713792,4.499696453298848,True,5,0.02
revision_dfm_kalman_em,pseudo,2024:Q2:pre_second:pseudo,2024-08-31,pre_second,2024:Q2,M,S,0.3691504955640149,2.7755575615628914e-17,0.06507644532713792,4.499696453298848,True,5,0.02
revision_dfm_kalman_em,pseudo,2024:Q2:pre_second:pseudo,2024-08-31,pre_second,2024:Q2,M,T,0.3760176243517555,2.7755575615628914e-17,0.06507644532713792,4.499696453298848,True,5,0.02
revision_dfm_kalman_em,pseudo,2024:Q2:pre_second:pseudo,2024-08-31,pre_second,2024:Q2,S,A,0.15103184355378374,2.7755575615628914e-17,0.06507644532713792,4.499696453298848,True,5,0.02
revision_dfm_kalman_em,pseudo,2024:Q2:pre_second:pseudo,2024-08-31,pre_second,2024:Q2,S,M,0.3691504955640149,2.7755575615628914e-17,0.06507644532713792,4.499696453298848,True,5,0.02
revision_dfm_kalman_em,pseudo,2024:Q2:pre_second:pseudo,2024-08-31,pre_second,2024:Q2,S,S,0.38288739680702605,2.7755575615628914e-17,0.06507644532713792,4.499696453298848,True,5,0.02
revision_dfm_kalman_em,pseudo,2024:Q2:pre_second:pseudo,2024-08-31,pre_second,2024:Q2,S,T,0.36478812252381027,2.7755575615628914e-17,0.06507644532713792,4.499696453298848,True,5,0.02
revision_dfm_kalman_em,pseudo,2024:Q2:pre_second:pseudo,2024-08-31,pre_second,2024:Q2,T,A,0.15142758779285104,2.7755575615628914e-17,0.06507644532713792,4.499696453298848,True,5,0.02
revision_dfm_kalman_em,pseudo,2024:Q2:pre_second:pseudo,2024-08-31,pre_second,2024:Q2,T,M,0.3760176243517555,2.7755575615628914e-17,0.06507644532713792,4.499696453298848,True,5,0.02
revision_dfm_kalman_em,pseudo,2024:Q2:pre_second:pseudo,2024-08-31,pre_second,2024:Q2,T,S,0.36478812252381027,2.7755575615628914e-17,0.06507644532713792,4.499696453298848,True,5,0.02
revision_dfm_kalman_em,pseudo,2024:Q2:pre_second:pseudo,2024-08-31,pre_second,2024:Q2,T,T,0.48771783180290423,2.7755575615628914e-17,0.06507644532713792,4.499696453298848,True,5,0.02
indicator_revision_only_dfm_kalman_em,exact,2024:Q2:pre_third:exact,2024-09-25,pre_third,2024:Q2,A,A,0.403813521166098,0.0,0.03178655368070148,4.0563167261857265,True,5,0.02
indicator_revision_only_dfm_kalman_em,exact,2024:Q2:pre_third:exact,2024-09-25,pre_third,2024:Q2,A,M,0.01706692327949787,0.0,0.03178655368070148,4.0563167261857265,True,5,0.02
indicator_revision_only_dfm_kalman_em,exact,2024:Q2:pre_third:exact,2024-09-25,pre_third,2024:Q2,A,S,0.01706692327949787,0.0,0.03178655368070148,4.0563167261857265,True,5,0.02
indicator_revision_only_dfm_kalman_em,exact,2024:Q2:pre_third:exact,2024-09-25,pre_third,2024:Q2,A,T,0.01706692327949787,0.0,0.03178655368070148,4.0563167261857265,True,5,0.02
indicator_revision_only_dfm_kalman_em,exact,2024:Q2:pre_third:exact,2024-09-25,pre_third,2024:Q2,M,A,0.01706692327949787,0.0,0.03178655368070148,4.0563167261857265,True,5,0.02
indicator_revision_only_dfm_kalman_em,exact,2024:Q2:pre_third:exact,2024-09-25,pre_third,2024:Q2,M,M,4.056088102404935,0.0,0.03178655368070148,4.0563167261857265,True,5,0.02
indicator_revision_only_dfm_kalman_em,exact,2024:Q2:pre_third:exact,2024-09-25,pre_third,2024:Q2,M,S,0.01706692327949787,0.0,0.03178655368070148,4.0563167261857265,True,5,0.02
indicator_revision_only_dfm_kalman_em,exact,2024:Q2:pre_third:exact,2024-09-25,pre_third,2024:Q2,M,T,0.01706692327949787,0.0,0.03178655368070148,4.0563167261857265,True,5,0.02
indicator_revision_only_dfm_kalman_em,exact,2024:Q2:pre_third:exact,2024-09-25,pre_third,2024:Q2,S,A,0.01706692327949787,0.0,0.03178655368070148,4.0563167261857265,True,5,0.02
indicator_revision_only_dfm_kalman_em,exact,2024:Q2:pre_third:exact,2024-09-25,pre_third,2024:Q2,S,M,0.01706692327949787,0.0,0.03178655368070148,4.0563167261857265,True,5,0.02
indicator_revision_only_dfm_kalman_em,exact,2024:Q2:pre_third:exact,2024-09-25,pre_third,2024:Q2,S,S,0.035034401406180644,0.0,0.03178655368070148,4.0563167261857265,True,5,0.02
indicator_revision_only_dfm_kalman_em,exact,2024:Q2:pre_third:exact,2024-09-25,pre_third,2024:Q2,S,T,0.01706692327949787,0.0,0.03178655368070148,4.0563167261857265,True,5,0.02
indicator_revision_only_dfm_kalman_em,exact,2024:Q2:pre_third:exact,2024-09-25,pre_third,2024:Q2,T,A,0.01706692327949787,0.0,0.03178655368070148,4.0563167261857265,True,5,0.02
indicator_revision_only_dfm_kalman_em,exact,2024:Q2:pre_third:exact,2024-09-25,pre_third,2024:Q2,T,M,0.01706692327949787,0.0,0.03178655368070148,4.0563167261857265,True,5,0.02
indicator_revision_only_dfm_kalman_em,exact,2024:Q2:pre_third:exact,2024-09-25,pre_third,2024:Q2,T,S,0.01706692327949787,0.0,0.03178655368070148,4.0563167261857265,True,5,0.02
indicator_revision_only_dfm_kalman_em,exact,2024:Q2:pre_third:exact,2024-09-25,pre_third,2024:Q2,T,T,0.1422755839341413,0.0,0.03178655368070148,4.0563167261857265,True,5,0.02
joint_indicator_revision_dfm_full_kalman_em,exact,2024:Q2:pre_third:exact,2024-09-25,pre_third,2024:Q2,A,A,0.2135555633067348,1.734723475976807e-18,0.03692890521651311,4.063975092130932,True,5,0.02
joint_indicator_revision_dfm_full_kalman_em,exact,2024:Q2:pre_third:exact,2024-09-25,pre_third,2024:Q2,A,M,0.00568892755108091,1.734723475976807e-18,0.03692890521651311,4.063975092130932,True,5,0.02
joint_indicator_revision_dfm_full_kalman_em,exact,2024:Q2:pre_third:exact,2024-09-25,pre_third,2024:Q2,A,S,0.008972405079895777,1.734723475976807e-18,0.03692890521651311,4.063975092130932,True,5,0.02
joint_indicator_revision_dfm_full_kalman_em,exact,2024:Q2:pre_third:exact,2024-09-25,pre_third,2024:Q2,A,T,0.0070023185626068565,1.734723475976807e-18,0.03692890521651311,4.063975092130932,True,5,0.02
joint_indicator_revision_dfm_full_kalman_em,exact,2024:Q2:pre_third:exact,2024-09-25,pre_third,2024:Q2,M,A,0.00568892755108091,1.734723475976807e-18,0.03692890521651311,4.063975092130932,True,5,0.02
joint_indicator_revision_dfm_full_kalman_em,exact,2024:Q2:pre_third:exact,2024-09-25,pre_third,2024:Q2,M,M,4.0637460491869755,1.734723475976807e-18,0.03692890521651311,4.063975092130932,True,5,0.02
joint_indicator_revision_dfm_full_kalman_em,exact,2024:Q2:pre_third:exact,2024-09-25,pre_third,2024:Q2,M,S,0.020629626256152063,1.734723475976807e-18,0.03692890521651311,4.063975092130932,True,5,0.02
joint_indicator_revision_dfm_full_kalman_em,exact,2024:Q2:pre_third:exact,2024-09-25,pre_third,2024:Q2,M,T,0.021101437794206944,1.734723475976807e-18,0.03692890521651311,4.063975092130932,True,5,0.02
joint_indicator_revision_dfm_full_kalman_em,exact,2024:Q2:pre_third:exact,2024-09-25,pre_third,2024:Q2,S,A,0.008972405079895778,1.734723475976807e-18,0.03692890521651311,4.063975092130932,True,5,0.02
joint_indicator_revision_dfm_full_kalman_em,exact,2024:Q2:pre_third:exact,2024-09-25,pre_third,2024:Q2,S,M,0.020629626256152063,1.734723475976807e-18,0.03692890521651311,4.063975092130932,True,5,0.02
joint_indicator_revision_dfm_full_kalman_em,exact,2024:Q2:pre_third:exact,2024-09-25,pre_third,2024:Q2,S,S,0.041378004849593454,1.734723475976807e-18,0.03692890521651311,4.063975092130932,True,5,0.02
joint_indicator_revision_dfm_full_kalman_em,exact,2024:Q2:pre_third:exact,2024-09-25,pre_third,2024:Q2,S,T,0.02039648183262694,1.734723475976807e-18,0.03692890521651311,4.063975092130932,True,5,0.02
joint_indicator_revision_dfm_full_kalman_em,exact,2024:Q2:pre_third:exact,2024-09-25,pre_third,2024:Q2,T,A,0.007002318562606858,1.734723475976807e-18,0.03692890521651311,4.063975092130932,True,5,0.02
joint_indicator_revision_dfm_full_kalman_em,exact,2024:Q2:pre_third:exact,2024-09-25,pre_third,2024:Q2,T,M,0.021101437794206944,1.734723475976807e-18,0.03692890521651311,4.063975092130932,True,5,0.02
joint_indicator_revision_dfm_full_kalman_em,exact,2024:Q2:pre_third:exact,2024-09-25,pre_third,2024:Q2,T,S,0.02039648183262694,1.734723475976807e-18,0.03692890521651311,4.063975092130932,True,5,0.02
joint_indicator_revision_dfm_full_kalman_em,exact,2024:Q2:pre_third:exact,2024-09-25,pre_third,2024:Q2,T,T,0.13946371428222418,1.734723475976807e-18,0.03692890521651311,4.063975092130932,True,5,0.02
monthly_mixed_frequency_kalman_em,exact,2024:Q2:pre_third:exact,2024-09-25,pre_third,2024:Q2,A,A,0.3002475458938765,0.0,0.05753491720927773,4.235470779343016,True,5,0.02
monthly_mixed_frequency_kalman_em,exact,2024:Q2:pre_third:exact,2024-09-25,pre_third,2024:Q2,A,M,-0.040134845537573696,0.0,0.05753491720927773,4.235470779343016,True,5,0.02
monthly_mixed_frequency_kalman_em,exact,2024:Q2:pre_third:exact,2024-09-25,pre_third,2024:Q2,A,S,0.029845874650428785,0.0,0.05753491720927773,4.235470779343016,True,5,0.02
monthly_mixed_frequency_kalman_em,exact,2024:Q2:pre_third:exact,2024-09-25,pre_third,2024:Q2,A,T,-0.00832542727029984,0.0,0.05753491720927773,4.235470779343016,True,5,0.02
monthly_mixed_frequency_kalman_em,exact,2024:Q2:pre_third:exact,2024-09-25,pre_third,2024:Q2,M,A,-0.040134845537573696,0.0,0.05753491720927773,4.235470779343016,True,5,0.02
monthly_mixed_frequency_kalman_em,exact,2024:Q2:pre_third:exact,2024-09-25,pre_third,2024:Q2,M,M,4.23003032087882,0.0,0.05753491720927773,4.235470779343016,True,5,0.02
monthly_mixed_frequency_kalman_em,exact,2024:Q2:pre_third:exact,2024-09-25,pre_third,2024:Q2,M,S,0.06140388179854482,0.0,0.05753491720927773,4.235470779343016,True,5,0.02
monthly_mixed_frequency_kalman_em,exact,2024:Q2:pre_third:exact,2024-09-25,pre_third,2024:Q2,M,T,0.12909636668929053,0.0,0.05753491720927773,4.235470779343016,True,5,0.02
monthly_mixed_frequency_kalman_em,exact,2024:Q2:pre_third:exact,2024-09-25,pre_third,2024:Q2,S,A,0.029845874650428785,0.0,0.05753491720927773,4.235470779343016,True,5,0.02
monthly_mixed_frequency_kalman_em,exact,2024:Q2:pre_third:exact,2024-09-25,pre_third,2024:Q2,S,M,0.06140388179854482,0.0,0.05753491720927773,4.235470779343016,True,5,0.02
monthly_mixed_frequency_kalman_em,exact,2024:Q2:pre_third:exact,2024-09-25,pre_third,2024:Q2,S,S,0.0958074073956082,0.0,0.05753491720927773,4.235470779343016,True,5,0.02
monthly_mixed_frequency_kalman_em,exact,2024:Q2:pre_third:exact,2024-09-25,pre_third,2024:Q2,S,T,0.05351438001151582,0.0,0.05753491720927773,4.235470779343016,True,5,0.02
monthly_mixed_frequency_kalman_em,exact,2024:Q2:pre_third:exact,2024-09-25,pre_third,2024:Q2,T,A,-0.00832542727029984,0.0,0.05753491720927773,4.235470779343016,True,5,0.02
monthly_mixed_frequency_kalman_em,exact,2024:Q2:pre_third:exact,2024-09-25,pre_third,2024:Q2,T,M,0.12909636668929053,0.0,0.05753491720927773,4.235470779343016,True,5,0.02
monthly_mixed_frequency_kalman_em,exact,2024:Q2:pre_third:exact,2024-09-25,pre_third,2024:Q2,T,S,0.05351438001151582,0.0,0.05753491720927773,4.235470779343016,True,5,0.02
monthly_mixed_frequency_kalman_em,exact,2024:Q2:pre_third:exact,2024-09-25,pre_third,2024:Q2,T,T,0.14391290439210666,0.0,0.05753491720927773,4.235470779343016,True,5,0.02
revision_dfm_kalman_em,exact,2024:Q2:pre_third:exact,2024-09-25,pre_third,2024:Q2,A,A,0.22363900662768554,3.469446951953614e-18,0.04160604910039563,4.061078268850031,True,5,0.02
revision_dfm_kalman_em,exact,2024:Q2:pre_third:exact,2024-09-25,pre_third,2024:Q2,A,M,0.006076035847980146,3.469446951953614e-18,0.04160604910039563,4.061078268850031,True,5,0.02
revision_dfm_kalman_em,exact,2024:Q2:pre_third:exact,2024-09-25,pre_third,2024:Q2,A,S,0.009701006946260747,3.469446951953614e-18,0.04160604910039563,4.061078268850031,True,5,0.02
revision_dfm_kalman_em,exact,2024:Q2:pre_third:exact,2024-09-25,pre_third,2024:Q2,A,T,0.007526024287292386,3.469446951953614e-18,0.04160604910039563,4.061078268850031,True,5,0.02
revision_dfm_kalman_em,exact,2024:Q2:pre_third:exact,2024-09-25,pre_third,2024:Q2,M,A,0.006076035847980146,3.469446951953614e-18,0.04160604910039563,4.061078268850031,True,5,0.02
revision_dfm_kalman_em,exact,2024:Q2:pre_third:exact,2024-09-25,pre_third,2024:Q2,M,M,4.060776466016103,3.469446951953614e-18,0.04160604910039563,4.061078268850031,True,5,0.02
revision_dfm_kalman_em,exact,2024:Q2:pre_third:exact,2024-09-25,pre_third,2024:Q2,M,S,0.023704577305871735,3.469446951953614e-18,0.04160604910039563,4.061078268850031,True,5,0.02
revision_dfm_kalman_em,exact,2024:Q2:pre_third:exact,2024-09-25,pre_third,2024:Q2,M,T,0.02426126808875252,3.469446951953614e-18,0.04160604910039563,4.061078268850031,True,5,0.02
revision_dfm_kalman_em,exact,2024:Q2:pre_third:exact,2024-09-25,pre_third,2024:Q2,S,A,0.009701006946260747,3.469446951953614e-18,0.04160604910039563,4.061078268850031,True,5,0.02
revision_dfm_kalman_em,exact,2024:Q2:pre_third:exact,2024-09-25,pre_third,2024:Q2,S,M,0.023704577305871735,3.469446951953614e-18,0.04160604910039563,4.061078268850031,True,5,0.02
revision_dfm_kalman_em,exact,2024:Q2:pre_third:exact,2024-09-25,pre_third,2024:Q2,S,S,0.04759560989686827,3.469446951953614e-18,0.04160604910039563,4.061078268850031,True,5,0.02
revision_dfm_kalman_em,exact,2024:Q2:pre_third:exact,2024-09-25,pre_third,2024:Q2,S,T,0.023424505898679514,3.469446951953614e-18,0.04160604910039563,4.061078268850031,True,5,0.02
revision_dfm_kalman_em,exact,2024:Q2:pre_third:exact,2024-09-25,pre_third,2024:Q2,T,A,0.007526024287292387,3.469446951953614e-18,0.04160604910039563,4.061078268850031,True,5,0.02
revision_dfm_kalman_em,exact,2024:Q2:pre_third:exact,2024-09-25,pre_third,2024:Q2,T,M,0.02426126808875252,3.469446951953614e-18,0.04160604910039563,4.061078268850031,True,5,0.02
revision_dfm_kalman_em,exact,2024:Q2:pre_third:exact,2024-09-25,pre_third,2024:Q2,T,S,0.023424505898679518,3.469446951953614e-18,0.04160604910039563,4.061078268850031,True,5,0.02
revision_dfm_kalman_em,exact,2024:Q2:pre_third:exact,2024-09-25,pre_third,2024:Q2,T,T,0.14018880582880122,3.469446951953614e-18,0.04160604910039563,4.061078268850031,True,5,0.02
indicator_revision_only_dfm_kalman_em,pseudo,2024:Q2:pre_third:pseudo,2024-09-30,pre_third,2024:Q2,A,A,0.4038144011567102,0.0,0.03178721415674222,4.056311299423079,True,5,0.02
indicator_revision_only_dfm_kalman_em,pseudo,2024:Q2:pre_third:pseudo,2024-09-30,pre_third,2024:Q2,A,M,0.01706724127134658,0.0,0.03178721415674222,4.056311299423079,True,5,0.02
indicator_revision_only_dfm_kalman_em,pseudo,2024:Q2:pre_third:pseudo,2024-09-30,pre_third,2024:Q2,A,S,0.01706724127134658,0.0,0.03178721415674222,4.056311299423079,True,5,0.02
indicator_revision_only_dfm_kalman_em,pseudo,2024:Q2:pre_third:pseudo,2024-09-30,pre_third,2024:Q2,A,T,0.01706724127134658,0.0,0.03178721415674222,4.056311299423079,True,5,0.02
indicator_revision_only_dfm_kalman_em,pseudo,2024:Q2:pre_third:pseudo,2024-09-30,pre_third,2024:Q2,M,A,0.01706724127134658,0.0,0.03178721415674222,4.056311299423079,True,5,0.02
indicator_revision_only_dfm_kalman_em,pseudo,2024:Q2:pre_third:pseudo,2024-09-30,pre_third,2024:Q2,M,M,4.0560826667277805,0.0,0.03178721415674222,4.056311299423079,True,5,0.02
indicator_revision_only_dfm_kalman_em,pseudo,2024:Q2:pre_third:pseudo,2024-09-30,pre_third,2024:Q2,M,S,0.01706724127134658,0.0,0.03178721415674222,4.056311299423079,True,5,0.02
indicator_revision_only_dfm_kalman_em,pseudo,2024:Q2:pre_third:pseudo,2024-09-30,pre_third,2024:Q2,M,T,0.01706724127134658,0.0,0.03178721415674222,4.056311299423079,True,5,0.02
indicator_revision_only_dfm_kalman_em,pseudo,2024:Q2:pre_third:pseudo,2024-09-30,pre_third,2024:Q2,S,A,0.01706724127134658,0.0,0.03178721415674222,4.056311299423079,True,5,0.02
indicator_revision_only_dfm_kalman_em,pseudo,2024:Q2:pre_third:pseudo,2024-09-30,pre_third,2024:Q2,S,M,0.01706724127134658,0.0,0.03178721415674222,4.056311299423079,True,5,0.02
indicator_revision_only_dfm_kalman_em,pseudo,2024:Q2:pre_third:pseudo,2024-09-30,pre_third,2024:Q2,S,S,0.03503519564871753,0.0,0.03178721415674222,4.056311299423079,True,5,0.02
indicator_revision_only_dfm_kalman_em,pseudo,2024:Q2:pre_third:pseudo,2024-09-30,pre_third,2024:Q2,S,T,0.01706724127134658,0.0,0.03178721415674222,4.056311299423079,True,5,0.02
indicator_revision_only_dfm_kalman_em,pseudo,2024:Q2:pre_third:pseudo,2024-09-30,pre_third,2024:Q2,T,A,0.01706724127134658,0.0,0.03178721415674222,4.056311299423079,True,5,0.02
indicator_revision_only_dfm_kalman_em,pseudo,2024:Q2:pre_third:pseudo,2024-09-30,pre_third,2024:Q2,T,M,0.01706724127134658,0.0,0.03178721415674222,4.056311299423079,True,5,0.02
indicator_revision_only_dfm_kalman_em,pseudo,2024:Q2:pre_third:pseudo,2024-09-30,pre_third,2024:Q2,T,S,0.01706724127134658,0.0,0.03178721415674222,4.056311299423079,True,5,0.02
indicator_revision_only_dfm_kalman_em,pseudo,2024:Q2:pre_third:pseudo,2024-09-30,pre_third,2024:Q2,T,T,0.14227546430610505,0.0,0.03178721415674222,4.056311299423079,True,5,0.02
joint_indicator_revision_dfm_full_kalman_em,pseudo,2024:Q2:pre_third:pseudo,2024-09-30,pre_third,2024:Q2,A,A,0.2131972479415534,1.734723475976807e-18,0.03691246889684049,4.064026964322659,True,5,0.02
joint_indicator_revision_dfm_full_kalman_em,pseudo,2024:Q2:pre_third:pseudo,2024-09-30,pre_third,2024:Q2,A,M,0.005653498700157045,1.734723475976807e-18,0.03691246889684049,4.064026964322659,True,5,0.02
joint_indicator_revision_dfm_full_kalman_em,pseudo,2024:Q2:pre_third:pseudo,2024-09-30,pre_third,2024:Q2,A,S,0.008939594715021334,1.734723475976807e-18,0.03691246889684049,4.064026964322659,True,5,0.02
joint_indicator_revision_dfm_full_kalman_em,pseudo,2024:Q2:pre_third:pseudo,2024-09-30,pre_third,2024:Q2,A,T,0.00696793710610276,1.734723475976807e-18,0.03691246889684049,4.064026964322659,True,5,0.02
joint_indicator_revision_dfm_full_kalman_em,pseudo,2024:Q2:pre_third:pseudo,2024-09-30,pre_third,2024:Q2,M,A,0.005653498700157045,1.734723475976807e-18,0.03691246889684049,4.064026964322659,True,5,0.02
joint_indicator_revision_dfm_full_kalman_em,pseudo,2024:Q2:pre_third:pseudo,2024-09-30,pre_third,2024:Q2,M,M,4.063798215358527,1.734723475976807e-18,0.03691246889684049,4.064026964322659,True,5,0.02
joint_indicator_revision_dfm_full_kalman_em,pseudo,2024:Q2:pre_third:pseudo,2024-09-30,pre_third,2024:Q2,M,S,0.02062058312503921,1.734723475976807e-18,0.03691246889684049,4.064026964322659,True,5,0.02
joint_indicator_revision_dfm_full_kalman_em,pseudo,2024:Q2:pre_third:pseudo,2024-09-30,pre_third,2024:Q2,M,T,0.02109322789635128,1.734723475976807e-18,0.03691246889684049,4.064026964322659,True,5,0.02
joint_indicator_revision_dfm_full_kalman_em,pseudo,2024:Q2:pre_third:pseudo,2024-09-30,pre_third,2024:Q2,S,A,0.008939594715021334,1.734723475976807e-18,0.03691246889684049,4.064026964322659,True,5,0.02
joint_indicator_revision_dfm_full_kalman_em,pseudo,2024:Q2:pre_third:pseudo,2024-09-30,pre_third,2024:Q2,S,M,0.02062058312503921,1.734723475976807e-18,0.03691246889684049,4.064026964322659,True,5,0.02
joint_indicator_revision_dfm_full_kalman_em,pseudo,2024:Q2:pre_third:pseudo,2024-09-30,pre_third,2024:Q2,S,S,0.041355614272854585,1.734723475976807e-18,0.03691246889684049,4.064026964322659,True,5,0.02
joint_indicator_revision_dfm_full_kalman_em,pseudo,2024:Q2:pre_third:pseudo,2024-09-30,pre_third,2024:Q2,S,T,0.02038696335683885,1.734723475976807e-18,0.03691246889684049,4.064026964322659,True,5,0.02
joint_indicator_revision_dfm_full_kalman_em,pseudo,2024:Q2:pre_third:pseudo,2024-09-30,pre_third,2024:Q2,T,A,0.0069679371061027616,1.734723475976807e-18,0.03691246889684049,4.064026964322659,True,5,0.02
joint_indicator_revision_dfm_full_kalman_em,pseudo,2024:Q2:pre_third:pseudo,2024-09-30,pre_third,2024:Q2,T,M,0.02109322789635128,1.734723475976807e-18,0.03691246889684049,4.064026964322659,True,5,0.02
joint_indicator_revision_dfm_full_kalman_em,pseudo,2024:Q2:pre_third:pseudo,2024-09-30,pre_third,2024:Q2,T,S,0.02038696335683885,1.734723475976807e-18,0.03691246889684049,4.064026964322659,True,5,0.02
joint_indicator_revision_dfm_full_kalman_em,pseudo,2024:Q2:pre_third:pseudo,2024-09-30,pre_third,2024:Q2,T,T,0.13946253075716913,1.734723475976807e-18,0.03691246889684049,4.064026964322659,True,5,0.02
monthly_mixed_frequency_kalman_em,pseudo,2024:Q2:pre_third:pseudo,2024-09-30,pre_third,2024:Q2,A,A,0.3002457246077155,0.0,0.05753512956046018,4.235506557060572,True,5,0.02
monthly_mixed_frequency_kalman_em,pseudo,2024:Q2:pre_third:pseudo,2024-09-30,pre_third,2024:Q2,A,M,-0.04013973363583269,0.0,0.05753512956046018,4.235506557060572,True,5,0.02
monthly_mixed_frequency_kalman_em,pseudo,2024:Q2:pre_third:pseudo,2024-09-30,pre_third,2024:Q2,A,S,0.029845047166495164,0.0,0.05753512956046018,4.235506557060572,True,5,0.02
monthly_mixed_frequency_kalman_em,pseudo,2024:Q2:pre_third:pseudo,2024-09-30,pre_third,2024:Q2,A,T,-0.008328469634774587,0.0,0.05753512956046018,4.235506557060572,True,5,0.02
monthly_mixed_frequency_kalman_em,pseudo,2024:Q2:pre_third:pseudo,2024-09-30,pre_third,2024:Q2,M,A,-0.04013973363583269,0.0,0.05753512956046018,4.235506557060572,True,5,0.02
monthly_mixed_frequency_kalman_em,pseudo,2024:Q2:pre_third:pseudo,2024-09-30,pre_third,2024:Q2,M,M,4.230065279612097,0.0,0.05753512956046018,4.235506557060572,True,5,0.02
monthly_mixed_frequency_kalman_em,pseudo,2024:Q2:pre_third:pseudo,2024-09-30,pre_third,2024:Q2,M,S,0.061407933761784654,0.0,0.05753512956046018,4.235506557060572,True,5,0.02
monthly_mixed_frequency_kalman_em,pseudo,2024:Q2:pre_third:pseudo,2024-09-30,pre_third,2024:Q2,M,T,0.12910637869352956,0.0,0.05753512956046018,4.235506557060572,True,5,0.02
monthly_mixed_frequency_kalman_em,pseudo,2024:Q2:pre_third:pseudo,2024-09-30,pre_third,2024:Q2,S,A,0.029845047166495164,0.0,0.05753512956046018,4.235506557060572,True,5,0.02
monthly_mixed_frequency_kalman_em,pseudo,2024:Q2:pre_third:pseudo,2024-09-30,pre_third,2024:Q2,S,M,0.061407933761784654,0.0,0.05753512956046018,4.235506557060572,True,5,0.02
monthly_mixed_frequency_kalman_em,pseudo,2024:Q2:pre_third:pseudo,2024-09-30,pre_third,2024:Q2,S,S,0.09581041701601258,0.0,0.05753512956046018,4.235506557060572,True,5,0.02
monthly_mixed_frequency_kalman_em,pseudo,2024:Q2:pre_third:pseudo,2024-09-30,pre_third,2024:Q2,S,T,0.05351721211296227,0.0,0.05753512956046018,4.235506557060572,True,5,0.02
monthly_mixed_frequency_kalman_em,pseudo,2024:Q2:pre_third:pseudo,2024-09-30,pre_third,2024:Q2,T,A,-0.008328469634774587,0.0,0.05753512956046018,4.235506557060572,True,5,0.02
monthly_mixed_frequency_kalman_em,pseudo,2024:Q2:pre_third:pseudo,2024-09-30,pre_third,2024:Q2,T,M,0.12910637869352956,0.0,0.05753512956046018,4.235506557060572,True,5,0.02
monthly_mixed_frequency_kalman_em,pseudo,2024:Q2:pre_third:pseudo,2024-09-30,pre_third,2024:Q2,T,S,0.05351721211296227,0.0,0.05753512956046018,4.235506557060572,True,5,0.02
monthly_mixed_frequency_kalman_em,pseudo,2024:Q2:pre_third:pseudo,2024-09-30,pre_third,2024:Q2,T,T,0.14391605082308861,0.0,0.05753512956046018,4.235506557060572,True,5,0.02
revision_dfm_kalman_em,pseudo,2024:Q2:pre_third:pseudo,2024-09-30,pre_third,2024:Q2,A,A,0.22356435095199068,2.6020852139652106e-18,0.041611559088300665,4.061100693490837,True,5,0.02
revision_dfm_kalman_em,pseudo,2024:Q2:pre_third:pseudo,2024-09-30,pre_third,2024:Q2,A,M,0.0060743678725892454,2.6020852139652106e-18,0.041611559088300665,4.061100693490837,True,5,0.02
revision_dfm_kalman_em,pseudo,2024:Q2:pre_third:pseudo,2024-09-30,pre_third,2024:Q2,A,S,0.009698456454508394,2.6020852139652106e-18,0.041611559088300665,4.061100693490837,True,5,0.02
revision_dfm_kalman_em,pseudo,2024:Q2:pre_third:pseudo,2024-09-30,pre_third,2024:Q2,A,T,0.007524003305356905,2.6020852139652106e-18,0.041611559088300665,4.061100693490837,True,5,0.02
revision_dfm_kalman_em,pseudo,2024:Q2:pre_third:pseudo,2024-09-30,pre_third,2024:Q2,M,A,0.0060743678725892454,2.6020852139652106e-18,0.041611559088300665,4.061100693490837,True,5,0.02
revision_dfm_kalman_em,pseudo,2024:Q2:pre_third:pseudo,2024-09-30,pre_third,2024:Q2,M,M,4.060798795092177,2.6020852139652106e-18,0.041611559088300665,4.061100693490837,True,5,0.02
revision_dfm_kalman_em,pseudo,2024:Q2:pre_third:pseudo,2024-09-30,pre_third,2024:Q2,M,S,0.023708692344241215,2.6020852139652106e-18,0.041611559088300665,4.061100693490837,True,5,0.02
revision_dfm_kalman_em,pseudo,2024:Q2:pre_third:pseudo,2024-09-30,pre_third,2024:Q2,M,T,0.024265565748609174,2.6020852139652106e-18,0.041611559088300665,4.061100693490837,True,5,0.02
revision_dfm_kalman_em,pseudo,2024:Q2:pre_third:pseudo,2024-09-30,pre_third,2024:Q2,S,A,0.009698456454508396,2.6020852139652106e-18,0.041611559088300665,4.061100693490837,True,5,0.02
revision_dfm_kalman_em,pseudo,2024:Q2:pre_third:pseudo,2024-09-30,pre_third,2024:Q2,S,M,0.023708692344241215,2.6020852139652106e-18,0.041611559088300665,4.061100693490837,True,5,0.02
revision_dfm_kalman_em,pseudo,2024:Q2:pre_third:pseudo,2024-09-30,pre_third,2024:Q2,S,S,0.04760341038384887,2.6020852139652106e-18,0.041611559088300665,4.061100693490837,True,5,0.02
revision_dfm_kalman_em,pseudo,2024:Q2:pre_third:pseudo,2024-09-30,pre_third,2024:Q2,S,T,0.023428487626446563,2.6020852139652106e-18,0.041611559088300665,4.061100693490837,True,5,0.02
revision_dfm_kalman_em,pseudo,2024:Q2:pre_third:pseudo,2024-09-30,pre_third,2024:Q2,T,A,0.007524003305356908,2.6020852139652106e-18,0.041611559088300665,4.061100693490837,True,5,0.02
revision_dfm_kalman_em,pseudo,2024:Q2:pre_third:pseudo,2024-09-30,pre_third,2024:Q2,T,M,0.024265565748609174,2.6020852139652106e-18,0.041611559088300665,4.061100693490837,True,5,0.02
revision_dfm_kalman_em,pseudo,2024:Q2:pre_third:pseudo,2024-09-30,pre_third,2024:Q2,T,S,0.023428487626446563,2.6020852139652106e-18,0.041611559088300665,4.061100693490837,True,5,0.02
revision_dfm_kalman_em,pseudo,2024:Q2:pre_third:pseudo,2024-09-30,pre_third,2024:Q2,T,T,0.14018632865807232,2.6020852139652106e-18,0.041611559088300665,4.061100693490837,True,5,0.02
indicator_revision_only_dfm_kalman_em,exact,2024:Q3:pre_advance:exact,2024-10-29,pre_advance,2024:Q3,A,A,3.881075388117767,0.0,0.0654186687982485,15.342150081137984,True,5,0.02
indicator_revision_only_dfm_kalman_em,exact,2024:Q3:pre_advance:exact,2024-10-29,pre_advance,2024:Q3,A,M,3.4933723669714096,0.0,0.0654186687982485,15.342150081137984,True,5,0.02
indicator_revision_only_dfm_kalman_em,exact,2024:Q3:pre_advance:exact,2024-10-29,pre_advance,2024:Q3,A,S,3.4933723669714096,0.0,0.0654186687982485,15.342150081137984,True,5,0.02
indicator_revision_only_dfm_kalman_em,exact,2024:Q3:pre_advance:exact,2024-10-29,pre_advance,2024:Q3,A,T,3.4933723669714096,0.0,0.0654186687982485,15.342150081137984,True,5,0.02
indicator_revision_only_dfm_kalman_em,exact,2024:Q3:pre_advance:exact,2024-10-29,pre_advance,2024:Q3,M,A,3.4933723669714096,0.0,0.0654186687982485,15.342150081137984,True,5,0.02
indicator_revision_only_dfm_kalman_em,exact,2024:Q3:pre_advance:exact,2024-10-29,pre_advance,2024:Q3,M,M,7.525741153073525,0.0,0.0654186687982485,15.342150081137984,True,5,0.02
indicator_revision_only_dfm_kalman_em,exact,2024:Q3:pre_advance:exact,2024-10-29,pre_advance,2024:Q3,M,S,3.4933723669714096,0.0,0.0654186687982485,15.342150081137984,True,5,0.02
indicator_revision_only_dfm_kalman_em,exact,2024:Q3:pre_advance:exact,2024-10-29,pre_advance,2024:Q3,M,T,3.4933723669714096,0.0,0.0654186687982485,15.342150081137984,True,5,0.02
indicator_revision_only_dfm_kalman_em,exact,2024:Q3:pre_advance:exact,2024-10-29,pre_advance,2024:Q3,S,A,3.4933723669714096,0.0,0.0654186687982485,15.342150081137984,True,5,0.02
indicator_revision_only_dfm_kalman_em,exact,2024:Q3:pre_advance:exact,2024-10-29,pre_advance,2024:Q3,S,M,3.4933723669714096,0.0,0.0654186687982485,15.342150081137984,True,5,0.02
indicator_revision_only_dfm_kalman_em,exact,2024:Q3:pre_advance:exact,2024-10-29,pre_advance,2024:Q3,S,S,3.5087604722867125,0.0,0.0654186687982485,15.342150081137984,True,5,0.02
indicator_revision_only_dfm_kalman_em,exact,2024:Q3:pre_advance:exact,2024-10-29,pre_advance,2024:Q3,S,T,3.4933723669714096,0.0,0.0654186687982485,15.342150081137984,True,5,0.02
indicator_revision_only_dfm_kalman_em,exact,2024:Q3:pre_advance:exact,2024-10-29,pre_advance,2024:Q3,T,A,3.4933723669714096,0.0,0.0654186687982485,15.342150081137984,True,5,0.02
indicator_revision_only_dfm_kalman_em,exact,2024:Q3:pre_advance:exact,2024-10-29,pre_advance,2024:Q3,T,M,3.4933723669714096,0.0,0.0654186687982485,15.342150081137984,True,5,0.02
indicator_revision_only_dfm_kalman_em,exact,2024:Q3:pre_advance:exact,2024-10-29,pre_advance,2024:Q3,T,S,3.4933723669714096,0.0,0.0654186687982485,15.342150081137984,True,5,0.02
indicator_revision_only_dfm_kalman_em,exact,2024:Q3:pre_advance:exact,2024-10-29,pre_advance,2024:Q3,T,T,3.6199658631670166,0.0,0.0654186687982485,15.342150081137984,True,5,0.02
joint_indicator_revision_dfm_full_kalman_em,exact,2024:Q3:pre_advance:exact,2024-10-29,pre_advance,2024:Q3,A,A,2.9314985095399906,4.440892098500626e-16,0.06352133755383713,15.550318618978254,True,5,0.02
joint_indicator_revision_dfm_full_kalman_em,exact,2024:Q3:pre_advance:exact,2024-10-29,pre_advance,2024:Q3,A,M,3.2024357508904355,4.440892098500626e-16,0.06352133755383713,15.550318618978254,True,5,0.02
joint_indicator_revision_dfm_full_kalman_em,exact,2024:Q3:pre_advance:exact,2024-10-29,pre_advance,2024:Q3,A,S,3.1795918978069335,4.440892098500626e-16,0.06352133755383713,15.550318618978254,True,5,0.02
joint_indicator_revision_dfm_full_kalman_em,exact,2024:Q3:pre_advance:exact,2024-10-29,pre_advance,2024:Q3,A,T,3.1932982096570344,4.440892098500626e-16,0.06352133755383713,15.550318618978254,True,5,0.02
joint_indicator_revision_dfm_full_kalman_em,exact,2024:Q3:pre_advance:exact,2024-10-29,pre_advance,2024:Q3,M,A,3.2024357508904355,4.440892098500626e-16,0.06352133755383713,15.550318618978254,True,5,0.02
joint_indicator_revision_dfm_full_kalman_em,exact,2024:Q3:pre_advance:exact,2024-10-29,pre_advance,2024:Q3,M,M,7.885874607471732,4.440892098500626e-16,0.06352133755383713,15.550318618978254,True,5,0.02
joint_indicator_revision_dfm_full_kalman_em,exact,2024:Q3:pre_advance:exact,2024-10-29,pre_advance,2024:Q3,M,S,3.814968896592479,4.440892098500626e-16,0.06352133755383713,15.550318618978254,True,5,0.02
joint_indicator_revision_dfm_full_kalman_em,exact,2024:Q3:pre_advance:exact,2024-10-29,pre_advance,2024:Q3,M,T,3.8343120485620177,4.440892098500626e-16,0.06352133755383713,15.550318618978254,True,5,0.02
joint_indicator_revision_dfm_full_kalman_em,exact,2024:Q3:pre_advance:exact,2024-10-29,pre_advance,2024:Q3,S,A,3.1795918978069335,4.440892098500626e-16,0.06352133755383713,15.550318618978254,True,5,0.02
joint_indicator_revision_dfm_full_kalman_em,exact,2024:Q3:pre_advance:exact,2024-10-29,pre_advance,2024:Q3,S,M,3.814968896592479,4.440892098500626e-16,0.06352133755383713,15.550318618978254,True,5,0.02
joint_indicator_revision_dfm_full_kalman_em,exact,2024:Q3:pre_advance:exact,2024-10-29,pre_advance,2024:Q3,S,S,3.8011920489661524,4.440892098500626e-16,0.06352133755383713,15.550318618978254,True,5,0.02
joint_indicator_revision_dfm_full_kalman_em,exact,2024:Q3:pre_advance:exact,2024-10-29,pre_advance,2024:Q3,S,T,3.802261356616768,4.440892098500626e-16,0.06352133755383713,15.550318618978254,True,5,0.02
joint_indicator_revision_dfm_full_kalman_em,exact,2024:Q3:pre_advance:exact,2024-10-29,pre_advance,2024:Q3,T,A,3.193298209657035,4.440892098500626e-16,0.06352133755383713,15.550318618978254,True,5,0.02
joint_indicator_revision_dfm_full_kalman_em,exact,2024:Q3:pre_advance:exact,2024-10-29,pre_advance,2024:Q3,T,M,3.8343120485620177,4.440892098500626e-16,0.06352133755383713,15.550318618978254,True,5,0.02
joint_indicator_revision_dfm_full_kalman_em,exact,2024:Q3:pre_advance:exact,2024-10-29,pre_advance,2024:Q3,T,S,3.8022613566167682,4.440892098500626e-16,0.06352133755383713,15.550318618978254,True,5,0.02
joint_indicator_revision_dfm_full_kalman_em,exact,2024:Q3:pre_advance:exact,2024-10-29,pre_advance,2024:Q3,T,T,3.942756901263577,4.440892098500626e-16,0.06352133755383713,15.550318618978254,True,5,0.02
monthly_mixed_frequency_kalman_em,exact,2024:Q3:pre_advance:exact,2024-10-29,pre_advance,2024:Q3,A,A,4.476113283856048,0.0,0.06060646833797471,18.61330771538359,True,5,0.02
monthly_mixed_frequency_kalman_em,exact,2024:Q3:pre_advance:exact,2024-10-29,pre_advance,2024:Q3,A,M,4.185228612578048,0.0,0.06060646833797471,18.61330771538359,True,5,0.02
monthly_mixed_frequency_kalman_em,exact,2024:Q3:pre_advance:exact,2024-10-29,pre_advance,2024:Q3,A,S,4.228444300233514,0.0,0.06060646833797471,18.61330771538359,True,5,0.02
monthly_mixed_frequency_kalman_em,exact,2024:Q3:pre_advance:exact,2024-10-29,pre_advance,2024:Q3,A,T,4.204872106966897,0.0,0.06060646833797471,18.61330771538359,True,5,0.02
monthly_mixed_frequency_kalman_em,exact,2024:Q3:pre_advance:exact,2024-10-29,pre_advance,2024:Q3,M,A,4.185228612578048,0.0,0.06060646833797471,18.61330771538359,True,5,0.02
monthly_mixed_frequency_kalman_em,exact,2024:Q3:pre_advance:exact,2024-10-29,pre_advance,2024:Q3,M,M,8.619449068720964,0.0,0.06060646833797471,18.61330771538359,True,5,0.02
monthly_mixed_frequency_kalman_em,exact,2024:Q3:pre_advance:exact,2024-10-29,pre_advance,2024:Q3,M,S,4.367092315454751,0.0,0.06060646833797471,18.61330771538359,True,5,0.02
monthly_mixed_frequency_kalman_em,exact,2024:Q3:pre_advance:exact,2024-10-29,pre_advance,2024:Q3,M,T,4.488334784039219,0.0,0.06060646833797471,18.61330771538359,True,5,0.02
monthly_mixed_frequency_kalman_em,exact,2024:Q3:pre_advance:exact,2024-10-29,pre_advance,2024:Q3,S,A,4.228444300233514,0.0,0.06060646833797471,18.61330771538359,True,5,0.02
monthly_mixed_frequency_kalman_em,exact,2024:Q3:pre_advance:exact,2024-10-29,pre_advance,2024:Q3,S,M,4.367092315454751,0.0,0.06060646833797471,18.61330771538359,True,5,0.02
monthly_mixed_frequency_kalman_em,exact,2024:Q3:pre_advance:exact,2024-10-29,pre_advance,2024:Q3,S,S,4.342468406863531,0.0,0.06060646833797471,18.61330771538359,True,5,0.02
monthly_mixed_frequency_kalman_em,exact,2024:Q3:pre_advance:exact,2024-10-29,pre_advance,2024:Q3,S,T,4.332430311649442,0.0,0.06060646833797471,18.61330771538359,True,5,0.02
monthly_mixed_frequency_kalman_em,exact,2024:Q3:pre_advance:exact,2024-10-29,pre_advance,2024:Q3,T,A,4.204872106966897,0.0,0.06060646833797471,18.61330771538359,True,5,0.02
monthly_mixed_frequency_kalman_em,exact,2024:Q3:pre_advance:exact,2024-10-29,pre_advance,2024:Q3,T,M,4.488334784039219,0.0,0.06060646833797471,18.61330771538359,True,5,0.02
monthly_mixed_frequency_kalman_em,exact,2024:Q3:pre_advance:exact,2024-10-29,pre_advance,2024:Q3,T,S,4.332430311649442,0.0,0.06060646833797471,18.61330771538359,True,5,0.02
monthly_mixed_frequency_kalman_em,exact,2024:Q3:pre_advance:exact,2024-10-29,pre_advance,2024:Q3,T,T,4.466967424539955,0.0,0.06060646833797471,18.61330771538359,True,5,0.02
revision_dfm_kalman_em,exact,2024:Q3:pre_advance:exact,2024-10-29,pre_advance,2024:Q3,A,A,2.9241815779107907,4.440892098500626e-16,0.06534243933166216,14.632880209626261,True,5,0.02
revision_dfm_kalman_em,exact,2024:Q3:pre_advance:exact,2024-10-29,pre_advance,2024:Q3,A,M,3.044901361524102,4.440892098500626e-16,0.06534243933166216,14.632880209626261,True,5,0.02
revision_dfm_kalman_em,exact,2024:Q3:pre_advance:exact,2024-10-29,pre_advance,2024:Q3,A,S,3.0316273641055926,4.440892098500626e-16,0.06534243933166216,14.632880209626261,True,5,0.02
revision_dfm_kalman_em,exact,2024:Q3:pre_advance:exact,2024-10-29,pre_advance,2024:Q3,A,T,3.0395917625566984,4.440892098500626e-16,0.06534243933166216,14.632880209626261,True,5,0.02
revision_dfm_kalman_em,exact,2024:Q3:pre_advance:exact,2024-10-29,pre_advance,2024:Q3,M,A,3.044901361524102,4.440892098500626e-16,0.06534243933166216,14.632880209626261,True,5,0.02
revision_dfm_kalman_em,exact,2024:Q3:pre_advance:exact,2024-10-29,pre_advance,2024:Q3,M,M,7.574032591178008,4.440892098500626e-16,0.06534243933166216,14.632880209626261,True,5,0.02
revision_dfm_kalman_em,exact,2024:Q3:pre_advance:exact,2024-10-29,pre_advance,2024:Q3,M,S,3.5243051494700373,4.440892098500626e-16,0.06534243933166216,14.632880209626261,True,5,0.02
revision_dfm_kalman_em,exact,2024:Q3:pre_advance:exact,2024-10-29,pre_advance,2024:Q3,M,T,3.5394442164578033,4.440892098500626e-16,0.06534243933166216,14.632880209626261,True,5,0.02
revision_dfm_kalman_em,exact,2024:Q3:pre_advance:exact,2024-10-29,pre_advance,2024:Q3,S,A,3.0316273641055926,4.440892098500626e-16,0.06534243933166216,14.632880209626261,True,5,0.02
revision_dfm_kalman_em,exact,2024:Q3:pre_advance:exact,2024-10-29,pre_advance,2024:Q3,S,M,3.5243051494700373,4.440892098500626e-16,0.06534243933166216,14.632880209626261,True,5,0.02
revision_dfm_kalman_em,exact,2024:Q3:pre_advance:exact,2024-10-29,pre_advance,2024:Q3,S,S,3.5242495909638096,4.440892098500626e-16,0.06534243933166216,14.632880209626261,True,5,0.02
revision_dfm_kalman_em,exact,2024:Q3:pre_advance:exact,2024-10-29,pre_advance,2024:Q3,S,T,3.5144515937627485,4.440892098500626e-16,0.06534243933166216,14.632880209626261,True,5,0.02
revision_dfm_kalman_em,exact,2024:Q3:pre_advance:exact,2024-10-29,pre_advance,2024:Q3,T,A,3.039591762556698,4.440892098500626e-16,0.06534243933166216,14.632880209626261,True,5,0.02
revision_dfm_kalman_em,exact,2024:Q3:pre_advance:exact,2024-10-29,pre_advance,2024:Q3,T,M,3.5394442164578033,4.440892098500626e-16,0.06534243933166216,14.632880209626261,True,5,0.02
revision_dfm_kalman_em,exact,2024:Q3:pre_advance:exact,2024-10-29,pre_advance,2024:Q3,T,S,3.514451593762748,4.440892098500626e-16,0.06534243933166216,14.632880209626261,True,5,0.02
revision_dfm_kalman_em,exact,2024:Q3:pre_advance:exact,2024-10-29,pre_advance,2024:Q3,T,T,3.6450987975522575,4.440892098500626e-16,0.06534243933166216,14.632880209626261,True,5,0.02
indicator_revision_only_dfm_kalman_em,pseudo,2024:Q3:pre_advance:pseudo,2024-10-31,pre_advance,2024:Q3,A,A,3.8811256090567823,0.0,0.06541870913844523,15.342348266661368,True,5,0.02
indicator_revision_only_dfm_kalman_em,pseudo,2024:Q3:pre_advance:pseudo,2024-10-31,pre_advance,2024:Q3,A,M,3.4934228441708597,0.0,0.06541870913844523,15.342348266661368,True,5,0.02
indicator_revision_only_dfm_kalman_em,pseudo,2024:Q3:pre_advance:pseudo,2024-10-31,pre_advance,2024:Q3,A,S,3.4934228441708597,0.0,0.06541870913844523,15.342348266661368,True,5,0.02
indicator_revision_only_dfm_kalman_em,pseudo,2024:Q3:pre_advance:pseudo,2024-10-31,pre_advance,2024:Q3,A,T,3.4934228441708597,0.0,0.06541870913844523,15.342348266661368,True,5,0.02
indicator_revision_only_dfm_kalman_em,pseudo,2024:Q3:pre_advance:pseudo,2024-10-31,pre_advance,2024:Q3,M,A,3.4934228441708597,0.0,0.06541870913844523,15.342348266661368,True,5,0.02
indicator_revision_only_dfm_kalman_em,pseudo,2024:Q3:pre_advance:pseudo,2024-10-31,pre_advance,2024:Q3,M,M,7.525791603920189,0.0,0.06541870913844523,15.342348266661368,True,5,0.02
indicator_revision_only_dfm_kalman_em,pseudo,2024:Q3:pre_advance:pseudo,2024-10-31,pre_advance,2024:Q3,M,S,3.4934228441708597,0.0,0.06541870913844523,15.342348266661368,True,5,0.02
indicator_revision_only_dfm_kalman_em,pseudo,2024:Q3:pre_advance:pseudo,2024-10-31,pre_advance,2024:Q3,M,T,3.4934228441708597,0.0,0.06541870913844523,15.342348266661368,True,5,0.02
indicator_revision_only_dfm_kalman_em,pseudo,2024:Q3:pre_advance:pseudo,2024-10-31,pre_advance,2024:Q3,S,A,3.4934228441708597,0.0,0.06541870913844523,15.342348266661368,True,5,0.02
indicator_revision_only_dfm_kalman_em,pseudo,2024:Q3:pre_advance:pseudo,2024-10-31,pre_advance,2024:Q3,S,M,3.4934228441708597,0.0,0.06541870913844523,15.342348266661368,True,5,0.02
indicator_revision_only_dfm_kalman_em,pseudo,2024:Q3:pre_advance:pseudo,2024-10-31,pre_advance,2024:Q3,S,S,3.5088109453981815,0.0,0.06541870913844523,15.342348266661368,True,5,0.02
indicator_revision_only_dfm_kalman_em,pseudo,2024:Q3:pre_advance:pseudo,2024-10-31,pre_advance,2024:Q3,S,T,3.4934228441708597,0.0,0.06541870913844523,15.342348266661368,True,5,0.02
indicator_revision_only_dfm_kalman_em,pseudo,2024:Q3:pre_advance:pseudo,2024-10-31,pre_advance,2024:Q3,T,A,3.4934228441708597,0.0,0.06541870913844523,15.342348266661368,True,5,0.02
indicator_revision_only_dfm_kalman_em,pseudo,2024:Q3:pre_advance:pseudo,2024-10-31,pre_advance,2024:Q3,T,M,3.4934228441708597,0.0,0.06541870913844523,15.342348266661368,True,5,0.02
indicator_revision_only_dfm_kalman_em,pseudo,2024:Q3:pre_advance:pseudo,2024-10-31,pre_advance,2024:Q3,T,S,3.4934228441708597,0.0,0.06541870913844523,15.342348266661368,True,5,0.02
indicator_revision_only_dfm_kalman_em,pseudo,2024:Q3:pre_advance:pseudo,2024-10-31,pre_advance,2024:Q3,T,T,3.620016442355312,0.0,0.06541870913844523,15.342348266661368,True,5,0.02
joint_indicator_revision_dfm_full_kalman_em,pseudo,2024:Q3:pre_advance:pseudo,2024-10-31,pre_advance,2024:Q3,A,A,2.931411971225494,4.440892098500626e-16,0.0635213869024342,15.549812917520542,True,5,0.02
joint_indicator_revision_dfm_full_kalman_em,pseudo,2024:Q3:pre_advance:pseudo,2024-10-31,pre_advance,2024:Q3,A,M,3.2023242300562758,4.440892098500626e-16,0.0635213869024342,15.549812917520542,True,5,0.02
joint_indicator_revision_dfm_full_kalman_em,pseudo,2024:Q3:pre_advance:pseudo,2024-10-31,pre_advance,2024:Q3,A,S,3.1794816813463807,4.440892098500626e-16,0.0635213869024342,15.549812917520542,True,5,0.02
joint_indicator_revision_dfm_full_kalman_em,pseudo,2024:Q3:pre_advance:pseudo,2024-10-31,pre_advance,2024:Q3,A,T,3.1931872105723174,4.440892098500626e-16,0.0635213869024342,15.549812917520542,True,5,0.02
joint_indicator_revision_dfm_full_kalman_em,pseudo,2024:Q3:pre_advance:pseudo,2024-10-31,pre_advance,2024:Q3,M,A,3.2023242300562758,4.440892098500626e-16,0.0635213869024342,15.549812917520542,True,5,0.02
joint_indicator_revision_dfm_full_kalman_em,pseudo,2024:Q3:pre_advance:pseudo,2024-10-31,pre_advance,2024:Q3,M,M,7.88573140587368,4.440892098500626e-16,0.0635213869024342,15.549812917520542,True,5,0.02
joint_indicator_revision_dfm_full_kalman_em,pseudo,2024:Q3:pre_advance:pseudo,2024-10-31,pre_advance,2024:Q3,M,S,3.814825944573476,4.440892098500626e-16,0.0635213869024342,15.549812917520542,True,5,0.02
joint_indicator_revision_dfm_full_kalman_em,pseudo,2024:Q3:pre_advance:pseudo,2024-10-31,pre_advance,2024:Q3,M,T,3.834168103979282,4.440892098500626e-16,0.0635213869024342,15.549812917520542,True,5,0.02
joint_indicator_revision_dfm_full_kalman_em,pseudo,2024:Q3:pre_advance:pseudo,2024-10-31,pre_advance,2024:Q3,S,A,3.17948168134638,4.440892098500626e-16,0.0635213869024342,15.549812917520542,True,5,0.02
joint_indicator_revision_dfm_full_kalman_em,pseudo,2024:Q3:pre_advance:pseudo,2024-10-31,pre_advance,2024:Q3,S,M,3.814825944573476,4.440892098500626e-16,0.0635213869024342,15.549812917520542,True,5,0.02
joint_indicator_revision_dfm_full_kalman_em,pseudo,2024:Q3:pre_advance:pseudo,2024-10-31,pre_advance,2024:Q3,S,S,3.801050658389428,4.440892098500626e-16,0.0635213869024342,15.549812917520542,True,5,0.02
joint_indicator_revision_dfm_full_kalman_em,pseudo,2024:Q3:pre_advance:pseudo,2024-10-31,pre_advance,2024:Q3,S,T,3.802119059308934,4.440892098500626e-16,0.0635213869024342,15.549812917520542,True,5,0.02
joint_indicator_revision_dfm_full_kalman_em,pseudo,2024:Q3:pre_advance:pseudo,2024-10-31,pre_advance,2024:Q3,T,A,3.1931872105723174,4.440892098500626e-16,0.0635213869024342,15.549812917520542,True,5,0.02
joint_indicator_revision_dfm_full_kalman_em,pseudo,2024:Q3:pre_advance:pseudo,2024-10-31,pre_advance,2024:Q3,T,M,3.834168103979282,4.440892098500626e-16,0.0635213869024342,15.549812917520542,True,5,0.02
joint_indicator_revision_dfm_full_kalman_em,pseudo,2024:Q3:pre_advance:pseudo,2024-10-31,pre_advance,2024:Q3,T,S,3.802119059308934,4.440892098500626e-16,0.0635213869024342,15.549812917520542,True,5,0.02
joint_indicator_revision_dfm_full_kalman_em,pseudo,2024:Q3:pre_advance:pseudo,2024-10-31,pre_advance,2024:Q3,T,T,3.942614024904502,4.440892098500626e-16,0.0635213869024342,15.549812917520542,True,5,0.02
monthly_mixed_frequency_kalman_em,pseudo,2024:Q3:pre_advance:pseudo,2024-10-31,pre_advance,2024:Q3,A,A,4.475974318155211,0.0,0.06060657652983404,18.61276816829324,True,5,0.02
monthly_mixed_frequency_kalman_em,pseudo,2024:Q3:pre_advance:pseudo,2024-10-31,pre_advance,2024:Q3,A,M,4.185092051644876,0.0,0.06060657652983404,18.61276816829324,True,5,0.02
monthly_mixed_frequency_kalman_em,pseudo,2024:Q3:pre_advance:pseudo,2024-10-31,pre_advance,2024:Q3,A,S,4.228307763319012,0.0,0.06060657652983404,18.61276816829324,True,5,0.02
monthly_mixed_frequency_kalman_em,pseudo,2024:Q3:pre_advance:pseudo,2024-10-31,pre_advance,2024:Q3,A,T,4.204735556951301,0.0,0.06060657652983404,18.61276816829324,True,5,0.02
monthly_mixed_frequency_kalman_em,pseudo,2024:Q3:pre_advance:pseudo,2024-10-31,pre_advance,2024:Q3,M,A,4.185092051644876,0.0,0.06060657652983404,18.61276816829324,True,5,0.02
monthly_mixed_frequency_kalman_em,pseudo,2024:Q3:pre_advance:pseudo,2024-10-31,pre_advance,2024:Q3,M,M,8.619311976691149,0.0,0.06060657652983404,18.61276816829324,True,5,0.02
monthly_mixed_frequency_kalman_em,pseudo,2024:Q3:pre_advance:pseudo,2024-10-31,pre_advance,2024:Q3,M,S,4.366955364410088,0.0,0.06060657652983404,18.61276816829324,True,5,0.02
monthly_mixed_frequency_kalman_em,pseudo,2024:Q3:pre_advance:pseudo,2024-10-31,pre_advance,2024:Q3,M,T,4.488197572920228,0.0,0.06060657652983404,18.61276816829324,True,5,0.02
monthly_mixed_frequency_kalman_em,pseudo,2024:Q3:pre_advance:pseudo,2024-10-31,pre_advance,2024:Q3,S,A,4.228307763319012,0.0,0.06060657652983404,18.61276816829324,True,5,0.02
monthly_mixed_frequency_kalman_em,pseudo,2024:Q3:pre_advance:pseudo,2024-10-31,pre_advance,2024:Q3,S,M,4.366955364410088,0.0,0.06060657652983404,18.61276816829324,True,5,0.02
monthly_mixed_frequency_kalman_em,pseudo,2024:Q3:pre_advance:pseudo,2024-10-31,pre_advance,2024:Q3,S,S,4.342332067529463,0.0,0.06060657652983404,18.61276816829324,True,5,0.02
monthly_mixed_frequency_kalman_em,pseudo,2024:Q3:pre_advance:pseudo,2024-10-31,pre_advance,2024:Q3,S,T,4.332293464137319,0.0,0.06060657652983404,18.61276816829324,True,5,0.02
monthly_mixed_frequency_kalman_em,pseudo,2024:Q3:pre_advance:pseudo,2024-10-31,pre_advance,2024:Q3,T,A,4.204735556951301,0.0,0.06060657652983404,18.61276816829324,True,5,0.02
monthly_mixed_frequency_kalman_em,pseudo,2024:Q3:pre_advance:pseudo,2024-10-31,pre_advance,2024:Q3,T,M,4.488197572920228,0.0,0.06060657652983404,18.61276816829324,True,5,0.02
monthly_mixed_frequency_kalman_em,pseudo,2024:Q3:pre_advance:pseudo,2024-10-31,pre_advance,2024:Q3,T,S,4.332293464137319,0.0,0.06060657652983404,18.61276816829324,True,5,0.02
monthly_mixed_frequency_kalman_em,pseudo,2024:Q3:pre_advance:pseudo,2024-10-31,pre_advance,2024:Q3,T,T,4.466830281255707,0.0,0.06060657652983404,18.61276816829324,True,5,0.02
revision_dfm_kalman_em,pseudo,2024:Q3:pre_advance:pseudo,2024-10-31,pre_advance,2024:Q3,A,A,2.924162700105535,8.881784197001252e-16,0.06534244365878424,14.632798804516788,True,5,0.02
revision_dfm_kalman_em,pseudo,2024:Q3:pre_advance:pseudo,2024-10-31,pre_advance,2024:Q3,A,M,3.0448809623030777,8.881784197001252e-16,0.06534244365878424,14.632798804516788,True,5,0.02
revision_dfm_kalman_em,pseudo,2024:Q3:pre_advance:pseudo,2024-10-31,pre_advance,2024:Q3,A,S,3.03160704504839,8.881784197001252e-16,0.06534244365878424,14.632798804516788,True,5,0.02
revision_dfm_kalman_em,pseudo,2024:Q3:pre_advance:pseudo,2024-10-31,pre_advance,2024:Q3,A,T,3.039571395401203,8.881784197001252e-16,0.06534244365878424,14.632798804516788,True,5,0.02
revision_dfm_kalman_em,pseudo,2024:Q3:pre_advance:pseudo,2024-10-31,pre_advance,2024:Q3,M,A,3.0448809623030777,8.881784197001252e-16,0.06534244365878424,14.632798804516788,True,5,0.02
revision_dfm_kalman_em,pseudo,2024:Q3:pre_advance:pseudo,2024-10-31,pre_advance,2024:Q3,M,M,7.57401112193196,8.881784197001252e-16,0.06534244365878424,14.632798804516788,True,5,0.02
revision_dfm_kalman_em,pseudo,2024:Q3:pre_advance:pseudo,2024-10-31,pre_advance,2024:Q3,M,S,3.524283693612057,8.881784197001252e-16,0.06534244365878424,14.632798804516788,True,5,0.02
revision_dfm_kalman_em,pseudo,2024:Q3:pre_advance:pseudo,2024-10-31,pre_advance,2024:Q3,M,T,3.5394227272323406,8.881784197001252e-16,0.06534244365878424,14.632798804516788,True,5,0.02
revision_dfm_kalman_em,pseudo,2024:Q3:pre_advance:pseudo,2024-10-31,pre_advance,2024:Q3,S,A,3.0316070450483896,8.881784197001252e-16,0.06534244365878424,14.632798804516788,True,5,0.02
revision_dfm_kalman_em,pseudo,2024:Q3:pre_advance:pseudo,2024-10-31,pre_advance,2024:Q3,S,M,3.524283693612057,8.881784197001252e-16,0.06534244365878424,14.632798804516788,True,5,0.02
revision_dfm_kalman_em,pseudo,2024:Q3:pre_advance:pseudo,2024-10-31,pre_advance,2024:Q3,S,S,3.524228192299712,8.881784197001252e-16,0.06534244365878424,14.632798804516788,True,5,0.02
revision_dfm_kalman_em,pseudo,2024:Q3:pre_advance:pseudo,2024-10-31,pre_advance,2024:Q3,S,T,3.5144301606407837,8.881784197001252e-16,0.06534244365878424,14.632798804516788,True,5,0.02
revision_dfm_kalman_em,pseudo,2024:Q3:pre_advance:pseudo,2024-10-31,pre_advance,2024:Q3,T,A,3.039571395401202,8.881784197001252e-16,0.06534244365878424,14.632798804516788,True,5,0.02
revision_dfm_kalman_em,pseudo,2024:Q3:pre_advance:pseudo,2024-10-31,pre_advance,2024:Q3,T,M,3.5394227272323406,8.881784197001252e-16,0.06534244365878424,14.632798804516788,True,5,0.02
revision_dfm_kalman_em,pseudo,2024:Q3:pre_advance:pseudo,2024-10-31,pre_advance,2024:Q3,T,S,3.5144301606407837,8.881784197001252e-16,0.06534244365878424,14.632798804516788,True,5,0.02
revision_dfm_kalman_em,pseudo,2024:Q3:pre_advance:pseudo,2024-10-31,pre_advance,2024:Q3,T,T,3.645077329709886,8.881784197001252e-16,0.06534244365878424,14.632798804516788,True,5,0.02
indicator_revision_only_dfm_kalman_em,exact,2024:Q3:pre_second:exact,2024-11-26,pre_second,2024:Q3,A,A,0.7361486912257417,0.0,0.06169986434133188,4.492646849323237,True,5,0.02
indicator_revision_only_dfm_kalman_em,exact,2024:Q3:pre_second:exact,2024-11-26,pre_second,2024:Q3,A,M,0.3486370067089809,0.0,0.06169986434133188,4.492646849323237,True,5,0.02
indicator_revision_only_dfm_kalman_em,exact,2024:Q3:pre_second:exact,2024-11-26,pre_second,2024:Q3,A,S,0.3486370067089809,0.0,0.06169986434133188,4.492646849323237,True,5,0.02
indicator_revision_only_dfm_kalman_em,exact,2024:Q3:pre_second:exact,2024-11-26,pre_second,2024:Q3,A,T,0.3486370067089809,0.0,0.06169986434133188,4.492646849323237,True,5,0.02
indicator_revision_only_dfm_kalman_em,exact,2024:Q3:pre_second:exact,2024-11-26,pre_second,2024:Q3,M,A,0.3486370067089809,0.0,0.06169986434133188,4.492646849323237,True,5,0.02
indicator_revision_only_dfm_kalman_em,exact,2024:Q3:pre_second:exact,2024-11-26,pre_second,2024:Q3,M,M,4.380947435480136,0.0,0.06169986434133188,4.492646849323237,True,5,0.02
indicator_revision_only_dfm_kalman_em,exact,2024:Q3:pre_second:exact,2024-11-26,pre_second,2024:Q3,M,S,0.3486370067089809,0.0,0.06169986434133188,4.492646849323237,True,5,0.02
indicator_revision_only_dfm_kalman_em,exact,2024:Q3:pre_second:exact,2024-11-26,pre_second,2024:Q3,M,T,0.3486370067089809,0.0,0.06169986434133188,4.492646849323237,True,5,0.02
indicator_revision_only_dfm_kalman_em,exact,2024:Q3:pre_second:exact,2024-11-26,pre_second,2024:Q3,S,A,0.3486370067089809,0.0,0.06169986434133188,4.492646849323237,True,5,0.02
indicator_revision_only_dfm_kalman_em,exact,2024:Q3:pre_second:exact,2024-11-26,pre_second,2024:Q3,S,M,0.3486370067089809,0.0,0.06169986434133188,4.492646849323237,True,5,0.02
indicator_revision_only_dfm_kalman_em,exact,2024:Q3:pre_second:exact,2024-11-26,pre_second,2024:Q3,S,S,0.3640440229549146,0.0,0.06169986434133188,4.492646849323237,True,5,0.02
indicator_revision_only_dfm_kalman_em,exact,2024:Q3:pre_second:exact,2024-11-26,pre_second,2024:Q3,S,T,0.3486370067089809,0.0,0.06169986434133188,4.492646849323237,True,5,0.02
indicator_revision_only_dfm_kalman_em,exact,2024:Q3:pre_second:exact,2024-11-26,pre_second,2024:Q3,T,A,0.3486370067089809,0.0,0.06169986434133188,4.492646849323237,True,5,0.02
indicator_revision_only_dfm_kalman_em,exact,2024:Q3:pre_second:exact,2024-11-26,pre_second,2024:Q3,T,M,0.3486370067089809,0.0,0.06169986434133188,4.492646849323237,True,5,0.02
indicator_revision_only_dfm_kalman_em,exact,2024:Q3:pre_second:exact,2024-11-26,pre_second,2024:Q3,T,S,0.3486370067089809,0.0,0.06169986434133188,4.492646849323237,True,5,0.02
indicator_revision_only_dfm_kalman_em,exact,2024:Q3:pre_second:exact,2024-11-26,pre_second,2024:Q3,T,T,0.475220579734258,0.0,0.06169986434133188,4.492646849323237,True,5,0.02
joint_indicator_revision_dfm_full_kalman_em,exact,2024:Q3:pre_second:exact,2024-11-26,pre_second,2024:Q3,A,A,0.3622889212000043,5.551115123125783e-17,0.06191213839268973,4.465597753838214,True,5,0.02
joint_indicator_revision_dfm_full_kalman_em,exact,2024:Q3:pre_second:exact,2024-11-26,pre_second,2024:Q3,A,M,0.2042653481327969,5.551115123125783e-17,0.06191213839268973,4.465597753838214,True,5,0.02
joint_indicator_revision_dfm_full_kalman_em,exact,2024:Q3:pre_second:exact,2024-11-26,pre_second,2024:Q3,A,S,0.20281012659884454,5.551115123125783e-17,0.06191213839268973,4.465597753838214,True,5,0.02
joint_indicator_revision_dfm_full_kalman_em,exact,2024:Q3:pre_second:exact,2024-11-26,pre_second,2024:Q3,A,T,0.20368325951921595,5.551115123125783e-17,0.06191213839268973,4.465597753838214,True,5,0.02
joint_indicator_revision_dfm_full_kalman_em,exact,2024:Q3:pre_second:exact,2024-11-26,pre_second,2024:Q3,M,A,0.2042653481327969,5.551115123125783e-17,0.06191213839268973,4.465597753838214,True,5,0.02
joint_indicator_revision_dfm_full_kalman_em,exact,2024:Q3:pre_second:exact,2024-11-26,pre_second,2024:Q3,M,M,4.38760722800602,5.551115123125783e-17,0.06191213839268973,4.465597753838214,True,5,0.02
joint_indicator_revision_dfm_full_kalman_em,exact,2024:Q3:pre_second:exact,2024-11-26,pre_second,2024:Q3,M,S,0.3417578326277734,5.551115123125783e-17,0.06191213839268973,4.465597753838214,True,5,0.02
joint_indicator_revision_dfm_full_kalman_em,exact,2024:Q3:pre_second:exact,2024-11-26,pre_second,2024:Q3,M,T,0.3460997005591937,5.551115123125783e-17,0.06191213839268973,4.465597753838214,True,5,0.02
joint_indicator_revision_dfm_full_kalman_em,exact,2024:Q3:pre_second:exact,2024-11-26,pre_second,2024:Q3,S,A,0.2028101265988445,5.551115123125783e-17,0.06191213839268973,4.465597753838214,True,5,0.02
joint_indicator_revision_dfm_full_kalman_em,exact,2024:Q3:pre_second:exact,2024-11-26,pre_second,2024:Q3,S,M,0.3417578326277734,5.551115123125783e-17,0.06191213839268973,4.465597753838214,True,5,0.02
joint_indicator_revision_dfm_full_kalman_em,exact,2024:Q3:pre_second:exact,2024-11-26,pre_second,2024:Q3,S,S,0.35280268030720396,5.551115123125783e-17,0.06191213839268973,4.465597753838214,True,5,0.02
joint_indicator_revision_dfm_full_kalman_em,exact,2024:Q3:pre_second:exact,2024-11-26,pre_second,2024:Q3,S,T,0.33897887850719477,5.551115123125783e-17,0.06191213839268973,4.465597753838214,True,5,0.02
joint_indicator_revision_dfm_full_kalman_em,exact,2024:Q3:pre_second:exact,2024-11-26,pre_second,2024:Q3,T,A,0.20368325951921595,5.551115123125783e-17,0.06191213839268973,4.465597753838214,True,5,0.02
joint_indicator_revision_dfm_full_kalman_em,exact,2024:Q3:pre_second:exact,2024-11-26,pre_second,2024:Q3,T,M,0.3460997005591937,5.551115123125783e-17,0.06191213839268973,4.465597753838214,True,5,0.02
joint_indicator_revision_dfm_full_kalman_em,exact,2024:Q3:pre_second:exact,2024-11-26,pre_second,2024:Q3,T,S,0.3389788785071948,5.551115123125783e-17,0.06191213839268973,4.465597753838214,True,5,0.02
joint_indicator_revision_dfm_full_kalman_em,exact,2024:Q3:pre_second:exact,2024-11-26,pre_second,2024:Q3,T,T,0.46452928828003476,5.551115123125783e-17,0.06191213839268973,4.465597753838214,True,5,0.02
monthly_mixed_frequency_kalman_em,exact,2024:Q3:pre_second:exact,2024-11-26,pre_second,2024:Q3,A,A,0.41407670989700046,0.0,0.05799669563286019,4.8392357874295975,True,5,0.02
monthly_mixed_frequency_kalman_em,exact,2024:Q3:pre_second:exact,2024-11-26,pre_second,2024:Q3,A,M,0.19830499381815836,0.0,0.05799669563286019,4.8392357874295975,True,5,0.02
monthly_mixed_frequency_kalman_em,exact,2024:Q3:pre_second:exact,2024-11-26,pre_second,2024:Q3,A,S,0.20033286853741697,0.0,0.05799669563286019,4.8392357874295975,True,5,0.02
monthly_mixed_frequency_kalman_em,exact,2024:Q3:pre_second:exact,2024-11-26,pre_second,2024:Q3,A,T,0.19922675505418502,0.0,0.05799669563286019,4.8392357874295975,True,5,0.02
monthly_mixed_frequency_kalman_em,exact,2024:Q3:pre_second:exact,2024-11-26,pre_second,2024:Q3,M,A,0.19830499381815836,0.0,0.05799669563286019,4.8392357874295975,True,5,0.02
monthly_mixed_frequency_kalman_em,exact,2024:Q3:pre_second:exact,2024-11-26,pre_second,2024:Q3,M,M,4.7064292240219086,0.0,0.05799669563286019,4.8392357874295975,True,5,0.02
monthly_mixed_frequency_kalman_em,exact,2024:Q3:pre_second:exact,2024-11-26,pre_second,2024:Q3,M,S,0.41329235840736406,0.0,0.05799669563286019,4.8392357874295975,True,5,0.02
monthly_mixed_frequency_kalman_em,exact,2024:Q3:pre_second:exact,2024-11-26,pre_second,2024:Q3,M,T,0.5566172681335012,0.0,0.05799669563286019,4.8392357874295975,True,5,0.02
monthly_mixed_frequency_kalman_em,exact,2024:Q3:pre_second:exact,2024-11-26,pre_second,2024:Q3,S,A,0.20033286853741697,0.0,0.05799669563286019,4.8392357874295975,True,5,0.02
monthly_mixed_frequency_kalman_em,exact,2024:Q3:pre_second:exact,2024-11-26,pre_second,2024:Q3,S,M,0.41329235840736406,0.0,0.05799669563286019,4.8392357874295975,True,5,0.02
monthly_mixed_frequency_kalman_em,exact,2024:Q3:pre_second:exact,2024-11-26,pre_second,2024:Q3,S,S,0.3478221062026544,0.0,0.05799669563286019,4.8392357874295975,True,5,0.02
monthly_mixed_frequency_kalman_em,exact,2024:Q3:pre_second:exact,2024-11-26,pre_second,2024:Q3,S,T,0.3600524859398773,0.0,0.05799669563286019,4.8392357874295975,True,5,0.02
monthly_mixed_frequency_kalman_em,exact,2024:Q3:pre_second:exact,2024-11-26,pre_second,2024:Q3,T,A,0.19922675505418502,0.0,0.05799669563286019,4.8392357874295975,True,5,0.02
monthly_mixed_frequency_kalman_em,exact,2024:Q3:pre_second:exact,2024-11-26,pre_second,2024:Q3,T,M,0.5566172681335012,0.0,0.05799669563286019,4.8392357874295975,True,5,0.02
monthly_mixed_frequency_kalman_em,exact,2024:Q3:pre_second:exact,2024-11-26,pre_second,2024:Q3,T,S,0.3600524859398773,0.0,0.05799669563286019,4.8392357874295975,True,5,0.02
monthly_mixed_frequency_kalman_em,exact,2024:Q3:pre_second:exact,2024-11-26,pre_second,2024:Q3,T,T,0.5167547938294659,0.0,0.05799669563286019,4.8392357874295975,True,5,0.02
revision_dfm_kalman_em,exact,2024:Q3:pre_second:exact,2024-11-26,pre_second,2024:Q3,A,A,0.2828835289475848,2.7755575615628914e-17,0.0648053704716492,4.486011290392501,True,5,0.02
revision_dfm_kalman_em,exact,2024:Q3:pre_second:exact,2024-11-26,pre_second,2024:Q3,A,M,0.15104075512843856,2.7755575615628914e-17,0.0648053704716492,4.486011290392501,True,5,0.02
revision_dfm_kalman_em,exact,2024:Q3:pre_second:exact,2024-11-26,pre_second,2024:Q3,A,S,0.15037999616821376,2.7755575615628914e-17,0.0648053704716492,4.486011290392501,True,5,0.02
revision_dfm_kalman_em,exact,2024:Q3:pre_second:exact,2024-11-26,pre_second,2024:Q3,A,T,0.15077645154434863,2.7755575615628914e-17,0.0648053704716492,4.486011290392501,True,5,0.02
revision_dfm_kalman_em,exact,2024:Q3:pre_second:exact,2024-11-26,pre_second,2024:Q3,M,A,0.15104075512843856,2.7755575615628914e-17,0.0648053704716492,4.486011290392501,True,5,0.02
revision_dfm_kalman_em,exact,2024:Q3:pre_second:exact,2024-11-26,pre_second,2024:Q3,M,M,4.403511535672208,2.7755575615628914e-17,0.0648053704716492,4.486011290392501,True,5,0.02
revision_dfm_kalman_em,exact,2024:Q3:pre_second:exact,2024-11-26,pre_second,2024:Q3,M,S,0.3675890819553678,2.7755575615628914e-17,0.0648053704716492,4.486011290392501,True,5,0.02
revision_dfm_kalman_em,exact,2024:Q3:pre_second:exact,2024-11-26,pre_second,2024:Q3,M,T,0.374427450170955,2.7755575615628914e-17,0.0648053704716492,4.486011290392501,True,5,0.02
revision_dfm_kalman_em,exact,2024:Q3:pre_second:exact,2024-11-26,pre_second,2024:Q3,S,A,0.15037999616821376,2.7755575615628914e-17,0.0648053704716492,4.486011290392501,True,5,0.02
revision_dfm_kalman_em,exact,2024:Q3:pre_second:exact,2024-11-26,pre_second,2024:Q3,S,M,0.3675890819553678,2.7755575615628914e-17,0.0648053704716492,4.486011290392501,True,5,0.02
revision_dfm_kalman_em,exact,2024:Q3:pre_second:exact,2024-11-26,pre_second,2024:Q3,S,S,0.38130227446420667,2.7755575615628914e-17,0.0648053704716492,4.486011290392501,True,5,0.02
revision_dfm_kalman_em,exact,2024:Q3:pre_second:exact,2024-11-26,pre_second,2024:Q3,S,T,0.36324490023962475,2.7755575615628914e-17,0.0648053704716492,4.486011290392501,True,5,0.02
revision_dfm_kalman_em,exact,2024:Q3:pre_second:exact,2024-11-26,pre_second,2024:Q3,T,A,0.1507764515443486,2.7755575615628914e-17,0.0648053704716492,4.486011290392501,True,5,0.02
revision_dfm_kalman_em,exact,2024:Q3:pre_second:exact,2024-11-26,pre_second,2024:Q3,T,M,0.374427450170955,2.7755575615628914e-17,0.0648053704716492,4.486011290392501,True,5,0.02
revision_dfm_kalman_em,exact,2024:Q3:pre_second:exact,2024-11-26,pre_second,2024:Q3,T,S,0.36324490023962475,2.7755575615628914e-17,0.0648053704716492,4.486011290392501,True,5,0.02
revision_dfm_kalman_em,exact,2024:Q3:pre_second:exact,2024-11-26,pre_second,2024:Q3,T,T,0.485613640467189,2.7755575615628914e-17,0.0648053704716492,4.486011290392501,True,5,0.02
indicator_revision_only_dfm_kalman_em,pseudo,2024:Q3:pre_second:pseudo,2024-11-30,pre_second,2024:Q3,A,A,0.7361698825037682,0.0,0.061700052542880655,4.492681225064915,True,5,0.02
indicator_revision_only_dfm_kalman_em,pseudo,2024:Q3:pre_second:pseudo,2024-11-30,pre_second,2024:Q3,A,M,0.3486563409750326,0.0,0.061700052542880655,4.492681225064915,True,5,0.02
indicator_revision_only_dfm_kalman_em,pseudo,2024:Q3:pre_second:pseudo,2024-11-30,pre_second,2024:Q3,A,S,0.3486563409750326,0.0,0.061700052542880655,4.492681225064915,True,5,0.02
indicator_revision_only_dfm_kalman_em,pseudo,2024:Q3:pre_second:pseudo,2024-11-30,pre_second,2024:Q3,A,T,0.3486563409750326,0.0,0.061700052542880655,4.492681225064915,True,5,0.02
indicator_revision_only_dfm_kalman_em,pseudo,2024:Q3:pre_second:pseudo,2024-11-30,pre_second,2024:Q3,M,A,0.3486563409750326,0.0,0.061700052542880655,4.492681225064915,True,5,0.02
indicator_revision_only_dfm_kalman_em,pseudo,2024:Q3:pre_second:pseudo,2024-11-30,pre_second,2024:Q3,M,M,4.380968598334729,0.0,0.061700052542880655,4.492681225064915,True,5,0.02
indicator_revision_only_dfm_kalman_em,pseudo,2024:Q3:pre_second:pseudo,2024-11-30,pre_second,2024:Q3,M,S,0.3486563409750326,0.0,0.061700052542880655,4.492681225064915,True,5,0.02
indicator_revision_only_dfm_kalman_em,pseudo,2024:Q3:pre_second:pseudo,2024-11-30,pre_second,2024:Q3,M,T,0.3486563409750326,0.0,0.061700052542880655,4.492681225064915,True,5,0.02
indicator_revision_only_dfm_kalman_em,pseudo,2024:Q3:pre_second:pseudo,2024-11-30,pre_second,2024:Q3,S,A,0.3486563409750326,0.0,0.061700052542880655,4.492681225064915,True,5,0.02
indicator_revision_only_dfm_kalman_em,pseudo,2024:Q3:pre_second:pseudo,2024-11-30,pre_second,2024:Q3,S,M,0.3486563409750326,0.0,0.061700052542880655,4.492681225064915,True,5,0.02
indicator_revision_only_dfm_kalman_em,pseudo,2024:Q3:pre_second:pseudo,2024-11-30,pre_second,2024:Q3,S,S,0.36406377730664724,0.0,0.061700052542880655,4.492681225064915,True,5,0.02
indicator_revision_only_dfm_kalman_em,pseudo,2024:Q3:pre_second:pseudo,2024-11-30,pre_second,2024:Q3,S,T,0.3486563409750326,0.0,0.061700052542880655,4.492681225064915,True,5,0.02
indicator_revision_only_dfm_kalman_em,pseudo,2024:Q3:pre_second:pseudo,2024-11-30,pre_second,2024:Q3,T,A,0.3486563409750326,0.0,0.061700052542880655,4.492681225064915,True,5,0.02
indicator_revision_only_dfm_kalman_em,pseudo,2024:Q3:pre_second:pseudo,2024-11-30,pre_second,2024:Q3,T,M,0.3486563409750326,0.0,0.061700052542880655,4.492681225064915,True,5,0.02
indicator_revision_only_dfm_kalman_em,pseudo,2024:Q3:pre_second:pseudo,2024-11-30,pre_second,2024:Q3,T,S,0.3486563409750326,0.0,0.061700052542880655,4.492681225064915,True,5,0.02
indicator_revision_only_dfm_kalman_em,pseudo,2024:Q3:pre_second:pseudo,2024-11-30,pre_second,2024:Q3,T,T,0.4752389104542806,0.0,0.061700052542880655,4.492681225064915,True,5,0.02
joint_indicator_revision_dfm_full_kalman_em,pseudo,2024:Q3:pre_second:pseudo,2024-11-30,pre_second,2024:Q3,A,A,0.36250303264204436,5.551115123125783e-17,0.06191234391101659,4.465536804589049,True,5,0.02
joint_indicator_revision_dfm_full_kalman_em,pseudo,2024:Q3:pre_second:pseudo,2024-11-30,pre_second,2024:Q3,A,M,0.2043433612149559,5.551115123125783e-17,0.06191234391101659,4.465536804589049,True,5,0.02
joint_indicator_revision_dfm_full_kalman_em,pseudo,2024:Q3:pre_second:pseudo,2024-11-30,pre_second,2024:Q3,A,S,0.2028897178947839,5.551115123125783e-17,0.06191234391101659,4.465536804589049,True,5,0.02
joint_indicator_revision_dfm_full_kalman_em,pseudo,2024:Q3:pre_second:pseudo,2024-11-30,pre_second,2024:Q3,A,T,0.20376190388688709,5.551115123125783e-17,0.06191234391101659,4.465536804589049,True,5,0.02
joint_indicator_revision_dfm_full_kalman_em,pseudo,2024:Q3:pre_second:pseudo,2024-11-30,pre_second,2024:Q3,M,A,0.2043433612149559,5.551115123125783e-17,0.06191234391101659,4.465536804589049,True,5,0.02
joint_indicator_revision_dfm_full_kalman_em,pseudo,2024:Q3:pre_second:pseudo,2024-11-30,pre_second,2024:Q3,M,M,4.387549087831451,5.551115123125783e-17,0.06191234391101659,4.465536804589049,True,5,0.02
joint_indicator_revision_dfm_full_kalman_em,pseudo,2024:Q3:pre_second:pseudo,2024-11-30,pre_second,2024:Q3,M,S,0.3417213003658528,5.551115123125783e-17,0.06191234391101659,4.465536804589049,True,5,0.02
joint_indicator_revision_dfm_full_kalman_em,pseudo,2024:Q3:pre_second:pseudo,2024-11-30,pre_second,2024:Q3,M,T,0.3460595510758811,5.551115123125783e-17,0.06191234391101659,4.465536804589049,True,5,0.02
joint_indicator_revision_dfm_full_kalman_em,pseudo,2024:Q3:pre_second:pseudo,2024-11-30,pre_second,2024:Q3,S,A,0.2028897178947839,5.551115123125783e-17,0.06191234391101659,4.465536804589049,True,5,0.02
joint_indicator_revision_dfm_full_kalman_em,pseudo,2024:Q3:pre_second:pseudo,2024-11-30,pre_second,2024:Q3,S,M,0.3417213003658528,5.551115123125783e-17,0.06191234391101659,4.465536804589049,True,5,0.02
joint_indicator_revision_dfm_full_kalman_em,pseudo,2024:Q3:pre_second:pseudo,2024-11-30,pre_second,2024:Q3,S,S,0.35277325789721764,5.551115123125783e-17,0.06191234391101659,4.465536804589049,True,5,0.02
joint_indicator_revision_dfm_full_kalman_em,pseudo,2024:Q3:pre_second:pseudo,2024-11-30,pre_second,2024:Q3,S,T,0.3389446687164314,5.551115123125783e-17,0.06191234391101659,4.465536804589049,True,5,0.02
joint_indicator_revision_dfm_full_kalman_em,pseudo,2024:Q3:pre_second:pseudo,2024-11-30,pre_second,2024:Q3,T,A,0.20376190388688709,5.551115123125783e-17,0.06191234391101659,4.465536804589049,True,5,0.02
joint_indicator_revision_dfm_full_kalman_em,pseudo,2024:Q3:pre_second:pseudo,2024-11-30,pre_second,2024:Q3,T,M,0.3460595510758811,5.551115123125783e-17,0.06191234391101659,4.465536804589049,True,5,0.02
joint_indicator_revision_dfm_full_kalman_em,pseudo,2024:Q3:pre_second:pseudo,2024-11-30,pre_second,2024:Q3,T,S,0.33894466871643136,5.551115123125783e-17,0.06191234391101659,4.465536804589049,True,5,0.02
joint_indicator_revision_dfm_full_kalman_em,pseudo,2024:Q3:pre_second:pseudo,2024-11-30,pre_second,2024:Q3,T,T,0.4644921539245742,5.551115123125783e-17,0.06191234391101659,4.465536804589049,True,5,0.02
monthly_mixed_frequency_kalman_em,pseudo,2024:Q3:pre_second:pseudo,2024-11-30,pre_second,2024:Q3,A,A,0.41406186171981885,0.0,0.05799697678170794,4.839234054782613,True,5,0.02
monthly_mixed_frequency_kalman_em,pseudo,2024:Q3:pre_second:pseudo,2024-11-30,pre_second,2024:Q3,A,M,0.19829902723009038,0.0,0.05799697678170794,4.839234054782613,True,5,0.02
monthly_mixed_frequency_kalman_em,pseudo,2024:Q3:pre_second:pseudo,2024-11-30,pre_second,2024:Q3,A,S,0.20032608786789202,0.0,0.05799697678170794,4.839234054782613,True,5,0.02
monthly_mixed_frequency_kalman_em,pseudo,2024:Q3:pre_second:pseudo,2024-11-30,pre_second,2024:Q3,A,T,0.19922041842909113,0.0,0.05799697678170794,4.839234054782613,True,5,0.02
monthly_mixed_frequency_kalman_em,pseudo,2024:Q3:pre_second:pseudo,2024-11-30,pre_second,2024:Q3,M,A,0.19829902723009038,0.0,0.05799697678170794,4.839234054782613,True,5,0.02
monthly_mixed_frequency_kalman_em,pseudo,2024:Q3:pre_second:pseudo,2024-11-30,pre_second,2024:Q3,M,M,4.706429800002199,0.0,0.05799697678170794,4.839234054782613,True,5,0.02
monthly_mixed_frequency_kalman_em,pseudo,2024:Q3:pre_second:pseudo,2024-11-30,pre_second,2024:Q3,M,S,0.4132888915582752,0.0,0.05799697678170794,4.839234054782613,True,5,0.02
monthly_mixed_frequency_kalman_em,pseudo,2024:Q3:pre_second:pseudo,2024-11-30,pre_second,2024:Q3,M,T,0.5566154677770652,0.0,0.05799697678170794,4.839234054782613,True,5,0.02
monthly_mixed_frequency_kalman_em,pseudo,2024:Q3:pre_second:pseudo,2024-11-30,pre_second,2024:Q3,S,A,0.20032608786789202,0.0,0.05799697678170794,4.839234054782613,True,5,0.02
monthly_mixed_frequency_kalman_em,pseudo,2024:Q3:pre_second:pseudo,2024-11-30,pre_second,2024:Q3,S,M,0.4132888915582752,0.0,0.05799697678170794,4.839234054782613,True,5,0.02
monthly_mixed_frequency_kalman_em,pseudo,2024:Q3:pre_second:pseudo,2024-11-30,pre_second,2024:Q3,S,S,0.3478175838375527,0.0,0.05799697678170794,4.839234054782613,True,5,0.02
monthly_mixed_frequency_kalman_em,pseudo,2024:Q3:pre_second:pseudo,2024-11-30,pre_second,2024:Q3,S,T,0.3600481906356794,0.0,0.05799697678170794,4.839234054782613,True,5,0.02
monthly_mixed_frequency_kalman_em,pseudo,2024:Q3:pre_second:pseudo,2024-11-30,pre_second,2024:Q3,T,A,0.19922041842909113,0.0,0.05799697678170794,4.839234054782613,True,5,0.02
monthly_mixed_frequency_kalman_em,pseudo,2024:Q3:pre_second:pseudo,2024-11-30,pre_second,2024:Q3,T,M,0.5566154677770652,0.0,0.05799697678170794,4.839234054782613,True,5,0.02
monthly_mixed_frequency_kalman_em,pseudo,2024:Q3:pre_second:pseudo,2024-11-30,pre_second,2024:Q3,T,S,0.3600481906356794,0.0,0.05799697678170794,4.839234054782613,True,5,0.02
monthly_mixed_frequency_kalman_em,pseudo,2024:Q3:pre_second:pseudo,2024-11-30,pre_second,2024:Q3,T,T,0.5167518111423337,0.0,0.05799697678170794,4.839234054782613,True,5,0.02
revision_dfm_kalman_em,pseudo,2024:Q3:pre_second:pseudo,2024-11-30,pre_second,2024:Q3,A,A,0.2828631621694819,5.551115123125783e-17,0.06480551099135369,4.4860365621113285,True,5,0.02
revision_dfm_kalman_em,pseudo,2024:Q3:pre_second:pseudo,2024-11-30,pre_second,2024:Q3,A,M,0.15103195793576854,5.551115123125783e-17,0.06480551099135369,4.4860365621113285,True,5,0.02
revision_dfm_kalman_em,pseudo,2024:Q3:pre_second:pseudo,2024-11-30,pre_second,2024:Q3,A,S,0.1503711106181129,5.551115123125783e-17,0.06480551099135369,4.4860365621113285,True,5,0.02
revision_dfm_kalman_em,pseudo,2024:Q3:pre_second:pseudo,2024-11-30,pre_second,2024:Q3,A,T,0.15076761900870628,5.551115123125783e-17,0.06480551099135369,4.4860365621113285,True,5,0.02
revision_dfm_kalman_em,pseudo,2024:Q3:pre_second:pseudo,2024-11-30,pre_second,2024:Q3,M,A,0.15103195793576854,5.551115123125783e-17,0.06480551099135369,4.4860365621113285,True,5,0.02
revision_dfm_kalman_em,pseudo,2024:Q3:pre_second:pseudo,2024-11-30,pre_second,2024:Q3,M,M,4.403530805667472,5.551115123125783e-17,0.06480551099135369,4.4860365621113285,True,5,0.02
revision_dfm_kalman_em,pseudo,2024:Q3:pre_second:pseudo,2024-11-30,pre_second,2024:Q3,M,S,0.3676054669081637,5.551115123125783e-17,0.06480551099135369,4.4860365621113285,True,5,0.02
revision_dfm_kalman_em,pseudo,2024:Q3:pre_second:pseudo,2024-11-30,pre_second,2024:Q3,M,T,0.3744446303493973,5.551115123125783e-17,0.06480551099135369,4.4860365621113285,True,5,0.02
revision_dfm_kalman_em,pseudo,2024:Q3:pre_second:pseudo,2024-11-30,pre_second,2024:Q3,S,A,0.15037111061811284,5.551115123125783e-17,0.06480551099135369,4.4860365621113285,True,5,0.02
revision_dfm_kalman_em,pseudo,2024:Q3:pre_second:pseudo,2024-11-30,pre_second,2024:Q3,S,M,0.3676054669081637,5.551115123125783e-17,0.06480551099135369,4.4860365621113285,True,5,0.02
revision_dfm_kalman_em,pseudo,2024:Q3:pre_second:pseudo,2024-11-30,pre_second,2024:Q3,S,S,0.3813179334652917,5.551115123125783e-17,0.06480551099135369,4.4860365621113285,True,5,0.02
revision_dfm_kalman_em,pseudo,2024:Q3:pre_second:pseudo,2024-11-30,pre_second,2024:Q3,S,T,0.3632607797823627,5.551115123125783e-17,0.06480551099135369,4.4860365621113285,True,5,0.02
revision_dfm_kalman_em,pseudo,2024:Q3:pre_second:pseudo,2024-11-30,pre_second,2024:Q3,T,A,0.1507676190087063,5.551115123125783e-17,0.06480551099135369,4.4860365621113285,True,5,0.02
revision_dfm_kalman_em,pseudo,2024:Q3:pre_second:pseudo,2024-11-30,pre_second,2024:Q3,T,M,0.3744446303493973,5.551115123125783e-17,0.06480551099135369,4.4860365621113285,True,5,0.02
revision_dfm_kalman_em,pseudo,2024:Q3:pre_second:pseudo,2024-11-30,pre_second,2024:Q3,T,S,0.36326077978236276,5.551115123125783e-17,0.06480551099135369,4.4860365621113285,True,5,0.02
revision_dfm_kalman_em,pseudo,2024:Q3:pre_second:pseudo,2024-11-30,pre_second,2024:Q3,T,T,0.4856292701960357,5.551115123125783e-17,0.06480551099135369,4.4860365621113285,True,5,0.02
indicator_revision_only_dfm_kalman_em,exact,2024:Q3:pre_third:exact,2024-12-18,pre_third,2024:Q3,A,A,0.40072277601672296,0.0,0.0277144860644738,4.047248592325518,True,5,0.02
indicator_revision_only_dfm_kalman_em,exact,2024:Q3:pre_third:exact,2024-12-18,pre_third,2024:Q3,A,M,0.01472592250692012,0.0,0.0277144860644738,4.047248592325518,True,5,0.02
indicator_revision_only_dfm_kalman_em,exact,2024:Q3:pre_third:exact,2024-12-18,pre_third,2024:Q3,A,S,0.01472592250692012,0.0,0.0277144860644738,4.047248592325518,True,5,0.02
indicator_revision_only_dfm_kalman_em,exact,2024:Q3:pre_third:exact,2024-12-18,pre_third,2024:Q3,A,T,0.01472592250692012,0.0,0.0277144860644738,4.047248592325518,True,5,0.02
indicator_revision_only_dfm_kalman_em,exact,2024:Q3:pre_third:exact,2024-12-18,pre_third,2024:Q3,M,A,0.01472592250692012,0.0,0.0277144860644738,4.047248592325518,True,5,0.02
indicator_revision_only_dfm_kalman_em,exact,2024:Q3:pre_third:exact,2024-12-18,pre_third,2024:Q3,M,M,4.047078321524603,0.0,0.0277144860644738,4.047248592325518,True,5,0.02
indicator_revision_only_dfm_kalman_em,exact,2024:Q3:pre_third:exact,2024-12-18,pre_third,2024:Q3,M,S,0.01472592250692012,0.0,0.0277144860644738,4.047248592325518,True,5,0.02
indicator_revision_only_dfm_kalman_em,exact,2024:Q3:pre_third:exact,2024-12-18,pre_third,2024:Q3,M,T,0.01472592250692012,0.0,0.0277144860644738,4.047248592325518,True,5,0.02
indicator_revision_only_dfm_kalman_em,exact,2024:Q3:pre_third:exact,2024-12-18,pre_third,2024:Q3,S,A,0.01472592250692012,0.0,0.0277144860644738,4.047248592325518,True,5,0.02
indicator_revision_only_dfm_kalman_em,exact,2024:Q3:pre_third:exact,2024-12-18,pre_third,2024:Q3,S,M,0.01472592250692012,0.0,0.0277144860644738,4.047248592325518,True,5,0.02
indicator_revision_only_dfm_kalman_em,exact,2024:Q3:pre_third:exact,2024-12-18,pre_third,2024:Q3,S,S,0.0301037014262042,0.0,0.0277144860644738,4.047248592325518,True,5,0.02
indicator_revision_only_dfm_kalman_em,exact,2024:Q3:pre_third:exact,2024-12-18,pre_third,2024:Q3,S,T,0.01472592250692012,0.0,0.0277144860644738,4.047248592325518,True,5,0.02
indicator_revision_only_dfm_kalman_em,exact,2024:Q3:pre_third:exact,2024-12-18,pre_third,2024:Q3,T,A,0.01472592250692012,0.0,0.0277144860644738,4.047248592325518,True,5,0.02
indicator_revision_only_dfm_kalman_em,exact,2024:Q3:pre_third:exact,2024-12-18,pre_third,2024:Q3,T,M,0.01472592250692012,0.0,0.0277144860644738,4.047248592325518,True,5,0.02
indicator_revision_only_dfm_kalman_em,exact,2024:Q3:pre_third:exact,2024-12-18,pre_third,2024:Q3,T,S,0.01472592250692012,0.0,0.0277144860644738,4.047248592325518,True,5,0.02
indicator_revision_only_dfm_kalman_em,exact,2024:Q3:pre_third:exact,2024-12-18,pre_third,2024:Q3,T,T,0.1413460994308924,0.0,0.0277144860644738,4.047248592325518,True,5,0.02
joint_indicator_revision_dfm_full_kalman_em,exact,2024:Q3:pre_third:exact,2024-12-18,pre_third,2024:Q3,A,A,0.24451629099482777,3.469446951953614e-18,0.03175309279008789,4.056770124547244,True,5,0.02
joint_indicator_revision_dfm_full_kalman_em,exact,2024:Q3:pre_third:exact,2024-12-18,pre_third,2024:Q3,A,M,0.007756847165929443,3.469446951953614e-18,0.03175309279008789,4.056770124547244,True,5,0.02
joint_indicator_revision_dfm_full_kalman_em,exact,2024:Q3:pre_third:exact,2024-12-18,pre_third,2024:Q3,A,S,0.010293754417104594,3.469446951953614e-18,0.03175309279008789,4.056770124547244,True,5,0.02
joint_indicator_revision_dfm_full_kalman_em,exact,2024:Q3:pre_third:exact,2024-12-18,pre_third,2024:Q3,A,T,0.008771610066399503,3.469446951953614e-18,0.03175309279008789,4.056770124547244,True,5,0.02
joint_indicator_revision_dfm_full_kalman_em,exact,2024:Q3:pre_third:exact,2024-12-18,pre_third,2024:Q3,M,A,0.007756847165929443,3.469446951953614e-18,0.03175309279008789,4.056770124547244,True,5,0.02
joint_indicator_revision_dfm_full_kalman_em,exact,2024:Q3:pre_third:exact,2024-12-18,pre_third,2024:Q3,M,M,4.056598585049891,3.469446951953614e-18,0.03175309279008789,4.056770124547244,True,5,0.02
joint_indicator_revision_dfm_full_kalman_em,exact,2024:Q3:pre_third:exact,2024-12-18,pre_third,2024:Q3,M,S,0.017369568543398262,3.469446951953614e-18,0.03175309279008789,4.056770124547244,True,5,0.02
joint_indicator_revision_dfm_full_kalman_em,exact,2024:Q3:pre_third:exact,2024-12-18,pre_third,2024:Q3,M,T,0.017673128165844643,3.469446951953614e-18,0.03175309279008789,4.056770124547244,True,5,0.02
joint_indicator_revision_dfm_full_kalman_em,exact,2024:Q3:pre_third:exact,2024-12-18,pre_third,2024:Q3,S,A,0.010293754417104594,3.469446951953614e-18,0.03175309279008789,4.056770124547244,True,5,0.02
joint_indicator_revision_dfm_full_kalman_em,exact,2024:Q3:pre_third:exact,2024-12-18,pre_third,2024:Q3,S,M,0.017369568543398262,3.469446951953614e-18,0.03175309279008789,4.056770124547244,True,5,0.02
joint_indicator_revision_dfm_full_kalman_em,exact,2024:Q3:pre_third:exact,2024-12-18,pre_third,2024:Q3,S,S,0.03494725499804298,3.469446951953614e-18,0.03175309279008789,4.056770124547244,True,5,0.02
joint_indicator_revision_dfm_full_kalman_em,exact,2024:Q3:pre_third:exact,2024-12-18,pre_third,2024:Q3,S,T,0.01722805226087239,3.469446951953614e-18,0.03175309279008789,4.056770124547244,True,5,0.02
joint_indicator_revision_dfm_full_kalman_em,exact,2024:Q3:pre_third:exact,2024-12-18,pre_third,2024:Q3,T,A,0.008771610066399503,3.469446951953614e-18,0.03175309279008789,4.056770124547244,True,5,0.02
joint_indicator_revision_dfm_full_kalman_em,exact,2024:Q3:pre_third:exact,2024-12-18,pre_third,2024:Q3,T,M,0.017673128165844643,3.469446951953614e-18,0.03175309279008789,4.056770124547244,True,5,0.02
joint_indicator_revision_dfm_full_kalman_em,exact,2024:Q3:pre_third:exact,2024-12-18,pre_third,2024:Q3,T,S,0.017228052260872387,3.469446951953614e-18,0.03175309279008789,4.056770124547244,True,5,0.02
joint_indicator_revision_dfm_full_kalman_em,exact,2024:Q3:pre_third:exact,2024-12-18,pre_third,2024:Q3,T,T,0.13884576378474445,3.469446951953614e-18,0.03175309279008789,4.056770124547244,True,5,0.02
monthly_mixed_frequency_kalman_em,exact,2024:Q3:pre_third:exact,2024-12-18,pre_third,2024:Q3,A,A,0.2969035940403595,0.0,0.057520787816607875,4.220872709260482,True,5,0.02
monthly_mixed_frequency_kalman_em,exact,2024:Q3:pre_third:exact,2024-12-18,pre_third,2024:Q3,A,M,-0.03952107896176342,0.0,0.057520787816607875,4.220872709260482,True,5,0.02
monthly_mixed_frequency_kalman_em,exact,2024:Q3:pre_third:exact,2024-12-18,pre_third,2024:Q3,A,S,0.029707139462532818,0.0,0.057520787816607875,4.220872709260482,True,5,0.02
monthly_mixed_frequency_kalman_em,exact,2024:Q3:pre_third:exact,2024-12-18,pre_third,2024:Q3,A,T,-0.008053706950719693,0.0,0.057520787816607875,4.220872709260482,True,5,0.02
monthly_mixed_frequency_kalman_em,exact,2024:Q3:pre_third:exact,2024-12-18,pre_third,2024:Q3,M,A,-0.03952107896176342,0.0,0.057520787816607875,4.220872709260482,True,5,0.02
monthly_mixed_frequency_kalman_em,exact,2024:Q3:pre_third:exact,2024-12-18,pre_third,2024:Q3,M,M,4.215441497794814,0.0,0.057520787816607875,4.220872709260482,True,5,0.02
monthly_mixed_frequency_kalman_em,exact,2024:Q3:pre_third:exact,2024-12-18,pre_third,2024:Q3,M,S,0.06147618939140789,0.0,0.057520787816607875,4.220872709260482,True,5,0.02
monthly_mixed_frequency_kalman_em,exact,2024:Q3:pre_third:exact,2024-12-18,pre_third,2024:Q3,M,T,0.12880770162685545,0.0,0.057520787816607875,4.220872709260482,True,5,0.02
monthly_mixed_frequency_kalman_em,exact,2024:Q3:pre_third:exact,2024-12-18,pre_third,2024:Q3,S,A,0.029707139462532818,0.0,0.057520787816607875,4.220872709260482,True,5,0.02
monthly_mixed_frequency_kalman_em,exact,2024:Q3:pre_third:exact,2024-12-18,pre_third,2024:Q3,S,M,0.06147618939140789,0.0,0.057520787816607875,4.220872709260482,True,5,0.02
monthly_mixed_frequency_kalman_em,exact,2024:Q3:pre_third:exact,2024-12-18,pre_third,2024:Q3,S,S,0.09573284599979731,0.0,0.057520787816607875,4.220872709260482,True,5,0.02
monthly_mixed_frequency_kalman_em,exact,2024:Q3:pre_third:exact,2024-12-18,pre_third,2024:Q3,S,T,0.053533926909189095,0.0,0.057520787816607875,4.220872709260482,True,5,0.02
monthly_mixed_frequency_kalman_em,exact,2024:Q3:pre_third:exact,2024-12-18,pre_third,2024:Q3,T,A,-0.008053706950719693,0.0,0.057520787816607875,4.220872709260482,True,5,0.02
monthly_mixed_frequency_kalman_em,exact,2024:Q3:pre_third:exact,2024-12-18,pre_third,2024:Q3,T,M,0.12880770162685545,0.0,0.057520787816607875,4.220872709260482,True,5,0.02
monthly_mixed_frequency_kalman_em,exact,2024:Q3:pre_third:exact,2024-12-18,pre_third,2024:Q3,T,S,0.053533926909189095,0.0,0.057520787816607875,4.220872709260482,True,5,0.02
monthly_mixed_frequency_kalman_em,exact,2024:Q3:pre_third:exact,2024-12-18,pre_third,2024:Q3,T,T,0.14405520555614038,0.0,0.057520787816607875,4.220872709260482,True,5,0.02
revision_dfm_kalman_em,exact,2024:Q3:pre_third:exact,2024-12-18,pre_third,2024:Q3,A,A,0.22246677070335513,1.734723475976807e-18,0.047042452529617224,4.044934824825882,True,5,0.02
revision_dfm_kalman_em,exact,2024:Q3:pre_third:exact,2024-12-18,pre_third,2024:Q3,A,M,0.007699287389651943,1.734723475976807e-18,0.047042452529617224,4.044934824825882,True,5,0.02
revision_dfm_kalman_em,exact,2024:Q3:pre_third:exact,2024-12-18,pre_third,2024:Q3,A,S,0.01125400418693958,1.734723475976807e-18,0.047042452529617224,4.044934824825882,True,5,0.02
revision_dfm_kalman_em,exact,2024:Q3:pre_third:exact,2024-12-18,pre_third,2024:Q3,A,T,0.009121174108566997,1.734723475976807e-18,0.047042452529617224,4.044934824825882,True,5,0.02
revision_dfm_kalman_em,exact,2024:Q3:pre_third:exact,2024-12-18,pre_third,2024:Q3,M,A,0.007699287389651943,1.734723475976807e-18,0.047042452529617224,4.044934824825882,True,5,0.02
revision_dfm_kalman_em,exact,2024:Q3:pre_third:exact,2024-12-18,pre_third,2024:Q3,M,M,4.044525104147872,1.734723475976807e-18,0.047042452529617224,4.044934824825882,True,5,0.02
revision_dfm_kalman_em,exact,2024:Q3:pre_third:exact,2024-12-18,pre_third,2024:Q3,M,S,0.027457805316925626,1.734723475976807e-18,0.047042452529617224,4.044934824825882,True,5,0.02
revision_dfm_kalman_em,exact,2024:Q3:pre_third:exact,2024-12-18,pre_third,2024:Q3,M,T,0.028081758514629008,1.734723475976807e-18,0.047042452529617224,4.044934824825882,True,5,0.02
revision_dfm_kalman_em,exact,2024:Q3:pre_third:exact,2024-12-18,pre_third,2024:Q3,S,A,0.01125400418693958,1.734723475976807e-18,0.047042452529617224,4.044934824825882,True,5,0.02
revision_dfm_kalman_em,exact,2024:Q3:pre_third:exact,2024-12-18,pre_third,2024:Q3,S,M,0.027457805316925626,1.734723475976807e-18,0.047042452529617224,4.044934824825882,True,5,0.02
revision_dfm_kalman_em,exact,2024:Q3:pre_third:exact,2024-12-18,pre_third,2024:Q3,S,S,0.05548374078302368,1.734723475976807e-18,0.047042452529617224,4.044934824825882,True,5,0.02
revision_dfm_kalman_em,exact,2024:Q3:pre_third:exact,2024-12-18,pre_third,2024:Q3,S,T,0.027133729294325906,1.734723475976807e-18,0.047042452529617224,4.044934824825882,True,5,0.02
revision_dfm_kalman_em,exact,2024:Q3:pre_third:exact,2024-12-18,pre_third,2024:Q3,T,A,0.009121174108566998,1.734723475976807e-18,0.047042452529617224,4.044934824825882,True,5,0.02
revision_dfm_kalman_em,exact,2024:Q3:pre_third:exact,2024-12-18,pre_third,2024:Q3,T,M,0.028081758514629008,1.734723475976807e-18,0.047042452529617224,4.044934824825882,True,5,0.02
revision_dfm_kalman_em,exact,2024:Q3:pre_third:exact,2024-12-18,pre_third,2024:Q3,T,S,0.027133729294325906,1.734723475976807e-18,0.047042452529617224,4.044934824825882,True,5,0.02
revision_dfm_kalman_em,exact,2024:Q3:pre_third:exact,2024-12-18,pre_third,2024:Q3,T,T,0.13990801437235947,1.734723475976807e-18,0.047042452529617224,4.044934824825882,True,5,0.02
indicator_revision_only_dfm_kalman_em,pseudo,2024:Q3:pre_third:pseudo,2024-12-31,pre_third,2024:Q3,A,A,0.40072334307515944,0.0,0.0277148223554695,4.047249013261764,True,5,0.02
indicator_revision_only_dfm_kalman_em,pseudo,2024:Q3:pre_third:pseudo,2024-12-31,pre_third,2024:Q3,A,M,0.014726120614224663,0.0,0.0277148223554695,4.047249013261764,True,5,0.02
indicator_revision_only_dfm_kalman_em,pseudo,2024:Q3:pre_third:pseudo,2024-12-31,pre_third,2024:Q3,A,S,0.014726120614224663,0.0,0.0277148223554695,4.047249013261764,True,5,0.02
indicator_revision_only_dfm_kalman_em,pseudo,2024:Q3:pre_third:pseudo,2024-12-31,pre_third,2024:Q3,A,T,0.014726120614224663,0.0,0.0277148223554695,4.047249013261764,True,5,0.02
indicator_revision_only_dfm_kalman_em,pseudo,2024:Q3:pre_third:pseudo,2024-12-31,pre_third,2024:Q3,M,A,0.014726120614224663,0.0,0.0277148223554695,4.047249013261764,True,5,0.02
indicator_revision_only_dfm_kalman_em,pseudo,2024:Q3:pre_third:pseudo,2024-12-31,pre_third,2024:Q3,M,M,4.047078737867523,0.0,0.0277148223554695,4.047249013261764,True,5,0.02
indicator_revision_only_dfm_kalman_em,pseudo,2024:Q3:pre_third:pseudo,2024-12-31,pre_third,2024:Q3,M,S,0.014726120614224663,0.0,0.0277148223554695,4.047249013261764,True,5,0.02
indicator_revision_only_dfm_kalman_em,pseudo,2024:Q3:pre_third:pseudo,2024-12-31,pre_third,2024:Q3,M,T,0.014726120614224663,0.0,0.0277148223554695,4.047249013261764,True,5,0.02
indicator_revision_only_dfm_kalman_em,pseudo,2024:Q3:pre_third:pseudo,2024-12-31,pre_third,2024:Q3,S,A,0.014726120614224663,0.0,0.0277148223554695,4.047249013261764,True,5,0.02
indicator_revision_only_dfm_kalman_em,pseudo,2024:Q3:pre_third:pseudo,2024-12-31,pre_third,2024:Q3,S,M,0.014726120614224663,0.0,0.0277148223554695,4.047249013261764,True,5,0.02
indicator_revision_only_dfm_kalman_em,pseudo,2024:Q3:pre_third:pseudo,2024-12-31,pre_third,2024:Q3,S,S,0.030104106976102787,0.0,0.0277148223554695,4.047249013261764,True,5,0.02
indicator_revision_only_dfm_kalman_em,pseudo,2024:Q3:pre_third:pseudo,2024-12-31,pre_third,2024:Q3,S,T,0.014726120614224663,0.0,0.0277148223554695,4.047249013261764,True,5,0.02
indicator_revision_only_dfm_kalman_em,pseudo,2024:Q3:pre_third:pseudo,2024-12-31,pre_third,2024:Q3,T,A,0.014726120614224663,0.0,0.0277148223554695,4.047249013261764,True,5,0.02
indicator_revision_only_dfm_kalman_em,pseudo,2024:Q3:pre_third:pseudo,2024-12-31,pre_third,2024:Q3,T,M,0.014726120614224663,0.0,0.0277148223554695,4.047249013261764,True,5,0.02
indicator_revision_only_dfm_kalman_em,pseudo,2024:Q3:pre_third:pseudo,2024-12-31,pre_third,2024:Q3,T,S,0.014726120614224663,0.0,0.0277148223554695,4.047249013261764,True,5,0.02
indicator_revision_only_dfm_kalman_em,pseudo,2024:Q3:pre_third:pseudo,2024-12-31,pre_third,2024:Q3,T,T,0.1413459765013716,0.0,0.0277148223554695,4.047249013261764,True,5,0.02
joint_indicator_revision_dfm_full_kalman_em,pseudo,2024:Q3:pre_third:pseudo,2024-12-31,pre_third,2024:Q3,A,A,0.24454242123544337,1.734723475976807e-18,0.031753696323124435,4.056766274648562,True,5,0.02
joint_indicator_revision_dfm_full_kalman_em,pseudo,2024:Q3:pre_third:pseudo,2024-12-31,pre_third,2024:Q3,A,M,0.007757994272112213,1.734723475976807e-18,0.031753696323124435,4.056766274648562,True,5,0.02
joint_indicator_revision_dfm_full_kalman_em,pseudo,2024:Q3:pre_third:pseudo,2024-12-31,pre_third,2024:Q3,A,S,0.010295039669566373,1.734723475976807e-18,0.031753696323124435,4.056766274648562,True,5,0.02
joint_indicator_revision_dfm_full_kalman_em,pseudo,2024:Q3:pre_third:pseudo,2024-12-31,pre_third,2024:Q3,A,T,0.008772812431093877,1.734723475976807e-18,0.031753696323124435,4.056766274648562,True,5,0.02
joint_indicator_revision_dfm_full_kalman_em,pseudo,2024:Q3:pre_third:pseudo,2024-12-31,pre_third,2024:Q3,M,A,0.007757994272112213,1.734723475976807e-18,0.031753696323124435,4.056766274648562,True,5,0.02
joint_indicator_revision_dfm_full_kalman_em,pseudo,2024:Q3:pre_third:pseudo,2024-12-31,pre_third,2024:Q3,M,M,4.0565947251136265,1.734723475976807e-18,0.031753696323124435,4.056766274648562,True,5,0.02
joint_indicator_revision_dfm_full_kalman_em,pseudo,2024:Q3:pre_third:pseudo,2024-12-31,pre_third,2024:Q3,M,S,0.01736986157406359,1.734723475976807e-18,0.031753696323124435,4.056766274648562,True,5,0.02
joint_indicator_revision_dfm_full_kalman_em,pseudo,2024:Q3:pre_third:pseudo,2024-12-31,pre_third,2024:Q3,M,T,0.01767339422570416,1.734723475976807e-18,0.031753696323124435,4.056766274648562,True,5,0.02
joint_indicator_revision_dfm_full_kalman_em,pseudo,2024:Q3:pre_third:pseudo,2024-12-31,pre_third,2024:Q3,S,A,0.010295039669566375,1.734723475976807e-18,0.031753696323124435,4.056766274648562,True,5,0.02
joint_indicator_revision_dfm_full_kalman_em,pseudo,2024:Q3:pre_third:pseudo,2024-12-31,pre_third,2024:Q3,S,M,0.01736986157406359,1.734723475976807e-18,0.031753696323124435,4.056766274648562,True,5,0.02
joint_indicator_revision_dfm_full_kalman_em,pseudo,2024:Q3:pre_third:pseudo,2024-12-31,pre_third,2024:Q3,S,S,0.03494800914547176,1.734723475976807e-18,0.031753696323124435,4.056766274648562,True,5,0.02
joint_indicator_revision_dfm_full_kalman_em,pseudo,2024:Q3:pre_third:pseudo,2024-12-31,pre_third,2024:Q3,S,T,0.017228365135973644,1.734723475976807e-18,0.031753696323124435,4.056766274648562,True,5,0.02
joint_indicator_revision_dfm_full_kalman_em,pseudo,2024:Q3:pre_third:pseudo,2024-12-31,pre_third,2024:Q3,T,A,0.008772812431093877,1.734723475976807e-18,0.031753696323124435,4.056766274648562,True,5,0.02
joint_indicator_revision_dfm_full_kalman_em,pseudo,2024:Q3:pre_third:pseudo,2024-12-31,pre_third,2024:Q3,T,M,0.01767339422570416,1.734723475976807e-18,0.031753696323124435,4.056766274648562,True,5,0.02
joint_indicator_revision_dfm_full_kalman_em,pseudo,2024:Q3:pre_third:pseudo,2024-12-31,pre_third,2024:Q3,T,S,0.017228365135973644,1.734723475976807e-18,0.031753696323124435,4.056766274648562,True,5,0.02
joint_indicator_revision_dfm_full_kalman_em,pseudo,2024:Q3:pre_third:pseudo,2024-12-31,pre_third,2024:Q3,T,T,0.1388462096019315,1.734723475976807e-18,0.031753696323124435,4.056766274648562,True,5,0.02
monthly_mixed_frequency_kalman_em,pseudo,2024:Q3:pre_third:pseudo,2024-12-31,pre_third,2024:Q3,A,A,0.2969001763296824,0.0,0.057521007058020525,4.220872953364196,True,5,0.02
monthly_mixed_frequency_kalman_em,pseudo,2024:Q3:pre_third:pseudo,2024-12-31,pre_third,2024:Q3,A,M,-0.03952055004415077,0.0,0.057521007058020525,4.220872953364196,True,5,0.02
monthly_mixed_frequency_kalman_em,pseudo,2024:Q3:pre_third:pseudo,2024-12-31,pre_third,2024:Q3,A,S,0.029707135022909555,0.0,0.057521007058020525,4.220872953364196,True,5,0.02
monthly_mixed_frequency_kalman_em,pseudo,2024:Q3:pre_third:pseudo,2024-12-31,pre_third,2024:Q3,A,T,-0.008053420468214265,0.0,0.057521007058020525,4.220872953364196,True,5,0.02
monthly_mixed_frequency_kalman_em,pseudo,2024:Q3:pre_third:pseudo,2024-12-31,pre_third,2024:Q3,M,A,-0.03952055004415077,0.0,0.057521007058020525,4.220872953364196,True,5,0.02
monthly_mixed_frequency_kalman_em,pseudo,2024:Q3:pre_third:pseudo,2024-12-31,pre_third,2024:Q3,M,M,4.215441706907312,0.0,0.057521007058020525,4.220872953364196,True,5,0.02
monthly_mixed_frequency_kalman_em,pseudo,2024:Q3:pre_third:pseudo,2024-12-31,pre_third,2024:Q3,M,S,0.06147668677866463,0.0,0.057521007058020525,4.220872953364196,True,5,0.02
monthly_mixed_frequency_kalman_em,pseudo,2024:Q3:pre_third:pseudo,2024-12-31,pre_third,2024:Q3,M,T,0.1288081779938749,0.0,0.057521007058020525,4.220872953364196,True,5,0.02
monthly_mixed_frequency_kalman_em,pseudo,2024:Q3:pre_third:pseudo,2024-12-31,pre_third,2024:Q3,S,A,0.029707135022909555,0.0,0.057521007058020525,4.220872953364196,True,5,0.02
monthly_mixed_frequency_kalman_em,pseudo,2024:Q3:pre_third:pseudo,2024-12-31,pre_third,2024:Q3,S,M,0.06147668677866463,0.0,0.057521007058020525,4.220872953364196,True,5,0.02
monthly_mixed_frequency_kalman_em,pseudo,2024:Q3:pre_third:pseudo,2024-12-31,pre_third,2024:Q3,S,S,0.09573346286987851,0.0,0.057521007058020525,4.220872953364196,True,5,0.02
monthly_mixed_frequency_kalman_em,pseudo,2024:Q3:pre_third:pseudo,2024-12-31,pre_third,2024:Q3,S,T,0.05353429883972586,0.0,0.057521007058020525,4.220872953364196,True,5,0.02
monthly_mixed_frequency_kalman_em,pseudo,2024:Q3:pre_third:pseudo,2024-12-31,pre_third,2024:Q3,T,A,-0.008053420468214265,0.0,0.057521007058020525,4.220872953364196,True,5,0.02
monthly_mixed_frequency_kalman_em,pseudo,2024:Q3:pre_third:pseudo,2024-12-31,pre_third,2024:Q3,T,M,0.1288081779938749,0.0,0.057521007058020525,4.220872953364196,True,5,0.02
monthly_mixed_frequency_kalman_em,pseudo,2024:Q3:pre_third:pseudo,2024-12-31,pre_third,2024:Q3,T,S,0.05353429883972586,0.0,0.057521007058020525,4.220872953364196,True,5,0.02
monthly_mixed_frequency_kalman_em,pseudo,2024:Q3:pre_third:pseudo,2024-12-31,pre_third,2024:Q3,T,T,0.14405566573531642,0.0,0.057521007058020525,4.220872953364196,True,5,0.02
revision_dfm_kalman_em,pseudo,2024:Q3:pre_third:pseudo,2024-12-31,pre_third,2024:Q3,A,A,0.2224621160891139,0.0,0.047042552979536745,4.044935477529192,True,5,0.02
revision_dfm_kalman_em,pseudo,2024:Q3:pre_third:pseudo,2024-12-31,pre_third,2024:Q3,A,M,0.007699244270186471,0.0,0.047042552979536745,4.044935477529192,True,5,0.02
revision_dfm_kalman_em,pseudo,2024:Q3:pre_third:pseudo,2024-12-31,pre_third,2024:Q3,A,S,0.011253874333807881,0.0,0.047042552979536745,4.044935477529192,True,5,0.02
revision_dfm_kalman_em,pseudo,2024:Q3:pre_third:pseudo,2024-12-31,pre_third,2024:Q3,A,T,0.009121096295635036,0.0,0.047042552979536745,4.044935477529192,True,5,0.02
revision_dfm_kalman_em,pseudo,2024:Q3:pre_third:pseudo,2024-12-31,pre_third,2024:Q3,M,A,0.007699244270186471,0.0,0.047042552979536745,4.044935477529192,True,5,0.02
revision_dfm_kalman_em,pseudo,2024:Q3:pre_third:pseudo,2024-12-31,pre_third,2024:Q3,M,M,4.044525754557783,0.0,0.047042552979536745,4.044935477529192,True,5,0.02
revision_dfm_kalman_em,pseudo,2024:Q3:pre_third:pseudo,2024-12-31,pre_third,2024:Q3,M,S,0.027457893163756675,0.0,0.047042552979536745,4.044935477529192,True,5,0.02
revision_dfm_kalman_em,pseudo,2024:Q3:pre_third:pseudo,2024-12-31,pre_third,2024:Q3,M,T,0.028081850497237843,0.0,0.047042552979536745,4.044935477529192,True,5,0.02
revision_dfm_kalman_em,pseudo,2024:Q3:pre_third:pseudo,2024-12-31,pre_third,2024:Q3,S,A,0.011253874333807881,0.0,0.047042552979536745,4.044935477529192,True,5,0.02
revision_dfm_kalman_em,pseudo,2024:Q3:pre_third:pseudo,2024-12-31,pre_third,2024:Q3,S,M,0.027457893163756675,0.0,0.047042552979536745,4.044935477529192,True,5,0.02
revision_dfm_kalman_em,pseudo,2024:Q3:pre_third:pseudo,2024-12-31,pre_third,2024:Q3,S,S,0.055483904055143383,0.0,0.047042552979536745,4.044935477529192,True,5,0.02
revision_dfm_kalman_em,pseudo,2024:Q3:pre_third:pseudo,2024-12-31,pre_third,2024:Q3,S,T,0.027133812787157704,0.0,0.047042552979536745,4.044935477529192,True,5,0.02
revision_dfm_kalman_em,pseudo,2024:Q3:pre_third:pseudo,2024-12-31,pre_third,2024:Q3,T,A,0.009121096295635036,0.0,0.047042552979536745,4.044935477529192,True,5,0.02
revision_dfm_kalman_em,pseudo,2024:Q3:pre_third:pseudo,2024-12-31,pre_third,2024:Q3,T,M,0.028081850497237843,0.0,0.047042552979536745,4.044935477529192,True,5,0.02
revision_dfm_kalman_em,pseudo,2024:Q3:pre_third:pseudo,2024-12-31,pre_third,2024:Q3,T,S,0.027133812787157704,0.0,0.047042552979536745,4.044935477529192,True,5,0.02
revision_dfm_kalman_em,pseudo,2024:Q3:pre_third:pseudo,2024-12-31,pre_third,2024:Q3,T,T,0.13990794856449412,0.0,0.047042552979536745,4.044935477529192,True,5,0.02
indicator_revision_only_dfm_kalman_em,exact,2024:Q4:pre_advance:exact,2025-01-29,pre_advance,2024:Q4,A,A,3.8957660610077323,0.0,0.06524136898663115,15.399185145357384,True,5,0.02
indicator_revision_only_dfm_kalman_em,exact,2024:Q4:pre_advance:exact,2025-01-29,pre_advance,2024:Q4,A,M,3.509692765262779,0.0,0.06524136898663115,15.399185145357384,True,5,0.02
indicator_revision_only_dfm_kalman_em,exact,2024:Q4:pre_advance:exact,2025-01-29,pre_advance,2024:Q4,A,S,3.509692765262779,0.0,0.06524136898663115,15.399185145357384,True,5,0.02
indicator_revision_only_dfm_kalman_em,exact,2024:Q4:pre_advance:exact,2025-01-29,pre_advance,2024:Q4,A,T,3.509692765262779,0.0,0.06524136898663115,15.399185145357384,True,5,0.02
indicator_revision_only_dfm_kalman_em,exact,2024:Q4:pre_advance:exact,2025-01-29,pre_advance,2024:Q4,M,A,3.509692765262779,0.0,0.06524136898663115,15.399185145357384,True,5,0.02
indicator_revision_only_dfm_kalman_em,exact,2024:Q4:pre_advance:exact,2025-01-29,pre_advance,2024:Q4,M,M,7.5242947346834885,0.0,0.06524136898663115,15.399185145357384,True,5,0.02
indicator_revision_only_dfm_kalman_em,exact,2024:Q4:pre_advance:exact,2025-01-29,pre_advance,2024:Q4,M,S,3.509692765262779,0.0,0.06524136898663115,15.399185145357384,True,5,0.02
indicator_revision_only_dfm_kalman_em,exact,2024:Q4:pre_advance:exact,2025-01-29,pre_advance,2024:Q4,M,T,3.509692765262779,0.0,0.06524136898663115,15.399185145357384,True,5,0.02
indicator_revision_only_dfm_kalman_em,exact,2024:Q4:pre_advance:exact,2025-01-29,pre_advance,2024:Q4,S,A,3.509692765262779,0.0,0.06524136898663115,15.399185145357384,True,5,0.02
indicator_revision_only_dfm_kalman_em,exact,2024:Q4:pre_advance:exact,2025-01-29,pre_advance,2024:Q4,S,M,3.509692765262779,0.0,0.06524136898663115,15.399185145357384,True,5,0.02
indicator_revision_only_dfm_kalman_em,exact,2024:Q4:pre_advance:exact,2025-01-29,pre_advance,2024:Q4,S,S,3.5250161629339973,0.0,0.06524136898663115,15.399185145357384,True,5,0.02
indicator_revision_only_dfm_kalman_em,exact,2024:Q4:pre_advance:exact,2025-01-29,pre_advance,2024:Q4,S,T,3.509692765262779,0.0,0.06524136898663115,15.399185145357384,True,5,0.02
indicator_revision_only_dfm_kalman_em,exact,2024:Q4:pre_advance:exact,2025-01-29,pre_advance,2024:Q4,T,A,3.509692765262779,0.0,0.06524136898663115,15.399185145357384,True,5,0.02
indicator_revision_only_dfm_kalman_em,exact,2024:Q4:pre_advance:exact,2025-01-29,pre_advance,2024:Q4,T,M,3.509692765262779,0.0,0.06524136898663115,15.399185145357384,True,5,0.02
indicator_revision_only_dfm_kalman_em,exact,2024:Q4:pre_advance:exact,2025-01-29,pre_advance,2024:Q4,T,S,3.509692765262779,0.0,0.06524136898663115,15.399185145357384,True,5,0.02
indicator_revision_only_dfm_kalman_em,exact,2024:Q4:pre_advance:exact,2025-01-29,pre_advance,2024:Q4,T,T,3.6359922549668555,0.0,0.06524136898663115,15.399185145357384,True,5,0.02
joint_indicator_revision_dfm_full_kalman_em,exact,2024:Q4:pre_advance:exact,2025-01-29,pre_advance,2024:Q4,A,A,2.9914027836645958,4.440892098500626e-16,0.06334601459355114,15.750286777906346,True,5,0.02
joint_indicator_revision_dfm_full_kalman_em,exact,2024:Q4:pre_advance:exact,2025-01-29,pre_advance,2024:Q4,A,M,3.2597311791884436,4.440892098500626e-16,0.06334601459355114,15.750286777906346,True,5,0.02
joint_indicator_revision_dfm_full_kalman_em,exact,2024:Q4:pre_advance:exact,2025-01-29,pre_advance,2024:Q4,A,S,3.2370744454527522,4.440892098500626e-16,0.06334601459355114,15.750286777906346,True,5,0.02
joint_indicator_revision_dfm_full_kalman_em,exact,2024:Q4:pre_advance:exact,2025-01-29,pre_advance,2024:Q4,A,T,3.250668485694167,4.440892098500626e-16,0.06334601459355114,15.750286777906346,True,5,0.02
joint_indicator_revision_dfm_full_kalman_em,exact,2024:Q4:pre_advance:exact,2025-01-29,pre_advance,2024:Q4,M,A,3.2597311791884436,4.440892098500626e-16,0.06334601459355114,15.750286777906346,True,5,0.02
joint_indicator_revision_dfm_full_kalman_em,exact,2024:Q4:pre_advance:exact,2025-01-29,pre_advance,2024:Q4,M,M,7.918443024705211,4.440892098500626e-16,0.06334601459355114,15.750286777906346,True,5,0.02
joint_indicator_revision_dfm_full_kalman_em,exact,2024:Q4:pre_advance:exact,2025-01-29,pre_advance,2024:Q4,M,S,3.8659885751961505,4.440892098500626e-16,0.06334601459355114,15.750286777906346,True,5,0.02
joint_indicator_revision_dfm_full_kalman_em,exact,2024:Q4:pre_advance:exact,2025-01-29,pre_advance,2024:Q4,M,T,3.885133545596394,4.440892098500626e-16,0.06334601459355114,15.750286777906346,True,5,0.02
joint_indicator_revision_dfm_full_kalman_em,exact,2024:Q4:pre_advance:exact,2025-01-29,pre_advance,2024:Q4,S,A,3.2370744454527522,4.440892098500626e-16,0.06334601459355114,15.750286777906346,True,5,0.02
joint_indicator_revision_dfm_full_kalman_em,exact,2024:Q4:pre_advance:exact,2025-01-29,pre_advance,2024:Q4,S,M,3.8659885751961505,4.440892098500626e-16,0.06334601459355114,15.750286777906346,True,5,0.02
joint_indicator_revision_dfm_full_kalman_em,exact,2024:Q4:pre_advance:exact,2025-01-29,pre_advance,2024:Q4,S,S,3.8525282008866433,4.440892098500626e-16,0.06334601459355114,15.750286777906346,True,5,0.02
joint_indicator_revision_dfm_full_kalman_em,exact,2024:Q4:pre_advance:exact,2025-01-29,pre_advance,2024:Q4,S,T,3.8534102926012825,4.440892098500626e-16,0.06334601459355114,15.750286777906346,True,5,0.02
joint_indicator_revision_dfm_full_kalman_em,exact,2024:Q4:pre_advance:exact,2025-01-29,pre_advance,2024:Q4,T,A,3.2506684856941668,4.440892098500626e-16,0.06334601459355114,15.750286777906346,True,5,0.02
joint_indicator_revision_dfm_full_kalman_em,exact,2024:Q4:pre_advance:exact,2025-01-29,pre_advance,2024:Q4,T,M,3.885133545596394,4.440892098500626e-16,0.06334601459355114,15.750286777906346,True,5,0.02
joint_indicator_revision_dfm_full_kalman_em,exact,2024:Q4:pre_advance:exact,2025-01-29,pre_advance,2024:Q4,T,S,3.8534102926012825,4.440892098500626e-16,0.06334601459355114,15.750286777906346,True,5,0.02
joint_indicator_revision_dfm_full_kalman_em,exact,2024:Q4:pre_advance:exact,2025-01-29,pre_advance,2024:Q4,T,T,3.993389575026684,4.440892098500626e-16,0.06334601459355114,15.750286777906346,True,5,0.02
monthly_mixed_frequency_kalman_em,exact,2024:Q4:pre_advance:exact,2025-01-29,pre_advance,2024:Q4,A,A,4.458831516590061,0.0,0.0604256008828082,18.550942960252026,True,5,0.02
monthly_mixed_frequency_kalman_em,exact,2024:Q4:pre_advance:exact,2025-01-29,pre_advance,2024:Q4,A,M,4.171279437429214,0.0,0.0604256008828082,18.550942960252026,True,5,0.02
monthly_mixed_frequency_kalman_em,exact,2024:Q4:pre_advance:exact,2025-01-29,pre_advance,2024:Q4,A,S,4.213258103797974,0.0,0.0604256008828082,18.550942960252026,True,5,0.02
monthly_mixed_frequency_kalman_em,exact,2024:Q4:pre_advance:exact,2025-01-29,pre_advance,2024:Q4,A,T,4.190360649415014,0.0,0.0604256008828082,18.550942960252026,True,5,0.02
monthly_mixed_frequency_kalman_em,exact,2024:Q4:pre_advance:exact,2025-01-29,pre_advance,2024:Q4,M,A,4.171279437429214,0.0,0.0604256008828082,18.550942960252026,True,5,0.02
monthly_mixed_frequency_kalman_em,exact,2024:Q4:pre_advance:exact,2025-01-29,pre_advance,2024:Q4,M,M,8.588196082879154,0.0,0.0604256008828082,18.550942960252026,True,5,0.02
monthly_mixed_frequency_kalman_em,exact,2024:Q4:pre_advance:exact,2025-01-29,pre_advance,2024:Q4,M,S,4.3534512327887445,0.0,0.0604256008828082,18.550942960252026,True,5,0.02
monthly_mixed_frequency_kalman_em,exact,2024:Q4:pre_advance:exact,2025-01-29,pre_advance,2024:Q4,M,T,4.474899096361765,0.0,0.0604256008828082,18.550942960252026,True,5,0.02
monthly_mixed_frequency_kalman_em,exact,2024:Q4:pre_advance:exact,2025-01-29,pre_advance,2024:Q4,S,A,4.213258103797974,0.0,0.0604256008828082,18.550942960252026,True,5,0.02
monthly_mixed_frequency_kalman_em,exact,2024:Q4:pre_advance:exact,2025-01-29,pre_advance,2024:Q4,S,M,4.3534512327887445,0.0,0.0604256008828082,18.550942960252026,True,5,0.02
monthly_mixed_frequency_kalman_em,exact,2024:Q4:pre_advance:exact,2025-01-29,pre_advance,2024:Q4,S,S,4.3278040316421045,0.0,0.0604256008828082,18.550942960252026,True,5,0.02
monthly_mixed_frequency_kalman_em,exact,2024:Q4:pre_advance:exact,2025-01-29,pre_advance,2024:Q4,S,T,4.318402950541053,0.0,0.0604256008828082,18.550942960252026,True,5,0.02
monthly_mixed_frequency_kalman_em,exact,2024:Q4:pre_advance:exact,2025-01-29,pre_advance,2024:Q4,T,A,4.190360649415014,0.0,0.0604256008828082,18.550942960252026,True,5,0.02
monthly_mixed_frequency_kalman_em,exact,2024:Q4:pre_advance:exact,2025-01-29,pre_advance,2024:Q4,T,M,4.474899096361765,0.0,0.0604256008828082,18.550942960252026,True,5,0.02
monthly_mixed_frequency_kalman_em,exact,2024:Q4:pre_advance:exact,2025-01-29,pre_advance,2024:Q4,T,S,4.318402950541053,0.0,0.0604256008828082,18.550942960252026,True,5,0.02
monthly_mixed_frequency_kalman_em,exact,2024:Q4:pre_advance:exact,2025-01-29,pre_advance,2024:Q4,T,T,4.453197814386204,0.0,0.0604256008828082,18.550942960252026,True,5,0.02
revision_dfm_kalman_em,exact,2024:Q4:pre_advance:exact,2025-01-29,pre_advance,2024:Q4,A,A,2.9131983777460073,8.881784197001252e-16,0.0651681072933655,14.576868444748415,True,5,0.02
revision_dfm_kalman_em,exact,2024:Q4:pre_advance:exact,2025-01-29,pre_advance,2024:Q4,A,M,3.0335979170320098,8.881784197001252e-16,0.0651681072933655,14.576868444748415,True,5,0.02
revision_dfm_kalman_em,exact,2024:Q4:pre_advance:exact,2025-01-29,pre_advance,2024:Q4,A,S,3.020368958690309,8.881784197001252e-16,0.0651681072933655,14.576868444748415,True,5,0.02
revision_dfm_kalman_em,exact,2024:Q4:pre_advance:exact,2025-01-29,pre_advance,2024:Q4,A,T,3.0283063336953298,8.881784197001252e-16,0.0651681072933655,14.576868444748415,True,5,0.02
revision_dfm_kalman_em,exact,2024:Q4:pre_advance:exact,2025-01-29,pre_advance,2024:Q4,M,A,3.0335979170320098,8.881784197001252e-16,0.0651681072933655,14.576868444748415,True,5,0.02
revision_dfm_kalman_em,exact,2024:Q4:pre_advance:exact,2025-01-29,pre_advance,2024:Q4,M,M,7.5427688793603105,8.881784197001252e-16,0.0651681072933655,14.576868444748415,True,5,0.02
revision_dfm_kalman_em,exact,2024:Q4:pre_advance:exact,2025-01-29,pre_advance,2024:Q4,M,S,3.511015494589595,8.881784197001252e-16,0.0651681072933655,14.576868444748415,True,5,0.02
revision_dfm_kalman_em,exact,2024:Q4:pre_advance:exact,2025-01-29,pre_advance,2024:Q4,M,T,3.5260918391440454,8.881784197001252e-16,0.0651681072933655,14.576868444748415,True,5,0.02
revision_dfm_kalman_em,exact,2024:Q4:pre_advance:exact,2025-01-29,pre_advance,2024:Q4,S,A,3.0203689586903097,8.881784197001252e-16,0.0651681072933655,14.576868444748415,True,5,0.02
revision_dfm_kalman_em,exact,2024:Q4:pre_advance:exact,2025-01-29,pre_advance,2024:Q4,S,M,3.511015494589595,8.881784197001252e-16,0.0651681072933655,14.576868444748415,True,5,0.02
revision_dfm_kalman_em,exact,2024:Q4:pre_advance:exact,2025-01-29,pre_advance,2024:Q4,S,S,3.511011299509341,8.881784197001252e-16,0.0651681072933655,14.576868444748415,True,5,0.02
revision_dfm_kalman_em,exact,2024:Q4:pre_advance:exact,2025-01-29,pre_advance,2024:Q4,S,T,3.5012025638716096,8.881784197001252e-16,0.0651681072933655,14.576868444748415,True,5,0.02
revision_dfm_kalman_em,exact,2024:Q4:pre_advance:exact,2025-01-29,pre_advance,2024:Q4,T,A,3.0283063336953298,8.881784197001252e-16,0.0651681072933655,14.576868444748415,True,5,0.02
revision_dfm_kalman_em,exact,2024:Q4:pre_advance:exact,2025-01-29,pre_advance,2024:Q4,T,M,3.5260918391440454,8.881784197001252e-16,0.0651681072933655,14.576868444748415,True,5,0.02
revision_dfm_kalman_em,exact,2024:Q4:pre_advance:exact,2025-01-29,pre_advance,2024:Q4,T,S,3.5012025638716096,8.881784197001252e-16,0.0651681072933655,14.576868444748415,True,5,0.02
revision_dfm_kalman_em,exact,2024:Q4:pre_advance:exact,2025-01-29,pre_advance,2024:Q4,T,T,3.631479125960318,8.881784197001252e-16,0.0651681072933655,14.576868444748415,True,5,0.02
indicator_revision_only_dfm_kalman_em,pseudo,2024:Q4:pre_advance:pseudo,2025-01-31,pre_advance,2024:Q4,A,A,3.8959712479421538,0.0,0.06524141305387815,15.399990963755315,True,5,0.02
indicator_revision_only_dfm_kalman_em,pseudo,2024:Q4:pre_advance:pseudo,2025-01-31,pre_advance,2024:Q4,A,M,3.5098978923775057,0.0,0.06524141305387815,15.399990963755315,True,5,0.02
indicator_revision_only_dfm_kalman_em,pseudo,2024:Q4:pre_advance:pseudo,2025-01-31,pre_advance,2024:Q4,A,S,3.5098978923775057,0.0,0.06524141305387815,15.399990963755315,True,5,0.02
indicator_revision_only_dfm_kalman_em,pseudo,2024:Q4:pre_advance:pseudo,2025-01-31,pre_advance,2024:Q4,A,T,3.5098978923775057,0.0,0.06524141305387815,15.399990963755315,True,5,0.02
indicator_revision_only_dfm_kalman_em,pseudo,2024:Q4:pre_advance:pseudo,2025-01-31,pre_advance,2024:Q4,M,A,3.5098978923775057,0.0,0.06524141305387815,15.399990963755315,True,5,0.02
indicator_revision_only_dfm_kalman_em,pseudo,2024:Q4:pre_advance:pseudo,2025-01-31,pre_advance,2024:Q4,M,M,7.5244997444937205,0.0,0.06524141305387815,15.399990963755315,True,5,0.02
indicator_revision_only_dfm_kalman_em,pseudo,2024:Q4:pre_advance:pseudo,2025-01-31,pre_advance,2024:Q4,M,S,3.5098978923775057,0.0,0.06524141305387815,15.399990963755315,True,5,0.02
indicator_revision_only_dfm_kalman_em,pseudo,2024:Q4:pre_advance:pseudo,2025-01-31,pre_advance,2024:Q4,M,T,3.5098978923775057,0.0,0.06524141305387815,15.399990963755315,True,5,0.02
indicator_revision_only_dfm_kalman_em,pseudo,2024:Q4:pre_advance:pseudo,2025-01-31,pre_advance,2024:Q4,S,A,3.5098978923775057,0.0,0.06524141305387815,15.399990963755315,True,5,0.02
indicator_revision_only_dfm_kalman_em,pseudo,2024:Q4:pre_advance:pseudo,2025-01-31,pre_advance,2024:Q4,S,M,3.5098978923775057,0.0,0.06524141305387815,15.399990963755315,True,5,0.02
indicator_revision_only_dfm_kalman_em,pseudo,2024:Q4:pre_advance:pseudo,2025-01-31,pre_advance,2024:Q4,S,S,3.525221435924508,0.0,0.06524141305387815,15.399990963755315,True,5,0.02
indicator_revision_only_dfm_kalman_em,pseudo,2024:Q4:pre_advance:pseudo,2025-01-31,pre_advance,2024:Q4,S,T,3.5098978923775057,0.0,0.06524141305387815,15.399990963755315,True,5,0.02
indicator_revision_only_dfm_kalman_em,pseudo,2024:Q4:pre_advance:pseudo,2025-01-31,pre_advance,2024:Q4,T,A,3.5098978923775057,0.0,0.06524141305387815,15.399990963755315,True,5,0.02
indicator_revision_only_dfm_kalman_em,pseudo,2024:Q4:pre_advance:pseudo,2025-01-31,pre_advance,2024:Q4,T,M,3.5098978923775057,0.0,0.06524141305387815,15.399990963755315,True,5,0.02
indicator_revision_only_dfm_kalman_em,pseudo,2024:Q4:pre_advance:pseudo,2025-01-31,pre_advance,2024:Q4,T,S,3.5098978923775057,0.0,0.06524141305387815,15.399990963755315,True,5,0.02
indicator_revision_only_dfm_kalman_em,pseudo,2024:Q4:pre_advance:pseudo,2025-01-31,pre_advance,2024:Q4,T,T,3.636197211217974,0.0,0.06524141305387815,15.399990963755315,True,5,0.02
joint_indicator_revision_dfm_full_kalman_em,pseudo,2024:Q4:pre_advance:pseudo,2025-01-31,pre_advance,2024:Q4,A,A,2.9919824331098015,0.0,0.06334620353988785,15.752230804823078,True,5,0.02
joint_indicator_revision_dfm_full_kalman_em,pseudo,2024:Q4:pre_advance:pseudo,2025-01-31,pre_advance,2024:Q4,A,M,3.2602677565695406,0.0,0.06334620353988785,15.752230804823078,True,5,0.02
joint_indicator_revision_dfm_full_kalman_em,pseudo,2024:Q4:pre_advance:pseudo,2025-01-31,pre_advance,2024:Q4,A,S,3.237612999814947,0.0,0.06334620353988785,15.752230804823078,True,5,0.02
joint_indicator_revision_dfm_full_kalman_em,pseudo,2024:Q4:pre_advance:pseudo,2025-01-31,pre_advance,2024:Q4,A,T,3.2512058538677033,0.0,0.06334620353988785,15.752230804823078,True,5,0.02
joint_indicator_revision_dfm_full_kalman_em,pseudo,2024:Q4:pre_advance:pseudo,2025-01-31,pre_advance,2024:Q4,M,A,3.2602677565695406,0.0,0.06334620353988785,15.752230804823078,True,5,0.02
joint_indicator_revision_dfm_full_kalman_em,pseudo,2024:Q4:pre_advance:pseudo,2025-01-31,pre_advance,2024:Q4,M,M,7.918915344730065,0.0,0.06334620353988785,15.752230804823078,True,5,0.02
joint_indicator_revision_dfm_full_kalman_em,pseudo,2024:Q4:pre_advance:pseudo,2025-01-31,pre_advance,2024:Q4,M,S,3.8664658578064937,0.0,0.06334620353988785,15.752230804823078,True,5,0.02
joint_indicator_revision_dfm_full_kalman_em,pseudo,2024:Q4:pre_advance:pseudo,2025-01-31,pre_advance,2024:Q4,M,T,3.885608955740292,0.0,0.06334620353988785,15.752230804823078,True,5,0.02
joint_indicator_revision_dfm_full_kalman_em,pseudo,2024:Q4:pre_advance:pseudo,2025-01-31,pre_advance,2024:Q4,S,A,3.237612999814947,0.0,0.06334620353988785,15.752230804823078,True,5,0.02
joint_indicator_revision_dfm_full_kalman_em,pseudo,2024:Q4:pre_advance:pseudo,2025-01-31,pre_advance,2024:Q4,S,M,3.8664658578064937,0.0,0.06334620353988785,15.752230804823078,True,5,0.02
joint_indicator_revision_dfm_full_kalman_em,pseudo,2024:Q4:pre_advance:pseudo,2025-01-31,pre_advance,2024:Q4,S,S,3.85300896026758,0.0,0.06334620353988785,15.752230804823078,True,5,0.02
joint_indicator_revision_dfm_full_kalman_em,pseudo,2024:Q4:pre_advance:pseudo,2025-01-31,pre_advance,2024:Q4,S,T,3.8538888006466627,0.0,0.06334620353988785,15.752230804823078,True,5,0.02
joint_indicator_revision_dfm_full_kalman_em,pseudo,2024:Q4:pre_advance:pseudo,2025-01-31,pre_advance,2024:Q4,T,A,3.2512058538677033,0.0,0.06334620353988785,15.752230804823078,True,5,0.02
joint_indicator_revision_dfm_full_kalman_em,pseudo,2024:Q4:pre_advance:pseudo,2025-01-31,pre_advance,2024:Q4,T,M,3.885608955740292,0.0,0.06334620353988785,15.752230804823078,True,5,0.02
joint_indicator_revision_dfm_full_kalman_em,pseudo,2024:Q4:pre_advance:pseudo,2025-01-31,pre_advance,2024:Q4,T,S,3.8538888006466627,0.0,0.06334620353988785,15.752230804823078,True,5,0.02
joint_indicator_revision_dfm_full_kalman_em,pseudo,2024:Q4:pre_advance:pseudo,2025-01-31,pre_advance,2024:Q4,T,T,3.9938661582525468,0.0,0.06334620353988785,15.752230804823078,True,5,0.02
monthly_mixed_frequency_kalman_em,pseudo,2024:Q4:pre_advance:pseudo,2025-01-31,pre_advance,2024:Q4,A,A,4.458536809355601,0.0,0.06042581459253904,18.54995861393381,True,5,0.02
monthly_mixed_frequency_kalman_em,pseudo,2024:Q4:pre_advance:pseudo,2025-01-31,pre_advance,2024:Q4,A,M,4.171022994122971,0.0,0.06042581459253904,18.54995861393381,True,5,0.02
monthly_mixed_frequency_kalman_em,pseudo,2024:Q4:pre_advance:pseudo,2025-01-31,pre_advance,2024:Q4,A,S,4.212984510343531,0.0,0.06042581459253904,18.54995861393381,True,5,0.02
monthly_mixed_frequency_kalman_em,pseudo,2024:Q4:pre_advance:pseudo,2025-01-31,pre_advance,2024:Q4,A,T,4.190096410586862,0.0,0.06042581459253904,18.54995861393381,True,5,0.02
monthly_mixed_frequency_kalman_em,pseudo,2024:Q4:pre_advance:pseudo,2025-01-31,pre_advance,2024:Q4,M,A,4.171022994122971,0.0,0.06042581459253904,18.54995861393381,True,5,0.02
monthly_mixed_frequency_kalman_em,pseudo,2024:Q4:pre_advance:pseudo,2025-01-31,pre_advance,2024:Q4,M,M,8.58797704762899,0.0,0.06042581459253904,18.54995861393381,True,5,0.02
monthly_mixed_frequency_kalman_em,pseudo,2024:Q4:pre_advance:pseudo,2025-01-31,pre_advance,2024:Q4,M,S,4.353210869551366,0.0,0.06042581459253904,18.54995861393381,True,5,0.02
monthly_mixed_frequency_kalman_em,pseudo,2024:Q4:pre_advance:pseudo,2025-01-31,pre_advance,2024:Q4,M,T,4.4746694531702955,0.0,0.06042581459253904,18.54995861393381,True,5,0.02
monthly_mixed_frequency_kalman_em,pseudo,2024:Q4:pre_advance:pseudo,2025-01-31,pre_advance,2024:Q4,S,A,4.212984510343531,0.0,0.06042581459253904,18.54995861393381,True,5,0.02
monthly_mixed_frequency_kalman_em,pseudo,2024:Q4:pre_advance:pseudo,2025-01-31,pre_advance,2024:Q4,S,M,4.353210869551366,0.0,0.06042581459253904,18.54995861393381,True,5,0.02
monthly_mixed_frequency_kalman_em,pseudo,2024:Q4:pre_advance:pseudo,2025-01-31,pre_advance,2024:Q4,S,S,4.327546207223846,0.0,0.06042581459253904,18.54995861393381,True,5,0.02
monthly_mixed_frequency_kalman_em,pseudo,2024:Q4:pre_advance:pseudo,2025-01-31,pre_advance,2024:Q4,S,T,4.318154279749407,0.0,0.06042581459253904,18.54995861393381,True,5,0.02
monthly_mixed_frequency_kalman_em,pseudo,2024:Q4:pre_advance:pseudo,2025-01-31,pre_advance,2024:Q4,T,A,4.190096410586862,0.0,0.06042581459253904,18.54995861393381,True,5,0.02
monthly_mixed_frequency_kalman_em,pseudo,2024:Q4:pre_advance:pseudo,2025-01-31,pre_advance,2024:Q4,T,M,4.4746694531702955,0.0,0.06042581459253904,18.54995861393381,True,5,0.02
monthly_mixed_frequency_kalman_em,pseudo,2024:Q4:pre_advance:pseudo,2025-01-31,pre_advance,2024:Q4,T,S,4.318154279749407,0.0,0.06042581459253904,18.54995861393381,True,5,0.02
monthly_mixed_frequency_kalman_em,pseudo,2024:Q4:pre_advance:pseudo,2025-01-31,pre_advance,2024:Q4,T,T,4.452959368811601,0.0,0.06042581459253904,18.54995861393381,True,5,0.02
revision_dfm_kalman_em,pseudo,2024:Q4:pre_advance:pseudo,2025-01-31,pre_advance,2024:Q4,A,A,2.913094227756423,4.440892098500626e-16,0.06516815004861168,14.576441780925776,True,5,0.02
revision_dfm_kalman_em,pseudo,2024:Q4:pre_advance:pseudo,2025-01-31,pre_advance,2024:Q4,A,M,3.0334889674615946,4.440892098500626e-16,0.06516815004861168,14.576441780925776,True,5,0.02
revision_dfm_kalman_em,pseudo,2024:Q4:pre_advance:pseudo,2025-01-31,pre_advance,2024:Q4,A,S,3.0202601575648576,4.440892098500626e-16,0.06516815004861168,14.576441780925776,True,5,0.02
revision_dfm_kalman_em,pseudo,2024:Q4:pre_advance:pseudo,2025-01-31,pre_advance,2024:Q4,A,T,3.0281974435028998,4.440892098500626e-16,0.06516815004861168,14.576441780925776,True,5,0.02
revision_dfm_kalman_em,pseudo,2024:Q4:pre_advance:pseudo,2025-01-31,pre_advance,2024:Q4,M,A,3.0334889674615946,4.440892098500626e-16,0.06516815004861168,14.576441780925776,True,5,0.02
revision_dfm_kalman_em,pseudo,2024:Q4:pre_advance:pseudo,2025-01-31,pre_advance,2024:Q4,M,M,7.542657971145794,4.440892098500626e-16,0.06516815004861168,14.576441780925776,True,5,0.02
revision_dfm_kalman_em,pseudo,2024:Q4:pre_advance:pseudo,2025-01-31,pre_advance,2024:Q4,M,S,3.51090448451746,4.440892098500626e-16,0.06516815004861168,14.576441780925776,True,5,0.02
revision_dfm_kalman_em,pseudo,2024:Q4:pre_advance:pseudo,2025-01-31,pre_advance,2024:Q4,M,T,3.5259807640034344,4.440892098500626e-16,0.06516815004861168,14.576441780925776,True,5,0.02
revision_dfm_kalman_em,pseudo,2024:Q4:pre_advance:pseudo,2025-01-31,pre_advance,2024:Q4,S,A,3.020260157564858,4.440892098500626e-16,0.06516815004861168,14.576441780925776,True,5,0.02
revision_dfm_kalman_em,pseudo,2024:Q4:pre_advance:pseudo,2025-01-31,pre_advance,2024:Q4,S,M,3.51090448451746,4.440892098500626e-16,0.06516815004861168,14.576441780925776,True,5,0.02
revision_dfm_kalman_em,pseudo,2024:Q4:pre_advance:pseudo,2025-01-31,pre_advance,2024:Q4,S,S,3.510900498301741,4.440892098500626e-16,0.06516815004861168,14.576441780925776,True,5,0.02
revision_dfm_kalman_em,pseudo,2024:Q4:pre_advance:pseudo,2025-01-31,pre_advance,2024:Q4,S,T,3.501091597978408,4.440892098500626e-16,0.06516815004861168,14.576441780925776,True,5,0.02
revision_dfm_kalman_em,pseudo,2024:Q4:pre_advance:pseudo,2025-01-31,pre_advance,2024:Q4,T,A,3.0281974435029,4.440892098500626e-16,0.06516815004861168,14.576441780925776,True,5,0.02
revision_dfm_kalman_em,pseudo,2024:Q4:pre_advance:pseudo,2025-01-31,pre_advance,2024:Q4,T,M,3.5259807640034344,4.440892098500626e-16,0.06516815004861168,14.576441780925776,True,5,0.02
revision_dfm_kalman_em,pseudo,2024:Q4:pre_advance:pseudo,2025-01-31,pre_advance,2024:Q4,T,S,3.501091597978408,4.440892098500626e-16,0.06516815004861168,14.576441780925776,True,5,0.02
revision_dfm_kalman_em,pseudo,2024:Q4:pre_advance:pseudo,2025-01-31,pre_advance,2024:Q4,T,T,3.631367961534402,4.440892098500626e-16,0.06516815004861168,14.576441780925776,True,5,0.02
indicator_revision_only_dfm_kalman_em,exact,2024:Q4:pre_second:exact,2025-02-26,pre_second,2024:Q4,A,A,0.7334357320919477,0.0,0.0615247664046956,4.473581618169177,True,5,0.02
indicator_revision_only_dfm_kalman_em,exact,2024:Q4:pre_second:exact,2025-02-26,pre_second,2024:Q4,A,M,0.3475305065026834,0.0,0.0615247664046956,4.473581618169177,True,5,0.02
indicator_revision_only_dfm_kalman_em,exact,2024:Q4:pre_second:exact,2025-02-26,pre_second,2024:Q4,A,S,0.3475305065026834,0.0,0.0615247664046956,4.473581618169177,True,5,0.02
indicator_revision_only_dfm_kalman_em,exact,2024:Q4:pre_second:exact,2025-02-26,pre_second,2024:Q4,A,T,0.3475305065026834,0.0,0.0615247664046956,4.473581618169177,True,5,0.02
indicator_revision_only_dfm_kalman_em,exact,2024:Q4:pre_second:exact,2025-02-26,pre_second,2024:Q4,M,A,0.3475305065026834,0.0,0.0615247664046956,4.473581618169177,True,5,0.02
indicator_revision_only_dfm_kalman_em,exact,2024:Q4:pre_second:exact,2025-02-26,pre_second,2024:Q4,M,M,4.362075485748664,0.0,0.0615247664046956,4.473581618169177,True,5,0.02
indicator_revision_only_dfm_kalman_em,exact,2024:Q4:pre_second:exact,2025-02-26,pre_second,2024:Q4,M,S,0.3475305065026834,0.0,0.0615247664046956,4.473581618169177,True,5,0.02
indicator_revision_only_dfm_kalman_em,exact,2024:Q4:pre_second:exact,2025-02-26,pre_second,2024:Q4,M,T,0.3475305065026834,0.0,0.0615247664046956,4.473581618169177,True,5,0.02
indicator_revision_only_dfm_kalman_em,exact,2024:Q4:pre_second:exact,2025-02-26,pre_second,2024:Q4,S,A,0.3475305065026834,0.0,0.0615247664046956,4.473581618169177,True,5,0.02
indicator_revision_only_dfm_kalman_em,exact,2024:Q4:pre_second:exact,2025-02-26,pre_second,2024:Q4,S,M,0.3475305065026834,0.0,0.0615247664046956,4.473581618169177,True,5,0.02
indicator_revision_only_dfm_kalman_em,exact,2024:Q4:pre_second:exact,2025-02-26,pre_second,2024:Q4,S,S,0.3628732182138882,0.0,0.0615247664046956,4.473581618169177,True,5,0.02
indicator_revision_only_dfm_kalman_em,exact,2024:Q4:pre_second:exact,2025-02-26,pre_second,2024:Q4,S,T,0.3475305065026834,0.0,0.0615247664046956,4.473581618169177,True,5,0.02
indicator_revision_only_dfm_kalman_em,exact,2024:Q4:pre_second:exact,2025-02-26,pre_second,2024:Q4,T,A,0.3475305065026834,0.0,0.0615247664046956,4.473581618169177,True,5,0.02
indicator_revision_only_dfm_kalman_em,exact,2024:Q4:pre_second:exact,2025-02-26,pre_second,2024:Q4,T,M,0.3475305065026834,0.0,0.0615247664046956,4.473581618169177,True,5,0.02
indicator_revision_only_dfm_kalman_em,exact,2024:Q4:pre_second:exact,2025-02-26,pre_second,2024:Q4,T,S,0.3475305065026834,0.0,0.0615247664046956,4.473581618169177,True,5,0.02
indicator_revision_only_dfm_kalman_em,exact,2024:Q4:pre_second:exact,2025-02-26,pre_second,2024:Q4,T,T,0.4738212050142856,0.0,0.0615247664046956,4.473581618169177,True,5,0.02
joint_indicator_revision_dfm_full_kalman_em,exact,2024:Q4:pre_second:exact,2025-02-26,pre_second,2024:Q4,A,A,0.3585192195044318,5.551115123125783e-17,0.06175548056224311,4.442411316768064,True,5,0.02
joint_indicator_revision_dfm_full_kalman_em,exact,2024:Q4:pre_second:exact,2025-02-26,pre_second,2024:Q4,A,M,0.20118311378822537,5.551115123125783e-17,0.06175548056224311,4.442411316768064,True,5,0.02
joint_indicator_revision_dfm_full_kalman_em,exact,2024:Q4:pre_second:exact,2025-02-26,pre_second,2024:Q4,A,S,0.19980145788119502,5.551115123125783e-17,0.06175548056224311,4.442411316768064,True,5,0.02
joint_indicator_revision_dfm_full_kalman_em,exact,2024:Q4:pre_second:exact,2025-02-26,pre_second,2024:Q4,A,T,0.20063045142541322,5.551115123125783e-17,0.06175548056224311,4.442411316768064,True,5,0.02
joint_indicator_revision_dfm_full_kalman_em,exact,2024:Q4:pre_second:exact,2025-02-26,pre_second,2024:Q4,M,A,0.20118311378822537,5.551115123125783e-17,0.06175548056224311,4.442411316768064,True,5,0.02
joint_indicator_revision_dfm_full_kalman_em,exact,2024:Q4:pre_second:exact,2025-02-26,pre_second,2024:Q4,M,M,4.365855290850287,5.551115123125783e-17,0.06175548056224311,4.442411316768064,True,5,0.02
joint_indicator_revision_dfm_full_kalman_em,exact,2024:Q4:pre_second:exact,2025-02-26,pre_second,2024:Q4,M,S,0.33820129581768404,5.551115123125783e-17,0.06175548056224311,4.442411316768064,True,5,0.02
joint_indicator_revision_dfm_full_kalman_em,exact,2024:Q4:pre_second:exact,2025-02-26,pre_second,2024:Q4,M,T,0.3425281857765091,5.551115123125783e-17,0.06175548056224311,4.442411316768064,True,5,0.02
joint_indicator_revision_dfm_full_kalman_em,exact,2024:Q4:pre_second:exact,2025-02-26,pre_second,2024:Q4,S,A,0.199801457881195,5.551115123125783e-17,0.06175548056224311,4.442411316768064,True,5,0.02
joint_indicator_revision_dfm_full_kalman_em,exact,2024:Q4:pre_second:exact,2025-02-26,pre_second,2024:Q4,S,M,0.33820129581768404,5.551115123125783e-17,0.06175548056224311,4.442411316768064,True,5,0.02
joint_indicator_revision_dfm_full_kalman_em,exact,2024:Q4:pre_second:exact,2025-02-26,pre_second,2024:Q4,S,S,0.34928759522977326,5.551115123125783e-17,0.06175548056224311,4.442411316768064,True,5,0.02
joint_indicator_revision_dfm_full_kalman_em,exact,2024:Q4:pre_second:exact,2025-02-26,pre_second,2024:Q4,S,T,0.33543329905895425,5.551115123125783e-17,0.06175548056224311,4.442411316768064,True,5,0.02
joint_indicator_revision_dfm_full_kalman_em,exact,2024:Q4:pre_second:exact,2025-02-26,pre_second,2024:Q4,T,A,0.20063045142541325,5.551115123125783e-17,0.06175548056224311,4.442411316768064,True,5,0.02
joint_indicator_revision_dfm_full_kalman_em,exact,2024:Q4:pre_second:exact,2025-02-26,pre_second,2024:Q4,T,M,0.3425281857765091,5.551115123125783e-17,0.06175548056224311,4.442411316768064,True,5,0.02
joint_indicator_revision_dfm_full_kalman_em,exact,2024:Q4:pre_second:exact,2025-02-26,pre_second,2024:Q4,T,S,0.3354332990589543,5.551115123125783e-17,0.06175548056224311,4.442411316768064,True,5,0.02
joint_indicator_revision_dfm_full_kalman_em,exact,2024:Q4:pre_second:exact,2025-02-26,pre_second,2024:Q4,T,T,0.4606323529845722,5.551115123125783e-17,0.06175548056224311,4.442411316768064,True,5,0.02
monthly_mixed_frequency_kalman_em,exact,2024:Q4:pre_second:exact,2025-02-26,pre_second,2024:Q4,A,A,0.41507989029114456,0.0,0.05756990993305832,4.817644727310182,True,5,0.02
monthly_mixed_frequency_kalman_em,exact,2024:Q4:pre_second:exact,2025-02-26,pre_second,2024:Q4,A,M,0.1974123910226534,0.0,0.05756990993305832,4.817644727310182,True,5,0.02
monthly_mixed_frequency_kalman_em,exact,2024:Q4:pre_second:exact,2025-02-26,pre_second,2024:Q4,A,S,0.20007927956550586,0.0,0.05756990993305832,4.817644727310182,True,5,0.02
monthly_mixed_frequency_kalman_em,exact,2024:Q4:pre_second:exact,2025-02-26,pre_second,2024:Q4,A,T,0.19862461308758636,0.0,0.05756990993305832,4.817644727310182,True,5,0.02
monthly_mixed_frequency_kalman_em,exact,2024:Q4:pre_second:exact,2025-02-26,pre_second,2024:Q4,M,A,0.1974123910226534,0.0,0.05756990993305832,4.817644727310182,True,5,0.02
monthly_mixed_frequency_kalman_em,exact,2024:Q4:pre_second:exact,2025-02-26,pre_second,2024:Q4,M,M,4.685586992064865,0.0,0.05756990993305832,4.817644727310182,True,5,0.02
monthly_mixed_frequency_kalman_em,exact,2024:Q4:pre_second:exact,2025-02-26,pre_second,2024:Q4,M,S,0.41120420969613525,0.0,0.05756990993305832,4.817644727310182,True,5,0.02
monthly_mixed_frequency_kalman_em,exact,2024:Q4:pre_second:exact,2025-02-26,pre_second,2024:Q4,M,T,0.55373208881179,0.0,0.05756990993305832,4.817644727310182,True,5,0.02
monthly_mixed_frequency_kalman_em,exact,2024:Q4:pre_second:exact,2025-02-26,pre_second,2024:Q4,S,A,0.20007927956550586,0.0,0.05756990993305832,4.817644727310182,True,5,0.02
monthly_mixed_frequency_kalman_em,exact,2024:Q4:pre_second:exact,2025-02-26,pre_second,2024:Q4,S,M,0.41120420969613525,0.0,0.05756990993305832,4.817644727310182,True,5,0.02
monthly_mixed_frequency_kalman_em,exact,2024:Q4:pre_second:exact,2025-02-26,pre_second,2024:Q4,S,S,0.34637900065441035,0.0,0.05756990993305832,4.817644727310182,True,5,0.02
monthly_mixed_frequency_kalman_em,exact,2024:Q4:pre_second:exact,2025-02-26,pre_second,2024:Q4,S,T,0.35842297716347793,0.0,0.05756990993305832,4.817644727310182,True,5,0.02
monthly_mixed_frequency_kalman_em,exact,2024:Q4:pre_second:exact,2025-02-26,pre_second,2024:Q4,T,A,0.19862461308758636,0.0,0.05756990993305832,4.817644727310182,True,5,0.02
monthly_mixed_frequency_kalman_em,exact,2024:Q4:pre_second:exact,2025-02-26,pre_second,2024:Q4,T,M,0.55373208881179,0.0,0.05756990993305832,4.817644727310182,True,5,0.02
monthly_mixed_frequency_kalman_em,exact,2024:Q4:pre_second:exact,2025-02-26,pre_second,2024:Q4,T,S,0.35842297716347793,0.0,0.05756990993305832,4.817644727310182,True,5,0.02
monthly_mixed_frequency_kalman_em,exact,2024:Q4:pre_second:exact,2025-02-26,pre_second,2024:Q4,T,T,0.5138004852869817,0.0,0.05756990993305832,4.817644727310182,True,5,0.02
revision_dfm_kalman_em,exact,2024:Q4:pre_second:exact,2025-02-26,pre_second,2024:Q4,A,A,0.2799917448568847,1.1102230246251565e-16,0.06576277017908595,4.451924886762068,True,5,0.02
revision_dfm_kalman_em,exact,2024:Q4:pre_second:exact,2025-02-26,pre_second,2024:Q4,A,M,0.14886597311581848,1.1102230246251565e-16,0.06576277017908595,4.451924886762068,True,5,0.02
revision_dfm_kalman_em,exact,2024:Q4:pre_second:exact,2025-02-26,pre_second,2024:Q4,A,S,0.14824470719167013,1.1102230246251565e-16,0.06576277017908595,4.451924886762068,True,5,0.02
revision_dfm_kalman_em,exact,2024:Q4:pre_second:exact,2025-02-26,pre_second,2024:Q4,A,T,0.14861746674615914,1.1102230246251565e-16,0.06576277017908595,4.451924886762068,True,5,0.02
revision_dfm_kalman_em,exact,2024:Q4:pre_second:exact,2025-02-26,pre_second,2024:Q4,M,A,0.14886597311581848,1.1102230246251565e-16,0.06576277017908595,4.451924886762068,True,5,0.02
revision_dfm_kalman_em,exact,2024:Q4:pre_second:exact,2025-02-26,pre_second,2024:Q4,M,M,4.371417543362514,1.1102230246251565e-16,0.06576277017908595,4.451924886762068,True,5,0.02
revision_dfm_kalman_em,exact,2024:Q4:pre_second:exact,2025-02-26,pre_second,2024:Q4,M,S,0.36198963366906883,1.1102230246251565e-16,0.06576277017908595,4.451924886762068,True,5,0.02
revision_dfm_kalman_em,exact,2024:Q4:pre_second:exact,2025-02-26,pre_second,2024:Q4,M,T,0.3687198545286452,1.1102230246251565e-16,0.06576277017908595,4.451924886762068,True,5,0.02
revision_dfm_kalman_em,exact,2024:Q4:pre_second:exact,2025-02-26,pre_second,2024:Q4,S,A,0.14824470719167007,1.1102230246251565e-16,0.06576277017908595,4.451924886762068,True,5,0.02
revision_dfm_kalman_em,exact,2024:Q4:pre_second:exact,2025-02-26,pre_second,2024:Q4,S,M,0.36198963366906883,1.1102230246251565e-16,0.06576277017908595,4.451924886762068,True,5,0.02
revision_dfm_kalman_em,exact,2024:Q4:pre_second:exact,2025-02-26,pre_second,2024:Q4,S,S,0.3801406054397714,1.1102230246251565e-16,0.06576277017908595,4.451924886762068,True,5,0.02
revision_dfm_kalman_em,exact,2024:Q4:pre_second:exact,2025-02-26,pre_second,2024:Q4,S,T,0.35771473513952085,1.1102230246251565e-16,0.06576277017908595,4.451924886762068,True,5,0.02
revision_dfm_kalman_em,exact,2024:Q4:pre_second:exact,2025-02-26,pre_second,2024:Q4,T,A,0.14861746674615917,1.1102230246251565e-16,0.06576277017908595,4.451924886762068,True,5,0.02
revision_dfm_kalman_em,exact,2024:Q4:pre_second:exact,2025-02-26,pre_second,2024:Q4,T,M,0.3687198545286452,1.1102230246251565e-16,0.06576277017908595,4.451924886762068,True,5,0.02
revision_dfm_kalman_em,exact,2024:Q4:pre_second:exact,2025-02-26,pre_second,2024:Q4,T,S,0.35771473513952096,1.1102230246251565e-16,0.06576277017908595,4.451924886762068,True,5,0.02
revision_dfm_kalman_em,exact,2024:Q4:pre_second:exact,2025-02-26,pre_second,2024:Q4,T,T,0.4761267739650617,1.1102230246251565e-16,0.06576277017908595,4.451924886762068,True,5,0.02
indicator_revision_only_dfm_kalman_em,pseudo,2024:Q4:pre_second:pseudo,2025-02-28,pre_second,2024:Q4,A,A,0.7334350526777808,0.0,0.061524576563979534,4.473581085356027,True,5,0.02
indicator_revision_only_dfm_kalman_em,pseudo,2024:Q4:pre_second:pseudo,2025-02-28,pre_second,2024:Q4,A,M,0.34752960414561634,0.0,0.061524576563979534,4.473581085356027,True,5,0.02
indicator_revision_only_dfm_kalman_em,pseudo,2024:Q4:pre_second:pseudo,2025-02-28,pre_second,2024:Q4,A,S,0.34752960414561634,0.0,0.061524576563979534,4.473581085356027,True,5,0.02
indicator_revision_only_dfm_kalman_em,pseudo,2024:Q4:pre_second:pseudo,2025-02-28,pre_second,2024:Q4,A,T,0.34752960414561634,0.0,0.061524576563979534,4.473581085356027,True,5,0.02
indicator_revision_only_dfm_kalman_em,pseudo,2024:Q4:pre_second:pseudo,2025-02-28,pre_second,2024:Q4,M,A,0.34752960414561634,0.0,0.061524576563979534,4.473581085356027,True,5,0.02
indicator_revision_only_dfm_kalman_em,pseudo,2024:Q4:pre_second:pseudo,2025-02-28,pre_second,2024:Q4,M,M,4.3620756040586945,0.0,0.061524576563979534,4.473581085356027,True,5,0.02
indicator_revision_only_dfm_kalman_em,pseudo,2024:Q4:pre_second:pseudo,2025-02-28,pre_second,2024:Q4,M,S,0.34752960414561634,0.0,0.061524576563979534,4.473581085356027,True,5,0.02
indicator_revision_only_dfm_kalman_em,pseudo,2024:Q4:pre_second:pseudo,2025-02-28,pre_second,2024:Q4,M,T,0.34752960414561634,0.0,0.061524576563979534,4.473581085356027,True,5,0.02
indicator_revision_only_dfm_kalman_em,pseudo,2024:Q4:pre_second:pseudo,2025-02-28,pre_second,2024:Q4,S,A,0.34752960414561634,0.0,0.061524576563979534,4.473581085356027,True,5,0.02
indicator_revision_only_dfm_kalman_em,pseudo,2024:Q4:pre_second:pseudo,2025-02-28,pre_second,2024:Q4,S,M,0.34752960414561634,0.0,0.061524576563979534,4.473581085356027,True,5,0.02
indicator_revision_only_dfm_kalman_em,pseudo,2024:Q4:pre_second:pseudo,2025-02-28,pre_second,2024:Q4,S,S,0.36287180247281714,0.0,0.061524576563979534,4.473581085356027,True,5,0.02
indicator_revision_only_dfm_kalman_em,pseudo,2024:Q4:pre_second:pseudo,2025-02-28,pre_second,2024:Q4,S,T,0.34752960414561634,0.0,0.061524576563979534,4.473581085356027,True,5,0.02
indicator_revision_only_dfm_kalman_em,pseudo,2024:Q4:pre_second:pseudo,2025-02-28,pre_second,2024:Q4,T,A,0.34752960414561634,0.0,0.061524576563979534,4.473581085356027,True,5,0.02
indicator_revision_only_dfm_kalman_em,pseudo,2024:Q4:pre_second:pseudo,2025-02-28,pre_second,2024:Q4,T,M,0.34752960414561634,0.0,0.061524576563979534,4.473581085356027,True,5,0.02
indicator_revision_only_dfm_kalman_em,pseudo,2024:Q4:pre_second:pseudo,2025-02-28,pre_second,2024:Q4,T,S,0.34752960414561634,0.0,0.061524576563979534,4.473581085356027,True,5,0.02
indicator_revision_only_dfm_kalman_em,pseudo,2024:Q4:pre_second:pseudo,2025-02-28,pre_second,2024:Q4,T,T,0.47382076370269177,0.0,0.061524576563979534,4.473581085356027,True,5,0.02
joint_indicator_revision_dfm_full_kalman_em,pseudo,2024:Q4:pre_second:pseudo,2025-02-28,pre_second,2024:Q4,A,A,0.35853087597846467,5.551115123125783e-17,0.06175520144794196,4.442424465405596,True,5,0.02
joint_indicator_revision_dfm_full_kalman_em,pseudo,2024:Q4:pre_second:pseudo,2025-02-28,pre_second,2024:Q4,A,M,0.20119687867295016,5.551115123125783e-17,0.06175520144794196,4.442424465405596,True,5,0.02
joint_indicator_revision_dfm_full_kalman_em,pseudo,2024:Q4:pre_second:pseudo,2025-02-28,pre_second,2024:Q4,A,S,0.19981475866811743,5.551115123125783e-17,0.06175520144794196,4.442424465405596,True,5,0.02
joint_indicator_revision_dfm_full_kalman_em,pseudo,2024:Q4:pre_second:pseudo,2025-02-28,pre_second,2024:Q4,A,T,0.20064403067101708,5.551115123125783e-17,0.06175520144794196,4.442424465405596,True,5,0.02
joint_indicator_revision_dfm_full_kalman_em,pseudo,2024:Q4:pre_second:pseudo,2025-02-28,pre_second,2024:Q4,M,A,0.20119687867295016,5.551115123125783e-17,0.06175520144794196,4.442424465405596,True,5,0.02
joint_indicator_revision_dfm_full_kalman_em,pseudo,2024:Q4:pre_second:pseudo,2025-02-28,pre_second,2024:Q4,M,M,4.365863737922013,5.551115123125783e-17,0.06175520144794196,4.442424465405596,True,5,0.02
joint_indicator_revision_dfm_full_kalman_em,pseudo,2024:Q4:pre_second:pseudo,2025-02-28,pre_second,2024:Q4,M,S,0.3382086619717183,5.551115123125783e-17,0.06175520144794196,4.442424465405596,True,5,0.02
joint_indicator_revision_dfm_full_kalman_em,pseudo,2024:Q4:pre_second:pseudo,2025-02-28,pre_second,2024:Q4,M,T,0.3425353498653636,5.551115123125783e-17,0.06175520144794196,4.442424465405596,True,5,0.02
joint_indicator_revision_dfm_full_kalman_em,pseudo,2024:Q4:pre_second:pseudo,2025-02-28,pre_second,2024:Q4,S,A,0.19981475866811738,5.551115123125783e-17,0.06175520144794196,4.442424465405596,True,5,0.02
joint_indicator_revision_dfm_full_kalman_em,pseudo,2024:Q4:pre_second:pseudo,2025-02-28,pre_second,2024:Q4,S,M,0.3382086619717183,5.551115123125783e-17,0.06175520144794196,4.442424465405596,True,5,0.02
joint_indicator_revision_dfm_full_kalman_em,pseudo,2024:Q4:pre_second:pseudo,2025-02-28,pre_second,2024:Q4,S,S,0.34929498241052026,5.551115123125783e-17,0.06175520144794196,4.442424465405596,True,5,0.02
joint_indicator_revision_dfm_full_kalman_em,pseudo,2024:Q4:pre_second:pseudo,2025-02-28,pre_second,2024:Q4,S,T,0.33544078390564624,5.551115123125783e-17,0.06175520144794196,4.442424465405596,True,5,0.02
joint_indicator_revision_dfm_full_kalman_em,pseudo,2024:Q4:pre_second:pseudo,2025-02-28,pre_second,2024:Q4,T,A,0.20064403067101708,5.551115123125783e-17,0.06175520144794196,4.442424465405596,True,5,0.02
joint_indicator_revision_dfm_full_kalman_em,pseudo,2024:Q4:pre_second:pseudo,2025-02-28,pre_second,2024:Q4,T,M,0.3425353498653636,5.551115123125783e-17,0.06175520144794196,4.442424465405596,True,5,0.02
joint_indicator_revision_dfm_full_kalman_em,pseudo,2024:Q4:pre_second:pseudo,2025-02-28,pre_second,2024:Q4,T,S,0.3354407839056463,5.551115123125783e-17,0.06175520144794196,4.442424465405596,True,5,0.02
joint_indicator_revision_dfm_full_kalman_em,pseudo,2024:Q4:pre_second:pseudo,2025-02-28,pre_second,2024:Q4,T,T,0.4606396093741629,5.551115123125783e-17,0.06175520144794196,4.442424465405596,True,5,0.02
monthly_mixed_frequency_kalman_em,pseudo,2024:Q4:pre_second:pseudo,2025-02-28,pre_second,2024:Q4,A,A,0.4150826723500478,0.0,0.05757001844992503,4.817611982240464,True,5,0.02
monthly_mixed_frequency_kalman_em,pseudo,2024:Q4:pre_second:pseudo,2025-02-28,pre_second,2024:Q4,A,M,0.19741277935758722,0.0,0.05757001844992503,4.817611982240464,True,5,0.02
monthly_mixed_frequency_kalman_em,pseudo,2024:Q4:pre_second:pseudo,2025-02-28,pre_second,2024:Q4,A,S,0.20008055905630698,0.0,0.05757001844992503,4.817611982240464,True,5,0.02
monthly_mixed_frequency_kalman_em,pseudo,2024:Q4:pre_second:pseudo,2025-02-28,pre_second,2024:Q4,A,T,0.19862540649336896,0.0,0.05757001844992503,4.817611982240464,True,5,0.02
monthly_mixed_frequency_kalman_em,pseudo,2024:Q4:pre_second:pseudo,2025-02-28,pre_second,2024:Q4,M,A,0.19741277935758722,0.0,0.05757001844992503,4.817611982240464,True,5,0.02
monthly_mixed_frequency_kalman_em,pseudo,2024:Q4:pre_second:pseudo,2025-02-28,pre_second,2024:Q4,M,M,4.685559985576209,0.0,0.05757001844992503,4.817611982240464,True,5,0.02
monthly_mixed_frequency_kalman_em,pseudo,2024:Q4:pre_second:pseudo,2025-02-28,pre_second,2024:Q4,M,S,0.4111947772280631,0.0,0.05757001844992503,4.817611982240464,True,5,0.02
monthly_mixed_frequency_kalman_em,pseudo,2024:Q4:pre_second:pseudo,2025-02-28,pre_second,2024:Q4,M,T,0.5537161091417139,0.0,0.05757001844992503,4.817611982240464,True,5,0.02
monthly_mixed_frequency_kalman_em,pseudo,2024:Q4:pre_second:pseudo,2025-02-28,pre_second,2024:Q4,S,A,0.20008055905630698,0.0,0.05757001844992503,4.817611982240464,True,5,0.02
monthly_mixed_frequency_kalman_em,pseudo,2024:Q4:pre_second:pseudo,2025-02-28,pre_second,2024:Q4,S,M,0.4111947772280631,0.0,0.05757001844992503,4.817611982240464,True,5,0.02
monthly_mixed_frequency_kalman_em,pseudo,2024:Q4:pre_second:pseudo,2025-02-28,pre_second,2024:Q4,S,S,0.34637536208857733,0.0,0.05757001844992503,4.817611982240464,True,5,0.02
monthly_mixed_frequency_kalman_em,pseudo,2024:Q4:pre_second:pseudo,2025-02-28,pre_second,2024:Q4,S,T,0.35841622268512413,0.0,0.05757001844992503,4.817611982240464,True,5,0.02
monthly_mixed_frequency_kalman_em,pseudo,2024:Q4:pre_second:pseudo,2025-02-28,pre_second,2024:Q4,T,A,0.19862540649336896,0.0,0.05757001844992503,4.817611982240464,True,5,0.02
monthly_mixed_frequency_kalman_em,pseudo,2024:Q4:pre_second:pseudo,2025-02-28,pre_second,2024:Q4,T,M,0.5537161091417139,0.0,0.05757001844992503,4.817611982240464,True,5,0.02
monthly_mixed_frequency_kalman_em,pseudo,2024:Q4:pre_second:pseudo,2025-02-28,pre_second,2024:Q4,T,S,0.35841622268512413,0.0,0.05757001844992503,4.817611982240464,True,5,0.02
monthly_mixed_frequency_kalman_em,pseudo,2024:Q4:pre_second:pseudo,2025-02-28,pre_second,2024:Q4,T,T,0.5137893361455282,0.0,0.05757001844992503,4.817611982240464,True,5,0.02
revision_dfm_kalman_em,pseudo,2024:Q4:pre_second:pseudo,2025-02-28,pre_second,2024:Q4,A,A,0.280001592893882,5.551115123125783e-17,0.06576268979182184,4.451921629461392,True,5,0.02
revision_dfm_kalman_em,pseudo,2024:Q4:pre_second:pseudo,2025-02-28,pre_second,2024:Q4,A,M,0.14886926867543607,5.551115123125783e-17,0.06576268979182184,4.451921629461392,True,5,0.02
revision_dfm_kalman_em,pseudo,2024:Q4:pre_second:pseudo,2025-02-28,pre_second,2024:Q4,A,S,0.14824811473298902,5.551115123125783e-17,0.06576268979182184,4.451921629461392,True,5,0.02
revision_dfm_kalman_em,pseudo,2024:Q4:pre_second:pseudo,2025-02-28,pre_second,2024:Q4,A,T,0.14862080709845726,5.551115123125783e-17,0.06576268979182184,4.451921629461392,True,5,0.02
revision_dfm_kalman_em,pseudo,2024:Q4:pre_second:pseudo,2025-02-28,pre_second,2024:Q4,M,A,0.14886926867543607,5.551115123125783e-17,0.06576268979182184,4.451921629461392,True,5,0.02
revision_dfm_kalman_em,pseudo,2024:Q4:pre_second:pseudo,2025-02-28,pre_second,2024:Q4,M,M,4.371414803567091,5.551115123125783e-17,0.06576268979182184,4.451921629461392,True,5,0.02
revision_dfm_kalman_em,pseudo,2024:Q4:pre_second:pseudo,2025-02-28,pre_second,2024:Q4,M,S,0.3619875796371866,5.551115123125783e-17,0.06576268979182184,4.451921629461392,True,5,0.02
revision_dfm_kalman_em,pseudo,2024:Q4:pre_second:pseudo,2025-02-28,pre_second,2024:Q4,M,T,0.3687176315622945,5.551115123125783e-17,0.06576268979182184,4.451921629461392,True,5,0.02
revision_dfm_kalman_em,pseudo,2024:Q4:pre_second:pseudo,2025-02-28,pre_second,2024:Q4,S,A,0.14824811473298907,5.551115123125783e-17,0.06576268979182184,4.451921629461392,True,5,0.02
revision_dfm_kalman_em,pseudo,2024:Q4:pre_second:pseudo,2025-02-28,pre_second,2024:Q4,S,M,0.3619875796371866,5.551115123125783e-17,0.06576268979182184,4.451921629461392,True,5,0.02
revision_dfm_kalman_em,pseudo,2024:Q4:pre_second:pseudo,2025-02-28,pre_second,2024:Q4,S,S,0.3801388184929011,5.551115123125783e-17,0.06576268979182184,4.451921629461392,True,5,0.02
revision_dfm_kalman_em,pseudo,2024:Q4:pre_second:pseudo,2025-02-28,pre_second,2024:Q4,S,T,0.35771279033910264,5.551115123125783e-17,0.06576268979182184,4.451921629461392,True,5,0.02
revision_dfm_kalman_em,pseudo,2024:Q4:pre_second:pseudo,2025-02-28,pre_second,2024:Q4,T,A,0.1486208070984573,5.551115123125783e-17,0.06576268979182184,4.451921629461392,True,5,0.02
revision_dfm_kalman_em,pseudo,2024:Q4:pre_second:pseudo,2025-02-28,pre_second,2024:Q4,T,M,0.3687176315622945,5.551115123125783e-17,0.06576268979182184,4.451921629461392,True,5,0.02
revision_dfm_kalman_em,pseudo,2024:Q4:pre_second:pseudo,2025-02-28,pre_second,2024:Q4,T,S,0.35771279033910264,5.551115123125783e-17,0.06576268979182184,4.451921629461392,True,5,0.02
revision_dfm_kalman_em,pseudo,2024:Q4:pre_second:pseudo,2025-02-28,pre_second,2024:Q4,T,T,0.4761245016724574,5.551115123125783e-17,0.06576268979182184,4.451921629461392,True,5,0.02
indicator_revision_only_dfm_kalman_em,exact,2024:Q4:pre_third:exact,2025-03-26,pre_third,2024:Q4,A,A,0.39908410208949086,0.0,0.02759951656128646,4.029421491061317,True,5,0.02
indicator_revision_only_dfm_kalman_em,exact,2024:Q4:pre_third:exact,2025-03-26,pre_third,2024:Q4,A,M,0.014663160170406017,0.0,0.02759951656128646,4.029421491061317,True,5,0.02
indicator_revision_only_dfm_kalman_em,exact,2024:Q4:pre_third:exact,2025-03-26,pre_third,2024:Q4,A,S,0.014663160170406017,0.0,0.02759951656128646,4.029421491061317,True,5,0.02
indicator_revision_only_dfm_kalman_em,exact,2024:Q4:pre_third:exact,2025-03-26,pre_third,2024:Q4,A,T,0.014663160170406017,0.0,0.02759951656128646,4.029421491061317,True,5,0.02
indicator_revision_only_dfm_kalman_em,exact,2024:Q4:pre_third:exact,2025-03-26,pre_third,2024:Q4,M,A,0.014663160170406017,0.0,0.02759951656128646,4.029421491061317,True,5,0.02
indicator_revision_only_dfm_kalman_em,exact,2024:Q4:pre_third:exact,2025-03-26,pre_third,2024:Q4,M,M,4.02925191544214,0.0,0.02759951656128646,4.029421491061317,True,5,0.02
indicator_revision_only_dfm_kalman_em,exact,2024:Q4:pre_third:exact,2025-03-26,pre_third,2024:Q4,M,S,0.014663160170406017,0.0,0.02759951656128646,4.029421491061317,True,5,0.02
indicator_revision_only_dfm_kalman_em,exact,2024:Q4:pre_third:exact,2025-03-26,pre_third,2024:Q4,M,T,0.014663160170406017,0.0,0.02759951656128646,4.029421491061317,True,5,0.02
indicator_revision_only_dfm_kalman_em,exact,2024:Q4:pre_third:exact,2025-03-26,pre_third,2024:Q4,S,A,0.014663160170406017,0.0,0.02759951656128646,4.029421491061317,True,5,0.02
indicator_revision_only_dfm_kalman_em,exact,2024:Q4:pre_third:exact,2025-03-26,pre_third,2024:Q4,S,M,0.014663160170406017,0.0,0.02759951656128646,4.029421491061317,True,5,0.02
indicator_revision_only_dfm_kalman_em,exact,2024:Q4:pre_third:exact,2025-03-26,pre_third,2024:Q4,S,S,0.029974661790333288,0.0,0.02759951656128646,4.029421491061317,True,5,0.02
indicator_revision_only_dfm_kalman_em,exact,2024:Q4:pre_third:exact,2025-03-26,pre_third,2024:Q4,S,T,0.014663160170406017,0.0,0.02759951656128646,4.029421491061317,True,5,0.02
indicator_revision_only_dfm_kalman_em,exact,2024:Q4:pre_third:exact,2025-03-26,pre_third,2024:Q4,T,A,0.014663160170406017,0.0,0.02759951656128646,4.029421491061317,True,5,0.02
indicator_revision_only_dfm_kalman_em,exact,2024:Q4:pre_third:exact,2025-03-26,pre_third,2024:Q4,T,M,0.014663160170406017,0.0,0.02759951656128646,4.029421491061317,True,5,0.02
indicator_revision_only_dfm_kalman_em,exact,2024:Q4:pre_third:exact,2025-03-26,pre_third,2024:Q4,T,S,0.014663160170406017,0.0,0.02759951656128646,4.029421491061317,True,5,0.02
indicator_revision_only_dfm_kalman_em,exact,2024:Q4:pre_third:exact,2025-03-26,pre_third,2024:Q4,T,T,0.14099253372210688,0.0,0.02759951656128646,4.029421491061317,True,5,0.02
joint_indicator_revision_dfm_full_kalman_em,exact,2024:Q4:pre_third:exact,2025-03-26,pre_third,2024:Q4,A,A,0.2431439962059382,1.734723475976807e-18,0.03179322164985814,4.038546074811198,True,5,0.02
joint_indicator_revision_dfm_full_kalman_em,exact,2024:Q4:pre_third:exact,2025-03-26,pre_third,2024:Q4,A,M,0.007727570917674529,1.734723475976807e-18,0.03179322164985814,4.038546074811198,True,5,0.02
joint_indicator_revision_dfm_full_kalman_em,exact,2024:Q4:pre_third:exact,2025-03-26,pre_third,2024:Q4,A,S,0.010287152804310041,1.734723475976807e-18,0.03179322164985814,4.038546074811198,True,5,0.02
joint_indicator_revision_dfm_full_kalman_em,exact,2024:Q4:pre_third:exact,2025-03-26,pre_third,2024:Q4,A,T,0.008751403672328734,1.734723475976807e-18,0.03179322164985814,4.038546074811198,True,5,0.02
joint_indicator_revision_dfm_full_kalman_em,exact,2024:Q4:pre_third:exact,2025-03-26,pre_third,2024:Q4,M,A,0.007727570917674529,1.734723475976807e-18,0.03179322164985814,4.038546074811198,True,5,0.02
joint_indicator_revision_dfm_full_kalman_em,exact,2024:Q4:pre_third:exact,2025-03-26,pre_third,2024:Q4,M,M,4.0383734045200335,1.734723475976807e-18,0.03179322164985814,4.038546074811198,True,5,0.02
joint_indicator_revision_dfm_full_kalman_em,exact,2024:Q4:pre_third:exact,2025-03-26,pre_third,2024:Q4,M,S,0.01739465830697676,1.734723475976807e-18,0.03179322164985814,4.038546074811198,True,5,0.02
joint_indicator_revision_dfm_full_kalman_em,exact,2024:Q4:pre_third:exact,2025-03-26,pre_third,2024:Q4,M,T,0.017699934750849463,1.734723475976807e-18,0.03179322164985814,4.038546074811198,True,5,0.02
joint_indicator_revision_dfm_full_kalman_em,exact,2024:Q4:pre_third:exact,2025-03-26,pre_third,2024:Q4,S,A,0.010287152804310043,1.734723475976807e-18,0.03179322164985814,4.038546074811198,True,5,0.02
joint_indicator_revision_dfm_full_kalman_em,exact,2024:Q4:pre_third:exact,2025-03-26,pre_third,2024:Q4,S,M,0.01739465830697676,1.734723475976807e-18,0.03179322164985814,4.038546074811198,True,5,0.02
joint_indicator_revision_dfm_full_kalman_em,exact,2024:Q4:pre_third:exact,2025-03-26,pre_third,2024:Q4,S,S,0.035007100736552034,1.734723475976807e-18,0.03179322164985814,4.038546074811198,True,5,0.02
joint_indicator_revision_dfm_full_kalman_em,exact,2024:Q4:pre_third:exact,2025-03-26,pre_third,2024:Q4,S,T,0.017252508196923425,1.734723475976807e-18,0.03179322164985814,4.038546074811198,True,5,0.02
joint_indicator_revision_dfm_full_kalman_em,exact,2024:Q4:pre_third:exact,2025-03-26,pre_third,2024:Q4,T,A,0.008751403672328734,1.734723475976807e-18,0.03179322164985814,4.038546074811198,True,5,0.02
joint_indicator_revision_dfm_full_kalman_em,exact,2024:Q4:pre_third:exact,2025-03-26,pre_third,2024:Q4,T,M,0.017699934750849463,1.734723475976807e-18,0.03179322164985814,4.038546074811198,True,5,0.02
joint_indicator_revision_dfm_full_kalman_em,exact,2024:Q4:pre_third:exact,2025-03-26,pre_third,2024:Q4,T,S,0.017252508196923425,1.734723475976807e-18,0.03179322164985814,4.038546074811198,True,5,0.02
joint_indicator_revision_dfm_full_kalman_em,exact,2024:Q4:pre_third:exact,2025-03-26,pre_third,2024:Q4,T,T,0.1385039431255809,1.734723475976807e-18,0.03179322164985814,4.038546074811198,True,5,0.02
monthly_mixed_frequency_kalman_em,exact,2024:Q4:pre_third:exact,2025-03-26,pre_third,2024:Q4,A,A,0.29562611953810664,0.0,0.05733960951009765,4.202123629214131,True,5,0.02
monthly_mixed_frequency_kalman_em,exact,2024:Q4:pre_third:exact,2025-03-26,pre_third,2024:Q4,A,M,-0.03940911573906608,0.0,0.05733960951009765,4.202123629214131,True,5,0.02
monthly_mixed_frequency_kalman_em,exact,2024:Q4:pre_third:exact,2025-03-26,pre_third,2024:Q4,A,S,0.02957370048366777,0.0,0.05733960951009765,4.202123629214131,True,5,0.02
monthly_mixed_frequency_kalman_em,exact,2024:Q4:pre_third:exact,2025-03-26,pre_third,2024:Q4,A,T,-0.008053290183277974,0.0,0.05733960951009765,4.202123629214131,True,5,0.02
monthly_mixed_frequency_kalman_em,exact,2024:Q4:pre_third:exact,2025-03-26,pre_third,2024:Q4,M,A,-0.03940911573906608,0.0,0.05733960951009765,4.202123629214131,True,5,0.02
monthly_mixed_frequency_kalman_em,exact,2024:Q4:pre_third:exact,2025-03-26,pre_third,2024:Q4,M,M,4.196704252855104,0.0,0.05733960951009765,4.202123629214131,True,5,0.02
monthly_mixed_frequency_kalman_em,exact,2024:Q4:pre_third:exact,2025-03-26,pre_third,2024:Q4,M,S,0.06126132620575639,0.0,0.05733960951009765,4.202123629214131,True,5,0.02
monthly_mixed_frequency_kalman_em,exact,2024:Q4:pre_third:exact,2025-03-26,pre_third,2024:Q4,M,T,0.1283749541689714,0.0,0.05733960951009765,4.202123629214131,True,5,0.02
monthly_mixed_frequency_kalman_em,exact,2024:Q4:pre_third:exact,2025-03-26,pre_third,2024:Q4,S,A,0.02957370048366777,0.0,0.05733960951009765,4.202123629214131,True,5,0.02
monthly_mixed_frequency_kalman_em,exact,2024:Q4:pre_third:exact,2025-03-26,pre_third,2024:Q4,S,M,0.06126132620575639,0.0,0.05733960951009765,4.202123629214131,True,5,0.02
monthly_mixed_frequency_kalman_em,exact,2024:Q4:pre_third:exact,2025-03-26,pre_third,2024:Q4,S,S,0.09536164427890212,0.0,0.05733960951009765,4.202123629214131,True,5,0.02
monthly_mixed_frequency_kalman_em,exact,2024:Q4:pre_third:exact,2025-03-26,pre_third,2024:Q4,S,T,0.05333941977523423,0.0,0.05733960951009765,4.202123629214131,True,5,0.02
monthly_mixed_frequency_kalman_em,exact,2024:Q4:pre_third:exact,2025-03-26,pre_third,2024:Q4,T,A,-0.008053290183277974,0.0,0.05733960951009765,4.202123629214131,True,5,0.02
monthly_mixed_frequency_kalman_em,exact,2024:Q4:pre_third:exact,2025-03-26,pre_third,2024:Q4,T,M,0.1283749541689714,0.0,0.05733960951009765,4.202123629214131,True,5,0.02
monthly_mixed_frequency_kalman_em,exact,2024:Q4:pre_third:exact,2025-03-26,pre_third,2024:Q4,T,S,0.05333941977523423,0.0,0.05733960951009765,4.202123629214131,True,5,0.02
monthly_mixed_frequency_kalman_em,exact,2024:Q4:pre_third:exact,2025-03-26,pre_third,2024:Q4,T,T,0.14369268390096826,0.0,0.05733960951009765,4.202123629214131,True,5,0.02
revision_dfm_kalman_em,exact,2024:Q4:pre_third:exact,2025-03-26,pre_third,2024:Q4,A,A,0.22166541994055358,1.734723475976807e-18,0.04140699409039406,4.031522813162639,True,5,0.02
revision_dfm_kalman_em,exact,2024:Q4:pre_third:exact,2025-03-26,pre_third,2024:Q4,A,M,0.006075018873998647,1.734723475976807e-18,0.04140699409039406,4.031522813162639,True,5,0.02
revision_dfm_kalman_em,exact,2024:Q4:pre_third:exact,2025-03-26,pre_third,2024:Q4,A,S,0.009660607243030615,1.734723475976807e-18,0.04140699409039406,4.031522813162639,True,5,0.02
revision_dfm_kalman_em,exact,2024:Q4:pre_third:exact,2025-03-26,pre_third,2024:Q4,A,T,0.007509254221611434,1.734723475976807e-18,0.04140699409039406,4.031522813162639,True,5,0.02
revision_dfm_kalman_em,exact,2024:Q4:pre_third:exact,2025-03-26,pre_third,2024:Q4,M,A,0.006075018873998647,1.734723475976807e-18,0.04140699409039406,4.031522813162639,True,5,0.02
revision_dfm_kalman_em,exact,2024:Q4:pre_third:exact,2025-03-26,pre_third,2024:Q4,M,M,4.031221408007801,1.734723475976807e-18,0.04140699409039406,4.031522813162639,True,5,0.02
revision_dfm_kalman_em,exact,2024:Q4:pre_third:exact,2025-03-26,pre_third,2024:Q4,M,S,0.02359921949939592,1.734723475976807e-18,0.04140699409039406,4.031522813162639,True,5,0.02
revision_dfm_kalman_em,exact,2024:Q4:pre_third:exact,2025-03-26,pre_third,2024:Q4,M,T,0.024152615308618994,1.734723475976807e-18,0.04140699409039406,4.031522813162639,True,5,0.02
revision_dfm_kalman_em,exact,2024:Q4:pre_third:exact,2025-03-26,pre_third,2024:Q4,S,A,0.009660607243030616,1.734723475976807e-18,0.04140699409039406,4.031522813162639,True,5,0.02
revision_dfm_kalman_em,exact,2024:Q4:pre_third:exact,2025-03-26,pre_third,2024:Q4,S,M,0.02359921949939592,1.734723475976807e-18,0.04140699409039406,4.031522813162639,True,5,0.02
revision_dfm_kalman_em,exact,2024:Q4:pre_third:exact,2025-03-26,pre_third,2024:Q4,S,S,0.047390072731054486,1.734723475976807e-18,0.04140699409039406,4.031522813162639,True,5,0.02
revision_dfm_kalman_em,exact,2024:Q4:pre_third:exact,2025-03-26,pre_third,2024:Q4,S,T,0.023320447254268618,1.734723475976807e-18,0.04140699409039406,4.031522813162639,True,5,0.02
revision_dfm_kalman_em,exact,2024:Q4:pre_third:exact,2025-03-26,pre_third,2024:Q4,T,A,0.007509254221611433,1.734723475976807e-18,0.04140699409039406,4.031522813162639,True,5,0.02
revision_dfm_kalman_em,exact,2024:Q4:pre_third:exact,2025-03-26,pre_third,2024:Q4,T,M,0.024152615308618994,1.734723475976807e-18,0.04140699409039406,4.031522813162639,True,5,0.02
revision_dfm_kalman_em,exact,2024:Q4:pre_third:exact,2025-03-26,pre_third,2024:Q4,T,S,0.023320447254268618,1.734723475976807e-18,0.04140699409039406,4.031522813162639,True,5,0.02
revision_dfm_kalman_em,exact,2024:Q4:pre_third:exact,2025-03-26,pre_third,2024:Q4,T,T,0.13921868465417767,1.734723475976807e-18,0.04140699409039406,4.031522813162639,True,5,0.02
indicator_revision_only_dfm_kalman_em,pseudo,2024:Q4:pre_third:pseudo,2025-03-31,pre_third,2024:Q4,A,A,0.39908401826133844,0.0,0.027599478089607474,4.029421468742033,True,5,0.02
indicator_revision_only_dfm_kalman_em,pseudo,2024:Q4:pre_third:pseudo,2025-03-31,pre_third,2024:Q4,A,M,0.01466313728970981,0.0,0.027599478089607474,4.029421468742033,True,5,0.02
indicator_revision_only_dfm_kalman_em,pseudo,2024:Q4:pre_third:pseudo,2025-03-31,pre_third,2024:Q4,A,S,0.01466313728970981,0.0,0.027599478089607474,4.029421468742033,True,5,0.02
indicator_revision_only_dfm_kalman_em,pseudo,2024:Q4:pre_third:pseudo,2025-03-31,pre_third,2024:Q4,A,T,0.01466313728970981,0.0,0.027599478089607474,4.029421468742033,True,5,0.02
indicator_revision_only_dfm_kalman_em,pseudo,2024:Q4:pre_third:pseudo,2025-03-31,pre_third,2024:Q4,M,A,0.01466313728970981,0.0,0.027599478089607474,4.029421468742033,True,5,0.02
indicator_revision_only_dfm_kalman_em,pseudo,2024:Q4:pre_third:pseudo,2025-03-31,pre_third,2024:Q4,M,M,4.029251893654831,0.0,0.027599478089607474,4.029421468742033,True,5,0.02
indicator_revision_only_dfm_kalman_em,pseudo,2024:Q4:pre_third:pseudo,2025-03-31,pre_third,2024:Q4,M,S,0.01466313728970981,0.0,0.027599478089607474,4.029421468742033,True,5,0.02
indicator_revision_only_dfm_kalman_em,pseudo,2024:Q4:pre_third:pseudo,2025-03-31,pre_third,2024:Q4,M,T,0.01466313728970981,0.0,0.027599478089607474,4.029421468742033,True,5,0.02
indicator_revision_only_dfm_kalman_em,pseudo,2024:Q4:pre_third:pseudo,2025-03-31,pre_third,2024:Q4,S,A,0.01466313728970981,0.0,0.027599478089607474,4.029421468742033,True,5,0.02
indicator_revision_only_dfm_kalman_em,pseudo,2024:Q4:pre_third:pseudo,2025-03-31,pre_third,2024:Q4,S,M,0.01466313728970981,0.0,0.027599478089607474,4.029421468742033,True,5,0.02
indicator_revision_only_dfm_kalman_em,pseudo,2024:Q4:pre_third:pseudo,2025-03-31,pre_third,2024:Q4,S,S,0.029974615254021026,0.0,0.027599478089607474,4.029421468742033,True,5,0.02
indicator_revision_only_dfm_kalman_em,pseudo,2024:Q4:pre_third:pseudo,2025-03-31,pre_third,2024:Q4,S,T,0.01466313728970981,0.0,0.027599478089607474,4.029421468742033,True,5,0.02
indicator_revision_only_dfm_kalman_em,pseudo,2024:Q4:pre_third:pseudo,2025-03-31,pre_third,2024:Q4,T,A,0.01466313728970981,0.0,0.027599478089607474,4.029421468742033,True,5,0.02
indicator_revision_only_dfm_kalman_em,pseudo,2024:Q4:pre_third:pseudo,2025-03-31,pre_third,2024:Q4,T,M,0.01466313728970981,0.0,0.027599478089607474,4.029421468742033,True,5,0.02
indicator_revision_only_dfm_kalman_em,pseudo,2024:Q4:pre_third:pseudo,2025-03-31,pre_third,2024:Q4,T,S,0.01466313728970981,0.0,0.027599478089607474,4.029421468742033,True,5,0.02
indicator_revision_only_dfm_kalman_em,pseudo,2024:Q4:pre_third:pseudo,2025-03-31,pre_third,2024:Q4,T,T,0.14099255492376842,0.0,0.027599478089607474,4.029421468742033,True,5,0.02
joint_indicator_revision_dfm_full_kalman_em,pseudo,2024:Q4:pre_third:pseudo,2025-03-31,pre_third,2024:Q4,A,A,0.24314399462812475,0.0,0.031792957132546255,4.038546692904166,True,5,0.02
joint_indicator_revision_dfm_full_kalman_em,pseudo,2024:Q4:pre_third:pseudo,2025-03-31,pre_third,2024:Q4,A,M,0.0077278644755195795,0.0,0.031792957132546255,4.038546692904166,True,5,0.02
joint_indicator_revision_dfm_full_kalman_em,pseudo,2024:Q4:pre_third:pseudo,2025-03-31,pre_third,2024:Q4,A,S,0.010287259671123424,0.0,0.031792957132546255,4.038546692904166,True,5,0.02
joint_indicator_revision_dfm_full_kalman_em,pseudo,2024:Q4:pre_third:pseudo,2025-03-31,pre_third,2024:Q4,A,T,0.008751622553761117,0.0,0.031792957132546255,4.038546692904166,True,5,0.02
joint_indicator_revision_dfm_full_kalman_em,pseudo,2024:Q4:pre_third:pseudo,2025-03-31,pre_third,2024:Q4,M,A,0.0077278644755195795,0.0,0.031792957132546255,4.038546692904166,True,5,0.02
joint_indicator_revision_dfm_full_kalman_em,pseudo,2024:Q4:pre_third:pseudo,2025-03-31,pre_third,2024:Q4,M,M,4.038374024343588,0.0,0.031792957132546255,4.038546692904166,True,5,0.02
joint_indicator_revision_dfm_full_kalman_em,pseudo,2024:Q4:pre_third:pseudo,2025-03-31,pre_third,2024:Q4,M,S,0.017394502994630454,0.0,0.031792957132546255,4.038546692904166,True,5,0.02
joint_indicator_revision_dfm_full_kalman_em,pseudo,2024:Q4:pre_third:pseudo,2025-03-31,pre_third,2024:Q4,M,T,0.017699765263655007,0.0,0.031792957132546255,4.038546692904166,True,5,0.02
joint_indicator_revision_dfm_full_kalman_em,pseudo,2024:Q4:pre_third:pseudo,2025-03-31,pre_third,2024:Q4,S,A,0.010287259671123424,0.0,0.031792957132546255,4.038546692904166,True,5,0.02
joint_indicator_revision_dfm_full_kalman_em,pseudo,2024:Q4:pre_third:pseudo,2025-03-31,pre_third,2024:Q4,S,M,0.017394502994630454,0.0,0.031792957132546255,4.038546692904166,True,5,0.02
joint_indicator_revision_dfm_full_kalman_em,pseudo,2024:Q4:pre_third:pseudo,2025-03-31,pre_third,2024:Q4,S,S,0.035006789411092996,0.0,0.031792957132546255,4.038546692904166,True,5,0.02
joint_indicator_revision_dfm_full_kalman_em,pseudo,2024:Q4:pre_third:pseudo,2025-03-31,pre_third,2024:Q4,S,T,0.01725235812816031,0.0,0.031792957132546255,4.038546692904166,True,5,0.02
joint_indicator_revision_dfm_full_kalman_em,pseudo,2024:Q4:pre_third:pseudo,2025-03-31,pre_third,2024:Q4,T,A,0.008751622553761117,0.0,0.031792957132546255,4.038546692904166,True,5,0.02
joint_indicator_revision_dfm_full_kalman_em,pseudo,2024:Q4:pre_third:pseudo,2025-03-31,pre_third,2024:Q4,T,M,0.017699765263655007,0.0,0.031792957132546255,4.038546692904166,True,5,0.02
joint_indicator_revision_dfm_full_kalman_em,pseudo,2024:Q4:pre_third:pseudo,2025-03-31,pre_third,2024:Q4,T,S,0.01725235812816031,0.0,0.031792957132546255,4.038546692904166,True,5,0.02
joint_indicator_revision_dfm_full_kalman_em,pseudo,2024:Q4:pre_third:pseudo,2025-03-31,pre_third,2024:Q4,T,T,0.13850384343802166,0.0,0.031792957132546255,4.038546692904166,True,5,0.02
monthly_mixed_frequency_kalman_em,pseudo,2024:Q4:pre_third:pseudo,2025-03-31,pre_third,2024:Q4,A,A,0.29561128778430634,0.0,0.057340349915162465,4.20212982635801,True,5,0.02
monthly_mixed_frequency_kalman_em,pseudo,2024:Q4:pre_third:pseudo,2025-03-31,pre_third,2024:Q4,A,M,-0.03940795321295671,0.0,0.057340349915162465,4.20212982635801,True,5,0.02
monthly_mixed_frequency_kalman_em,pseudo,2024:Q4:pre_third:pseudo,2025-03-31,pre_third,2024:Q4,A,S,0.029573353189357977,0.0,0.057340349915162465,4.20212982635801,True,5,0.02
monthly_mixed_frequency_kalman_em,pseudo,2024:Q4:pre_third:pseudo,2025-03-31,pre_third,2024:Q4,A,T,-0.008052813939177308,0.0,0.057340349915162465,4.20212982635801,True,5,0.02
monthly_mixed_frequency_kalman_em,pseudo,2024:Q4:pre_third:pseudo,2025-03-31,pre_third,2024:Q4,M,A,-0.03940795321295671,0.0,0.057340349915162465,4.20212982635801,True,5,0.02
monthly_mixed_frequency_kalman_em,pseudo,2024:Q4:pre_third:pseudo,2025-03-31,pre_third,2024:Q4,M,M,4.196710177914756,0.0,0.057340349915162465,4.20212982635801,True,5,0.02
monthly_mixed_frequency_kalman_em,pseudo,2024:Q4:pre_third:pseudo,2025-03-31,pre_third,2024:Q4,M,S,0.06126388656919876,0.0,0.057340349915162465,4.20212982635801,True,5,0.02
monthly_mixed_frequency_kalman_em,pseudo,2024:Q4:pre_third:pseudo,2025-03-31,pre_third,2024:Q4,M,T,0.1283784464239691,0.0,0.057340349915162465,4.20212982635801,True,5,0.02
monthly_mixed_frequency_kalman_em,pseudo,2024:Q4:pre_third:pseudo,2025-03-31,pre_third,2024:Q4,S,A,0.029573353189357977,0.0,0.057340349915162465,4.20212982635801,True,5,0.02
monthly_mixed_frequency_kalman_em,pseudo,2024:Q4:pre_third:pseudo,2025-03-31,pre_third,2024:Q4,S,M,0.06126388656919876,0.0,0.057340349915162465,4.20212982635801,True,5,0.02
monthly_mixed_frequency_kalman_em,pseudo,2024:Q4:pre_third:pseudo,2025-03-31,pre_third,2024:Q4,S,S,0.09536416151603015,0.0,0.057340349915162465,4.20212982635801,True,5,0.02
monthly_mixed_frequency_kalman_em,pseudo,2024:Q4:pre_third:pseudo,2025-03-31,pre_third,2024:Q4,S,T,0.05334125322423856,0.0,0.057340349915162465,4.20212982635801,True,5,0.02
monthly_mixed_frequency_kalman_em,pseudo,2024:Q4:pre_third:pseudo,2025-03-31,pre_third,2024:Q4,T,A,-0.008052813939177308,0.0,0.057340349915162465,4.20212982635801,True,5,0.02
monthly_mixed_frequency_kalman_em,pseudo,2024:Q4:pre_third:pseudo,2025-03-31,pre_third,2024:Q4,T,M,0.1283784464239691,0.0,0.057340349915162465,4.20212982635801,True,5,0.02
monthly_mixed_frequency_kalman_em,pseudo,2024:Q4:pre_third:pseudo,2025-03-31,pre_third,2024:Q4,T,S,0.05334125322423856,0.0,0.057340349915162465,4.20212982635801,True,5,0.02
monthly_mixed_frequency_kalman_em,pseudo,2024:Q4:pre_third:pseudo,2025-03-31,pre_third,2024:Q4,T,T,0.14369513929056066,0.0,0.057340349915162465,4.20212982635801,True,5,0.02
revision_dfm_kalman_em,pseudo,2024:Q4:pre_third:pseudo,2025-03-31,pre_third,2024:Q4,A,A,0.22166403355898445,3.469446951953614e-18,0.04140690961838732,4.031522731435237,True,5,0.02
revision_dfm_kalman_em,pseudo,2024:Q4:pre_third:pseudo,2025-03-31,pre_third,2024:Q4,A,M,0.006074952515221037,3.469446951953614e-18,0.04140690961838732,4.031522731435237,True,5,0.02
revision_dfm_kalman_em,pseudo,2024:Q4:pre_third:pseudo,2025-03-31,pre_third,2024:Q4,A,S,0.009660539952207432,3.469446951953614e-18,0.04140690961838732,4.031522731435237,True,5,0.02
revision_dfm_kalman_em,pseudo,2024:Q4:pre_third:pseudo,2025-03-31,pre_third,2024:Q4,A,T,0.007509187490015595,3.469446951953614e-18,0.04140690961838732,4.031522731435237,True,5,0.02
revision_dfm_kalman_em,pseudo,2024:Q4:pre_third:pseudo,2025-03-31,pre_third,2024:Q4,M,A,0.006074952515221037,3.469446951953614e-18,0.04140690961838732,4.031522731435237,True,5,0.02
revision_dfm_kalman_em,pseudo,2024:Q4:pre_third:pseudo,2025-03-31,pre_third,2024:Q4,M,M,4.031221327955962,3.469446951953614e-18,0.04140690961838732,4.031522731435237,True,5,0.02
revision_dfm_kalman_em,pseudo,2024:Q4:pre_third:pseudo,2025-03-31,pre_third,2024:Q4,M,S,0.023599159901395522,3.469446951953614e-18,0.04140690961838732,4.031522731435237,True,5,0.02
revision_dfm_kalman_em,pseudo,2024:Q4:pre_third:pseudo,2025-03-31,pre_third,2024:Q4,M,T,0.024152555924116824,3.469446951953614e-18,0.04140690961838732,4.031522731435237,True,5,0.02
revision_dfm_kalman_em,pseudo,2024:Q4:pre_third:pseudo,2025-03-31,pre_third,2024:Q4,S,A,0.009660539952207432,3.469446951953614e-18,0.04140690961838732,4.031522731435237,True,5,0.02
revision_dfm_kalman_em,pseudo,2024:Q4:pre_third:pseudo,2025-03-31,pre_third,2024:Q4,S,M,0.023599159901395522,3.469446951953614e-18,0.04140690961838732,4.031522731435237,True,5,0.02
revision_dfm_kalman_em,pseudo,2024:Q4:pre_third:pseudo,2025-03-31,pre_third,2024:Q4,S,S,0.04738995200332023,3.469446951953614e-18,0.04140690961838732,4.031522731435237,True,5,0.02
revision_dfm_kalman_em,pseudo,2024:Q4:pre_third:pseudo,2025-03-31,pre_third,2024:Q4,S,T,0.02332038750241176,3.469446951953614e-18,0.04140690961838732,4.031522731435237,True,5,0.02
revision_dfm_kalman_em,pseudo,2024:Q4:pre_third:pseudo,2025-03-31,pre_third,2024:Q4,T,A,0.007509187490015596,3.469446951953614e-18,0.04140690961838732,4.031522731435237,True,5,0.02
revision_dfm_kalman_em,pseudo,2024:Q4:pre_third:pseudo,2025-03-31,pre_third,2024:Q4,T,M,0.024152555924116824,3.469446951953614e-18,0.04140690961838732,4.031522731435237,True,5,0.02
revision_dfm_kalman_em,pseudo,2024:Q4:pre_third:pseudo,2025-03-31,pre_third,2024:Q4,T,S,0.023320387502411763,3.469446951953614e-18,0.04140690961838732,4.031522731435237,True,5,0.02
revision_dfm_kalman_em,pseudo,2024:Q4:pre_third:pseudo,2025-03-31,pre_third,2024:Q4,T,T,0.1392187076891896,3.469446951953614e-18,0.04140690961838732,4.031522731435237,True,5,0.02
