model_id,timing_mode,forecast_origin,forecast_origin_date,checkpoint_id,target_id,revision_target_id,target_quarter,forecast_value,forecast_variance,forecast_sd,density_source,realized_value,forecast_error,revision_target_flag,converged,n_iter,loglikelihood,llf_initial,llf_final,llf_last_improvement,llf_relative_last_improvement,llf_history_length,numerical_guard_event_count,numerical_guard_events,n_indicators,estimation_window,rolling_window_quarters,training_window_start,excluded_quarters,initialization_seed,initialization_jitter
ar,exact,2022:Q1:pre_advance:exact,2022-04-27,pre_advance,DELTA_SA,DELTA_SA,2022:Q1,0.15501897663335074,,,not_available,-0.0959000000000001,0.25091897663335083,True,True,0,,,,,,,0,{},14,expanding,40,1965:Q3,,2,0.02
bridge,exact,2022:Q1:pre_advance:exact,2022-04-27,pre_advance,DELTA_SA,DELTA_SA,2022:Q1,0.21573358642871376,,,not_available,-0.0959000000000001,0.31163358642871386,True,True,0,,,,,,,0,{},14,expanding,40,1965:Q3,,2,0.02
indicator_revision_only_dfm_kalman_em,exact,2022:Q1:pre_advance:exact,2022-04-27,pre_advance,DELTA_SA,DELTA_SA,2022:Q1,0.0,0.4179900902655662,0.6465215311693542,model_implied_state_space,-0.0959000000000001,0.0959000000000001,True,True,46,-3351.958172667921,-5371.268032518843,-3351.958172667921,0.33020783192523595,9.847284052438539e-05,46.0,0,{},14,expanding,40,1965:Q3,,2,0.02
joint_indicator_revision_dfm_full_kalman_em,exact,2022:Q1:pre_advance:exact,2022-04-27,pre_advance,DELTA_SA,DELTA_SA,2022:Q1,0.5875090240258647,0.36183984860512197,0.6015312532239052,model_implied_state_space,-0.0959000000000001,0.6834090240258648,True,True,48,-3322.1913098912046,-5379.491690052138,-3322.1913098912046,0.26839286959648234,8.075707052308416e-05,48.0,0,{},14,expanding,40,1965:Q3,,2,0.02
midas_umidas,exact,2022:Q1:pre_advance:exact,2022-04-27,pre_advance,DELTA_SA,DELTA_SA,2022:Q1,0.5496909098372074,,,not_available,-0.0959000000000001,0.6455909098372075,True,True,0,,,,,,,0,{},14,expanding,40,1965:Q3,,2,0.02
monthly_mixed_frequency_kalman_em,exact,2022:Q1:pre_advance:exact,2022-04-27,pre_advance,DELTA_SA,DELTA_SA,2022:Q1,0.11075922100108127,0.3746786724935207,0.6121100166583787,model_implied_state_space,-0.0959000000000001,0.20665922100108136,True,True,30,-5981.90197003363,-8025.500464250411,-5981.90197003363,0.5979071422016204,9.992598888191642e-05,30.0,0,{},14,expanding,40,1965:Q3,,2,0.02
no_revision,exact,2022:Q1:pre_advance:exact,2022-04-27,pre_advance,DELTA_SA,DELTA_SA,2022:Q1,0.0,,,not_available,-0.0959000000000001,0.0959000000000001,True,True,0,,,,,,,0,{},14,expanding,40,1965:Q3,,2,0.02
release_dfm,exact,2022:Q1:pre_advance:exact,2022-04-27,pre_advance,DELTA_SA,DELTA_SA,2022:Q1,0.10152938105514586,,,not_available,-0.0959000000000001,0.19742938105514596,True,True,0,,,,,,,0,{},14,expanding,40,1965:Q3,,2,0.02
revision_dfm_kalman_em,exact,2022:Q1:pre_advance:exact,2022-04-27,pre_advance,DELTA_SA,DELTA_SA,2022:Q1,0.02773786937906486,0.4012288696964843,0.6334262938152191,model_implied_state_space,-0.0959000000000001,0.12363786937906496,True,True,27,-1797.105702530548,-3333.7910812436126,-1797.105702530548,0.17154098338460244,9.539184461312648e-05,27.0,0,{},14,expanding,40,1965:Q3,,2,0.02
standard_dfm,exact,2022:Q1:pre_advance:exact,2022-04-27,pre_advance,DELTA_SA,DELTA_SA,2022:Q1,0.10152938105514586,,,not_available,-0.0959000000000001,0.19742938105514596,True,True,0,,,,,,,0,{},14,expanding,40,1965:Q3,,2,0.02
ar,pseudo,2022:Q1:pre_advance:pseudo,2022-04-30,pre_advance,DELTA_SA,DELTA_SA,2022:Q1,0.15501897663335074,,,not_available,-0.0959000000000001,0.25091897663335083,True,True,0,,,,,,,0,{},14,expanding,40,1965:Q3,,2,0.02
bridge,pseudo,2022:Q1:pre_advance:pseudo,2022-04-30,pre_advance,DELTA_SA,DELTA_SA,2022:Q1,0.20644906795161866,,,not_available,-0.0959000000000001,0.30234906795161876,True,True,0,,,,,,,0,{},14,expanding,40,1965:Q3,,2,0.02
indicator_revision_only_dfm_kalman_em,pseudo,2022:Q1:pre_advance:pseudo,2022-04-30,pre_advance,DELTA_SA,DELTA_SA,2022:Q1,0.0,0.4178779602859466,0.646434807452342,model_implied_state_space,-0.0959000000000001,0.0959000000000001,True,True,47,-3351.4612458554843,-5371.020049752629,-3351.4612458554843,0.2584762621891059,7.709450345161716e-05,47.0,0,{},14,expanding,40,1965:Q3,,2,0.02
joint_indicator_revision_dfm_full_kalman_em,pseudo,2022:Q1:pre_advance:pseudo,2022-04-30,pre_advance,DELTA_SA,DELTA_SA,2022:Q1,0.5877126490802453,0.36182686945432074,0.6015204647011777,model_implied_state_space,-0.0959000000000001,0.6836126490802454,True,True,48,-3321.9505822310903,-5379.244098096302,-3321.9505822310903,0.27322782567125614,8.221770223372026e-05,48.0,0,{},14,expanding,40,1965:Q3,,2,0.02
midas_umidas,pseudo,2022:Q1:pre_advance:pseudo,2022-04-30,pre_advance,DELTA_SA,DELTA_SA,2022:Q1,0.24860486732372156,,,not_available,-0.0959000000000001,0.34450486732372165,True,True,0,,,,,,,0,{},14,expanding,40,1965:Q3,,2,0.02
monthly_mixed_frequency_kalman_em,pseudo,2022:Q1:pre_advance:pseudo,2022-04-30,pre_advance,DELTA_SA,DELTA_SA,2022:Q1,0.11024703917664969,0.3746811128667389,0.612112010065755,model_implied_state_space,-0.0959000000000001,0.20614703917664978,True,True,30,-5983.494801796293,-8026.848095630857,-5983.494801796293,0.5982077376793313,9.994961427105885e-05,30.0,0,{},14,expanding,40,1965:Q3,,2,0.02
no_revision,pseudo,2022:Q1:pre_advance:pseudo,2022-04-30,pre_advance,DELTA_SA,DELTA_SA,2022:Q1,0.0,,,not_available,-0.0959000000000001,0.0959000000000001,True,True,0,,,,,,,0,{},14,expanding,40,1965:Q3,,2,0.02
release_dfm,pseudo,2022:Q1:pre_advance:pseudo,2022-04-30,pre_advance,DELTA_SA,DELTA_SA,2022:Q1,0.10162773947391557,,,not_available,-0.0959000000000001,0.19752773947391566,True,True,0,,,,,,,0,{},14,expanding,40,1965:Q3,,2,0.02
revision_dfm_kalman_em,pseudo,2022:Q1:pre_advance:pseudo,2022-04-30,pre_advance,DELTA_SA,DELTA_SA,2022:Q1,0.02776147986396893,0.4012249844909297,0.6334232269903983,model_implied_state_space,-0.0959000000000001,0.12366147986396903,True,True,27,-1796.8237274043975,-3333.6552463383387,-1796.8237274043975,0.17148846894906455,9.53776002489344e-05,27.0,0,{},14,expanding,40,1965:Q3,,2,0.02
standard_dfm,pseudo,2022:Q1:pre_advance:pseudo,2022-04-30,pre_advance,DELTA_SA,DELTA_SA,2022:Q1,0.10162773947391557,,,not_available,-0.0959000000000001,0.19752773947391566,True,True,0,,,,,,,0,{},14,expanding,40,1965:Q3,,2,0.02
ar,exact,2022:Q1:pre_second:exact,2022-05-25,pre_second,DELTA_TS,DELTA_TS,2022:Q1,0.05055020273613664,,,not_available,-0.06390000000000007,0.11445020273613671,True,True,0,,,,,,,0,{},14,expanding,40,1965:Q3,,2,0.02
bridge,exact,2022:Q1:pre_second:exact,2022-05-25,pre_second,DELTA_TS,DELTA_TS,2022:Q1,-0.06204397534644901,,,not_available,-0.06390000000000007,0.0018560246535510583,True,True,0,,,,,,,0,{},14,expanding,40,1965:Q3,,2,0.02
indicator_revision_only_dfm_kalman_em,exact,2022:Q1:pre_second:exact,2022-05-25,pre_second,DELTA_TS,DELTA_TS,2022:Q1,0.0,0.14499735383696288,0.3807851806950513,model_implied_state_space,-0.06390000000000007,0.06390000000000007,True,True,46,-3360.3441782522227,-5372.350370231944,-3360.3441782522227,0.301731318079419,8.9757019685035e-05,46.0,0,{},14,expanding,40,1965:Q3,,2,0.02
joint_indicator_revision_dfm_full_kalman_em,exact,2022:Q1:pre_second:exact,2022-05-25,pre_second,DELTA_TS,DELTA_TS,2022:Q1,-0.0009425085380811993,0.14171989013137865,0.3764570229539869,model_implied_state_space,-0.06390000000000007,0.06295749146191887,True,True,46,-3332.012623669189,-5380.545588465229,-3332.012623669189,0.3224764692504323,9.674288949738034e-05,46.0,0,{},14,expanding,40,1965:Q3,,2,0.02
midas_umidas,exact,2022:Q1:pre_second:exact,2022-05-25,pre_second,DELTA_TS,DELTA_TS,2022:Q1,0.0030849524922702543,,,not_available,-0.06390000000000007,0.06698495249227032,True,True,0,,,,,,,0,{},14,expanding,40,1965:Q3,,2,0.02
monthly_mixed_frequency_kalman_em,exact,2022:Q1:pre_second:exact,2022-05-25,pre_second,DELTA_TS,DELTA_TS,2022:Q1,0.13496205192457733,0.14625553292713545,0.38243369742628,model_implied_state_space,-0.06390000000000007,0.1988620519245774,True,True,30,-6002.810123287169,-8069.8821851924995,-6002.810123287169,0.5860690577828791,9.760666002187911e-05,30.0,0,{},14,expanding,40,1965:Q3,,2,0.02
no_revision,exact,2022:Q1:pre_second:exact,2022-05-25,pre_second,DELTA_TS,DELTA_TS,2022:Q1,0.0,,,not_available,-0.06390000000000007,0.06390000000000007,True,True,0,,,,,,,0,{},14,expanding,40,1965:Q3,,2,0.02
release_dfm,exact,2022:Q1:pre_second:exact,2022-05-25,pre_second,DELTA_TS,DELTA_TS,2022:Q1,0.028301465522636793,,,not_available,-0.06390000000000007,0.09220146552263686,True,True,0,,,,,,,0,{},14,expanding,40,1965:Q3,,2,0.02
revision_dfm_kalman_em,exact,2022:Q1:pre_second:exact,2022-05-25,pre_second,DELTA_TS,DELTA_TS,2022:Q1,-0.018604294331481697,0.14340501784018223,0.37868854991956413,model_implied_state_space,-0.06390000000000007,0.04529570566851837,True,True,28,-1799.6429408578028,-3334.807471660621,-1799.6429408578028,0.16450829887435248,9.135252019942062e-05,28.0,0,{},14,expanding,40,1965:Q3,,2,0.02
standard_dfm,exact,2022:Q1:pre_second:exact,2022-05-25,pre_second,DELTA_TS,DELTA_TS,2022:Q1,0.08391315793724186,,,not_available,-0.06390000000000007,0.14781315793724192,True,True,0,,,,,,,0,{},14,expanding,40,1965:Q3,,2,0.02
ar,pseudo,2022:Q1:pre_second:pseudo,2022-05-31,pre_second,DELTA_TS,DELTA_TS,2022:Q1,0.05055020273613664,,,not_available,-0.06390000000000007,0.11445020273613671,True,True,0,,,,,,,0,{},14,expanding,40,1965:Q3,,2,0.02
bridge,pseudo,2022:Q1:pre_second:pseudo,2022-05-31,pre_second,DELTA_TS,DELTA_TS,2022:Q1,-0.05703745923933212,,,not_available,-0.06390000000000007,0.006862540760667946,True,True,0,,,,,,,0,{},14,expanding,40,1965:Q3,,2,0.02
indicator_revision_only_dfm_kalman_em,pseudo,2022:Q1:pre_second:pseudo,2022-05-31,pre_second,DELTA_TS,DELTA_TS,2022:Q1,0.0,0.14499736834310695,0.38078519974272496,model_implied_state_space,-0.06390000000000007,0.06390000000000007,True,True,46,-3359.921386443969,-5372.133805065623,-3359.921386443969,0.2968292339387517,8.831001586098619e-05,46.0,0,{},14,expanding,40,1965:Q3,,2,0.02
joint_indicator_revision_dfm_full_kalman_em,pseudo,2022:Q1:pre_second:pseudo,2022-05-31,pre_second,DELTA_TS,DELTA_TS,2022:Q1,-0.0009414347170180193,0.14171982338713707,0.3764569343060864,model_implied_state_space,-0.06390000000000007,0.06295856528298205,True,True,46,-3331.5904558410484,-5380.329135396512,-3331.5904558410484,0.317653524238267,9.530821547275133e-05,46.0,0,{},14,expanding,40,1965:Q3,,2,0.02
midas_umidas,pseudo,2022:Q1:pre_second:pseudo,2022-05-31,pre_second,DELTA_TS,DELTA_TS,2022:Q1,0.035248204306959074,,,not_available,-0.06390000000000007,0.09914820430695914,True,True,0,,,,,,,0,{},14,expanding,40,1965:Q3,,2,0.02
monthly_mixed_frequency_kalman_em,pseudo,2022:Q1:pre_second:pseudo,2022-05-31,pre_second,DELTA_TS,DELTA_TS,2022:Q1,0.1349551650416001,0.14625523124668582,0.38243330300417855,model_implied_state_space,-0.06390000000000007,0.19885516504160017,True,True,30,-6004.001963502234,-8071.104270468266,-6004.001963502234,0.5862323684250441,9.761447993189536e-05,30.0,0,{},14,expanding,40,1965:Q3,,2,0.02
no_revision,pseudo,2022:Q1:pre_second:pseudo,2022-05-31,pre_second,DELTA_TS,DELTA_TS,2022:Q1,0.0,,,not_available,-0.06390000000000007,0.06390000000000007,True,True,0,,,,,,,0,{},14,expanding,40,1965:Q3,,2,0.02
release_dfm,pseudo,2022:Q1:pre_second:pseudo,2022-05-31,pre_second,DELTA_TS,DELTA_TS,2022:Q1,0.02819761453945957,,,not_available,-0.06390000000000007,0.09209761453945964,True,True,0,,,,,,,0,{},14,expanding,40,1965:Q3,,2,0.02
revision_dfm_kalman_em,pseudo,2022:Q1:pre_second:pseudo,2022-05-31,pre_second,DELTA_TS,DELTA_TS,2022:Q1,-0.018553237874879613,0.14340457862121958,0.37868796999801774,model_implied_state_space,-0.06390000000000007,0.045346762125120454,True,True,28,-1799.3697137397796,-3334.6629431746023,-1799.3697137397796,0.16445671038150067,9.133773359068436e-05,28.0,0,{},14,expanding,40,1965:Q3,,2,0.02
standard_dfm,pseudo,2022:Q1:pre_second:pseudo,2022-05-31,pre_second,DELTA_TS,DELTA_TS,2022:Q1,0.08393344939555902,,,not_available,-0.06390000000000007,0.1478334493955591,True,True,0,,,,,,,0,{},14,expanding,40,1965:Q3,,2,0.02
ar,exact,2022:Q1:pre_third:exact,2022-06-28,pre_third,DELTA_MT,DELTA_MT,2022:Q1,-0.11901069775613271,,,not_available,0.5592000000000001,-0.6782106977561329,True,True,0,,,,,,,0,{},14,expanding,40,1965:Q3,,2,0.02
bridge,exact,2022:Q1:pre_third:exact,2022-06-28,pre_third,DELTA_MT,DELTA_MT,2022:Q1,-1.4503658517931148,,,not_available,0.5592000000000001,-2.009565851793115,True,True,0,,,,,,,0,{},14,expanding,40,1965:Q3,,2,0.02
indicator_revision_only_dfm_kalman_em,exact,2022:Q1:pre_third:exact,2022-06-28,pre_third,DELTA_MT,DELTA_MT,2022:Q1,0.0,4.212417617863014,2.052417505738785,model_implied_state_space,0.5592000000000001,-0.5592000000000001,True,True,44,-3361.735869098003,-5373.699955361003,-3361.735869098003,0.2592227622012615,7.708092195218614e-05,44.0,0,{},14,expanding,40,1965:Q3,,2,0.02
joint_indicator_revision_dfm_full_kalman_em,exact,2022:Q1:pre_third:exact,2022-06-28,pre_third,DELTA_MT,DELTA_MT,2022:Q1,-0.006231087958060932,4.214087066681087,2.052824168476464,model_implied_state_space,0.5592000000000001,-0.5654310879580611,True,True,44,-3332.459007543826,-5381.854707689047,-3332.459007543826,0.31008749326201723,9.301408838531678e-05,44.0,0,{},14,expanding,40,1965:Q3,,2,0.02
midas_umidas,exact,2022:Q1:pre_third:exact,2022-06-28,pre_third,DELTA_MT,DELTA_MT,2022:Q1,-2.8822020899990735,,,not_available,0.5592000000000001,-3.4414020899990736,True,True,0,,,,,,,0,{},14,expanding,40,1965:Q3,,2,0.02
monthly_mixed_frequency_kalman_em,exact,2022:Q1:pre_third:exact,2022-06-28,pre_third,DELTA_MT,DELTA_MT,2022:Q1,-0.0016973752614397597,4.1861375821537,2.0460052742243113,model_implied_state_space,0.5592000000000001,-0.5608973752614399,True,True,30,-6047.61711568817,-8091.353649054499,-6047.61711568817,0.5739446646639408,9.487957297722781e-05,30.0,0,{},14,expanding,40,1965:Q3,,2,0.02
no_revision,exact,2022:Q1:pre_third:exact,2022-06-28,pre_third,DELTA_MT,DELTA_MT,2022:Q1,0.0,,,not_available,0.5592000000000001,-0.5592000000000001,True,True,0,,,,,,,0,{},14,expanding,40,1965:Q3,,2,0.02
release_dfm,exact,2022:Q1:pre_third:exact,2022-06-28,pre_third,DELTA_MT,DELTA_MT,2022:Q1,1.8453726538775892,,,not_available,0.5592000000000001,1.286172653877589,True,True,0,,,,,,,0,{},14,expanding,40,1965:Q3,,2,0.02
revision_dfm_kalman_em,exact,2022:Q1:pre_third:exact,2022-06-28,pre_third,DELTA_MT,DELTA_MT,2022:Q1,-0.009022716186604995,4.193834868344155,2.047885462701504,model_implied_state_space,0.5592000000000001,-0.5682227161866051,True,True,27,-1804.7147860221874,-3336.900559022152,-1804.7147860221874,0.17980193689322732,9.95639159074225e-05,27.0,0,{},14,expanding,40,1965:Q3,,2,0.02
standard_dfm,exact,2022:Q1:pre_third:exact,2022-06-28,pre_third,DELTA_MT,DELTA_MT,2022:Q1,-1.4807902568058573,,,not_available,0.5592000000000001,-2.0399902568058574,True,True,0,,,,,,,0,{},14,expanding,40,1965:Q3,,2,0.02
ar,pseudo,2022:Q1:pre_third:pseudo,2022-06-30,pre_third,DELTA_MT,DELTA_MT,2022:Q1,-0.11901069775613271,,,not_available,0.5592000000000001,-0.6782106977561329,True,True,0,,,,,,,0,{},14,expanding,40,1965:Q3,,2,0.02
bridge,pseudo,2022:Q1:pre_third:pseudo,2022-06-30,pre_third,DELTA_MT,DELTA_MT,2022:Q1,-1.4343605049742632,,,not_available,0.5592000000000001,-1.9935605049742633,True,True,0,,,,,,,0,{},14,expanding,40,1965:Q3,,2,0.02
indicator_revision_only_dfm_kalman_em,pseudo,2022:Q1:pre_third:pseudo,2022-06-30,pre_third,DELTA_MT,DELTA_MT,2022:Q1,0.0,4.212417603794274,2.0524175023114264,model_implied_state_space,0.5592000000000001,-0.5592000000000001,True,True,44,-3361.7570971519176,-5373.723081333466,-3361.7570971519176,0.25898797185709554,7.701062537367066e-05,44.0,0,{},14,expanding,40,1965:Q3,,2,0.02
joint_indicator_revision_dfm_full_kalman_em,pseudo,2022:Q1:pre_third:pseudo,2022-06-30,pre_third,DELTA_MT,DELTA_MT,2022:Q1,-0.006230924622567358,4.214086963496727,2.0528241433441705,model_implied_state_space,0.5592000000000001,-0.5654309246225675,True,True,44,-3332.479996523511,-5381.87777356938,-3332.479996523511,0.3097896993776885,9.292418515945887e-05,44.0,0,{},14,expanding,40,1965:Q3,,2,0.02
midas_umidas,pseudo,2022:Q1:pre_third:pseudo,2022-06-30,pre_third,DELTA_MT,DELTA_MT,2022:Q1,-2.816728985896883,,,not_available,0.5592000000000001,-3.3759289858968833,True,True,0,,,,,,,0,{},14,expanding,40,1965:Q3,,2,0.02
monthly_mixed_frequency_kalman_em,pseudo,2022:Q1:pre_third:pseudo,2022-06-30,pre_third,DELTA_MT,DELTA_MT,2022:Q1,-0.0017134023257634468,4.186137896478833,2.0460053510386604,model_implied_state_space,0.5592000000000001,-0.5609134023257636,True,True,30,-6048.941863502767,-8092.68867326132,-6048.941863502767,0.574037395290361,9.487412390820404e-05,30.0,0,{},14,expanding,40,1965:Q3,,2,0.02
no_revision,pseudo,2022:Q1:pre_third:pseudo,2022-06-30,pre_third,DELTA_MT,DELTA_MT,2022:Q1,0.0,,,not_available,0.5592000000000001,-0.5592000000000001,True,True,0,,,,,,,0,{},14,expanding,40,1965:Q3,,2,0.02
release_dfm,pseudo,2022:Q1:pre_third:pseudo,2022-06-30,pre_third,DELTA_MT,DELTA_MT,2022:Q1,1.843996627235668,,,not_available,0.5592000000000001,1.284796627235668,True,True,0,,,,,,,0,{},14,expanding,40,1965:Q3,,2,0.02
revision_dfm_kalman_em,pseudo,2022:Q1:pre_third:pseudo,2022-06-30,pre_third,DELTA_MT,DELTA_MT,2022:Q1,-0.009020223945467087,4.193835134766216,2.0478855277495898,model_implied_state_space,0.5592000000000001,-0.5682202239454672,True,True,27,-1804.7324042479352,-3336.91347950901,-1804.7324042479352,0.17980114321062501,9.956250512836063e-05,27.0,0,{},14,expanding,40,1965:Q3,,2,0.02
standard_dfm,pseudo,2022:Q1:pre_third:pseudo,2022-06-30,pre_third,DELTA_MT,DELTA_MT,2022:Q1,-1.4778218899437547,,,not_available,0.5592000000000001,-2.037021889943755,True,True,0,,,,,,,0,{},14,expanding,40,1965:Q3,,2,0.02
ar,exact,2022:Q2:pre_advance:exact,2022-07-27,pre_advance,DELTA_SA,DELTA_SA,2022:Q2,0.025230306288891224,,,not_available,0.3589,-0.3336696937111088,True,True,0,,,,,,,0,{},14,expanding,40,1965:Q3,,2,0.02
bridge,exact,2022:Q2:pre_advance:exact,2022-07-27,pre_advance,DELTA_SA,DELTA_SA,2022:Q2,8.978895093680883e-05,,,not_available,0.3589,-0.3588102110490632,True,True,0,,,,,,,0,{},14,expanding,40,1965:Q3,,2,0.02
indicator_revision_only_dfm_kalman_em,exact,2022:Q2:pre_advance:exact,2022-07-27,pre_advance,DELTA_SA,DELTA_SA,2022:Q2,0.0,0.41689326648321856,0.6456727239733908,model_implied_state_space,0.3589,-0.3589,True,True,42,-3402.115379362408,-5415.776296986152,-3402.115379362408,0.2589754615792117,7.609373362414173e-05,42.0,0,{},14,expanding,40,1965:Q3,,2,0.02
joint_indicator_revision_dfm_full_kalman_em,exact,2022:Q2:pre_advance:exact,2022-07-27,pre_advance,DELTA_SA,DELTA_SA,2022:Q2,-0.18894774742811604,0.36713722397548043,0.6059184961490122,model_implied_state_space,0.3589,-0.547847747428116,True,True,42,-3372.8522564709883,-5423.9175229465145,-3372.8522564709883,0.3102691371404944,9.195441380956429e-05,42.0,0,{},14,expanding,40,1965:Q3,,2,0.02
midas_umidas,exact,2022:Q2:pre_advance:exact,2022-07-27,pre_advance,DELTA_SA,DELTA_SA,2022:Q2,0.5120739786047537,,,not_available,0.3589,0.15317397860475368,True,True,0,,,,,,,0,{},14,expanding,40,1965:Q3,,2,0.02
monthly_mixed_frequency_kalman_em,exact,2022:Q2:pre_advance:exact,2022-07-27,pre_advance,DELTA_SA,DELTA_SA,2022:Q2,0.11819607610480176,0.3751221369881961,0.6124721520103555,model_implied_state_space,0.3589,-0.24070392389519824,True,True,30,-6063.46395130229,-8113.248108912679,-6063.46395130229,0.5797759539073013,9.559303773883749e-05,30.0,0,{},14,expanding,40,1965:Q3,,2,0.02
no_revision,exact,2022:Q2:pre_advance:exact,2022-07-27,pre_advance,DELTA_SA,DELTA_SA,2022:Q2,0.0,,,not_available,0.3589,-0.3589,True,True,0,,,,,,,0,{},14,expanding,40,1965:Q3,,2,0.02
release_dfm,exact,2022:Q2:pre_advance:exact,2022-07-27,pre_advance,DELTA_SA,DELTA_SA,2022:Q2,0.09563348588716103,,,not_available,0.3589,-0.26326651411283897,True,True,0,,,,,,,0,{},14,expanding,40,1965:Q3,,2,0.02
revision_dfm_kalman_em,exact,2022:Q2:pre_advance:exact,2022-07-27,pre_advance,DELTA_SA,DELTA_SA,2022:Q2,0.4744660797055027,0.3961098374516281,0.629372574435547,model_implied_state_space,0.3589,0.1155660797055027,True,True,25,-1823.7510975997586,-3377.8592982082187,-1823.7510975997586,0.16442724571152212,9.01012915244093e-05,25.0,0,{},14,expanding,40,1965:Q3,,2,0.02
standard_dfm,exact,2022:Q2:pre_advance:exact,2022-07-27,pre_advance,DELTA_SA,DELTA_SA,2022:Q2,0.09563348588716103,,,not_available,0.3589,-0.26326651411283897,True,True,0,,,,,,,0,{},14,expanding,40,1965:Q3,,2,0.02
ar,pseudo,2022:Q2:pre_advance:pseudo,2022-07-31,pre_advance,DELTA_SA,DELTA_SA,2022:Q2,0.025230306288891224,,,not_available,0.3589,-0.3336696937111088,True,True,0,,,,,,,0,{},14,expanding,40,1965:Q3,,2,0.02
bridge,pseudo,2022:Q2:pre_advance:pseudo,2022-07-31,pre_advance,DELTA_SA,DELTA_SA,2022:Q2,0.0011555012849850943,,,not_available,0.3589,-0.3577444987150149,True,True,0,,,,,,,0,{},14,expanding,40,1965:Q3,,2,0.02
indicator_revision_only_dfm_kalman_em,pseudo,2022:Q2:pre_advance:pseudo,2022-07-31,pre_advance,DELTA_SA,DELTA_SA,2022:Q2,0.0,0.41689330705186567,0.6456727553891876,model_implied_state_space,0.3589,-0.3589,True,True,42,-3402.131408680159,-5415.792492818905,-3402.131408680159,0.2587092094008767,7.601514972997046e-05,42.0,0,{},14,expanding,40,1965:Q3,,2,0.02
joint_indicator_revision_dfm_full_kalman_em,pseudo,2022:Q2:pre_advance:pseudo,2022-07-31,pre_advance,DELTA_SA,DELTA_SA,2022:Q2,-0.18922411157534302,0.36713392763198627,0.6059157760217061,model_implied_state_space,0.3589,-0.548124111575343,True,True,42,-3372.868029984642,-5423.933685993371,-3372.868029984642,0.30998498072176517,9.186977668246919e-05,42.0,0,{},14,expanding,40,1965:Q3,,2,0.02
midas_umidas,pseudo,2022:Q2:pre_advance:pseudo,2022-07-31,pre_advance,DELTA_SA,DELTA_SA,2022:Q2,0.40312160788759854,,,not_available,0.3589,0.044221607887598546,True,True,0,,,,,,,0,{},14,expanding,40,1965:Q3,,2,0.02
monthly_mixed_frequency_kalman_em,pseudo,2022:Q2:pre_advance:pseudo,2022-07-31,pre_advance,DELTA_SA,DELTA_SA,2022:Q2,0.11792084178244178,0.37512220798769036,0.6124722099717589,model_implied_state_space,0.3589,-0.24097915821755822,True,True,30,-6064.65760649996,-8114.616257641953,-6064.65760649996,0.5794813835627792,9.552567352176424e-05,30.0,0,{},14,expanding,40,1965:Q3,,2,0.02
no_revision,pseudo,2022:Q2:pre_advance:pseudo,2022-07-31,pre_advance,DELTA_SA,DELTA_SA,2022:Q2,0.0,,,not_available,0.3589,-0.3589,True,True,0,,,,,,,0,{},14,expanding,40,1965:Q3,,2,0.02
release_dfm,pseudo,2022:Q2:pre_advance:pseudo,2022-07-31,pre_advance,DELTA_SA,DELTA_SA,2022:Q2,0.09562769819894834,,,not_available,0.3589,-0.26327230180105166,True,True,0,,,,,,,0,{},14,expanding,40,1965:Q3,,2,0.02
revision_dfm_kalman_em,pseudo,2022:Q2:pre_advance:pseudo,2022-07-31,pre_advance,DELTA_SA,DELTA_SA,2022:Q2,0.4744637949820518,0.3961098693125136,0.6293725997471716,model_implied_state_space,0.3589,0.11556379498205183,True,True,25,-1823.7663492195109,-3377.8652420696967,-1823.7663492195109,0.16443067121599597,9.010241540549924e-05,25.0,0,{},14,expanding,40,1965:Q3,,2,0.02
standard_dfm,pseudo,2022:Q2:pre_advance:pseudo,2022-07-31,pre_advance,DELTA_SA,DELTA_SA,2022:Q2,0.09562769819894834,,,not_available,0.3589,-0.26327230180105166,True,True,0,,,,,,,0,{},14,expanding,40,1965:Q3,,2,0.02
ar,exact,2022:Q2:pre_second:exact,2022-08-24,pre_second,DELTA_TS,DELTA_TS,2022:Q2,0.07191326146882648,,,not_available,-0.0022999999999999687,0.07421326146882645,True,True,0,,,,,,,0,{},14,expanding,40,1965:Q3,,2,0.02
bridge,exact,2022:Q2:pre_second:exact,2022-08-24,pre_second,DELTA_TS,DELTA_TS,2022:Q2,0.633752136606347,,,not_available,-0.0022999999999999687,0.636052136606347,True,True,0,,,,,,,0,{},14,expanding,40,1965:Q3,,2,0.02
indicator_revision_only_dfm_kalman_em,exact,2022:Q2:pre_second:exact,2022-08-24,pre_second,DELTA_TS,DELTA_TS,2022:Q2,0.0,0.14440157653323593,0.38000207438017486,model_implied_state_space,-0.0022999999999999687,0.0022999999999999687,True,True,45,-3406.1516240034894,-5437.531923355971,-3406.1516240034894,0.34015924509776596,9.982687170956864e-05,45.0,0,{},14,expanding,40,1965:Q3,,2,0.02
joint_indicator_revision_dfm_full_kalman_em,exact,2022:Q2:pre_second:exact,2022-08-24,pre_second,DELTA_TS,DELTA_TS,2022:Q2,-0.01074070901362445,0.14140949966967775,0.3760445447944668,model_implied_state_space,-0.0022999999999999687,-0.008440709013624481,True,True,47,-3378.3079049536686,-5451.253635888572,-3378.3079049536686,0.3234817173201918,9.571508851408449e-05,47.0,0,{},14,expanding,40,1965:Q3,,2,0.02
midas_umidas,exact,2022:Q2:pre_second:exact,2022-08-24,pre_second,DELTA_TS,DELTA_TS,2022:Q2,-0.2215835993297648,,,not_available,-0.0022999999999999687,-0.21928359932976482,True,True,0,,,,,,,0,{},14,expanding,40,1965:Q3,,2,0.02
monthly_mixed_frequency_kalman_em,exact,2022:Q2:pre_second:exact,2022-08-24,pre_second,DELTA_TS,DELTA_TS,2022:Q2,0.10459310141053235,0.14559235827718642,0.3815656670576985,model_implied_state_space,-0.0022999999999999687,0.10689310141053232,True,True,30,-6083.510901848554,-8134.028902135234,-6083.510901848554,0.5524916390013459,9.079472197325693e-05,30.0,0,{},14,expanding,40,1965:Q3,,2,0.02
no_revision,exact,2022:Q2:pre_second:exact,2022-08-24,pre_second,DELTA_TS,DELTA_TS,2022:Q2,0.0,,,not_available,-0.0022999999999999687,0.0022999999999999687,True,True,0,,,,,,,0,{},14,expanding,40,1965:Q3,,2,0.02
release_dfm,exact,2022:Q2:pre_second:exact,2022-08-24,pre_second,DELTA_TS,DELTA_TS,2022:Q2,0.03270159997090649,,,not_available,-0.0022999999999999687,0.03500159997090646,True,True,0,,,,,,,0,{},14,expanding,40,1965:Q3,,2,0.02
revision_dfm_kalman_em,exact,2022:Q2:pre_second:exact,2022-08-24,pre_second,DELTA_TS,DELTA_TS,2022:Q2,0.0029682045068897267,0.14279834576386774,0.37788668376097584,model_implied_state_space,-0.0022999999999999687,0.0052682045068896954,True,True,28,-1826.657682174382,-3360.8280313600912,-1826.657682174382,0.16202767729305378,8.864532777480669e-05,28.0,0,{},14,expanding,40,1965:Q3,,2,0.02
standard_dfm,exact,2022:Q2:pre_second:exact,2022-08-24,pre_second,DELTA_TS,DELTA_TS,2022:Q2,0.07119208186901194,,,not_available,-0.0022999999999999687,0.0734920818690119,True,True,0,,,,,,,0,{},14,expanding,40,1965:Q3,,2,0.02
ar,pseudo,2022:Q2:pre_second:pseudo,2022-08-31,pre_second,DELTA_TS,DELTA_TS,2022:Q2,0.07191326146882648,,,not_available,-0.0022999999999999687,0.07421326146882645,True,True,0,,,,,,,0,{},14,expanding,40,1965:Q3,,2,0.02
bridge,pseudo,2022:Q2:pre_second:pseudo,2022-08-31,pre_second,DELTA_TS,DELTA_TS,2022:Q2,0.6301255249765756,,,not_available,-0.0022999999999999687,0.6324255249765756,True,True,0,,,,,,,0,{},14,expanding,40,1965:Q3,,2,0.02
indicator_revision_only_dfm_kalman_em,pseudo,2022:Q2:pre_second:pseudo,2022-08-31,pre_second,DELTA_TS,DELTA_TS,2022:Q2,0.0,0.14440160464741447,0.38000211137231127,model_implied_state_space,-0.0022999999999999687,0.0022999999999999687,True,True,45,-3406.175834961139,-5437.548465149949,-3406.175834961139,0.34037477914534975,9.988940864680218e-05,45.0,0,{},14,expanding,40,1965:Q3,,2,0.02
joint_indicator_revision_dfm_full_kalman_em,pseudo,2022:Q2:pre_second:pseudo,2022-08-31,pre_second,DELTA_TS,DELTA_TS,2022:Q2,-0.01082341020247668,0.14138416051053837,0.37601085158614556,model_implied_state_space,-0.0022999999999999687,-0.008523410202476711,True,True,48,-3378.134227348098,-5451.270195960203,-3378.134227348098,0.2660558243524065,7.872870984748913e-05,48.0,0,{},14,expanding,40,1965:Q3,,2,0.02
midas_umidas,pseudo,2022:Q2:pre_second:pseudo,2022-08-31,pre_second,DELTA_TS,DELTA_TS,2022:Q2,-0.22083717315450802,,,not_available,-0.0022999999999999687,-0.21853717315450805,True,True,0,,,,,,,0,{},14,expanding,40,1965:Q3,,2,0.02
monthly_mixed_frequency_kalman_em,pseudo,2022:Q2:pre_second:pseudo,2022-08-31,pre_second,DELTA_TS,DELTA_TS,2022:Q2,0.10459648634523022,0.1455925498905195,0.3815659181458946,model_implied_state_space,-0.0022999999999999687,0.10689648634523019,True,True,30,-6084.814599068977,-8135.348329802102,-6084.814599068977,0.5526579144934658,9.080259063554677e-05,30.0,0,{},14,expanding,40,1965:Q3,,2,0.02
no_revision,pseudo,2022:Q2:pre_second:pseudo,2022-08-31,pre_second,DELTA_TS,DELTA_TS,2022:Q2,0.0,,,not_available,-0.0022999999999999687,0.0022999999999999687,True,True,0,,,,,,,0,{},14,expanding,40,1965:Q3,,2,0.02
release_dfm,pseudo,2022:Q2:pre_second:pseudo,2022-08-31,pre_second,DELTA_TS,DELTA_TS,2022:Q2,0.0327277556145511,,,not_available,-0.0022999999999999687,0.03502775561455107,True,True,0,,,,,,,0,{},14,expanding,40,1965:Q3,,2,0.02
revision_dfm_kalman_em,pseudo,2022:Q2:pre_second:pseudo,2022-08-31,pre_second,DELTA_TS,DELTA_TS,2022:Q2,0.002978574333650119,0.14279837146696817,0.3778867177699795,model_implied_state_space,-0.0022999999999999687,0.005278574333650088,True,True,28,-1826.679356419169,-3360.8389754386735,-1826.679356419169,0.16204455604383838,8.865351006787698e-05,28.0,0,{},14,expanding,40,1965:Q3,,2,0.02
standard_dfm,pseudo,2022:Q2:pre_second:pseudo,2022-08-31,pre_second,DELTA_TS,DELTA_TS,2022:Q2,0.0711424733240138,,,not_available,-0.0022999999999999687,0.07344247332401377,True,True,0,,,,,,,0,{},14,expanding,40,1965:Q3,,2,0.02
ar,exact,2022:Q2:pre_third:exact,2022-09-28,pre_third,DELTA_MT,DELTA_MT,2022:Q2,0.6040262600518358,,,not_available,1.2039,-0.5998737399481642,True,True,0,,,,,,,0,{},14,expanding,40,1965:Q3,,2,0.02
bridge,exact,2022:Q2:pre_third:exact,2022-09-28,pre_third,DELTA_MT,DELTA_MT,2022:Q2,0.854486610676632,,,not_available,1.2039,-0.34941338932336796,True,True,0,,,,,,,0,{},14,expanding,40,1965:Q3,,2,0.02
indicator_revision_only_dfm_kalman_em,exact,2022:Q2:pre_third:exact,2022-09-28,pre_third,DELTA_MT,DELTA_MT,2022:Q2,0.0,4.199756482127655,2.0493307400533607,model_implied_state_space,1.2039,-1.2039,True,True,41,-3405.221206908156,-5418.607453140603,-3405.221206908156,0.3385123000407475,9.93707223542905e-05,41.0,0,{},14,expanding,40,1965:Q3,,2,0.02
joint_indicator_revision_dfm_full_kalman_em,exact,2022:Q2:pre_third:exact,2022-09-28,pre_third,DELTA_MT,DELTA_MT,2022:Q2,-0.0023252086950842354,4.200447975380042,2.0494994450792228,model_implied_state_space,1.2039,-1.2062252086950842,True,True,42,-3377.547547291476,-5426.7532378008345,-3377.547547291476,0.2990671025027041,8.851159482311807e-05,42.0,0,{},14,expanding,40,1965:Q3,,2,0.02
midas_umidas,exact,2022:Q2:pre_third:exact,2022-09-28,pre_third,DELTA_MT,DELTA_MT,2022:Q2,3.502512170608222,,,not_available,1.2039,2.298612170608222,True,True,0,,,,,,,0,{},14,expanding,40,1965:Q3,,2,0.02
monthly_mixed_frequency_kalman_em,exact,2022:Q2:pre_third:exact,2022-09-28,pre_third,DELTA_MT,DELTA_MT,2022:Q2,0.08164983883937094,4.175337163823506,2.0433641779730567,model_implied_state_space,1.2039,-1.122250161160629,True,True,30,-6099.540892453302,-8154.724299572415,-6099.540892453302,0.550843461624936,9.028604804978087e-05,30.0,0,{},14,expanding,40,1965:Q3,,2,0.02
no_revision,exact,2022:Q2:pre_third:exact,2022-09-28,pre_third,DELTA_MT,DELTA_MT,2022:Q2,0.0,,,not_available,1.2039,-1.2039,True,True,0,,,,,,,0,{},14,expanding,40,1965:Q3,,2,0.02
release_dfm,exact,2022:Q2:pre_third:exact,2022-09-28,pre_third,DELTA_MT,DELTA_MT,2022:Q2,1.1344286172170908,,,not_available,1.2039,-0.06947138278290921,True,True,0,,,,,,,0,{},14,expanding,40,1965:Q3,,2,0.02
revision_dfm_kalman_em,exact,2022:Q2:pre_third:exact,2022-09-28,pre_third,DELTA_MT,DELTA_MT,2022:Q2,0.0028730102183502915,4.184858244141287,2.045692607441618,model_implied_state_space,1.2039,-1.2010269897816497,True,True,28,-1825.8249313870076,-3361.943739700884,-1825.8249313870076,0.17099062103284268,9.35911344809724e-05,28.0,0,{},14,expanding,40,1965:Q3,,2,0.02
standard_dfm,exact,2022:Q2:pre_third:exact,2022-09-28,pre_third,DELTA_MT,DELTA_MT,2022:Q2,-0.2716786348598821,,,not_available,1.2039,-1.475578634859882,True,True,0,,,,,,,0,{},14,expanding,40,1965:Q3,,2,0.02
ar,pseudo,2022:Q2:pre_third:pseudo,2022-09-30,pre_third,DELTA_MT,DELTA_MT,2022:Q2,0.6040262600518358,,,not_available,1.2039,-0.5998737399481642,True,True,0,,,,,,,0,{},14,expanding,40,1965:Q3,,2,0.02
bridge,pseudo,2022:Q2:pre_third:pseudo,2022-09-30,pre_third,DELTA_MT,DELTA_MT,2022:Q2,1.1264460187267704,,,not_available,1.2039,-0.07745398127322956,True,True,0,,,,,,,0,{},14,expanding,40,1965:Q3,,2,0.02
indicator_revision_only_dfm_kalman_em,pseudo,2022:Q2:pre_third:pseudo,2022-09-30,pre_third,DELTA_MT,DELTA_MT,2022:Q2,0.0,4.199759721993842,2.0493315305225366,model_implied_state_space,1.2039,-1.2039,True,True,41,-3407.0971704908366,-5419.966455789393,-3407.0971704908366,0.3256339394029055,9.553801217960672e-05,41.0,0,{},14,expanding,40,1965:Q3,,2,0.02
joint_indicator_revision_dfm_full_kalman_em,pseudo,2022:Q2:pre_third:pseudo,2022-09-30,pre_third,DELTA_MT,DELTA_MT,2022:Q2,-0.0023316515286921913,4.200440154548827,2.0494975370926474,model_implied_state_space,1.2039,-1.2062316515286922,True,True,42,-3379.4249985482907,-5428.106098886629,-3379.4249985482907,0.28623115092477747,8.466595679934595e-05,42.0,0,{},14,expanding,40,1965:Q3,,2,0.02
midas_umidas,pseudo,2022:Q2:pre_third:pseudo,2022-09-30,pre_third,DELTA_MT,DELTA_MT,2022:Q2,3.706562712037622,,,not_available,1.2039,2.502662712037622,True,True,0,,,,,,,0,{},14,expanding,40,1965:Q3,,2,0.02
monthly_mixed_frequency_kalman_em,pseudo,2022:Q2:pre_third:pseudo,2022-09-30,pre_third,DELTA_MT,DELTA_MT,2022:Q2,0.08149340783542725,4.175379451610323,2.043374525536208,model_implied_state_space,1.2039,-1.1224065921645727,True,True,30,-6099.642150009495,-8155.4481919597,-6099.642150009495,0.5551010112812946,9.098230862613434e-05,30.0,0,{},14,expanding,40,1965:Q3,,2,0.02
no_revision,pseudo,2022:Q2:pre_third:pseudo,2022-09-30,pre_third,DELTA_MT,DELTA_MT,2022:Q2,0.0,,,not_available,1.2039,-1.2039,True,True,0,,,,,,,0,{},14,expanding,40,1965:Q3,,2,0.02
release_dfm,pseudo,2022:Q2:pre_third:pseudo,2022-09-30,pre_third,DELTA_MT,DELTA_MT,2022:Q2,1.1160701768933048,,,not_available,1.2039,-0.08782982310669518,True,True,0,,,,,,,0,{},14,expanding,40,1965:Q3,,2,0.02
revision_dfm_kalman_em,pseudo,2022:Q2:pre_third:pseudo,2022-09-30,pre_third,DELTA_MT,DELTA_MT,2022:Q2,0.002873240188477233,4.184862378333946,2.045693617904193,model_implied_state_space,1.2039,-1.2010267598115227,True,True,28,-1827.6208591588575,-3362.834566812625,-1827.6208591588575,0.1714318683973488,9.374048066500404e-05,28.0,0,{},14,expanding,40,1965:Q3,,2,0.02
standard_dfm,pseudo,2022:Q2:pre_third:pseudo,2022-09-30,pre_third,DELTA_MT,DELTA_MT,2022:Q2,-0.23804484870038412,,,not_available,1.2039,-1.441944848700384,True,True,0,,,,,,,0,{},14,expanding,40,1965:Q3,,2,0.02
ar,exact,2022:Q3:pre_advance:exact,2022-10-26,pre_advance,DELTA_SA,DELTA_SA,2022:Q3,0.05823760270177081,,,not_available,0.36319999999999997,-0.30496239729822916,True,True,0,,,,,,,0,{},14,expanding,40,1965:Q3,,2,0.02
bridge,exact,2022:Q3:pre_advance:exact,2022-10-26,pre_advance,DELTA_SA,DELTA_SA,2022:Q3,0.07355553899652367,,,not_available,0.36319999999999997,-0.2896444610034763,True,True,0,,,,,,,0,{},14,expanding,40,1965:Q3,,2,0.02
indicator_revision_only_dfm_kalman_em,exact,2022:Q3:pre_advance:exact,2022-10-26,pre_advance,DELTA_SA,DELTA_SA,2022:Q3,0.0,0.42366275012100907,0.6508938086362545,model_implied_state_space,0.36319999999999997,-0.36319999999999997,True,True,21,-3544.448480484422,-5483.484450919383,-3544.448480484422,0.31835052245787665,8.978326484245319e-05,21.0,0,{},14,expanding,40,1965:Q3,,2,0.02
joint_indicator_revision_dfm_full_kalman_em,exact,2022:Q3:pre_advance:exact,2022-10-26,pre_advance,DELTA_SA,DELTA_SA,2022:Q3,0.18433227610842096,0.3764225525139153,0.6135328455053692,model_implied_state_space,0.36319999999999997,-0.178867723891579,True,True,25,-3508.5618965680706,-5497.164242211213,-3508.5618965680706,0.3240611197193175,9.232810513672628e-05,25.0,0,{},14,expanding,40,1965:Q3,,2,0.02
midas_umidas,exact,2022:Q3:pre_advance:exact,2022-10-26,pre_advance,DELTA_SA,DELTA_SA,2022:Q3,0.3101597808988539,,,not_available,0.36319999999999997,-0.05304021910114609,True,True,0,,,,,,,0,{},14,expanding,40,1965:Q3,,2,0.02
monthly_mixed_frequency_kalman_em,exact,2022:Q3:pre_advance:exact,2022-10-26,pre_advance,DELTA_SA,DELTA_SA,2022:Q3,0.1606805302478933,0.3738629185311897,0.6114433077000595,model_implied_state_space,0.36319999999999997,-0.20251946975210666,True,True,30,-6114.614871944378,-8174.487669599624,-6114.614871944378,0.5615667906640738,9.181664333742111e-05,30.0,0,{},14,expanding,40,1965:Q3,,2,0.02
no_revision,exact,2022:Q3:pre_advance:exact,2022-10-26,pre_advance,DELTA_SA,DELTA_SA,2022:Q3,0.0,,,not_available,0.36319999999999997,-0.36319999999999997,True,True,0,,,,,,,0,{},14,expanding,40,1965:Q3,,2,0.02
release_dfm,exact,2022:Q3:pre_advance:exact,2022-10-26,pre_advance,DELTA_SA,DELTA_SA,2022:Q3,0.09591146514531568,,,not_available,0.36319999999999997,-0.2672885348546843,True,True,0,,,,,,,0,{},14,expanding,40,1965:Q3,,2,0.02
revision_dfm_kalman_em,exact,2022:Q3:pre_advance:exact,2022-10-26,pre_advance,DELTA_SA,DELTA_SA,2022:Q3,0.3610718298235791,0.3955633585397811,0.6289382787999003,model_implied_state_space,0.36319999999999997,-0.0021281701764208627,True,True,25,-1846.2291117794816,-3405.226145214332,-1846.2291117794816,0.1704970544999469,9.22902947931006e-05,25.0,0,{},14,expanding,40,1965:Q3,,2,0.02
standard_dfm,exact,2022:Q3:pre_advance:exact,2022-10-26,pre_advance,DELTA_SA,DELTA_SA,2022:Q3,0.09591146514531568,,,not_available,0.36319999999999997,-0.2672885348546843,True,True,0,,,,,,,0,{},14,expanding,40,1965:Q3,,2,0.02
ar,pseudo,2022:Q3:pre_advance:pseudo,2022-10-31,pre_advance,DELTA_SA,DELTA_SA,2022:Q3,0.05823760270177081,,,not_available,0.36319999999999997,-0.30496239729822916,True,True,0,,,,,,,0,{},14,expanding,40,1965:Q3,,2,0.02
bridge,pseudo,2022:Q3:pre_advance:pseudo,2022-10-31,pre_advance,DELTA_SA,DELTA_SA,2022:Q3,0.06860209564311814,,,not_available,0.36319999999999997,-0.2945979043568818,True,True,0,,,,,,,0,{},14,expanding,40,1965:Q3,,2,0.02
indicator_revision_only_dfm_kalman_em,pseudo,2022:Q3:pre_advance:pseudo,2022-10-31,pre_advance,DELTA_SA,DELTA_SA,2022:Q3,0.0,0.4236606458692682,0.6508921922018025,model_implied_state_space,0.36319999999999997,-0.36319999999999997,True,True,21,-3544.3858789773994,-5483.4886310784395,-3544.3858789773994,0.3215436960426814,9.068534363172e-05,21.0,0,{},14,expanding,40,1965:Q3,,2,0.02
joint_indicator_revision_dfm_full_kalman_em,pseudo,2022:Q3:pre_advance:pseudo,2022-10-31,pre_advance,DELTA_SA,DELTA_SA,2022:Q3,0.18471301597349576,0.37643505414229406,0.6135430336515069,model_implied_state_space,0.36319999999999997,-0.1784869840265042,True,True,25,-3508.499089953093,-5497.168498873686,-3508.499089953093,0.32572031351219266,9.280244203625966e-05,25.0,0,{},14,expanding,40,1965:Q3,,2,0.02
midas_umidas,pseudo,2022:Q3:pre_advance:pseudo,2022-10-31,pre_advance,DELTA_SA,DELTA_SA,2022:Q3,0.19194416310616824,,,not_available,0.36319999999999997,-0.17125583689383173,True,True,0,,,,,,,0,{},14,expanding,40,1965:Q3,,2,0.02
monthly_mixed_frequency_kalman_em,pseudo,2022:Q3:pre_advance:pseudo,2022-10-31,pre_advance,DELTA_SA,DELTA_SA,2022:Q3,0.16044832947937415,0.3738607416417068,0.6114415275737385,model_implied_state_space,0.36319999999999997,-0.20275167052062582,True,True,30,-6117.309743310091,-8177.19111298425,-6117.309743310091,0.5616799426024954,9.179469607222363e-05,30.0,0,{},14,expanding,40,1965:Q3,,2,0.02
no_revision,pseudo,2022:Q3:pre_advance:pseudo,2022-10-31,pre_advance,DELTA_SA,DELTA_SA,2022:Q3,0.0,,,not_available,0.36319999999999997,-0.36319999999999997,True,True,0,,,,,,,0,{},14,expanding,40,1965:Q3,,2,0.02
release_dfm,pseudo,2022:Q3:pre_advance:pseudo,2022-10-31,pre_advance,DELTA_SA,DELTA_SA,2022:Q3,0.09598156939952007,,,not_available,0.36319999999999997,-0.2672184306004799,True,True,0,,,,,,,0,{},14,expanding,40,1965:Q3,,2,0.02
revision_dfm_kalman_em,pseudo,2022:Q3:pre_advance:pseudo,2022-10-31,pre_advance,DELTA_SA,DELTA_SA,2022:Q3,0.36122543534440643,0.3955630199342126,0.6289380096116092,model_implied_state_space,0.36319999999999997,-0.001974564655593536,True,True,25,-1846.2047919346,-3405.2302737447744,-1846.2047919346,0.17046491435280586,9.227411362192105e-05,25.0,0,{},14,expanding,40,1965:Q3,,2,0.02
standard_dfm,pseudo,2022:Q3:pre_advance:pseudo,2022-10-31,pre_advance,DELTA_SA,DELTA_SA,2022:Q3,0.09598156939952007,,,not_available,0.36319999999999997,-0.2672184306004799,True,True,0,,,,,,,0,{},14,expanding,40,1965:Q3,,2,0.02
ar,exact,2022:Q3:pre_second:exact,2022-11-29,pre_second,DELTA_TS,DELTA_TS,2022:Q3,0.07204179267449673,,,not_available,0.3147000000000002,-0.24265820732550347,True,True,0,,,,,,,0,{},14,expanding,40,1965:Q3,,2,0.02
bridge,exact,2022:Q3:pre_second:exact,2022-11-29,pre_second,DELTA_TS,DELTA_TS,2022:Q3,0.34144469756391116,,,not_available,0.3147000000000002,0.026744697563910957,True,True,0,,,,,,,0,{},14,expanding,40,1965:Q3,,2,0.02
indicator_revision_only_dfm_kalman_em,exact,2022:Q3:pre_second:exact,2022-11-29,pre_second,DELTA_TS,DELTA_TS,2022:Q3,0.0,0.14738864053174194,0.38391228234030483,model_implied_state_space,0.3147000000000002,-0.3147000000000002,True,True,20,-3544.543644227839,-5484.875387046654,-3544.543644227839,0.3524623315011013,9.940007290374424e-05,20.0,0,{},14,expanding,40,1965:Q3,,2,0.02
joint_indicator_revision_dfm_full_kalman_em,exact,2022:Q3:pre_second:exact,2022-11-29,pre_second,DELTA_TS,DELTA_TS,2022:Q3,0.006350100997093211,0.1421544683199515,0.3770337760996374,model_implied_state_space,0.3147000000000002,-0.308349899002907,True,True,25,-3508.043546953357,-5498.641514091361,-3508.043546953357,0.31086099762978847,8.858067937666389e-05,25.0,0,{},14,expanding,40,1965:Q3,,2,0.02
midas_umidas,exact,2022:Q3:pre_second:exact,2022-11-29,pre_second,DELTA_TS,DELTA_TS,2022:Q3,1.43768474709767,,,not_available,0.3147000000000002,1.1229847470976697,True,True,0,,,,,,,0,{},14,expanding,40,1965:Q3,,2,0.02
monthly_mixed_frequency_kalman_em,exact,2022:Q3:pre_second:exact,2022-11-29,pre_second,DELTA_TS,DELTA_TS,2022:Q3,0.09493674755049542,0.1450899836052325,0.38090679123012827,model_implied_state_space,0.3147000000000002,-0.2197632524495048,True,True,30,-6133.940201455018,-8196.379260705393,-6133.940201455018,0.5656107726508708,9.218649447347028e-05,30.0,0,{},14,expanding,40,1965:Q3,,2,0.02
no_revision,exact,2022:Q3:pre_second:exact,2022-11-29,pre_second,DELTA_TS,DELTA_TS,2022:Q3,0.0,,,not_available,0.3147000000000002,-0.3147000000000002,True,True,0,,,,,,,0,{},14,expanding,40,1965:Q3,,2,0.02
release_dfm,exact,2022:Q3:pre_second:exact,2022-11-29,pre_second,DELTA_TS,DELTA_TS,2022:Q3,0.04741145964055615,,,not_available,0.3147000000000002,-0.26728854035944405,True,True,0,,,,,,,0,{},14,expanding,40,1965:Q3,,2,0.02
revision_dfm_kalman_em,exact,2022:Q3:pre_second:exact,2022-11-29,pre_second,DELTA_TS,DELTA_TS,2022:Q3,0.013047495541748777,0.1420540719076453,0.37690061277165005,model_implied_state_space,0.3147000000000002,-0.3016525044582514,True,True,29,-1846.8003911807557,-3387.338450425886,-1846.8003911807557,0.1648103643065042,8.918477694748158e-05,29.0,0,{},14,expanding,40,1965:Q3,,2,0.02
standard_dfm,exact,2022:Q3:pre_second:exact,2022-11-29,pre_second,DELTA_TS,DELTA_TS,2022:Q3,0.06553930738907754,,,not_available,0.3147000000000002,-0.24916069261092266,True,True,0,,,,,,,0,{},14,expanding,40,1965:Q3,,2,0.02
ar,pseudo,2022:Q3:pre_second:pseudo,2022-11-30,pre_second,DELTA_TS,DELTA_TS,2022:Q3,0.07204179267449673,,,not_available,0.3147000000000002,-0.24265820732550347,True,True,0,,,,,,,0,{},14,expanding,40,1965:Q3,,2,0.02
bridge,pseudo,2022:Q3:pre_second:pseudo,2022-11-30,pre_second,DELTA_TS,DELTA_TS,2022:Q3,0.34144469756391116,,,not_available,0.3147000000000002,0.026744697563910957,True,True,0,,,,,,,0,{},14,expanding,40,1965:Q3,,2,0.02
indicator_revision_only_dfm_kalman_em,pseudo,2022:Q3:pre_second:pseudo,2022-11-30,pre_second,DELTA_TS,DELTA_TS,2022:Q3,0.0,0.14738864053174194,0.38391228234030483,model_implied_state_space,0.3147000000000002,-0.3147000000000002,True,True,20,-3544.543644227839,-5484.875387046654,-3544.543644227839,0.3524623315011013,9.940007290374424e-05,20.0,0,{},14,expanding,40,1965:Q3,,2,0.02
joint_indicator_revision_dfm_full_kalman_em,pseudo,2022:Q3:pre_second:pseudo,2022-11-30,pre_second,DELTA_TS,DELTA_TS,2022:Q3,0.006350100997093211,0.1421544683199515,0.3770337760996374,model_implied_state_space,0.3147000000000002,-0.308349899002907,True,True,25,-3508.043546953357,-5498.641514091361,-3508.043546953357,0.31086099762978847,8.858067937666389e-05,25.0,0,{},14,expanding,40,1965:Q3,,2,0.02
midas_umidas,pseudo,2022:Q3:pre_second:pseudo,2022-11-30,pre_second,DELTA_TS,DELTA_TS,2022:Q3,1.43768474709767,,,not_available,0.3147000000000002,1.1229847470976697,True,True,0,,,,,,,0,{},14,expanding,40,1965:Q3,,2,0.02
monthly_mixed_frequency_kalman_em,pseudo,2022:Q3:pre_second:pseudo,2022-11-30,pre_second,DELTA_TS,DELTA_TS,2022:Q3,0.09493674755049542,0.1450899836052325,0.38090679123012827,model_implied_state_space,0.3147000000000002,-0.2197632524495048,True,True,30,-6133.940201455018,-8196.379260705393,-6133.940201455018,0.5656107726508708,9.218649447347028e-05,30.0,0,{},14,expanding,40,1965:Q3,,2,0.02
no_revision,pseudo,2022:Q3:pre_second:pseudo,2022-11-30,pre_second,DELTA_TS,DELTA_TS,2022:Q3,0.0,,,not_available,0.3147000000000002,-0.3147000000000002,True,True,0,,,,,,,0,{},14,expanding,40,1965:Q3,,2,0.02
release_dfm,pseudo,2022:Q3:pre_second:pseudo,2022-11-30,pre_second,DELTA_TS,DELTA_TS,2022:Q3,0.04741145964055615,,,not_available,0.3147000000000002,-0.26728854035944405,True,True,0,,,,,,,0,{},14,expanding,40,1965:Q3,,2,0.02
revision_dfm_kalman_em,pseudo,2022:Q3:pre_second:pseudo,2022-11-30,pre_second,DELTA_TS,DELTA_TS,2022:Q3,0.013047495541748777,0.1420540719076453,0.37690061277165005,model_implied_state_space,0.3147000000000002,-0.3016525044582514,True,True,29,-1846.8003911807557,-3387.338450425886,-1846.8003911807557,0.1648103643065042,8.918477694748158e-05,29.0,0,{},14,expanding,40,1965:Q3,,2,0.02
standard_dfm,pseudo,2022:Q3:pre_second:pseudo,2022-11-30,pre_second,DELTA_TS,DELTA_TS,2022:Q3,0.06553930738907754,,,not_available,0.3147000000000002,-0.24916069261092266,True,True,0,,,,,,,0,{},14,expanding,40,1965:Q3,,2,0.02
ar,exact,2022:Q3:pre_third:exact,2022-12-21,pre_third,DELTA_MT,DELTA_MT,2022:Q3,1.0211250045875602,,,not_available,-0.32410000000000005,1.3452250045875602,True,True,0,,,,,,,0,{},14,expanding,40,1965:Q3,,2,0.02
bridge,exact,2022:Q3:pre_third:exact,2022-12-21,pre_third,DELTA_MT,DELTA_MT,2022:Q3,1.8673159816515057,,,not_available,-0.32410000000000005,2.191415981651506,True,True,0,,,,,,,0,{},14,expanding,40,1965:Q3,,2,0.02
indicator_revision_only_dfm_kalman_em,exact,2022:Q3:pre_third:exact,2022-12-21,pre_third,DELTA_MT,DELTA_MT,2022:Q3,0.0,4.181885171010265,2.04496581169717,model_implied_state_space,-0.32410000000000005,0.32410000000000005,True,True,20,-3544.512885964663,-5486.321363271391,-3544.512885964663,0.345831392112359,9.75310692497516e-05,20.0,0,{},14,expanding,40,1965:Q3,,2,0.02
joint_indicator_revision_dfm_full_kalman_em,exact,2022:Q3:pre_third:exact,2022-12-21,pre_third,DELTA_MT,DELTA_MT,2022:Q3,0.006263404297346842,4.190515967217878,2.047074978406477,model_implied_state_space,-0.32410000000000005,0.3303634042973469,True,True,24,-3508.072579322749,-5500.060180777848,-3508.072579322749,0.34487695829329823,9.827185354539358e-05,24.0,0,{},14,expanding,40,1965:Q3,,2,0.02
midas_umidas,exact,2022:Q3:pre_third:exact,2022-12-21,pre_third,DELTA_MT,DELTA_MT,2022:Q3,-7.735294594253887,,,not_available,-0.32410000000000005,-7.411194594253887,True,True,0,,,,,,,0,{},14,expanding,40,1965:Q3,,2,0.02
monthly_mixed_frequency_kalman_em,exact,2022:Q3:pre_third:exact,2022-12-21,pre_third,DELTA_MT,DELTA_MT,2022:Q3,0.10504619209462618,4.189192155217549,2.0467516105325405,model_implied_state_space,-0.32410000000000005,0.42914619209462623,True,True,29,-6142.136136755648,-8186.779225057392,-6142.136136755648,0.5897731721070159,9.599600971032756e-05,29.0,0,{},14,expanding,40,1965:Q3,,2,0.02
no_revision,exact,2022:Q3:pre_third:exact,2022-12-21,pre_third,DELTA_MT,DELTA_MT,2022:Q3,0.0,,,not_available,-0.32410000000000005,0.32410000000000005,True,True,0,,,,,,,0,{},14,expanding,40,1965:Q3,,2,0.02
release_dfm,exact,2022:Q3:pre_third:exact,2022-12-21,pre_third,DELTA_MT,DELTA_MT,2022:Q3,0.17672737215119216,,,not_available,-0.32410000000000005,0.5008273721511922,True,True,0,,,,,,,0,{},14,expanding,40,1965:Q3,,2,0.02
revision_dfm_kalman_em,exact,2022:Q3:pre_third:exact,2022-12-21,pre_third,DELTA_MT,DELTA_MT,2022:Q3,0.008613958338427263,4.190438476409462,2.0470560511157143,model_implied_state_space,-0.32410000000000005,0.3327139583384273,True,True,25,-1846.3263703588195,-3408.0618710028066,-1846.3263703588195,0.1707689512675188,9.243259306549683e-05,25.0,0,{},14,expanding,40,1965:Q3,,2,0.02
standard_dfm,exact,2022:Q3:pre_third:exact,2022-12-21,pre_third,DELTA_MT,DELTA_MT,2022:Q3,0.3644741385764019,,,not_available,-0.32410000000000005,0.6885741385764019,True,True,0,,,,,,,0,{},14,expanding,40,1965:Q3,,2,0.02
ar,pseudo,2022:Q3:pre_third:pseudo,2022-12-31,pre_third,DELTA_MT,DELTA_MT,2022:Q3,1.0211250045875602,,,not_available,-0.32410000000000005,1.3452250045875602,True,True,0,,,,,,,0,{},14,expanding,40,1965:Q3,,2,0.02
bridge,pseudo,2022:Q3:pre_third:pseudo,2022-12-31,pre_third,DELTA_MT,DELTA_MT,2022:Q3,1.890731452639989,,,not_available,-0.32410000000000005,2.214831452639989,True,True,0,,,,,,,0,{},14,expanding,40,1965:Q3,,2,0.02
indicator_revision_only_dfm_kalman_em,pseudo,2022:Q3:pre_third:pseudo,2022-12-31,pre_third,DELTA_MT,DELTA_MT,2022:Q3,0.0,4.181885476730517,2.044965886446646,model_implied_state_space,-0.32410000000000005,0.32410000000000005,True,True,20,-3544.520547032384,-5486.3210264279005,-3544.520547032384,0.34561071865573467,9.746863059121717e-05,20.0,0,{},14,expanding,40,1965:Q3,,2,0.02
joint_indicator_revision_dfm_full_kalman_em,pseudo,2022:Q3:pre_third:pseudo,2022-12-31,pre_third,DELTA_MT,DELTA_MT,2022:Q3,0.006266319833388767,4.190514603526163,2.0470746453234585,model_implied_state_space,-0.32410000000000005,0.3303663198333888,True,True,24,-3508.0795509116183,-5500.05983564486,-3508.0795509116183,0.3447688325609306,9.824085124766636e-05,24.0,0,{},14,expanding,40,1965:Q3,,2,0.02
midas_umidas,pseudo,2022:Q3:pre_third:pseudo,2022-12-31,pre_third,DELTA_MT,DELTA_MT,2022:Q3,-7.637115385807265,,,not_available,-0.32410000000000005,-7.313015385807265,True,True,0,,,,,,,0,{},14,expanding,40,1965:Q3,,2,0.02
monthly_mixed_frequency_kalman_em,pseudo,2022:Q3:pre_third:pseudo,2022-12-31,pre_third,DELTA_MT,DELTA_MT,2022:Q3,0.10503856681623969,4.189190460181292,2.0467511964528793,model_implied_state_space,-0.32410000000000005,0.42913856681623974,True,True,29,-6144.7844846284725,-8189.447113785038,-6144.7844846284725,0.5898557935224744,9.596808799022422e-05,29.0,0,{},14,expanding,40,1965:Q3,,2,0.02
no_revision,pseudo,2022:Q3:pre_third:pseudo,2022-12-31,pre_third,DELTA_MT,DELTA_MT,2022:Q3,0.0,,,not_available,-0.32410000000000005,0.32410000000000005,True,True,0,,,,,,,0,{},14,expanding,40,1965:Q3,,2,0.02
release_dfm,pseudo,2022:Q3:pre_third:pseudo,2022-12-31,pre_third,DELTA_MT,DELTA_MT,2022:Q3,0.174897394014065,,,not_available,-0.32410000000000005,0.49899739401406507,True,True,0,,,,,,,0,{},14,expanding,40,1965:Q3,,2,0.02
revision_dfm_kalman_em,pseudo,2022:Q3:pre_third:pseudo,2022-12-31,pre_third,DELTA_MT,DELTA_MT,2022:Q3,0.008617216442816655,4.190438495054192,2.0470560556697492,model_implied_state_space,-0.32410000000000005,0.3327172164428167,True,True,25,-1846.3293854275078,-3408.062225423587,-1846.3293854275078,0.17076916792029806,9.243255947531635e-05,25.0,0,{},14,expanding,40,1965:Q3,,2,0.02
standard_dfm,pseudo,2022:Q3:pre_third:pseudo,2022-12-31,pre_third,DELTA_MT,DELTA_MT,2022:Q3,0.36811125363363173,,,not_available,-0.32410000000000005,0.6922112536336318,True,True,0,,,,,,,0,{},14,expanding,40,1965:Q3,,2,0.02
ar,exact,2022:Q4:pre_advance:exact,2023-01-25,pre_advance,DELTA_SA,DELTA_SA,2022:Q4,0.10853273509485284,,,not_available,-0.2158000000000002,0.32433273509485305,True,True,0,,,,,,,0,{},14,expanding,40,1965:Q3,,2,0.02
bridge,exact,2022:Q4:pre_advance:exact,2023-01-25,pre_advance,DELTA_SA,DELTA_SA,2022:Q4,0.20753261036370074,,,not_available,-0.2158000000000002,0.42333261036370096,True,True,0,,,,,,,0,{},14,expanding,40,1965:Q3,,2,0.02
indicator_revision_only_dfm_kalman_em,exact,2022:Q4:pre_advance:exact,2023-01-25,pre_advance,DELTA_SA,DELTA_SA,2022:Q4,0.0,0.41446598504201404,0.6437903269248568,model_implied_state_space,-0.2158000000000002,0.2158000000000002,True,True,43,-3481.4200539596163,-5507.187777805004,-3481.4200539596163,0.3227124304539757,9.266042659489127e-05,43.0,0,{},14,expanding,40,1965:Q3,,2,0.02
joint_indicator_revision_dfm_full_kalman_em,exact,2022:Q4:pre_advance:exact,2023-01-25,pre_advance,DELTA_SA,DELTA_SA,2022:Q4,0.012797278322874472,0.36371935663051236,0.6030914993850538,model_implied_state_space,-0.2158000000000002,0.2285972783228747,True,True,48,-3453.8652118213067,-5515.186528506357,-3453.8652118213067,0.320010438259942,9.261744817566299e-05,48.0,0,{},14,expanding,40,1965:Q3,,2,0.02
midas_umidas,exact,2022:Q4:pre_advance:exact,2023-01-25,pre_advance,DELTA_SA,DELTA_SA,2022:Q4,2.036360600379766,,,not_available,-0.2158000000000002,2.2521606003797663,True,True,0,,,,,,,0,{},14,expanding,40,1965:Q3,,2,0.02
monthly_mixed_frequency_kalman_em,exact,2022:Q4:pre_advance:exact,2023-01-25,pre_advance,DELTA_SA,DELTA_SA,2022:Q4,0.10372117921620072,0.37134664234699777,0.6093821808577912,model_implied_state_space,-0.2158000000000002,0.31952117921620093,True,True,29,-6157.03191599562,-8207.773722606107,-6157.03191599562,0.582775277816836,9.462765687267468e-05,29.0,0,{},14,expanding,40,1965:Q3,,2,0.02
no_revision,exact,2022:Q4:pre_advance:exact,2023-01-25,pre_advance,DELTA_SA,DELTA_SA,2022:Q4,0.0,,,not_available,-0.2158000000000002,0.2158000000000002,True,True,0,,,,,,,0,{},14,expanding,40,1965:Q3,,2,0.02
release_dfm,exact,2022:Q4:pre_advance:exact,2023-01-25,pre_advance,DELTA_SA,DELTA_SA,2022:Q4,0.09667791412371463,,,not_available,-0.2158000000000002,0.31247791412371484,True,True,0,,,,,,,0,{},14,expanding,40,1965:Q3,,2,0.02
revision_dfm_kalman_em,exact,2022:Q4:pre_advance:exact,2023-01-25,pre_advance,DELTA_SA,DELTA_SA,2022:Q4,0.1068375076172281,0.39338741995705995,0.6272060426662517,model_implied_state_space,-0.2158000000000002,0.3226375076172283,True,True,25,-1863.9937776887996,-3430.315502187621,-1863.9937776887996,0.17007083451289873,9.118278517329575e-05,25.0,0,{},14,expanding,40,1965:Q3,,2,0.02
standard_dfm,exact,2022:Q4:pre_advance:exact,2023-01-25,pre_advance,DELTA_SA,DELTA_SA,2022:Q4,0.09667791412371463,,,not_available,-0.2158000000000002,0.31247791412371484,True,True,0,,,,,,,0,{},14,expanding,40,1965:Q3,,2,0.02
ar,pseudo,2022:Q4:pre_advance:pseudo,2023-01-31,pre_advance,DELTA_SA,DELTA_SA,2022:Q4,0.10853273509485284,,,not_available,-0.2158000000000002,0.32433273509485305,True,True,0,,,,,,,0,{},14,expanding,40,1965:Q3,,2,0.02
bridge,pseudo,2022:Q4:pre_advance:pseudo,2023-01-31,pre_advance,DELTA_SA,DELTA_SA,2022:Q4,0.23457066303142016,,,not_available,-0.2158000000000002,0.45037066303142037,True,True,0,,,,,,,0,{},14,expanding,40,1965:Q3,,2,0.02
indicator_revision_only_dfm_kalman_em,pseudo,2022:Q4:pre_advance:pseudo,2023-01-31,pre_advance,DELTA_SA,DELTA_SA,2022:Q4,0.0,0.4146099715138698,0.643902144361913,model_implied_state_space,-0.2158000000000002,0.2158000000000002,True,True,42,-3481.7053778859126,-5507.252127667971,-3481.7053778859126,0.29517127974668256,8.474626276398085e-05,42.0,0,{},14,expanding,40,1965:Q3,,2,0.02
joint_indicator_revision_dfm_full_kalman_em,pseudo,2022:Q4:pre_advance:pseudo,2023-01-31,pre_advance,DELTA_SA,DELTA_SA,2022:Q4,0.04438579063244519,0.3656126017406338,0.6046590789367459,model_implied_state_space,-0.2158000000000002,0.2601857906324454,True,True,43,-3454.2361267506894,-5515.251116115251,-3454.2361267506894,0.31261292446060907,9.046694114637123e-05,43.0,0,{},14,expanding,40,1965:Q3,,2,0.02
midas_umidas,pseudo,2022:Q4:pre_advance:pseudo,2023-01-31,pre_advance,DELTA_SA,DELTA_SA,2022:Q4,2.228868350804566,,,not_available,-0.2158000000000002,2.4446683508045663,True,True,0,,,,,,,0,{},14,expanding,40,1965:Q3,,2,0.02
monthly_mixed_frequency_kalman_em,pseudo,2022:Q4:pre_advance:pseudo,2023-01-31,pre_advance,DELTA_SA,DELTA_SA,2022:Q4,0.10467943929329171,0.3713589765412948,0.609392301019052,model_implied_state_space,-0.2158000000000002,0.3204794392932919,True,True,29,-6160.707981638484,-8210.754814553928,-6160.707981638484,0.5849267185622011,9.492030438360821e-05,29.0,0,{},14,expanding,40,1965:Q3,,2,0.02
no_revision,pseudo,2022:Q4:pre_advance:pseudo,2023-01-31,pre_advance,DELTA_SA,DELTA_SA,2022:Q4,0.0,,,not_available,-0.2158000000000002,0.2158000000000002,True,True,0,,,,,,,0,{},14,expanding,40,1965:Q3,,2,0.02
release_dfm,pseudo,2022:Q4:pre_advance:pseudo,2023-01-31,pre_advance,DELTA_SA,DELTA_SA,2022:Q4,0.09675704920951733,,,not_available,-0.2158000000000002,0.31255704920951755,True,True,0,,,,,,,0,{},14,expanding,40,1965:Q3,,2,0.02
revision_dfm_kalman_em,pseudo,2022:Q4:pre_advance:pseudo,2023-01-31,pre_advance,DELTA_SA,DELTA_SA,2022:Q4,0.10719129934671434,0.3934028808791421,0.627218367778832,model_implied_state_space,-0.2158000000000002,0.32299129934671456,True,True,25,-1864.305967715499,-3430.347801735253,-1864.305967715499,0.17015968593682373,9.121515061886756e-05,25.0,0,{},14,expanding,40,1965:Q3,,2,0.02
standard_dfm,pseudo,2022:Q4:pre_advance:pseudo,2023-01-31,pre_advance,DELTA_SA,DELTA_SA,2022:Q4,0.09675704920951733,,,not_available,-0.2158000000000002,0.31255704920951755,True,True,0,,,,,,,0,{},14,expanding,40,1965:Q3,,2,0.02
ar,exact,2022:Q4:pre_second:exact,2023-02-22,pre_second,DELTA_TS,DELTA_TS,2022:Q4,0.08169007675838724,,,not_available,-0.10169999999999968,0.18339007675838692,True,True,0,,,,,,,0,{},14,expanding,40,1965:Q3,,2,0.02
bridge,exact,2022:Q4:pre_second:exact,2023-02-22,pre_second,DELTA_TS,DELTA_TS,2022:Q4,0.45104636502268325,,,not_available,-0.10169999999999968,0.5527463650226829,True,True,0,,,,,,,0,{},14,expanding,40,1965:Q3,,2,0.02
indicator_revision_only_dfm_kalman_em,exact,2022:Q4:pre_second:exact,2023-02-22,pre_second,DELTA_TS,DELTA_TS,2022:Q4,0.0,0.14369784380080808,0.3790749844038882,model_implied_state_space,-0.10169999999999968,0.10169999999999968,True,True,43,-3483.7843991749314,-5508.534337098551,-3483.7843991749314,0.3331329814113815,9.558730181626399e-05,43.0,0,{},14,expanding,40,1965:Q3,,2,0.02
joint_indicator_revision_dfm_full_kalman_em,exact,2022:Q4:pre_second:exact,2023-02-22,pre_second,DELTA_TS,DELTA_TS,2022:Q4,0.004139186907784254,0.14050824387076155,0.3748442928347203,model_implied_state_space,-0.10169999999999968,0.10583918690778393,True,False,50,-3456.603829659712,-5516.617293071093,-3456.603829659712,0.46251254624075955,0.00013374889330368248,51.0,0,{},14,expanding,40,1965:Q3,,2,0.02
midas_umidas,exact,2022:Q4:pre_second:exact,2023-02-22,pre_second,DELTA_TS,DELTA_TS,2022:Q4,0.625827035596517,,,not_available,-0.10169999999999968,0.7275270355965167,True,True,0,,,,,,,0,{},14,expanding,40,1965:Q3,,2,0.02
monthly_mixed_frequency_kalman_em,exact,2022:Q4:pre_second:exact,2023-02-22,pre_second,DELTA_TS,DELTA_TS,2022:Q4,0.04531267501958558,0.14359621015318313,0.378940905885315,model_implied_state_space,-0.10169999999999968,0.14701267501958526,True,True,29,-6177.2534357187,-8229.078246846755,-6177.2534357187,0.5833090281521436,9.440434377038099e-05,29.0,0,{},14,expanding,40,1965:Q3,,2,0.02
no_revision,exact,2022:Q4:pre_second:exact,2023-02-22,pre_second,DELTA_TS,DELTA_TS,2022:Q4,0.0,,,not_available,-0.10169999999999968,0.10169999999999968,True,True,0,,,,,,,0,{},14,expanding,40,1965:Q3,,2,0.02
release_dfm,exact,2022:Q4:pre_second:exact,2023-02-22,pre_second,DELTA_TS,DELTA_TS,2022:Q4,0.05148194496767866,,,not_available,-0.10169999999999968,0.15318194496767834,True,True,0,,,,,,,0,{},14,expanding,40,1965:Q3,,2,0.02
revision_dfm_kalman_em,exact,2022:Q4:pre_second:exact,2023-02-22,pre_second,DELTA_TS,DELTA_TS,2022:Q4,0.009303768634565834,0.14193509127927373,0.3767427388540803,model_implied_state_space,-0.10169999999999968,0.11100376863456551,True,True,28,-1865.4756792857377,-3412.3218620776756,-1865.4756792857377,0.1730636493291513,9.271355951898631e-05,28.0,0,{},14,expanding,40,1965:Q3,,2,0.02
standard_dfm,exact,2022:Q4:pre_second:exact,2023-02-22,pre_second,DELTA_TS,DELTA_TS,2022:Q4,0.06391558960278587,,,not_available,-0.10169999999999968,0.16561558960278555,True,True,0,,,,,,,0,{},14,expanding,40,1965:Q3,,2,0.02
ar,pseudo,2022:Q4:pre_second:pseudo,2023-02-28,pre_second,DELTA_TS,DELTA_TS,2022:Q4,0.08169007675838724,,,not_available,-0.10169999999999968,0.18339007675838692,True,True,0,,,,,,,0,{},14,expanding,40,1965:Q3,,2,0.02
bridge,pseudo,2022:Q4:pre_second:pseudo,2023-02-28,pre_second,DELTA_TS,DELTA_TS,2022:Q4,0.4645268210165465,,,not_available,-0.10169999999999968,0.5662268210165462,True,True,0,,,,,,,0,{},14,expanding,40,1965:Q3,,2,0.02
indicator_revision_only_dfm_kalman_em,pseudo,2022:Q4:pre_second:pseudo,2023-02-28,pre_second,DELTA_TS,DELTA_TS,2022:Q4,0.0,0.14369714532172662,0.3790740631086841,model_implied_state_space,-0.10169999999999968,0.10169999999999968,True,True,43,-3483.7353186642426,-5508.657907411086,-3483.7353186642426,0.3077764499303157,8.831352770409076e-05,43.0,0,{},14,expanding,40,1965:Q3,,2,0.02
joint_indicator_revision_dfm_full_kalman_em,pseudo,2022:Q4:pre_second:pseudo,2023-02-28,pre_second,DELTA_TS,DELTA_TS,2022:Q4,0.0047070340696482305,0.14058200506045082,0.37494266903148116,model_implied_state_space,-0.10169999999999968,0.10640703406964791,True,True,48,-3456.0510497666232,-5516.741131689727,-3456.0510497666232,0.3027090403229522,8.755512494255439e-05,48.0,0,{},14,expanding,40,1965:Q3,,2,0.02
midas_umidas,pseudo,2022:Q4:pre_second:pseudo,2023-02-28,pre_second,DELTA_TS,DELTA_TS,2022:Q4,0.6490708902637943,,,not_available,-0.10169999999999968,0.750770890263794,True,True,0,,,,,,,0,{},14,expanding,40,1965:Q3,,2,0.02
monthly_mixed_frequency_kalman_em,pseudo,2022:Q4:pre_second:pseudo,2023-02-28,pre_second,DELTA_TS,DELTA_TS,2022:Q4,0.045324876721245744,0.14359377662141526,0.37893769490697976,model_implied_state_space,-0.10169999999999968,0.14702487672124542,True,True,29,-6179.687711072526,-8231.917059015877,-6179.687711072526,0.5823295296677315,9.4208718571208e-05,29.0,0,{},14,expanding,40,1965:Q3,,2,0.02
no_revision,pseudo,2022:Q4:pre_second:pseudo,2023-02-28,pre_second,DELTA_TS,DELTA_TS,2022:Q4,0.0,,,not_available,-0.10169999999999968,0.10169999999999968,True,True,0,,,,,,,0,{},14,expanding,40,1965:Q3,,2,0.02
release_dfm,pseudo,2022:Q4:pre_second:pseudo,2023-02-28,pre_second,DELTA_TS,DELTA_TS,2022:Q4,0.051296437189578103,,,not_available,-0.10169999999999968,0.15299643718957778,True,True,0,,,,,,,0,{},14,expanding,40,1965:Q3,,2,0.02
revision_dfm_kalman_em,pseudo,2022:Q4:pre_second:pseudo,2023-02-28,pre_second,DELTA_TS,DELTA_TS,2022:Q4,0.009393315090933108,0.14193542044338292,0.3767431757091068,model_implied_state_space,-0.10169999999999968,0.11109331509093279,True,True,28,-1865.57304431764,-3412.3699771828155,-1865.57304431764,0.17320103734027725,9.278231456002814e-05,28.0,0,{},14,expanding,40,1965:Q3,,2,0.02
standard_dfm,pseudo,2022:Q4:pre_second:pseudo,2023-02-28,pre_second,DELTA_TS,DELTA_TS,2022:Q4,0.06411346083140312,,,not_available,-0.10169999999999968,0.1658134608314028,True,True,0,,,,,,,0,{},14,expanding,40,1965:Q3,,2,0.02
ar,exact,2022:Q4:pre_third:exact,2023-03-29,pre_third,DELTA_MT,DELTA_MT,2022:Q4,0.18579747220419573,,,not_available,0.21579999999999977,-0.030002527795804035,True,True,0,,,,,,,0,{},14,expanding,40,1965:Q3,,2,0.02
bridge,exact,2022:Q4:pre_third:exact,2023-03-29,pre_third,DELTA_MT,DELTA_MT,2022:Q4,2.2348426084531137,,,not_available,0.21579999999999977,2.019042608453114,True,True,0,,,,,,,0,{},14,expanding,40,1965:Q3,,2,0.02
indicator_revision_only_dfm_kalman_em,exact,2022:Q4:pre_third:exact,2023-03-29,pre_third,DELTA_MT,DELTA_MT,2022:Q4,0.0,4.196207844749456,2.0484647531137696,model_implied_state_space,0.21579999999999977,-0.21579999999999977,True,True,41,-3482.148489609807,-5510.701788871251,-3482.148489609807,0.31166727140225703,8.947060031290759e-05,41.0,0,{},14,expanding,40,1965:Q3,,2,0.02
joint_indicator_revision_dfm_full_kalman_em,exact,2022:Q4:pre_third:exact,2023-03-29,pre_third,DELTA_MT,DELTA_MT,2022:Q4,-0.0002158224256496588,4.19497137791678,2.048162927580904,model_implied_state_space,0.21579999999999977,-0.21601582242564943,True,True,42,-3454.71661989063,-5518.743286638303,-3454.71661989063,0.3238724030006779,9.371198159363497e-05,42.0,0,{},14,expanding,40,1965:Q3,,2,0.02
midas_umidas,exact,2022:Q4:pre_third:exact,2023-03-29,pre_third,DELTA_MT,DELTA_MT,2022:Q4,-6.971841401376296,,,not_available,0.21579999999999977,-7.187641401376296,True,True,0,,,,,,,0,{},14,expanding,40,1965:Q3,,2,0.02
monthly_mixed_frequency_kalman_em,exact,2022:Q4:pre_third:exact,2023-03-29,pre_third,DELTA_MT,DELTA_MT,2022:Q4,-0.007519630419612344,4.170978709714157,2.0422974097114643,model_implied_state_space,0.21579999999999977,-0.22331963041961211,True,True,29,-6200.89025699138,-8251.681124179155,-6200.89025699138,0.5808869802922345,9.365412056077234e-05,29.0,0,{},14,expanding,40,1965:Q3,,2,0.02
no_revision,exact,2022:Q4:pre_third:exact,2023-03-29,pre_third,DELTA_MT,DELTA_MT,2022:Q4,0.0,,,not_available,0.21579999999999977,-0.21579999999999977,True,True,0,,,,,,,0,{},14,expanding,40,1965:Q3,,2,0.02
release_dfm,exact,2022:Q4:pre_third:exact,2023-03-29,pre_third,DELTA_MT,DELTA_MT,2022:Q4,0.1451908950644416,,,not_available,0.21579999999999977,-0.07060910493555816,True,True,0,,,,,,,0,{},14,expanding,40,1965:Q3,,2,0.02
revision_dfm_kalman_em,exact,2022:Q4:pre_third:exact,2023-03-29,pre_third,DELTA_MT,DELTA_MT,2022:Q4,0.00189057376524282,4.1827225267455015,2.0451705373258,model_implied_state_space,0.21579999999999977,-0.21390942623475695,True,True,29,-1864.6151658504766,-3413.7802073376074,-1864.6151658504766,0.16628484927082354,8.912343361997712e-05,29.0,0,{},14,expanding,40,1965:Q3,,2,0.02
standard_dfm,exact,2022:Q4:pre_third:exact,2023-03-29,pre_third,DELTA_MT,DELTA_MT,2022:Q4,0.5657833877608207,,,not_available,0.21579999999999977,0.34998338776082094,True,True,0,,,,,,,0,{},14,expanding,40,1965:Q3,,2,0.02
ar,pseudo,2022:Q4:pre_third:pseudo,2023-03-31,pre_third,DELTA_MT,DELTA_MT,2022:Q4,0.18579747220419573,,,not_available,0.21579999999999977,-0.030002527795804035,True,True,0,,,,,,,0,{},14,expanding,40,1965:Q3,,2,0.02
bridge,pseudo,2022:Q4:pre_third:pseudo,2023-03-31,pre_third,DELTA_MT,DELTA_MT,2022:Q4,2.210800184512409,,,not_available,0.21579999999999977,1.995000184512409,True,True,0,,,,,,,0,{},14,expanding,40,1965:Q3,,2,0.02
indicator_revision_only_dfm_kalman_em,pseudo,2022:Q4:pre_third:pseudo,2023-03-31,pre_third,DELTA_MT,DELTA_MT,2022:Q4,0.0,4.196207710634865,2.0484647203783775,model_implied_state_space,0.21579999999999977,-0.21579999999999977,True,True,41,-3482.149573502679,-5510.707074986563,-3482.149573502679,0.31108844775098987,8.930442394512584e-05,41.0,0,{},14,expanding,40,1965:Q3,,2,0.02
joint_indicator_revision_dfm_full_kalman_em,pseudo,2022:Q4:pre_third:pseudo,2023-03-31,pre_third,DELTA_MT,DELTA_MT,2022:Q4,-0.00021618807275558538,4.194974642174083,2.0481637244551725,model_implied_state_space,0.21579999999999977,-0.21601618807275536,True,True,42,-3454.7165273714004,-5518.7485927585,-3454.7165273714004,0.32308371422141136,9.348379954474055e-05,42.0,0,{},14,expanding,40,1965:Q3,,2,0.02
midas_umidas,pseudo,2022:Q4:pre_third:pseudo,2023-03-31,pre_third,DELTA_MT,DELTA_MT,2022:Q4,-6.87314636531337,,,not_available,0.21579999999999977,-7.08894636531337,True,True,0,,,,,,,0,{},14,expanding,40,1965:Q3,,2,0.02
monthly_mixed_frequency_kalman_em,pseudo,2022:Q4:pre_third:pseudo,2023-03-31,pre_third,DELTA_MT,DELTA_MT,2022:Q4,-0.007538631614735447,4.170979822171106,2.042297682065743,model_implied_state_space,0.21579999999999977,-0.22333863161473522,True,True,29,-6202.162562062283,-8253.039445087585,-6202.162562062283,0.580959924115632,9.364667028169025e-05,29.0,0,{},14,expanding,40,1965:Q3,,2,0.02
no_revision,pseudo,2022:Q4:pre_third:pseudo,2023-03-31,pre_third,DELTA_MT,DELTA_MT,2022:Q4,0.0,,,not_available,0.21579999999999977,-0.21579999999999977,True,True,0,,,,,,,0,{},14,expanding,40,1965:Q3,,2,0.02
release_dfm,pseudo,2022:Q4:pre_third:pseudo,2023-03-31,pre_third,DELTA_MT,DELTA_MT,2022:Q4,0.14715210987168081,,,not_available,0.21579999999999977,-0.06864789012831896,True,True,0,,,,,,,0,{},14,expanding,40,1965:Q3,,2,0.02
revision_dfm_kalman_em,pseudo,2022:Q4:pre_third:pseudo,2023-03-31,pre_third,DELTA_MT,DELTA_MT,2022:Q4,0.0018869068425191315,4.182722758486972,2.045170593981581,model_implied_state_space,0.21579999999999977,-0.21391309315748064,True,True,29,-1864.6269733287445,-3413.782937333558,-1864.6269733287445,0.1662933209984203,8.912740975693414e-05,29.0,0,{},14,expanding,40,1965:Q3,,2,0.02
standard_dfm,pseudo,2022:Q4:pre_third:pseudo,2023-03-31,pre_third,DELTA_MT,DELTA_MT,2022:Q4,0.5618975759206966,,,not_available,0.21579999999999977,0.3460975759206968,True,True,0,,,,,,,0,{},14,expanding,40,1965:Q3,,2,0.02
ar,exact,2023:Q1:pre_advance:exact,2023-04-26,pre_advance,DELTA_SA,DELTA_SA,2023:Q1,0.08085476933679514,,,not_available,0.20989999999999998,-0.12904523066320484,True,True,0,,,,,,,0,{},14,expanding,40,1965:Q3,,2,0.02
bridge,exact,2023:Q1:pre_advance:exact,2023-04-26,pre_advance,DELTA_SA,DELTA_SA,2023:Q1,0.09188707340450097,,,not_available,0.20989999999999998,-0.118012926595499,True,True,0,,,,,,,0,{},14,expanding,40,1965:Q3,,2,0.02
indicator_revision_only_dfm_kalman_em,exact,2023:Q1:pre_advance:exact,2023-04-26,pre_advance,DELTA_SA,DELTA_SA,2023:Q1,0.0,0.411927146982876,0.6418155085247442,model_implied_state_space,0.20989999999999998,-0.20989999999999998,True,False,50,-3555.1016283542185,-5548.508109526901,-3555.1016283542185,1.502678742255739,0.00042238501321192315,51.0,0,{},14,expanding,40,1965:Q3,,2,0.02
joint_indicator_revision_dfm_full_kalman_em,exact,2023:Q1:pre_advance:exact,2023-04-26,pre_advance,DELTA_SA,DELTA_SA,2023:Q1,-0.22477375965685154,0.37156635083995315,0.6095624257120457,model_implied_state_space,0.20989999999999998,-0.4346737596568515,True,True,45,-3534.03621904242,-5556.713541448989,-3534.03621904242,0.3115081008463676,8.811243614162995e-05,45.0,0,{},14,expanding,40,1965:Q3,,2,0.02
midas_umidas,exact,2023:Q1:pre_advance:exact,2023-04-26,pre_advance,DELTA_SA,DELTA_SA,2023:Q1,1.0837724166581584,,,not_available,0.20989999999999998,0.8738724166581584,True,True,0,,,,,,,0,{},14,expanding,40,1965:Q3,,2,0.02
monthly_mixed_frequency_kalman_em,exact,2023:Q1:pre_advance:exact,2023-04-26,pre_advance,DELTA_SA,DELTA_SA,2023:Q1,0.1175064002511943,0.3715232630258569,0.6095270814540211,model_implied_state_space,0.20989999999999998,-0.09239359974880568,True,True,29,-6224.024916770509,-8302.954274077316,-6224.024916770509,0.6151875697478317,9.88151514442585e-05,29.0,0,{},14,expanding,40,1965:Q3,,2,0.02
no_revision,exact,2023:Q1:pre_advance:exact,2023-04-26,pre_advance,DELTA_SA,DELTA_SA,2023:Q1,0.0,,,not_available,0.20989999999999998,-0.20989999999999998,True,True,0,,,,,,,0,{},14,expanding,40,1965:Q3,,2,0.02
release_dfm,exact,2023:Q1:pre_advance:exact,2023-04-26,pre_advance,DELTA_SA,DELTA_SA,2023:Q1,0.09583988950882683,,,not_available,0.20989999999999998,-0.11406011049117315,True,True,0,,,,,,,0,{},14,expanding,40,1965:Q3,,2,0.02
revision_dfm_kalman_em,exact,2023:Q1:pre_advance:exact,2023-04-26,pre_advance,DELTA_SA,DELTA_SA,2023:Q1,0.039360662081139974,0.39343464536434514,0.6272436889792875,model_implied_state_space,0.20989999999999998,-0.17053933791886,True,True,28,-1878.5561025846337,-3434.232090323937,-1878.5561025846337,0.18441038709397617,9.810417226281796e-05,28.0,0,{},14,expanding,40,1965:Q3,,2,0.02
standard_dfm,exact,2023:Q1:pre_advance:exact,2023-04-26,pre_advance,DELTA_SA,DELTA_SA,2023:Q1,0.09583988950882683,,,not_available,0.20989999999999998,-0.11406011049117315,True,True,0,,,,,,,0,{},14,expanding,40,1965:Q3,,2,0.02
ar,pseudo,2023:Q1:pre_advance:pseudo,2023-04-30,pre_advance,DELTA_SA,DELTA_SA,2023:Q1,0.08085476933679514,,,not_available,0.20989999999999998,-0.12904523066320484,True,True,0,,,,,,,0,{},14,expanding,40,1965:Q3,,2,0.02
bridge,pseudo,2023:Q1:pre_advance:pseudo,2023-04-30,pre_advance,DELTA_SA,DELTA_SA,2023:Q1,0.09120156070385876,,,not_available,0.20989999999999998,-0.11869843929614121,True,True,0,,,,,,,0,{},14,expanding,40,1965:Q3,,2,0.02
indicator_revision_only_dfm_kalman_em,pseudo,2023:Q1:pre_advance:pseudo,2023-04-30,pre_advance,DELTA_SA,DELTA_SA,2023:Q1,0.0,0.4119272429049383,0.6418155832518702,model_implied_state_space,0.20989999999999998,-0.20989999999999998,True,False,50,-3555.1000941777447,-5548.504711645436,-3555.1000941777447,1.5026747727874863,0.00042238408006151985,51.0,0,{},14,expanding,40,1965:Q3,,2,0.02
joint_indicator_revision_dfm_full_kalman_em,pseudo,2023:Q1:pre_advance:pseudo,2023-04-30,pre_advance,DELTA_SA,DELTA_SA,2023:Q1,-0.22457926418610796,0.3715665739919647,0.609562608754806,model_implied_state_space,0.20989999999999998,-0.43447926418610794,True,True,45,-3534.029230862635,-5556.710141618322,-3534.029230862635,0.3101622963040427,8.773197190182716e-05,45.0,0,{},14,expanding,40,1965:Q3,,2,0.02
midas_umidas,pseudo,2023:Q1:pre_advance:pseudo,2023-04-30,pre_advance,DELTA_SA,DELTA_SA,2023:Q1,1.1390231982228016,,,not_available,0.20989999999999998,0.9291231982228016,True,True,0,,,,,,,0,{},14,expanding,40,1965:Q3,,2,0.02
monthly_mixed_frequency_kalman_em,pseudo,2023:Q1:pre_advance:pseudo,2023-04-30,pre_advance,DELTA_SA,DELTA_SA,2023:Q1,0.11751552716695657,0.3715214887919043,0.609525626033807,model_implied_state_space,0.20989999999999998,-0.09238447283304341,True,True,29,-6225.368100667333,-8304.312968336428,-6225.368100667333,0.6153657087306783,9.882244140416909e-05,29.0,0,{},14,expanding,40,1965:Q3,,2,0.02
no_revision,pseudo,2023:Q1:pre_advance:pseudo,2023-04-30,pre_advance,DELTA_SA,DELTA_SA,2023:Q1,0.0,,,not_available,0.20989999999999998,-0.20989999999999998,True,True,0,,,,,,,0,{},14,expanding,40,1965:Q3,,2,0.02
release_dfm,pseudo,2023:Q1:pre_advance:pseudo,2023-04-30,pre_advance,DELTA_SA,DELTA_SA,2023:Q1,0.09584182832387045,,,not_available,0.20989999999999998,-0.11405817167612953,True,True,0,,,,,,,0,{},14,expanding,40,1965:Q3,,2,0.02
revision_dfm_kalman_em,pseudo,2023:Q1:pre_advance:pseudo,2023-04-30,pre_advance,DELTA_SA,DELTA_SA,2023:Q1,0.039366912451944014,0.3934348476728493,0.6272438502471342,model_implied_state_space,0.20989999999999998,-0.17053308754805596,True,True,28,-1878.5551138430662,-3434.2312271344963,-1878.5551138430662,0.184415174512651,9.810677046783878e-05,28.0,0,{},14,expanding,40,1965:Q3,,2,0.02
standard_dfm,pseudo,2023:Q1:pre_advance:pseudo,2023-04-30,pre_advance,DELTA_SA,DELTA_SA,2023:Q1,0.09584182832387045,,,not_available,0.20989999999999998,-0.11405817167612953,True,True,0,,,,,,,0,{},14,expanding,40,1965:Q3,,2,0.02
ar,exact,2023:Q1:pre_second:exact,2023-05-24,pre_second,DELTA_TS,DELTA_TS,2023:Q1,0.060334311689323794,,,not_available,0.7302,-0.6698656883106762,True,True,0,,,,,,,0,{},14,expanding,40,1965:Q3,,2,0.02
bridge,exact,2023:Q1:pre_second:exact,2023-05-24,pre_second,DELTA_TS,DELTA_TS,2023:Q1,0.10628476839374001,,,not_available,0.7302,-0.62391523160626,True,True,0,,,,,,,0,{},14,expanding,40,1965:Q3,,2,0.02
indicator_revision_only_dfm_kalman_em,exact,2023:Q1:pre_second:exact,2023-05-24,pre_second,DELTA_TS,DELTA_TS,2023:Q1,0.0,0.14267870873024813,0.37772835309286507,model_implied_state_space,0.7302,-0.7302,True,False,50,-3553.51175603772,-5548.093167948677,-3553.51175603772,1.634200257019529,0.000459542515156564,51.0,0,{},14,expanding,40,1965:Q3,,2,0.02
joint_indicator_revision_dfm_full_kalman_em,exact,2023:Q1:pre_second:exact,2023-05-24,pre_second,DELTA_TS,DELTA_TS,2023:Q1,-0.011768545196209068,0.14007626713647126,0.37426764104911775,model_implied_state_space,0.7302,-0.741968545196209,True,True,49,-3530.803167345175,-5556.374870143406,-3530.803167345175,0.3178134090057938,8.997806438043752e-05,49.0,0,{},14,expanding,40,1965:Q3,,2,0.02
midas_umidas,exact,2023:Q1:pre_second:exact,2023-05-24,pre_second,DELTA_TS,DELTA_TS,2023:Q1,-0.22923290721575462,,,not_available,0.7302,-0.9594329072157546,True,True,0,,,,,,,0,{},14,expanding,40,1965:Q3,,2,0.02
monthly_mixed_frequency_kalman_em,exact,2023:Q1:pre_second:exact,2023-05-24,pre_second,DELTA_TS,DELTA_TS,2023:Q1,0.06619412396256474,0.14469364345064128,0.3803861767344356,model_implied_state_space,0.7302,-0.6640058760374352,True,True,29,-6237.524323283352,-8320.166253338773,-6237.524323283352,0.6144393485037654,9.848143660208904e-05,29.0,0,{},14,expanding,40,1965:Q3,,2,0.02
no_revision,exact,2023:Q1:pre_second:exact,2023-05-24,pre_second,DELTA_TS,DELTA_TS,2023:Q1,0.0,,,not_available,0.7302,-0.7302,True,True,0,,,,,,,0,{},14,expanding,40,1965:Q3,,2,0.02
release_dfm,exact,2023:Q1:pre_second:exact,2023-05-24,pre_second,DELTA_TS,DELTA_TS,2023:Q1,0.04371471795400317,,,not_available,0.7302,-0.6864852820459968,True,True,0,,,,,,,0,{},14,expanding,40,1965:Q3,,2,0.02
revision_dfm_kalman_em,exact,2023:Q1:pre_second:exact,2023-05-24,pre_second,DELTA_TS,DELTA_TS,2023:Q1,-0.0015449096419468678,0.14194247659717907,0.37675254026639166,model_implied_state_space,0.7302,-0.7317449096419468,True,True,25,-1876.211656812307,-3453.961432950696,-1876.211656812307,0.17147697449445332,9.133829499606365e-05,25.0,0,{},14,expanding,40,1965:Q3,,2,0.02
standard_dfm,exact,2023:Q1:pre_second:exact,2023-05-24,pre_second,DELTA_TS,DELTA_TS,2023:Q1,0.06327677672515497,,,not_available,0.7302,-0.666923223274845,True,True,0,,,,,,,0,{},14,expanding,40,1965:Q3,,2,0.02
ar,pseudo,2023:Q1:pre_second:pseudo,2023-05-31,pre_second,DELTA_TS,DELTA_TS,2023:Q1,0.060334311689323794,,,not_available,0.7302,-0.6698656883106762,True,True,0,,,,,,,0,{},14,expanding,40,1965:Q3,,2,0.02
bridge,pseudo,2023:Q1:pre_second:pseudo,2023-05-31,pre_second,DELTA_TS,DELTA_TS,2023:Q1,0.09062261310107678,,,not_available,0.7302,-0.6395773868989232,True,True,0,,,,,,,0,{},14,expanding,40,1965:Q3,,2,0.02
indicator_revision_only_dfm_kalman_em,pseudo,2023:Q1:pre_second:pseudo,2023-05-31,pre_second,DELTA_TS,DELTA_TS,2023:Q1,0.0,0.1426798895817475,0.3777299161858212,model_implied_state_space,0.7302,-0.7302,True,False,50,-3553.9971945054886,-5548.133900332908,-3553.9971945054886,1.6836634859973856,0.0004733805346111872,51.0,0,{},14,expanding,40,1965:Q3,,2,0.02
joint_indicator_revision_dfm_full_kalman_em,pseudo,2023:Q1:pre_second:pseudo,2023-05-31,pre_second,DELTA_TS,DELTA_TS,2023:Q1,-0.011905544564880799,0.14005493603578145,0.37423914284289056,model_implied_state_space,0.7302,-0.7421055445648808,True,True,50,-3530.7756576954403,-5556.416046963135,-3530.7756576954403,0.31715009046274645,8.979098447346643e-05,50.0,0,{},14,expanding,40,1965:Q3,,2,0.02
midas_umidas,pseudo,2023:Q1:pre_second:pseudo,2023-05-31,pre_second,DELTA_TS,DELTA_TS,2023:Q1,-0.2459288014052703,,,not_available,0.7302,-0.9761288014052703,True,True,0,,,,,,,0,{},14,expanding,40,1965:Q3,,2,0.02
monthly_mixed_frequency_kalman_em,pseudo,2023:Q1:pre_second:pseudo,2023-05-31,pre_second,DELTA_TS,DELTA_TS,2023:Q1,0.06619105301100392,0.14469256692651644,0.38038476169073393,model_implied_state_space,0.7302,-0.664008946988996,True,True,29,-6239.782735870956,-8322.810894062517,-6239.782735870956,0.613382612688838,9.827650753848645e-05,29.0,0,{},14,expanding,40,1965:Q3,,2,0.02
no_revision,pseudo,2023:Q1:pre_second:pseudo,2023-05-31,pre_second,DELTA_TS,DELTA_TS,2023:Q1,0.0,,,not_available,0.7302,-0.7302,True,True,0,,,,,,,0,{},14,expanding,40,1965:Q3,,2,0.02
release_dfm,pseudo,2023:Q1:pre_second:pseudo,2023-05-31,pre_second,DELTA_TS,DELTA_TS,2023:Q1,0.0438330668452771,,,not_available,0.7302,-0.6863669331547229,True,True,0,,,,,,,0,{},14,expanding,40,1965:Q3,,2,0.02
revision_dfm_kalman_em,pseudo,2023:Q1:pre_second:pseudo,2023-05-31,pre_second,DELTA_TS,DELTA_TS,2023:Q1,-0.0016582531024280645,0.14194333996805653,0.3767536860709614,model_implied_state_space,0.7302,-0.731858253102428,True,True,25,-1876.0878056280424,-3453.953046010307,-1876.0878056280424,0.1713966111396985,9.130151602680002e-05,25.0,0,{},14,expanding,40,1965:Q3,,2,0.02
standard_dfm,pseudo,2023:Q1:pre_second:pseudo,2023-05-31,pre_second,DELTA_TS,DELTA_TS,2023:Q1,0.06307853719370549,,,not_available,0.7302,-0.6671214628062945,True,True,0,,,,,,,0,{},14,expanding,40,1965:Q3,,2,0.02
ar,exact,2023:Q1:pre_third:exact,2023-06-28,pre_third,DELTA_MT,DELTA_MT,2023:Q1,-2.3142388313830553,,,not_available,0.9250000000000003,-3.2392388313830556,True,True,0,,,,,,,0,{},14,expanding,40,1965:Q3,,2,0.02
bridge,exact,2023:Q1:pre_third:exact,2023-06-28,pre_third,DELTA_MT,DELTA_MT,2023:Q1,0.6424857130268693,,,not_available,0.9250000000000003,-0.28251428697313097,True,True,0,,,,,,,0,{},14,expanding,40,1965:Q3,,2,0.02
indicator_revision_only_dfm_kalman_em,exact,2023:Q1:pre_third:exact,2023-06-28,pre_third,DELTA_MT,DELTA_MT,2023:Q1,0.0,4.183980304861068,2.045478013780903,model_implied_state_space,0.9250000000000003,-0.9250000000000003,True,False,50,-3552.146159744715,-5548.88959599352,-3552.146159744715,1.5828929297517789,0.00044529214640448046,51.0,0,{},14,expanding,40,1965:Q3,,2,0.02
joint_indicator_revision_dfm_full_kalman_em,exact,2023:Q1:pre_third:exact,2023-06-28,pre_third,DELTA_MT,DELTA_MT,2023:Q1,-0.002588456986089005,4.184030258433874,2.0454902244777102,model_implied_state_space,0.9250000000000003,-0.9275884569860893,True,True,48,-3530.2867986652336,-5557.1464880603235,-3530.2867986652336,0.28960711552781504,8.20050544719246e-05,48.0,0,{},14,expanding,40,1965:Q3,,2,0.02
midas_umidas,exact,2023:Q1:pre_third:exact,2023-06-28,pre_third,DELTA_MT,DELTA_MT,2023:Q1,6.659354775908895,,,not_available,0.9250000000000003,5.734354775908894,True,True,0,,,,,,,0,{},14,expanding,40,1965:Q3,,2,0.02
monthly_mixed_frequency_kalman_em,exact,2023:Q1:pre_third:exact,2023-06-28,pre_third,DELTA_MT,DELTA_MT,2023:Q1,0.04477396477131368,4.151702988942597,2.0375728180711965,model_implied_state_space,0.9250000000000003,-0.8802260352286866,True,True,28,-6249.628086044323,-8312.439671527021,-6249.628086044323,0.6250941354346651,9.999501178685107e-05,28.0,0,{},14,expanding,40,1965:Q3,,2,0.02
no_revision,exact,2023:Q1:pre_third:exact,2023-06-28,pre_third,DELTA_MT,DELTA_MT,2023:Q1,0.0,,,not_available,0.9250000000000003,-0.9250000000000003,True,True,0,,,,,,,0,{},14,expanding,40,1965:Q3,,2,0.02
release_dfm,exact,2023:Q1:pre_third:exact,2023-06-28,pre_third,DELTA_MT,DELTA_MT,2023:Q1,0.36323293679098634,,,not_available,0.9250000000000003,-0.5617670632090139,True,True,0,,,,,,,0,{},14,expanding,40,1965:Q3,,2,0.02
revision_dfm_kalman_em,exact,2023:Q1:pre_third:exact,2023-06-28,pre_third,DELTA_MT,DELTA_MT,2023:Q1,0.0013077488151469474,4.154505126827219,2.03826031870986,model_implied_state_space,0.9250000000000003,-0.9236922511848533,True,True,25,-1875.653442383428,-3455.2249124501923,-1875.653442383428,0.17190315104494402,9.159251363157092e-05,25.0,0,{},14,expanding,40,1965:Q3,,2,0.02
standard_dfm,exact,2023:Q1:pre_third:exact,2023-06-28,pre_third,DELTA_MT,DELTA_MT,2023:Q1,0.5549418207923316,,,not_available,0.9250000000000003,-0.3700581792076687,True,True,0,,,,,,,0,{},14,expanding,40,1965:Q3,,2,0.02
ar,pseudo,2023:Q1:pre_third:pseudo,2023-06-30,pre_third,DELTA_MT,DELTA_MT,2023:Q1,-2.3142388313830553,,,not_available,0.9250000000000003,-3.2392388313830556,True,True,0,,,,,,,0,{},14,expanding,40,1965:Q3,,2,0.02
bridge,pseudo,2023:Q1:pre_third:pseudo,2023-06-30,pre_third,DELTA_MT,DELTA_MT,2023:Q1,0.5683660023551149,,,not_available,0.9250000000000003,-0.35663399764488535,True,True,0,,,,,,,0,{},14,expanding,40,1965:Q3,,2,0.02
indicator_revision_only_dfm_kalman_em,pseudo,2023:Q1:pre_third:pseudo,2023-06-30,pre_third,DELTA_MT,DELTA_MT,2023:Q1,0.0,4.183979810330238,2.0454778928969723,model_implied_state_space,0.9250000000000003,-0.9250000000000003,True,False,50,-3552.068685462382,-5548.871249230007,-3552.068685462382,1.5790532420160162,0.00044422214466504386,51.0,0,{},14,expanding,40,1965:Q3,,2,0.02
joint_indicator_revision_dfm_full_kalman_em,pseudo,2023:Q1:pre_third:pseudo,2023-06-30,pre_third,DELTA_MT,DELTA_MT,2023:Q1,-0.002571494273599484,4.184020309597385,2.045487792580876,model_implied_state_space,0.9250000000000003,-0.9275714942735998,True,True,48,-3530.2202022994356,-5557.1280445521825,-3530.2202022994356,0.28148063102116794,7.970564827470052e-05,48.0,0,{},14,expanding,40,1965:Q3,,2,0.02
midas_umidas,pseudo,2023:Q1:pre_third:pseudo,2023-06-30,pre_third,DELTA_MT,DELTA_MT,2023:Q1,6.6753451764031,,,not_available,0.9250000000000003,5.7503451764030995,True,True,0,,,,,,,0,{},14,expanding,40,1965:Q3,,2,0.02
monthly_mixed_frequency_kalman_em,pseudo,2023:Q1:pre_third:pseudo,2023-06-30,pre_third,DELTA_MT,DELTA_MT,2023:Q1,0.04362988191018413,4.151796487870174,2.0375957616441425,model_implied_state_space,0.9250000000000003,-0.8813701180898161,True,True,29,-6250.502758745002,-8313.780406769349,-6250.502758745002,0.5686461454006349,9.095323910661623e-05,29.0,0,{},14,expanding,40,1965:Q3,,2,0.02
no_revision,pseudo,2023:Q1:pre_third:pseudo,2023-06-30,pre_third,DELTA_MT,DELTA_MT,2023:Q1,0.0,,,not_available,0.9250000000000003,-0.9250000000000003,True,True,0,,,,,,,0,{},14,expanding,40,1965:Q3,,2,0.02
release_dfm,pseudo,2023:Q1:pre_third:pseudo,2023-06-30,pre_third,DELTA_MT,DELTA_MT,2023:Q1,0.37064239565788637,,,not_available,0.9250000000000003,-0.5543576043421139,True,True,0,,,,,,,0,{},14,expanding,40,1965:Q3,,2,0.02
revision_dfm_kalman_em,pseudo,2023:Q1:pre_third:pseudo,2023-06-30,pre_third,DELTA_MT,DELTA_MT,2023:Q1,0.001294424292050289,4.15450444383707,2.038260151167429,model_implied_state_space,0.9250000000000003,-0.92370557570795,True,True,25,-1875.6483230873798,-3455.2218810001878,-1875.6483230873798,0.1719155587793466,9.15993738981404e-05,25.0,0,{},14,expanding,40,1965:Q3,,2,0.02
standard_dfm,pseudo,2023:Q1:pre_third:pseudo,2023-06-30,pre_third,DELTA_MT,DELTA_MT,2023:Q1,0.5415657425799905,,,not_available,0.9250000000000003,-0.3834342574200098,True,True,0,,,,,,,0,{},14,expanding,40,1965:Q3,,2,0.02
ar,exact,2023:Q2:pre_advance:exact,2023-07-26,pre_advance,DELTA_SA,DELTA_SA,2023:Q2,0.07868614886831926,,,not_available,-0.3529,0.43158614886831925,True,True,0,,,,,,,0,{},14,expanding,40,1965:Q3,,2,0.02
bridge,exact,2023:Q2:pre_advance:exact,2023-07-26,pre_advance,DELTA_SA,DELTA_SA,2023:Q2,0.27884878288106485,,,not_available,-0.3529,0.6317487828810648,True,True,0,,,,,,,0,{},14,expanding,40,1965:Q3,,2,0.02
indicator_revision_only_dfm_kalman_em,exact,2023:Q2:pre_advance:exact,2023-07-26,pre_advance,DELTA_SA,DELTA_SA,2023:Q2,0.0,0.4107511822990064,0.6408987301430753,model_implied_state_space,-0.3529,0.3529,True,False,50,-3553.4080005495384,-5589.7302110197925,-3553.4080005495384,4.605836984526377,0.0012941329241129404,51.0,0,{},14,expanding,40,1965:Q3,,2,0.02
joint_indicator_revision_dfm_full_kalman_em,exact,2023:Q2:pre_advance:exact,2023-07-26,pre_advance,DELTA_SA,DELTA_SA,2023:Q2,0.4529328883298094,0.3704698032534912,0.6086623064175168,model_implied_state_space,-0.3529,0.8058328883298094,True,True,41,-3539.811296842211,-5599.200986734853,-3539.811296842211,0.3278397187077644,9.258029861717198e-05,41.0,0,{},14,expanding,40,1965:Q3,,2,0.02
midas_umidas,exact,2023:Q2:pre_advance:exact,2023-07-26,pre_advance,DELTA_SA,DELTA_SA,2023:Q2,1.5741506288232605,,,not_available,-0.3529,1.9270506288232605,True,True,0,,,,,,,0,{},14,expanding,40,1965:Q3,,2,0.02
monthly_mixed_frequency_kalman_em,exact,2023:Q2:pre_advance:exact,2023-07-26,pre_advance,DELTA_SA,DELTA_SA,2023:Q2,0.11801734518567475,0.36919749417297254,0.6076162392275016,model_implied_state_space,-0.3529,0.47091734518567474,True,True,28,-6242.887466637736,-8336.377463423803,-6242.887466637736,0.5975367835417273,9.569032245482921e-05,28.0,0,{},14,expanding,40,1965:Q3,,2,0.02
no_revision,exact,2023:Q2:pre_advance:exact,2023-07-26,pre_advance,DELTA_SA,DELTA_SA,2023:Q2,0.0,,,not_available,-0.3529,0.3529,True,True,0,,,,,,,0,{},14,expanding,40,1965:Q3,,2,0.02
release_dfm,exact,2023:Q2:pre_advance:exact,2023-07-26,pre_advance,DELTA_SA,DELTA_SA,2023:Q2,0.09672054327075985,,,not_available,-0.3529,0.44962054327075984,True,True,0,,,,,,,0,{},14,expanding,40,1965:Q3,,2,0.02
revision_dfm_kalman_em,exact,2023:Q2:pre_advance:exact,2023-07-26,pre_advance,DELTA_SA,DELTA_SA,2023:Q2,0.14329659124383465,0.3909416190555346,0.6252532439384338,model_implied_state_space,-0.3529,0.49619659124383464,True,True,30,-1867.718810827537,-3460.5919192427773,-1867.718810827537,0.16415128509424903,8.783390315072934e-05,30.0,0,{},14,expanding,40,1965:Q3,,2,0.02
standard_dfm,exact,2023:Q2:pre_advance:exact,2023-07-26,pre_advance,DELTA_SA,DELTA_SA,2023:Q2,0.09672054327075985,,,not_available,-0.3529,0.44962054327075984,True,True,0,,,,,,,0,{},14,expanding,40,1965:Q3,,2,0.02
ar,pseudo,2023:Q2:pre_advance:pseudo,2023-07-31,pre_advance,DELTA_SA,DELTA_SA,2023:Q2,0.07868614886831926,,,not_available,-0.3529,0.43158614886831925,True,True,0,,,,,,,0,{},14,expanding,40,1965:Q3,,2,0.02
bridge,pseudo,2023:Q2:pre_advance:pseudo,2023-07-31,pre_advance,DELTA_SA,DELTA_SA,2023:Q2,0.3007966564224216,,,not_available,-0.3529,0.6536966564224216,True,True,0,,,,,,,0,{},14,expanding,40,1965:Q3,,2,0.02
indicator_revision_only_dfm_kalman_em,pseudo,2023:Q2:pre_advance:pseudo,2023-07-31,pre_advance,DELTA_SA,DELTA_SA,2023:Q2,0.0,0.41126385207108296,0.6412985670271554,model_implied_state_space,-0.3529,0.3529,True,True,45,-3520.618443359916,-5590.046696724229,-3520.618443359916,0.34005955912834906,9.655410728050979e-05,45.0,0,{},14,expanding,40,1965:Q3,,2,0.02
joint_indicator_revision_dfm_full_kalman_em,pseudo,2023:Q2:pre_advance:pseudo,2023-07-31,pre_advance,DELTA_SA,DELTA_SA,2023:Q2,0.46996897141073024,0.3613021837865551,0.6010841736284155,model_implied_state_space,-0.3529,0.8228689714107302,True,True,49,-3492.9788747117545,-5599.517399190901,-3492.9788747117545,0.3398484384833864,9.725742423890927e-05,49.0,0,{},14,expanding,40,1965:Q3,,2,0.02
midas_umidas,pseudo,2023:Q2:pre_advance:pseudo,2023-07-31,pre_advance,DELTA_SA,DELTA_SA,2023:Q2,1.5415163911934835,,,not_available,-0.3529,1.8944163911934835,True,True,0,,,,,,,0,{},14,expanding,40,1965:Q3,,2,0.02
monthly_mixed_frequency_kalman_em,pseudo,2023:Q2:pre_advance:pseudo,2023-07-31,pre_advance,DELTA_SA,DELTA_SA,2023:Q2,0.11872414075579218,0.36920389474786397,0.6076215061597672,model_implied_state_space,-0.3529,0.4716241407557922,True,True,28,-6246.26129212147,-8339.204677727917,-6246.26129212147,0.5993356197122921,9.592653476474436e-05,28.0,0,{},14,expanding,40,1965:Q3,,2,0.02
no_revision,pseudo,2023:Q2:pre_advance:pseudo,2023-07-31,pre_advance,DELTA_SA,DELTA_SA,2023:Q2,0.0,,,not_available,-0.3529,0.3529,True,True,0,,,,,,,0,{},14,expanding,40,1965:Q3,,2,0.02
release_dfm,pseudo,2023:Q2:pre_advance:pseudo,2023-07-31,pre_advance,DELTA_SA,DELTA_SA,2023:Q2,0.0967589701553293,,,not_available,-0.3529,0.4496589701553293,True,True,0,,,,,,,0,{},14,expanding,40,1965:Q3,,2,0.02
revision_dfm_kalman_em,pseudo,2023:Q2:pre_advance:pseudo,2023-07-31,pre_advance,DELTA_SA,DELTA_SA,2023:Q2,0.1436853910085376,0.3909909102679947,0.6252926596946383,model_implied_state_space,-0.3529,0.4965853910085376,True,True,30,-1868.3429578836137,-3460.707672315026,-1868.3429578836137,0.16493592928964063,8.822424865682171e-05,30.0,0,{},14,expanding,40,1965:Q3,,2,0.02
standard_dfm,pseudo,2023:Q2:pre_advance:pseudo,2023-07-31,pre_advance,DELTA_SA,DELTA_SA,2023:Q2,0.0967589701553293,,,not_available,-0.3529,0.4496589701553293,True,True,0,,,,,,,0,{},14,expanding,40,1965:Q3,,2,0.02
ar,exact,2023:Q2:pre_second:exact,2023-08-29,pre_second,DELTA_TS,DELTA_TS,2023:Q2,0.1087417862766018,,,not_available,0.0009000000000001229,0.10784178627660168,True,True,0,,,,,,,0,{},14,expanding,40,1965:Q3,,2,0.02
bridge,exact,2023:Q2:pre_second:exact,2023-08-29,pre_second,DELTA_TS,DELTA_TS,2023:Q2,0.1858629228869979,,,not_available,0.0009000000000001229,0.18496292288699778,True,True,0,,,,,,,0,{},14,expanding,40,1965:Q3,,2,0.02
indicator_revision_only_dfm_kalman_em,exact,2023:Q2:pre_second:exact,2023-08-29,pre_second,DELTA_TS,DELTA_TS,2023:Q2,0.0,0.14456092419345457,0.38021168339946443,model_implied_state_space,0.0009000000000001229,-0.0009000000000001229,True,True,48,-3520.912642006491,-5591.296828641755,-3520.912642006491,0.2988648910995835,8.485148904723996e-05,48.0,0,{},14,expanding,40,1965:Q3,,2,0.02
joint_indicator_revision_dfm_full_kalman_em,exact,2023:Q2:pre_second:exact,2023-08-29,pre_second,DELTA_TS,DELTA_TS,2023:Q2,0.01387180078952932,0.1416123372330257,0.37631414700091426,model_implied_state_space,0.0009000000000001229,0.012971800789529198,True,False,50,-3494.272797177969,-5600.850893622828,-3494.272797177969,0.5706356827718082,0.00016323262003322672,51.0,0,{},14,expanding,40,1965:Q3,,2,0.02
midas_umidas,exact,2023:Q2:pre_second:exact,2023-08-29,pre_second,DELTA_TS,DELTA_TS,2023:Q2,0.39898617216135746,,,not_available,0.0009000000000001229,0.39808617216135733,True,True,0,,,,,,,0,{},14,expanding,40,1965:Q3,,2,0.02
monthly_mixed_frequency_kalman_em,exact,2023:Q2:pre_second:exact,2023-08-29,pre_second,DELTA_TS,DELTA_TS,2023:Q2,0.04020581504320875,0.14614327297858143,0.3822868987796749,model_implied_state_space,0.0009000000000001229,0.039305815043208625,True,True,29,-6270.679786129267,-8392.850322523933,-6270.679786129267,0.595911205730772,9.500717673873398e-05,29.0,0,{},14,expanding,40,1965:Q3,,2,0.02
no_revision,exact,2023:Q2:pre_second:exact,2023-08-29,pre_second,DELTA_TS,DELTA_TS,2023:Q2,0.0,,,not_available,0.0009000000000001229,-0.0009000000000001229,True,True,0,,,,,,,0,{},14,expanding,40,1965:Q3,,2,0.02
release_dfm,exact,2023:Q2:pre_second:exact,2023-08-29,pre_second,DELTA_TS,DELTA_TS,2023:Q2,0.049634846150354406,,,not_available,0.0009000000000001229,0.04873484615035428,True,True,0,,,,,,,0,{},14,expanding,40,1965:Q3,,2,0.02
revision_dfm_kalman_em,exact,2023:Q2:pre_second:exact,2023-08-29,pre_second,DELTA_TS,DELTA_TS,2023:Q2,0.005020007565452289,0.14375813031446527,0.379154493992179,model_implied_state_space,0.0009000000000001229,0.004120007565452166,True,True,24,-1869.1283508239615,-3482.3420934330925,-1869.1283508239615,0.1832494502048121,9.797803220487421e-05,24.0,0,{},14,expanding,40,1965:Q3,,2,0.02
standard_dfm,exact,2023:Q2:pre_second:exact,2023-08-29,pre_second,DELTA_TS,DELTA_TS,2023:Q2,0.06930379867325742,,,not_available,0.0009000000000001229,0.0684037986732573,True,True,0,,,,,,,0,{},14,expanding,40,1965:Q3,,2,0.02
ar,pseudo,2023:Q2:pre_second:pseudo,2023-08-31,pre_second,DELTA_TS,DELTA_TS,2023:Q2,0.1087417862766018,,,not_available,0.0009000000000001229,0.10784178627660168,True,True,0,,,,,,,0,{},14,expanding,40,1965:Q3,,2,0.02
bridge,pseudo,2023:Q2:pre_second:pseudo,2023-08-31,pre_second,DELTA_TS,DELTA_TS,2023:Q2,0.18395537345362256,,,not_available,0.0009000000000001229,0.18305537345362244,True,True,0,,,,,,,0,{},14,expanding,40,1965:Q3,,2,0.02
indicator_revision_only_dfm_kalman_em,pseudo,2023:Q2:pre_second:pseudo,2023-08-31,pre_second,DELTA_TS,DELTA_TS,2023:Q2,0.0,0.14456091950857985,0.3802116772385875,model_implied_state_space,0.0009000000000001229,-0.0009000000000001229,True,True,48,-3520.9110643338076,-5591.299408251433,-3520.9110643338076,0.2983869527670322,8.471584580469481e-05,48.0,0,{},14,expanding,40,1965:Q3,,2,0.02
joint_indicator_revision_dfm_full_kalman_em,pseudo,2023:Q2:pre_second:pseudo,2023-08-31,pre_second,DELTA_TS,DELTA_TS,2023:Q2,0.013867623051916134,0.1416125196563236,0.37631438938249967,model_implied_state_space,0.0009000000000001229,0.01296762305191601,True,False,50,-3494.265972322526,-5600.853473641364,-3494.265972322526,0.5687184745670493,0.00016268460178172055,51.0,0,{},14,expanding,40,1965:Q3,,2,0.02
midas_umidas,pseudo,2023:Q2:pre_second:pseudo,2023-08-31,pre_second,DELTA_TS,DELTA_TS,2023:Q2,0.4168881480077147,,,not_available,0.0009000000000001229,0.41598814800771455,True,True,0,,,,,,,0,{},14,expanding,40,1965:Q3,,2,0.02
monthly_mixed_frequency_kalman_em,pseudo,2023:Q2:pre_second:pseudo,2023-08-31,pre_second,DELTA_TS,DELTA_TS,2023:Q2,0.04019165587073514,0.14614447084260418,0.38228846548464446,model_implied_state_space,0.0009000000000001229,0.03929165587073502,True,True,29,-6272.106674034055,-8394.186911469053,-6272.106674034055,0.5963899458820379,9.506187012677925e-05,29.0,0,{},14,expanding,40,1965:Q3,,2,0.02
no_revision,pseudo,2023:Q2:pre_second:pseudo,2023-08-31,pre_second,DELTA_TS,DELTA_TS,2023:Q2,0.0,,,not_available,0.0009000000000001229,-0.0009000000000001229,True,True,0,,,,,,,0,{},14,expanding,40,1965:Q3,,2,0.02
release_dfm,pseudo,2023:Q2:pre_second:pseudo,2023-08-31,pre_second,DELTA_TS,DELTA_TS,2023:Q2,0.04965074043656559,,,not_available,0.0009000000000001229,0.048750740436565465,True,True,0,,,,,,,0,{},14,expanding,40,1965:Q3,,2,0.02
revision_dfm_kalman_em,pseudo,2023:Q2:pre_second:pseudo,2023-08-31,pre_second,DELTA_TS,DELTA_TS,2023:Q2,0.0050246604539880835,0.14375814332675818,0.37915451115179705,model_implied_state_space,0.0009000000000001229,0.0041246604539879606,True,True,24,-1869.12719729031,-3482.343055854949,-1869.12719729031,0.18324889545760925,9.797779605590041e-05,24.0,0,{},14,expanding,40,1965:Q3,,2,0.02
standard_dfm,pseudo,2023:Q2:pre_second:pseudo,2023-08-31,pre_second,DELTA_TS,DELTA_TS,2023:Q2,0.06928061279141673,,,not_available,0.0009000000000001229,0.0683806127914166,True,True,0,,,,,,,0,{},14,expanding,40,1965:Q3,,2,0.02
ar,exact,2023:Q2:pre_third:exact,2023-09-27,pre_third,DELTA_MT,DELTA_MT,2023:Q2,-12.594883125101848,,,not_available,0.4737,-13.06858312510185,True,True,0,,,,,,,0,{},14,expanding,40,1965:Q3,,2,0.02
bridge,exact,2023:Q2:pre_third:exact,2023-09-27,pre_third,DELTA_MT,DELTA_MT,2023:Q2,0.015203039871560353,,,not_available,0.4737,-0.45849696012843966,True,True,0,,,,,,,0,{},14,expanding,40,1965:Q3,,2,0.02
indicator_revision_only_dfm_kalman_em,exact,2023:Q2:pre_third:exact,2023-09-27,pre_third,DELTA_MT,DELTA_MT,2023:Q2,0.0,4.198095593631661,2.048925472932498,model_implied_state_space,0.4737,-0.4737,True,True,22,-3620.0448376295217,-5614.432511348237,-3620.0448376295217,0.34599701376055236,9.554257730224639e-05,22.0,0,{},14,expanding,40,1965:Q3,,2,0.02
joint_indicator_revision_dfm_full_kalman_em,exact,2023:Q2:pre_third:exact,2023-09-27,pre_third,DELTA_MT,DELTA_MT,2023:Q2,-0.0015887799665565971,4.200571155546775,2.04952949613973,model_implied_state_space,0.4737,-0.4752887799665566,True,True,25,-3584.086857254898,-5629.6966754130035,-3584.086857254898,0.35677132982891635,9.950549131063701e-05,25.0,0,{},14,expanding,40,1965:Q3,,2,0.02
midas_umidas,exact,2023:Q2:pre_third:exact,2023-09-27,pre_third,DELTA_MT,DELTA_MT,2023:Q2,-0.44608417218794516,,,not_available,0.4737,-0.9197841721879452,True,True,0,,,,,,,0,{},14,expanding,40,1965:Q3,,2,0.02
monthly_mixed_frequency_kalman_em,exact,2023:Q2:pre_third:exact,2023-09-27,pre_third,DELTA_MT,DELTA_MT,2023:Q2,-0.01898640572759147,4.1777836100073555,2.04396272226461,model_implied_state_space,0.4737,-0.4926864057275915,True,True,29,-6284.847682590604,-8413.02125565041,-6284.847682590604,0.5911701471686683,9.403895607943614e-05,29.0,0,{},14,expanding,40,1965:Q3,,2,0.02
no_revision,exact,2023:Q2:pre_third:exact,2023-09-27,pre_third,DELTA_MT,DELTA_MT,2023:Q2,0.0,,,not_available,0.4737,-0.4737,True,True,0,,,,,,,0,{},14,expanding,40,1965:Q3,,2,0.02
release_dfm,exact,2023:Q2:pre_third:exact,2023-09-27,pre_third,DELTA_MT,DELTA_MT,2023:Q2,0.43332994344622433,,,not_available,0.4737,-0.04037005655377568,True,True,0,,,,,,,0,{},14,expanding,40,1965:Q3,,2,0.02
revision_dfm_kalman_em,exact,2023:Q2:pre_third:exact,2023-09-27,pre_third,DELTA_MT,DELTA_MT,2023:Q2,-0.0027157884089952233,4.209812694771037,2.051782808869164,model_implied_state_space,0.4737,-0.47641578840899523,True,True,30,-1868.6319537011818,-3463.3392304364156,-1868.6319537011818,0.16581664349700986,8.868159226997216e-05,30.0,0,{},14,expanding,40,1965:Q3,,2,0.02
standard_dfm,exact,2023:Q2:pre_third:exact,2023-09-27,pre_third,DELTA_MT,DELTA_MT,2023:Q2,0.21354279262723797,,,not_available,0.4737,-0.26015720737276204,True,True,0,,,,,,,0,{},14,expanding,40,1965:Q3,,2,0.02
ar,pseudo,2023:Q2:pre_third:pseudo,2023-09-30,pre_third,DELTA_MT,DELTA_MT,2023:Q2,-12.594883125101848,,,not_available,0.4737,-13.06858312510185,True,True,0,,,,,,,0,{},14,expanding,40,1965:Q3,,2,0.02
bridge,pseudo,2023:Q2:pre_third:pseudo,2023-09-30,pre_third,DELTA_MT,DELTA_MT,2023:Q2,-0.003315057227022411,,,not_available,0.4737,-0.4770150572270224,True,True,0,,,,,,,0,{},14,expanding,40,1965:Q3,,2,0.02
indicator_revision_only_dfm_kalman_em,pseudo,2023:Q2:pre_third:pseudo,2023-09-30,pre_third,DELTA_MT,DELTA_MT,2023:Q2,0.0,4.2001991993971,2.049438752292222,model_implied_state_space,0.4737,-0.4737,True,True,23,-3618.6712095221815,-5614.5604200241705,-3618.6712095221815,0.34176592470294054,9.441013803569312e-05,23.0,0,{},14,expanding,40,1965:Q3,,2,0.02
joint_indicator_revision_dfm_full_kalman_em,pseudo,2023:Q2:pre_third:pseudo,2023-09-30,pre_third,DELTA_MT,DELTA_MT,2023:Q2,-0.0013296726321909702,4.204766039703252,2.0505526181259657,model_implied_state_space,0.4737,-0.475029672632191,True,True,27,-3582.2920336717148,-5629.827125911177,-3582.2920336717148,0.3437140982832716,9.591211899734949e-05,27.0,0,{},14,expanding,40,1965:Q3,,2,0.02
midas_umidas,pseudo,2023:Q2:pre_third:pseudo,2023-09-30,pre_third,DELTA_MT,DELTA_MT,2023:Q2,-0.26980871969739306,,,not_available,0.4737,-0.7435087196973931,True,True,0,,,,,,,0,{},14,expanding,40,1965:Q3,,2,0.02
monthly_mixed_frequency_kalman_em,pseudo,2023:Q2:pre_third:pseudo,2023-09-30,pre_third,DELTA_MT,DELTA_MT,2023:Q2,-0.019170922285835612,4.1778078627629025,2.043968655034343,model_implied_state_space,0.4737,-0.4928709222858356,True,True,29,-6284.139096953304,-8413.22599140101,-6284.139096953304,0.5945635219177348,9.458935965683024e-05,29.0,0,{},14,expanding,40,1965:Q3,,2,0.02
no_revision,pseudo,2023:Q2:pre_third:pseudo,2023-09-30,pre_third,DELTA_MT,DELTA_MT,2023:Q2,0.0,,,not_available,0.4737,-0.4737,True,True,0,,,,,,,0,{},14,expanding,40,1965:Q3,,2,0.02
release_dfm,pseudo,2023:Q2:pre_third:pseudo,2023-09-30,pre_third,DELTA_MT,DELTA_MT,2023:Q2,0.4363691134143295,,,not_available,0.4737,-0.03733088658567052,True,True,0,,,,,,,0,{},14,expanding,40,1965:Q3,,2,0.02
revision_dfm_kalman_em,pseudo,2023:Q2:pre_third:pseudo,2023-09-30,pre_third,DELTA_MT,DELTA_MT,2023:Q2,-0.002672238542082095,4.209796878278297,2.051778954536355,model_implied_state_space,0.4737,-0.4763722385420821,True,True,30,-1867.9225349331116,-3463.205684557452,-1867.9225349331116,0.1663957035900694,8.902503292520543e-05,30.0,0,{},14,expanding,40,1965:Q3,,2,0.02
standard_dfm,pseudo,2023:Q2:pre_third:pseudo,2023-09-30,pre_third,DELTA_MT,DELTA_MT,2023:Q2,0.21334578823112338,,,not_available,0.4737,-0.26035421176887663,True,True,0,,,,,,,0,{},14,expanding,40,1965:Q3,,2,0.02
ar,exact,2023:Q3:pre_advance:exact,2023-10-25,pre_advance,DELTA_SA,DELTA_SA,2023:Q3,0.06560092399048179,,,not_available,0.2763,-0.2106990760095182,True,True,0,,,,,,,0,{},14,expanding,40,1965:Q3,,2,0.02
bridge,exact,2023:Q3:pre_advance:exact,2023-10-25,pre_advance,DELTA_SA,DELTA_SA,2023:Q3,0.0051377245181201125,,,not_available,0.2763,-0.2711622754818799,True,True,0,,,,,,,0,{},14,expanding,40,1965:Q3,,2,0.02
indicator_revision_only_dfm_kalman_em,exact,2023:Q3:pre_advance:exact,2023-10-25,pre_advance,DELTA_SA,DELTA_SA,2023:Q3,0.0,0.4104163798719096,0.6406374792906746,model_implied_state_space,0.2763,-0.2763,True,True,42,-3523.29604832252,-5628.203173589993,-3523.29604832252,0.29732820240360525,8.435815727962251e-05,42.0,0,{},14,expanding,40,1965:Q3,,2,0.02
joint_indicator_revision_dfm_full_kalman_em,exact,2023:Q3:pre_advance:exact,2023-10-25,pre_advance,DELTA_SA,DELTA_SA,2023:Q3,0.07009786160970366,0.3669635244881766,0.6057751435047303,model_implied_state_space,0.2763,-0.20620213839029633,True,True,43,-3496.0145424989432,-5639.191673277059,-3496.0145424989432,0.2890998795969608,8.266364867316525e-05,43.0,0,{},14,expanding,40,1965:Q3,,2,0.02
midas_umidas,exact,2023:Q3:pre_advance:exact,2023-10-25,pre_advance,DELTA_SA,DELTA_SA,2023:Q3,0.7996292377059344,,,not_available,0.2763,0.5233292377059344,True,True,0,,,,,,,0,{},14,expanding,40,1965:Q3,,2,0.02
monthly_mixed_frequency_kalman_em,exact,2023:Q3:pre_advance:exact,2023-10-25,pre_advance,DELTA_SA,DELTA_SA,2023:Q3,0.1421757883877004,0.36704442221225975,0.6058419118980295,model_implied_state_space,0.2763,-0.1341242116122996,True,True,28,-6271.232872160944,-8434.48163553542,-6271.232872160944,0.6123506651765638,9.761928493760602e-05,28.0,0,{},14,expanding,40,1965:Q3,,2,0.02
no_revision,exact,2023:Q3:pre_advance:exact,2023-10-25,pre_advance,DELTA_SA,DELTA_SA,2023:Q3,0.0,,,not_available,0.2763,-0.2763,True,True,0,,,,,,,0,{},14,expanding,40,1965:Q3,,2,0.02
release_dfm,exact,2023:Q3:pre_advance:exact,2023-10-25,pre_advance,DELTA_SA,DELTA_SA,2023:Q3,0.0944582262371978,,,not_available,0.2763,-0.1818417737628022,True,True,0,,,,,,,0,{},14,expanding,40,1965:Q3,,2,0.02
revision_dfm_kalman_em,exact,2023:Q3:pre_advance:exact,2023-10-25,pre_advance,DELTA_SA,DELTA_SA,2023:Q3,0.14869881518967798,0.390156146698442,0.624624804741568,model_implied_state_space,0.2763,-0.127601184810322,True,True,24,-1855.78835355926,-3509.0907431220007,-1855.78835355926,0.1776602645204548,9.567232959456529e-05,24.0,0,{},14,expanding,40,1965:Q3,,2,0.02
standard_dfm,exact,2023:Q3:pre_advance:exact,2023-10-25,pre_advance,DELTA_SA,DELTA_SA,2023:Q3,0.0944582262371978,,,not_available,0.2763,-0.1818417737628022,True,True,0,,,,,,,0,{},14,expanding,40,1965:Q3,,2,0.02
ar,pseudo,2023:Q3:pre_advance:pseudo,2023-10-31,pre_advance,DELTA_SA,DELTA_SA,2023:Q3,0.06560092399048179,,,not_available,0.2763,-0.2106990760095182,True,True,0,,,,,,,0,{},14,expanding,40,1965:Q3,,2,0.02
bridge,pseudo,2023:Q3:pre_advance:pseudo,2023-10-31,pre_advance,DELTA_SA,DELTA_SA,2023:Q3,0.023480044784462972,,,not_available,0.2763,-0.252819955215537,True,True,0,,,,,,,0,{},14,expanding,40,1965:Q3,,2,0.02
indicator_revision_only_dfm_kalman_em,pseudo,2023:Q3:pre_advance:pseudo,2023-10-31,pre_advance,DELTA_SA,DELTA_SA,2023:Q3,0.0,0.4104121405534302,0.6406341706102089,model_implied_state_space,0.2763,-0.2763,True,True,42,-3523.2567205417827,-5627.824218435234,-3523.2567205417827,0.2945720718548728,8.357718398713735e-05,42.0,0,{},14,expanding,40,1965:Q3,,2,0.02
joint_indicator_revision_dfm_full_kalman_em,pseudo,2023:Q3:pre_advance:pseudo,2023-10-31,pre_advance,DELTA_SA,DELTA_SA,2023:Q3,0.09152005928710549,0.3671005649079522,0.6058882445698647,model_implied_state_space,0.2763,-0.1847799407128945,True,True,42,-3496.226294873878,-5638.813139428278,-3496.226294873878,0.34246637515525435,9.791555178259157e-05,42.0,0,{},14,expanding,40,1965:Q3,,2,0.02
midas_umidas,pseudo,2023:Q3:pre_advance:pseudo,2023-10-31,pre_advance,DELTA_SA,DELTA_SA,2023:Q3,0.7289282085093944,,,not_available,0.2763,0.45262820850939445,True,True,0,,,,,,,0,{},14,expanding,40,1965:Q3,,2,0.02
monthly_mixed_frequency_kalman_em,pseudo,2023:Q3:pre_advance:pseudo,2023-10-31,pre_advance,DELTA_SA,DELTA_SA,2023:Q3,0.14247483677092454,0.3670428465767017,0.6058406115280666,model_implied_state_space,0.2763,-0.13382516322907545,True,True,28,-6273.936043005521,-8437.211857189966,-6273.936043005521,0.6123666530402261,9.757978316249553e-05,28.0,0,{},14,expanding,40,1965:Q3,,2,0.02
no_revision,pseudo,2023:Q3:pre_advance:pseudo,2023-10-31,pre_advance,DELTA_SA,DELTA_SA,2023:Q3,0.0,,,not_available,0.2763,-0.2763,True,True,0,,,,,,,0,{},14,expanding,40,1965:Q3,,2,0.02
release_dfm,pseudo,2023:Q3:pre_advance:pseudo,2023-10-31,pre_advance,DELTA_SA,DELTA_SA,2023:Q3,0.09446093418237966,,,not_available,0.2763,-0.18183906581762033,True,True,0,,,,,,,0,{},14,expanding,40,1965:Q3,,2,0.02
revision_dfm_kalman_em,pseudo,2023:Q3:pre_advance:pseudo,2023-10-31,pre_advance,DELTA_SA,DELTA_SA,2023:Q3,0.14901672243124553,0.39014384730988105,0.6246149592427971,model_implied_state_space,0.2763,-0.12728327756875446,True,True,24,-1855.498457558193,-3509.038457994057,-1855.498457558193,0.1775378007857853,9.56213153127233e-05,24.0,0,{},14,expanding,40,1965:Q3,,2,0.02
standard_dfm,pseudo,2023:Q3:pre_advance:pseudo,2023-10-31,pre_advance,DELTA_SA,DELTA_SA,2023:Q3,0.09446093418237966,,,not_available,0.2763,-0.18183906581762033,True,True,0,,,,,,,0,{},14,expanding,40,1965:Q3,,2,0.02
ar,exact,2023:Q3:pre_second:exact,2023-11-28,pre_second,DELTA_TS,DELTA_TS,2023:Q3,0.0694852593005626,,,not_available,-0.2930999999999999,0.3625852593005625,True,True,0,,,,,,,0,{},14,expanding,40,1965:Q3,,2,0.02
bridge,exact,2023:Q3:pre_second:exact,2023-11-28,pre_second,DELTA_TS,DELTA_TS,2023:Q3,0.17613056360322332,,,not_available,-0.2930999999999999,0.46923056360322324,True,True,0,,,,,,,0,{},14,expanding,40,1965:Q3,,2,0.02
indicator_revision_only_dfm_kalman_em,exact,2023:Q3:pre_second:exact,2023-11-28,pre_second,DELTA_TS,DELTA_TS,2023:Q3,0.0,0.1442372916429776,0.37978584971399026,model_implied_state_space,-0.2930999999999999,0.2930999999999999,True,True,42,-3524.609211230268,-5629.063657098597,-3524.609211230268,0.3020564894331983,8.566763780999688e-05,42.0,0,{},14,expanding,40,1965:Q3,,2,0.02
joint_indicator_revision_dfm_full_kalman_em,exact,2023:Q3:pre_second:exact,2023-11-28,pre_second,DELTA_TS,DELTA_TS,2023:Q3,0.01235387902032059,0.14120528740071348,0.3757729199938621,model_implied_state_space,-0.2930999999999999,0.3054538790203205,True,True,43,-3497.68931802077,-5640.126176808016,-3497.68931802077,0.2954250558532294,8.443165019161103e-05,43.0,0,{},14,expanding,40,1965:Q3,,2,0.02
midas_umidas,exact,2023:Q3:pre_second:exact,2023-11-28,pre_second,DELTA_TS,DELTA_TS,2023:Q3,-0.06511697215331758,,,not_available,-0.2930999999999999,0.22798302784668234,True,True,0,,,,,,,0,{},14,expanding,40,1965:Q3,,2,0.02
monthly_mixed_frequency_kalman_em,exact,2023:Q3:pre_second:exact,2023-11-28,pre_second,DELTA_TS,DELTA_TS,2023:Q3,0.06889392824737861,0.14606843060210495,0.3821889985362019,model_implied_state_space,-0.2930999999999999,0.3619939282473785,True,True,28,-6291.491351685551,-8456.424228187041,-6291.491351685551,0.6106352707283804,9.703247651063735e-05,28.0,0,{},14,expanding,40,1965:Q3,,2,0.02
no_revision,exact,2023:Q3:pre_second:exact,2023-11-28,pre_second,DELTA_TS,DELTA_TS,2023:Q3,0.0,,,not_available,-0.2930999999999999,0.2930999999999999,True,True,0,,,,,,,0,{},14,expanding,40,1965:Q3,,2,0.02
release_dfm,exact,2023:Q3:pre_second:exact,2023-11-28,pre_second,DELTA_TS,DELTA_TS,2023:Q3,0.05893570486073063,,,not_available,-0.2930999999999999,0.35203570486073055,True,True,0,,,,,,,0,{},14,expanding,40,1965:Q3,,2,0.02
revision_dfm_kalman_em,exact,2023:Q3:pre_second:exact,2023-11-28,pre_second,DELTA_TS,DELTA_TS,2023:Q3,0.011210811241249452,0.14204088026700323,0.3768831122072243,model_implied_state_space,-0.2930999999999999,0.30431081124124937,True,True,32,-1856.5271500968713,-3485.0659941485387,-1856.5271500968713,0.16523765844158333,8.894780402327175e-05,32.0,0,{},14,expanding,40,1965:Q3,,2,0.02
standard_dfm,exact,2023:Q3:pre_second:exact,2023-11-28,pre_second,DELTA_TS,DELTA_TS,2023:Q3,0.06737331219501241,,,not_available,-0.2930999999999999,0.36047331219501233,True,True,0,,,,,,,0,{},14,expanding,40,1965:Q3,,2,0.02
ar,pseudo,2023:Q3:pre_second:pseudo,2023-11-30,pre_second,DELTA_TS,DELTA_TS,2023:Q3,0.0694852593005626,,,not_available,-0.2930999999999999,0.3625852593005625,True,True,0,,,,,,,0,{},14,expanding,40,1965:Q3,,2,0.02
bridge,pseudo,2023:Q3:pre_second:pseudo,2023-11-30,pre_second,DELTA_TS,DELTA_TS,2023:Q3,0.18669342832624602,,,not_available,-0.2930999999999999,0.47979342832624594,True,True,0,,,,,,,0,{},14,expanding,40,1965:Q3,,2,0.02
indicator_revision_only_dfm_kalman_em,pseudo,2023:Q3:pre_second:pseudo,2023-11-30,pre_second,DELTA_TS,DELTA_TS,2023:Q3,0.0,0.14423732198885075,0.3797858896652833,model_implied_state_space,-0.2930999999999999,0.2930999999999999,True,True,42,-3524.6163996562755,-5629.070858804748,-3524.6163996562755,0.3020835829174757,8.567514659044454e-05,42.0,0,{},14,expanding,40,1965:Q3,,2,0.02
joint_indicator_revision_dfm_full_kalman_em,pseudo,2023:Q3:pre_second:pseudo,2023-11-30,pre_second,DELTA_TS,DELTA_TS,2023:Q3,0.01234992636613974,0.14120526845075876,0.3757728947792253,model_implied_state_space,-0.2930999999999999,0.30544992636613966,True,True,43,-3497.695952719923,-5640.133299592849,-3497.695952719923,0.2953653386098267,8.441442454727626e-05,43.0,0,{},14,expanding,40,1965:Q3,,2,0.02
midas_umidas,pseudo,2023:Q3:pre_second:pseudo,2023-11-30,pre_second,DELTA_TS,DELTA_TS,2023:Q3,-0.0582825664905009,,,not_available,-0.2930999999999999,0.23481743350949902,True,True,0,,,,,,,0,{},14,expanding,40,1965:Q3,,2,0.02
monthly_mixed_frequency_kalman_em,pseudo,2023:Q3:pre_second:pseudo,2023-11-30,pre_second,DELTA_TS,DELTA_TS,2023:Q3,0.06899474513836346,0.14607038519437776,0.38219155562934376,model_implied_state_space,-0.2930999999999999,0.36209474513836337,True,True,28,-6292.942281210414,-8457.769307520315,-6292.942281210414,0.6113785419856868,9.712818017500795e-05,28.0,0,{},14,expanding,40,1965:Q3,,2,0.02
no_revision,pseudo,2023:Q3:pre_second:pseudo,2023-11-30,pre_second,DELTA_TS,DELTA_TS,2023:Q3,0.0,,,not_available,-0.2930999999999999,0.2930999999999999,True,True,0,,,,,,,0,{},14,expanding,40,1965:Q3,,2,0.02
release_dfm,pseudo,2023:Q3:pre_second:pseudo,2023-11-30,pre_second,DELTA_TS,DELTA_TS,2023:Q3,0.05885749098096671,,,not_available,-0.2930999999999999,0.3519574909809666,True,True,0,,,,,,,0,{},14,expanding,40,1965:Q3,,2,0.02
revision_dfm_kalman_em,pseudo,2023:Q3:pre_second:pseudo,2023-11-30,pre_second,DELTA_TS,DELTA_TS,2023:Q3,0.011165449716224352,0.14204109761862205,0.37688340056126385,model_implied_state_space,-0.2930999999999999,0.30426544971622427,True,True,32,-1856.5118134790573,-3485.070833288676,-1856.5118134790573,0.16520332576942565,8.89300584950836e-05,32.0,0,{},14,expanding,40,1965:Q3,,2,0.02
standard_dfm,pseudo,2023:Q3:pre_second:pseudo,2023-11-30,pre_second,DELTA_TS,DELTA_TS,2023:Q3,0.06750301311896578,,,not_available,-0.2930999999999999,0.3606030131189657,True,True,0,,,,,,,0,{},14,expanding,40,1965:Q3,,2,0.02
ar,exact,2023:Q3:pre_third:exact,2023-12-20,pre_third,DELTA_MT,DELTA_MT,2023:Q3,0.15897887578753123,,,not_available,-0.16579999999999995,0.3247788757875312,True,True,0,,,,,,,0,{},14,expanding,40,1965:Q3,,2,0.02
bridge,exact,2023:Q3:pre_third:exact,2023-12-20,pre_third,DELTA_MT,DELTA_MT,2023:Q3,0.2131344425929731,,,not_available,-0.16579999999999995,0.37893444259297304,True,True,0,,,,,,,0,{},14,expanding,40,1965:Q3,,2,0.02
indicator_revision_only_dfm_kalman_em,exact,2023:Q3:pre_third:exact,2023-12-20,pre_third,DELTA_MT,DELTA_MT,2023:Q3,0.0,4.224405364523163,2.0553358276746803,model_implied_state_space,-0.16579999999999995,0.16579999999999995,True,False,50,-3569.2570522041165,-5657.7804391145955,-3569.2570522041165,2.3401953540546856,0.0006550403507292018,51.0,0,{},14,expanding,40,1965:Q3,,2,0.02
joint_indicator_revision_dfm_full_kalman_em,exact,2023:Q3:pre_third:exact,2023-12-20,pre_third,DELTA_MT,DELTA_MT,2023:Q3,0.009695079527143768,4.224409901269348,2.055336931325214,model_implied_state_space,-0.16579999999999995,0.17549507952714372,True,False,50,-3555.344324394801,-5674.100200262479,-3555.344324394801,1.665818550077347,0.0004681882521837303,51.0,0,{},14,expanding,40,1965:Q3,,2,0.02
midas_umidas,exact,2023:Q3:pre_third:exact,2023-12-20,pre_third,DELTA_MT,DELTA_MT,2023:Q3,3.141891010564092,,,not_available,-0.16579999999999995,3.307691010564092,True,True,0,,,,,,,0,{},14,expanding,40,1965:Q3,,2,0.02
monthly_mixed_frequency_kalman_em,exact,2023:Q3:pre_third:exact,2023-12-20,pre_third,DELTA_MT,DELTA_MT,2023:Q3,0.10559751953658214,4.167240160480201,2.041381924207276,model_implied_state_space,-0.16579999999999995,0.2713975195365821,True,True,28,-6306.918384741928,-8475.495049639872,-6306.918384741928,0.6137044809738654,9.728166113671347e-05,28.0,0,{},14,expanding,40,1965:Q3,,2,0.02
no_revision,exact,2023:Q3:pre_third:exact,2023-12-20,pre_third,DELTA_MT,DELTA_MT,2023:Q3,0.0,,,not_available,-0.16579999999999995,0.16579999999999995,True,True,0,,,,,,,0,{},14,expanding,40,1965:Q3,,2,0.02
release_dfm,exact,2023:Q3:pre_third:exact,2023-12-20,pre_third,DELTA_MT,DELTA_MT,2023:Q3,-0.2113366753491981,,,not_available,-0.16579999999999995,-0.04553667534919814,True,True,0,,,,,,,0,{},14,expanding,40,1965:Q3,,2,0.02
revision_dfm_kalman_em,exact,2023:Q3:pre_third:exact,2023-12-20,pre_third,DELTA_MT,DELTA_MT,2023:Q3,0.007829073637802608,4.191853739673625,2.047401704520543,model_implied_state_space,-0.16579999999999995,0.17362907363780256,True,True,24,-1855.8713879990896,-3511.6883560123124,-1855.8713879990896,0.17769974020620793,9.56893069652419e-05,24.0,0,{},14,expanding,40,1965:Q3,,2,0.02
standard_dfm,exact,2023:Q3:pre_third:exact,2023-12-20,pre_third,DELTA_MT,DELTA_MT,2023:Q3,0.3521398094368746,,,not_available,-0.16579999999999995,0.5179398094368746,True,True,0,,,,,,,0,{},14,expanding,40,1965:Q3,,2,0.02
ar,pseudo,2023:Q3:pre_third:pseudo,2023-12-31,pre_third,DELTA_MT,DELTA_MT,2023:Q3,0.15897887578753123,,,not_available,-0.16579999999999995,0.3247788757875312,True,True,0,,,,,,,0,{},14,expanding,40,1965:Q3,,2,0.02
bridge,pseudo,2023:Q3:pre_third:pseudo,2023-12-31,pre_third,DELTA_MT,DELTA_MT,2023:Q3,0.21485761069817544,,,not_available,-0.16579999999999995,0.3806576106981754,True,True,0,,,,,,,0,{},14,expanding,40,1965:Q3,,2,0.02
indicator_revision_only_dfm_kalman_em,pseudo,2023:Q3:pre_third:pseudo,2023-12-31,pre_third,DELTA_MT,DELTA_MT,2023:Q3,0.0,4.224405718612597,2.0553359138137486,model_implied_state_space,-0.16579999999999995,0.16579999999999995,True,False,50,-3569.2322444618767,-5657.780099966609,-3569.2322444618767,2.338871468690286,0.0006546745726798688,51.0,0,{},14,expanding,40,1965:Q3,,2,0.02
joint_indicator_revision_dfm_full_kalman_em,pseudo,2023:Q3:pre_third:pseudo,2023-12-31,pre_third,DELTA_MT,DELTA_MT,2023:Q3,0.009697804202201787,4.224408569343984,2.0553366073088815,model_implied_state_space,-0.16579999999999995,0.17549780420220173,True,False,50,-3555.3173272111662,-5674.099848854175,-3555.3173272111662,1.6661616470819354,0.00046828818972867247,51.0,0,{},14,expanding,40,1965:Q3,,2,0.02
midas_umidas,pseudo,2023:Q3:pre_third:pseudo,2023-12-31,pre_third,DELTA_MT,DELTA_MT,2023:Q3,3.1855660659180796,,,not_available,-0.16579999999999995,3.3513660659180795,True,True,0,,,,,,,0,{},14,expanding,40,1965:Q3,,2,0.02
monthly_mixed_frequency_kalman_em,pseudo,2023:Q3:pre_third:pseudo,2023-12-31,pre_third,DELTA_MT,DELTA_MT,2023:Q3,0.10556844354610284,4.167241344461152,2.041382214202218,model_implied_state_space,-0.16579999999999995,0.2713684435461028,True,True,28,-6309.728050092607,-8478.252957242057,-6309.728050092607,0.6142632677838264,9.732688187162677e-05,28.0,0,{},14,expanding,40,1965:Q3,,2,0.02
no_revision,pseudo,2023:Q3:pre_third:pseudo,2023-12-31,pre_third,DELTA_MT,DELTA_MT,2023:Q3,0.0,,,not_available,-0.16579999999999995,0.16579999999999995,True,True,0,,,,,,,0,{},14,expanding,40,1965:Q3,,2,0.02
release_dfm,pseudo,2023:Q3:pre_third:pseudo,2023-12-31,pre_third,DELTA_MT,DELTA_MT,2023:Q3,-0.2143155109001036,,,not_available,-0.16579999999999995,-0.04851551090010364,True,True,0,,,,,,,0,{},14,expanding,40,1965:Q3,,2,0.02
revision_dfm_kalman_em,pseudo,2023:Q3:pre_third:pseudo,2023-12-31,pre_third,DELTA_MT,DELTA_MT,2023:Q3,0.007835229582091152,4.191853462494295,2.047401636830032,model_implied_state_space,-0.16579999999999995,0.1736352295820911,True,True,24,-1855.8760948547822,-3511.6874039422746,-1855.8760948547822,0.17769972179303295,9.568905451850417e-05,24.0,0,{},14,expanding,40,1965:Q3,,2,0.02
standard_dfm,pseudo,2023:Q3:pre_third:pseudo,2023-12-31,pre_third,DELTA_MT,DELTA_MT,2023:Q3,0.35206657489586535,,,not_available,-0.16579999999999995,0.5178665748958653,True,True,0,,,,,,,0,{},14,expanding,40,1965:Q3,,2,0.02
ar,exact,2023:Q4:pre_advance:exact,2024-01-24,pre_advance,DELTA_SA,DELTA_SA,2023:Q4,0.13379892253632342,,,not_available,-0.07099999999999973,0.20479892253632315,True,True,0,,,,,,,0,{},14,expanding,40,1965:Q3,,2,0.02
bridge,exact,2023:Q4:pre_advance:exact,2024-01-24,pre_advance,DELTA_SA,DELTA_SA,2023:Q4,0.24019109760625845,,,not_available,-0.07099999999999973,0.3111910976062582,True,True,0,,,,,,,0,{},14,expanding,40,1965:Q3,,2,0.02
indicator_revision_only_dfm_kalman_em,exact,2023:Q4:pre_advance:exact,2024-01-24,pre_advance,DELTA_SA,DELTA_SA,2023:Q4,0.0,0.4077504028060428,0.6385533672341277,model_implied_state_space,-0.07099999999999973,0.07099999999999973,True,False,50,-3596.796059547483,-5696.5179076126005,-3596.796059547483,1.7809192485342464,0.0004947579282302018,51.0,0,{},14,expanding,40,1965:Q3,,2,0.02
joint_indicator_revision_dfm_full_kalman_em,exact,2023:Q4:pre_advance:exact,2024-01-24,pre_advance,DELTA_SA,DELTA_SA,2023:Q4,-0.1645966683661122,0.37830089365778186,0.6150616990658595,model_implied_state_space,-0.07099999999999973,-0.09359666836611247,True,False,50,-3580.5814795638034,-5712.789413203189,-3580.5814795638034,1.5439886650510743,0.00043090555403137214,51.0,0,{},14,expanding,40,1965:Q3,,2,0.02
midas_umidas,exact,2023:Q4:pre_advance:exact,2024-01-24,pre_advance,DELTA_SA,DELTA_SA,2023:Q4,0.33105580806274215,,,not_available,-0.07099999999999973,0.4020558080627419,True,True,0,,,,,,,0,{},14,expanding,40,1965:Q3,,2,0.02
monthly_mixed_frequency_kalman_em,exact,2023:Q4:pre_advance:exact,2024-01-24,pre_advance,DELTA_SA,DELTA_SA,2023:Q4,0.07116903913560568,0.3669426919767478,0.6057579483397207,model_implied_state_space,-0.07099999999999973,0.1421690391356054,True,True,28,-6318.979471072895,-8462.522423059914,-6318.979471072895,0.5691164458994535,9.004225472189066e-05,28.0,0,{},14,expanding,40,1965:Q3,,2,0.02
no_revision,exact,2023:Q4:pre_advance:exact,2024-01-24,pre_advance,DELTA_SA,DELTA_SA,2023:Q4,0.0,,,not_available,-0.07099999999999973,0.07099999999999973,True,True,0,,,,,,,0,{},14,expanding,40,1965:Q3,,2,0.02
release_dfm,exact,2023:Q4:pre_advance:exact,2024-01-24,pre_advance,DELTA_SA,DELTA_SA,2023:Q4,0.09526682080004978,,,not_available,-0.07099999999999973,0.1662668208000495,True,True,0,,,,,,,0,{},14,expanding,40,1965:Q3,,2,0.02
revision_dfm_kalman_em,exact,2023:Q4:pre_advance:exact,2024-01-24,pre_advance,DELTA_SA,DELTA_SA,2023:Q4,-0.002159183439413903,0.38833559774066906,0.6231657867218555,model_implied_state_space,-0.07099999999999973,0.06884081656058583,True,True,32,-1871.8009576262448,-3507.2894963805766,-1871.8009576262448,0.16442804120356413,8.77902189019733e-05,32.0,0,{},14,expanding,40,1965:Q3,,2,0.02
standard_dfm,exact,2023:Q4:pre_advance:exact,2024-01-24,pre_advance,DELTA_SA,DELTA_SA,2023:Q4,0.09526682080004978,,,not_available,-0.07099999999999973,0.1662668208000495,True,True,0,,,,,,,0,{},14,expanding,40,1965:Q3,,2,0.02
ar,pseudo,2023:Q4:pre_advance:pseudo,2024-01-31,pre_advance,DELTA_SA,DELTA_SA,2023:Q4,0.13379892253632342,,,not_available,-0.07099999999999973,0.20479892253632315,True,True,0,,,,,,,0,{},14,expanding,40,1965:Q3,,2,0.02
bridge,pseudo,2023:Q4:pre_advance:pseudo,2024-01-31,pre_advance,DELTA_SA,DELTA_SA,2023:Q4,0.24883913587486473,,,not_available,-0.07099999999999973,0.31983913587486446,True,True,0,,,,,,,0,{},14,expanding,40,1965:Q3,,2,0.02
indicator_revision_only_dfm_kalman_em,pseudo,2023:Q4:pre_advance:pseudo,2024-01-31,pre_advance,DELTA_SA,DELTA_SA,2023:Q4,0.0,0.40776493117158275,0.6385647431322706,model_implied_state_space,-0.07099999999999973,0.07099999999999973,True,False,50,-3596.021697617322,-5696.512327519569,-3596.021697617322,1.5815744868787078,0.0004394967622963113,51.0,0,{},14,expanding,40,1965:Q3,,2,0.02
joint_indicator_revision_dfm_full_kalman_em,pseudo,2023:Q4:pre_advance:pseudo,2024-01-31,pre_advance,DELTA_SA,DELTA_SA,2023:Q4,-0.1642175524476761,0.3780038518116653,0.6148201784356669,model_implied_state_space,-0.07099999999999973,-0.09321755244767638,True,False,50,-3579.158865508465,-5712.783821125549,-3579.158865508465,1.4372927479103055,0.00040129950011171027,51.0,0,{},14,expanding,40,1965:Q3,,2,0.02
midas_umidas,pseudo,2023:Q4:pre_advance:pseudo,2024-01-31,pre_advance,DELTA_SA,DELTA_SA,2023:Q4,0.2753055161344218,,,not_available,-0.07099999999999973,0.3463055161344215,True,True,0,,,,,,,0,{},14,expanding,40,1965:Q3,,2,0.02
monthly_mixed_frequency_kalman_em,pseudo,2023:Q4:pre_advance:pseudo,2024-01-31,pre_advance,DELTA_SA,DELTA_SA,2023:Q4,0.07111073518327382,0.36694235341868975,0.6057576688897052,model_implied_state_space,-0.07099999999999973,0.14211073518327355,True,True,28,-6321.663354127863,-8465.217100073798,-6321.663354127863,0.5692953094157929,9.003232064637949e-05,28.0,0,{},14,expanding,40,1965:Q3,,2,0.02
no_revision,pseudo,2023:Q4:pre_advance:pseudo,2024-01-31,pre_advance,DELTA_SA,DELTA_SA,2023:Q4,0.0,,,not_available,-0.07099999999999973,0.07099999999999973,True,True,0,,,,,,,0,{},14,expanding,40,1965:Q3,,2,0.02
release_dfm,pseudo,2023:Q4:pre_advance:pseudo,2024-01-31,pre_advance,DELTA_SA,DELTA_SA,2023:Q4,0.0952608953804357,,,not_available,-0.07099999999999973,0.16626089538043543,True,True,0,,,,,,,0,{},14,expanding,40,1965:Q3,,2,0.02
revision_dfm_kalman_em,pseudo,2023:Q4:pre_advance:pseudo,2024-01-31,pre_advance,DELTA_SA,DELTA_SA,2023:Q4,-0.001840459467625788,0.3883786163080645,0.6232003019158965,model_implied_state_space,-0.07099999999999973,0.06915954053237394,True,True,32,-1872.0639237357152,-3507.3170647475954,-1872.0639237357152,0.1654067728316022,8.830033255282061e-05,32.0,0,{},14,expanding,40,1965:Q3,,2,0.02
standard_dfm,pseudo,2023:Q4:pre_advance:pseudo,2024-01-31,pre_advance,DELTA_SA,DELTA_SA,2023:Q4,0.0952608953804357,,,not_available,-0.07099999999999973,0.16626089538043543,True,True,0,,,,,,,0,{},14,expanding,40,1965:Q3,,2,0.02
ar,exact,2023:Q4:pre_second:exact,2024-02-27,pre_second,DELTA_TS,DELTA_TS,2023:Q4,0.04576941234094711,,,not_available,0.18769999999999998,-0.14193058765905286,True,True,0,,,,,,,0,{},14,expanding,40,1965:Q3,,2,0.02
bridge,exact,2023:Q4:pre_second:exact,2024-02-27,pre_second,DELTA_TS,DELTA_TS,2023:Q4,0.22280968984369798,,,not_available,0.18769999999999998,0.035109689843698,True,True,0,,,,,,,0,{},14,expanding,40,1965:Q3,,2,0.02
indicator_revision_only_dfm_kalman_em,exact,2023:Q4:pre_second:exact,2024-02-27,pre_second,DELTA_TS,DELTA_TS,2023:Q4,0.0,0.14352118125686375,0.3788418948015963,model_implied_state_space,0.18769999999999998,-0.18769999999999998,True,False,50,-3595.9776349031076,-5697.941171984219,-3595.9776349031076,1.1990326474729045,0.0003332334007627071,51.0,0,{},14,expanding,40,1965:Q3,,2,0.02
joint_indicator_revision_dfm_full_kalman_em,exact,2023:Q4:pre_second:exact,2024-02-27,pre_second,DELTA_TS,DELTA_TS,2023:Q4,0.0008009348706723429,0.1408970840328686,0.3753626034021884,model_implied_state_space,0.18769999999999998,-0.18689906512932764,True,False,50,-3578.1622160112083,-5714.3034784176625,-3578.1622160112083,1.1419165167199026,0.00031894399873611716,51.0,0,{},14,expanding,40,1965:Q3,,2,0.02
midas_umidas,exact,2023:Q4:pre_second:exact,2024-02-27,pre_second,DELTA_TS,DELTA_TS,2023:Q4,0.27495059114676046,,,not_available,0.18769999999999998,0.08725059114676048,True,True,0,,,,,,,0,{},14,expanding,40,1965:Q3,,2,0.02
monthly_mixed_frequency_kalman_em,exact,2023:Q4:pre_second:exact,2024-02-27,pre_second,DELTA_TS,DELTA_TS,2023:Q4,0.010870882250336944,0.14600111925603476,0.38210092810150925,model_implied_state_space,0.18769999999999998,-0.17682911774966303,True,True,28,-6344.488931395791,-8520.390760672188,-6344.488931395791,0.5718727997145834,9.01146108364589e-05,28.0,0,{},14,expanding,40,1965:Q3,,2,0.02
no_revision,exact,2023:Q4:pre_second:exact,2024-02-27,pre_second,DELTA_TS,DELTA_TS,2023:Q4,0.0,,,not_available,0.18769999999999998,-0.18769999999999998,True,True,0,,,,,,,0,{},14,expanding,40,1965:Q3,,2,0.02
release_dfm,exact,2023:Q4:pre_second:exact,2024-02-27,pre_second,DELTA_TS,DELTA_TS,2023:Q4,0.05186696647723821,,,not_available,0.18769999999999998,-0.13583303352276177,True,True,0,,,,,,,0,{},14,expanding,40,1965:Q3,,2,0.02
revision_dfm_kalman_em,exact,2023:Q4:pre_second:exact,2024-02-27,pre_second,DELTA_TS,DELTA_TS,2023:Q4,0.005013812161444253,0.1428087032154478,0.37790038795355557,model_implied_state_space,0.18769999999999998,-0.18268618783855572,True,True,24,-1874.1518059744706,-3534.3422770360794,-1874.1518059744706,0.1769735307841529,9.43693355097135e-05,24.0,0,{},14,expanding,40,1965:Q3,,2,0.02
standard_dfm,exact,2023:Q4:pre_second:exact,2024-02-27,pre_second,DELTA_TS,DELTA_TS,2023:Q4,0.0650959171186245,,,not_available,0.18769999999999998,-0.12260408288137548,True,True,0,,,,,,,0,{},14,expanding,40,1965:Q3,,2,0.02
ar,pseudo,2023:Q4:pre_second:pseudo,2024-02-29,pre_second,DELTA_TS,DELTA_TS,2023:Q4,0.04576941234094711,,,not_available,0.18769999999999998,-0.14193058765905286,True,True,0,,,,,,,0,{},14,expanding,40,1965:Q3,,2,0.02
bridge,pseudo,2023:Q4:pre_second:pseudo,2024-02-29,pre_second,DELTA_TS,DELTA_TS,2023:Q4,0.21771508172728904,,,not_available,0.18769999999999998,0.03001508172728906,True,True,0,,,,,,,0,{},14,expanding,40,1965:Q3,,2,0.02
indicator_revision_only_dfm_kalman_em,pseudo,2023:Q4:pre_second:pseudo,2024-02-29,pre_second,DELTA_TS,DELTA_TS,2023:Q4,0.0,0.14352127572547502,0.3788420194823629,model_implied_state_space,0.18769999999999998,-0.18769999999999998,True,False,50,-3595.99508226381,-5697.935109031126,-3595.99508226381,1.2049301527631542,0.00033487025418409567,51.0,0,{},14,expanding,40,1965:Q3,,2,0.02
joint_indicator_revision_dfm_full_kalman_em,pseudo,2023:Q4:pre_second:pseudo,2024-02-29,pre_second,DELTA_TS,DELTA_TS,2023:Q4,0.0008087169440686992,0.14089674575719302,0.3753621528033867,model_implied_state_space,0.18769999999999998,-0.18689128305593128,True,False,50,-3578.1981136883046,-5714.297476247734,-3578.1981136883046,1.1473105010218205,0.00032044687455864637,51.0,0,{},14,expanding,40,1965:Q3,,2,0.02
midas_umidas,pseudo,2023:Q4:pre_second:pseudo,2024-02-29,pre_second,DELTA_TS,DELTA_TS,2023:Q4,0.2950458961921507,,,not_available,0.18769999999999998,0.10734589619215074,True,True,0,,,,,,,0,{},14,expanding,40,1965:Q3,,2,0.02
monthly_mixed_frequency_kalman_em,pseudo,2023:Q4:pre_second:pseudo,2024-02-29,pre_second,DELTA_TS,DELTA_TS,2023:Q4,0.010927020190418357,0.14600207870176918,0.38210218358675885,model_implied_state_space,0.18769999999999998,-0.17677297980958162,True,True,28,-6345.7635856613815,-8521.75059055591,-6345.7635856613815,0.5719973270161063,9.011613133377193e-05,28.0,0,{},14,expanding,40,1965:Q3,,2,0.02
no_revision,pseudo,2023:Q4:pre_second:pseudo,2024-02-29,pre_second,DELTA_TS,DELTA_TS,2023:Q4,0.0,,,not_available,0.18769999999999998,-0.18769999999999998,True,True,0,,,,,,,0,{},14,expanding,40,1965:Q3,,2,0.02
release_dfm,pseudo,2023:Q4:pre_second:pseudo,2024-02-29,pre_second,DELTA_TS,DELTA_TS,2023:Q4,0.051903989556313146,,,not_available,0.18769999999999998,-0.13579601044368683,True,True,0,,,,,,,0,{},14,expanding,40,1965:Q3,,2,0.02
revision_dfm_kalman_em,pseudo,2023:Q4:pre_second:pseudo,2024-02-29,pre_second,DELTA_TS,DELTA_TS,2023:Q4,0.005049721848017441,0.14280859542969504,0.3779002453422001,model_implied_state_space,0.18769999999999998,-0.18265027815198254,True,True,24,-1874.124279189406,-3534.3407310690022,-1874.124279189406,0.17696544634372913,9.436641011673946e-05,24.0,0,{},14,expanding,40,1965:Q3,,2,0.02
standard_dfm,pseudo,2023:Q4:pre_second:pseudo,2024-02-29,pre_second,DELTA_TS,DELTA_TS,2023:Q4,0.06503789084197997,,,not_available,0.18769999999999998,-0.12266210915802,True,True,0,,,,,,,0,{},14,expanding,40,1965:Q3,,2,0.02
ar,exact,2023:Q4:pre_third:exact,2024-03-27,pre_third,DELTA_MT,DELTA_MT,2023:Q4,0.15455416560448398,,,not_available,0.022699999999999942,0.13185416560448404,True,True,0,,,,,,,0,{},14,expanding,40,1965:Q3,,2,0.02
bridge,exact,2023:Q4:pre_third:exact,2024-03-27,pre_third,DELTA_MT,DELTA_MT,2023:Q4,0.1478749400002739,,,not_available,0.022699999999999942,0.12517494000027396,True,True,0,,,,,,,0,{},14,expanding,40,1965:Q3,,2,0.02
indicator_revision_only_dfm_kalman_em,exact,2023:Q4:pre_third:exact,2024-03-27,pre_third,DELTA_MT,DELTA_MT,2023:Q4,0.0,4.206165102037547,2.0508937325072565,model_implied_state_space,0.022699999999999942,-0.022699999999999942,True,False,50,-3595.297440516437,-5699.123236329284,-3595.297440516437,1.2174544419626727,0.000338415399938671,51.0,0,{},14,expanding,40,1965:Q3,,2,0.02
joint_indicator_revision_dfm_full_kalman_em,exact,2023:Q4:pre_third:exact,2024-03-27,pre_third,DELTA_MT,DELTA_MT,2023:Q4,0.00034659157750338565,4.2062023853602115,2.050902822017711,model_implied_state_space,0.022699999999999942,-0.022353408422496557,True,False,50,-3577.5454429603064,-5715.458996301553,-3577.5454429603064,1.1599970415454663,0.0003240481824518126,51.0,0,{},14,expanding,40,1965:Q3,,2,0.02
midas_umidas,exact,2023:Q4:pre_third:exact,2024-03-27,pre_third,DELTA_MT,DELTA_MT,2023:Q4,-0.9928810296408477,,,not_available,0.022699999999999942,-1.0155810296408476,True,True,0,,,,,,,0,{},14,expanding,40,1965:Q3,,2,0.02
monthly_mixed_frequency_kalman_em,exact,2023:Q4:pre_third:exact,2024-03-27,pre_third,DELTA_MT,DELTA_MT,2023:Q4,0.0022712000467124405,4.14832751996964,2.0367443433012498,model_implied_state_space,0.022699999999999942,-0.020428799953287502,True,True,28,-6360.223604631262,-8540.59531715869,-6360.223604631262,0.5716325804160078,8.985397346214331e-05,28.0,0,{},14,expanding,40,1965:Q3,,2,0.02
no_revision,exact,2023:Q4:pre_third:exact,2024-03-27,pre_third,DELTA_MT,DELTA_MT,2023:Q4,0.0,,,not_available,0.022699999999999942,-0.022699999999999942,True,True,0,,,,,,,0,{},14,expanding,40,1965:Q3,,2,0.02
release_dfm,exact,2023:Q4:pre_third:exact,2024-03-27,pre_third,DELTA_MT,DELTA_MT,2023:Q4,0.1233139522611908,,,not_available,0.022699999999999942,0.10061395226119085,True,True,0,,,,,,,0,{},14,expanding,40,1965:Q3,,2,0.02
revision_dfm_kalman_em,exact,2023:Q4:pre_third:exact,2024-03-27,pre_third,DELTA_MT,DELTA_MT,2023:Q4,0.00167998217722376,4.1742550805360965,2.0430993809739397,model_implied_state_space,0.022699999999999942,-0.021020017822776182,True,True,24,-1873.2576036723872,-3535.572466658336,-1873.2576036723872,0.17797248404031052,9.494723974736284e-05,24.0,0,{},14,expanding,40,1965:Q3,,2,0.02
standard_dfm,exact,2023:Q4:pre_third:exact,2024-03-27,pre_third,DELTA_MT,DELTA_MT,2023:Q4,0.3274463367676801,,,not_available,0.022699999999999942,0.30474633676768015,True,True,0,,,,,,,0,{},14,expanding,40,1965:Q3,,2,0.02
ar,pseudo,2023:Q4:pre_third:pseudo,2024-03-31,pre_third,DELTA_MT,DELTA_MT,2023:Q4,0.15455416560448398,,,not_available,0.022699999999999942,0.13185416560448404,True,True,0,,,,,,,0,{},14,expanding,40,1965:Q3,,2,0.02
bridge,pseudo,2023:Q4:pre_third:pseudo,2024-03-31,pre_third,DELTA_MT,DELTA_MT,2023:Q4,0.14847244861202302,,,not_available,0.022699999999999942,0.12577244861202308,True,True,0,,,,,,,0,{},14,expanding,40,1965:Q3,,2,0.02
indicator_revision_only_dfm_kalman_em,pseudo,2023:Q4:pre_third:pseudo,2024-03-31,pre_third,DELTA_MT,DELTA_MT,2023:Q4,0.0,4.206165111745064,2.0508937348739122,model_implied_state_space,0.022699999999999942,-0.022699999999999942,True,False,50,-3595.297431792802,-5699.1215506995895,-3595.297431792802,1.218210386955434,0.0003386254593787708,51.0,0,{},14,expanding,40,1965:Q3,,2,0.02
joint_indicator_revision_dfm_full_kalman_em,pseudo,2023:Q4:pre_third:pseudo,2024-03-31,pre_third,DELTA_MT,DELTA_MT,2023:Q4,0.00034695301775578,4.206202763875223,2.0509029142978035,model_implied_state_space,0.022699999999999942,-0.022353046982244162,True,False,50,-3577.548007595034,-5715.457311147261,-3577.548007595034,1.1607564402024764,0.0003242600213359286,51.0,0,{},14,expanding,40,1965:Q3,,2,0.02
midas_umidas,pseudo,2023:Q4:pre_third:pseudo,2024-03-31,pre_third,DELTA_MT,DELTA_MT,2023:Q4,-0.9510432134786462,,,not_available,0.022699999999999942,-0.9737432134786461,True,True,0,,,,,,,0,{},14,expanding,40,1965:Q3,,2,0.02
monthly_mixed_frequency_kalman_em,pseudo,2023:Q4:pre_third:pseudo,2024-03-31,pre_third,DELTA_MT,DELTA_MT,2023:Q4,0.002255847922035148,4.148327510029755,2.0367443408611097,model_implied_state_space,0.022699999999999942,-0.020444152077964795,True,True,28,-6361.4504406304995,-8541.948659657683,-6361.4504406304995,0.5715969857183154,8.98310554857756e-05,28.0,0,{},14,expanding,40,1965:Q3,,2,0.02
no_revision,pseudo,2023:Q4:pre_third:pseudo,2024-03-31,pre_third,DELTA_MT,DELTA_MT,2023:Q4,0.0,,,not_available,0.022699999999999942,-0.022699999999999942,True,True,0,,,,,,,0,{},14,expanding,40,1965:Q3,,2,0.02
release_dfm,pseudo,2023:Q4:pre_third:pseudo,2024-03-31,pre_third,DELTA_MT,DELTA_MT,2023:Q4,0.12267184618628546,,,not_available,0.022699999999999942,0.09997184618628552,True,True,0,,,,,,,0,{},14,expanding,40,1965:Q3,,2,0.02
revision_dfm_kalman_em,pseudo,2023:Q4:pre_third:pseudo,2024-03-31,pre_third,DELTA_MT,DELTA_MT,2023:Q4,0.001681318301326673,4.174255029242066,2.0430993684209455,model_implied_state_space,0.022699999999999942,-0.02101868169867327,True,True,24,-1873.2530398916833,-3535.5715029051057,-1873.2530398916833,0.17797112819835093,9.494674765411423e-05,24.0,0,{},14,expanding,40,1965:Q3,,2,0.02
standard_dfm,pseudo,2023:Q4:pre_third:pseudo,2024-03-31,pre_third,DELTA_MT,DELTA_MT,2023:Q4,0.3274648846559529,,,not_available,0.022699999999999942,0.304764884655953,True,True,0,,,,,,,0,{},14,expanding,40,1965:Q3,,2,0.02
ar,exact,2024:Q1:pre_advance:exact,2024-04-24,pre_advance,DELTA_SA,DELTA_SA,2024:Q1,0.09251088781958305,,,not_available,-0.3404999999999998,0.43301088781958286,True,True,0,,,,,,,0,{},14,expanding,40,1965:Q3,,2,0.02
bridge,exact,2024:Q1:pre_advance:exact,2024-04-24,pre_advance,DELTA_SA,DELTA_SA,2024:Q1,-0.017364626211852308,,,not_available,-0.3404999999999998,0.3231353737881475,True,True,0,,,,,,,0,{},14,expanding,40,1965:Q3,,2,0.02
indicator_revision_only_dfm_kalman_em,exact,2024:Q1:pre_advance:exact,2024-04-24,pre_advance,DELTA_SA,DELTA_SA,2024:Q1,0.0,0.40748549365572995,0.6383459043933234,model_implied_state_space,-0.3404999999999998,0.3404999999999998,True,True,41,-3586.0405527189077,-5709.45492595328,-3586.0405527189077,0.28422096109261474,7.922922484686302e-05,41.0,0,{},14,expanding,40,1965:Q3,,2,0.02
joint_indicator_revision_dfm_full_kalman_em,exact,2024:Q1:pre_advance:exact,2024-04-24,pre_advance,DELTA_SA,DELTA_SA,2024:Q1,-0.000533247363936562,0.3632622907530676,0.6027124444982596,model_implied_state_space,-0.3404999999999998,0.33996675263606324,True,True,41,-3558.860717539967,-5720.504372036147,-3558.860717539967,0.3422375363666106,9.612865914810543e-05,41.0,0,{},14,expanding,40,1965:Q3,,2,0.02
midas_umidas,exact,2024:Q1:pre_advance:exact,2024-04-24,pre_advance,DELTA_SA,DELTA_SA,2024:Q1,-0.3131283419091899,,,not_available,-0.3404999999999998,0.02737165809080988,True,True,0,,,,,,,0,{},14,expanding,40,1965:Q3,,2,0.02
monthly_mixed_frequency_kalman_em,exact,2024:Q1:pre_advance:exact,2024-04-24,pre_advance,DELTA_SA,DELTA_SA,2024:Q1,0.06836131568252313,0.36568230113441835,0.604716711472751,model_implied_state_space,-0.3404999999999998,0.40886131568252293,True,True,27,-6371.860420772807,-8528.013797623415,-6371.860420772807,0.6012496068542532,9.43364278236002e-05,27.0,0,{},14,expanding,40,1965:Q3,,2,0.02
no_revision,exact,2024:Q1:pre_advance:exact,2024-04-24,pre_advance,DELTA_SA,DELTA_SA,2024:Q1,0.0,,,not_available,-0.3404999999999998,0.3404999999999998,True,True,0,,,,,,,0,{},14,expanding,40,1965:Q3,,2,0.02
release_dfm,exact,2024:Q1:pre_advance:exact,2024-04-24,pre_advance,DELTA_SA,DELTA_SA,2024:Q1,0.09456375499584957,,,not_available,-0.3404999999999998,0.43506375499584937,True,True,0,,,,,,,0,{},14,expanding,40,1965:Q3,,2,0.02
revision_dfm_kalman_em,exact,2024:Q1:pre_advance:exact,2024-04-24,pre_advance,DELTA_SA,DELTA_SA,2024:Q1,0.01920727401885225,0.38671416018743354,0.6218634578325322,model_implied_state_space,-0.3404999999999998,0.35970727401885205,True,True,24,-1888.8115656755992,-3556.355336533597,-1888.8115656755992,0.17757258668984832,9.39542895220624e-05,24.0,0,{},14,expanding,40,1965:Q3,,2,0.02
standard_dfm,exact,2024:Q1:pre_advance:exact,2024-04-24,pre_advance,DELTA_SA,DELTA_SA,2024:Q1,0.09456375499584957,,,not_available,-0.3404999999999998,0.43506375499584937,True,True,0,,,,,,,0,{},14,expanding,40,1965:Q3,,2,0.02
ar,pseudo,2024:Q1:pre_advance:pseudo,2024-04-30,pre_advance,DELTA_SA,DELTA_SA,2024:Q1,0.09251088781958305,,,not_available,-0.3404999999999998,0.43301088781958286,True,True,0,,,,,,,0,{},14,expanding,40,1965:Q3,,2,0.02
bridge,pseudo,2024:Q1:pre_advance:pseudo,2024-04-30,pre_advance,DELTA_SA,DELTA_SA,2024:Q1,-0.020091256333635288,,,not_available,-0.3404999999999998,0.3204087436663645,True,True,0,,,,,,,0,{},14,expanding,40,1965:Q3,,2,0.02
indicator_revision_only_dfm_kalman_em,pseudo,2024:Q1:pre_advance:pseudo,2024-04-30,pre_advance,DELTA_SA,DELTA_SA,2024:Q1,0.0,0.40764966021400717,0.6384744789057799,model_implied_state_space,-0.3404999999999998,0.3404999999999998,True,True,40,-3586.3220618086893,-5709.473085874429,-3586.3220618086893,0.35861015195314394,9.995598403053135e-05,40.0,0,{},14,expanding,40,1965:Q3,,2,0.02
joint_indicator_revision_dfm_full_kalman_em,pseudo,2024:Q1:pre_advance:pseudo,2024-04-30,pre_advance,DELTA_SA,DELTA_SA,2024:Q1,-0.0003761242110311702,0.36327101906325066,0.6027196853125428,model_implied_state_space,-0.3404999999999998,0.34012387578896863,True,True,41,-3558.8582517231507,-5720.52252327068,-3558.8582517231507,0.34088096089908504,9.574772314550096e-05,41.0,0,{},14,expanding,40,1965:Q3,,2,0.02
midas_umidas,pseudo,2024:Q1:pre_advance:pseudo,2024-04-30,pre_advance,DELTA_SA,DELTA_SA,2024:Q1,-0.31616270269215363,,,not_available,-0.3404999999999998,0.024337297307846173,True,True,0,,,,,,,0,{},14,expanding,40,1965:Q3,,2,0.02
monthly_mixed_frequency_kalman_em,pseudo,2024:Q1:pre_advance:pseudo,2024-04-30,pre_advance,DELTA_SA,DELTA_SA,2024:Q1,0.06831252741012417,0.36568238135556363,0.6047167778022731,model_implied_state_space,-0.3404999999999998,0.40881252741012397,True,True,27,-6373.227010955667,-8529.361581397401,-6373.227010955667,0.6015339866198701,9.436081023655452e-05,27.0,0,{},14,expanding,40,1965:Q3,,2,0.02
no_revision,pseudo,2024:Q1:pre_advance:pseudo,2024-04-30,pre_advance,DELTA_SA,DELTA_SA,2024:Q1,0.0,,,not_available,-0.3404999999999998,0.3404999999999998,True,True,0,,,,,,,0,{},14,expanding,40,1965:Q3,,2,0.02
release_dfm,pseudo,2024:Q1:pre_advance:pseudo,2024-04-30,pre_advance,DELTA_SA,DELTA_SA,2024:Q1,0.09456438435190906,,,not_available,-0.3404999999999998,0.43506438435190886,True,True,0,,,,,,,0,{},14,expanding,40,1965:Q3,,2,0.02
revision_dfm_kalman_em,pseudo,2024:Q1:pre_advance:pseudo,2024-04-30,pre_advance,DELTA_SA,DELTA_SA,2024:Q1,0.019244189170455117,0.386715250479833,0.6218643344651894,model_implied_state_space,-0.3404999999999998,0.3597441891704549,True,True,24,-1888.8417860951054,-3556.366956662041,-1888.8417860951054,0.17758775755237366,9.396081331715389e-05,24.0,0,{},14,expanding,40,1965:Q3,,2,0.02
standard_dfm,pseudo,2024:Q1:pre_advance:pseudo,2024-04-30,pre_advance,DELTA_SA,DELTA_SA,2024:Q1,0.09456438435190906,,,not_available,-0.3404999999999998,0.43506438435190886,True,True,0,,,,,,,0,{},14,expanding,40,1965:Q3,,2,0.02
ar,exact,2024:Q1:pre_second:exact,2024-05-29,pre_second,DELTA_TS,DELTA_TS,2024:Q1,0.07524733101140679,,,not_available,0.1602999999999999,-0.0850526689885931,True,True,0,,,,,,,0,{},14,expanding,40,1965:Q3,,2,0.02
bridge,exact,2024:Q1:pre_second:exact,2024-05-29,pre_second,DELTA_TS,DELTA_TS,2024:Q1,-0.06844120848816515,,,not_available,0.1602999999999999,-0.22874120848816504,True,True,0,,,,,,,0,{},14,expanding,40,1965:Q3,,2,0.02
indicator_revision_only_dfm_kalman_em,exact,2024:Q1:pre_second:exact,2024-05-29,pre_second,DELTA_TS,DELTA_TS,2024:Q1,0.0,0.14307993157244414,0.37825907996034164,model_implied_state_space,0.1602999999999999,-0.1602999999999999,True,False,50,-3628.225962510964,-5738.022724766647,-3628.225962510964,2.101906195967331,0.0005788257827337944,51.0,0,{},14,expanding,40,1965:Q3,,2,0.02
joint_indicator_revision_dfm_full_kalman_em,exact,2024:Q1:pre_second:exact,2024-05-29,pre_second,DELTA_TS,DELTA_TS,2024:Q1,-0.001492279172211397,0.14039720374148323,0.37469614855437633,model_implied_state_space,0.1602999999999999,-0.16179227917221128,True,False,50,-3612.6819584040604,-5754.454145115036,-3612.6819584040604,1.6779275340936692,0.0004641107903586372,51.0,0,{},14,expanding,40,1965:Q3,,2,0.02
midas_umidas,exact,2024:Q1:pre_second:exact,2024-05-29,pre_second,DELTA_TS,DELTA_TS,2024:Q1,-0.10888667569986366,,,not_available,0.1602999999999999,-0.26918667569986354,True,True,0,,,,,,,0,{},14,expanding,40,1965:Q3,,2,0.02
monthly_mixed_frequency_kalman_em,exact,2024:Q1:pre_second:exact,2024-05-29,pre_second,DELTA_TS,DELTA_TS,2024:Q1,0.019683382066336463,0.14480750882969717,0.38053581806407816,model_implied_state_space,0.1602999999999999,-0.14061661793366342,True,True,27,-6384.818480491491,-8548.453885205887,-6384.818480491491,0.5906406497861099,9.248399821910564e-05,27.0,0,{},14,expanding,40,1965:Q3,,2,0.02
no_revision,exact,2024:Q1:pre_second:exact,2024-05-29,pre_second,DELTA_TS,DELTA_TS,2024:Q1,0.0,,,not_available,0.1602999999999999,-0.1602999999999999,True,True,0,,,,,,,0,{},14,expanding,40,1965:Q3,,2,0.02
release_dfm,exact,2024:Q1:pre_second:exact,2024-05-29,pre_second,DELTA_TS,DELTA_TS,2024:Q1,0.049104963814085245,,,not_available,0.1602999999999999,-0.11119503618591464,True,True,0,,,,,,,0,{},14,expanding,40,1965:Q3,,2,0.02
revision_dfm_kalman_em,exact,2024:Q1:pre_second:exact,2024-05-29,pre_second,DELTA_TS,DELTA_TS,2024:Q1,0.0006319042444840051,0.14234679445424603,0.3772887414888576,model_implied_state_space,0.1602999999999999,-0.15966809575551588,True,True,24,-1887.2319382265268,-3557.5528902655633,-1887.2319382265268,0.17886063697187637,9.471489841062124e-05,24.0,0,{},14,expanding,40,1965:Q3,,2,0.02
standard_dfm,exact,2024:Q1:pre_second:exact,2024-05-29,pre_second,DELTA_TS,DELTA_TS,2024:Q1,0.06180734330986959,,,not_available,0.1602999999999999,-0.0984926566901303,True,True,0,,,,,,,0,{},14,expanding,40,1965:Q3,,2,0.02
ar,pseudo,2024:Q1:pre_second:pseudo,2024-05-31,pre_second,DELTA_TS,DELTA_TS,2024:Q1,0.07524733101140679,,,not_available,0.1602999999999999,-0.0850526689885931,True,True,0,,,,,,,0,{},14,expanding,40,1965:Q3,,2,0.02
bridge,pseudo,2024:Q1:pre_second:pseudo,2024-05-31,pre_second,DELTA_TS,DELTA_TS,2024:Q1,-0.08094110829243073,,,not_available,0.1602999999999999,-0.24124110829243062,True,True,0,,,,,,,0,{},14,expanding,40,1965:Q3,,2,0.02
indicator_revision_only_dfm_kalman_em,pseudo,2024:Q1:pre_second:pseudo,2024-05-31,pre_second,DELTA_TS,DELTA_TS,2024:Q1,0.0,0.14308111196089435,0.3782606402480892,model_implied_state_space,0.1602999999999999,-0.1602999999999999,True,False,50,-3628.6555362179015,-5737.987846850964,-3628.6555362179015,2.1693560521816835,0.0005973184601490302,51.0,0,{},14,expanding,40,1965:Q3,,2,0.02
joint_indicator_revision_dfm_full_kalman_em,pseudo,2024:Q1:pre_second:pseudo,2024-05-31,pre_second,DELTA_TS,DELTA_TS,2024:Q1,-0.0015114488622058886,0.14039285956470504,0.37469035157674535,model_implied_state_space,0.1602999999999999,-0.16181144886220578,True,False,50,-3613.3208494059018,-5754.418931908183,-3613.3208494059018,1.6948087627001769,0.000468695084013697,51.0,0,{},14,expanding,40,1965:Q3,,2,0.02
midas_umidas,pseudo,2024:Q1:pre_second:pseudo,2024-05-31,pre_second,DELTA_TS,DELTA_TS,2024:Q1,-0.07984072170622403,,,not_available,0.1602999999999999,-0.24014072170622391,True,True,0,,,,,,,0,{},14,expanding,40,1965:Q3,,2,0.02
monthly_mixed_frequency_kalman_em,pseudo,2024:Q1:pre_second:pseudo,2024-05-31,pre_second,DELTA_TS,DELTA_TS,2024:Q1,0.01962578263098269,0.14480697629706474,0.380535118349233,model_implied_state_space,0.1602999999999999,-0.1406742173690172,True,True,27,-6386.029155334892,-8549.767118078777,-6386.029155334892,0.5906133265116296,9.246219216260569e-05,27.0,0,{},14,expanding,40,1965:Q3,,2,0.02
no_revision,pseudo,2024:Q1:pre_second:pseudo,2024-05-31,pre_second,DELTA_TS,DELTA_TS,2024:Q1,0.0,,,not_available,0.1602999999999999,-0.1602999999999999,True,True,0,,,,,,,0,{},14,expanding,40,1965:Q3,,2,0.02
release_dfm,pseudo,2024:Q1:pre_second:pseudo,2024-05-31,pre_second,DELTA_TS,DELTA_TS,2024:Q1,0.04919026755636979,,,not_available,0.1602999999999999,-0.1111097324436301,True,True,0,,,,,,,0,{},14,expanding,40,1965:Q3,,2,0.02
revision_dfm_kalman_em,pseudo,2024:Q1:pre_second:pseudo,2024-05-31,pre_second,DELTA_TS,DELTA_TS,2024:Q1,0.0005864892200593275,0.1423464456558099,0.3772882792452078,model_implied_state_space,0.1602999999999999,-0.15971351077994056,True,True,24,-1887.0853890484898,-3557.5122845804317,-1887.0853890484898,0.1787681211387735,9.46732587493129e-05,24.0,0,{},14,expanding,40,1965:Q3,,2,0.02
standard_dfm,pseudo,2024:Q1:pre_second:pseudo,2024-05-31,pre_second,DELTA_TS,DELTA_TS,2024:Q1,0.06165430325944121,,,not_available,0.1602999999999999,-0.09864569674055867,True,True,0,,,,,,,0,{},14,expanding,40,1965:Q3,,2,0.02
ar,exact,2024:Q1:pre_third:exact,2024-06-26,pre_third,DELTA_MT,DELTA_MT,2024:Q1,0.2517512521361831,,,not_available,-0.5680999999999999,0.819851252136183,True,True,0,,,,,,,0,{},14,expanding,40,1965:Q3,,2,0.02
bridge,exact,2024:Q1:pre_third:exact,2024-06-26,pre_third,DELTA_MT,DELTA_MT,2024:Q1,0.14396988834543212,,,not_available,-0.5680999999999999,0.7120698883454321,True,True,0,,,,,,,0,{},14,expanding,40,1965:Q3,,2,0.02
indicator_revision_only_dfm_kalman_em,exact,2024:Q1:pre_third:exact,2024-06-26,pre_third,DELTA_MT,DELTA_MT,2024:Q1,0.0,4.182302967057595,2.0450679614764873,model_implied_state_space,-0.5680999999999999,0.5680999999999999,True,True,40,-3584.7471379846497,-5711.313321463841,-3584.7471379846497,0.3552030060973266,9.904987987576317e-05,40.0,0,{},14,expanding,40,1965:Q3,,2,0.02
joint_indicator_revision_dfm_full_kalman_em,exact,2024:Q1:pre_third:exact,2024-06-26,pre_third,DELTA_MT,DELTA_MT,2024:Q1,-0.003667677803200542,4.179251515234437,2.0443217738982375,model_implied_state_space,-0.5680999999999999,0.5644323221967994,True,True,41,-3557.065174239115,-5722.413600239448,-3557.065174239115,0.33061492612660004,9.291122902440216e-05,41.0,0,{},14,expanding,40,1965:Q3,,2,0.02
midas_umidas,exact,2024:Q1:pre_third:exact,2024-06-26,pre_third,DELTA_MT,DELTA_MT,2024:Q1,1.0408015769376062,,,not_available,-0.5680999999999999,1.608901576937606,True,True,0,,,,,,,0,{},14,expanding,40,1965:Q3,,2,0.02
monthly_mixed_frequency_kalman_em,exact,2024:Q1:pre_third:exact,2024-06-26,pre_third,DELTA_MT,DELTA_MT,2024:Q1,-0.041249273976337486,4.133570322640329,2.0331183739862095,model_implied_state_space,-0.5680999999999999,0.5268507260236625,True,True,27,-6407.2746132922275,-8602.270634484225,-6407.2746132922275,0.6296225439227783,9.824183990800938e-05,27.0,0,{},14,expanding,40,1965:Q3,,2,0.02
no_revision,exact,2024:Q1:pre_third:exact,2024-06-26,pre_third,DELTA_MT,DELTA_MT,2024:Q1,0.0,,,not_available,-0.5680999999999999,0.5680999999999999,True,True,0,,,,,,,0,{},14,expanding,40,1965:Q3,,2,0.02
release_dfm,exact,2024:Q1:pre_third:exact,2024-06-26,pre_third,DELTA_MT,DELTA_MT,2024:Q1,0.2642338612087778,,,not_available,-0.5680999999999999,0.8323338612087777,True,True,0,,,,,,,0,{},14,expanding,40,1965:Q3,,2,0.02
revision_dfm_kalman_em,exact,2024:Q1:pre_third:exact,2024-06-26,pre_third,DELTA_MT,DELTA_MT,2024:Q1,-0.0034491692190516954,4.171743528099266,2.042484645743822,model_implied_state_space,-0.5680999999999999,0.5646508307809482,True,True,31,-1886.8322753435582,-3533.0853560736186,-1886.8322753435582,0.1681568379779037,8.906610142223474e-05,31.0,0,{},14,expanding,40,1965:Q3,,2,0.02
standard_dfm,exact,2024:Q1:pre_third:exact,2024-06-26,pre_third,DELTA_MT,DELTA_MT,2024:Q1,0.32694841063771296,,,not_available,-0.5680999999999999,0.8950484106377129,True,True,0,,,,,,,0,{},14,expanding,40,1965:Q3,,2,0.02
ar,pseudo,2024:Q1:pre_third:pseudo,2024-06-30,pre_third,DELTA_MT,DELTA_MT,2024:Q1,0.2517512521361831,,,not_available,-0.5680999999999999,0.819851252136183,True,True,0,,,,,,,0,{},14,expanding,40,1965:Q3,,2,0.02
bridge,pseudo,2024:Q1:pre_third:pseudo,2024-06-30,pre_third,DELTA_MT,DELTA_MT,2024:Q1,0.14907451856549647,,,not_available,-0.5680999999999999,0.7171745185654964,True,True,0,,,,,,,0,{},14,expanding,40,1965:Q3,,2,0.02
indicator_revision_only_dfm_kalman_em,pseudo,2024:Q1:pre_third:pseudo,2024-06-30,pre_third,DELTA_MT,DELTA_MT,2024:Q1,0.0,4.182287305246606,2.045064132306517,model_implied_state_space,-0.5680999999999999,0.5680999999999999,True,True,40,-3585.046159698989,-5711.136010123833,-3585.046159698989,0.31326486236594064,8.734898689198054e-05,40.0,0,{},14,expanding,40,1965:Q3,,2,0.02
joint_indicator_revision_dfm_full_kalman_em,pseudo,2024:Q1:pre_third:pseudo,2024-06-30,pre_third,DELTA_MT,DELTA_MT,2024:Q1,-0.0036504874859397685,4.179241479052931,2.0443193192485687,model_implied_state_space,-0.5680999999999999,0.5644495125140602,True,True,41,-3557.4073481693395,-5722.240863435056,-3557.4073481693395,0.30388576567065684,8.53920831712547e-05,41.0,0,{},14,expanding,40,1965:Q3,,2,0.02
midas_umidas,pseudo,2024:Q1:pre_third:pseudo,2024-06-30,pre_third,DELTA_MT,DELTA_MT,2024:Q1,1.6526025241298696,,,not_available,-0.5680999999999999,2.2207025241298695,True,True,0,,,,,,,0,{},14,expanding,40,1965:Q3,,2,0.02
monthly_mixed_frequency_kalman_em,pseudo,2024:Q1:pre_third:pseudo,2024-06-30,pre_third,DELTA_MT,DELTA_MT,2024:Q1,-0.045039055353289115,4.134080539150771,2.033243846455897,model_implied_state_space,-0.5680999999999999,0.5230609446467108,True,True,28,-6417.270320540206,-8604.989867849199,-6417.270320540206,0.577658904027885,8.99941712091927e-05,28.0,0,{},14,expanding,40,1965:Q3,,2,0.02
no_revision,pseudo,2024:Q1:pre_third:pseudo,2024-06-30,pre_third,DELTA_MT,DELTA_MT,2024:Q1,0.0,,,not_available,-0.5680999999999999,0.5680999999999999,True,True,0,,,,,,,0,{},14,expanding,40,1965:Q3,,2,0.02
release_dfm,pseudo,2024:Q1:pre_third:pseudo,2024-06-30,pre_third,DELTA_MT,DELTA_MT,2024:Q1,0.2706307454446488,,,not_available,-0.5680999999999999,0.8387307454446488,True,True,0,,,,,,,0,{},14,expanding,40,1965:Q3,,2,0.02
revision_dfm_kalman_em,pseudo,2024:Q1:pre_third:pseudo,2024-06-30,pre_third,DELTA_MT,DELTA_MT,2024:Q1,-0.003559213506744152,4.171734753274476,2.0424824976666205,model_implied_state_space,-0.5680999999999999,0.5645407864932558,True,True,31,-1888.6260315040136,-3533.094274585957,-1888.6260315040136,0.1741929494392025,9.217532476988707e-05,31.0,0,{},14,expanding,40,1965:Q3,,2,0.02
standard_dfm,pseudo,2024:Q1:pre_third:pseudo,2024-06-30,pre_third,DELTA_MT,DELTA_MT,2024:Q1,0.32462194842273795,,,not_available,-0.5680999999999999,0.8927219484227379,True,True,0,,,,,,,0,{},14,expanding,40,1965:Q3,,2,0.02
ar,exact,2024:Q2:pre_advance:exact,2024-07-24,pre_advance,DELTA_SA,DELTA_SA,2024:Q2,0.05338533425259362,,,not_available,0.11129999999999995,-0.057914665747406335,True,True,0,,,,,,,0,{},14,expanding,40,1965:Q3,,2,0.02
bridge,exact,2024:Q2:pre_advance:exact,2024-07-24,pre_advance,DELTA_SA,DELTA_SA,2024:Q2,-0.09906543830163406,,,not_available,0.11129999999999995,-0.210365438301634,True,True,0,,,,,,,0,{},14,expanding,40,1965:Q3,,2,0.02
indicator_revision_only_dfm_kalman_em,exact,2024:Q2:pre_advance:exact,2024-07-24,pre_advance,DELTA_SA,DELTA_SA,2024:Q2,0.0,0.4047796290769634,0.6362229397600839,model_implied_state_space,0.11129999999999995,-0.11129999999999995,True,False,50,-3658.5231550470976,-5778.040970920907,-3658.5231550470976,1.3401053614616103,0.0003660626650425758,51.0,0,{},14,expanding,40,1965:Q3,,2,0.02
joint_indicator_revision_dfm_full_kalman_em,exact,2024:Q2:pre_advance:exact,2024-07-24,pre_advance,DELTA_SA,DELTA_SA,2024:Q2,0.16938053599355252,0.37489562855755487,0.6122872108394515,model_implied_state_space,0.11129999999999995,0.05808053599355256,True,False,50,-3641.0620148370012,-5794.47230785951,-3641.0620148370012,1.3421663969411384,0.00036838251541078696,51.0,0,{},14,expanding,40,1965:Q3,,2,0.02
midas_umidas,exact,2024:Q2:pre_advance:exact,2024-07-24,pre_advance,DELTA_SA,DELTA_SA,2024:Q2,0.09241659987986228,,,not_available,0.11129999999999995,-0.018883400120137672,True,True,0,,,,,,,0,{},14,expanding,40,1965:Q3,,2,0.02
monthly_mixed_frequency_kalman_em,exact,2024:Q2:pre_advance:exact,2024-07-24,pre_advance,DELTA_SA,DELTA_SA,2024:Q2,0.13729924476651156,0.36337479674588025,0.602805770332269,model_implied_state_space,0.11129999999999995,0.02599924476651161,True,True,28,-6432.485003640938,-8623.95459433819,-6432.485003640938,0.5828665911931239,9.059068119094848e-05,28.0,0,{},14,expanding,40,1965:Q3,,2,0.02
no_revision,exact,2024:Q2:pre_advance:exact,2024-07-24,pre_advance,DELTA_SA,DELTA_SA,2024:Q2,0.0,,,not_available,0.11129999999999995,-0.11129999999999995,True,True,0,,,,,,,0,{},14,expanding,40,1965:Q3,,2,0.02
release_dfm,exact,2024:Q2:pre_advance:exact,2024-07-24,pre_advance,DELTA_SA,DELTA_SA,2024:Q2,0.09279112742291318,,,not_available,0.11129999999999995,-0.018508872577086777,True,True,0,,,,,,,0,{},14,expanding,40,1965:Q3,,2,0.02
revision_dfm_kalman_em,exact,2024:Q2:pre_advance:exact,2024-07-24,pre_advance,DELTA_SA,DELTA_SA,2024:Q2,0.11236020693549786,0.3863888107571505,0.6216018104519568,model_implied_state_space,0.11129999999999995,0.0010602069354979093,True,True,31,-1905.741954778698,-3554.2040952882894,-1905.741954778698,0.17834237767783634,9.352377125765707e-05,31.0,0,{},14,expanding,40,1965:Q3,,2,0.02
standard_dfm,exact,2024:Q2:pre_advance:exact,2024-07-24,pre_advance,DELTA_SA,DELTA_SA,2024:Q2,0.09279112742291318,,,not_available,0.11129999999999995,-0.018508872577086777,True,True,0,,,,,,,0,{},14,expanding,40,1965:Q3,,2,0.02
ar,pseudo,2024:Q2:pre_advance:pseudo,2024-07-31,pre_advance,DELTA_SA,DELTA_SA,2024:Q2,0.05338533425259362,,,not_available,0.11129999999999995,-0.057914665747406335,True,True,0,,,,,,,0,{},14,expanding,40,1965:Q3,,2,0.02
bridge,pseudo,2024:Q2:pre_advance:pseudo,2024-07-31,pre_advance,DELTA_SA,DELTA_SA,2024:Q2,-0.12876385080396613,,,not_available,0.11129999999999995,-0.24006385080396608,True,True,0,,,,,,,0,{},14,expanding,40,1965:Q3,,2,0.02
indicator_revision_only_dfm_kalman_em,pseudo,2024:Q2:pre_advance:pseudo,2024-07-31,pre_advance,DELTA_SA,DELTA_SA,2024:Q2,0.0,0.4048014933351425,0.6362401223870925,model_implied_state_space,0.11129999999999995,-0.11129999999999995,True,False,50,-3657.3427644473795,-5778.12207193066,-3657.3427644473795,1.0058123009157498,0.0002748610250760852,51.0,0,{},14,expanding,40,1965:Q3,,2,0.02
joint_indicator_revision_dfm_full_kalman_em,pseudo,2024:Q2:pre_advance:pseudo,2024-07-31,pre_advance,DELTA_SA,DELTA_SA,2024:Q2,0.16787282931199132,0.37392324722049075,0.6114926387296014,model_implied_state_space,0.11129999999999995,0.05657282931199137,True,False,50,-3638.7872703537064,-5794.553536324138,-3638.7872703537064,0.97826930227302,0.0002686987919484257,51.0,0,{},14,expanding,40,1965:Q3,,2,0.02
midas_umidas,pseudo,2024:Q2:pre_advance:pseudo,2024-07-31,pre_advance,DELTA_SA,DELTA_SA,2024:Q2,0.07627890108812663,,,not_available,0.11129999999999995,-0.03502109891187333,True,True,0,,,,,,,0,{},14,expanding,40,1965:Q3,,2,0.02
monthly_mixed_frequency_kalman_em,pseudo,2024:Q2:pre_advance:pseudo,2024-07-31,pre_advance,DELTA_SA,DELTA_SA,2024:Q2,0.13611684243576772,0.36335601370479687,0.6027901904517001,model_implied_state_space,0.11129999999999995,0.02481684243576776,True,True,28,-6436.183268993662,-8626.915462086648,-6436.183268993662,0.585018450179632,9.087286526305182e-05,28.0,0,{},14,expanding,40,1965:Q3,,2,0.02
no_revision,pseudo,2024:Q2:pre_advance:pseudo,2024-07-31,pre_advance,DELTA_SA,DELTA_SA,2024:Q2,0.0,,,not_available,0.11129999999999995,-0.11129999999999995,True,True,0,,,,,,,0,{},14,expanding,40,1965:Q3,,2,0.02
release_dfm,pseudo,2024:Q2:pre_advance:pseudo,2024-07-31,pre_advance,DELTA_SA,DELTA_SA,2024:Q2,0.09271338046008237,,,not_available,0.11129999999999995,-0.01858661953991758,True,True,0,,,,,,,0,{},14,expanding,40,1965:Q3,,2,0.02
revision_dfm_kalman_em,pseudo,2024:Q2:pre_advance:pseudo,2024-07-31,pre_advance,DELTA_SA,DELTA_SA,2024:Q2,0.11220105817797954,0.38644795920462993,0.6216493860727523,model_implied_state_space,0.11129999999999995,0.0009010581779795857,True,True,31,-1906.149689834247,-3554.257040001194,-1906.149689834247,0.17947358410788183,9.409680696447044e-05,31.0,0,{},14,expanding,40,1965:Q3,,2,0.02
standard_dfm,pseudo,2024:Q2:pre_advance:pseudo,2024-07-31,pre_advance,DELTA_SA,DELTA_SA,2024:Q2,0.09271338046008237,,,not_available,0.11129999999999995,-0.01858661953991758,True,True,0,,,,,,,0,{},14,expanding,40,1965:Q3,,2,0.02
ar,exact,2024:Q2:pre_second:exact,2024-08-28,pre_second,DELTA_TS,DELTA_TS,2024:Q2,0.07879341069259516,,,not_available,0.03810000000000002,0.04069341069259513,True,True,0,,,,,,,0,{},14,expanding,40,1965:Q3,,2,0.02
bridge,exact,2024:Q2:pre_second:exact,2024-08-28,pre_second,DELTA_TS,DELTA_TS,2024:Q2,-0.20080448163236309,,,not_available,0.03810000000000002,-0.2389044816323631,True,True,0,,,,,,,0,{},14,expanding,40,1965:Q3,,2,0.02
indicator_revision_only_dfm_kalman_em,exact,2024:Q2:pre_second:exact,2024-08-28,pre_second,DELTA_TS,DELTA_TS,2024:Q2,0.0,0.14256488295741643,0.37757765155980355,model_implied_state_space,0.03810000000000002,-0.03810000000000002,True,False,50,-3657.2675223300253,-5779.107223204134,-3657.2675223300253,1.111518286212231,0.0003037450545229805,51.0,0,{},14,expanding,40,1965:Q3,,2,0.02
joint_indicator_revision_dfm_full_kalman_em,exact,2024:Q2:pre_second:exact,2024-08-28,pre_second,DELTA_TS,DELTA_TS,2024:Q2,0.011358176825353894,0.13995751426305014,0.37410896041534497,model_implied_state_space,0.03810000000000002,-0.02674182317464613,True,False,50,-3639.264098494066,-5795.638353385657,-3639.264098494066,1.149389372769292,0.0003156437401572355,51.0,0,{},14,expanding,40,1965:Q3,,2,0.02
midas_umidas,exact,2024:Q2:pre_second:exact,2024-08-28,pre_second,DELTA_TS,DELTA_TS,2024:Q2,0.051366070705513245,,,not_available,0.03810000000000002,0.013266070705513222,True,True,0,,,,,,,0,{},14,expanding,40,1965:Q3,,2,0.02
monthly_mixed_frequency_kalman_em,exact,2024:Q2:pre_second:exact,2024-08-28,pre_second,DELTA_TS,DELTA_TS,2024:Q2,0.07560123407578434,0.14510889801505167,0.38093161855515706,model_implied_state_space,0.03810000000000002,0.03750123407578432,True,True,28,-6452.758313829933,-8646.172861549527,-6452.758313829933,0.5888316350774403,9.123023937303534e-05,28.0,0,{},14,expanding,40,1965:Q3,,2,0.02
no_revision,exact,2024:Q2:pre_second:exact,2024-08-28,pre_second,DELTA_TS,DELTA_TS,2024:Q2,0.0,,,not_available,0.03810000000000002,-0.03810000000000002,True,True,0,,,,,,,0,{},14,expanding,40,1965:Q3,,2,0.02
release_dfm,exact,2024:Q2:pre_second:exact,2024-08-28,pre_second,DELTA_TS,DELTA_TS,2024:Q2,0.05113334221197485,,,not_available,0.03810000000000002,0.01303334221197483,True,True,0,,,,,,,0,{},14,expanding,40,1965:Q3,,2,0.02
revision_dfm_kalman_em,exact,2024:Q2:pre_second:exact,2024-08-28,pre_second,DELTA_TS,DELTA_TS,2024:Q2,0.0016439338409028892,0.14095409869405418,0.37543854183348596,model_implied_state_space,0.03810000000000002,-0.036456066159097134,True,True,31,-1905.6595467527036,-3555.4334943650774,-1905.6595467527036,0.1768102154810549,9.272437817484145e-05,31.0,0,{},14,expanding,40,1965:Q3,,2,0.02
standard_dfm,exact,2024:Q2:pre_second:exact,2024-08-28,pre_second,DELTA_TS,DELTA_TS,2024:Q2,0.06724260548397121,,,not_available,0.03810000000000002,0.029142605483971185,True,True,0,,,,,,,0,{},14,expanding,40,1965:Q3,,2,0.02
ar,pseudo,2024:Q2:pre_second:pseudo,2024-08-31,pre_second,DELTA_TS,DELTA_TS,2024:Q2,0.07879341069259516,,,not_available,0.03810000000000002,0.04069341069259513,True,True,0,,,,,,,0,{},14,expanding,40,1965:Q3,,2,0.02
bridge,pseudo,2024:Q2:pre_second:pseudo,2024-08-31,pre_second,DELTA_TS,DELTA_TS,2024:Q2,-0.19987962032259343,,,not_available,0.03810000000000002,-0.23797962032259345,True,True,0,,,,,,,0,{},14,expanding,40,1965:Q3,,2,0.02
indicator_revision_only_dfm_kalman_em,pseudo,2024:Q2:pre_second:pseudo,2024-08-31,pre_second,DELTA_TS,DELTA_TS,2024:Q2,0.0,0.14256489755579982,0.3775776708914337,model_implied_state_space,0.03810000000000002,-0.03810000000000002,True,False,50,-3657.2682235591938,-5779.104840816724,-3657.2682235591938,1.112289689575391,0.00030395573391407417,51.0,0,{},14,expanding,40,1965:Q3,,2,0.02
joint_indicator_revision_dfm_full_kalman_em,pseudo,2024:Q2:pre_second:pseudo,2024-08-31,pre_second,DELTA_TS,DELTA_TS,2024:Q2,0.011357196076152043,0.13995747146693271,0.37410890321794366,model_implied_state_space,0.03810000000000002,-0.02674280392384798,True,False,50,-3639.2674887453663,-5795.635972724476,-3639.2674887453663,1.1502362082269428,0.00031587592940647904,51.0,0,{},14,expanding,40,1965:Q3,,2,0.02
midas_umidas,pseudo,2024:Q2:pre_second:pseudo,2024-08-31,pre_second,DELTA_TS,DELTA_TS,2024:Q2,0.058679698832893035,,,not_available,0.03810000000000002,0.020579698832893012,True,True,0,,,,,,,0,{},14,expanding,40,1965:Q3,,2,0.02
monthly_mixed_frequency_kalman_em,pseudo,2024:Q2:pre_second:pseudo,2024-08-31,pre_second,DELTA_TS,DELTA_TS,2024:Q2,0.07560374420843585,0.14510973017884787,0.380932710828104,model_implied_state_space,0.03810000000000002,0.03750374420843583,True,True,28,-6454.1930511441815,-8647.504739708897,-6454.1930511441815,0.5891602155470537,9.126085674178337e-05,28.0,0,{},14,expanding,40,1965:Q3,,2,0.02
no_revision,pseudo,2024:Q2:pre_second:pseudo,2024-08-31,pre_second,DELTA_TS,DELTA_TS,2024:Q2,0.0,,,not_available,0.03810000000000002,-0.03810000000000002,True,True,0,,,,,,,0,{},14,expanding,40,1965:Q3,,2,0.02
release_dfm,pseudo,2024:Q2:pre_second:pseudo,2024-08-31,pre_second,DELTA_TS,DELTA_TS,2024:Q2,0.051127950789570775,,,not_available,0.03810000000000002,0.013027950789570752,True,True,0,,,,,,,0,{},14,expanding,40,1965:Q3,,2,0.02
revision_dfm_kalman_em,pseudo,2024:Q2:pre_second:pseudo,2024-08-31,pre_second,DELTA_TS,DELTA_TS,2024:Q2,0.0016414000840971887,0.1409541074098828,0.37543855344101623,model_implied_state_space,0.03810000000000002,-0.036458599915902834,True,True,31,-1905.6555508486344,-3555.432578588234,-1905.6555508486344,0.1768053705688999,9.272203190398082e-05,31.0,0,{},14,expanding,40,1965:Q3,,2,0.02
standard_dfm,pseudo,2024:Q2:pre_second:pseudo,2024-08-31,pre_second,DELTA_TS,DELTA_TS,2024:Q2,0.06725430602293114,,,not_available,0.03810000000000002,0.02915430602293112,True,True,0,,,,,,,0,{},14,expanding,40,1965:Q3,,2,0.02
ar,exact,2024:Q2:pre_third:exact,2024-09-25,pre_third,DELTA_MT,DELTA_MT,2024:Q2,0.4003926973988654,,,not_available,0.6000000000000001,-0.19960730260113468,True,True,0,,,,,,,0,{},14,expanding,40,1965:Q3,,2,0.02
bridge,exact,2024:Q2:pre_third:exact,2024-09-25,pre_third,DELTA_MT,DELTA_MT,2024:Q2,0.1573735216015888,,,not_available,0.6000000000000001,-0.4426264783984113,True,True,0,,,,,,,0,{},14,expanding,40,1965:Q3,,2,0.02
indicator_revision_only_dfm_kalman_em,exact,2024:Q2:pre_third:exact,2024-09-25,pre_third,DELTA_MT,DELTA_MT,2024:Q2,0.0,4.163474512942537,2.040459387721926,model_implied_state_space,0.6000000000000001,-0.6000000000000001,True,True,39,-3618.0853059060546,-5752.468661010694,-3618.0853059060546,0.346776958663213,9.580977090437489e-05,39.0,0,{},14,expanding,40,1965:Q3,,2,0.02
joint_indicator_revision_dfm_full_kalman_em,exact,2024:Q2:pre_third:exact,2024-09-25,pre_third,DELTA_MT,DELTA_MT,2024:Q2,0.005910235970353117,4.160320613735331,2.039686400831101,model_implied_state_space,0.6000000000000001,-0.594089764029647,True,True,40,-3590.4352997173287,-5763.641604429013,-3590.4352997173287,0.33080368676110083,9.210056480225209e-05,40.0,0,{},14,expanding,40,1965:Q3,,2,0.02
midas_umidas,exact,2024:Q2:pre_third:exact,2024-09-25,pre_third,DELTA_MT,DELTA_MT,2024:Q2,-0.3830324221771648,,,not_available,0.6000000000000001,-0.9830324221771649,True,True,0,,,,,,,0,{},14,expanding,40,1965:Q3,,2,0.02
monthly_mixed_frequency_kalman_em,exact,2024:Q2:pre_third:exact,2024-09-25,pre_third,DELTA_MT,DELTA_MT,2024:Q2,0.04982911492617914,4.115750491892345,2.0287312517660747,model_implied_state_space,0.6000000000000001,-0.550170885073821,True,True,27,-6463.345216908381,-8630.23028076301,-6463.345216908381,0.5916755523394386,9.152070038447533e-05,27.0,0,{},14,expanding,40,1965:Q3,,2,0.02
no_revision,exact,2024:Q2:pre_third:exact,2024-09-25,pre_third,DELTA_MT,DELTA_MT,2024:Q2,0.0,,,not_available,0.6000000000000001,-0.6000000000000001,True,True,0,,,,,,,0,{},14,expanding,40,1965:Q3,,2,0.02
release_dfm,exact,2024:Q2:pre_third:exact,2024-09-25,pre_third,DELTA_MT,DELTA_MT,2024:Q2,0.20707504341068006,,,not_available,0.6000000000000001,-0.39292495658932003,True,True,0,,,,,,,0,{},14,expanding,40,1965:Q3,,2,0.02
revision_dfm_kalman_em,exact,2024:Q2:pre_third:exact,2024-09-25,pre_third,DELTA_MT,DELTA_MT,2024:Q2,0.0016196773556567123,4.153708486760192,2.0380648877698158,model_implied_state_space,0.6000000000000001,-0.5983803226443434,True,True,31,-1904.8464437459281,-3556.634288869756,-1904.8464437459281,0.17524286078355544,9.194169301165724e-05,31.0,0,{},14,expanding,40,1965:Q3,,2,0.02
standard_dfm,exact,2024:Q2:pre_third:exact,2024-09-25,pre_third,DELTA_MT,DELTA_MT,2024:Q2,0.32031491930789757,,,not_available,0.6000000000000001,-0.2796850806921025,True,True,0,,,,,,,0,{},14,expanding,40,1965:Q3,,2,0.02
ar,pseudo,2024:Q2:pre_third:pseudo,2024-09-30,pre_third,DELTA_MT,DELTA_MT,2024:Q2,0.4003926973988654,,,not_available,0.6000000000000001,-0.19960730260113468,True,True,0,,,,,,,0,{},14,expanding,40,1965:Q3,,2,0.02
bridge,pseudo,2024:Q2:pre_third:pseudo,2024-09-30,pre_third,DELTA_MT,DELTA_MT,2024:Q2,0.15291493606565654,,,not_available,0.6000000000000001,-0.44708506393434355,True,True,0,,,,,,,0,{},14,expanding,40,1965:Q3,,2,0.02
indicator_revision_only_dfm_kalman_em,pseudo,2024:Q2:pre_third:pseudo,2024-09-30,pre_third,DELTA_MT,DELTA_MT,2024:Q2,0.0,4.163468018584236,2.0404577963251866,model_implied_state_space,0.6000000000000001,-0.6000000000000001,True,True,39,-3618.2584662182344,-5752.473067409274,-3618.2584662182344,0.3350974685363326,9.257875577472735e-05,39.0,0,{},14,expanding,40,1965:Q3,,2,0.02
joint_indicator_revision_dfm_full_kalman_em,pseudo,2024:Q2:pre_third:pseudo,2024-09-30,pre_third,DELTA_MT,DELTA_MT,2024:Q2,0.005895811804103257,4.160361357122518,2.0396963884663126,model_implied_state_space,0.6000000000000001,-0.5941041881958968,True,True,40,-3590.60296660573,-5763.648282260353,-3590.60296660573,0.31902097106922156,8.881623046731065e-05,40.0,0,{},14,expanding,40,1965:Q3,,2,0.02
midas_umidas,pseudo,2024:Q2:pre_third:pseudo,2024-09-30,pre_third,DELTA_MT,DELTA_MT,2024:Q2,-0.32044010003960244,,,not_available,0.6000000000000001,-0.9204401000396025,True,True,0,,,,,,,0,{},14,expanding,40,1965:Q3,,2,0.02
monthly_mixed_frequency_kalman_em,pseudo,2024:Q2:pre_third:pseudo,2024-09-30,pre_third,DELTA_MT,DELTA_MT,2024:Q2,0.04980831485034365,4.115768573048126,2.0287357080329924,model_implied_state_space,0.6000000000000001,-0.5501916851496564,True,True,27,-6467.278082810968,-8633.158785558899,-6467.278082810968,0.594981703706253,9.197609811978763e-05,27.0,0,{},14,expanding,40,1965:Q3,,2,0.02
no_revision,pseudo,2024:Q2:pre_third:pseudo,2024-09-30,pre_third,DELTA_MT,DELTA_MT,2024:Q2,0.0,,,not_available,0.6000000000000001,-0.6000000000000001,True,True,0,,,,,,,0,{},14,expanding,40,1965:Q3,,2,0.02
release_dfm,pseudo,2024:Q2:pre_third:pseudo,2024-09-30,pre_third,DELTA_MT,DELTA_MT,2024:Q2,0.22809448852743675,,,not_available,0.6000000000000001,-0.37190551147256334,True,True,0,,,,,,,0,{},14,expanding,40,1965:Q3,,2,0.02
revision_dfm_kalman_em,pseudo,2024:Q2:pre_third:pseudo,2024-09-30,pre_third,DELTA_MT,DELTA_MT,2024:Q2,0.0016243732636191943,4.153720235922508,2.0380677701986527,model_implied_state_space,0.6000000000000001,-0.5983756267363809,True,True,31,-1905.5886009386813,-3556.866572371095,-1905.5886009386813,0.1763328612476016,9.247750371420648e-05,31.0,0,{},14,expanding,40,1965:Q3,,2,0.02
standard_dfm,pseudo,2024:Q2:pre_third:pseudo,2024-09-30,pre_third,DELTA_MT,DELTA_MT,2024:Q2,0.3235354371853605,,,not_available,0.6000000000000001,-0.2764645628146396,True,True,0,,,,,,,0,{},14,expanding,40,1965:Q3,,2,0.02
ar,exact,2024:Q3:pre_advance:exact,2024-10-29,pre_advance,DELTA_SA,DELTA_SA,2024:Q3,0.09455321279906093,,,not_available,0.008799999999999919,0.08575321279906101,True,True,0,,,,,,,0,{},14,expanding,40,1965:Q3,,2,0.02
bridge,exact,2024:Q3:pre_advance:exact,2024-10-29,pre_advance,DELTA_SA,DELTA_SA,2024:Q3,0.08142710177194123,,,not_available,0.008799999999999919,0.07262710177194132,True,True,0,,,,,,,0,{},14,expanding,40,1965:Q3,,2,0.02
indicator_revision_only_dfm_kalman_em,exact,2024:Q3:pre_advance:exact,2024-10-29,pre_advance,DELTA_SA,DELTA_SA,2024:Q3,0.0,0.40317136097892536,0.6349577631456484,model_implied_state_space,0.008799999999999919,-0.008799999999999919,True,False,50,-3685.912977108043,-5818.616184399132,-3685.912977108043,0.826218148460157,0.00022404462591142887,51.0,0,{},14,expanding,40,1965:Q3,,2,0.02
joint_indicator_revision_dfm_full_kalman_em,exact,2024:Q3:pre_advance:exact,2024-10-29,pre_advance,DELTA_SA,DELTA_SA,2024:Q3,0.1699203733347905,0.37174248412368094,0.6097068837758689,model_implied_state_space,0.008799999999999919,0.16112037333479057,True,False,50,-3666.8964436169745,-5835.119559843734,-3666.8964436169745,0.7182092334533081,0.00019577123830524866,51.0,0,{},14,expanding,40,1965:Q3,,2,0.02
midas_umidas,exact,2024:Q3:pre_advance:exact,2024-10-29,pre_advance,DELTA_SA,DELTA_SA,2024:Q3,0.4710608201725559,,,not_available,0.008799999999999919,0.462260820172556,True,True,0,,,,,,,0,{},14,expanding,40,1965:Q3,,2,0.02
monthly_mixed_frequency_kalman_em,exact,2024:Q3:pre_advance:exact,2024-10-29,pre_advance,DELTA_SA,DELTA_SA,2024:Q3,0.0358171803823748,0.36169309025255103,0.6014092535474916,model_implied_state_space,0.008799999999999919,0.027017180382374884,True,True,28,-6486.55240831008,-8688.148717082293,-6486.55240831008,0.5901635054524377,9.096031705839909e-05,28.0,0,{},14,expanding,40,1965:Q3,,2,0.02
no_revision,exact,2024:Q3:pre_advance:exact,2024-10-29,pre_advance,DELTA_SA,DELTA_SA,2024:Q3,0.0,,,not_available,0.008799999999999919,-0.008799999999999919,True,True,0,,,,,,,0,{},14,expanding,40,1965:Q3,,2,0.02
release_dfm,exact,2024:Q3:pre_advance:exact,2024-10-29,pre_advance,DELTA_SA,DELTA_SA,2024:Q3,0.09251068801486473,,,not_available,0.008799999999999919,0.08371068801486481,True,True,0,,,,,,,0,{},14,expanding,40,1965:Q3,,2,0.02
revision_dfm_kalman_em,exact,2024:Q3:pre_advance:exact,2024-10-29,pre_advance,DELTA_SA,DELTA_SA,2024:Q3,0.12066915240854792,0.38478896012431996,0.6203135982100666,model_implied_state_space,0.008799999999999919,0.111869152408548,True,True,31,-1920.974589664952,-3577.6524865399892,-1920.974589664952,0.17746925075221043,9.232841383647958e-05,31.0,0,{},14,expanding,40,1965:Q3,,2,0.02
standard_dfm,exact,2024:Q3:pre_advance:exact,2024-10-29,pre_advance,DELTA_SA,DELTA_SA,2024:Q3,0.09251068801486473,,,not_available,0.008799999999999919,0.08371068801486481,True,True,0,,,,,,,0,{},14,expanding,40,1965:Q3,,2,0.02
ar,pseudo,2024:Q3:pre_advance:pseudo,2024-10-31,pre_advance,DELTA_SA,DELTA_SA,2024:Q3,0.09455321279906093,,,not_available,0.008799999999999919,0.08575321279906101,True,True,0,,,,,,,0,{},14,expanding,40,1965:Q3,,2,0.02
bridge,pseudo,2024:Q3:pre_advance:pseudo,2024-10-31,pre_advance,DELTA_SA,DELTA_SA,2024:Q3,0.0803244164970831,,,not_available,0.008799999999999919,0.07152441649708319,True,True,0,,,,,,,0,{},14,expanding,40,1965:Q3,,2,0.02
indicator_revision_only_dfm_kalman_em,pseudo,2024:Q3:pre_advance:pseudo,2024-10-31,pre_advance,DELTA_SA,DELTA_SA,2024:Q3,0.0,0.40317125705697077,0.6349576813118893,model_implied_state_space,0.008799999999999919,-0.008799999999999919,True,False,50,-3685.9919813897627,-5818.6123266987215,-3685.9919813897627,0.8258061790143074,0.0002239281403213597,51.0,0,{},14,expanding,40,1965:Q3,,2,0.02
joint_indicator_revision_dfm_full_kalman_em,pseudo,2024:Q3:pre_advance:pseudo,2024-10-31,pre_advance,DELTA_SA,DELTA_SA,2024:Q3,0.1714491258461548,0.37173377334258273,0.6096997403169717,model_implied_state_space,0.008799999999999919,0.16264912584615487,True,False,50,-3666.9776126245997,-5835.11546125094,-3666.9776126245997,0.717289311928198,0.00019551620701671742,51.0,0,{},14,expanding,40,1965:Q3,,2,0.02
midas_umidas,pseudo,2024:Q3:pre_advance:pseudo,2024-10-31,pre_advance,DELTA_SA,DELTA_SA,2024:Q3,0.46289995995781275,,,not_available,0.008799999999999919,0.4540999599578128,True,True,0,,,,,,,0,{},14,expanding,40,1965:Q3,,2,0.02
monthly_mixed_frequency_kalman_em,pseudo,2024:Q3:pre_advance:pseudo,2024-10-31,pre_advance,DELTA_SA,DELTA_SA,2024:Q3,0.035866599937474763,0.3616908590466519,0.60140739856328,model_implied_state_space,0.008799999999999919,0.027066599937474844,True,True,28,-6487.884277396865,-8689.474999382368,-6487.884277396865,0.5903116102199419,9.096446902186913e-05,28.0,0,{},14,expanding,40,1965:Q3,,2,0.02
no_revision,pseudo,2024:Q3:pre_advance:pseudo,2024-10-31,pre_advance,DELTA_SA,DELTA_SA,2024:Q3,0.0,,,not_available,0.008799999999999919,-0.008799999999999919,True,True,0,,,,,,,0,{},14,expanding,40,1965:Q3,,2,0.02
release_dfm,pseudo,2024:Q3:pre_advance:pseudo,2024-10-31,pre_advance,DELTA_SA,DELTA_SA,2024:Q3,0.0925133839370913,,,not_available,0.008799999999999919,0.08371338393709138,True,True,0,,,,,,,0,{},14,expanding,40,1965:Q3,,2,0.02
revision_dfm_kalman_em,pseudo,2024:Q3:pre_advance:pseudo,2024-10-31,pre_advance,DELTA_SA,DELTA_SA,2024:Q3,0.12067965002187764,0.3847893816148842,0.6203139379498772,model_implied_state_space,0.008799999999999919,0.11187965002187772,True,True,31,-1920.9767753735528,-3577.652712890831,-1920.9767753735528,0.177479879830571,9.233383811185078e-05,31.0,0,{},14,expanding,40,1965:Q3,,2,0.02
standard_dfm,pseudo,2024:Q3:pre_advance:pseudo,2024-10-31,pre_advance,DELTA_SA,DELTA_SA,2024:Q3,0.0925133839370913,,,not_available,0.008799999999999919,0.08371338393709138,True,True,0,,,,,,,0,{},14,expanding,40,1965:Q3,,2,0.02
ar,exact,2024:Q3:pre_second:exact,2024-11-26,pre_second,DELTA_TS,DELTA_TS,2024:Q3,0.06846951380118549,,,not_available,0.23939999999999984,-0.17093048619881435,True,True,0,,,,,,,0,{},14,expanding,40,1965:Q3,,2,0.02
bridge,exact,2024:Q3:pre_second:exact,2024-11-26,pre_second,DELTA_TS,DELTA_TS,2024:Q3,0.002157589970466667,,,not_available,0.23939999999999984,-0.23724241002953317,True,True,0,,,,,,,0,{},14,expanding,40,1965:Q3,,2,0.02
indicator_revision_only_dfm_kalman_em,exact,2024:Q3:pre_second:exact,2024-11-26,pre_second,DELTA_TS,DELTA_TS,2024:Q3,0.0,0.14196402487797266,0.37678113657397005,model_implied_state_space,0.23939999999999984,-0.23939999999999984,True,False,50,-3686.5562659190555,-5819.979607442271,-3686.5562659190555,0.7816528751400256,0.0002119255047529827,51.0,0,{},14,expanding,40,1965:Q3,,2,0.02
joint_indicator_revision_dfm_full_kalman_em,exact,2024:Q3:pre_second:exact,2024-11-26,pre_second,DELTA_TS,DELTA_TS,2024:Q3,0.009657511961007614,0.13939229701426836,0.37335277823295804,model_implied_state_space,0.23939999999999984,-0.22974248803899222,True,False,50,-3667.2780785055115,-5836.578459116962,-3667.2780785055115,0.6313652534731773,0.00017208526488631768,51.0,0,{},14,expanding,40,1965:Q3,,2,0.02
midas_umidas,exact,2024:Q3:pre_second:exact,2024-11-26,pre_second,DELTA_TS,DELTA_TS,2024:Q3,0.0015542975941484904,,,not_available,0.23939999999999984,-0.23784570240585134,True,True,0,,,,,,,0,{},14,expanding,40,1965:Q3,,2,0.02
monthly_mixed_frequency_kalman_em,exact,2024:Q3:pre_second:exact,2024-11-26,pre_second,DELTA_TS,DELTA_TS,2024:Q3,0.0031621501145671083,0.14447192815236565,0.3800946305229339,model_implied_state_space,0.23939999999999984,-0.23623784988543273,True,True,28,-6503.904995170391,-8707.256363283941,-6503.904995170391,0.5940477689409818,9.131471160321277e-05,28.0,0,{},14,expanding,40,1965:Q3,,2,0.02
no_revision,exact,2024:Q3:pre_second:exact,2024-11-26,pre_second,DELTA_TS,DELTA_TS,2024:Q3,0.0,,,not_available,0.23939999999999984,-0.23939999999999984,True,True,0,,,,,,,0,{},14,expanding,40,1965:Q3,,2,0.02
release_dfm,exact,2024:Q3:pre_second:exact,2024-11-26,pre_second,DELTA_TS,DELTA_TS,2024:Q3,0.05152506963289527,,,not_available,0.23939999999999984,-0.18787493036710456,True,True,0,,,,,,,0,{},14,expanding,40,1965:Q3,,2,0.02
revision_dfm_kalman_em,exact,2024:Q3:pre_second:exact,2024-11-26,pre_second,DELTA_TS,DELTA_TS,2024:Q3,0.006953087856012896,0.14035226719396,0.3746361797717353,model_implied_state_space,0.23939999999999984,-0.23244691214398694,True,True,31,-1921.7575396980899,-3579.0515941401695,-1921.7575396980899,0.1763878845426916,9.172852068008034e-05,31.0,0,{},14,expanding,40,1965:Q3,,2,0.02
standard_dfm,exact,2024:Q3:pre_second:exact,2024-11-26,pre_second,DELTA_TS,DELTA_TS,2024:Q3,0.06600192387951109,,,not_available,0.23939999999999984,-0.17339807612048874,True,True,0,,,,,,,0,{},14,expanding,40,1965:Q3,,2,0.02
ar,pseudo,2024:Q3:pre_second:pseudo,2024-11-30,pre_second,DELTA_TS,DELTA_TS,2024:Q3,0.06846951380118549,,,not_available,0.23939999999999984,-0.17093048619881435,True,True,0,,,,,,,0,{},14,expanding,40,1965:Q3,,2,0.02
bridge,pseudo,2024:Q3:pre_second:pseudo,2024-11-30,pre_second,DELTA_TS,DELTA_TS,2024:Q3,-0.008926583410608924,,,not_available,0.23939999999999984,-0.24832658341060876,True,True,0,,,,,,,0,{},14,expanding,40,1965:Q3,,2,0.02
indicator_revision_only_dfm_kalman_em,pseudo,2024:Q3:pre_second:pseudo,2024-11-30,pre_second,DELTA_TS,DELTA_TS,2024:Q3,0.0,0.1419636645012199,0.37678065834278157,model_implied_state_space,0.23939999999999984,-0.23939999999999984,True,False,50,-3686.5384596749186,-5820.06429015777,-3686.5384596749186,0.765719108373105,0.00020760736405035405,51.0,0,{},14,expanding,40,1965:Q3,,2,0.02
joint_indicator_revision_dfm_full_kalman_em,pseudo,2024:Q3:pre_second:pseudo,2024-11-30,pre_second,DELTA_TS,DELTA_TS,2024:Q3,0.00964213329372754,0.1393937615209152,0.37335473951848425,model_implied_state_space,0.23939999999999984,-0.2297578667062723,True,False,50,-3667.2200803484343,-5836.66312428823,-3667.2200803484343,0.6058348461165224,0.00016513044230510897,51.0,0,{},14,expanding,40,1965:Q3,,2,0.02
midas_umidas,pseudo,2024:Q3:pre_second:pseudo,2024-11-30,pre_second,DELTA_TS,DELTA_TS,2024:Q3,-3.7562781915134735e-05,,,not_available,0.23939999999999984,-0.23943756278191497,True,True,0,,,,,,,0,{},14,expanding,40,1965:Q3,,2,0.02
monthly_mixed_frequency_kalman_em,pseudo,2024:Q3:pre_second:pseudo,2024-11-30,pre_second,DELTA_TS,DELTA_TS,2024:Q3,0.0031579766160358957,0.1444730137085276,0.38009605852800893,model_implied_state_space,0.23939999999999984,-0.23624202338396394,True,True,28,-6506.789067067091,-8709.979177076575,-6506.789067067091,0.5946370317360561,9.136477791891214e-05,28.0,0,{},14,expanding,40,1965:Q3,,2,0.02
no_revision,pseudo,2024:Q3:pre_second:pseudo,2024-11-30,pre_second,DELTA_TS,DELTA_TS,2024:Q3,0.0,,,not_available,0.23939999999999984,-0.23939999999999984,True,True,0,,,,,,,0,{},14,expanding,40,1965:Q3,,2,0.02
release_dfm,pseudo,2024:Q3:pre_second:pseudo,2024-11-30,pre_second,DELTA_TS,DELTA_TS,2024:Q3,0.05157428620169391,,,not_available,0.23939999999999984,-0.18782571379830593,True,True,0,,,,,,,0,{},14,expanding,40,1965:Q3,,2,0.02
revision_dfm_kalman_em,pseudo,2024:Q3:pre_second:pseudo,2024-11-30,pre_second,DELTA_TS,DELTA_TS,2024:Q3,0.0068836522224438035,0.14035177122912357,0.37463551784250726,model_implied_state_space,0.23939999999999984,-0.23251634777755603,True,True,31,-1921.8810856708096,-3579.081128398001,-1921.8810856708096,0.17656279483594517,9.181357354358031e-05,31.0,0,{},14,expanding,40,1965:Q3,,2,0.02
standard_dfm,pseudo,2024:Q3:pre_second:pseudo,2024-11-30,pre_second,DELTA_TS,DELTA_TS,2024:Q3,0.06588065497536855,,,not_available,0.23939999999999984,-0.1735193450246313,True,True,0,,,,,,,0,{},14,expanding,40,1965:Q3,,2,0.02
ar,exact,2024:Q3:pre_third:exact,2024-12-18,pre_third,DELTA_MT,DELTA_MT,2024:Q3,0.27166811072994523,,,not_available,0.26780000000000026,0.0038681107299449735,True,True,0,,,,,,,0,{},14,expanding,40,1965:Q3,,2,0.02
bridge,exact,2024:Q3:pre_third:exact,2024-12-18,pre_third,DELTA_MT,DELTA_MT,2024:Q3,0.30112974819558413,,,not_available,0.26780000000000026,0.033329748195583875,True,True,0,,,,,,,0,{},14,expanding,40,1965:Q3,,2,0.02
indicator_revision_only_dfm_kalman_em,exact,2024:Q3:pre_third:exact,2024-12-18,pre_third,DELTA_MT,DELTA_MT,2024:Q3,0.0,4.159139451897188,2.0393968353160665,model_implied_state_space,0.26780000000000026,-0.26780000000000026,True,False,50,-3685.980390356664,-5821.351912562719,-3685.980390356664,0.7747475391724947,0.0002100864917008972,51.0,0,{},14,expanding,40,1965:Q3,,2,0.02
joint_indicator_revision_dfm_full_kalman_em,exact,2024:Q3:pre_third:exact,2024-12-18,pre_third,DELTA_MT,DELTA_MT,2024:Q3,0.004434922724400714,4.160025354663843,2.039614021000994,model_implied_state_space,0.26780000000000026,-0.26336507727559955,True,False,50,-3666.781384689491,-5837.92385537199,-3666.781384689491,0.6213736907852763,0.00016938535153092997,51.0,0,{},14,expanding,40,1965:Q3,,2,0.02
midas_umidas,exact,2024:Q3:pre_third:exact,2024-12-18,pre_third,DELTA_MT,DELTA_MT,2024:Q3,-1.8324550388342757,,,not_available,0.26780000000000026,-2.100255038834276,True,True,0,,,,,,,0,{},14,expanding,40,1965:Q3,,2,0.02
monthly_mixed_frequency_kalman_em,exact,2024:Q3:pre_third:exact,2024-12-18,pre_third,DELTA_MT,DELTA_MT,2024:Q3,0.010246322258559815,4.101881300097244,2.025310173799866,model_implied_state_space,0.26780000000000026,-0.25755367774144045,True,True,28,-6521.002891821332,-8727.583307632307,-6521.002891821332,0.5951434377448095,9.124331049187067e-05,28.0,0,{},14,expanding,40,1965:Q3,,2,0.02
no_revision,exact,2024:Q3:pre_third:exact,2024-12-18,pre_third,DELTA_MT,DELTA_MT,2024:Q3,0.0,,,not_available,0.26780000000000026,-0.26780000000000026,True,True,0,,,,,,,0,{},14,expanding,40,1965:Q3,,2,0.02
release_dfm,exact,2024:Q3:pre_third:exact,2024-12-18,pre_third,DELTA_MT,DELTA_MT,2024:Q3,0.1672307245651945,,,not_available,0.26780000000000026,-0.10056927543480576,True,True,0,,,,,,,0,{},14,expanding,40,1965:Q3,,2,0.02
revision_dfm_kalman_em,exact,2024:Q3:pre_third:exact,2024-12-18,pre_third,DELTA_MT,DELTA_MT,2024:Q3,0.002808778029953274,4.127973333893553,2.0317414535057243,model_implied_state_space,0.26780000000000026,-0.264991221970047,True,True,24,-1921.2141766533623,-3606.1798043652366,-1921.2141766533623,0.17983933786558737,9.3549676273237e-05,24.0,0,{},14,expanding,40,1965:Q3,,2,0.02
standard_dfm,exact,2024:Q3:pre_third:exact,2024-12-18,pre_third,DELTA_MT,DELTA_MT,2024:Q3,0.3184385233812699,,,not_available,0.26780000000000026,0.05063852338126962,True,True,0,,,,,,,0,{},14,expanding,40,1965:Q3,,2,0.02
ar,pseudo,2024:Q3:pre_third:pseudo,2024-12-31,pre_third,DELTA_MT,DELTA_MT,2024:Q3,0.27166811072994523,,,not_available,0.26780000000000026,0.0038681107299449735,True,True,0,,,,,,,0,{},14,expanding,40,1965:Q3,,2,0.02
bridge,pseudo,2024:Q3:pre_third:pseudo,2024-12-31,pre_third,DELTA_MT,DELTA_MT,2024:Q3,0.302614844254264,,,not_available,0.26780000000000026,0.03481484425426373,True,True,0,,,,,,,0,{},14,expanding,40,1965:Q3,,2,0.02
indicator_revision_only_dfm_kalman_em,pseudo,2024:Q3:pre_third:pseudo,2024-12-31,pre_third,DELTA_MT,DELTA_MT,2024:Q3,0.0,4.1591391185333375,2.0393967535850734,model_implied_state_space,0.26780000000000026,-0.26780000000000026,True,False,50,-3685.98752178666,-5821.363250702429,-3685.98752178666,0.7706120534630827,0.0002089649118774044,51.0,0,{},14,expanding,40,1965:Q3,,2,0.02
joint_indicator_revision_dfm_full_kalman_em,pseudo,2024:Q3:pre_third:pseudo,2024-12-31,pre_third,DELTA_MT,DELTA_MT,2024:Q3,0.004432835646633659,4.160022617808622,2.0396133500760927,model_implied_state_space,0.26780000000000026,-0.2633671643533666,True,False,50,-3666.778536437857,-5837.935195802849,-3666.778536437857,0.6146301624830812,0.00016754751592035208,51.0,0,{},14,expanding,40,1965:Q3,,2,0.02
midas_umidas,pseudo,2024:Q3:pre_third:pseudo,2024-12-31,pre_third,DELTA_MT,DELTA_MT,2024:Q3,-1.7845959945822476,,,not_available,0.26780000000000026,-2.052395994582248,True,True,0,,,,,,,0,{},14,expanding,40,1965:Q3,,2,0.02
monthly_mixed_frequency_kalman_em,pseudo,2024:Q3:pre_third:pseudo,2024-12-31,pre_third,DELTA_MT,DELTA_MT,2024:Q3,0.010271673463787767,4.101881016654878,2.025310103824814,model_implied_state_space,0.26780000000000026,-0.2575283265362125,True,True,28,-6523.6791500619665,-8730.29071847285,-6523.6791500619665,0.5953237402145533,9.123351708877112e-05,28.0,0,{},14,expanding,40,1965:Q3,,2,0.02
no_revision,pseudo,2024:Q3:pre_third:pseudo,2024-12-31,pre_third,DELTA_MT,DELTA_MT,2024:Q3,0.0,,,not_available,0.26780000000000026,-0.26780000000000026,True,True,0,,,,,,,0,{},14,expanding,40,1965:Q3,,2,0.02
release_dfm,pseudo,2024:Q3:pre_third:pseudo,2024-12-31,pre_third,DELTA_MT,DELTA_MT,2024:Q3,0.16945668764449184,,,not_available,0.26780000000000026,-0.09834331235550842,True,True,0,,,,,,,0,{},14,expanding,40,1965:Q3,,2,0.02
revision_dfm_kalman_em,pseudo,2024:Q3:pre_third:pseudo,2024-12-31,pre_third,DELTA_MT,DELTA_MT,2024:Q3,0.002801906010547306,4.12797372517635,2.03174154979819,model_implied_state_space,0.26780000000000026,-0.26499809398945295,True,True,24,-1921.2548746550308,-3606.1896813690723,-1921.2548746550308,0.17985329300017838,9.35549542387586e-05,24.0,0,{},14,expanding,40,1965:Q3,,2,0.02
standard_dfm,pseudo,2024:Q3:pre_third:pseudo,2024-12-31,pre_third,DELTA_MT,DELTA_MT,2024:Q3,0.31838687935548604,,,not_available,0.26780000000000026,0.05058687935548578,True,True,0,,,,,,,0,{},14,expanding,40,1965:Q3,,2,0.02
ar,exact,2024:Q4:pre_advance:exact,2025-01-29,pre_advance,DELTA_SA,DELTA_SA,2024:Q4,0.08856620479105981,,,not_available,0.0939000000000001,-0.005333795208940284,True,True,0,,,,,,,0,{},14,expanding,40,1965:Q3,,2,0.02
bridge,exact,2024:Q4:pre_advance:exact,2025-01-29,pre_advance,DELTA_SA,DELTA_SA,2024:Q4,0.080781412992601,,,not_available,0.0939000000000001,-0.013118587007399096,True,True,0,,,,,,,0,{},14,expanding,40,1965:Q3,,2,0.02
indicator_revision_only_dfm_kalman_em,exact,2024:Q4:pre_advance:exact,2025-01-29,pre_advance,DELTA_SA,DELTA_SA,2024:Q4,0.0,0.40146422402878645,0.6336120453627649,model_implied_state_space,0.0939000000000001,-0.0939000000000001,True,False,50,-3713.519826732981,-5859.854787598682,-3713.519826732981,0.6572904450194983,0.0001769203524592032,51.0,0,{},14,expanding,40,1965:Q3,,2,0.02
joint_indicator_revision_dfm_full_kalman_em,exact,2024:Q4:pre_advance:exact,2025-01-29,pre_advance,DELTA_SA,DELTA_SA,2024:Q4,-0.02822504055793651,0.36820358906886774,0.6067978156427952,model_implied_state_space,0.0939000000000001,-0.1221250405579366,True,False,50,-3693.7388486949226,-5876.440298952488,-3693.7388486949226,0.4014916876672032,0.00010865397540642079,51.0,0,{},14,expanding,40,1965:Q3,,2,0.02
midas_umidas,exact,2024:Q4:pre_advance:exact,2025-01-29,pre_advance,DELTA_SA,DELTA_SA,2024:Q4,-1.185192405650786,,,not_available,0.0939000000000001,-1.2790924056507862,True,True,0,,,,,,,0,{},14,expanding,40,1965:Q3,,2,0.02
monthly_mixed_frequency_kalman_em,exact,2024:Q4:pre_advance:exact,2025-01-29,pre_advance,DELTA_SA,DELTA_SA,2024:Q4,0.1396480696409732,0.3601193406362171,0.6000994422895402,model_implied_state_space,0.0939000000000001,0.04574806964097311,True,True,28,-6539.143212612603,-8750.666374123035,-6539.143212612603,0.6003269502198236,9.17826767841671e-05,28.0,0,{},14,expanding,40,1965:Q3,,2,0.02
no_revision,exact,2024:Q4:pre_advance:exact,2025-01-29,pre_advance,DELTA_SA,DELTA_SA,2024:Q4,0.0,,,not_available,0.0939000000000001,-0.0939000000000001,True,True,0,,,,,,,0,{},14,expanding,40,1965:Q3,,2,0.02
release_dfm,exact,2024:Q4:pre_advance:exact,2025-01-29,pre_advance,DELTA_SA,DELTA_SA,2024:Q4,0.09221523935173925,,,not_available,0.0939000000000001,-0.0016847606482608413,True,True,0,,,,,,,0,{},14,expanding,40,1965:Q3,,2,0.02
revision_dfm_kalman_em,exact,2024:Q4:pre_advance:exact,2025-01-29,pre_advance,DELTA_SA,DELTA_SA,2024:Q4,0.07305358146764895,0.38304974288710447,0.6189101250481401,model_implied_state_space,0.0939000000000001,-0.02084641853235114,True,True,31,-1936.2772553715245,-3601.1524984142893,-1936.2772553715245,0.17509206439444824,9.03723204476075e-05,31.0,0,{},14,expanding,40,1965:Q3,,2,0.02
standard_dfm,exact,2024:Q4:pre_advance:exact,2025-01-29,pre_advance,DELTA_SA,DELTA_SA,2024:Q4,0.09221523935173925,,,not_available,0.0939000000000001,-0.0016847606482608413,True,True,0,,,,,,,0,{},14,expanding,40,1965:Q3,,2,0.02
ar,pseudo,2024:Q4:pre_advance:pseudo,2025-01-31,pre_advance,DELTA_SA,DELTA_SA,2024:Q4,0.08856620479105981,,,not_available,0.0939000000000001,-0.005333795208940284,True,True,0,,,,,,,0,{},14,expanding,40,1965:Q3,,2,0.02
bridge,pseudo,2024:Q4:pre_advance:pseudo,2025-01-31,pre_advance,DELTA_SA,DELTA_SA,2024:Q4,0.07752848161173365,,,not_available,0.0939000000000001,-0.01637151838826645,True,True,0,,,,,,,0,{},14,expanding,40,1965:Q3,,2,0.02
indicator_revision_only_dfm_kalman_em,pseudo,2024:Q4:pre_advance:pseudo,2025-01-31,pre_advance,DELTA_SA,DELTA_SA,2024:Q4,0.0,0.4014642930548229,0.633612099833031,model_implied_state_space,0.0939000000000001,-0.0939000000000001,True,False,50,-3713.5169232399057,-5859.86198597874,-3713.5169232399057,0.6557689687469974,0.000176511032750175,51.0,0,{},14,expanding,40,1965:Q3,,2,0.02
joint_indicator_revision_dfm_full_kalman_em,pseudo,2024:Q4:pre_advance:pseudo,2025-01-31,pre_advance,DELTA_SA,DELTA_SA,2024:Q4,-0.02793954218835104,0.36819069789422,0.6067871932516539,model_implied_state_space,0.0939000000000001,-0.12183954218835114,True,False,50,-3693.7357133177616,-5876.447529265906,-3693.7357133177616,0.3990000035578305,0.0001079798260451498,51.0,0,{},14,expanding,40,1965:Q3,,2,0.02
midas_umidas,pseudo,2024:Q4:pre_advance:pseudo,2025-01-31,pre_advance,DELTA_SA,DELTA_SA,2024:Q4,-1.1891689234921832,,,not_available,0.0939000000000001,-1.2830689234921833,True,True,0,,,,,,,0,{},14,expanding,40,1965:Q3,,2,0.02
monthly_mixed_frequency_kalman_em,pseudo,2024:Q4:pre_advance:pseudo,2025-01-31,pre_advance,DELTA_SA,DELTA_SA,2024:Q4,0.13932643791824484,0.3601139958923856,0.600094989057887,model_implied_state_space,0.0939000000000001,0.045426437918244744,True,True,28,-6540.669675618347,-8752.020968437366,-6540.669675618347,0.6009099822404096,9.185037127064126e-05,28.0,0,{},14,expanding,40,1965:Q3,,2,0.02
no_revision,pseudo,2024:Q4:pre_advance:pseudo,2025-01-31,pre_advance,DELTA_SA,DELTA_SA,2024:Q4,0.0,,,not_available,0.0939000000000001,-0.0939000000000001,True,True,0,,,,,,,0,{},14,expanding,40,1965:Q3,,2,0.02
release_dfm,pseudo,2024:Q4:pre_advance:pseudo,2025-01-31,pre_advance,DELTA_SA,DELTA_SA,2024:Q4,0.09222249777661551,,,not_available,0.0939000000000001,-0.001677502223384586,True,True,0,,,,,,,0,{},14,expanding,40,1965:Q3,,2,0.02
revision_dfm_kalman_em,pseudo,2024:Q4:pre_advance:pseudo,2025-01-31,pre_advance,DELTA_SA,DELTA_SA,2024:Q4,0.07309306302636664,0.38305259510302214,0.6189124292684888,model_implied_state_space,0.0939000000000001,-0.02080693697363345,True,True,31,-1936.2965425109846,-3601.156235324779,-1936.2965425109846,0.17515621386996827,9.040452770755164e-05,31.0,0,{},14,expanding,40,1965:Q3,,2,0.02
standard_dfm,pseudo,2024:Q4:pre_advance:pseudo,2025-01-31,pre_advance,DELTA_SA,DELTA_SA,2024:Q4,0.09222249777661551,,,not_available,0.0939000000000001,-0.001677502223384586,True,True,0,,,,,,,0,{},14,expanding,40,1965:Q3,,2,0.02
ar,exact,2024:Q4:pre_second:exact,2025-02-26,pre_second,DELTA_TS,DELTA_TS,2024:Q4,0.07963622768986722,,,not_available,0.10440000000000005,-0.024763772310132826,True,True,0,,,,,,,0,{},14,expanding,40,1965:Q3,,2,0.02
bridge,exact,2024:Q4:pre_second:exact,2025-02-26,pre_second,DELTA_TS,DELTA_TS,2024:Q4,0.13209416253015238,,,not_available,0.10440000000000005,0.027694162530152333,True,True,0,,,,,,,0,{},14,expanding,40,1965:Q3,,2,0.02
indicator_revision_only_dfm_kalman_em,exact,2024:Q4:pre_second:exact,2025-02-26,pre_second,DELTA_TS,DELTA_TS,2024:Q4,0.0,0.14161100133079563,0.37631237201399004,model_implied_state_space,0.10440000000000005,-0.10440000000000005,True,False,50,-3711.676884939006,-5861.171489389753,-3711.676884939006,0.582496032382096,0.00015686920104937975,51.0,0,{},14,expanding,40,1965:Q3,,2,0.02
joint_indicator_revision_dfm_full_kalman_em,exact,2024:Q4:pre_second:exact,2025-02-26,pre_second,DELTA_TS,DELTA_TS,2024:Q4,-0.002066509971374142,0.13907453411187964,0.37292698227921195,model_implied_state_space,0.10440000000000005,-0.10646650997137419,True,True,50,-3691.897423464636,-5877.856861104677,-3691.897423464636,0.33353655595010423,9.031023501120144e-05,50.0,0,{},14,expanding,40,1965:Q3,,2,0.02
midas_umidas,exact,2024:Q4:pre_second:exact,2025-02-26,pre_second,DELTA_TS,DELTA_TS,2024:Q4,-0.7663464835904368,,,not_available,0.10440000000000005,-0.8707464835904368,True,True,0,,,,,,,0,{},14,expanding,40,1965:Q3,,2,0.02
monthly_mixed_frequency_kalman_em,exact,2024:Q4:pre_second:exact,2025-02-26,pre_second,DELTA_TS,DELTA_TS,2024:Q4,0.08210463032636639,0.14333353161443618,0.37859415158509274,model_implied_state_space,0.10440000000000005,-0.022295369673633658,True,True,27,-6548.940949226245,-8733.635195700865,-6548.940949226245,0.6186385703649648,9.444056833212539e-05,27.0,0,{},14,expanding,40,1965:Q3,,2,0.02
no_revision,exact,2024:Q4:pre_second:exact,2025-02-26,pre_second,DELTA_TS,DELTA_TS,2024:Q4,0.0,,,not_available,0.10440000000000005,-0.10440000000000005,True,True,0,,,,,,,0,{},14,expanding,40,1965:Q3,,2,0.02
release_dfm,exact,2024:Q4:pre_second:exact,2025-02-26,pre_second,DELTA_TS,DELTA_TS,2024:Q4,0.050394463414680235,,,not_available,0.10440000000000005,-0.05400553658531981,True,True,0,,,,,,,0,{},14,expanding,40,1965:Q3,,2,0.02
revision_dfm_kalman_em,exact,2024:Q4:pre_second:exact,2025-02-26,pre_second,DELTA_TS,DELTA_TS,2024:Q4,0.003386608668786373,0.14086534152890873,0.37532031856656617,model_implied_state_space,0.10440000000000005,-0.10101339133121368,True,True,24,-1935.7529557318555,-3628.496744953977,-1935.7529557318555,0.1805505830789116,9.321465217585796e-05,24.0,0,{},14,expanding,40,1965:Q3,,2,0.02
standard_dfm,exact,2024:Q4:pre_second:exact,2025-02-26,pre_second,DELTA_TS,DELTA_TS,2024:Q4,0.06731776128520695,,,not_available,0.10440000000000005,-0.0370822387147931,True,True,0,,,,,,,0,{},14,expanding,40,1965:Q3,,2,0.02
ar,pseudo,2024:Q4:pre_second:pseudo,2025-02-28,pre_second,DELTA_TS,DELTA_TS,2024:Q4,0.07963622768986722,,,not_available,0.10440000000000005,-0.024763772310132826,True,True,0,,,,,,,0,{},14,expanding,40,1965:Q3,,2,0.02
bridge,pseudo,2024:Q4:pre_second:pseudo,2025-02-28,pre_second,DELTA_TS,DELTA_TS,2024:Q4,0.12681342774469284,,,not_available,0.10440000000000005,0.022413427744692793,True,True,0,,,,,,,0,{},14,expanding,40,1965:Q3,,2,0.02
indicator_revision_only_dfm_kalman_em,pseudo,2024:Q4:pre_second:pseudo,2025-02-28,pre_second,DELTA_TS,DELTA_TS,2024:Q4,0.0,0.1416109220631725,0.3763122666924007,model_implied_state_space,0.10440000000000005,-0.10440000000000005,True,False,50,-3711.725539540023,-5861.216814181894,-3711.725539540023,0.583713597005044,0.00015719498625435492,51.0,0,{},14,expanding,40,1965:Q3,,2,0.02
joint_indicator_revision_dfm_full_kalman_em,pseudo,2024:Q4:pre_second:pseudo,2025-02-28,pre_second,DELTA_TS,DELTA_TS,2024:Q4,-0.002072082946731335,0.13907433575896788,0.37292671633843544,model_implied_state_space,0.10440000000000005,-0.10647208294673138,True,True,50,-3691.9461736192598,-5877.902082827927,-3691.9461736192598,0.3357560995073072,9.090995648222125e-05,50.0,0,{},14,expanding,40,1965:Q3,,2,0.02
midas_umidas,pseudo,2024:Q4:pre_second:pseudo,2025-02-28,pre_second,DELTA_TS,DELTA_TS,2024:Q4,-0.7947347124417492,,,not_available,0.10440000000000005,-0.8991347124417493,True,True,0,,,,,,,0,{},14,expanding,40,1965:Q3,,2,0.02
monthly_mixed_frequency_kalman_em,pseudo,2024:Q4:pre_second:pseudo,2025-02-28,pre_second,DELTA_TS,DELTA_TS,2024:Q4,0.08206756294226958,0.1433322528638573,0.37859246276683495,model_implied_state_space,0.10440000000000005,-0.02233243705773047,True,True,27,-6551.239621459542,-8736.353042009172,-6551.239621459542,0.617495940927256,9.423308487645124e-05,27.0,0,{},14,expanding,40,1965:Q3,,2,0.02
no_revision,pseudo,2024:Q4:pre_second:pseudo,2025-02-28,pre_second,DELTA_TS,DELTA_TS,2024:Q4,0.0,,,not_available,0.10440000000000005,-0.10440000000000005,True,True,0,,,,,,,0,{},14,expanding,40,1965:Q3,,2,0.02
release_dfm,pseudo,2024:Q4:pre_second:pseudo,2025-02-28,pre_second,DELTA_TS,DELTA_TS,2024:Q4,0.05041121976040719,,,not_available,0.10440000000000005,-0.05398878023959286,True,True,0,,,,,,,0,{},14,expanding,40,1965:Q3,,2,0.02
revision_dfm_kalman_em,pseudo,2024:Q4:pre_second:pseudo,2025-02-28,pre_second,DELTA_TS,DELTA_TS,2024:Q4,0.003336032478125084,0.14086516566681628,0.37532008428382335,model_implied_state_space,0.10440000000000005,-0.10106396752187496,True,True,24,-1935.7468973216921,-3628.4983921324892,-1935.7468973216921,0.18051611977375615,9.31971526248479e-05,24.0,0,{},14,expanding,40,1965:Q3,,2,0.02
standard_dfm,pseudo,2024:Q4:pre_second:pseudo,2025-02-28,pre_second,DELTA_TS,DELTA_TS,2024:Q4,0.06728211452915733,,,not_available,0.10440000000000005,-0.037117885470842715,True,True,0,,,,,,,0,{},14,expanding,40,1965:Q3,,2,0.02
ar,exact,2024:Q4:pre_third:exact,2025-03-26,pre_third,DELTA_MT,DELTA_MT,2024:Q4,0.33614694528956646,,,not_available,-0.5985,0.9346469452895665,True,True,0,,,,,,,0,{},14,expanding,40,1965:Q3,,2,0.02
bridge,exact,2024:Q4:pre_third:exact,2025-03-26,pre_third,DELTA_MT,DELTA_MT,2024:Q4,0.12899766390039558,,,not_available,-0.5985,0.7274976639003956,True,True,0,,,,,,,0,{},14,expanding,40,1965:Q3,,2,0.02
indicator_revision_only_dfm_kalman_em,exact,2024:Q4:pre_third:exact,2025-03-26,pre_third,DELTA_MT,DELTA_MT,2024:Q4,0.0,4.141070799650397,2.0349621125835236,model_implied_state_space,-0.5985,0.5985,True,False,50,-3711.037141059182,-5862.396996348127,-3711.037141059182,0.5875528536430465,0.00015825807941384195,51.0,0,{},14,expanding,40,1965:Q3,,2,0.02
joint_indicator_revision_dfm_full_kalman_em,exact,2024:Q4:pre_third:exact,2025-03-26,pre_third,DELTA_MT,DELTA_MT,2024:Q4,-0.00018995441215485798,4.140939478585828,2.0349298461091547,model_implied_state_space,-0.5985,0.5983100455878452,True,True,50,-3691.270548586171,-5879.055411473302,-3691.270548586171,0.34926845301924914,9.458554368570196e-05,50.0,0,{},14,expanding,40,1965:Q3,,2,0.02
midas_umidas,exact,2024:Q4:pre_third:exact,2025-03-26,pre_third,DELTA_MT,DELTA_MT,2024:Q4,5.34583299330774,,,not_available,-0.5985,5.944332993307739,True,True,0,,,,,,,0,{},14,expanding,40,1965:Q3,,2,0.02
monthly_mixed_frequency_kalman_em,exact,2024:Q4:pre_third:exact,2025-03-26,pre_third,DELTA_MT,DELTA_MT,2024:Q4,0.08745216125706845,4.08364702841813,2.0208035600765677,model_implied_state_space,-0.5985,0.6859521612570685,True,True,28,-6571.402203876199,-8790.657522762107,-6571.402203876199,0.606597128516114,9.228606668279416e-05,28.0,0,{},14,expanding,40,1965:Q3,,2,0.02
no_revision,exact,2024:Q4:pre_third:exact,2025-03-26,pre_third,DELTA_MT,DELTA_MT,2024:Q4,0.0,,,not_available,-0.5985,0.5985,True,True,0,,,,,,,0,{},14,expanding,40,1965:Q3,,2,0.02
release_dfm,exact,2024:Q4:pre_third:exact,2025-03-26,pre_third,DELTA_MT,DELTA_MT,2024:Q4,0.3073783372384984,,,not_available,-0.5985,0.9058783372384984,True,True,0,,,,,,,0,{},14,expanding,40,1965:Q3,,2,0.02
revision_dfm_kalman_em,exact,2024:Q4:pre_third:exact,2025-03-26,pre_third,DELTA_MT,DELTA_MT,2024:Q4,0.0022023769447754304,4.123397013675422,2.030614934859739,model_implied_state_space,-0.5985,0.6007023769447755,True,True,31,-1934.9962262069307,-3603.6084620574475,-1934.9962262069307,0.18085811417586228,9.340990327817956e-05,31.0,0,{},14,expanding,40,1965:Q3,,2,0.02
standard_dfm,exact,2024:Q4:pre_third:exact,2025-03-26,pre_third,DELTA_MT,DELTA_MT,2024:Q4,0.3145865928938014,,,not_available,-0.5985,0.9130865928938015,True,True,0,,,,,,,0,{},14,expanding,40,1965:Q3,,2,0.02
ar,pseudo,2024:Q4:pre_third:pseudo,2025-03-31,pre_third,DELTA_MT,DELTA_MT,2024:Q4,0.33614694528956646,,,not_available,-0.5985,0.9346469452895665,True,True,0,,,,,,,0,{},14,expanding,40,1965:Q3,,2,0.02
bridge,pseudo,2024:Q4:pre_third:pseudo,2025-03-31,pre_third,DELTA_MT,DELTA_MT,2024:Q4,0.13459644879060262,,,not_available,-0.5985,0.7330964487906027,True,True,0,,,,,,,0,{},14,expanding,40,1965:Q3,,2,0.02
indicator_revision_only_dfm_kalman_em,pseudo,2024:Q4:pre_third:pseudo,2025-03-31,pre_third,DELTA_MT,DELTA_MT,2024:Q4,0.0,4.141070861158422,2.0349621276963417,model_implied_state_space,-0.5985,0.5985,True,False,50,-3711.045112881611,-5862.400227581849,-3711.045112881611,0.58797407579641,0.00015837117808974464,51.0,0,{},14,expanding,40,1965:Q3,,2,0.02
joint_indicator_revision_dfm_full_kalman_em,pseudo,2024:Q4:pre_third:pseudo,2025-03-31,pre_third,DELTA_MT,DELTA_MT,2024:Q4,-0.0001889038335574078,4.140940169493571,2.0349300158712023,model_implied_state_space,-0.5985,0.5983110961664426,True,True,50,-3691.2793375094875,-5879.058635315146,-3691.2793375094875,0.3501742409666804,9.483059154794107e-05,50.0,0,{},14,expanding,40,1965:Q3,,2,0.02
midas_umidas,pseudo,2024:Q4:pre_third:pseudo,2025-03-31,pre_third,DELTA_MT,DELTA_MT,2024:Q4,5.355778021747714,,,not_available,-0.5985,5.954278021747713,True,True,0,,,,,,,0,{},14,expanding,40,1965:Q3,,2,0.02
monthly_mixed_frequency_kalman_em,pseudo,2024:Q4:pre_third:pseudo,2025-03-31,pre_third,DELTA_MT,DELTA_MT,2024:Q4,0.08743815449366288,4.083648424357379,2.0208039054686573,model_implied_state_space,-0.5985,0.6859381544936629,True,True,28,-6573.047501630251,-8791.999099907303,-6573.047501630251,0.6077740693281157,9.244196750124595e-05,28.0,0,{},14,expanding,40,1965:Q3,,2,0.02
no_revision,pseudo,2024:Q4:pre_third:pseudo,2025-03-31,pre_third,DELTA_MT,DELTA_MT,2024:Q4,0.0,,,not_available,-0.5985,0.5985,True,True,0,,,,,,,0,{},14,expanding,40,1965:Q3,,2,0.02
release_dfm,pseudo,2024:Q4:pre_third:pseudo,2025-03-31,pre_third,DELTA_MT,DELTA_MT,2024:Q4,0.30375904272645826,,,not_available,-0.5985,0.9022590427264583,True,True,0,,,,,,,0,{},14,expanding,40,1965:Q3,,2,0.02
revision_dfm_kalman_em,pseudo,2024:Q4:pre_third:pseudo,2025-03-31,pre_third,DELTA_MT,DELTA_MT,2024:Q4,0.0022107916586313614,4.123397063179116,2.0306149470490746,model_implied_state_space,-0.5985,0.6007107916586314,True,True,31,-1934.9853127784102,-3603.6082547781334,-1934.9853127784102,0.1808126807698045,9.338696633116803e-05,31.0,0,{},14,expanding,40,1965:Q3,,2,0.02
standard_dfm,pseudo,2024:Q4:pre_third:pseudo,2025-03-31,pre_third,DELTA_MT,DELTA_MT,2024:Q4,0.3146620147523578,,,not_available,-0.5985,0.9131620147523578,True,True,0,,,,,,,0,{},14,expanding,40,1965:Q3,,2,0.02
