model_id,timing_mode,forecast_origin,forecast_origin_date,checkpoint_id,target_id,target_quarter,forecast_value,forecast_variance,forecast_sd,density_source,realized_value,forecast_error,revision_target_flag,converged,n_iter,loglikelihood,llf_initial,llf_final,llf_last_improvement,llf_relative_last_improvement,llf_history_length,numerical_guard_event_count,numerical_guard_events,n_indicators,estimation_window,rolling_window_quarters,training_window_start,excluded_quarters,initialization_seed,initialization_jitter
ar,exact,2022:Q1:pre_advance:exact,2022-04-27,pre_advance,A,2022:Q1,2.6927488969272595,,,not_available,-1.4142,4.10694889692726,False,True,0,,,,,,,0,{},14,expanding,40,1965:Q3,,3,0.02
bridge,exact,2022:Q1:pre_advance:exact,2022-04-27,pre_advance,A,2022:Q1,5.227154474813036,,,not_available,-1.4142,6.641354474813036,False,True,0,,,,,,,0,{},14,expanding,40,1965:Q3,,3,0.02
indicator_revision_only_dfm_kalman_em,exact,2022:Q1:pre_advance:exact,2022-04-27,pre_advance,A,2022:Q1,5.663997751774208,2.8554568846882225,1.6898097184855525,model_implied_state_space,-1.4142,7.0781977517742085,False,True,47,-3351.797385042945,-5380.70163794475,-3351.797385042945,0.30173187608033913,8.998596986228777e-05,47.0,0,{},14,expanding,40,1965:Q3,,3,0.02
joint_indicator_revision_dfm_full_kalman_em,exact,2022:Q1:pre_advance:exact,2022-04-27,pre_advance,A,2022:Q1,5.1064386680060165,2.038687580912185,1.4278261732130368,model_implied_state_space,-1.4142,6.520638668006017,False,True,48,-3322.277619213422,-5390.229589080529,-3322.277619213422,0.31834653418036396,9.578376477200826e-05,48.0,0,{},14,expanding,40,1965:Q3,,3,0.02
midas_umidas,exact,2022:Q1:pre_advance:exact,2022-04-27,pre_advance,A,2022:Q1,0.898970140648296,,,not_available,-1.4142,2.313170140648296,False,True,0,,,,,,,0,{},14,expanding,40,1965:Q3,,3,0.02
monthly_mixed_frequency_kalman_em,exact,2022:Q1:pre_advance:exact,2022-04-27,pre_advance,A,2022:Q1,5.436717824734956,4.014426515724943,2.0036033828392643,model_implied_state_space,-1.4142,6.850917824734956,False,True,30,-5981.90197003363,-8025.500464250411,-5981.90197003363,0.5979071422016204,9.992598888191642e-05,30.0,0,{},14,expanding,40,1965:Q3,,3,0.02
no_revision,exact,2022:Q1:pre_advance:exact,2022-04-27,pre_advance,A,2022:Q1,2.755991365930564,,,not_available,-1.4142,4.170191365930564,False,True,0,,,,,,,0,{},14,expanding,40,1965:Q3,,3,0.02
release_dfm,exact,2022:Q1:pre_advance:exact,2022-04-27,pre_advance,A,2022:Q1,6.932443866578865,,,not_available,-1.4142,8.346643866578864,False,True,0,,,,,,,0,{},14,expanding,40,1965:Q3,,3,0.02
revision_dfm_kalman_em,exact,2022:Q1:pre_advance:exact,2022-04-27,pre_advance,A,2022:Q1,5.732041774642171,2.668872228215314,1.6336683348266605,model_implied_state_space,-1.4142,7.146241774642171,False,True,27,-1796.9455376069245,-3331.0051081914985,-1796.9455376069245,0.15740154445893495,8.753756029853372e-05,27.0,0,{},14,expanding,40,1965:Q3,,3,0.02
standard_dfm,exact,2022:Q1:pre_advance:exact,2022-04-27,pre_advance,A,2022:Q1,6.932443866578865,,,not_available,-1.4142,8.346643866578864,False,True,0,,,,,,,0,{},14,expanding,40,1965:Q3,,3,0.02
ar,pseudo,2022:Q1:pre_advance:pseudo,2022-04-30,pre_advance,A,2022:Q1,2.6927488969272595,,,not_available,-1.4142,4.10694889692726,False,True,0,,,,,,,0,{},14,expanding,40,1965:Q3,,3,0.02
bridge,pseudo,2022:Q1:pre_advance:pseudo,2022-04-30,pre_advance,A,2022:Q1,5.395493194750157,,,not_available,-1.4142,6.8096931947501576,False,True,0,,,,,,,0,{},14,expanding,40,1965:Q3,,3,0.02
indicator_revision_only_dfm_kalman_em,pseudo,2022:Q1:pre_advance:pseudo,2022-04-30,pre_advance,A,2022:Q1,5.666466362975511,2.855281245589421,1.6897577476044965,model_implied_state_space,-1.4142,7.080666362975511,False,True,47,-3351.556985158633,-5380.461973682422,-3351.556985158633,0.3067228355525913,9.148085405955403e-05,47.0,0,{},14,expanding,40,1965:Q3,,3,0.02
joint_indicator_revision_dfm_full_kalman_em,pseudo,2022:Q1:pre_advance:pseudo,2022-04-30,pre_advance,A,2022:Q1,5.108737853264068,2.0384123430973227,1.427729786443262,model_implied_state_space,-1.4142,6.522937853264068,False,True,48,-3322.040019500467,-5389.990019086494,-3322.040019500467,0.3241336847495404,9.753179904732392e-05,48.0,0,{},14,expanding,40,1965:Q3,,3,0.02
midas_umidas,pseudo,2022:Q1:pre_advance:pseudo,2022-04-30,pre_advance,A,2022:Q1,0.8363165284230893,,,not_available,-1.4142,2.2505165284230895,False,True,0,,,,,,,0,{},14,expanding,40,1965:Q3,,3,0.02
monthly_mixed_frequency_kalman_em,pseudo,2022:Q1:pre_advance:pseudo,2022-04-30,pre_advance,A,2022:Q1,5.440082703562381,4.014238510924995,2.0035564656193237,model_implied_state_space,-1.4142,6.854282703562381,False,True,30,-5983.494801796293,-8026.848095630857,-5983.494801796293,0.5982077376793313,9.994961427105885e-05,30.0,0,{},14,expanding,40,1965:Q3,,3,0.02
no_revision,pseudo,2022:Q1:pre_advance:pseudo,2022-04-30,pre_advance,A,2022:Q1,2.755991365930564,,,not_available,-1.4142,4.170191365930564,False,True,0,,,,,,,0,{},14,expanding,40,1965:Q3,,3,0.02
release_dfm,pseudo,2022:Q1:pre_advance:pseudo,2022-04-30,pre_advance,A,2022:Q1,7.007425291976666,,,not_available,-1.4142,8.421625291976666,False,True,0,,,,,,,0,{},14,expanding,40,1965:Q3,,3,0.02
revision_dfm_kalman_em,pseudo,2022:Q1:pre_advance:pseudo,2022-04-30,pre_advance,A,2022:Q1,5.749661936533167,2.6688246291050923,1.6336537665934885,model_implied_state_space,-1.4142,7.163861936533167,False,True,27,-1796.6635334692926,-3330.8663396184324,-1796.6635334692926,0.15734199302778507,8.75181700108603e-05,27.0,0,{},14,expanding,40,1965:Q3,,3,0.02
standard_dfm,pseudo,2022:Q1:pre_advance:pseudo,2022-04-30,pre_advance,A,2022:Q1,7.007425291976666,,,not_available,-1.4142,8.421625291976666,False,True,0,,,,,,,0,{},14,expanding,40,1965:Q3,,3,0.02
ar,exact,2022:Q1:pre_second:exact,2022-05-25,pre_second,S,2022:Q1,2.8477678735606102,,,not_available,-1.5101,4.35786787356061,False,True,0,,,,,,,0,{},14,expanding,40,1965:Q3,,3,0.02
bridge,exact,2022:Q1:pre_second:exact,2022-05-25,pre_second,S,2022:Q1,5.242373606153068,,,not_available,-1.5101,6.7524736061530675,False,True,0,,,,,,,0,{},14,expanding,40,1965:Q3,,3,0.02
indicator_revision_only_dfm_kalman_em,exact,2022:Q1:pre_second:exact,2022-05-25,pre_second,S,2022:Q1,-0.5292388932350787,0.3695874505104399,0.6079370448578042,model_implied_state_space,-1.5101,0.9808611067649213,False,True,47,-3360.203295050518,-5381.830290239384,-3360.203295050518,0.27985111100497306,8.325227253468011e-05,47.0,0,{},14,expanding,40,1965:Q3,,3,0.02
joint_indicator_revision_dfm_full_kalman_em,exact,2022:Q1:pre_second:exact,2022-05-25,pre_second,S,2022:Q1,-1.0929728165405201,0.3595322426392285,0.5996100754984263,model_implied_state_space,-1.5101,0.41712718345947986,False,True,47,-3331.8349314694237,-5391.404850743411,-3331.8349314694237,0.29670595166453495,8.901717181926315e-05,47.0,0,{},14,expanding,40,1965:Q3,,3,0.02
midas_umidas,exact,2022:Q1:pre_second:exact,2022-05-25,pre_second,S,2022:Q1,-2.0627838654587087,,,not_available,-1.5101,-0.5526838654587087,False,True,0,,,,,,,0,{},14,expanding,40,1965:Q3,,3,0.02
monthly_mixed_frequency_kalman_em,exact,2022:Q1:pre_second:exact,2022-05-25,pre_second,S,2022:Q1,-0.8525822491329285,0.3627429036452901,0.6022814156565767,model_implied_state_space,-1.5101,0.6575177508670715,False,True,30,-6002.810123287169,-8069.8821851924995,-6002.810123287169,0.5860690577828791,9.760666002187911e-05,30.0,0,{},14,expanding,40,1965:Q3,,3,0.02
no_revision,exact,2022:Q1:pre_second:exact,2022-05-25,pre_second,S,2022:Q1,-1.4142,,,not_available,-1.5101,0.0959000000000001,False,True,0,,,,,,,0,{},14,expanding,40,1965:Q3,,3,0.02
release_dfm,exact,2022:Q1:pre_second:exact,2022-05-25,pre_second,S,2022:Q1,-1.4208731240480543,,,not_available,-1.5101,0.08922687595194567,False,True,0,,,,,,,0,{},14,expanding,40,1965:Q3,,3,0.02
revision_dfm_kalman_em,exact,2022:Q1:pre_second:exact,2022-05-25,pre_second,S,2022:Q1,-1.6704941444594565,0.3944150233156751,0.628024699606373,model_implied_state_space,-1.5101,-0.16039414445945654,False,True,27,-1799.6328132294789,-3332.279778837197,-1799.6328132294789,0.17119143051104402,9.506388816775577e-05,27.0,0,{},14,expanding,40,1965:Q3,,3,0.02
standard_dfm,exact,2022:Q1:pre_second:exact,2022-05-25,pre_second,S,2022:Q1,7.4996192020750065,,,not_available,-1.5101,9.009719202075006,False,True,0,,,,,,,0,{},14,expanding,40,1965:Q3,,3,0.02
ar,pseudo,2022:Q1:pre_second:pseudo,2022-05-31,pre_second,S,2022:Q1,2.8477678735606102,,,not_available,-1.5101,4.35786787356061,False,True,0,,,,,,,0,{},14,expanding,40,1965:Q3,,3,0.02
bridge,pseudo,2022:Q1:pre_second:pseudo,2022-05-31,pre_second,S,2022:Q1,5.280994308497148,,,not_available,-1.5101,6.791094308497147,False,True,0,,,,,,,0,{},14,expanding,40,1965:Q3,,3,0.02
indicator_revision_only_dfm_kalman_em,pseudo,2022:Q1:pre_second:pseudo,2022-05-31,pre_second,S,2022:Q1,-0.5291787338446525,0.3695834528801085,0.607933756983529,model_implied_state_space,-1.5101,0.9809212661553475,False,True,47,-3359.7819854929216,-5381.622815193059,-3359.7819854929216,0.2754556614922876,8.195505917854161e-05,47.0,0,{},14,expanding,40,1965:Q3,,3,0.02
joint_indicator_revision_dfm_full_kalman_em,pseudo,2022:Q1:pre_second:pseudo,2022-05-31,pre_second,S,2022:Q1,-1.0929357101139048,0.3595404602023047,0.5996169278817141,model_implied_state_space,-1.5101,0.4171642898860952,False,True,47,-3331.413956624193,-5391.197386791188,-3331.413956624193,0.2923045347970401,8.770786018669032e-05,47.0,0,{},14,expanding,40,1965:Q3,,3,0.02
midas_umidas,pseudo,2022:Q1:pre_second:pseudo,2022-05-31,pre_second,S,2022:Q1,-2.002622870635724,,,not_available,-1.5101,-0.4925228706357241,False,True,0,,,,,,,0,{},14,expanding,40,1965:Q3,,3,0.02
monthly_mixed_frequency_kalman_em,pseudo,2022:Q1:pre_second:pseudo,2022-05-31,pre_second,S,2022:Q1,-0.8525566846783996,0.36274099998932463,0.60227983528367,model_implied_state_space,-1.5101,0.6575433153216004,False,True,30,-6004.001963502234,-8071.104270468266,-6004.001963502234,0.5862323684250441,9.761447993189536e-05,30.0,0,{},14,expanding,40,1965:Q3,,3,0.02
no_revision,pseudo,2022:Q1:pre_second:pseudo,2022-05-31,pre_second,S,2022:Q1,-1.4142,,,not_available,-1.5101,0.0959000000000001,False,True,0,,,,,,,0,{},14,expanding,40,1965:Q3,,3,0.02
release_dfm,pseudo,2022:Q1:pre_second:pseudo,2022-05-31,pre_second,S,2022:Q1,-1.4211484299026909,,,not_available,-1.5101,0.08895157009730914,False,True,0,,,,,,,0,{},14,expanding,40,1965:Q3,,3,0.02
revision_dfm_kalman_em,pseudo,2022:Q1:pre_second:pseudo,2022-05-31,pre_second,S,2022:Q1,-1.6687599218594427,0.3944430324964695,0.6280469986366224,model_implied_state_space,-1.5101,-0.15865992185944267,False,True,27,-1799.3593425944314,-3332.1304088253723,-1799.3593425944314,0.17111204721049944,9.503424214202239e-05,27.0,0,{},14,expanding,40,1965:Q3,,3,0.02
standard_dfm,pseudo,2022:Q1:pre_second:pseudo,2022-05-31,pre_second,S,2022:Q1,7.513546048743893,,,not_available,-1.5101,9.023646048743894,False,True,0,,,,,,,0,{},14,expanding,40,1965:Q3,,3,0.02
ar,exact,2022:Q1:pre_third:exact,2022-06-28,pre_third,T,2022:Q1,2.898318076296747,,,not_available,-1.574,4.472318076296747,False,True,0,,,,,,,0,{},14,expanding,40,1965:Q3,,3,0.02
bridge,exact,2022:Q1:pre_third:exact,2022-06-28,pre_third,T,2022:Q1,4.397170357973337,,,not_available,-1.574,5.971170357973337,False,True,0,,,,,,,0,{},14,expanding,40,1965:Q3,,3,0.02
indicator_revision_only_dfm_kalman_em,exact,2022:Q1:pre_third:exact,2022-06-28,pre_third,T,2022:Q1,-1.4661715636274035,0.1443936159771955,0.37999159987714926,model_implied_state_space,-1.574,0.10782843637259654,False,True,44,-3361.853754608815,-5383.252988622485,-3361.853754608815,0.3084166363937584,9.170436056598701e-05,44.0,0,{},14,expanding,40,1965:Q3,,3,0.02
joint_indicator_revision_dfm_full_kalman_em,exact,2022:Q1:pre_third:exact,2022-06-28,pre_third,T,2022:Q1,-1.501084797336465,0.14122663876016234,0.37580132884299694,model_implied_state_space,-1.574,0.07291520266353513,False,True,45,-3332.276672048257,-5392.795047294672,-3332.276672048257,0.2849810888542379,8.548847104299123e-05,45.0,0,{},14,expanding,40,1965:Q3,,3,0.02
midas_umidas,exact,2022:Q1:pre_third:exact,2022-06-28,pre_third,T,2022:Q1,-3.3350531628337814,,,not_available,-1.574,-1.7610531628337813,False,True,0,,,,,,,0,{},14,expanding,40,1965:Q3,,3,0.02
monthly_mixed_frequency_kalman_em,exact,2022:Q1:pre_third:exact,2022-06-28,pre_third,T,2022:Q1,-1.4368964030032974,0.14585643601771192,0.3819115552293645,model_implied_state_space,-1.574,0.13710359699670271,False,True,30,-6047.61711568817,-8091.353649054499,-6047.61711568817,0.5739446646639408,9.487957297722781e-05,30.0,0,{},14,expanding,40,1965:Q3,,3,0.02
no_revision,exact,2022:Q1:pre_third:exact,2022-06-28,pre_third,T,2022:Q1,-1.5101,,,not_available,-1.574,0.06390000000000007,False,True,0,,,,,,,0,{},14,expanding,40,1965:Q3,,3,0.02
release_dfm,exact,2022:Q1:pre_third:exact,2022-06-28,pre_third,T,2022:Q1,-1.486438038947477,,,not_available,-1.574,0.08756196105252312,False,True,0,,,,,,,0,{},14,expanding,40,1965:Q3,,3,0.02
revision_dfm_kalman_em,exact,2022:Q1:pre_third:exact,2022-06-28,pre_third,T,2022:Q1,-1.5298088446937168,0.14239078464106658,0.37734703475854503,model_implied_state_space,-1.574,0.04419115530628326,False,True,27,-1804.545043170716,-3334.371298655163,-1804.545043170716,0.16397640615195996,9.080998343264884e-05,27.0,0,{},14,expanding,40,1965:Q3,,3,0.02
standard_dfm,exact,2022:Q1:pre_third:exact,2022-06-28,pre_third,T,2022:Q1,7.165980600046931,,,not_available,-1.574,8.73998060004693,False,True,0,,,,,,,0,{},14,expanding,40,1965:Q3,,3,0.02
ar,pseudo,2022:Q1:pre_third:pseudo,2022-06-30,pre_third,T,2022:Q1,2.898318076296747,,,not_available,-1.574,4.472318076296747,False,True,0,,,,,,,0,{},14,expanding,40,1965:Q3,,3,0.02
bridge,pseudo,2022:Q1:pre_third:pseudo,2022-06-30,pre_third,T,2022:Q1,4.378457424370961,,,not_available,-1.574,5.9524574243709605,False,True,0,,,,,,,0,{},14,expanding,40,1965:Q3,,3,0.02
indicator_revision_only_dfm_kalman_em,pseudo,2022:Q1:pre_third:pseudo,2022-06-30,pre_third,T,2022:Q1,-1.466172033458082,0.14439361248710522,0.3799915952848237,model_implied_state_space,-1.574,0.10782796654191817,False,True,44,-3361.8748466903103,-5383.274971202686,-3361.8748466903103,0.3081335688507352,9.161962660354297e-05,44.0,0,{},14,expanding,40,1965:Q3,,3,0.02
joint_indicator_revision_dfm_full_kalman_em,pseudo,2022:Q1:pre_third:pseudo,2022-06-30,pre_third,T,2022:Q1,-1.5010837953326002,0.1412266542179388,0.3758013494094171,model_implied_state_space,-1.574,0.0729162046673999,False,True,45,-3332.2977539716358,-5392.817016387643,-3332.2977539716358,0.28470752213252126,8.540587353730697e-05,45.0,0,{},14,expanding,40,1965:Q3,,3,0.02
midas_umidas,pseudo,2022:Q1:pre_third:pseudo,2022-06-30,pre_third,T,2022:Q1,-3.355274824742177,,,not_available,-1.574,-1.7812748247421768,False,True,0,,,,,,,0,{},14,expanding,40,1965:Q3,,3,0.02
monthly_mixed_frequency_kalman_em,pseudo,2022:Q1:pre_third:pseudo,2022-06-30,pre_third,T,2022:Q1,-1.4369231697784928,0.14585705913390706,0.3819123710144869,model_implied_state_space,-1.574,0.1370768302215073,False,True,30,-6048.941863502767,-8092.68867326132,-6048.941863502767,0.574037395290361,9.487412390820404e-05,30.0,0,{},14,expanding,40,1965:Q3,,3,0.02
no_revision,pseudo,2022:Q1:pre_third:pseudo,2022-06-30,pre_third,T,2022:Q1,-1.5101,,,not_available,-1.574,0.06390000000000007,False,True,0,,,,,,,0,{},14,expanding,40,1965:Q3,,3,0.02
release_dfm,pseudo,2022:Q1:pre_third:pseudo,2022-06-30,pre_third,T,2022:Q1,-1.4863797038973554,,,not_available,-1.574,0.08762029610264466,False,True,0,,,,,,,0,{},14,expanding,40,1965:Q3,,3,0.02
revision_dfm_kalman_em,pseudo,2022:Q1:pre_third:pseudo,2022-06-30,pre_third,T,2022:Q1,-1.5297995882373128,0.14239076389974145,0.3773470072754539,model_implied_state_space,-1.574,0.0442004117626873,False,True,27,-1804.562666901423,-3334.384590956486,-1804.562666901423,0.16397670095102512,9.080926037835727e-05,27.0,0,{},14,expanding,40,1965:Q3,,3,0.02
standard_dfm,pseudo,2022:Q1:pre_third:pseudo,2022-06-30,pre_third,T,2022:Q1,7.158311621786247,,,not_available,-1.574,8.732311621786247,False,True,0,,,,,,,0,{},14,expanding,40,1965:Q3,,3,0.02
ar,exact,2022:Q2:pre_advance:exact,2022-07-27,pre_advance,A,2022:Q2,2.353392101797345,,,not_available,-0.9335,3.286892101797345,False,True,0,,,,,,,0,{},14,expanding,40,1965:Q3,,3,0.02
bridge,exact,2022:Q2:pre_advance:exact,2022-07-27,pre_advance,A,2022:Q2,1.979721387940912,,,not_available,-0.9335,2.913221387940912,False,True,0,,,,,,,0,{},14,expanding,40,1965:Q3,,3,0.02
indicator_revision_only_dfm_kalman_em,exact,2022:Q2:pre_advance:exact,2022-07-27,pre_advance,A,2022:Q2,3.583030334602886,3.229224399123041,1.7970042846701955,model_implied_state_space,-0.9335,4.516530334602885,False,True,42,-3402.2303448306525,-5425.2291097271045,-3402.2303448306525,0.30189618143367625,8.870084372813326e-05,42.0,0,{},14,expanding,40,1965:Q3,,3,0.02
joint_indicator_revision_dfm_full_kalman_em,exact,2022:Q2:pre_advance:exact,2022-07-27,pre_advance,A,2022:Q2,3.669270220542641,2.3524908194626803,1.5337831722452429,model_implied_state_space,-0.9335,4.6027702205426415,False,True,43,-3372.6545090301843,-5434.765800526499,-3372.6545090301843,0.27951728848438506,8.284610377795946e-05,43.0,0,{},14,expanding,40,1965:Q3,,3,0.02
midas_umidas,exact,2022:Q2:pre_advance:exact,2022-07-27,pre_advance,A,2022:Q2,8.67252640200315,,,not_available,-0.9335,9.60602640200315,False,True,0,,,,,,,0,{},14,expanding,40,1965:Q3,,3,0.02
monthly_mixed_frequency_kalman_em,exact,2022:Q2:pre_advance:exact,2022-07-27,pre_advance,A,2022:Q2,4.173306926031129,4.4859088166037475,2.1179964156258024,model_implied_state_space,-0.9335,5.10680692603113,False,True,30,-6063.46395130229,-8113.248108912679,-6063.46395130229,0.5797759539073013,9.559303773883749e-05,30.0,0,{},14,expanding,40,1965:Q3,,3,0.02
no_revision,exact,2022:Q2:pre_advance:exact,2022-07-27,pre_advance,A,2022:Q2,2.6426962497979356,,,not_available,-0.9335,3.5761962497979356,False,True,0,,,,,,,0,{},14,expanding,40,1965:Q3,,3,0.02
release_dfm,exact,2022:Q2:pre_advance:exact,2022-07-27,pre_advance,A,2022:Q2,3.91140028943172,,,not_available,-0.9335,4.84490028943172,False,True,0,,,,,,,0,{},14,expanding,40,1965:Q3,,3,0.02
revision_dfm_kalman_em,exact,2022:Q2:pre_advance:exact,2022-07-27,pre_advance,A,2022:Q2,3.4780512959478553,2.9941526866397705,1.7303620102856427,model_implied_state_space,-0.9335,4.411551295947856,False,True,24,-1823.8855415512946,-3365.14350698911,-1823.8855415512946,0.18128875365528074,9.933266587557742e-05,24.0,0,{},14,expanding,40,1965:Q3,,3,0.02
standard_dfm,exact,2022:Q2:pre_advance:exact,2022-07-27,pre_advance,A,2022:Q2,3.91140028943172,,,not_available,-0.9335,4.84490028943172,False,True,0,,,,,,,0,{},14,expanding,40,1965:Q3,,3,0.02
ar,pseudo,2022:Q2:pre_advance:pseudo,2022-07-31,pre_advance,A,2022:Q2,2.353392101797345,,,not_available,-0.9335,3.286892101797345,False,True,0,,,,,,,0,{},14,expanding,40,1965:Q3,,3,0.02
bridge,pseudo,2022:Q2:pre_advance:pseudo,2022-07-31,pre_advance,A,2022:Q2,1.9609501054029925,,,not_available,-0.9335,2.8944501054029925,False,True,0,,,,,,,0,{},14,expanding,40,1965:Q3,,3,0.02
indicator_revision_only_dfm_kalman_em,pseudo,2022:Q2:pre_advance:pseudo,2022-07-31,pre_advance,A,2022:Q2,3.5818292829744234,3.2292323514600545,1.797006497333845,model_implied_state_space,-0.9335,4.515329282974424,False,True,42,-3402.2462508268864,-5425.24557594743,-3402.2462508268864,0.30158259171730606,8.860830124264462e-05,42.0,0,{},14,expanding,40,1965:Q3,,3,0.02
joint_indicator_revision_dfm_full_kalman_em,pseudo,2022:Q2:pre_advance:pseudo,2022-07-31,pre_advance,A,2022:Q2,3.668195290730849,2.352489611698107,1.5337827785244256,model_implied_state_space,-0.9335,4.601695290730849,False,True,43,-3372.670242226275,-5434.782258233877,-3372.670242226275,0.279269698405642,8.277234067036517e-05,43.0,0,{},14,expanding,40,1965:Q3,,3,0.02
midas_umidas,pseudo,2022:Q2:pre_advance:pseudo,2022-07-31,pre_advance,A,2022:Q2,8.648029966920248,,,not_available,-0.9335,9.581529966920248,False,True,0,,,,,,,0,{},14,expanding,40,1965:Q3,,3,0.02
monthly_mixed_frequency_kalman_em,pseudo,2022:Q2:pre_advance:pseudo,2022-07-31,pre_advance,A,2022:Q2,4.172975919145955,4.486038734246463,2.1180270853429763,model_implied_state_space,-0.9335,5.1064759191459554,False,True,30,-6064.65760649996,-8114.616257641953,-6064.65760649996,0.5794813835627792,9.552567352176424e-05,30.0,0,{},14,expanding,40,1965:Q3,,3,0.02
no_revision,pseudo,2022:Q2:pre_advance:pseudo,2022-07-31,pre_advance,A,2022:Q2,2.6426962497979356,,,not_available,-0.9335,3.5761962497979356,False,True,0,,,,,,,0,{},14,expanding,40,1965:Q3,,3,0.02
release_dfm,pseudo,2022:Q2:pre_advance:pseudo,2022-07-31,pre_advance,A,2022:Q2,3.9036356193801227,,,not_available,-0.9335,4.837135619380122,False,True,0,,,,,,,0,{},14,expanding,40,1965:Q3,,3,0.02
revision_dfm_kalman_em,pseudo,2022:Q2:pre_advance:pseudo,2022-07-31,pre_advance,A,2022:Q2,3.475873644563787,2.9941441976477834,1.730359557331303,model_implied_state_space,-0.9335,4.409373644563787,False,True,24,-1823.9008001325305,-3365.1493863856663,-1823.9008001325305,0.18129344961016614,9.933440816042215e-05,24.0,0,{},14,expanding,40,1965:Q3,,3,0.02
standard_dfm,pseudo,2022:Q2:pre_advance:pseudo,2022-07-31,pre_advance,A,2022:Q2,3.9036356193801227,,,not_available,-0.9335,4.837135619380122,False,True,0,,,,,,,0,{},14,expanding,40,1965:Q3,,3,0.02
ar,exact,2022:Q2:pre_second:exact,2022-08-24,pre_second,S,2022:Q2,2.3786224080862364,,,not_available,-0.5746,2.953222408086236,False,True,0,,,,,,,0,{},14,expanding,40,1965:Q3,,3,0.02
bridge,exact,2022:Q2:pre_second:exact,2022-08-24,pre_second,S,2022:Q2,2.1683720273234908,,,not_available,-0.5746,2.742972027323491,False,True,0,,,,,,,0,{},14,expanding,40,1965:Q3,,3,0.02
indicator_revision_only_dfm_kalman_em,exact,2022:Q2:pre_second:exact,2022-08-24,pre_second,S,2022:Q2,-0.475308790236908,0.3690609683124949,0.6075038833723575,model_implied_state_space,-0.5746,0.09929120976309203,False,True,45,-3405.9602908000625,-5437.543699087523,-3405.9602908000625,0.2730662999942979,8.014311653332378e-05,45.0,0,{},14,expanding,40,1965:Q3,,3,0.02
joint_indicator_revision_dfm_full_kalman_em,exact,2022:Q2:pre_second:exact,2022-08-24,pre_second,S,2022:Q2,-1.0634274459327915,0.35648035000702816,0.5970597541343983,model_implied_state_space,-0.5746,-0.4888274459327915,False,True,46,-3378.0513929548174,-5448.680229080209,-3378.0513929548174,0.2976717964911586,8.80855427443287e-05,46.0,0,{},14,expanding,40,1965:Q3,,3,0.02
midas_umidas,exact,2022:Q2:pre_second:exact,2022-08-24,pre_second,S,2022:Q2,-0.9485851893708985,,,not_available,-0.5746,-0.37398518937089853,False,True,0,,,,,,,0,{},14,expanding,40,1965:Q3,,3,0.02
monthly_mixed_frequency_kalman_em,exact,2022:Q2:pre_second:exact,2022-08-24,pre_second,S,2022:Q2,-0.5483266036020704,0.3626166430203687,0.6021765879045521,model_implied_state_space,-0.5746,0.026273396397929583,False,True,30,-6083.510901848554,-8134.028902135234,-6083.510901848554,0.5524916390013459,9.079472197325693e-05,30.0,0,{},14,expanding,40,1965:Q3,,3,0.02
no_revision,exact,2022:Q2:pre_second:exact,2022-08-24,pre_second,S,2022:Q2,-0.9335,,,not_available,-0.5746,-0.3589,False,True,0,,,,,,,0,{},14,expanding,40,1965:Q3,,3,0.02
release_dfm,exact,2022:Q2:pre_second:exact,2022-08-24,pre_second,S,2022:Q2,-0.8948544946442246,,,not_available,-0.5746,-0.3202544946442246,False,True,0,,,,,,,0,{},14,expanding,40,1965:Q3,,3,0.02
revision_dfm_kalman_em,exact,2022:Q2:pre_second:exact,2022-08-24,pre_second,S,2022:Q2,-0.643556010853497,0.39460291052993623,0.628174267643889,model_implied_state_space,-0.5746,-0.06895601085349701,False,True,27,-1826.6399027596904,-3358.43087779462,-1826.6399027596904,0.16743288102816223,9.160313440227572e-05,27.0,0,{},14,expanding,40,1965:Q3,,3,0.02
standard_dfm,exact,2022:Q2:pre_second:exact,2022-08-24,pre_second,S,2022:Q2,4.085303056804742,,,not_available,-0.5746,4.659903056804742,False,True,0,,,,,,,0,{},14,expanding,40,1965:Q3,,3,0.02
ar,pseudo,2022:Q2:pre_second:pseudo,2022-08-31,pre_second,S,2022:Q2,2.3786224080862364,,,not_available,-0.5746,2.953222408086236,False,True,0,,,,,,,0,{},14,expanding,40,1965:Q3,,3,0.02
bridge,pseudo,2022:Q2:pre_second:pseudo,2022-08-31,pre_second,S,2022:Q2,2.136110002617488,,,not_available,-0.5746,2.710710002617488,False,True,0,,,,,,,0,{},14,expanding,40,1965:Q3,,3,0.02
indicator_revision_only_dfm_kalman_em,pseudo,2022:Q2:pre_second:pseudo,2022-08-31,pre_second,S,2022:Q2,-0.4753411085119681,0.36906075861643545,0.6075037107840868,model_implied_state_space,-0.5746,0.09925889148803191,False,True,45,-3405.98397119145,-5437.560364093888,-3405.98397119145,0.27309297180499925,8.015038685437862e-05,45.0,0,{},14,expanding,40,1965:Q3,,3,0.02
joint_indicator_revision_dfm_full_kalman_em,pseudo,2022:Q2:pre_second:pseudo,2022-08-31,pre_second,S,2022:Q2,-1.0632895939554357,0.35648297130433954,0.5970619493020297,model_implied_state_space,-0.5746,-0.48868959395543565,False,True,46,-3378.0757606179313,-5448.69690618339,-3378.0757606179313,0.29787279660604327,8.814438085825715e-05,46.0,0,{},14,expanding,40,1965:Q3,,3,0.02
midas_umidas,pseudo,2022:Q2:pre_second:pseudo,2022-08-31,pre_second,S,2022:Q2,-0.9291503518267148,,,not_available,-0.5746,-0.3545503518267148,False,True,0,,,,,,,0,{},14,expanding,40,1965:Q3,,3,0.02
monthly_mixed_frequency_kalman_em,pseudo,2022:Q2:pre_second:pseudo,2022-08-31,pre_second,S,2022:Q2,-0.5483616390799941,0.3626152289767118,0.602175413792951,model_implied_state_space,-0.5746,0.026238360920005865,False,True,30,-6084.814599068977,-8135.348329802102,-6084.814599068977,0.5526579144934658,9.080259063554677e-05,30.0,0,{},14,expanding,40,1965:Q3,,3,0.02
no_revision,pseudo,2022:Q2:pre_second:pseudo,2022-08-31,pre_second,S,2022:Q2,-0.9335,,,not_available,-0.5746,-0.3589,False,True,0,,,,,,,0,{},14,expanding,40,1965:Q3,,3,0.02
release_dfm,pseudo,2022:Q2:pre_second:pseudo,2022-08-31,pre_second,S,2022:Q2,-0.8946645067178084,,,not_available,-0.5746,-0.3200645067178084,False,True,0,,,,,,,0,{},14,expanding,40,1965:Q3,,3,0.02
revision_dfm_kalman_em,pseudo,2022:Q2:pre_second:pseudo,2022-08-31,pre_second,S,2022:Q2,-0.6433928545424377,0.3946038706692484,0.6281750318734807,model_implied_state_space,-0.5746,-0.06879285454243766,False,True,27,-1826.6615855608566,-3358.4426979776454,-1826.6615855608566,0.16745224360897737,9.161263999291536e-05,27.0,0,{},14,expanding,40,1965:Q3,,3,0.02
standard_dfm,pseudo,2022:Q2:pre_second:pseudo,2022-08-31,pre_second,S,2022:Q2,4.071126280529476,,,not_available,-0.5746,4.645726280529476,False,True,0,,,,,,,0,{},14,expanding,40,1965:Q3,,3,0.02
ar,exact,2022:Q2:pre_third:exact,2022-09-28,pre_third,T,2022:Q2,2.450535669555063,,,not_available,-0.5769,3.0274356695550626,False,True,0,,,,,,,0,{},14,expanding,40,1965:Q3,,3,0.02
bridge,exact,2022:Q2:pre_third:exact,2022-09-28,pre_third,T,2022:Q2,2.702356887795318,,,not_available,-0.5769,3.2792568877953183,False,True,0,,,,,,,0,{},14,expanding,40,1965:Q3,,3,0.02
indicator_revision_only_dfm_kalman_em,exact,2022:Q2:pre_third:exact,2022-09-28,pre_third,T,2022:Q2,-0.570083354600901,0.14375954470181956,0.3791563591736522,model_implied_state_space,-0.5769,0.006816645399098986,False,True,42,-3405.074193296555,-5428.114185598737,-3405.074193296555,0.30026410005530124,8.814770771995046e-05,42.0,0,{},14,expanding,40,1965:Q3,,3,0.02
joint_indicator_revision_dfm_full_kalman_em,exact,2022:Q2:pre_third:exact,2022-09-28,pre_third,T,2022:Q2,-0.6178013533565436,0.14068279024782812,0.3750770457490409,model_implied_state_space,-0.5769,-0.04090135335654366,False,True,43,-3377.3973506900456,-5437.672224918308,-3377.3973506900456,0.26861373628935326,7.95028982200557e-05,43.0,0,{},14,expanding,40,1965:Q3,,3,0.02
midas_umidas,exact,2022:Q2:pre_third:exact,2022-09-28,pre_third,T,2022:Q2,-1.7119218463030608,,,not_available,-0.5769,-1.1350218463030608,False,True,0,,,,,,,0,{},14,expanding,40,1965:Q3,,3,0.02
monthly_mixed_frequency_kalman_em,exact,2022:Q2:pre_third:exact,2022-09-28,pre_third,T,2022:Q2,-0.4744846007276209,0.1451578153924014,0.38099582070201427,model_implied_state_space,-0.5769,0.10241539927237908,False,True,30,-6099.540892453302,-8154.724299572415,-6099.540892453302,0.550843461624936,9.028604804978087e-05,30.0,0,{},14,expanding,40,1965:Q3,,3,0.02
no_revision,exact,2022:Q2:pre_third:exact,2022-09-28,pre_third,T,2022:Q2,-0.5746,,,not_available,-0.5769,0.0022999999999999687,False,True,0,,,,,,,0,{},14,expanding,40,1965:Q3,,3,0.02
release_dfm,exact,2022:Q2:pre_third:exact,2022-09-28,pre_third,T,2022:Q2,-0.6146473771364709,,,not_available,-0.5769,-0.037747377136470917,False,True,0,,,,,,,0,{},14,expanding,40,1965:Q3,,3,0.02
revision_dfm_kalman_em,exact,2022:Q2:pre_third:exact,2022-09-28,pre_third,T,2022:Q2,-0.5748538815355526,0.1417659827994308,0.37651823700775877,model_implied_state_space,-0.5769,0.002046118464447355,False,True,27,-1825.813549445438,-3359.5720823810266,-1825.813549445438,0.1781998551716697,9.75373070184287e-05,27.0,0,{},14,expanding,40,1965:Q3,,3,0.02
standard_dfm,exact,2022:Q2:pre_third:exact,2022-09-28,pre_third,T,2022:Q2,4.164891286735353,,,not_available,-0.5769,4.741791286735353,False,True,0,,,,,,,0,{},14,expanding,40,1965:Q3,,3,0.02
ar,pseudo,2022:Q2:pre_third:pseudo,2022-09-30,pre_third,T,2022:Q2,2.450535669555063,,,not_available,-0.5769,3.0274356695550626,False,True,0,,,,,,,0,{},14,expanding,40,1965:Q3,,3,0.02
bridge,pseudo,2022:Q2:pre_third:pseudo,2022-09-30,pre_third,T,2022:Q2,2.390637541007673,,,not_available,-0.5769,2.9675375410076725,False,True,0,,,,,,,0,{},14,expanding,40,1965:Q3,,3,0.02
indicator_revision_only_dfm_kalman_em,pseudo,2022:Q2:pre_third:pseudo,2022-09-30,pre_third,T,2022:Q2,-0.5700882992596656,0.1437594126331556,0.37915618501239773,model_implied_state_space,-0.5769,0.0068117007403343255,False,True,42,-3406.955756662217,-5429.433265787327,-3406.955756662217,0.28927382534948265,8.48747149227415e-05,42.0,0,{},14,expanding,40,1965:Q3,,3,0.02
joint_indicator_revision_dfm_full_kalman_em,pseudo,2022:Q2:pre_third:pseudo,2022-09-30,pre_third,T,2022:Q2,-0.6182002819827717,0.14069679694742032,0.3750957170475562,model_implied_state_space,-0.5769,-0.04130028198277169,False,True,42,-3379.5396246918785,-5438.99042135802,-3379.5396246918785,0.33791011968696694,9.994745926394535e-05,42.0,0,{},14,expanding,40,1965:Q3,,3,0.02
midas_umidas,pseudo,2022:Q2:pre_third:pseudo,2022-09-30,pre_third,T,2022:Q2,-1.6540986364183152,,,not_available,-0.5769,-1.0771986364183153,False,True,0,,,,,,,0,{},14,expanding,40,1965:Q3,,3,0.02
monthly_mixed_frequency_kalman_em,pseudo,2022:Q2:pre_third:pseudo,2022-09-30,pre_third,T,2022:Q2,-0.4747530781616809,0.14518183511123403,0.38102734168460145,model_implied_state_space,-0.5769,0.10214692183831908,False,True,30,-6099.642150009495,-8155.4481919597,-6099.642150009495,0.5551010112812946,9.098230862613434e-05,30.0,0,{},14,expanding,40,1965:Q3,,3,0.02
no_revision,pseudo,2022:Q2:pre_third:pseudo,2022-09-30,pre_third,T,2022:Q2,-0.5746,,,not_available,-0.5769,0.0022999999999999687,False,True,0,,,,,,,0,{},14,expanding,40,1965:Q3,,3,0.02
release_dfm,pseudo,2022:Q2:pre_third:pseudo,2022-09-30,pre_third,T,2022:Q2,-0.6140780170960788,,,not_available,-0.5769,-0.03717801709607882,False,True,0,,,,,,,0,{},14,expanding,40,1965:Q3,,3,0.02
revision_dfm_kalman_em,pseudo,2022:Q2:pre_third:pseudo,2022-09-30,pre_third,T,2022:Q2,-0.5749114702667266,0.1417651657251059,0.37651715196668784,model_implied_state_space,-0.5769,0.0019885297332733476,False,True,27,-1827.6098775198475,-3360.5032299109826,-1827.6098775198475,0.17877772047563667,9.775745270693583e-05,27.0,0,{},14,expanding,40,1965:Q3,,3,0.02
standard_dfm,pseudo,2022:Q2:pre_third:pseudo,2022-09-30,pre_third,T,2022:Q2,4.070484393098097,,,not_available,-0.5769,4.647384393098097,False,True,0,,,,,,,0,{},14,expanding,40,1965:Q3,,3,0.02
ar,exact,2022:Q3:pre_advance:exact,2022-10-26,pre_advance,A,2022:Q3,2.3457353292059593,,,not_available,2.5656,-0.2198646707940406,False,True,0,,,,,,,0,{},14,expanding,40,1965:Q3,,3,0.02
bridge,exact,2022:Q3:pre_advance:exact,2022-10-26,pre_advance,A,2022:Q3,0.8008570369373122,,,not_available,2.5656,-1.7647429630626876,False,True,0,,,,,,,0,{},14,expanding,40,1965:Q3,,3,0.02
indicator_revision_only_dfm_kalman_em,exact,2022:Q3:pre_advance:exact,2022-10-26,pre_advance,A,2022:Q3,2.3029479784315803,3.384279271824185,1.8396410714658948,model_implied_state_space,2.5656,-0.2626520215684196,False,True,21,-3544.3116432027236,-5483.276172009652,-3544.3116432027236,0.35221125325597313,9.933577115984499e-05,21.0,0,{},14,expanding,40,1965:Q3,,3,0.02
joint_indicator_revision_dfm_full_kalman_em,exact,2022:Q3:pre_advance:exact,2022-10-26,pre_advance,A,2022:Q3,2.545631020181858,2.426698385976016,1.5577863736648925,model_implied_state_space,2.5656,-0.01996897981814172,False,True,25,-3508.5360615787117,-5494.342507564812,-3508.5360615787117,0.33936000794119536,9.668719460925662e-05,25.0,0,{},14,expanding,40,1965:Q3,,3,0.02
midas_umidas,exact,2022:Q3:pre_advance:exact,2022-10-26,pre_advance,A,2022:Q3,-0.7324191107502254,,,not_available,2.5656,-3.298019110750225,False,True,0,,,,,,,0,{},14,expanding,40,1965:Q3,,3,0.02
monthly_mixed_frequency_kalman_em,exact,2022:Q3:pre_advance:exact,2022-10-26,pre_advance,A,2022:Q3,3.3851031514782526,4.601258686371198,2.1450544716559525,model_implied_state_space,2.5656,0.8195031514782527,False,True,30,-6114.614871944378,-8174.487669599624,-6114.614871944378,0.5615667906640738,9.181664333742111e-05,30.0,0,{},14,expanding,40,1965:Q3,,3,0.02
no_revision,exact,2022:Q3:pre_advance:exact,2022-10-26,pre_advance,A,2022:Q3,2.2787801991425916,,,not_available,2.5656,-0.2868198008574083,False,True,0,,,,,,,0,{},14,expanding,40,1965:Q3,,3,0.02
release_dfm,exact,2022:Q3:pre_advance:exact,2022-10-26,pre_advance,A,2022:Q3,2.3784095088448294,,,not_available,2.5656,-0.1871904911551705,False,True,0,,,,,,,0,{},14,expanding,40,1965:Q3,,3,0.02
revision_dfm_kalman_em,exact,2022:Q3:pre_advance:exact,2022-10-26,pre_advance,A,2022:Q3,2.120963169272911,3.0783077902941525,1.7545106982558278,model_implied_state_space,2.5656,-0.4446368307270889,False,True,25,-1846.219111661753,-3392.283706147295,-1846.219111661753,0.1661795741226797,8.995393376305807e-05,25.0,0,{},14,expanding,40,1965:Q3,,3,0.02
standard_dfm,exact,2022:Q3:pre_advance:exact,2022-10-26,pre_advance,A,2022:Q3,2.3784095088448294,,,not_available,2.5656,-0.1871904911551705,False,True,0,,,,,,,0,{},14,expanding,40,1965:Q3,,3,0.02
ar,pseudo,2022:Q3:pre_advance:pseudo,2022-10-31,pre_advance,A,2022:Q3,2.3457353292059593,,,not_available,2.5656,-0.2198646707940406,False,True,0,,,,,,,0,{},14,expanding,40,1965:Q3,,3,0.02
bridge,pseudo,2022:Q3:pre_advance:pseudo,2022-10-31,pre_advance,A,2022:Q3,0.9719672870806402,,,not_available,2.5656,-1.5936327129193597,False,True,0,,,,,,,0,{},14,expanding,40,1965:Q3,,3,0.02
indicator_revision_only_dfm_kalman_em,pseudo,2022:Q3:pre_advance:pseudo,2022-10-31,pre_advance,A,2022:Q3,2.3250792005344314,3.391773632039863,1.8416768533159835,model_implied_state_space,2.5656,-0.24052079946556848,False,True,22,-3543.9245068679134,-5483.27997802134,-3543.9245068679134,0.31897780159442846,8.997345400217666e-05,22.0,0,{},14,expanding,40,1965:Q3,,3,0.02
joint_indicator_revision_dfm_full_kalman_em,pseudo,2022:Q3:pre_advance:pseudo,2022-10-31,pre_advance,A,2022:Q3,2.574005527266206,2.42679998836169,1.5578189844656825,model_implied_state_space,2.5656,0.008405527266206025,False,True,25,-3508.469396841044,-5494.346316559883,-3508.469396841044,0.34159057621263855,9.732449338076828e-05,25.0,0,{},14,expanding,40,1965:Q3,,3,0.02
midas_umidas,pseudo,2022:Q3:pre_advance:pseudo,2022-10-31,pre_advance,A,2022:Q3,-0.8489732081801835,,,not_available,2.5656,-3.414573208180183,False,True,0,,,,,,,0,{},14,expanding,40,1965:Q3,,3,0.02
monthly_mixed_frequency_kalman_em,pseudo,2022:Q3:pre_advance:pseudo,2022-10-31,pre_advance,A,2022:Q3,3.387983261919177,4.601182454893564,2.1450367024583903,model_implied_state_space,2.5656,0.8223832619191773,False,True,30,-6117.309743310091,-8177.19111298425,-6117.309743310091,0.5616799426024954,9.179469607222363e-05,30.0,0,{},14,expanding,40,1965:Q3,,3,0.02
no_revision,pseudo,2022:Q3:pre_advance:pseudo,2022-10-31,pre_advance,A,2022:Q3,2.2787801991425916,,,not_available,2.5656,-0.2868198008574083,False,True,0,,,,,,,0,{},14,expanding,40,1965:Q3,,3,0.02
release_dfm,pseudo,2022:Q3:pre_advance:pseudo,2022-10-31,pre_advance,A,2022:Q3,2.4764907726675367,,,not_available,2.5656,-0.08910922733246318,False,True,0,,,,,,,0,{},14,expanding,40,1965:Q3,,3,0.02
revision_dfm_kalman_em,pseudo,2022:Q3:pre_advance:pseudo,2022-10-31,pre_advance,A,2022:Q3,2.152383204204323,3.078320763742335,1.754514395421803,model_implied_state_space,2.5656,-0.4132167957956767,False,True,25,-1846.1947309464442,-3392.2867038967606,-1846.1947309464442,0.16613784410697008,8.993253398061792e-05,25.0,0,{},14,expanding,40,1965:Q3,,3,0.02
standard_dfm,pseudo,2022:Q3:pre_advance:pseudo,2022-10-31,pre_advance,A,2022:Q3,2.4764907726675367,,,not_available,2.5656,-0.08910922733246318,False,True,0,,,,,,,0,{},14,expanding,40,1965:Q3,,3,0.02
ar,exact,2022:Q3:pre_second:exact,2022-11-29,pre_second,S,2022:Q3,2.40397293190773,,,not_available,2.9288,-0.5248270680922698,False,True,0,,,,,,,0,{},14,expanding,40,1965:Q3,,3,0.02
bridge,exact,2022:Q3:pre_second:exact,2022-11-29,pre_second,S,2022:Q3,0.9200730246981967,,,not_available,2.9288,-2.008726975301803,False,True,0,,,,,,,0,{},14,expanding,40,1965:Q3,,3,0.02
indicator_revision_only_dfm_kalman_em,exact,2022:Q3:pre_second:exact,2022-11-29,pre_second,S,2022:Q3,2.5332166613769727,0.3771561793595693,0.6141304253654669,model_implied_state_space,2.9288,-0.3955833386230272,False,True,21,-3544.1109389239477,-5484.672702027287,-3544.1109389239477,0.3330659030257266,9.394194424514145e-05,21.0,0,{},14,expanding,40,1965:Q3,,3,0.02
joint_indicator_revision_dfm_full_kalman_em,exact,2022:Q3:pre_second:exact,2022-11-29,pre_second,S,2022:Q3,2.764864124801157,0.36750257969552863,0.6062199103423844,model_implied_state_space,2.9288,-0.16393587519884267,False,True,25,-3508.0255235942327,-5495.824256704622,-3508.0255235942327,0.3243425861742253,9.242241399180906e-05,25.0,0,{},14,expanding,40,1965:Q3,,3,0.02
midas_umidas,exact,2022:Q3:pre_second:exact,2022-11-29,pre_second,S,2022:Q3,2.2433113474107245,,,not_available,2.9288,-0.6854886525892754,False,True,0,,,,,,,0,{},14,expanding,40,1965:Q3,,3,0.02
monthly_mixed_frequency_kalman_em,exact,2022:Q3:pre_second:exact,2022-11-29,pre_second,S,2022:Q3,2.7327826075263095,0.36105149471236936,0.6008756066877481,model_implied_state_space,2.9288,-0.19601739247369032,False,True,30,-6133.940201455018,-8196.379260705393,-6133.940201455018,0.5656107726508708,9.218649447347028e-05,30.0,0,{},14,expanding,40,1965:Q3,,3,0.02
no_revision,exact,2022:Q3:pre_second:exact,2022-11-29,pre_second,S,2022:Q3,2.5656,,,not_available,2.9288,-0.36319999999999997,False,True,0,,,,,,,0,{},14,expanding,40,1965:Q3,,3,0.02
release_dfm,exact,2022:Q3:pre_second:exact,2022-11-29,pre_second,S,2022:Q3,2.6814785107012367,,,not_available,2.9288,-0.2473214892987632,False,True,0,,,,,,,0,{},14,expanding,40,1965:Q3,,3,0.02
revision_dfm_kalman_em,exact,2022:Q3:pre_second:exact,2022-11-29,pre_second,S,2022:Q3,2.9471208290201103,0.3924408129637486,0.6264509661288332,model_implied_state_space,2.9288,0.018320829020110452,False,True,28,-1846.791402532699,-3385.1042165247895,-1846.791402532699,0.17269818994213892,9.345321690751773e-05,28.0,0,{},14,expanding,40,1965:Q3,,3,0.02
standard_dfm,exact,2022:Q3:pre_second:exact,2022-11-29,pre_second,S,2022:Q3,2.596582401375554,,,not_available,2.9288,-0.332217598624446,False,True,0,,,,,,,0,{},14,expanding,40,1965:Q3,,3,0.02
ar,pseudo,2022:Q3:pre_second:pseudo,2022-11-30,pre_second,S,2022:Q3,2.40397293190773,,,not_available,2.9288,-0.5248270680922698,False,True,0,,,,,,,0,{},14,expanding,40,1965:Q3,,3,0.02
bridge,pseudo,2022:Q3:pre_second:pseudo,2022-11-30,pre_second,S,2022:Q3,0.9200730246981967,,,not_available,2.9288,-2.008726975301803,False,True,0,,,,,,,0,{},14,expanding,40,1965:Q3,,3,0.02
indicator_revision_only_dfm_kalman_em,pseudo,2022:Q3:pre_second:pseudo,2022-11-30,pre_second,S,2022:Q3,2.5332166613769727,0.3771561793595693,0.6141304253654669,model_implied_state_space,2.9288,-0.3955833386230272,False,True,21,-3544.1109389239477,-5484.672702027287,-3544.1109389239477,0.3330659030257266,9.394194424514145e-05,21.0,0,{},14,expanding,40,1965:Q3,,3,0.02
joint_indicator_revision_dfm_full_kalman_em,pseudo,2022:Q3:pre_second:pseudo,2022-11-30,pre_second,S,2022:Q3,2.764864124801157,0.36750257969552863,0.6062199103423844,model_implied_state_space,2.9288,-0.16393587519884267,False,True,25,-3508.0255235942327,-5495.824256704622,-3508.0255235942327,0.3243425861742253,9.242241399180906e-05,25.0,0,{},14,expanding,40,1965:Q3,,3,0.02
midas_umidas,pseudo,2022:Q3:pre_second:pseudo,2022-11-30,pre_second,S,2022:Q3,2.2433113474107245,,,not_available,2.9288,-0.6854886525892754,False,True,0,,,,,,,0,{},14,expanding,40,1965:Q3,,3,0.02
monthly_mixed_frequency_kalman_em,pseudo,2022:Q3:pre_second:pseudo,2022-11-30,pre_second,S,2022:Q3,2.7327826075263095,0.36105149471236936,0.6008756066877481,model_implied_state_space,2.9288,-0.19601739247369032,False,True,30,-6133.940201455018,-8196.379260705393,-6133.940201455018,0.5656107726508708,9.218649447347028e-05,30.0,0,{},14,expanding,40,1965:Q3,,3,0.02
no_revision,pseudo,2022:Q3:pre_second:pseudo,2022-11-30,pre_second,S,2022:Q3,2.5656,,,not_available,2.9288,-0.36319999999999997,False,True,0,,,,,,,0,{},14,expanding,40,1965:Q3,,3,0.02
release_dfm,pseudo,2022:Q3:pre_second:pseudo,2022-11-30,pre_second,S,2022:Q3,2.6814785107012367,,,not_available,2.9288,-0.2473214892987632,False,True,0,,,,,,,0,{},14,expanding,40,1965:Q3,,3,0.02
revision_dfm_kalman_em,pseudo,2022:Q3:pre_second:pseudo,2022-11-30,pre_second,S,2022:Q3,2.9471208290201103,0.3924408129637486,0.6264509661288332,model_implied_state_space,2.9288,0.018320829020110452,False,True,28,-1846.791402532699,-3385.1042165247895,-1846.791402532699,0.17269818994213892,9.345321690751773e-05,28.0,0,{},14,expanding,40,1965:Q3,,3,0.02
standard_dfm,pseudo,2022:Q3:pre_second:pseudo,2022-11-30,pre_second,S,2022:Q3,2.596582401375554,,,not_available,2.9288,-0.332217598624446,False,True,0,,,,,,,0,{},14,expanding,40,1965:Q3,,3,0.02
ar,exact,2022:Q3:pre_third:exact,2022-12-21,pre_third,T,2022:Q3,2.476014724582227,,,not_available,3.2435,-0.7674852754177732,False,True,0,,,,,,,0,{},14,expanding,40,1965:Q3,,3,0.02
bridge,exact,2022:Q3:pre_third:exact,2022-12-21,pre_third,T,2022:Q3,1.0618082997237603,,,not_available,3.2435,-2.1816917002762395,False,True,0,,,,,,,0,{},14,expanding,40,1965:Q3,,3,0.02
indicator_revision_only_dfm_kalman_em,exact,2022:Q3:pre_third:exact,2022-12-21,pre_third,T,2022:Q3,2.8981622499161914,0.14490156560947923,0.38065938266313526,model_implied_state_space,3.2435,-0.3453377500838086,False,True,21,-3544.0952981468704,-5486.147938829514,-3544.0952981468704,0.3241058591934234,9.141537918679171e-05,21.0,0,{},14,expanding,40,1965:Q3,,3,0.02
joint_indicator_revision_dfm_full_kalman_em,exact,2022:Q3:pre_third:exact,2022-12-21,pre_third,T,2022:Q3,2.9255385247434553,0.14054934881099065,0.374899118178465,model_implied_state_space,3.2435,-0.3179614752565447,False,True,25,-3507.759368662176,-5497.2741555104185,-3507.759368662176,0.3147806421484347,8.970475651272292e-05,25.0,0,{},14,expanding,40,1965:Q3,,3,0.02
midas_umidas,exact,2022:Q3:pre_third:exact,2022-12-21,pre_third,T,2022:Q3,2.4566954776276795,,,not_available,3.2435,-0.7868045223723206,False,True,0,,,,,,,0,{},14,expanding,40,1965:Q3,,3,0.02
monthly_mixed_frequency_kalman_em,exact,2022:Q3:pre_third:exact,2022-12-21,pre_third,T,2022:Q3,3.0200558625604854,0.14362903990523318,0.3789842211824038,model_implied_state_space,3.2435,-0.22344413743951463,False,True,29,-6142.136136755648,-8186.779225057392,-6142.136136755648,0.5897731721070159,9.599600971032756e-05,29.0,0,{},14,expanding,40,1965:Q3,,3,0.02
no_revision,exact,2022:Q3:pre_third:exact,2022-12-21,pre_third,T,2022:Q3,2.9288,,,not_available,3.2435,-0.3147000000000002,False,True,0,,,,,,,0,{},14,expanding,40,1965:Q3,,3,0.02
release_dfm,exact,2022:Q3:pre_third:exact,2022-12-21,pre_third,T,2022:Q3,2.945515222965449,,,not_available,3.2435,-0.29798477703455095,False,True,0,,,,,,,0,{},14,expanding,40,1965:Q3,,3,0.02
revision_dfm_kalman_em,exact,2022:Q3:pre_third:exact,2022-12-21,pre_third,T,2022:Q3,2.943491344279783,0.1413272597193748,0.3759351802098,model_implied_state_space,3.2435,-0.30000865572021684,False,True,25,-1846.3127777835502,-3395.1464702443577,-1846.3127777835502,0.16591566985698591,8.980654036493777e-05,25.0,0,{},14,expanding,40,1965:Q3,,3,0.02
standard_dfm,exact,2022:Q3:pre_third:exact,2022-12-21,pre_third,T,2022:Q3,2.515209478600101,,,not_available,3.2435,-0.7282905213998991,False,True,0,,,,,,,0,{},14,expanding,40,1965:Q3,,3,0.02
ar,pseudo,2022:Q3:pre_third:pseudo,2022-12-31,pre_third,T,2022:Q3,2.476014724582227,,,not_available,3.2435,-0.7674852754177732,False,True,0,,,,,,,0,{},14,expanding,40,1965:Q3,,3,0.02
bridge,pseudo,2022:Q3:pre_third:pseudo,2022-12-31,pre_third,T,2022:Q3,1.0349104885110398,,,not_available,3.2435,-2.2085895114889604,False,True,0,,,,,,,0,{},14,expanding,40,1965:Q3,,3,0.02
indicator_revision_only_dfm_kalman_em,pseudo,2022:Q3:pre_third:pseudo,2022-12-31,pre_third,T,2022:Q3,2.89814761593822,0.14490149435846972,0.3806592890741926,model_implied_state_space,3.2435,-0.34535238406178026,False,True,21,-3544.103624913543,-5486.148007818129,-3544.103624913543,0.32379362295023384,9.132710523344789e-05,21.0,0,{},14,expanding,40,1965:Q3,,3,0.02
joint_indicator_revision_dfm_full_kalman_em,pseudo,2022:Q3:pre_third:pseudo,2022-12-31,pre_third,T,2022:Q3,2.9255504764054288,0.14054934377603423,0.37489911146338323,model_implied_state_space,3.2435,-0.3179495235945713,False,True,25,-3507.7667053058003,-5497.274225051642,-3507.7667053058003,0.31463929687924974,8.966429272527314e-05,25.0,0,{},14,expanding,40,1965:Q3,,3,0.02
midas_umidas,pseudo,2022:Q3:pre_third:pseudo,2022-12-31,pre_third,T,2022:Q3,2.4342680151296654,,,not_available,3.2435,-0.8092319848703347,False,True,0,,,,,,,0,{},14,expanding,40,1965:Q3,,3,0.02
monthly_mixed_frequency_kalman_em,pseudo,2022:Q3:pre_third:pseudo,2022-12-31,pre_third,T,2022:Q3,3.0200405380007544,0.14362928481570966,0.37898454429661066,model_implied_state_space,3.2435,-0.2234594619992456,False,True,29,-6144.7844846284725,-8189.447113785038,-6144.7844846284725,0.5898557935224744,9.596808799022422e-05,29.0,0,{},14,expanding,40,1965:Q3,,3,0.02
no_revision,pseudo,2022:Q3:pre_third:pseudo,2022-12-31,pre_third,T,2022:Q3,2.9288,,,not_available,3.2435,-0.3147000000000002,False,True,0,,,,,,,0,{},14,expanding,40,1965:Q3,,3,0.02
release_dfm,pseudo,2022:Q3:pre_third:pseudo,2022-12-31,pre_third,T,2022:Q3,2.945595991196067,,,not_available,3.2435,-0.2979040088039331,False,True,0,,,,,,,0,{},14,expanding,40,1965:Q3,,3,0.02
revision_dfm_kalman_em,pseudo,2022:Q3:pre_third:pseudo,2022-12-31,pre_third,T,2022:Q3,2.943502492972923,0.14132727610436,0.37593520200210034,model_implied_state_space,3.2435,-0.29999750702707706,False,True,25,-1846.315793949273,-3395.14701274456,-1846.315793949273,0.16591596736725478,8.98065547694873e-05,25.0,0,{},14,expanding,40,1965:Q3,,3,0.02
standard_dfm,pseudo,2022:Q3:pre_third:pseudo,2022-12-31,pre_third,T,2022:Q3,2.505377086005525,,,not_available,3.2435,-0.7381229139944749,False,True,0,,,,,,,0,{},14,expanding,40,1965:Q3,,3,0.02
ar,exact,2022:Q4:pre_advance:exact,2023-01-25,pre_advance,A,2022:Q4,2.4849107524452863,,,not_available,2.891,-0.40608924755471376,False,True,0,,,,,,,0,{},14,expanding,40,1965:Q3,,3,0.02
bridge,exact,2022:Q4:pre_advance:exact,2023-01-25,pre_advance,A,2022:Q4,-1.4129326358051435,,,not_available,2.891,-4.303932635805143,False,True,0,,,,,,,0,{},14,expanding,40,1965:Q3,,3,0.02
indicator_revision_only_dfm_kalman_em,exact,2022:Q4:pre_advance:exact,2023-01-25,pre_advance,A,2022:Q4,0.8548888833464319,4.181767657744128,2.0449370791650603,model_implied_state_space,2.891,-2.036111116653568,False,False,50,-3520.526284600089,-5516.566340716649,-3520.526284600089,1.2313223300739082,0.0003495336516062255,51.0,0,{},14,expanding,40,1965:Q3,,3,0.02
joint_indicator_revision_dfm_full_kalman_em,exact,2022:Q4:pre_advance:exact,2023-01-25,pre_advance,A,2022:Q4,1.7183813649502582,3.1562253285335666,1.7765768569171352,model_implied_state_space,2.891,-1.1726186350497418,False,True,48,-3501.423945516598,-5526.011891708551,-3501.423945516598,0.3011818350123576,8.598500426440239e-05,48.0,0,{},14,expanding,40,1965:Q3,,3,0.02
midas_umidas,exact,2022:Q4:pre_advance:exact,2023-01-25,pre_advance,A,2022:Q4,-2.2401789113315203,,,not_available,2.891,-5.131178911331521,False,True,0,,,,,,,0,{},14,expanding,40,1965:Q3,,3,0.02
monthly_mixed_frequency_kalman_em,exact,2022:Q4:pre_advance:exact,2023-01-25,pre_advance,A,2022:Q4,1.5090670980279415,4.399386799866057,2.0974715254005374,model_implied_state_space,2.891,-1.3819329019720585,False,True,29,-6157.03191599562,-8207.773722606107,-6157.03191599562,0.582775277816836,9.462765687267468e-05,29.0,0,{},14,expanding,40,1965:Q3,,3,0.02
no_revision,exact,2022:Q4:pre_advance:exact,2023-01-25,pre_advance,A,2022:Q4,1.9405584607307091,,,not_available,2.891,-0.9504415392692909,False,True,0,,,,,,,0,{},14,expanding,40,1965:Q3,,3,0.02
release_dfm,exact,2022:Q4:pre_advance:exact,2023-01-25,pre_advance,A,2022:Q4,1.6705933869889844,,,not_available,2.891,-1.2204066130110156,False,True,0,,,,,,,0,{},14,expanding,40,1965:Q3,,3,0.02
revision_dfm_kalman_em,exact,2022:Q4:pre_advance:exact,2023-01-25,pre_advance,A,2022:Q4,0.8365221156163425,3.0517931569714327,1.7469382235704365,model_implied_state_space,2.891,-2.0544778843836573,False,True,25,-1863.9824427453088,-3417.308590851176,-1863.9824427453088,0.16529747451500043,8.862433304909062e-05,25.0,0,{},14,expanding,40,1965:Q3,,3,0.02
standard_dfm,exact,2022:Q4:pre_advance:exact,2023-01-25,pre_advance,A,2022:Q4,1.6705933869889844,,,not_available,2.891,-1.2204066130110156,False,True,0,,,,,,,0,{},14,expanding,40,1965:Q3,,3,0.02
ar,pseudo,2022:Q4:pre_advance:pseudo,2023-01-31,pre_advance,A,2022:Q4,2.4849107524452863,,,not_available,2.891,-0.40608924755471376,False,True,0,,,,,,,0,{},14,expanding,40,1965:Q3,,3,0.02
bridge,pseudo,2022:Q4:pre_advance:pseudo,2023-01-31,pre_advance,A,2022:Q4,-1.3417343983682635,,,not_available,2.891,-4.2327343983682635,False,True,0,,,,,,,0,{},14,expanding,40,1965:Q3,,3,0.02
indicator_revision_only_dfm_kalman_em,pseudo,2022:Q4:pre_advance:pseudo,2023-01-31,pre_advance,A,2022:Q4,1.8640602893607094,3.303288219241305,1.8174950396744705,model_implied_state_space,2.891,-1.0269397106392906,False,True,46,-3481.5565169914466,-5516.644729223753,-3481.5565169914466,0.2813145823392915,8.077165689112037e-05,46.0,0,{},14,expanding,40,1965:Q3,,3,0.02
joint_indicator_revision_dfm_full_kalman_em,pseudo,2022:Q4:pre_advance:pseudo,2023-01-31,pre_advance,A,2022:Q4,1.7585686309853616,3.175972792046714,1.7821259192455268,model_implied_state_space,2.891,-1.1324313690146384,False,True,45,-3501.823363351805,-5526.090317905871,-3501.823363351805,0.30116481324103006,8.597034185330023e-05,45.0,0,{},14,expanding,40,1965:Q3,,3,0.02
midas_umidas,pseudo,2022:Q4:pre_advance:pseudo,2023-01-31,pre_advance,A,2022:Q4,-1.7042912497467086,,,not_available,2.891,-4.595291249746708,False,True,0,,,,,,,0,{},14,expanding,40,1965:Q3,,3,0.02
monthly_mixed_frequency_kalman_em,pseudo,2022:Q4:pre_advance:pseudo,2023-01-31,pre_advance,A,2022:Q4,1.5120029220585687,4.398240760021314,2.0971983120394966,model_implied_state_space,2.891,-1.3789970779414313,False,True,29,-6160.707981638484,-8210.754814553928,-6160.707981638484,0.5849267185622011,9.492030438360821e-05,29.0,0,{},14,expanding,40,1965:Q3,,3,0.02
no_revision,pseudo,2022:Q4:pre_advance:pseudo,2023-01-31,pre_advance,A,2022:Q4,1.9405584607307091,,,not_available,2.891,-0.9504415392692909,False,True,0,,,,,,,0,{},14,expanding,40,1965:Q3,,3,0.02
release_dfm,pseudo,2022:Q4:pre_advance:pseudo,2023-01-31,pre_advance,A,2022:Q4,1.8763957701802692,,,not_available,2.891,-1.0146042298197309,False,True,0,,,,,,,0,{},14,expanding,40,1965:Q3,,3,0.02
revision_dfm_kalman_em,pseudo,2022:Q4:pre_advance:pseudo,2023-01-31,pre_advance,A,2022:Q4,0.9179767544123081,3.0492728539611273,1.746216725942438,model_implied_state_space,2.891,-1.973023245587692,False,True,25,-1864.2946901093972,-3417.3492108840514,-1864.2946901093972,0.16540164038178773,8.866533307964953e-05,25.0,0,{},14,expanding,40,1965:Q3,,3,0.02
standard_dfm,pseudo,2022:Q4:pre_advance:pseudo,2023-01-31,pre_advance,A,2022:Q4,1.8763957701802692,,,not_available,2.891,-1.0146042298197309,False,True,0,,,,,,,0,{},14,expanding,40,1965:Q3,,3,0.02
ar,exact,2022:Q4:pre_second:exact,2023-02-22,pre_second,S,2022:Q4,2.593443487540139,,,not_available,2.6752,-0.08175651245986071,False,True,0,,,,,,,0,{},14,expanding,40,1965:Q3,,3,0.02
bridge,exact,2022:Q4:pre_second:exact,2023-02-22,pre_second,S,2022:Q4,-1.3463572992096455,,,not_available,2.6752,-4.021557299209645,False,True,0,,,,,,,0,{},14,expanding,40,1965:Q3,,3,0.02
indicator_revision_only_dfm_kalman_em,exact,2022:Q4:pre_second:exact,2023-02-22,pre_second,S,2022:Q4,2.7171548827970513,0.37546210716602296,0.6127496284503345,model_implied_state_space,2.6752,0.04195488279705151,False,False,50,-3522.964501940613,-5517.960251055493,-3522.964501940613,1.2451832725514578,0.0003532224700773121,51.0,0,{},14,expanding,40,1965:Q3,,3,0.02
joint_indicator_revision_dfm_full_kalman_em,exact,2022:Q4:pre_second:exact,2023-02-22,pre_second,S,2022:Q4,2.761297263534954,0.3537284296139356,0.5947507289730174,model_implied_state_space,2.6752,0.0860972635349544,False,True,49,-3502.8029167899563,-5527.483968405438,-3502.8029167899563,0.3438717922581418,9.813281606198726e-05,49.0,0,{},14,expanding,40,1965:Q3,,3,0.02
midas_umidas,exact,2022:Q4:pre_second:exact,2023-02-22,pre_second,S,2022:Q4,5.438750930744764,,,not_available,2.6752,2.763550930744764,False,True,0,,,,,,,0,{},14,expanding,40,1965:Q3,,3,0.02
monthly_mixed_frequency_kalman_em,exact,2022:Q4:pre_second:exact,2023-02-22,pre_second,S,2022:Q4,2.8769772622804997,0.3571370125954549,0.5976094147480066,model_implied_state_space,2.6752,0.20177726228049986,False,True,29,-6177.2534357187,-8229.078246846755,-6177.2534357187,0.5833090281521436,9.440434377038099e-05,29.0,0,{},14,expanding,40,1965:Q3,,3,0.02
no_revision,exact,2022:Q4:pre_second:exact,2023-02-22,pre_second,S,2022:Q4,2.891,,,not_available,2.6752,0.2158000000000002,False,True,0,,,,,,,0,{},14,expanding,40,1965:Q3,,3,0.02
release_dfm,exact,2022:Q4:pre_second:exact,2023-02-22,pre_second,S,2022:Q4,3.0234910122441097,,,not_available,2.6752,0.34829101224410985,False,True,0,,,,,,,0,{},14,expanding,40,1965:Q3,,3,0.02
revision_dfm_kalman_em,exact,2022:Q4:pre_second:exact,2023-02-22,pre_second,S,2022:Q4,3.0793578355914786,0.3908889193861327,0.625211099858386,model_implied_state_space,2.6752,0.4041578355914788,False,True,27,-1865.4632213349676,-3410.208656948128,-1865.4632213349676,0.18082358798233145,9.687095323511203e-05,27.0,0,{},14,expanding,40,1965:Q3,,3,0.02
standard_dfm,exact,2022:Q4:pre_second:exact,2023-02-22,pre_second,S,2022:Q4,1.8513140468940135,,,not_available,2.6752,-0.8238859531059863,False,True,0,,,,,,,0,{},14,expanding,40,1965:Q3,,3,0.02
ar,pseudo,2022:Q4:pre_second:pseudo,2023-02-28,pre_second,S,2022:Q4,2.593443487540139,,,not_available,2.6752,-0.08175651245986071,False,True,0,,,,,,,0,{},14,expanding,40,1965:Q3,,3,0.02
bridge,pseudo,2022:Q4:pre_second:pseudo,2023-02-28,pre_second,S,2022:Q4,-1.2238494438753873,,,not_available,2.6752,-3.899049443875387,False,True,0,,,,,,,0,{},14,expanding,40,1965:Q3,,3,0.02
indicator_revision_only_dfm_kalman_em,pseudo,2022:Q4:pre_second:pseudo,2023-02-28,pre_second,S,2022:Q4,2.71913337638,0.3755484622935386,0.6128200896621606,model_implied_state_space,2.6752,0.043933376380000055,False,False,50,-3523.1675397148324,-5518.069511674518,-3523.1675397148324,1.2698334060710295,0.0003601917355709274,51.0,0,{},14,expanding,40,1965:Q3,,3,0.02
joint_indicator_revision_dfm_full_kalman_em,pseudo,2022:Q4:pre_second:pseudo,2023-02-28,pre_second,S,2022:Q4,2.762874063951876,0.3536762789023506,0.5947068848620727,model_implied_state_space,2.6752,0.08767406395187605,False,True,49,-3502.7883936390513,-5527.593322764953,-3502.7883936390513,0.28860941657376316,8.236389106805872e-05,49.0,0,{},14,expanding,40,1965:Q3,,3,0.02
midas_umidas,pseudo,2022:Q4:pre_second:pseudo,2023-02-28,pre_second,S,2022:Q4,5.4338922322599,,,not_available,2.6752,2.7586922322599006,False,True,0,,,,,,,0,{},14,expanding,40,1965:Q3,,3,0.02
monthly_mixed_frequency_kalman_em,pseudo,2022:Q4:pre_second:pseudo,2023-02-28,pre_second,S,2022:Q4,2.877178527458908,0.35712414382203106,0.5975986477746005,model_implied_state_space,2.6752,0.2019785274589081,False,True,29,-6179.687711072526,-8231.917059015877,-6179.687711072526,0.5823295296677315,9.4208718571208e-05,29.0,0,{},14,expanding,40,1965:Q3,,3,0.02
no_revision,pseudo,2022:Q4:pre_second:pseudo,2023-02-28,pre_second,S,2022:Q4,2.891,,,not_available,2.6752,0.2158000000000002,False,True,0,,,,,,,0,{},14,expanding,40,1965:Q3,,3,0.02
release_dfm,pseudo,2022:Q4:pre_second:pseudo,2023-02-28,pre_second,S,2022:Q4,3.02263889844528,,,not_available,2.6752,0.3474388984452803,False,True,0,,,,,,,0,{},14,expanding,40,1965:Q3,,3,0.02
revision_dfm_kalman_em,pseudo,2022:Q4:pre_second:pseudo,2023-02-28,pre_second,S,2022:Q4,3.0819993539997976,0.39090885779910095,0.6252270449997352,model_implied_state_space,2.6752,0.40679935399979783,False,True,27,-1865.5607653216118,-3410.2443627284556,-1865.5607653216118,0.18100447416054521,9.696278140299378e-05,27.0,0,{},14,expanding,40,1965:Q3,,3,0.02
standard_dfm,pseudo,2022:Q4:pre_second:pseudo,2023-02-28,pre_second,S,2022:Q4,1.9102161414621959,,,not_available,2.6752,-0.7649838585378039,False,True,0,,,,,,,0,{},14,expanding,40,1965:Q3,,3,0.02
ar,exact,2022:Q4:pre_third:exact,2023-03-29,pre_third,T,2022:Q4,2.6751335642985263,,,not_available,2.5735,0.10163356429852621,False,True,0,,,,,,,0,{},14,expanding,40,1965:Q3,,3,0.02
bridge,exact,2022:Q4:pre_third:exact,2023-03-29,pre_third,T,2022:Q4,-0.7653717874989132,,,not_available,2.5735,-3.3388717874989133,False,True,0,,,,,,,0,{},14,expanding,40,1965:Q3,,3,0.02
indicator_revision_only_dfm_kalman_em,exact,2022:Q4:pre_third:exact,2023-03-29,pre_third,T,2022:Q4,2.679316996487145,0.14292140669469044,0.37804947651688453,model_implied_state_space,2.5735,0.10581699648714471,False,True,43,-3482.083229518854,-5520.102683628763,-3482.083229518854,0.30646108079281476,8.797783423997536e-05,43.0,0,{},14,expanding,40,1965:Q3,,3,0.02
joint_indicator_revision_dfm_full_kalman_em,exact,2022:Q4:pre_third:exact,2023-03-29,pre_third,T,2022:Q4,2.6770900703517944,0.1400882236128815,0.374283613871729,model_implied_state_space,2.5735,0.10359007035179424,False,True,43,-3501.718892152474,-5529.598073455094,-3501.718892152474,0.3025873838037114,8.637896900471397e-05,43.0,0,{},14,expanding,40,1965:Q3,,3,0.02
midas_umidas,exact,2022:Q4:pre_third:exact,2023-03-29,pre_third,T,2022:Q4,4.373854100100878,,,not_available,2.5735,1.8003541001008783,False,True,0,,,,,,,0,{},14,expanding,40,1965:Q3,,3,0.02
monthly_mixed_frequency_kalman_em,exact,2022:Q4:pre_third:exact,2023-03-29,pre_third,T,2022:Q4,2.6908833446010245,0.1433902841872763,0.37866909589676884,model_implied_state_space,2.5735,0.1173833446010244,False,True,29,-6200.89025699138,-8251.681124179155,-6200.89025699138,0.5808869802922345,9.365412056077234e-05,29.0,0,{},14,expanding,40,1965:Q3,,3,0.02
no_revision,exact,2022:Q4:pre_third:exact,2023-03-29,pre_third,T,2022:Q4,2.6752,,,not_available,2.5735,0.10169999999999968,False,True,0,,,,,,,0,{},14,expanding,40,1965:Q3,,3,0.02
release_dfm,exact,2022:Q4:pre_third:exact,2023-03-29,pre_third,T,2022:Q4,2.817627941158337,,,not_available,2.5735,0.2441279411583368,False,True,0,,,,,,,0,{},14,expanding,40,1965:Q3,,3,0.02
revision_dfm_kalman_em,exact,2022:Q4:pre_third:exact,2023-03-29,pre_third,T,2022:Q4,2.7069431292970165,0.14093019778231364,0.3754067098259082,model_implied_state_space,2.5735,0.1334431292970164,False,True,28,-1864.5974856688001,-3411.681030768562,-1864.5974856688001,0.17326275251457446,9.286390231017254e-05,28.0,0,{},14,expanding,40,1965:Q3,,3,0.02
standard_dfm,exact,2022:Q4:pre_third:exact,2023-03-29,pre_third,T,2022:Q4,1.9696670078246232,,,not_available,2.5735,-0.6038329921753769,False,True,0,,,,,,,0,{},14,expanding,40,1965:Q3,,3,0.02
ar,pseudo,2022:Q4:pre_third:pseudo,2023-03-31,pre_third,T,2022:Q4,2.6751335642985263,,,not_available,2.5735,0.10163356429852621,False,True,0,,,,,,,0,{},14,expanding,40,1965:Q3,,3,0.02
bridge,pseudo,2022:Q4:pre_third:pseudo,2023-03-31,pre_third,T,2022:Q4,-0.7374688121489101,,,not_available,2.5735,-3.3109688121489103,False,True,0,,,,,,,0,{},14,expanding,40,1965:Q3,,3,0.02
indicator_revision_only_dfm_kalman_em,pseudo,2022:Q4:pre_third:pseudo,2023-03-31,pre_third,T,2022:Q4,2.6793164048411158,0.14292137833895235,0.37804943901420135,model_implied_state_space,2.5735,0.10581640484111565,False,True,43,-3482.082434239475,-5520.107502909244,-3482.082434239475,0.30538133065192596,8.76679103276774e-05,43.0,0,{},14,expanding,40,1965:Q3,,3,0.02
joint_indicator_revision_dfm_full_kalman_em,pseudo,2022:Q4:pre_third:pseudo,2023-03-31,pre_third,T,2022:Q4,2.6771068012753534,0.14008709963410154,0.3742821123619208,model_implied_state_space,2.5735,0.10360680127535327,False,True,43,-3501.721925830977,-5529.602896729213,-3501.721925830977,0.300747389168464,8.585368044221155e-05,43.0,0,{},14,expanding,40,1965:Q3,,3,0.02
midas_umidas,pseudo,2022:Q4:pre_third:pseudo,2023-03-31,pre_third,T,2022:Q4,4.355959824583719,,,not_available,2.5735,1.7824598245837189,False,True,0,,,,,,,0,{},14,expanding,40,1965:Q3,,3,0.02
monthly_mixed_frequency_kalman_em,pseudo,2022:Q4:pre_third:pseudo,2023-03-31,pre_third,T,2022:Q4,2.6908596311716186,0.1433903780235785,0.37866921979952173,model_implied_state_space,2.5735,0.11735963117161852,False,True,29,-6202.162562062283,-8253.039445087585,-6202.162562062283,0.580959924115632,9.364667028169025e-05,29.0,0,{},14,expanding,40,1965:Q3,,3,0.02
no_revision,pseudo,2022:Q4:pre_third:pseudo,2023-03-31,pre_third,T,2022:Q4,2.6752,,,not_available,2.5735,0.10169999999999968,False,True,0,,,,,,,0,{},14,expanding,40,1965:Q3,,3,0.02
release_dfm,pseudo,2022:Q4:pre_third:pseudo,2023-03-31,pre_third,T,2022:Q4,2.8175369658021294,,,not_available,2.5735,0.2440369658021293,False,True,0,,,,,,,0,{},14,expanding,40,1965:Q3,,3,0.02
revision_dfm_kalman_em,pseudo,2022:Q4:pre_third:pseudo,2023-03-31,pre_third,T,2022:Q4,2.7069315765515864,0.14093015535919842,0.3754066533230311,model_implied_state_space,2.5735,0.13343157655158633,False,True,28,-1864.6092984659535,-3411.683639698369,-1864.6092984659535,0.1732733369003654,9.286898672921797e-05,28.0,0,{},14,expanding,40,1965:Q3,,3,0.02
standard_dfm,pseudo,2022:Q4:pre_third:pseudo,2023-03-31,pre_third,T,2022:Q4,1.9802142895935737,,,not_available,2.5735,-0.5932857104064264,False,True,0,,,,,,,0,{},14,expanding,40,1965:Q3,,3,0.02
ar,exact,2023:Q1:pre_advance:exact,2023-04-26,pre_advance,A,2023:Q1,2.49948989929296,,,not_available,1.0626,1.4368898992929602,False,True,0,,,,,,,0,{},14,expanding,40,1965:Q3,,3,0.02
bridge,exact,2023:Q1:pre_advance:exact,2023-04-26,pre_advance,A,2023:Q1,1.6263589072798013,,,not_available,1.0626,0.5637589072798013,False,True,0,,,,,,,0,{},14,expanding,40,1965:Q3,,3,0.02
indicator_revision_only_dfm_kalman_em,exact,2023:Q1:pre_advance:exact,2023-04-26,pre_advance,A,2023:Q1,1.8848070045112681,4.166516704362928,2.0412047188763127,model_implied_state_space,1.0626,0.8222070045112682,False,False,50,-3553.733387058896,-5557.892894187965,-3553.733387058896,1.3622724476394978,0.0003830809342818789,51.0,0,{},14,expanding,40,1965:Q3,,3,0.02
joint_indicator_revision_dfm_full_kalman_em,exact,2023:Q1:pre_advance:exact,2023-04-26,pre_advance,A,2023:Q1,2.1899923487261397,3.1036074277260544,1.7617058289413856,model_implied_state_space,1.0626,1.1273923487261397,False,True,50,-3533.1515145932085,-5567.570052487521,-3533.1515145932085,0.3208196050841252,9.076874134223353e-05,50.0,0,{},14,expanding,40,1965:Q3,,3,0.02
midas_umidas,exact,2023:Q1:pre_advance:exact,2023-04-26,pre_advance,A,2023:Q1,2.1021680147156285,,,not_available,1.0626,1.0395680147156285,False,True,0,,,,,,,0,{},14,expanding,40,1965:Q3,,3,0.02
monthly_mixed_frequency_kalman_em,exact,2023:Q1:pre_advance:exact,2023-04-26,pre_advance,A,2023:Q1,1.4042032896949594,4.569839209824656,2.137718225076602,model_implied_state_space,1.0626,0.34160328969495946,False,True,29,-6224.024916770509,-8302.954274077316,-6224.024916770509,0.6151875697478317,9.88151514442585e-05,29.0,0,{},14,expanding,40,1965:Q3,,3,0.02
no_revision,exact,2023:Q1:pre_advance:exact,2023-04-26,pre_advance,A,2023:Q1,2.3639512102489912,,,not_available,1.0626,1.3013512102489913,False,True,0,,,,,,,0,{},14,expanding,40,1965:Q3,,3,0.02
release_dfm,exact,2023:Q1:pre_advance:exact,2023-04-26,pre_advance,A,2023:Q1,2.2346596802087313,,,not_available,1.0626,1.1720596802087313,False,True,0,,,,,,,0,{},14,expanding,40,1965:Q3,,3,0.02
revision_dfm_kalman_em,exact,2023:Q1:pre_advance:exact,2023-04-26,pre_advance,A,2023:Q1,2.404620761548478,3.015985279792313,1.7366592296107815,model_implied_state_space,1.0626,1.342020761548478,False,True,28,-1878.3797869468908,-3431.984734898368,-1878.3797869468908,0.16942559057974904,9.014160919522685e-05,28.0,0,{},14,expanding,40,1965:Q3,,3,0.02
standard_dfm,exact,2023:Q1:pre_advance:exact,2023-04-26,pre_advance,A,2023:Q1,2.2346596802087313,,,not_available,1.0626,1.1720596802087313,False,True,0,,,,,,,0,{},14,expanding,40,1965:Q3,,3,0.02
ar,pseudo,2023:Q1:pre_advance:pseudo,2023-04-30,pre_advance,A,2023:Q1,2.49948989929296,,,not_available,1.0626,1.4368898992929602,False,True,0,,,,,,,0,{},14,expanding,40,1965:Q3,,3,0.02
bridge,pseudo,2023:Q1:pre_advance:pseudo,2023-04-30,pre_advance,A,2023:Q1,1.6396063365888245,,,not_available,1.0626,0.5770063365888245,False,True,0,,,,,,,0,{},14,expanding,40,1965:Q3,,3,0.02
indicator_revision_only_dfm_kalman_em,pseudo,2023:Q1:pre_advance:pseudo,2023-04-30,pre_advance,A,2023:Q1,1.8853538814480053,4.166581555168716,2.0412206042387275,model_implied_state_space,1.0626,0.8227538814480053,False,False,50,-3553.727099084452,-5557.890371098206,-3553.727099084452,1.3613068605732224,0.0003828101850047952,51.0,0,{},14,expanding,40,1965:Q3,,3,0.02
joint_indicator_revision_dfm_full_kalman_em,pseudo,2023:Q1:pre_advance:pseudo,2023-04-30,pre_advance,A,2023:Q1,2.190614663864367,3.103932760845586,1.7617981612107518,model_implied_state_space,1.0626,1.128014663864367,False,True,50,-3533.1444544454243,-5567.567528451945,-3533.1444544454243,0.31912611260622725,9.028982908796666e-05,50.0,0,{},14,expanding,40,1965:Q3,,3,0.02
midas_umidas,pseudo,2023:Q1:pre_advance:pseudo,2023-04-30,pre_advance,A,2023:Q1,2.1437434901904098,,,not_available,1.0626,1.0811434901904098,False,True,0,,,,,,,0,{},14,expanding,40,1965:Q3,,3,0.02
monthly_mixed_frequency_kalman_em,pseudo,2023:Q1:pre_advance:pseudo,2023-04-30,pre_advance,A,2023:Q1,1.4023036377479843,4.56972071804468,2.137690510350991,model_implied_state_space,1.0626,0.3397036377479843,False,True,29,-6225.368100667333,-8304.312968336428,-6225.368100667333,0.6153657087306783,9.882244140416909e-05,29.0,0,{},14,expanding,40,1965:Q3,,3,0.02
no_revision,pseudo,2023:Q1:pre_advance:pseudo,2023-04-30,pre_advance,A,2023:Q1,2.3639512102489912,,,not_available,1.0626,1.3013512102489913,False,True,0,,,,,,,0,{},14,expanding,40,1965:Q3,,3,0.02
release_dfm,pseudo,2023:Q1:pre_advance:pseudo,2023-04-30,pre_advance,A,2023:Q1,2.2401174078390245,,,not_available,1.0626,1.1775174078390245,False,True,0,,,,,,,0,{},14,expanding,40,1965:Q3,,3,0.02
revision_dfm_kalman_em,pseudo,2023:Q1:pre_advance:pseudo,2023-04-30,pre_advance,A,2023:Q1,2.4060568575056274,3.015963788027246,1.7366530419249684,model_implied_state_space,1.0626,1.3434568575056274,False,True,28,-1878.378794025372,-3431.983867085997,-1878.378794025372,0.16943033516326977,9.014418090864032e-05,28.0,0,{},14,expanding,40,1965:Q3,,3,0.02
standard_dfm,pseudo,2023:Q1:pre_advance:pseudo,2023-04-30,pre_advance,A,2023:Q1,2.2401174078390245,,,not_available,1.0626,1.1775174078390245,False,True,0,,,,,,,0,{},14,expanding,40,1965:Q3,,3,0.02
ar,exact,2023:Q1:pre_second:exact,2023-05-24,pre_second,S,2023:Q1,2.5803446686297553,,,not_available,1.2725,1.3078446686297553,False,True,0,,,,,,,0,{},14,expanding,40,1965:Q3,,3,0.02
bridge,exact,2023:Q1:pre_second:exact,2023-05-24,pre_second,S,2023:Q1,1.382136405713674,,,not_available,1.2725,0.10963640571367406,False,True,0,,,,,,,0,{},14,expanding,40,1965:Q3,,3,0.02
indicator_revision_only_dfm_kalman_em,exact,2023:Q1:pre_second:exact,2023-05-24,pre_second,S,2023:Q1,1.1574898950480137,0.3738502346180612,0.6114329355032008,model_implied_state_space,1.2725,-0.11501010495198627,False,False,50,-3554.2521754944923,-5557.541326370659,-3554.2521754944923,2.0346295254394136,0.0005719610582335414,51.0,0,{},14,expanding,40,1965:Q3,,3,0.02
joint_indicator_revision_dfm_full_kalman_em,exact,2023:Q1:pre_second:exact,2023-05-24,pre_second,S,2023:Q1,0.7220729811936373,0.3541420565438089,0.5950983587137583,model_implied_state_space,1.2725,-0.5504270188063627,False,False,50,-3531.2604375755272,-5567.292624095015,-3531.2604375755272,0.7519840922313961,0.0002128450179284742,51.0,0,{},14,expanding,40,1965:Q3,,3,0.02
midas_umidas,exact,2023:Q1:pre_second:exact,2023-05-24,pre_second,S,2023:Q1,2.8528520906636743,,,not_available,1.2725,1.5803520906636743,False,True,0,,,,,,,0,{},14,expanding,40,1965:Q3,,3,0.02
monthly_mixed_frequency_kalman_em,exact,2023:Q1:pre_second:exact,2023-05-24,pre_second,S,2023:Q1,1.1620186850303027,0.35757114357673675,0.5979725274431399,model_implied_state_space,1.2725,-0.11048131496969726,False,True,29,-6237.524323283352,-8320.166253338773,-6237.524323283352,0.6144393485037654,9.848143660208904e-05,29.0,0,{},14,expanding,40,1965:Q3,,3,0.02
no_revision,exact,2023:Q1:pre_second:exact,2023-05-24,pre_second,S,2023:Q1,1.0626,,,not_available,1.2725,-0.20989999999999998,False,True,0,,,,,,,0,{},14,expanding,40,1965:Q3,,3,0.02
release_dfm,exact,2023:Q1:pre_second:exact,2023-05-24,pre_second,S,2023:Q1,1.1622657647996562,,,not_available,1.2725,-0.11023423520034381,False,True,0,,,,,,,0,{},14,expanding,40,1965:Q3,,3,0.02
revision_dfm_kalman_em,exact,2023:Q1:pre_second:exact,2023-05-24,pre_second,S,2023:Q1,1.0610010827803817,0.3879282252976454,0.6228388437610851,model_implied_state_space,1.2725,-0.21149891721961822,False,True,25,-1876.2041915407342,-3440.6996055439595,-1876.2041915407342,0.16736662826178872,8.914944275869488e-05,25.0,0,{},14,expanding,40,1965:Q3,,3,0.02
standard_dfm,exact,2023:Q1:pre_second:exact,2023-05-24,pre_second,S,2023:Q1,1.994432314912935,,,not_available,1.2725,0.7219323149129351,False,True,0,,,,,,,0,{},14,expanding,40,1965:Q3,,3,0.02
ar,pseudo,2023:Q1:pre_second:pseudo,2023-05-31,pre_second,S,2023:Q1,2.5803446686297553,,,not_available,1.2725,1.3078446686297553,False,True,0,,,,,,,0,{},14,expanding,40,1965:Q3,,3,0.02
bridge,pseudo,2023:Q1:pre_second:pseudo,2023-05-31,pre_second,S,2023:Q1,1.248300417284067,,,not_available,1.2725,-0.02419958271593292,False,True,0,,,,,,,0,{},14,expanding,40,1965:Q3,,3,0.02
indicator_revision_only_dfm_kalman_em,pseudo,2023:Q1:pre_second:pseudo,2023-05-31,pre_second,S,2023:Q1,1.1606456220682395,0.37375786994254273,0.6113573995156538,model_implied_state_space,1.2725,-0.11185437793176045,False,False,50,-3555.4229340678553,-5557.59134484565,-3555.4229340678553,2.2649044989466347,0.0006364437123147009,51.0,0,{},14,expanding,40,1965:Q3,,3,0.02
joint_indicator_revision_dfm_full_kalman_em,pseudo,2023:Q1:pre_second:pseudo,2023-05-31,pre_second,S,2023:Q1,0.7145039439862864,0.3544457640067528,0.5953534782016082,model_implied_state_space,1.2725,-0.5579960560137136,False,False,50,-3532.1785928337263,-5567.342723839667,-3532.1785928337263,0.9536129893390353,0.0002698294613223016,51.0,0,{},14,expanding,40,1965:Q3,,3,0.02
midas_umidas,pseudo,2023:Q1:pre_second:pseudo,2023-05-31,pre_second,S,2023:Q1,2.8130267583176103,,,not_available,1.2725,1.5405267583176103,False,True,0,,,,,,,0,{},14,expanding,40,1965:Q3,,3,0.02
monthly_mixed_frequency_kalman_em,pseudo,2023:Q1:pre_second:pseudo,2023-05-31,pre_second,S,2023:Q1,1.1618655581720163,0.3575671408335176,0.5979691805047461,model_implied_state_space,1.2725,-0.11063444182798365,False,True,29,-6239.782735870956,-8322.810894062517,-6239.782735870956,0.613382612688838,9.827650753848645e-05,29.0,0,{},14,expanding,40,1965:Q3,,3,0.02
no_revision,pseudo,2023:Q1:pre_second:pseudo,2023-05-31,pre_second,S,2023:Q1,1.0626,,,not_available,1.2725,-0.20989999999999998,False,True,0,,,,,,,0,{},14,expanding,40,1965:Q3,,3,0.02
release_dfm,pseudo,2023:Q1:pre_second:pseudo,2023-05-31,pre_second,S,2023:Q1,1.163006401456031,,,not_available,1.2725,-0.1094935985439689,False,True,0,,,,,,,0,{},14,expanding,40,1965:Q3,,3,0.02
revision_dfm_kalman_em,pseudo,2023:Q1:pre_second:pseudo,2023-05-31,pre_second,S,2023:Q1,1.0575479308708091,0.38790958077252474,0.622823876206207,model_implied_state_space,1.2725,-0.21495206912919085,False,True,25,-1876.0801892722036,-3440.687334940228,-1876.0801892722036,0.16726907559768733,8.91033703915113e-05,25.0,0,{},14,expanding,40,1965:Q3,,3,0.02
standard_dfm,pseudo,2023:Q1:pre_second:pseudo,2023-05-31,pre_second,S,2023:Q1,1.9423941148983723,,,not_available,1.2725,0.6698941148983724,False,True,0,,,,,,,0,{},14,expanding,40,1965:Q3,,3,0.02
ar,exact,2023:Q1:pre_third:exact,2023-06-28,pre_third,T,2023:Q1,2.640678980319079,,,not_available,2.0027,0.6379789803190792,False,True,0,,,,,,,0,{},14,expanding,40,1965:Q3,,3,0.02
bridge,exact,2023:Q1:pre_third:exact,2023-06-28,pre_third,T,2023:Q1,1.427554557879653,,,not_available,2.0027,-0.575145442120347,False,True,0,,,,,,,0,{},14,expanding,40,1965:Q3,,3,0.02
indicator_revision_only_dfm_kalman_em,exact,2023:Q1:pre_third:exact,2023-06-28,pre_third,T,2023:Q1,1.267742870571148,0.14209306589404316,0.3769523390218492,model_implied_state_space,2.0027,-0.7349571294288519,False,False,50,-3552.3203219780503,-5558.386445349638,-3552.3203219780503,1.8217818632415401,0.0005124357367524423,51.0,0,{},14,expanding,40,1965:Q3,,3,0.02
joint_indicator_revision_dfm_full_kalman_em,exact,2023:Q1:pre_third:exact,2023-06-28,pre_third,T,2023:Q1,1.2399950735483665,0.13948816844225367,0.37348114871068616,model_implied_state_space,2.0027,-0.7627049264516335,False,False,50,-3530.0894249733433,-5568.113539349948,-3530.0894249733433,0.5585418147798009,0.00015815330973878745,51.0,0,{},14,expanding,40,1965:Q3,,3,0.02
midas_umidas,exact,2023:Q1:pre_third:exact,2023-06-28,pre_third,T,2023:Q1,1.2625737787674116,,,not_available,2.0027,-0.7401262212325883,False,True,0,,,,,,,0,{},14,expanding,40,1965:Q3,,3,0.02
monthly_mixed_frequency_kalman_em,exact,2023:Q1:pre_third:exact,2023-06-28,pre_third,T,2023:Q1,1.2978032536119504,0.14334089355876176,0.378603874199356,model_implied_state_space,2.0027,-0.7048967463880496,False,True,28,-6249.628086044323,-8312.439671527021,-6249.628086044323,0.6250941354346651,9.999501178685107e-05,28.0,0,{},14,expanding,40,1965:Q3,,3,0.02
no_revision,exact,2023:Q1:pre_third:exact,2023-06-28,pre_third,T,2023:Q1,1.2725,,,not_available,2.0027,-0.7302,False,True,0,,,,,,,0,{},14,expanding,40,1965:Q3,,3,0.02
release_dfm,exact,2023:Q1:pre_third:exact,2023-06-28,pre_third,T,2023:Q1,1.3064709067711007,,,not_available,2.0027,-0.6962290932288993,False,True,0,,,,,,,0,{},14,expanding,40,1965:Q3,,3,0.02
revision_dfm_kalman_em,exact,2023:Q1:pre_third:exact,2023-06-28,pre_third,T,2023:Q1,1.2585642362603553,0.14059721503728467,0.37496295155292964,model_implied_state_space,2.0027,-0.7441357637396446,False,True,25,-1875.6453990645323,-3441.9679236590937,-1875.6453990645323,0.16763836796530995,8.932076057753798e-05,25.0,0,{},14,expanding,40,1965:Q3,,3,0.02
standard_dfm,exact,2023:Q1:pre_third:exact,2023-06-28,pre_third,T,2023:Q1,1.8641400992808632,,,not_available,2.0027,-0.1385599007191367,False,True,0,,,,,,,0,{},14,expanding,40,1965:Q3,,3,0.02
ar,pseudo,2023:Q1:pre_third:pseudo,2023-06-30,pre_third,T,2023:Q1,2.640678980319079,,,not_available,2.0027,0.6379789803190792,False,True,0,,,,,,,0,{},14,expanding,40,1965:Q3,,3,0.02
bridge,pseudo,2023:Q1:pre_third:pseudo,2023-06-30,pre_third,T,2023:Q1,1.524588418027784,,,not_available,2.0027,-0.4781115819722159,False,True,0,,,,,,,0,{},14,expanding,40,1965:Q3,,3,0.02
indicator_revision_only_dfm_kalman_em,pseudo,2023:Q1:pre_third:pseudo,2023-06-30,pre_third,T,2023:Q1,1.2677353501780069,0.14209260906524726,0.3769517330710223,model_implied_state_space,2.0027,-0.734964649821993,False,False,50,-3552.1895374379737,-5558.367405084799,-3552.1895374379737,1.801058101088529,0.0005066280916041143,51.0,0,{},14,expanding,40,1965:Q3,,3,0.02
joint_indicator_revision_dfm_full_kalman_em,pseudo,2023:Q1:pre_third:pseudo,2023-06-30,pre_third,T,2023:Q1,1.240068120172747,0.13948950675219465,0.37348294037639074,model_implied_state_space,2.0027,-0.7626318798272529,False,False,50,-3529.9870353165593,-5568.0944773953,-3529.9870353165593,0.5380811174236442,0.00015236508298346202,51.0,0,{},14,expanding,40,1965:Q3,,3,0.02
midas_umidas,pseudo,2023:Q1:pre_third:pseudo,2023-06-30,pre_third,T,2023:Q1,1.2638732257020224,,,not_available,2.0027,-0.7388267742979775,False,True,0,,,,,,,0,{},14,expanding,40,1965:Q3,,3,0.02
monthly_mixed_frequency_kalman_em,pseudo,2023:Q1:pre_third:pseudo,2023-06-30,pre_third,T,2023:Q1,1.296038893435177,0.14279587010236708,0.37788340808027954,model_implied_state_space,2.0027,-0.706661106564823,False,True,29,-6250.502758745002,-8313.780406769349,-6250.502758745002,0.5686461454006349,9.095323910661623e-05,29.0,0,{},14,expanding,40,1965:Q3,,3,0.02
no_revision,pseudo,2023:Q1:pre_third:pseudo,2023-06-30,pre_third,T,2023:Q1,1.2725,,,not_available,2.0027,-0.7302,False,True,0,,,,,,,0,{},14,expanding,40,1965:Q3,,3,0.02
release_dfm,pseudo,2023:Q1:pre_third:pseudo,2023-06-30,pre_third,T,2023:Q1,1.3061348505649242,,,not_available,2.0027,-0.6965651494350757,False,True,0,,,,,,,0,{},14,expanding,40,1965:Q3,,3,0.02
revision_dfm_kalman_em,pseudo,2023:Q1:pre_third:pseudo,2023-06-30,pre_third,T,2023:Q1,1.2585208444340665,0.140597313950082,0.37496308344966706,model_implied_state_space,2.0027,-0.7441791555659334,False,True,25,-1875.640287341201,-3441.964287242724,-1875.640287341201,0.16765340227789238,8.932901371435915e-05,25.0,0,{},14,expanding,40,1965:Q3,,3,0.02
standard_dfm,pseudo,2023:Q1:pre_third:pseudo,2023-06-30,pre_third,T,2023:Q1,1.9032373398679863,,,not_available,2.0027,-0.09946266013201366,False,True,0,,,,,,,0,{},14,expanding,40,1965:Q3,,3,0.02
ar,exact,2023:Q2:pre_advance:exact,2023-07-26,pre_advance,A,2023:Q2,2.421500795288499,,,not_available,2.4137,0.007800795288499085,False,True,0,,,,,,,0,{},14,expanding,40,1965:Q3,,3,0.02
bridge,exact,2023:Q2:pre_advance:exact,2023-07-26,pre_advance,A,2023:Q2,1.2275334257182353,,,not_available,2.4137,-1.1861665742817646,False,True,0,,,,,,,0,{},14,expanding,40,1965:Q3,,3,0.02
indicator_revision_only_dfm_kalman_em,exact,2023:Q2:pre_advance:exact,2023-07-26,pre_advance,A,2023:Q2,2.6368402005476232,4.207052884767778,2.051110159101109,model_implied_state_space,2.4137,0.2231402005476233,False,False,50,-3561.221016788881,-5599.792427842754,-3561.221016788881,1.3738978294281878,0.0003855370383968975,51.0,0,{},14,expanding,40,1965:Q3,,3,0.02
joint_indicator_revision_dfm_full_kalman_em,exact,2023:Q2:pre_advance:exact,2023-07-26,pre_advance,A,2023:Q2,2.6389521109948086,3.125211362914793,1.767826734415676,model_implied_state_space,2.4137,0.22525211099480869,False,True,46,-3539.2553987446,-5610.731895876252,-3539.2553987446,0.28770975233965146,8.126147416456465e-05,46.0,0,{},14,expanding,40,1965:Q3,,3,0.02
midas_umidas,exact,2023:Q2:pre_advance:exact,2023-07-26,pre_advance,A,2023:Q2,4.460695135442568,,,not_available,2.4137,2.0469951354425677,False,True,0,,,,,,,0,{},14,expanding,40,1965:Q3,,3,0.02
monthly_mixed_frequency_kalman_em,exact,2023:Q2:pre_advance:exact,2023-07-26,pre_advance,A,2023:Q2,3.138394183136487,4.372574229196063,2.0910701158010134,model_implied_state_space,2.4137,0.7246941831364873,False,True,28,-6242.887466637736,-8336.377463423803,-6242.887466637736,0.5975367835417273,9.569032245482921e-05,28.0,0,{},14,expanding,40,1965:Q3,,3,0.02
no_revision,exact,2023:Q2:pre_advance:exact,2023-07-26,pre_advance,A,2023:Q2,2.4867897204454863,,,not_available,2.4137,0.07308972044548634,False,True,0,,,,,,,0,{},14,expanding,40,1965:Q3,,3,0.02
release_dfm,exact,2023:Q2:pre_advance:exact,2023-07-26,pre_advance,A,2023:Q2,2.7615889554249984,,,not_available,2.4137,0.3478889554249984,False,True,0,,,,,,,0,{},14,expanding,40,1965:Q3,,3,0.02
revision_dfm_kalman_em,exact,2023:Q2:pre_advance:exact,2023-07-26,pre_advance,A,2023:Q2,2.367774108711465,2.9791421988282987,1.7260191768425688,model_implied_state_space,2.4137,-0.04592589128853497,False,True,29,-1867.734513592612,-3457.649030941547,-1867.734513592612,0.17707467224727225,9.474748477089409e-05,29.0,0,{},14,expanding,40,1965:Q3,,3,0.02
standard_dfm,exact,2023:Q2:pre_advance:exact,2023-07-26,pre_advance,A,2023:Q2,2.7615889554249984,,,not_available,2.4137,0.3478889554249984,False,True,0,,,,,,,0,{},14,expanding,40,1965:Q3,,3,0.02
ar,pseudo,2023:Q2:pre_advance:pseudo,2023-07-31,pre_advance,A,2023:Q2,2.421500795288499,,,not_available,2.4137,0.007800795288499085,False,True,0,,,,,,,0,{},14,expanding,40,1965:Q3,,3,0.02
bridge,pseudo,2023:Q2:pre_advance:pseudo,2023-07-31,pre_advance,A,2023:Q2,1.4284183025022403,,,not_available,2.4137,-0.9852816974977596,False,True,0,,,,,,,0,{},14,expanding,40,1965:Q3,,3,0.02
indicator_revision_only_dfm_kalman_em,pseudo,2023:Q2:pre_advance:pseudo,2023-07-31,pre_advance,A,2023:Q2,2.664759303040649,4.207287444448883,2.0511673370178465,model_implied_state_space,2.4137,0.25105930304064916,False,False,50,-3561.7819178392506,-5600.129480296163,-3561.7819178392506,1.351401886356598,0.00037916704150130914,51.0,0,{},14,expanding,40,1965:Q3,,3,0.02
joint_indicator_revision_dfm_full_kalman_em,pseudo,2023:Q2:pre_advance:pseudo,2023-07-31,pre_advance,A,2023:Q2,2.6621658849926426,3.1251640283867497,1.767813346591418,model_implied_state_space,2.4137,0.24846588499264266,False,True,44,-3540.197150930498,-5611.068988391473,-3540.197150930498,0.3451912607770282,9.746918924692184e-05,44.0,0,{},14,expanding,40,1965:Q3,,3,0.02
midas_umidas,pseudo,2023:Q2:pre_advance:pseudo,2023-07-31,pre_advance,A,2023:Q2,4.771591764309844,,,not_available,2.4137,2.357891764309844,False,True,0,,,,,,,0,{},14,expanding,40,1965:Q3,,3,0.02
monthly_mixed_frequency_kalman_em,pseudo,2023:Q2:pre_advance:pseudo,2023-07-31,pre_advance,A,2023:Q2,3.1435748094928213,4.371676752172048,2.0908555072438766,model_implied_state_space,2.4137,0.7298748094928214,False,True,28,-6246.26129212147,-8339.204677727917,-6246.26129212147,0.5993356197122921,9.592653476474436e-05,28.0,0,{},14,expanding,40,1965:Q3,,3,0.02
no_revision,pseudo,2023:Q2:pre_advance:pseudo,2023-07-31,pre_advance,A,2023:Q2,2.4867897204454863,,,not_available,2.4137,0.07308972044548634,False,True,0,,,,,,,0,{},14,expanding,40,1965:Q3,,3,0.02
release_dfm,pseudo,2023:Q2:pre_advance:pseudo,2023-07-31,pre_advance,A,2023:Q2,3.0390890391438723,,,not_available,2.4137,0.6253890391438723,False,True,0,,,,,,,0,{},14,expanding,40,1965:Q3,,3,0.02
revision_dfm_kalman_em,pseudo,2023:Q2:pre_advance:pseudo,2023-07-31,pre_advance,A,2023:Q2,2.468321735907935,2.975280521562204,1.7249001482874897,model_implied_state_space,2.4137,0.054621735907935065,False,True,29,-1868.3592448803504,-3457.7741544026776,-1868.3592448803504,0.17812242697300462,9.527620580783182e-05,29.0,0,{},14,expanding,40,1965:Q3,,3,0.02
standard_dfm,pseudo,2023:Q2:pre_advance:pseudo,2023-07-31,pre_advance,A,2023:Q2,3.0390890391438723,,,not_available,2.4137,0.6253890391438723,False,True,0,,,,,,,0,{},14,expanding,40,1965:Q3,,3,0.02
ar,exact,2023:Q2:pre_second:exact,2023-08-29,pre_second,S,2023:Q2,2.5001869441568183,,,not_available,2.0608,0.43938694415681834,False,True,0,,,,,,,0,{},14,expanding,40,1965:Q3,,3,0.02
bridge,exact,2023:Q2:pre_second:exact,2023-08-29,pre_second,S,2023:Q2,1.5948661030667803,,,not_available,2.0608,-0.4659338969332196,False,True,0,,,,,,,0,{},14,expanding,40,1965:Q3,,3,0.02
indicator_revision_only_dfm_kalman_em,exact,2023:Q2:pre_second:exact,2023-08-29,pre_second,S,2023:Q2,2.4310762613335246,0.37298865268353765,0.6107279694622948,model_implied_state_space,2.0608,0.37027626133352465,False,False,50,-3562.1009653120964,-5601.402386972801,-3562.1009653120964,1.3474890363117993,0.00037803577568023053,51.0,0,{},14,expanding,40,1965:Q3,,3,0.02
joint_indicator_revision_dfm_full_kalman_em,exact,2023:Q2:pre_second:exact,2023-08-29,pre_second,S,2023:Q2,2.875444618197469,0.35336279415899413,0.5944432640370266,model_implied_state_space,2.0608,0.8146446181974691,False,True,44,-3540.6722456688917,-5612.425764800726,-3540.6722456688917,0.35154112707323293,9.924866354193209e-05,44.0,0,{},14,expanding,40,1965:Q3,,3,0.02
midas_umidas,exact,2023:Q2:pre_second:exact,2023-08-29,pre_second,S,2023:Q2,3.3156196122347628,,,not_available,2.0608,1.2548196122347628,False,True,0,,,,,,,0,{},14,expanding,40,1965:Q3,,3,0.02
monthly_mixed_frequency_kalman_em,exact,2023:Q2:pre_second:exact,2023-08-29,pre_second,S,2023:Q2,2.48852910547468,0.3549966945122124,0.5958159904804606,model_implied_state_space,2.0608,0.4277291054746799,False,True,29,-6270.679786129267,-8392.850322523933,-6270.679786129267,0.595911205730772,9.500717673873398e-05,29.0,0,{},14,expanding,40,1965:Q3,,3,0.02
no_revision,exact,2023:Q2:pre_second:exact,2023-08-29,pre_second,S,2023:Q2,2.4137,,,not_available,2.0608,0.3529,False,True,0,,,,,,,0,{},14,expanding,40,1965:Q3,,3,0.02
release_dfm,exact,2023:Q2:pre_second:exact,2023-08-29,pre_second,S,2023:Q2,2.522739158381145,,,not_available,2.0608,0.4619391583811452,False,True,0,,,,,,,0,{},14,expanding,40,1965:Q3,,3,0.02
revision_dfm_kalman_em,exact,2023:Q2:pre_second:exact,2023-08-29,pre_second,S,2023:Q2,2.5623482292954667,0.3880446380013223,0.6229322900615462,model_implied_state_space,2.0608,0.5015482292954667,False,True,24,-1869.1659971342444,-3468.1759991656377,-1869.1659971342444,0.18514954324496102,9.899186234299508e-05,24.0,0,{},14,expanding,40,1965:Q3,,3,0.02
standard_dfm,exact,2023:Q2:pre_second:exact,2023-08-29,pre_second,S,2023:Q2,2.9194924158613405,,,not_available,2.0608,0.8586924158613405,False,True,0,,,,,,,0,{},14,expanding,40,1965:Q3,,3,0.02
ar,pseudo,2023:Q2:pre_second:pseudo,2023-08-31,pre_second,S,2023:Q2,2.5001869441568183,,,not_available,2.0608,0.43938694415681834,False,True,0,,,,,,,0,{},14,expanding,40,1965:Q3,,3,0.02
bridge,pseudo,2023:Q2:pre_second:pseudo,2023-08-31,pre_second,S,2023:Q2,1.5789487899208259,,,not_available,2.0608,-0.4818512100791741,False,True,0,,,,,,,0,{},14,expanding,40,1965:Q3,,3,0.02
indicator_revision_only_dfm_kalman_em,pseudo,2023:Q2:pre_second:pseudo,2023-08-31,pre_second,S,2023:Q2,2.431061521867543,0.37298856508476974,0.610727897745608,model_implied_state_space,2.0608,0.37026152186754313,False,False,50,-3562.1006922895485,-5601.404855705104,-3562.1006922895485,1.347424051764392,0.00037801758022149023,51.0,0,{},14,expanding,40,1965:Q3,,3,0.02
joint_indicator_revision_dfm_full_kalman_em,pseudo,2023:Q2:pre_second:pseudo,2023-08-31,pre_second,S,2023:Q2,2.8754578646105986,0.3533627446922291,0.5944432224293832,model_implied_state_space,2.0608,0.8146578646105986,False,True,44,-3540.6719929131245,-5612.428233867232,-3540.6719929131245,0.3513929808073044,9.920684945410665e-05,44.0,0,{},14,expanding,40,1965:Q3,,3,0.02
midas_umidas,pseudo,2023:Q2:pre_second:pseudo,2023-08-31,pre_second,S,2023:Q2,3.338755249540821,,,not_available,2.0608,1.2779552495408208,False,True,0,,,,,,,0,{},14,expanding,40,1965:Q3,,3,0.02
monthly_mixed_frequency_kalman_em,pseudo,2023:Q2:pre_second:pseudo,2023-08-31,pre_second,S,2023:Q2,2.488477073383208,0.3549942202045279,0.5958139140742921,model_implied_state_space,2.0608,0.42767707338320804,False,True,29,-6272.106674034055,-8394.186911469053,-6272.106674034055,0.5963899458820379,9.506187012677925e-05,29.0,0,{},14,expanding,40,1965:Q3,,3,0.02
no_revision,pseudo,2023:Q2:pre_second:pseudo,2023-08-31,pre_second,S,2023:Q2,2.4137,,,not_available,2.0608,0.3529,False,True,0,,,,,,,0,{},14,expanding,40,1965:Q3,,3,0.02
release_dfm,pseudo,2023:Q2:pre_second:pseudo,2023-08-31,pre_second,S,2023:Q2,2.522839391220714,,,not_available,2.0608,0.4620393912207139,False,True,0,,,,,,,0,{},14,expanding,40,1965:Q3,,3,0.02
revision_dfm_kalman_em,pseudo,2023:Q2:pre_second:pseudo,2023-08-31,pre_second,S,2023:Q2,2.5624041364317343,0.3880444214863273,0.6229321162745803,model_implied_state_space,2.0608,0.5016041364317343,False,True,24,-1869.1648403665592,-3468.1769539822126,-1869.1648403665592,0.18514857619288705,9.899140657495098e-05,24.0,0,{},14,expanding,40,1965:Q3,,3,0.02
standard_dfm,pseudo,2023:Q2:pre_second:pseudo,2023-08-31,pre_second,S,2023:Q2,2.9123292122020277,,,not_available,2.0608,0.8515292122020277,False,True,0,,,,,,,0,{},14,expanding,40,1965:Q3,,3,0.02
ar,exact,2023:Q2:pre_third:exact,2023-09-27,pre_third,T,2023:Q2,2.60892873043342,,,not_available,2.0617,0.54722873043342,False,True,0,,,,,,,0,{},14,expanding,40,1965:Q3,,3,0.02
bridge,exact,2023:Q2:pre_third:exact,2023-09-27,pre_third,T,2023:Q2,2.03912158462578,,,not_available,2.0617,-0.022578415374220118,False,True,0,,,,,,,0,{},14,expanding,40,1965:Q3,,3,0.02
indicator_revision_only_dfm_kalman_em,exact,2023:Q2:pre_third:exact,2023-09-27,pre_third,T,2023:Q2,2.08873066469915,0.1457216332983359,0.38173503022166555,model_implied_state_space,2.0617,0.02703066469914983,False,True,22,-3619.9610682836624,-5614.47471010588,-3619.9610682836624,0.36036837524898147,9.951294894757066e-05,22.0,0,{},14,expanding,40,1965:Q3,,3,0.02
joint_indicator_revision_dfm_full_kalman_em,exact,2023:Q2:pre_third:exact,2023-09-27,pre_third,T,2023:Q2,2.1064431779893296,0.1416484070660075,0.37636206911165676,model_implied_state_space,2.0617,0.044743177989329475,False,True,26,-3583.7117896669247,-5626.930666763125,-3583.7117896669247,0.33808872410190816,9.430516605633467e-05,26.0,0,{},14,expanding,40,1965:Q3,,3,0.02
midas_umidas,exact,2023:Q2:pre_third:exact,2023-09-27,pre_third,T,2023:Q2,2.018278752415345,,,not_available,2.0617,-0.04342124758465493,False,True,0,,,,,,,0,{},14,expanding,40,1965:Q3,,3,0.02
monthly_mixed_frequency_kalman_em,exact,2023:Q2:pre_third:exact,2023-09-27,pre_third,T,2023:Q2,2.1065103894964192,0.14564443923137343,0.3816339073397088,model_implied_state_space,2.0617,0.044810389496419134,False,True,29,-6284.847682590604,-8413.02125565041,-6284.847682590604,0.5911701471686683,9.403895607943614e-05,29.0,0,{},14,expanding,40,1965:Q3,,3,0.02
no_revision,exact,2023:Q2:pre_third:exact,2023-09-27,pre_third,T,2023:Q2,2.0608,,,not_available,2.0617,-0.0009000000000001229,False,True,0,,,,,,,0,{},14,expanding,40,1965:Q3,,3,0.02
release_dfm,exact,2023:Q2:pre_third:exact,2023-09-27,pre_third,T,2023:Q2,2.2165779953550744,,,not_available,2.0617,0.1548779953550743,False,True,0,,,,,,,0,{},14,expanding,40,1965:Q3,,3,0.02
revision_dfm_kalman_em,exact,2023:Q2:pre_third:exact,2023-09-27,pre_third,T,2023:Q2,2.0891806911135657,0.14205537121615416,0.37690233644294935,model_implied_state_space,2.0617,0.02748069111356566,False,True,29,-1868.6503691483776,-3460.4300363408397,-1868.6503691483776,0.17945955451045847,9.597641012869638e-05,29.0,0,{},14,expanding,40,1965:Q3,,3,0.02
standard_dfm,exact,2023:Q2:pre_third:exact,2023-09-27,pre_third,T,2023:Q2,3.0534280357652785,,,not_available,2.0617,0.9917280357652785,False,True,0,,,,,,,0,{},14,expanding,40,1965:Q3,,3,0.02
ar,pseudo,2023:Q2:pre_third:pseudo,2023-09-30,pre_third,T,2023:Q2,2.60892873043342,,,not_available,2.0617,0.54722873043342,False,True,0,,,,,,,0,{},14,expanding,40,1965:Q3,,3,0.02
bridge,pseudo,2023:Q2:pre_third:pseudo,2023-09-30,pre_third,T,2023:Q2,2.0626347827076326,,,not_available,2.0617,0.0009347827076324755,False,True,0,,,,,,,0,{},14,expanding,40,1965:Q3,,3,0.02
indicator_revision_only_dfm_kalman_em,pseudo,2023:Q2:pre_third:pseudo,2023-09-30,pre_third,T,2023:Q2,2.087759779532086,0.14560114517636608,0.3815771811526026,model_implied_state_space,2.0617,0.026059779532086047,False,True,23,-3618.5643836458685,-5614.559914737218,-3618.5643836458685,0.35712138526969284,9.86544555657764e-05,23.0,0,{},14,expanding,40,1965:Q3,,3,0.02
joint_indicator_revision_dfm_full_kalman_em,pseudo,2023:Q2:pre_third:pseudo,2023-09-30,pre_third,T,2023:Q2,2.1058640083662827,0.1416221169295925,0.3763271408357262,model_implied_state_space,2.0617,0.04416400836628265,False,True,28,-3581.859181453768,-5627.018449676714,-3581.859181453768,0.35513865932398403,9.911175486504957e-05,28.0,0,{},14,expanding,40,1965:Q3,,3,0.02
midas_umidas,pseudo,2023:Q2:pre_third:pseudo,2023-09-30,pre_third,T,2023:Q2,2.0717813133095384,,,not_available,2.0617,0.01008131330953832,False,True,0,,,,,,,0,{},14,expanding,40,1965:Q3,,3,0.02
monthly_mixed_frequency_kalman_em,pseudo,2023:Q2:pre_third:pseudo,2023-09-30,pre_third,T,2023:Q2,2.1062829212313527,0.14566680028401682,0.38166320268532156,model_implied_state_space,2.0617,0.04458292123135266,False,True,29,-6284.139096953304,-8413.22599140101,-6284.139096953304,0.5945635219177348,9.458935965683024e-05,29.0,0,{},14,expanding,40,1965:Q3,,3,0.02
no_revision,pseudo,2023:Q2:pre_third:pseudo,2023-09-30,pre_third,T,2023:Q2,2.0608,,,not_available,2.0617,-0.0009000000000001229,False,True,0,,,,,,,0,{},14,expanding,40,1965:Q3,,3,0.02
release_dfm,pseudo,2023:Q2:pre_third:pseudo,2023-09-30,pre_third,T,2023:Q2,2.2164767898526185,,,not_available,2.0617,0.15477678985261845,False,True,0,,,,,,,0,{},14,expanding,40,1965:Q3,,3,0.02
revision_dfm_kalman_em,pseudo,2023:Q2:pre_third:pseudo,2023-09-30,pre_third,T,2023:Q2,2.0894697980676415,0.14206010994203927,0.37690862280138837,model_implied_state_space,2.0617,0.02776979806764146,False,True,29,-1867.9416968896699,-3460.3114518310804,-1867.9416968896699,0.1802432102401781,9.643202317262594e-05,29.0,0,{},14,expanding,40,1965:Q3,,3,0.02
standard_dfm,pseudo,2023:Q2:pre_third:pseudo,2023-09-30,pre_third,T,2023:Q2,3.0733311673430217,,,not_available,2.0617,1.0116311673430216,False,True,0,,,,,,,0,{},14,expanding,40,1965:Q3,,3,0.02
ar,exact,2023:Q3:pre_advance:exact,2023-10-25,pre_advance,A,2023:Q3,2.474420689104078,,,not_available,4.8777,-2.403279310895922,False,True,0,,,,,,,0,{},14,expanding,40,1965:Q3,,3,0.02
bridge,exact,2023:Q3:pre_advance:exact,2023-10-25,pre_advance,A,2023:Q3,2.550861197803975,,,not_available,4.8777,-2.326838802196025,False,True,0,,,,,,,0,{},14,expanding,40,1965:Q3,,3,0.02
indicator_revision_only_dfm_kalman_em,exact,2023:Q3:pre_advance:exact,2023-10-25,pre_advance,A,2023:Q3,2.058015897325819,3.287282255154328,1.8130863893246587,model_implied_state_space,4.8777,-2.819684102674181,False,True,46,-3523.3399129162367,-5639.193436434214,-3523.3399129162367,0.3434796070664561,9.744977599833747e-05,46.0,0,{},14,expanding,40,1965:Q3,,3,0.02
joint_indicator_revision_dfm_full_kalman_em,exact,2023:Q3:pre_advance:exact,2023-10-25,pre_advance,A,2023:Q3,1.9749802287531821,2.5092877991621316,1.5840731672375905,model_implied_state_space,4.8777,-2.902719771246818,False,False,50,-3496.012228685919,-5651.371167502614,-3496.012228685919,0.3296980663399154,9.427104162105286e-05,51.0,0,{},14,expanding,40,1965:Q3,,3,0.02
midas_umidas,exact,2023:Q3:pre_advance:exact,2023-10-25,pre_advance,A,2023:Q3,5.237756856016864,,,not_available,4.8777,0.36005685601686377,False,True,0,,,,,,,0,{},14,expanding,40,1965:Q3,,3,0.02
monthly_mixed_frequency_kalman_em,exact,2023:Q3:pre_advance:exact,2023-10-25,pre_advance,A,2023:Q3,2.509957968590254,4.476689152145218,2.115818790006653,model_implied_state_space,4.8777,-2.3677420314097457,False,True,28,-6271.232872160944,-8434.48163553542,-6271.232872160944,0.6123506651765638,9.761928493760602e-05,28.0,0,{},14,expanding,40,1965:Q3,,3,0.02
no_revision,exact,2023:Q3:pre_advance:exact,2023-10-25,pre_advance,A,2023:Q3,2.361567028740433,,,not_available,4.8777,-2.516132971259567,False,True,0,,,,,,,0,{},14,expanding,40,1965:Q3,,3,0.02
release_dfm,exact,2023:Q3:pre_advance:exact,2023-10-25,pre_advance,A,2023:Q3,2.0334805270938823,,,not_available,4.8777,-2.8442194729061177,False,True,0,,,,,,,0,{},14,expanding,40,1965:Q3,,3,0.02
revision_dfm_kalman_em,exact,2023:Q3:pre_advance:exact,2023-10-25,pre_advance,A,2023:Q3,2.609324439758332,2.9646525390615985,1.7218166392103424,model_implied_state_space,4.8777,-2.268375560241668,False,True,25,-1855.7493985873973,-3493.4148314092345,-1855.7493985873973,0.17016211740246945,9.163677361332974e-05,25.0,0,{},14,expanding,40,1965:Q3,,3,0.02
standard_dfm,exact,2023:Q3:pre_advance:exact,2023-10-25,pre_advance,A,2023:Q3,2.0334805270938823,,,not_available,4.8777,-2.8442194729061177,False,True,0,,,,,,,0,{},14,expanding,40,1965:Q3,,3,0.02
ar,pseudo,2023:Q3:pre_advance:pseudo,2023-10-31,pre_advance,A,2023:Q3,2.474420689104078,,,not_available,4.8777,-2.403279310895922,False,True,0,,,,,,,0,{},14,expanding,40,1965:Q3,,3,0.02
bridge,pseudo,2023:Q3:pre_advance:pseudo,2023-10-31,pre_advance,A,2023:Q3,2.6266820530183033,,,not_available,4.8777,-2.2510179469816967,False,True,0,,,,,,,0,{},14,expanding,40,1965:Q3,,3,0.02
indicator_revision_only_dfm_kalman_em,pseudo,2023:Q3:pre_advance:pseudo,2023-10-31,pre_advance,A,2023:Q3,2.18907911410205,3.279915076281963,1.8110535818362643,model_implied_state_space,4.8777,-2.68862088589795,False,True,45,-3523.3097515325185,-5638.828506327689,-3523.3097515325185,0.3329513394278365,9.446385562898088e-05,45.0,0,{},14,expanding,40,1965:Q3,,3,0.02
joint_indicator_revision_dfm_full_kalman_em,pseudo,2023:Q3:pre_advance:pseudo,2023-10-31,pre_advance,A,2023:Q3,2.088069677716784,2.506561855265147,1.5832125110878663,model_implied_state_space,4.8777,-2.789630322283216,False,True,48,-3496.1207574634263,-5651.0062995951375,-3496.1207574634263,0.34485190462373794,9.860051338318907e-05,48.0,0,{},14,expanding,40,1965:Q3,,3,0.02
midas_umidas,pseudo,2023:Q3:pre_advance:pseudo,2023-10-31,pre_advance,A,2023:Q3,5.4547370997148406,,,not_available,4.8777,0.5770370997148406,False,True,0,,,,,,,0,{},14,expanding,40,1965:Q3,,3,0.02
monthly_mixed_frequency_kalman_em,pseudo,2023:Q3:pre_advance:pseudo,2023-10-31,pre_advance,A,2023:Q3,2.51182763414455,4.476584072820231,2.1157939580262135,model_implied_state_space,4.8777,-2.36587236585545,False,True,28,-6273.936043005521,-8437.211857189966,-6273.936043005521,0.6123666530402261,9.757978316249553e-05,28.0,0,{},14,expanding,40,1965:Q3,,3,0.02
no_revision,pseudo,2023:Q3:pre_advance:pseudo,2023-10-31,pre_advance,A,2023:Q3,2.361567028740433,,,not_available,4.8777,-2.516132971259567,False,True,0,,,,,,,0,{},14,expanding,40,1965:Q3,,3,0.02
release_dfm,pseudo,2023:Q3:pre_advance:pseudo,2023-10-31,pre_advance,A,2023:Q3,2.1994026395049926,,,not_available,4.8777,-2.6782973604950073,False,True,0,,,,,,,0,{},14,expanding,40,1965:Q3,,3,0.02
revision_dfm_kalman_em,pseudo,2023:Q3:pre_advance:pseudo,2023-10-31,pre_advance,A,2023:Q3,2.673508310129115,2.9666027920000615,1.7223828819400353,model_implied_state_space,4.8777,-2.204191689870885,False,True,25,-1855.4589074317412,-3493.3577983262494,-1855.4589074317412,0.16993032445316203,9.15262765489139e-05,25.0,0,{},14,expanding,40,1965:Q3,,3,0.02
standard_dfm,pseudo,2023:Q3:pre_advance:pseudo,2023-10-31,pre_advance,A,2023:Q3,2.1994026395049926,,,not_available,4.8777,-2.6782973604950073,False,True,0,,,,,,,0,{},14,expanding,40,1965:Q3,,3,0.02
ar,exact,2023:Q3:pre_second:exact,2023-11-28,pre_second,S,2023:Q3,2.54002161309456,,,not_available,5.154,-2.61397838690544,False,True,0,,,,,,,0,{},14,expanding,40,1965:Q3,,3,0.02
bridge,exact,2023:Q3:pre_second:exact,2023-11-28,pre_second,S,2023:Q3,2.6154231874308147,,,not_available,5.154,-2.538576812569185,False,True,0,,,,,,,0,{},14,expanding,40,1965:Q3,,3,0.02
indicator_revision_only_dfm_kalman_em,exact,2023:Q3:pre_second:exact,2023-11-28,pre_second,S,2023:Q3,4.563241795084162,0.3630951816410823,0.6025737976721874,model_implied_state_space,5.154,-0.5907582049158382,False,True,47,-3524.535072829066,-5640.079148193432,-3524.535072829066,0.32430640571692493,9.197939306000035e-05,47.0,0,{},14,expanding,40,1965:Q3,,3,0.02
joint_indicator_revision_dfm_full_kalman_em,exact,2023:Q3:pre_second:exact,2023-11-28,pre_second,S,2023:Q3,5.092068537258455,0.355015171338801,0.5958314957593305,model_implied_state_space,5.154,-0.06193146274154504,False,False,50,-3500.123072593989,-5652.330355059715,-3500.123072593989,1.1839470081231411,0.00033804775009634827,51.0,0,{},14,expanding,40,1965:Q3,,3,0.02
midas_umidas,exact,2023:Q3:pre_second:exact,2023-11-28,pre_second,S,2023:Q3,5.271294002966679,,,not_available,5.154,0.11729400296667869,False,True,0,,,,,,,0,{},14,expanding,40,1965:Q3,,3,0.02
monthly_mixed_frequency_kalman_em,exact,2023:Q3:pre_second:exact,2023-11-28,pre_second,S,2023:Q3,4.857717196523202,0.35312873698720865,0.5942463605165863,model_implied_state_space,5.154,-0.2962828034767977,False,True,28,-6291.491351685551,-8456.424228187041,-6291.491351685551,0.6106352707283804,9.703247651063735e-05,28.0,0,{},14,expanding,40,1965:Q3,,3,0.02
no_revision,exact,2023:Q3:pre_second:exact,2023-11-28,pre_second,S,2023:Q3,4.8777,,,not_available,5.154,-0.2763,False,True,0,,,,,,,0,{},14,expanding,40,1965:Q3,,3,0.02
release_dfm,exact,2023:Q3:pre_second:exact,2023-11-28,pre_second,S,2023:Q3,5.033606177917488,,,not_available,5.154,-0.12039382208251226,False,True,0,,,,,,,0,{},14,expanding,40,1965:Q3,,3,0.02
revision_dfm_kalman_em,exact,2023:Q3:pre_second:exact,2023-11-28,pre_second,S,2023:Q3,5.116415093369785,0.3856978320400587,0.6210457568006231,model_implied_state_space,5.154,-0.03758490663021519,False,True,32,-1856.4606365798168,-3482.4963520655856,-1856.4606365798168,0.16947183967795354,9.123013182755917e-05,32.0,0,{},14,expanding,40,1965:Q3,,3,0.02
standard_dfm,exact,2023:Q3:pre_second:exact,2023-11-28,pre_second,S,2023:Q3,2.3161379949660077,,,not_available,5.154,-2.837862005033992,False,True,0,,,,,,,0,{},14,expanding,40,1965:Q3,,3,0.02
ar,pseudo,2023:Q3:pre_second:pseudo,2023-11-30,pre_second,S,2023:Q3,2.54002161309456,,,not_available,5.154,-2.61397838690544,False,True,0,,,,,,,0,{},14,expanding,40,1965:Q3,,3,0.02
bridge,pseudo,2023:Q3:pre_second:pseudo,2023-11-30,pre_second,S,2023:Q3,2.7068638396803695,,,not_available,5.154,-2.4471361603196304,False,True,0,,,,,,,0,{},14,expanding,40,1965:Q3,,3,0.02
indicator_revision_only_dfm_kalman_em,pseudo,2023:Q3:pre_second:pseudo,2023-11-30,pre_second,S,2023:Q3,4.563283583110669,0.3630871711463552,0.6025671507362106,model_implied_state_space,5.154,-0.5907164168893306,False,True,47,-3524.534939018613,-5640.084930296222,-3524.534939018613,0.32240014761828206,9.143879533552566e-05,47.0,0,{},14,expanding,40,1965:Q3,,3,0.02
joint_indicator_revision_dfm_full_kalman_em,pseudo,2023:Q3:pre_second:pseudo,2023-11-30,pre_second,S,2023:Q3,5.092019688506495,0.355110477532496,0.5959114678645613,model_implied_state_space,5.154,-0.061980311493504914,False,False,50,-3500.018882846398,-5652.33612366513,-3500.018882846398,1.127696516859487,0.0003220015185842162,51.0,0,{},14,expanding,40,1965:Q3,,3,0.02
midas_umidas,pseudo,2023:Q3:pre_second:pseudo,2023-11-30,pre_second,S,2023:Q3,5.266785689238887,,,not_available,5.154,0.11278568923888699,False,True,0,,,,,,,0,{},14,expanding,40,1965:Q3,,3,0.02
monthly_mixed_frequency_kalman_em,pseudo,2023:Q3:pre_second:pseudo,2023-11-30,pre_second,S,2023:Q3,4.857986858861848,0.3531236494765777,0.5942420798602012,model_implied_state_space,5.154,-0.29601314113815214,False,True,28,-6292.942281210414,-8457.769307520315,-6292.942281210414,0.6113785419856868,9.712818017500795e-05,28.0,0,{},14,expanding,40,1965:Q3,,3,0.02
no_revision,pseudo,2023:Q3:pre_second:pseudo,2023-11-30,pre_second,S,2023:Q3,4.8777,,,not_available,5.154,-0.2763,False,True,0,,,,,,,0,{},14,expanding,40,1965:Q3,,3,0.02
release_dfm,pseudo,2023:Q3:pre_second:pseudo,2023-11-30,pre_second,S,2023:Q3,5.03301591145204,,,not_available,5.154,-0.12098408854796006,False,True,0,,,,,,,0,{},14,expanding,40,1965:Q3,,3,0.02
revision_dfm_kalman_em,pseudo,2023:Q3:pre_second:pseudo,2023-11-30,pre_second,S,2023:Q3,5.1155809981722005,0.3857006123462409,0.6210479952034632,model_implied_state_space,5.154,-0.03841900182779945,False,True,32,-1856.4451579891772,-3482.500650603597,-1856.4451579891772,0.16940603982266111,9.119547354066527e-05,32.0,0,{},14,expanding,40,1965:Q3,,3,0.02
standard_dfm,pseudo,2023:Q3:pre_second:pseudo,2023-11-30,pre_second,S,2023:Q3,2.3558421715670845,,,not_available,5.154,-2.7981578284329154,False,True,0,,,,,,,0,{},14,expanding,40,1965:Q3,,3,0.02
ar,exact,2023:Q3:pre_third:exact,2023-12-20,pre_third,T,2023:Q3,2.6095068723951225,,,not_available,4.8609,-2.2513931276048775,False,True,0,,,,,,,0,{},14,expanding,40,1965:Q3,,3,0.02
bridge,exact,2023:Q3:pre_third:exact,2023-12-20,pre_third,T,2023:Q3,2.8354635402950414,,,not_available,4.8609,-2.0254364597049586,False,True,0,,,,,,,0,{},14,expanding,40,1965:Q3,,3,0.02
indicator_revision_only_dfm_kalman_em,exact,2023:Q3:pre_third:exact,2023-12-20,pre_third,T,2023:Q3,5.130443148909846,0.14319119585726933,0.3784061255546339,model_implied_state_space,4.8609,0.2695431489098459,False,False,50,-3567.201763877037,-5658.025180976835,-3567.201763877037,2.0747456699359645,0.0005811162425061654,51.0,0,{},14,expanding,40,1965:Q3,,3,0.02
joint_indicator_revision_dfm_full_kalman_em,exact,2023:Q3:pre_third:exact,2023-12-20,pre_third,T,2023:Q3,5.167806024847204,0.1405232890001267,0.3748643608028465,model_implied_state_space,4.8609,0.306906024847204,False,False,50,-3554.2470260904875,-5671.8005072388005,-3554.2470260904875,1.6465483126212348,0.00046291750882581473,51.0,0,{},14,expanding,40,1965:Q3,,3,0.02
midas_umidas,exact,2023:Q3:pre_third:exact,2023-12-20,pre_third,T,2023:Q3,5.209887251730508,,,not_available,4.8609,0.3489872517305077,False,True,0,,,,,,,0,{},14,expanding,40,1965:Q3,,3,0.02
monthly_mixed_frequency_kalman_em,exact,2023:Q3:pre_third:exact,2023-12-20,pre_third,T,2023:Q3,5.237394788256574,0.1456353512666994,0.3816220005014116,model_implied_state_space,4.8609,0.3764947882565739,False,True,28,-6306.918384741928,-8475.495049639872,-6306.918384741928,0.6137044809738654,9.728166113671347e-05,28.0,0,{},14,expanding,40,1965:Q3,,3,0.02
no_revision,exact,2023:Q3:pre_third:exact,2023-12-20,pre_third,T,2023:Q3,5.154,,,not_available,4.8609,0.2930999999999999,False,True,0,,,,,,,0,{},14,expanding,40,1965:Q3,,3,0.02
release_dfm,exact,2023:Q3:pre_third:exact,2023-12-20,pre_third,T,2023:Q3,5.22171801343444,,,not_available,4.8609,0.3608180134344403,False,True,0,,,,,,,0,{},14,expanding,40,1965:Q3,,3,0.02
revision_dfm_kalman_em,exact,2023:Q3:pre_third:exact,2023-12-20,pre_third,T,2023:Q3,5.162716508864307,0.14162878308780688,0.37633599759763464,model_implied_state_space,4.8609,0.3018165088643068,False,True,25,-1855.8277800313792,-3496.0257228893365,-1855.8277800313792,0.16932735945738386,9.118342661033884e-05,25.0,0,{},14,expanding,40,1965:Q3,,3,0.02
standard_dfm,exact,2023:Q3:pre_third:exact,2023-12-20,pre_third,T,2023:Q3,2.379173273087472,,,not_available,4.8609,-2.481726726912528,False,True,0,,,,,,,0,{},14,expanding,40,1965:Q3,,3,0.02
ar,pseudo,2023:Q3:pre_third:pseudo,2023-12-31,pre_third,T,2023:Q3,2.6095068723951225,,,not_available,4.8609,-2.2513931276048775,False,True,0,,,,,,,0,{},14,expanding,40,1965:Q3,,3,0.02
bridge,pseudo,2023:Q3:pre_third:pseudo,2023-12-31,pre_third,T,2023:Q3,2.7892138435529756,,,not_available,4.8609,-2.0716861564470244,False,True,0,,,,,,,0,{},14,expanding,40,1965:Q3,,3,0.02
indicator_revision_only_dfm_kalman_em,pseudo,2023:Q3:pre_third:pseudo,2023-12-31,pre_third,T,2023:Q3,5.130440819810673,0.1431911229844961,0.37840602926551803,model_implied_state_space,4.8609,0.2695408198106728,False,False,50,-3567.1798480507173,-5658.025281116504,-3567.1798480507173,2.073024233693559,0.0005806379289787234,51.0,0,{},14,expanding,40,1965:Q3,,3,0.02
joint_indicator_revision_dfm_full_kalman_em,pseudo,2023:Q3:pre_third:pseudo,2023-12-31,pre_third,T,2023:Q3,5.167813883222934,0.14052336504369659,0.3748644622309463,model_implied_state_space,4.8609,0.30691388322293367,False,False,50,-3554.2212370489883,-5671.8006032342755,-3554.2212370489883,1.6470016267389838,0.00046304825375037957,51.0,0,{},14,expanding,40,1965:Q3,,3,0.02
midas_umidas,pseudo,2023:Q3:pre_third:pseudo,2023-12-31,pre_third,T,2023:Q3,5.221131687881236,,,not_available,4.8609,0.36023168788123616,False,True,0,,,,,,,0,{},14,expanding,40,1965:Q3,,3,0.02
monthly_mixed_frequency_kalman_em,pseudo,2023:Q3:pre_third:pseudo,2023-12-31,pre_third,T,2023:Q3,5.237348385488698,0.1456371446802226,0.3816243502191947,model_implied_state_space,4.8609,0.37644838548869775,False,True,28,-6309.728050092607,-8478.252957242057,-6309.728050092607,0.6142632677838264,9.732688187162677e-05,28.0,0,{},14,expanding,40,1965:Q3,,3,0.02
no_revision,pseudo,2023:Q3:pre_third:pseudo,2023-12-31,pre_third,T,2023:Q3,5.154,,,not_available,4.8609,0.2930999999999999,False,True,0,,,,,,,0,{},14,expanding,40,1965:Q3,,3,0.02
release_dfm,pseudo,2023:Q3:pre_third:pseudo,2023-12-31,pre_third,T,2023:Q3,5.221872447332197,,,not_available,4.8609,0.36097244733219735,False,True,0,,,,,,,0,{},14,expanding,40,1965:Q3,,3,0.02
revision_dfm_kalman_em,pseudo,2023:Q3:pre_third:pseudo,2023-12-31,pre_third,T,2023:Q3,5.162736981415673,0.1416287551636512,0.37633596049760004,model_implied_state_space,4.8609,0.30183698141567294,False,True,25,-1855.832490955271,-3496.0247887496066,-1855.832490955271,0.1693284060922906,9.11837588562643e-05,25.0,0,{},14,expanding,40,1965:Q3,,3,0.02
standard_dfm,pseudo,2023:Q3:pre_third:pseudo,2023-12-31,pre_third,T,2023:Q3,2.361136892922804,,,not_available,4.8609,-2.499763107077196,False,True,0,,,,,,,0,{},14,expanding,40,1965:Q3,,3,0.02
ar,exact,2023:Q4:pre_advance:exact,2024-01-24,pre_advance,A,2023:Q4,2.581299805571821,,,not_available,3.28,-0.698700194428179,False,True,0,,,,,,,0,{},14,expanding,40,1965:Q3,,3,0.02
bridge,exact,2023:Q4:pre_advance:exact,2024-01-24,pre_advance,A,2023:Q4,0.6644463382797698,,,not_available,3.28,-2.61555366172023,False,True,0,,,,,,,0,{},14,expanding,40,1965:Q3,,3,0.02
indicator_revision_only_dfm_kalman_em,exact,2023:Q4:pre_advance:exact,2024-01-24,pre_advance,A,2023:Q4,2.3118449669318553,3.954900520845464,1.9886931691051448,model_implied_state_space,3.28,-0.9681550330681445,False,False,50,-3595.2734661843524,-5696.714457775221,-3595.2734661843524,1.4589647916445756,0.0004055234288917884,51.0,0,{},14,expanding,40,1965:Q3,,3,0.02
joint_indicator_revision_dfm_full_kalman_em,exact,2023:Q4:pre_advance:exact,2024-01-24,pre_advance,A,2023:Q4,2.0077523024808883,2.9072890599188197,1.705077435167922,model_implied_state_space,3.28,-1.2722476975191115,False,False,50,-3579.63072594939,-5710.433964384583,-3579.63072594939,1.4817734428984295,0.0004136591028756955,51.0,0,{},14,expanding,40,1965:Q3,,3,0.02
midas_umidas,exact,2023:Q4:pre_advance:exact,2024-01-24,pre_advance,A,2023:Q4,2.274614173385779,,,not_available,3.28,-1.0053858266142206,False,True,0,,,,,,,0,{},14,expanding,40,1965:Q3,,3,0.02
monthly_mixed_frequency_kalman_em,exact,2023:Q4:pre_advance:exact,2024-01-24,pre_advance,A,2023:Q4,0.4156012665671307,4.348259817846876,2.085248142990871,model_implied_state_space,3.28,-2.864398733432869,False,True,28,-6318.979471072895,-8462.522423059914,-6318.979471072895,0.5691164458994535,9.004225472189066e-05,28.0,0,{},14,expanding,40,1965:Q3,,3,0.02
no_revision,exact,2023:Q4:pre_advance:exact,2024-01-24,pre_advance,A,2023:Q4,2.4491677252376145,,,not_available,3.28,-0.8308322747623853,False,True,0,,,,,,,0,{},14,expanding,40,1965:Q3,,3,0.02
release_dfm,exact,2023:Q4:pre_advance:exact,2024-01-24,pre_advance,A,2023:Q4,1.798207053471892,,,not_available,3.28,-1.481792946528108,False,True,0,,,,,,,0,{},14,expanding,40,1965:Q3,,3,0.02
revision_dfm_kalman_em,exact,2023:Q4:pre_advance:exact,2024-01-24,pre_advance,A,2023:Q4,0.7699489138643787,2.9666057982692777,1.7223837546462397,model_implied_state_space,3.28,-2.510051086135621,False,True,32,-1871.7400052641744,-3504.7072502531987,-1871.7400052641744,0.16938446869357904,9.043922232550622e-05,32.0,0,{},14,expanding,40,1965:Q3,,3,0.02
standard_dfm,exact,2023:Q4:pre_advance:exact,2024-01-24,pre_advance,A,2023:Q4,1.798207053471892,,,not_available,3.28,-1.481792946528108,False,True,0,,,,,,,0,{},14,expanding,40,1965:Q3,,3,0.02
ar,pseudo,2023:Q4:pre_advance:pseudo,2024-01-31,pre_advance,A,2023:Q4,2.581299805571821,,,not_available,3.28,-0.698700194428179,False,True,0,,,,,,,0,{},14,expanding,40,1965:Q3,,3,0.02
bridge,pseudo,2023:Q4:pre_advance:pseudo,2024-01-31,pre_advance,A,2023:Q4,0.8011074897944586,,,not_available,3.28,-2.478892510205541,False,True,0,,,,,,,0,{},14,expanding,40,1965:Q3,,3,0.02
indicator_revision_only_dfm_kalman_em,pseudo,2023:Q4:pre_advance:pseudo,2024-01-31,pre_advance,A,2023:Q4,2.319795868785999,3.9649300651248325,1.9912132143808288,model_implied_state_space,3.28,-0.9602041312140006,False,False,50,-3594.68036876833,-5696.715545660157,-3594.68036876833,1.277440080087672,0.00035514458272076595,51.0,0,{},14,expanding,40,1965:Q3,,3,0.02
joint_indicator_revision_dfm_full_kalman_em,pseudo,2023:Q4:pre_advance:pseudo,2024-01-31,pre_advance,A,2023:Q4,2.011112289254481,2.9348310466556398,1.7131348594479185,model_implied_state_space,3.28,-1.2688877107455188,False,False,50,-3578.3361573622487,-5710.435064472674,-3578.3361573622487,1.3560993319661065,0.0003787254627735285,51.0,0,{},14,expanding,40,1965:Q3,,3,0.02
midas_umidas,pseudo,2023:Q4:pre_advance:pseudo,2024-01-31,pre_advance,A,2023:Q4,2.1300973541114523,,,not_available,3.28,-1.1499026458885475,False,True,0,,,,,,,0,{},14,expanding,40,1965:Q3,,3,0.02
monthly_mixed_frequency_kalman_em,pseudo,2023:Q4:pre_advance:pseudo,2024-01-31,pre_advance,A,2023:Q4,0.416057345933289,4.348126073691428,2.0852160736219707,model_implied_state_space,3.28,-2.863942654066711,False,True,28,-6321.663354127863,-8465.217100073798,-6321.663354127863,0.5692953094157929,9.003232064637949e-05,28.0,0,{},14,expanding,40,1965:Q3,,3,0.02
no_revision,pseudo,2023:Q4:pre_advance:pseudo,2024-01-31,pre_advance,A,2023:Q4,2.4491677252376145,,,not_available,3.28,-0.8308322747623853,False,True,0,,,,,,,0,{},14,expanding,40,1965:Q3,,3,0.02
release_dfm,pseudo,2023:Q4:pre_advance:pseudo,2024-01-31,pre_advance,A,2023:Q4,1.9425725996833112,,,not_available,3.28,-1.3374274003166886,False,True,0,,,,,,,0,{},14,expanding,40,1965:Q3,,3,0.02
revision_dfm_kalman_em,pseudo,2023:Q4:pre_advance:pseudo,2024-01-31,pre_advance,A,2023:Q4,0.823474224529646,2.964534779106529,1.7217824424434491,model_implied_state_space,3.28,-2.456525775470354,False,True,32,-1872.0046585171413,-3504.737718337986,-1872.0046585171413,0.1708210107656214,9.119327720896342e-05,32.0,0,{},14,expanding,40,1965:Q3,,3,0.02
standard_dfm,pseudo,2023:Q4:pre_advance:pseudo,2024-01-31,pre_advance,A,2023:Q4,1.9425725996833112,,,not_available,3.28,-1.3374274003166886,False,True,0,,,,,,,0,{},14,expanding,40,1965:Q3,,3,0.02
ar,exact,2023:Q4:pre_second:exact,2024-02-27,pre_second,S,2023:Q4,2.7150987281081442,,,not_available,3.209,-0.49390127189185584,False,True,0,,,,,,,0,{},14,expanding,40,1965:Q3,,3,0.02
bridge,exact,2023:Q4:pre_second:exact,2024-02-27,pre_second,S,2023:Q4,1.1074443719445055,,,not_available,3.209,-2.1015556280554946,False,True,0,,,,,,,0,{},14,expanding,40,1965:Q3,,3,0.02
indicator_revision_only_dfm_kalman_em,exact,2023:Q4:pre_second:exact,2024-02-27,pre_second,S,2023:Q4,3.191109455102447,0.3687739096264241,0.6072675766302892,model_implied_state_space,3.209,-0.017890544897553262,False,False,50,-3594.966382320644,-5698.159587001579,-3594.966382320644,0.9598065858390328,0.00026684077888482546,51.0,0,{},14,expanding,40,1965:Q3,,3,0.02
joint_indicator_revision_dfm_full_kalman_em,exact,2023:Q4:pre_second:exact,2024-02-27,pre_second,S,2023:Q4,3.2289167655619626,0.3567520369828818,0.5972872315585541,model_implied_state_space,3.209,0.019916765561962535,False,False,50,-3577.6387866321934,-5711.967717690554,-3577.6387866321934,1.0531260267375728,0.0002941945989858467,51.0,0,{},14,expanding,40,1965:Q3,,3,0.02
midas_umidas,exact,2023:Q4:pre_second:exact,2024-02-27,pre_second,S,2023:Q4,4.010066947399174,,,not_available,3.209,0.8010669473991743,False,True,0,,,,,,,0,{},14,expanding,40,1965:Q3,,3,0.02
monthly_mixed_frequency_kalman_em,exact,2023:Q4:pre_second:exact,2024-02-27,pre_second,S,2023:Q4,3.1843634705044037,0.3516436933322253,0.5929955255583513,model_implied_state_space,3.209,-0.02463652949559636,False,True,28,-6344.488931395791,-8520.390760672188,-6344.488931395791,0.5718727997145834,9.01146108364589e-05,28.0,0,{},14,expanding,40,1965:Q3,,3,0.02
no_revision,exact,2023:Q4:pre_second:exact,2024-02-27,pre_second,S,2023:Q4,3.28,,,not_available,3.209,0.07099999999999973,False,True,0,,,,,,,0,{},14,expanding,40,1965:Q3,,3,0.02
release_dfm,exact,2023:Q4:pre_second:exact,2024-02-27,pre_second,S,2023:Q4,3.413141272725086,,,not_available,3.209,0.20414127272508598,False,True,0,,,,,,,0,{},14,expanding,40,1965:Q3,,3,0.02
revision_dfm_kalman_em,exact,2023:Q4:pre_second:exact,2024-02-27,pre_second,S,2023:Q4,3.3396347975974545,0.38495698971046344,0.6204490226525169,model_implied_state_space,3.209,0.13063479759745444,False,True,25,-1874.1087408124613,-3518.598567422864,-1874.1087408124613,0.16862008602674905,8.99174114414517e-05,25.0,0,{},14,expanding,40,1965:Q3,,3,0.02
standard_dfm,exact,2023:Q4:pre_second:exact,2024-02-27,pre_second,S,2023:Q4,2.1365892858666533,,,not_available,3.209,-1.0724107141333468,False,True,0,,,,,,,0,{},14,expanding,40,1965:Q3,,3,0.02
ar,pseudo,2023:Q4:pre_second:pseudo,2024-02-29,pre_second,S,2023:Q4,2.7150987281081442,,,not_available,3.209,-0.49390127189185584,False,True,0,,,,,,,0,{},14,expanding,40,1965:Q3,,3,0.02
bridge,pseudo,2023:Q4:pre_second:pseudo,2024-02-29,pre_second,S,2023:Q4,1.0648157849124824,,,not_available,3.209,-2.1441842150875177,False,True,0,,,,,,,0,{},14,expanding,40,1965:Q3,,3,0.02
indicator_revision_only_dfm_kalman_em,pseudo,2023:Q4:pre_second:pseudo,2024-02-29,pre_second,S,2023:Q4,3.1910117563886606,0.3687705392599132,0.6072648015980452,model_implied_state_space,3.209,-0.01798824361133944,False,False,50,-3594.979302991861,-5698.15265280217,-3594.979302991861,0.9645794525472411,0.0002681663890435046,51.0,0,{},14,expanding,40,1965:Q3,,3,0.02
joint_indicator_revision_dfm_full_kalman_em,pseudo,2023:Q4:pre_second:pseudo,2024-02-29,pre_second,S,2023:Q4,3.2290914103819377,0.3567573645539121,0.5972916913484668,model_implied_state_space,3.209,0.020091410381937624,False,False,50,-3577.6694684631907,-5711.960813093445,-3577.6694684631907,1.058502336314632,0.00029569351217439673,51.0,0,{},14,expanding,40,1965:Q3,,3,0.02
midas_umidas,pseudo,2023:Q4:pre_second:pseudo,2024-02-29,pre_second,S,2023:Q4,4.107206546015781,,,not_available,3.209,0.8982065460157806,False,True,0,,,,,,,0,{},14,expanding,40,1965:Q3,,3,0.02
monthly_mixed_frequency_kalman_em,pseudo,2023:Q4:pre_second:pseudo,2024-02-29,pre_second,S,2023:Q4,3.1843609381689393,0.35164201504750914,0.5929941104661236,model_implied_state_space,3.209,-0.024639061831060793,False,True,28,-6345.7635856613815,-8521.75059055591,-6345.7635856613815,0.5719973270161063,9.011613133377193e-05,28.0,0,{},14,expanding,40,1965:Q3,,3,0.02
no_revision,pseudo,2023:Q4:pre_second:pseudo,2024-02-29,pre_second,S,2023:Q4,3.28,,,not_available,3.209,0.07099999999999973,False,True,0,,,,,,,0,{},14,expanding,40,1965:Q3,,3,0.02
release_dfm,pseudo,2023:Q4:pre_second:pseudo,2024-02-29,pre_second,S,2023:Q4,3.413409569313669,,,not_available,3.209,0.20440956931366872,False,True,0,,,,,,,0,{},14,expanding,40,1965:Q3,,3,0.02
revision_dfm_kalman_em,pseudo,2023:Q4:pre_second:pseudo,2024-02-29,pre_second,S,2023:Q4,3.3404019664409197,0.38495592856980604,0.6204481675126505,model_implied_state_space,3.209,0.13140196644091962,False,True,25,-1874.081175533596,-3518.596470138467,-1874.081175533596,0.16860415773612658,8.991023999153807e-05,25.0,0,{},14,expanding,40,1965:Q3,,3,0.02
standard_dfm,pseudo,2023:Q4:pre_second:pseudo,2024-02-29,pre_second,S,2023:Q4,2.1179442951464824,,,not_available,3.209,-1.0910557048535177,False,True,0,,,,,,,0,{},14,expanding,40,1965:Q3,,3,0.02
ar,exact,2023:Q4:pre_third:exact,2024-03-27,pre_third,T,2023:Q4,2.7608681404490913,,,not_available,3.3967,-0.6358318595509087,False,True,0,,,,,,,0,{},14,expanding,40,1965:Q3,,3,0.02
bridge,exact,2023:Q4:pre_third:exact,2024-03-27,pre_third,T,2023:Q4,1.3525222826631829,,,not_available,3.3967,-2.044177717336817,False,True,0,,,,,,,0,{},14,expanding,40,1965:Q3,,3,0.02
indicator_revision_only_dfm_kalman_em,exact,2023:Q4:pre_third:exact,2024-03-27,pre_third,T,2023:Q4,3.2082672707692907,0.14289832492939877,0.3780189478444153,model_implied_state_space,3.3967,-0.1884327292307093,False,False,50,-3594.2728407491995,-5699.366710096102,-3594.2728407491995,0.974999351943552,0.00027111572819634437,51.0,0,{},14,expanding,40,1965:Q3,,3,0.02
joint_indicator_revision_dfm_full_kalman_em,exact,2023:Q4:pre_third:exact,2024-03-27,pre_third,T,2023:Q4,3.21048853135802,0.14037779780480888,0.37467025209483723,model_implied_state_space,3.3967,-0.18621146864198002,False,False,50,-3577.0016620110364,-5713.148929755975,-3577.0016620110364,1.0710852547690592,0.0002992633372951984,51.0,0,{},14,expanding,40,1965:Q3,,3,0.02
midas_umidas,exact,2023:Q4:pre_third:exact,2024-03-27,pre_third,T,2023:Q4,3.848327258281918,,,not_available,3.3967,0.45162725828191785,False,True,0,,,,,,,0,{},14,expanding,40,1965:Q3,,3,0.02
monthly_mixed_frequency_kalman_em,exact,2023:Q4:pre_third:exact,2024-03-27,pre_third,T,2023:Q4,3.2078443715490095,0.14558759951287534,0.381559431167512,model_implied_state_space,3.3967,-0.18885562845099058,False,True,28,-6360.223604631262,-8540.59531715869,-6360.223604631262,0.5716325804160078,8.985397346214331e-05,28.0,0,{},14,expanding,40,1965:Q3,,3,0.02
no_revision,exact,2023:Q4:pre_third:exact,2024-03-27,pre_third,T,2023:Q4,3.209,,,not_available,3.3967,-0.18769999999999998,False,True,0,,,,,,,0,{},14,expanding,40,1965:Q3,,3,0.02
release_dfm,exact,2023:Q4:pre_third:exact,2024-03-27,pre_third,T,2023:Q4,3.3238934855707387,,,not_available,3.3967,-0.07280651442926134,False,True,0,,,,,,,0,{},14,expanding,40,1965:Q3,,3,0.02
revision_dfm_kalman_em,exact,2023:Q4:pre_third:exact,2024-03-27,pre_third,T,2023:Q4,3.220704786770322,0.14142929343675953,0.37607086225438885,model_implied_state_space,3.3967,-0.17599521322967826,False,True,25,-1873.2117043268574,-3519.8440711561893,-1873.2117043268574,0.1693726009104921,9.036188158072145e-05,25.0,0,{},14,expanding,40,1965:Q3,,3,0.02
standard_dfm,exact,2023:Q4:pre_third:exact,2024-03-27,pre_third,T,2023:Q4,2.25438636365078,,,not_available,3.3967,-1.1423136363492201,False,True,0,,,,,,,0,{},14,expanding,40,1965:Q3,,3,0.02
ar,pseudo,2023:Q4:pre_third:pseudo,2024-03-31,pre_third,T,2023:Q4,2.7608681404490913,,,not_available,3.3967,-0.6358318595509087,False,True,0,,,,,,,0,{},14,expanding,40,1965:Q3,,3,0.02
bridge,pseudo,2023:Q4:pre_third:pseudo,2024-03-31,pre_third,T,2023:Q4,1.342296997625039,,,not_available,3.3967,-2.0544030023749613,False,True,0,,,,,,,0,{},14,expanding,40,1965:Q3,,3,0.02
indicator_revision_only_dfm_kalman_em,pseudo,2023:Q4:pre_third:pseudo,2024-03-31,pre_third,T,2023:Q4,3.2082668944032546,0.1428983327220975,0.37801895815170106,model_implied_state_space,3.3967,-0.18843310559674542,False,False,50,-3594.272261712647,-5699.365031710103,-3594.272261712647,0.9756091440231103,0.00027128528929534225,51.0,0,{},14,expanding,40,1965:Q3,,3,0.02
joint_indicator_revision_dfm_full_kalman_em,pseudo,2023:Q4:pre_third:pseudo,2024-03-31,pre_third,T,2023:Q4,3.210489756845535,0.14037776267178975,0.3746702052095813,model_implied_state_space,3.3967,-0.186210243154465,False,False,50,-3577.003550470392,-5713.147250834115,-3577.003550470392,1.0718390687661667,0.00029947373332758347,51.0,0,{},14,expanding,40,1965:Q3,,3,0.02
midas_umidas,pseudo,2023:Q4:pre_third:pseudo,2024-03-31,pre_third,T,2023:Q4,3.8457505578476776,,,not_available,3.3967,0.44905055784767756,False,True,0,,,,,,,0,{},14,expanding,40,1965:Q3,,3,0.02
monthly_mixed_frequency_kalman_em,pseudo,2023:Q4:pre_third:pseudo,2024-03-31,pre_third,T,2023:Q4,3.207815509587708,0.14558732872815344,0.3815590763278387,model_implied_state_space,3.3967,-0.18888449041229194,False,True,28,-6361.4504406304995,-8541.948659657683,-6361.4504406304995,0.5715969857183154,8.98310554857756e-05,28.0,0,{},14,expanding,40,1965:Q3,,3,0.02
no_revision,pseudo,2023:Q4:pre_third:pseudo,2024-03-31,pre_third,T,2023:Q4,3.209,,,not_available,3.3967,-0.18769999999999998,False,True,0,,,,,,,0,{},14,expanding,40,1965:Q3,,3,0.02
release_dfm,pseudo,2023:Q4:pre_third:pseudo,2024-03-31,pre_third,T,2023:Q4,3.3239251454351817,,,not_available,3.3967,-0.07277485456481836,False,True,0,,,,,,,0,{},14,expanding,40,1965:Q3,,3,0.02
revision_dfm_kalman_em,pseudo,2023:Q4:pre_third:pseudo,2024-03-31,pre_third,T,2023:Q4,3.2207090959712636,0.1414292877580067,0.3760708547042787,model_implied_state_space,3.3967,-0.1759909040287364,False,True,25,-1873.2071356041838,-3519.843001071793,-1873.2071356041838,0.1693704687124864,9.036096438668198e-05,25.0,0,{},14,expanding,40,1965:Q3,,3,0.02
standard_dfm,pseudo,2023:Q4:pre_third:pseudo,2024-03-31,pre_third,T,2023:Q4,2.2504511867487,,,not_available,3.3967,-1.1462488132513,False,True,0,,,,,,,0,{},14,expanding,40,1965:Q3,,3,0.02
ar,exact,2024:Q1:pre_advance:exact,2024-04-24,pre_advance,A,2024:Q1,2.5220660619756323,,,not_available,1.5897,0.9323660619756324,False,True,0,,,,,,,0,{},14,expanding,40,1965:Q3,,3,0.02
bridge,exact,2024:Q1:pre_advance:exact,2024-04-24,pre_advance,A,2024:Q1,1.3003401037625855,,,not_available,1.5897,-0.2893598962374144,False,True,0,,,,,,,0,{},14,expanding,40,1965:Q3,,3,0.02
indicator_revision_only_dfm_kalman_em,exact,2024:Q1:pre_advance:exact,2024-04-24,pre_advance,A,2024:Q1,1.5410910270240092,3.2884462481461467,1.8134073585783606,model_implied_state_space,1.5897,-0.04860897297599065,False,True,43,-3586.1813837380364,-5720.53879018847,-3586.1813837380364,0.33830501858028583,9.430053293938508e-05,43.0,0,{},14,expanding,40,1965:Q3,,3,0.02
joint_indicator_revision_dfm_full_kalman_em,exact,2024:Q1:pre_advance:exact,2024-04-24,pre_advance,A,2024:Q1,1.514392239659361,2.520004972699293,1.587452352891038,model_implied_state_space,1.5897,-0.07530776034063891,False,True,46,-3558.5913447466055,-5732.782911843861,-3558.5913447466055,0.30048230259035336,8.44077059609488e-05,46.0,0,{},14,expanding,40,1965:Q3,,3,0.02
midas_umidas,exact,2024:Q1:pre_advance:exact,2024-04-24,pre_advance,A,2024:Q1,-1.1901251250953742,,,not_available,1.5897,-2.779825125095374,False,True,0,,,,,,,0,{},14,expanding,40,1965:Q3,,3,0.02
monthly_mixed_frequency_kalman_em,exact,2024:Q1:pre_advance:exact,2024-04-24,pre_advance,A,2024:Q1,0.5585537155636495,4.386101357625438,2.0943021170846956,model_implied_state_space,1.5897,-1.0311462844363504,False,True,27,-6371.860420772807,-8528.013797623415,-6371.860420772807,0.6012496068542532,9.43364278236002e-05,27.0,0,{},14,expanding,40,1965:Q3,,3,0.02
no_revision,exact,2024:Q1:pre_advance:exact,2024-04-24,pre_advance,A,2024:Q1,2.676662735671639,,,not_available,1.5897,1.0869627356716391,False,True,0,,,,,,,0,{},14,expanding,40,1965:Q3,,3,0.02
release_dfm,exact,2024:Q1:pre_advance:exact,2024-04-24,pre_advance,A,2024:Q1,0.9518081262210567,,,not_available,1.5897,-0.6378918737789432,False,True,0,,,,,,,0,{},14,expanding,40,1965:Q3,,3,0.02
revision_dfm_kalman_em,exact,2024:Q1:pre_advance:exact,2024-04-24,pre_advance,A,2024:Q1,1.3471149245830565,3.009314423190848,1.7347375660862503,model_implied_state_space,1.5897,-0.2425850754169434,False,True,25,-1888.7712633695608,-3540.5222465510296,-1888.7712633695608,0.1699583327815617,8.992784052219028e-05,25.0,0,{},14,expanding,40,1965:Q3,,3,0.02
standard_dfm,exact,2024:Q1:pre_advance:exact,2024-04-24,pre_advance,A,2024:Q1,0.9518081262210567,,,not_available,1.5897,-0.6378918737789432,False,True,0,,,,,,,0,{},14,expanding,40,1965:Q3,,3,0.02
ar,pseudo,2024:Q1:pre_advance:pseudo,2024-04-30,pre_advance,A,2024:Q1,2.5220660619756323,,,not_available,1.5897,0.9323660619756324,False,True,0,,,,,,,0,{},14,expanding,40,1965:Q3,,3,0.02
bridge,pseudo,2024:Q1:pre_advance:pseudo,2024-04-30,pre_advance,A,2024:Q1,1.3744444600071555,,,not_available,1.5897,-0.2152555399928444,False,True,0,,,,,,,0,{},14,expanding,40,1965:Q3,,3,0.02
indicator_revision_only_dfm_kalman_em,pseudo,2024:Q1:pre_advance:pseudo,2024-04-30,pre_advance,A,2024:Q1,1.5420508731933713,3.2878886508607237,1.8132536090852607,model_implied_state_space,1.5897,-0.04764912680662858,False,True,43,-3586.173410074795,-5720.556767958874,-3586.173410074795,0.33544826575052866,9.350451218277832e-05,43.0,0,{},14,expanding,40,1965:Q3,,3,0.02
joint_indicator_revision_dfm_full_kalman_em,pseudo,2024:Q1:pre_advance:pseudo,2024-04-30,pre_advance,A,2024:Q1,1.5151515264507354,2.519132190808661,1.5871774288996996,model_implied_state_space,1.5897,-0.07454847354926453,False,True,46,-3558.5798709296523,-5732.800884164203,-3558.5798709296523,0.2970984491589661,8.345750477180366e-05,46.0,0,{},14,expanding,40,1965:Q3,,3,0.02
midas_umidas,pseudo,2024:Q1:pre_advance:pseudo,2024-04-30,pre_advance,A,2024:Q1,-1.173318520050758,,,not_available,1.5897,-2.7630185200507578,False,True,0,,,,,,,0,{},14,expanding,40,1965:Q3,,3,0.02
monthly_mixed_frequency_kalman_em,pseudo,2024:Q1:pre_advance:pseudo,2024-04-30,pre_advance,A,2024:Q1,0.559014172543788,4.3859414688820415,2.0942639444162814,model_implied_state_space,1.5897,-1.0306858274562118,False,True,27,-6373.227010955667,-8529.361581397401,-6373.227010955667,0.6015339866198701,9.436081023655452e-05,27.0,0,{},14,expanding,40,1965:Q3,,3,0.02
no_revision,pseudo,2024:Q1:pre_advance:pseudo,2024-04-30,pre_advance,A,2024:Q1,2.676662735671639,,,not_available,1.5897,1.0869627356716391,False,True,0,,,,,,,0,{},14,expanding,40,1965:Q3,,3,0.02
release_dfm,pseudo,2024:Q1:pre_advance:pseudo,2024-04-30,pre_advance,A,2024:Q1,0.9821911195128474,,,not_available,1.5897,-0.6075088804871525,False,True,0,,,,,,,0,{},14,expanding,40,1965:Q3,,3,0.02
revision_dfm_kalman_em,pseudo,2024:Q1:pre_advance:pseudo,2024-04-30,pre_advance,A,2024:Q1,1.355400623150505,3.009229084839395,1.734712969006514,model_implied_state_space,1.5897,-0.23429937684949498,False,True,25,-1888.801552013552,-3540.53383627288,-1888.801552013552,0.16998686975921373,8.994149714003122e-05,25.0,0,{},14,expanding,40,1965:Q3,,3,0.02
standard_dfm,pseudo,2024:Q1:pre_advance:pseudo,2024-04-30,pre_advance,A,2024:Q1,0.9821911195128474,,,not_available,1.5897,-0.6075088804871525,False,True,0,,,,,,,0,{},14,expanding,40,1965:Q3,,3,0.02
ar,exact,2024:Q1:pre_second:exact,2024-05-29,pre_second,S,2024:Q1,2.6145769497952154,,,not_available,1.2492,1.3653769497952153,False,True,0,,,,,,,0,{},14,expanding,40,1965:Q3,,3,0.02
bridge,exact,2024:Q1:pre_second:exact,2024-05-29,pre_second,S,2024:Q1,1.2073875171326245,,,not_available,1.2492,-0.0418124828673756,False,True,0,,,,,,,0,{},14,expanding,40,1965:Q3,,3,0.02
indicator_revision_only_dfm_kalman_em,exact,2024:Q1:pre_second:exact,2024-05-29,pre_second,S,2024:Q1,1.6616000445796628,0.36662059137455727,0.6054920242039173,model_implied_state_space,1.2492,0.41240004457966273,False,False,50,-3626.2927041265607,-5738.089601879713,-3626.2927041265607,1.744461134152516,0.00048069530696778973,51.0,0,{},14,expanding,40,1965:Q3,,3,0.02
joint_indicator_revision_dfm_full_kalman_em,exact,2024:Q1:pre_second:exact,2024-05-29,pre_second,S,2024:Q1,1.56767790168388,0.35546488176259955,0.5962087568650762,model_implied_state_space,1.2492,0.3184779016838799,False,False,50,-3611.3647809700446,-5751.951658195048,-3611.3647809700446,1.6332637245059232,0.00045192711902642,51.0,0,{},14,expanding,40,1965:Q3,,3,0.02
midas_umidas,exact,2024:Q1:pre_second:exact,2024-05-29,pre_second,S,2024:Q1,0.9009577331991223,,,not_available,1.2492,-0.3482422668008778,False,True,0,,,,,,,0,{},14,expanding,40,1965:Q3,,3,0.02
monthly_mixed_frequency_kalman_em,exact,2024:Q1:pre_second:exact,2024-05-29,pre_second,S,2024:Q1,1.591736796720489,0.34983679215394026,0.5914700264205619,model_implied_state_space,1.2492,0.34253679672048887,False,True,27,-6384.818480491491,-8548.453885205887,-6384.818480491491,0.5906406497861099,9.248399821910564e-05,27.0,0,{},14,expanding,40,1965:Q3,,3,0.02
no_revision,exact,2024:Q1:pre_second:exact,2024-05-29,pre_second,S,2024:Q1,1.5897,,,not_available,1.2492,0.3404999999999998,False,True,0,,,,,,,0,{},14,expanding,40,1965:Q3,,3,0.02
release_dfm,exact,2024:Q1:pre_second:exact,2024-05-29,pre_second,S,2024:Q1,1.7101908259815721,,,not_available,1.2492,0.46099082598157204,False,True,0,,,,,,,0,{},14,expanding,40,1965:Q3,,3,0.02
revision_dfm_kalman_em,exact,2024:Q1:pre_second:exact,2024-05-29,pre_second,S,2024:Q1,1.6077090257670168,0.3835489791669257,0.6193133126026968,model_implied_state_space,1.2492,0.3585090257670167,False,True,25,-1887.1951129443446,-3541.673612110327,-1887.1951129443446,0.17200123833072212,9.108463976040371e-05,25.0,0,{},14,expanding,40,1965:Q3,,3,0.02
standard_dfm,exact,2024:Q1:pre_second:exact,2024-05-29,pre_second,S,2024:Q1,1.0302091630185468,,,not_available,1.2492,-0.21899083698145327,False,True,0,,,,,,,0,{},14,expanding,40,1965:Q3,,3,0.02
ar,pseudo,2024:Q1:pre_second:pseudo,2024-05-31,pre_second,S,2024:Q1,2.6145769497952154,,,not_available,1.2492,1.3653769497952153,False,True,0,,,,,,,0,{},14,expanding,40,1965:Q3,,3,0.02
bridge,pseudo,2024:Q1:pre_second:pseudo,2024-05-31,pre_second,S,2024:Q1,1.0984701236340744,,,not_available,1.2492,-0.15072987636592572,False,True,0,,,,,,,0,{},14,expanding,40,1965:Q3,,3,0.02
indicator_revision_only_dfm_kalman_em,pseudo,2024:Q1:pre_second:pseudo,2024-05-31,pre_second,S,2024:Q1,1.6618460740107464,0.36656918688429907,0.6054495741878915,model_implied_state_space,1.2492,0.41264607401074627,False,False,50,-3626.6350020023606,-5738.0537351982,-3626.6350020023606,1.8143115743087037,0.000499886185907574,51.0,0,{},14,expanding,40,1965:Q3,,3,0.02
joint_indicator_revision_dfm_full_kalman_em,pseudo,2024:Q1:pre_second:pseudo,2024-05-31,pre_second,S,2024:Q1,1.5673161992453948,0.35551366416552455,0.5962496659668033,model_implied_state_space,1.2492,0.3181161992453947,False,False,50,-3611.9625466006646,-5751.915681579949,-3611.9625466006646,1.6560083419294642,0.00045814193579708556,51.0,0,{},14,expanding,40,1965:Q3,,3,0.02
midas_umidas,pseudo,2024:Q1:pre_second:pseudo,2024-05-31,pre_second,S,2024:Q1,0.8832494466028629,,,not_available,1.2492,-0.3659505533971372,False,True,0,,,,,,,0,{},14,expanding,40,1965:Q3,,3,0.02
monthly_mixed_frequency_kalman_em,pseudo,2024:Q1:pre_second:pseudo,2024-05-31,pre_second,S,2024:Q1,1.5915415691875376,0.3498361809828611,0.5914695097660243,model_implied_state_space,1.2492,0.34234156918753755,False,True,27,-6386.029155334892,-8549.767118078777,-6386.029155334892,0.5906133265116296,9.246219216260569e-05,27.0,0,{},14,expanding,40,1965:Q3,,3,0.02
no_revision,pseudo,2024:Q1:pre_second:pseudo,2024-05-31,pre_second,S,2024:Q1,1.5897,,,not_available,1.2492,0.3404999999999998,False,True,0,,,,,,,0,{},14,expanding,40,1965:Q3,,3,0.02
release_dfm,pseudo,2024:Q1:pre_second:pseudo,2024-05-31,pre_second,S,2024:Q1,1.7108470379010874,,,not_available,1.2492,0.4616470379010873,False,True,0,,,,,,,0,{},14,expanding,40,1965:Q3,,3,0.02
revision_dfm_kalman_em,pseudo,2024:Q1:pre_second:pseudo,2024-05-31,pre_second,S,2024:Q1,1.6061023731187851,0.3835403399711498,0.6193063377450208,model_implied_state_space,1.2492,0.35690237311878503,False,True,25,-1887.048295877903,-3541.631517853633,-1887.048295877903,0.17186215552601425,9.101807053315634e-05,25.0,0,{},14,expanding,40,1965:Q3,,3,0.02
standard_dfm,pseudo,2024:Q1:pre_second:pseudo,2024-05-31,pre_second,S,2024:Q1,0.9836909315029738,,,not_available,1.2492,-0.26550906849702627,False,True,0,,,,,,,0,{},14,expanding,40,1965:Q3,,3,0.02
ar,exact,2024:Q1:pre_third:exact,2024-06-26,pre_third,T,2024:Q1,2.689824280806622,,,not_available,1.4095,1.2803242808066222,False,True,0,,,,,,,0,{},14,expanding,40,1965:Q3,,3,0.02
bridge,exact,2024:Q1:pre_third:exact,2024-06-26,pre_third,T,2024:Q1,0.9628169123955799,,,not_available,1.4095,-0.4466830876044201,False,True,0,,,,,,,0,{},14,expanding,40,1965:Q3,,3,0.02
indicator_revision_only_dfm_kalman_em,exact,2024:Q1:pre_third:exact,2024-06-26,pre_third,T,2024:Q1,1.2650555291140628,0.14266808097386394,0.37771428484221237,model_implied_state_space,1.4095,-0.14444447088593715,False,True,43,-3584.445438716258,-5722.453251417844,-3584.445438716258,0.28907518440473723,8.061812253084881e-05,43.0,0,{},14,expanding,40,1965:Q3,,3,0.02
joint_indicator_revision_dfm_full_kalman_em,exact,2024:Q1:pre_third:exact,2024-06-26,pre_third,T,2024:Q1,1.2631229803903978,0.13994355622771557,0.3740903049100786,model_implied_state_space,1.4095,-0.14637701960960214,False,True,44,-3557.03177541193,-5734.755732508608,-3557.03177541193,0.33622845511490596,9.448951169454951e-05,44.0,0,{},14,expanding,40,1965:Q3,,3,0.02
midas_umidas,exact,2024:Q1:pre_third:exact,2024-06-26,pre_third,T,2024:Q1,1.1366414029402891,,,not_available,1.4095,-0.27285859705971083,False,True,0,,,,,,,0,{},14,expanding,40,1965:Q3,,3,0.02
monthly_mixed_frequency_kalman_em,exact,2024:Q1:pre_third:exact,2024-06-26,pre_third,T,2024:Q1,1.2486683688728135,0.1456148389049731,0.3815951243202317,model_implied_state_space,1.4095,-0.16083163112718646,False,True,27,-6407.2746132922275,-8602.270634484225,-6407.2746132922275,0.6296225439227783,9.824183990800938e-05,27.0,0,{},14,expanding,40,1965:Q3,,3,0.02
no_revision,exact,2024:Q1:pre_third:exact,2024-06-26,pre_third,T,2024:Q1,1.2492,,,not_available,1.4095,-0.1602999999999999,False,True,0,,,,,,,0,{},14,expanding,40,1965:Q3,,3,0.02
release_dfm,exact,2024:Q1:pre_third:exact,2024-06-26,pre_third,T,2024:Q1,1.4070537436460628,,,not_available,1.4095,-0.0024462563539371374,False,True,0,,,,,,,0,{},14,expanding,40,1965:Q3,,3,0.02
revision_dfm_kalman_em,exact,2024:Q1:pre_third:exact,2024-06-26,pre_third,T,2024:Q1,1.2667620641413162,0.1406798248928225,0.3750730927336997,model_implied_state_space,1.4095,-0.14273793585868377,False,True,31,-1886.7336677485082,-3530.4794651834072,-1886.7336677485082,0.16551532263906665,8.767169567276043e-05,31.0,0,{},14,expanding,40,1965:Q3,,3,0.02
standard_dfm,exact,2024:Q1:pre_third:exact,2024-06-26,pre_third,T,2024:Q1,0.9612338873467079,,,not_available,1.4095,-0.4482661126532921,False,True,0,,,,,,,0,{},14,expanding,40,1965:Q3,,3,0.02
ar,pseudo,2024:Q1:pre_third:pseudo,2024-06-30,pre_third,T,2024:Q1,2.689824280806622,,,not_available,1.4095,1.2803242808066222,False,True,0,,,,,,,0,{},14,expanding,40,1965:Q3,,3,0.02
bridge,pseudo,2024:Q1:pre_third:pseudo,2024-06-30,pre_third,T,2024:Q1,1.0068562620202313,,,not_available,1.4095,-0.4026437379797687,False,True,0,,,,,,,0,{},14,expanding,40,1965:Q3,,3,0.02
indicator_revision_only_dfm_kalman_em,pseudo,2024:Q1:pre_third:pseudo,2024-06-30,pre_third,T,2024:Q1,1.265345087765602,0.14270729426548776,0.37776618994490196,model_implied_state_space,1.4095,-0.14415491223439791,False,True,42,-3585.0261944530907,-5722.302591202831,-3585.0261944530907,0.32213820169727114,8.982345601070181e-05,42.0,0,{},14,expanding,40,1965:Q3,,3,0.02
joint_indicator_revision_dfm_full_kalman_em,pseudo,2024:Q1:pre_third:pseudo,2024-06-30,pre_third,T,2024:Q1,1.263207820375309,0.1399446441731239,0.37409175902861574,model_implied_state_space,1.4095,-0.146292179624691,False,True,44,-3557.391941678785,-5734.606298859978,-3557.391941678785,0.31620025501251803,8.885253929272638e-05,44.0,0,{},14,expanding,40,1965:Q3,,3,0.02
midas_umidas,pseudo,2024:Q1:pre_third:pseudo,2024-06-30,pre_third,T,2024:Q1,1.1192835902632852,,,not_available,1.4095,-0.2902164097367148,False,True,0,,,,,,,0,{},14,expanding,40,1965:Q3,,3,0.02
monthly_mixed_frequency_kalman_em,pseudo,2024:Q1:pre_third:pseudo,2024-06-30,pre_third,T,2024:Q1,1.2443138581985245,0.14509567105884083,0.38091425683326796,model_implied_state_space,1.4095,-0.1651861418014755,False,True,28,-6417.270320540206,-8604.989867849199,-6417.270320540206,0.577658904027885,8.99941712091927e-05,28.0,0,{},14,expanding,40,1965:Q3,,3,0.02
no_revision,pseudo,2024:Q1:pre_third:pseudo,2024-06-30,pre_third,T,2024:Q1,1.2492,,,not_available,1.4095,-0.1602999999999999,False,True,0,,,,,,,0,{},14,expanding,40,1965:Q3,,3,0.02
release_dfm,pseudo,2024:Q1:pre_third:pseudo,2024-06-30,pre_third,T,2024:Q1,1.4067548506062355,,,not_available,1.4095,-0.0027451493937644678,False,True,0,,,,,,,0,{},14,expanding,40,1965:Q3,,3,0.02
revision_dfm_kalman_em,pseudo,2024:Q1:pre_third:pseudo,2024-06-30,pre_third,T,2024:Q1,1.266727760311604,0.1406610053516419,0.3750480040630024,model_implied_state_space,1.4095,-0.14277223968839592,False,True,31,-1888.5347669008713,-3530.4883964904525,-1888.5347669008713,0.17422213545728482,9.219521972329228e-05,31.0,0,{},14,expanding,40,1965:Q3,,3,0.02
standard_dfm,pseudo,2024:Q1:pre_third:pseudo,2024-06-30,pre_third,T,2024:Q1,1.0026315453369026,,,not_available,1.4095,-0.4068684546630974,False,True,0,,,,,,,0,{},14,expanding,40,1965:Q3,,3,0.02
ar,exact,2024:Q2:pre_advance:exact,2024-07-24,pre_advance,A,2024:Q2,2.451373639880469,,,not_available,2.8401,-0.3887263601195312,False,True,0,,,,,,,0,{},14,expanding,40,1965:Q3,,3,0.02
bridge,exact,2024:Q2:pre_advance:exact,2024-07-24,pre_advance,A,2024:Q2,3.738552782258951,,,not_available,2.8401,0.8984527822589508,False,True,0,,,,,,,0,{},14,expanding,40,1965:Q3,,3,0.02
indicator_revision_only_dfm_kalman_em,exact,2024:Q2:pre_advance:exact,2024-07-24,pre_advance,A,2024:Q2,1.7773699816860205,3.9299289541791986,1.9824048411409811,model_implied_state_space,2.8401,-1.0627300183139796,False,False,50,-3657.330539745759,-5778.100362284941,-3657.330539745759,1.0358974027994918,0.00028308107990591974,51.0,0,{},14,expanding,40,1965:Q3,,3,0.02
joint_indicator_revision_dfm_full_kalman_em,exact,2024:Q2:pre_advance:exact,2024-07-24,pre_advance,A,2024:Q2,1.7011498554181226,2.9359416088008996,1.7134589603491819,model_implied_state_space,2.8401,-1.1389501445818775,False,False,50,-3640.177130768923,-5791.951842158459,-3640.177130768923,1.2070077702287563,0.0003313784939533725,51.0,0,{},14,expanding,40,1965:Q3,,3,0.02
midas_umidas,exact,2024:Q2:pre_advance:exact,2024-07-24,pre_advance,A,2024:Q2,3.240345773809154,,,not_available,2.8401,0.40024577380915405,False,True,0,,,,,,,0,{},14,expanding,40,1965:Q3,,3,0.02
monthly_mixed_frequency_kalman_em,exact,2024:Q2:pre_advance:exact,2024-07-24,pre_advance,A,2024:Q2,4.082071825656663,4.506653910650042,2.1228881060126654,model_implied_state_space,2.8401,1.241971825656663,False,True,28,-6432.485003640938,-8623.95459433819,-6432.485003640938,0.5828665911931239,9.059068119094848e-05,28.0,0,{},14,expanding,40,1965:Q3,,3,0.02
no_revision,exact,2024:Q2:pre_advance:exact,2024-07-24,pre_advance,A,2024:Q2,2.6093989715265433,,,not_available,2.8401,-0.23070102847345675,False,True,0,,,,,,,0,{},14,expanding,40,1965:Q3,,3,0.02
release_dfm,exact,2024:Q2:pre_advance:exact,2024-07-24,pre_advance,A,2024:Q2,2.985958546084464,,,not_available,2.8401,0.1458585460844639,False,True,0,,,,,,,0,{},14,expanding,40,1965:Q3,,3,0.02
revision_dfm_kalman_em,exact,2024:Q2:pre_advance:exact,2024-07-24,pre_advance,A,2024:Q2,4.13445860912339,2.954178758553222,1.7187724568869558,model_implied_state_space,2.8401,1.2943586091233903,False,True,31,-1905.652345213722,-3551.5518536589207,-1905.652345213722,0.1796898505815534,9.423475548830591e-05,31.0,0,{},14,expanding,40,1965:Q3,,3,0.02
standard_dfm,exact,2024:Q2:pre_advance:exact,2024-07-24,pre_advance,A,2024:Q2,2.985958546084464,,,not_available,2.8401,0.1458585460844639,False,True,0,,,,,,,0,{},14,expanding,40,1965:Q3,,3,0.02
ar,pseudo,2024:Q2:pre_advance:pseudo,2024-07-31,pre_advance,A,2024:Q2,2.451373639880469,,,not_available,2.8401,-0.3887263601195312,False,True,0,,,,,,,0,{},14,expanding,40,1965:Q3,,3,0.02
bridge,pseudo,2024:Q2:pre_advance:pseudo,2024-07-31,pre_advance,A,2024:Q2,3.6838151673499047,,,not_available,2.8401,0.8437151673499046,False,True,0,,,,,,,0,{},14,expanding,40,1965:Q3,,3,0.02
indicator_revision_only_dfm_kalman_em,pseudo,2024:Q2:pre_advance:pseudo,2024-07-31,pre_advance,A,2024:Q2,1.7476911712915661,3.9427848880827963,1.9856447033854763,model_implied_state_space,2.8401,-1.092408828708434,False,False,50,-3656.4262971746275,-5778.181932070255,-3656.4262971746275,0.7769039037257244,0.00021237308619070455,51.0,0,{},14,expanding,40,1965:Q3,,3,0.02
joint_indicator_revision_dfm_full_kalman_em,pseudo,2024:Q2:pre_advance:pseudo,2024-07-31,pre_advance,A,2024:Q2,1.642916603226429,2.9779028729286785,1.7256601267134495,model_implied_state_space,2.8401,-1.197183396773571,False,False,50,-3638.2689254177653,-5792.033372855404,-3638.2689254177653,0.8500696820474332,0.0002335279926814931,51.0,0,{},14,expanding,40,1965:Q3,,3,0.02
midas_umidas,pseudo,2024:Q2:pre_advance:pseudo,2024-07-31,pre_advance,A,2024:Q2,2.682241898689105,,,not_available,2.8401,-0.15785810131089528,False,True,0,,,,,,,0,{},14,expanding,40,1965:Q3,,3,0.02
monthly_mixed_frequency_kalman_em,pseudo,2024:Q2:pre_advance:pseudo,2024-07-31,pre_advance,A,2024:Q2,4.072834367638765,4.505708584166486,2.12266544329682,model_implied_state_space,2.8401,1.232734367638765,False,True,28,-6436.183268993662,-8626.915462086648,-6436.183268993662,0.585018450179632,9.087286526305182e-05,28.0,0,{},14,expanding,40,1965:Q3,,3,0.02
no_revision,pseudo,2024:Q2:pre_advance:pseudo,2024-07-31,pre_advance,A,2024:Q2,2.6093989715265433,,,not_available,2.8401,-0.23070102847345675,False,True,0,,,,,,,0,{},14,expanding,40,1965:Q3,,3,0.02
release_dfm,pseudo,2024:Q2:pre_advance:pseudo,2024-07-31,pre_advance,A,2024:Q2,2.758875494645379,,,not_available,2.8401,-0.081224505354621,False,True,0,,,,,,,0,{},14,expanding,40,1965:Q3,,3,0.02
revision_dfm_kalman_em,pseudo,2024:Q2:pre_advance:pseudo,2024-07-31,pre_advance,A,2024:Q2,4.036028351975009,2.950518064948986,1.7177072116484189,model_implied_state_space,2.8401,1.195928351975009,False,True,31,-1906.0614122211891,-3551.6061851120844,-1906.0614122211891,0.18124560498085884,9.503017575510726e-05,31.0,0,{},14,expanding,40,1965:Q3,,3,0.02
standard_dfm,pseudo,2024:Q2:pre_advance:pseudo,2024-07-31,pre_advance,A,2024:Q2,2.758875494645379,,,not_available,2.8401,-0.081224505354621,False,True,0,,,,,,,0,{},14,expanding,40,1965:Q3,,3,0.02
ar,exact,2024:Q2:pre_second:exact,2024-08-28,pre_second,S,2024:Q2,2.5047589741330625,,,not_available,2.9514,-0.44664102586693755,False,True,0,,,,,,,0,{},14,expanding,40,1965:Q3,,3,0.02
bridge,exact,2024:Q2:pre_second:exact,2024-08-28,pre_second,S,2024:Q2,3.006406014473579,,,not_available,2.9514,0.05500601447357889,False,True,0,,,,,,,0,{},14,expanding,40,1965:Q3,,3,0.02
indicator_revision_only_dfm_kalman_em,exact,2024:Q2:pre_second:exact,2024-08-28,pre_second,S,2024:Q2,2.738439969233073,0.3659836072443112,0.6049657901437991,model_implied_state_space,2.9514,-0.21296003076692704,False,False,50,-3656.2779126327446,-5779.161798035775,-3656.2779126327446,0.8603218515927438,0.00023518024646600525,51.0,0,{},14,expanding,40,1965:Q3,,3,0.02
joint_indicator_revision_dfm_full_kalman_em,exact,2024:Q2:pre_second:exact,2024-08-28,pre_second,S,2024:Q2,3.128178367276521,0.353473653565573,0.594536503139692,model_implied_state_space,2.9514,0.17677836727652085,False,False,50,-3638.6073905928206,-5793.105199620892,-3638.6073905928206,1.018306994100385,0.00027970658856122976,51.0,0,{},14,expanding,40,1965:Q3,,3,0.02
midas_umidas,exact,2024:Q2:pre_second:exact,2024-08-28,pre_second,S,2024:Q2,2.862498646417099,,,not_available,2.9514,-0.08890135358290108,False,True,0,,,,,,,0,{},14,expanding,40,1965:Q3,,3,0.02
monthly_mixed_frequency_kalman_em,exact,2024:Q2:pre_second:exact,2024-08-28,pre_second,S,2024:Q2,2.9920527897143634,0.3493432585882425,0.5910526698935066,model_implied_state_space,2.9514,0.04065278971436337,False,True,28,-6452.758313829933,-8646.172861549527,-6452.758313829933,0.5888316350774403,9.123023937303534e-05,28.0,0,{},14,expanding,40,1965:Q3,,3,0.02
no_revision,exact,2024:Q2:pre_second:exact,2024-08-28,pre_second,S,2024:Q2,2.8401,,,not_available,2.9514,-0.11129999999999995,False,True,0,,,,,,,0,{},14,expanding,40,1965:Q3,,3,0.02
release_dfm,exact,2024:Q2:pre_second:exact,2024-08-28,pre_second,S,2024:Q2,2.9572862383658665,,,not_available,2.9514,0.005886238365866436,False,True,0,,,,,,,0,{},14,expanding,40,1965:Q3,,3,0.02
revision_dfm_kalman_em,exact,2024:Q2:pre_second:exact,2024-08-28,pre_second,S,2024:Q2,2.928445789057363,0.38217967926747026,0.6182068256396642,model_implied_state_space,2.9514,-0.022954210942637054,False,True,31,-1905.5696295234795,-3552.7776720552874,-1905.5696295234795,0.177671989502187,9.31806691747807e-05,31.0,0,{},14,expanding,40,1965:Q3,,3,0.02
standard_dfm,exact,2024:Q2:pre_second:exact,2024-08-28,pre_second,S,2024:Q2,2.532812545094729,,,not_available,2.9514,-0.41858745490527083,False,True,0,,,,,,,0,{},14,expanding,40,1965:Q3,,3,0.02
ar,pseudo,2024:Q2:pre_second:pseudo,2024-08-31,pre_second,S,2024:Q2,2.5047589741330625,,,not_available,2.9514,-0.44664102586693755,False,True,0,,,,,,,0,{},14,expanding,40,1965:Q3,,3,0.02
bridge,pseudo,2024:Q2:pre_second:pseudo,2024-08-31,pre_second,S,2024:Q2,3.014628369518234,,,not_available,2.9514,0.06322836951823385,False,True,0,,,,,,,0,{},14,expanding,40,1965:Q3,,3,0.02
indicator_revision_only_dfm_kalman_em,pseudo,2024:Q2:pre_second:pseudo,2024-08-31,pre_second,S,2024:Q2,2.738449924044095,0.3659832041194029,0.6049654569637863,model_implied_state_space,2.9514,-0.21295007595590487,False,False,50,-3656.278000519527,-5779.159479594458,-3656.278000519527,0.8609160198011523,0.00023534262624875818,51.0,0,{},14,expanding,40,1965:Q3,,3,0.02
joint_indicator_revision_dfm_full_kalman_em,pseudo,2024:Q2:pre_second:pseudo,2024-08-31,pre_second,S,2024:Q2,3.128161278546586,0.35347443780114174,0.5945371626745815,model_implied_state_space,2.9514,0.1767612785465862,False,False,50,-3638.6099366066164,-5793.102881854247,-3638.6099366066164,1.0191437375515306,0.00027993616352017537,51.0,0,{},14,expanding,40,1965:Q3,,3,0.02
midas_umidas,pseudo,2024:Q2:pre_second:pseudo,2024-08-31,pre_second,S,2024:Q2,2.8672896789004594,,,not_available,2.9514,-0.08411032109954064,False,True,0,,,,,,,0,{},14,expanding,40,1965:Q3,,3,0.02
monthly_mixed_frequency_kalman_em,pseudo,2024:Q2:pre_second:pseudo,2024-08-31,pre_second,S,2024:Q2,2.992071975921216,0.3493404677010055,0.5910503089424838,model_implied_state_space,2.9514,0.040671975921215964,False,True,28,-6454.1930511441815,-8647.504739708897,-6454.1930511441815,0.5891602155470537,9.126085674178337e-05,28.0,0,{},14,expanding,40,1965:Q3,,3,0.02
no_revision,pseudo,2024:Q2:pre_second:pseudo,2024-08-31,pre_second,S,2024:Q2,2.8401,,,not_available,2.9514,-0.11129999999999995,False,True,0,,,,,,,0,{},14,expanding,40,1965:Q3,,3,0.02
release_dfm,pseudo,2024:Q2:pre_second:pseudo,2024-08-31,pre_second,S,2024:Q2,2.95723749293496,,,not_available,2.9514,0.0058374929349600535,False,True,0,,,,,,,0,{},14,expanding,40,1965:Q3,,3,0.02
revision_dfm_kalman_em,pseudo,2024:Q2:pre_second:pseudo,2024-08-31,pre_second,S,2024:Q2,2.9284127683974988,0.3821791737255022,0.6182064167618306,model_implied_state_space,2.9514,-0.022987231602501268,False,True,31,-1905.5656276427396,-3552.7767647683277,-1905.5656276427396,0.17766512739990503,9.317726621803977e-05,31.0,0,{},14,expanding,40,1965:Q3,,3,0.02
standard_dfm,pseudo,2024:Q2:pre_second:pseudo,2024-08-31,pre_second,S,2024:Q2,2.5363106349430886,,,not_available,2.9514,-0.4150893650569114,False,True,0,,,,,,,0,{},14,expanding,40,1965:Q3,,3,0.02
ar,exact,2024:Q2:pre_third:exact,2024-09-25,pre_third,T,2024:Q2,2.5835523848256576,,,not_available,2.9895,-0.4059476151743424,False,True,0,,,,,,,0,{},14,expanding,40,1965:Q3,,3,0.02
bridge,exact,2024:Q2:pre_third:exact,2024-09-25,pre_third,T,2024:Q2,2.649781321953517,,,not_available,2.9895,-0.3397186780464829,False,True,0,,,,,,,0,{},14,expanding,40,1965:Q3,,3,0.02
indicator_revision_only_dfm_kalman_em,exact,2024:Q2:pre_third:exact,2024-09-25,pre_third,T,2024:Q2,2.9425655898233045,0.14223496351351417,0.3771405089797623,model_implied_state_space,2.9895,-0.04693441017669553,False,True,41,-3617.8834904644336,-5763.7070567384335,-3617.8834904644336,0.30475577542574683,8.42055606647075e-05,41.0,0,{},14,expanding,40,1965:Q3,,3,0.02
joint_indicator_revision_dfm_full_kalman_em,exact,2024:Q2:pre_third:exact,2024-09-25,pre_third,T,2024:Q2,2.976319980261023,0.13945374559264315,0.37343506208261046,model_implied_state_space,2.9895,-0.013180019738976867,False,True,42,-3590.4130918883984,-5776.094918263159,-3590.4130918883984,0.33520272837222365,9.332578479249723e-05,42.0,0,{},14,expanding,40,1965:Q3,,3,0.02
midas_umidas,exact,2024:Q2:pre_third:exact,2024-09-25,pre_third,T,2024:Q2,2.0704300636514774,,,not_available,2.9895,-0.9190699363485226,False,True,0,,,,,,,0,{},14,expanding,40,1965:Q3,,3,0.02
monthly_mixed_frequency_kalman_em,exact,2024:Q2:pre_third:exact,2024-09-25,pre_third,T,2024:Q2,3.0130294605427093,0.14391290439210666,0.3793585433229449,model_implied_state_space,2.9895,0.023529460542709213,False,True,27,-6463.345216908381,-8630.23028076301,-6463.345216908381,0.5916755523394386,9.152070038447533e-05,27.0,0,{},14,expanding,40,1965:Q3,,3,0.02
no_revision,exact,2024:Q2:pre_third:exact,2024-09-25,pre_third,T,2024:Q2,2.9514,,,not_available,2.9895,-0.03810000000000002,False,True,0,,,,,,,0,{},14,expanding,40,1965:Q3,,3,0.02
release_dfm,exact,2024:Q2:pre_third:exact,2024-09-25,pre_third,T,2024:Q2,3.0230230343104276,,,not_available,2.9895,0.03352303431042758,False,True,0,,,,,,,0,{},14,expanding,40,1965:Q3,,3,0.02
revision_dfm_kalman_em,exact,2024:Q2:pre_third:exact,2024-09-25,pre_third,T,2024:Q2,2.9527793712626327,0.14015463091444677,0.3743723159028279,model_implied_state_space,2.9895,-0.03672062873736737,False,True,31,-1904.7535150523502,-3553.9980495532145,-1904.7535150523502,0.1752652819470768,9.195793869922858e-05,31.0,0,{},14,expanding,40,1965:Q3,,3,0.02
standard_dfm,exact,2024:Q2:pre_third:exact,2024-09-25,pre_third,T,2024:Q2,2.5405251292374205,,,not_available,2.9895,-0.4489748707625796,False,True,0,,,,,,,0,{},14,expanding,40,1965:Q3,,3,0.02
ar,pseudo,2024:Q2:pre_third:pseudo,2024-09-30,pre_third,T,2024:Q2,2.5835523848256576,,,not_available,2.9895,-0.4059476151743424,False,True,0,,,,,,,0,{},14,expanding,40,1965:Q3,,3,0.02
bridge,pseudo,2024:Q2:pre_third:pseudo,2024-09-30,pre_third,T,2024:Q2,2.967789797717142,,,not_available,2.9895,-0.021710202282858138,False,True,0,,,,,,,0,{},14,expanding,40,1965:Q3,,3,0.02
indicator_revision_only_dfm_kalman_em,pseudo,2024:Q2:pre_third:pseudo,2024-09-30,pre_third,T,2024:Q2,2.942550064569207,0.14223477316874814,0.3771402566270911,model_implied_state_space,2.9895,-0.046949935430792955,False,True,41,-3618.0423308071445,-5763.6800773963505,-3618.0423308071445,0.28944792005040654,7.997275125525969e-05,41.0,0,{},14,expanding,40,1965:Q3,,3,0.02
joint_indicator_revision_dfm_full_kalman_em,pseudo,2024:Q2:pre_third:pseudo,2024-09-30,pre_third,T,2024:Q2,2.976163080165377,0.13945311071301167,0.37343421202805144,model_implied_state_space,2.9895,-0.013336919834622929,False,True,42,-3590.537296888089,-5776.0684874127455,-3590.537296888089,0.3129361118662928,8.712393100113334e-05,42.0,0,{},14,expanding,40,1965:Q3,,3,0.02
midas_umidas,pseudo,2024:Q2:pre_third:pseudo,2024-09-30,pre_third,T,2024:Q2,2.2024255730581266,,,not_available,2.9895,-0.7870744269418735,False,True,0,,,,,,,0,{},14,expanding,40,1965:Q3,,3,0.02
monthly_mixed_frequency_kalman_em,pseudo,2024:Q2:pre_third:pseudo,2024-09-30,pre_third,T,2024:Q2,3.013061260004128,0.14391605082308861,0.3793626903414312,model_implied_state_space,2.9895,0.02356126000412795,False,True,27,-6467.278082810968,-8633.158785558899,-6467.278082810968,0.594981703706253,9.197609811978763e-05,27.0,0,{},14,expanding,40,1965:Q3,,3,0.02
no_revision,pseudo,2024:Q2:pre_third:pseudo,2024-09-30,pre_third,T,2024:Q2,2.9514,,,not_available,2.9895,-0.03810000000000002,False,True,0,,,,,,,0,{},14,expanding,40,1965:Q3,,3,0.02
release_dfm,pseudo,2024:Q2:pre_third:pseudo,2024-09-30,pre_third,T,2024:Q2,3.022013468996109,,,not_available,2.9895,0.03251346899610885,False,True,0,,,,,,,0,{},14,expanding,40,1965:Q3,,3,0.02
revision_dfm_kalman_em,pseudo,2024:Q2:pre_third:pseudo,2024-09-30,pre_third,T,2024:Q2,2.952942857137969,0.14015141705877676,0.37436802355272913,model_implied_state_space,2.9895,-0.03655714286203127,False,True,31,-1905.497926091237,-3554.2180080997714,-1905.497926091237,0.17695249447524475,9.28068526326315e-05,31.0,0,{},14,expanding,40,1965:Q3,,3,0.02
standard_dfm,pseudo,2024:Q2:pre_third:pseudo,2024-09-30,pre_third,T,2024:Q2,2.667315293996692,,,not_available,2.9895,-0.32218470600330784,False,True,0,,,,,,,0,{},14,expanding,40,1965:Q3,,3,0.02
ar,exact,2024:Q3:pre_advance:exact,2024-10-29,pre_advance,A,2024:Q3,2.5022415996938236,,,not_available,2.8248,-0.32255840030617655,False,True,0,,,,,,,0,{},14,expanding,40,1965:Q3,,3,0.02
bridge,exact,2024:Q3:pre_advance:exact,2024-10-29,pre_advance,A,2024:Q3,2.406973036116476,,,not_available,2.8248,-0.41782696388352436,False,True,0,,,,,,,0,{},14,expanding,40,1965:Q3,,3,0.02
indicator_revision_only_dfm_kalman_em,exact,2024:Q3:pre_advance:exact,2024-10-29,pre_advance,A,2024:Q3,2.4030672354802176,3.9350926564533566,1.9837067969973174,model_implied_state_space,2.8248,-0.4217327645197826,False,False,50,-3685.1286638031393,-5818.673379073329,-3685.1286638031393,0.6467122773428855,0.00017541407093545907,51.0,0,{},14,expanding,40,1965:Q3,,3,0.02
joint_indicator_revision_dfm_full_kalman_em,exact,2024:Q3:pre_advance:exact,2024-10-29,pre_advance,A,2024:Q3,1.9628394043900033,2.998184247158772,1.7315265655365417,model_implied_state_space,2.8248,-0.8619605956099969,False,False,50,-3666.5852125452757,-5832.582500838509,-3666.5852125452757,0.622967138716831,0.00016982873059579134,51.0,0,{},14,expanding,40,1965:Q3,,3,0.02
midas_umidas,exact,2024:Q3:pre_advance:exact,2024-10-29,pre_advance,A,2024:Q3,0.9544518095465631,,,not_available,2.8248,-1.8703481904534371,False,True,0,,,,,,,0,{},14,expanding,40,1965:Q3,,3,0.02
monthly_mixed_frequency_kalman_em,exact,2024:Q3:pre_advance:exact,2024-10-29,pre_advance,A,2024:Q3,1.43057155265993,4.476113283856048,2.11568269923825,model_implied_state_space,2.8248,-1.3942284473400701,False,True,28,-6486.55240831008,-8688.148717082293,-6486.55240831008,0.5901635054524377,9.096031705839909e-05,28.0,0,{},14,expanding,40,1965:Q3,,3,0.02
no_revision,exact,2024:Q3:pre_advance:exact,2024-10-29,pre_advance,A,2024:Q3,2.416193032674926,,,not_available,2.8248,-0.40860696732507407,False,True,0,,,,,,,0,{},14,expanding,40,1965:Q3,,3,0.02
release_dfm,exact,2024:Q3:pre_advance:exact,2024-10-29,pre_advance,A,2024:Q3,1.8708357897270056,,,not_available,2.8248,-0.9539642102729946,False,True,0,,,,,,,0,{},14,expanding,40,1965:Q3,,3,0.02
revision_dfm_kalman_em,exact,2024:Q3:pre_advance:exact,2024-10-29,pre_advance,A,2024:Q3,1.5994743545525683,2.9219065851707775,1.7093585303179604,model_implied_state_space,2.8248,-1.225325645447432,False,True,31,-1920.880719656435,-3574.9569725974625,-1920.880719656435,0.17769194212883122,9.24487731780461e-05,31.0,0,{},14,expanding,40,1965:Q3,,3,0.02
standard_dfm,exact,2024:Q3:pre_advance:exact,2024-10-29,pre_advance,A,2024:Q3,1.8708357897270056,,,not_available,2.8248,-0.9539642102729946,False,True,0,,,,,,,0,{},14,expanding,40,1965:Q3,,3,0.02
ar,pseudo,2024:Q3:pre_advance:pseudo,2024-10-31,pre_advance,A,2024:Q3,2.5022415996938236,,,not_available,2.8248,-0.32255840030617655,False,True,0,,,,,,,0,{},14,expanding,40,1965:Q3,,3,0.02
bridge,pseudo,2024:Q3:pre_advance:pseudo,2024-10-31,pre_advance,A,2024:Q3,2.433606173658529,,,not_available,2.8248,-0.39119382634147115,False,True,0,,,,,,,0,{},14,expanding,40,1965:Q3,,3,0.02
indicator_revision_only_dfm_kalman_em,pseudo,2024:Q3:pre_advance:pseudo,2024-10-31,pre_advance,A,2024:Q3,2.4079216470687586,3.9352810456987206,1.9837542805747694,model_implied_state_space,2.8248,-0.41687835293124165,False,False,50,-3685.207754370161,-5818.676280525324,-3685.207754370161,0.6460261252113924,0.00017522423282124064,51.0,0,{},14,expanding,40,1965:Q3,,3,0.02
joint_indicator_revision_dfm_full_kalman_em,pseudo,2024:Q3:pre_advance:pseudo,2024-10-31,pre_advance,A,2024:Q3,1.9675110068446071,2.9983431342312254,1.7315724455624792,model_implied_state_space,2.8248,-0.8572889931553931,False,False,50,-3666.6657103848206,-5832.585339086063,-3666.6657103848206,0.6216309329115575,0.00016946080693020453,51.0,0,{},14,expanding,40,1965:Q3,,3,0.02
midas_umidas,pseudo,2024:Q3:pre_advance:pseudo,2024-10-31,pre_advance,A,2024:Q3,0.8905175047746641,,,not_available,2.8248,-1.9342824952253361,False,True,0,,,,,,,0,{},14,expanding,40,1965:Q3,,3,0.02
monthly_mixed_frequency_kalman_em,pseudo,2024:Q3:pre_advance:pseudo,2024-10-31,pre_advance,A,2024:Q3,1.4303895121015349,4.475974318155211,2.1156498571727815,model_implied_state_space,2.8248,-1.3944104878984653,False,True,28,-6487.884277396865,-8689.474999382368,-6487.884277396865,0.5903116102199419,9.096446902186913e-05,28.0,0,{},14,expanding,40,1965:Q3,,3,0.02
no_revision,pseudo,2024:Q3:pre_advance:pseudo,2024-10-31,pre_advance,A,2024:Q3,2.416193032674926,,,not_available,2.8248,-0.40860696732507407,False,True,0,,,,,,,0,{},14,expanding,40,1965:Q3,,3,0.02
release_dfm,pseudo,2024:Q3:pre_advance:pseudo,2024-10-31,pre_advance,A,2024:Q3,1.8815032847397144,,,not_available,2.8248,-0.9432967152602858,False,True,0,,,,,,,0,{},14,expanding,40,1965:Q3,,3,0.02
revision_dfm_kalman_em,pseudo,2024:Q3:pre_advance:pseudo,2024-10-31,pre_advance,A,2024:Q3,1.6024060213897748,2.9218864722499696,1.709352647129892,model_implied_state_space,2.8248,-1.2223939786102254,False,True,31,-1920.8829160456914,-3574.9571902519524,-1920.8829160456914,0.17770633044892747,9.245615272490141e-05,31.0,0,{},14,expanding,40,1965:Q3,,3,0.02
standard_dfm,pseudo,2024:Q3:pre_advance:pseudo,2024-10-31,pre_advance,A,2024:Q3,1.8815032847397144,,,not_available,2.8248,-0.9432967152602858,False,True,0,,,,,,,0,{},14,expanding,40,1965:Q3,,3,0.02
ar,exact,2024:Q3:pre_second:exact,2024-11-26,pre_second,S,2024:Q3,2.5967948124928846,,,not_available,2.8336,-0.23680518750711554,False,True,0,,,,,,,0,{},14,expanding,40,1965:Q3,,3,0.02
bridge,exact,2024:Q3:pre_second:exact,2024-11-26,pre_second,S,2024:Q3,2.5321424251252944,,,not_available,2.8336,-0.3014575748747057,False,True,0,,,,,,,0,{},14,expanding,40,1965:Q3,,3,0.02
indicator_revision_only_dfm_kalman_em,exact,2024:Q3:pre_second:exact,2024-11-26,pre_second,S,2024:Q3,2.7881418523570947,0.3645886234601998,0.6038117450498953,model_implied_state_space,2.8336,-0.045458147642905455,False,False,50,-3685.806207633515,-5820.050329434787,-3685.806207633515,0.6151392806641525,0.0001668209902779166,51.0,0,{},14,expanding,40,1965:Q3,,3,0.02
joint_indicator_revision_dfm_full_kalman_em,exact,2024:Q3:pre_second:exact,2024-11-26,pre_second,S,2024:Q3,3.078627911927315,0.3516895981030954,0.5930342301276508,model_implied_state_space,2.8336,0.24502791192731488,False,False,50,-3667.0309436169546,-5834.049247960119,-3667.0309436169546,0.5514241879841393,0.00015030988340983568,51.0,0,{},14,expanding,40,1965:Q3,,3,0.02
midas_umidas,exact,2024:Q3:pre_second:exact,2024-11-26,pre_second,S,2024:Q3,3.054649787624036,,,not_available,2.8336,0.22104978762403604,False,True,0,,,,,,,0,{},14,expanding,40,1965:Q3,,3,0.02
monthly_mixed_frequency_kalman_em,exact,2024:Q3:pre_second:exact,2024-11-26,pre_second,S,2024:Q3,2.768812704834551,0.3478221062026544,0.5897644497616438,model_implied_state_space,2.8336,-0.0647872951654489,False,True,28,-6503.904995170391,-8707.256363283941,-6503.904995170391,0.5940477689409818,9.131471160321277e-05,28.0,0,{},14,expanding,40,1965:Q3,,3,0.02
no_revision,exact,2024:Q3:pre_second:exact,2024-11-26,pre_second,S,2024:Q3,2.8248,,,not_available,2.8336,-0.008799999999999919,False,True,0,,,,,,,0,{},14,expanding,40,1965:Q3,,3,0.02
release_dfm,exact,2024:Q3:pre_second:exact,2024-11-26,pre_second,S,2024:Q3,2.946644569928208,,,not_available,2.8336,0.11304456992820766,False,True,0,,,,,,,0,{},14,expanding,40,1965:Q3,,3,0.02
revision_dfm_kalman_em,exact,2024:Q3:pre_second:exact,2024-11-26,pre_second,S,2024:Q3,2.987171438301332,0.3805428593600497,0.6168815602366874,model_implied_state_space,2.8336,0.15357143830133202,False,True,31,-1921.6631186761704,-3576.362707926201,-1921.6631186761704,0.1763664657823938,9.172188689966163e-05,31.0,0,{},14,expanding,40,1965:Q3,,3,0.02
standard_dfm,exact,2024:Q3:pre_second:exact,2024-11-26,pre_second,S,2024:Q3,2.1884578766251432,,,not_available,2.8336,-0.6451421233748569,False,True,0,,,,,,,0,{},14,expanding,40,1965:Q3,,3,0.02
ar,pseudo,2024:Q3:pre_second:pseudo,2024-11-30,pre_second,S,2024:Q3,2.5967948124928846,,,not_available,2.8336,-0.23680518750711554,False,True,0,,,,,,,0,{},14,expanding,40,1965:Q3,,3,0.02
bridge,pseudo,2024:Q3:pre_second:pseudo,2024-11-30,pre_second,S,2024:Q3,2.425605378915336,,,not_available,2.8336,-0.4079946210846641,False,True,0,,,,,,,0,{},14,expanding,40,1965:Q3,,3,0.02
indicator_revision_only_dfm_kalman_em,pseudo,2024:Q3:pre_second:pseudo,2024-11-30,pre_second,S,2024:Q3,2.788306649704615,0.3645982999763857,0.6038197578552608,model_implied_state_space,2.8336,-0.04529335029538517,False,False,50,-3685.7991127895857,-5820.133501879439,-3685.7991127895857,0.6032996550002281,0.00016361101597269577,51.0,0,{},14,expanding,40,1965:Q3,,3,0.02
joint_indicator_revision_dfm_full_kalman_em,pseudo,2024:Q3:pre_second:pseudo,2024-11-30,pre_second,S,2024:Q3,3.07823092135128,0.3516509296953926,0.5930016270596503,model_implied_state_space,2.8336,0.24463092135128006,False,False,50,-3666.9894819597685,-5834.132390536523,-3666.9894819597685,0.5295672621241465,0.00014435450791415948,51.0,0,{},14,expanding,40,1965:Q3,,3,0.02
midas_umidas,pseudo,2024:Q3:pre_second:pseudo,2024-11-30,pre_second,S,2024:Q3,3.042330109502627,,,not_available,2.8336,0.20873010950262705,False,True,0,,,,,,,0,{},14,expanding,40,1965:Q3,,3,0.02
monthly_mixed_frequency_kalman_em,pseudo,2024:Q3:pre_second:pseudo,2024-11-30,pre_second,S,2024:Q3,2.768727278165511,0.3478175838375527,0.5897606157056884,model_implied_state_space,2.8336,-0.06487272183448933,False,True,28,-6506.789067067091,-8709.979177076575,-6506.789067067091,0.5946370317360561,9.136477791891214e-05,28.0,0,{},14,expanding,40,1965:Q3,,3,0.02
no_revision,pseudo,2024:Q3:pre_second:pseudo,2024-11-30,pre_second,S,2024:Q3,2.8248,,,not_available,2.8336,-0.008799999999999919,False,True,0,,,,,,,0,{},14,expanding,40,1965:Q3,,3,0.02
release_dfm,pseudo,2024:Q3:pre_second:pseudo,2024-11-30,pre_second,S,2024:Q3,2.947114115069522,,,not_available,2.8336,0.1135141150695218,False,True,0,,,,,,,0,{},14,expanding,40,1965:Q3,,3,0.02
revision_dfm_kalman_em,pseudo,2024:Q3:pre_second:pseudo,2024-11-30,pre_second,S,2024:Q3,2.985145689733182,0.38056082000627434,0.6168961176780693,model_implied_state_space,2.8336,0.15154568973318172,False,True,31,-1921.7867730748958,-3576.3922408906333,-1921.7867730748958,0.17659677625965742,9.18357463425456e-05,31.0,0,{},14,expanding,40,1965:Q3,,3,0.02
standard_dfm,pseudo,2024:Q3:pre_second:pseudo,2024-11-30,pre_second,S,2024:Q3,2.155040753793078,,,not_available,2.8336,-0.6785592462069223,False,True,0,,,,,,,0,{},14,expanding,40,1965:Q3,,3,0.02
ar,exact,2024:Q3:pre_third:exact,2024-12-18,pre_third,T,2024:Q3,2.66526432629407,,,not_available,3.073,-0.4077356737059299,False,True,0,,,,,,,0,{},14,expanding,40,1965:Q3,,3,0.02
bridge,exact,2024:Q3:pre_third:exact,2024-12-18,pre_third,T,2024:Q3,2.3677227363632447,,,not_available,3.073,-0.7052772636367552,False,True,0,,,,,,,0,{},14,expanding,40,1965:Q3,,3,0.02
indicator_revision_only_dfm_kalman_em,exact,2024:Q3:pre_third:exact,2024-12-18,pre_third,T,2024:Q3,2.8316873689303277,0.14133338868808276,0.3759433317510536,model_implied_state_space,3.073,-0.24131263106967227,False,False,50,-3685.2352484730654,-5821.445113632095,-3685.2352484730654,0.6099103573201319,0.00016542879644927094,51.0,0,{},14,expanding,40,1965:Q3,,3,0.02
joint_indicator_revision_dfm_full_kalman_em,exact,2024:Q3:pre_third:exact,2024-12-18,pre_third,T,2024:Q3,2.8526534856265653,0.138870268533624,0.3726530135845194,model_implied_state_space,3.073,-0.22034651437343467,False,False,50,-3666.5380862631255,-5835.417614190391,-3666.5380862631255,0.5421457603542876,0.00014780095473953563,51.0,0,{},14,expanding,40,1965:Q3,,3,0.02
midas_umidas,exact,2024:Q3:pre_third:exact,2024-12-18,pre_third,T,2024:Q3,2.584814950604585,,,not_available,3.073,-0.48818504939541496,False,True,0,,,,,,,0,{},14,expanding,40,1965:Q3,,3,0.02
monthly_mixed_frequency_kalman_em,exact,2024:Q3:pre_third:exact,2024-12-18,pre_third,T,2024:Q3,2.8355651836552465,0.14405520555614038,0.3795460519569929,model_implied_state_space,3.073,-0.2374348163447535,False,True,28,-6521.002891821332,-8727.583307632307,-6521.002891821332,0.5951434377448095,9.124331049187067e-05,28.0,0,{},14,expanding,40,1965:Q3,,3,0.02
no_revision,exact,2024:Q3:pre_third:exact,2024-12-18,pre_third,T,2024:Q3,2.8336,,,not_available,3.073,-0.23939999999999984,False,True,0,,,,,,,0,{},14,expanding,40,1965:Q3,,3,0.02
release_dfm,exact,2024:Q3:pre_third:exact,2024-12-18,pre_third,T,2024:Q3,2.9283436678816743,,,not_available,3.073,-0.14465633211832563,False,True,0,,,,,,,0,{},14,expanding,40,1965:Q3,,3,0.02
revision_dfm_kalman_em,exact,2024:Q3:pre_third:exact,2024-12-18,pre_third,T,2024:Q3,2.8485764559794453,0.13985113615652428,0.37396675809024027,model_implied_state_space,3.073,-0.22442354402055464,False,True,25,-1921.16766618801,-3590.1486495509216,-1921.16766618801,0.17112534509442412,8.901934760310808e-05,25.0,0,{},14,expanding,40,1965:Q3,,3,0.02
standard_dfm,exact,2024:Q3:pre_third:exact,2024-12-18,pre_third,T,2024:Q3,2.1363286462139577,,,not_available,3.073,-0.9366713537860423,False,True,0,,,,,,,0,{},14,expanding,40,1965:Q3,,3,0.02
ar,pseudo,2024:Q3:pre_third:pseudo,2024-12-31,pre_third,T,2024:Q3,2.66526432629407,,,not_available,3.073,-0.4077356737059299,False,True,0,,,,,,,0,{},14,expanding,40,1965:Q3,,3,0.02
bridge,pseudo,2024:Q3:pre_third:pseudo,2024-12-31,pre_third,T,2024:Q3,2.3751763046094254,,,not_available,3.073,-0.6978236953905745,False,True,0,,,,,,,0,{},14,expanding,40,1965:Q3,,3,0.02
indicator_revision_only_dfm_kalman_em,pseudo,2024:Q3:pre_third:pseudo,2024-12-31,pre_third,T,2024:Q3,2.831689131105231,0.14133333348599283,0.3759432583329469,model_implied_state_space,3.073,-0.24131086889476894,False,False,50,-3685.24520537843,-5821.457350813485,-3685.24520537843,0.6068511856569785,0.00016459873527513482,51.0,0,{},14,expanding,40,1965:Q3,,3,0.02
joint_indicator_revision_dfm_full_kalman_em,pseudo,2024:Q3:pre_third:pseudo,2024-12-31,pre_third,T,2024:Q3,2.8526469729597554,0.13887060938836118,0.3726534709195142,model_implied_state_space,3.073,-0.2203530270402445,False,False,50,-3666.539604202147,-5835.429850652433,-3666.539604202147,0.5363940630168145,0.00014623308330320988,51.0,0,{},14,expanding,40,1965:Q3,,3,0.02
midas_umidas,pseudo,2024:Q3:pre_third:pseudo,2024-12-31,pre_third,T,2024:Q3,2.5770167411236327,,,not_available,3.073,-0.4959832588763673,False,True,0,,,,,,,0,{},14,expanding,40,1965:Q3,,3,0.02
monthly_mixed_frequency_kalman_em,pseudo,2024:Q3:pre_third:pseudo,2024-12-31,pre_third,T,2024:Q3,2.8356068152818192,0.14405566573531642,0.37954665817961886,model_implied_state_space,3.073,-0.23739318471818072,False,True,28,-6523.6791500619665,-8730.29071847285,-6523.6791500619665,0.5953237402145533,9.123351708877112e-05,28.0,0,{},14,expanding,40,1965:Q3,,3,0.02
no_revision,pseudo,2024:Q3:pre_third:pseudo,2024-12-31,pre_third,T,2024:Q3,2.8336,,,not_available,3.073,-0.23939999999999984,False,True,0,,,,,,,0,{},14,expanding,40,1965:Q3,,3,0.02
release_dfm,pseudo,2024:Q3:pre_third:pseudo,2024-12-31,pre_third,T,2024:Q3,2.92823485957436,,,not_available,3.073,-0.14476514042564004,False,True,0,,,,,,,0,{},14,expanding,40,1965:Q3,,3,0.02
revision_dfm_kalman_em,pseudo,2024:Q3:pre_third:pseudo,2024-12-31,pre_third,T,2024:Q3,2.8485551200679806,0.13985105935918535,0.3739666554108606,model_implied_state_space,3.073,-0.22444487993201934,False,True,25,-1921.2084261226853,-3590.159143124713,-1921.2084261226853,0.17114981508166238,8.9030188014858e-05,25.0,0,{},14,expanding,40,1965:Q3,,3,0.02
standard_dfm,pseudo,2024:Q3:pre_third:pseudo,2024-12-31,pre_third,T,2024:Q3,2.1500301979786576,,,not_available,3.073,-0.9229698020213424,False,True,0,,,,,,,0,{},14,expanding,40,1965:Q3,,3,0.02
ar,exact,2024:Q4:pre_advance:exact,2025-01-29,pre_advance,A,2024:Q4,2.5030214835002664,,,not_available,2.2512,0.25182148350026656,False,True,0,,,,,,,0,{},14,expanding,40,1965:Q3,,3,0.02
bridge,exact,2024:Q4:pre_advance:exact,2025-01-29,pre_advance,A,2024:Q4,2.5038993338243563,,,not_available,2.2512,0.2526993338243564,False,True,0,,,,,,,0,{},14,expanding,40,1965:Q3,,3,0.02
indicator_revision_only_dfm_kalman_em,exact,2024:Q4:pre_advance:exact,2025-01-29,pre_advance,A,2024:Q4,2.9749953459691403,3.9395313481890395,1.9848252689315096,model_implied_state_space,2.2512,0.7237953459691404,False,False,50,-3712.8495908860386,-5859.881254883866,-3712.8495908860386,0.5247566942684898,0.00014127727718406667,51.0,0,{},14,expanding,40,1965:Q3,,3,0.02
joint_indicator_revision_dfm_full_kalman_em,exact,2024:Q4:pre_advance:exact,2025-01-29,pre_advance,A,2024:Q4,2.5125366637027504,3.0328554411657587,1.7415095294501717,model_implied_state_space,2.2512,0.26133666370275055,False,False,50,-3693.63427515577,-5873.848360826598,-3693.63427515577,0.3597389279480012,9.735846027810386e-05,51.0,0,{},14,expanding,40,1965:Q3,,3,0.02
midas_umidas,exact,2024:Q4:pre_advance:exact,2025-01-29,pre_advance,A,2024:Q4,2.149665591738329,,,not_available,2.2512,-0.1015344082616707,False,True,0,,,,,,,0,{},14,expanding,40,1965:Q3,,3,0.02
monthly_mixed_frequency_kalman_em,exact,2024:Q4:pre_advance:exact,2025-01-29,pre_advance,A,2024:Q4,1.1783871168494766,4.458831516590061,2.111594543606812,model_implied_state_space,2.2512,-1.0728128831505233,False,True,28,-6539.143212612603,-8750.666374123035,-6539.143212612603,0.6003269502198236,9.17826767841671e-05,28.0,0,{},14,expanding,40,1965:Q3,,3,0.02
no_revision,exact,2024:Q4:pre_advance:exact,2025-01-29,pre_advance,A,2024:Q4,2.444247371944305,,,not_available,2.2512,0.1930473719443051,False,True,0,,,,,,,0,{},14,expanding,40,1965:Q3,,3,0.02
release_dfm,exact,2024:Q4:pre_advance:exact,2025-01-29,pre_advance,A,2024:Q4,2.0771753796129513,,,not_available,2.2512,-0.17402462038704858,False,True,0,,,,,,,0,{},14,expanding,40,1965:Q3,,3,0.02
revision_dfm_kalman_em,exact,2024:Q4:pre_advance:exact,2025-01-29,pre_advance,A,2024:Q4,1.8972053200553305,2.9113704959792805,1.7062738631237602,model_implied_state_space,2.2512,-0.3539946799446694,False,True,31,-1936.1794131044464,-3598.425396902081,-1936.1794131044464,0.1741971383019063,8.991499403151271e-05,31.0,0,{},14,expanding,40,1965:Q3,,3,0.02
standard_dfm,exact,2024:Q4:pre_advance:exact,2025-01-29,pre_advance,A,2024:Q4,2.0771753796129513,,,not_available,2.2512,-0.17402462038704858,False,True,0,,,,,,,0,{},14,expanding,40,1965:Q3,,3,0.02
ar,pseudo,2024:Q4:pre_advance:pseudo,2025-01-31,pre_advance,A,2024:Q4,2.5030214835002664,,,not_available,2.2512,0.25182148350026656,False,True,0,,,,,,,0,{},14,expanding,40,1965:Q3,,3,0.02
bridge,pseudo,2024:Q4:pre_advance:pseudo,2025-01-31,pre_advance,A,2024:Q4,2.5807494318233606,,,not_available,2.2512,0.3295494318233607,False,True,0,,,,,,,0,{},14,expanding,40,1965:Q3,,3,0.02
indicator_revision_only_dfm_kalman_em,pseudo,2024:Q4:pre_advance:pseudo,2025-01-31,pre_advance,A,2024:Q4,2.9766634762568054,3.9396342668062503,1.98485119512931,model_implied_state_space,2.2512,0.7254634762568055,False,False,50,-3712.847829695262,-5859.88781330054,-3712.847829695262,0.5236248828377938,0.00014097267579213352,51.0,0,{},14,expanding,40,1965:Q3,,3,0.02
joint_indicator_revision_dfm_full_kalman_em,pseudo,2024:Q4:pre_advance:pseudo,2025-01-31,pre_advance,A,2024:Q4,2.514015930954722,3.033244866504256,1.7416213326967076,model_implied_state_space,2.2512,0.262815930954722,False,False,50,-3693.632589097457,-5873.854931016364,-3693.632589097457,0.3576618768397566,9.67964331557974e-05,51.0,0,{},14,expanding,40,1965:Q3,,3,0.02
midas_umidas,pseudo,2024:Q4:pre_advance:pseudo,2025-01-31,pre_advance,A,2024:Q4,2.1228586385631445,,,not_available,2.2512,-0.12834136143685537,False,True,0,,,,,,,0,{},14,expanding,40,1965:Q3,,3,0.02
monthly_mixed_frequency_kalman_em,pseudo,2024:Q4:pre_advance:pseudo,2025-01-31,pre_advance,A,2024:Q4,1.1766338454468164,4.458536809355601,2.111524759351782,model_implied_state_space,2.2512,-1.0745661545531835,False,True,28,-6540.669675618347,-8752.020968437366,-6540.669675618347,0.6009099822404096,9.185037127064126e-05,28.0,0,{},14,expanding,40,1965:Q3,,3,0.02
no_revision,pseudo,2024:Q4:pre_advance:pseudo,2025-01-31,pre_advance,A,2024:Q4,2.444247371944305,,,not_available,2.2512,0.1930473719443051,False,True,0,,,,,,,0,{},14,expanding,40,1965:Q3,,3,0.02
release_dfm,pseudo,2024:Q4:pre_advance:pseudo,2025-01-31,pre_advance,A,2024:Q4,2.108117712320259,,,not_available,2.2512,-0.14308228767974107,False,True,0,,,,,,,0,{},14,expanding,40,1965:Q3,,3,0.02
revision_dfm_kalman_em,pseudo,2024:Q4:pre_advance:pseudo,2025-01-31,pre_advance,A,2024:Q4,1.9057327662821377,2.9112606562964607,1.7062416758174854,model_implied_state_space,2.2512,-0.34546723371786214,False,True,31,-1936.198740658735,-3598.4295601973745,-1936.198740658735,0.17427891682905283,8.995630426774165e-05,31.0,0,{},14,expanding,40,1965:Q3,,3,0.02
standard_dfm,pseudo,2024:Q4:pre_advance:pseudo,2025-01-31,pre_advance,A,2024:Q4,2.108117712320259,,,not_available,2.2512,-0.14308228767974107,False,True,0,,,,,,,0,{},14,expanding,40,1965:Q3,,3,0.02
ar,exact,2024:Q4:pre_second:exact,2025-02-26,pre_second,S,2024:Q4,2.5915876882913262,,,not_available,2.3451,0.24648768829132628,False,True,0,,,,,,,0,{},14,expanding,40,1965:Q3,,3,0.02
bridge,exact,2024:Q4:pre_second:exact,2025-02-26,pre_second,S,2024:Q4,2.273257848902314,,,not_available,2.3451,-0.0718421510976861,False,True,0,,,,,,,0,{},14,expanding,40,1965:Q3,,3,0.02
indicator_revision_only_dfm_kalman_em,exact,2024:Q4:pre_second:exact,2025-02-26,pre_second,S,2024:Q4,2.321608981582188,0.3632724836676299,0.6027209003076216,model_implied_state_space,2.3451,-0.023491018417812093,False,False,50,-3711.0615114453576,-5861.194545840688,-3711.0615114453576,0.4701813047036012,0.00012664708172640916,51.0,0,{},14,expanding,40,1965:Q3,,3,0.02
joint_indicator_revision_dfm_full_kalman_em,exact,2024:Q4:pre_second:exact,2025-02-26,pre_second,S,2024:Q4,2.2002035263367143,0.3478139540557356,0.5897575383627882,model_implied_state_space,2.3451,-0.14489647366328562,False,True,49,-3692.1395088213976,-5875.252598439174,-3692.1395088213976,0.36232207435978125,9.809716928498449e-05,49.0,0,{},14,expanding,40,1965:Q3,,3,0.02
midas_umidas,exact,2024:Q4:pre_second:exact,2025-02-26,pre_second,S,2024:Q4,0.5521882543281651,,,not_available,2.3451,-1.7929117456718349,False,True,0,,,,,,,0,{},14,expanding,40,1965:Q3,,3,0.02
monthly_mixed_frequency_kalman_em,exact,2024:Q4:pre_second:exact,2025-02-26,pre_second,S,2024:Q4,2.2937751381556915,0.34637900065441035,0.5885397188418215,model_implied_state_space,2.3451,-0.05132486184430851,False,True,27,-6548.940949226245,-8733.635195700865,-6548.940949226245,0.6186385703649648,9.444056833212539e-05,27.0,0,{},14,expanding,40,1965:Q3,,3,0.02
no_revision,exact,2024:Q4:pre_second:exact,2025-02-26,pre_second,S,2024:Q4,2.2512,,,not_available,2.3451,-0.0939000000000001,False,True,0,,,,,,,0,{},14,expanding,40,1965:Q3,,3,0.02
release_dfm,exact,2024:Q4:pre_second:exact,2025-02-26,pre_second,S,2024:Q4,2.3605377701599086,,,not_available,2.3451,0.01543777015990866,False,True,0,,,,,,,0,{},14,expanding,40,1965:Q3,,3,0.02
revision_dfm_kalman_em,exact,2024:Q4:pre_second:exact,2025-02-26,pre_second,S,2024:Q4,2.3339342240024585,0.3796453168094941,0.6161536470796015,model_implied_state_space,2.3451,-0.011165775997541427,False,True,25,-1935.7129509683991,-3612.3065965224055,-1935.7129509683991,0.17300714841348963,8.932232054679166e-05,25.0,0,{},14,expanding,40,1965:Q3,,3,0.02
standard_dfm,exact,2024:Q4:pre_second:exact,2025-02-26,pre_second,S,2024:Q4,2.378222366758939,,,not_available,2.3451,0.03312236675893887,False,True,0,,,,,,,0,{},14,expanding,40,1965:Q3,,3,0.02
ar,pseudo,2024:Q4:pre_second:pseudo,2025-02-28,pre_second,S,2024:Q4,2.5915876882913262,,,not_available,2.3451,0.24648768829132628,False,True,0,,,,,,,0,{},14,expanding,40,1965:Q3,,3,0.02
bridge,pseudo,2024:Q4:pre_second:pseudo,2025-02-28,pre_second,S,2024:Q4,2.2206875498240026,,,not_available,2.3451,-0.12441245017599734,False,True,0,,,,,,,0,{},14,expanding,40,1965:Q3,,3,0.02
indicator_revision_only_dfm_kalman_em,pseudo,2024:Q4:pre_second:pseudo,2025-02-28,pre_second,S,2024:Q4,2.3216693220008726,0.3632720319486319,0.6027205255743593,model_implied_state_space,2.3451,-0.023430677999127347,False,False,50,-3711.1091763201903,-5861.237467671859,-3711.1091763201903,0.47107132349719905,0.00012688515589560123,51.0,0,{},14,expanding,40,1965:Q3,,3,0.02
joint_indicator_revision_dfm_full_kalman_em,pseudo,2024:Q4:pre_second:pseudo,2025-02-28,pre_second,S,2024:Q4,2.2000543322863355,0.34782030783867957,0.5897629251137101,model_implied_state_space,2.3451,-0.14504566771366445,False,True,49,-3692.189034765935,-5875.295493135111,-3692.189034765935,0.3647922501781977,9.876456855994975e-05,49.0,0,{},14,expanding,40,1965:Q3,,3,0.02
midas_umidas,pseudo,2024:Q4:pre_second:pseudo,2025-02-28,pre_second,S,2024:Q4,0.4980392456112641,,,not_available,2.3451,-1.8470607543887358,False,True,0,,,,,,,0,{},14,expanding,40,1965:Q3,,3,0.02
monthly_mixed_frequency_kalman_em,pseudo,2024:Q4:pre_second:pseudo,2025-02-28,pre_second,S,2024:Q4,2.293682398555362,0.34637536208857733,0.5885366276524999,model_implied_state_space,2.3451,-0.05141760144463792,False,True,27,-6551.239621459542,-8736.353042009172,-6551.239621459542,0.617495940927256,9.423308487645124e-05,27.0,0,{},14,expanding,40,1965:Q3,,3,0.02
no_revision,pseudo,2024:Q4:pre_second:pseudo,2025-02-28,pre_second,S,2024:Q4,2.2512,,,not_available,2.3451,-0.0939000000000001,False,True,0,,,,,,,0,{},14,expanding,40,1965:Q3,,3,0.02
release_dfm,pseudo,2024:Q4:pre_second:pseudo,2025-02-28,pre_second,S,2024:Q4,2.3606688941766256,,,not_available,2.3451,0.015568894176625658,False,True,0,,,,,,,0,{},14,expanding,40,1965:Q3,,3,0.02
revision_dfm_kalman_em,pseudo,2024:Q4:pre_second:pseudo,2025-02-28,pre_second,S,2024:Q4,2.332606850455026,0.3796432026119956,0.6161519314357422,model_implied_state_space,2.3451,-0.012493149544973825,False,True,25,-1935.7068199836115,-3612.3092002018016,-1935.7068199836115,0.17296137300377268,8.929897181467212e-05,25.0,0,{},14,expanding,40,1965:Q3,,3,0.02
standard_dfm,pseudo,2024:Q4:pre_second:pseudo,2025-02-28,pre_second,S,2024:Q4,2.3688770371998857,,,not_available,2.3451,0.023777037199885775,False,True,0,,,,,,,0,{},14,expanding,40,1965:Q3,,3,0.02
ar,exact,2024:Q4:pre_third:exact,2025-03-26,pre_third,T,2024:Q4,2.6712239159811935,,,not_available,2.4495,0.22172391598119345,False,True,0,,,,,,,0,{},14,expanding,40,1965:Q3,,3,0.02
bridge,exact,2024:Q4:pre_third:exact,2025-03-26,pre_third,T,2024:Q4,2.494763490806641,,,not_available,2.4495,0.04526349080664094,False,True,0,,,,,,,0,{},14,expanding,40,1965:Q3,,3,0.02
indicator_revision_only_dfm_kalman_em,exact,2024:Q4:pre_third:exact,2025-03-26,pre_third,T,2024:Q4,2.3441189969369063,0.14098380320792098,0.3754780995050457,model_implied_state_space,2.4495,-0.10538100306309373,False,False,50,-3710.418994096593,-5862.445295922382,-3710.418994096593,0.4741359646282035,0.00012773427143910888,51.0,0,{},14,expanding,40,1965:Q3,,3,0.02
joint_indicator_revision_dfm_full_kalman_em,exact,2024:Q4:pre_third:exact,2025-03-26,pre_third,T,2024:Q4,2.3372650746385393,0.13852241030602,0.37218598886312204,model_implied_state_space,2.4495,-0.11223492536146074,False,True,50,-3691.2000984735187,-5876.477207357876,-3691.2000984735187,0.31849505726540883,8.625415125150773e-05,50.0,0,{},14,expanding,40,1965:Q3,,3,0.02
midas_umidas,exact,2024:Q4:pre_third:exact,2025-03-26,pre_third,T,2024:Q4,0.994998415434841,,,not_available,2.4495,-1.454501584565159,False,True,0,,,,,,,0,{},14,expanding,40,1965:Q3,,3,0.02
monthly_mixed_frequency_kalman_em,exact,2024:Q4:pre_third:exact,2025-03-26,pre_third,T,2024:Q4,2.451643715948563,0.14369268390096826,0.37906817843360086,model_implied_state_space,2.4495,0.0021437159485628854,False,True,28,-6571.402203876199,-8790.657522762107,-6571.402203876199,0.606597128516114,9.228606668279416e-05,28.0,0,{},14,expanding,40,1965:Q3,,3,0.02
no_revision,exact,2024:Q4:pre_third:exact,2025-03-26,pre_third,T,2024:Q4,2.3451,,,not_available,2.4495,-0.10440000000000005,False,True,0,,,,,,,0,{},14,expanding,40,1965:Q3,,3,0.02
release_dfm,exact,2024:Q4:pre_third:exact,2025-03-26,pre_third,T,2024:Q4,2.413905476816721,,,not_available,2.4495,-0.03559452318327905,False,True,0,,,,,,,0,{},14,expanding,40,1965:Q3,,3,0.02
revision_dfm_kalman_em,exact,2024:Q4:pre_third:exact,2025-03-26,pre_third,T,2024:Q4,2.347584366151931,0.13918532877155226,0.3730755000955601,model_implied_state_space,2.4495,-0.10191563384806912,False,True,31,-1934.9036051001851,-3600.9065815809167,-1934.9036051001851,0.18174559938211132,9.387272070233941e-05,31.0,0,{},14,expanding,40,1965:Q3,,3,0.02
standard_dfm,exact,2024:Q4:pre_third:exact,2025-03-26,pre_third,T,2024:Q4,2.486521151153671,,,not_available,2.4495,0.037021151153671106,False,True,0,,,,,,,0,{},14,expanding,40,1965:Q3,,3,0.02
ar,pseudo,2024:Q4:pre_third:pseudo,2025-03-31,pre_third,T,2024:Q4,2.6712239159811935,,,not_available,2.4495,0.22172391598119345,False,True,0,,,,,,,0,{},14,expanding,40,1965:Q3,,3,0.02
bridge,pseudo,2024:Q4:pre_third:pseudo,2025-03-31,pre_third,T,2024:Q4,2.436759256767303,,,not_available,2.4495,-0.012740743232697138,False,True,0,,,,,,,0,{},14,expanding,40,1965:Q3,,3,0.02
indicator_revision_only_dfm_kalman_em,pseudo,2024:Q4:pre_third:pseudo,2025-03-31,pre_third,T,2024:Q4,2.3441170938747167,0.14098381198908883,0.3754781111983611,model_implied_state_space,2.4495,-0.10538290612528334,False,False,50,-3710.426677316093,-5862.448210790228,-3710.426677316093,0.4744412144018497,0.00012781623196624276,51.0,0,{},14,expanding,40,1965:Q3,,3,0.02
joint_indicator_revision_dfm_full_kalman_em,pseudo,2024:Q4:pre_third:pseudo,2025-03-31,pre_third,T,2024:Q4,2.337269090366566,0.13852234966359295,0.37218590739520613,model_implied_state_space,2.4495,-0.11223090963343418,False,True,50,-3691.208425515749,-5876.4801180224495,-3691.208425515749,0.31923459178142366,8.645421813092856e-05,50.0,0,{},14,expanding,40,1965:Q3,,3,0.02
midas_umidas,pseudo,2024:Q4:pre_third:pseudo,2025-03-31,pre_third,T,2024:Q4,0.9907742755655309,,,not_available,2.4495,-1.4587257244344691,False,True,0,,,,,,,0,{},14,expanding,40,1965:Q3,,3,0.02
monthly_mixed_frequency_kalman_em,pseudo,2024:Q4:pre_third:pseudo,2025-03-31,pre_third,T,2024:Q4,2.4516072847721437,0.14369513929056066,0.3790714171374052,model_implied_state_space,2.4495,0.002107284772143725,False,True,28,-6573.047501630251,-8791.999099907303,-6573.047501630251,0.6077740693281157,9.244196750124595e-05,28.0,0,{},14,expanding,40,1965:Q3,,3,0.02
no_revision,pseudo,2024:Q4:pre_third:pseudo,2025-03-31,pre_third,T,2024:Q4,2.3451,,,not_available,2.4495,-0.10440000000000005,False,True,0,,,,,,,0,{},14,expanding,40,1965:Q3,,3,0.02
release_dfm,pseudo,2024:Q4:pre_third:pseudo,2025-03-31,pre_third,T,2024:Q4,2.4140857663958926,,,not_available,2.4495,-0.03541423360410745,False,True,0,,,,,,,0,{},14,expanding,40,1965:Q3,,3,0.02
revision_dfm_kalman_em,pseudo,2024:Q4:pre_third:pseudo,2025-03-31,pre_third,T,2024:Q4,2.3476095696710324,0.13918536843150917,0.3730755532482786,model_implied_state_space,2.4495,-0.10189043032896761,False,True,31,-1934.8926479703428,-3600.9059420287467,-1934.8926479703428,0.1816851573164513,9.384203602500396e-05,31.0,0,{},14,expanding,40,1965:Q3,,3,0.02
standard_dfm,pseudo,2024:Q4:pre_third:pseudo,2025-03-31,pre_third,T,2024:Q4,2.46420038506083,,,not_available,2.4495,0.014700385060829824,False,True,0,,,,,,,0,{},14,expanding,40,1965:Q3,,3,0.02
