model_id,timing_mode,forecast_origin,forecast_origin_date,checkpoint_id,target_id,revision_target_id,target_quarter,forecast_value,forecast_variance,forecast_sd,density_source,realized_value,forecast_error,revision_target_flag,converged,n_iter,loglikelihood,llf_initial,llf_final,llf_last_improvement,llf_relative_last_improvement,llf_history_length,numerical_guard_event_count,numerical_guard_events,n_indicators,estimation_window,rolling_window_quarters,training_window_start,excluded_quarters,initialization_seed,initialization_jitter
ar,exact,2022:Q1:pre_advance:exact,2022-04-27,pre_advance,DELTA_SA,DELTA_SA,2022:Q1,0.15501897663335074,,,not_available,-0.0959000000000001,0.25091897663335083,True,True,0,,,,,,,0,{},14,expanding,40,1965:Q3,,3,0.02
bridge,exact,2022:Q1:pre_advance:exact,2022-04-27,pre_advance,DELTA_SA,DELTA_SA,2022:Q1,0.21573358642871376,,,not_available,-0.0959000000000001,0.31163358642871386,True,True,0,,,,,,,0,{},14,expanding,40,1965:Q3,,3,0.02
indicator_revision_only_dfm_kalman_em,exact,2022:Q1:pre_advance:exact,2022-04-27,pre_advance,DELTA_SA,DELTA_SA,2022:Q1,0.0,0.4178859151607224,0.6464409603055196,model_implied_state_space,-0.0959000000000001,0.0959000000000001,True,True,47,-3351.797385042945,-5380.70163794475,-3351.797385042945,0.30173187608033913,8.998596986228777e-05,47.0,0,{},14,expanding,40,1965:Q3,,3,0.02
joint_indicator_revision_dfm_full_kalman_em,exact,2022:Q1:pre_advance:exact,2022-04-27,pre_advance,DELTA_SA,DELTA_SA,2022:Q1,0.5863472863932566,0.36138141492880305,0.6011500768766507,model_implied_state_space,-0.0959000000000001,0.6822472863932567,True,True,48,-3322.277619213422,-5390.229589080529,-3322.277619213422,0.31834653418036396,9.578376477200826e-05,48.0,0,{},14,expanding,40,1965:Q3,,3,0.02
midas_umidas,exact,2022:Q1:pre_advance:exact,2022-04-27,pre_advance,DELTA_SA,DELTA_SA,2022:Q1,0.5496909098372074,,,not_available,-0.0959000000000001,0.6455909098372075,True,True,0,,,,,,,0,{},14,expanding,40,1965:Q3,,3,0.02
monthly_mixed_frequency_kalman_em,exact,2022:Q1:pre_advance:exact,2022-04-27,pre_advance,DELTA_SA,DELTA_SA,2022:Q1,0.11075922100108127,0.3746786724935207,0.6121100166583787,model_implied_state_space,-0.0959000000000001,0.20665922100108136,True,True,30,-5981.90197003363,-8025.500464250411,-5981.90197003363,0.5979071422016204,9.992598888191642e-05,30.0,0,{},14,expanding,40,1965:Q3,,3,0.02
no_revision,exact,2022:Q1:pre_advance:exact,2022-04-27,pre_advance,DELTA_SA,DELTA_SA,2022:Q1,0.0,,,not_available,-0.0959000000000001,0.0959000000000001,True,True,0,,,,,,,0,{},14,expanding,40,1965:Q3,,3,0.02
release_dfm,exact,2022:Q1:pre_advance:exact,2022-04-27,pre_advance,DELTA_SA,DELTA_SA,2022:Q1,0.10152938105514586,,,not_available,-0.0959000000000001,0.19742938105514596,True,True,0,,,,,,,0,{},14,expanding,40,1965:Q3,,3,0.02
revision_dfm_kalman_em,exact,2022:Q1:pre_advance:exact,2022-04-27,pre_advance,DELTA_SA,DELTA_SA,2022:Q1,0.02545818658613097,0.4001067086134764,0.6325398869743128,model_implied_state_space,-0.0959000000000001,0.12135818658613107,True,True,27,-1796.9455376069245,-3331.0051081914985,-1796.9455376069245,0.15740154445893495,8.753756029853372e-05,27.0,0,{},14,expanding,40,1965:Q3,,3,0.02
standard_dfm,exact,2022:Q1:pre_advance:exact,2022-04-27,pre_advance,DELTA_SA,DELTA_SA,2022:Q1,0.10152938105514586,,,not_available,-0.0959000000000001,0.19742938105514596,True,True,0,,,,,,,0,{},14,expanding,40,1965:Q3,,3,0.02
ar,pseudo,2022:Q1:pre_advance:pseudo,2022-04-30,pre_advance,DELTA_SA,DELTA_SA,2022:Q1,0.15501897663335074,,,not_available,-0.0959000000000001,0.25091897663335083,True,True,0,,,,,,,0,{},14,expanding,40,1965:Q3,,3,0.02
bridge,pseudo,2022:Q1:pre_advance:pseudo,2022-04-30,pre_advance,DELTA_SA,DELTA_SA,2022:Q1,0.20644906795161866,,,not_available,-0.0959000000000001,0.30234906795161876,True,True,0,,,,,,,0,{},14,expanding,40,1965:Q3,,3,0.02
indicator_revision_only_dfm_kalman_em,pseudo,2022:Q1:pre_advance:pseudo,2022-04-30,pre_advance,DELTA_SA,DELTA_SA,2022:Q1,0.0,0.4178854614191714,0.6464406093518347,model_implied_state_space,-0.0959000000000001,0.0959000000000001,True,True,47,-3351.556985158633,-5380.461973682422,-3351.556985158633,0.3067228355525913,9.148085405955403e-05,47.0,0,{},14,expanding,40,1965:Q3,,3,0.02
joint_indicator_revision_dfm_full_kalman_em,pseudo,2022:Q1:pre_advance:pseudo,2022-04-30,pre_advance,DELTA_SA,DELTA_SA,2022:Q1,0.5865430928303379,0.3613681035439944,0.6011390051760028,model_implied_state_space,-0.0959000000000001,0.682443092830338,True,True,48,-3322.040019500467,-5389.990019086494,-3322.040019500467,0.3241336847495404,9.753179904732392e-05,48.0,0,{},14,expanding,40,1965:Q3,,3,0.02
midas_umidas,pseudo,2022:Q1:pre_advance:pseudo,2022-04-30,pre_advance,DELTA_SA,DELTA_SA,2022:Q1,0.24860486732372156,,,not_available,-0.0959000000000001,0.34450486732372165,True,True,0,,,,,,,0,{},14,expanding,40,1965:Q3,,3,0.02
monthly_mixed_frequency_kalman_em,pseudo,2022:Q1:pre_advance:pseudo,2022-04-30,pre_advance,DELTA_SA,DELTA_SA,2022:Q1,0.11024703917664969,0.3746811128667389,0.612112010065755,model_implied_state_space,-0.0959000000000001,0.20614703917664978,True,True,30,-5983.494801796293,-8026.848095630857,-5983.494801796293,0.5982077376793313,9.994961427105885e-05,30.0,0,{},14,expanding,40,1965:Q3,,3,0.02
no_revision,pseudo,2022:Q1:pre_advance:pseudo,2022-04-30,pre_advance,DELTA_SA,DELTA_SA,2022:Q1,0.0,,,not_available,-0.0959000000000001,0.0959000000000001,True,True,0,,,,,,,0,{},14,expanding,40,1965:Q3,,3,0.02
release_dfm,pseudo,2022:Q1:pre_advance:pseudo,2022-04-30,pre_advance,DELTA_SA,DELTA_SA,2022:Q1,0.10162773947391557,,,not_available,-0.0959000000000001,0.19752773947391566,True,True,0,,,,,,,0,{},14,expanding,40,1965:Q3,,3,0.02
revision_dfm_kalman_em,pseudo,2022:Q1:pre_advance:pseudo,2022-04-30,pre_advance,DELTA_SA,DELTA_SA,2022:Q1,0.025482530493473377,0.4001022377506773,0.6325363529084137,model_implied_state_space,-0.0959000000000001,0.12138253049347347,True,True,27,-1796.6635334692926,-3330.8663396184324,-1796.6635334692926,0.15734199302778507,8.75181700108603e-05,27.0,0,{},14,expanding,40,1965:Q3,,3,0.02
standard_dfm,pseudo,2022:Q1:pre_advance:pseudo,2022-04-30,pre_advance,DELTA_SA,DELTA_SA,2022:Q1,0.10162773947391557,,,not_available,-0.0959000000000001,0.19752773947391566,True,True,0,,,,,,,0,{},14,expanding,40,1965:Q3,,3,0.02
ar,exact,2022:Q1:pre_second:exact,2022-05-25,pre_second,DELTA_TS,DELTA_TS,2022:Q1,0.05055020273613664,,,not_available,-0.06390000000000007,0.11445020273613671,True,True,0,,,,,,,0,{},14,expanding,40,1965:Q3,,3,0.02
bridge,exact,2022:Q1:pre_second:exact,2022-05-25,pre_second,DELTA_TS,DELTA_TS,2022:Q1,-0.06204397534644901,,,not_available,-0.06390000000000007,0.0018560246535510583,True,True,0,,,,,,,0,{},14,expanding,40,1965:Q3,,3,0.02
indicator_revision_only_dfm_kalman_em,exact,2022:Q1:pre_second:exact,2022-05-25,pre_second,DELTA_TS,DELTA_TS,2022:Q1,0.0,0.1449474773146141,0.38071968338216255,model_implied_state_space,-0.06390000000000007,0.06390000000000007,True,True,47,-3360.203295050518,-5381.830290239384,-3360.203295050518,0.27985111100497306,8.325227253468011e-05,47.0,0,{},14,expanding,40,1965:Q3,,3,0.02
joint_indicator_revision_dfm_full_kalman_em,exact,2022:Q1:pre_second:exact,2022-05-25,pre_second,DELTA_TS,DELTA_TS,2022:Q1,-0.0009095560350127485,0.1417045205121138,0.37643660888935043,model_implied_state_space,-0.06390000000000007,0.06299044396498732,True,True,47,-3331.8349314694237,-5391.404850743411,-3331.8349314694237,0.29670595166453495,8.901717181926315e-05,47.0,0,{},14,expanding,40,1965:Q3,,3,0.02
midas_umidas,exact,2022:Q1:pre_second:exact,2022-05-25,pre_second,DELTA_TS,DELTA_TS,2022:Q1,0.0030849524922702543,,,not_available,-0.06390000000000007,0.06698495249227032,True,True,0,,,,,,,0,{},14,expanding,40,1965:Q3,,3,0.02
monthly_mixed_frequency_kalman_em,exact,2022:Q1:pre_second:exact,2022-05-25,pre_second,DELTA_TS,DELTA_TS,2022:Q1,0.13496205192457733,0.14625553292713545,0.38243369742628,model_implied_state_space,-0.06390000000000007,0.1988620519245774,True,True,30,-6002.810123287169,-8069.8821851924995,-6002.810123287169,0.5860690577828791,9.760666002187911e-05,30.0,0,{},14,expanding,40,1965:Q3,,3,0.02
no_revision,exact,2022:Q1:pre_second:exact,2022-05-25,pre_second,DELTA_TS,DELTA_TS,2022:Q1,0.0,,,not_available,-0.06390000000000007,0.06390000000000007,True,True,0,,,,,,,0,{},14,expanding,40,1965:Q3,,3,0.02
release_dfm,exact,2022:Q1:pre_second:exact,2022-05-25,pre_second,DELTA_TS,DELTA_TS,2022:Q1,0.028301465522636793,,,not_available,-0.06390000000000007,0.09220146552263686,True,True,0,,,,,,,0,{},14,expanding,40,1965:Q3,,3,0.02
revision_dfm_kalman_em,exact,2022:Q1:pre_second:exact,2022-05-25,pre_second,DELTA_TS,DELTA_TS,2022:Q1,-0.018407841998477892,0.14346974796953293,0.3787740064597001,model_implied_state_space,-0.06390000000000007,0.045492158001522176,True,True,27,-1799.6328132294789,-3332.279778837197,-1799.6328132294789,0.17119143051104402,9.506388816775577e-05,27.0,0,{},14,expanding,40,1965:Q3,,3,0.02
standard_dfm,exact,2022:Q1:pre_second:exact,2022-05-25,pre_second,DELTA_TS,DELTA_TS,2022:Q1,0.08391315793724186,,,not_available,-0.06390000000000007,0.14781315793724192,True,True,0,,,,,,,0,{},14,expanding,40,1965:Q3,,3,0.02
ar,pseudo,2022:Q1:pre_second:pseudo,2022-05-31,pre_second,DELTA_TS,DELTA_TS,2022:Q1,0.05055020273613664,,,not_available,-0.06390000000000007,0.11445020273613671,True,True,0,,,,,,,0,{},14,expanding,40,1965:Q3,,3,0.02
bridge,pseudo,2022:Q1:pre_second:pseudo,2022-05-31,pre_second,DELTA_TS,DELTA_TS,2022:Q1,-0.05703745923933212,,,not_available,-0.06390000000000007,0.006862540760667946,True,True,0,,,,,,,0,{},14,expanding,40,1965:Q3,,3,0.02
indicator_revision_only_dfm_kalman_em,pseudo,2022:Q1:pre_second:pseudo,2022-05-31,pre_second,DELTA_TS,DELTA_TS,2022:Q1,0.0,0.14494749785010363,0.3807197103514653,model_implied_state_space,-0.06390000000000007,0.06390000000000007,True,True,47,-3359.7819854929216,-5381.622815193059,-3359.7819854929216,0.2754556614922876,8.195505917854161e-05,47.0,0,{},14,expanding,40,1965:Q3,,3,0.02
joint_indicator_revision_dfm_full_kalman_em,pseudo,2022:Q1:pre_second:pseudo,2022-05-31,pre_second,DELTA_TS,DELTA_TS,2022:Q1,-0.0009081237936161557,0.1417043937963992,0.3764364405798132,model_implied_state_space,-0.06390000000000007,0.06299187620638391,True,True,47,-3331.413956624193,-5391.197386791188,-3331.413956624193,0.2923045347970401,8.770786018669032e-05,47.0,0,{},14,expanding,40,1965:Q3,,3,0.02
midas_umidas,pseudo,2022:Q1:pre_second:pseudo,2022-05-31,pre_second,DELTA_TS,DELTA_TS,2022:Q1,0.035248204306959074,,,not_available,-0.06390000000000007,0.09914820430695914,True,True,0,,,,,,,0,{},14,expanding,40,1965:Q3,,3,0.02
monthly_mixed_frequency_kalman_em,pseudo,2022:Q1:pre_second:pseudo,2022-05-31,pre_second,DELTA_TS,DELTA_TS,2022:Q1,0.1349551650416001,0.14625523124668582,0.38243330300417855,model_implied_state_space,-0.06390000000000007,0.19885516504160017,True,True,30,-6004.001963502234,-8071.104270468266,-6004.001963502234,0.5862323684250441,9.761447993189536e-05,30.0,0,{},14,expanding,40,1965:Q3,,3,0.02
no_revision,pseudo,2022:Q1:pre_second:pseudo,2022-05-31,pre_second,DELTA_TS,DELTA_TS,2022:Q1,0.0,,,not_available,-0.06390000000000007,0.06390000000000007,True,True,0,,,,,,,0,{},14,expanding,40,1965:Q3,,3,0.02
release_dfm,pseudo,2022:Q1:pre_second:pseudo,2022-05-31,pre_second,DELTA_TS,DELTA_TS,2022:Q1,0.02819761453945957,,,not_available,-0.06390000000000007,0.09209761453945964,True,True,0,,,,,,,0,{},14,expanding,40,1965:Q3,,3,0.02
revision_dfm_kalman_em,pseudo,2022:Q1:pre_second:pseudo,2022-05-31,pre_second,DELTA_TS,DELTA_TS,2022:Q1,-0.018357090907585416,0.14346936801045573,0.3787735048950174,model_implied_state_space,-0.06390000000000007,0.04554290909241465,True,True,27,-1799.3593425944314,-3332.1304088253723,-1799.3593425944314,0.17111204721049944,9.503424214202239e-05,27.0,0,{},14,expanding,40,1965:Q3,,3,0.02
standard_dfm,pseudo,2022:Q1:pre_second:pseudo,2022-05-31,pre_second,DELTA_TS,DELTA_TS,2022:Q1,0.08393344939555902,,,not_available,-0.06390000000000007,0.1478334493955591,True,True,0,,,,,,,0,{},14,expanding,40,1965:Q3,,3,0.02
ar,exact,2022:Q1:pre_third:exact,2022-06-28,pre_third,DELTA_MT,DELTA_MT,2022:Q1,-0.11901069775613271,,,not_available,0.5592000000000001,-0.6782106977561329,True,True,0,,,,,,,0,{},14,expanding,40,1965:Q3,,3,0.02
bridge,exact,2022:Q1:pre_third:exact,2022-06-28,pre_third,DELTA_MT,DELTA_MT,2022:Q1,-1.4503658517931148,,,not_available,0.5592000000000001,-2.009565851793115,True,True,0,,,,,,,0,{},14,expanding,40,1965:Q3,,3,0.02
indicator_revision_only_dfm_kalman_em,exact,2022:Q1:pre_third:exact,2022-06-28,pre_third,DELTA_MT,DELTA_MT,2022:Q1,0.0,4.21233385396294,2.052397099482198,model_implied_state_space,0.5592000000000001,-0.5592000000000001,True,True,44,-3361.853754608815,-5383.252988622485,-3361.853754608815,0.3084166363937584,9.170436056598701e-05,44.0,0,{},14,expanding,40,1965:Q3,,3,0.02
joint_indicator_revision_dfm_full_kalman_em,exact,2022:Q1:pre_third:exact,2022-06-28,pre_third,DELTA_MT,DELTA_MT,2022:Q1,-0.006238314586026306,4.214505575084705,2.0529261007363866,model_implied_state_space,0.5592000000000001,-0.5654383145860264,True,True,45,-3332.276672048257,-5392.795047294672,-3332.276672048257,0.2849810888542379,8.548847104299123e-05,45.0,0,{},14,expanding,40,1965:Q3,,3,0.02
midas_umidas,exact,2022:Q1:pre_third:exact,2022-06-28,pre_third,DELTA_MT,DELTA_MT,2022:Q1,-2.8822020899990735,,,not_available,0.5592000000000001,-3.4414020899990736,True,True,0,,,,,,,0,{},14,expanding,40,1965:Q3,,3,0.02
monthly_mixed_frequency_kalman_em,exact,2022:Q1:pre_third:exact,2022-06-28,pre_third,DELTA_MT,DELTA_MT,2022:Q1,-0.0016973752614397597,4.1861375821537,2.0460052742243113,model_implied_state_space,0.5592000000000001,-0.5608973752614399,True,True,30,-6047.61711568817,-8091.353649054499,-6047.61711568817,0.5739446646639408,9.487957297722781e-05,30.0,0,{},14,expanding,40,1965:Q3,,3,0.02
no_revision,exact,2022:Q1:pre_third:exact,2022-06-28,pre_third,DELTA_MT,DELTA_MT,2022:Q1,0.0,,,not_available,0.5592000000000001,-0.5592000000000001,True,True,0,,,,,,,0,{},14,expanding,40,1965:Q3,,3,0.02
release_dfm,exact,2022:Q1:pre_third:exact,2022-06-28,pre_third,DELTA_MT,DELTA_MT,2022:Q1,1.8453726538775892,,,not_available,0.5592000000000001,1.286172653877589,True,True,0,,,,,,,0,{},14,expanding,40,1965:Q3,,3,0.02
revision_dfm_kalman_em,exact,2022:Q1:pre_third:exact,2022-06-28,pre_third,DELTA_MT,DELTA_MT,2022:Q1,-0.009006293264675058,4.194629695869982,2.048079514049682,model_implied_state_space,0.5592000000000001,-0.5682062932646752,True,True,27,-1804.545043170716,-3334.371298655163,-1804.545043170716,0.16397640615195996,9.080998343264884e-05,27.0,0,{},14,expanding,40,1965:Q3,,3,0.02
standard_dfm,exact,2022:Q1:pre_third:exact,2022-06-28,pre_third,DELTA_MT,DELTA_MT,2022:Q1,-1.4807902568058573,,,not_available,0.5592000000000001,-2.0399902568058574,True,True,0,,,,,,,0,{},14,expanding,40,1965:Q3,,3,0.02
ar,pseudo,2022:Q1:pre_third:pseudo,2022-06-30,pre_third,DELTA_MT,DELTA_MT,2022:Q1,-0.11901069775613271,,,not_available,0.5592000000000001,-0.6782106977561329,True,True,0,,,,,,,0,{},14,expanding,40,1965:Q3,,3,0.02
bridge,pseudo,2022:Q1:pre_third:pseudo,2022-06-30,pre_third,DELTA_MT,DELTA_MT,2022:Q1,-1.4343605049742632,,,not_available,0.5592000000000001,-1.9935605049742633,True,True,0,,,,,,,0,{},14,expanding,40,1965:Q3,,3,0.02
indicator_revision_only_dfm_kalman_em,pseudo,2022:Q1:pre_third:pseudo,2022-06-30,pre_third,DELTA_MT,DELTA_MT,2022:Q1,0.0,4.212333843529409,2.052397096940407,model_implied_state_space,0.5592000000000001,-0.5592000000000001,True,True,44,-3361.8748466903103,-5383.274971202686,-3361.8748466903103,0.3081335688507352,9.161962660354297e-05,44.0,0,{},14,expanding,40,1965:Q3,,3,0.02
joint_indicator_revision_dfm_full_kalman_em,pseudo,2022:Q1:pre_third:pseudo,2022-06-30,pre_third,DELTA_MT,DELTA_MT,2022:Q1,-0.0062381542137028845,4.214505495008762,2.0529260812335064,model_implied_state_space,0.5592000000000001,-0.565438154213703,True,True,45,-3332.2977539716358,-5392.817016387643,-3332.2977539716358,0.28470752213252126,8.540587353730697e-05,45.0,0,{},14,expanding,40,1965:Q3,,3,0.02
midas_umidas,pseudo,2022:Q1:pre_third:pseudo,2022-06-30,pre_third,DELTA_MT,DELTA_MT,2022:Q1,-2.816728985896883,,,not_available,0.5592000000000001,-3.3759289858968833,True,True,0,,,,,,,0,{},14,expanding,40,1965:Q3,,3,0.02
monthly_mixed_frequency_kalman_em,pseudo,2022:Q1:pre_third:pseudo,2022-06-30,pre_third,DELTA_MT,DELTA_MT,2022:Q1,-0.0017134023257634468,4.186137896478833,2.0460053510386604,model_implied_state_space,0.5592000000000001,-0.5609134023257636,True,True,30,-6048.941863502767,-8092.68867326132,-6048.941863502767,0.574037395290361,9.487412390820404e-05,30.0,0,{},14,expanding,40,1965:Q3,,3,0.02
no_revision,pseudo,2022:Q1:pre_third:pseudo,2022-06-30,pre_third,DELTA_MT,DELTA_MT,2022:Q1,0.0,,,not_available,0.5592000000000001,-0.5592000000000001,True,True,0,,,,,,,0,{},14,expanding,40,1965:Q3,,3,0.02
release_dfm,pseudo,2022:Q1:pre_third:pseudo,2022-06-30,pre_third,DELTA_MT,DELTA_MT,2022:Q1,1.843996627235668,,,not_available,0.5592000000000001,1.284796627235668,True,True,0,,,,,,,0,{},14,expanding,40,1965:Q3,,3,0.02
revision_dfm_kalman_em,pseudo,2022:Q1:pre_third:pseudo,2022-06-30,pre_third,DELTA_MT,DELTA_MT,2022:Q1,-0.009003812708257009,4.194629974780283,2.048079582140373,model_implied_state_space,0.5592000000000001,-0.5682038127082571,True,True,27,-1804.562666901423,-3334.384590956486,-1804.562666901423,0.16397670095102512,9.080926037835727e-05,27.0,0,{},14,expanding,40,1965:Q3,,3,0.02
standard_dfm,pseudo,2022:Q1:pre_third:pseudo,2022-06-30,pre_third,DELTA_MT,DELTA_MT,2022:Q1,-1.4778218899437547,,,not_available,0.5592000000000001,-2.037021889943755,True,True,0,,,,,,,0,{},14,expanding,40,1965:Q3,,3,0.02
ar,exact,2022:Q2:pre_advance:exact,2022-07-27,pre_advance,DELTA_SA,DELTA_SA,2022:Q2,0.025230306288891224,,,not_available,0.3589,-0.3336696937111088,True,True,0,,,,,,,0,{},14,expanding,40,1965:Q3,,3,0.02
bridge,exact,2022:Q2:pre_advance:exact,2022-07-27,pre_advance,DELTA_SA,DELTA_SA,2022:Q2,8.978895093680883e-05,,,not_available,0.3589,-0.3588102110490632,True,True,0,,,,,,,0,{},14,expanding,40,1965:Q3,,3,0.02
indicator_revision_only_dfm_kalman_em,exact,2022:Q2:pre_advance:exact,2022-07-27,pre_advance,DELTA_SA,DELTA_SA,2022:Q2,0.0,0.41690658244689427,0.6456830355885884,model_implied_state_space,0.3589,-0.3589,True,True,42,-3402.2303448306525,-5425.2291097271045,-3402.2303448306525,0.30189618143367625,8.870084372813326e-05,42.0,0,{},14,expanding,40,1965:Q3,,3,0.02
joint_indicator_revision_dfm_full_kalman_em,exact,2022:Q2:pre_advance:exact,2022-07-27,pre_advance,DELTA_SA,DELTA_SA,2022:Q2,-0.20919317133965043,0.3663252620195241,0.6052480995587877,model_implied_state_space,0.3589,-0.5680931713396504,True,True,43,-3372.6545090301843,-5434.765800526499,-3372.6545090301843,0.27951728848438506,8.284610377795946e-05,43.0,0,{},14,expanding,40,1965:Q3,,3,0.02
midas_umidas,exact,2022:Q2:pre_advance:exact,2022-07-27,pre_advance,DELTA_SA,DELTA_SA,2022:Q2,0.5120739786047537,,,not_available,0.3589,0.15317397860475368,True,True,0,,,,,,,0,{},14,expanding,40,1965:Q3,,3,0.02
monthly_mixed_frequency_kalman_em,exact,2022:Q2:pre_advance:exact,2022-07-27,pre_advance,DELTA_SA,DELTA_SA,2022:Q2,0.11819607610480176,0.3751221369881961,0.6124721520103555,model_implied_state_space,0.3589,-0.24070392389519824,True,True,30,-6063.46395130229,-8113.248108912679,-6063.46395130229,0.5797759539073013,9.559303773883749e-05,30.0,0,{},14,expanding,40,1965:Q3,,3,0.02
no_revision,exact,2022:Q2:pre_advance:exact,2022-07-27,pre_advance,DELTA_SA,DELTA_SA,2022:Q2,0.0,,,not_available,0.3589,-0.3589,True,True,0,,,,,,,0,{},14,expanding,40,1965:Q3,,3,0.02
release_dfm,exact,2022:Q2:pre_advance:exact,2022-07-27,pre_advance,DELTA_SA,DELTA_SA,2022:Q2,0.09563348588716103,,,not_available,0.3589,-0.26326651411283897,True,True,0,,,,,,,0,{},14,expanding,40,1965:Q3,,3,0.02
revision_dfm_kalman_em,exact,2022:Q2:pre_advance:exact,2022-07-27,pre_advance,DELTA_SA,DELTA_SA,2022:Q2,0.4775377475376601,0.39740536280458105,0.6304009540003735,model_implied_state_space,0.3589,0.1186377475376601,True,True,24,-1823.8855415512946,-3365.14350698911,-1823.8855415512946,0.18128875365528074,9.933266587557742e-05,24.0,0,{},14,expanding,40,1965:Q3,,3,0.02
standard_dfm,exact,2022:Q2:pre_advance:exact,2022-07-27,pre_advance,DELTA_SA,DELTA_SA,2022:Q2,0.09563348588716103,,,not_available,0.3589,-0.26326651411283897,True,True,0,,,,,,,0,{},14,expanding,40,1965:Q3,,3,0.02
ar,pseudo,2022:Q2:pre_advance:pseudo,2022-07-31,pre_advance,DELTA_SA,DELTA_SA,2022:Q2,0.025230306288891224,,,not_available,0.3589,-0.3336696937111088,True,True,0,,,,,,,0,{},14,expanding,40,1965:Q3,,3,0.02
bridge,pseudo,2022:Q2:pre_advance:pseudo,2022-07-31,pre_advance,DELTA_SA,DELTA_SA,2022:Q2,0.0011555012849850943,,,not_available,0.3589,-0.3577444987150149,True,True,0,,,,,,,0,{},14,expanding,40,1965:Q3,,3,0.02
indicator_revision_only_dfm_kalman_em,pseudo,2022:Q2:pre_advance:pseudo,2022-07-31,pre_advance,DELTA_SA,DELTA_SA,2022:Q2,0.0,0.41690662362407416,0.6456830674751152,model_implied_state_space,0.3589,-0.3589,True,True,42,-3402.2462508268864,-5425.24557594743,-3402.2462508268864,0.30158259171730606,8.860830124264462e-05,42.0,0,{},14,expanding,40,1965:Q3,,3,0.02
joint_indicator_revision_dfm_full_kalman_em,pseudo,2022:Q2:pre_advance:pseudo,2022-07-31,pre_advance,DELTA_SA,DELTA_SA,2022:Q2,-0.2094841649043908,0.3663205337072011,0.6052441934518671,model_implied_state_space,0.3589,-0.5683841649043908,True,True,43,-3372.670242226275,-5434.782258233877,-3372.670242226275,0.279269698405642,8.277234067036517e-05,43.0,0,{},14,expanding,40,1965:Q3,,3,0.02
midas_umidas,pseudo,2022:Q2:pre_advance:pseudo,2022-07-31,pre_advance,DELTA_SA,DELTA_SA,2022:Q2,0.40312160788759854,,,not_available,0.3589,0.044221607887598546,True,True,0,,,,,,,0,{},14,expanding,40,1965:Q3,,3,0.02
monthly_mixed_frequency_kalman_em,pseudo,2022:Q2:pre_advance:pseudo,2022-07-31,pre_advance,DELTA_SA,DELTA_SA,2022:Q2,0.11792084178244178,0.37512220798769036,0.6124722099717589,model_implied_state_space,0.3589,-0.24097915821755822,True,True,30,-6064.65760649996,-8114.616257641953,-6064.65760649996,0.5794813835627792,9.552567352176424e-05,30.0,0,{},14,expanding,40,1965:Q3,,3,0.02
no_revision,pseudo,2022:Q2:pre_advance:pseudo,2022-07-31,pre_advance,DELTA_SA,DELTA_SA,2022:Q2,0.0,,,not_available,0.3589,-0.3589,True,True,0,,,,,,,0,{},14,expanding,40,1965:Q3,,3,0.02
release_dfm,pseudo,2022:Q2:pre_advance:pseudo,2022-07-31,pre_advance,DELTA_SA,DELTA_SA,2022:Q2,0.09562769819894834,,,not_available,0.3589,-0.26327230180105166,True,True,0,,,,,,,0,{},14,expanding,40,1965:Q3,,3,0.02
revision_dfm_kalman_em,pseudo,2022:Q2:pre_advance:pseudo,2022-07-31,pre_advance,DELTA_SA,DELTA_SA,2022:Q2,0.477535331618395,0.39740539888823356,0.6304009826199778,model_implied_state_space,0.3589,0.11863533161839501,True,True,24,-1823.9008001325305,-3365.1493863856663,-1823.9008001325305,0.18129344961016614,9.933440816042215e-05,24.0,0,{},14,expanding,40,1965:Q3,,3,0.02
standard_dfm,pseudo,2022:Q2:pre_advance:pseudo,2022-07-31,pre_advance,DELTA_SA,DELTA_SA,2022:Q2,0.09562769819894834,,,not_available,0.3589,-0.26327230180105166,True,True,0,,,,,,,0,{},14,expanding,40,1965:Q3,,3,0.02
ar,exact,2022:Q2:pre_second:exact,2022-08-24,pre_second,DELTA_TS,DELTA_TS,2022:Q2,0.07191326146882648,,,not_available,-0.0022999999999999687,0.07421326146882645,True,True,0,,,,,,,0,{},14,expanding,40,1965:Q3,,3,0.02
bridge,exact,2022:Q2:pre_second:exact,2022-08-24,pre_second,DELTA_TS,DELTA_TS,2022:Q2,0.633752136606347,,,not_available,-0.0022999999999999687,0.636052136606347,True,True,0,,,,,,,0,{},14,expanding,40,1965:Q3,,3,0.02
indicator_revision_only_dfm_kalman_em,exact,2022:Q2:pre_second:exact,2022-08-24,pre_second,DELTA_TS,DELTA_TS,2022:Q2,0.0,0.14440448429741837,0.38000590034553194,model_implied_state_space,-0.0022999999999999687,0.0022999999999999687,True,True,45,-3405.9602908000625,-5437.543699087523,-3405.9602908000625,0.2730662999942979,8.014311653332378e-05,45.0,0,{},14,expanding,40,1965:Q3,,3,0.02
joint_indicator_revision_dfm_full_kalman_em,exact,2022:Q2:pre_second:exact,2022-08-24,pre_second,DELTA_TS,DELTA_TS,2022:Q2,-0.010541762908848895,0.1412648608512962,0.3758521795218117,model_implied_state_space,-0.0022999999999999687,-0.008241762908848926,True,True,46,-3378.0513929548174,-5448.680229080209,-3378.0513929548174,0.2976717964911586,8.80855427443287e-05,46.0,0,{},14,expanding,40,1965:Q3,,3,0.02
midas_umidas,exact,2022:Q2:pre_second:exact,2022-08-24,pre_second,DELTA_TS,DELTA_TS,2022:Q2,-0.2215835993297648,,,not_available,-0.0022999999999999687,-0.21928359932976482,True,True,0,,,,,,,0,{},14,expanding,40,1965:Q3,,3,0.02
monthly_mixed_frequency_kalman_em,exact,2022:Q2:pre_second:exact,2022-08-24,pre_second,DELTA_TS,DELTA_TS,2022:Q2,0.10459310141053235,0.14559235827718642,0.3815656670576985,model_implied_state_space,-0.0022999999999999687,0.10689310141053232,True,True,30,-6083.510901848554,-8134.028902135234,-6083.510901848554,0.5524916390013459,9.079472197325693e-05,30.0,0,{},14,expanding,40,1965:Q3,,3,0.02
no_revision,exact,2022:Q2:pre_second:exact,2022-08-24,pre_second,DELTA_TS,DELTA_TS,2022:Q2,0.0,,,not_available,-0.0022999999999999687,0.0022999999999999687,True,True,0,,,,,,,0,{},14,expanding,40,1965:Q3,,3,0.02
release_dfm,exact,2022:Q2:pre_second:exact,2022-08-24,pre_second,DELTA_TS,DELTA_TS,2022:Q2,0.03270159997090649,,,not_available,-0.0022999999999999687,0.03500159997090646,True,True,0,,,,,,,0,{},14,expanding,40,1965:Q3,,3,0.02
revision_dfm_kalman_em,exact,2022:Q2:pre_second:exact,2022-08-24,pre_second,DELTA_TS,DELTA_TS,2022:Q2,0.0031047795695315905,0.14286425367911548,0.37797387962545176,model_implied_state_space,-0.0022999999999999687,0.005404779569531559,True,True,27,-1826.6399027596904,-3358.43087779462,-1826.6399027596904,0.16743288102816223,9.160313440227572e-05,27.0,0,{},14,expanding,40,1965:Q3,,3,0.02
standard_dfm,exact,2022:Q2:pre_second:exact,2022-08-24,pre_second,DELTA_TS,DELTA_TS,2022:Q2,0.07119208186901194,,,not_available,-0.0022999999999999687,0.0734920818690119,True,True,0,,,,,,,0,{},14,expanding,40,1965:Q3,,3,0.02
ar,pseudo,2022:Q2:pre_second:pseudo,2022-08-31,pre_second,DELTA_TS,DELTA_TS,2022:Q2,0.07191326146882648,,,not_available,-0.0022999999999999687,0.07421326146882645,True,True,0,,,,,,,0,{},14,expanding,40,1965:Q3,,3,0.02
bridge,pseudo,2022:Q2:pre_second:pseudo,2022-08-31,pre_second,DELTA_TS,DELTA_TS,2022:Q2,0.6301255249765756,,,not_available,-0.0022999999999999687,0.6324255249765756,True,True,0,,,,,,,0,{},14,expanding,40,1965:Q3,,3,0.02
indicator_revision_only_dfm_kalman_em,pseudo,2022:Q2:pre_second:pseudo,2022-08-31,pre_second,DELTA_TS,DELTA_TS,2022:Q2,0.0,0.1444045006677004,0.3800059218850417,model_implied_state_space,-0.0022999999999999687,0.0022999999999999687,True,True,45,-3405.98397119145,-5437.560364093888,-3405.98397119145,0.27309297180499925,8.015038685437862e-05,45.0,0,{},14,expanding,40,1965:Q3,,3,0.02
joint_indicator_revision_dfm_full_kalman_em,pseudo,2022:Q2:pre_second:pseudo,2022-08-31,pre_second,DELTA_TS,DELTA_TS,2022:Q2,-0.010540296473731114,0.14126543651768486,0.3758529453359184,model_implied_state_space,-0.0022999999999999687,-0.008240296473731146,True,True,46,-3378.0757606179313,-5448.69690618339,-3378.0757606179313,0.29787279660604327,8.814438085825715e-05,46.0,0,{},14,expanding,40,1965:Q3,,3,0.02
midas_umidas,pseudo,2022:Q2:pre_second:pseudo,2022-08-31,pre_second,DELTA_TS,DELTA_TS,2022:Q2,-0.22083717315450802,,,not_available,-0.0022999999999999687,-0.21853717315450805,True,True,0,,,,,,,0,{},14,expanding,40,1965:Q3,,3,0.02
monthly_mixed_frequency_kalman_em,pseudo,2022:Q2:pre_second:pseudo,2022-08-31,pre_second,DELTA_TS,DELTA_TS,2022:Q2,0.10459648634523022,0.1455925498905195,0.3815659181458946,model_implied_state_space,-0.0022999999999999687,0.10689648634523019,True,True,30,-6084.814599068977,-8135.348329802102,-6084.814599068977,0.5526579144934658,9.080259063554677e-05,30.0,0,{},14,expanding,40,1965:Q3,,3,0.02
no_revision,pseudo,2022:Q2:pre_second:pseudo,2022-08-31,pre_second,DELTA_TS,DELTA_TS,2022:Q2,0.0,,,not_available,-0.0022999999999999687,0.0022999999999999687,True,True,0,,,,,,,0,{},14,expanding,40,1965:Q3,,3,0.02
release_dfm,pseudo,2022:Q2:pre_second:pseudo,2022-08-31,pre_second,DELTA_TS,DELTA_TS,2022:Q2,0.0327277556145511,,,not_available,-0.0022999999999999687,0.03502775561455107,True,True,0,,,,,,,0,{},14,expanding,40,1965:Q3,,3,0.02
revision_dfm_kalman_em,pseudo,2022:Q2:pre_second:pseudo,2022-08-31,pre_second,DELTA_TS,DELTA_TS,2022:Q2,0.0031150075798391796,0.14286427392016454,0.37797390640117545,model_implied_state_space,-0.0022999999999999687,0.005415007579839148,True,True,27,-1826.6615855608566,-3358.4426979776454,-1826.6615855608566,0.16745224360897737,9.161263999291536e-05,27.0,0,{},14,expanding,40,1965:Q3,,3,0.02
standard_dfm,pseudo,2022:Q2:pre_second:pseudo,2022-08-31,pre_second,DELTA_TS,DELTA_TS,2022:Q2,0.0711424733240138,,,not_available,-0.0022999999999999687,0.07344247332401377,True,True,0,,,,,,,0,{},14,expanding,40,1965:Q3,,3,0.02
ar,exact,2022:Q2:pre_third:exact,2022-09-28,pre_third,DELTA_MT,DELTA_MT,2022:Q2,0.6040262600518358,,,not_available,1.2039,-0.5998737399481642,True,True,0,,,,,,,0,{},14,expanding,40,1965:Q3,,3,0.02
bridge,exact,2022:Q2:pre_third:exact,2022-09-28,pre_third,DELTA_MT,DELTA_MT,2022:Q2,0.854486610676632,,,not_available,1.2039,-0.34941338932336796,True,True,0,,,,,,,0,{},14,expanding,40,1965:Q3,,3,0.02
indicator_revision_only_dfm_kalman_em,exact,2022:Q2:pre_third:exact,2022-09-28,pre_third,DELTA_MT,DELTA_MT,2022:Q2,0.0,4.200442614920294,2.0494981373302816,model_implied_state_space,1.2039,-1.2039,True,True,42,-3405.074193296555,-5428.114185598737,-3405.074193296555,0.30026410005530124,8.814770771995046e-05,42.0,0,{},14,expanding,40,1965:Q3,,3,0.02
joint_indicator_revision_dfm_full_kalman_em,exact,2022:Q2:pre_third:exact,2022-09-28,pre_third,DELTA_MT,DELTA_MT,2022:Q2,-0.0025129830762247174,4.2009237433684845,2.0496155111065306,model_implied_state_space,1.2039,-1.2064129830762247,True,True,43,-3377.3973506900456,-5437.672224918308,-3377.3973506900456,0.26861373628935326,7.95028982200557e-05,43.0,0,{},14,expanding,40,1965:Q3,,3,0.02
midas_umidas,exact,2022:Q2:pre_third:exact,2022-09-28,pre_third,DELTA_MT,DELTA_MT,2022:Q2,3.502512170608222,,,not_available,1.2039,2.298612170608222,True,True,0,,,,,,,0,{},14,expanding,40,1965:Q3,,3,0.02
monthly_mixed_frequency_kalman_em,exact,2022:Q2:pre_third:exact,2022-09-28,pre_third,DELTA_MT,DELTA_MT,2022:Q2,0.08164983883937094,4.175337163823506,2.0433641779730567,model_implied_state_space,1.2039,-1.122250161160629,True,True,30,-6099.540892453302,-8154.724299572415,-6099.540892453302,0.550843461624936,9.028604804978087e-05,30.0,0,{},14,expanding,40,1965:Q3,,3,0.02
no_revision,exact,2022:Q2:pre_third:exact,2022-09-28,pre_third,DELTA_MT,DELTA_MT,2022:Q2,0.0,,,not_available,1.2039,-1.2039,True,True,0,,,,,,,0,{},14,expanding,40,1965:Q3,,3,0.02
release_dfm,exact,2022:Q2:pre_third:exact,2022-09-28,pre_third,DELTA_MT,DELTA_MT,2022:Q2,1.1344286172170908,,,not_available,1.2039,-0.06947138278290921,True,True,0,,,,,,,0,{},14,expanding,40,1965:Q3,,3,0.02
revision_dfm_kalman_em,exact,2022:Q2:pre_third:exact,2022-09-28,pre_third,DELTA_MT,DELTA_MT,2022:Q2,0.002916532556658691,4.183771448745485,2.04542696001238,model_implied_state_space,1.2039,-1.2009834674433413,True,True,27,-1825.813549445438,-3359.5720823810266,-1825.813549445438,0.1781998551716697,9.75373070184287e-05,27.0,0,{},14,expanding,40,1965:Q3,,3,0.02
standard_dfm,exact,2022:Q2:pre_third:exact,2022-09-28,pre_third,DELTA_MT,DELTA_MT,2022:Q2,-0.2716786348598821,,,not_available,1.2039,-1.475578634859882,True,True,0,,,,,,,0,{},14,expanding,40,1965:Q3,,3,0.02
ar,pseudo,2022:Q2:pre_third:pseudo,2022-09-30,pre_third,DELTA_MT,DELTA_MT,2022:Q2,0.6040262600518358,,,not_available,1.2039,-0.5998737399481642,True,True,0,,,,,,,0,{},14,expanding,40,1965:Q3,,3,0.02
bridge,pseudo,2022:Q2:pre_third:pseudo,2022-09-30,pre_third,DELTA_MT,DELTA_MT,2022:Q2,1.1264460187267704,,,not_available,1.2039,-0.07745398127322956,True,True,0,,,,,,,0,{},14,expanding,40,1965:Q3,,3,0.02
indicator_revision_only_dfm_kalman_em,pseudo,2022:Q2:pre_third:pseudo,2022-09-30,pre_third,DELTA_MT,DELTA_MT,2022:Q2,0.0,4.200445771656554,2.049498907454345,model_implied_state_space,1.2039,-1.2039,True,True,42,-3406.955756662217,-5429.433265787327,-3406.955756662217,0.28927382534948265,8.48747149227415e-05,42.0,0,{},14,expanding,40,1965:Q3,,3,0.02
joint_indicator_revision_dfm_full_kalman_em,pseudo,2022:Q2:pre_third:pseudo,2022-09-30,pre_third,DELTA_MT,DELTA_MT,2022:Q2,-0.002508848284028531,4.200116171567445,2.0494184959562176,model_implied_state_space,1.2039,-1.2064088482840285,True,True,42,-3379.5396246918785,-5438.99042135802,-3379.5396246918785,0.33791011968696694,9.994745926394535e-05,42.0,0,{},14,expanding,40,1965:Q3,,3,0.02
midas_umidas,pseudo,2022:Q2:pre_third:pseudo,2022-09-30,pre_third,DELTA_MT,DELTA_MT,2022:Q2,3.706562712037622,,,not_available,1.2039,2.502662712037622,True,True,0,,,,,,,0,{},14,expanding,40,1965:Q3,,3,0.02
monthly_mixed_frequency_kalman_em,pseudo,2022:Q2:pre_third:pseudo,2022-09-30,pre_third,DELTA_MT,DELTA_MT,2022:Q2,0.08149340783542725,4.175379451610323,2.043374525536208,model_implied_state_space,1.2039,-1.1224065921645727,True,True,30,-6099.642150009495,-8155.4481919597,-6099.642150009495,0.5551010112812946,9.098230862613434e-05,30.0,0,{},14,expanding,40,1965:Q3,,3,0.02
no_revision,pseudo,2022:Q2:pre_third:pseudo,2022-09-30,pre_third,DELTA_MT,DELTA_MT,2022:Q2,0.0,,,not_available,1.2039,-1.2039,True,True,0,,,,,,,0,{},14,expanding,40,1965:Q3,,3,0.02
release_dfm,pseudo,2022:Q2:pre_third:pseudo,2022-09-30,pre_third,DELTA_MT,DELTA_MT,2022:Q2,1.1160701768933048,,,not_available,1.2039,-0.08782982310669518,True,True,0,,,,,,,0,{},14,expanding,40,1965:Q3,,3,0.02
revision_dfm_kalman_em,pseudo,2022:Q2:pre_third:pseudo,2022-09-30,pre_third,DELTA_MT,DELTA_MT,2022:Q2,0.0029161627898970366,4.183775808301953,2.045428025695833,model_implied_state_space,1.2039,-1.200983837210103,True,True,27,-1827.6098775198475,-3360.5032299109826,-1827.6098775198475,0.17877772047563667,9.775745270693583e-05,27.0,0,{},14,expanding,40,1965:Q3,,3,0.02
standard_dfm,pseudo,2022:Q2:pre_third:pseudo,2022-09-30,pre_third,DELTA_MT,DELTA_MT,2022:Q2,-0.23804484870038412,,,not_available,1.2039,-1.441944848700384,True,True,0,,,,,,,0,{},14,expanding,40,1965:Q3,,3,0.02
ar,exact,2022:Q3:pre_advance:exact,2022-10-26,pre_advance,DELTA_SA,DELTA_SA,2022:Q3,0.05823760270177081,,,not_available,0.36319999999999997,-0.30496239729822916,True,True,0,,,,,,,0,{},14,expanding,40,1965:Q3,,3,0.02
bridge,exact,2022:Q3:pre_advance:exact,2022-10-26,pre_advance,DELTA_SA,DELTA_SA,2022:Q3,0.07355553899652367,,,not_available,0.36319999999999997,-0.2896444610034763,True,True,0,,,,,,,0,{},14,expanding,40,1965:Q3,,3,0.02
indicator_revision_only_dfm_kalman_em,exact,2022:Q3:pre_advance:exact,2022-10-26,pre_advance,DELTA_SA,DELTA_SA,2022:Q3,0.0,0.4237229885545055,0.6509400806176445,model_implied_state_space,0.36319999999999997,-0.36319999999999997,True,True,21,-3544.3116432027236,-5483.276172009652,-3544.3116432027236,0.35221125325597313,9.933577115984499e-05,21.0,0,{},14,expanding,40,1965:Q3,,3,0.02
joint_indicator_revision_dfm_full_kalman_em,exact,2022:Q3:pre_advance:exact,2022-10-26,pre_advance,DELTA_SA,DELTA_SA,2022:Q3,0.18629464802722318,0.3769205567458638,0.6139385610514001,model_implied_state_space,0.36319999999999997,-0.1769053519727768,True,True,25,-3508.5360615787117,-5494.342507564812,-3508.5360615787117,0.33936000794119536,9.668719460925662e-05,25.0,0,{},14,expanding,40,1965:Q3,,3,0.02
midas_umidas,exact,2022:Q3:pre_advance:exact,2022-10-26,pre_advance,DELTA_SA,DELTA_SA,2022:Q3,0.3101597808988539,,,not_available,0.36319999999999997,-0.05304021910114609,True,True,0,,,,,,,0,{},14,expanding,40,1965:Q3,,3,0.02
monthly_mixed_frequency_kalman_em,exact,2022:Q3:pre_advance:exact,2022-10-26,pre_advance,DELTA_SA,DELTA_SA,2022:Q3,0.1606805302478933,0.3738629185311897,0.6114433077000595,model_implied_state_space,0.36319999999999997,-0.20251946975210666,True,True,30,-6114.614871944378,-8174.487669599624,-6114.614871944378,0.5615667906640738,9.181664333742111e-05,30.0,0,{},14,expanding,40,1965:Q3,,3,0.02
no_revision,exact,2022:Q3:pre_advance:exact,2022-10-26,pre_advance,DELTA_SA,DELTA_SA,2022:Q3,0.0,,,not_available,0.36319999999999997,-0.36319999999999997,True,True,0,,,,,,,0,{},14,expanding,40,1965:Q3,,3,0.02
release_dfm,exact,2022:Q3:pre_advance:exact,2022-10-26,pre_advance,DELTA_SA,DELTA_SA,2022:Q3,0.09591146514531568,,,not_available,0.36319999999999997,-0.2672885348546843,True,True,0,,,,,,,0,{},14,expanding,40,1965:Q3,,3,0.02
revision_dfm_kalman_em,exact,2022:Q3:pre_advance:exact,2022-10-26,pre_advance,DELTA_SA,DELTA_SA,2022:Q3,0.3639396631731704,0.39569716439499913,0.6290446441986444,model_implied_state_space,0.36319999999999997,0.000739663173170424,True,True,25,-1846.219111661753,-3392.283706147295,-1846.219111661753,0.1661795741226797,8.995393376305807e-05,25.0,0,{},14,expanding,40,1965:Q3,,3,0.02
standard_dfm,exact,2022:Q3:pre_advance:exact,2022-10-26,pre_advance,DELTA_SA,DELTA_SA,2022:Q3,0.09591146514531568,,,not_available,0.36319999999999997,-0.2672885348546843,True,True,0,,,,,,,0,{},14,expanding,40,1965:Q3,,3,0.02
ar,pseudo,2022:Q3:pre_advance:pseudo,2022-10-31,pre_advance,DELTA_SA,DELTA_SA,2022:Q3,0.05823760270177081,,,not_available,0.36319999999999997,-0.30496239729822916,True,True,0,,,,,,,0,{},14,expanding,40,1965:Q3,,3,0.02
bridge,pseudo,2022:Q3:pre_advance:pseudo,2022-10-31,pre_advance,DELTA_SA,DELTA_SA,2022:Q3,0.06860209564311814,,,not_available,0.36319999999999997,-0.2945979043568818,True,True,0,,,,,,,0,{},14,expanding,40,1965:Q3,,3,0.02
indicator_revision_only_dfm_kalman_em,pseudo,2022:Q3:pre_advance:pseudo,2022-10-31,pre_advance,DELTA_SA,DELTA_SA,2022:Q3,0.0,0.42281346106844797,0.6502410791917471,model_implied_state_space,0.36319999999999997,-0.36319999999999997,True,True,22,-3543.9245068679134,-5483.27997802134,-3543.9245068679134,0.31897780159442846,8.997345400217666e-05,22.0,0,{},14,expanding,40,1965:Q3,,3,0.02
joint_indicator_revision_dfm_full_kalman_em,pseudo,2022:Q3:pre_advance:pseudo,2022-10-31,pre_advance,DELTA_SA,DELTA_SA,2022:Q3,0.1866488360540175,0.3769401608965284,0.6139545267334775,model_implied_state_space,0.36319999999999997,-0.17655116394598247,True,True,25,-3508.469396841044,-5494.346316559883,-3508.469396841044,0.34159057621263855,9.732449338076828e-05,25.0,0,{},14,expanding,40,1965:Q3,,3,0.02
midas_umidas,pseudo,2022:Q3:pre_advance:pseudo,2022-10-31,pre_advance,DELTA_SA,DELTA_SA,2022:Q3,0.19194416310616824,,,not_available,0.36319999999999997,-0.17125583689383173,True,True,0,,,,,,,0,{},14,expanding,40,1965:Q3,,3,0.02
monthly_mixed_frequency_kalman_em,pseudo,2022:Q3:pre_advance:pseudo,2022-10-31,pre_advance,DELTA_SA,DELTA_SA,2022:Q3,0.16044832947937415,0.3738607416417068,0.6114415275737385,model_implied_state_space,0.36319999999999997,-0.20275167052062582,True,True,30,-6117.309743310091,-8177.19111298425,-6117.309743310091,0.5616799426024954,9.179469607222363e-05,30.0,0,{},14,expanding,40,1965:Q3,,3,0.02
no_revision,pseudo,2022:Q3:pre_advance:pseudo,2022-10-31,pre_advance,DELTA_SA,DELTA_SA,2022:Q3,0.0,,,not_available,0.36319999999999997,-0.36319999999999997,True,True,0,,,,,,,0,{},14,expanding,40,1965:Q3,,3,0.02
release_dfm,pseudo,2022:Q3:pre_advance:pseudo,2022-10-31,pre_advance,DELTA_SA,DELTA_SA,2022:Q3,0.09598156939952007,,,not_available,0.36319999999999997,-0.2672184306004799,True,True,0,,,,,,,0,{},14,expanding,40,1965:Q3,,3,0.02
revision_dfm_kalman_em,pseudo,2022:Q3:pre_advance:pseudo,2022-10-31,pre_advance,DELTA_SA,DELTA_SA,2022:Q3,0.36409127211649306,0.3956967948450627,0.6290443504595385,model_implied_state_space,0.36319999999999997,0.0008912721164930915,True,True,25,-1846.1947309464442,-3392.2867038967606,-1846.1947309464442,0.16613784410697008,8.993253398061792e-05,25.0,0,{},14,expanding,40,1965:Q3,,3,0.02
standard_dfm,pseudo,2022:Q3:pre_advance:pseudo,2022-10-31,pre_advance,DELTA_SA,DELTA_SA,2022:Q3,0.09598156939952007,,,not_available,0.36319999999999997,-0.2672184306004799,True,True,0,,,,,,,0,{},14,expanding,40,1965:Q3,,3,0.02
ar,exact,2022:Q3:pre_second:exact,2022-11-29,pre_second,DELTA_TS,DELTA_TS,2022:Q3,0.07204179267449673,,,not_available,0.3147000000000002,-0.24265820732550347,True,True,0,,,,,,,0,{},14,expanding,40,1965:Q3,,3,0.02
bridge,exact,2022:Q3:pre_second:exact,2022-11-29,pre_second,DELTA_TS,DELTA_TS,2022:Q3,0.34144469756391116,,,not_available,0.3147000000000002,0.026744697563910957,True,True,0,,,,,,,0,{},14,expanding,40,1965:Q3,,3,0.02
indicator_revision_only_dfm_kalman_em,exact,2022:Q3:pre_second:exact,2022-11-29,pre_second,DELTA_TS,DELTA_TS,2022:Q3,0.0,0.14710570402583079,0.38354361424201916,model_implied_state_space,0.3147000000000002,-0.3147000000000002,True,True,21,-3544.1109389239477,-5484.672702027287,-3544.1109389239477,0.3330659030257266,9.394194424514145e-05,21.0,0,{},14,expanding,40,1965:Q3,,3,0.02
joint_indicator_revision_dfm_full_kalman_em,exact,2022:Q3:pre_second:exact,2022-11-29,pre_second,DELTA_TS,DELTA_TS,2022:Q3,0.006425078918996352,0.14218937508627028,0.3770800645569456,model_implied_state_space,0.3147000000000002,-0.30827492108100385,True,True,25,-3508.0255235942327,-5495.824256704622,-3508.0255235942327,0.3243425861742253,9.242241399180906e-05,25.0,0,{},14,expanding,40,1965:Q3,,3,0.02
midas_umidas,exact,2022:Q3:pre_second:exact,2022-11-29,pre_second,DELTA_TS,DELTA_TS,2022:Q3,1.43768474709767,,,not_available,0.3147000000000002,1.1229847470976697,True,True,0,,,,,,,0,{},14,expanding,40,1965:Q3,,3,0.02
monthly_mixed_frequency_kalman_em,exact,2022:Q3:pre_second:exact,2022-11-29,pre_second,DELTA_TS,DELTA_TS,2022:Q3,0.09493674755049542,0.1450899836052325,0.38090679123012827,model_implied_state_space,0.3147000000000002,-0.2197632524495048,True,True,30,-6133.940201455018,-8196.379260705393,-6133.940201455018,0.5656107726508708,9.218649447347028e-05,30.0,0,{},14,expanding,40,1965:Q3,,3,0.02
no_revision,exact,2022:Q3:pre_second:exact,2022-11-29,pre_second,DELTA_TS,DELTA_TS,2022:Q3,0.0,,,not_available,0.3147000000000002,-0.3147000000000002,True,True,0,,,,,,,0,{},14,expanding,40,1965:Q3,,3,0.02
release_dfm,exact,2022:Q3:pre_second:exact,2022-11-29,pre_second,DELTA_TS,DELTA_TS,2022:Q3,0.04741145964055615,,,not_available,0.3147000000000002,-0.26728854035944405,True,True,0,,,,,,,0,{},14,expanding,40,1965:Q3,,3,0.02
revision_dfm_kalman_em,exact,2022:Q3:pre_second:exact,2022-11-29,pre_second,DELTA_TS,DELTA_TS,2022:Q3,0.013020140761397236,0.14211030389055723,0.37697520328339534,model_implied_state_space,0.3147000000000002,-0.30167985923860297,True,True,28,-1846.791402532699,-3385.1042165247895,-1846.791402532699,0.17269818994213892,9.345321690751773e-05,28.0,0,{},14,expanding,40,1965:Q3,,3,0.02
standard_dfm,exact,2022:Q3:pre_second:exact,2022-11-29,pre_second,DELTA_TS,DELTA_TS,2022:Q3,0.06553930738907754,,,not_available,0.3147000000000002,-0.24916069261092266,True,True,0,,,,,,,0,{},14,expanding,40,1965:Q3,,3,0.02
ar,pseudo,2022:Q3:pre_second:pseudo,2022-11-30,pre_second,DELTA_TS,DELTA_TS,2022:Q3,0.07204179267449673,,,not_available,0.3147000000000002,-0.24265820732550347,True,True,0,,,,,,,0,{},14,expanding,40,1965:Q3,,3,0.02
bridge,pseudo,2022:Q3:pre_second:pseudo,2022-11-30,pre_second,DELTA_TS,DELTA_TS,2022:Q3,0.34144469756391116,,,not_available,0.3147000000000002,0.026744697563910957,True,True,0,,,,,,,0,{},14,expanding,40,1965:Q3,,3,0.02
indicator_revision_only_dfm_kalman_em,pseudo,2022:Q3:pre_second:pseudo,2022-11-30,pre_second,DELTA_TS,DELTA_TS,2022:Q3,0.0,0.14710570402583079,0.38354361424201916,model_implied_state_space,0.3147000000000002,-0.3147000000000002,True,True,21,-3544.1109389239477,-5484.672702027287,-3544.1109389239477,0.3330659030257266,9.394194424514145e-05,21.0,0,{},14,expanding,40,1965:Q3,,3,0.02
joint_indicator_revision_dfm_full_kalman_em,pseudo,2022:Q3:pre_second:pseudo,2022-11-30,pre_second,DELTA_TS,DELTA_TS,2022:Q3,0.006425078918996352,0.14218937508627028,0.3770800645569456,model_implied_state_space,0.3147000000000002,-0.30827492108100385,True,True,25,-3508.0255235942327,-5495.824256704622,-3508.0255235942327,0.3243425861742253,9.242241399180906e-05,25.0,0,{},14,expanding,40,1965:Q3,,3,0.02
midas_umidas,pseudo,2022:Q3:pre_second:pseudo,2022-11-30,pre_second,DELTA_TS,DELTA_TS,2022:Q3,1.43768474709767,,,not_available,0.3147000000000002,1.1229847470976697,True,True,0,,,,,,,0,{},14,expanding,40,1965:Q3,,3,0.02
monthly_mixed_frequency_kalman_em,pseudo,2022:Q3:pre_second:pseudo,2022-11-30,pre_second,DELTA_TS,DELTA_TS,2022:Q3,0.09493674755049542,0.1450899836052325,0.38090679123012827,model_implied_state_space,0.3147000000000002,-0.2197632524495048,True,True,30,-6133.940201455018,-8196.379260705393,-6133.940201455018,0.5656107726508708,9.218649447347028e-05,30.0,0,{},14,expanding,40,1965:Q3,,3,0.02
no_revision,pseudo,2022:Q3:pre_second:pseudo,2022-11-30,pre_second,DELTA_TS,DELTA_TS,2022:Q3,0.0,,,not_available,0.3147000000000002,-0.3147000000000002,True,True,0,,,,,,,0,{},14,expanding,40,1965:Q3,,3,0.02
release_dfm,pseudo,2022:Q3:pre_second:pseudo,2022-11-30,pre_second,DELTA_TS,DELTA_TS,2022:Q3,0.04741145964055615,,,not_available,0.3147000000000002,-0.26728854035944405,True,True,0,,,,,,,0,{},14,expanding,40,1965:Q3,,3,0.02
revision_dfm_kalman_em,pseudo,2022:Q3:pre_second:pseudo,2022-11-30,pre_second,DELTA_TS,DELTA_TS,2022:Q3,0.013020140761397236,0.14211030389055723,0.37697520328339534,model_implied_state_space,0.3147000000000002,-0.30167985923860297,True,True,28,-1846.791402532699,-3385.1042165247895,-1846.791402532699,0.17269818994213892,9.345321690751773e-05,28.0,0,{},14,expanding,40,1965:Q3,,3,0.02
standard_dfm,pseudo,2022:Q3:pre_second:pseudo,2022-11-30,pre_second,DELTA_TS,DELTA_TS,2022:Q3,0.06553930738907754,,,not_available,0.3147000000000002,-0.24916069261092266,True,True,0,,,,,,,0,{},14,expanding,40,1965:Q3,,3,0.02
ar,exact,2022:Q3:pre_third:exact,2022-12-21,pre_third,DELTA_MT,DELTA_MT,2022:Q3,1.0211250045875602,,,not_available,-0.32410000000000005,1.3452250045875602,True,True,0,,,,,,,0,{},14,expanding,40,1965:Q3,,3,0.02
bridge,exact,2022:Q3:pre_third:exact,2022-12-21,pre_third,DELTA_MT,DELTA_MT,2022:Q3,1.8673159816515057,,,not_available,-0.32410000000000005,2.191415981651506,True,True,0,,,,,,,0,{},14,expanding,40,1965:Q3,,3,0.02
indicator_revision_only_dfm_kalman_em,exact,2022:Q3:pre_third:exact,2022-12-21,pre_third,DELTA_MT,DELTA_MT,2022:Q3,0.0,4.18423180224087,2.0455394892890406,model_implied_state_space,-0.32410000000000005,0.32410000000000005,True,True,21,-3544.0952981468704,-5486.147938829514,-3544.0952981468704,0.3241058591934234,9.141537918679171e-05,21.0,0,{},14,expanding,40,1965:Q3,,3,0.02
joint_indicator_revision_dfm_full_kalman_em,exact,2022:Q3:pre_third:exact,2022-12-21,pre_third,DELTA_MT,DELTA_MT,2022:Q3,0.006282229799666084,4.192383960879263,2.04753118679039,model_implied_state_space,-0.32410000000000005,0.33038222979966614,True,True,25,-3507.759368662176,-5497.2741555104185,-3507.759368662176,0.3147806421484347,8.970475651272292e-05,25.0,0,{},14,expanding,40,1965:Q3,,3,0.02
midas_umidas,exact,2022:Q3:pre_third:exact,2022-12-21,pre_third,DELTA_MT,DELTA_MT,2022:Q3,-7.735294594253887,,,not_available,-0.32410000000000005,-7.411194594253887,True,True,0,,,,,,,0,{},14,expanding,40,1965:Q3,,3,0.02
monthly_mixed_frequency_kalman_em,exact,2022:Q3:pre_third:exact,2022-12-21,pre_third,DELTA_MT,DELTA_MT,2022:Q3,0.10504619209462618,4.189192155217549,2.0467516105325405,model_implied_state_space,-0.32410000000000005,0.42914619209462623,True,True,29,-6142.136136755648,-8186.779225057392,-6142.136136755648,0.5897731721070159,9.599600971032756e-05,29.0,0,{},14,expanding,40,1965:Q3,,3,0.02
no_revision,exact,2022:Q3:pre_third:exact,2022-12-21,pre_third,DELTA_MT,DELTA_MT,2022:Q3,0.0,,,not_available,-0.32410000000000005,0.32410000000000005,True,True,0,,,,,,,0,{},14,expanding,40,1965:Q3,,3,0.02
release_dfm,exact,2022:Q3:pre_third:exact,2022-12-21,pre_third,DELTA_MT,DELTA_MT,2022:Q3,0.17672737215119216,,,not_available,-0.32410000000000005,0.5008273721511922,True,True,0,,,,,,,0,{},14,expanding,40,1965:Q3,,3,0.02
revision_dfm_kalman_em,exact,2022:Q3:pre_third:exact,2022-12-21,pre_third,DELTA_MT,DELTA_MT,2022:Q3,0.008659223029068741,4.191841970954065,2.0473988304563586,model_implied_state_space,-0.32410000000000005,0.3327592230290688,True,True,25,-1846.3127777835502,-3395.1464702443577,-1846.3127777835502,0.16591566985698591,8.980654036493777e-05,25.0,0,{},14,expanding,40,1965:Q3,,3,0.02
standard_dfm,exact,2022:Q3:pre_third:exact,2022-12-21,pre_third,DELTA_MT,DELTA_MT,2022:Q3,0.3644741385764019,,,not_available,-0.32410000000000005,0.6885741385764019,True,True,0,,,,,,,0,{},14,expanding,40,1965:Q3,,3,0.02
ar,pseudo,2022:Q3:pre_third:pseudo,2022-12-31,pre_third,DELTA_MT,DELTA_MT,2022:Q3,1.0211250045875602,,,not_available,-0.32410000000000005,1.3452250045875602,True,True,0,,,,,,,0,{},14,expanding,40,1965:Q3,,3,0.02
bridge,pseudo,2022:Q3:pre_third:pseudo,2022-12-31,pre_third,DELTA_MT,DELTA_MT,2022:Q3,1.890731452639989,,,not_available,-0.32410000000000005,2.214831452639989,True,True,0,,,,,,,0,{},14,expanding,40,1965:Q3,,3,0.02
indicator_revision_only_dfm_kalman_em,pseudo,2022:Q3:pre_third:pseudo,2022-12-31,pre_third,DELTA_MT,DELTA_MT,2022:Q3,0.0,4.184232182693907,2.045539582284808,model_implied_state_space,-0.32410000000000005,0.32410000000000005,True,True,21,-3544.103624913543,-5486.148007818129,-3544.103624913543,0.32379362295023384,9.132710523344789e-05,21.0,0,{},14,expanding,40,1965:Q3,,3,0.02
joint_indicator_revision_dfm_full_kalman_em,pseudo,2022:Q3:pre_third:pseudo,2022-12-31,pre_third,DELTA_MT,DELTA_MT,2022:Q3,0.006285178844702255,4.192382210059246,2.047530759246182,model_implied_state_space,-0.32410000000000005,0.3303851788447023,True,True,25,-3507.7667053058003,-5497.274225051642,-3507.7667053058003,0.31463929687924974,8.966429272527314e-05,25.0,0,{},14,expanding,40,1965:Q3,,3,0.02
midas_umidas,pseudo,2022:Q3:pre_third:pseudo,2022-12-31,pre_third,DELTA_MT,DELTA_MT,2022:Q3,-7.637115385807265,,,not_available,-0.32410000000000005,-7.313015385807265,True,True,0,,,,,,,0,{},14,expanding,40,1965:Q3,,3,0.02
monthly_mixed_frequency_kalman_em,pseudo,2022:Q3:pre_third:pseudo,2022-12-31,pre_third,DELTA_MT,DELTA_MT,2022:Q3,0.10503856681623969,4.189190460181292,2.0467511964528793,model_implied_state_space,-0.32410000000000005,0.42913856681623974,True,True,29,-6144.7844846284725,-8189.447113785038,-6144.7844846284725,0.5898557935224744,9.596808799022422e-05,29.0,0,{},14,expanding,40,1965:Q3,,3,0.02
no_revision,pseudo,2022:Q3:pre_third:pseudo,2022-12-31,pre_third,DELTA_MT,DELTA_MT,2022:Q3,0.0,,,not_available,-0.32410000000000005,0.32410000000000005,True,True,0,,,,,,,0,{},14,expanding,40,1965:Q3,,3,0.02
release_dfm,pseudo,2022:Q3:pre_third:pseudo,2022-12-31,pre_third,DELTA_MT,DELTA_MT,2022:Q3,0.174897394014065,,,not_available,-0.32410000000000005,0.49899739401406507,True,True,0,,,,,,,0,{},14,expanding,40,1965:Q3,,3,0.02
revision_dfm_kalman_em,pseudo,2022:Q3:pre_third:pseudo,2022-12-31,pre_third,DELTA_MT,DELTA_MT,2022:Q3,0.008662517360263244,4.191841975159613,2.047398831483405,model_implied_state_space,-0.32410000000000005,0.3327625173602633,True,True,25,-1846.315793949273,-3395.14701274456,-1846.315793949273,0.16591596736725478,8.98065547694873e-05,25.0,0,{},14,expanding,40,1965:Q3,,3,0.02
standard_dfm,pseudo,2022:Q3:pre_third:pseudo,2022-12-31,pre_third,DELTA_MT,DELTA_MT,2022:Q3,0.36811125363363173,,,not_available,-0.32410000000000005,0.6922112536336318,True,True,0,,,,,,,0,{},14,expanding,40,1965:Q3,,3,0.02
ar,exact,2022:Q4:pre_advance:exact,2023-01-25,pre_advance,DELTA_SA,DELTA_SA,2022:Q4,0.10853273509485284,,,not_available,-0.2158000000000002,0.32433273509485305,True,True,0,,,,,,,0,{},14,expanding,40,1965:Q3,,3,0.02
bridge,exact,2022:Q4:pre_advance:exact,2023-01-25,pre_advance,DELTA_SA,DELTA_SA,2022:Q4,0.20753261036370074,,,not_available,-0.2158000000000002,0.42333261036370096,True,True,0,,,,,,,0,{},14,expanding,40,1965:Q3,,3,0.02
indicator_revision_only_dfm_kalman_em,exact,2022:Q4:pre_advance:exact,2023-01-25,pre_advance,DELTA_SA,DELTA_SA,2022:Q4,0.0,0.4134518751297378,0.6430022357113059,model_implied_state_space,-0.2158000000000002,0.2158000000000002,True,False,50,-3520.526284600089,-5516.566340716649,-3520.526284600089,1.2313223300739082,0.0003495336516062255,51.0,0,{},14,expanding,40,1965:Q3,,3,0.02
joint_indicator_revision_dfm_full_kalman_em,exact,2022:Q4:pre_advance:exact,2023-01-25,pre_advance,DELTA_SA,DELTA_SA,2022:Q4,-0.23612393024565015,0.373281826931235,0.6109679426379383,model_implied_state_space,-0.2158000000000002,-0.020323930245649935,True,True,48,-3501.423945516598,-5526.011891708551,-3501.423945516598,0.3011818350123576,8.598500426440239e-05,48.0,0,{},14,expanding,40,1965:Q3,,3,0.02
midas_umidas,exact,2022:Q4:pre_advance:exact,2023-01-25,pre_advance,DELTA_SA,DELTA_SA,2022:Q4,2.036360600379766,,,not_available,-0.2158000000000002,2.2521606003797663,True,True,0,,,,,,,0,{},14,expanding,40,1965:Q3,,3,0.02
monthly_mixed_frequency_kalman_em,exact,2022:Q4:pre_advance:exact,2023-01-25,pre_advance,DELTA_SA,DELTA_SA,2022:Q4,0.10372117921620072,0.37134664234699777,0.6093821808577912,model_implied_state_space,-0.2158000000000002,0.31952117921620093,True,True,29,-6157.03191599562,-8207.773722606107,-6157.03191599562,0.582775277816836,9.462765687267468e-05,29.0,0,{},14,expanding,40,1965:Q3,,3,0.02
no_revision,exact,2022:Q4:pre_advance:exact,2023-01-25,pre_advance,DELTA_SA,DELTA_SA,2022:Q4,0.0,,,not_available,-0.2158000000000002,0.2158000000000002,True,True,0,,,,,,,0,{},14,expanding,40,1965:Q3,,3,0.02
release_dfm,exact,2022:Q4:pre_advance:exact,2023-01-25,pre_advance,DELTA_SA,DELTA_SA,2022:Q4,0.09667791412371463,,,not_available,-0.2158000000000002,0.31247791412371484,True,True,0,,,,,,,0,{},14,expanding,40,1965:Q3,,3,0.02
revision_dfm_kalman_em,exact,2022:Q4:pre_advance:exact,2023-01-25,pre_advance,DELTA_SA,DELTA_SA,2022:Q4,0.10839507081405242,0.39346773723504835,0.6272700672238779,model_implied_state_space,-0.2158000000000002,0.32419507081405263,True,True,25,-1863.9824427453088,-3417.308590851176,-1863.9824427453088,0.16529747451500043,8.862433304909062e-05,25.0,0,{},14,expanding,40,1965:Q3,,3,0.02
standard_dfm,exact,2022:Q4:pre_advance:exact,2023-01-25,pre_advance,DELTA_SA,DELTA_SA,2022:Q4,0.09667791412371463,,,not_available,-0.2158000000000002,0.31247791412371484,True,True,0,,,,,,,0,{},14,expanding,40,1965:Q3,,3,0.02
ar,pseudo,2022:Q4:pre_advance:pseudo,2023-01-31,pre_advance,DELTA_SA,DELTA_SA,2022:Q4,0.10853273509485284,,,not_available,-0.2158000000000002,0.32433273509485305,True,True,0,,,,,,,0,{},14,expanding,40,1965:Q3,,3,0.02
bridge,pseudo,2022:Q4:pre_advance:pseudo,2023-01-31,pre_advance,DELTA_SA,DELTA_SA,2022:Q4,0.23457066303142016,,,not_available,-0.2158000000000002,0.45037066303142037,True,True,0,,,,,,,0,{},14,expanding,40,1965:Q3,,3,0.02
indicator_revision_only_dfm_kalman_em,pseudo,2022:Q4:pre_advance:pseudo,2023-01-31,pre_advance,DELTA_SA,DELTA_SA,2022:Q4,0.0,0.41409708612397367,0.6435037576611139,model_implied_state_space,-0.2158000000000002,0.2158000000000002,True,True,46,-3481.5565169914466,-5516.644729223753,-3481.5565169914466,0.2813145823392915,8.077165689112037e-05,46.0,0,{},14,expanding,40,1965:Q3,,3,0.02
joint_indicator_revision_dfm_full_kalman_em,pseudo,2022:Q4:pre_advance:pseudo,2023-01-31,pre_advance,DELTA_SA,DELTA_SA,2022:Q4,-0.2237133662650148,0.37339811099188847,0.611063099026515,model_implied_state_space,-0.2158000000000002,-0.007913366265014599,True,True,45,-3501.823363351805,-5526.090317905871,-3501.823363351805,0.30116481324103006,8.597034185330023e-05,45.0,0,{},14,expanding,40,1965:Q3,,3,0.02
midas_umidas,pseudo,2022:Q4:pre_advance:pseudo,2023-01-31,pre_advance,DELTA_SA,DELTA_SA,2022:Q4,2.228868350804566,,,not_available,-0.2158000000000002,2.4446683508045663,True,True,0,,,,,,,0,{},14,expanding,40,1965:Q3,,3,0.02
monthly_mixed_frequency_kalman_em,pseudo,2022:Q4:pre_advance:pseudo,2023-01-31,pre_advance,DELTA_SA,DELTA_SA,2022:Q4,0.10467943929329171,0.3713589765412948,0.609392301019052,model_implied_state_space,-0.2158000000000002,0.3204794392932919,True,True,29,-6160.707981638484,-8210.754814553928,-6160.707981638484,0.5849267185622011,9.492030438360821e-05,29.0,0,{},14,expanding,40,1965:Q3,,3,0.02
no_revision,pseudo,2022:Q4:pre_advance:pseudo,2023-01-31,pre_advance,DELTA_SA,DELTA_SA,2022:Q4,0.0,,,not_available,-0.2158000000000002,0.2158000000000002,True,True,0,,,,,,,0,{},14,expanding,40,1965:Q3,,3,0.02
release_dfm,pseudo,2022:Q4:pre_advance:pseudo,2023-01-31,pre_advance,DELTA_SA,DELTA_SA,2022:Q4,0.09675704920951733,,,not_available,-0.2158000000000002,0.31255704920951755,True,True,0,,,,,,,0,{},14,expanding,40,1965:Q3,,3,0.02
revision_dfm_kalman_em,pseudo,2022:Q4:pre_advance:pseudo,2023-01-31,pre_advance,DELTA_SA,DELTA_SA,2022:Q4,0.10873509948781801,0.3934841349647291,0.6272831377972224,model_implied_state_space,-0.2158000000000002,0.3245350994878182,True,True,25,-1864.2946901093972,-3417.3492108840514,-1864.2946901093972,0.16540164038178773,8.866533307964953e-05,25.0,0,{},14,expanding,40,1965:Q3,,3,0.02
standard_dfm,pseudo,2022:Q4:pre_advance:pseudo,2023-01-31,pre_advance,DELTA_SA,DELTA_SA,2022:Q4,0.09675704920951733,,,not_available,-0.2158000000000002,0.31255704920951755,True,True,0,,,,,,,0,{},14,expanding,40,1965:Q3,,3,0.02
ar,exact,2022:Q4:pre_second:exact,2023-02-22,pre_second,DELTA_TS,DELTA_TS,2022:Q4,0.08169007675838724,,,not_available,-0.10169999999999968,0.18339007675838692,True,True,0,,,,,,,0,{},14,expanding,40,1965:Q3,,3,0.02
bridge,exact,2022:Q4:pre_second:exact,2023-02-22,pre_second,DELTA_TS,DELTA_TS,2022:Q4,0.45104636502268325,,,not_available,-0.10169999999999968,0.5527463650226829,True,True,0,,,,,,,0,{},14,expanding,40,1965:Q3,,3,0.02
indicator_revision_only_dfm_kalman_em,exact,2022:Q4:pre_second:exact,2023-02-22,pre_second,DELTA_TS,DELTA_TS,2022:Q4,0.0,0.14326981290205643,0.3785099904917391,model_implied_state_space,-0.10169999999999968,0.10169999999999968,True,False,50,-3522.964501940613,-5517.960251055493,-3522.964501940613,1.2451832725514578,0.0003532224700773121,51.0,0,{},14,expanding,40,1965:Q3,,3,0.02
joint_indicator_revision_dfm_full_kalman_em,exact,2022:Q4:pre_second:exact,2023-02-22,pre_second,DELTA_TS,DELTA_TS,2022:Q4,-0.0023361264310457486,0.14061671239740503,0.37498894970039454,model_implied_state_space,-0.10169999999999968,0.09936387356895393,True,True,49,-3502.8029167899563,-5527.483968405438,-3502.8029167899563,0.3438717922581418,9.813281606198726e-05,49.0,0,{},14,expanding,40,1965:Q3,,3,0.02
midas_umidas,exact,2022:Q4:pre_second:exact,2023-02-22,pre_second,DELTA_TS,DELTA_TS,2022:Q4,0.625827035596517,,,not_available,-0.10169999999999968,0.7275270355965167,True,True,0,,,,,,,0,{},14,expanding,40,1965:Q3,,3,0.02
monthly_mixed_frequency_kalman_em,exact,2022:Q4:pre_second:exact,2023-02-22,pre_second,DELTA_TS,DELTA_TS,2022:Q4,0.04531267501958558,0.14359621015318313,0.378940905885315,model_implied_state_space,-0.10169999999999968,0.14701267501958526,True,True,29,-6177.2534357187,-8229.078246846755,-6177.2534357187,0.5833090281521436,9.440434377038099e-05,29.0,0,{},14,expanding,40,1965:Q3,,3,0.02
no_revision,exact,2022:Q4:pre_second:exact,2023-02-22,pre_second,DELTA_TS,DELTA_TS,2022:Q4,0.0,,,not_available,-0.10169999999999968,0.10169999999999968,True,True,0,,,,,,,0,{},14,expanding,40,1965:Q3,,3,0.02
release_dfm,exact,2022:Q4:pre_second:exact,2023-02-22,pre_second,DELTA_TS,DELTA_TS,2022:Q4,0.05148194496767866,,,not_available,-0.10169999999999968,0.15318194496767834,True,True,0,,,,,,,0,{},14,expanding,40,1965:Q3,,3,0.02
revision_dfm_kalman_em,exact,2022:Q4:pre_second:exact,2023-02-22,pre_second,DELTA_TS,DELTA_TS,2022:Q4,0.00924177456981834,0.14199724608339037,0.37682521954268183,model_implied_state_space,-0.10169999999999968,0.11094177456981802,True,True,27,-1865.4632213349676,-3410.208656948128,-1865.4632213349676,0.18082358798233145,9.687095323511203e-05,27.0,0,{},14,expanding,40,1965:Q3,,3,0.02
standard_dfm,exact,2022:Q4:pre_second:exact,2023-02-22,pre_second,DELTA_TS,DELTA_TS,2022:Q4,0.06391558960278587,,,not_available,-0.10169999999999968,0.16561558960278555,True,True,0,,,,,,,0,{},14,expanding,40,1965:Q3,,3,0.02
ar,pseudo,2022:Q4:pre_second:pseudo,2023-02-28,pre_second,DELTA_TS,DELTA_TS,2022:Q4,0.08169007675838724,,,not_available,-0.10169999999999968,0.18339007675838692,True,True,0,,,,,,,0,{},14,expanding,40,1965:Q3,,3,0.02
bridge,pseudo,2022:Q4:pre_second:pseudo,2023-02-28,pre_second,DELTA_TS,DELTA_TS,2022:Q4,0.4645268210165465,,,not_available,-0.10169999999999968,0.5662268210165462,True,True,0,,,,,,,0,{},14,expanding,40,1965:Q3,,3,0.02
indicator_revision_only_dfm_kalman_em,pseudo,2022:Q4:pre_second:pseudo,2023-02-28,pre_second,DELTA_TS,DELTA_TS,2022:Q4,0.0,0.1432686366123388,0.37850843664618466,model_implied_state_space,-0.10169999999999968,0.10169999999999968,True,False,50,-3523.1675397148324,-5518.069511674518,-3523.1675397148324,1.2698334060710295,0.0003601917355709274,51.0,0,{},14,expanding,40,1965:Q3,,3,0.02
joint_indicator_revision_dfm_full_kalman_em,pseudo,2022:Q4:pre_second:pseudo,2023-02-28,pre_second,DELTA_TS,DELTA_TS,2022:Q4,-0.002325195143995984,0.14061270226194833,0.37498360265743397,model_implied_state_space,-0.10169999999999968,0.0993748048560037,True,True,49,-3502.7883936390513,-5527.593322764953,-3502.7883936390513,0.28860941657376316,8.236389106805872e-05,49.0,0,{},14,expanding,40,1965:Q3,,3,0.02
midas_umidas,pseudo,2022:Q4:pre_second:pseudo,2023-02-28,pre_second,DELTA_TS,DELTA_TS,2022:Q4,0.6490708902637943,,,not_available,-0.10169999999999968,0.750770890263794,True,True,0,,,,,,,0,{},14,expanding,40,1965:Q3,,3,0.02
monthly_mixed_frequency_kalman_em,pseudo,2022:Q4:pre_second:pseudo,2023-02-28,pre_second,DELTA_TS,DELTA_TS,2022:Q4,0.045324876721245744,0.14359377662141526,0.37893769490697976,model_implied_state_space,-0.10169999999999968,0.14702487672124542,True,True,29,-6179.687711072526,-8231.917059015877,-6179.687711072526,0.5823295296677315,9.4208718571208e-05,29.0,0,{},14,expanding,40,1965:Q3,,3,0.02
no_revision,pseudo,2022:Q4:pre_second:pseudo,2023-02-28,pre_second,DELTA_TS,DELTA_TS,2022:Q4,0.0,,,not_available,-0.10169999999999968,0.10169999999999968,True,True,0,,,,,,,0,{},14,expanding,40,1965:Q3,,3,0.02
release_dfm,pseudo,2022:Q4:pre_second:pseudo,2023-02-28,pre_second,DELTA_TS,DELTA_TS,2022:Q4,0.051296437189578103,,,not_available,-0.10169999999999968,0.15299643718957778,True,True,0,,,,,,,0,{},14,expanding,40,1965:Q3,,3,0.02
revision_dfm_kalman_em,pseudo,2022:Q4:pre_second:pseudo,2023-02-28,pre_second,DELTA_TS,DELTA_TS,2022:Q4,0.009331329969345159,0.1419975241919884,0.37682558855787435,model_implied_state_space,-0.10169999999999968,0.11103132996934484,True,True,27,-1865.5607653216118,-3410.2443627284556,-1865.5607653216118,0.18100447416054521,9.696278140299378e-05,27.0,0,{},14,expanding,40,1965:Q3,,3,0.02
standard_dfm,pseudo,2022:Q4:pre_second:pseudo,2023-02-28,pre_second,DELTA_TS,DELTA_TS,2022:Q4,0.06411346083140312,,,not_available,-0.10169999999999968,0.1658134608314028,True,True,0,,,,,,,0,{},14,expanding,40,1965:Q3,,3,0.02
ar,exact,2022:Q4:pre_third:exact,2023-03-29,pre_third,DELTA_MT,DELTA_MT,2022:Q4,0.18579747220419573,,,not_available,0.21579999999999977,-0.030002527795804035,True,True,0,,,,,,,0,{},14,expanding,40,1965:Q3,,3,0.02
bridge,exact,2022:Q4:pre_third:exact,2023-03-29,pre_third,DELTA_MT,DELTA_MT,2022:Q4,2.2348426084531137,,,not_available,0.21579999999999977,2.019042608453114,True,True,0,,,,,,,0,{},14,expanding,40,1965:Q3,,3,0.02
indicator_revision_only_dfm_kalman_em,exact,2022:Q4:pre_third:exact,2023-03-29,pre_third,DELTA_MT,DELTA_MT,2022:Q4,0.0,4.197603342328048,2.048805345153133,model_implied_state_space,0.21579999999999977,-0.21579999999999977,True,True,43,-3482.083229518854,-5520.102683628763,-3482.083229518854,0.30646108079281476,8.797783423997536e-05,43.0,0,{},14,expanding,40,1965:Q3,,3,0.02
joint_indicator_revision_dfm_full_kalman_em,exact,2022:Q4:pre_third:exact,2023-03-29,pre_third,DELTA_MT,DELTA_MT,2022:Q4,-0.002662502893691965,4.198853311269726,2.049110370690102,model_implied_state_space,0.21579999999999977,-0.21846250289369173,True,True,43,-3501.718892152474,-5529.598073455094,-3501.718892152474,0.3025873838037114,8.637896900471397e-05,43.0,0,{},14,expanding,40,1965:Q3,,3,0.02
midas_umidas,exact,2022:Q4:pre_third:exact,2023-03-29,pre_third,DELTA_MT,DELTA_MT,2022:Q4,-6.971841401376296,,,not_available,0.21579999999999977,-7.187641401376296,True,True,0,,,,,,,0,{},14,expanding,40,1965:Q3,,3,0.02
monthly_mixed_frequency_kalman_em,exact,2022:Q4:pre_third:exact,2023-03-29,pre_third,DELTA_MT,DELTA_MT,2022:Q4,-0.007519630419612344,4.170978709714157,2.0422974097114643,model_implied_state_space,0.21579999999999977,-0.22331963041961211,True,True,29,-6200.89025699138,-8251.681124179155,-6200.89025699138,0.5808869802922345,9.365412056077234e-05,29.0,0,{},14,expanding,40,1965:Q3,,3,0.02
no_revision,exact,2022:Q4:pre_third:exact,2023-03-29,pre_third,DELTA_MT,DELTA_MT,2022:Q4,0.0,,,not_available,0.21579999999999977,-0.21579999999999977,True,True,0,,,,,,,0,{},14,expanding,40,1965:Q3,,3,0.02
release_dfm,exact,2022:Q4:pre_third:exact,2023-03-29,pre_third,DELTA_MT,DELTA_MT,2022:Q4,0.1451908950644416,,,not_available,0.21579999999999977,-0.07060910493555816,True,True,0,,,,,,,0,{},14,expanding,40,1965:Q3,,3,0.02
revision_dfm_kalman_em,exact,2022:Q4:pre_third:exact,2023-03-29,pre_third,DELTA_MT,DELTA_MT,2022:Q4,0.0018618829127734493,4.181710546149199,2.0449231149725895,model_implied_state_space,0.21579999999999977,-0.21393811708722632,True,True,28,-1864.5974856688001,-3411.681030768562,-1864.5974856688001,0.17326275251457446,9.286390231017254e-05,28.0,0,{},14,expanding,40,1965:Q3,,3,0.02
standard_dfm,exact,2022:Q4:pre_third:exact,2023-03-29,pre_third,DELTA_MT,DELTA_MT,2022:Q4,0.5657833877608207,,,not_available,0.21579999999999977,0.34998338776082094,True,True,0,,,,,,,0,{},14,expanding,40,1965:Q3,,3,0.02
ar,pseudo,2022:Q4:pre_third:pseudo,2023-03-31,pre_third,DELTA_MT,DELTA_MT,2022:Q4,0.18579747220419573,,,not_available,0.21579999999999977,-0.030002527795804035,True,True,0,,,,,,,0,{},14,expanding,40,1965:Q3,,3,0.02
bridge,pseudo,2022:Q4:pre_third:pseudo,2023-03-31,pre_third,DELTA_MT,DELTA_MT,2022:Q4,2.210800184512409,,,not_available,0.21579999999999977,1.995000184512409,True,True,0,,,,,,,0,{},14,expanding,40,1965:Q3,,3,0.02
indicator_revision_only_dfm_kalman_em,pseudo,2022:Q4:pre_third:pseudo,2023-03-31,pre_third,DELTA_MT,DELTA_MT,2022:Q4,0.0,4.197603346151428,2.0488053460862083,model_implied_state_space,0.21579999999999977,-0.21579999999999977,True,True,43,-3482.082434239475,-5520.107502909244,-3482.082434239475,0.30538133065192596,8.76679103276774e-05,43.0,0,{},14,expanding,40,1965:Q3,,3,0.02
joint_indicator_revision_dfm_full_kalman_em,pseudo,2022:Q4:pre_third:pseudo,2023-03-31,pre_third,DELTA_MT,DELTA_MT,2022:Q4,-0.002663034035475853,4.198840884166191,2.049107338371075,model_implied_state_space,0.21579999999999977,-0.21846303403547562,True,True,43,-3501.721925830977,-5529.602896729213,-3501.721925830977,0.300747389168464,8.585368044221155e-05,43.0,0,{},14,expanding,40,1965:Q3,,3,0.02
midas_umidas,pseudo,2022:Q4:pre_third:pseudo,2023-03-31,pre_third,DELTA_MT,DELTA_MT,2022:Q4,-6.87314636531337,,,not_available,0.21579999999999977,-7.08894636531337,True,True,0,,,,,,,0,{},14,expanding,40,1965:Q3,,3,0.02
monthly_mixed_frequency_kalman_em,pseudo,2022:Q4:pre_third:pseudo,2023-03-31,pre_third,DELTA_MT,DELTA_MT,2022:Q4,-0.007538631614735447,4.170979822171106,2.042297682065743,model_implied_state_space,0.21579999999999977,-0.22333863161473522,True,True,29,-6202.162562062283,-8253.039445087585,-6202.162562062283,0.580959924115632,9.364667028169025e-05,29.0,0,{},14,expanding,40,1965:Q3,,3,0.02
no_revision,pseudo,2022:Q4:pre_third:pseudo,2023-03-31,pre_third,DELTA_MT,DELTA_MT,2022:Q4,0.0,,,not_available,0.21579999999999977,-0.21579999999999977,True,True,0,,,,,,,0,{},14,expanding,40,1965:Q3,,3,0.02
release_dfm,pseudo,2022:Q4:pre_third:pseudo,2023-03-31,pre_third,DELTA_MT,DELTA_MT,2022:Q4,0.14715210987168081,,,not_available,0.21579999999999977,-0.06864789012831896,True,True,0,,,,,,,0,{},14,expanding,40,1965:Q3,,3,0.02
revision_dfm_kalman_em,pseudo,2022:Q4:pre_third:pseudo,2023-03-31,pre_third,DELTA_MT,DELTA_MT,2022:Q4,0.0018582355499781045,4.18171078432464,2.044923173208382,model_implied_state_space,0.21579999999999977,-0.21394176445002167,True,True,28,-1864.6092984659535,-3411.683639698369,-1864.6092984659535,0.1732733369003654,9.286898672921797e-05,28.0,0,{},14,expanding,40,1965:Q3,,3,0.02
standard_dfm,pseudo,2022:Q4:pre_third:pseudo,2023-03-31,pre_third,DELTA_MT,DELTA_MT,2022:Q4,0.5618975759206966,,,not_available,0.21579999999999977,0.3460975759206968,True,True,0,,,,,,,0,{},14,expanding,40,1965:Q3,,3,0.02
ar,exact,2023:Q1:pre_advance:exact,2023-04-26,pre_advance,DELTA_SA,DELTA_SA,2023:Q1,0.08085476933679514,,,not_available,0.20989999999999998,-0.12904523066320484,True,True,0,,,,,,,0,{},14,expanding,40,1965:Q3,,3,0.02
bridge,exact,2023:Q1:pre_advance:exact,2023-04-26,pre_advance,DELTA_SA,DELTA_SA,2023:Q1,0.09188707340450097,,,not_available,0.20989999999999998,-0.118012926595499,True,True,0,,,,,,,0,{},14,expanding,40,1965:Q3,,3,0.02
indicator_revision_only_dfm_kalman_em,exact,2023:Q1:pre_advance:exact,2023-04-26,pre_advance,DELTA_SA,DELTA_SA,2023:Q1,0.0,0.41188356463871933,0.641781555234115,model_implied_state_space,0.20989999999999998,-0.20989999999999998,True,False,50,-3553.733387058896,-5557.892894187965,-3553.733387058896,1.3622724476394978,0.0003830809342818789,51.0,0,{},14,expanding,40,1965:Q3,,3,0.02
joint_indicator_revision_dfm_full_kalman_em,exact,2023:Q1:pre_advance:exact,2023-04-26,pre_advance,DELTA_SA,DELTA_SA,2023:Q1,-0.24742545731727072,0.3720183437646529,0.6099330649871778,model_implied_state_space,0.20989999999999998,-0.4573254573172707,True,True,50,-3533.1515145932085,-5567.570052487521,-3533.1515145932085,0.3208196050841252,9.076874134223353e-05,50.0,0,{},14,expanding,40,1965:Q3,,3,0.02
midas_umidas,exact,2023:Q1:pre_advance:exact,2023-04-26,pre_advance,DELTA_SA,DELTA_SA,2023:Q1,1.0837724166581584,,,not_available,0.20989999999999998,0.8738724166581584,True,True,0,,,,,,,0,{},14,expanding,40,1965:Q3,,3,0.02
monthly_mixed_frequency_kalman_em,exact,2023:Q1:pre_advance:exact,2023-04-26,pre_advance,DELTA_SA,DELTA_SA,2023:Q1,0.1175064002511943,0.3715232630258569,0.6095270814540211,model_implied_state_space,0.20989999999999998,-0.09239359974880568,True,True,29,-6224.024916770509,-8302.954274077316,-6224.024916770509,0.6151875697478317,9.88151514442585e-05,29.0,0,{},14,expanding,40,1965:Q3,,3,0.02
no_revision,exact,2023:Q1:pre_advance:exact,2023-04-26,pre_advance,DELTA_SA,DELTA_SA,2023:Q1,0.0,,,not_available,0.20989999999999998,-0.20989999999999998,True,True,0,,,,,,,0,{},14,expanding,40,1965:Q3,,3,0.02
release_dfm,exact,2023:Q1:pre_advance:exact,2023-04-26,pre_advance,DELTA_SA,DELTA_SA,2023:Q1,0.09583988950882683,,,not_available,0.20989999999999998,-0.11406011049117315,True,True,0,,,,,,,0,{},14,expanding,40,1965:Q3,,3,0.02
revision_dfm_kalman_em,exact,2023:Q1:pre_advance:exact,2023-04-26,pre_advance,DELTA_SA,DELTA_SA,2023:Q1,0.037494037397273416,0.39238227255504476,0.626404240530861,model_implied_state_space,0.20989999999999998,-0.17240596260272656,True,True,28,-1878.3797869468908,-3431.984734898368,-1878.3797869468908,0.16942559057974904,9.014160919522685e-05,28.0,0,{},14,expanding,40,1965:Q3,,3,0.02
standard_dfm,exact,2023:Q1:pre_advance:exact,2023-04-26,pre_advance,DELTA_SA,DELTA_SA,2023:Q1,0.09583988950882683,,,not_available,0.20989999999999998,-0.11406011049117315,True,True,0,,,,,,,0,{},14,expanding,40,1965:Q3,,3,0.02
ar,pseudo,2023:Q1:pre_advance:pseudo,2023-04-30,pre_advance,DELTA_SA,DELTA_SA,2023:Q1,0.08085476933679514,,,not_available,0.20989999999999998,-0.12904523066320484,True,True,0,,,,,,,0,{},14,expanding,40,1965:Q3,,3,0.02
bridge,pseudo,2023:Q1:pre_advance:pseudo,2023-04-30,pre_advance,DELTA_SA,DELTA_SA,2023:Q1,0.09120156070385876,,,not_available,0.20989999999999998,-0.11869843929614121,True,True,0,,,,,,,0,{},14,expanding,40,1965:Q3,,3,0.02
indicator_revision_only_dfm_kalman_em,pseudo,2023:Q1:pre_advance:pseudo,2023-04-30,pre_advance,DELTA_SA,DELTA_SA,2023:Q1,0.0,0.41188365422523265,0.6417816250292873,model_implied_state_space,0.20989999999999998,-0.20989999999999998,True,False,50,-3553.727099084452,-5557.890371098206,-3553.727099084452,1.3613068605732224,0.0003828101850047952,51.0,0,{},14,expanding,40,1965:Q3,,3,0.02
joint_indicator_revision_dfm_full_kalman_em,pseudo,2023:Q1:pre_advance:pseudo,2023-04-30,pre_advance,DELTA_SA,DELTA_SA,2023:Q1,-0.24719005641166714,0.3720162206530464,0.6099313245383011,model_implied_state_space,0.20989999999999998,-0.4570900564116671,True,True,50,-3533.1444544454243,-5567.567528451945,-3533.1444544454243,0.31912611260622725,9.028982908796666e-05,50.0,0,{},14,expanding,40,1965:Q3,,3,0.02
midas_umidas,pseudo,2023:Q1:pre_advance:pseudo,2023-04-30,pre_advance,DELTA_SA,DELTA_SA,2023:Q1,1.1390231982228016,,,not_available,0.20989999999999998,0.9291231982228016,True,True,0,,,,,,,0,{},14,expanding,40,1965:Q3,,3,0.02
monthly_mixed_frequency_kalman_em,pseudo,2023:Q1:pre_advance:pseudo,2023-04-30,pre_advance,DELTA_SA,DELTA_SA,2023:Q1,0.11751552716695657,0.3715214887919043,0.609525626033807,model_implied_state_space,0.20989999999999998,-0.09238447283304341,True,True,29,-6225.368100667333,-8304.312968336428,-6225.368100667333,0.6153657087306783,9.882244140416909e-05,29.0,0,{},14,expanding,40,1965:Q3,,3,0.02
no_revision,pseudo,2023:Q1:pre_advance:pseudo,2023-04-30,pre_advance,DELTA_SA,DELTA_SA,2023:Q1,0.0,,,not_available,0.20989999999999998,-0.20989999999999998,True,True,0,,,,,,,0,{},14,expanding,40,1965:Q3,,3,0.02
release_dfm,pseudo,2023:Q1:pre_advance:pseudo,2023-04-30,pre_advance,DELTA_SA,DELTA_SA,2023:Q1,0.09584182832387045,,,not_available,0.20989999999999998,-0.11405817167612953,True,True,0,,,,,,,0,{},14,expanding,40,1965:Q3,,3,0.02
revision_dfm_kalman_em,pseudo,2023:Q1:pre_advance:pseudo,2023-04-30,pre_advance,DELTA_SA,DELTA_SA,2023:Q1,0.03750026910422832,0.3923824759934824,0.6264044029167439,model_implied_state_space,0.20989999999999998,-0.17239973089577165,True,True,28,-1878.378794025372,-3431.983867085997,-1878.378794025372,0.16943033516326977,9.014418090864032e-05,28.0,0,{},14,expanding,40,1965:Q3,,3,0.02
standard_dfm,pseudo,2023:Q1:pre_advance:pseudo,2023-04-30,pre_advance,DELTA_SA,DELTA_SA,2023:Q1,0.09584182832387045,,,not_available,0.20989999999999998,-0.11405817167612953,True,True,0,,,,,,,0,{},14,expanding,40,1965:Q3,,3,0.02
ar,exact,2023:Q1:pre_second:exact,2023-05-24,pre_second,DELTA_TS,DELTA_TS,2023:Q1,0.060334311689323794,,,not_available,0.7302,-0.6698656883106762,True,True,0,,,,,,,0,{},14,expanding,40,1965:Q3,,3,0.02
bridge,exact,2023:Q1:pre_second:exact,2023-05-24,pre_second,DELTA_TS,DELTA_TS,2023:Q1,0.10628476839374001,,,not_available,0.7302,-0.62391523160626,True,True,0,,,,,,,0,{},14,expanding,40,1965:Q3,,3,0.02
indicator_revision_only_dfm_kalman_em,exact,2023:Q1:pre_second:exact,2023-05-24,pre_second,DELTA_TS,DELTA_TS,2023:Q1,0.0,0.14269914569583653,0.37775540458852014,model_implied_state_space,0.7302,-0.7302,True,False,50,-3554.2521754944923,-5557.541326370659,-3554.2521754944923,2.0346295254394136,0.0005719610582335414,51.0,0,{},14,expanding,40,1965:Q3,,3,0.02
joint_indicator_revision_dfm_full_kalman_em,exact,2023:Q1:pre_second:exact,2023-05-24,pre_second,DELTA_TS,DELTA_TS,2023:Q1,-0.012879873087958016,0.1400169691858244,0.37418841401869246,model_implied_state_space,0.7302,-0.743079873087958,True,False,50,-3531.2604375755272,-5567.292624095015,-3531.2604375755272,0.7519840922313961,0.0002128450179284742,51.0,0,{},14,expanding,40,1965:Q3,,3,0.02
midas_umidas,exact,2023:Q1:pre_second:exact,2023-05-24,pre_second,DELTA_TS,DELTA_TS,2023:Q1,-0.22923290721575462,,,not_available,0.7302,-0.9594329072157546,True,True,0,,,,,,,0,{},14,expanding,40,1965:Q3,,3,0.02
monthly_mixed_frequency_kalman_em,exact,2023:Q1:pre_second:exact,2023-05-24,pre_second,DELTA_TS,DELTA_TS,2023:Q1,0.06619412396256474,0.14469364345064128,0.3803861767344356,model_implied_state_space,0.7302,-0.6640058760374352,True,True,29,-6237.524323283352,-8320.166253338773,-6237.524323283352,0.6144393485037654,9.848143660208904e-05,29.0,0,{},14,expanding,40,1965:Q3,,3,0.02
no_revision,exact,2023:Q1:pre_second:exact,2023-05-24,pre_second,DELTA_TS,DELTA_TS,2023:Q1,0.0,,,not_available,0.7302,-0.7302,True,True,0,,,,,,,0,{},14,expanding,40,1965:Q3,,3,0.02
release_dfm,exact,2023:Q1:pre_second:exact,2023-05-24,pre_second,DELTA_TS,DELTA_TS,2023:Q1,0.04371471795400317,,,not_available,0.7302,-0.6864852820459968,True,True,0,,,,,,,0,{},14,expanding,40,1965:Q3,,3,0.02
revision_dfm_kalman_em,exact,2023:Q1:pre_second:exact,2023-05-24,pre_second,DELTA_TS,DELTA_TS,2023:Q1,-0.001614920308846024,0.1418544227505184,0.3766356631421385,model_implied_state_space,0.7302,-0.731814920308846,True,True,25,-1876.2041915407342,-3440.6996055439595,-1876.2041915407342,0.16736662826178872,8.914944275869488e-05,25.0,0,{},14,expanding,40,1965:Q3,,3,0.02
standard_dfm,exact,2023:Q1:pre_second:exact,2023-05-24,pre_second,DELTA_TS,DELTA_TS,2023:Q1,0.06327677672515497,,,not_available,0.7302,-0.666923223274845,True,True,0,,,,,,,0,{},14,expanding,40,1965:Q3,,3,0.02
ar,pseudo,2023:Q1:pre_second:pseudo,2023-05-31,pre_second,DELTA_TS,DELTA_TS,2023:Q1,0.060334311689323794,,,not_available,0.7302,-0.6698656883106762,True,True,0,,,,,,,0,{},14,expanding,40,1965:Q3,,3,0.02
bridge,pseudo,2023:Q1:pre_second:pseudo,2023-05-31,pre_second,DELTA_TS,DELTA_TS,2023:Q1,0.09062261310107678,,,not_available,0.7302,-0.6395773868989232,True,True,0,,,,,,,0,{},14,expanding,40,1965:Q3,,3,0.02
indicator_revision_only_dfm_kalman_em,pseudo,2023:Q1:pre_second:pseudo,2023-05-31,pre_second,DELTA_TS,DELTA_TS,2023:Q1,0.0,0.14270363800477892,0.37776135059688004,model_implied_state_space,0.7302,-0.7302,True,False,50,-3555.4229340678553,-5557.59134484565,-3555.4229340678553,2.2649044989466347,0.0006364437123147009,51.0,0,{},14,expanding,40,1965:Q3,,3,0.02
joint_indicator_revision_dfm_full_kalman_em,pseudo,2023:Q1:pre_second:pseudo,2023-05-31,pre_second,DELTA_TS,DELTA_TS,2023:Q1,-0.013177687055554888,0.14000558244620154,0.3741731984605545,model_implied_state_space,0.7302,-0.7433776870555548,True,False,50,-3532.1785928337263,-5567.342723839667,-3532.1785928337263,0.9536129893390353,0.0002698294613223016,51.0,0,{},14,expanding,40,1965:Q3,,3,0.02
midas_umidas,pseudo,2023:Q1:pre_second:pseudo,2023-05-31,pre_second,DELTA_TS,DELTA_TS,2023:Q1,-0.2459288014052703,,,not_available,0.7302,-0.9761288014052703,True,True,0,,,,,,,0,{},14,expanding,40,1965:Q3,,3,0.02
monthly_mixed_frequency_kalman_em,pseudo,2023:Q1:pre_second:pseudo,2023-05-31,pre_second,DELTA_TS,DELTA_TS,2023:Q1,0.06619105301100392,0.14469256692651644,0.38038476169073393,model_implied_state_space,0.7302,-0.664008946988996,True,True,29,-6239.782735870956,-8322.810894062517,-6239.782735870956,0.613382612688838,9.827650753848645e-05,29.0,0,{},14,expanding,40,1965:Q3,,3,0.02
no_revision,pseudo,2023:Q1:pre_second:pseudo,2023-05-31,pre_second,DELTA_TS,DELTA_TS,2023:Q1,0.0,,,not_available,0.7302,-0.7302,True,True,0,,,,,,,0,{},14,expanding,40,1965:Q3,,3,0.02
release_dfm,pseudo,2023:Q1:pre_second:pseudo,2023-05-31,pre_second,DELTA_TS,DELTA_TS,2023:Q1,0.0438330668452771,,,not_available,0.7302,-0.6863669331547229,True,True,0,,,,,,,0,{},14,expanding,40,1965:Q3,,3,0.02
revision_dfm_kalman_em,pseudo,2023:Q1:pre_second:pseudo,2023-05-31,pre_second,DELTA_TS,DELTA_TS,2023:Q1,-0.00172957351158054,0.14185538242322826,0.3766369371466748,model_implied_state_space,0.7302,-0.7319295735115805,True,True,25,-1876.0801892722036,-3440.687334940228,-1876.0801892722036,0.16726907559768733,8.91033703915113e-05,25.0,0,{},14,expanding,40,1965:Q3,,3,0.02
standard_dfm,pseudo,2023:Q1:pre_second:pseudo,2023-05-31,pre_second,DELTA_TS,DELTA_TS,2023:Q1,0.06307853719370549,,,not_available,0.7302,-0.6671214628062945,True,True,0,,,,,,,0,{},14,expanding,40,1965:Q3,,3,0.02
ar,exact,2023:Q1:pre_third:exact,2023-06-28,pre_third,DELTA_MT,DELTA_MT,2023:Q1,-2.3142388313830553,,,not_available,0.9250000000000003,-3.2392388313830556,True,True,0,,,,,,,0,{},14,expanding,40,1965:Q3,,3,0.02
bridge,exact,2023:Q1:pre_third:exact,2023-06-28,pre_third,DELTA_MT,DELTA_MT,2023:Q1,0.6424857130268693,,,not_available,0.9250000000000003,-0.28251428697313097,True,True,0,,,,,,,0,{},14,expanding,40,1965:Q3,,3,0.02
indicator_revision_only_dfm_kalman_em,exact,2023:Q1:pre_third:exact,2023-06-28,pre_third,DELTA_MT,DELTA_MT,2023:Q1,0.0,4.183892228583339,2.0454564841578367,model_implied_state_space,0.9250000000000003,-0.9250000000000003,True,False,50,-3552.3203219780503,-5558.386445349638,-3552.3203219780503,1.8217818632415401,0.0005124357367524423,51.0,0,{},14,expanding,40,1965:Q3,,3,0.02
joint_indicator_revision_dfm_full_kalman_em,exact,2023:Q1:pre_third:exact,2023-06-28,pre_third,DELTA_MT,DELTA_MT,2023:Q1,-0.003543669337415123,4.186052128139637,2.045984390981426,model_implied_state_space,0.9250000000000003,-0.9285436693374154,True,False,50,-3530.0894249733433,-5568.113539349948,-3530.0894249733433,0.5585418147798009,0.00015815330973878745,51.0,0,{},14,expanding,40,1965:Q3,,3,0.02
midas_umidas,exact,2023:Q1:pre_third:exact,2023-06-28,pre_third,DELTA_MT,DELTA_MT,2023:Q1,6.659354775908895,,,not_available,0.9250000000000003,5.734354775908894,True,True,0,,,,,,,0,{},14,expanding,40,1965:Q3,,3,0.02
monthly_mixed_frequency_kalman_em,exact,2023:Q1:pre_third:exact,2023-06-28,pre_third,DELTA_MT,DELTA_MT,2023:Q1,0.04477396477131368,4.151702988942597,2.0375728180711965,model_implied_state_space,0.9250000000000003,-0.8802260352286866,True,True,28,-6249.628086044323,-8312.439671527021,-6249.628086044323,0.6250941354346651,9.999501178685107e-05,28.0,0,{},14,expanding,40,1965:Q3,,3,0.02
no_revision,exact,2023:Q1:pre_third:exact,2023-06-28,pre_third,DELTA_MT,DELTA_MT,2023:Q1,0.0,,,not_available,0.9250000000000003,-0.9250000000000003,True,True,0,,,,,,,0,{},14,expanding,40,1965:Q3,,3,0.02
release_dfm,exact,2023:Q1:pre_third:exact,2023-06-28,pre_third,DELTA_MT,DELTA_MT,2023:Q1,0.36323293679098634,,,not_available,0.9250000000000003,-0.5617670632090139,True,True,0,,,,,,,0,{},14,expanding,40,1965:Q3,,3,0.02
revision_dfm_kalman_em,exact,2023:Q1:pre_third:exact,2023-06-28,pre_third,DELTA_MT,DELTA_MT,2023:Q1,0.0012777440798559248,4.155848633327121,2.038589863932204,model_implied_state_space,0.9250000000000003,-0.9237222559201443,True,True,25,-1875.6453990645323,-3441.9679236590937,-1875.6453990645323,0.16763836796530995,8.932076057753798e-05,25.0,0,{},14,expanding,40,1965:Q3,,3,0.02
standard_dfm,exact,2023:Q1:pre_third:exact,2023-06-28,pre_third,DELTA_MT,DELTA_MT,2023:Q1,0.5549418207923316,,,not_available,0.9250000000000003,-0.3700581792076687,True,True,0,,,,,,,0,{},14,expanding,40,1965:Q3,,3,0.02
ar,pseudo,2023:Q1:pre_third:pseudo,2023-06-30,pre_third,DELTA_MT,DELTA_MT,2023:Q1,-2.3142388313830553,,,not_available,0.9250000000000003,-3.2392388313830556,True,True,0,,,,,,,0,{},14,expanding,40,1965:Q3,,3,0.02
bridge,pseudo,2023:Q1:pre_third:pseudo,2023-06-30,pre_third,DELTA_MT,DELTA_MT,2023:Q1,0.5683660023551149,,,not_available,0.9250000000000003,-0.35663399764488535,True,True,0,,,,,,,0,{},14,expanding,40,1965:Q3,,3,0.02
indicator_revision_only_dfm_kalman_em,pseudo,2023:Q1:pre_third:pseudo,2023-06-30,pre_third,DELTA_MT,DELTA_MT,2023:Q1,0.0,4.183892832466932,2.045456631773681,model_implied_state_space,0.9250000000000003,-0.9250000000000003,True,False,50,-3552.1895374379737,-5558.367405084799,-3552.1895374379737,1.801058101088529,0.0005066280916041143,51.0,0,{},14,expanding,40,1965:Q3,,3,0.02
joint_indicator_revision_dfm_full_kalman_em,pseudo,2023:Q1:pre_third:pseudo,2023-06-30,pre_third,DELTA_MT,DELTA_MT,2023:Q1,-0.003522701947331841,4.186038830482404,2.0459811412821978,model_implied_state_space,0.9250000000000003,-0.9285227019473321,True,False,50,-3529.9870353165593,-5568.0944773953,-3529.9870353165593,0.5380811174236442,0.00015236508298346202,51.0,0,{},14,expanding,40,1965:Q3,,3,0.02
midas_umidas,pseudo,2023:Q1:pre_third:pseudo,2023-06-30,pre_third,DELTA_MT,DELTA_MT,2023:Q1,6.6753451764031,,,not_available,0.9250000000000003,5.7503451764030995,True,True,0,,,,,,,0,{},14,expanding,40,1965:Q3,,3,0.02
monthly_mixed_frequency_kalman_em,pseudo,2023:Q1:pre_third:pseudo,2023-06-30,pre_third,DELTA_MT,DELTA_MT,2023:Q1,0.04362988191018413,4.151796487870174,2.0375957616441425,model_implied_state_space,0.9250000000000003,-0.8813701180898161,True,True,29,-6250.502758745002,-8313.780406769349,-6250.502758745002,0.5686461454006349,9.095323910661623e-05,29.0,0,{},14,expanding,40,1965:Q3,,3,0.02
no_revision,pseudo,2023:Q1:pre_third:pseudo,2023-06-30,pre_third,DELTA_MT,DELTA_MT,2023:Q1,0.0,,,not_available,0.9250000000000003,-0.9250000000000003,True,True,0,,,,,,,0,{},14,expanding,40,1965:Q3,,3,0.02
release_dfm,pseudo,2023:Q1:pre_third:pseudo,2023-06-30,pre_third,DELTA_MT,DELTA_MT,2023:Q1,0.37064239565788637,,,not_available,0.9250000000000003,-0.5543576043421139,True,True,0,,,,,,,0,{},14,expanding,40,1965:Q3,,3,0.02
revision_dfm_kalman_em,pseudo,2023:Q1:pre_third:pseudo,2023-06-30,pre_third,DELTA_MT,DELTA_MT,2023:Q1,0.0012642838354979258,4.1558479690581045,2.038589701008544,model_implied_state_space,0.9250000000000003,-0.9237357161645023,True,True,25,-1875.640287341201,-3441.964287242724,-1875.640287341201,0.16765340227789238,8.932901371435915e-05,25.0,0,{},14,expanding,40,1965:Q3,,3,0.02
standard_dfm,pseudo,2023:Q1:pre_third:pseudo,2023-06-30,pre_third,DELTA_MT,DELTA_MT,2023:Q1,0.5415657425799905,,,not_available,0.9250000000000003,-0.3834342574200098,True,True,0,,,,,,,0,{},14,expanding,40,1965:Q3,,3,0.02
ar,exact,2023:Q2:pre_advance:exact,2023-07-26,pre_advance,DELTA_SA,DELTA_SA,2023:Q2,0.07868614886831926,,,not_available,-0.3529,0.43158614886831925,True,True,0,,,,,,,0,{},14,expanding,40,1965:Q3,,3,0.02
bridge,exact,2023:Q2:pre_advance:exact,2023-07-26,pre_advance,DELTA_SA,DELTA_SA,2023:Q2,0.27884878288106485,,,not_available,-0.3529,0.6317487828810648,True,True,0,,,,,,,0,{},14,expanding,40,1965:Q3,,3,0.02
indicator_revision_only_dfm_kalman_em,exact,2023:Q2:pre_advance:exact,2023-07-26,pre_advance,DELTA_SA,DELTA_SA,2023:Q2,0.0,0.41056649651014343,0.6407546305023034,model_implied_state_space,-0.3529,0.3529,True,False,50,-3561.221016788881,-5599.792427842754,-3561.221016788881,1.3738978294281878,0.0003855370383968975,51.0,0,{},14,expanding,40,1965:Q3,,3,0.02
joint_indicator_revision_dfm_full_kalman_em,exact,2023:Q2:pre_advance:exact,2023-07-26,pre_advance,DELTA_SA,DELTA_SA,2023:Q2,0.48482558496296013,0.37135866521084626,0.6093920455756263,model_implied_state_space,-0.3529,0.8377255849629601,True,True,46,-3539.2553987446,-5610.731895876252,-3539.2553987446,0.28770975233965146,8.126147416456465e-05,46.0,0,{},14,expanding,40,1965:Q3,,3,0.02
midas_umidas,exact,2023:Q2:pre_advance:exact,2023-07-26,pre_advance,DELTA_SA,DELTA_SA,2023:Q2,1.5741506288232605,,,not_available,-0.3529,1.9270506288232605,True,True,0,,,,,,,0,{},14,expanding,40,1965:Q3,,3,0.02
monthly_mixed_frequency_kalman_em,exact,2023:Q2:pre_advance:exact,2023-07-26,pre_advance,DELTA_SA,DELTA_SA,2023:Q2,0.11801734518567475,0.36919749417297254,0.6076162392275016,model_implied_state_space,-0.3529,0.47091734518567474,True,True,28,-6242.887466637736,-8336.377463423803,-6242.887466637736,0.5975367835417273,9.569032245482921e-05,28.0,0,{},14,expanding,40,1965:Q3,,3,0.02
no_revision,exact,2023:Q2:pre_advance:exact,2023-07-26,pre_advance,DELTA_SA,DELTA_SA,2023:Q2,0.0,,,not_available,-0.3529,0.3529,True,True,0,,,,,,,0,{},14,expanding,40,1965:Q3,,3,0.02
release_dfm,exact,2023:Q2:pre_advance:exact,2023-07-26,pre_advance,DELTA_SA,DELTA_SA,2023:Q2,0.09672054327075985,,,not_available,-0.3529,0.44962054327075984,True,True,0,,,,,,,0,{},14,expanding,40,1965:Q3,,3,0.02
revision_dfm_kalman_em,exact,2023:Q2:pre_advance:exact,2023-07-26,pre_advance,DELTA_SA,DELTA_SA,2023:Q2,0.14319770742219262,0.39132281485768594,0.6255580027924557,model_implied_state_space,-0.3529,0.4960977074221926,True,True,29,-1867.734513592612,-3457.649030941547,-1867.734513592612,0.17707467224727225,9.474748477089409e-05,29.0,0,{},14,expanding,40,1965:Q3,,3,0.02
standard_dfm,exact,2023:Q2:pre_advance:exact,2023-07-26,pre_advance,DELTA_SA,DELTA_SA,2023:Q2,0.09672054327075985,,,not_available,-0.3529,0.44962054327075984,True,True,0,,,,,,,0,{},14,expanding,40,1965:Q3,,3,0.02
ar,pseudo,2023:Q2:pre_advance:pseudo,2023-07-31,pre_advance,DELTA_SA,DELTA_SA,2023:Q2,0.07868614886831926,,,not_available,-0.3529,0.43158614886831925,True,True,0,,,,,,,0,{},14,expanding,40,1965:Q3,,3,0.02
bridge,pseudo,2023:Q2:pre_advance:pseudo,2023-07-31,pre_advance,DELTA_SA,DELTA_SA,2023:Q2,0.3007966564224216,,,not_available,-0.3529,0.6536966564224216,True,True,0,,,,,,,0,{},14,expanding,40,1965:Q3,,3,0.02
indicator_revision_only_dfm_kalman_em,pseudo,2023:Q2:pre_advance:pseudo,2023-07-31,pre_advance,DELTA_SA,DELTA_SA,2023:Q2,0.0,0.41057193386973,0.6407588734225458,model_implied_state_space,-0.3529,0.3529,True,False,50,-3561.7819178392506,-5600.129480296163,-3561.7819178392506,1.351401886356598,0.00037916704150130914,51.0,0,{},14,expanding,40,1965:Q3,,3,0.02
joint_indicator_revision_dfm_full_kalman_em,pseudo,2023:Q2:pre_advance:pseudo,2023-07-31,pre_advance,DELTA_SA,DELTA_SA,2023:Q2,0.48661724338270496,0.3719274545608142,0.6098585529127342,model_implied_state_space,-0.3529,0.839517243382705,True,True,44,-3540.197150930498,-5611.068988391473,-3540.197150930498,0.3451912607770282,9.746918924692184e-05,44.0,0,{},14,expanding,40,1965:Q3,,3,0.02
midas_umidas,pseudo,2023:Q2:pre_advance:pseudo,2023-07-31,pre_advance,DELTA_SA,DELTA_SA,2023:Q2,1.5415163911934835,,,not_available,-0.3529,1.8944163911934835,True,True,0,,,,,,,0,{},14,expanding,40,1965:Q3,,3,0.02
monthly_mixed_frequency_kalman_em,pseudo,2023:Q2:pre_advance:pseudo,2023-07-31,pre_advance,DELTA_SA,DELTA_SA,2023:Q2,0.11872414075579218,0.36920389474786397,0.6076215061597672,model_implied_state_space,-0.3529,0.4716241407557922,True,True,28,-6246.26129212147,-8339.204677727917,-6246.26129212147,0.5993356197122921,9.592653476474436e-05,28.0,0,{},14,expanding,40,1965:Q3,,3,0.02
no_revision,pseudo,2023:Q2:pre_advance:pseudo,2023-07-31,pre_advance,DELTA_SA,DELTA_SA,2023:Q2,0.0,,,not_available,-0.3529,0.3529,True,True,0,,,,,,,0,{},14,expanding,40,1965:Q3,,3,0.02
release_dfm,pseudo,2023:Q2:pre_advance:pseudo,2023-07-31,pre_advance,DELTA_SA,DELTA_SA,2023:Q2,0.0967589701553293,,,not_available,-0.3529,0.4496589701553293,True,True,0,,,,,,,0,{},14,expanding,40,1965:Q3,,3,0.02
revision_dfm_kalman_em,pseudo,2023:Q2:pre_advance:pseudo,2023-07-31,pre_advance,DELTA_SA,DELTA_SA,2023:Q2,0.14359448284347565,0.3913790415319385,0.6256029423939264,model_implied_state_space,-0.3529,0.49649448284347564,True,True,29,-1868.3592448803504,-3457.7741544026776,-1868.3592448803504,0.17812242697300462,9.527620580783182e-05,29.0,0,{},14,expanding,40,1965:Q3,,3,0.02
standard_dfm,pseudo,2023:Q2:pre_advance:pseudo,2023-07-31,pre_advance,DELTA_SA,DELTA_SA,2023:Q2,0.0967589701553293,,,not_available,-0.3529,0.4496589701553293,True,True,0,,,,,,,0,{},14,expanding,40,1965:Q3,,3,0.02
ar,exact,2023:Q2:pre_second:exact,2023-08-29,pre_second,DELTA_TS,DELTA_TS,2023:Q2,0.1087417862766018,,,not_available,0.0009000000000001229,0.10784178627660168,True,True,0,,,,,,,0,{},14,expanding,40,1965:Q3,,3,0.02
bridge,exact,2023:Q2:pre_second:exact,2023-08-29,pre_second,DELTA_TS,DELTA_TS,2023:Q2,0.1858629228869979,,,not_available,0.0009000000000001229,0.18496292288699778,True,True,0,,,,,,,0,{},14,expanding,40,1965:Q3,,3,0.02
indicator_revision_only_dfm_kalman_em,exact,2023:Q2:pre_second:exact,2023-08-29,pre_second,DELTA_TS,DELTA_TS,2023:Q2,0.0,0.14439517868892549,0.37999365611668506,model_implied_state_space,0.0009000000000001229,-0.0009000000000001229,True,False,50,-3562.1009653120964,-5601.402386972801,-3562.1009653120964,1.3474890363117993,0.00037803577568023053,51.0,0,{},14,expanding,40,1965:Q3,,3,0.02
joint_indicator_revision_dfm_full_kalman_em,exact,2023:Q2:pre_second:exact,2023-08-29,pre_second,DELTA_TS,DELTA_TS,2023:Q2,0.01427756262220381,0.14188868596081383,0.376681146277344,model_implied_state_space,0.0009000000000001229,0.013377562622203687,True,True,44,-3540.6722456688917,-5612.425764800726,-3540.6722456688917,0.35154112707323293,9.924866354193209e-05,44.0,0,{},14,expanding,40,1965:Q3,,3,0.02
midas_umidas,exact,2023:Q2:pre_second:exact,2023-08-29,pre_second,DELTA_TS,DELTA_TS,2023:Q2,0.39898617216135746,,,not_available,0.0009000000000001229,0.39808617216135733,True,True,0,,,,,,,0,{},14,expanding,40,1965:Q3,,3,0.02
monthly_mixed_frequency_kalman_em,exact,2023:Q2:pre_second:exact,2023-08-29,pre_second,DELTA_TS,DELTA_TS,2023:Q2,0.04020581504320875,0.14614327297858143,0.3822868987796749,model_implied_state_space,0.0009000000000001229,0.039305815043208625,True,True,29,-6270.679786129267,-8392.850322523933,-6270.679786129267,0.595911205730772,9.500717673873398e-05,29.0,0,{},14,expanding,40,1965:Q3,,3,0.02
no_revision,exact,2023:Q2:pre_second:exact,2023-08-29,pre_second,DELTA_TS,DELTA_TS,2023:Q2,0.0,,,not_available,0.0009000000000001229,-0.0009000000000001229,True,True,0,,,,,,,0,{},14,expanding,40,1965:Q3,,3,0.02
release_dfm,exact,2023:Q2:pre_second:exact,2023-08-29,pre_second,DELTA_TS,DELTA_TS,2023:Q2,0.049634846150354406,,,not_available,0.0009000000000001229,0.04873484615035428,True,True,0,,,,,,,0,{},14,expanding,40,1965:Q3,,3,0.02
revision_dfm_kalman_em,exact,2023:Q2:pre_second:exact,2023-08-29,pre_second,DELTA_TS,DELTA_TS,2023:Q2,0.005050669754121717,0.14367769309908163,0.3790484046913819,model_implied_state_space,0.0009000000000001229,0.004150669754121594,True,True,24,-1869.1659971342444,-3468.1759991656377,-1869.1659971342444,0.18514954324496102,9.899186234299508e-05,24.0,0,{},14,expanding,40,1965:Q3,,3,0.02
standard_dfm,exact,2023:Q2:pre_second:exact,2023-08-29,pre_second,DELTA_TS,DELTA_TS,2023:Q2,0.06930379867325742,,,not_available,0.0009000000000001229,0.0684037986732573,True,True,0,,,,,,,0,{},14,expanding,40,1965:Q3,,3,0.02
ar,pseudo,2023:Q2:pre_second:pseudo,2023-08-31,pre_second,DELTA_TS,DELTA_TS,2023:Q2,0.1087417862766018,,,not_available,0.0009000000000001229,0.10784178627660168,True,True,0,,,,,,,0,{},14,expanding,40,1965:Q3,,3,0.02
bridge,pseudo,2023:Q2:pre_second:pseudo,2023-08-31,pre_second,DELTA_TS,DELTA_TS,2023:Q2,0.18395537345362256,,,not_available,0.0009000000000001229,0.18305537345362244,True,True,0,,,,,,,0,{},14,expanding,40,1965:Q3,,3,0.02
indicator_revision_only_dfm_kalman_em,pseudo,2023:Q2:pre_second:pseudo,2023-08-31,pre_second,DELTA_TS,DELTA_TS,2023:Q2,0.0,0.14439517603418117,0.37999365262354207,model_implied_state_space,0.0009000000000001229,-0.0009000000000001229,True,False,50,-3562.1006922895485,-5601.404855705104,-3562.1006922895485,1.347424051764392,0.00037801758022149023,51.0,0,{},14,expanding,40,1965:Q3,,3,0.02
joint_indicator_revision_dfm_full_kalman_em,pseudo,2023:Q2:pre_second:pseudo,2023-08-31,pre_second,DELTA_TS,DELTA_TS,2023:Q2,0.01427821840187482,0.14188868803816446,0.37668114903478306,model_implied_state_space,0.0009000000000001229,0.013378218401874697,True,True,44,-3540.6719929131245,-5612.428233867232,-3540.6719929131245,0.3513929808073044,9.920684945410665e-05,44.0,0,{},14,expanding,40,1965:Q3,,3,0.02
midas_umidas,pseudo,2023:Q2:pre_second:pseudo,2023-08-31,pre_second,DELTA_TS,DELTA_TS,2023:Q2,0.4168881480077147,,,not_available,0.0009000000000001229,0.41598814800771455,True,True,0,,,,,,,0,{},14,expanding,40,1965:Q3,,3,0.02
monthly_mixed_frequency_kalman_em,pseudo,2023:Q2:pre_second:pseudo,2023-08-31,pre_second,DELTA_TS,DELTA_TS,2023:Q2,0.04019165587073514,0.14614447084260418,0.38228846548464446,model_implied_state_space,0.0009000000000001229,0.03929165587073502,True,True,29,-6272.106674034055,-8394.186911469053,-6272.106674034055,0.5963899458820379,9.506187012677925e-05,29.0,0,{},14,expanding,40,1965:Q3,,3,0.02
no_revision,pseudo,2023:Q2:pre_second:pseudo,2023-08-31,pre_second,DELTA_TS,DELTA_TS,2023:Q2,0.0,,,not_available,0.0009000000000001229,-0.0009000000000001229,True,True,0,,,,,,,0,{},14,expanding,40,1965:Q3,,3,0.02
release_dfm,pseudo,2023:Q2:pre_second:pseudo,2023-08-31,pre_second,DELTA_TS,DELTA_TS,2023:Q2,0.04965074043656559,,,not_available,0.0009000000000001229,0.048750740436565465,True,True,0,,,,,,,0,{},14,expanding,40,1965:Q3,,3,0.02
revision_dfm_kalman_em,pseudo,2023:Q2:pre_second:pseudo,2023-08-31,pre_second,DELTA_TS,DELTA_TS,2023:Q2,0.005055389459287518,0.14367770747266018,0.37904842365146457,model_implied_state_space,0.0009000000000001229,0.004155389459287395,True,True,24,-1869.1648403665592,-3468.1769539822126,-1869.1648403665592,0.18514857619288705,9.899140657495098e-05,24.0,0,{},14,expanding,40,1965:Q3,,3,0.02
standard_dfm,pseudo,2023:Q2:pre_second:pseudo,2023-08-31,pre_second,DELTA_TS,DELTA_TS,2023:Q2,0.06928061279141673,,,not_available,0.0009000000000001229,0.0683806127914166,True,True,0,,,,,,,0,{},14,expanding,40,1965:Q3,,3,0.02
ar,exact,2023:Q2:pre_third:exact,2023-09-27,pre_third,DELTA_MT,DELTA_MT,2023:Q2,-12.594883125101848,,,not_available,0.4737,-13.06858312510185,True,True,0,,,,,,,0,{},14,expanding,40,1965:Q3,,3,0.02
bridge,exact,2023:Q2:pre_third:exact,2023-09-27,pre_third,DELTA_MT,DELTA_MT,2023:Q2,0.015203039871560353,,,not_available,0.4737,-0.45849696012843966,True,True,0,,,,,,,0,{},14,expanding,40,1965:Q3,,3,0.02
indicator_revision_only_dfm_kalman_em,exact,2023:Q2:pre_third:exact,2023-09-27,pre_third,DELTA_MT,DELTA_MT,2023:Q2,0.0,4.197929627937553,2.048884971865808,model_implied_state_space,0.4737,-0.4737,True,True,22,-3619.9610682836624,-5614.47471010588,-3619.9610682836624,0.36036837524898147,9.951294894757066e-05,22.0,0,{},14,expanding,40,1965:Q3,,3,0.02
joint_indicator_revision_dfm_full_kalman_em,exact,2023:Q2:pre_third:exact,2023-09-27,pre_third,DELTA_MT,DELTA_MT,2023:Q2,-0.0014651521232553755,4.202427140388949,2.049982229286134,model_implied_state_space,0.4737,-0.4751651521232554,True,True,26,-3583.7117896669247,-5626.930666763125,-3583.7117896669247,0.33808872410190816,9.430516605633467e-05,26.0,0,{},14,expanding,40,1965:Q3,,3,0.02
midas_umidas,exact,2023:Q2:pre_third:exact,2023-09-27,pre_third,DELTA_MT,DELTA_MT,2023:Q2,-0.44608417218794516,,,not_available,0.4737,-0.9197841721879452,True,True,0,,,,,,,0,{},14,expanding,40,1965:Q3,,3,0.02
monthly_mixed_frequency_kalman_em,exact,2023:Q2:pre_third:exact,2023-09-27,pre_third,DELTA_MT,DELTA_MT,2023:Q2,-0.01898640572759147,4.1777836100073555,2.04396272226461,model_implied_state_space,0.4737,-0.4926864057275915,True,True,29,-6284.847682590604,-8413.02125565041,-6284.847682590604,0.5911701471686683,9.403895607943614e-05,29.0,0,{},14,expanding,40,1965:Q3,,3,0.02
no_revision,exact,2023:Q2:pre_third:exact,2023-09-27,pre_third,DELTA_MT,DELTA_MT,2023:Q2,0.0,,,not_available,0.4737,-0.4737,True,True,0,,,,,,,0,{},14,expanding,40,1965:Q3,,3,0.02
release_dfm,exact,2023:Q2:pre_third:exact,2023-09-27,pre_third,DELTA_MT,DELTA_MT,2023:Q2,0.43332994344622433,,,not_available,0.4737,-0.04037005655377568,True,True,0,,,,,,,0,{},14,expanding,40,1965:Q3,,3,0.02
revision_dfm_kalman_em,exact,2023:Q2:pre_third:exact,2023-09-27,pre_third,DELTA_MT,DELTA_MT,2023:Q2,-0.002729931435764499,4.208645731636906,2.051498411317178,model_implied_state_space,0.4737,-0.4764299314357645,True,True,29,-1868.6503691483776,-3460.4300363408397,-1868.6503691483776,0.17945955451045847,9.597641012869638e-05,29.0,0,{},14,expanding,40,1965:Q3,,3,0.02
standard_dfm,exact,2023:Q2:pre_third:exact,2023-09-27,pre_third,DELTA_MT,DELTA_MT,2023:Q2,0.21354279262723797,,,not_available,0.4737,-0.26015720737276204,True,True,0,,,,,,,0,{},14,expanding,40,1965:Q3,,3,0.02
ar,pseudo,2023:Q2:pre_third:pseudo,2023-09-30,pre_third,DELTA_MT,DELTA_MT,2023:Q2,-12.594883125101848,,,not_available,0.4737,-13.06858312510185,True,True,0,,,,,,,0,{},14,expanding,40,1965:Q3,,3,0.02
bridge,pseudo,2023:Q2:pre_third:pseudo,2023-09-30,pre_third,DELTA_MT,DELTA_MT,2023:Q2,-0.003315057227022411,,,not_available,0.4737,-0.4770150572270224,True,True,0,,,,,,,0,{},14,expanding,40,1965:Q3,,3,0.02
indicator_revision_only_dfm_kalman_em,pseudo,2023:Q2:pre_third:pseudo,2023-09-30,pre_third,DELTA_MT,DELTA_MT,2023:Q2,0.0,4.2000456345239465,2.049401286845489,model_implied_state_space,0.4737,-0.4737,True,True,23,-3618.5643836458685,-5614.559914737218,-3618.5643836458685,0.35712138526969284,9.86544555657764e-05,23.0,0,{},14,expanding,40,1965:Q3,,3,0.02
joint_indicator_revision_dfm_full_kalman_em,pseudo,2023:Q2:pre_third:pseudo,2023-09-30,pre_third,DELTA_MT,DELTA_MT,2023:Q2,-0.0011960839024314218,4.2063692057625435,2.0509434916063736,model_implied_state_space,0.4737,-0.47489608390243143,True,True,28,-3581.859181453768,-5627.018449676714,-3581.859181453768,0.35513865932398403,9.911175486504957e-05,28.0,0,{},14,expanding,40,1965:Q3,,3,0.02
midas_umidas,pseudo,2023:Q2:pre_third:pseudo,2023-09-30,pre_third,DELTA_MT,DELTA_MT,2023:Q2,-0.26980871969739306,,,not_available,0.4737,-0.7435087196973931,True,True,0,,,,,,,0,{},14,expanding,40,1965:Q3,,3,0.02
monthly_mixed_frequency_kalman_em,pseudo,2023:Q2:pre_third:pseudo,2023-09-30,pre_third,DELTA_MT,DELTA_MT,2023:Q2,-0.019170922285835612,4.1778078627629025,2.043968655034343,model_implied_state_space,0.4737,-0.4928709222858356,True,True,29,-6284.139096953304,-8413.22599140101,-6284.139096953304,0.5945635219177348,9.458935965683024e-05,29.0,0,{},14,expanding,40,1965:Q3,,3,0.02
no_revision,pseudo,2023:Q2:pre_third:pseudo,2023-09-30,pre_third,DELTA_MT,DELTA_MT,2023:Q2,0.0,,,not_available,0.4737,-0.4737,True,True,0,,,,,,,0,{},14,expanding,40,1965:Q3,,3,0.02
release_dfm,pseudo,2023:Q2:pre_third:pseudo,2023-09-30,pre_third,DELTA_MT,DELTA_MT,2023:Q2,0.4363691134143295,,,not_available,0.4737,-0.03733088658567052,True,True,0,,,,,,,0,{},14,expanding,40,1965:Q3,,3,0.02
revision_dfm_kalman_em,pseudo,2023:Q2:pre_third:pseudo,2023-09-30,pre_third,DELTA_MT,DELTA_MT,2023:Q2,-0.0026871428850974155,4.208629001110373,2.051494333677374,model_implied_state_space,0.4737,-0.4763871428850974,True,True,29,-1867.9416968896699,-3460.3114518310804,-1867.9416968896699,0.1802432102401781,9.643202317262594e-05,29.0,0,{},14,expanding,40,1965:Q3,,3,0.02
standard_dfm,pseudo,2023:Q2:pre_third:pseudo,2023-09-30,pre_third,DELTA_MT,DELTA_MT,2023:Q2,0.21334578823112338,,,not_available,0.4737,-0.26035421176887663,True,True,0,,,,,,,0,{},14,expanding,40,1965:Q3,,3,0.02
ar,exact,2023:Q3:pre_advance:exact,2023-10-25,pre_advance,DELTA_SA,DELTA_SA,2023:Q3,0.06560092399048179,,,not_available,0.2763,-0.2106990760095182,True,True,0,,,,,,,0,{},14,expanding,40,1965:Q3,,3,0.02
bridge,exact,2023:Q3:pre_advance:exact,2023-10-25,pre_advance,DELTA_SA,DELTA_SA,2023:Q3,0.0051377245181201125,,,not_available,0.2763,-0.2711622754818799,True,True,0,,,,,,,0,{},14,expanding,40,1965:Q3,,3,0.02
indicator_revision_only_dfm_kalman_em,exact,2023:Q3:pre_advance:exact,2023-10-25,pre_advance,DELTA_SA,DELTA_SA,2023:Q3,0.0,0.4098890875221892,0.6402258097907247,model_implied_state_space,0.2763,-0.2763,True,True,46,-3523.3399129162367,-5639.193436434214,-3523.3399129162367,0.3434796070664561,9.744977599833747e-05,46.0,0,{},14,expanding,40,1965:Q3,,3,0.02
joint_indicator_revision_dfm_full_kalman_em,exact,2023:Q3:pre_advance:exact,2023-10-25,pre_advance,DELTA_SA,DELTA_SA,2023:Q3,0.06445425431946905,0.3644725892604921,0.603715652654867,model_implied_state_space,0.2763,-0.21184574568053094,True,False,50,-3496.012228685919,-5651.371167502614,-3496.012228685919,0.3296980663399154,9.427104162105286e-05,51.0,0,{},14,expanding,40,1965:Q3,,3,0.02
midas_umidas,exact,2023:Q3:pre_advance:exact,2023-10-25,pre_advance,DELTA_SA,DELTA_SA,2023:Q3,0.7996292377059344,,,not_available,0.2763,0.5233292377059344,True,True,0,,,,,,,0,{},14,expanding,40,1965:Q3,,3,0.02
monthly_mixed_frequency_kalman_em,exact,2023:Q3:pre_advance:exact,2023-10-25,pre_advance,DELTA_SA,DELTA_SA,2023:Q3,0.1421757883877004,0.36704442221225975,0.6058419118980295,model_implied_state_space,0.2763,-0.1341242116122996,True,True,28,-6271.232872160944,-8434.48163553542,-6271.232872160944,0.6123506651765638,9.761928493760602e-05,28.0,0,{},14,expanding,40,1965:Q3,,3,0.02
no_revision,exact,2023:Q3:pre_advance:exact,2023-10-25,pre_advance,DELTA_SA,DELTA_SA,2023:Q3,0.0,,,not_available,0.2763,-0.2763,True,True,0,,,,,,,0,{},14,expanding,40,1965:Q3,,3,0.02
release_dfm,exact,2023:Q3:pre_advance:exact,2023-10-25,pre_advance,DELTA_SA,DELTA_SA,2023:Q3,0.0944582262371978,,,not_available,0.2763,-0.1818417737628022,True,True,0,,,,,,,0,{},14,expanding,40,1965:Q3,,3,0.02
revision_dfm_kalman_em,exact,2023:Q3:pre_advance:exact,2023-10-25,pre_advance,DELTA_SA,DELTA_SA,2023:Q3,0.14794353320726072,0.39019542185252476,0.6246562429468906,model_implied_state_space,0.2763,-0.12835646679273927,True,True,25,-1855.7493985873973,-3493.4148314092345,-1855.7493985873973,0.17016211740246945,9.163677361332974e-05,25.0,0,{},14,expanding,40,1965:Q3,,3,0.02
standard_dfm,exact,2023:Q3:pre_advance:exact,2023-10-25,pre_advance,DELTA_SA,DELTA_SA,2023:Q3,0.0944582262371978,,,not_available,0.2763,-0.1818417737628022,True,True,0,,,,,,,0,{},14,expanding,40,1965:Q3,,3,0.02
ar,pseudo,2023:Q3:pre_advance:pseudo,2023-10-31,pre_advance,DELTA_SA,DELTA_SA,2023:Q3,0.06560092399048179,,,not_available,0.2763,-0.2106990760095182,True,True,0,,,,,,,0,{},14,expanding,40,1965:Q3,,3,0.02
bridge,pseudo,2023:Q3:pre_advance:pseudo,2023-10-31,pre_advance,DELTA_SA,DELTA_SA,2023:Q3,0.023480044784462972,,,not_available,0.2763,-0.252819955215537,True,True,0,,,,,,,0,{},14,expanding,40,1965:Q3,,3,0.02
indicator_revision_only_dfm_kalman_em,pseudo,2023:Q3:pre_advance:pseudo,2023-10-31,pre_advance,DELTA_SA,DELTA_SA,2023:Q3,0.0,0.41000882420097806,0.6403193142495219,model_implied_state_space,0.2763,-0.2763,True,True,45,-3523.3097515325185,-5638.828506327689,-3523.3097515325185,0.3329513394278365,9.446385562898088e-05,45.0,0,{},14,expanding,40,1965:Q3,,3,0.02
joint_indicator_revision_dfm_full_kalman_em,pseudo,2023:Q3:pre_advance:pseudo,2023-10-31,pre_advance,DELTA_SA,DELTA_SA,2023:Q3,0.08744478172013137,0.3650411234332678,0.604186331716688,model_implied_state_space,0.2763,-0.18885521827986862,True,True,48,-3496.1207574634263,-5651.0062995951375,-3496.1207574634263,0.34485190462373794,9.860051338318907e-05,48.0,0,{},14,expanding,40,1965:Q3,,3,0.02
midas_umidas,pseudo,2023:Q3:pre_advance:pseudo,2023-10-31,pre_advance,DELTA_SA,DELTA_SA,2023:Q3,0.7289282085093944,,,not_available,0.2763,0.45262820850939445,True,True,0,,,,,,,0,{},14,expanding,40,1965:Q3,,3,0.02
monthly_mixed_frequency_kalman_em,pseudo,2023:Q3:pre_advance:pseudo,2023-10-31,pre_advance,DELTA_SA,DELTA_SA,2023:Q3,0.14247483677092454,0.3670428465767017,0.6058406115280666,model_implied_state_space,0.2763,-0.13382516322907545,True,True,28,-6273.936043005521,-8437.211857189966,-6273.936043005521,0.6123666530402261,9.757978316249553e-05,28.0,0,{},14,expanding,40,1965:Q3,,3,0.02
no_revision,pseudo,2023:Q3:pre_advance:pseudo,2023-10-31,pre_advance,DELTA_SA,DELTA_SA,2023:Q3,0.0,,,not_available,0.2763,-0.2763,True,True,0,,,,,,,0,{},14,expanding,40,1965:Q3,,3,0.02
release_dfm,pseudo,2023:Q3:pre_advance:pseudo,2023-10-31,pre_advance,DELTA_SA,DELTA_SA,2023:Q3,0.09446093418237966,,,not_available,0.2763,-0.18183906581762033,True,True,0,,,,,,,0,{},14,expanding,40,1965:Q3,,3,0.02
revision_dfm_kalman_em,pseudo,2023:Q3:pre_advance:pseudo,2023-10-31,pre_advance,DELTA_SA,DELTA_SA,2023:Q3,0.14824288488901294,0.390177228348092,0.624641679963875,model_implied_state_space,0.2763,-0.12805711511098705,True,True,25,-1855.4589074317412,-3493.3577983262494,-1855.4589074317412,0.16993032445316203,9.15262765489139e-05,25.0,0,{},14,expanding,40,1965:Q3,,3,0.02
standard_dfm,pseudo,2023:Q3:pre_advance:pseudo,2023-10-31,pre_advance,DELTA_SA,DELTA_SA,2023:Q3,0.09446093418237966,,,not_available,0.2763,-0.18183906581762033,True,True,0,,,,,,,0,{},14,expanding,40,1965:Q3,,3,0.02
ar,exact,2023:Q3:pre_second:exact,2023-11-28,pre_second,DELTA_TS,DELTA_TS,2023:Q3,0.0694852593005626,,,not_available,-0.2930999999999999,0.3625852593005625,True,True,0,,,,,,,0,{},14,expanding,40,1965:Q3,,3,0.02
bridge,exact,2023:Q3:pre_second:exact,2023-11-28,pre_second,DELTA_TS,DELTA_TS,2023:Q3,0.17613056360322332,,,not_available,-0.2930999999999999,0.46923056360322324,True,True,0,,,,,,,0,{},14,expanding,40,1965:Q3,,3,0.02
indicator_revision_only_dfm_kalman_em,exact,2023:Q3:pre_second:exact,2023-11-28,pre_second,DELTA_TS,DELTA_TS,2023:Q3,0.0,0.1439495262643573,0.37940680840538077,model_implied_state_space,-0.2930999999999999,0.2930999999999999,True,True,47,-3524.535072829066,-5640.079148193432,-3524.535072829066,0.32430640571692493,9.197939306000035e-05,47.0,0,{},14,expanding,40,1965:Q3,,3,0.02
joint_indicator_revision_dfm_full_kalman_em,exact,2023:Q3:pre_second:exact,2023-11-28,pre_second,DELTA_TS,DELTA_TS,2023:Q3,0.011683470267400686,0.14093464221873198,0.3754126292744185,model_implied_state_space,-0.2930999999999999,0.3047834702674006,True,False,50,-3500.123072593989,-5652.330355059715,-3500.123072593989,1.1839470081231411,0.00033804775009634827,51.0,0,{},14,expanding,40,1965:Q3,,3,0.02
midas_umidas,exact,2023:Q3:pre_second:exact,2023-11-28,pre_second,DELTA_TS,DELTA_TS,2023:Q3,-0.06511697215331758,,,not_available,-0.2930999999999999,0.22798302784668234,True,True,0,,,,,,,0,{},14,expanding,40,1965:Q3,,3,0.02
monthly_mixed_frequency_kalman_em,exact,2023:Q3:pre_second:exact,2023-11-28,pre_second,DELTA_TS,DELTA_TS,2023:Q3,0.06889392824737861,0.14606843060210495,0.3821889985362019,model_implied_state_space,-0.2930999999999999,0.3619939282473785,True,True,28,-6291.491351685551,-8456.424228187041,-6291.491351685551,0.6106352707283804,9.703247651063735e-05,28.0,0,{},14,expanding,40,1965:Q3,,3,0.02
no_revision,exact,2023:Q3:pre_second:exact,2023-11-28,pre_second,DELTA_TS,DELTA_TS,2023:Q3,0.0,,,not_available,-0.2930999999999999,0.2930999999999999,True,True,0,,,,,,,0,{},14,expanding,40,1965:Q3,,3,0.02
release_dfm,exact,2023:Q3:pre_second:exact,2023-11-28,pre_second,DELTA_TS,DELTA_TS,2023:Q3,0.05893570486073063,,,not_available,-0.2930999999999999,0.35203570486073055,True,True,0,,,,,,,0,{},14,expanding,40,1965:Q3,,3,0.02
revision_dfm_kalman_em,exact,2023:Q3:pre_second:exact,2023-11-28,pre_second,DELTA_TS,DELTA_TS,2023:Q3,0.011190788373667715,0.14202116756601713,0.3768569590255925,model_implied_state_space,-0.2930999999999999,0.30429078837366763,True,True,32,-1856.4606365798168,-3482.4963520655856,-1856.4606365798168,0.16947183967795354,9.123013182755917e-05,32.0,0,{},14,expanding,40,1965:Q3,,3,0.02
standard_dfm,exact,2023:Q3:pre_second:exact,2023-11-28,pre_second,DELTA_TS,DELTA_TS,2023:Q3,0.06737331219501241,,,not_available,-0.2930999999999999,0.36047331219501233,True,True,0,,,,,,,0,{},14,expanding,40,1965:Q3,,3,0.02
ar,pseudo,2023:Q3:pre_second:pseudo,2023-11-30,pre_second,DELTA_TS,DELTA_TS,2023:Q3,0.0694852593005626,,,not_available,-0.2930999999999999,0.3625852593005625,True,True,0,,,,,,,0,{},14,expanding,40,1965:Q3,,3,0.02
bridge,pseudo,2023:Q3:pre_second:pseudo,2023-11-30,pre_second,DELTA_TS,DELTA_TS,2023:Q3,0.18669342832624602,,,not_available,-0.2930999999999999,0.47979342832624594,True,True,0,,,,,,,0,{},14,expanding,40,1965:Q3,,3,0.02
indicator_revision_only_dfm_kalman_em,pseudo,2023:Q3:pre_second:pseudo,2023-11-30,pre_second,DELTA_TS,DELTA_TS,2023:Q3,0.0,0.14394954047399378,0.3794068271315024,model_implied_state_space,-0.2930999999999999,0.2930999999999999,True,True,47,-3524.534939018613,-5640.084930296222,-3524.534939018613,0.32240014761828206,9.143879533552566e-05,47.0,0,{},14,expanding,40,1965:Q3,,3,0.02
joint_indicator_revision_dfm_full_kalman_em,pseudo,2023:Q3:pre_second:pseudo,2023-11-30,pre_second,DELTA_TS,DELTA_TS,2023:Q3,0.011690116467473644,0.14093681043371653,0.37541551703907566,model_implied_state_space,-0.2930999999999999,0.30479011646747356,True,False,50,-3500.018882846398,-5652.33612366513,-3500.018882846398,1.127696516859487,0.0003220015185842162,51.0,0,{},14,expanding,40,1965:Q3,,3,0.02
midas_umidas,pseudo,2023:Q3:pre_second:pseudo,2023-11-30,pre_second,DELTA_TS,DELTA_TS,2023:Q3,-0.0582825664905009,,,not_available,-0.2930999999999999,0.23481743350949902,True,True,0,,,,,,,0,{},14,expanding,40,1965:Q3,,3,0.02
monthly_mixed_frequency_kalman_em,pseudo,2023:Q3:pre_second:pseudo,2023-11-30,pre_second,DELTA_TS,DELTA_TS,2023:Q3,0.06899474513836346,0.14607038519437776,0.38219155562934376,model_implied_state_space,-0.2930999999999999,0.36209474513836337,True,True,28,-6292.942281210414,-8457.769307520315,-6292.942281210414,0.6113785419856868,9.712818017500795e-05,28.0,0,{},14,expanding,40,1965:Q3,,3,0.02
no_revision,pseudo,2023:Q3:pre_second:pseudo,2023-11-30,pre_second,DELTA_TS,DELTA_TS,2023:Q3,0.0,,,not_available,-0.2930999999999999,0.2930999999999999,True,True,0,,,,,,,0,{},14,expanding,40,1965:Q3,,3,0.02
release_dfm,pseudo,2023:Q3:pre_second:pseudo,2023-11-30,pre_second,DELTA_TS,DELTA_TS,2023:Q3,0.05885749098096671,,,not_available,-0.2930999999999999,0.3519574909809666,True,True,0,,,,,,,0,{},14,expanding,40,1965:Q3,,3,0.02
revision_dfm_kalman_em,pseudo,2023:Q3:pre_second:pseudo,2023-11-30,pre_second,DELTA_TS,DELTA_TS,2023:Q3,0.011145504023696517,0.14202141533886226,0.3768572877613783,model_implied_state_space,-0.2930999999999999,0.30424550402369643,True,True,32,-1856.4451579891772,-3482.500650603597,-1856.4451579891772,0.16940603982266111,9.119547354066527e-05,32.0,0,{},14,expanding,40,1965:Q3,,3,0.02
standard_dfm,pseudo,2023:Q3:pre_second:pseudo,2023-11-30,pre_second,DELTA_TS,DELTA_TS,2023:Q3,0.06750301311896578,,,not_available,-0.2930999999999999,0.3606030131189657,True,True,0,,,,,,,0,{},14,expanding,40,1965:Q3,,3,0.02
ar,exact,2023:Q3:pre_third:exact,2023-12-20,pre_third,DELTA_MT,DELTA_MT,2023:Q3,0.15897887578753123,,,not_available,-0.16579999999999995,0.3247788757875312,True,True,0,,,,,,,0,{},14,expanding,40,1965:Q3,,3,0.02
bridge,exact,2023:Q3:pre_third:exact,2023-12-20,pre_third,DELTA_MT,DELTA_MT,2023:Q3,0.2131344425929731,,,not_available,-0.16579999999999995,0.37893444259297304,True,True,0,,,,,,,0,{},14,expanding,40,1965:Q3,,3,0.02
indicator_revision_only_dfm_kalman_em,exact,2023:Q3:pre_third:exact,2023-12-20,pre_third,DELTA_MT,DELTA_MT,2023:Q3,0.0,4.224304690280254,2.0553113365814566,model_implied_state_space,-0.16579999999999995,0.16579999999999995,True,False,50,-3567.201763877037,-5658.025180976835,-3567.201763877037,2.0747456699359645,0.0005811162425061654,51.0,0,{},14,expanding,40,1965:Q3,,3,0.02
joint_indicator_revision_dfm_full_kalman_em,exact,2023:Q3:pre_third:exact,2023-12-20,pre_third,DELTA_MT,DELTA_MT,2023:Q3,0.009699282106822693,4.2243137703024365,2.055313545496754,model_implied_state_space,-0.16579999999999995,0.17549928210682264,True,False,50,-3554.2470260904875,-5671.8005072388005,-3554.2470260904875,1.6465483126212348,0.00046291750882581473,51.0,0,{},14,expanding,40,1965:Q3,,3,0.02
midas_umidas,exact,2023:Q3:pre_third:exact,2023-12-20,pre_third,DELTA_MT,DELTA_MT,2023:Q3,3.141891010564092,,,not_available,-0.16579999999999995,3.307691010564092,True,True,0,,,,,,,0,{},14,expanding,40,1965:Q3,,3,0.02
monthly_mixed_frequency_kalman_em,exact,2023:Q3:pre_third:exact,2023-12-20,pre_third,DELTA_MT,DELTA_MT,2023:Q3,0.10559751953658214,4.167240160480201,2.041381924207276,model_implied_state_space,-0.16579999999999995,0.2713975195365821,True,True,28,-6306.918384741928,-8475.495049639872,-6306.918384741928,0.6137044809738654,9.728166113671347e-05,28.0,0,{},14,expanding,40,1965:Q3,,3,0.02
no_revision,exact,2023:Q3:pre_third:exact,2023-12-20,pre_third,DELTA_MT,DELTA_MT,2023:Q3,0.0,,,not_available,-0.16579999999999995,0.16579999999999995,True,True,0,,,,,,,0,{},14,expanding,40,1965:Q3,,3,0.02
release_dfm,exact,2023:Q3:pre_third:exact,2023-12-20,pre_third,DELTA_MT,DELTA_MT,2023:Q3,-0.2113366753491981,,,not_available,-0.16579999999999995,-0.04553667534919814,True,True,0,,,,,,,0,{},14,expanding,40,1965:Q3,,3,0.02
revision_dfm_kalman_em,exact,2023:Q3:pre_third:exact,2023-12-20,pre_third,DELTA_MT,DELTA_MT,2023:Q3,0.00785942129251982,4.194858067212886,2.0481352658486416,model_implied_state_space,-0.16579999999999995,0.17365942129251977,True,True,25,-1855.8277800313792,-3496.0257228893365,-1855.8277800313792,0.16932735945738386,9.118342661033884e-05,25.0,0,{},14,expanding,40,1965:Q3,,3,0.02
standard_dfm,exact,2023:Q3:pre_third:exact,2023-12-20,pre_third,DELTA_MT,DELTA_MT,2023:Q3,0.3521398094368746,,,not_available,-0.16579999999999995,0.5179398094368746,True,True,0,,,,,,,0,{},14,expanding,40,1965:Q3,,3,0.02
ar,pseudo,2023:Q3:pre_third:pseudo,2023-12-31,pre_third,DELTA_MT,DELTA_MT,2023:Q3,0.15897887578753123,,,not_available,-0.16579999999999995,0.3247788757875312,True,True,0,,,,,,,0,{},14,expanding,40,1965:Q3,,3,0.02
bridge,pseudo,2023:Q3:pre_third:pseudo,2023-12-31,pre_third,DELTA_MT,DELTA_MT,2023:Q3,0.21485761069817544,,,not_available,-0.16579999999999995,0.3806576106981754,True,True,0,,,,,,,0,{},14,expanding,40,1965:Q3,,3,0.02
indicator_revision_only_dfm_kalman_em,pseudo,2023:Q3:pre_third:pseudo,2023-12-31,pre_third,DELTA_MT,DELTA_MT,2023:Q3,0.0,4.224305036886452,2.0553114209010888,model_implied_state_space,-0.16579999999999995,0.16579999999999995,True,False,50,-3567.1798480507173,-5658.025281116504,-3567.1798480507173,2.073024233693559,0.0005806379289787234,51.0,0,{},14,expanding,40,1965:Q3,,3,0.02
joint_indicator_revision_dfm_full_kalman_em,pseudo,2023:Q3:pre_third:pseudo,2023-12-31,pre_third,DELTA_MT,DELTA_MT,2023:Q3,0.009701795892924636,4.224312368408629,2.0553132044553766,model_implied_state_space,-0.16579999999999995,0.17550179589292458,True,False,50,-3554.2212370489883,-5671.8006032342755,-3554.2212370489883,1.6470016267389838,0.00046304825375037957,51.0,0,{},14,expanding,40,1965:Q3,,3,0.02
midas_umidas,pseudo,2023:Q3:pre_third:pseudo,2023-12-31,pre_third,DELTA_MT,DELTA_MT,2023:Q3,3.1855660659180796,,,not_available,-0.16579999999999995,3.3513660659180795,True,True,0,,,,,,,0,{},14,expanding,40,1965:Q3,,3,0.02
monthly_mixed_frequency_kalman_em,pseudo,2023:Q3:pre_third:pseudo,2023-12-31,pre_third,DELTA_MT,DELTA_MT,2023:Q3,0.10556844354610284,4.167241344461152,2.041382214202218,model_implied_state_space,-0.16579999999999995,0.2713684435461028,True,True,28,-6309.728050092607,-8478.252957242057,-6309.728050092607,0.6142632677838264,9.732688187162677e-05,28.0,0,{},14,expanding,40,1965:Q3,,3,0.02
no_revision,pseudo,2023:Q3:pre_third:pseudo,2023-12-31,pre_third,DELTA_MT,DELTA_MT,2023:Q3,0.0,,,not_available,-0.16579999999999995,0.16579999999999995,True,True,0,,,,,,,0,{},14,expanding,40,1965:Q3,,3,0.02
release_dfm,pseudo,2023:Q3:pre_third:pseudo,2023-12-31,pre_third,DELTA_MT,DELTA_MT,2023:Q3,-0.2143155109001036,,,not_available,-0.16579999999999995,-0.04851551090010364,True,True,0,,,,,,,0,{},14,expanding,40,1965:Q3,,3,0.02
revision_dfm_kalman_em,pseudo,2023:Q3:pre_third:pseudo,2023-12-31,pre_third,DELTA_MT,DELTA_MT,2023:Q3,0.007865652245942378,4.194857786950069,2.04813519742962,model_implied_state_space,-0.16579999999999995,0.17366565224594233,True,True,25,-1855.832490955271,-3496.0247887496066,-1855.832490955271,0.1693284060922906,9.11837588562643e-05,25.0,0,{},14,expanding,40,1965:Q3,,3,0.02
standard_dfm,pseudo,2023:Q3:pre_third:pseudo,2023-12-31,pre_third,DELTA_MT,DELTA_MT,2023:Q3,0.35206657489586535,,,not_available,-0.16579999999999995,0.5178665748958653,True,True,0,,,,,,,0,{},14,expanding,40,1965:Q3,,3,0.02
ar,exact,2023:Q4:pre_advance:exact,2024-01-24,pre_advance,DELTA_SA,DELTA_SA,2023:Q4,0.13379892253632342,,,not_available,-0.07099999999999973,0.20479892253632315,True,True,0,,,,,,,0,{},14,expanding,40,1965:Q3,,3,0.02
bridge,exact,2023:Q4:pre_advance:exact,2024-01-24,pre_advance,DELTA_SA,DELTA_SA,2023:Q4,0.24019109760625845,,,not_available,-0.07099999999999973,0.3111910976062582,True,True,0,,,,,,,0,{},14,expanding,40,1965:Q3,,3,0.02
indicator_revision_only_dfm_kalman_em,exact,2023:Q4:pre_advance:exact,2024-01-24,pre_advance,DELTA_SA,DELTA_SA,2023:Q4,0.0,0.4077358137836127,0.6385419436369177,model_implied_state_space,-0.07099999999999973,0.07099999999999973,True,False,50,-3595.2734661843524,-5696.714457775221,-3595.2734661843524,1.4589647916445756,0.0004055234288917884,51.0,0,{},14,expanding,40,1965:Q3,,3,0.02
joint_indicator_revision_dfm_full_kalman_em,exact,2023:Q4:pre_advance:exact,2024-01-24,pre_advance,DELTA_SA,DELTA_SA,2023:Q4,-0.16537734170129825,0.3781655483530999,0.6149516634281916,model_implied_state_space,-0.07099999999999973,-0.09437734170129852,True,False,50,-3579.63072594939,-5710.433964384583,-3579.63072594939,1.4817734428984295,0.0004136591028756955,51.0,0,{},14,expanding,40,1965:Q3,,3,0.02
midas_umidas,exact,2023:Q4:pre_advance:exact,2024-01-24,pre_advance,DELTA_SA,DELTA_SA,2023:Q4,0.33105580806274215,,,not_available,-0.07099999999999973,0.4020558080627419,True,True,0,,,,,,,0,{},14,expanding,40,1965:Q3,,3,0.02
monthly_mixed_frequency_kalman_em,exact,2023:Q4:pre_advance:exact,2024-01-24,pre_advance,DELTA_SA,DELTA_SA,2023:Q4,0.07116903913560568,0.3669426919767478,0.6057579483397207,model_implied_state_space,-0.07099999999999973,0.1421690391356054,True,True,28,-6318.979471072895,-8462.522423059914,-6318.979471072895,0.5691164458994535,9.004225472189066e-05,28.0,0,{},14,expanding,40,1965:Q3,,3,0.02
no_revision,exact,2023:Q4:pre_advance:exact,2024-01-24,pre_advance,DELTA_SA,DELTA_SA,2023:Q4,0.0,,,not_available,-0.07099999999999973,0.07099999999999973,True,True,0,,,,,,,0,{},14,expanding,40,1965:Q3,,3,0.02
release_dfm,exact,2023:Q4:pre_advance:exact,2024-01-24,pre_advance,DELTA_SA,DELTA_SA,2023:Q4,0.09526682080004978,,,not_available,-0.07099999999999973,0.1662668208000495,True,True,0,,,,,,,0,{},14,expanding,40,1965:Q3,,3,0.02
revision_dfm_kalman_em,exact,2023:Q4:pre_advance:exact,2024-01-24,pre_advance,DELTA_SA,DELTA_SA,2023:Q4,-0.0022873966904779497,0.3881798152231628,0.6230407813483503,model_implied_state_space,-0.07099999999999973,0.06871260330952178,True,True,32,-1871.7400052641744,-3504.7072502531987,-1871.7400052641744,0.16938446869357904,9.043922232550622e-05,32.0,0,{},14,expanding,40,1965:Q3,,3,0.02
standard_dfm,exact,2023:Q4:pre_advance:exact,2024-01-24,pre_advance,DELTA_SA,DELTA_SA,2023:Q4,0.09526682080004978,,,not_available,-0.07099999999999973,0.1662668208000495,True,True,0,,,,,,,0,{},14,expanding,40,1965:Q3,,3,0.02
ar,pseudo,2023:Q4:pre_advance:pseudo,2024-01-31,pre_advance,DELTA_SA,DELTA_SA,2023:Q4,0.13379892253632342,,,not_available,-0.07099999999999973,0.20479892253632315,True,True,0,,,,,,,0,{},14,expanding,40,1965:Q3,,3,0.02
bridge,pseudo,2023:Q4:pre_advance:pseudo,2024-01-31,pre_advance,DELTA_SA,DELTA_SA,2023:Q4,0.24883913587486473,,,not_available,-0.07099999999999973,0.31983913587486446,True,True,0,,,,,,,0,{},14,expanding,40,1965:Q3,,3,0.02
indicator_revision_only_dfm_kalman_em,pseudo,2023:Q4:pre_advance:pseudo,2024-01-31,pre_advance,DELTA_SA,DELTA_SA,2023:Q4,0.0,0.4077489316602847,0.63855221529667,model_implied_state_space,-0.07099999999999973,0.07099999999999973,True,False,50,-3594.68036876833,-5696.715545660157,-3594.68036876833,1.277440080087672,0.00035514458272076595,51.0,0,{},14,expanding,40,1965:Q3,,3,0.02
joint_indicator_revision_dfm_full_kalman_em,pseudo,2023:Q4:pre_advance:pseudo,2024-01-31,pre_advance,DELTA_SA,DELTA_SA,2023:Q4,-0.16476075667366752,0.3778393971759524,0.6146864218249435,model_implied_state_space,-0.07099999999999973,-0.09376075667366779,True,False,50,-3578.3361573622487,-5710.435064472674,-3578.3361573622487,1.3560993319661065,0.0003787254627735285,51.0,0,{},14,expanding,40,1965:Q3,,3,0.02
midas_umidas,pseudo,2023:Q4:pre_advance:pseudo,2024-01-31,pre_advance,DELTA_SA,DELTA_SA,2023:Q4,0.2753055161344218,,,not_available,-0.07099999999999973,0.3463055161344215,True,True,0,,,,,,,0,{},14,expanding,40,1965:Q3,,3,0.02
monthly_mixed_frequency_kalman_em,pseudo,2023:Q4:pre_advance:pseudo,2024-01-31,pre_advance,DELTA_SA,DELTA_SA,2023:Q4,0.07111073518327382,0.36694235341868975,0.6057576688897052,model_implied_state_space,-0.07099999999999973,0.14211073518327355,True,True,28,-6321.663354127863,-8465.217100073798,-6321.663354127863,0.5692953094157929,9.003232064637949e-05,28.0,0,{},14,expanding,40,1965:Q3,,3,0.02
no_revision,pseudo,2023:Q4:pre_advance:pseudo,2024-01-31,pre_advance,DELTA_SA,DELTA_SA,2023:Q4,0.0,,,not_available,-0.07099999999999973,0.07099999999999973,True,True,0,,,,,,,0,{},14,expanding,40,1965:Q3,,3,0.02
release_dfm,pseudo,2023:Q4:pre_advance:pseudo,2024-01-31,pre_advance,DELTA_SA,DELTA_SA,2023:Q4,0.0952608953804357,,,not_available,-0.07099999999999973,0.16626089538043543,True,True,0,,,,,,,0,{},14,expanding,40,1965:Q3,,3,0.02
revision_dfm_kalman_em,pseudo,2023:Q4:pre_advance:pseudo,2024-01-31,pre_advance,DELTA_SA,DELTA_SA,2023:Q4,-0.0019141428373226077,0.3882370767703689,0.6230867329436319,model_implied_state_space,-0.07099999999999973,0.06908585716267712,True,True,32,-1872.0046585171413,-3504.737718337986,-1872.0046585171413,0.1708210107656214,9.119327720896342e-05,32.0,0,{},14,expanding,40,1965:Q3,,3,0.02
standard_dfm,pseudo,2023:Q4:pre_advance:pseudo,2024-01-31,pre_advance,DELTA_SA,DELTA_SA,2023:Q4,0.0952608953804357,,,not_available,-0.07099999999999973,0.16626089538043543,True,True,0,,,,,,,0,{},14,expanding,40,1965:Q3,,3,0.02
ar,exact,2023:Q4:pre_second:exact,2024-02-27,pre_second,DELTA_TS,DELTA_TS,2023:Q4,0.04576941234094711,,,not_available,0.18769999999999998,-0.14193058765905286,True,True,0,,,,,,,0,{},14,expanding,40,1965:Q3,,3,0.02
bridge,exact,2023:Q4:pre_second:exact,2024-02-27,pre_second,DELTA_TS,DELTA_TS,2023:Q4,0.22280968984369798,,,not_available,0.18769999999999998,0.035109689843698,True,True,0,,,,,,,0,{},14,expanding,40,1965:Q3,,3,0.02
indicator_revision_only_dfm_kalman_em,exact,2023:Q4:pre_second:exact,2024-02-27,pre_second,DELTA_TS,DELTA_TS,2023:Q4,0.0,0.14353289444335526,0.37885735368784285,model_implied_state_space,0.18769999999999998,-0.18769999999999998,True,False,50,-3594.966382320644,-5698.159587001579,-3594.966382320644,0.9598065858390328,0.00026684077888482546,51.0,0,{},14,expanding,40,1965:Q3,,3,0.02
joint_indicator_revision_dfm_full_kalman_em,exact,2023:Q4:pre_second:exact,2024-02-27,pre_second,DELTA_TS,DELTA_TS,2023:Q4,0.0007926948318761617,0.1409067087175101,0.375375423699408,model_implied_state_space,0.18769999999999998,-0.18690730516812382,True,False,50,-3577.6387866321934,-5711.967717690554,-3577.6387866321934,1.0531260267375728,0.0002941945989858467,51.0,0,{},14,expanding,40,1965:Q3,,3,0.02
midas_umidas,exact,2023:Q4:pre_second:exact,2024-02-27,pre_second,DELTA_TS,DELTA_TS,2023:Q4,0.27495059114676046,,,not_available,0.18769999999999998,0.08725059114676048,True,True,0,,,,,,,0,{},14,expanding,40,1965:Q3,,3,0.02
monthly_mixed_frequency_kalman_em,exact,2023:Q4:pre_second:exact,2024-02-27,pre_second,DELTA_TS,DELTA_TS,2023:Q4,0.010870882250336944,0.14600111925603476,0.38210092810150925,model_implied_state_space,0.18769999999999998,-0.17682911774966303,True,True,28,-6344.488931395791,-8520.390760672188,-6344.488931395791,0.5718727997145834,9.01146108364589e-05,28.0,0,{},14,expanding,40,1965:Q3,,3,0.02
no_revision,exact,2023:Q4:pre_second:exact,2024-02-27,pre_second,DELTA_TS,DELTA_TS,2023:Q4,0.0,,,not_available,0.18769999999999998,-0.18769999999999998,True,True,0,,,,,,,0,{},14,expanding,40,1965:Q3,,3,0.02
release_dfm,exact,2023:Q4:pre_second:exact,2024-02-27,pre_second,DELTA_TS,DELTA_TS,2023:Q4,0.05186696647723821,,,not_available,0.18769999999999998,-0.13583303352276177,True,True,0,,,,,,,0,{},14,expanding,40,1965:Q3,,3,0.02
revision_dfm_kalman_em,exact,2023:Q4:pre_second:exact,2024-02-27,pre_second,DELTA_TS,DELTA_TS,2023:Q4,0.005112041890205088,0.14260695567443893,0.37763336144260207,model_implied_state_space,0.18769999999999998,-0.1825879581097949,True,True,25,-1874.1087408124613,-3518.598567422864,-1874.1087408124613,0.16862008602674905,8.99174114414517e-05,25.0,0,{},14,expanding,40,1965:Q3,,3,0.02
standard_dfm,exact,2023:Q4:pre_second:exact,2024-02-27,pre_second,DELTA_TS,DELTA_TS,2023:Q4,0.0650959171186245,,,not_available,0.18769999999999998,-0.12260408288137548,True,True,0,,,,,,,0,{},14,expanding,40,1965:Q3,,3,0.02
ar,pseudo,2023:Q4:pre_second:pseudo,2024-02-29,pre_second,DELTA_TS,DELTA_TS,2023:Q4,0.04576941234094711,,,not_available,0.18769999999999998,-0.14193058765905286,True,True,0,,,,,,,0,{},14,expanding,40,1965:Q3,,3,0.02
bridge,pseudo,2023:Q4:pre_second:pseudo,2024-02-29,pre_second,DELTA_TS,DELTA_TS,2023:Q4,0.21771508172728904,,,not_available,0.18769999999999998,0.03001508172728906,True,True,0,,,,,,,0,{},14,expanding,40,1965:Q3,,3,0.02
indicator_revision_only_dfm_kalman_em,pseudo,2023:Q4:pre_second:pseudo,2024-02-29,pre_second,DELTA_TS,DELTA_TS,2023:Q4,0.0,0.14353297793994158,0.3788574638831094,model_implied_state_space,0.18769999999999998,-0.18769999999999998,True,False,50,-3594.979302991861,-5698.15265280217,-3594.979302991861,0.9645794525472411,0.0002681663890435046,51.0,0,{},14,expanding,40,1965:Q3,,3,0.02
joint_indicator_revision_dfm_full_kalman_em,pseudo,2023:Q4:pre_second:pseudo,2024-02-29,pre_second,DELTA_TS,DELTA_TS,2023:Q4,0.0008000565751005162,0.1409063910316054,0.37537500054159895,model_implied_state_space,0.18769999999999998,-0.18689994342489946,True,False,50,-3577.6694684631907,-5711.960813093445,-3577.6694684631907,1.058502336314632,0.00029569351217439673,51.0,0,{},14,expanding,40,1965:Q3,,3,0.02
midas_umidas,pseudo,2023:Q4:pre_second:pseudo,2024-02-29,pre_second,DELTA_TS,DELTA_TS,2023:Q4,0.2950458961921507,,,not_available,0.18769999999999998,0.10734589619215074,True,True,0,,,,,,,0,{},14,expanding,40,1965:Q3,,3,0.02
monthly_mixed_frequency_kalman_em,pseudo,2023:Q4:pre_second:pseudo,2024-02-29,pre_second,DELTA_TS,DELTA_TS,2023:Q4,0.010927020190418357,0.14600207870176918,0.38210218358675885,model_implied_state_space,0.18769999999999998,-0.17677297980958162,True,True,28,-6345.7635856613815,-8521.75059055591,-6345.7635856613815,0.5719973270161063,9.011613133377193e-05,28.0,0,{},14,expanding,40,1965:Q3,,3,0.02
no_revision,pseudo,2023:Q4:pre_second:pseudo,2024-02-29,pre_second,DELTA_TS,DELTA_TS,2023:Q4,0.0,,,not_available,0.18769999999999998,-0.18769999999999998,True,True,0,,,,,,,0,{},14,expanding,40,1965:Q3,,3,0.02
release_dfm,pseudo,2023:Q4:pre_second:pseudo,2024-02-29,pre_second,DELTA_TS,DELTA_TS,2023:Q4,0.051903989556313146,,,not_available,0.18769999999999998,-0.13579601044368683,True,True,0,,,,,,,0,{},14,expanding,40,1965:Q3,,3,0.02
revision_dfm_kalman_em,pseudo,2023:Q4:pre_second:pseudo,2024-02-29,pre_second,DELTA_TS,DELTA_TS,2023:Q4,0.005148428755842094,0.14260686139808176,0.3776332366173319,model_implied_state_space,0.18769999999999998,-0.18255157124415788,True,True,25,-1874.081175533596,-3518.596470138467,-1874.081175533596,0.16860415773612658,8.991023999153807e-05,25.0,0,{},14,expanding,40,1965:Q3,,3,0.02
standard_dfm,pseudo,2023:Q4:pre_second:pseudo,2024-02-29,pre_second,DELTA_TS,DELTA_TS,2023:Q4,0.06503789084197997,,,not_available,0.18769999999999998,-0.12266210915802,True,True,0,,,,,,,0,{},14,expanding,40,1965:Q3,,3,0.02
ar,exact,2023:Q4:pre_third:exact,2024-03-27,pre_third,DELTA_MT,DELTA_MT,2023:Q4,0.15455416560448398,,,not_available,0.022699999999999942,0.13185416560448404,True,True,0,,,,,,,0,{},14,expanding,40,1965:Q3,,3,0.02
bridge,exact,2023:Q4:pre_third:exact,2024-03-27,pre_third,DELTA_MT,DELTA_MT,2023:Q4,0.1478749400002739,,,not_available,0.022699999999999942,0.12517494000027396,True,True,0,,,,,,,0,{},14,expanding,40,1965:Q3,,3,0.02
indicator_revision_only_dfm_kalman_em,exact,2023:Q4:pre_third:exact,2024-03-27,pre_third,DELTA_MT,DELTA_MT,2023:Q4,0.0,4.206063510517767,2.050868964736111,model_implied_state_space,0.022699999999999942,-0.022699999999999942,True,False,50,-3594.2728407491995,-5699.366710096102,-3594.2728407491995,0.974999351943552,0.00027111572819634437,51.0,0,{},14,expanding,40,1965:Q3,,3,0.02
joint_indicator_revision_dfm_full_kalman_em,exact,2023:Q4:pre_third:exact,2024-03-27,pre_third,DELTA_MT,DELTA_MT,2023:Q4,0.0003455022213607606,4.206113317930243,2.0508811077023075,model_implied_state_space,0.022699999999999942,-0.022354497778639182,True,False,50,-3577.0016620110364,-5713.148929755975,-3577.0016620110364,1.0710852547690592,0.0002992633372951984,51.0,0,{},14,expanding,40,1965:Q3,,3,0.02
midas_umidas,exact,2023:Q4:pre_third:exact,2024-03-27,pre_third,DELTA_MT,DELTA_MT,2023:Q4,-0.9928810296408477,,,not_available,0.022699999999999942,-1.0155810296408476,True,True,0,,,,,,,0,{},14,expanding,40,1965:Q3,,3,0.02
monthly_mixed_frequency_kalman_em,exact,2023:Q4:pre_third:exact,2024-03-27,pre_third,DELTA_MT,DELTA_MT,2023:Q4,0.0022712000467124405,4.14832751996964,2.0367443433012498,model_implied_state_space,0.022699999999999942,-0.020428799953287502,True,True,28,-6360.223604631262,-8540.59531715869,-6360.223604631262,0.5716325804160078,8.985397346214331e-05,28.0,0,{},14,expanding,40,1965:Q3,,3,0.02
no_revision,exact,2023:Q4:pre_third:exact,2024-03-27,pre_third,DELTA_MT,DELTA_MT,2023:Q4,0.0,,,not_available,0.022699999999999942,-0.022699999999999942,True,True,0,,,,,,,0,{},14,expanding,40,1965:Q3,,3,0.02
release_dfm,exact,2023:Q4:pre_third:exact,2024-03-27,pre_third,DELTA_MT,DELTA_MT,2023:Q4,0.1233139522611908,,,not_available,0.022699999999999942,0.10061395226119085,True,True,0,,,,,,,0,{},14,expanding,40,1965:Q3,,3,0.02
revision_dfm_kalman_em,exact,2023:Q4:pre_third:exact,2024-03-27,pre_third,DELTA_MT,DELTA_MT,2023:Q4,0.0017010118254305873,4.177257930620047,2.043834125025817,model_implied_state_space,0.022699999999999942,-0.020998988174569355,True,True,25,-1873.2117043268574,-3519.8440711561893,-1873.2117043268574,0.1693726009104921,9.036188158072145e-05,25.0,0,{},14,expanding,40,1965:Q3,,3,0.02
standard_dfm,exact,2023:Q4:pre_third:exact,2024-03-27,pre_third,DELTA_MT,DELTA_MT,2023:Q4,0.3274463367676801,,,not_available,0.022699999999999942,0.30474633676768015,True,True,0,,,,,,,0,{},14,expanding,40,1965:Q3,,3,0.02
ar,pseudo,2023:Q4:pre_third:pseudo,2024-03-31,pre_third,DELTA_MT,DELTA_MT,2023:Q4,0.15455416560448398,,,not_available,0.022699999999999942,0.13185416560448404,True,True,0,,,,,,,0,{},14,expanding,40,1965:Q3,,3,0.02
bridge,pseudo,2023:Q4:pre_third:pseudo,2024-03-31,pre_third,DELTA_MT,DELTA_MT,2023:Q4,0.14847244861202302,,,not_available,0.022699999999999942,0.12577244861202308,True,True,0,,,,,,,0,{},14,expanding,40,1965:Q3,,3,0.02
indicator_revision_only_dfm_kalman_em,pseudo,2023:Q4:pre_third:pseudo,2024-03-31,pre_third,DELTA_MT,DELTA_MT,2023:Q4,0.0,4.20606352215734,2.050868967573828,model_implied_state_space,0.022699999999999942,-0.022699999999999942,True,False,50,-3594.272261712647,-5699.365031710103,-3594.272261712647,0.9756091440231103,0.00027128528929534225,51.0,0,{},14,expanding,40,1965:Q3,,3,0.02
joint_indicator_revision_dfm_full_kalman_em,pseudo,2023:Q4:pre_third:pseudo,2024-03-31,pre_third,DELTA_MT,DELTA_MT,2023:Q4,0.00034584608417809193,4.206113667290234,2.050881192875451,model_implied_state_space,0.022699999999999942,-0.02235415391582185,True,False,50,-3577.003550470392,-5713.147250834115,-3577.003550470392,1.0718390687661667,0.00029947373332758347,51.0,0,{},14,expanding,40,1965:Q3,,3,0.02
midas_umidas,pseudo,2023:Q4:pre_third:pseudo,2024-03-31,pre_third,DELTA_MT,DELTA_MT,2023:Q4,-0.9510432134786462,,,not_available,0.022699999999999942,-0.9737432134786461,True,True,0,,,,,,,0,{},14,expanding,40,1965:Q3,,3,0.02
monthly_mixed_frequency_kalman_em,pseudo,2023:Q4:pre_third:pseudo,2024-03-31,pre_third,DELTA_MT,DELTA_MT,2023:Q4,0.002255847922035148,4.148327510029755,2.0367443408611097,model_implied_state_space,0.022699999999999942,-0.020444152077964795,True,True,28,-6361.4504406304995,-8541.948659657683,-6361.4504406304995,0.5715969857183154,8.98310554857756e-05,28.0,0,{},14,expanding,40,1965:Q3,,3,0.02
no_revision,pseudo,2023:Q4:pre_third:pseudo,2024-03-31,pre_third,DELTA_MT,DELTA_MT,2023:Q4,0.0,,,not_available,0.022699999999999942,-0.022699999999999942,True,True,0,,,,,,,0,{},14,expanding,40,1965:Q3,,3,0.02
release_dfm,pseudo,2023:Q4:pre_third:pseudo,2024-03-31,pre_third,DELTA_MT,DELTA_MT,2023:Q4,0.12267184618628546,,,not_available,0.022699999999999942,0.09997184618628552,True,True,0,,,,,,,0,{},14,expanding,40,1965:Q3,,3,0.02
revision_dfm_kalman_em,pseudo,2023:Q4:pre_third:pseudo,2024-03-31,pre_third,DELTA_MT,DELTA_MT,2023:Q4,0.001702363667493767,4.177257873795259,2.0438341111243004,model_implied_state_space,0.022699999999999942,-0.020997636332506175,True,True,25,-1873.2071356041838,-3519.843001071793,-1873.2071356041838,0.1693704687124864,9.036096438668198e-05,25.0,0,{},14,expanding,40,1965:Q3,,3,0.02
standard_dfm,pseudo,2023:Q4:pre_third:pseudo,2024-03-31,pre_third,DELTA_MT,DELTA_MT,2023:Q4,0.3274648846559529,,,not_available,0.022699999999999942,0.304764884655953,True,True,0,,,,,,,0,{},14,expanding,40,1965:Q3,,3,0.02
ar,exact,2024:Q1:pre_advance:exact,2024-04-24,pre_advance,DELTA_SA,DELTA_SA,2024:Q1,0.09251088781958305,,,not_available,-0.3404999999999998,0.43301088781958286,True,True,0,,,,,,,0,{},14,expanding,40,1965:Q3,,3,0.02
bridge,exact,2024:Q1:pre_advance:exact,2024-04-24,pre_advance,DELTA_SA,DELTA_SA,2024:Q1,-0.017364626211852308,,,not_available,-0.3404999999999998,0.3231353737881475,True,True,0,,,,,,,0,{},14,expanding,40,1965:Q3,,3,0.02
indicator_revision_only_dfm_kalman_em,exact,2024:Q1:pre_advance:exact,2024-04-24,pre_advance,DELTA_SA,DELTA_SA,2024:Q1,0.0,0.40719684642690357,0.6381197743581557,model_implied_state_space,-0.3404999999999998,0.3404999999999998,True,True,43,-3586.1813837380364,-5720.53879018847,-3586.1813837380364,0.33830501858028583,9.430053293938508e-05,43.0,0,{},14,expanding,40,1965:Q3,,3,0.02
joint_indicator_revision_dfm_full_kalman_em,exact,2024:Q1:pre_advance:exact,2024-04-24,pre_advance,DELTA_SA,DELTA_SA,2024:Q1,-0.0028496398467812156,0.36170256645327026,0.6014171318255493,model_implied_state_space,-0.3404999999999998,0.3376503601532186,True,True,46,-3558.5913447466055,-5732.782911843861,-3558.5913447466055,0.30048230259035336,8.44077059609488e-05,46.0,0,{},14,expanding,40,1965:Q3,,3,0.02
midas_umidas,exact,2024:Q1:pre_advance:exact,2024-04-24,pre_advance,DELTA_SA,DELTA_SA,2024:Q1,-0.3131283419091899,,,not_available,-0.3404999999999998,0.02737165809080988,True,True,0,,,,,,,0,{},14,expanding,40,1965:Q3,,3,0.02
monthly_mixed_frequency_kalman_em,exact,2024:Q1:pre_advance:exact,2024-04-24,pre_advance,DELTA_SA,DELTA_SA,2024:Q1,0.06836131568252313,0.36568230113441835,0.604716711472751,model_implied_state_space,-0.3404999999999998,0.40886131568252293,True,True,27,-6371.860420772807,-8528.013797623415,-6371.860420772807,0.6012496068542532,9.43364278236002e-05,27.0,0,{},14,expanding,40,1965:Q3,,3,0.02
no_revision,exact,2024:Q1:pre_advance:exact,2024-04-24,pre_advance,DELTA_SA,DELTA_SA,2024:Q1,0.0,,,not_available,-0.3404999999999998,0.3404999999999998,True,True,0,,,,,,,0,{},14,expanding,40,1965:Q3,,3,0.02
release_dfm,exact,2024:Q1:pre_advance:exact,2024-04-24,pre_advance,DELTA_SA,DELTA_SA,2024:Q1,0.09456375499584957,,,not_available,-0.3404999999999998,0.43506375499584937,True,True,0,,,,,,,0,{},14,expanding,40,1965:Q3,,3,0.02
revision_dfm_kalman_em,exact,2024:Q1:pre_advance:exact,2024-04-24,pre_advance,DELTA_SA,DELTA_SA,2024:Q1,0.01859819585652578,0.3867385881974492,0.6218830984979807,model_implied_state_space,-0.3404999999999998,0.3590981958565256,True,True,25,-1888.7712633695608,-3540.5222465510296,-1888.7712633695608,0.1699583327815617,8.992784052219028e-05,25.0,0,{},14,expanding,40,1965:Q3,,3,0.02
standard_dfm,exact,2024:Q1:pre_advance:exact,2024-04-24,pre_advance,DELTA_SA,DELTA_SA,2024:Q1,0.09456375499584957,,,not_available,-0.3404999999999998,0.43506375499584937,True,True,0,,,,,,,0,{},14,expanding,40,1965:Q3,,3,0.02
ar,pseudo,2024:Q1:pre_advance:pseudo,2024-04-30,pre_advance,DELTA_SA,DELTA_SA,2024:Q1,0.09251088781958305,,,not_available,-0.3404999999999998,0.43301088781958286,True,True,0,,,,,,,0,{},14,expanding,40,1965:Q3,,3,0.02
bridge,pseudo,2024:Q1:pre_advance:pseudo,2024-04-30,pre_advance,DELTA_SA,DELTA_SA,2024:Q1,-0.020091256333635288,,,not_available,-0.3404999999999998,0.3204087436663645,True,True,0,,,,,,,0,{},14,expanding,40,1965:Q3,,3,0.02
indicator_revision_only_dfm_kalman_em,pseudo,2024:Q1:pre_advance:pseudo,2024-04-30,pre_advance,DELTA_SA,DELTA_SA,2024:Q1,0.0,0.40719685079242574,0.6381197777787692,model_implied_state_space,-0.3404999999999998,0.3404999999999998,True,True,43,-3586.173410074795,-5720.556767958874,-3586.173410074795,0.33544826575052866,9.350451218277832e-05,43.0,0,{},14,expanding,40,1965:Q3,,3,0.02
joint_indicator_revision_dfm_full_kalman_em,pseudo,2024:Q1:pre_advance:pseudo,2024-04-30,pre_advance,DELTA_SA,DELTA_SA,2024:Q1,-0.002768188005565886,0.3617279428324718,0.6014382286091164,model_implied_state_space,-0.3404999999999998,0.3377318119944339,True,True,46,-3558.5798709296523,-5732.800884164203,-3558.5798709296523,0.2970984491589661,8.345750477180366e-05,46.0,0,{},14,expanding,40,1965:Q3,,3,0.02
midas_umidas,pseudo,2024:Q1:pre_advance:pseudo,2024-04-30,pre_advance,DELTA_SA,DELTA_SA,2024:Q1,-0.31616270269215363,,,not_available,-0.3404999999999998,0.024337297307846173,True,True,0,,,,,,,0,{},14,expanding,40,1965:Q3,,3,0.02
monthly_mixed_frequency_kalman_em,pseudo,2024:Q1:pre_advance:pseudo,2024-04-30,pre_advance,DELTA_SA,DELTA_SA,2024:Q1,0.06831252741012417,0.36568238135556363,0.6047167778022731,model_implied_state_space,-0.3404999999999998,0.40881252741012397,True,True,27,-6373.227010955667,-8529.361581397401,-6373.227010955667,0.6015339866198701,9.436081023655452e-05,27.0,0,{},14,expanding,40,1965:Q3,,3,0.02
no_revision,pseudo,2024:Q1:pre_advance:pseudo,2024-04-30,pre_advance,DELTA_SA,DELTA_SA,2024:Q1,0.0,,,not_available,-0.3404999999999998,0.3404999999999998,True,True,0,,,,,,,0,{},14,expanding,40,1965:Q3,,3,0.02
release_dfm,pseudo,2024:Q1:pre_advance:pseudo,2024-04-30,pre_advance,DELTA_SA,DELTA_SA,2024:Q1,0.09456438435190906,,,not_available,-0.3404999999999998,0.43506438435190886,True,True,0,,,,,,,0,{},14,expanding,40,1965:Q3,,3,0.02
revision_dfm_kalman_em,pseudo,2024:Q1:pre_advance:pseudo,2024-04-30,pre_advance,DELTA_SA,DELTA_SA,2024:Q1,0.018634389591745792,0.38674025080460606,0.6218844352487093,model_implied_state_space,-0.3404999999999998,0.3591343895917456,True,True,25,-1888.801552013552,-3540.53383627288,-1888.801552013552,0.16998686975921373,8.994149714003122e-05,25.0,0,{},14,expanding,40,1965:Q3,,3,0.02
standard_dfm,pseudo,2024:Q1:pre_advance:pseudo,2024-04-30,pre_advance,DELTA_SA,DELTA_SA,2024:Q1,0.09456438435190906,,,not_available,-0.3404999999999998,0.43506438435190886,True,True,0,,,,,,,0,{},14,expanding,40,1965:Q3,,3,0.02
ar,exact,2024:Q1:pre_second:exact,2024-05-29,pre_second,DELTA_TS,DELTA_TS,2024:Q1,0.07524733101140679,,,not_available,0.1602999999999999,-0.0850526689885931,True,True,0,,,,,,,0,{},14,expanding,40,1965:Q3,,3,0.02
bridge,exact,2024:Q1:pre_second:exact,2024-05-29,pre_second,DELTA_TS,DELTA_TS,2024:Q1,-0.06844120848816515,,,not_available,0.1602999999999999,-0.22874120848816504,True,True,0,,,,,,,0,{},14,expanding,40,1965:Q3,,3,0.02
indicator_revision_only_dfm_kalman_em,exact,2024:Q1:pre_second:exact,2024-05-29,pre_second,DELTA_TS,DELTA_TS,2024:Q1,0.0,0.14308947986045106,0.37827170110973285,model_implied_state_space,0.1602999999999999,-0.1602999999999999,True,False,50,-3626.2927041265607,-5738.089601879713,-3626.2927041265607,1.744461134152516,0.00048069530696778973,51.0,0,{},14,expanding,40,1965:Q3,,3,0.02
joint_indicator_revision_dfm_full_kalman_em,exact,2024:Q1:pre_second:exact,2024-05-29,pre_second,DELTA_TS,DELTA_TS,2024:Q1,-0.0014768651569552205,0.1404102042612323,0.37471349623576716,model_implied_state_space,0.1602999999999999,-0.1617768651569551,True,False,50,-3611.3647809700446,-5751.951658195048,-3611.3647809700446,1.6332637245059232,0.00045192711902642,51.0,0,{},14,expanding,40,1965:Q3,,3,0.02
midas_umidas,exact,2024:Q1:pre_second:exact,2024-05-29,pre_second,DELTA_TS,DELTA_TS,2024:Q1,-0.10888667569986366,,,not_available,0.1602999999999999,-0.26918667569986354,True,True,0,,,,,,,0,{},14,expanding,40,1965:Q3,,3,0.02
monthly_mixed_frequency_kalman_em,exact,2024:Q1:pre_second:exact,2024-05-29,pre_second,DELTA_TS,DELTA_TS,2024:Q1,0.019683382066336463,0.14480750882969717,0.38053581806407816,model_implied_state_space,0.1602999999999999,-0.14061661793366342,True,True,27,-6384.818480491491,-8548.453885205887,-6384.818480491491,0.5906406497861099,9.248399821910564e-05,27.0,0,{},14,expanding,40,1965:Q3,,3,0.02
no_revision,exact,2024:Q1:pre_second:exact,2024-05-29,pre_second,DELTA_TS,DELTA_TS,2024:Q1,0.0,,,not_available,0.1602999999999999,-0.1602999999999999,True,True,0,,,,,,,0,{},14,expanding,40,1965:Q3,,3,0.02
release_dfm,exact,2024:Q1:pre_second:exact,2024-05-29,pre_second,DELTA_TS,DELTA_TS,2024:Q1,0.049104963814085245,,,not_available,0.1602999999999999,-0.11119503618591464,True,True,0,,,,,,,0,{},14,expanding,40,1965:Q3,,3,0.02
revision_dfm_kalman_em,exact,2024:Q1:pre_second:exact,2024-05-29,pre_second,DELTA_TS,DELTA_TS,2024:Q1,0.0006082156862390331,0.1421446506101688,0.37702075620603276,model_implied_state_space,0.1602999999999999,-0.15969178431376085,True,True,25,-1887.1951129443446,-3541.673612110327,-1887.1951129443446,0.17200123833072212,9.108463976040371e-05,25.0,0,{},14,expanding,40,1965:Q3,,3,0.02
standard_dfm,exact,2024:Q1:pre_second:exact,2024-05-29,pre_second,DELTA_TS,DELTA_TS,2024:Q1,0.06180734330986959,,,not_available,0.1602999999999999,-0.0984926566901303,True,True,0,,,,,,,0,{},14,expanding,40,1965:Q3,,3,0.02
ar,pseudo,2024:Q1:pre_second:pseudo,2024-05-31,pre_second,DELTA_TS,DELTA_TS,2024:Q1,0.07524733101140679,,,not_available,0.1602999999999999,-0.0850526689885931,True,True,0,,,,,,,0,{},14,expanding,40,1965:Q3,,3,0.02
bridge,pseudo,2024:Q1:pre_second:pseudo,2024-05-31,pre_second,DELTA_TS,DELTA_TS,2024:Q1,-0.08094110829243073,,,not_available,0.1602999999999999,-0.24124110829243062,True,True,0,,,,,,,0,{},14,expanding,40,1965:Q3,,3,0.02
indicator_revision_only_dfm_kalman_em,pseudo,2024:Q1:pre_second:pseudo,2024-05-31,pre_second,DELTA_TS,DELTA_TS,2024:Q1,0.0,0.1430905154886457,0.37827307000187804,model_implied_state_space,0.1602999999999999,-0.1602999999999999,True,False,50,-3626.6350020023606,-5738.0537351982,-3626.6350020023606,1.8143115743087037,0.000499886185907574,51.0,0,{},14,expanding,40,1965:Q3,,3,0.02
joint_indicator_revision_dfm_full_kalman_em,pseudo,2024:Q1:pre_second:pseudo,2024-05-31,pre_second,DELTA_TS,DELTA_TS,2024:Q1,-0.0014979565469654954,0.14040591512178113,0.3747077729668563,model_implied_state_space,0.1602999999999999,-0.16179795654696538,True,False,50,-3611.9625466006646,-5751.915681579949,-3611.9625466006646,1.6560083419294642,0.00045814193579708556,51.0,0,{},14,expanding,40,1965:Q3,,3,0.02
midas_umidas,pseudo,2024:Q1:pre_second:pseudo,2024-05-31,pre_second,DELTA_TS,DELTA_TS,2024:Q1,-0.07984072170622403,,,not_available,0.1602999999999999,-0.24014072170622391,True,True,0,,,,,,,0,{},14,expanding,40,1965:Q3,,3,0.02
monthly_mixed_frequency_kalman_em,pseudo,2024:Q1:pre_second:pseudo,2024-05-31,pre_second,DELTA_TS,DELTA_TS,2024:Q1,0.01962578263098269,0.14480697629706474,0.380535118349233,model_implied_state_space,0.1602999999999999,-0.1406742173690172,True,True,27,-6386.029155334892,-8549.767118078777,-6386.029155334892,0.5906133265116296,9.246219216260569e-05,27.0,0,{},14,expanding,40,1965:Q3,,3,0.02
no_revision,pseudo,2024:Q1:pre_second:pseudo,2024-05-31,pre_second,DELTA_TS,DELTA_TS,2024:Q1,0.0,,,not_available,0.1602999999999999,-0.1602999999999999,True,True,0,,,,,,,0,{},14,expanding,40,1965:Q3,,3,0.02
release_dfm,pseudo,2024:Q1:pre_second:pseudo,2024-05-31,pre_second,DELTA_TS,DELTA_TS,2024:Q1,0.04919026755636979,,,not_available,0.1602999999999999,-0.1111097324436301,True,True,0,,,,,,,0,{},14,expanding,40,1965:Q3,,3,0.02
revision_dfm_kalman_em,pseudo,2024:Q1:pre_second:pseudo,2024-05-31,pre_second,DELTA_TS,DELTA_TS,2024:Q1,0.0005625832587041746,0.14214438508236626,0.3770204040663665,model_implied_state_space,0.1602999999999999,-0.1597374167412957,True,True,25,-1887.048295877903,-3541.631517853633,-1887.048295877903,0.17186215552601425,9.101807053315634e-05,25.0,0,{},14,expanding,40,1965:Q3,,3,0.02
standard_dfm,pseudo,2024:Q1:pre_second:pseudo,2024-05-31,pre_second,DELTA_TS,DELTA_TS,2024:Q1,0.06165430325944121,,,not_available,0.1602999999999999,-0.09864569674055867,True,True,0,,,,,,,0,{},14,expanding,40,1965:Q3,,3,0.02
ar,exact,2024:Q1:pre_third:exact,2024-06-26,pre_third,DELTA_MT,DELTA_MT,2024:Q1,0.2517512521361831,,,not_available,-0.5680999999999999,0.819851252136183,True,True,0,,,,,,,0,{},14,expanding,40,1965:Q3,,3,0.02
bridge,exact,2024:Q1:pre_third:exact,2024-06-26,pre_third,DELTA_MT,DELTA_MT,2024:Q1,0.14396988834543212,,,not_available,-0.5680999999999999,0.7120698883454321,True,True,0,,,,,,,0,{},14,expanding,40,1965:Q3,,3,0.02
indicator_revision_only_dfm_kalman_em,exact,2024:Q1:pre_third:exact,2024-06-26,pre_third,DELTA_MT,DELTA_MT,2024:Q1,0.0,4.184485765965257,2.045601565790674,model_implied_state_space,-0.5680999999999999,0.5680999999999999,True,True,43,-3584.445438716258,-5722.453251417844,-3584.445438716258,0.28907518440473723,8.061812253084881e-05,43.0,0,{},14,expanding,40,1965:Q3,,3,0.02
joint_indicator_revision_dfm_full_kalman_em,exact,2024:Q1:pre_third:exact,2024-06-26,pre_third,DELTA_MT,DELTA_MT,2024:Q1,-0.0035977750534146313,4.1811979418642,2.0447977752981346,model_implied_state_space,-0.5680999999999999,0.5645022249465853,True,True,44,-3557.03177541193,-5734.755732508608,-3557.03177541193,0.33622845511490596,9.448951169454951e-05,44.0,0,{},14,expanding,40,1965:Q3,,3,0.02
midas_umidas,exact,2024:Q1:pre_third:exact,2024-06-26,pre_third,DELTA_MT,DELTA_MT,2024:Q1,1.0408015769376062,,,not_available,-0.5680999999999999,1.608901576937606,True,True,0,,,,,,,0,{},14,expanding,40,1965:Q3,,3,0.02
monthly_mixed_frequency_kalman_em,exact,2024:Q1:pre_third:exact,2024-06-26,pre_third,DELTA_MT,DELTA_MT,2024:Q1,-0.041249273976337486,4.133570322640329,2.0331183739862095,model_implied_state_space,-0.5680999999999999,0.5268507260236625,True,True,27,-6407.2746132922275,-8602.270634484225,-6407.2746132922275,0.6296225439227783,9.824183990800938e-05,27.0,0,{},14,expanding,40,1965:Q3,,3,0.02
no_revision,exact,2024:Q1:pre_third:exact,2024-06-26,pre_third,DELTA_MT,DELTA_MT,2024:Q1,0.0,,,not_available,-0.5680999999999999,0.5680999999999999,True,True,0,,,,,,,0,{},14,expanding,40,1965:Q3,,3,0.02
release_dfm,exact,2024:Q1:pre_third:exact,2024-06-26,pre_third,DELTA_MT,DELTA_MT,2024:Q1,0.2642338612087778,,,not_available,-0.5680999999999999,0.8323338612087777,True,True,0,,,,,,,0,{},14,expanding,40,1965:Q3,,3,0.02
revision_dfm_kalman_em,exact,2024:Q1:pre_third:exact,2024-06-26,pre_third,DELTA_MT,DELTA_MT,2024:Q1,-0.003468724292231773,4.172007007514706,2.042549144455209,model_implied_state_space,-0.5680999999999999,0.5646312757077682,True,True,31,-1886.7336677485082,-3530.4794651834072,-1886.7336677485082,0.16551532263906665,8.767169567276043e-05,31.0,0,{},14,expanding,40,1965:Q3,,3,0.02
standard_dfm,exact,2024:Q1:pre_third:exact,2024-06-26,pre_third,DELTA_MT,DELTA_MT,2024:Q1,0.32694841063771296,,,not_available,-0.5680999999999999,0.8950484106377129,True,True,0,,,,,,,0,{},14,expanding,40,1965:Q3,,3,0.02
ar,pseudo,2024:Q1:pre_third:pseudo,2024-06-30,pre_third,DELTA_MT,DELTA_MT,2024:Q1,0.2517512521361831,,,not_available,-0.5680999999999999,0.819851252136183,True,True,0,,,,,,,0,{},14,expanding,40,1965:Q3,,3,0.02
bridge,pseudo,2024:Q1:pre_third:pseudo,2024-06-30,pre_third,DELTA_MT,DELTA_MT,2024:Q1,0.14907451856549647,,,not_available,-0.5680999999999999,0.7171745185654964,True,True,0,,,,,,,0,{},14,expanding,40,1965:Q3,,3,0.02
indicator_revision_only_dfm_kalman_em,pseudo,2024:Q1:pre_third:pseudo,2024-06-30,pre_third,DELTA_MT,DELTA_MT,2024:Q1,0.0,4.183750928040828,2.0454219437663292,model_implied_state_space,-0.5680999999999999,0.5680999999999999,True,True,42,-3585.0261944530907,-5722.302591202831,-3585.0261944530907,0.32213820169727114,8.982345601070181e-05,42.0,0,{},14,expanding,40,1965:Q3,,3,0.02
joint_indicator_revision_dfm_full_kalman_em,pseudo,2024:Q1:pre_third:pseudo,2024-06-30,pre_third,DELTA_MT,DELTA_MT,2024:Q1,-0.0035790882114428157,4.181172612094964,2.0447915815786617,model_implied_state_space,-0.5680999999999999,0.5645209117885571,True,True,44,-3557.391941678785,-5734.606298859978,-3557.391941678785,0.31620025501251803,8.885253929272638e-05,44.0,0,{},14,expanding,40,1965:Q3,,3,0.02
midas_umidas,pseudo,2024:Q1:pre_third:pseudo,2024-06-30,pre_third,DELTA_MT,DELTA_MT,2024:Q1,1.6526025241298696,,,not_available,-0.5680999999999999,2.2207025241298695,True,True,0,,,,,,,0,{},14,expanding,40,1965:Q3,,3,0.02
monthly_mixed_frequency_kalman_em,pseudo,2024:Q1:pre_third:pseudo,2024-06-30,pre_third,DELTA_MT,DELTA_MT,2024:Q1,-0.045039055353289115,4.134080539150771,2.033243846455897,model_implied_state_space,-0.5680999999999999,0.5230609446467108,True,True,28,-6417.270320540206,-8604.989867849199,-6417.270320540206,0.577658904027885,8.99941712091927e-05,28.0,0,{},14,expanding,40,1965:Q3,,3,0.02
no_revision,pseudo,2024:Q1:pre_third:pseudo,2024-06-30,pre_third,DELTA_MT,DELTA_MT,2024:Q1,0.0,,,not_available,-0.5680999999999999,0.5680999999999999,True,True,0,,,,,,,0,{},14,expanding,40,1965:Q3,,3,0.02
release_dfm,pseudo,2024:Q1:pre_third:pseudo,2024-06-30,pre_third,DELTA_MT,DELTA_MT,2024:Q1,0.2706307454446488,,,not_available,-0.5680999999999999,0.8387307454446488,True,True,0,,,,,,,0,{},14,expanding,40,1965:Q3,,3,0.02
revision_dfm_kalman_em,pseudo,2024:Q1:pre_third:pseudo,2024-06-30,pre_third,DELTA_MT,DELTA_MT,2024:Q1,-0.003577116534513758,4.1720039180313595,2.042548388173793,model_implied_state_space,-0.5680999999999999,0.5645228834654862,True,True,31,-1888.5347669008713,-3530.4883964904525,-1888.5347669008713,0.17422213545728482,9.219521972329228e-05,31.0,0,{},14,expanding,40,1965:Q3,,3,0.02
standard_dfm,pseudo,2024:Q1:pre_third:pseudo,2024-06-30,pre_third,DELTA_MT,DELTA_MT,2024:Q1,0.32462194842273795,,,not_available,-0.5680999999999999,0.8927219484227379,True,True,0,,,,,,,0,{},14,expanding,40,1965:Q3,,3,0.02
ar,exact,2024:Q2:pre_advance:exact,2024-07-24,pre_advance,DELTA_SA,DELTA_SA,2024:Q2,0.05338533425259362,,,not_available,0.11129999999999995,-0.057914665747406335,True,True,0,,,,,,,0,{},14,expanding,40,1965:Q3,,3,0.02
bridge,exact,2024:Q2:pre_advance:exact,2024-07-24,pre_advance,DELTA_SA,DELTA_SA,2024:Q2,-0.09906543830163406,,,not_available,0.11129999999999995,-0.210365438301634,True,True,0,,,,,,,0,{},14,expanding,40,1965:Q3,,3,0.02
indicator_revision_only_dfm_kalman_em,exact,2024:Q2:pre_advance:exact,2024-07-24,pre_advance,DELTA_SA,DELTA_SA,2024:Q2,0.0,0.404766483730139,0.6362126089053399,model_implied_state_space,0.11129999999999995,-0.11129999999999995,True,False,50,-3657.330539745759,-5778.100362284941,-3657.330539745759,1.0358974027994918,0.00028308107990591974,51.0,0,{},14,expanding,40,1965:Q3,,3,0.02
joint_indicator_revision_dfm_full_kalman_em,exact,2024:Q2:pre_advance:exact,2024-07-24,pre_advance,DELTA_SA,DELTA_SA,2024:Q2,0.16965069930843013,0.37461059437781064,0.6120544047532136,model_implied_state_space,0.11129999999999995,0.058350699308430176,True,False,50,-3640.177130768923,-5791.951842158459,-3640.177130768923,1.2070077702287563,0.0003313784939533725,51.0,0,{},14,expanding,40,1965:Q3,,3,0.02
midas_umidas,exact,2024:Q2:pre_advance:exact,2024-07-24,pre_advance,DELTA_SA,DELTA_SA,2024:Q2,0.09241659987986228,,,not_available,0.11129999999999995,-0.018883400120137672,True,True,0,,,,,,,0,{},14,expanding,40,1965:Q3,,3,0.02
monthly_mixed_frequency_kalman_em,exact,2024:Q2:pre_advance:exact,2024-07-24,pre_advance,DELTA_SA,DELTA_SA,2024:Q2,0.13729924476651156,0.36337479674588025,0.602805770332269,model_implied_state_space,0.11129999999999995,0.02599924476651161,True,True,28,-6432.485003640938,-8623.95459433819,-6432.485003640938,0.5828665911931239,9.059068119094848e-05,28.0,0,{},14,expanding,40,1965:Q3,,3,0.02
no_revision,exact,2024:Q2:pre_advance:exact,2024-07-24,pre_advance,DELTA_SA,DELTA_SA,2024:Q2,0.0,,,not_available,0.11129999999999995,-0.11129999999999995,True,True,0,,,,,,,0,{},14,expanding,40,1965:Q3,,3,0.02
release_dfm,exact,2024:Q2:pre_advance:exact,2024-07-24,pre_advance,DELTA_SA,DELTA_SA,2024:Q2,0.09279112742291318,,,not_available,0.11129999999999995,-0.018508872577086777,True,True,0,,,,,,,0,{},14,expanding,40,1965:Q3,,3,0.02
revision_dfm_kalman_em,exact,2024:Q2:pre_advance:exact,2024-07-24,pre_advance,DELTA_SA,DELTA_SA,2024:Q2,0.11222853912161224,0.38606838828439205,0.6213440176620292,model_implied_state_space,0.11129999999999995,0.0009285391216122818,True,True,31,-1905.652345213722,-3551.5518536589207,-1905.652345213722,0.1796898505815534,9.423475548830591e-05,31.0,0,{},14,expanding,40,1965:Q3,,3,0.02
standard_dfm,exact,2024:Q2:pre_advance:exact,2024-07-24,pre_advance,DELTA_SA,DELTA_SA,2024:Q2,0.09279112742291318,,,not_available,0.11129999999999995,-0.018508872577086777,True,True,0,,,,,,,0,{},14,expanding,40,1965:Q3,,3,0.02
ar,pseudo,2024:Q2:pre_advance:pseudo,2024-07-31,pre_advance,DELTA_SA,DELTA_SA,2024:Q2,0.05338533425259362,,,not_available,0.11129999999999995,-0.057914665747406335,True,True,0,,,,,,,0,{},14,expanding,40,1965:Q3,,3,0.02
bridge,pseudo,2024:Q2:pre_advance:pseudo,2024-07-31,pre_advance,DELTA_SA,DELTA_SA,2024:Q2,-0.12876385080396613,,,not_available,0.11129999999999995,-0.24006385080396608,True,True,0,,,,,,,0,{},14,expanding,40,1965:Q3,,3,0.02
indicator_revision_only_dfm_kalman_em,pseudo,2024:Q2:pre_advance:pseudo,2024-07-31,pre_advance,DELTA_SA,DELTA_SA,2024:Q2,0.0,0.4047852955285718,0.6362273929410551,model_implied_state_space,0.11129999999999995,-0.11129999999999995,True,False,50,-3656.4262971746275,-5778.181932070255,-3656.4262971746275,0.7769039037257244,0.00021237308619070455,51.0,0,{},14,expanding,40,1965:Q3,,3,0.02
joint_indicator_revision_dfm_full_kalman_em,pseudo,2024:Q2:pre_advance:pseudo,2024-07-31,pre_advance,DELTA_SA,DELTA_SA,2024:Q2,0.16799255547009273,0.3736029786699788,0.6112307082190642,model_implied_state_space,0.11129999999999995,0.056692555470092776,True,False,50,-3638.2689254177653,-5792.033372855404,-3638.2689254177653,0.8500696820474332,0.0002335279926814931,51.0,0,{},14,expanding,40,1965:Q3,,3,0.02
midas_umidas,pseudo,2024:Q2:pre_advance:pseudo,2024-07-31,pre_advance,DELTA_SA,DELTA_SA,2024:Q2,0.07627890108812663,,,not_available,0.11129999999999995,-0.03502109891187333,True,True,0,,,,,,,0,{},14,expanding,40,1965:Q3,,3,0.02
monthly_mixed_frequency_kalman_em,pseudo,2024:Q2:pre_advance:pseudo,2024-07-31,pre_advance,DELTA_SA,DELTA_SA,2024:Q2,0.13611684243576772,0.36335601370479687,0.6027901904517001,model_implied_state_space,0.11129999999999995,0.02481684243576776,True,True,28,-6436.183268993662,-8626.915462086648,-6436.183268993662,0.585018450179632,9.087286526305182e-05,28.0,0,{},14,expanding,40,1965:Q3,,3,0.02
no_revision,pseudo,2024:Q2:pre_advance:pseudo,2024-07-31,pre_advance,DELTA_SA,DELTA_SA,2024:Q2,0.0,,,not_available,0.11129999999999995,-0.11129999999999995,True,True,0,,,,,,,0,{},14,expanding,40,1965:Q3,,3,0.02
release_dfm,pseudo,2024:Q2:pre_advance:pseudo,2024-07-31,pre_advance,DELTA_SA,DELTA_SA,2024:Q2,0.09271338046008237,,,not_available,0.11129999999999995,-0.01858661953991758,True,True,0,,,,,,,0,{},14,expanding,40,1965:Q3,,3,0.02
revision_dfm_kalman_em,pseudo,2024:Q2:pre_advance:pseudo,2024-07-31,pre_advance,DELTA_SA,DELTA_SA,2024:Q2,0.11209174579793757,0.38613974161414877,0.6214014335469051,model_implied_state_space,0.11129999999999995,0.0007917457979376152,True,True,31,-1906.0614122211891,-3551.6061851120844,-1906.0614122211891,0.18124560498085884,9.503017575510726e-05,31.0,0,{},14,expanding,40,1965:Q3,,3,0.02
standard_dfm,pseudo,2024:Q2:pre_advance:pseudo,2024-07-31,pre_advance,DELTA_SA,DELTA_SA,2024:Q2,0.09271338046008237,,,not_available,0.11129999999999995,-0.01858661953991758,True,True,0,,,,,,,0,{},14,expanding,40,1965:Q3,,3,0.02
ar,exact,2024:Q2:pre_second:exact,2024-08-28,pre_second,DELTA_TS,DELTA_TS,2024:Q2,0.07879341069259516,,,not_available,0.03810000000000002,0.04069341069259513,True,True,0,,,,,,,0,{},14,expanding,40,1965:Q3,,3,0.02
bridge,exact,2024:Q2:pre_second:exact,2024-08-28,pre_second,DELTA_TS,DELTA_TS,2024:Q2,-0.20080448163236309,,,not_available,0.03810000000000002,-0.2389044816323631,True,True,0,,,,,,,0,{},14,expanding,40,1965:Q3,,3,0.02
indicator_revision_only_dfm_kalman_em,exact,2024:Q2:pre_second:exact,2024-08-28,pre_second,DELTA_TS,DELTA_TS,2024:Q2,0.0,0.14257556291104123,0.37759179401973403,model_implied_state_space,0.03810000000000002,-0.03810000000000002,True,False,50,-3656.2779126327446,-5779.161798035775,-3656.2779126327446,0.8603218515927438,0.00023518024646600525,51.0,0,{},14,expanding,40,1965:Q3,,3,0.02
joint_indicator_revision_dfm_full_kalman_em,exact,2024:Q2:pre_second:exact,2024-08-28,pre_second,DELTA_TS,DELTA_TS,2024:Q2,0.011398980043651807,0.13996852403984117,0.37412367479196124,model_implied_state_space,0.03810000000000002,-0.026701019956348215,True,False,50,-3638.6073905928206,-5793.105199620892,-3638.6073905928206,1.018306994100385,0.00027970658856122976,51.0,0,{},14,expanding,40,1965:Q3,,3,0.02
midas_umidas,exact,2024:Q2:pre_second:exact,2024-08-28,pre_second,DELTA_TS,DELTA_TS,2024:Q2,0.051366070705513245,,,not_available,0.03810000000000002,0.013266070705513222,True,True,0,,,,,,,0,{},14,expanding,40,1965:Q3,,3,0.02
monthly_mixed_frequency_kalman_em,exact,2024:Q2:pre_second:exact,2024-08-28,pre_second,DELTA_TS,DELTA_TS,2024:Q2,0.07560123407578434,0.14510889801505167,0.38093161855515706,model_implied_state_space,0.03810000000000002,0.03750123407578432,True,True,28,-6452.758313829933,-8646.172861549527,-6452.758313829933,0.5888316350774403,9.123023937303534e-05,28.0,0,{},14,expanding,40,1965:Q3,,3,0.02
no_revision,exact,2024:Q2:pre_second:exact,2024-08-28,pre_second,DELTA_TS,DELTA_TS,2024:Q2,0.0,,,not_available,0.03810000000000002,-0.03810000000000002,True,True,0,,,,,,,0,{},14,expanding,40,1965:Q3,,3,0.02
release_dfm,exact,2024:Q2:pre_second:exact,2024-08-28,pre_second,DELTA_TS,DELTA_TS,2024:Q2,0.05113334221197485,,,not_available,0.03810000000000002,0.01303334221197483,True,True,0,,,,,,,0,{},14,expanding,40,1965:Q3,,3,0.02
revision_dfm_kalman_em,exact,2024:Q2:pre_second:exact,2024-08-28,pre_second,DELTA_TS,DELTA_TS,2024:Q2,0.0016489328516664514,0.14093726180945065,0.37541611820678483,model_implied_state_space,0.03810000000000002,-0.03645106714833357,True,True,31,-1905.5696295234795,-3552.7776720552874,-1905.5696295234795,0.177671989502187,9.31806691747807e-05,31.0,0,{},14,expanding,40,1965:Q3,,3,0.02
standard_dfm,exact,2024:Q2:pre_second:exact,2024-08-28,pre_second,DELTA_TS,DELTA_TS,2024:Q2,0.06724260548397121,,,not_available,0.03810000000000002,0.029142605483971185,True,True,0,,,,,,,0,{},14,expanding,40,1965:Q3,,3,0.02
ar,pseudo,2024:Q2:pre_second:pseudo,2024-08-31,pre_second,DELTA_TS,DELTA_TS,2024:Q2,0.07879341069259516,,,not_available,0.03810000000000002,0.04069341069259513,True,True,0,,,,,,,0,{},14,expanding,40,1965:Q3,,3,0.02
bridge,pseudo,2024:Q2:pre_second:pseudo,2024-08-31,pre_second,DELTA_TS,DELTA_TS,2024:Q2,-0.19987962032259343,,,not_available,0.03810000000000002,-0.23797962032259345,True,True,0,,,,,,,0,{},14,expanding,40,1965:Q3,,3,0.02
indicator_revision_only_dfm_kalman_em,pseudo,2024:Q2:pre_second:pseudo,2024-08-31,pre_second,DELTA_TS,DELTA_TS,2024:Q2,0.0,0.14257557575543778,0.37759181102804357,model_implied_state_space,0.03810000000000002,-0.03810000000000002,True,False,50,-3656.278000519527,-5779.159479594458,-3656.278000519527,0.8609160198011523,0.00023534262624875818,51.0,0,{},14,expanding,40,1965:Q3,,3,0.02
joint_indicator_revision_dfm_full_kalman_em,pseudo,2024:Q2:pre_second:pseudo,2024-08-31,pre_second,DELTA_TS,DELTA_TS,2024:Q2,0.011398101349657352,0.1399684835000008,0.374123620612226,model_implied_state_space,0.03810000000000002,-0.02670189865034267,True,False,50,-3638.6099366066164,-5793.102881854247,-3638.6099366066164,1.0191437375515306,0.00027993616352017537,51.0,0,{},14,expanding,40,1965:Q3,,3,0.02
midas_umidas,pseudo,2024:Q2:pre_second:pseudo,2024-08-31,pre_second,DELTA_TS,DELTA_TS,2024:Q2,0.058679698832893035,,,not_available,0.03810000000000002,0.020579698832893012,True,True,0,,,,,,,0,{},14,expanding,40,1965:Q3,,3,0.02
monthly_mixed_frequency_kalman_em,pseudo,2024:Q2:pre_second:pseudo,2024-08-31,pre_second,DELTA_TS,DELTA_TS,2024:Q2,0.07560374420843585,0.14510973017884787,0.380932710828104,model_implied_state_space,0.03810000000000002,0.03750374420843583,True,True,28,-6454.1930511441815,-8647.504739708897,-6454.1930511441815,0.5891602155470537,9.126085674178337e-05,28.0,0,{},14,expanding,40,1965:Q3,,3,0.02
no_revision,pseudo,2024:Q2:pre_second:pseudo,2024-08-31,pre_second,DELTA_TS,DELTA_TS,2024:Q2,0.0,,,not_available,0.03810000000000002,-0.03810000000000002,True,True,0,,,,,,,0,{},14,expanding,40,1965:Q3,,3,0.02
release_dfm,pseudo,2024:Q2:pre_second:pseudo,2024-08-31,pre_second,DELTA_TS,DELTA_TS,2024:Q2,0.051127950789570775,,,not_available,0.03810000000000002,0.013027950789570752,True,True,0,,,,,,,0,{},14,expanding,40,1965:Q3,,3,0.02
revision_dfm_kalman_em,pseudo,2024:Q2:pre_second:pseudo,2024-08-31,pre_second,DELTA_TS,DELTA_TS,2024:Q2,0.0016464067642747438,0.14093727208452766,0.3754161318917018,model_implied_state_space,0.03810000000000002,-0.03645359323572528,True,True,31,-1905.5656276427396,-3552.7767647683277,-1905.5656276427396,0.17766512739990503,9.317726621803977e-05,31.0,0,{},14,expanding,40,1965:Q3,,3,0.02
standard_dfm,pseudo,2024:Q2:pre_second:pseudo,2024-08-31,pre_second,DELTA_TS,DELTA_TS,2024:Q2,0.06725430602293114,,,not_available,0.03810000000000002,0.02915430602293112,True,True,0,,,,,,,0,{},14,expanding,40,1965:Q3,,3,0.02
ar,exact,2024:Q2:pre_third:exact,2024-09-25,pre_third,DELTA_MT,DELTA_MT,2024:Q2,0.4003926973988654,,,not_available,0.6000000000000001,-0.19960730260113468,True,True,0,,,,,,,0,{},14,expanding,40,1965:Q3,,3,0.02
bridge,exact,2024:Q2:pre_third:exact,2024-09-25,pre_third,DELTA_MT,DELTA_MT,2024:Q2,0.1573735216015888,,,not_available,0.6000000000000001,-0.4426264783984113,True,True,0,,,,,,,0,{},14,expanding,40,1965:Q3,,3,0.02
indicator_revision_only_dfm_kalman_em,exact,2024:Q2:pre_third:exact,2024-09-25,pre_third,DELTA_MT,DELTA_MT,2024:Q2,0.0,4.16499433287058,2.0408317747601297,model_implied_state_space,0.6000000000000001,-0.6000000000000001,True,True,41,-3617.8834904644336,-5763.7070567384335,-3617.8834904644336,0.30475577542574683,8.42055606647075e-05,41.0,0,{},14,expanding,40,1965:Q3,,3,0.02
joint_indicator_revision_dfm_full_kalman_em,exact,2024:Q2:pre_third:exact,2024-09-25,pre_third,DELTA_MT,DELTA_MT,2024:Q2,0.0059887702893224315,4.161671338659783,2.0400174848907016,model_implied_state_space,0.6000000000000001,-0.5940112297106777,True,True,42,-3590.4130918883984,-5776.094918263159,-3590.4130918883984,0.33520272837222365,9.332578479249723e-05,42.0,0,{},14,expanding,40,1965:Q3,,3,0.02
midas_umidas,exact,2024:Q2:pre_third:exact,2024-09-25,pre_third,DELTA_MT,DELTA_MT,2024:Q2,-0.3830324221771648,,,not_available,0.6000000000000001,-0.9830324221771649,True,True,0,,,,,,,0,{},14,expanding,40,1965:Q3,,3,0.02
monthly_mixed_frequency_kalman_em,exact,2024:Q2:pre_third:exact,2024-09-25,pre_third,DELTA_MT,DELTA_MT,2024:Q2,0.04982911492617914,4.115750491892345,2.0287312517660747,model_implied_state_space,0.6000000000000001,-0.550170885073821,True,True,27,-6463.345216908381,-8630.23028076301,-6463.345216908381,0.5916755523394386,9.152070038447533e-05,27.0,0,{},14,expanding,40,1965:Q3,,3,0.02
no_revision,exact,2024:Q2:pre_third:exact,2024-09-25,pre_third,DELTA_MT,DELTA_MT,2024:Q2,0.0,,,not_available,0.6000000000000001,-0.6000000000000001,True,True,0,,,,,,,0,{},14,expanding,40,1965:Q3,,3,0.02
release_dfm,exact,2024:Q2:pre_third:exact,2024-09-25,pre_third,DELTA_MT,DELTA_MT,2024:Q2,0.20707504341068006,,,not_available,0.6000000000000001,-0.39292495658932003,True,True,0,,,,,,,0,{},14,expanding,40,1965:Q3,,3,0.02
revision_dfm_kalman_em,exact,2024:Q2:pre_third:exact,2024-09-25,pre_third,DELTA_MT,DELTA_MT,2024:Q2,0.0016224294090436686,4.153973517740477,2.038129906983477,model_implied_state_space,0.6000000000000001,-0.5983775705909564,True,True,31,-1904.7535150523502,-3553.9980495532145,-1904.7535150523502,0.1752652819470768,9.195793869922858e-05,31.0,0,{},14,expanding,40,1965:Q3,,3,0.02
standard_dfm,exact,2024:Q2:pre_third:exact,2024-09-25,pre_third,DELTA_MT,DELTA_MT,2024:Q2,0.32031491930789757,,,not_available,0.6000000000000001,-0.2796850806921025,True,True,0,,,,,,,0,{},14,expanding,40,1965:Q3,,3,0.02
ar,pseudo,2024:Q2:pre_third:pseudo,2024-09-30,pre_third,DELTA_MT,DELTA_MT,2024:Q2,0.4003926973988654,,,not_available,0.6000000000000001,-0.19960730260113468,True,True,0,,,,,,,0,{},14,expanding,40,1965:Q3,,3,0.02
bridge,pseudo,2024:Q2:pre_third:pseudo,2024-09-30,pre_third,DELTA_MT,DELTA_MT,2024:Q2,0.15291493606565654,,,not_available,0.6000000000000001,-0.44708506393434355,True,True,0,,,,,,,0,{},14,expanding,40,1965:Q3,,3,0.02
indicator_revision_only_dfm_kalman_em,pseudo,2024:Q2:pre_third:pseudo,2024-09-30,pre_third,DELTA_MT,DELTA_MT,2024:Q2,0.0,4.164988701689644,2.040830395130777,model_implied_state_space,0.6000000000000001,-0.6000000000000001,True,True,41,-3618.0423308071445,-5763.6800773963505,-3618.0423308071445,0.28944792005040654,7.997275125525969e-05,41.0,0,{},14,expanding,40,1965:Q3,,3,0.02
joint_indicator_revision_dfm_full_kalman_em,pseudo,2024:Q2:pre_third:pseudo,2024-09-30,pre_third,DELTA_MT,DELTA_MT,2024:Q2,0.005966004377944145,4.161760035063976,2.040039223903299,model_implied_state_space,0.6000000000000001,-0.5940339956220559,True,True,42,-3590.537296888089,-5776.0684874127455,-3590.537296888089,0.3129361118662928,8.712393100113334e-05,42.0,0,{},14,expanding,40,1965:Q3,,3,0.02
midas_umidas,pseudo,2024:Q2:pre_third:pseudo,2024-09-30,pre_third,DELTA_MT,DELTA_MT,2024:Q2,-0.32044010003960244,,,not_available,0.6000000000000001,-0.9204401000396025,True,True,0,,,,,,,0,{},14,expanding,40,1965:Q3,,3,0.02
monthly_mixed_frequency_kalman_em,pseudo,2024:Q2:pre_third:pseudo,2024-09-30,pre_third,DELTA_MT,DELTA_MT,2024:Q2,0.04980831485034365,4.115768573048126,2.0287357080329924,model_implied_state_space,0.6000000000000001,-0.5501916851496564,True,True,27,-6467.278082810968,-8633.158785558899,-6467.278082810968,0.594981703706253,9.197609811978763e-05,27.0,0,{},14,expanding,40,1965:Q3,,3,0.02
no_revision,pseudo,2024:Q2:pre_third:pseudo,2024-09-30,pre_third,DELTA_MT,DELTA_MT,2024:Q2,0.0,,,not_available,0.6000000000000001,-0.6000000000000001,True,True,0,,,,,,,0,{},14,expanding,40,1965:Q3,,3,0.02
release_dfm,pseudo,2024:Q2:pre_third:pseudo,2024-09-30,pre_third,DELTA_MT,DELTA_MT,2024:Q2,0.22809448852743675,,,not_available,0.6000000000000001,-0.37190551147256334,True,True,0,,,,,,,0,{},14,expanding,40,1965:Q3,,3,0.02
revision_dfm_kalman_em,pseudo,2024:Q2:pre_third:pseudo,2024-09-30,pre_third,DELTA_MT,DELTA_MT,2024:Q2,0.0016274051435942738,4.153986380468523,2.0381330625031633,model_implied_state_space,0.6000000000000001,-0.5983725948564058,True,True,31,-1905.497926091237,-3554.2180080997714,-1905.497926091237,0.17695249447524475,9.28068526326315e-05,31.0,0,{},14,expanding,40,1965:Q3,,3,0.02
standard_dfm,pseudo,2024:Q2:pre_third:pseudo,2024-09-30,pre_third,DELTA_MT,DELTA_MT,2024:Q2,0.3235354371853605,,,not_available,0.6000000000000001,-0.2764645628146396,True,True,0,,,,,,,0,{},14,expanding,40,1965:Q3,,3,0.02
ar,exact,2024:Q3:pre_advance:exact,2024-10-29,pre_advance,DELTA_SA,DELTA_SA,2024:Q3,0.09455321279906093,,,not_available,0.008799999999999919,0.08575321279906101,True,True,0,,,,,,,0,{},14,expanding,40,1965:Q3,,3,0.02
bridge,exact,2024:Q3:pre_advance:exact,2024-10-29,pre_advance,DELTA_SA,DELTA_SA,2024:Q3,0.08142710177194123,,,not_available,0.008799999999999919,0.07262710177194132,True,True,0,,,,,,,0,{},14,expanding,40,1965:Q3,,3,0.02
indicator_revision_only_dfm_kalman_em,exact,2024:Q3:pre_advance:exact,2024-10-29,pre_advance,DELTA_SA,DELTA_SA,2024:Q3,0.0,0.40315347893542963,0.6349436817036843,model_implied_state_space,0.008799999999999919,-0.008799999999999919,True,False,50,-3685.1286638031393,-5818.673379073329,-3685.1286638031393,0.6467122773428855,0.00017541407093545907,51.0,0,{},14,expanding,40,1965:Q3,,3,0.02
joint_indicator_revision_dfm_full_kalman_em,exact,2024:Q3:pre_advance:exact,2024-10-29,pre_advance,DELTA_SA,DELTA_SA,2024:Q3,0.1699586587381685,0.37141094127293073,0.6094349360456215,model_implied_state_space,0.008799999999999919,0.1611586587381686,True,False,50,-3666.5852125452757,-5832.582500838509,-3666.5852125452757,0.622967138716831,0.00016982873059579134,51.0,0,{},14,expanding,40,1965:Q3,,3,0.02
midas_umidas,exact,2024:Q3:pre_advance:exact,2024-10-29,pre_advance,DELTA_SA,DELTA_SA,2024:Q3,0.4710608201725559,,,not_available,0.008799999999999919,0.462260820172556,True,True,0,,,,,,,0,{},14,expanding,40,1965:Q3,,3,0.02
monthly_mixed_frequency_kalman_em,exact,2024:Q3:pre_advance:exact,2024-10-29,pre_advance,DELTA_SA,DELTA_SA,2024:Q3,0.0358171803823748,0.36169309025255103,0.6014092535474916,model_implied_state_space,0.008799999999999919,0.027017180382374884,True,True,28,-6486.55240831008,-8688.148717082293,-6486.55240831008,0.5901635054524377,9.096031705839909e-05,28.0,0,{},14,expanding,40,1965:Q3,,3,0.02
no_revision,exact,2024:Q3:pre_advance:exact,2024-10-29,pre_advance,DELTA_SA,DELTA_SA,2024:Q3,0.0,,,not_available,0.008799999999999919,-0.008799999999999919,True,True,0,,,,,,,0,{},14,expanding,40,1965:Q3,,3,0.02
release_dfm,exact,2024:Q3:pre_advance:exact,2024-10-29,pre_advance,DELTA_SA,DELTA_SA,2024:Q3,0.09251068801486473,,,not_available,0.008799999999999919,0.08371068801486481,True,True,0,,,,,,,0,{},14,expanding,40,1965:Q3,,3,0.02
revision_dfm_kalman_em,exact,2024:Q3:pre_advance:exact,2024-10-29,pre_advance,DELTA_SA,DELTA_SA,2024:Q3,0.12040843820367586,0.3844329617381881,0.6200265814771074,model_implied_state_space,0.008799999999999919,0.11160843820367594,True,True,31,-1920.880719656435,-3574.9569725974625,-1920.880719656435,0.17769194212883122,9.24487731780461e-05,31.0,0,{},14,expanding,40,1965:Q3,,3,0.02
standard_dfm,exact,2024:Q3:pre_advance:exact,2024-10-29,pre_advance,DELTA_SA,DELTA_SA,2024:Q3,0.09251068801486473,,,not_available,0.008799999999999919,0.08371068801486481,True,True,0,,,,,,,0,{},14,expanding,40,1965:Q3,,3,0.02
ar,pseudo,2024:Q3:pre_advance:pseudo,2024-10-31,pre_advance,DELTA_SA,DELTA_SA,2024:Q3,0.09455321279906093,,,not_available,0.008799999999999919,0.08575321279906101,True,True,0,,,,,,,0,{},14,expanding,40,1965:Q3,,3,0.02
bridge,pseudo,2024:Q3:pre_advance:pseudo,2024-10-31,pre_advance,DELTA_SA,DELTA_SA,2024:Q3,0.0803244164970831,,,not_available,0.008799999999999919,0.07152441649708319,True,True,0,,,,,,,0,{},14,expanding,40,1965:Q3,,3,0.02
indicator_revision_only_dfm_kalman_em,pseudo,2024:Q3:pre_advance:pseudo,2024-10-31,pre_advance,DELTA_SA,DELTA_SA,2024:Q3,0.0,0.4031533795747224,0.6349436034599627,model_implied_state_space,0.008799999999999919,-0.008799999999999919,True,False,50,-3685.207754370161,-5818.676280525324,-3685.207754370161,0.6460261252113924,0.00017522423282124064,51.0,0,{},14,expanding,40,1965:Q3,,3,0.02
joint_indicator_revision_dfm_full_kalman_em,pseudo,2024:Q3:pre_advance:pseudo,2024-10-31,pre_advance,DELTA_SA,DELTA_SA,2024:Q3,0.17149391505591138,0.3714004142832543,0.6094262993039062,model_implied_state_space,0.008799999999999919,0.16269391505591146,True,False,50,-3666.6657103848206,-5832.585339086063,-3666.6657103848206,0.6216309329115575,0.00016946080693020453,51.0,0,{},14,expanding,40,1965:Q3,,3,0.02
midas_umidas,pseudo,2024:Q3:pre_advance:pseudo,2024-10-31,pre_advance,DELTA_SA,DELTA_SA,2024:Q3,0.46289995995781275,,,not_available,0.008799999999999919,0.4540999599578128,True,True,0,,,,,,,0,{},14,expanding,40,1965:Q3,,3,0.02
monthly_mixed_frequency_kalman_em,pseudo,2024:Q3:pre_advance:pseudo,2024-10-31,pre_advance,DELTA_SA,DELTA_SA,2024:Q3,0.035866599937474763,0.3616908590466519,0.60140739856328,model_implied_state_space,0.008799999999999919,0.027066599937474844,True,True,28,-6487.884277396865,-8689.474999382368,-6487.884277396865,0.5903116102199419,9.096446902186913e-05,28.0,0,{},14,expanding,40,1965:Q3,,3,0.02
no_revision,pseudo,2024:Q3:pre_advance:pseudo,2024-10-31,pre_advance,DELTA_SA,DELTA_SA,2024:Q3,0.0,,,not_available,0.008799999999999919,-0.008799999999999919,True,True,0,,,,,,,0,{},14,expanding,40,1965:Q3,,3,0.02
release_dfm,pseudo,2024:Q3:pre_advance:pseudo,2024-10-31,pre_advance,DELTA_SA,DELTA_SA,2024:Q3,0.0925133839370913,,,not_available,0.008799999999999919,0.08371338393709138,True,True,0,,,,,,,0,{},14,expanding,40,1965:Q3,,3,0.02
revision_dfm_kalman_em,pseudo,2024:Q3:pre_advance:pseudo,2024-10-31,pre_advance,DELTA_SA,DELTA_SA,2024:Q3,0.120419008410378,0.3844334926743169,0.6200270096329005,model_implied_state_space,0.008799999999999919,0.11161900841037808,True,True,31,-1920.8829160456914,-3574.9571902519524,-1920.8829160456914,0.17770633044892747,9.245615272490141e-05,31.0,0,{},14,expanding,40,1965:Q3,,3,0.02
standard_dfm,pseudo,2024:Q3:pre_advance:pseudo,2024-10-31,pre_advance,DELTA_SA,DELTA_SA,2024:Q3,0.0925133839370913,,,not_available,0.008799999999999919,0.08371338393709138,True,True,0,,,,,,,0,{},14,expanding,40,1965:Q3,,3,0.02
ar,exact,2024:Q3:pre_second:exact,2024-11-26,pre_second,DELTA_TS,DELTA_TS,2024:Q3,0.06846951380118549,,,not_available,0.23939999999999984,-0.17093048619881435,True,True,0,,,,,,,0,{},14,expanding,40,1965:Q3,,3,0.02
bridge,exact,2024:Q3:pre_second:exact,2024-11-26,pre_second,DELTA_TS,DELTA_TS,2024:Q3,0.002157589970466667,,,not_available,0.23939999999999984,-0.23724241002953317,True,True,0,,,,,,,0,{},14,expanding,40,1965:Q3,,3,0.02
indicator_revision_only_dfm_kalman_em,exact,2024:Q3:pre_second:exact,2024-11-26,pre_second,DELTA_TS,DELTA_TS,2024:Q3,0.0,0.1419756598346099,0.37679657619809914,model_implied_state_space,0.23939999999999984,-0.23939999999999984,True,False,50,-3685.806207633515,-5820.050329434787,-3685.806207633515,0.6151392806641525,0.0001668209902779166,51.0,0,{},14,expanding,40,1965:Q3,,3,0.02
joint_indicator_revision_dfm_full_kalman_em,exact,2024:Q3:pre_second:exact,2024-11-26,pre_second,DELTA_TS,DELTA_TS,2024:Q3,0.009635715753121055,0.1394016427836593,0.3733652940267203,model_implied_state_space,0.23939999999999984,-0.22976428424687878,True,False,50,-3667.0309436169546,-5834.049247960119,-3667.0309436169546,0.5514241879841393,0.00015030988340983568,51.0,0,{},14,expanding,40,1965:Q3,,3,0.02
midas_umidas,exact,2024:Q3:pre_second:exact,2024-11-26,pre_second,DELTA_TS,DELTA_TS,2024:Q3,0.0015542975941484904,,,not_available,0.23939999999999984,-0.23784570240585134,True,True,0,,,,,,,0,{},14,expanding,40,1965:Q3,,3,0.02
monthly_mixed_frequency_kalman_em,exact,2024:Q3:pre_second:exact,2024-11-26,pre_second,DELTA_TS,DELTA_TS,2024:Q3,0.0031621501145671083,0.14447192815236565,0.3800946305229339,model_implied_state_space,0.23939999999999984,-0.23623784988543273,True,True,28,-6503.904995170391,-8707.256363283941,-6503.904995170391,0.5940477689409818,9.131471160321277e-05,28.0,0,{},14,expanding,40,1965:Q3,,3,0.02
no_revision,exact,2024:Q3:pre_second:exact,2024-11-26,pre_second,DELTA_TS,DELTA_TS,2024:Q3,0.0,,,not_available,0.23939999999999984,-0.23939999999999984,True,True,0,,,,,,,0,{},14,expanding,40,1965:Q3,,3,0.02
release_dfm,exact,2024:Q3:pre_second:exact,2024-11-26,pre_second,DELTA_TS,DELTA_TS,2024:Q3,0.05152506963289527,,,not_available,0.23939999999999984,-0.18787493036710456,True,True,0,,,,,,,0,{},14,expanding,40,1965:Q3,,3,0.02
revision_dfm_kalman_em,exact,2024:Q3:pre_second:exact,2024-11-26,pre_second,DELTA_TS,DELTA_TS,2024:Q3,0.006933548842669612,0.14033641641670824,0.3746150242805382,model_implied_state_space,0.23939999999999984,-0.23246645115733022,True,True,31,-1921.6631186761704,-3576.362707926201,-1921.6631186761704,0.1763664657823938,9.172188689966163e-05,31.0,0,{},14,expanding,40,1965:Q3,,3,0.02
standard_dfm,exact,2024:Q3:pre_second:exact,2024-11-26,pre_second,DELTA_TS,DELTA_TS,2024:Q3,0.06600192387951109,,,not_available,0.23939999999999984,-0.17339807612048874,True,True,0,,,,,,,0,{},14,expanding,40,1965:Q3,,3,0.02
ar,pseudo,2024:Q3:pre_second:pseudo,2024-11-30,pre_second,DELTA_TS,DELTA_TS,2024:Q3,0.06846951380118549,,,not_available,0.23939999999999984,-0.17093048619881435,True,True,0,,,,,,,0,{},14,expanding,40,1965:Q3,,3,0.02
bridge,pseudo,2024:Q3:pre_second:pseudo,2024-11-30,pre_second,DELTA_TS,DELTA_TS,2024:Q3,-0.008926583410608924,,,not_available,0.23939999999999984,-0.24832658341060876,True,True,0,,,,,,,0,{},14,expanding,40,1965:Q3,,3,0.02
indicator_revision_only_dfm_kalman_em,pseudo,2024:Q3:pre_second:pseudo,2024-11-30,pre_second,DELTA_TS,DELTA_TS,2024:Q3,0.0,0.14197533881943702,0.37679615021843976,model_implied_state_space,0.23939999999999984,-0.23939999999999984,True,False,50,-3685.7991127895857,-5820.133501879439,-3685.7991127895857,0.6032996550002281,0.00016361101597269577,51.0,0,{},14,expanding,40,1965:Q3,,3,0.02
joint_indicator_revision_dfm_full_kalman_em,pseudo,2024:Q3:pre_second:pseudo,2024-11-30,pre_second,DELTA_TS,DELTA_TS,2024:Q3,0.00962042072168412,0.1394030248413869,0.37336714483385774,model_implied_state_space,0.23939999999999984,-0.22977957927831572,True,False,50,-3666.9894819597685,-5834.132390536523,-3666.9894819597685,0.5295672621241465,0.00014435450791415948,51.0,0,{},14,expanding,40,1965:Q3,,3,0.02
midas_umidas,pseudo,2024:Q3:pre_second:pseudo,2024-11-30,pre_second,DELTA_TS,DELTA_TS,2024:Q3,-3.7562781915134735e-05,,,not_available,0.23939999999999984,-0.23943756278191497,True,True,0,,,,,,,0,{},14,expanding,40,1965:Q3,,3,0.02
monthly_mixed_frequency_kalman_em,pseudo,2024:Q3:pre_second:pseudo,2024-11-30,pre_second,DELTA_TS,DELTA_TS,2024:Q3,0.0031579766160358957,0.1444730137085276,0.38009605852800893,model_implied_state_space,0.23939999999999984,-0.23624202338396394,True,True,28,-6506.789067067091,-8709.979177076575,-6506.789067067091,0.5946370317360561,9.136477791891214e-05,28.0,0,{},14,expanding,40,1965:Q3,,3,0.02
no_revision,pseudo,2024:Q3:pre_second:pseudo,2024-11-30,pre_second,DELTA_TS,DELTA_TS,2024:Q3,0.0,,,not_available,0.23939999999999984,-0.23939999999999984,True,True,0,,,,,,,0,{},14,expanding,40,1965:Q3,,3,0.02
release_dfm,pseudo,2024:Q3:pre_second:pseudo,2024-11-30,pre_second,DELTA_TS,DELTA_TS,2024:Q3,0.05157428620169391,,,not_available,0.23939999999999984,-0.18782571379830593,True,True,0,,,,,,,0,{},14,expanding,40,1965:Q3,,3,0.02
revision_dfm_kalman_em,pseudo,2024:Q3:pre_second:pseudo,2024-11-30,pre_second,DELTA_TS,DELTA_TS,2024:Q3,0.006863867395655809,0.14033588469181313,0.3746143145847648,model_implied_state_space,0.23939999999999984,-0.23253613260434403,True,True,31,-1921.7867730748958,-3576.3922408906333,-1921.7867730748958,0.17659677625965742,9.18357463425456e-05,31.0,0,{},14,expanding,40,1965:Q3,,3,0.02
standard_dfm,pseudo,2024:Q3:pre_second:pseudo,2024-11-30,pre_second,DELTA_TS,DELTA_TS,2024:Q3,0.06588065497536855,,,not_available,0.23939999999999984,-0.1735193450246313,True,True,0,,,,,,,0,{},14,expanding,40,1965:Q3,,3,0.02
ar,exact,2024:Q3:pre_third:exact,2024-12-18,pre_third,DELTA_MT,DELTA_MT,2024:Q3,0.27166811072994523,,,not_available,0.26780000000000026,0.0038681107299449735,True,True,0,,,,,,,0,{},14,expanding,40,1965:Q3,,3,0.02
bridge,exact,2024:Q3:pre_third:exact,2024-12-18,pre_third,DELTA_MT,DELTA_MT,2024:Q3,0.30112974819558413,,,not_available,0.26780000000000026,0.033329748195583875,True,True,0,,,,,,,0,{},14,expanding,40,1965:Q3,,3,0.02
indicator_revision_only_dfm_kalman_em,exact,2024:Q3:pre_third:exact,2024-12-18,pre_third,DELTA_MT,DELTA_MT,2024:Q3,0.0,4.159037522424012,2.0393718450601432,model_implied_state_space,0.26780000000000026,-0.26780000000000026,True,False,50,-3685.2352484730654,-5821.445113632095,-3685.2352484730654,0.6099103573201319,0.00016542879644927094,51.0,0,{},14,expanding,40,1965:Q3,,3,0.02
joint_indicator_revision_dfm_full_kalman_em,exact,2024:Q3:pre_third:exact,2024-12-18,pre_third,DELTA_MT,DELTA_MT,2024:Q3,0.004427573612777902,4.159949699046566,2.039595474364112,model_implied_state_space,0.26780000000000026,-0.26337242638722236,True,False,50,-3666.5380862631255,-5835.417614190391,-3666.5380862631255,0.5421457603542876,0.00014780095473953563,51.0,0,{},14,expanding,40,1965:Q3,,3,0.02
midas_umidas,exact,2024:Q3:pre_third:exact,2024-12-18,pre_third,DELTA_MT,DELTA_MT,2024:Q3,-1.8324550388342757,,,not_available,0.26780000000000026,-2.100255038834276,True,True,0,,,,,,,0,{},14,expanding,40,1965:Q3,,3,0.02
monthly_mixed_frequency_kalman_em,exact,2024:Q3:pre_third:exact,2024-12-18,pre_third,DELTA_MT,DELTA_MT,2024:Q3,0.010246322258559815,4.101881300097244,2.025310173799866,model_implied_state_space,0.26780000000000026,-0.25755367774144045,True,True,28,-6521.002891821332,-8727.583307632307,-6521.002891821332,0.5951434377448095,9.124331049187067e-05,28.0,0,{},14,expanding,40,1965:Q3,,3,0.02
no_revision,exact,2024:Q3:pre_third:exact,2024-12-18,pre_third,DELTA_MT,DELTA_MT,2024:Q3,0.0,,,not_available,0.26780000000000026,-0.26780000000000026,True,True,0,,,,,,,0,{},14,expanding,40,1965:Q3,,3,0.02
release_dfm,exact,2024:Q3:pre_third:exact,2024-12-18,pre_third,DELTA_MT,DELTA_MT,2024:Q3,0.1672307245651945,,,not_available,0.26780000000000026,-0.10056927543480576,True,True,0,,,,,,,0,{},14,expanding,40,1965:Q3,,3,0.02
revision_dfm_kalman_em,exact,2024:Q3:pre_third:exact,2024-12-18,pre_third,DELTA_MT,DELTA_MT,2024:Q3,0.0028187668385997178,4.130944525265352,2.032472515254598,model_implied_state_space,0.26780000000000026,-0.26498123316140054,True,True,25,-1921.16766618801,-3590.1486495509216,-1921.16766618801,0.17112534509442412,8.901934760310808e-05,25.0,0,{},14,expanding,40,1965:Q3,,3,0.02
standard_dfm,exact,2024:Q3:pre_third:exact,2024-12-18,pre_third,DELTA_MT,DELTA_MT,2024:Q3,0.3184385233812699,,,not_available,0.26780000000000026,0.05063852338126962,True,True,0,,,,,,,0,{},14,expanding,40,1965:Q3,,3,0.02
ar,pseudo,2024:Q3:pre_third:pseudo,2024-12-31,pre_third,DELTA_MT,DELTA_MT,2024:Q3,0.27166811072994523,,,not_available,0.26780000000000026,0.0038681107299449735,True,True,0,,,,,,,0,{},14,expanding,40,1965:Q3,,3,0.02
bridge,pseudo,2024:Q3:pre_third:pseudo,2024-12-31,pre_third,DELTA_MT,DELTA_MT,2024:Q3,0.302614844254264,,,not_available,0.26780000000000026,0.03481484425426373,True,True,0,,,,,,,0,{},14,expanding,40,1965:Q3,,3,0.02
indicator_revision_only_dfm_kalman_em,pseudo,2024:Q3:pre_third:pseudo,2024-12-31,pre_third,DELTA_MT,DELTA_MT,2024:Q3,0.0,4.159037188313124,2.0393717631449944,model_implied_state_space,0.26780000000000026,-0.26780000000000026,True,False,50,-3685.24520537843,-5821.457350813485,-3685.24520537843,0.6068511856569785,0.00016459873527513482,51.0,0,{},14,expanding,40,1965:Q3,,3,0.02
joint_indicator_revision_dfm_full_kalman_em,pseudo,2024:Q3:pre_third:pseudo,2024-12-31,pre_third,DELTA_MT,DELTA_MT,2024:Q3,0.004425416122543879,4.159947213944477,2.0395948651495663,model_implied_state_space,0.26780000000000026,-0.2633745838774564,True,False,50,-3666.539604202147,-5835.429850652433,-3666.539604202147,0.5363940630168145,0.00014623308330320988,51.0,0,{},14,expanding,40,1965:Q3,,3,0.02
midas_umidas,pseudo,2024:Q3:pre_third:pseudo,2024-12-31,pre_third,DELTA_MT,DELTA_MT,2024:Q3,-1.7845959945822476,,,not_available,0.26780000000000026,-2.052395994582248,True,True,0,,,,,,,0,{},14,expanding,40,1965:Q3,,3,0.02
monthly_mixed_frequency_kalman_em,pseudo,2024:Q3:pre_third:pseudo,2024-12-31,pre_third,DELTA_MT,DELTA_MT,2024:Q3,0.010271673463787767,4.101881016654878,2.025310103824814,model_implied_state_space,0.26780000000000026,-0.2575283265362125,True,True,28,-6523.6791500619665,-8730.29071847285,-6523.6791500619665,0.5953237402145533,9.123351708877112e-05,28.0,0,{},14,expanding,40,1965:Q3,,3,0.02
no_revision,pseudo,2024:Q3:pre_third:pseudo,2024-12-31,pre_third,DELTA_MT,DELTA_MT,2024:Q3,0.0,,,not_available,0.26780000000000026,-0.26780000000000026,True,True,0,,,,,,,0,{},14,expanding,40,1965:Q3,,3,0.02
release_dfm,pseudo,2024:Q3:pre_third:pseudo,2024-12-31,pre_third,DELTA_MT,DELTA_MT,2024:Q3,0.16945668764449184,,,not_available,0.26780000000000026,-0.09834331235550842,True,True,0,,,,,,,0,{},14,expanding,40,1965:Q3,,3,0.02
revision_dfm_kalman_em,pseudo,2024:Q3:pre_third:pseudo,2024-12-31,pre_third,DELTA_MT,DELTA_MT,2024:Q3,0.0028118109349239973,4.130944960641877,2.0324726223597396,model_implied_state_space,0.26780000000000026,-0.26498818906507626,True,True,25,-1921.2084261226853,-3590.159143124713,-1921.2084261226853,0.17114981508166238,8.9030188014858e-05,25.0,0,{},14,expanding,40,1965:Q3,,3,0.02
standard_dfm,pseudo,2024:Q3:pre_third:pseudo,2024-12-31,pre_third,DELTA_MT,DELTA_MT,2024:Q3,0.31838687935548604,,,not_available,0.26780000000000026,0.05058687935548578,True,True,0,,,,,,,0,{},14,expanding,40,1965:Q3,,3,0.02
ar,exact,2024:Q4:pre_advance:exact,2025-01-29,pre_advance,DELTA_SA,DELTA_SA,2024:Q4,0.08856620479105981,,,not_available,0.0939000000000001,-0.005333795208940284,True,True,0,,,,,,,0,{},14,expanding,40,1965:Q3,,3,0.02
bridge,exact,2024:Q4:pre_advance:exact,2025-01-29,pre_advance,DELTA_SA,DELTA_SA,2024:Q4,0.080781412992601,,,not_available,0.0939000000000001,-0.013118587007399096,True,True,0,,,,,,,0,{},14,expanding,40,1965:Q3,,3,0.02
indicator_revision_only_dfm_kalman_em,exact,2024:Q4:pre_advance:exact,2025-01-29,pre_advance,DELTA_SA,DELTA_SA,2024:Q4,0.0,0.40144471007448157,0.6335966461988901,model_implied_state_space,0.0939000000000001,-0.0939000000000001,True,False,50,-3712.8495908860386,-5859.881254883866,-3712.8495908860386,0.5247566942684898,0.00014127727718406667,51.0,0,{},14,expanding,40,1965:Q3,,3,0.02
joint_indicator_revision_dfm_full_kalman_em,exact,2024:Q4:pre_advance:exact,2025-01-29,pre_advance,DELTA_SA,DELTA_SA,2024:Q4,-0.028706769085542927,0.3679347371553341,0.6065762418322482,model_implied_state_space,0.0939000000000001,-0.12260676908554302,True,False,50,-3693.63427515577,-5873.848360826598,-3693.63427515577,0.3597389279480012,9.735846027810386e-05,51.0,0,{},14,expanding,40,1965:Q3,,3,0.02
midas_umidas,exact,2024:Q4:pre_advance:exact,2025-01-29,pre_advance,DELTA_SA,DELTA_SA,2024:Q4,-1.185192405650786,,,not_available,0.0939000000000001,-1.2790924056507862,True,True,0,,,,,,,0,{},14,expanding,40,1965:Q3,,3,0.02
monthly_mixed_frequency_kalman_em,exact,2024:Q4:pre_advance:exact,2025-01-29,pre_advance,DELTA_SA,DELTA_SA,2024:Q4,0.1396480696409732,0.3601193406362171,0.6000994422895402,model_implied_state_space,0.0939000000000001,0.04574806964097311,True,True,28,-6539.143212612603,-8750.666374123035,-6539.143212612603,0.6003269502198236,9.17826767841671e-05,28.0,0,{},14,expanding,40,1965:Q3,,3,0.02
no_revision,exact,2024:Q4:pre_advance:exact,2025-01-29,pre_advance,DELTA_SA,DELTA_SA,2024:Q4,0.0,,,not_available,0.0939000000000001,-0.0939000000000001,True,True,0,,,,,,,0,{},14,expanding,40,1965:Q3,,3,0.02
release_dfm,exact,2024:Q4:pre_advance:exact,2025-01-29,pre_advance,DELTA_SA,DELTA_SA,2024:Q4,0.09221523935173925,,,not_available,0.0939000000000001,-0.0016847606482608413,True,True,0,,,,,,,0,{},14,expanding,40,1965:Q3,,3,0.02
revision_dfm_kalman_em,exact,2024:Q4:pre_advance:exact,2025-01-29,pre_advance,DELTA_SA,DELTA_SA,2024:Q4,0.0724883939753711,0.3826617473270266,0.6185965949849923,model_implied_state_space,0.0939000000000001,-0.021411606024628993,True,True,31,-1936.1794131044464,-3598.425396902081,-1936.1794131044464,0.1741971383019063,8.991499403151271e-05,31.0,0,{},14,expanding,40,1965:Q3,,3,0.02
standard_dfm,exact,2024:Q4:pre_advance:exact,2025-01-29,pre_advance,DELTA_SA,DELTA_SA,2024:Q4,0.09221523935173925,,,not_available,0.0939000000000001,-0.0016847606482608413,True,True,0,,,,,,,0,{},14,expanding,40,1965:Q3,,3,0.02
ar,pseudo,2024:Q4:pre_advance:pseudo,2025-01-31,pre_advance,DELTA_SA,DELTA_SA,2024:Q4,0.08856620479105981,,,not_available,0.0939000000000001,-0.005333795208940284,True,True,0,,,,,,,0,{},14,expanding,40,1965:Q3,,3,0.02
bridge,pseudo,2024:Q4:pre_advance:pseudo,2025-01-31,pre_advance,DELTA_SA,DELTA_SA,2024:Q4,0.07752848161173365,,,not_available,0.0939000000000001,-0.01637151838826645,True,True,0,,,,,,,0,{},14,expanding,40,1965:Q3,,3,0.02
indicator_revision_only_dfm_kalman_em,pseudo,2024:Q4:pre_advance:pseudo,2025-01-31,pre_advance,DELTA_SA,DELTA_SA,2024:Q4,0.0,0.4014447754566124,0.6335966977949083,model_implied_state_space,0.0939000000000001,-0.0939000000000001,True,False,50,-3712.847829695262,-5859.88781330054,-3712.847829695262,0.5236248828377938,0.00014097267579213352,51.0,0,{},14,expanding,40,1965:Q3,,3,0.02
joint_indicator_revision_dfm_full_kalman_em,pseudo,2024:Q4:pre_advance:pseudo,2025-01-31,pre_advance,DELTA_SA,DELTA_SA,2024:Q4,-0.028416436608578177,0.36792296672319313,0.6065665394028862,model_implied_state_space,0.0939000000000001,-0.12231643660857827,True,False,50,-3693.632589097457,-5873.854931016364,-3693.632589097457,0.3576618768397566,9.67964331557974e-05,51.0,0,{},14,expanding,40,1965:Q3,,3,0.02
midas_umidas,pseudo,2024:Q4:pre_advance:pseudo,2025-01-31,pre_advance,DELTA_SA,DELTA_SA,2024:Q4,-1.1891689234921832,,,not_available,0.0939000000000001,-1.2830689234921833,True,True,0,,,,,,,0,{},14,expanding,40,1965:Q3,,3,0.02
monthly_mixed_frequency_kalman_em,pseudo,2024:Q4:pre_advance:pseudo,2025-01-31,pre_advance,DELTA_SA,DELTA_SA,2024:Q4,0.13932643791824484,0.3601139958923856,0.600094989057887,model_implied_state_space,0.0939000000000001,0.045426437918244744,True,True,28,-6540.669675618347,-8752.020968437366,-6540.669675618347,0.6009099822404096,9.185037127064126e-05,28.0,0,{},14,expanding,40,1965:Q3,,3,0.02
no_revision,pseudo,2024:Q4:pre_advance:pseudo,2025-01-31,pre_advance,DELTA_SA,DELTA_SA,2024:Q4,0.0,,,not_available,0.0939000000000001,-0.0939000000000001,True,True,0,,,,,,,0,{},14,expanding,40,1965:Q3,,3,0.02
release_dfm,pseudo,2024:Q4:pre_advance:pseudo,2025-01-31,pre_advance,DELTA_SA,DELTA_SA,2024:Q4,0.09222249777661551,,,not_available,0.0939000000000001,-0.001677502223384586,True,True,0,,,,,,,0,{},14,expanding,40,1965:Q3,,3,0.02
revision_dfm_kalman_em,pseudo,2024:Q4:pre_advance:pseudo,2025-01-31,pre_advance,DELTA_SA,DELTA_SA,2024:Q4,0.07252875323321173,0.38266508882161787,0.6185992958463644,model_implied_state_space,0.0939000000000001,-0.021371246766788365,True,True,31,-1936.198740658735,-3598.4295601973745,-1936.198740658735,0.17427891682905283,8.995630426774165e-05,31.0,0,{},14,expanding,40,1965:Q3,,3,0.02
standard_dfm,pseudo,2024:Q4:pre_advance:pseudo,2025-01-31,pre_advance,DELTA_SA,DELTA_SA,2024:Q4,0.09222249777661551,,,not_available,0.0939000000000001,-0.001677502223384586,True,True,0,,,,,,,0,{},14,expanding,40,1965:Q3,,3,0.02
ar,exact,2024:Q4:pre_second:exact,2025-02-26,pre_second,DELTA_TS,DELTA_TS,2024:Q4,0.07963622768986722,,,not_available,0.10440000000000005,-0.024763772310132826,True,True,0,,,,,,,0,{},14,expanding,40,1965:Q3,,3,0.02
bridge,exact,2024:Q4:pre_second:exact,2025-02-26,pre_second,DELTA_TS,DELTA_TS,2024:Q4,0.13209416253015238,,,not_available,0.10440000000000005,0.027694162530152333,True,True,0,,,,,,,0,{},14,expanding,40,1965:Q3,,3,0.02
indicator_revision_only_dfm_kalman_em,exact,2024:Q4:pre_second:exact,2025-02-26,pre_second,DELTA_TS,DELTA_TS,2024:Q4,0.0,0.1416227591911693,0.3763279941635611,model_implied_state_space,0.10440000000000005,-0.10440000000000005,True,False,50,-3711.0615114453576,-5861.194545840688,-3711.0615114453576,0.4701813047036012,0.00012664708172640916,51.0,0,{},14,expanding,40,1965:Q3,,3,0.02
joint_indicator_revision_dfm_full_kalman_em,exact,2024:Q4:pre_second:exact,2025-02-26,pre_second,DELTA_TS,DELTA_TS,2024:Q4,-0.0020785690194116135,0.13910024416584532,0.3729614513134639,model_implied_state_space,0.10440000000000005,-0.10647856901941166,True,True,49,-3692.1395088213976,-5875.252598439174,-3692.1395088213976,0.36232207435978125,9.809716928498449e-05,49.0,0,{},14,expanding,40,1965:Q3,,3,0.02
midas_umidas,exact,2024:Q4:pre_second:exact,2025-02-26,pre_second,DELTA_TS,DELTA_TS,2024:Q4,-0.7663464835904368,,,not_available,0.10440000000000005,-0.8707464835904368,True,True,0,,,,,,,0,{},14,expanding,40,1965:Q3,,3,0.02
monthly_mixed_frequency_kalman_em,exact,2024:Q4:pre_second:exact,2025-02-26,pre_second,DELTA_TS,DELTA_TS,2024:Q4,0.08210463032636639,0.14333353161443618,0.37859415158509274,model_implied_state_space,0.10440000000000005,-0.022295369673633658,True,True,27,-6548.940949226245,-8733.635195700865,-6548.940949226245,0.6186385703649648,9.444056833212539e-05,27.0,0,{},14,expanding,40,1965:Q3,,3,0.02
no_revision,exact,2024:Q4:pre_second:exact,2025-02-26,pre_second,DELTA_TS,DELTA_TS,2024:Q4,0.0,,,not_available,0.10440000000000005,-0.10440000000000005,True,True,0,,,,,,,0,{},14,expanding,40,1965:Q3,,3,0.02
release_dfm,exact,2024:Q4:pre_second:exact,2025-02-26,pre_second,DELTA_TS,DELTA_TS,2024:Q4,0.050394463414680235,,,not_available,0.10440000000000005,-0.05400553658531981,True,True,0,,,,,,,0,{},14,expanding,40,1965:Q3,,3,0.02
revision_dfm_kalman_em,exact,2024:Q4:pre_second:exact,2025-02-26,pre_second,DELTA_TS,DELTA_TS,2024:Q4,0.0034105913128827936,0.14066876190447264,0.37505834466716326,model_implied_state_space,0.10440000000000005,-0.10098940868711725,True,True,25,-1935.7129509683991,-3612.3065965224055,-1935.7129509683991,0.17300714841348963,8.932232054679166e-05,25.0,0,{},14,expanding,40,1965:Q3,,3,0.02
standard_dfm,exact,2024:Q4:pre_second:exact,2025-02-26,pre_second,DELTA_TS,DELTA_TS,2024:Q4,0.06731776128520695,,,not_available,0.10440000000000005,-0.0370822387147931,True,True,0,,,,,,,0,{},14,expanding,40,1965:Q3,,3,0.02
ar,pseudo,2024:Q4:pre_second:pseudo,2025-02-28,pre_second,DELTA_TS,DELTA_TS,2024:Q4,0.07963622768986722,,,not_available,0.10440000000000005,-0.024763772310132826,True,True,0,,,,,,,0,{},14,expanding,40,1965:Q3,,3,0.02
bridge,pseudo,2024:Q4:pre_second:pseudo,2025-02-28,pre_second,DELTA_TS,DELTA_TS,2024:Q4,0.12681342774469284,,,not_available,0.10440000000000005,0.022413427744692793,True,True,0,,,,,,,0,{},14,expanding,40,1965:Q3,,3,0.02
indicator_revision_only_dfm_kalman_em,pseudo,2024:Q4:pre_second:pseudo,2025-02-28,pre_second,DELTA_TS,DELTA_TS,2024:Q4,0.0,0.14162268537075806,0.3763278960836654,model_implied_state_space,0.10440000000000005,-0.10440000000000005,True,False,50,-3711.1091763201903,-5861.237467671859,-3711.1091763201903,0.47107132349719905,0.00012688515589560123,51.0,0,{},14,expanding,40,1965:Q3,,3,0.02
joint_indicator_revision_dfm_full_kalman_em,pseudo,2024:Q4:pre_second:pseudo,2025-02-28,pre_second,DELTA_TS,DELTA_TS,2024:Q4,-0.002084258506855896,0.13910005603575315,0.37296119910220304,model_implied_state_space,0.10440000000000005,-0.10648425850685594,True,True,49,-3692.189034765935,-5875.295493135111,-3692.189034765935,0.3647922501781977,9.876456855994975e-05,49.0,0,{},14,expanding,40,1965:Q3,,3,0.02
midas_umidas,pseudo,2024:Q4:pre_second:pseudo,2025-02-28,pre_second,DELTA_TS,DELTA_TS,2024:Q4,-0.7947347124417492,,,not_available,0.10440000000000005,-0.8991347124417493,True,True,0,,,,,,,0,{},14,expanding,40,1965:Q3,,3,0.02
monthly_mixed_frequency_kalman_em,pseudo,2024:Q4:pre_second:pseudo,2025-02-28,pre_second,DELTA_TS,DELTA_TS,2024:Q4,0.08206756294226958,0.1433322528638573,0.37859246276683495,model_implied_state_space,0.10440000000000005,-0.02233243705773047,True,True,27,-6551.239621459542,-8736.353042009172,-6551.239621459542,0.617495940927256,9.423308487645124e-05,27.0,0,{},14,expanding,40,1965:Q3,,3,0.02
no_revision,pseudo,2024:Q4:pre_second:pseudo,2025-02-28,pre_second,DELTA_TS,DELTA_TS,2024:Q4,0.0,,,not_available,0.10440000000000005,-0.10440000000000005,True,True,0,,,,,,,0,{},14,expanding,40,1965:Q3,,3,0.02
release_dfm,pseudo,2024:Q4:pre_second:pseudo,2025-02-28,pre_second,DELTA_TS,DELTA_TS,2024:Q4,0.05041121976040719,,,not_available,0.10440000000000005,-0.05398878023959286,True,True,0,,,,,,,0,{},14,expanding,40,1965:Q3,,3,0.02
revision_dfm_kalman_em,pseudo,2024:Q4:pre_second:pseudo,2025-02-28,pre_second,DELTA_TS,DELTA_TS,2024:Q4,0.0033595475732877134,0.14066860740543818,0.3750581387004396,model_implied_state_space,0.10440000000000005,-0.10104045242671233,True,True,25,-1935.7068199836115,-3612.3092002018016,-1935.7068199836115,0.17296137300377268,8.929897181467212e-05,25.0,0,{},14,expanding,40,1965:Q3,,3,0.02
standard_dfm,pseudo,2024:Q4:pre_second:pseudo,2025-02-28,pre_second,DELTA_TS,DELTA_TS,2024:Q4,0.06728211452915733,,,not_available,0.10440000000000005,-0.037117885470842715,True,True,0,,,,,,,0,{},14,expanding,40,1965:Q3,,3,0.02
ar,exact,2024:Q4:pre_third:exact,2025-03-26,pre_third,DELTA_MT,DELTA_MT,2024:Q4,0.33614694528956646,,,not_available,-0.5985,0.9346469452895665,True,True,0,,,,,,,0,{},14,expanding,40,1965:Q3,,3,0.02
bridge,exact,2024:Q4:pre_third:exact,2025-03-26,pre_third,DELTA_MT,DELTA_MT,2024:Q4,0.12899766390039558,,,not_available,-0.5985,0.7274976639003956,True,True,0,,,,,,,0,{},14,expanding,40,1965:Q3,,3,0.02
indicator_revision_only_dfm_kalman_em,exact,2024:Q4:pre_third:exact,2025-03-26,pre_third,DELTA_MT,DELTA_MT,2024:Q4,0.0,4.14097229325905,2.0349379089444106,model_implied_state_space,-0.5985,0.5985,True,False,50,-3710.418994096593,-5862.445295922382,-3710.418994096593,0.4741359646282035,0.00012773427143910888,51.0,0,{},14,expanding,40,1965:Q3,,3,0.02
joint_indicator_revision_dfm_full_kalman_em,exact,2024:Q4:pre_third:exact,2025-03-26,pre_third,DELTA_MT,DELTA_MT,2024:Q4,-0.0001847087316861895,4.140877318217138,2.0349145727074487,model_implied_state_space,-0.5985,0.5983152912683138,True,True,50,-3691.2000984735187,-5876.477207357876,-3691.2000984735187,0.31849505726540883,8.625415125150773e-05,50.0,0,{},14,expanding,40,1965:Q3,,3,0.02
midas_umidas,exact,2024:Q4:pre_third:exact,2025-03-26,pre_third,DELTA_MT,DELTA_MT,2024:Q4,5.34583299330774,,,not_available,-0.5985,5.944332993307739,True,True,0,,,,,,,0,{},14,expanding,40,1965:Q3,,3,0.02
monthly_mixed_frequency_kalman_em,exact,2024:Q4:pre_third:exact,2025-03-26,pre_third,DELTA_MT,DELTA_MT,2024:Q4,0.08745216125706845,4.08364702841813,2.0208035600765677,model_implied_state_space,-0.5985,0.6859521612570685,True,True,28,-6571.402203876199,-8790.657522762107,-6571.402203876199,0.606597128516114,9.228606668279416e-05,28.0,0,{},14,expanding,40,1965:Q3,,3,0.02
no_revision,exact,2024:Q4:pre_third:exact,2025-03-26,pre_third,DELTA_MT,DELTA_MT,2024:Q4,0.0,,,not_available,-0.5985,0.5985,True,True,0,,,,,,,0,{},14,expanding,40,1965:Q3,,3,0.02
release_dfm,exact,2024:Q4:pre_third:exact,2025-03-26,pre_third,DELTA_MT,DELTA_MT,2024:Q4,0.3073783372384984,,,not_available,-0.5985,0.9058783372384984,True,True,0,,,,,,,0,{},14,expanding,40,1965:Q3,,3,0.02
revision_dfm_kalman_em,exact,2024:Q4:pre_third:exact,2025-03-26,pre_third,DELTA_MT,DELTA_MT,2024:Q4,0.00219695669678055,4.123661118961165,2.030679964682068,model_implied_state_space,-0.5985,0.6006969566967806,True,True,31,-1934.9036051001851,-3600.9065815809167,-1934.9036051001851,0.18174559938211132,9.387272070233941e-05,31.0,0,{},14,expanding,40,1965:Q3,,3,0.02
standard_dfm,exact,2024:Q4:pre_third:exact,2025-03-26,pre_third,DELTA_MT,DELTA_MT,2024:Q4,0.3145865928938014,,,not_available,-0.5985,0.9130865928938015,True,True,0,,,,,,,0,{},14,expanding,40,1965:Q3,,3,0.02
ar,pseudo,2024:Q4:pre_third:pseudo,2025-03-31,pre_third,DELTA_MT,DELTA_MT,2024:Q4,0.33614694528956646,,,not_available,-0.5985,0.9346469452895665,True,True,0,,,,,,,0,{},14,expanding,40,1965:Q3,,3,0.02
bridge,pseudo,2024:Q4:pre_third:pseudo,2025-03-31,pre_third,DELTA_MT,DELTA_MT,2024:Q4,0.13459644879060262,,,not_available,-0.5985,0.7330964487906027,True,True,0,,,,,,,0,{},14,expanding,40,1965:Q3,,3,0.02
indicator_revision_only_dfm_kalman_em,pseudo,2024:Q4:pre_third:pseudo,2025-03-31,pre_third,DELTA_MT,DELTA_MT,2024:Q4,0.0,4.140972344809027,2.034937921610639,model_implied_state_space,-0.5985,0.5985,True,False,50,-3710.426677316093,-5862.448210790228,-3710.426677316093,0.4744412144018497,0.00012781623196624276,51.0,0,{},14,expanding,40,1965:Q3,,3,0.02
joint_indicator_revision_dfm_full_kalman_em,pseudo,2024:Q4:pre_third:pseudo,2025-03-31,pre_third,DELTA_MT,DELTA_MT,2024:Q4,-0.0001836639892309755,4.140877970296663,2.0349147329302677,model_implied_state_space,-0.5985,0.5983163360107691,True,True,50,-3691.208425515749,-5876.4801180224495,-3691.208425515749,0.31923459178142366,8.645421813092856e-05,50.0,0,{},14,expanding,40,1965:Q3,,3,0.02
midas_umidas,pseudo,2024:Q4:pre_third:pseudo,2025-03-31,pre_third,DELTA_MT,DELTA_MT,2024:Q4,5.355778021747714,,,not_available,-0.5985,5.954278021747713,True,True,0,,,,,,,0,{},14,expanding,40,1965:Q3,,3,0.02
monthly_mixed_frequency_kalman_em,pseudo,2024:Q4:pre_third:pseudo,2025-03-31,pre_third,DELTA_MT,DELTA_MT,2024:Q4,0.08743815449366288,4.083648424357379,2.0208039054686573,model_implied_state_space,-0.5985,0.6859381544936629,True,True,28,-6573.047501630251,-8791.999099907303,-6573.047501630251,0.6077740693281157,9.244196750124595e-05,28.0,0,{},14,expanding,40,1965:Q3,,3,0.02
no_revision,pseudo,2024:Q4:pre_third:pseudo,2025-03-31,pre_third,DELTA_MT,DELTA_MT,2024:Q4,0.0,,,not_available,-0.5985,0.5985,True,True,0,,,,,,,0,{},14,expanding,40,1965:Q3,,3,0.02
release_dfm,pseudo,2024:Q4:pre_third:pseudo,2025-03-31,pre_third,DELTA_MT,DELTA_MT,2024:Q4,0.30375904272645826,,,not_available,-0.5985,0.9022590427264583,True,True,0,,,,,,,0,{},14,expanding,40,1965:Q3,,3,0.02
revision_dfm_kalman_em,pseudo,2024:Q4:pre_third:pseudo,2025-03-31,pre_third,DELTA_MT,DELTA_MT,2024:Q4,0.0022053255033620545,4.12366115096834,2.030679972562969,model_implied_state_space,-0.5985,0.6007053255033621,True,True,31,-1934.8926479703428,-3600.9059420287467,-1934.8926479703428,0.1816851573164513,9.384203602500396e-05,31.0,0,{},14,expanding,40,1965:Q3,,3,0.02
standard_dfm,pseudo,2024:Q4:pre_third:pseudo,2025-03-31,pre_third,DELTA_MT,DELTA_MT,2024:Q4,0.3146620147523578,,,not_available,-0.5985,0.9131620147523578,True,True,0,,,,,,,0,{},14,expanding,40,1965:Q3,,3,0.02
