model_id,timing_mode,forecast_origin,forecast_origin_date,checkpoint_id,target_id,revision_target_id,target_quarter,forecast_value,forecast_variance,forecast_sd,density_source,realized_value,forecast_error,revision_target_flag,converged,n_iter,loglikelihood,llf_initial,llf_final,llf_last_improvement,llf_relative_last_improvement,llf_history_length,numerical_guard_event_count,numerical_guard_events,n_indicators,estimation_window,rolling_window_quarters,training_window_start,excluded_quarters,initialization_seed,initialization_jitter
ar,exact,2022:Q1:pre_advance:exact,2022-04-27,pre_advance,DELTA_SA,DELTA_SA,2022:Q1,0.15501897663335074,,,not_available,-0.0959000000000001,0.25091897663335083,True,True,0,,,,,,,0,{},14,expanding,40,1965:Q3,,5,0.02
bridge,exact,2022:Q1:pre_advance:exact,2022-04-27,pre_advance,DELTA_SA,DELTA_SA,2022:Q1,0.21573358642871376,,,not_available,-0.0959000000000001,0.31163358642871386,True,True,0,,,,,,,0,{},14,expanding,40,1965:Q3,,5,0.02
indicator_revision_only_dfm_kalman_em,exact,2022:Q1:pre_advance:exact,2022-04-27,pre_advance,DELTA_SA,DELTA_SA,2022:Q1,0.0,0.4178840150108236,0.6464394906028125,model_implied_state_space,-0.0959000000000001,0.0959000000000001,True,True,47,-3351.621466479102,-5386.8317986789,-3351.621466479102,0.2841637354467821,8.475148625897913e-05,47.0,0,{},14,expanding,40,1965:Q3,,5,0.02
joint_indicator_revision_dfm_full_kalman_em,exact,2022:Q1:pre_advance:exact,2022-04-27,pre_advance,DELTA_SA,DELTA_SA,2022:Q1,0.5871362015214752,0.3616344414594188,0.6013604921005526,model_implied_state_space,-0.0959000000000001,0.6830362015214753,True,True,48,-3322.2048381300274,-5396.318731230177,-3322.2048381300274,0.28191118340146204,8.482392278521938e-05,48.0,0,{},14,expanding,40,1965:Q3,,5,0.02
midas_umidas,exact,2022:Q1:pre_advance:exact,2022-04-27,pre_advance,DELTA_SA,DELTA_SA,2022:Q1,0.5496909098372074,,,not_available,-0.0959000000000001,0.6455909098372075,True,True,0,,,,,,,0,{},14,expanding,40,1965:Q3,,5,0.02
monthly_mixed_frequency_kalman_em,exact,2022:Q1:pre_advance:exact,2022-04-27,pre_advance,DELTA_SA,DELTA_SA,2022:Q1,0.11075922100108127,0.3746786724935207,0.6121100166583787,model_implied_state_space,-0.0959000000000001,0.20665922100108136,True,True,30,-5981.90197003363,-8025.500464250411,-5981.90197003363,0.5979071422016204,9.992598888191642e-05,30.0,0,{},14,expanding,40,1965:Q3,,5,0.02
no_revision,exact,2022:Q1:pre_advance:exact,2022-04-27,pre_advance,DELTA_SA,DELTA_SA,2022:Q1,0.0,,,not_available,-0.0959000000000001,0.0959000000000001,True,True,0,,,,,,,0,{},14,expanding,40,1965:Q3,,5,0.02
release_dfm,exact,2022:Q1:pre_advance:exact,2022-04-27,pre_advance,DELTA_SA,DELTA_SA,2022:Q1,0.10152938105514586,,,not_available,-0.0959000000000001,0.19742938105514596,True,True,0,,,,,,,0,{},14,expanding,40,1965:Q3,,5,0.02
revision_dfm_kalman_em,exact,2022:Q1:pre_advance:exact,2022-04-27,pre_advance,DELTA_SA,DELTA_SA,2022:Q1,0.02742161926640918,0.40103342254065044,0.6332719972813029,model_implied_state_space,-0.0959000000000001,0.12332161926640928,True,True,27,-1797.0865637330926,-3317.348411057023,-1797.0865637330926,0.16687815407817652,9.280013049942884e-05,27.0,0,{},14,expanding,40,1965:Q3,,5,0.02
standard_dfm,exact,2022:Q1:pre_advance:exact,2022-04-27,pre_advance,DELTA_SA,DELTA_SA,2022:Q1,0.10152938105514586,,,not_available,-0.0959000000000001,0.19742938105514596,True,True,0,,,,,,,0,{},14,expanding,40,1965:Q3,,5,0.02
ar,pseudo,2022:Q1:pre_advance:pseudo,2022-04-30,pre_advance,DELTA_SA,DELTA_SA,2022:Q1,0.15501897663335074,,,not_available,-0.0959000000000001,0.25091897663335083,True,True,0,,,,,,,0,{},14,expanding,40,1965:Q3,,5,0.02
bridge,pseudo,2022:Q1:pre_advance:pseudo,2022-04-30,pre_advance,DELTA_SA,DELTA_SA,2022:Q1,0.20644906795161866,,,not_available,-0.0959000000000001,0.30234906795161876,True,True,0,,,,,,,0,{},14,expanding,40,1965:Q3,,5,0.02
indicator_revision_only_dfm_kalman_em,pseudo,2022:Q1:pre_advance:pseudo,2022-04-30,pre_advance,DELTA_SA,DELTA_SA,2022:Q1,0.0,0.41788357267106147,0.6464391484672486,model_implied_state_space,-0.0959000000000001,0.0959000000000001,True,True,47,-3351.3792289445582,-5386.578907848818,-3351.3792289445582,0.2886543235294994,8.60969035943182e-05,47.0,0,{},14,expanding,40,1965:Q3,,5,0.02
joint_indicator_revision_dfm_full_kalman_em,pseudo,2022:Q1:pre_advance:pseudo,2022-04-30,pre_advance,DELTA_SA,DELTA_SA,2022:Q1,0.587337330481625,0.3616213821022667,0.6013496338256694,model_implied_state_space,-0.0959000000000001,0.683237330481625,True,True,48,-3321.965082504557,-5396.066036464629,-3321.965082504557,0.2870563676146958,8.63781487588587e-05,48.0,0,{},14,expanding,40,1965:Q3,,5,0.02
midas_umidas,pseudo,2022:Q1:pre_advance:pseudo,2022-04-30,pre_advance,DELTA_SA,DELTA_SA,2022:Q1,0.24860486732372156,,,not_available,-0.0959000000000001,0.34450486732372165,True,True,0,,,,,,,0,{},14,expanding,40,1965:Q3,,5,0.02
monthly_mixed_frequency_kalman_em,pseudo,2022:Q1:pre_advance:pseudo,2022-04-30,pre_advance,DELTA_SA,DELTA_SA,2022:Q1,0.11024703917664969,0.3746811128667389,0.612112010065755,model_implied_state_space,-0.0959000000000001,0.20614703917664978,True,True,30,-5983.494801796293,-8026.848095630857,-5983.494801796293,0.5982077376793313,9.994961427105885e-05,30.0,0,{},14,expanding,40,1965:Q3,,5,0.02
no_revision,pseudo,2022:Q1:pre_advance:pseudo,2022-04-30,pre_advance,DELTA_SA,DELTA_SA,2022:Q1,0.0,,,not_available,-0.0959000000000001,0.0959000000000001,True,True,0,,,,,,,0,{},14,expanding,40,1965:Q3,,5,0.02
release_dfm,pseudo,2022:Q1:pre_advance:pseudo,2022-04-30,pre_advance,DELTA_SA,DELTA_SA,2022:Q1,0.10162773947391557,,,not_available,-0.0959000000000001,0.19752773947391566,True,True,0,,,,,,,0,{},14,expanding,40,1965:Q3,,5,0.02
revision_dfm_kalman_em,pseudo,2022:Q1:pre_advance:pseudo,2022-04-30,pre_advance,DELTA_SA,DELTA_SA,2022:Q1,0.027446369762432532,0.40102994103740564,0.6332692484539303,model_implied_state_space,-0.0959000000000001,0.12334636976243263,True,True,27,-1796.8046284034126,-3317.2113076477563,-1796.8046284034126,0.16683402644798662,9.279014152011039e-05,27.0,0,{},14,expanding,40,1965:Q3,,5,0.02
standard_dfm,pseudo,2022:Q1:pre_advance:pseudo,2022-04-30,pre_advance,DELTA_SA,DELTA_SA,2022:Q1,0.10162773947391557,,,not_available,-0.0959000000000001,0.19752773947391566,True,True,0,,,,,,,0,{},14,expanding,40,1965:Q3,,5,0.02
ar,exact,2022:Q1:pre_second:exact,2022-05-25,pre_second,DELTA_TS,DELTA_TS,2022:Q1,0.05055020273613664,,,not_available,-0.06390000000000007,0.11445020273613671,True,True,0,,,,,,,0,{},14,expanding,40,1965:Q3,,5,0.02
bridge,exact,2022:Q1:pre_second:exact,2022-05-25,pre_second,DELTA_TS,DELTA_TS,2022:Q1,-0.06204397534644901,,,not_available,-0.06390000000000007,0.0018560246535510583,True,True,0,,,,,,,0,{},14,expanding,40,1965:Q3,,5,0.02
indicator_revision_only_dfm_kalman_em,exact,2022:Q1:pre_second:exact,2022-05-25,pre_second,DELTA_TS,DELTA_TS,2022:Q1,0.0,0.14500211557015952,0.3807914331627742,model_implied_state_space,-0.06390000000000007,0.06390000000000007,True,True,46,-3360.2970732804247,-5388.013731515104,-3360.2970732804247,0.33099319741995714,9.846217097025734e-05,46.0,0,{},14,expanding,40,1965:Q3,,5,0.02
joint_indicator_revision_dfm_full_kalman_em,exact,2022:Q1:pre_second:exact,2022-05-25,pre_second,DELTA_TS,DELTA_TS,2022:Q1,-0.0009013610911141612,0.14169689589341294,0.3764264813923337,model_implied_state_space,-0.06390000000000007,0.0629986389088859,True,True,47,-3331.775692587797,-5397.5141837820665,-3331.775692587797,0.2611584362443864,7.835450009025498e-05,47.0,0,{},14,expanding,40,1965:Q3,,5,0.02
midas_umidas,exact,2022:Q1:pre_second:exact,2022-05-25,pre_second,DELTA_TS,DELTA_TS,2022:Q1,0.0030849524922702543,,,not_available,-0.06390000000000007,0.06698495249227032,True,True,0,,,,,,,0,{},14,expanding,40,1965:Q3,,5,0.02
monthly_mixed_frequency_kalman_em,exact,2022:Q1:pre_second:exact,2022-05-25,pre_second,DELTA_TS,DELTA_TS,2022:Q1,0.13496205192457733,0.14625553292713545,0.38243369742628,model_implied_state_space,-0.06390000000000007,0.1988620519245774,True,True,30,-6002.810123287169,-8069.8821851924995,-6002.810123287169,0.5860690577828791,9.760666002187911e-05,30.0,0,{},14,expanding,40,1965:Q3,,5,0.02
no_revision,exact,2022:Q1:pre_second:exact,2022-05-25,pre_second,DELTA_TS,DELTA_TS,2022:Q1,0.0,,,not_available,-0.06390000000000007,0.06390000000000007,True,True,0,,,,,,,0,{},14,expanding,40,1965:Q3,,5,0.02
release_dfm,exact,2022:Q1:pre_second:exact,2022-05-25,pre_second,DELTA_TS,DELTA_TS,2022:Q1,0.028301465522636793,,,not_available,-0.06390000000000007,0.09220146552263686,True,True,0,,,,,,,0,{},14,expanding,40,1965:Q3,,5,0.02
revision_dfm_kalman_em,exact,2022:Q1:pre_second:exact,2022-05-25,pre_second,DELTA_TS,DELTA_TS,2022:Q1,-0.01865779826831826,0.14338467403590038,0.37866168810153,model_implied_state_space,-0.06390000000000007,0.04524220173168181,True,True,28,-1799.6268504100926,-3318.5206266713294,-1799.6268504100926,0.16054104420459225,8.915047104752381e-05,28.0,0,{},14,expanding,40,1965:Q3,,5,0.02
standard_dfm,exact,2022:Q1:pre_second:exact,2022-05-25,pre_second,DELTA_TS,DELTA_TS,2022:Q1,0.08391315793724186,,,not_available,-0.06390000000000007,0.14781315793724192,True,True,0,,,,,,,0,{},14,expanding,40,1965:Q3,,5,0.02
ar,pseudo,2022:Q1:pre_second:pseudo,2022-05-31,pre_second,DELTA_TS,DELTA_TS,2022:Q1,0.05055020273613664,,,not_available,-0.06390000000000007,0.11445020273613671,True,True,0,,,,,,,0,{},14,expanding,40,1965:Q3,,5,0.02
bridge,pseudo,2022:Q1:pre_second:pseudo,2022-05-31,pre_second,DELTA_TS,DELTA_TS,2022:Q1,-0.05703745923933212,,,not_available,-0.06390000000000007,0.006862540760667946,True,True,0,,,,,,,0,{},14,expanding,40,1965:Q3,,5,0.02
indicator_revision_only_dfm_kalman_em,pseudo,2022:Q1:pre_second:pseudo,2022-05-31,pre_second,DELTA_TS,DELTA_TS,2022:Q1,0.0,0.14500212936756063,0.3807914512795168,model_implied_state_space,-0.06390000000000007,0.06390000000000007,True,True,46,-3359.873701282094,-5387.7942645773,-3359.873701282094,0.3258546322917937,9.694593459005373e-05,46.0,0,{},14,expanding,40,1965:Q3,,5,0.02
joint_indicator_revision_dfm_full_kalman_em,pseudo,2022:Q1:pre_second:pseudo,2022-05-31,pre_second,DELTA_TS,DELTA_TS,2022:Q1,-0.0009003439391310764,0.1416967971287142,0.3764263502050756,model_implied_state_space,-0.06390000000000007,0.06299965606086899,True,True,47,-3331.356588256261,-5397.294739235208,-3331.356588256261,0.25736167297918655,7.72251682450801e-05,47.0,0,{},14,expanding,40,1965:Q3,,5,0.02
midas_umidas,pseudo,2022:Q1:pre_second:pseudo,2022-05-31,pre_second,DELTA_TS,DELTA_TS,2022:Q1,0.035248204306959074,,,not_available,-0.06390000000000007,0.09914820430695914,True,True,0,,,,,,,0,{},14,expanding,40,1965:Q3,,5,0.02
monthly_mixed_frequency_kalman_em,pseudo,2022:Q1:pre_second:pseudo,2022-05-31,pre_second,DELTA_TS,DELTA_TS,2022:Q1,0.1349551650416001,0.14625523124668582,0.38243330300417855,model_implied_state_space,-0.06390000000000007,0.19885516504160017,True,True,30,-6004.001963502234,-8071.104270468266,-6004.001963502234,0.5862323684250441,9.761447993189536e-05,30.0,0,{},14,expanding,40,1965:Q3,,5,0.02
no_revision,pseudo,2022:Q1:pre_second:pseudo,2022-05-31,pre_second,DELTA_TS,DELTA_TS,2022:Q1,0.0,,,not_available,-0.06390000000000007,0.06390000000000007,True,True,0,,,,,,,0,{},14,expanding,40,1965:Q3,,5,0.02
release_dfm,pseudo,2022:Q1:pre_second:pseudo,2022-05-31,pre_second,DELTA_TS,DELTA_TS,2022:Q1,0.02819761453945957,,,not_available,-0.06390000000000007,0.09209761453945964,True,True,0,,,,,,,0,{},14,expanding,40,1965:Q3,,5,0.02
revision_dfm_kalman_em,pseudo,2022:Q1:pre_second:pseudo,2022-05-31,pre_second,DELTA_TS,DELTA_TS,2022:Q1,-0.01860650423849286,0.1433842068806187,0.3786610712505561,model_implied_state_space,-0.06390000000000007,0.04529349576150721,True,True,28,-1799.3537495108787,-3318.3730883708877,-1799.3537495108787,0.1605069675329105,8.91450689464924e-05,28.0,0,{},14,expanding,40,1965:Q3,,5,0.02
standard_dfm,pseudo,2022:Q1:pre_second:pseudo,2022-05-31,pre_second,DELTA_TS,DELTA_TS,2022:Q1,0.08393344939555902,,,not_available,-0.06390000000000007,0.1478334493955591,True,True,0,,,,,,,0,{},14,expanding,40,1965:Q3,,5,0.02
ar,exact,2022:Q1:pre_third:exact,2022-06-28,pre_third,DELTA_MT,DELTA_MT,2022:Q1,-0.11901069775613271,,,not_available,0.5592000000000001,-0.6782106977561329,True,True,0,,,,,,,0,{},14,expanding,40,1965:Q3,,5,0.02
bridge,exact,2022:Q1:pre_third:exact,2022-06-28,pre_third,DELTA_MT,DELTA_MT,2022:Q1,-1.4503658517931148,,,not_available,0.5592000000000001,-2.009565851793115,True,True,0,,,,,,,0,{},14,expanding,40,1965:Q3,,5,0.02
indicator_revision_only_dfm_kalman_em,exact,2022:Q1:pre_third:exact,2022-06-28,pre_third,DELTA_MT,DELTA_MT,2022:Q1,0.0,4.212359217718108,2.05240327852937,model_implied_state_space,0.5592000000000001,-0.5592000000000001,True,True,44,-3361.7120785507454,-5389.316806290586,-3361.7120785507454,0.2797906107562085,8.319693345734105e-05,44.0,0,{},14,expanding,40,1965:Q3,,5,0.02
joint_indicator_revision_dfm_full_kalman_em,exact,2022:Q1:pre_third:exact,2022-06-28,pre_third,DELTA_MT,DELTA_MT,2022:Q1,-0.006225094246807394,4.21395637724734,2.0527923366106324,model_implied_state_space,0.5592000000000001,-0.5654250942468075,True,True,44,-3332.4757725209324,-5398.783868833042,-3332.4757725209324,0.32603767720092947,9.779755839221663e-05,44.0,0,{},14,expanding,40,1965:Q3,,5,0.02
midas_umidas,exact,2022:Q1:pre_third:exact,2022-06-28,pre_third,DELTA_MT,DELTA_MT,2022:Q1,-2.8822020899990735,,,not_available,0.5592000000000001,-3.4414020899990736,True,True,0,,,,,,,0,{},14,expanding,40,1965:Q3,,5,0.02
monthly_mixed_frequency_kalman_em,exact,2022:Q1:pre_third:exact,2022-06-28,pre_third,DELTA_MT,DELTA_MT,2022:Q1,-0.0016973752614397597,4.1861375821537,2.0460052742243113,model_implied_state_space,0.5592000000000001,-0.5608973752614399,True,True,30,-6047.61711568817,-8091.353649054499,-6047.61711568817,0.5739446646639408,9.487957297722781e-05,30.0,0,{},14,expanding,40,1965:Q3,,5,0.02
no_revision,exact,2022:Q1:pre_third:exact,2022-06-28,pre_third,DELTA_MT,DELTA_MT,2022:Q1,0.0,,,not_available,0.5592000000000001,-0.5592000000000001,True,True,0,,,,,,,0,{},14,expanding,40,1965:Q3,,5,0.02
release_dfm,exact,2022:Q1:pre_third:exact,2022-06-28,pre_third,DELTA_MT,DELTA_MT,2022:Q1,1.8453726538775892,,,not_available,0.5592000000000001,1.286172653877589,True,True,0,,,,,,,0,{},14,expanding,40,1965:Q3,,5,0.02
revision_dfm_kalman_em,exact,2022:Q1:pre_third:exact,2022-06-28,pre_third,DELTA_MT,DELTA_MT,2022:Q1,-0.009045055010163061,4.194281516427602,2.0479945108392266,model_implied_state_space,0.5592000000000001,-0.5682450550101632,True,True,27,-1804.6987659300057,-3320.650271813367,-1804.6987659300057,0.17572678483793425,9.73084151455936e-05,27.0,0,{},14,expanding,40,1965:Q3,,5,0.02
standard_dfm,exact,2022:Q1:pre_third:exact,2022-06-28,pre_third,DELTA_MT,DELTA_MT,2022:Q1,-1.4807902568058573,,,not_available,0.5592000000000001,-2.0399902568058574,True,True,0,,,,,,,0,{},14,expanding,40,1965:Q3,,5,0.02
ar,pseudo,2022:Q1:pre_third:pseudo,2022-06-30,pre_third,DELTA_MT,DELTA_MT,2022:Q1,-0.11901069775613271,,,not_available,0.5592000000000001,-0.6782106977561329,True,True,0,,,,,,,0,{},14,expanding,40,1965:Q3,,5,0.02
bridge,pseudo,2022:Q1:pre_third:pseudo,2022-06-30,pre_third,DELTA_MT,DELTA_MT,2022:Q1,-1.4343605049742632,,,not_available,0.5592000000000001,-1.9935605049742633,True,True,0,,,,,,,0,{},14,expanding,40,1965:Q3,,5,0.02
indicator_revision_only_dfm_kalman_em,pseudo,2022:Q1:pre_third:pseudo,2022-06-30,pre_third,DELTA_MT,DELTA_MT,2022:Q1,0.0,4.212359205350727,2.052403275516468,model_implied_state_space,0.5592000000000001,-0.5592000000000001,True,True,44,-3361.733268216228,-5389.340110717727,-3361.733268216228,0.27953862042431865,8.312148554892385e-05,44.0,0,{},14,expanding,40,1965:Q3,,5,0.02
joint_indicator_revision_dfm_full_kalman_em,pseudo,2022:Q1:pre_third:pseudo,2022-06-30,pre_third,DELTA_MT,DELTA_MT,2022:Q1,-0.006224931040765824,4.213956268321378,2.052792310079463,model_implied_state_space,0.5592000000000001,-0.565424931040766,True,True,44,-3332.4967011476624,-5398.807144045212,-3332.4967011476624,0.3257193070098765,9.770145674569384e-05,44.0,0,{},14,expanding,40,1965:Q3,,5,0.02
midas_umidas,pseudo,2022:Q1:pre_third:pseudo,2022-06-30,pre_third,DELTA_MT,DELTA_MT,2022:Q1,-2.816728985896883,,,not_available,0.5592000000000001,-3.3759289858968833,True,True,0,,,,,,,0,{},14,expanding,40,1965:Q3,,5,0.02
monthly_mixed_frequency_kalman_em,pseudo,2022:Q1:pre_third:pseudo,2022-06-30,pre_third,DELTA_MT,DELTA_MT,2022:Q1,-0.0017134023257634468,4.186137896478833,2.0460053510386604,model_implied_state_space,0.5592000000000001,-0.5609134023257636,True,True,30,-6048.941863502767,-8092.68867326132,-6048.941863502767,0.574037395290361,9.487412390820404e-05,30.0,0,{},14,expanding,40,1965:Q3,,5,0.02
no_revision,pseudo,2022:Q1:pre_third:pseudo,2022-06-30,pre_third,DELTA_MT,DELTA_MT,2022:Q1,0.0,,,not_available,0.5592000000000001,-0.5592000000000001,True,True,0,,,,,,,0,{},14,expanding,40,1965:Q3,,5,0.02
release_dfm,pseudo,2022:Q1:pre_third:pseudo,2022-06-30,pre_third,DELTA_MT,DELTA_MT,2022:Q1,1.843996627235668,,,not_available,0.5592000000000001,1.284796627235668,True,True,0,,,,,,,0,{},14,expanding,40,1965:Q3,,5,0.02
revision_dfm_kalman_em,pseudo,2022:Q1:pre_third:pseudo,2022-06-30,pre_third,DELTA_MT,DELTA_MT,2022:Q1,-0.009042555394432661,4.194281788244959,2.0479945772010626,model_implied_state_space,0.5592000000000001,-0.5682425553944328,True,True,27,-1804.7163832126416,-3320.6632947994894,-1804.7163832126416,0.17572575193935336,9.73068939539842e-05,27.0,0,{},14,expanding,40,1965:Q3,,5,0.02
standard_dfm,pseudo,2022:Q1:pre_third:pseudo,2022-06-30,pre_third,DELTA_MT,DELTA_MT,2022:Q1,-1.4778218899437547,,,not_available,0.5592000000000001,-2.037021889943755,True,True,0,,,,,,,0,{},14,expanding,40,1965:Q3,,5,0.02
ar,exact,2022:Q2:pre_advance:exact,2022-07-27,pre_advance,DELTA_SA,DELTA_SA,2022:Q2,0.025230306288891224,,,not_available,0.3589,-0.3336696937111088,True,True,0,,,,,,,0,{},14,expanding,40,1965:Q3,,5,0.02
bridge,exact,2022:Q2:pre_advance:exact,2022-07-27,pre_advance,DELTA_SA,DELTA_SA,2022:Q2,8.978895093680883e-05,,,not_available,0.3589,-0.3588102110490632,True,True,0,,,,,,,0,{},14,expanding,40,1965:Q3,,5,0.02
indicator_revision_only_dfm_kalman_em,exact,2022:Q2:pre_advance:exact,2022-07-27,pre_advance,DELTA_SA,DELTA_SA,2022:Q2,0.0,0.4169032280467784,0.6456804380239333,model_implied_state_space,0.3589,-0.3589,True,True,42,-3402.120852181781,-5431.305184938144,-3402.120852181781,0.27093340811688904,7.96068819534772e-05,42.0,0,{},14,expanding,40,1965:Q3,,5,0.02
joint_indicator_revision_dfm_full_kalman_em,exact,2022:Q2:pre_advance:exact,2022-07-27,pre_advance,DELTA_SA,DELTA_SA,2022:Q2,-0.19537379327095783,0.3669754085236976,0.605784952374766,model_implied_state_space,0.3589,-0.5542737932709578,True,True,42,-3372.8601426943724,-5440.76641177706,-3372.8601426943724,0.322797032870767,9.566672543749533e-05,42.0,0,{},14,expanding,40,1965:Q3,,5,0.02
midas_umidas,exact,2022:Q2:pre_advance:exact,2022-07-27,pre_advance,DELTA_SA,DELTA_SA,2022:Q2,0.5120739786047537,,,not_available,0.3589,0.15317397860475368,True,True,0,,,,,,,0,{},14,expanding,40,1965:Q3,,5,0.02
monthly_mixed_frequency_kalman_em,exact,2022:Q2:pre_advance:exact,2022-07-27,pre_advance,DELTA_SA,DELTA_SA,2022:Q2,0.11819607610480176,0.3751221369881961,0.6124721520103555,model_implied_state_space,0.3589,-0.24070392389519824,True,True,30,-6063.46395130229,-8113.248108912679,-6063.46395130229,0.5797759539073013,9.559303773883749e-05,30.0,0,{},14,expanding,40,1965:Q3,,5,0.02
no_revision,exact,2022:Q2:pre_advance:exact,2022-07-27,pre_advance,DELTA_SA,DELTA_SA,2022:Q2,0.0,,,not_available,0.3589,-0.3589,True,True,0,,,,,,,0,{},14,expanding,40,1965:Q3,,5,0.02
release_dfm,exact,2022:Q2:pre_advance:exact,2022-07-27,pre_advance,DELTA_SA,DELTA_SA,2022:Q2,0.09563348588716103,,,not_available,0.3589,-0.26326651411283897,True,True,0,,,,,,,0,{},14,expanding,40,1965:Q3,,5,0.02
revision_dfm_kalman_em,exact,2022:Q2:pre_advance:exact,2022-07-27,pre_advance,DELTA_SA,DELTA_SA,2022:Q2,0.4752146892242175,0.39597632689708195,0.6292664991059685,model_implied_state_space,0.3589,0.1163146892242175,True,True,25,-1823.725329752813,-3368.0971078697808,-1823.725329752813,0.1603189424338325,8.78515004753624e-05,25.0,0,{},14,expanding,40,1965:Q3,,5,0.02
standard_dfm,exact,2022:Q2:pre_advance:exact,2022-07-27,pre_advance,DELTA_SA,DELTA_SA,2022:Q2,0.09563348588716103,,,not_available,0.3589,-0.26326651411283897,True,True,0,,,,,,,0,{},14,expanding,40,1965:Q3,,5,0.02
ar,pseudo,2022:Q2:pre_advance:pseudo,2022-07-31,pre_advance,DELTA_SA,DELTA_SA,2022:Q2,0.025230306288891224,,,not_available,0.3589,-0.3336696937111088,True,True,0,,,,,,,0,{},14,expanding,40,1965:Q3,,5,0.02
bridge,pseudo,2022:Q2:pre_advance:pseudo,2022-07-31,pre_advance,DELTA_SA,DELTA_SA,2022:Q2,0.0011555012849850943,,,not_available,0.3589,-0.3577444987150149,True,True,0,,,,,,,0,{},14,expanding,40,1965:Q3,,5,0.02
indicator_revision_only_dfm_kalman_em,pseudo,2022:Q2:pre_advance:pseudo,2022-07-31,pre_advance,DELTA_SA,DELTA_SA,2022:Q2,0.0,0.4169032691677401,0.6456804698670544,model_implied_state_space,0.3589,-0.3589,True,True,42,-3402.136858138414,-5431.321744845561,-3402.136858138414,0.27065474140408696,7.95246353484924e-05,42.0,0,{},14,expanding,40,1965:Q3,,5,0.02
joint_indicator_revision_dfm_full_kalman_em,pseudo,2022:Q2:pre_advance:pseudo,2022-07-31,pre_advance,DELTA_SA,DELTA_SA,2022:Q2,-0.19564965889429287,0.3669719531146427,0.6057821003584066,model_implied_state_space,0.3589,-0.5545496588942929,True,True,42,-3372.875840147192,-5440.782954513989,-3372.875840147192,0.3224959274239154,9.557705128830455e-05,42.0,0,{},14,expanding,40,1965:Q3,,5,0.02
midas_umidas,pseudo,2022:Q2:pre_advance:pseudo,2022-07-31,pre_advance,DELTA_SA,DELTA_SA,2022:Q2,0.40312160788759854,,,not_available,0.3589,0.044221607887598546,True,True,0,,,,,,,0,{},14,expanding,40,1965:Q3,,5,0.02
monthly_mixed_frequency_kalman_em,pseudo,2022:Q2:pre_advance:pseudo,2022-07-31,pre_advance,DELTA_SA,DELTA_SA,2022:Q2,0.11792084178244178,0.37512220798769036,0.6124722099717589,model_implied_state_space,0.3589,-0.24097915821755822,True,True,30,-6064.65760649996,-8114.616257641953,-6064.65760649996,0.5794813835627792,9.552567352176424e-05,30.0,0,{},14,expanding,40,1965:Q3,,5,0.02
no_revision,pseudo,2022:Q2:pre_advance:pseudo,2022-07-31,pre_advance,DELTA_SA,DELTA_SA,2022:Q2,0.0,,,not_available,0.3589,-0.3589,True,True,0,,,,,,,0,{},14,expanding,40,1965:Q3,,5,0.02
release_dfm,pseudo,2022:Q2:pre_advance:pseudo,2022-07-31,pre_advance,DELTA_SA,DELTA_SA,2022:Q2,0.09562769819894834,,,not_available,0.3589,-0.26327230180105166,True,True,0,,,,,,,0,{},14,expanding,40,1965:Q3,,5,0.02
revision_dfm_kalman_em,pseudo,2022:Q2:pre_advance:pseudo,2022-07-31,pre_advance,DELTA_SA,DELTA_SA,2022:Q2,0.4752122980369906,0.395976348356851,0.6292665161573838,model_implied_state_space,0.3589,0.11631229803699061,True,True,25,-1823.740580533723,-3368.1026059118467,-1823.740580533723,0.16032245350129415,8.785269010435495e-05,25.0,0,{},14,expanding,40,1965:Q3,,5,0.02
standard_dfm,pseudo,2022:Q2:pre_advance:pseudo,2022-07-31,pre_advance,DELTA_SA,DELTA_SA,2022:Q2,0.09562769819894834,,,not_available,0.3589,-0.26327230180105166,True,True,0,,,,,,,0,{},14,expanding,40,1965:Q3,,5,0.02
ar,exact,2022:Q2:pre_second:exact,2022-08-24,pre_second,DELTA_TS,DELTA_TS,2022:Q2,0.07191326146882648,,,not_available,-0.0022999999999999687,0.07421326146882645,True,True,0,,,,,,,0,{},14,expanding,40,1965:Q3,,5,0.02
bridge,exact,2022:Q2:pre_second:exact,2022-08-24,pre_second,DELTA_TS,DELTA_TS,2022:Q2,0.633752136606347,,,not_available,-0.0022999999999999687,0.636052136606347,True,True,0,,,,,,,0,{},14,expanding,40,1965:Q3,,5,0.02
indicator_revision_only_dfm_kalman_em,exact,2022:Q2:pre_second:exact,2022-08-24,pre_second,DELTA_TS,DELTA_TS,2022:Q2,0.0,0.1441910680654085,0.3797249900459654,model_implied_state_space,-0.0022999999999999687,0.0022999999999999687,True,False,50,-3451.5367337011253,-5452.524027328615,-3451.5367337011253,1.305787608800074,0.00037806807946322724,51.0,0,{},14,expanding,40,1965:Q3,,5,0.02
joint_indicator_revision_dfm_full_kalman_em,exact,2022:Q2:pre_second:exact,2022-08-24,pre_second,DELTA_TS,DELTA_TS,2022:Q2,0.0018631369287902544,0.1427427607259072,0.3778131293720577,model_implied_state_space,-0.0022999999999999687,0.004163136928790223,True,True,26,-3473.839914372293,-5464.893011296149,-3473.839914372293,0.3161669460655503,9.09792074563762e-05,26.0,0,{},14,expanding,40,1965:Q3,,5,0.02
midas_umidas,exact,2022:Q2:pre_second:exact,2022-08-24,pre_second,DELTA_TS,DELTA_TS,2022:Q2,-0.2215835993297648,,,not_available,-0.0022999999999999687,-0.21928359932976482,True,True,0,,,,,,,0,{},14,expanding,40,1965:Q3,,5,0.02
monthly_mixed_frequency_kalman_em,exact,2022:Q2:pre_second:exact,2022-08-24,pre_second,DELTA_TS,DELTA_TS,2022:Q2,0.10459310141053235,0.14559235827718642,0.3815656670576985,model_implied_state_space,-0.0022999999999999687,0.10689310141053232,True,True,30,-6083.510901848554,-8134.028902135234,-6083.510901848554,0.5524916390013459,9.079472197325693e-05,30.0,0,{},14,expanding,40,1965:Q3,,5,0.02
no_revision,exact,2022:Q2:pre_second:exact,2022-08-24,pre_second,DELTA_TS,DELTA_TS,2022:Q2,0.0,,,not_available,-0.0022999999999999687,0.0022999999999999687,True,True,0,,,,,,,0,{},14,expanding,40,1965:Q3,,5,0.02
release_dfm,exact,2022:Q2:pre_second:exact,2022-08-24,pre_second,DELTA_TS,DELTA_TS,2022:Q2,0.03270159997090649,,,not_available,-0.0022999999999999687,0.03500159997090646,True,True,0,,,,,,,0,{},14,expanding,40,1965:Q3,,5,0.02
revision_dfm_kalman_em,exact,2022:Q2:pre_second:exact,2022-08-24,pre_second,DELTA_TS,DELTA_TS,2022:Q2,0.002873272570541374,0.14287193595885517,0.3779840419367664,model_implied_state_space,-0.0022999999999999687,0.005173272570541343,True,True,27,-1826.807411394536,-3344.5941454845924,-1826.807411394536,0.17951984383239505,9.820630594485676e-05,27.0,0,{},14,expanding,40,1965:Q3,,5,0.02
standard_dfm,exact,2022:Q2:pre_second:exact,2022-08-24,pre_second,DELTA_TS,DELTA_TS,2022:Q2,0.07119208186901194,,,not_available,-0.0022999999999999687,0.0734920818690119,True,True,0,,,,,,,0,{},14,expanding,40,1965:Q3,,5,0.02
ar,pseudo,2022:Q2:pre_second:pseudo,2022-08-31,pre_second,DELTA_TS,DELTA_TS,2022:Q2,0.07191326146882648,,,not_available,-0.0022999999999999687,0.07421326146882645,True,True,0,,,,,,,0,{},14,expanding,40,1965:Q3,,5,0.02
bridge,pseudo,2022:Q2:pre_second:pseudo,2022-08-31,pre_second,DELTA_TS,DELTA_TS,2022:Q2,0.6301255249765756,,,not_available,-0.0022999999999999687,0.6324255249765756,True,True,0,,,,,,,0,{},14,expanding,40,1965:Q3,,5,0.02
indicator_revision_only_dfm_kalman_em,pseudo,2022:Q2:pre_second:pseudo,2022-08-31,pre_second,DELTA_TS,DELTA_TS,2022:Q2,0.0,0.14419127493465234,0.37972526243937516,model_implied_state_space,-0.0022999999999999687,0.0022999999999999687,True,False,50,-3451.6008516023367,-5452.541351994001,-3451.6008516023367,1.313522518730224,0.0003802996763822444,51.0,0,{},14,expanding,40,1965:Q3,,5,0.02
joint_indicator_revision_dfm_full_kalman_em,pseudo,2022:Q2:pre_second:pseudo,2022-08-31,pre_second,DELTA_TS,DELTA_TS,2022:Q2,0.0018736774399181755,0.14274281579659542,0.3778132022529062,model_implied_state_space,-0.0022999999999999687,0.004173677439918144,True,True,26,-3473.869851134104,-5464.910350337905,-3473.869851134104,0.3155971297742326,9.081447147860773e-05,26.0,0,{},14,expanding,40,1965:Q3,,5,0.02
midas_umidas,pseudo,2022:Q2:pre_second:pseudo,2022-08-31,pre_second,DELTA_TS,DELTA_TS,2022:Q2,-0.22083717315450802,,,not_available,-0.0022999999999999687,-0.21853717315450805,True,True,0,,,,,,,0,{},14,expanding,40,1965:Q3,,5,0.02
monthly_mixed_frequency_kalman_em,pseudo,2022:Q2:pre_second:pseudo,2022-08-31,pre_second,DELTA_TS,DELTA_TS,2022:Q2,0.10459648634523022,0.1455925498905195,0.3815659181458946,model_implied_state_space,-0.0022999999999999687,0.10689648634523019,True,True,30,-6084.814599068977,-8135.348329802102,-6084.814599068977,0.5526579144934658,9.080259063554677e-05,30.0,0,{},14,expanding,40,1965:Q3,,5,0.02
no_revision,pseudo,2022:Q2:pre_second:pseudo,2022-08-31,pre_second,DELTA_TS,DELTA_TS,2022:Q2,0.0,,,not_available,-0.0022999999999999687,0.0022999999999999687,True,True,0,,,,,,,0,{},14,expanding,40,1965:Q3,,5,0.02
release_dfm,pseudo,2022:Q2:pre_second:pseudo,2022-08-31,pre_second,DELTA_TS,DELTA_TS,2022:Q2,0.0327277556145511,,,not_available,-0.0022999999999999687,0.03502775561455107,True,True,0,,,,,,,0,{},14,expanding,40,1965:Q3,,5,0.02
revision_dfm_kalman_em,pseudo,2022:Q2:pre_second:pseudo,2022-08-31,pre_second,DELTA_TS,DELTA_TS,2022:Q2,0.0028835975275343095,0.14287195938552533,0.37798407292573233,model_implied_state_space,-0.0022999999999999687,0.005183597527534278,True,True,27,-1826.829096101784,-3344.6052501293047,-1826.829096101784,0.17953867952041946,9.821544390128045e-05,27.0,0,{},14,expanding,40,1965:Q3,,5,0.02
standard_dfm,pseudo,2022:Q2:pre_second:pseudo,2022-08-31,pre_second,DELTA_TS,DELTA_TS,2022:Q2,0.0711424733240138,,,not_available,-0.0022999999999999687,0.07344247332401377,True,True,0,,,,,,,0,{},14,expanding,40,1965:Q3,,5,0.02
ar,exact,2022:Q2:pre_third:exact,2022-09-28,pre_third,DELTA_MT,DELTA_MT,2022:Q2,0.6040262600518358,,,not_available,1.2039,-0.5998737399481642,True,True,0,,,,,,,0,{},14,expanding,40,1965:Q3,,5,0.02
bridge,exact,2022:Q2:pre_third:exact,2022-09-28,pre_third,DELTA_MT,DELTA_MT,2022:Q2,0.854486610676632,,,not_available,1.2039,-0.34941338932336796,True,True,0,,,,,,,0,{},14,expanding,40,1965:Q3,,5,0.02
indicator_revision_only_dfm_kalman_em,exact,2022:Q2:pre_third:exact,2022-09-28,pre_third,DELTA_MT,DELTA_MT,2022:Q2,0.0,4.200472144037985,2.0495053413050632,model_implied_state_space,1.2039,-1.2039,True,True,42,-3404.9586739640927,-5434.126204737111,-3404.9586739640927,0.27177283712626377,7.978697899946401e-05,42.0,0,{},14,expanding,40,1965:Q3,,5,0.02
joint_indicator_revision_dfm_full_kalman_em,exact,2022:Q2:pre_third:exact,2022-09-28,pre_third,DELTA_MT,DELTA_MT,2022:Q2,-0.002410920270903283,4.200305535516187,2.0494646948694157,model_implied_state_space,1.2039,-1.2063109202709033,True,True,42,-3377.571130800111,-5443.6053282601415,-3377.571130800111,0.31158553975365066,9.221555345702324e-05,42.0,0,{},14,expanding,40,1965:Q3,,5,0.02
midas_umidas,exact,2022:Q2:pre_third:exact,2022-09-28,pre_third,DELTA_MT,DELTA_MT,2022:Q2,3.502512170608222,,,not_available,1.2039,2.298612170608222,True,True,0,,,,,,,0,{},14,expanding,40,1965:Q3,,5,0.02
monthly_mixed_frequency_kalman_em,exact,2022:Q2:pre_third:exact,2022-09-28,pre_third,DELTA_MT,DELTA_MT,2022:Q2,0.08164983883937094,4.175337163823506,2.0433641779730567,model_implied_state_space,1.2039,-1.122250161160629,True,True,30,-6099.540892453302,-8154.724299572415,-6099.540892453302,0.550843461624936,9.028604804978087e-05,30.0,0,{},14,expanding,40,1965:Q3,,5,0.02
no_revision,exact,2022:Q2:pre_third:exact,2022-09-28,pre_third,DELTA_MT,DELTA_MT,2022:Q2,0.0,,,not_available,1.2039,-1.2039,True,True,0,,,,,,,0,{},14,expanding,40,1965:Q3,,5,0.02
release_dfm,exact,2022:Q2:pre_third:exact,2022-09-28,pre_third,DELTA_MT,DELTA_MT,2022:Q2,1.1344286172170908,,,not_available,1.2039,-0.06947138278290921,True,True,0,,,,,,,0,{},14,expanding,40,1965:Q3,,5,0.02
revision_dfm_kalman_em,exact,2022:Q2:pre_third:exact,2022-09-28,pre_third,DELTA_MT,DELTA_MT,2022:Q2,0.0028625075401182976,4.185280402898525,2.0457957871934638,model_implied_state_space,1.2039,-1.2010374924598817,True,True,28,-1825.8121315552844,-3345.698366971516,-1825.8121315552844,0.16726417037830288,9.155230254354717e-05,28.0,0,{},14,expanding,40,1965:Q3,,5,0.02
standard_dfm,exact,2022:Q2:pre_third:exact,2022-09-28,pre_third,DELTA_MT,DELTA_MT,2022:Q2,-0.2716786348598821,,,not_available,1.2039,-1.475578634859882,True,True,0,,,,,,,0,{},14,expanding,40,1965:Q3,,5,0.02
ar,pseudo,2022:Q2:pre_third:pseudo,2022-09-30,pre_third,DELTA_MT,DELTA_MT,2022:Q2,0.6040262600518358,,,not_available,1.2039,-0.5998737399481642,True,True,0,,,,,,,0,{},14,expanding,40,1965:Q3,,5,0.02
bridge,pseudo,2022:Q2:pre_third:pseudo,2022-09-30,pre_third,DELTA_MT,DELTA_MT,2022:Q2,1.1264460187267704,,,not_available,1.2039,-0.07745398127322956,True,True,0,,,,,,,0,{},14,expanding,40,1965:Q3,,5,0.02
indicator_revision_only_dfm_kalman_em,pseudo,2022:Q2:pre_third:pseudo,2022-09-30,pre_third,DELTA_MT,DELTA_MT,2022:Q2,0.0,4.20047517327827,2.0495060803223466,model_implied_state_space,1.2039,-1.2039,True,True,42,-3406.8430353457893,-5435.505343108637,-3406.8430353457893,0.26163939683829085,7.676976554660818e-05,42.0,0,{},14,expanding,40,1965:Q3,,5,0.02
joint_indicator_revision_dfm_full_kalman_em,pseudo,2022:Q2:pre_third:pseudo,2022-09-30,pre_third,DELTA_MT,DELTA_MT,2022:Q2,-0.0024171640721388776,4.200297907183952,2.0494628338137657,model_implied_state_space,1.2039,-1.2063171640721388,True,True,42,-3379.447431250475,-5444.981866853956,-3379.447431250475,0.2980418179836306,8.815860890974427e-05,42.0,0,{},14,expanding,40,1965:Q3,,5,0.02
midas_umidas,pseudo,2022:Q2:pre_third:pseudo,2022-09-30,pre_third,DELTA_MT,DELTA_MT,2022:Q2,3.706562712037622,,,not_available,1.2039,2.502662712037622,True,True,0,,,,,,,0,{},14,expanding,40,1965:Q3,,5,0.02
monthly_mixed_frequency_kalman_em,pseudo,2022:Q2:pre_third:pseudo,2022-09-30,pre_third,DELTA_MT,DELTA_MT,2022:Q2,0.08149340783542725,4.175379451610323,2.043374525536208,model_implied_state_space,1.2039,-1.1224065921645727,True,True,30,-6099.642150009495,-8155.4481919597,-6099.642150009495,0.5551010112812946,9.098230862613434e-05,30.0,0,{},14,expanding,40,1965:Q3,,5,0.02
no_revision,pseudo,2022:Q2:pre_third:pseudo,2022-09-30,pre_third,DELTA_MT,DELTA_MT,2022:Q2,0.0,,,not_available,1.2039,-1.2039,True,True,0,,,,,,,0,{},14,expanding,40,1965:Q3,,5,0.02
release_dfm,pseudo,2022:Q2:pre_third:pseudo,2022-09-30,pre_third,DELTA_MT,DELTA_MT,2022:Q2,1.1160701768933048,,,not_available,1.2039,-0.08782982310669518,True,True,0,,,,,,,0,{},14,expanding,40,1965:Q3,,5,0.02
revision_dfm_kalman_em,pseudo,2022:Q2:pre_third:pseudo,2022-09-30,pre_third,DELTA_MT,DELTA_MT,2022:Q2,0.0028627060469359478,4.185284882271835,2.045796881968451,model_implied_state_space,1.2039,-1.201037293953064,True,True,28,-1827.6081713068465,-3346.591030027603,-1827.6081713068465,0.16770252705009625,9.170206663899169e-05,28.0,0,{},14,expanding,40,1965:Q3,,5,0.02
standard_dfm,pseudo,2022:Q2:pre_third:pseudo,2022-09-30,pre_third,DELTA_MT,DELTA_MT,2022:Q2,-0.23804484870038412,,,not_available,1.2039,-1.441944848700384,True,True,0,,,,,,,0,{},14,expanding,40,1965:Q3,,5,0.02
ar,exact,2022:Q3:pre_advance:exact,2022-10-26,pre_advance,DELTA_SA,DELTA_SA,2022:Q3,0.05823760270177081,,,not_available,0.36319999999999997,-0.30496239729822916,True,True,0,,,,,,,0,{},14,expanding,40,1965:Q3,,5,0.02
bridge,exact,2022:Q3:pre_advance:exact,2022-10-26,pre_advance,DELTA_SA,DELTA_SA,2022:Q3,0.07355553899652367,,,not_available,0.36319999999999997,-0.2896444610034763,True,True,0,,,,,,,0,{},14,expanding,40,1965:Q3,,5,0.02
indicator_revision_only_dfm_kalman_em,exact,2022:Q3:pre_advance:exact,2022-10-26,pre_advance,DELTA_SA,DELTA_SA,2022:Q3,0.0,0.4248034811049619,0.6517694999806004,model_implied_state_space,0.36319999999999997,-0.36319999999999997,True,True,20,-3544.9752795207673,-5498.688527945793,-3544.9752795207673,0.3192148076918784,9.001362075326634e-05,20.0,0,{},14,expanding,40,1965:Q3,,5,0.02
joint_indicator_revision_dfm_full_kalman_em,exact,2022:Q3:pre_advance:exact,2022-10-26,pre_advance,DELTA_SA,DELTA_SA,2022:Q3,0.18350370305463803,0.37617645925985244,0.613332258453648,model_implied_state_space,0.36319999999999997,-0.17969629694536193,True,True,25,-3508.6786065150673,-5510.998470169489,-3508.6786065150673,0.31020998010308176,8.83791933026259e-05,25.0,0,{},14,expanding,40,1965:Q3,,5,0.02
midas_umidas,exact,2022:Q3:pre_advance:exact,2022-10-26,pre_advance,DELTA_SA,DELTA_SA,2022:Q3,0.3101597808988539,,,not_available,0.36319999999999997,-0.05304021910114609,True,True,0,,,,,,,0,{},14,expanding,40,1965:Q3,,5,0.02
monthly_mixed_frequency_kalman_em,exact,2022:Q3:pre_advance:exact,2022-10-26,pre_advance,DELTA_SA,DELTA_SA,2022:Q3,0.1606805302478933,0.3738629185311897,0.6114433077000595,model_implied_state_space,0.36319999999999997,-0.20251946975210666,True,True,30,-6114.614871944378,-8174.487669599624,-6114.614871944378,0.5615667906640738,9.181664333742111e-05,30.0,0,{},14,expanding,40,1965:Q3,,5,0.02
no_revision,exact,2022:Q3:pre_advance:exact,2022-10-26,pre_advance,DELTA_SA,DELTA_SA,2022:Q3,0.0,,,not_available,0.36319999999999997,-0.36319999999999997,True,True,0,,,,,,,0,{},14,expanding,40,1965:Q3,,5,0.02
release_dfm,exact,2022:Q3:pre_advance:exact,2022-10-26,pre_advance,DELTA_SA,DELTA_SA,2022:Q3,0.09591146514531568,,,not_available,0.36319999999999997,-0.2672885348546843,True,True,0,,,,,,,0,{},14,expanding,40,1965:Q3,,5,0.02
revision_dfm_kalman_em,exact,2022:Q3:pre_advance:exact,2022-10-26,pre_advance,DELTA_SA,DELTA_SA,2022:Q3,0.3616823509782239,0.3954424284595097,0.6288421331777235,model_implied_state_space,0.36319999999999997,-0.0015176490217760907,True,True,25,-1846.2045969171277,-3395.5011004326907,-1846.2045969171277,0.16673258092259857,9.025396153999073e-05,25.0,0,{},14,expanding,40,1965:Q3,,5,0.02
standard_dfm,exact,2022:Q3:pre_advance:exact,2022-10-26,pre_advance,DELTA_SA,DELTA_SA,2022:Q3,0.09591146514531568,,,not_available,0.36319999999999997,-0.2672885348546843,True,True,0,,,,,,,0,{},14,expanding,40,1965:Q3,,5,0.02
ar,pseudo,2022:Q3:pre_advance:pseudo,2022-10-31,pre_advance,DELTA_SA,DELTA_SA,2022:Q3,0.05823760270177081,,,not_available,0.36319999999999997,-0.30496239729822916,True,True,0,,,,,,,0,{},14,expanding,40,1965:Q3,,5,0.02
bridge,pseudo,2022:Q3:pre_advance:pseudo,2022-10-31,pre_advance,DELTA_SA,DELTA_SA,2022:Q3,0.06860209564311814,,,not_available,0.36319999999999997,-0.2945979043568818,True,True,0,,,,,,,0,{},14,expanding,40,1965:Q3,,5,0.02
indicator_revision_only_dfm_kalman_em,pseudo,2022:Q3:pre_advance:pseudo,2022-10-31,pre_advance,DELTA_SA,DELTA_SA,2022:Q3,0.0,0.42480187755613663,0.6517682698291907,model_implied_state_space,0.36319999999999997,-0.36319999999999997,True,True,20,-3544.9208470006884,-5498.691300056628,-3544.9208470006884,0.3208950588814332,9.048877155652262e-05,20.0,0,{},14,expanding,40,1965:Q3,,5,0.02
joint_indicator_revision_dfm_full_kalman_em,pseudo,2022:Q3:pre_advance:pseudo,2022-10-31,pre_advance,DELTA_SA,DELTA_SA,2022:Q3,0.18401164374670298,0.3761785518511678,0.6133339643710983,model_implied_state_space,0.36319999999999997,-0.179188356253297,True,True,25,-3508.620564093558,-5511.0012509298895,-3508.620564093558,0.31117686780135045,8.865610238793991e-05,25.0,0,{},14,expanding,40,1965:Q3,,5,0.02
midas_umidas,pseudo,2022:Q3:pre_advance:pseudo,2022-10-31,pre_advance,DELTA_SA,DELTA_SA,2022:Q3,0.19194416310616824,,,not_available,0.36319999999999997,-0.17125583689383173,True,True,0,,,,,,,0,{},14,expanding,40,1965:Q3,,5,0.02
monthly_mixed_frequency_kalman_em,pseudo,2022:Q3:pre_advance:pseudo,2022-10-31,pre_advance,DELTA_SA,DELTA_SA,2022:Q3,0.16044832947937415,0.3738607416417068,0.6114415275737385,model_implied_state_space,0.36319999999999997,-0.20275167052062582,True,True,30,-6117.309743310091,-8177.19111298425,-6117.309743310091,0.5616799426024954,9.179469607222363e-05,30.0,0,{},14,expanding,40,1965:Q3,,5,0.02
no_revision,pseudo,2022:Q3:pre_advance:pseudo,2022-10-31,pre_advance,DELTA_SA,DELTA_SA,2022:Q3,0.0,,,not_available,0.36319999999999997,-0.36319999999999997,True,True,0,,,,,,,0,{},14,expanding,40,1965:Q3,,5,0.02
release_dfm,pseudo,2022:Q3:pre_advance:pseudo,2022-10-31,pre_advance,DELTA_SA,DELTA_SA,2022:Q3,0.09598156939952007,,,not_available,0.36319999999999997,-0.2672184306004799,True,True,0,,,,,,,0,{},14,expanding,40,1965:Q3,,5,0.02
revision_dfm_kalman_em,pseudo,2022:Q3:pre_advance:pseudo,2022-10-31,pre_advance,DELTA_SA,DELTA_SA,2022:Q3,0.36183615929855106,0.39544214761794994,0.6288419098771566,model_implied_state_space,0.36319999999999997,-0.001363840701448904,True,True,25,-1846.180273667621,-3395.5091725353677,-1846.180273667621,0.166699096446564,9.023702580200338e-05,25.0,0,{},14,expanding,40,1965:Q3,,5,0.02
standard_dfm,pseudo,2022:Q3:pre_advance:pseudo,2022-10-31,pre_advance,DELTA_SA,DELTA_SA,2022:Q3,0.09598156939952007,,,not_available,0.36319999999999997,-0.2672184306004799,True,True,0,,,,,,,0,{},14,expanding,40,1965:Q3,,5,0.02
ar,exact,2022:Q3:pre_second:exact,2022-11-29,pre_second,DELTA_TS,DELTA_TS,2022:Q3,0.07204179267449673,,,not_available,0.3147000000000002,-0.24265820732550347,True,True,0,,,,,,,0,{},14,expanding,40,1965:Q3,,5,0.02
bridge,exact,2022:Q3:pre_second:exact,2022-11-29,pre_second,DELTA_TS,DELTA_TS,2022:Q3,0.34144469756391116,,,not_available,0.3147000000000002,0.026744697563910957,True,True,0,,,,,,,0,{},14,expanding,40,1965:Q3,,5,0.02
indicator_revision_only_dfm_kalman_em,exact,2022:Q3:pre_second:exact,2022-11-29,pre_second,DELTA_TS,DELTA_TS,2022:Q3,0.0,0.14739811887097942,0.38392462654924786,model_implied_state_space,0.3147000000000002,-0.3147000000000002,True,True,20,-3544.7386267357656,-5500.066219375631,-3544.7386267357656,0.3089998740692863,8.713923404483506e-05,20.0,0,{},14,expanding,40,1965:Q3,,5,0.02
joint_indicator_revision_dfm_full_kalman_em,exact,2022:Q3:pre_second:exact,2022-11-29,pre_second,DELTA_TS,DELTA_TS,2022:Q3,0.006314781699612304,0.1422867873355389,0.3772092089749916,model_implied_state_space,0.3147000000000002,-0.3083852183003879,True,True,24,-3508.4452887001207,-5512.462250634176,-3508.4452887001207,0.34218909763831107,9.749567453953652e-05,24.0,0,{},14,expanding,40,1965:Q3,,5,0.02
midas_umidas,exact,2022:Q3:pre_second:exact,2022-11-29,pre_second,DELTA_TS,DELTA_TS,2022:Q3,1.43768474709767,,,not_available,0.3147000000000002,1.1229847470976697,True,True,0,,,,,,,0,{},14,expanding,40,1965:Q3,,5,0.02
monthly_mixed_frequency_kalman_em,exact,2022:Q3:pre_second:exact,2022-11-29,pre_second,DELTA_TS,DELTA_TS,2022:Q3,0.09493674755049542,0.1450899836052325,0.38090679123012827,model_implied_state_space,0.3147000000000002,-0.2197632524495048,True,True,30,-6133.940201455018,-8196.379260705393,-6133.940201455018,0.5656107726508708,9.218649447347028e-05,30.0,0,{},14,expanding,40,1965:Q3,,5,0.02
no_revision,exact,2022:Q3:pre_second:exact,2022-11-29,pre_second,DELTA_TS,DELTA_TS,2022:Q3,0.0,,,not_available,0.3147000000000002,-0.3147000000000002,True,True,0,,,,,,,0,{},14,expanding,40,1965:Q3,,5,0.02
release_dfm,exact,2022:Q3:pre_second:exact,2022-11-29,pre_second,DELTA_TS,DELTA_TS,2022:Q3,0.04741145964055615,,,not_available,0.3147000000000002,-0.26728854035944405,True,True,0,,,,,,,0,{},14,expanding,40,1965:Q3,,5,0.02
revision_dfm_kalman_em,exact,2022:Q3:pre_second:exact,2022-11-29,pre_second,DELTA_TS,DELTA_TS,2022:Q3,0.01296214063031309,0.14212252600945252,0.3769914137078622,model_implied_state_space,0.3147000000000002,-0.3017378593696871,True,True,28,-1846.941119139432,-3371.176033309763,-1846.941119139432,0.1808599568282716,9.786148256118512e-05,28.0,0,{},14,expanding,40,1965:Q3,,5,0.02
standard_dfm,exact,2022:Q3:pre_second:exact,2022-11-29,pre_second,DELTA_TS,DELTA_TS,2022:Q3,0.06553930738907754,,,not_available,0.3147000000000002,-0.24916069261092266,True,True,0,,,,,,,0,{},14,expanding,40,1965:Q3,,5,0.02
ar,pseudo,2022:Q3:pre_second:pseudo,2022-11-30,pre_second,DELTA_TS,DELTA_TS,2022:Q3,0.07204179267449673,,,not_available,0.3147000000000002,-0.24265820732550347,True,True,0,,,,,,,0,{},14,expanding,40,1965:Q3,,5,0.02
bridge,pseudo,2022:Q3:pre_second:pseudo,2022-11-30,pre_second,DELTA_TS,DELTA_TS,2022:Q3,0.34144469756391116,,,not_available,0.3147000000000002,0.026744697563910957,True,True,0,,,,,,,0,{},14,expanding,40,1965:Q3,,5,0.02
indicator_revision_only_dfm_kalman_em,pseudo,2022:Q3:pre_second:pseudo,2022-11-30,pre_second,DELTA_TS,DELTA_TS,2022:Q3,0.0,0.14739811887097942,0.38392462654924786,model_implied_state_space,0.3147000000000002,-0.3147000000000002,True,True,20,-3544.7386267357656,-5500.066219375631,-3544.7386267357656,0.3089998740692863,8.713923404483506e-05,20.0,0,{},14,expanding,40,1965:Q3,,5,0.02
joint_indicator_revision_dfm_full_kalman_em,pseudo,2022:Q3:pre_second:pseudo,2022-11-30,pre_second,DELTA_TS,DELTA_TS,2022:Q3,0.006314781699612304,0.1422867873355389,0.3772092089749916,model_implied_state_space,0.3147000000000002,-0.3083852183003879,True,True,24,-3508.4452887001207,-5512.462250634176,-3508.4452887001207,0.34218909763831107,9.749567453953652e-05,24.0,0,{},14,expanding,40,1965:Q3,,5,0.02
midas_umidas,pseudo,2022:Q3:pre_second:pseudo,2022-11-30,pre_second,DELTA_TS,DELTA_TS,2022:Q3,1.43768474709767,,,not_available,0.3147000000000002,1.1229847470976697,True,True,0,,,,,,,0,{},14,expanding,40,1965:Q3,,5,0.02
monthly_mixed_frequency_kalman_em,pseudo,2022:Q3:pre_second:pseudo,2022-11-30,pre_second,DELTA_TS,DELTA_TS,2022:Q3,0.09493674755049542,0.1450899836052325,0.38090679123012827,model_implied_state_space,0.3147000000000002,-0.2197632524495048,True,True,30,-6133.940201455018,-8196.379260705393,-6133.940201455018,0.5656107726508708,9.218649447347028e-05,30.0,0,{},14,expanding,40,1965:Q3,,5,0.02
no_revision,pseudo,2022:Q3:pre_second:pseudo,2022-11-30,pre_second,DELTA_TS,DELTA_TS,2022:Q3,0.0,,,not_available,0.3147000000000002,-0.3147000000000002,True,True,0,,,,,,,0,{},14,expanding,40,1965:Q3,,5,0.02
release_dfm,pseudo,2022:Q3:pre_second:pseudo,2022-11-30,pre_second,DELTA_TS,DELTA_TS,2022:Q3,0.04741145964055615,,,not_available,0.3147000000000002,-0.26728854035944405,True,True,0,,,,,,,0,{},14,expanding,40,1965:Q3,,5,0.02
revision_dfm_kalman_em,pseudo,2022:Q3:pre_second:pseudo,2022-11-30,pre_second,DELTA_TS,DELTA_TS,2022:Q3,0.01296214063031309,0.14212252600945252,0.3769914137078622,model_implied_state_space,0.3147000000000002,-0.3017378593696871,True,True,28,-1846.941119139432,-3371.176033309763,-1846.941119139432,0.1808599568282716,9.786148256118512e-05,28.0,0,{},14,expanding,40,1965:Q3,,5,0.02
standard_dfm,pseudo,2022:Q3:pre_second:pseudo,2022-11-30,pre_second,DELTA_TS,DELTA_TS,2022:Q3,0.06553930738907754,,,not_available,0.3147000000000002,-0.24916069261092266,True,True,0,,,,,,,0,{},14,expanding,40,1965:Q3,,5,0.02
ar,exact,2022:Q3:pre_third:exact,2022-12-21,pre_third,DELTA_MT,DELTA_MT,2022:Q3,1.0211250045875602,,,not_available,-0.32410000000000005,1.3452250045875602,True,True,0,,,,,,,0,{},14,expanding,40,1965:Q3,,5,0.02
bridge,exact,2022:Q3:pre_third:exact,2022-12-21,pre_third,DELTA_MT,DELTA_MT,2022:Q3,1.8673159816515057,,,not_available,-0.32410000000000005,2.191415981651506,True,True,0,,,,,,,0,{},14,expanding,40,1965:Q3,,5,0.02
indicator_revision_only_dfm_kalman_em,exact,2022:Q3:pre_third:exact,2022-12-21,pre_third,DELTA_MT,DELTA_MT,2022:Q3,0.0,4.1817602316070746,2.044935263426956,model_implied_state_space,-0.32410000000000005,0.32410000000000005,True,True,20,-3544.7030159933133,-5501.54646804248,-3544.7030159933133,0.30536311876176114,8.611460721878622e-05,20.0,0,{},14,expanding,40,1965:Q3,,5,0.02
joint_indicator_revision_dfm_full_kalman_em,exact,2022:Q3:pre_third:exact,2022-12-21,pre_third,DELTA_MT,DELTA_MT,2022:Q3,0.0062482036060762525,4.18981577223862,2.0469039479757276,model_implied_state_space,-0.32410000000000005,0.3303482036060763,True,True,24,-3508.1651942760964,-5513.915045489223,-3508.1651942760964,0.33476301503287687,9.538766750442412e-05,24.0,0,{},14,expanding,40,1965:Q3,,5,0.02
midas_umidas,exact,2022:Q3:pre_third:exact,2022-12-21,pre_third,DELTA_MT,DELTA_MT,2022:Q3,-7.735294594253887,,,not_available,-0.32410000000000005,-7.411194594253887,True,True,0,,,,,,,0,{},14,expanding,40,1965:Q3,,5,0.02
monthly_mixed_frequency_kalman_em,exact,2022:Q3:pre_third:exact,2022-12-21,pre_third,DELTA_MT,DELTA_MT,2022:Q3,0.10504619209462618,4.189192155217549,2.0467516105325405,model_implied_state_space,-0.32410000000000005,0.42914619209462623,True,True,29,-6142.136136755648,-8186.779225057392,-6142.136136755648,0.5897731721070159,9.599600971032756e-05,29.0,0,{},14,expanding,40,1965:Q3,,5,0.02
no_revision,exact,2022:Q3:pre_third:exact,2022-12-21,pre_third,DELTA_MT,DELTA_MT,2022:Q3,0.0,,,not_available,-0.32410000000000005,0.32410000000000005,True,True,0,,,,,,,0,{},14,expanding,40,1965:Q3,,5,0.02
release_dfm,exact,2022:Q3:pre_third:exact,2022-12-21,pre_third,DELTA_MT,DELTA_MT,2022:Q3,0.17672737215119216,,,not_available,-0.32410000000000005,0.5008273721511922,True,True,0,,,,,,,0,{},14,expanding,40,1965:Q3,,5,0.02
revision_dfm_kalman_em,exact,2022:Q3:pre_third:exact,2022-12-21,pre_third,DELTA_MT,DELTA_MT,2022:Q3,0.008625875591870003,4.191086271271921,2.047214270972123,model_implied_state_space,-0.32410000000000005,0.33272587559187006,True,True,25,-1846.301147435477,-3398.3234934099514,-1846.301147435477,0.166896086051338,9.033773906757872e-05,25.0,0,{},14,expanding,40,1965:Q3,,5,0.02
standard_dfm,exact,2022:Q3:pre_third:exact,2022-12-21,pre_third,DELTA_MT,DELTA_MT,2022:Q3,0.3644741385764019,,,not_available,-0.32410000000000005,0.6885741385764019,True,True,0,,,,,,,0,{},14,expanding,40,1965:Q3,,5,0.02
ar,pseudo,2022:Q3:pre_third:pseudo,2022-12-31,pre_third,DELTA_MT,DELTA_MT,2022:Q3,1.0211250045875602,,,not_available,-0.32410000000000005,1.3452250045875602,True,True,0,,,,,,,0,{},14,expanding,40,1965:Q3,,5,0.02
bridge,pseudo,2022:Q3:pre_third:pseudo,2022-12-31,pre_third,DELTA_MT,DELTA_MT,2022:Q3,1.890731452639989,,,not_available,-0.32410000000000005,2.214831452639989,True,True,0,,,,,,,0,{},14,expanding,40,1965:Q3,,5,0.02
indicator_revision_only_dfm_kalman_em,pseudo,2022:Q3:pre_third:pseudo,2022-12-31,pre_third,DELTA_MT,DELTA_MT,2022:Q3,0.0,4.181760483865021,2.044935325105667,model_implied_state_space,-0.32410000000000005,0.32410000000000005,True,True,20,-3544.71037070181,-5501.546510049023,-3544.71037070181,0.30525223129643564,8.608316030033295e-05,20.0,0,{},14,expanding,40,1965:Q3,,5,0.02
joint_indicator_revision_dfm_full_kalman_em,pseudo,2022:Q3:pre_third:pseudo,2022-12-31,pre_third,DELTA_MT,DELTA_MT,2022:Q3,0.006251098507279451,4.189814580096704,2.046903656769586,model_implied_state_space,-0.32410000000000005,0.3303510985072795,True,True,24,-3508.1719623710505,-5513.91508692206,-3508.1719623710505,0.3346944134050318,9.536793804280504e-05,24.0,0,{},14,expanding,40,1965:Q3,,5,0.02
midas_umidas,pseudo,2022:Q3:pre_third:pseudo,2022-12-31,pre_third,DELTA_MT,DELTA_MT,2022:Q3,-7.637115385807265,,,not_available,-0.32410000000000005,-7.313015385807265,True,True,0,,,,,,,0,{},14,expanding,40,1965:Q3,,5,0.02
monthly_mixed_frequency_kalman_em,pseudo,2022:Q3:pre_third:pseudo,2022-12-31,pre_third,DELTA_MT,DELTA_MT,2022:Q3,0.10503856681623969,4.189190460181292,2.0467511964528793,model_implied_state_space,-0.32410000000000005,0.42913856681623974,True,True,29,-6144.7844846284725,-8189.447113785038,-6144.7844846284725,0.5898557935224744,9.596808799022422e-05,29.0,0,{},14,expanding,40,1965:Q3,,5,0.02
no_revision,pseudo,2022:Q3:pre_third:pseudo,2022-12-31,pre_third,DELTA_MT,DELTA_MT,2022:Q3,0.0,,,not_available,-0.32410000000000005,0.32410000000000005,True,True,0,,,,,,,0,{},14,expanding,40,1965:Q3,,5,0.02
release_dfm,pseudo,2022:Q3:pre_third:pseudo,2022-12-31,pre_third,DELTA_MT,DELTA_MT,2022:Q3,0.174897394014065,,,not_available,-0.32410000000000005,0.49899739401406507,True,True,0,,,,,,,0,{},14,expanding,40,1965:Q3,,5,0.02
revision_dfm_kalman_em,pseudo,2022:Q3:pre_third:pseudo,2022-12-31,pre_third,DELTA_MT,DELTA_MT,2022:Q3,0.008629148367277129,4.191086286898948,2.047214274788779,model_implied_state_space,-0.32410000000000005,0.3327291483672772,True,True,25,-1846.3041631506812,-3398.3234706547073,-1846.3041631506812,0.16689634767362804,9.033773320321755e-05,25.0,0,{},14,expanding,40,1965:Q3,,5,0.02
standard_dfm,pseudo,2022:Q3:pre_third:pseudo,2022-12-31,pre_third,DELTA_MT,DELTA_MT,2022:Q3,0.36811125363363173,,,not_available,-0.32410000000000005,0.6922112536336318,True,True,0,,,,,,,0,{},14,expanding,40,1965:Q3,,5,0.02
ar,exact,2022:Q4:pre_advance:exact,2023-01-25,pre_advance,DELTA_SA,DELTA_SA,2022:Q4,0.10853273509485284,,,not_available,-0.2158000000000002,0.32433273509485305,True,True,0,,,,,,,0,{},14,expanding,40,1965:Q3,,5,0.02
bridge,exact,2022:Q4:pre_advance:exact,2023-01-25,pre_advance,DELTA_SA,DELTA_SA,2022:Q4,0.20753261036370074,,,not_available,-0.2158000000000002,0.42333261036370096,True,True,0,,,,,,,0,{},14,expanding,40,1965:Q3,,5,0.02
indicator_revision_only_dfm_kalman_em,exact,2022:Q4:pre_advance:exact,2023-01-25,pre_advance,DELTA_SA,DELTA_SA,2022:Q4,0.0,0.4135471826771706,0.6430763428063347,model_implied_state_space,-0.2158000000000002,0.2158000000000002,True,False,50,-3480.8105640510425,-5522.951494816474,-3480.8105640510425,0.47923230044898446,0.0001376198790092346,51.0,0,{},14,expanding,40,1965:Q3,,5,0.02
joint_indicator_revision_dfm_full_kalman_em,exact,2022:Q4:pre_advance:exact,2023-01-25,pre_advance,DELTA_SA,DELTA_SA,2022:Q4,-0.22679409035545994,0.37363080946163496,0.6112534739873754,model_implied_state_space,-0.2158000000000002,-0.010994090355459729,True,True,45,-3501.801377326833,-5532.300703437044,-3501.801377326833,0.3044810220699219,8.691744822505337e-05,45.0,0,{},14,expanding,40,1965:Q3,,5,0.02
midas_umidas,exact,2022:Q4:pre_advance:exact,2023-01-25,pre_advance,DELTA_SA,DELTA_SA,2022:Q4,2.036360600379766,,,not_available,-0.2158000000000002,2.2521606003797663,True,True,0,,,,,,,0,{},14,expanding,40,1965:Q3,,5,0.02
monthly_mixed_frequency_kalman_em,exact,2022:Q4:pre_advance:exact,2023-01-25,pre_advance,DELTA_SA,DELTA_SA,2022:Q4,0.10372117921620072,0.37134664234699777,0.6093821808577912,model_implied_state_space,-0.2158000000000002,0.31952117921620093,True,True,29,-6157.03191599562,-8207.773722606107,-6157.03191599562,0.582775277816836,9.462765687267468e-05,29.0,0,{},14,expanding,40,1965:Q3,,5,0.02
no_revision,exact,2022:Q4:pre_advance:exact,2023-01-25,pre_advance,DELTA_SA,DELTA_SA,2022:Q4,0.0,,,not_available,-0.2158000000000002,0.2158000000000002,True,True,0,,,,,,,0,{},14,expanding,40,1965:Q3,,5,0.02
release_dfm,exact,2022:Q4:pre_advance:exact,2023-01-25,pre_advance,DELTA_SA,DELTA_SA,2022:Q4,0.09667791412371463,,,not_available,-0.2158000000000002,0.31247791412371484,True,True,0,,,,,,,0,{},14,expanding,40,1965:Q3,,5,0.02
revision_dfm_kalman_em,exact,2022:Q4:pre_advance:exact,2023-01-25,pre_advance,DELTA_SA,DELTA_SA,2022:Q4,0.10709783916043403,0.3932502284250159,0.627096665933583,model_implied_state_space,-0.2158000000000002,0.32289783916043424,True,True,25,-1863.9687962147423,-3420.61190880714,-1863.9687962147423,0.1661710423304612,8.909330705157368e-05,25.0,0,{},14,expanding,40,1965:Q3,,5,0.02
standard_dfm,exact,2022:Q4:pre_advance:exact,2023-01-25,pre_advance,DELTA_SA,DELTA_SA,2022:Q4,0.09667791412371463,,,not_available,-0.2158000000000002,0.31247791412371484,True,True,0,,,,,,,0,{},14,expanding,40,1965:Q3,,5,0.02
ar,pseudo,2022:Q4:pre_advance:pseudo,2023-01-31,pre_advance,DELTA_SA,DELTA_SA,2022:Q4,0.10853273509485284,,,not_available,-0.2158000000000002,0.32433273509485305,True,True,0,,,,,,,0,{},14,expanding,40,1965:Q3,,5,0.02
bridge,pseudo,2022:Q4:pre_advance:pseudo,2023-01-31,pre_advance,DELTA_SA,DELTA_SA,2022:Q4,0.23457066303142016,,,not_available,-0.2158000000000002,0.45037066303142037,True,True,0,,,,,,,0,{},14,expanding,40,1965:Q3,,5,0.02
indicator_revision_only_dfm_kalman_em,pseudo,2022:Q4:pre_advance:pseudo,2023-01-31,pre_advance,DELTA_SA,DELTA_SA,2022:Q4,0.0,0.41447913412946846,0.6438005390875876,model_implied_state_space,-0.2158000000000002,0.2158000000000002,True,True,43,-3481.6282303615217,-5523.0232162530165,-3481.6282303615217,0.2932667795485031,8.42013751355662e-05,43.0,0,{},14,expanding,40,1965:Q3,,5,0.02
joint_indicator_revision_dfm_full_kalman_em,pseudo,2022:Q4:pre_advance:pseudo,2023-01-31,pre_advance,DELTA_SA,DELTA_SA,2022:Q4,0.013847044052761381,0.36161184712903705,0.6013417057954962,model_implied_state_space,-0.2158000000000002,0.2296470440527616,True,False,50,-3455.1216450328175,-5532.372528047693,-3455.1216450328175,0.5589832865343851,0.00016171100157614632,51.0,0,{},14,expanding,40,1965:Q3,,5,0.02
midas_umidas,pseudo,2022:Q4:pre_advance:pseudo,2023-01-31,pre_advance,DELTA_SA,DELTA_SA,2022:Q4,2.228868350804566,,,not_available,-0.2158000000000002,2.4446683508045663,True,True,0,,,,,,,0,{},14,expanding,40,1965:Q3,,5,0.02
monthly_mixed_frequency_kalman_em,pseudo,2022:Q4:pre_advance:pseudo,2023-01-31,pre_advance,DELTA_SA,DELTA_SA,2022:Q4,0.10467943929329171,0.3713589765412948,0.609392301019052,model_implied_state_space,-0.2158000000000002,0.3204794392932919,True,True,29,-6160.707981638484,-8210.754814553928,-6160.707981638484,0.5849267185622011,9.492030438360821e-05,29.0,0,{},14,expanding,40,1965:Q3,,5,0.02
no_revision,pseudo,2022:Q4:pre_advance:pseudo,2023-01-31,pre_advance,DELTA_SA,DELTA_SA,2022:Q4,0.0,,,not_available,-0.2158000000000002,0.2158000000000002,True,True,0,,,,,,,0,{},14,expanding,40,1965:Q3,,5,0.02
release_dfm,pseudo,2022:Q4:pre_advance:pseudo,2023-01-31,pre_advance,DELTA_SA,DELTA_SA,2022:Q4,0.09675704920951733,,,not_available,-0.2158000000000002,0.31255704920951755,True,True,0,,,,,,,0,{},14,expanding,40,1965:Q3,,5,0.02
revision_dfm_kalman_em,pseudo,2022:Q4:pre_advance:pseudo,2023-01-31,pre_advance,DELTA_SA,DELTA_SA,2022:Q4,0.1074485364843425,0.3932659461142123,0.6271091979186817,model_implied_state_space,-0.2158000000000002,0.3232485364843427,True,True,25,-1864.2809810116105,-3420.6494412008174,-1864.2809810116105,0.1662632354618836,8.912781424113143e-05,25.0,0,{},14,expanding,40,1965:Q3,,5,0.02
standard_dfm,pseudo,2022:Q4:pre_advance:pseudo,2023-01-31,pre_advance,DELTA_SA,DELTA_SA,2022:Q4,0.09675704920951733,,,not_available,-0.2158000000000002,0.31255704920951755,True,True,0,,,,,,,0,{},14,expanding,40,1965:Q3,,5,0.02
ar,exact,2022:Q4:pre_second:exact,2023-02-22,pre_second,DELTA_TS,DELTA_TS,2022:Q4,0.08169007675838724,,,not_available,-0.10169999999999968,0.18339007675838692,True,True,0,,,,,,,0,{},14,expanding,40,1965:Q3,,5,0.02
bridge,exact,2022:Q4:pre_second:exact,2023-02-22,pre_second,DELTA_TS,DELTA_TS,2022:Q4,0.45104636502268325,,,not_available,-0.10169999999999968,0.5527463650226829,True,True,0,,,,,,,0,{},14,expanding,40,1965:Q3,,5,0.02
indicator_revision_only_dfm_kalman_em,exact,2022:Q4:pre_second:exact,2023-02-22,pre_second,DELTA_TS,DELTA_TS,2022:Q4,0.0,0.1432696871604322,0.37850982439090297,model_implied_state_space,-0.10169999999999968,0.10169999999999968,True,False,50,-3483.7033438519975,-5524.319299480921,-3483.7033438519975,0.7009604201066395,0.0002011130872959167,51.0,0,{},14,expanding,40,1965:Q3,,5,0.02
joint_indicator_revision_dfm_full_kalman_em,exact,2022:Q4:pre_second:exact,2023-02-22,pre_second,DELTA_TS,DELTA_TS,2022:Q4,-0.0023048212997753836,0.14067015126000126,0.37506019684845426,model_implied_state_space,-0.10169999999999968,0.0993951787002243,True,True,46,-3503.2082781040594,-5533.749295798693,-3503.2082781040594,0.2988261865525601,8.526910565731296e-05,46.0,0,{},14,expanding,40,1965:Q3,,5,0.02
midas_umidas,exact,2022:Q4:pre_second:exact,2023-02-22,pre_second,DELTA_TS,DELTA_TS,2022:Q4,0.625827035596517,,,not_available,-0.10169999999999968,0.7275270355965167,True,True,0,,,,,,,0,{},14,expanding,40,1965:Q3,,5,0.02
monthly_mixed_frequency_kalman_em,exact,2022:Q4:pre_second:exact,2023-02-22,pre_second,DELTA_TS,DELTA_TS,2022:Q4,0.04531267501958558,0.14359621015318313,0.378940905885315,model_implied_state_space,-0.10169999999999968,0.14701267501958526,True,True,29,-6177.2534357187,-8229.078246846755,-6177.2534357187,0.5833090281521436,9.440434377038099e-05,29.0,0,{},14,expanding,40,1965:Q3,,5,0.02
no_revision,exact,2022:Q4:pre_second:exact,2023-02-22,pre_second,DELTA_TS,DELTA_TS,2022:Q4,0.0,,,not_available,-0.10169999999999968,0.10169999999999968,True,True,0,,,,,,,0,{},14,expanding,40,1965:Q3,,5,0.02
release_dfm,exact,2022:Q4:pre_second:exact,2023-02-22,pre_second,DELTA_TS,DELTA_TS,2022:Q4,0.05148194496767866,,,not_available,-0.10169999999999968,0.15318194496767834,True,True,0,,,,,,,0,{},14,expanding,40,1965:Q3,,5,0.02
revision_dfm_kalman_em,exact,2022:Q4:pre_second:exact,2023-02-22,pre_second,DELTA_TS,DELTA_TS,2022:Q4,0.00931473387856796,0.14191557294255075,0.37671683389855404,model_implied_state_space,-0.10169999999999968,0.11101473387856764,True,True,28,-1865.4558994982417,-3396.221596085721,-1865.4558994982417,0.16822227625902997,9.012113059972136e-05,28.0,0,{},14,expanding,40,1965:Q3,,5,0.02
standard_dfm,exact,2022:Q4:pre_second:exact,2023-02-22,pre_second,DELTA_TS,DELTA_TS,2022:Q4,0.06391558960278587,,,not_available,-0.10169999999999968,0.16561558960278555,True,True,0,,,,,,,0,{},14,expanding,40,1965:Q3,,5,0.02
ar,pseudo,2022:Q4:pre_second:pseudo,2023-02-28,pre_second,DELTA_TS,DELTA_TS,2022:Q4,0.08169007675838724,,,not_available,-0.10169999999999968,0.18339007675838692,True,True,0,,,,,,,0,{},14,expanding,40,1965:Q3,,5,0.02
bridge,pseudo,2022:Q4:pre_second:pseudo,2023-02-28,pre_second,DELTA_TS,DELTA_TS,2022:Q4,0.4645268210165465,,,not_available,-0.10169999999999968,0.5662268210165462,True,True,0,,,,,,,0,{},14,expanding,40,1965:Q3,,5,0.02
indicator_revision_only_dfm_kalman_em,pseudo,2022:Q4:pre_second:pseudo,2023-02-28,pre_second,DELTA_TS,DELTA_TS,2022:Q4,0.0,0.14352401414068539,0.3788456336566193,model_implied_state_space,-0.10169999999999968,0.10169999999999968,True,True,46,-3483.7148993543415,-5524.440405498195,-3483.7148993543415,0.3478542265233955,9.981290183827506e-05,46.0,0,{},14,expanding,40,1965:Q3,,5,0.02
joint_indicator_revision_dfm_full_kalman_em,pseudo,2022:Q4:pre_second:pseudo,2023-02-28,pre_second,DELTA_TS,DELTA_TS,2022:Q4,-0.002291535307477055,0.14069245295370503,0.37508992648924205,model_implied_state_space,-0.10169999999999968,0.09940846469252262,True,True,45,-3503.4364683103677,-5533.870554096099,-3503.4364683103677,0.3261401773511352,9.305628191801055e-05,45.0,0,{},14,expanding,40,1965:Q3,,5,0.02
midas_umidas,pseudo,2022:Q4:pre_second:pseudo,2023-02-28,pre_second,DELTA_TS,DELTA_TS,2022:Q4,0.6490708902637943,,,not_available,-0.10169999999999968,0.750770890263794,True,True,0,,,,,,,0,{},14,expanding,40,1965:Q3,,5,0.02
monthly_mixed_frequency_kalman_em,pseudo,2022:Q4:pre_second:pseudo,2023-02-28,pre_second,DELTA_TS,DELTA_TS,2022:Q4,0.045324876721245744,0.14359377662141526,0.37893769490697976,model_implied_state_space,-0.10169999999999968,0.14702487672124542,True,True,29,-6179.687711072526,-8231.917059015877,-6179.687711072526,0.5823295296677315,9.4208718571208e-05,29.0,0,{},14,expanding,40,1965:Q3,,5,0.02
no_revision,pseudo,2022:Q4:pre_second:pseudo,2023-02-28,pre_second,DELTA_TS,DELTA_TS,2022:Q4,0.0,,,not_available,-0.10169999999999968,0.10169999999999968,True,True,0,,,,,,,0,{},14,expanding,40,1965:Q3,,5,0.02
release_dfm,pseudo,2022:Q4:pre_second:pseudo,2023-02-28,pre_second,DELTA_TS,DELTA_TS,2022:Q4,0.051296437189578103,,,not_available,-0.10169999999999968,0.15299643718957778,True,True,0,,,,,,,0,{},14,expanding,40,1965:Q3,,5,0.02
revision_dfm_kalman_em,pseudo,2022:Q4:pre_second:pseudo,2023-02-28,pre_second,DELTA_TS,DELTA_TS,2022:Q4,0.009404577884659204,0.14191590277740518,0.3767172716738711,model_implied_state_space,-0.10169999999999968,0.11110457788465888,True,True,28,-1865.5532838487522,-3396.2697658239235,-1865.5532838487522,0.1683535077754641,9.018672329414374e-05,28.0,0,{},14,expanding,40,1965:Q3,,5,0.02
standard_dfm,pseudo,2022:Q4:pre_second:pseudo,2023-02-28,pre_second,DELTA_TS,DELTA_TS,2022:Q4,0.06411346083140312,,,not_available,-0.10169999999999968,0.1658134608314028,True,True,0,,,,,,,0,{},14,expanding,40,1965:Q3,,5,0.02
ar,exact,2022:Q4:pre_third:exact,2023-03-29,pre_third,DELTA_MT,DELTA_MT,2022:Q4,0.18579747220419573,,,not_available,0.21579999999999977,-0.030002527795804035,True,True,0,,,,,,,0,{},14,expanding,40,1965:Q3,,5,0.02
bridge,exact,2022:Q4:pre_third:exact,2023-03-29,pre_third,DELTA_MT,DELTA_MT,2022:Q4,2.2348426084531137,,,not_available,0.21579999999999977,2.019042608453114,True,True,0,,,,,,,0,{},14,expanding,40,1965:Q3,,5,0.02
indicator_revision_only_dfm_kalman_em,exact,2022:Q4:pre_third:exact,2023-03-29,pre_third,DELTA_MT,DELTA_MT,2022:Q4,0.0,4.196901576263782,2.048634075735289,model_implied_state_space,0.21579999999999977,-0.21579999999999977,True,True,42,-3482.01074105252,-5526.47826378932,-3482.01074105252,0.28855108732477674,8.283844227106747e-05,42.0,0,{},14,expanding,40,1965:Q3,,5,0.02
joint_indicator_revision_dfm_full_kalman_em,exact,2022:Q4:pre_third:exact,2023-03-29,pre_third,DELTA_MT,DELTA_MT,2022:Q4,-0.0002103242220137247,4.196628143634814,2.0485673392971036,model_implied_state_space,0.21579999999999977,-0.2160103242220135,True,True,45,-3454.773738054897,-5535.875058214734,-3454.773738054897,0.339188289523463,9.814155288097814e-05,45.0,0,{},14,expanding,40,1965:Q3,,5,0.02
midas_umidas,exact,2022:Q4:pre_third:exact,2023-03-29,pre_third,DELTA_MT,DELTA_MT,2022:Q4,-6.971841401376296,,,not_available,0.21579999999999977,-7.187641401376296,True,True,0,,,,,,,0,{},14,expanding,40,1965:Q3,,5,0.02
monthly_mixed_frequency_kalman_em,exact,2022:Q4:pre_third:exact,2023-03-29,pre_third,DELTA_MT,DELTA_MT,2022:Q4,-0.007519630419612344,4.170978709714157,2.0422974097114643,model_implied_state_space,0.21579999999999977,-0.22331963041961211,True,True,29,-6200.89025699138,-8251.681124179155,-6200.89025699138,0.5808869802922345,9.365412056077234e-05,29.0,0,{},14,expanding,40,1965:Q3,,5,0.02
no_revision,exact,2022:Q4:pre_third:exact,2023-03-29,pre_third,DELTA_MT,DELTA_MT,2022:Q4,0.0,,,not_available,0.21579999999999977,-0.21579999999999977,True,True,0,,,,,,,0,{},14,expanding,40,1965:Q3,,5,0.02
release_dfm,exact,2022:Q4:pre_third:exact,2023-03-29,pre_third,DELTA_MT,DELTA_MT,2022:Q4,0.1451908950644416,,,not_available,0.21579999999999977,-0.07060910493555816,True,True,0,,,,,,,0,{},14,expanding,40,1965:Q3,,5,0.02
revision_dfm_kalman_em,exact,2022:Q4:pre_third:exact,2023-03-29,pre_third,DELTA_MT,DELTA_MT,2022:Q4,0.0018986081558480805,4.181413710587016,2.0448505350237745,model_implied_state_space,0.21579999999999977,-0.2139013918441517,True,True,28,-1864.7584964718303,-3397.6507815478676,-1864.7584964718303,0.18298964326777423,9.806826453532572e-05,28.0,0,{},14,expanding,40,1965:Q3,,5,0.02
standard_dfm,exact,2022:Q4:pre_third:exact,2023-03-29,pre_third,DELTA_MT,DELTA_MT,2022:Q4,0.5657833877608207,,,not_available,0.21579999999999977,0.34998338776082094,True,True,0,,,,,,,0,{},14,expanding,40,1965:Q3,,5,0.02
ar,pseudo,2022:Q4:pre_third:pseudo,2023-03-31,pre_third,DELTA_MT,DELTA_MT,2022:Q4,0.18579747220419573,,,not_available,0.21579999999999977,-0.030002527795804035,True,True,0,,,,,,,0,{},14,expanding,40,1965:Q3,,5,0.02
bridge,pseudo,2022:Q4:pre_third:pseudo,2023-03-31,pre_third,DELTA_MT,DELTA_MT,2022:Q4,2.210800184512409,,,not_available,0.21579999999999977,1.995000184512409,True,True,0,,,,,,,0,{},14,expanding,40,1965:Q3,,5,0.02
indicator_revision_only_dfm_kalman_em,pseudo,2022:Q4:pre_third:pseudo,2023-03-31,pre_third,DELTA_MT,DELTA_MT,2022:Q4,0.0,4.196901488176296,2.0486340542362114,model_implied_state_space,0.21579999999999977,-0.21579999999999977,True,True,42,-3482.0113982285125,-5526.483711965494,-3482.0113982285125,0.287880307420437,8.264587231833727e-05,42.0,0,{},14,expanding,40,1965:Q3,,5,0.02
joint_indicator_revision_dfm_full_kalman_em,pseudo,2022:Q4:pre_third:pseudo,2023-03-31,pre_third,DELTA_MT,DELTA_MT,2022:Q4,-0.000208133600140048,4.196640328382976,2.0485703132631246,model_implied_state_space,0.21579999999999977,-0.21600813360013982,True,True,45,-3454.7627024328667,-5535.880515304016,-3454.7627024328667,0.33591785889484527,9.719568096887446e-05,45.0,0,{},14,expanding,40,1965:Q3,,5,0.02
midas_umidas,pseudo,2022:Q4:pre_third:pseudo,2023-03-31,pre_third,DELTA_MT,DELTA_MT,2022:Q4,-6.87314636531337,,,not_available,0.21579999999999977,-7.08894636531337,True,True,0,,,,,,,0,{},14,expanding,40,1965:Q3,,5,0.02
monthly_mixed_frequency_kalman_em,pseudo,2022:Q4:pre_third:pseudo,2023-03-31,pre_third,DELTA_MT,DELTA_MT,2022:Q4,-0.007538631614735447,4.170979822171106,2.042297682065743,model_implied_state_space,0.21579999999999977,-0.22333863161473522,True,True,29,-6202.162562062283,-8253.039445087585,-6202.162562062283,0.580959924115632,9.364667028169025e-05,29.0,0,{},14,expanding,40,1965:Q3,,5,0.02
no_revision,pseudo,2022:Q4:pre_third:pseudo,2023-03-31,pre_third,DELTA_MT,DELTA_MT,2022:Q4,0.0,,,not_available,0.21579999999999977,-0.21579999999999977,True,True,0,,,,,,,0,{},14,expanding,40,1965:Q3,,5,0.02
release_dfm,pseudo,2022:Q4:pre_third:pseudo,2023-03-31,pre_third,DELTA_MT,DELTA_MT,2022:Q4,0.14715210987168081,,,not_available,0.21579999999999977,-0.06864789012831896,True,True,0,,,,,,,0,{},14,expanding,40,1965:Q3,,5,0.02
revision_dfm_kalman_em,pseudo,2022:Q4:pre_third:pseudo,2023-03-31,pre_third,DELTA_MT,DELTA_MT,2022:Q4,0.001894938814279712,4.181413950331335,2.0448505936452506,model_implied_state_space,0.21579999999999977,-0.21390506118572006,True,True,28,-1864.7703124047994,-3397.6535932797874,-1864.7703124047994,0.18299900305692063,9.807265912717206e-05,28.0,0,{},14,expanding,40,1965:Q3,,5,0.02
standard_dfm,pseudo,2022:Q4:pre_third:pseudo,2023-03-31,pre_third,DELTA_MT,DELTA_MT,2022:Q4,0.5618975759206966,,,not_available,0.21579999999999977,0.3460975759206968,True,True,0,,,,,,,0,{},14,expanding,40,1965:Q3,,5,0.02
ar,exact,2023:Q1:pre_advance:exact,2023-04-26,pre_advance,DELTA_SA,DELTA_SA,2023:Q1,0.08085476933679514,,,not_available,0.20989999999999998,-0.12904523066320484,True,True,0,,,,,,,0,{},14,expanding,40,1965:Q3,,5,0.02
bridge,exact,2023:Q1:pre_advance:exact,2023-04-26,pre_advance,DELTA_SA,DELTA_SA,2023:Q1,0.09188707340450097,,,not_available,0.20989999999999998,-0.118012926595499,True,True,0,,,,,,,0,{},14,expanding,40,1965:Q3,,5,0.02
indicator_revision_only_dfm_kalman_em,exact,2023:Q1:pre_advance:exact,2023-04-26,pre_advance,DELTA_SA,DELTA_SA,2023:Q1,0.0,0.4118000451877659,0.6417164834938915,model_implied_state_space,0.20989999999999998,-0.20989999999999998,True,False,50,-3551.261573989559,-5564.381764162834,-3551.261573989559,0.780403954958274,0.0002196438881956999,51.0,0,{},14,expanding,40,1965:Q3,,5,0.02
joint_indicator_revision_dfm_full_kalman_em,exact,2023:Q1:pre_advance:exact,2023-04-26,pre_advance,DELTA_SA,DELTA_SA,2023:Q1,-0.23385087473687882,0.371689798549637,0.6096636765870483,model_implied_state_space,0.20989999999999998,-0.4437508747368788,True,True,47,-3533.727932005051,-5573.954331866373,-3533.727932005051,0.32447592803418956,9.178815208114775e-05,47.0,0,{},14,expanding,40,1965:Q3,,5,0.02
midas_umidas,exact,2023:Q1:pre_advance:exact,2023-04-26,pre_advance,DELTA_SA,DELTA_SA,2023:Q1,1.0837724166581584,,,not_available,0.20989999999999998,0.8738724166581584,True,True,0,,,,,,,0,{},14,expanding,40,1965:Q3,,5,0.02
monthly_mixed_frequency_kalman_em,exact,2023:Q1:pre_advance:exact,2023-04-26,pre_advance,DELTA_SA,DELTA_SA,2023:Q1,0.1175064002511943,0.3715232630258569,0.6095270814540211,model_implied_state_space,0.20989999999999998,-0.09239359974880568,True,True,29,-6224.024916770509,-8302.954274077316,-6224.024916770509,0.6151875697478317,9.88151514442585e-05,29.0,0,{},14,expanding,40,1965:Q3,,5,0.02
no_revision,exact,2023:Q1:pre_advance:exact,2023-04-26,pre_advance,DELTA_SA,DELTA_SA,2023:Q1,0.0,,,not_available,0.20989999999999998,-0.20989999999999998,True,True,0,,,,,,,0,{},14,expanding,40,1965:Q3,,5,0.02
release_dfm,exact,2023:Q1:pre_advance:exact,2023-04-26,pre_advance,DELTA_SA,DELTA_SA,2023:Q1,0.09583988950882683,,,not_available,0.20989999999999998,-0.11406011049117315,True,True,0,,,,,,,0,{},14,expanding,40,1965:Q3,,5,0.02
revision_dfm_kalman_em,exact,2023:Q1:pre_advance:exact,2023-04-26,pre_advance,DELTA_SA,DELTA_SA,2023:Q1,0.03915671163546941,0.3933029540389068,0.6271387039873291,model_implied_state_space,0.20989999999999998,-0.17074328836453057,True,True,28,-1878.545073386703,-3417.9143619484635,-1878.545073386703,0.1803935820607876,9.596804705300365e-05,28.0,0,{},14,expanding,40,1965:Q3,,5,0.02
standard_dfm,exact,2023:Q1:pre_advance:exact,2023-04-26,pre_advance,DELTA_SA,DELTA_SA,2023:Q1,0.09583988950882683,,,not_available,0.20989999999999998,-0.11406011049117315,True,True,0,,,,,,,0,{},14,expanding,40,1965:Q3,,5,0.02
ar,pseudo,2023:Q1:pre_advance:pseudo,2023-04-30,pre_advance,DELTA_SA,DELTA_SA,2023:Q1,0.08085476933679514,,,not_available,0.20989999999999998,-0.12904523066320484,True,True,0,,,,,,,0,{},14,expanding,40,1965:Q3,,5,0.02
bridge,pseudo,2023:Q1:pre_advance:pseudo,2023-04-30,pre_advance,DELTA_SA,DELTA_SA,2023:Q1,0.09120156070385876,,,not_available,0.20989999999999998,-0.11869843929614121,True,True,0,,,,,,,0,{},14,expanding,40,1965:Q3,,5,0.02
indicator_revision_only_dfm_kalman_em,pseudo,2023:Q1:pre_advance:pseudo,2023-04-30,pre_advance,DELTA_SA,DELTA_SA,2023:Q1,0.0,0.41180010721838567,0.6417165318256852,model_implied_state_space,0.20989999999999998,-0.20989999999999998,True,False,50,-3551.257291371894,-5564.378589052399,-3551.257291371894,0.780146333519042,0.0002195716614860293,51.0,0,{},14,expanding,40,1965:Q3,,5,0.02
joint_indicator_revision_dfm_full_kalman_em,pseudo,2023:Q1:pre_advance:pseudo,2023-04-30,pre_advance,DELTA_SA,DELTA_SA,2023:Q1,-0.23362911637715467,0.3716903803589471,0.6096641537428186,model_implied_state_space,0.20989999999999998,-0.44352911637715464,True,True,47,-3533.7206602681017,-5573.951155811223,-3533.7206602681017,0.3228969247393252,9.13417103679865e-05,47.0,0,{},14,expanding,40,1965:Q3,,5,0.02
midas_umidas,pseudo,2023:Q1:pre_advance:pseudo,2023-04-30,pre_advance,DELTA_SA,DELTA_SA,2023:Q1,1.1390231982228016,,,not_available,0.20989999999999998,0.9291231982228016,True,True,0,,,,,,,0,{},14,expanding,40,1965:Q3,,5,0.02
monthly_mixed_frequency_kalman_em,pseudo,2023:Q1:pre_advance:pseudo,2023-04-30,pre_advance,DELTA_SA,DELTA_SA,2023:Q1,0.11751552716695657,0.3715214887919043,0.609525626033807,model_implied_state_space,0.20989999999999998,-0.09238447283304341,True,True,29,-6225.368100667333,-8304.312968336428,-6225.368100667333,0.6153657087306783,9.882244140416909e-05,29.0,0,{},14,expanding,40,1965:Q3,,5,0.02
no_revision,pseudo,2023:Q1:pre_advance:pseudo,2023-04-30,pre_advance,DELTA_SA,DELTA_SA,2023:Q1,0.0,,,not_available,0.20989999999999998,-0.20989999999999998,True,True,0,,,,,,,0,{},14,expanding,40,1965:Q3,,5,0.02
release_dfm,pseudo,2023:Q1:pre_advance:pseudo,2023-04-30,pre_advance,DELTA_SA,DELTA_SA,2023:Q1,0.09584182832387045,,,not_available,0.20989999999999998,-0.11405817167612953,True,True,0,,,,,,,0,{},14,expanding,40,1965:Q3,,5,0.02
revision_dfm_kalman_em,pseudo,2023:Q1:pre_advance:pseudo,2023-04-30,pre_advance,DELTA_SA,DELTA_SA,2023:Q1,0.0391630208545628,0.3933031805859475,0.6271388846068688,model_implied_state_space,0.20989999999999998,-0.17073697914543717,True,True,28,-1878.5440879510309,-3417.913434324374,-1878.5440879510309,0.18039865418631962,9.597079543934634e-05,28.0,0,{},14,expanding,40,1965:Q3,,5,0.02
standard_dfm,pseudo,2023:Q1:pre_advance:pseudo,2023-04-30,pre_advance,DELTA_SA,DELTA_SA,2023:Q1,0.09584182832387045,,,not_available,0.20989999999999998,-0.11405817167612953,True,True,0,,,,,,,0,{},14,expanding,40,1965:Q3,,5,0.02
ar,exact,2023:Q1:pre_second:exact,2023-05-24,pre_second,DELTA_TS,DELTA_TS,2023:Q1,0.060334311689323794,,,not_available,0.7302,-0.6698656883106762,True,True,0,,,,,,,0,{},14,expanding,40,1965:Q3,,5,0.02
bridge,exact,2023:Q1:pre_second:exact,2023-05-24,pre_second,DELTA_TS,DELTA_TS,2023:Q1,0.10628476839374001,,,not_available,0.7302,-0.62391523160626,True,True,0,,,,,,,0,{},14,expanding,40,1965:Q3,,5,0.02
indicator_revision_only_dfm_kalman_em,exact,2023:Q1:pre_second:exact,2023-05-24,pre_second,DELTA_TS,DELTA_TS,2023:Q1,0.0,0.14270740393991155,0.3777663351066523,model_implied_state_space,0.7302,-0.7302,True,False,50,-3549.953249116322,-5563.924500841503,-3549.953249116322,1.0809855564702957,0.00030432858611507003,51.0,0,{},14,expanding,40,1965:Q3,,5,0.02
joint_indicator_revision_dfm_full_kalman_em,exact,2023:Q1:pre_second:exact,2023-05-24,pre_second,DELTA_TS,DELTA_TS,2023:Q1,-0.0121390129001131,0.1400344738569551,0.37421180347091554,model_implied_state_space,0.7302,-0.7423390129001131,True,False,50,-3530.3744045401336,-5573.573249062076,-3530.3744045401336,0.3590855907750665,0.00010167403394919148,51.0,0,{},14,expanding,40,1965:Q3,,5,0.02
midas_umidas,exact,2023:Q1:pre_second:exact,2023-05-24,pre_second,DELTA_TS,DELTA_TS,2023:Q1,-0.22923290721575462,,,not_available,0.7302,-0.9594329072157546,True,True,0,,,,,,,0,{},14,expanding,40,1965:Q3,,5,0.02
monthly_mixed_frequency_kalman_em,exact,2023:Q1:pre_second:exact,2023-05-24,pre_second,DELTA_TS,DELTA_TS,2023:Q1,0.06619412396256474,0.14469364345064128,0.3803861767344356,model_implied_state_space,0.7302,-0.6640058760374352,True,True,29,-6237.524323283352,-8320.166253338773,-6237.524323283352,0.6144393485037654,9.848143660208904e-05,29.0,0,{},14,expanding,40,1965:Q3,,5,0.02
no_revision,exact,2023:Q1:pre_second:exact,2023-05-24,pre_second,DELTA_TS,DELTA_TS,2023:Q1,0.0,,,not_available,0.7302,-0.7302,True,True,0,,,,,,,0,{},14,expanding,40,1965:Q3,,5,0.02
release_dfm,exact,2023:Q1:pre_second:exact,2023-05-24,pre_second,DELTA_TS,DELTA_TS,2023:Q1,0.04371471795400317,,,not_available,0.7302,-0.6864852820459968,True,True,0,,,,,,,0,{},14,expanding,40,1965:Q3,,5,0.02
revision_dfm_kalman_em,exact,2023:Q1:pre_second:exact,2023-05-24,pre_second,DELTA_TS,DELTA_TS,2023:Q1,-0.0015658573166299483,0.1419071164478981,0.3767056097908526,model_implied_state_space,0.7302,-0.7317658573166299,True,True,25,-1876.188033551265,-3444.0011100720217,-1876.188033551265,0.16783682650566334,8.940064542578727e-05,25.0,0,{},14,expanding,40,1965:Q3,,5,0.02
standard_dfm,exact,2023:Q1:pre_second:exact,2023-05-24,pre_second,DELTA_TS,DELTA_TS,2023:Q1,0.06327677672515497,,,not_available,0.7302,-0.666923223274845,True,True,0,,,,,,,0,{},14,expanding,40,1965:Q3,,5,0.02
ar,pseudo,2023:Q1:pre_second:pseudo,2023-05-31,pre_second,DELTA_TS,DELTA_TS,2023:Q1,0.060334311689323794,,,not_available,0.7302,-0.6698656883106762,True,True,0,,,,,,,0,{},14,expanding,40,1965:Q3,,5,0.02
bridge,pseudo,2023:Q1:pre_second:pseudo,2023-05-31,pre_second,DELTA_TS,DELTA_TS,2023:Q1,0.09062261310107678,,,not_available,0.7302,-0.6395773868989232,True,True,0,,,,,,,0,{},14,expanding,40,1965:Q3,,5,0.02
indicator_revision_only_dfm_kalman_em,pseudo,2023:Q1:pre_second:pseudo,2023-05-31,pre_second,DELTA_TS,DELTA_TS,2023:Q1,0.0,0.14270867481785143,0.37776801719818925,model_implied_state_space,0.7302,-0.7302,True,False,50,-3550.486979873856,-5563.966870246922,-3550.486979873856,1.196220565096155,0.00033670904429315734,51.0,0,{},14,expanding,40,1965:Q3,,5,0.02
joint_indicator_revision_dfm_full_kalman_em,pseudo,2023:Q1:pre_second:pseudo,2023-05-31,pre_second,DELTA_TS,DELTA_TS,2023:Q1,-0.01237848100447625,0.14002980642570728,0.37420556706936803,model_implied_state_space,0.7302,-0.7425784810044762,True,False,50,-3530.7116760632257,-5573.6158570055895,-3530.7116760632257,0.4519440356934865,0.00012795104765866698,51.0,0,{},14,expanding,40,1965:Q3,,5,0.02
midas_umidas,pseudo,2023:Q1:pre_second:pseudo,2023-05-31,pre_second,DELTA_TS,DELTA_TS,2023:Q1,-0.2459288014052703,,,not_available,0.7302,-0.9761288014052703,True,True,0,,,,,,,0,{},14,expanding,40,1965:Q3,,5,0.02
monthly_mixed_frequency_kalman_em,pseudo,2023:Q1:pre_second:pseudo,2023-05-31,pre_second,DELTA_TS,DELTA_TS,2023:Q1,0.06619105301100392,0.14469256692651644,0.38038476169073393,model_implied_state_space,0.7302,-0.664008946988996,True,True,29,-6239.782735870956,-8322.810894062517,-6239.782735870956,0.613382612688838,9.827650753848645e-05,29.0,0,{},14,expanding,40,1965:Q3,,5,0.02
no_revision,pseudo,2023:Q1:pre_second:pseudo,2023-05-31,pre_second,DELTA_TS,DELTA_TS,2023:Q1,0.0,,,not_available,0.7302,-0.7302,True,True,0,,,,,,,0,{},14,expanding,40,1965:Q3,,5,0.02
release_dfm,pseudo,2023:Q1:pre_second:pseudo,2023-05-31,pre_second,DELTA_TS,DELTA_TS,2023:Q1,0.0438330668452771,,,not_available,0.7302,-0.6863669331547229,True,True,0,,,,,,,0,{},14,expanding,40,1965:Q3,,5,0.02
revision_dfm_kalman_em,pseudo,2023:Q1:pre_second:pseudo,2023-05-31,pre_second,DELTA_TS,DELTA_TS,2023:Q1,-0.0016795793135089276,0.14190800197695985,0.3767067851485554,model_implied_state_space,0.7302,-0.7318795793135089,True,True,25,-1876.0642056123145,-3443.987293982752,-1876.0642056123145,0.1677561057542789,8.936354652770038e-05,25.0,0,{},14,expanding,40,1965:Q3,,5,0.02
standard_dfm,pseudo,2023:Q1:pre_second:pseudo,2023-05-31,pre_second,DELTA_TS,DELTA_TS,2023:Q1,0.06307853719370549,,,not_available,0.7302,-0.6671214628062945,True,True,0,,,,,,,0,{},14,expanding,40,1965:Q3,,5,0.02
ar,exact,2023:Q1:pre_third:exact,2023-06-28,pre_third,DELTA_MT,DELTA_MT,2023:Q1,-2.3142388313830553,,,not_available,0.9250000000000003,-3.2392388313830556,True,True,0,,,,,,,0,{},14,expanding,40,1965:Q3,,5,0.02
bridge,exact,2023:Q1:pre_third:exact,2023-06-28,pre_third,DELTA_MT,DELTA_MT,2023:Q1,0.6424857130268693,,,not_available,0.9250000000000003,-0.28251428697313097,True,True,0,,,,,,,0,{},14,expanding,40,1965:Q3,,5,0.02
indicator_revision_only_dfm_kalman_em,exact,2023:Q1:pre_third:exact,2023-06-28,pre_third,DELTA_MT,DELTA_MT,2023:Q1,0.0,4.183797804749752,2.0454334026679413,model_implied_state_space,0.9250000000000003,-0.9250000000000003,True,False,50,-3548.599449563534,-5564.771889611603,-3548.599449563534,0.9827683274561423,0.00027679075350067425,51.0,0,{},14,expanding,40,1965:Q3,,5,0.02
joint_indicator_revision_dfm_full_kalman_em,exact,2023:Q1:pre_third:exact,2023-06-28,pre_third,DELTA_MT,DELTA_MT,2023:Q1,-0.003060319818718682,4.185351729413805,2.045813219581349,model_implied_state_space,0.9250000000000003,-0.928060319818719,True,True,50,-3529.9169875229027,-5574.396095757103,-3529.9169875229027,0.3352934857625769,9.495030631649003e-05,50.0,0,{},14,expanding,40,1965:Q3,,5,0.02
midas_umidas,exact,2023:Q1:pre_third:exact,2023-06-28,pre_third,DELTA_MT,DELTA_MT,2023:Q1,6.659354775908895,,,not_available,0.9250000000000003,5.734354775908894,True,True,0,,,,,,,0,{},14,expanding,40,1965:Q3,,5,0.02
monthly_mixed_frequency_kalman_em,exact,2023:Q1:pre_third:exact,2023-06-28,pre_third,DELTA_MT,DELTA_MT,2023:Q1,0.04477396477131368,4.151702988942597,2.0375728180711965,model_implied_state_space,0.9250000000000003,-0.8802260352286866,True,True,28,-6249.628086044323,-8312.439671527021,-6249.628086044323,0.6250941354346651,9.999501178685107e-05,28.0,0,{},14,expanding,40,1965:Q3,,5,0.02
no_revision,exact,2023:Q1:pre_third:exact,2023-06-28,pre_third,DELTA_MT,DELTA_MT,2023:Q1,0.0,,,not_available,0.9250000000000003,-0.9250000000000003,True,True,0,,,,,,,0,{},14,expanding,40,1965:Q3,,5,0.02
release_dfm,exact,2023:Q1:pre_third:exact,2023-06-28,pre_third,DELTA_MT,DELTA_MT,2023:Q1,0.36323293679098634,,,not_available,0.9250000000000003,-0.5617670632090139,True,True,0,,,,,,,0,{},14,expanding,40,1965:Q3,,5,0.02
revision_dfm_kalman_em,exact,2023:Q1:pre_third:exact,2023-06-28,pre_third,DELTA_MT,DELTA_MT,2023:Q1,0.0012958413361898735,4.155119783795388,2.0384110929337553,model_implied_state_space,0.9250000000000003,-0.9237041586638104,True,True,25,-1875.6297284181837,-3445.259018692364,-1875.6297284181837,0.1682407845646594,8.96424587650886e-05,25.0,0,{},14,expanding,40,1965:Q3,,5,0.02
standard_dfm,exact,2023:Q1:pre_third:exact,2023-06-28,pre_third,DELTA_MT,DELTA_MT,2023:Q1,0.5549418207923316,,,not_available,0.9250000000000003,-0.3700581792076687,True,True,0,,,,,,,0,{},14,expanding,40,1965:Q3,,5,0.02
ar,pseudo,2023:Q1:pre_third:pseudo,2023-06-30,pre_third,DELTA_MT,DELTA_MT,2023:Q1,-2.3142388313830553,,,not_available,0.9250000000000003,-3.2392388313830556,True,True,0,,,,,,,0,{},14,expanding,40,1965:Q3,,5,0.02
bridge,pseudo,2023:Q1:pre_third:pseudo,2023-06-30,pre_third,DELTA_MT,DELTA_MT,2023:Q1,0.5683660023551149,,,not_available,0.9250000000000003,-0.35663399764488535,True,True,0,,,,,,,0,{},14,expanding,40,1965:Q3,,5,0.02
indicator_revision_only_dfm_kalman_em,pseudo,2023:Q1:pre_third:pseudo,2023-06-30,pre_third,DELTA_MT,DELTA_MT,2023:Q1,0.0,4.183797138841248,2.045433239888618,model_implied_state_space,0.9250000000000003,-0.9250000000000003,True,False,50,-3548.5162896995294,-5564.7524920050555,-3548.5162896995294,0.9737384344675775,0.0002742546597094197,51.0,0,{},14,expanding,40,1965:Q3,,5,0.02
joint_indicator_revision_dfm_full_kalman_em,pseudo,2023:Q1:pre_third:pseudo,2023-06-30,pre_third,DELTA_MT,DELTA_MT,2023:Q1,-0.003040901630378068,4.185341243341744,2.0458106567670784,model_implied_state_space,0.9250000000000003,-0.9280409016303783,True,True,50,-3529.8476649848835,-5574.376651267579,-3529.8476649848835,0.3247274567252134,9.196023887711767e-05,50.0,0,{},14,expanding,40,1965:Q3,,5,0.02
midas_umidas,pseudo,2023:Q1:pre_third:pseudo,2023-06-30,pre_third,DELTA_MT,DELTA_MT,2023:Q1,6.6753451764031,,,not_available,0.9250000000000003,5.7503451764030995,True,True,0,,,,,,,0,{},14,expanding,40,1965:Q3,,5,0.02
monthly_mixed_frequency_kalman_em,pseudo,2023:Q1:pre_third:pseudo,2023-06-30,pre_third,DELTA_MT,DELTA_MT,2023:Q1,0.04362988191018413,4.151796487870174,2.0375957616441425,model_implied_state_space,0.9250000000000003,-0.8813701180898161,True,True,29,-6250.502758745002,-8313.780406769349,-6250.502758745002,0.5686461454006349,9.095323910661623e-05,29.0,0,{},14,expanding,40,1965:Q3,,5,0.02
no_revision,pseudo,2023:Q1:pre_third:pseudo,2023-06-30,pre_third,DELTA_MT,DELTA_MT,2023:Q1,0.0,,,not_available,0.9250000000000003,-0.9250000000000003,True,True,0,,,,,,,0,{},14,expanding,40,1965:Q3,,5,0.02
release_dfm,pseudo,2023:Q1:pre_third:pseudo,2023-06-30,pre_third,DELTA_MT,DELTA_MT,2023:Q1,0.37064239565788637,,,not_available,0.9250000000000003,-0.5543576043421139,True,True,0,,,,,,,0,{},14,expanding,40,1965:Q3,,5,0.02
revision_dfm_kalman_em,pseudo,2023:Q1:pre_third:pseudo,2023-06-30,pre_third,DELTA_MT,DELTA_MT,2023:Q1,0.0012824635885326785,4.155119113508893,2.0384109285197853,model_implied_state_space,0.9250000000000003,-0.9237175364114676,True,True,25,-1875.6246023072067,-3445.25635168527,-1875.6246023072067,0.16825329904645514,8.96493710234766e-05,25.0,0,{},14,expanding,40,1965:Q3,,5,0.02
standard_dfm,pseudo,2023:Q1:pre_third:pseudo,2023-06-30,pre_third,DELTA_MT,DELTA_MT,2023:Q1,0.5415657425799905,,,not_available,0.9250000000000003,-0.3834342574200098,True,True,0,,,,,,,0,{},14,expanding,40,1965:Q3,,5,0.02
ar,exact,2023:Q2:pre_advance:exact,2023-07-26,pre_advance,DELTA_SA,DELTA_SA,2023:Q2,0.07868614886831926,,,not_available,-0.3529,0.43158614886831925,True,True,0,,,,,,,0,{},14,expanding,40,1965:Q3,,5,0.02
bridge,exact,2023:Q2:pre_advance:exact,2023-07-26,pre_advance,DELTA_SA,DELTA_SA,2023:Q2,0.27884878288106485,,,not_available,-0.3529,0.6317487828810648,True,True,0,,,,,,,0,{},14,expanding,40,1965:Q3,,5,0.02
indicator_revision_only_dfm_kalman_em,exact,2023:Q2:pre_advance:exact,2023-07-26,pre_advance,DELTA_SA,DELTA_SA,2023:Q2,0.0,0.410486003162295,0.640691816056905,model_implied_state_space,-0.3529,0.3529,True,False,50,-3558.459552560324,-5606.205827843126,-3558.459552560324,0.8880285322002237,0.00024942186457192035,51.0,0,{},14,expanding,40,1965:Q3,,5,0.02
joint_indicator_revision_dfm_full_kalman_em,exact,2023:Q2:pre_advance:exact,2023-07-26,pre_advance,DELTA_SA,DELTA_SA,2023:Q2,0.4806149405860163,0.37189700409888893,0.6098335872177663,model_implied_state_space,-0.3529,0.8335149405860163,True,True,44,-3539.394141280394,-5617.007282657162,-3539.394141280394,0.2779911986863226,7.851367996948108e-05,44.0,0,{},14,expanding,40,1965:Q3,,5,0.02
midas_umidas,exact,2023:Q2:pre_advance:exact,2023-07-26,pre_advance,DELTA_SA,DELTA_SA,2023:Q2,1.5741506288232605,,,not_available,-0.3529,1.9270506288232605,True,True,0,,,,,,,0,{},14,expanding,40,1965:Q3,,5,0.02
monthly_mixed_frequency_kalman_em,exact,2023:Q2:pre_advance:exact,2023-07-26,pre_advance,DELTA_SA,DELTA_SA,2023:Q2,0.11801734518567475,0.36919749417297254,0.6076162392275016,model_implied_state_space,-0.3529,0.47091734518567474,True,True,28,-6242.887466637736,-8336.377463423803,-6242.887466637736,0.5975367835417273,9.569032245482921e-05,28.0,0,{},14,expanding,40,1965:Q3,,5,0.02
no_revision,exact,2023:Q2:pre_advance:exact,2023-07-26,pre_advance,DELTA_SA,DELTA_SA,2023:Q2,0.0,,,not_available,-0.3529,0.3529,True,True,0,,,,,,,0,{},14,expanding,40,1965:Q3,,5,0.02
release_dfm,exact,2023:Q2:pre_advance:exact,2023-07-26,pre_advance,DELTA_SA,DELTA_SA,2023:Q2,0.09672054327075985,,,not_available,-0.3529,0.44962054327075984,True,True,0,,,,,,,0,{},14,expanding,40,1965:Q3,,5,0.02
revision_dfm_kalman_em,exact,2023:Q2:pre_advance:exact,2023-07-26,pre_advance,DELTA_SA,DELTA_SA,2023:Q2,0.14353225647106038,0.3915955254028356,0.6257759386576282,model_implied_state_space,-0.3529,0.4964322564710604,True,True,29,-1867.8212541777775,-3443.5351317972586,-1867.8212541777775,0.17405607985574534,9.312815227543424e-05,29.0,0,{},14,expanding,40,1965:Q3,,5,0.02
standard_dfm,exact,2023:Q2:pre_advance:exact,2023-07-26,pre_advance,DELTA_SA,DELTA_SA,2023:Q2,0.09672054327075985,,,not_available,-0.3529,0.44962054327075984,True,True,0,,,,,,,0,{},14,expanding,40,1965:Q3,,5,0.02
ar,pseudo,2023:Q2:pre_advance:pseudo,2023-07-31,pre_advance,DELTA_SA,DELTA_SA,2023:Q2,0.07868614886831926,,,not_available,-0.3529,0.43158614886831925,True,True,0,,,,,,,0,{},14,expanding,40,1965:Q3,,5,0.02
bridge,pseudo,2023:Q2:pre_advance:pseudo,2023-07-31,pre_advance,DELTA_SA,DELTA_SA,2023:Q2,0.3007966564224216,,,not_available,-0.3529,0.6536966564224216,True,True,0,,,,,,,0,{},14,expanding,40,1965:Q3,,5,0.02
indicator_revision_only_dfm_kalman_em,pseudo,2023:Q2:pre_advance:pseudo,2023-07-31,pre_advance,DELTA_SA,DELTA_SA,2023:Q2,0.0,0.41050289032293197,0.6407049947697707,model_implied_state_space,-0.3529,0.3529,True,False,50,-3559.3341046930755,-5606.513102384974,-3559.3341046930755,0.9354809576925618,0.0002626818709433975,51.0,0,{},14,expanding,40,1965:Q3,,5,0.02
joint_indicator_revision_dfm_full_kalman_em,pseudo,2023:Q2:pre_advance:pseudo,2023-07-31,pre_advance,DELTA_SA,DELTA_SA,2023:Q2,0.4807397417087116,0.3722180416697203,0.6100967477947414,model_implied_state_space,-0.3529,0.8336397417087116,True,True,42,-3540.321347068383,-5617.314564505573,-3540.321347068383,0.338662639825543,9.562257215464475e-05,42.0,0,{},14,expanding,40,1965:Q3,,5,0.02
midas_umidas,pseudo,2023:Q2:pre_advance:pseudo,2023-07-31,pre_advance,DELTA_SA,DELTA_SA,2023:Q2,1.5415163911934835,,,not_available,-0.3529,1.8944163911934835,True,True,0,,,,,,,0,{},14,expanding,40,1965:Q3,,5,0.02
monthly_mixed_frequency_kalman_em,pseudo,2023:Q2:pre_advance:pseudo,2023-07-31,pre_advance,DELTA_SA,DELTA_SA,2023:Q2,0.11872414075579218,0.36920389474786397,0.6076215061597672,model_implied_state_space,-0.3529,0.4716241407557922,True,True,28,-6246.26129212147,-8339.204677727917,-6246.26129212147,0.5993356197122921,9.592653476474436e-05,28.0,0,{},14,expanding,40,1965:Q3,,5,0.02
no_revision,pseudo,2023:Q2:pre_advance:pseudo,2023-07-31,pre_advance,DELTA_SA,DELTA_SA,2023:Q2,0.0,,,not_available,-0.3529,0.3529,True,True,0,,,,,,,0,{},14,expanding,40,1965:Q3,,5,0.02
release_dfm,pseudo,2023:Q2:pre_advance:pseudo,2023-07-31,pre_advance,DELTA_SA,DELTA_SA,2023:Q2,0.0967589701553293,,,not_available,-0.3529,0.4496589701553293,True,True,0,,,,,,,0,{},14,expanding,40,1965:Q3,,5,0.02
revision_dfm_kalman_em,pseudo,2023:Q2:pre_advance:pseudo,2023-07-31,pre_advance,DELTA_SA,DELTA_SA,2023:Q2,0.14392360493344336,0.39164408883864166,0.6258147400298604,model_implied_state_space,-0.3529,0.49682360493344335,True,True,29,-1868.4454934056005,-3443.6499536624297,-1868.4454934056005,0.17482244625375642,9.350692478654531e-05,29.0,0,{},14,expanding,40,1965:Q3,,5,0.02
standard_dfm,pseudo,2023:Q2:pre_advance:pseudo,2023-07-31,pre_advance,DELTA_SA,DELTA_SA,2023:Q2,0.0967589701553293,,,not_available,-0.3529,0.4496589701553293,True,True,0,,,,,,,0,{},14,expanding,40,1965:Q3,,5,0.02
ar,exact,2023:Q2:pre_second:exact,2023-08-29,pre_second,DELTA_TS,DELTA_TS,2023:Q2,0.1087417862766018,,,not_available,0.0009000000000001229,0.10784178627660168,True,True,0,,,,,,,0,{},14,expanding,40,1965:Q3,,5,0.02
bridge,exact,2023:Q2:pre_second:exact,2023-08-29,pre_second,DELTA_TS,DELTA_TS,2023:Q2,0.1858629228869979,,,not_available,0.0009000000000001229,0.18496292288699778,True,True,0,,,,,,,0,{},14,expanding,40,1965:Q3,,5,0.02
indicator_revision_only_dfm_kalman_em,exact,2023:Q2:pre_second:exact,2023-08-29,pre_second,DELTA_TS,DELTA_TS,2023:Q2,0.0,0.14441147853241276,0.3800151030319884,model_implied_state_space,0.0009000000000001229,-0.0009000000000001229,True,False,50,-3559.5903751305405,-5607.775464646613,-3559.5903751305405,0.8662649457837688,0.00024323332650912302,51.0,0,{},14,expanding,40,1965:Q3,,5,0.02
joint_indicator_revision_dfm_full_kalman_em,exact,2023:Q2:pre_second:exact,2023-08-29,pre_second,DELTA_TS,DELTA_TS,2023:Q2,0.014093059721585366,0.14194217301182432,0.37675213736862107,model_implied_state_space,0.0009000000000001229,0.013193059721585243,True,True,42,-3540.818801698839,-5618.661469330305,-3540.818801698839,0.3490344861020276,9.85369700826915e-05,42.0,0,{},14,expanding,40,1965:Q3,,5,0.02
midas_umidas,exact,2023:Q2:pre_second:exact,2023-08-29,pre_second,DELTA_TS,DELTA_TS,2023:Q2,0.39898617216135746,,,not_available,0.0009000000000001229,0.39808617216135733,True,True,0,,,,,,,0,{},14,expanding,40,1965:Q3,,5,0.02
monthly_mixed_frequency_kalman_em,exact,2023:Q2:pre_second:exact,2023-08-29,pre_second,DELTA_TS,DELTA_TS,2023:Q2,0.04020581504320875,0.14614327297858143,0.3822868987796749,model_implied_state_space,0.0009000000000001229,0.039305815043208625,True,True,29,-6270.679786129267,-8392.850322523933,-6270.679786129267,0.595911205730772,9.500717673873398e-05,29.0,0,{},14,expanding,40,1965:Q3,,5,0.02
no_revision,exact,2023:Q2:pre_second:exact,2023-08-29,pre_second,DELTA_TS,DELTA_TS,2023:Q2,0.0,,,not_available,0.0009000000000001229,-0.0009000000000001229,True,True,0,,,,,,,0,{},14,expanding,40,1965:Q3,,5,0.02
release_dfm,exact,2023:Q2:pre_second:exact,2023-08-29,pre_second,DELTA_TS,DELTA_TS,2023:Q2,0.049634846150354406,,,not_available,0.0009000000000001229,0.04873484615035428,True,True,0,,,,,,,0,{},14,expanding,40,1965:Q3,,5,0.02
revision_dfm_kalman_em,exact,2023:Q2:pre_second:exact,2023-08-29,pre_second,DELTA_TS,DELTA_TS,2023:Q2,0.005027914933870559,0.14373003378333238,0.37911744062141534,model_implied_state_space,0.0009000000000001229,0.004127914933870436,True,True,24,-1869.1235407313018,-3471.93174596669,-1869.1235407313018,0.18176224074773017,9.718319274339699e-05,24.0,0,{},14,expanding,40,1965:Q3,,5,0.02
standard_dfm,exact,2023:Q2:pre_second:exact,2023-08-29,pre_second,DELTA_TS,DELTA_TS,2023:Q2,0.06930379867325742,,,not_available,0.0009000000000001229,0.0684037986732573,True,True,0,,,,,,,0,{},14,expanding,40,1965:Q3,,5,0.02
ar,pseudo,2023:Q2:pre_second:pseudo,2023-08-31,pre_second,DELTA_TS,DELTA_TS,2023:Q2,0.1087417862766018,,,not_available,0.0009000000000001229,0.10784178627660168,True,True,0,,,,,,,0,{},14,expanding,40,1965:Q3,,5,0.02
bridge,pseudo,2023:Q2:pre_second:pseudo,2023-08-31,pre_second,DELTA_TS,DELTA_TS,2023:Q2,0.18395537345362256,,,not_available,0.0009000000000001229,0.18305537345362244,True,True,0,,,,,,,0,{},14,expanding,40,1965:Q3,,5,0.02
indicator_revision_only_dfm_kalman_em,pseudo,2023:Q2:pre_second:pseudo,2023-08-31,pre_second,DELTA_TS,DELTA_TS,2023:Q2,0.0,0.1444114749708758,0.38001509834594177,model_implied_state_space,0.0009000000000001229,-0.0009000000000001229,True,False,50,-3559.59057330618,-5607.778120984393,-3559.59057330618,0.8662570716182927,0.00024323110257282,51.0,0,{},14,expanding,40,1965:Q3,,5,0.02
joint_indicator_revision_dfm_full_kalman_em,pseudo,2023:Q2:pre_second:pseudo,2023-08-31,pre_second,DELTA_TS,DELTA_TS,2023:Q2,0.014093634258721899,0.14194217297378575,0.37675213731813884,model_implied_state_space,0.0009000000000001229,0.013193634258721776,True,True,42,-3540.818529970541,-5618.664125977593,-3540.818529970541,0.34887559585649797,9.849212527568619e-05,42.0,0,{},14,expanding,40,1965:Q3,,5,0.02
midas_umidas,pseudo,2023:Q2:pre_second:pseudo,2023-08-31,pre_second,DELTA_TS,DELTA_TS,2023:Q2,0.4168881480077147,,,not_available,0.0009000000000001229,0.41598814800771455,True,True,0,,,,,,,0,{},14,expanding,40,1965:Q3,,5,0.02
monthly_mixed_frequency_kalman_em,pseudo,2023:Q2:pre_second:pseudo,2023-08-31,pre_second,DELTA_TS,DELTA_TS,2023:Q2,0.04019165587073514,0.14614447084260418,0.38228846548464446,model_implied_state_space,0.0009000000000001229,0.03929165587073502,True,True,29,-6272.106674034055,-8394.186911469053,-6272.106674034055,0.5963899458820379,9.506187012677925e-05,29.0,0,{},14,expanding,40,1965:Q3,,5,0.02
no_revision,pseudo,2023:Q2:pre_second:pseudo,2023-08-31,pre_second,DELTA_TS,DELTA_TS,2023:Q2,0.0,,,not_available,0.0009000000000001229,-0.0009000000000001229,True,True,0,,,,,,,0,{},14,expanding,40,1965:Q3,,5,0.02
release_dfm,pseudo,2023:Q2:pre_second:pseudo,2023-08-31,pre_second,DELTA_TS,DELTA_TS,2023:Q2,0.04965074043656559,,,not_available,0.0009000000000001229,0.048750740436565465,True,True,0,,,,,,,0,{},14,expanding,40,1965:Q3,,5,0.02
revision_dfm_kalman_em,pseudo,2023:Q2:pre_second:pseudo,2023-08-31,pre_second,DELTA_TS,DELTA_TS,2023:Q2,0.00503258917948024,0.14373004712537518,0.37911745821760195,model_implied_state_space,0.0009000000000001229,0.004132589179480117,True,True,24,-1869.1223865534707,-3471.932701110689,-1869.1223865534707,0.18176160911252737,9.718291503074133e-05,24.0,0,{},14,expanding,40,1965:Q3,,5,0.02
standard_dfm,pseudo,2023:Q2:pre_second:pseudo,2023-08-31,pre_second,DELTA_TS,DELTA_TS,2023:Q2,0.06928061279141673,,,not_available,0.0009000000000001229,0.0683806127914166,True,True,0,,,,,,,0,{},14,expanding,40,1965:Q3,,5,0.02
ar,exact,2023:Q2:pre_third:exact,2023-09-27,pre_third,DELTA_MT,DELTA_MT,2023:Q2,-12.594883125101848,,,not_available,0.4737,-13.06858312510185,True,True,0,,,,,,,0,{},14,expanding,40,1965:Q3,,5,0.02
bridge,exact,2023:Q2:pre_third:exact,2023-09-27,pre_third,DELTA_MT,DELTA_MT,2023:Q2,0.015203039871560353,,,not_available,0.4737,-0.45849696012843966,True,True,0,,,,,,,0,{},14,expanding,40,1965:Q3,,5,0.02
indicator_revision_only_dfm_kalman_em,exact,2023:Q2:pre_third:exact,2023-09-27,pre_third,DELTA_MT,DELTA_MT,2023:Q2,0.0,4.195642351058021,2.0483267198027812,model_implied_state_space,0.4737,-0.4737,True,True,21,-3620.5892193419236,-5630.370959751651,-3620.5892193419236,0.3528433697715627,9.741828103881762e-05,21.0,0,{},14,expanding,40,1965:Q3,,5,0.02
joint_indicator_revision_dfm_full_kalman_em,exact,2023:Q2:pre_third:exact,2023-09-27,pre_third,DELTA_MT,DELTA_MT,2023:Q2,-0.0016425258645411667,4.20007124422983,2.049407534930481,model_implied_state_space,0.4737,-0.4753425258645412,True,True,25,-3584.3015390479877,-5644.086917354472,-3584.3015390479877,0.3366808599498654,9.389705243562186e-05,25.0,0,{},14,expanding,40,1965:Q3,,5,0.02
midas_umidas,exact,2023:Q2:pre_third:exact,2023-09-27,pre_third,DELTA_MT,DELTA_MT,2023:Q2,-0.44608417218794516,,,not_available,0.4737,-0.9197841721879452,True,True,0,,,,,,,0,{},14,expanding,40,1965:Q3,,5,0.02
monthly_mixed_frequency_kalman_em,exact,2023:Q2:pre_third:exact,2023-09-27,pre_third,DELTA_MT,DELTA_MT,2023:Q2,-0.01898640572759147,4.1777836100073555,2.04396272226461,model_implied_state_space,0.4737,-0.4926864057275915,True,True,29,-6284.847682590604,-8413.02125565041,-6284.847682590604,0.5911701471686683,9.403895607943614e-05,29.0,0,{},14,expanding,40,1965:Q3,,5,0.02
no_revision,exact,2023:Q2:pre_third:exact,2023-09-27,pre_third,DELTA_MT,DELTA_MT,2023:Q2,0.0,,,not_available,0.4737,-0.4737,True,True,0,,,,,,,0,{},14,expanding,40,1965:Q3,,5,0.02
release_dfm,exact,2023:Q2:pre_third:exact,2023-09-27,pre_third,DELTA_MT,DELTA_MT,2023:Q2,0.43332994344622433,,,not_available,0.4737,-0.04037005655377568,True,True,0,,,,,,,0,{},14,expanding,40,1965:Q3,,5,0.02
revision_dfm_kalman_em,exact,2023:Q2:pre_third:exact,2023-09-27,pre_third,DELTA_MT,DELTA_MT,2023:Q2,-0.002701462280403799,4.208478037505178,2.051457539776336,model_implied_state_space,0.4737,-0.4764014622804038,True,True,29,-1868.7336961776361,-3446.2718717013367,-1868.7336961776361,0.17553540962148872,9.387375956879302e-05,29.0,0,{},14,expanding,40,1965:Q3,,5,0.02
standard_dfm,exact,2023:Q2:pre_third:exact,2023-09-27,pre_third,DELTA_MT,DELTA_MT,2023:Q2,0.21354279262723797,,,not_available,0.4737,-0.26015720737276204,True,True,0,,,,,,,0,{},14,expanding,40,1965:Q3,,5,0.02
ar,pseudo,2023:Q2:pre_third:pseudo,2023-09-30,pre_third,DELTA_MT,DELTA_MT,2023:Q2,-12.594883125101848,,,not_available,0.4737,-13.06858312510185,True,True,0,,,,,,,0,{},14,expanding,40,1965:Q3,,5,0.02
bridge,pseudo,2023:Q2:pre_third:pseudo,2023-09-30,pre_third,DELTA_MT,DELTA_MT,2023:Q2,-0.003315057227022411,,,not_available,0.4737,-0.4770150572270224,True,True,0,,,,,,,0,{},14,expanding,40,1965:Q3,,5,0.02
indicator_revision_only_dfm_kalman_em,pseudo,2023:Q2:pre_third:pseudo,2023-09-30,pre_third,DELTA_MT,DELTA_MT,2023:Q2,0.0,4.197941028149609,2.0488877539166483,model_implied_state_space,0.4737,-0.4737,True,True,22,-3619.2795418338624,-5630.454043461731,-3619.2795418338624,0.33030533684132024,9.122919916362562e-05,22.0,0,{},14,expanding,40,1965:Q3,,5,0.02
joint_indicator_revision_dfm_full_kalman_em,pseudo,2023:Q2:pre_third:pseudo,2023-09-30,pre_third,DELTA_MT,DELTA_MT,2023:Q2,-0.0014761329399402001,4.202293310138129,2.0499495872187024,model_implied_state_space,0.4737,-0.4751761329399402,True,True,26,-3582.925377581105,-5644.1727162762545,-3582.925377581105,0.32921426268330833,9.185013347892683e-05,26.0,0,{},14,expanding,40,1965:Q3,,5,0.02
midas_umidas,pseudo,2023:Q2:pre_third:pseudo,2023-09-30,pre_third,DELTA_MT,DELTA_MT,2023:Q2,-0.26980871969739306,,,not_available,0.4737,-0.7435087196973931,True,True,0,,,,,,,0,{},14,expanding,40,1965:Q3,,5,0.02
monthly_mixed_frequency_kalman_em,pseudo,2023:Q2:pre_third:pseudo,2023-09-30,pre_third,DELTA_MT,DELTA_MT,2023:Q2,-0.019170922285835612,4.1778078627629025,2.043968655034343,model_implied_state_space,0.4737,-0.4928709222858356,True,True,29,-6284.139096953304,-8413.22599140101,-6284.139096953304,0.5945635219177348,9.458935965683024e-05,29.0,0,{},14,expanding,40,1965:Q3,,5,0.02
no_revision,pseudo,2023:Q2:pre_third:pseudo,2023-09-30,pre_third,DELTA_MT,DELTA_MT,2023:Q2,0.0,,,not_available,0.4737,-0.4737,True,True,0,,,,,,,0,{},14,expanding,40,1965:Q3,,5,0.02
release_dfm,pseudo,2023:Q2:pre_third:pseudo,2023-09-30,pre_third,DELTA_MT,DELTA_MT,2023:Q2,0.4363691134143295,,,not_available,0.4737,-0.03733088658567052,True,True,0,,,,,,,0,{},14,expanding,40,1965:Q3,,5,0.02
revision_dfm_kalman_em,pseudo,2023:Q2:pre_third:pseudo,2023-09-30,pre_third,DELTA_MT,DELTA_MT,2023:Q2,-0.0026579378975890577,4.208460996997059,2.0514533865035927,model_implied_state_space,0.4737,-0.47635793789758907,True,True,29,-1868.0234010128265,-3446.1402104209337,-1868.0234010128265,0.1760044048371583,9.416031501349154e-05,29.0,0,{},14,expanding,40,1965:Q3,,5,0.02
standard_dfm,pseudo,2023:Q2:pre_third:pseudo,2023-09-30,pre_third,DELTA_MT,DELTA_MT,2023:Q2,0.21334578823112338,,,not_available,0.4737,-0.26035421176887663,True,True,0,,,,,,,0,{},14,expanding,40,1965:Q3,,5,0.02
ar,exact,2023:Q3:pre_advance:exact,2023-10-25,pre_advance,DELTA_SA,DELTA_SA,2023:Q3,0.06560092399048179,,,not_available,0.2763,-0.2106990760095182,True,True,0,,,,,,,0,{},14,expanding,40,1965:Q3,,5,0.02
bridge,exact,2023:Q3:pre_advance:exact,2023-10-25,pre_advance,DELTA_SA,DELTA_SA,2023:Q3,0.0051377245181201125,,,not_available,0.2763,-0.2711622754818799,True,True,0,,,,,,,0,{},14,expanding,40,1965:Q3,,5,0.02
indicator_revision_only_dfm_kalman_em,exact,2023:Q3:pre_advance:exact,2023-10-25,pre_advance,DELTA_SA,DELTA_SA,2023:Q3,0.0,0.41028083818045236,0.6405316839785932,model_implied_state_space,0.2763,-0.2763,True,True,43,-3523.364038261966,-5645.599443050866,-3523.364038261966,0.34114764232344896,9.678756784758581e-05,43.0,0,{},14,expanding,40,1965:Q3,,5,0.02
joint_indicator_revision_dfm_full_kalman_em,exact,2023:Q3:pre_advance:exact,2023-10-25,pre_advance,DELTA_SA,DELTA_SA,2023:Q3,0.06787077063115254,0.36603824809588303,0.6050109487405025,model_implied_state_space,0.2763,-0.20842922936884745,True,True,45,-3496.161763847501,-5657.73913036734,-3496.161763847501,0.3303631806697922,9.445716206672429e-05,45.0,0,{},14,expanding,40,1965:Q3,,5,0.02
midas_umidas,exact,2023:Q3:pre_advance:exact,2023-10-25,pre_advance,DELTA_SA,DELTA_SA,2023:Q3,0.7996292377059344,,,not_available,0.2763,0.5233292377059344,True,True,0,,,,,,,0,{},14,expanding,40,1965:Q3,,5,0.02
monthly_mixed_frequency_kalman_em,exact,2023:Q3:pre_advance:exact,2023-10-25,pre_advance,DELTA_SA,DELTA_SA,2023:Q3,0.1421757883877004,0.36704442221225975,0.6058419118980295,model_implied_state_space,0.2763,-0.1341242116122996,True,True,28,-6271.232872160944,-8434.48163553542,-6271.232872160944,0.6123506651765638,9.761928493760602e-05,28.0,0,{},14,expanding,40,1965:Q3,,5,0.02
no_revision,exact,2023:Q3:pre_advance:exact,2023-10-25,pre_advance,DELTA_SA,DELTA_SA,2023:Q3,0.0,,,not_available,0.2763,-0.2763,True,True,0,,,,,,,0,{},14,expanding,40,1965:Q3,,5,0.02
release_dfm,exact,2023:Q3:pre_advance:exact,2023-10-25,pre_advance,DELTA_SA,DELTA_SA,2023:Q3,0.0944582262371978,,,not_available,0.2763,-0.1818417737628022,True,True,0,,,,,,,0,{},14,expanding,40,1965:Q3,,5,0.02
revision_dfm_kalman_em,exact,2023:Q3:pre_advance:exact,2023-10-25,pre_advance,DELTA_SA,DELTA_SA,2023:Q3,0.14853399179310411,0.39043779462865125,0.6248502177551443,model_implied_state_space,0.2763,-0.12776600820689588,True,True,24,-1855.8119626020384,-3498.655427642512,-1855.8119626020384,0.18047392205380675,9.71861373822377e-05,24.0,0,{},14,expanding,40,1965:Q3,,5,0.02
standard_dfm,exact,2023:Q3:pre_advance:exact,2023-10-25,pre_advance,DELTA_SA,DELTA_SA,2023:Q3,0.0944582262371978,,,not_available,0.2763,-0.1818417737628022,True,True,0,,,,,,,0,{},14,expanding,40,1965:Q3,,5,0.02
ar,pseudo,2023:Q3:pre_advance:pseudo,2023-10-31,pre_advance,DELTA_SA,DELTA_SA,2023:Q3,0.06560092399048179,,,not_available,0.2763,-0.2106990760095182,True,True,0,,,,,,,0,{},14,expanding,40,1965:Q3,,5,0.02
bridge,pseudo,2023:Q3:pre_advance:pseudo,2023-10-31,pre_advance,DELTA_SA,DELTA_SA,2023:Q3,0.023480044784462972,,,not_available,0.2763,-0.252819955215537,True,True,0,,,,,,,0,{},14,expanding,40,1965:Q3,,5,0.02
indicator_revision_only_dfm_kalman_em,pseudo,2023:Q3:pre_advance:pseudo,2023-10-31,pre_advance,DELTA_SA,DELTA_SA,2023:Q3,0.0,0.4102753748707286,0.6405274192965736,model_implied_state_space,0.2763,-0.2763,True,True,43,-3523.2564708042055,-5645.2538639528,-3523.2564708042055,0.32123284036742916,9.114080249536274e-05,43.0,0,{},14,expanding,40,1965:Q3,,5,0.02
joint_indicator_revision_dfm_full_kalman_em,pseudo,2023:Q3:pre_advance:pseudo,2023-10-31,pre_advance,DELTA_SA,DELTA_SA,2023:Q3,0.09044206969729407,0.3662796261064143,0.6052103982140544,model_implied_state_space,0.2763,-0.18585793030270592,True,True,45,-3495.9554762064386,-5657.39376407834,-3495.9554762064386,0.29162619842372806,8.33873586522362e-05,45.0,0,{},14,expanding,40,1965:Q3,,5,0.02
midas_umidas,pseudo,2023:Q3:pre_advance:pseudo,2023-10-31,pre_advance,DELTA_SA,DELTA_SA,2023:Q3,0.7289282085093944,,,not_available,0.2763,0.45262820850939445,True,True,0,,,,,,,0,{},14,expanding,40,1965:Q3,,5,0.02
monthly_mixed_frequency_kalman_em,pseudo,2023:Q3:pre_advance:pseudo,2023-10-31,pre_advance,DELTA_SA,DELTA_SA,2023:Q3,0.14247483677092454,0.3670428465767017,0.6058406115280666,model_implied_state_space,0.2763,-0.13382516322907545,True,True,28,-6273.936043005521,-8437.211857189966,-6273.936043005521,0.6123666530402261,9.757978316249553e-05,28.0,0,{},14,expanding,40,1965:Q3,,5,0.02
no_revision,pseudo,2023:Q3:pre_advance:pseudo,2023-10-31,pre_advance,DELTA_SA,DELTA_SA,2023:Q3,0.0,,,not_available,0.2763,-0.2763,True,True,0,,,,,,,0,{},14,expanding,40,1965:Q3,,5,0.02
release_dfm,pseudo,2023:Q3:pre_advance:pseudo,2023-10-31,pre_advance,DELTA_SA,DELTA_SA,2023:Q3,0.09446093418237966,,,not_available,0.2763,-0.18183906581762033,True,True,0,,,,,,,0,{},14,expanding,40,1965:Q3,,5,0.02
revision_dfm_kalman_em,pseudo,2023:Q3:pre_advance:pseudo,2023-10-31,pre_advance,DELTA_SA,DELTA_SA,2023:Q3,0.1488483684425268,0.3904238400077471,0.624839051282606,model_implied_state_space,0.2763,-0.1274516315574732,True,True,24,-1855.5218959798608,-3498.602686053055,-1855.5218959798608,0.18031972275525732,9.71182784348757e-05,24.0,0,{},14,expanding,40,1965:Q3,,5,0.02
standard_dfm,pseudo,2023:Q3:pre_advance:pseudo,2023-10-31,pre_advance,DELTA_SA,DELTA_SA,2023:Q3,0.09446093418237966,,,not_available,0.2763,-0.18183906581762033,True,True,0,,,,,,,0,{},14,expanding,40,1965:Q3,,5,0.02
ar,exact,2023:Q3:pre_second:exact,2023-11-28,pre_second,DELTA_TS,DELTA_TS,2023:Q3,0.0694852593005626,,,not_available,-0.2930999999999999,0.3625852593005625,True,True,0,,,,,,,0,{},14,expanding,40,1965:Q3,,5,0.02
bridge,exact,2023:Q3:pre_second:exact,2023-11-28,pre_second,DELTA_TS,DELTA_TS,2023:Q3,0.17613056360322332,,,not_available,-0.2930999999999999,0.46923056360322324,True,True,0,,,,,,,0,{},14,expanding,40,1965:Q3,,5,0.02
indicator_revision_only_dfm_kalman_em,exact,2023:Q3:pre_second:exact,2023-11-28,pre_second,DELTA_TS,DELTA_TS,2023:Q3,0.0,0.14417818348625366,0.37970802399508713,model_implied_state_space,-0.2930999999999999,0.2930999999999999,True,True,43,-3524.713736934449,-5646.50250382348,-3524.713736934449,0.34927254192234614,9.9054537875151e-05,43.0,0,{},14,expanding,40,1965:Q3,,5,0.02
joint_indicator_revision_dfm_full_kalman_em,exact,2023:Q3:pre_second:exact,2023-11-28,pre_second,DELTA_TS,DELTA_TS,2023:Q3,0.012299383565041566,0.14112444982209016,0.3756653428546346,model_implied_state_space,-0.2930999999999999,0.3053993835650415,True,True,46,-3497.6902967535357,-5658.715370730321,-3497.6902967535357,0.3077319162321146,8.794858234004396e-05,46.0,0,{},14,expanding,40,1965:Q3,,5,0.02
midas_umidas,exact,2023:Q3:pre_second:exact,2023-11-28,pre_second,DELTA_TS,DELTA_TS,2023:Q3,-0.06511697215331758,,,not_available,-0.2930999999999999,0.22798302784668234,True,True,0,,,,,,,0,{},14,expanding,40,1965:Q3,,5,0.02
monthly_mixed_frequency_kalman_em,exact,2023:Q3:pre_second:exact,2023-11-28,pre_second,DELTA_TS,DELTA_TS,2023:Q3,0.06889392824737861,0.14606843060210495,0.3821889985362019,model_implied_state_space,-0.2930999999999999,0.3619939282473785,True,True,28,-6291.491351685551,-8456.424228187041,-6291.491351685551,0.6106352707283804,9.703247651063735e-05,28.0,0,{},14,expanding,40,1965:Q3,,5,0.02
no_revision,exact,2023:Q3:pre_second:exact,2023-11-28,pre_second,DELTA_TS,DELTA_TS,2023:Q3,0.0,,,not_available,-0.2930999999999999,0.2930999999999999,True,True,0,,,,,,,0,{},14,expanding,40,1965:Q3,,5,0.02
release_dfm,exact,2023:Q3:pre_second:exact,2023-11-28,pre_second,DELTA_TS,DELTA_TS,2023:Q3,0.05893570486073063,,,not_available,-0.2930999999999999,0.35203570486073055,True,True,0,,,,,,,0,{},14,expanding,40,1965:Q3,,5,0.02
revision_dfm_kalman_em,exact,2023:Q3:pre_second:exact,2023-11-28,pre_second,DELTA_TS,DELTA_TS,2023:Q3,0.011204295861621638,0.142115833735029,0.37698253770569934,model_implied_state_space,-0.2930999999999999,0.30430429586162155,True,True,31,-1856.5660869204876,-3467.944261134479,-1856.5660869204876,0.1645271038980809,8.856348851444466e-05,31.0,0,{},14,expanding,40,1965:Q3,,5,0.02
standard_dfm,exact,2023:Q3:pre_second:exact,2023-11-28,pre_second,DELTA_TS,DELTA_TS,2023:Q3,0.06737331219501241,,,not_available,-0.2930999999999999,0.36047331219501233,True,True,0,,,,,,,0,{},14,expanding,40,1965:Q3,,5,0.02
ar,pseudo,2023:Q3:pre_second:pseudo,2023-11-30,pre_second,DELTA_TS,DELTA_TS,2023:Q3,0.0694852593005626,,,not_available,-0.2930999999999999,0.3625852593005625,True,True,0,,,,,,,0,{},14,expanding,40,1965:Q3,,5,0.02
bridge,pseudo,2023:Q3:pre_second:pseudo,2023-11-30,pre_second,DELTA_TS,DELTA_TS,2023:Q3,0.18669342832624602,,,not_available,-0.2930999999999999,0.47979342832624594,True,True,0,,,,,,,0,{},14,expanding,40,1965:Q3,,5,0.02
indicator_revision_only_dfm_kalman_em,pseudo,2023:Q3:pre_second:pseudo,2023-11-30,pre_second,DELTA_TS,DELTA_TS,2023:Q3,0.0,0.14417820601018627,0.37970805365462856,model_implied_state_space,-0.2930999999999999,0.2930999999999999,True,True,43,-3524.719411545778,-5646.507929482656,-3524.719411545778,0.3489235225142693,9.895540566927538e-05,43.0,0,{},14,expanding,40,1965:Q3,,5,0.02
joint_indicator_revision_dfm_full_kalman_em,pseudo,2023:Q3:pre_second:pseudo,2023-11-30,pre_second,DELTA_TS,DELTA_TS,2023:Q3,0.012296709037771691,0.14112446422729208,0.3756653620275525,model_implied_state_space,-0.2930999999999999,0.3053967090377716,True,True,46,-3497.693578721541,-5658.720759774,-3497.693578721541,0.3068825477193968,8.77057751538779e-05,46.0,0,{},14,expanding,40,1965:Q3,,5,0.02
midas_umidas,pseudo,2023:Q3:pre_second:pseudo,2023-11-30,pre_second,DELTA_TS,DELTA_TS,2023:Q3,-0.0582825664905009,,,not_available,-0.2930999999999999,0.23481743350949902,True,True,0,,,,,,,0,{},14,expanding,40,1965:Q3,,5,0.02
monthly_mixed_frequency_kalman_em,pseudo,2023:Q3:pre_second:pseudo,2023-11-30,pre_second,DELTA_TS,DELTA_TS,2023:Q3,0.06899474513836346,0.14607038519437776,0.38219155562934376,model_implied_state_space,-0.2930999999999999,0.36209474513836337,True,True,28,-6292.942281210414,-8457.769307520315,-6292.942281210414,0.6113785419856868,9.712818017500795e-05,28.0,0,{},14,expanding,40,1965:Q3,,5,0.02
no_revision,pseudo,2023:Q3:pre_second:pseudo,2023-11-30,pre_second,DELTA_TS,DELTA_TS,2023:Q3,0.0,,,not_available,-0.2930999999999999,0.2930999999999999,True,True,0,,,,,,,0,{},14,expanding,40,1965:Q3,,5,0.02
release_dfm,pseudo,2023:Q3:pre_second:pseudo,2023-11-30,pre_second,DELTA_TS,DELTA_TS,2023:Q3,0.05885749098096671,,,not_available,-0.2930999999999999,0.3519574909809666,True,True,0,,,,,,,0,{},14,expanding,40,1965:Q3,,5,0.02
revision_dfm_kalman_em,pseudo,2023:Q3:pre_second:pseudo,2023-11-30,pre_second,DELTA_TS,DELTA_TS,2023:Q3,0.011158940273519491,0.14211603757009916,0.3769828080564141,model_implied_state_space,-0.2930999999999999,0.3042589402735194,True,True,31,-1856.5508298548766,-3467.948611839812,-1856.5508298548766,0.16450624660137692,8.855298947286654e-05,31.0,0,{},14,expanding,40,1965:Q3,,5,0.02
standard_dfm,pseudo,2023:Q3:pre_second:pseudo,2023-11-30,pre_second,DELTA_TS,DELTA_TS,2023:Q3,0.06750301311896578,,,not_available,-0.2930999999999999,0.3606030131189657,True,True,0,,,,,,,0,{},14,expanding,40,1965:Q3,,5,0.02
ar,exact,2023:Q3:pre_third:exact,2023-12-20,pre_third,DELTA_MT,DELTA_MT,2023:Q3,0.15897887578753123,,,not_available,-0.16579999999999995,0.3247788757875312,True,True,0,,,,,,,0,{},14,expanding,40,1965:Q3,,5,0.02
bridge,exact,2023:Q3:pre_third:exact,2023-12-20,pre_third,DELTA_MT,DELTA_MT,2023:Q3,0.2131344425929731,,,not_available,-0.16579999999999995,0.37893444259297304,True,True,0,,,,,,,0,{},14,expanding,40,1965:Q3,,5,0.02
indicator_revision_only_dfm_kalman_em,exact,2023:Q3:pre_third:exact,2023-12-20,pre_third,DELTA_MT,DELTA_MT,2023:Q3,0.0,4.193205132194797,2.0477317041533536,model_implied_state_space,-0.16579999999999995,0.16579999999999995,True,True,22,-3623.7436822112804,-5674.501736835672,-3623.7436822112804,0.36056746922668026,9.946402762305617e-05,22.0,0,{},14,expanding,40,1965:Q3,,5,0.02
joint_indicator_revision_dfm_full_kalman_em,exact,2023:Q3:pre_third:exact,2023-12-20,pre_third,DELTA_MT,DELTA_MT,2023:Q3,0.008113971782961471,4.1969617137777355,2.048648753148703,model_implied_state_space,-0.16579999999999995,0.17391397178296142,True,True,26,-3587.0224231848824,-5689.457828333186,-3587.0224231848824,0.35562319774317075,9.910416158678365e-05,26.0,0,{},14,expanding,40,1965:Q3,,5,0.02
midas_umidas,exact,2023:Q3:pre_third:exact,2023-12-20,pre_third,DELTA_MT,DELTA_MT,2023:Q3,3.141891010564092,,,not_available,-0.16579999999999995,3.307691010564092,True,True,0,,,,,,,0,{},14,expanding,40,1965:Q3,,5,0.02
monthly_mixed_frequency_kalman_em,exact,2023:Q3:pre_third:exact,2023-12-20,pre_third,DELTA_MT,DELTA_MT,2023:Q3,0.10559751953658214,4.167240160480201,2.041381924207276,model_implied_state_space,-0.16579999999999995,0.2713975195365821,True,True,28,-6306.918384741928,-8475.495049639872,-6306.918384741928,0.6137044809738654,9.728166113671347e-05,28.0,0,{},14,expanding,40,1965:Q3,,5,0.02
no_revision,exact,2023:Q3:pre_third:exact,2023-12-20,pre_third,DELTA_MT,DELTA_MT,2023:Q3,0.0,,,not_available,-0.16579999999999995,0.16579999999999995,True,True,0,,,,,,,0,{},14,expanding,40,1965:Q3,,5,0.02
release_dfm,exact,2023:Q3:pre_third:exact,2023-12-20,pre_third,DELTA_MT,DELTA_MT,2023:Q3,-0.2113366753491981,,,not_available,-0.16579999999999995,-0.04553667534919814,True,True,0,,,,,,,0,{},14,expanding,40,1965:Q3,,5,0.02
revision_dfm_kalman_em,exact,2023:Q3:pre_third:exact,2023-12-20,pre_third,DELTA_MT,DELTA_MT,2023:Q3,0.007836282787859972,4.192156288820586,2.047475589310062,model_implied_state_space,-0.16579999999999995,0.17363628278785992,True,True,24,-1855.8936836106275,-3501.2466592423116,-1855.8936836106275,0.18026724659148385,9.707058058095808e-05,24.0,0,{},14,expanding,40,1965:Q3,,5,0.02
standard_dfm,exact,2023:Q3:pre_third:exact,2023-12-20,pre_third,DELTA_MT,DELTA_MT,2023:Q3,0.3521398094368746,,,not_available,-0.16579999999999995,0.5179398094368746,True,True,0,,,,,,,0,{},14,expanding,40,1965:Q3,,5,0.02
ar,pseudo,2023:Q3:pre_third:pseudo,2023-12-31,pre_third,DELTA_MT,DELTA_MT,2023:Q3,0.15897887578753123,,,not_available,-0.16579999999999995,0.3247788757875312,True,True,0,,,,,,,0,{},14,expanding,40,1965:Q3,,5,0.02
bridge,pseudo,2023:Q3:pre_third:pseudo,2023-12-31,pre_third,DELTA_MT,DELTA_MT,2023:Q3,0.21485761069817544,,,not_available,-0.16579999999999995,0.3806576106981754,True,True,0,,,,,,,0,{},14,expanding,40,1965:Q3,,5,0.02
indicator_revision_only_dfm_kalman_em,pseudo,2023:Q3:pre_third:pseudo,2023-12-31,pre_third,DELTA_MT,DELTA_MT,2023:Q3,0.0,4.193205271756332,2.047731738230458,model_implied_state_space,-0.16579999999999995,0.16579999999999995,True,True,22,-3623.7480922328045,-5674.50189273337,-3623.7480922328045,0.3607734444667585,9.952072002101266e-05,22.0,0,{},14,expanding,40,1965:Q3,,5,0.02
joint_indicator_revision_dfm_full_kalman_em,pseudo,2023:Q3:pre_third:pseudo,2023-12-31,pre_third,DELTA_MT,DELTA_MT,2023:Q3,0.008119734225799924,4.196961436687467,2.048648685521133,model_implied_state_space,-0.16579999999999995,0.17391973422579987,True,True,26,-3587.0268868417584,-5689.457978426911,-3587.0268868417584,0.3558475224867834,9.916654627696201e-05,26.0,0,{},14,expanding,40,1965:Q3,,5,0.02
midas_umidas,pseudo,2023:Q3:pre_third:pseudo,2023-12-31,pre_third,DELTA_MT,DELTA_MT,2023:Q3,3.1855660659180796,,,not_available,-0.16579999999999995,3.3513660659180795,True,True,0,,,,,,,0,{},14,expanding,40,1965:Q3,,5,0.02
monthly_mixed_frequency_kalman_em,pseudo,2023:Q3:pre_third:pseudo,2023-12-31,pre_third,DELTA_MT,DELTA_MT,2023:Q3,0.10556844354610284,4.167241344461152,2.041382214202218,model_implied_state_space,-0.16579999999999995,0.2713684435461028,True,True,28,-6309.728050092607,-8478.252957242057,-6309.728050092607,0.6142632677838264,9.732688187162677e-05,28.0,0,{},14,expanding,40,1965:Q3,,5,0.02
no_revision,pseudo,2023:Q3:pre_third:pseudo,2023-12-31,pre_third,DELTA_MT,DELTA_MT,2023:Q3,0.0,,,not_available,-0.16579999999999995,0.16579999999999995,True,True,0,,,,,,,0,{},14,expanding,40,1965:Q3,,5,0.02
release_dfm,pseudo,2023:Q3:pre_third:pseudo,2023-12-31,pre_third,DELTA_MT,DELTA_MT,2023:Q3,-0.2143155109001036,,,not_available,-0.16579999999999995,-0.04851551090010364,True,True,0,,,,,,,0,{},14,expanding,40,1965:Q3,,5,0.02
revision_dfm_kalman_em,pseudo,2023:Q3:pre_third:pseudo,2023-12-31,pre_third,DELTA_MT,DELTA_MT,2023:Q3,0.007842456597453307,4.192156012150579,2.0474755217463723,model_implied_state_space,-0.16579999999999995,0.17364245659745325,True,True,24,-1855.898391729898,-3501.24569722309,-1855.898391729898,0.18026753203162116,9.707048817375674e-05,24.0,0,{},14,expanding,40,1965:Q3,,5,0.02
standard_dfm,pseudo,2023:Q3:pre_third:pseudo,2023-12-31,pre_third,DELTA_MT,DELTA_MT,2023:Q3,0.35206657489586535,,,not_available,-0.16579999999999995,0.5178665748958653,True,True,0,,,,,,,0,{},14,expanding,40,1965:Q3,,5,0.02
ar,exact,2023:Q4:pre_advance:exact,2024-01-24,pre_advance,DELTA_SA,DELTA_SA,2023:Q4,0.13379892253632342,,,not_available,-0.07099999999999973,0.20479892253632315,True,True,0,,,,,,,0,{},14,expanding,40,1965:Q3,,5,0.02
bridge,exact,2023:Q4:pre_advance:exact,2024-01-24,pre_advance,DELTA_SA,DELTA_SA,2023:Q4,0.24019109760625845,,,not_available,-0.07099999999999973,0.3111910976062582,True,True,0,,,,,,,0,{},14,expanding,40,1965:Q3,,5,0.02
indicator_revision_only_dfm_kalman_em,exact,2023:Q4:pre_advance:exact,2024-01-24,pre_advance,DELTA_SA,DELTA_SA,2023:Q4,0.0,0.40763951035438417,0.6384665303321578,model_implied_state_space,-0.07099999999999973,0.07099999999999973,True,False,50,-3597.5993084034267,-5713.251116824639,-3597.5993084034267,1.942939859679882,0.0005396242359375596,51.0,0,{},14,expanding,40,1965:Q3,,5,0.02
joint_indicator_revision_dfm_full_kalman_em,exact,2023:Q4:pre_advance:exact,2024-01-24,pre_advance,DELTA_SA,DELTA_SA,2023:Q4,-0.15913933864852936,0.37928157008389807,0.6158584010013163,model_implied_state_space,-0.07099999999999973,-0.08813933864852963,True,False,50,-3585.337783817013,-5728.155479780218,-3585.337783817013,1.6963239994292962,0.00047277254018681064,51.0,0,{},14,expanding,40,1965:Q3,,5,0.02
midas_umidas,exact,2023:Q4:pre_advance:exact,2024-01-24,pre_advance,DELTA_SA,DELTA_SA,2023:Q4,0.33105580806274215,,,not_available,-0.07099999999999973,0.4020558080627419,True,True,0,,,,,,,0,{},14,expanding,40,1965:Q3,,5,0.02
monthly_mixed_frequency_kalman_em,exact,2023:Q4:pre_advance:exact,2024-01-24,pre_advance,DELTA_SA,DELTA_SA,2023:Q4,0.07116903913560568,0.3669426919767478,0.6057579483397207,model_implied_state_space,-0.07099999999999973,0.1421690391356054,True,True,28,-6318.979471072895,-8462.522423059914,-6318.979471072895,0.5691164458994535,9.004225472189066e-05,28.0,0,{},14,expanding,40,1965:Q3,,5,0.02
no_revision,exact,2023:Q4:pre_advance:exact,2024-01-24,pre_advance,DELTA_SA,DELTA_SA,2023:Q4,0.0,,,not_available,-0.07099999999999973,0.07099999999999973,True,True,0,,,,,,,0,{},14,expanding,40,1965:Q3,,5,0.02
release_dfm,exact,2023:Q4:pre_advance:exact,2024-01-24,pre_advance,DELTA_SA,DELTA_SA,2023:Q4,0.09526682080004978,,,not_available,-0.07099999999999973,0.1662668208000495,True,True,0,,,,,,,0,{},14,expanding,40,1965:Q3,,5,0.02
revision_dfm_kalman_em,exact,2023:Q4:pre_advance:exact,2024-01-24,pre_advance,DELTA_SA,DELTA_SA,2023:Q4,0.0004075859182761654,0.38963062467038423,0.6242039928343812,model_implied_state_space,-0.07099999999999973,0.0714075859182759,True,True,30,-1872.0013514441207,-3490.104876395987,-1872.0013514441207,0.18595295601244288,9.927088208191343e-05,30.0,0,{},14,expanding,40,1965:Q3,,5,0.02
standard_dfm,exact,2023:Q4:pre_advance:exact,2024-01-24,pre_advance,DELTA_SA,DELTA_SA,2023:Q4,0.09526682080004978,,,not_available,-0.07099999999999973,0.1662668208000495,True,True,0,,,,,,,0,{},14,expanding,40,1965:Q3,,5,0.02
ar,pseudo,2023:Q4:pre_advance:pseudo,2024-01-31,pre_advance,DELTA_SA,DELTA_SA,2023:Q4,0.13379892253632342,,,not_available,-0.07099999999999973,0.20479892253632315,True,True,0,,,,,,,0,{},14,expanding,40,1965:Q3,,5,0.02
bridge,pseudo,2023:Q4:pre_advance:pseudo,2024-01-31,pre_advance,DELTA_SA,DELTA_SA,2023:Q4,0.24883913587486473,,,not_available,-0.07099999999999973,0.31983913587486446,True,True,0,,,,,,,0,{},14,expanding,40,1965:Q3,,5,0.02
indicator_revision_only_dfm_kalman_em,pseudo,2023:Q4:pre_advance:pseudo,2024-01-31,pre_advance,DELTA_SA,DELTA_SA,2023:Q4,0.0,0.407659213438361,0.6384819601510766,model_implied_state_space,-0.07099999999999973,0.07099999999999973,True,False,50,-3596.408180900258,-5713.248688151514,-3596.408180900258,1.758479829704811,0.0004885797173249449,51.0,0,{},14,expanding,40,1965:Q3,,5,0.02
joint_indicator_revision_dfm_full_kalman_em,pseudo,2023:Q4:pre_advance:pseudo,2024-01-31,pre_advance,DELTA_SA,DELTA_SA,2023:Q4,-0.1597455184766663,0.3791903804301313,0.6157843619564655,model_implied_state_space,-0.07099999999999973,-0.08874551847666656,True,False,50,-3583.4241899487542,-5728.153054524062,-3583.4241899487542,1.6497427656140644,0.00046004148173413214,51.0,0,{},14,expanding,40,1965:Q3,,5,0.02
midas_umidas,pseudo,2023:Q4:pre_advance:pseudo,2024-01-31,pre_advance,DELTA_SA,DELTA_SA,2023:Q4,0.2753055161344218,,,not_available,-0.07099999999999973,0.3463055161344215,True,True,0,,,,,,,0,{},14,expanding,40,1965:Q3,,5,0.02
monthly_mixed_frequency_kalman_em,pseudo,2023:Q4:pre_advance:pseudo,2024-01-31,pre_advance,DELTA_SA,DELTA_SA,2023:Q4,0.07111073518327382,0.36694235341868975,0.6057576688897052,model_implied_state_space,-0.07099999999999973,0.14211073518327355,True,True,28,-6321.663354127863,-8465.217100073798,-6321.663354127863,0.5692953094157929,9.003232064637949e-05,28.0,0,{},14,expanding,40,1965:Q3,,5,0.02
no_revision,pseudo,2023:Q4:pre_advance:pseudo,2024-01-31,pre_advance,DELTA_SA,DELTA_SA,2023:Q4,0.0,,,not_available,-0.07099999999999973,0.07099999999999973,True,True,0,,,,,,,0,{},14,expanding,40,1965:Q3,,5,0.02
release_dfm,pseudo,2023:Q4:pre_advance:pseudo,2024-01-31,pre_advance,DELTA_SA,DELTA_SA,2023:Q4,0.0952608953804357,,,not_available,-0.07099999999999973,0.16626089538043543,True,True,0,,,,,,,0,{},14,expanding,40,1965:Q3,,5,0.02
revision_dfm_kalman_em,pseudo,2023:Q4:pre_advance:pseudo,2024-01-31,pre_advance,DELTA_SA,DELTA_SA,2023:Q4,0.0007214200279097582,0.3896690331894934,0.6242347580754323,model_implied_state_space,-0.07099999999999973,0.07172142002790949,True,True,30,-1872.2640855960358,-3490.131966150535,-1872.2640855960358,0.18685266174679782,9.97371524020595e-05,30.0,0,{},14,expanding,40,1965:Q3,,5,0.02
standard_dfm,pseudo,2023:Q4:pre_advance:pseudo,2024-01-31,pre_advance,DELTA_SA,DELTA_SA,2023:Q4,0.0952608953804357,,,not_available,-0.07099999999999973,0.16626089538043543,True,True,0,,,,,,,0,{},14,expanding,40,1965:Q3,,5,0.02
ar,exact,2023:Q4:pre_second:exact,2024-02-27,pre_second,DELTA_TS,DELTA_TS,2023:Q4,0.04576941234094711,,,not_available,0.18769999999999998,-0.14193058765905286,True,True,0,,,,,,,0,{},14,expanding,40,1965:Q3,,5,0.02
bridge,exact,2023:Q4:pre_second:exact,2024-02-27,pre_second,DELTA_TS,DELTA_TS,2023:Q4,0.22280968984369798,,,not_available,0.18769999999999998,0.035109689843698,True,True,0,,,,,,,0,{},14,expanding,40,1965:Q3,,5,0.02
indicator_revision_only_dfm_kalman_em,exact,2023:Q4:pre_second:exact,2024-02-27,pre_second,DELTA_TS,DELTA_TS,2023:Q4,0.0,0.14355153045557612,0.37888194791461904,model_implied_state_space,0.18769999999999998,-0.18769999999999998,True,False,50,-3595.5858590071057,-5714.683997745594,-3595.5858590071057,1.3125494287419315,0.000364810030673587,51.0,0,{},14,expanding,40,1965:Q3,,5,0.02
joint_indicator_revision_dfm_full_kalman_em,exact,2023:Q4:pre_second:exact,2024-02-27,pre_second,DELTA_TS,DELTA_TS,2023:Q4,0.0008919639018860614,0.14087285842415043,0.37533033240620245,model_implied_state_space,0.18769999999999998,-0.18680803609811392,True,False,50,-3581.1148404229843,-5729.678327816423,-3581.1148404229843,1.467008447664739,0.00040936931526401734,51.0,0,{},14,expanding,40,1965:Q3,,5,0.02
midas_umidas,exact,2023:Q4:pre_second:exact,2024-02-27,pre_second,DELTA_TS,DELTA_TS,2023:Q4,0.27495059114676046,,,not_available,0.18769999999999998,0.08725059114676048,True,True,0,,,,,,,0,{},14,expanding,40,1965:Q3,,5,0.02
monthly_mixed_frequency_kalman_em,exact,2023:Q4:pre_second:exact,2024-02-27,pre_second,DELTA_TS,DELTA_TS,2023:Q4,0.010870882250336944,0.14600111925603476,0.38210092810150925,model_implied_state_space,0.18769999999999998,-0.17682911774966303,True,True,28,-6344.488931395791,-8520.390760672188,-6344.488931395791,0.5718727997145834,9.01146108364589e-05,28.0,0,{},14,expanding,40,1965:Q3,,5,0.02
no_revision,exact,2023:Q4:pre_second:exact,2024-02-27,pre_second,DELTA_TS,DELTA_TS,2023:Q4,0.0,,,not_available,0.18769999999999998,-0.18769999999999998,True,True,0,,,,,,,0,{},14,expanding,40,1965:Q3,,5,0.02
release_dfm,exact,2023:Q4:pre_second:exact,2024-02-27,pre_second,DELTA_TS,DELTA_TS,2023:Q4,0.05186696647723821,,,not_available,0.18769999999999998,-0.13583303352276177,True,True,0,,,,,,,0,{},14,expanding,40,1965:Q3,,5,0.02
revision_dfm_kalman_em,exact,2023:Q4:pre_second:exact,2024-02-27,pre_second,DELTA_TS,DELTA_TS,2023:Q4,0.005034658784655477,0.14278132902814,0.3778641674307581,model_implied_state_space,0.18769999999999998,-0.1826653412153445,True,True,24,-1874.1745839215434,-3523.8953634088725,-1874.1745839215434,0.17955944500727128,9.574695299146768e-05,24.0,0,{},14,expanding,40,1965:Q3,,5,0.02
standard_dfm,exact,2023:Q4:pre_second:exact,2024-02-27,pre_second,DELTA_TS,DELTA_TS,2023:Q4,0.0650959171186245,,,not_available,0.18769999999999998,-0.12260408288137548,True,True,0,,,,,,,0,{},14,expanding,40,1965:Q3,,5,0.02
ar,pseudo,2023:Q4:pre_second:pseudo,2024-02-29,pre_second,DELTA_TS,DELTA_TS,2023:Q4,0.04576941234094711,,,not_available,0.18769999999999998,-0.14193058765905286,True,True,0,,,,,,,0,{},14,expanding,40,1965:Q3,,5,0.02
bridge,pseudo,2023:Q4:pre_second:pseudo,2024-02-29,pre_second,DELTA_TS,DELTA_TS,2023:Q4,0.21771508172728904,,,not_available,0.18769999999999998,0.03001508172728906,True,True,0,,,,,,,0,{},14,expanding,40,1965:Q3,,5,0.02
indicator_revision_only_dfm_kalman_em,pseudo,2023:Q4:pre_second:pseudo,2024-02-29,pre_second,DELTA_TS,DELTA_TS,2023:Q4,0.0,0.14355167419096548,0.37888213759817907,model_implied_state_space,0.18769999999999998,-0.18769999999999998,True,False,50,-3595.615483101847,-5714.676601187873,-3595.615483101847,1.3200527476001298,0.00036689171733269384,51.0,0,{},14,expanding,40,1965:Q3,,5,0.02
joint_indicator_revision_dfm_full_kalman_em,pseudo,2023:Q4:pre_second:pseudo,2024-02-29,pre_second,DELTA_TS,DELTA_TS,2023:Q4,0.0009018233844111379,0.14087242237992936,0.375329751525148,model_implied_state_space,0.18769999999999998,-0.18679817661558884,True,False,50,-3581.172815380775,-5729.670972185934,-3581.172815380775,1.4698776477762294,0.0004101630027557323,51.0,0,{},14,expanding,40,1965:Q3,,5,0.02
midas_umidas,pseudo,2023:Q4:pre_second:pseudo,2024-02-29,pre_second,DELTA_TS,DELTA_TS,2023:Q4,0.2950458961921507,,,not_available,0.18769999999999998,0.10734589619215074,True,True,0,,,,,,,0,{},14,expanding,40,1965:Q3,,5,0.02
monthly_mixed_frequency_kalman_em,pseudo,2023:Q4:pre_second:pseudo,2024-02-29,pre_second,DELTA_TS,DELTA_TS,2023:Q4,0.010927020190418357,0.14600207870176918,0.38210218358675885,model_implied_state_space,0.18769999999999998,-0.17677297980958162,True,True,28,-6345.7635856613815,-8521.75059055591,-6345.7635856613815,0.5719973270161063,9.011613133377193e-05,28.0,0,{},14,expanding,40,1965:Q3,,5,0.02
no_revision,pseudo,2023:Q4:pre_second:pseudo,2024-02-29,pre_second,DELTA_TS,DELTA_TS,2023:Q4,0.0,,,not_available,0.18769999999999998,-0.18769999999999998,True,True,0,,,,,,,0,{},14,expanding,40,1965:Q3,,5,0.02
release_dfm,pseudo,2023:Q4:pre_second:pseudo,2024-02-29,pre_second,DELTA_TS,DELTA_TS,2023:Q4,0.051903989556313146,,,not_available,0.18769999999999998,-0.13579601044368683,True,True,0,,,,,,,0,{},14,expanding,40,1965:Q3,,5,0.02
revision_dfm_kalman_em,pseudo,2023:Q4:pre_second:pseudo,2024-02-29,pre_second,DELTA_TS,DELTA_TS,2023:Q4,0.005070670729322213,0.14278122494271717,0.37786402970211014,model_implied_state_space,0.18769999999999998,-0.18262932927067776,True,True,24,-1874.1470450170423,-3523.894032536362,-1874.1470450170423,0.17954925934100174,9.574292813262371e-05,24.0,0,{},14,expanding,40,1965:Q3,,5,0.02
standard_dfm,pseudo,2023:Q4:pre_second:pseudo,2024-02-29,pre_second,DELTA_TS,DELTA_TS,2023:Q4,0.06503789084197997,,,not_available,0.18769999999999998,-0.12266210915802,True,True,0,,,,,,,0,{},14,expanding,40,1965:Q3,,5,0.02
ar,exact,2023:Q4:pre_third:exact,2024-03-27,pre_third,DELTA_MT,DELTA_MT,2023:Q4,0.15455416560448398,,,not_available,0.022699999999999942,0.13185416560448404,True,True,0,,,,,,,0,{},14,expanding,40,1965:Q3,,5,0.02
bridge,exact,2023:Q4:pre_third:exact,2024-03-27,pre_third,DELTA_MT,DELTA_MT,2023:Q4,0.1478749400002739,,,not_available,0.022699999999999942,0.12517494000027396,True,True,0,,,,,,,0,{},14,expanding,40,1965:Q3,,5,0.02
indicator_revision_only_dfm_kalman_em,exact,2023:Q4:pre_third:exact,2024-03-27,pre_third,DELTA_MT,DELTA_MT,2023:Q4,0.0,4.20597233115255,2.050846735168806,model_implied_state_space,0.022699999999999942,-0.022699999999999942,True,False,50,-3594.951780943101,-5715.890547100576,-3594.951780943101,1.3368188625449875,0.0003716184635887188,51.0,0,{},14,expanding,40,1965:Q3,,5,0.02
joint_indicator_revision_dfm_full_kalman_em,exact,2023:Q4:pre_third:exact,2024-03-27,pre_third,DELTA_MT,DELTA_MT,2023:Q4,0.0003831178432398552,4.206344357193879,2.050937433758982,model_implied_state_space,0.022699999999999942,-0.022316882156760087,True,False,50,-3580.5853525023363,-5730.857794288604,-3580.5853525023363,1.4753480986296381,0.00041175637866871373,51.0,0,{},14,expanding,40,1965:Q3,,5,0.02
midas_umidas,exact,2023:Q4:pre_third:exact,2024-03-27,pre_third,DELTA_MT,DELTA_MT,2023:Q4,-0.9928810296408477,,,not_available,0.022699999999999942,-1.0155810296408476,True,True,0,,,,,,,0,{},14,expanding,40,1965:Q3,,5,0.02
monthly_mixed_frequency_kalman_em,exact,2023:Q4:pre_third:exact,2024-03-27,pre_third,DELTA_MT,DELTA_MT,2023:Q4,0.0022712000467124405,4.14832751996964,2.0367443433012498,model_implied_state_space,0.022699999999999942,-0.020428799953287502,True,True,28,-6360.223604631262,-8540.59531715869,-6360.223604631262,0.5716325804160078,8.985397346214331e-05,28.0,0,{},14,expanding,40,1965:Q3,,5,0.02
no_revision,exact,2023:Q4:pre_third:exact,2024-03-27,pre_third,DELTA_MT,DELTA_MT,2023:Q4,0.0,,,not_available,0.022699999999999942,-0.022699999999999942,True,True,0,,,,,,,0,{},14,expanding,40,1965:Q3,,5,0.02
release_dfm,exact,2023:Q4:pre_third:exact,2024-03-27,pre_third,DELTA_MT,DELTA_MT,2023:Q4,0.1233139522611908,,,not_available,0.022699999999999942,0.10061395226119085,True,True,0,,,,,,,0,{},14,expanding,40,1965:Q3,,5,0.02
revision_dfm_kalman_em,exact,2023:Q4:pre_third:exact,2024-03-27,pre_third,DELTA_MT,DELTA_MT,2023:Q4,0.0016868385157322585,4.174556844115413,2.0431732291010993,model_implied_state_space,0.022699999999999942,-0.021013161484267684,True,True,24,-1873.2800044913506,-3525.1177683787228,-1873.2800044913506,0.18055164641850752,9.632192356745293e-05,24.0,0,{},14,expanding,40,1965:Q3,,5,0.02
standard_dfm,exact,2023:Q4:pre_third:exact,2024-03-27,pre_third,DELTA_MT,DELTA_MT,2023:Q4,0.3274463367676801,,,not_available,0.022699999999999942,0.30474633676768015,True,True,0,,,,,,,0,{},14,expanding,40,1965:Q3,,5,0.02
ar,pseudo,2023:Q4:pre_third:pseudo,2024-03-31,pre_third,DELTA_MT,DELTA_MT,2023:Q4,0.15455416560448398,,,not_available,0.022699999999999942,0.13185416560448404,True,True,0,,,,,,,0,{},14,expanding,40,1965:Q3,,5,0.02
bridge,pseudo,2023:Q4:pre_third:pseudo,2024-03-31,pre_third,DELTA_MT,DELTA_MT,2023:Q4,0.14847244861202302,,,not_available,0.022699999999999942,0.12577244861202308,True,True,0,,,,,,,0,{},14,expanding,40,1965:Q3,,5,0.02
indicator_revision_only_dfm_kalman_em,pseudo,2023:Q4:pre_third:pseudo,2024-03-31,pre_third,DELTA_MT,DELTA_MT,2023:Q4,0.0,4.205972300151256,2.0508467276106366,model_implied_state_space,0.022699999999999942,-0.022699999999999942,True,False,50,-3594.953352605572,-5715.888769445673,-3594.953352605572,1.3378043007910492,0.0003718921384004814,51.0,0,{},14,expanding,40,1965:Q3,,5,0.02
joint_indicator_revision_dfm_full_kalman_em,pseudo,2023:Q4:pre_third:pseudo,2024-03-31,pre_third,DELTA_MT,DELTA_MT,2023:Q4,0.0003835678228658601,4.206344838946437,2.050937551205896,model_implied_state_space,0.022699999999999942,-0.022316432177134082,True,False,50,-3580.591079356455,-5730.85601667991,-3580.591079356455,1.4758456524309622,0.00041189452592412917,51.0,0,{},14,expanding,40,1965:Q3,,5,0.02
midas_umidas,pseudo,2023:Q4:pre_third:pseudo,2024-03-31,pre_third,DELTA_MT,DELTA_MT,2023:Q4,-0.9510432134786462,,,not_available,0.022699999999999942,-0.9737432134786461,True,True,0,,,,,,,0,{},14,expanding,40,1965:Q3,,5,0.02
monthly_mixed_frequency_kalman_em,pseudo,2023:Q4:pre_third:pseudo,2024-03-31,pre_third,DELTA_MT,DELTA_MT,2023:Q4,0.002255847922035148,4.148327510029755,2.0367443408611097,model_implied_state_space,0.022699999999999942,-0.020444152077964795,True,True,28,-6361.4504406304995,-8541.948659657683,-6361.4504406304995,0.5715969857183154,8.98310554857756e-05,28.0,0,{},14,expanding,40,1965:Q3,,5,0.02
no_revision,pseudo,2023:Q4:pre_third:pseudo,2024-03-31,pre_third,DELTA_MT,DELTA_MT,2023:Q4,0.0,,,not_available,0.022699999999999942,-0.022699999999999942,True,True,0,,,,,,,0,{},14,expanding,40,1965:Q3,,5,0.02
release_dfm,pseudo,2023:Q4:pre_third:pseudo,2024-03-31,pre_third,DELTA_MT,DELTA_MT,2023:Q4,0.12267184618628546,,,not_available,0.022699999999999942,0.09997184618628552,True,True,0,,,,,,,0,{},14,expanding,40,1965:Q3,,5,0.02
revision_dfm_kalman_em,pseudo,2023:Q4:pre_third:pseudo,2024-03-31,pre_third,DELTA_MT,DELTA_MT,2023:Q4,0.0016881787138767201,4.174556792692067,2.0431732165169127,model_implied_state_space,0.022699999999999942,-0.021011821286123222,True,True,24,-1873.2754395255943,-3525.1168577348053,-1873.2754395255943,0.18055008792202898,9.632132678626165e-05,24.0,0,{},14,expanding,40,1965:Q3,,5,0.02
standard_dfm,pseudo,2023:Q4:pre_third:pseudo,2024-03-31,pre_third,DELTA_MT,DELTA_MT,2023:Q4,0.3274648846559529,,,not_available,0.022699999999999942,0.304764884655953,True,True,0,,,,,,,0,{},14,expanding,40,1965:Q3,,5,0.02
ar,exact,2024:Q1:pre_advance:exact,2024-04-24,pre_advance,DELTA_SA,DELTA_SA,2024:Q1,0.09251088781958305,,,not_available,-0.3404999999999998,0.43301088781958286,True,True,0,,,,,,,0,{},14,expanding,40,1965:Q3,,5,0.02
bridge,exact,2024:Q1:pre_advance:exact,2024-04-24,pre_advance,DELTA_SA,DELTA_SA,2024:Q1,-0.017364626211852308,,,not_available,-0.3404999999999998,0.3231353737881475,True,True,0,,,,,,,0,{},14,expanding,40,1965:Q3,,5,0.02
indicator_revision_only_dfm_kalman_em,exact,2024:Q1:pre_advance:exact,2024-04-24,pre_advance,DELTA_SA,DELTA_SA,2024:Q1,0.0,0.40734043421308463,0.6382322729328913,model_implied_state_space,-0.3404999999999998,0.3404999999999998,True,True,42,-3586.0203174974986,-5727.058741972481,-3586.0203174974986,0.29573805917107165,8.243992293708837e-05,42.0,0,{},14,expanding,40,1965:Q3,,5,0.02
joint_indicator_revision_dfm_full_kalman_em,exact,2024:Q1:pre_advance:exact,2024-04-24,pre_advance,DELTA_SA,DELTA_SA,2024:Q1,-0.0011846793810983414,0.3625443230670671,0.6021165361182726,model_implied_state_space,-0.3404999999999998,0.33931532061890146,True,True,43,-3558.779058552352,-5739.265261549244,-3558.779058552352,0.3291990836560217,9.246884078593084e-05,43.0,0,{},14,expanding,40,1965:Q3,,5,0.02
midas_umidas,exact,2024:Q1:pre_advance:exact,2024-04-24,pre_advance,DELTA_SA,DELTA_SA,2024:Q1,-0.3131283419091899,,,not_available,-0.3404999999999998,0.02737165809080988,True,True,0,,,,,,,0,{},14,expanding,40,1965:Q3,,5,0.02
monthly_mixed_frequency_kalman_em,exact,2024:Q1:pre_advance:exact,2024-04-24,pre_advance,DELTA_SA,DELTA_SA,2024:Q1,0.06836131568252313,0.36568230113441835,0.604716711472751,model_implied_state_space,-0.3404999999999998,0.40886131568252293,True,True,27,-6371.860420772807,-8528.013797623415,-6371.860420772807,0.6012496068542532,9.43364278236002e-05,27.0,0,{},14,expanding,40,1965:Q3,,5,0.02
no_revision,exact,2024:Q1:pre_advance:exact,2024-04-24,pre_advance,DELTA_SA,DELTA_SA,2024:Q1,0.0,,,not_available,-0.3404999999999998,0.3404999999999998,True,True,0,,,,,,,0,{},14,expanding,40,1965:Q3,,5,0.02
release_dfm,exact,2024:Q1:pre_advance:exact,2024-04-24,pre_advance,DELTA_SA,DELTA_SA,2024:Q1,0.09456375499584957,,,not_available,-0.3404999999999998,0.43506375499584937,True,True,0,,,,,,,0,{},14,expanding,40,1965:Q3,,5,0.02
revision_dfm_kalman_em,exact,2024:Q1:pre_advance:exact,2024-04-24,pre_advance,DELTA_SA,DELTA_SA,2024:Q1,0.01897780646451519,0.3869979776374617,0.6220916151480115,model_implied_state_space,-0.3404999999999998,0.359477806464515,True,True,24,-1888.8355830044052,-3545.839240912311,-1888.8355830044052,0.18043283247561703,9.546629814971336e-05,24.0,0,{},14,expanding,40,1965:Q3,,5,0.02
standard_dfm,exact,2024:Q1:pre_advance:exact,2024-04-24,pre_advance,DELTA_SA,DELTA_SA,2024:Q1,0.09456375499584957,,,not_available,-0.3404999999999998,0.43506375499584937,True,True,0,,,,,,,0,{},14,expanding,40,1965:Q3,,5,0.02
ar,pseudo,2024:Q1:pre_advance:pseudo,2024-04-30,pre_advance,DELTA_SA,DELTA_SA,2024:Q1,0.09251088781958305,,,not_available,-0.3404999999999998,0.43301088781958286,True,True,0,,,,,,,0,{},14,expanding,40,1965:Q3,,5,0.02
bridge,pseudo,2024:Q1:pre_advance:pseudo,2024-04-30,pre_advance,DELTA_SA,DELTA_SA,2024:Q1,-0.020091256333635288,,,not_available,-0.3404999999999998,0.3204087436663645,True,True,0,,,,,,,0,{},14,expanding,40,1965:Q3,,5,0.02
indicator_revision_only_dfm_kalman_em,pseudo,2024:Q1:pre_advance:pseudo,2024-04-30,pre_advance,DELTA_SA,DELTA_SA,2024:Q1,0.0,0.4073404916462522,0.6382323179268284,model_implied_state_space,-0.3404999999999998,0.3404999999999998,True,True,42,-3586.016661808237,-5727.077218255167,-3586.016661808237,0.29404416006582323,8.196785396275105e-05,42.0,0,{},14,expanding,40,1965:Q3,,5,0.02
joint_indicator_revision_dfm_full_kalman_em,pseudo,2024:Q1:pre_advance:pseudo,2024-04-30,pre_advance,DELTA_SA,DELTA_SA,2024:Q1,-0.0010552441524691591,0.36256001274293936,0.6021295647474382,model_implied_state_space,-0.3404999999999998,0.33944475584753064,True,True,43,-3558.77281847003,-5739.283730198958,-3558.77281847003,0.327007561130813,9.18534808321273e-05,43.0,0,{},14,expanding,40,1965:Q3,,5,0.02
midas_umidas,pseudo,2024:Q1:pre_advance:pseudo,2024-04-30,pre_advance,DELTA_SA,DELTA_SA,2024:Q1,-0.31616270269215363,,,not_available,-0.3404999999999998,0.024337297307846173,True,True,0,,,,,,,0,{},14,expanding,40,1965:Q3,,5,0.02
monthly_mixed_frequency_kalman_em,pseudo,2024:Q1:pre_advance:pseudo,2024-04-30,pre_advance,DELTA_SA,DELTA_SA,2024:Q1,0.06831252741012417,0.36568238135556363,0.6047167778022731,model_implied_state_space,-0.3404999999999998,0.40881252741012397,True,True,27,-6373.227010955667,-8529.361581397401,-6373.227010955667,0.6015339866198701,9.436081023655452e-05,27.0,0,{},14,expanding,40,1965:Q3,,5,0.02
no_revision,pseudo,2024:Q1:pre_advance:pseudo,2024-04-30,pre_advance,DELTA_SA,DELTA_SA,2024:Q1,0.0,,,not_available,-0.3404999999999998,0.3404999999999998,True,True,0,,,,,,,0,{},14,expanding,40,1965:Q3,,5,0.02
release_dfm,pseudo,2024:Q1:pre_advance:pseudo,2024-04-30,pre_advance,DELTA_SA,DELTA_SA,2024:Q1,0.09456438435190906,,,not_available,-0.3404999999999998,0.43506438435190886,True,True,0,,,,,,,0,{},14,expanding,40,1965:Q3,,5,0.02
revision_dfm_kalman_em,pseudo,2024:Q1:pre_advance:pseudo,2024-04-30,pre_advance,DELTA_SA,DELTA_SA,2024:Q1,0.01901466281202735,0.3869992183908053,0.6220926123904746,model_implied_state_space,-0.3404999999999998,0.35951466281202715,True,True,24,-1888.8658214783281,-3545.850195538754,-1888.8658214783281,0.1804517291952834,9.547476786853787e-05,24.0,0,{},14,expanding,40,1965:Q3,,5,0.02
standard_dfm,pseudo,2024:Q1:pre_advance:pseudo,2024-04-30,pre_advance,DELTA_SA,DELTA_SA,2024:Q1,0.09456438435190906,,,not_available,-0.3404999999999998,0.43506438435190886,True,True,0,,,,,,,0,{},14,expanding,40,1965:Q3,,5,0.02
ar,exact,2024:Q1:pre_second:exact,2024-05-29,pre_second,DELTA_TS,DELTA_TS,2024:Q1,0.07524733101140679,,,not_available,0.1602999999999999,-0.0850526689885931,True,True,0,,,,,,,0,{},14,expanding,40,1965:Q3,,5,0.02
bridge,exact,2024:Q1:pre_second:exact,2024-05-29,pre_second,DELTA_TS,DELTA_TS,2024:Q1,-0.06844120848816515,,,not_available,0.1602999999999999,-0.22874120848816504,True,True,0,,,,,,,0,{},14,expanding,40,1965:Q3,,5,0.02
indicator_revision_only_dfm_kalman_em,exact,2024:Q1:pre_second:exact,2024-05-29,pre_second,DELTA_TS,DELTA_TS,2024:Q1,0.0,0.1460001569404692,0.3820996688567908,model_implied_state_space,0.1602999999999999,-0.1602999999999999,True,True,23,-3684.9954268733636,-5754.896108236039,-3684.9954268733636,0.34479455210521337,9.353302500437276e-05,23.0,0,{},14,expanding,40,1965:Q3,,5,0.02
joint_indicator_revision_dfm_full_kalman_em,exact,2024:Q1:pre_second:exact,2024-05-29,pre_second,DELTA_TS,DELTA_TS,2024:Q1,0.00011583967247985605,0.1414763999570685,0.3761334868860635,model_implied_state_space,0.1602999999999999,-0.16018416032752003,True,True,28,-3647.437788856606,-5769.949418657797,-3647.437788856606,0.3639354205370182,9.974107886312096e-05,28.0,0,{},14,expanding,40,1965:Q3,,5,0.02
midas_umidas,exact,2024:Q1:pre_second:exact,2024-05-29,pre_second,DELTA_TS,DELTA_TS,2024:Q1,-0.10888667569986366,,,not_available,0.1602999999999999,-0.26918667569986354,True,True,0,,,,,,,0,{},14,expanding,40,1965:Q3,,5,0.02
monthly_mixed_frequency_kalman_em,exact,2024:Q1:pre_second:exact,2024-05-29,pre_second,DELTA_TS,DELTA_TS,2024:Q1,0.019683382066336463,0.14480750882969717,0.38053581806407816,model_implied_state_space,0.1602999999999999,-0.14061661793366342,True,True,27,-6384.818480491491,-8548.453885205887,-6384.818480491491,0.5906406497861099,9.248399821910564e-05,27.0,0,{},14,expanding,40,1965:Q3,,5,0.02
no_revision,exact,2024:Q1:pre_second:exact,2024-05-29,pre_second,DELTA_TS,DELTA_TS,2024:Q1,0.0,,,not_available,0.1602999999999999,-0.1602999999999999,True,True,0,,,,,,,0,{},14,expanding,40,1965:Q3,,5,0.02
release_dfm,exact,2024:Q1:pre_second:exact,2024-05-29,pre_second,DELTA_TS,DELTA_TS,2024:Q1,0.049104963814085245,,,not_available,0.1602999999999999,-0.11119503618591464,True,True,0,,,,,,,0,{},14,expanding,40,1965:Q3,,5,0.02
revision_dfm_kalman_em,exact,2024:Q1:pre_second:exact,2024-05-29,pre_second,DELTA_TS,DELTA_TS,2024:Q1,0.0006234982129429412,0.14231875560471174,0.3772515813150579,model_implied_state_space,0.1602999999999999,-0.15967650178705695,True,True,24,-1887.2570916793802,-3547.10293881395,-1887.2570916793802,0.18196041096121007,9.635492909331406e-05,24.0,0,{},14,expanding,40,1965:Q3,,5,0.02
standard_dfm,exact,2024:Q1:pre_second:exact,2024-05-29,pre_second,DELTA_TS,DELTA_TS,2024:Q1,0.06180734330986959,,,not_available,0.1602999999999999,-0.0984926566901303,True,True,0,,,,,,,0,{},14,expanding,40,1965:Q3,,5,0.02
ar,pseudo,2024:Q1:pre_second:pseudo,2024-05-31,pre_second,DELTA_TS,DELTA_TS,2024:Q1,0.07524733101140679,,,not_available,0.1602999999999999,-0.0850526689885931,True,True,0,,,,,,,0,{},14,expanding,40,1965:Q3,,5,0.02
bridge,pseudo,2024:Q1:pre_second:pseudo,2024-05-31,pre_second,DELTA_TS,DELTA_TS,2024:Q1,-0.08094110829243073,,,not_available,0.1602999999999999,-0.24124110829243062,True,True,0,,,,,,,0,{},14,expanding,40,1965:Q3,,5,0.02
indicator_revision_only_dfm_kalman_em,pseudo,2024:Q1:pre_second:pseudo,2024-05-31,pre_second,DELTA_TS,DELTA_TS,2024:Q1,0.0,0.14624295992159642,0.3824172589222359,model_implied_state_space,0.1602999999999999,-0.1602999999999999,True,True,22,-3685.3232966251003,-5754.857729727524,-3685.3232966251003,0.36697471178013075,9.954042373270947e-05,22.0,0,{},14,expanding,40,1965:Q3,,5,0.02
joint_indicator_revision_dfm_full_kalman_em,pseudo,2024:Q1:pre_second:pseudo,2024-05-31,pre_second,DELTA_TS,DELTA_TS,2024:Q1,0.00011073187862242762,0.14156170159543913,0.3762468625722202,model_implied_state_space,0.1602999999999999,-0.16018926812137746,True,True,27,-3647.813911736384,-5769.910857881743,-3647.813911736384,0.35872865113105945,9.83041051992994e-05,27.0,0,{},14,expanding,40,1965:Q3,,5,0.02
midas_umidas,pseudo,2024:Q1:pre_second:pseudo,2024-05-31,pre_second,DELTA_TS,DELTA_TS,2024:Q1,-0.07984072170622403,,,not_available,0.1602999999999999,-0.24014072170622391,True,True,0,,,,,,,0,{},14,expanding,40,1965:Q3,,5,0.02
monthly_mixed_frequency_kalman_em,pseudo,2024:Q1:pre_second:pseudo,2024-05-31,pre_second,DELTA_TS,DELTA_TS,2024:Q1,0.01962578263098269,0.14480697629706474,0.380535118349233,model_implied_state_space,0.1602999999999999,-0.1406742173690172,True,True,27,-6386.029155334892,-8549.767118078777,-6386.029155334892,0.5906133265116296,9.246219216260569e-05,27.0,0,{},14,expanding,40,1965:Q3,,5,0.02
no_revision,pseudo,2024:Q1:pre_second:pseudo,2024-05-31,pre_second,DELTA_TS,DELTA_TS,2024:Q1,0.0,,,not_available,0.1602999999999999,-0.1602999999999999,True,True,0,,,,,,,0,{},14,expanding,40,1965:Q3,,5,0.02
release_dfm,pseudo,2024:Q1:pre_second:pseudo,2024-05-31,pre_second,DELTA_TS,DELTA_TS,2024:Q1,0.04919026755636979,,,not_available,0.1602999999999999,-0.1111097324436301,True,True,0,,,,,,,0,{},14,expanding,40,1965:Q3,,5,0.02
revision_dfm_kalman_em,pseudo,2024:Q1:pre_second:pseudo,2024-05-31,pre_second,DELTA_TS,DELTA_TS,2024:Q1,0.0005779821977129895,0.14231843000840583,0.3772511497774471,model_implied_state_space,0.1602999999999999,-0.1597220178022869,True,True,24,-1887.110474075658,-3547.0646151142373,-1887.110474075658,0.18185404700057006,9.630608793574322e-05,24.0,0,{},14,expanding,40,1965:Q3,,5,0.02
standard_dfm,pseudo,2024:Q1:pre_second:pseudo,2024-05-31,pre_second,DELTA_TS,DELTA_TS,2024:Q1,0.06165430325944121,,,not_available,0.1602999999999999,-0.09864569674055867,True,True,0,,,,,,,0,{},14,expanding,40,1965:Q3,,5,0.02
ar,exact,2024:Q1:pre_third:exact,2024-06-26,pre_third,DELTA_MT,DELTA_MT,2024:Q1,0.2517512521361831,,,not_available,-0.5680999999999999,0.819851252136183,True,True,0,,,,,,,0,{},14,expanding,40,1965:Q3,,5,0.02
bridge,exact,2024:Q1:pre_third:exact,2024-06-26,pre_third,DELTA_MT,DELTA_MT,2024:Q1,0.14396988834543212,,,not_available,-0.5680999999999999,0.7120698883454321,True,True,0,,,,,,,0,{},14,expanding,40,1965:Q3,,5,0.02
indicator_revision_only_dfm_kalman_em,exact,2024:Q1:pre_third:exact,2024-06-26,pre_third,DELTA_MT,DELTA_MT,2024:Q1,0.0,4.1830302245981,2.0452457614179522,model_implied_state_space,-0.5680999999999999,0.5680999999999999,True,True,41,-3584.6700607765247,-5729.016681716605,-3584.6700607765247,0.3464829951617503,9.662057911125189e-05,41.0,0,{},14,expanding,40,1965:Q3,,5,0.02
joint_indicator_revision_dfm_full_kalman_em,exact,2024:Q1:pre_third:exact,2024-06-26,pre_third,DELTA_MT,DELTA_MT,2024:Q1,-0.0036221660747999262,4.1807307858193505,2.0446835417294653,model_implied_state_space,-0.5680999999999999,0.5644778339252,True,True,43,-3556.8737213322597,-5741.2781211051315,-3556.8737213322597,0.29172752394424606,8.198818411831406e-05,43.0,0,{},14,expanding,40,1965:Q3,,5,0.02
midas_umidas,exact,2024:Q1:pre_third:exact,2024-06-26,pre_third,DELTA_MT,DELTA_MT,2024:Q1,1.0408015769376062,,,not_available,-0.5680999999999999,1.608901576937606,True,True,0,,,,,,,0,{},14,expanding,40,1965:Q3,,5,0.02
monthly_mixed_frequency_kalman_em,exact,2024:Q1:pre_third:exact,2024-06-26,pre_third,DELTA_MT,DELTA_MT,2024:Q1,-0.041249273976337486,4.133570322640329,2.0331183739862095,model_implied_state_space,-0.5680999999999999,0.5268507260236625,True,True,27,-6407.2746132922275,-8602.270634484225,-6407.2746132922275,0.6296225439227783,9.824183990800938e-05,27.0,0,{},14,expanding,40,1965:Q3,,5,0.02
no_revision,exact,2024:Q1:pre_third:exact,2024-06-26,pre_third,DELTA_MT,DELTA_MT,2024:Q1,0.0,,,not_available,-0.5680999999999999,0.5680999999999999,True,True,0,,,,,,,0,{},14,expanding,40,1965:Q3,,5,0.02
release_dfm,exact,2024:Q1:pre_third:exact,2024-06-26,pre_third,DELTA_MT,DELTA_MT,2024:Q1,0.2642338612087778,,,not_available,-0.5680999999999999,0.8323338612087777,True,True,0,,,,,,,0,{},14,expanding,40,1965:Q3,,5,0.02
revision_dfm_kalman_em,exact,2024:Q1:pre_third:exact,2024-06-26,pre_third,DELTA_MT,DELTA_MT,2024:Q1,-0.003435601093598084,4.1704730836163355,2.042173617402873,model_implied_state_space,-0.5680999999999999,0.5646643989064019,True,True,30,-1886.9037467392616,-3515.8336192082784,-1886.9037467392616,0.17257270730010532,9.14013408900178e-05,30.0,0,{},14,expanding,40,1965:Q3,,5,0.02
standard_dfm,exact,2024:Q1:pre_third:exact,2024-06-26,pre_third,DELTA_MT,DELTA_MT,2024:Q1,0.32694841063771296,,,not_available,-0.5680999999999999,0.8950484106377129,True,True,0,,,,,,,0,{},14,expanding,40,1965:Q3,,5,0.02
ar,pseudo,2024:Q1:pre_third:pseudo,2024-06-30,pre_third,DELTA_MT,DELTA_MT,2024:Q1,0.2517512521361831,,,not_available,-0.5680999999999999,0.819851252136183,True,True,0,,,,,,,0,{},14,expanding,40,1965:Q3,,5,0.02
bridge,pseudo,2024:Q1:pre_third:pseudo,2024-06-30,pre_third,DELTA_MT,DELTA_MT,2024:Q1,0.14907451856549647,,,not_available,-0.5680999999999999,0.7171745185654964,True,True,0,,,,,,,0,{},14,expanding,40,1965:Q3,,5,0.02
indicator_revision_only_dfm_kalman_em,pseudo,2024:Q1:pre_third:pseudo,2024-06-30,pre_third,DELTA_MT,DELTA_MT,2024:Q1,0.0,4.183014745013653,2.0452419771297605,model_implied_state_space,-0.5680999999999999,0.5680999999999999,True,True,41,-3584.9664918303106,-5728.855768294379,-3584.9664918303106,0.3058871143430224,8.529388792075995e-05,41.0,0,{},14,expanding,40,1965:Q3,,5,0.02
joint_indicator_revision_dfm_full_kalman_em,pseudo,2024:Q1:pre_third:pseudo,2024-06-30,pre_third,DELTA_MT,DELTA_MT,2024:Q1,-0.0036130307212181023,4.179751609428448,2.0444440832237127,model_implied_state_space,-0.5680999999999999,0.5644869692787818,True,True,42,-3557.495855947055,-5741.119496348495,-3557.495855947055,0.32943493824586767,9.256844922665949e-05,42.0,0,{},14,expanding,40,1965:Q3,,5,0.02
midas_umidas,pseudo,2024:Q1:pre_third:pseudo,2024-06-30,pre_third,DELTA_MT,DELTA_MT,2024:Q1,1.6526025241298696,,,not_available,-0.5680999999999999,2.2207025241298695,True,True,0,,,,,,,0,{},14,expanding,40,1965:Q3,,5,0.02
monthly_mixed_frequency_kalman_em,pseudo,2024:Q1:pre_third:pseudo,2024-06-30,pre_third,DELTA_MT,DELTA_MT,2024:Q1,-0.045039055353289115,4.134080539150771,2.033243846455897,model_implied_state_space,-0.5680999999999999,0.5230609446467108,True,True,28,-6417.270320540206,-8604.989867849199,-6417.270320540206,0.577658904027885,8.99941712091927e-05,28.0,0,{},14,expanding,40,1965:Q3,,5,0.02
no_revision,pseudo,2024:Q1:pre_third:pseudo,2024-06-30,pre_third,DELTA_MT,DELTA_MT,2024:Q1,0.0,,,not_available,-0.5680999999999999,0.5680999999999999,True,True,0,,,,,,,0,{},14,expanding,40,1965:Q3,,5,0.02
release_dfm,pseudo,2024:Q1:pre_third:pseudo,2024-06-30,pre_third,DELTA_MT,DELTA_MT,2024:Q1,0.2706307454446488,,,not_available,-0.5680999999999999,0.8387307454446488,True,True,0,,,,,,,0,{},14,expanding,40,1965:Q3,,5,0.02
revision_dfm_kalman_em,pseudo,2024:Q1:pre_third:pseudo,2024-06-30,pre_third,DELTA_MT,DELTA_MT,2024:Q1,-0.0035458990108532262,4.170462690426795,2.0421710727622195,model_implied_state_space,-0.5680999999999999,0.5645541009891467,True,True,30,-1888.6902384339212,-3515.850586668977,-1888.6902384339212,0.17718813185092586,9.3756910860625e-05,30.0,0,{},14,expanding,40,1965:Q3,,5,0.02
standard_dfm,pseudo,2024:Q1:pre_third:pseudo,2024-06-30,pre_third,DELTA_MT,DELTA_MT,2024:Q1,0.32462194842273795,,,not_available,-0.5680999999999999,0.8927219484227379,True,True,0,,,,,,,0,{},14,expanding,40,1965:Q3,,5,0.02
ar,exact,2024:Q2:pre_advance:exact,2024-07-24,pre_advance,DELTA_SA,DELTA_SA,2024:Q2,0.05338533425259362,,,not_available,0.11129999999999995,-0.057914665747406335,True,True,0,,,,,,,0,{},14,expanding,40,1965:Q3,,5,0.02
bridge,exact,2024:Q2:pre_advance:exact,2024-07-24,pre_advance,DELTA_SA,DELTA_SA,2024:Q2,-0.09906543830163406,,,not_available,0.11129999999999995,-0.210365438301634,True,True,0,,,,,,,0,{},14,expanding,40,1965:Q3,,5,0.02
indicator_revision_only_dfm_kalman_em,exact,2024:Q2:pre_advance:exact,2024-07-24,pre_advance,DELTA_SA,DELTA_SA,2024:Q2,0.0,0.40467555484837536,0.6361411438103775,model_implied_state_space,0.11129999999999995,-0.11129999999999995,True,False,50,-3658.962329780101,-5795.021755032689,-3658.962329780101,1.6164641164741624,0.00044146642949992494,51.0,0,{},14,expanding,40,1965:Q3,,5,0.02
joint_indicator_revision_dfm_full_kalman_em,exact,2024:Q2:pre_advance:exact,2024-07-24,pre_advance,DELTA_SA,DELTA_SA,2024:Q2,0.16658536956400383,0.3762964500114512,0.6134300693733974,model_implied_state_space,0.11129999999999995,0.05528536956400387,True,False,50,-3645.4973078295143,-5810.067131999029,-3645.4973078295143,1.6840118862596682,0.0004616031218511003,51.0,0,{},14,expanding,40,1965:Q3,,5,0.02
midas_umidas,exact,2024:Q2:pre_advance:exact,2024-07-24,pre_advance,DELTA_SA,DELTA_SA,2024:Q2,0.09241659987986228,,,not_available,0.11129999999999995,-0.018883400120137672,True,True,0,,,,,,,0,{},14,expanding,40,1965:Q3,,5,0.02
monthly_mixed_frequency_kalman_em,exact,2024:Q2:pre_advance:exact,2024-07-24,pre_advance,DELTA_SA,DELTA_SA,2024:Q2,0.13729924476651156,0.36337479674588025,0.602805770332269,model_implied_state_space,0.11129999999999995,0.02599924476651161,True,True,28,-6432.485003640938,-8623.95459433819,-6432.485003640938,0.5828665911931239,9.059068119094848e-05,28.0,0,{},14,expanding,40,1965:Q3,,5,0.02
no_revision,exact,2024:Q2:pre_advance:exact,2024-07-24,pre_advance,DELTA_SA,DELTA_SA,2024:Q2,0.0,,,not_available,0.11129999999999995,-0.11129999999999995,True,True,0,,,,,,,0,{},14,expanding,40,1965:Q3,,5,0.02
release_dfm,exact,2024:Q2:pre_advance:exact,2024-07-24,pre_advance,DELTA_SA,DELTA_SA,2024:Q2,0.09279112742291318,,,not_available,0.11129999999999995,-0.018508872577086777,True,True,0,,,,,,,0,{},14,expanding,40,1965:Q3,,5,0.02
revision_dfm_kalman_em,exact,2024:Q2:pre_advance:exact,2024-07-24,pre_advance,DELTA_SA,DELTA_SA,2024:Q2,0.11239980441600039,0.3867547887915137,0.6218961237952153,model_implied_state_space,0.11129999999999995,0.0010998044160004383,True,True,30,-1905.807550884206,-3536.871383890508,-1905.807550884206,0.18128298518308839,9.506242614711848e-05,30.0,0,{},14,expanding,40,1965:Q3,,5,0.02
standard_dfm,exact,2024:Q2:pre_advance:exact,2024-07-24,pre_advance,DELTA_SA,DELTA_SA,2024:Q2,0.09279112742291318,,,not_available,0.11129999999999995,-0.018508872577086777,True,True,0,,,,,,,0,{},14,expanding,40,1965:Q3,,5,0.02
ar,pseudo,2024:Q2:pre_advance:pseudo,2024-07-31,pre_advance,DELTA_SA,DELTA_SA,2024:Q2,0.05338533425259362,,,not_available,0.11129999999999995,-0.057914665747406335,True,True,0,,,,,,,0,{},14,expanding,40,1965:Q3,,5,0.02
bridge,pseudo,2024:Q2:pre_advance:pseudo,2024-07-31,pre_advance,DELTA_SA,DELTA_SA,2024:Q2,-0.12876385080396613,,,not_available,0.11129999999999995,-0.24006385080396608,True,True,0,,,,,,,0,{},14,expanding,40,1965:Q3,,5,0.02
indicator_revision_only_dfm_kalman_em,pseudo,2024:Q2:pre_advance:pseudo,2024-07-31,pre_advance,DELTA_SA,DELTA_SA,2024:Q2,0.0,0.4047100569533608,0.6361682615105542,model_implied_state_space,0.11129999999999995,-0.11129999999999995,True,False,50,-3656.949613848442,-5795.102217725652,-3656.949613848442,1.1612222440103324,0.0003173509347015015,51.0,0,{},14,expanding,40,1965:Q3,,5,0.02
joint_indicator_revision_dfm_full_kalman_em,pseudo,2024:Q2:pre_advance:pseudo,2024-07-31,pre_advance,DELTA_SA,DELTA_SA,2024:Q2,0.16546873538096007,0.37560349947704985,0.6128649928630692,model_implied_state_space,0.11129999999999995,0.05416873538096012,True,False,50,-3641.7345869155224,-5810.147612336728,-3641.7345869155224,1.471557833172028,0.00040380751656778383,51.0,0,{},14,expanding,40,1965:Q3,,5,0.02
midas_umidas,pseudo,2024:Q2:pre_advance:pseudo,2024-07-31,pre_advance,DELTA_SA,DELTA_SA,2024:Q2,0.07627890108812663,,,not_available,0.11129999999999995,-0.03502109891187333,True,True,0,,,,,,,0,{},14,expanding,40,1965:Q3,,5,0.02
monthly_mixed_frequency_kalman_em,pseudo,2024:Q2:pre_advance:pseudo,2024-07-31,pre_advance,DELTA_SA,DELTA_SA,2024:Q2,0.13611684243576772,0.36335601370479687,0.6027901904517001,model_implied_state_space,0.11129999999999995,0.02481684243576776,True,True,28,-6436.183268993662,-8626.915462086648,-6436.183268993662,0.585018450179632,9.087286526305182e-05,28.0,0,{},14,expanding,40,1965:Q3,,5,0.02
no_revision,pseudo,2024:Q2:pre_advance:pseudo,2024-07-31,pre_advance,DELTA_SA,DELTA_SA,2024:Q2,0.0,,,not_available,0.11129999999999995,-0.11129999999999995,True,True,0,,,,,,,0,{},14,expanding,40,1965:Q3,,5,0.02
release_dfm,pseudo,2024:Q2:pre_advance:pseudo,2024-07-31,pre_advance,DELTA_SA,DELTA_SA,2024:Q2,0.09271338046008237,,,not_available,0.11129999999999995,-0.01858661953991758,True,True,0,,,,,,,0,{},14,expanding,40,1965:Q3,,5,0.02
revision_dfm_kalman_em,pseudo,2024:Q2:pre_advance:pseudo,2024-07-31,pre_advance,DELTA_SA,DELTA_SA,2024:Q2,0.11222126818299039,0.38680666318779977,0.6219378290374367,model_implied_state_space,0.11129999999999995,0.0009212681829904312,True,True,30,-1906.2142813230382,-3536.9208453360143,-1906.2142813230382,0.18220846053850437,9.552731249871321e-05,30.0,0,{},14,expanding,40,1965:Q3,,5,0.02
standard_dfm,pseudo,2024:Q2:pre_advance:pseudo,2024-07-31,pre_advance,DELTA_SA,DELTA_SA,2024:Q2,0.09271338046008237,,,not_available,0.11129999999999995,-0.01858661953991758,True,True,0,,,,,,,0,{},14,expanding,40,1965:Q3,,5,0.02
ar,exact,2024:Q2:pre_second:exact,2024-08-28,pre_second,DELTA_TS,DELTA_TS,2024:Q2,0.07879341069259516,,,not_available,0.03810000000000002,0.04069341069259513,True,True,0,,,,,,,0,{},14,expanding,40,1965:Q3,,5,0.02
bridge,exact,2024:Q2:pre_second:exact,2024-08-28,pre_second,DELTA_TS,DELTA_TS,2024:Q2,-0.20080448163236309,,,not_available,0.03810000000000002,-0.2389044816323631,True,True,0,,,,,,,0,{},14,expanding,40,1965:Q3,,5,0.02
indicator_revision_only_dfm_kalman_em,exact,2024:Q2:pre_second:exact,2024-08-28,pre_second,DELTA_TS,DELTA_TS,2024:Q2,0.0,0.14259588879624596,0.3776187082180198,model_implied_state_space,0.03810000000000002,-0.03810000000000002,True,False,50,-3657.1656303341997,-5796.0684095042,-3657.1656303341997,1.3207354958417454,0.0003609073415804836,51.0,0,{},14,expanding,40,1965:Q3,,5,0.02
joint_indicator_revision_dfm_full_kalman_em,exact,2024:Q2:pre_second:exact,2024-08-28,pre_second,DELTA_TS,DELTA_TS,2024:Q2,0.011075054380128346,0.139928998186567,0.3740708464804054,model_implied_state_space,0.03810000000000002,-0.027024945619871676,True,False,50,-3642.8780221235006,-5811.208966642343,-3642.8780221235006,1.5799538016126462,0.0004334033781343204,51.0,0,{},14,expanding,40,1965:Q3,,5,0.02
midas_umidas,exact,2024:Q2:pre_second:exact,2024-08-28,pre_second,DELTA_TS,DELTA_TS,2024:Q2,0.051366070705513245,,,not_available,0.03810000000000002,0.013266070705513222,True,True,0,,,,,,,0,{},14,expanding,40,1965:Q3,,5,0.02
monthly_mixed_frequency_kalman_em,exact,2024:Q2:pre_second:exact,2024-08-28,pre_second,DELTA_TS,DELTA_TS,2024:Q2,0.07560123407578434,0.14510889801505167,0.38093161855515706,model_implied_state_space,0.03810000000000002,0.03750123407578432,True,True,28,-6452.758313829933,-8646.172861549527,-6452.758313829933,0.5888316350774403,9.123023937303534e-05,28.0,0,{},14,expanding,40,1965:Q3,,5,0.02
no_revision,exact,2024:Q2:pre_second:exact,2024-08-28,pre_second,DELTA_TS,DELTA_TS,2024:Q2,0.0,,,not_available,0.03810000000000002,-0.03810000000000002,True,True,0,,,,,,,0,{},14,expanding,40,1965:Q3,,5,0.02
release_dfm,exact,2024:Q2:pre_second:exact,2024-08-28,pre_second,DELTA_TS,DELTA_TS,2024:Q2,0.05113334221197485,,,not_available,0.03810000000000002,0.01303334221197483,True,True,0,,,,,,,0,{},14,expanding,40,1965:Q3,,5,0.02
revision_dfm_kalman_em,exact,2024:Q2:pre_second:exact,2024-08-28,pre_second,DELTA_TS,DELTA_TS,2024:Q2,0.0016479510376501416,0.14102897583111162,0.3755382481600398,model_implied_state_space,0.03810000000000002,-0.03645204896234988,True,True,30,-1905.7260667994615,-3538.0890000189274,-1905.7260667994615,0.18001812725310629,9.440324758312608e-05,30.0,0,{},14,expanding,40,1965:Q3,,5,0.02
standard_dfm,exact,2024:Q2:pre_second:exact,2024-08-28,pre_second,DELTA_TS,DELTA_TS,2024:Q2,0.06724260548397121,,,not_available,0.03810000000000002,0.029142605483971185,True,True,0,,,,,,,0,{},14,expanding,40,1965:Q3,,5,0.02
ar,pseudo,2024:Q2:pre_second:pseudo,2024-08-31,pre_second,DELTA_TS,DELTA_TS,2024:Q2,0.07879341069259516,,,not_available,0.03810000000000002,0.04069341069259513,True,True,0,,,,,,,0,{},14,expanding,40,1965:Q3,,5,0.02
bridge,pseudo,2024:Q2:pre_second:pseudo,2024-08-31,pre_second,DELTA_TS,DELTA_TS,2024:Q2,-0.19987962032259343,,,not_available,0.03810000000000002,-0.23797962032259345,True,True,0,,,,,,,0,{},14,expanding,40,1965:Q3,,5,0.02
indicator_revision_only_dfm_kalman_em,pseudo,2024:Q2:pre_second:pseudo,2024-08-31,pre_second,DELTA_TS,DELTA_TS,2024:Q2,0.0,0.14259591046024833,0.3776187369030413,model_implied_state_space,0.03810000000000002,-0.03810000000000002,True,False,50,-3657.1682903513533,-5796.065986662735,-3657.1682903513533,1.321811915465787,0.00036120111778605696,51.0,0,{},14,expanding,40,1965:Q3,,5,0.02
joint_indicator_revision_dfm_full_kalman_em,pseudo,2024:Q2:pre_second:pseudo,2024-08-31,pre_second,DELTA_TS,DELTA_TS,2024:Q2,0.01107354462802057,0.13992894376941456,0.3740707737439729,model_implied_state_space,0.03810000000000002,-0.027026455371979452,True,False,50,-3642.884874840168,-5811.206545056276,-3642.884874840168,1.580381878308799,0.0004335199397103581,51.0,0,{},14,expanding,40,1965:Q3,,5,0.02
midas_umidas,pseudo,2024:Q2:pre_second:pseudo,2024-08-31,pre_second,DELTA_TS,DELTA_TS,2024:Q2,0.058679698832893035,,,not_available,0.03810000000000002,0.020579698832893012,True,True,0,,,,,,,0,{},14,expanding,40,1965:Q3,,5,0.02
monthly_mixed_frequency_kalman_em,pseudo,2024:Q2:pre_second:pseudo,2024-08-31,pre_second,DELTA_TS,DELTA_TS,2024:Q2,0.07560374420843585,0.14510973017884787,0.380932710828104,model_implied_state_space,0.03810000000000002,0.03750374420843583,True,True,28,-6454.1930511441815,-8647.504739708897,-6454.1930511441815,0.5891602155470537,9.126085674178337e-05,28.0,0,{},14,expanding,40,1965:Q3,,5,0.02
no_revision,pseudo,2024:Q2:pre_second:pseudo,2024-08-31,pre_second,DELTA_TS,DELTA_TS,2024:Q2,0.0,,,not_available,0.03810000000000002,-0.03810000000000002,True,True,0,,,,,,,0,{},14,expanding,40,1965:Q3,,5,0.02
release_dfm,pseudo,2024:Q2:pre_second:pseudo,2024-08-31,pre_second,DELTA_TS,DELTA_TS,2024:Q2,0.051127950789570775,,,not_available,0.03810000000000002,0.013027950789570752,True,True,0,,,,,,,0,{},14,expanding,40,1965:Q3,,5,0.02
revision_dfm_kalman_em,pseudo,2024:Q2:pre_second:pseudo,2024-08-31,pre_second,DELTA_TS,DELTA_TS,2024:Q2,0.001645422703007604,0.14102898356230975,0.3755382584535293,model_implied_state_space,0.03810000000000002,-0.03645457729699242,True,True,30,-1905.722076190383,-3538.0881138478208,-1905.722076190383,0.18001439531622054,9.440148825938393e-05,30.0,0,{},14,expanding,40,1965:Q3,,5,0.02
standard_dfm,pseudo,2024:Q2:pre_second:pseudo,2024-08-31,pre_second,DELTA_TS,DELTA_TS,2024:Q2,0.06725430602293114,,,not_available,0.03810000000000002,0.02915430602293112,True,True,0,,,,,,,0,{},14,expanding,40,1965:Q3,,5,0.02
ar,exact,2024:Q2:pre_third:exact,2024-09-25,pre_third,DELTA_MT,DELTA_MT,2024:Q2,0.4003926973988654,,,not_available,0.6000000000000001,-0.19960730260113468,True,True,0,,,,,,,0,{},14,expanding,40,1965:Q3,,5,0.02
bridge,exact,2024:Q2:pre_third:exact,2024-09-25,pre_third,DELTA_MT,DELTA_MT,2024:Q2,0.1573735216015888,,,not_available,0.6000000000000001,-0.4426264783984113,True,True,0,,,,,,,0,{},14,expanding,40,1965:Q3,,5,0.02
indicator_revision_only_dfm_kalman_em,exact,2024:Q2:pre_third:exact,2024-09-25,pre_third,DELTA_MT,DELTA_MT,2024:Q2,0.0,4.164229839780081,2.040644466775161,model_implied_state_space,0.6000000000000001,-0.6000000000000001,True,True,40,-3617.918066577535,-5770.263531397881,-3617.918066577535,0.3134802119661799,8.66151302876042e-05,40.0,0,{},14,expanding,40,1965:Q3,,5,0.02
joint_indicator_revision_dfm_full_kalman_em,exact,2024:Q2:pre_third:exact,2024-09-25,pre_third,DELTA_MT,DELTA_MT,2024:Q2,0.005949580999354609,4.161006887880786,2.0398546242026137,model_implied_state_space,0.6000000000000001,-0.5940504190006455,True,True,41,-3590.390470557755,-5782.605346808572,-3590.390470557755,0.32310005424687915,8.995707700372812e-05,41.0,0,{},14,expanding,40,1965:Q3,,5,0.02
midas_umidas,exact,2024:Q2:pre_third:exact,2024-09-25,pre_third,DELTA_MT,DELTA_MT,2024:Q2,-0.3830324221771648,,,not_available,0.6000000000000001,-0.9830324221771649,True,True,0,,,,,,,0,{},14,expanding,40,1965:Q3,,5,0.02
monthly_mixed_frequency_kalman_em,exact,2024:Q2:pre_third:exact,2024-09-25,pre_third,DELTA_MT,DELTA_MT,2024:Q2,0.04982911492617914,4.115750491892345,2.0287312517660747,model_implied_state_space,0.6000000000000001,-0.550170885073821,True,True,27,-6463.345216908381,-8630.23028076301,-6463.345216908381,0.5916755523394386,9.152070038447533e-05,27.0,0,{},14,expanding,40,1965:Q3,,5,0.02
no_revision,exact,2024:Q2:pre_third:exact,2024-09-25,pre_third,DELTA_MT,DELTA_MT,2024:Q2,0.0,,,not_available,0.6000000000000001,-0.6000000000000001,True,True,0,,,,,,,0,{},14,expanding,40,1965:Q3,,5,0.02
release_dfm,exact,2024:Q2:pre_third:exact,2024-09-25,pre_third,DELTA_MT,DELTA_MT,2024:Q2,0.20707504341068006,,,not_available,0.6000000000000001,-0.39292495658932003,True,True,0,,,,,,,0,{},14,expanding,40,1965:Q3,,5,0.02
revision_dfm_kalman_em,exact,2024:Q2:pre_third:exact,2024-09-25,pre_third,DELTA_MT,DELTA_MT,2024:Q2,0.0016200733306557247,4.152442735667399,2.037754336436902,model_implied_state_space,0.6000000000000001,-0.5983799266693444,True,True,30,-1904.91548091634,-3539.2793597992663,-1904.91548091634,0.17890049014636134,9.385709957045916e-05,30.0,0,{},14,expanding,40,1965:Q3,,5,0.02
standard_dfm,exact,2024:Q2:pre_third:exact,2024-09-25,pre_third,DELTA_MT,DELTA_MT,2024:Q2,0.32031491930789757,,,not_available,0.6000000000000001,-0.2796850806921025,True,True,0,,,,,,,0,{},14,expanding,40,1965:Q3,,5,0.02
ar,pseudo,2024:Q2:pre_third:pseudo,2024-09-30,pre_third,DELTA_MT,DELTA_MT,2024:Q2,0.4003926973988654,,,not_available,0.6000000000000001,-0.19960730260113468,True,True,0,,,,,,,0,{},14,expanding,40,1965:Q3,,5,0.02
bridge,pseudo,2024:Q2:pre_third:pseudo,2024-09-30,pre_third,DELTA_MT,DELTA_MT,2024:Q2,0.15291493606565654,,,not_available,0.6000000000000001,-0.44708506393434355,True,True,0,,,,,,,0,{},14,expanding,40,1965:Q3,,5,0.02
indicator_revision_only_dfm_kalman_em,pseudo,2024:Q2:pre_third:pseudo,2024-09-30,pre_third,DELTA_MT,DELTA_MT,2024:Q2,0.0,4.164223648491193,2.0406429497810716,model_implied_state_space,0.6000000000000001,-0.6000000000000001,True,True,40,-3618.083269839576,-5770.280147497547,-3618.083269839576,0.29985863455567596,8.284799478581067e-05,40.0,0,{},14,expanding,40,1965:Q3,,5,0.02
joint_indicator_revision_dfm_full_kalman_em,pseudo,2024:Q2:pre_third:pseudo,2024-09-30,pre_third,DELTA_MT,DELTA_MT,2024:Q2,0.005930383630431191,4.161074290322993,2.039871145519489,model_implied_state_space,0.6000000000000001,-0.5940696163695689,True,True,41,-3590.536231114379,-5782.623106353823,-3590.536231114379,0.30608191811506913,8.521585622077395e-05,41.0,0,{},14,expanding,40,1965:Q3,,5,0.02
midas_umidas,pseudo,2024:Q2:pre_third:pseudo,2024-09-30,pre_third,DELTA_MT,DELTA_MT,2024:Q2,-0.32044010003960244,,,not_available,0.6000000000000001,-0.9204401000396025,True,True,0,,,,,,,0,{},14,expanding,40,1965:Q3,,5,0.02
monthly_mixed_frequency_kalman_em,pseudo,2024:Q2:pre_third:pseudo,2024-09-30,pre_third,DELTA_MT,DELTA_MT,2024:Q2,0.04980831485034365,4.115768573048126,2.0287357080329924,model_implied_state_space,0.6000000000000001,-0.5501916851496564,True,True,27,-6467.278082810968,-8633.158785558899,-6467.278082810968,0.594981703706253,9.197609811978763e-05,27.0,0,{},14,expanding,40,1965:Q3,,5,0.02
no_revision,pseudo,2024:Q2:pre_third:pseudo,2024-09-30,pre_third,DELTA_MT,DELTA_MT,2024:Q2,0.0,,,not_available,0.6000000000000001,-0.6000000000000001,True,True,0,,,,,,,0,{},14,expanding,40,1965:Q3,,5,0.02
release_dfm,pseudo,2024:Q2:pre_third:pseudo,2024-09-30,pre_third,DELTA_MT,DELTA_MT,2024:Q2,0.22809448852743675,,,not_available,0.6000000000000001,-0.37190551147256334,True,True,0,,,,,,,0,{},14,expanding,40,1965:Q3,,5,0.02
revision_dfm_kalman_em,pseudo,2024:Q2:pre_third:pseudo,2024-09-30,pre_third,DELTA_MT,DELTA_MT,2024:Q2,0.0016247054290920993,4.152453992253031,2.0377570984425577,model_implied_state_space,0.6000000000000001,-0.598375294570908,True,True,30,-1905.656127429243,-3539.513358564902,-1905.656127429243,0.17970427819386714,9.424213411856995e-05,30.0,0,{},14,expanding,40,1965:Q3,,5,0.02
standard_dfm,pseudo,2024:Q2:pre_third:pseudo,2024-09-30,pre_third,DELTA_MT,DELTA_MT,2024:Q2,0.3235354371853605,,,not_available,0.6000000000000001,-0.2764645628146396,True,True,0,,,,,,,0,{},14,expanding,40,1965:Q3,,5,0.02
ar,exact,2024:Q3:pre_advance:exact,2024-10-29,pre_advance,DELTA_SA,DELTA_SA,2024:Q3,0.09455321279906093,,,not_available,0.008799999999999919,0.08575321279906101,True,True,0,,,,,,,0,{},14,expanding,40,1965:Q3,,5,0.02
bridge,exact,2024:Q3:pre_advance:exact,2024-10-29,pre_advance,DELTA_SA,DELTA_SA,2024:Q3,0.08142710177194123,,,not_available,0.008799999999999919,0.07262710177194132,True,True,0,,,,,,,0,{},14,expanding,40,1965:Q3,,5,0.02
indicator_revision_only_dfm_kalman_em,exact,2024:Q3:pre_advance:exact,2024-10-29,pre_advance,DELTA_SA,DELTA_SA,2024:Q3,0.0,0.40309112646166056,0.6348945790142333,model_implied_state_space,0.008799999999999919,-0.008799999999999919,True,False,50,-3685.0284524084277,-5835.656379767207,-3685.0284524084277,0.839442665039769,0.00022768449777152693,51.0,0,{},14,expanding,40,1965:Q3,,5,0.02
joint_indicator_revision_dfm_full_kalman_em,exact,2024:Q3:pre_advance:exact,2024-10-29,pre_advance,DELTA_SA,DELTA_SA,2024:Q3,0.1708729674305527,0.37350676289227547,0.6111519965542741,model_implied_state_space,0.008799999999999919,0.16207296743055277,True,False,50,-3668.623609206209,-5850.765802292583,-3668.623609206209,1.1504713253057162,0.00031341381955577396,51.0,0,{},14,expanding,40,1965:Q3,,5,0.02
midas_umidas,exact,2024:Q3:pre_advance:exact,2024-10-29,pre_advance,DELTA_SA,DELTA_SA,2024:Q3,0.4710608201725559,,,not_available,0.008799999999999919,0.462260820172556,True,True,0,,,,,,,0,{},14,expanding,40,1965:Q3,,5,0.02
monthly_mixed_frequency_kalman_em,exact,2024:Q3:pre_advance:exact,2024-10-29,pre_advance,DELTA_SA,DELTA_SA,2024:Q3,0.0358171803823748,0.36169309025255103,0.6014092535474916,model_implied_state_space,0.008799999999999919,0.027017180382374884,True,True,28,-6486.55240831008,-8688.148717082293,-6486.55240831008,0.5901635054524377,9.096031705839909e-05,28.0,0,{},14,expanding,40,1965:Q3,,5,0.02
no_revision,exact,2024:Q3:pre_advance:exact,2024-10-29,pre_advance,DELTA_SA,DELTA_SA,2024:Q3,0.0,,,not_available,0.008799999999999919,-0.008799999999999919,True,True,0,,,,,,,0,{},14,expanding,40,1965:Q3,,5,0.02
release_dfm,exact,2024:Q3:pre_advance:exact,2024-10-29,pre_advance,DELTA_SA,DELTA_SA,2024:Q3,0.09251068801486473,,,not_available,0.008799999999999919,0.08371068801486481,True,True,0,,,,,,,0,{},14,expanding,40,1965:Q3,,5,0.02
revision_dfm_kalman_em,exact,2024:Q3:pre_advance:exact,2024-10-29,pre_advance,DELTA_SA,DELTA_SA,2024:Q3,0.1208755179299903,0.3851764406634155,0.6206258459518227,model_implied_state_space,0.008799999999999919,0.11207551792999038,True,True,30,-1921.0437045866763,-3560.192150408164,-1921.0437045866763,0.1810321102875605,9.417843128927539e-05,30.0,0,{},14,expanding,40,1965:Q3,,5,0.02
standard_dfm,exact,2024:Q3:pre_advance:exact,2024-10-29,pre_advance,DELTA_SA,DELTA_SA,2024:Q3,0.09251068801486473,,,not_available,0.008799999999999919,0.08371068801486481,True,True,0,,,,,,,0,{},14,expanding,40,1965:Q3,,5,0.02
ar,pseudo,2024:Q3:pre_advance:pseudo,2024-10-31,pre_advance,DELTA_SA,DELTA_SA,2024:Q3,0.09455321279906093,,,not_available,0.008799999999999919,0.08575321279906101,True,True,0,,,,,,,0,{},14,expanding,40,1965:Q3,,5,0.02
bridge,pseudo,2024:Q3:pre_advance:pseudo,2024-10-31,pre_advance,DELTA_SA,DELTA_SA,2024:Q3,0.0803244164970831,,,not_available,0.008799999999999919,0.07152441649708319,True,True,0,,,,,,,0,{},14,expanding,40,1965:Q3,,5,0.02
indicator_revision_only_dfm_kalman_em,pseudo,2024:Q3:pre_advance:pseudo,2024-10-31,pre_advance,DELTA_SA,DELTA_SA,2024:Q3,0.0,0.40309086611324485,0.6348943739814087,model_implied_state_space,0.008799999999999919,-0.008799999999999919,True,False,50,-3685.11042389736,-5835.652119746858,-3685.11042389736,0.8394303964691971,0.0002276761088821414,51.0,0,{},14,expanding,40,1965:Q3,,5,0.02
joint_indicator_revision_dfm_full_kalman_em,pseudo,2024:Q3:pre_advance:pseudo,2024-10-31,pre_advance,DELTA_SA,DELTA_SA,2024:Q3,0.17235548033497317,0.3734992669221615,0.6111458638673435,model_implied_state_space,0.008799999999999919,0.16355548033497325,True,False,50,-3668.7084537929663,-5850.761430850349,-3668.7084537929663,1.150628921761836,0.000313449493929063,51.0,0,{},14,expanding,40,1965:Q3,,5,0.02
midas_umidas,pseudo,2024:Q3:pre_advance:pseudo,2024-10-31,pre_advance,DELTA_SA,DELTA_SA,2024:Q3,0.46289995995781275,,,not_available,0.008799999999999919,0.4540999599578128,True,True,0,,,,,,,0,{},14,expanding,40,1965:Q3,,5,0.02
monthly_mixed_frequency_kalman_em,pseudo,2024:Q3:pre_advance:pseudo,2024-10-31,pre_advance,DELTA_SA,DELTA_SA,2024:Q3,0.035866599937474763,0.3616908590466519,0.60140739856328,model_implied_state_space,0.008799999999999919,0.027066599937474844,True,True,28,-6487.884277396865,-8689.474999382368,-6487.884277396865,0.5903116102199419,9.096446902186913e-05,28.0,0,{},14,expanding,40,1965:Q3,,5,0.02
no_revision,pseudo,2024:Q3:pre_advance:pseudo,2024-10-31,pre_advance,DELTA_SA,DELTA_SA,2024:Q3,0.0,,,not_available,0.008799999999999919,-0.008799999999999919,True,True,0,,,,,,,0,{},14,expanding,40,1965:Q3,,5,0.02
release_dfm,pseudo,2024:Q3:pre_advance:pseudo,2024-10-31,pre_advance,DELTA_SA,DELTA_SA,2024:Q3,0.0925133839370913,,,not_available,0.008799999999999919,0.08371338393709138,True,True,0,,,,,,,0,{},14,expanding,40,1965:Q3,,5,0.02
revision_dfm_kalman_em,pseudo,2024:Q3:pre_advance:pseudo,2024-10-31,pre_advance,DELTA_SA,DELTA_SA,2024:Q3,0.12088603046866386,0.3851768023084672,0.6206261373068872,model_implied_state_space,0.008799999999999919,0.11208603046866394,True,True,30,-1921.0458825478267,-3560.192453905428,-1921.0458825478267,0.18104099601168855,9.418294676568123e-05,30.0,0,{},14,expanding,40,1965:Q3,,5,0.02
standard_dfm,pseudo,2024:Q3:pre_advance:pseudo,2024-10-31,pre_advance,DELTA_SA,DELTA_SA,2024:Q3,0.0925133839370913,,,not_available,0.008799999999999919,0.08371338393709138,True,True,0,,,,,,,0,{},14,expanding,40,1965:Q3,,5,0.02
ar,exact,2024:Q3:pre_second:exact,2024-11-26,pre_second,DELTA_TS,DELTA_TS,2024:Q3,0.06846951380118549,,,not_available,0.23939999999999984,-0.17093048619881435,True,True,0,,,,,,,0,{},14,expanding,40,1965:Q3,,5,0.02
bridge,exact,2024:Q3:pre_second:exact,2024-11-26,pre_second,DELTA_TS,DELTA_TS,2024:Q3,0.002157589970466667,,,not_available,0.23939999999999984,-0.23724241002953317,True,True,0,,,,,,,0,{},14,expanding,40,1965:Q3,,5,0.02
indicator_revision_only_dfm_kalman_em,exact,2024:Q3:pre_second:exact,2024-11-26,pre_second,DELTA_TS,DELTA_TS,2024:Q3,0.0,0.14199058927121078,0.37681638668084855,model_implied_state_space,0.23939999999999984,-0.23939999999999984,True,False,50,-3685.5894562497087,-5837.029732277771,-3685.5894562497087,0.7649091964376566,0.00020744119513045703,51.0,0,{},14,expanding,40,1965:Q3,,5,0.02
joint_indicator_revision_dfm_full_kalman_em,exact,2024:Q3:pre_second:exact,2024-11-26,pre_second,DELTA_TS,DELTA_TS,2024:Q3,0.00979264589925144,0.13937421157284902,0.37332855713546614,model_implied_state_space,0.23939999999999984,-0.2296073541007484,True,False,50,-3668.622379047651,-5852.231461275363,-3668.622379047651,1.0132618766397172,0.0002760453435755806,51.0,0,{},14,expanding,40,1965:Q3,,5,0.02
midas_umidas,exact,2024:Q3:pre_second:exact,2024-11-26,pre_second,DELTA_TS,DELTA_TS,2024:Q3,0.0015542975941484904,,,not_available,0.23939999999999984,-0.23784570240585134,True,True,0,,,,,,,0,{},14,expanding,40,1965:Q3,,5,0.02
monthly_mixed_frequency_kalman_em,exact,2024:Q3:pre_second:exact,2024-11-26,pre_second,DELTA_TS,DELTA_TS,2024:Q3,0.0031621501145671083,0.14447192815236565,0.3800946305229339,model_implied_state_space,0.23939999999999984,-0.23623784988543273,True,True,28,-6503.904995170391,-8707.256363283941,-6503.904995170391,0.5940477689409818,9.131471160321277e-05,28.0,0,{},14,expanding,40,1965:Q3,,5,0.02
no_revision,exact,2024:Q3:pre_second:exact,2024-11-26,pre_second,DELTA_TS,DELTA_TS,2024:Q3,0.0,,,not_available,0.23939999999999984,-0.23939999999999984,True,True,0,,,,,,,0,{},14,expanding,40,1965:Q3,,5,0.02
release_dfm,exact,2024:Q3:pre_second:exact,2024-11-26,pre_second,DELTA_TS,DELTA_TS,2024:Q3,0.05152506963289527,,,not_available,0.23939999999999984,-0.18787493036710456,True,True,0,,,,,,,0,{},14,expanding,40,1965:Q3,,5,0.02
revision_dfm_kalman_em,exact,2024:Q3:pre_second:exact,2024-11-26,pre_second,DELTA_TS,DELTA_TS,2024:Q3,0.006957290785942316,0.14042611445214614,0.3747347254420734,model_implied_state_space,0.23939999999999984,-0.23244270921405752,True,True,30,-1921.82736922067,-3561.5925050603933,-1921.82736922067,0.18011488408592413,9.366312173755033e-05,30.0,0,{},14,expanding,40,1965:Q3,,5,0.02
standard_dfm,exact,2024:Q3:pre_second:exact,2024-11-26,pre_second,DELTA_TS,DELTA_TS,2024:Q3,0.06600192387951109,,,not_available,0.23939999999999984,-0.17339807612048874,True,True,0,,,,,,,0,{},14,expanding,40,1965:Q3,,5,0.02
ar,pseudo,2024:Q3:pre_second:pseudo,2024-11-30,pre_second,DELTA_TS,DELTA_TS,2024:Q3,0.06846951380118549,,,not_available,0.23939999999999984,-0.17093048619881435,True,True,0,,,,,,,0,{},14,expanding,40,1965:Q3,,5,0.02
bridge,pseudo,2024:Q3:pre_second:pseudo,2024-11-30,pre_second,DELTA_TS,DELTA_TS,2024:Q3,-0.008926583410608924,,,not_available,0.23939999999999984,-0.24832658341060876,True,True,0,,,,,,,0,{},14,expanding,40,1965:Q3,,5,0.02
indicator_revision_only_dfm_kalman_em,pseudo,2024:Q3:pre_second:pseudo,2024-11-30,pre_second,DELTA_TS,DELTA_TS,2024:Q3,0.0,0.14199000581086263,0.3768156124828994,model_implied_state_space,0.23939999999999984,-0.23939999999999984,True,False,50,-3685.542240063858,-5837.114900753645,-3685.542240063858,0.7383771130275818,0.0002002497747494222,51.0,0,{},14,expanding,40,1965:Q3,,5,0.02
joint_indicator_revision_dfm_full_kalman_em,pseudo,2024:Q3:pre_second:pseudo,2024-11-30,pre_second,DELTA_TS,DELTA_TS,2024:Q3,0.009777339722215395,0.13937607438892918,0.3733310520020123,model_implied_state_space,0.23939999999999984,-0.22962266027778444,True,False,50,-3668.4726920694798,-5852.316596858335,-3668.4726920694798,0.9765789609627973,0.00026606523857190714,51.0,0,{},14,expanding,40,1965:Q3,,5,0.02
midas_umidas,pseudo,2024:Q3:pre_second:pseudo,2024-11-30,pre_second,DELTA_TS,DELTA_TS,2024:Q3,-3.7562781915134735e-05,,,not_available,0.23939999999999984,-0.23943756278191497,True,True,0,,,,,,,0,{},14,expanding,40,1965:Q3,,5,0.02
monthly_mixed_frequency_kalman_em,pseudo,2024:Q3:pre_second:pseudo,2024-11-30,pre_second,DELTA_TS,DELTA_TS,2024:Q3,0.0031579766160358957,0.1444730137085276,0.38009605852800893,model_implied_state_space,0.23939999999999984,-0.23624202338396394,True,True,28,-6506.789067067091,-8709.979177076575,-6506.789067067091,0.5946370317360561,9.136477791891214e-05,28.0,0,{},14,expanding,40,1965:Q3,,5,0.02
no_revision,pseudo,2024:Q3:pre_second:pseudo,2024-11-30,pre_second,DELTA_TS,DELTA_TS,2024:Q3,0.0,,,not_available,0.23939999999999984,-0.23939999999999984,True,True,0,,,,,,,0,{},14,expanding,40,1965:Q3,,5,0.02
release_dfm,pseudo,2024:Q3:pre_second:pseudo,2024-11-30,pre_second,DELTA_TS,DELTA_TS,2024:Q3,0.05157428620169391,,,not_available,0.23939999999999984,-0.18782571379830593,True,True,0,,,,,,,0,{},14,expanding,40,1965:Q3,,5,0.02
revision_dfm_kalman_em,pseudo,2024:Q3:pre_second:pseudo,2024-11-30,pre_second,DELTA_TS,DELTA_TS,2024:Q3,0.006887878045999329,0.14042564409660185,0.3747340978568695,model_implied_state_space,0.23939999999999984,-0.2325121219540005,True,True,30,-1921.9507727857706,-3561.6202660018694,-1921.9507727857706,0.18025738739834196,9.373120425502709e-05,30.0,0,{},14,expanding,40,1965:Q3,,5,0.02
standard_dfm,pseudo,2024:Q3:pre_second:pseudo,2024-11-30,pre_second,DELTA_TS,DELTA_TS,2024:Q3,0.06588065497536855,,,not_available,0.23939999999999984,-0.1735193450246313,True,True,0,,,,,,,0,{},14,expanding,40,1965:Q3,,5,0.02
ar,exact,2024:Q3:pre_third:exact,2024-12-18,pre_third,DELTA_MT,DELTA_MT,2024:Q3,0.27166811072994523,,,not_available,0.26780000000000026,0.0038681107299449735,True,True,0,,,,,,,0,{},14,expanding,40,1965:Q3,,5,0.02
bridge,exact,2024:Q3:pre_third:exact,2024-12-18,pre_third,DELTA_MT,DELTA_MT,2024:Q3,0.30112974819558413,,,not_available,0.26780000000000026,0.033329748195583875,True,True,0,,,,,,,0,{},14,expanding,40,1965:Q3,,5,0.02
indicator_revision_only_dfm_kalman_em,exact,2024:Q3:pre_third:exact,2024-12-18,pre_third,DELTA_MT,DELTA_MT,2024:Q3,0.0,4.158972575941656,2.0393559218394555,model_implied_state_space,0.26780000000000026,-0.26780000000000026,True,False,50,-3685.0036341958967,-5838.423978445989,-3685.0036341958967,0.7542097488972104,0.00020457263015956955,51.0,0,{},14,expanding,40,1965:Q3,,5,0.02
joint_indicator_revision_dfm_full_kalman_em,exact,2024:Q3:pre_third:exact,2024-12-18,pre_third,DELTA_MT,DELTA_MT,2024:Q3,0.004523780083045548,4.160098092502947,2.0396318521985646,model_implied_state_space,0.26780000000000026,-0.2632762199169547,True,False,50,-3668.1041084719386,-5853.598160190998,-3668.1041084719386,1.0018218605928269,0.0002729681049020992,51.0,0,{},14,expanding,40,1965:Q3,,5,0.02
midas_umidas,exact,2024:Q3:pre_third:exact,2024-12-18,pre_third,DELTA_MT,DELTA_MT,2024:Q3,-1.8324550388342757,,,not_available,0.26780000000000026,-2.100255038834276,True,True,0,,,,,,,0,{},14,expanding,40,1965:Q3,,5,0.02
monthly_mixed_frequency_kalman_em,exact,2024:Q3:pre_third:exact,2024-12-18,pre_third,DELTA_MT,DELTA_MT,2024:Q3,0.010246322258559815,4.101881300097244,2.025310173799866,model_implied_state_space,0.26780000000000026,-0.25755367774144045,True,True,28,-6521.002891821332,-8727.583307632307,-6521.002891821332,0.5951434377448095,9.124331049187067e-05,28.0,0,{},14,expanding,40,1965:Q3,,5,0.02
no_revision,exact,2024:Q3:pre_third:exact,2024-12-18,pre_third,DELTA_MT,DELTA_MT,2024:Q3,0.0,,,not_available,0.26780000000000026,-0.26780000000000026,True,True,0,,,,,,,0,{},14,expanding,40,1965:Q3,,5,0.02
release_dfm,exact,2024:Q3:pre_third:exact,2024-12-18,pre_third,DELTA_MT,DELTA_MT,2024:Q3,0.1672307245651945,,,not_available,0.26780000000000026,-0.10056927543480576,True,True,0,,,,,,,0,{},14,expanding,40,1965:Q3,,5,0.02
revision_dfm_kalman_em,exact,2024:Q3:pre_third:exact,2024-12-18,pre_third,DELTA_MT,DELTA_MT,2024:Q3,0.0028139806761893205,4.128269601490973,2.031814361965919,model_implied_state_space,0.26780000000000026,-0.26498601932381094,True,True,24,-1921.237610858798,-3595.598519409987,-1921.237610858798,0.18261618513679423,9.499285461514276e-05,24.0,0,{},14,expanding,40,1965:Q3,,5,0.02
standard_dfm,exact,2024:Q3:pre_third:exact,2024-12-18,pre_third,DELTA_MT,DELTA_MT,2024:Q3,0.3184385233812699,,,not_available,0.26780000000000026,0.05063852338126962,True,True,0,,,,,,,0,{},14,expanding,40,1965:Q3,,5,0.02
ar,pseudo,2024:Q3:pre_third:pseudo,2024-12-31,pre_third,DELTA_MT,DELTA_MT,2024:Q3,0.27166811072994523,,,not_available,0.26780000000000026,0.0038681107299449735,True,True,0,,,,,,,0,{},14,expanding,40,1965:Q3,,5,0.02
bridge,pseudo,2024:Q3:pre_third:pseudo,2024-12-31,pre_third,DELTA_MT,DELTA_MT,2024:Q3,0.302614844254264,,,not_available,0.26780000000000026,0.03481484425426373,True,True,0,,,,,,,0,{},14,expanding,40,1965:Q3,,5,0.02
indicator_revision_only_dfm_kalman_em,pseudo,2024:Q3:pre_third:pseudo,2024-12-31,pre_third,DELTA_MT,DELTA_MT,2024:Q3,0.0,4.1589724731404445,2.0393558966351226,model_implied_state_space,0.26780000000000026,-0.26780000000000026,True,False,50,-3685.003136064561,-5838.435892938545,-3685.003136064561,0.7472398282661743,0.00020268251226127936,51.0,0,{},14,expanding,40,1965:Q3,,5,0.02
joint_indicator_revision_dfm_full_kalman_em,pseudo,2024:Q3:pre_third:pseudo,2024-12-31,pre_third,DELTA_MT,DELTA_MT,2024:Q3,0.004522071703831898,4.160094146264149,2.0396308848083637,model_implied_state_space,0.26780000000000026,-0.26327792829616836,True,False,50,-3668.0761244426785,-5853.610074365348,-3668.0761244426785,0.9916971305051447,0.0002702122082528849,51.0,0,{},14,expanding,40,1965:Q3,,5,0.02
midas_umidas,pseudo,2024:Q3:pre_third:pseudo,2024-12-31,pre_third,DELTA_MT,DELTA_MT,2024:Q3,-1.7845959945822476,,,not_available,0.26780000000000026,-2.052395994582248,True,True,0,,,,,,,0,{},14,expanding,40,1965:Q3,,5,0.02
monthly_mixed_frequency_kalman_em,pseudo,2024:Q3:pre_third:pseudo,2024-12-31,pre_third,DELTA_MT,DELTA_MT,2024:Q3,0.010271673463787767,4.101881016654878,2.025310103824814,model_implied_state_space,0.26780000000000026,-0.2575283265362125,True,True,28,-6523.6791500619665,-8730.29071847285,-6523.6791500619665,0.5953237402145533,9.123351708877112e-05,28.0,0,{},14,expanding,40,1965:Q3,,5,0.02
no_revision,pseudo,2024:Q3:pre_third:pseudo,2024-12-31,pre_third,DELTA_MT,DELTA_MT,2024:Q3,0.0,,,not_available,0.26780000000000026,-0.26780000000000026,True,True,0,,,,,,,0,{},14,expanding,40,1965:Q3,,5,0.02
release_dfm,pseudo,2024:Q3:pre_third:pseudo,2024-12-31,pre_third,DELTA_MT,DELTA_MT,2024:Q3,0.16945668764449184,,,not_available,0.26780000000000026,-0.09834331235550842,True,True,0,,,,,,,0,{},14,expanding,40,1965:Q3,,5,0.02
revision_dfm_kalman_em,pseudo,2024:Q3:pre_third:pseudo,2024-12-31,pre_third,DELTA_MT,DELTA_MT,2024:Q3,0.0028070871438181655,4.128270002127802,2.03181446055682,model_implied_state_space,0.26780000000000026,-0.2649929128561821,True,True,24,-1921.278327753217,-3595.608492949145,-1921.278327753217,0.18263348350910746,9.499983988835783e-05,24.0,0,{},14,expanding,40,1965:Q3,,5,0.02
standard_dfm,pseudo,2024:Q3:pre_third:pseudo,2024-12-31,pre_third,DELTA_MT,DELTA_MT,2024:Q3,0.31838687935548604,,,not_available,0.26780000000000026,0.05058687935548578,True,True,0,,,,,,,0,{},14,expanding,40,1965:Q3,,5,0.02
ar,exact,2024:Q4:pre_advance:exact,2025-01-29,pre_advance,DELTA_SA,DELTA_SA,2024:Q4,0.08856620479105981,,,not_available,0.0939000000000001,-0.005333795208940284,True,True,0,,,,,,,0,{},14,expanding,40,1965:Q3,,5,0.02
bridge,exact,2024:Q4:pre_advance:exact,2025-01-29,pre_advance,DELTA_SA,DELTA_SA,2024:Q4,0.080781412992601,,,not_available,0.0939000000000001,-0.013118587007399096,True,True,0,,,,,,,0,{},14,expanding,40,1965:Q3,,5,0.02
indicator_revision_only_dfm_kalman_em,exact,2024:Q4:pre_advance:exact,2025-01-29,pre_advance,DELTA_SA,DELTA_SA,2024:Q4,0.0,0.4013966934161717,0.6335587529315427,model_implied_state_space,0.0939000000000001,-0.0939000000000001,True,False,50,-3712.280561202744,-5876.975270616428,-3712.280561202744,0.5322317853833738,0.00014331142010934293,51.0,0,{},14,expanding,40,1965:Q3,,5,0.02
joint_indicator_revision_dfm_full_kalman_em,exact,2024:Q4:pre_advance:exact,2025-01-29,pre_advance,DELTA_SA,DELTA_SA,2024:Q4,-0.02545190599315106,0.36978209364573456,0.6080971087299581,model_implied_state_space,0.0939000000000001,-0.11935190599315115,True,False,50,-3694.1945114105006,-5892.14983249805,-3694.1945114105006,0.6075812154808773,0.00016439765989990338,51.0,0,{},14,expanding,40,1965:Q3,,5,0.02
midas_umidas,exact,2024:Q4:pre_advance:exact,2025-01-29,pre_advance,DELTA_SA,DELTA_SA,2024:Q4,-1.185192405650786,,,not_available,0.0939000000000001,-1.2790924056507862,True,True,0,,,,,,,0,{},14,expanding,40,1965:Q3,,5,0.02
monthly_mixed_frequency_kalman_em,exact,2024:Q4:pre_advance:exact,2025-01-29,pre_advance,DELTA_SA,DELTA_SA,2024:Q4,0.1396480696409732,0.3601193406362171,0.6000994422895402,model_implied_state_space,0.0939000000000001,0.04574806964097311,True,True,28,-6539.143212612603,-8750.666374123035,-6539.143212612603,0.6003269502198236,9.17826767841671e-05,28.0,0,{},14,expanding,40,1965:Q3,,5,0.02
no_revision,exact,2024:Q4:pre_advance:exact,2025-01-29,pre_advance,DELTA_SA,DELTA_SA,2024:Q4,0.0,,,not_available,0.0939000000000001,-0.0939000000000001,True,True,0,,,,,,,0,{},14,expanding,40,1965:Q3,,5,0.02
release_dfm,exact,2024:Q4:pre_advance:exact,2025-01-29,pre_advance,DELTA_SA,DELTA_SA,2024:Q4,0.09221523935173925,,,not_available,0.0939000000000001,-0.0016847606482608413,True,True,0,,,,,,,0,{},14,expanding,40,1965:Q3,,5,0.02
revision_dfm_kalman_em,exact,2024:Q4:pre_advance:exact,2025-01-29,pre_advance,DELTA_SA,DELTA_SA,2024:Q4,0.07330304908394969,0.3834717598747286,0.6192509667935356,model_implied_state_space,0.0939000000000001,-0.020596950916050405,True,True,30,-1936.3520432170583,-3583.582737740895,-1936.3520432170583,0.17958939446998556,9.268978707094633e-05,30.0,0,{},14,expanding,40,1965:Q3,,5,0.02
standard_dfm,exact,2024:Q4:pre_advance:exact,2025-01-29,pre_advance,DELTA_SA,DELTA_SA,2024:Q4,0.09221523935173925,,,not_available,0.0939000000000001,-0.0016847606482608413,True,True,0,,,,,,,0,{},14,expanding,40,1965:Q3,,5,0.02
ar,pseudo,2024:Q4:pre_advance:pseudo,2025-01-31,pre_advance,DELTA_SA,DELTA_SA,2024:Q4,0.08856620479105981,,,not_available,0.0939000000000001,-0.005333795208940284,True,True,0,,,,,,,0,{},14,expanding,40,1965:Q3,,5,0.02
bridge,pseudo,2024:Q4:pre_advance:pseudo,2025-01-31,pre_advance,DELTA_SA,DELTA_SA,2024:Q4,0.07752848161173365,,,not_available,0.0939000000000001,-0.01637151838826645,True,True,0,,,,,,,0,{},14,expanding,40,1965:Q3,,5,0.02
indicator_revision_only_dfm_kalman_em,pseudo,2024:Q4:pre_advance:pseudo,2025-01-31,pre_advance,DELTA_SA,DELTA_SA,2024:Q4,0.0,0.401396899111651,0.6335589152649113,model_implied_state_space,0.0939000000000001,-0.0939000000000001,True,False,50,-3712.2759865593407,-5876.982106749845,-3712.2759865593407,0.5298792894718645,0.00014267824130078952,51.0,0,{},14,expanding,40,1965:Q3,,5,0.02
joint_indicator_revision_dfm_full_kalman_em,pseudo,2024:Q4:pre_advance:pseudo,2025-01-31,pre_advance,DELTA_SA,DELTA_SA,2024:Q4,-0.025191223910355554,0.3697653937474872,0.6080833772991062,model_implied_state_space,0.0939000000000001,-0.11909122391035565,True,False,50,-3694.1827921755107,-5892.156687704526,-3694.1827921755107,0.6029874146856855,0.00016315540202997025,51.0,0,{},14,expanding,40,1965:Q3,,5,0.02
midas_umidas,pseudo,2024:Q4:pre_advance:pseudo,2025-01-31,pre_advance,DELTA_SA,DELTA_SA,2024:Q4,-1.1891689234921832,,,not_available,0.0939000000000001,-1.2830689234921833,True,True,0,,,,,,,0,{},14,expanding,40,1965:Q3,,5,0.02
monthly_mixed_frequency_kalman_em,pseudo,2024:Q4:pre_advance:pseudo,2025-01-31,pre_advance,DELTA_SA,DELTA_SA,2024:Q4,0.13932643791824484,0.3601139958923856,0.600094989057887,model_implied_state_space,0.0939000000000001,0.045426437918244744,True,True,28,-6540.669675618347,-8752.020968437366,-6540.669675618347,0.6009099822404096,9.185037127064126e-05,28.0,0,{},14,expanding,40,1965:Q3,,5,0.02
no_revision,pseudo,2024:Q4:pre_advance:pseudo,2025-01-31,pre_advance,DELTA_SA,DELTA_SA,2024:Q4,0.0,,,not_available,0.0939000000000001,-0.0939000000000001,True,True,0,,,,,,,0,{},14,expanding,40,1965:Q3,,5,0.02
release_dfm,pseudo,2024:Q4:pre_advance:pseudo,2025-01-31,pre_advance,DELTA_SA,DELTA_SA,2024:Q4,0.09222249777661551,,,not_available,0.0939000000000001,-0.001677502223384586,True,True,0,,,,,,,0,{},14,expanding,40,1965:Q3,,5,0.02
revision_dfm_kalman_em,pseudo,2024:Q4:pre_advance:pseudo,2025-01-31,pre_advance,DELTA_SA,DELTA_SA,2024:Q4,0.07334225280953555,0.38347441092844825,0.6192531073224004,model_implied_state_space,0.0939000000000001,-0.020557747190464548,True,True,30,-1936.3713095103,-3583.58627140565,-1936.3713095103,0.17964683620766664,9.27185092186752e-05,30.0,0,{},14,expanding,40,1965:Q3,,5,0.02
standard_dfm,pseudo,2024:Q4:pre_advance:pseudo,2025-01-31,pre_advance,DELTA_SA,DELTA_SA,2024:Q4,0.09222249777661551,,,not_available,0.0939000000000001,-0.001677502223384586,True,True,0,,,,,,,0,{},14,expanding,40,1965:Q3,,5,0.02
ar,exact,2024:Q4:pre_second:exact,2025-02-26,pre_second,DELTA_TS,DELTA_TS,2024:Q4,0.07963622768986722,,,not_available,0.10440000000000005,-0.024763772310132826,True,True,0,,,,,,,0,{},14,expanding,40,1965:Q3,,5,0.02
bridge,exact,2024:Q4:pre_second:exact,2025-02-26,pre_second,DELTA_TS,DELTA_TS,2024:Q4,0.13209416253015238,,,not_available,0.10440000000000005,0.027694162530152333,True,True,0,,,,,,,0,{},14,expanding,40,1965:Q3,,5,0.02
indicator_revision_only_dfm_kalman_em,exact,2024:Q4:pre_second:exact,2025-02-26,pre_second,DELTA_TS,DELTA_TS,2024:Q4,0.0,0.14163341022280695,0.37634214515890585,model_implied_state_space,0.10440000000000005,-0.10440000000000005,True,False,50,-3710.3789038608497,-5878.285271624388,-3710.3789038608497,0.4284478974286685,0.0001154283767517496,51.0,0,{},14,expanding,40,1965:Q3,,5,0.02
joint_indicator_revision_dfm_full_kalman_em,exact,2024:Q4:pre_second:exact,2025-02-26,pre_second,DELTA_TS,DELTA_TS,2024:Q4,-0.0020902040824779533,0.13905335009643693,0.37289857883402683,model_implied_state_space,0.10440000000000005,-0.106490204082478,True,False,50,-3691.701652325111,-5893.554547494826,-3691.701652325111,0.3920952039752592,0.00010616984858226135,51.0,0,{},14,expanding,40,1965:Q3,,5,0.02
midas_umidas,exact,2024:Q4:pre_second:exact,2025-02-26,pre_second,DELTA_TS,DELTA_TS,2024:Q4,-0.7663464835904368,,,not_available,0.10440000000000005,-0.8707464835904368,True,True,0,,,,,,,0,{},14,expanding,40,1965:Q3,,5,0.02
monthly_mixed_frequency_kalman_em,exact,2024:Q4:pre_second:exact,2025-02-26,pre_second,DELTA_TS,DELTA_TS,2024:Q4,0.08210463032636639,0.14333353161443618,0.37859415158509274,model_implied_state_space,0.10440000000000005,-0.022295369673633658,True,True,27,-6548.940949226245,-8733.635195700865,-6548.940949226245,0.6186385703649648,9.444056833212539e-05,27.0,0,{},14,expanding,40,1965:Q3,,5,0.02
no_revision,exact,2024:Q4:pre_second:exact,2025-02-26,pre_second,DELTA_TS,DELTA_TS,2024:Q4,0.0,,,not_available,0.10440000000000005,-0.10440000000000005,True,True,0,,,,,,,0,{},14,expanding,40,1965:Q3,,5,0.02
release_dfm,exact,2024:Q4:pre_second:exact,2025-02-26,pre_second,DELTA_TS,DELTA_TS,2024:Q4,0.050394463414680235,,,not_available,0.10440000000000005,-0.05400553658531981,True,True,0,,,,,,,0,{},14,expanding,40,1965:Q3,,5,0.02
revision_dfm_kalman_em,exact,2024:Q4:pre_second:exact,2025-02-26,pre_second,DELTA_TS,DELTA_TS,2024:Q4,0.0033938387531398106,0.1408379091257912,0.3752837714660617,model_implied_state_space,0.10440000000000005,-0.10100616124686024,True,True,24,-1935.7785238940055,-3617.856931469072,-1935.7785238940055,0.18373221243086846,9.485585578739968e-05,24.0,0,{},14,expanding,40,1965:Q3,,5,0.02
standard_dfm,exact,2024:Q4:pre_second:exact,2025-02-26,pre_second,DELTA_TS,DELTA_TS,2024:Q4,0.06731776128520695,,,not_available,0.10440000000000005,-0.0370822387147931,True,True,0,,,,,,,0,{},14,expanding,40,1965:Q3,,5,0.02
ar,pseudo,2024:Q4:pre_second:pseudo,2025-02-28,pre_second,DELTA_TS,DELTA_TS,2024:Q4,0.07963622768986722,,,not_available,0.10440000000000005,-0.024763772310132826,True,True,0,,,,,,,0,{},14,expanding,40,1965:Q3,,5,0.02
bridge,pseudo,2024:Q4:pre_second:pseudo,2025-02-28,pre_second,DELTA_TS,DELTA_TS,2024:Q4,0.12681342774469284,,,not_available,0.10440000000000005,0.022413427744692793,True,True,0,,,,,,,0,{},14,expanding,40,1965:Q3,,5,0.02
indicator_revision_only_dfm_kalman_em,pseudo,2024:Q4:pre_second:pseudo,2025-02-28,pre_second,DELTA_TS,DELTA_TS,2024:Q4,0.0,0.14163335788427622,0.37634207562306426,model_implied_state_space,0.10440000000000005,-0.10440000000000005,True,False,50,-3710.4282705127566,-5878.330497132432,-3710.4282705127566,0.4300369403035802,0.00011585489118485658,51.0,0,{},14,expanding,40,1965:Q3,,5,0.02
joint_indicator_revision_dfm_full_kalman_em,pseudo,2024:Q4:pre_second:pseudo,2025-02-28,pre_second,DELTA_TS,DELTA_TS,2024:Q4,-0.0020957756105191017,0.1390530239733906,0.3728981415526103,model_implied_state_space,0.10440000000000005,-0.10649577561051915,True,False,50,-3691.7537470978928,-5893.599713291721,-3691.7537470978928,0.39502115509912983,0.00010696053148327158,51.0,0,{},14,expanding,40,1965:Q3,,5,0.02
midas_umidas,pseudo,2024:Q4:pre_second:pseudo,2025-02-28,pre_second,DELTA_TS,DELTA_TS,2024:Q4,-0.7947347124417492,,,not_available,0.10440000000000005,-0.8991347124417493,True,True,0,,,,,,,0,{},14,expanding,40,1965:Q3,,5,0.02
monthly_mixed_frequency_kalman_em,pseudo,2024:Q4:pre_second:pseudo,2025-02-28,pre_second,DELTA_TS,DELTA_TS,2024:Q4,0.08206756294226958,0.1433322528638573,0.37859246276683495,model_implied_state_space,0.10440000000000005,-0.02233243705773047,True,True,27,-6551.239621459542,-8736.353042009172,-6551.239621459542,0.617495940927256,9.423308487645124e-05,27.0,0,{},14,expanding,40,1965:Q3,,5,0.02
no_revision,pseudo,2024:Q4:pre_second:pseudo,2025-02-28,pre_second,DELTA_TS,DELTA_TS,2024:Q4,0.0,,,not_available,0.10440000000000005,-0.10440000000000005,True,True,0,,,,,,,0,{},14,expanding,40,1965:Q3,,5,0.02
release_dfm,pseudo,2024:Q4:pre_second:pseudo,2025-02-28,pre_second,DELTA_TS,DELTA_TS,2024:Q4,0.05041121976040719,,,not_available,0.10440000000000005,-0.05398878023959286,True,True,0,,,,,,,0,{},14,expanding,40,1965:Q3,,5,0.02
revision_dfm_kalman_em,pseudo,2024:Q4:pre_second:pseudo,2025-02-28,pre_second,DELTA_TS,DELTA_TS,2024:Q4,0.0033431510058918867,0.14083773948715317,0.37528354545217296,model_implied_state_space,0.10440000000000005,-0.10105684899410816,True,True,24,-1935.7724427290557,-3617.8584220602293,-1935.7724427290557,0.1836935829662707,9.483621209720555e-05,24.0,0,{},14,expanding,40,1965:Q3,,5,0.02
standard_dfm,pseudo,2024:Q4:pre_second:pseudo,2025-02-28,pre_second,DELTA_TS,DELTA_TS,2024:Q4,0.06728211452915733,,,not_available,0.10440000000000005,-0.037117885470842715,True,True,0,,,,,,,0,{},14,expanding,40,1965:Q3,,5,0.02
ar,exact,2024:Q4:pre_third:exact,2025-03-26,pre_third,DELTA_MT,DELTA_MT,2024:Q4,0.33614694528956646,,,not_available,-0.5985,0.9346469452895665,True,True,0,,,,,,,0,{},14,expanding,40,1965:Q3,,5,0.02
bridge,exact,2024:Q4:pre_third:exact,2025-03-26,pre_third,DELTA_MT,DELTA_MT,2024:Q4,0.12899766390039558,,,not_available,-0.5985,0.7274976639003956,True,True,0,,,,,,,0,{},14,expanding,40,1965:Q3,,5,0.02
indicator_revision_only_dfm_kalman_em,exact,2024:Q4:pre_third:exact,2025-03-26,pre_third,DELTA_MT,DELTA_MT,2024:Q4,0.0,4.140918128823436,2.034924600279685,model_implied_state_space,-0.5985,0.5985,True,False,50,-3709.7474661424626,-5879.538756190393,-3709.7474661424626,0.43666388663086764,0.00011766160646614008,51.0,0,{},14,expanding,40,1965:Q3,,5,0.02
joint_indicator_revision_dfm_full_kalman_em,exact,2024:Q4:pre_third:exact,2025-03-26,pre_third,DELTA_MT,DELTA_MT,2024:Q4,-0.0002562924381366294,4.141477478143916,2.0350620329965166,model_implied_state_space,-0.5985,0.5982437075618634,True,False,50,-3691.0982723666616,-5894.780658225715,-3691.0982723666616,0.4124478589451428,0.00011169848653003853,51.0,0,{},14,expanding,40,1965:Q3,,5,0.02
midas_umidas,exact,2024:Q4:pre_third:exact,2025-03-26,pre_third,DELTA_MT,DELTA_MT,2024:Q4,5.34583299330774,,,not_available,-0.5985,5.944332993307739,True,True,0,,,,,,,0,{},14,expanding,40,1965:Q3,,5,0.02
monthly_mixed_frequency_kalman_em,exact,2024:Q4:pre_third:exact,2025-03-26,pre_third,DELTA_MT,DELTA_MT,2024:Q4,0.08745216125706845,4.08364702841813,2.0208035600765677,model_implied_state_space,-0.5985,0.6859521612570685,True,True,28,-6571.402203876199,-8790.657522762107,-6571.402203876199,0.606597128516114,9.228606668279416e-05,28.0,0,{},14,expanding,40,1965:Q3,,5,0.02
no_revision,exact,2024:Q4:pre_third:exact,2025-03-26,pre_third,DELTA_MT,DELTA_MT,2024:Q4,0.0,,,not_available,-0.5985,0.5985,True,True,0,,,,,,,0,{},14,expanding,40,1965:Q3,,5,0.02
release_dfm,exact,2024:Q4:pre_third:exact,2025-03-26,pre_third,DELTA_MT,DELTA_MT,2024:Q4,0.3073783372384984,,,not_available,-0.5985,0.9058783372384984,True,True,0,,,,,,,0,{},14,expanding,40,1965:Q3,,5,0.02
revision_dfm_kalman_em,exact,2024:Q4:pre_third:exact,2025-03-26,pre_third,DELTA_MT,DELTA_MT,2024:Q4,0.002204273679883517,4.1221348620447404,2.030304130430892,model_implied_state_space,-0.5985,0.6007042736798835,True,True,30,-1935.0691367411084,-3586.0134418485495,-1935.0691367411084,0.18479621446817873,9.544007184331359e-05,30.0,0,{},14,expanding,40,1965:Q3,,5,0.02
standard_dfm,exact,2024:Q4:pre_third:exact,2025-03-26,pre_third,DELTA_MT,DELTA_MT,2024:Q4,0.3145865928938014,,,not_available,-0.5985,0.9130865928938015,True,True,0,,,,,,,0,{},14,expanding,40,1965:Q3,,5,0.02
ar,pseudo,2024:Q4:pre_third:pseudo,2025-03-31,pre_third,DELTA_MT,DELTA_MT,2024:Q4,0.33614694528956646,,,not_available,-0.5985,0.9346469452895665,True,True,0,,,,,,,0,{},14,expanding,40,1965:Q3,,5,0.02
bridge,pseudo,2024:Q4:pre_third:pseudo,2025-03-31,pre_third,DELTA_MT,DELTA_MT,2024:Q4,0.13459644879060262,,,not_available,-0.5985,0.7330964487906027,True,True,0,,,,,,,0,{},14,expanding,40,1965:Q3,,5,0.02
indicator_revision_only_dfm_kalman_em,pseudo,2024:Q4:pre_third:pseudo,2025-03-31,pre_third,DELTA_MT,DELTA_MT,2024:Q4,0.0,4.14091817399918,2.0349246113797874,model_implied_state_space,-0.5985,0.5985,True,False,50,-3709.7558697140194,-5879.54193785992,-3709.7558697140194,0.4372627651600851,0.00011782269193518945,51.0,0,{},14,expanding,40,1965:Q3,,5,0.02
joint_indicator_revision_dfm_full_kalman_em,pseudo,2024:Q4:pre_third:pseudo,2025-03-31,pre_third,DELTA_MT,DELTA_MT,2024:Q4,-0.0002551378976951568,4.141478337254299,2.035062244073704,model_implied_state_space,-0.5985,0.5982448621023049,True,False,50,-3691.1084353268243,-5894.783833787928,-3691.1084353268243,0.4136980179341663,0.0001120367063472225,51.0,0,{},14,expanding,40,1965:Q3,,5,0.02
midas_umidas,pseudo,2024:Q4:pre_third:pseudo,2025-03-31,pre_third,DELTA_MT,DELTA_MT,2024:Q4,5.355778021747714,,,not_available,-0.5985,5.954278021747713,True,True,0,,,,,,,0,{},14,expanding,40,1965:Q3,,5,0.02
monthly_mixed_frequency_kalman_em,pseudo,2024:Q4:pre_third:pseudo,2025-03-31,pre_third,DELTA_MT,DELTA_MT,2024:Q4,0.08743815449366288,4.083648424357379,2.0208039054686573,model_implied_state_space,-0.5985,0.6859381544936629,True,True,28,-6573.047501630251,-8791.999099907303,-6573.047501630251,0.6077740693281157,9.244196750124595e-05,28.0,0,{},14,expanding,40,1965:Q3,,5,0.02
no_revision,pseudo,2024:Q4:pre_third:pseudo,2025-03-31,pre_third,DELTA_MT,DELTA_MT,2024:Q4,0.0,,,not_available,-0.5985,0.5985,True,True,0,,,,,,,0,{},14,expanding,40,1965:Q3,,5,0.02
release_dfm,pseudo,2024:Q4:pre_third:pseudo,2025-03-31,pre_third,DELTA_MT,DELTA_MT,2024:Q4,0.30375904272645826,,,not_available,-0.5985,0.9022590427264583,True,True,0,,,,,,,0,{},14,expanding,40,1965:Q3,,5,0.02
revision_dfm_kalman_em,pseudo,2024:Q4:pre_third:pseudo,2025-03-31,pre_third,DELTA_MT,DELTA_MT,2024:Q4,0.002212695742673798,4.122134923796918,2.0303041456385094,model_implied_state_space,-0.5985,0.6007126957426738,True,True,30,-1935.05825039069,-3586.0133389572243,-1935.05825039069,0.18475722887478696,9.54204757087434e-05,30.0,0,{},14,expanding,40,1965:Q3,,5,0.02
standard_dfm,pseudo,2024:Q4:pre_third:pseudo,2025-03-31,pre_third,DELTA_MT,DELTA_MT,2024:Q4,0.3146620147523578,,,not_available,-0.5985,0.9131620147523578,True,True,0,,,,,,,0,{},14,expanding,40,1965:Q3,,5,0.02
